                                                                        S      1
,,25HAmphenol RF 31-203-RFX v1,25HAmphenol RF 31-203-RFX v1,7Hunknown,7HG      1
unknown,32,38,7,99,15,,1.,2,2HMM,1,0.08,15H20241223.175939,0.01,10000., G      2
7Hunknown,7Hunknown,11,0,15H20240224.173618;                            G      3
     186       1                                                00000000D      1
     186           -1317       1       0                               0D      2
     186       2                                                00000000D      3
     186           -1317       1       0                               0D      4
     514       3                                                00010000D      5
     514                       2       1                               0D      6
     514       5                                                00010000D      7
     514                       1       1                               0D      8
     514       6                                                00010000D      9
     514                       1       1                               0D     10
     514       7                                                00010000D     11
     514                       9       1                               0D     12
     510      16                                                00010000D     13
     510           -1319       1       1                               0D     14
     510      17                                                00010000D     15
     510           -1319       1       1                               0D     16
     510      18                                                00010000D     17
     510           -1319       1       1                               0D     18
     510      19                                                00010000D     19
     510           -1319       1       1                               0D     20
     510      20                                                00010000D     21
     510           -1319       1       1                               0D     22
     510      21                                                00010000D     23
     510           -1319       1       1                               0D     24
     510      22                                                00010000D     25
     510           -1319       1       1                               0D     26
     510      23                                                00010000D     27
     510           -1319       1       1                               0D     28
     510      24                                                00010000D     29
     510           -1319       1       1                               0D     30
     510      25                                                00010000D     31
     510           -1319       1       1                               0D     32
     510      26                                                00010000D     33
     510           -1319       1       1                               0D     34
     510      27                                                00010000D     35
     510           -1319       1       1                               0D     36
     510      28                                                00010000D     37
     510           -1319       1       1                               0D     38
     510      29                                                00010000D     39
     510           -1317       1       1                               0D     40
     510      30                                                00010000D     41
     510           -1317       1       1                               0D     42
     510      31                                                00010000D     43
     510           -1317       1       1                               0D     44
     510      32                                                00010000D     45
     510           -1317       1       1                               0D     46
     510      33                                                00010000D     47
     510           -1317       1       1                               0D     48
     510      34                                                00010000D     49
     510           -1317       1       1                               0D     50
     510      35                                                00010000D     51
     510           -1317       1       1                               0D     52
     510      36                                                00010000D     53
     510           -1319       1       1                               0D     54
     510      37                                                00010000D     55
     510           -1319       1       1                               0D     56
     510      38                                                00010000D     57
     510           -1319       1       1                               0D     58
     510      39                                                00010000D     59
     510           -1319       1       1                               0D     60
     510      40                                                00010000D     61
     510           -1319       1       1                               0D     62
     510      41                                                00010000D     63
     510           -1319       1       1                               0D     64
     510      42                                                00010000D     65
     510           -1319       1       1                               0D     66
     510      43                                                00010000D     67
     510           -1321       1       1                               0D     68
     510      44                                                00010000D     69
     510           -1321       1       1                               0D     70
     510      45                                                00010000D     71
     510           -1323       1       1                               0D     72
     510      46                                                00010000D     73
     510           -1323       1       1                               0D     74
     510      47                                                00010000D     75
     510           -1323       1       1                               0D     76
     510      48                                                00010000D     77
     510           -1323       1       1                               0D     78
     510      49                                                00010000D     79
     510           -1323       1       1                               0D     80
     510      50                                                00010000D     81
     510           -1321       1       1                               0D     82
     510      51                                                00010000D     83
     510           -1319       1       1                               0D     84
     510      52                                                00010000D     85
     510           -1319       1       1                               0D     86
     510      53                                                00010000D     87
     510           -1319       1       1                               0D     88
     510      54                                                00010000D     89
     510           -1319       1       1                               0D     90
     510      55                                                00010000D     91
     510           -1319       1       1                               0D     92
     510      56                                                00010000D     93
     510           -1319       1       1                               0D     94
     510      57                                                00010000D     95
     510           -1319       1       1                               0D     96
     510      58                                                00010000D     97
     510           -1319       1       1                               0D     98
     510      59                                                00010000D     99
     510           -1319       1       1                               0D    100
     510      60                                                00010000D    101
     510           -1319       1       1                               0D    102
     510      61                                                00010000D    103
     510           -1319       1       1                               0D    104
     510      62                                                00010000D    105
     510           -1319       1       1                               0D    106
     510      63                                                00010000D    107
     510           -1319       1       1                               0D    108
     510      64                                                00010000D    109
     510           -1319       1       1                               0D    110
     510      65                                                00010000D    111
     510           -1319       1       1                               0D    112
     510      66                                                00010000D    113
     510           -1319       1       1                               0D    114
     510      67                                                00010000D    115
     510           -1319       1       1                               0D    116
     510      68                                                00010000D    117
     510           -1319       1       1                               0D    118
     510      69                                                00010000D    119
     510           -1319       1       1                               0D    120
     510      70                                                00010000D    121
     510           -1319       1       1                               0D    122
     510      71                                                00010000D    123
     510           -1319       1       1                               0D    124
     510      72                                                00010000D    125
     510           -1321       1       1                               0D    126
     510      73                                                00010000D    127
     510           -1323       1       1                               0D    128
     510      74                                                00010000D    129
     510           -1323       1       1                               0D    130
     510      75                                                00010000D    131
     510           -1323       1       1                               0D    132
     510      76                                                00010000D    133
     510           -1323       1       1                               0D    134
     510      77                                                00010000D    135
     510           -1323       1       1                               0D    136
     510      78                                                00010000D    137
     510           -1323       1       1                               0D    138
     510      79                                                00010000D    139
     510           -1323       1       1                               0D    140
     510      80                                                00010000D    141
     510           -1323       1       1                               0D    142
     510      81                                                00010000D    143
     510           -1323       1       1                               0D    144
     510      82                                                00010000D    145
     510           -1323       1       1                               0D    146
     510      83                                                00010000D    147
     510           -1323       1       1                               0D    148
     510      84                                                00010000D    149
     510           -1323       1       1                               0D    150
     510      85                                                00010000D    151
     510           -1323       1       1                               0D    152
     510      86                                                00010000D    153
     510           -1323       1       1                               0D    154
     510      87                                                00010000D    155
     510           -1323       1       1                               0D    156
     510      88                                                00010000D    157
     510           -1323       1       1                               0D    158
     510      89                                                00010000D    159
     510           -1323       1       1                               0D    160
     510      90                                                00010000D    161
     510           -1323       1       1                               0D    162
     510      91                                                00010000D    163
     510           -1323       1       1                               0D    164
     510      92                                                00010000D    165
     510           -1323       1       1                               0D    166
     510      93                                                00010000D    167
     510           -1323       1       1                               0D    168
     510      94                                                00010000D    169
     510           -1323       1       1                               0D    170
     510      95                                                00010000D    171
     510           -1323       1       1                               0D    172
     510      96                                                00010000D    173
     510           -1323       1       1                               0D    174
     510      97                                                00010000D    175
     510           -1323       1       1                               0D    176
     510      98                                                00010000D    177
     510           -1323       1       1                               0D    178
     510      99                                                00010000D    179
     510           -1323       1       1                               0D    180
     510     100                                                00010000D    181
     510           -1321       1       1                               0D    182
     510     101                                                00010000D    183
     510           -1323       1       1                               0D    184
     510     102                                                00010000D    185
     510           -1321       1       1                               0D    186
     510     103                                                00010000D    187
     510           -1323       1       1                               0D    188
     510     104                                                00010000D    189
     510           -1321       1       1                               0D    190
     510     105                                                00010000D    191
     510           -1323       1       1                               0D    192
     510     106                                                00010000D    193
     510           -1323       1       1                               0D    194
     510     107                                                00010000D    195
     510           -1321       1       1                               0D    196
     510     108                                                00010000D    197
     510           -1319       1       1                               0D    198
     510     109                                                00010000D    199
     510           -1319       1       1                               0D    200
     510     110                                                00010000D    201
     510           -1319       1       1                               0D    202
     510     111                                                00010000D    203
     510           -1319       1       1                               0D    204
     510     112                                                00010000D    205
     510           -1319       1       1                               0D    206
     510     113                                                00010000D    207
     510           -1319       1       1                               0D    208
     510     114                                                00010000D    209
     510           -1319       1       1                               0D    210
     510     115                                                00010000D    211
     510           -1319       1       1                               0D    212
     510     116                                                00010000D    213
     510           -1319       1       1                               0D    214
     510     117                                                00010000D    215
     510           -1319       1       1                               0D    216
     510     118                                                00010000D    217
     510           -1319       1       1                               0D    218
     510     119                                                00010000D    219
     510           -1319       1       1                               0D    220
     510     120                                                00010000D    221
     510           -1319       1       1                               0D    222
     510     121                                                00010000D    223
     510           -1319       1       1                               0D    224
     510     122                                                00010000D    225
     510           -1319       1       1                               0D    226
     508     123                                                00010000D    227
     508                       2       1                               0D    228
     508     125                                                00010000D    229
     508                       2       1                               0D    230
     508     127                                                00010000D    231
     508                       2       1                               0D    232
     508     129                                                00010000D    233
     508                       2       1                               0D    234
     508     131                                                00010000D    235
     508                       2       1                               0D    236
     508     133                                                00010000D    237
     508                       2       1                               0D    238
     508     135                                                00010000D    239
     508                       2       1                               0D    240
     508     137                                                00010000D    241
     508                       2       1                               0D    242
     508     139                                                00010000D    243
     508                       2       1                               0D    244
     508     141                                                00010000D    245
     508                       1       1                               0D    246
     508     142                                                00010000D    247
     508                       1       1                               0D    248
     508     143                                                00010000D    249
     508                       1       1                               0D    250
     508     144                                                00010000D    251
     508                       1       1                               0D    252
     508     145                                                00010000D    253
     508                       1       1                               0D    254
     508     146                                                00010000D    255
     508                       1       1                               0D    256
     508     147                                                00010000D    257
     508                       1       1                               0D    258
     508     148                                                00010000D    259
     508                       1       1                               0D    260
     508     149                                                00010000D    261
     508                       1       1                               0D    262
     508     150                                                00010000D    263
     508                       1       1                               0D    264
     508     151                                                00010000D    265
     508                       1       1                               0D    266
     508     152                                                00010000D    267
     508                       1       1                               0D    268
     508     153                                                00010000D    269
     508                       1       1                               0D    270
     508     154                                                00010000D    271
     508                       1       1                               0D    272
     508     155                                                00010000D    273
     508                       1       1                               0D    274
     508     156                                                00010000D    275
     508                       1       1                               0D    276
     508     157                                                00010000D    277
     508                       1       1                               0D    278
     508     158                                                00010000D    279
     508                       5       1                               0D    280
     508     163                                                00010000D    281
     508                       3       1                               0D    282
     508     166                                                00010000D    283
     508                       3       1                               0D    284
     508     169                                                00010000D    285
     508                       2       1                               0D    286
     508     171                                                00010000D    287
     508                       2       1                               0D    288
     508     173                                                00010000D    289
     508                       2       1                               0D    290
     508     175                                                00010000D    291
     508                       2       1                               0D    292
     508     177                                                00010000D    293
     508                       2       1                               0D    294
     508     179                                                00010000D    295
     508                       1       1                               0D    296
     508     180                                                00010000D    297
     508                       5       1                               0D    298
     508     185                                                00010000D    299
     508                       1       1                               0D    300
     508     186                                                00010000D    301
     508                       2       1                               0D    302
     508     188                                                00010000D    303
     508                       2       1                               0D    304
     508     190                                                00010000D    305
     508                       2       1                               0D    306
     508     192                                                00010000D    307
     508                       2       1                               0D    308
     508     194                                                00010000D    309
     508                       2       1                               0D    310
     508     196                                                00010000D    311
     508                       2       1                               0D    312
     508     198                                                00010000D    313
     508                       2       1                               0D    314
     508     200                                                00010000D    315
     508                       2       1                               0D    316
     508     202                                                00010000D    317
     508                       2       1                               0D    318
     508     204                                                00010000D    319
     508                       2       1                               0D    320
     508     206                                                00010000D    321
     508                       2       1                               0D    322
     508     208                                                00010000D    323
     508                       4       1                               0D    324
     508     212                                                00010000D    325
     508                       4       1                               0D    326
     508     216                                                00010000D    327
     508                       1       1                               0D    328
     508     217                                                00010000D    329
     508                       1       1                               0D    330
     508     218                                                00010000D    331
     508                       1       1                               0D    332
     508     219                                                00010000D    333
     508                       1       1                               0D    334
     508     220                                                00010000D    335
     508                       2       1                               0D    336
     508     222                                                00010000D    337
     508                       1       1                               0D    338
     508     223                                                00010000D    339
     508                       1       1                               0D    340
     508     224                                                00010000D    341
     508                       1       1                               0D    342
     508     225                                                00010000D    343
     508                       1       1                               0D    344
     508     226                                                00010000D    345
     508                       1       1                               0D    346
     508     227                                                00010000D    347
     508                       2       1                               0D    348
     508     229                                                00010000D    349
     508                       2       1                               0D    350
     508     231                                                00010000D    351
     508                       2       1                               0D    352
     508     233                                                00010000D    353
     508                       2       1                               0D    354
     508     235                                                00010000D    355
     508                       2       1                               0D    356
     508     237                                                00010000D    357
     508                       2       1                               0D    358
     508     239                                                00010000D    359
     508                       2       1                               0D    360
     508     241                                                00010000D    361
     508                       2       1                               0D    362
     508     243                                                00010000D    363
     508                       2       1                               0D    364
     508     245                                                00010000D    365
     508                       1       1                               0D    366
     508     246                                                00010000D    367
     508                       1       1                               0D    368
     508     247                                                00010000D    369
     508                       1       1                               0D    370
     508     248                                                00010000D    371
     508                       1       1                               0D    372
     508     249                                                00010000D    373
     508                       1       1                               0D    374
     508     250                                                00010000D    375
     508                       1       1                               0D    376
     508     251                                                00010000D    377
     508                       1       1                               0D    378
     508     252                                                00010000D    379
     508                       2       1                               0D    380
     508     254                                                00010000D    381
     508                       2       1                               0D    382
     508     256                                                00010000D    383
     508                       2       1                               0D    384
     508     258                                                00010000D    385
     508                       2       1                               0D    386
     508     260                                                00010000D    387
     508                       2       1                               0D    388
     508     262                                                00010000D    389
     508                       2       1                               0D    390
     508     264                                                00010000D    391
     508                       2       1                               0D    392
     508     266                                                00010000D    393
     508                       2       1                               0D    394
     508     268                                                00010000D    395
     508                       2       1                               0D    396
     508     270                                                00010000D    397
     508                       2       1                               0D    398
     508     272                                                00010000D    399
     508                       2       1                               0D    400
     508     274                                                00010000D    401
     508                       2       1                               0D    402
     508     276                                                00010000D    403
     508                       2       1                               0D    404
     508     278                                                00010000D    405
     508                       2       1                               0D    406
     508     280                                                00010000D    407
     508                       2       1                               0D    408
     508     282                                                00010000D    409
     508                       2       1                               0D    410
     508     284                                                00010000D    411
     508                       2       1                               0D    412
     508     286                                                00010000D    413
     508                       2       1                               0D    414
     508     288                                                00010000D    415
     508                       2       1                               0D    416
     508     290                                                00010000D    417
     508                       2       1                               0D    418
     508     292                                                00010000D    419
     508                       2       1                               0D    420
     508     294                                                00010000D    421
     508                       2       1                               0D    422
     508     296                                                00010000D    423
     508                       2       1                               0D    424
     508     298                                                00010000D    425
     508                       1       1                               0D    426
     508     299                                                00010000D    427
     508                       2       1                               0D    428
     508     301                                                00010000D    429
     508                       2       1                               0D    430
     508     303                                                00010000D    431
     508                       2       1                               0D    432
     508     305                                                00010000D    433
     508                       2       1                               0D    434
     508     307                                                00010000D    435
     508                       2       1                               0D    436
     508     309                                                00010000D    437
     508                       2       1                               0D    438
     508     311                                                00010000D    439
     508                       2       1                               0D    440
     508     313                                                00010000D    441
     508                       2       1                               0D    442
     508     315                                                00010000D    443
     508                       2       1                               0D    444
     508     317                                                00010000D    445
     508                       2       1                               0D    446
     508     319                                                00010000D    447
     508                       1       1                               0D    448
     508     320                                                00010000D    449
     508                       2       1                               0D    450
     508     322                                                00010000D    451
     508                       1       1                               0D    452
     508     323                                                00010000D    453
     508                       1       1                               0D    454
     508     324                                                00010000D    455
     508                       1       1                               0D    456
     508     325                                                00010000D    457
     508                       1       1                               0D    458
     508     326                                                00010000D    459
     508                       1       1                               0D    460
     508     327                                                00010000D    461
     508                       1       1                               0D    462
     508     328                                                00010000D    463
     508                       2       1                               0D    464
     508     330                                                00010000D    465
     508                       1       1                               0D    466
     508     331                                                00010000D    467
     508                       1       1                               0D    468
     508     332                                                00010000D    469
     508                       2       1                               0D    470
     508     334                                                00010000D    471
     508                       1       1                               0D    472
     508     335                                                00010000D    473
     508                       2       1                               0D    474
     508     337                                                00010000D    475
     508                       2       1                               0D    476
     508     339                                                00010000D    477
     508                       1       1                               0D    478
     508     340                                                00010000D    479
     508                       1       1                               0D    480
     508     341                                                00010000D    481
     508                       2       1                               0D    482
     508     343                                                00010000D    483
     508                       1       1                               0D    484
     508     344                                                00010000D    485
     508                       2       1                               0D    486
     126     346                                                00010000D    487
     126       0               9       0                               0D    488
     126     355                                                00010000D    489
     126       0               8       0                               0D    490
     126     363                                                00010000D    491
     126       0               3       0                               0D    492
     126     366                                                00010000D    493
     126       0               6       0                               0D    494
     126     372                                                00010000D    495
     126       0               7       0                               0D    496
     126     379                                                00010000D    497
     126       0               8       0                               0D    498
     126     387                                                00010000D    499
     126       0               6       0                               0D    500
     126     393                                                00010000D    501
     126       0               3       0                               0D    502
     126     396                                                00010000D    503
     126       0               6       0                               0D    504
     126     402                                                00010000D    505
     126       0               8       0                               0D    506
     126     410                                                00010000D    507
     126       0               3       0                               0D    508
     126     413                                                00010000D    509
     126       0               6       0                               0D    510
     126     419                                                00010000D    511
     126       0               8       0                               0D    512
     126     427                                                00010000D    513
     126       0               6       0                               0D    514
     126     433                                                00010000D    515
     126       0               3       0                               0D    516
     126     436                                                00010000D    517
     126       0               6       0                               0D    518
     126     442                                                00010000D    519
     126       0               5       0                               0D    520
     126     447                                                00010000D    521
     126       0               5       0                               0D    522
     126     452                                                00010000D    523
     126       0               3       0                               0D    524
     126     455                                                00010000D    525
     126       0               8       0                               0D    526
     126     463                                                00010000D    527
     126       0               5       0                               0D    528
     126     468                                                00010000D    529
     126       0               3       0                               0D    530
     126     471                                                00010000D    531
     126       0               8       0                               0D    532
     126     479                                                00010000D    533
     126       0               5       0                               0D    534
     126     484                                                00010000D    535
     126       0               3       0                               0D    536
     126     487                                                00010000D    537
     126       0               8       0                               0D    538
     126     495                                                00010000D    539
     126       0               6       0                               0D    540
     126     501                                                00010000D    541
     126       0               6       0                               0D    542
     126     507                                                00010000D    543
     126       0               8       0                               0D    544
     126     515                                                00010000D    545
     126       0               3       0                               0D    546
     126     518                                                00010000D    547
     126       0               8       0                               0D    548
     126     526                                                00010000D    549
     126       0               7       0                               0D    550
     126     533                                                00010000D    551
     126       0               4       0                               0D    552
     126     537                                                00010000D    553
     126       0              10       0                               0D    554
     126     547                                                00010000D    555
     126       0               8       0                               0D    556
     126     555                                                00010000D    557
     126       0              10       0                               0D    558
     126     565                                                00010000D    559
     126       0               3       0                               0D    560
     126     568                                                00010000D    561
     126       0              11       0                               0D    562
     126     579                                                00010000D    563
     126       0              11       0                               0D    564
     126     590                                                00010000D    565
     126       0               2       0                               0D    566
     126     592                                                00010000D    567
     126       0              10       0                               0D    568
     126     602                                                00010000D    569
     126       0               3       0                               0D    570
     126     605                                                00010000D    571
     126       0              14       0                               0D    572
     126     619                                                00010000D    573
     126       0               4       0                               0D    574
     126     623                                                00010000D    575
     126       0              12       0                               0D    576
     126     635                                                00010000D    577
     126       0               3       0                               0D    578
     126     638                                                00010000D    579
     126       0              14       0                               0D    580
     126     652                                                00010000D    581
     126       0              11       0                               0D    582
     126     663                                                00010000D    583
     126       0               9       0                               0D    584
     126     672                                                00010000D    585
     126       0               8       0                               0D    586
     126     680                                                00010000D    587
     126       0               9       0                               0D    588
     126     689                                                00010000D    589
     126       0              11       0                               0D    590
     126     700                                                00010000D    591
     126       0              12       0                               0D    592
     126     712                                                00010000D    593
     126       0               9       0                               0D    594
     126     721                                                00010000D    595
     126       0               8       0                               0D    596
     126     729                                                00010000D    597
     126       0               9       0                               0D    598
     126     738                                                00010000D    599
     126       0              11       0                               0D    600
     126     749                                                00010000D    601
     126       0               7       0                               0D    602
     126     756                                                00010000D    603
     126       0              11       0                               0D    604
     126     767                                                00010000D    605
     126       0               9       0                               0D    606
     126     776                                                00010000D    607
     126       0               8       0                               0D    608
     126     784                                                00010000D    609
     126       0               9       0                               0D    610
     126     793                                                00010000D    611
     126       0              12       0                               0D    612
     126     805                                                00010000D    613
     126       0              11       0                               0D    614
     126     816                                                00010000D    615
     126       0               9       0                               0D    616
     126     825                                                00010000D    617
     126       0               7       0                               0D    618
     126     832                                                00010000D    619
     126       0               9       0                               0D    620
     126     841                                                00010000D    621
     126       0              11       0                               0D    622
     126     852                                                00010000D    623
     126       0               5       0                               0D    624
     126     857                                                00010000D    625
     126       0               3       0                               0D    626
     126     860                                                00010000D    627
     126       0               5       0                               0D    628
     126     865                                                00010000D    629
     126       0               8       0                               0D    630
     126     873                                                00010000D    631
     126       0               6       0                               0D    632
     126     879                                                00010000D    633
     126       0               8       0                               0D    634
     126     887                                                00010000D    635
     126       0               5       0                               0D    636
     126     892                                                00010000D    637
     126       0               5       0                               0D    638
     126     897                                                00010000D    639
     126       0               5       0                               0D    640
     126     902                                                00010000D    641
     126       0               6       0                               0D    642
     126     908                                                00010000D    643
     126       0               3       0                               0D    644
     126     911                                                00010000D    645
     126       0               5       0                               0D    646
     126     916                                                00010000D    647
     126       0               8       0                               0D    648
     126     924                                                00010000D    649
     126       0               6       0                               0D    650
     126     930                                                00010000D    651
     126       0               8       0                               0D    652
     126     938                                                00010000D    653
     126       0               5       0                               0D    654
     126     943                                                00010000D    655
     126       0               8       0                               0D    656
     126     951                                                00010000D    657
     126       0               8       0                               0D    658
     126     959                                                00010000D    659
     126       0               3       0                               0D    660
     126     962                                                00010000D    661
     126       0               6       0                               0D    662
     126     968                                                00010000D    663
     126       0               8       0                               0D    664
     126     976                                                00010000D    665
     126       0               3       0                               0D    666
     126     979                                                00010000D    667
     126       0               6       0                               0D    668
     126     985                                                00010000D    669
     126       0               5       0                               0D    670
     126     990                                                00010000D    671
     126       0               8       0                               0D    672
     126     998                                                00010000D    673
     126       0               6       0                               0D    674
     126    1004                                                00010000D    675
     126       0               3       0                               0D    676
     126    1007                                                00010000D    677
     126       0               6       0                               0D    678
     126    1013                                                00010000D    679
     126       0               8       0                               0D    680
     126    1021                                                00010000D    681
     126       0               8       0                               0D    682
     126    1029                                                00010000D    683
     126       0               6       0                               0D    684
     126    1035                                                00010000D    685
     126       0               3       0                               0D    686
     126    1038                                                00010000D    687
     126       0               5       0                               0D    688
     126    1043                                                00010000D    689
     126       0               8       0                               0D    690
     126    1051                                                00010000D    691
     126       0               3       0                               0D    692
     126    1054                                                00010000D    693
     126       0               7       0                               0D    694
     126    1061                                                00010000D    695
     126       0               5       0                               0D    696
     126    1066                                                00010000D    697
     126       0               6       0                               0D    698
     126    1072                                                00010000D    699
     126       0               3       0                               0D    700
     126    1075                                                00010000D    701
     126       0               6       0                               0D    702
     126    1081                                                00010000D    703
     126       0               3       0                               0D    704
     126    1084                                                00010000D    705
     126       0               8       0                               0D    706
     126    1092                                                00010000D    707
     126       0               6       0                               0D    708
     126    1098                                                00010000D    709
     126       0               3       0                               0D    710
     126    1101                                                00010000D    711
     126       0               6       0                               0D    712
     126    1107                                                00010000D    713
     126       0               3       0                               0D    714
     126    1110                                                00010000D    715
     126       0               6       0                               0D    716
     126    1116                                                00010000D    717
     126       0               3       0                               0D    718
     126    1119                                                00010000D    719
     126       0               6       0                               0D    720
     126    1125                                                00010000D    721
     126       0               3       0                               0D    722
     126    1128                                                00010000D    723
     126       0               6       0                               0D    724
     126    1134                                                00010000D    725
     126       0               4       0                               0D    726
     126    1138                                                00010000D    727
     126       0               6       0                               0D    728
     126    1144                                                00010000D    729
     126       0               3       0                               0D    730
     126    1147                                                00010000D    731
     126       0               6       0                               0D    732
     126    1153                                                00010000D    733
     126       0               4       0                               0D    734
     126    1157                                                00010000D    735
     126       0               6       0                               0D    736
     126    1163                                                00010000D    737
     126       0               3       0                               0D    738
     126    1166                                                00010000D    739
     126       0               6       0                               0D    740
     126    1172                                                00010000D    741
     126       0               3       0                               0D    742
     126    1175                                                00010000D    743
     126       0               6       0                               0D    744
     126    1181                                                00010000D    745
     126       0               5       0                               0D    746
     126    1186                                                00010000D    747
     126       0               6       0                               0D    748
     126    1192                                                00010000D    749
     126       0               8       0                               0D    750
     126    1200                                                00010000D    751
     126       0               3       0                               0D    752
     126    1203                                                00010000D    753
     126       0              21       0                               0D    754
     126    1224                                                00010000D    755
     126       0              11       0                               0D    756
     126    1235                                                00010000D    757
     126       0              24       0                               0D    758
     126    1259                                                00010000D    759
     126       0               4       0                               0D    760
     126    1263                                                00010000D    761
     126       0               9       0                               0D    762
     126    1272                                                00010000D    763
     126       0               7       0                               0D    764
     126    1279                                                00010000D    765
     126       0               8       0                               0D    766
     126    1287                                                00010000D    767
     126       0              24       0                               0D    768
     126    1311                                                00010000D    769
     126       0               4       0                               0D    770
     126    1315                                                00010000D    771
     126       0              20       0                               0D    772
     126    1335                                                00010000D    773
     126       0               6       0                               0D    774
     126    1341                                                00010000D    775
     126       0               8       0                               0D    776
     126    1349                                                00010000D    777
     126       0               3       0                               0D    778
     126    1352                                                00010000D    779
     126       0               8       0                               0D    780
     126    1360                                                00010000D    781
     126       0               6       0                               0D    782
     126    1366                                                00010000D    783
     126       0               6       0                               0D    784
     126    1372                                                00010000D    785
     126       0               5       0                               0D    786
     126    1377                                                00010000D    787
     126       0               2       0                               0D    788
     126    1379                                                00010000D    789
     126       0               5       0                               0D    790
     126    1384                                                00010000D    791
     126       0               6       0                               0D    792
     126    1390                                                00010000D    793
     126       0               6       0                               0D    794
     126    1396                                                00010000D    795
     126       0               5       0                               0D    796
     126    1401                                                00010000D    797
     126       0               2       0                               0D    798
     126    1403                                                00010000D    799
     126       0               5       0                               0D    800
     126    1408                                                00010000D    801
     126       0               6       0                               0D    802
     126    1414                                                00010000D    803
     126       0               8       0                               0D    804
     126    1422                                                00010000D    805
     126       0               6       0                               0D    806
     126    1428                                                00010000D    807
     126       0               2       0                               0D    808
     126    1430                                                00010000D    809
     126       0               6       0                               0D    810
     126    1436                                                00010000D    811
     126       0               8       0                               0D    812
     126    1444                                                00010000D    813
     126       0               8       0                               0D    814
     126    1452                                                00010000D    815
     126       0               6       0                               0D    816
     126    1458                                                00010000D    817
     126       0               2       0                               0D    818
     126    1460                                                00010000D    819
     126       0               6       0                               0D    820
     126    1466                                                00010000D    821
     126       0               8       0                               0D    822
     126    1474                                                00010000D    823
     126       0               6       0                               0D    824
     126    1480                                                00010000D    825
     126       0               8       0                               0D    826
     126    1488                                                00010000D    827
     126       0               3       0                               0D    828
     126    1491                                                00010000D    829
     126       0               8       0                               0D    830
     126    1499                                                00010000D    831
     126       0               7       0                               0D    832
     126    1506                                                00010000D    833
     126       0               4       0                               0D    834
     126    1510                                                00010000D    835
     126       0               8       0                               0D    836
     126    1518                                                00010000D    837
     126       0               7       0                               0D    838
     126    1525                                                00010000D    839
     126       0               6       0                               0D    840
     126    1531                                                00010000D    841
     126       0               8       0                               0D    842
     126    1539                                                00010000D    843
     126       0               3       0                               0D    844
     126    1542                                                00010000D    845
     126       0               7       0                               0D    846
     126    1549                                                00010000D    847
     126       0               7       0                               0D    848
     126    1556                                                00010000D    849
     126       0               5       0                               0D    850
     126    1561                                                00010000D    851
     126       0               7       0                               0D    852
     126    1568                                                00010000D    853
     126       0               3       0                               0D    854
     126    1571                                                00010000D    855
     126       0              13       0                               0D    856
     126    1584                                                00010000D    857
     126       0               3       0                               0D    858
     126    1587                                                00010000D    859
     126       0               4       0                               0D    860
     126    1591                                                00010000D    861
     126       0              21       0                               0D    862
     126    1612                                                00010000D    863
     126       0               3       0                               0D    864
     126    1615                                                00010000D    865
     126       0               4       0                               0D    866
     126    1619                                                00010000D    867
     126       0              12       0                               0D    868
     126    1631                                                00010000D    869
     126       0              21       0                               0D    870
     126    1652                                                00010000D    871
     126       0               4       0                               0D    872
     126    1656                                                00010000D    873
     126       0               4       0                               0D    874
     126    1660                                                00010000D    875
     126       0              13       0                               0D    876
     126    1673                                                00010000D    877
     126       0               4       0                               0D    878
     126    1677                                                00010000D    879
     126       0               8       0                               0D    880
     126    1685                                                00010000D    881
     126       0               6       0                               0D    882
     126    1691                                                00010000D    883
     126       0              12       0                               0D    884
     126    1703                                                00010000D    885
     126       0               5       0                               0D    886
     126    1708                                                00010000D    887
     126       0               4       0                               0D    888
     126    1712                                                00010000D    889
     126       0               2       0                               0D    890
     126    1714                                                00010000D    891
     126       0               4       0                               0D    892
     126    1718                                                00010000D    893
     126       0               3       0                               0D    894
     126    1721                                                00010000D    895
     126       0               5       0                               0D    896
     126    1726                                                00010000D    897
     126       0               2       0                               0D    898
     126    1728                                                00010000D    899
     126       0               4       0                               0D    900
     126    1732                                                00010000D    901
     126       0               3       0                               0D    902
     126    1735                                                00010000D    903
     126       0               3       0                               0D    904
     126    1738                                                00010000D    905
     126       0               2       0                               0D    906
     126    1740                                                00010000D    907
     126       0               2       0                               0D    908
     126    1742                                                00010000D    909
     126       0               2       0                               0D    910
     126    1744                                                00010000D    911
     126       0               2       0                               0D    912
     126    1746                                                00010000D    913
     126       0               3       0                               0D    914
     126    1749                                                00010000D    915
     126       0               2       0                               0D    916
     126    1751                                                00010000D    917
     126       0               3       0                               0D    918
     126    1754                                                00010000D    919
     126       0               2       0                               0D    920
     126    1756                                                00010000D    921
     126       0               4       0                               0D    922
     126    1760                                                00010000D    923
     126       0               2       0                               0D    924
     126    1762                                                00010000D    925
     126       0               2       0                               0D    926
     126    1764                                                00010000D    927
     126       0               2       0                               0D    928
     126    1766                                                00010000D    929
     126       0               5       0                               0D    930
     126    1771                                                00010000D    931
     126       0               2       0                               0D    932
     126    1773                                                00010000D    933
     126       0               3       0                               0D    934
     126    1776                                                00010000D    935
     126       0               4       0                               0D    936
     126    1780                                                00010000D    937
     126       0               4       0                               0D    938
     126    1784                                                00010000D    939
     126       0               9       0                               0D    940
     126    1793                                                00010000D    941
     126       0               5       0                               0D    942
     126    1798                                                00010000D    943
     126       0              46       0                               0D    944
     126    1844                                                00010000D    945
     126       0              45       0                               0D    946
     126    1889                                                00010000D    947
     126       0               5       0                               0D    948
     126    1894                                                00010000D    949
     126       0               8       0                               0D    950
     126    1902                                                00010000D    951
     126       0               9       0                               0D    952
     126    1911                                                00010000D    953
     126       0               5       0                               0D    954
     126    1916                                                00010000D    955
     126       0               6       0                               0D    956
     126    1922                                                00010000D    957
     126       0               4       0                               0D    958
     126    1926                                                00010000D    959
     126       0               6       0                               0D    960
     126    1932                                                00010000D    961
     126       0               9       0                               0D    962
     126    1941                                                00010000D    963
     126       0               9       0                               0D    964
     126    1950                                                00010000D    965
     126       0               4       0                               0D    966
     126    1954                                                00010000D    967
     126       0               6       0                               0D    968
     126    1960                                                00010000D    969
     126       0               5       0                               0D    970
     126    1965                                                00010000D    971
     126       0               9       0                               0D    972
     126    1974                                                00010000D    973
     126       0               6       0                               0D    974
     126    1980                                                00010000D    975
     126       0               9       0                               0D    976
     126    1989                                                00010000D    977
     126       0               5       0                               0D    978
     126    1994                                                00010000D    979
     126       0               6       0                               0D    980
     126    2000                                                00010000D    981
     126       0               5       0                               0D    982
     126    2005                                                00010000D    983
     126       0               9       0                               0D    984
     126    2014                                                00010000D    985
     126       0               8       0                               0D    986
     126    2022                                                00010000D    987
     126       0               6       0                               0D    988
     126    2028                                                00010000D    989
     126       0               4       0                               0D    990
     126    2032                                                00010000D    991
     126       0               6       0                               0D    992
     126    2038                                                00010000D    993
     126       0               5       0                               0D    994
     126    2043                                                00010000D    995
     126       0               5       0                               0D    996
     126    2048                                                00010000D    997
     126       0               6       0                               0D    998
     126    2054                                                00010000D    999
     126       0               5       0                               0D   1000
     126    2059                                                00010000D   1001
     126       0               3       0                               0D   1002
     126    2062                                                00010000D   1003
     126       0               6       0                               0D   1004
     126    2068                                                00010000D   1005
     126       0               4       0                               0D   1006
     126    2072                                                00010000D   1007
     126       0               6       0                               0D   1008
     126    2078                                                00010000D   1009
     126       0               6       0                               0D   1010
     126    2084                                                00010000D   1011
     126       0               3       0                               0D   1012
     126    2087                                                00010000D   1013
     126       0               3       0                               0D   1014
     126    2090                                                00010000D   1015
     126       0               4       0                               0D   1016
     126    2094                                                00010000D   1017
     126       0               6       0                               0D   1018
     126    2100                                                00010000D   1019
     126       0               4       0                               0D   1020
     126    2104                                                00010000D   1021
     126       0               3       0                               0D   1022
     126    2107                                                00010000D   1023
     126       0               6       0                               0D   1024
     126    2113                                                00010000D   1025
     126       0               3       0                               0D   1026
     126    2116                                                00010000D   1027
     126       0               6       0                               0D   1028
     126    2122                                                00010000D   1029
     126       0               6       0                               0D   1030
     126    2128                                                00010000D   1031
     126       0               3       0                               0D   1032
     126    2131                                                00010000D   1033
     126       0               3       0                               0D   1034
     126    2134                                                00010000D   1035
     126       0               5       0                               0D   1036
     126    2139                                                00010000D   1037
     126       0               6       0                               0D   1038
     126    2145                                                00010000D   1039
     126       0               5       0                               0D   1040
     126    2150                                                00010000D   1041
     126       0               3       0                               0D   1042
     126    2153                                                00010000D   1043
     126       0               6       0                               0D   1044
     126    2159                                                00010000D   1045
     126       0               4       0                               0D   1046
     126    2163                                                00010000D   1047
     126       0               6       0                               0D   1048
     126    2169                                                00010000D   1049
     126       0               6       0                               0D   1050
     126    2175                                                00010000D   1051
     126       0               3       0                               0D   1052
     126    2178                                                00010000D   1053
     126       0               5       0                               0D   1054
     126    2183                                                00010000D   1055
     126       0               4       0                               0D   1056
     126    2187                                                00010000D   1057
     126       0               3       0                               0D   1058
     126    2190                                                00010000D   1059
     126       0               6       0                               0D   1060
     126    2196                                                00010000D   1061
     126       0               6       0                               0D   1062
     126    2202                                                00010000D   1063
     126       0               6       0                               0D   1064
     126    2208                                                00010000D   1065
     126       0               3       0                               0D   1066
     126    2211                                                00010000D   1067
     126       0               3       0                               0D   1068
     126    2214                                                00010000D   1069
     126       0               6       0                               0D   1070
     126    2220                                                00010000D   1071
     126       0               6       0                               0D   1072
     126    2226                                                00010000D   1073
     126       0               6       0                               0D   1074
     126    2232                                                00010000D   1075
     126       0               6       0                               0D   1076
     126    2238                                                00010000D   1077
     126       0               6       0                               0D   1078
     126    2244                                                00010000D   1079
     126       0               6       0                               0D   1080
     126    2250                                                00010000D   1081
     126       0               6       0                               0D   1082
     126    2256                                                00010000D   1083
     126       0               8       0                               0D   1084
     126    2264                                                00010000D   1085
     126       0               8       0                               0D   1086
     126    2272                                                00010000D   1087
     126       0               8       0                               0D   1088
     126    2280                                                00010000D   1089
     126       0               8       0                               0D   1090
     128    2288                                                00010000D   1091
     128       0   -1319      14       0                               0D   1092
     128    2302                                                00010000D   1093
     128       0   -1319      16       0                               0D   1094
     128    2318                                                00010000D   1095
     128       0   -1319      16       0                               0D   1096
     128    2334                                                00010000D   1097
     128       0   -1319      16       0                               0D   1098
     128    2350                                                00010000D   1099
     128       0   -1319      14       0                               0D   1100
     128    2364                                                00010000D   1101
     128       0   -1319      15       0                               0D   1102
     128    2379                                                00010000D   1103
     128       0   -1319      15       0                               0D   1104
     128    2394                                                00010000D   1105
     128       0   -1319      19       0                               0D   1106
     128    2413                                                00010000D   1107
     128       0   -1319      21       0                               0D   1108
     128    2434                                                00010000D   1109
     128       0   -1319       5       0                               0D   1110
     128    2439                                                00010000D   1111
     128       0   -1319       4       0                               0D   1112
     128    2443                                                00010000D   1113
     128       0   -1319       4       0                               0D   1114
     128    2447                                                00010000D   1115
     128       0   -1319       9       0                               0D   1116
     128    2456                                                00010000D   1117
     128       0   -1317      15       0                               0D   1118
     128    2471                                                00010000D   1119
     128       0   -1317      14       0                               0D   1120
     128    2485                                                00010000D   1121
     128       0   -1317      15       0                               0D   1122
     128    2500                                                00010000D   1123
     128       0   -1317       5       0                               0D   1124
     128    2505                                                00010000D   1125
     128       0   -1317      17       0                               0D   1126
     128    2522                                                00010000D   1127
     128       0   -1317      21       0                               0D   1128
     128    2543                                                00010000D   1129
     128       0   -1317       6       0                               0D   1130
     128    2549                                                00010000D   1131
     128       0   -1319      25       0                               0D   1132
     128    2574                                                00010000D   1133
     128       0   -1319      14       0                               0D   1134
     128    2588                                                00010000D   1135
     128       0   -1319      14       0                               0D   1136
     128    2602                                                00010000D   1137
     128       0   -1319      15       0                               0D   1138
     128    2617                                                00010000D   1139
     128       0   -1319      16       0                               0D   1140
     128    2633                                                00010000D   1141
     128       0   -1319      16       0                               0D   1142
     128    2649                                                00010000D   1143
     128       0   -1319      16       0                               0D   1144
     128    2665                                                00010000D   1145
     128       0   -1321      15       0                               0D   1146
     128    2680                                                00010000D   1147
     128       0   -1321       9       0                               0D   1148
     128    2689                                                00010000D   1149
     128       0   -1323      20       0                               0D   1150
     128    2709                                                00010000D   1151
     128       0   -1323      24       0                               0D   1152
     128    2733                                                00010000D   1153
     128       0   -1323      17       0                               0D   1154
     128    2750                                                00010000D   1155
     128       0   -1323      23       0                               0D   1156
     128    2773                                                00010000D   1157
     128       0   -1323      21       0                               0D   1158
     128    2794                                                00010000D   1159
     128       0   -1321      16       0                               0D   1160
     128    2810                                                00010000D   1161
     128       0   -1319      12       0                               0D   1162
     128    2822                                                00010000D   1163
     128       0   -1319      12       0                               0D   1164
     128    2834                                                00010000D   1165
     128       0   -1319      16       0                               0D   1166
     128    2850                                                00010000D   1167
     128       0   -1319      17       0                               0D   1168
     128    2867                                                00010000D   1169
     128       0   -1319      17       0                               0D   1170
     128    2884                                                00010000D   1171
     128       0   -1319      23       0                               0D   1172
     128    2907                                                00010000D   1173
     128       0   -1319      17       0                               0D   1174
     128    2924                                                00010000D   1175
     128       0   -1319      14       0                               0D   1176
     128    2938                                                00010000D   1177
     128       0   -1319      15       0                               0D   1178
     128    2953                                                00010000D   1179
     128       0   -1319       3       0                               0D   1180
     128    2956                                                00010000D   1181
     128       0   -1319       7       0                               0D   1182
     128    2963                                                00010000D   1183
     128       0   -1319       3       0                               0D   1184
     128    2966                                                00010000D   1185
     128       0   -1319       3       0                               0D   1186
     128    2969                                                00010000D   1187
     128       0   -1319       5       0                               0D   1188
     128    2974                                                00010000D   1189
     128       0   -1319       5       0                               0D   1190
     128    2979                                                00010000D   1191
     128       0   -1319       6       0                               0D   1192
     128    2985                                                00010000D   1193
     128       0   -1319       4       0                               0D   1194
     128    2989                                                00010000D   1195
     128       0   -1319       8       0                               0D   1196
     128    2997                                                00010000D   1197
     128       0   -1319       4       0                               0D   1198
     128    3001                                                00010000D   1199
     128       0   -1319       6       0                               0D   1200
     128    3007                                                00010000D   1201
     128       0   -1319       3       0                               0D   1202
     128    3010                                                00010000D   1203
     128       0   -1321       5       0                               0D   1204
     128    3015                                                00010000D   1205
     128       0   -1323       8       0                               0D   1206
     128    3023                                                00010000D   1207
     128       0   -1323      28       0                               0D   1208
     128    3051                                                00010000D   1209
     128       0   -1323      17       0                               0D   1210
     128    3068                                                00010000D   1211
     128       0   -1323      10       0                               0D   1212
     128    3078                                                00010000D   1213
     128       0   -1323       8       0                               0D   1214
     128    3086                                                00010000D   1215
     128       0   -1323      11       0                               0D   1216
     128    3097                                                00010000D   1217
     128       0   -1323       8       0                               0D   1218
     128    3105                                                00010000D   1219
     128       0   -1323      11       0                               0D   1220
     128    3116                                                00010000D   1221
     128       0   -1323       8       0                               0D   1222
     128    3124                                                00010000D   1223
     128       0   -1323      10       0                               0D   1224
     128    3134                                                00010000D   1225
     128       0   -1323       8       0                               0D   1226
     128    3142                                                00010000D   1227
     128       0   -1323       8       0                               0D   1228
     128    3150                                                00010000D   1229
     128       0   -1323       7       0                               0D   1230
     128    3157                                                00010000D   1231
     128       0   -1323      13       0                               0D   1232
     128    3170                                                00010000D   1233
     128       0   -1323       6       0                               0D   1234
     128    3176                                                00010000D   1235
     128       0   -1323       6       0                               0D   1236
     128    3182                                                00010000D   1237
     128       0   -1323       7       0                               0D   1238
     128    3189                                                00010000D   1239
     128       0   -1323      14       0                               0D   1240
     128    3203                                                00010000D   1241
     128       0   -1323       7       0                               0D   1242
     128    3210                                                00010000D   1243
     128       0   -1323       8       0                               0D   1244
     128    3218                                                00010000D   1245
     128       0   -1323       7       0                               0D   1246
     128    3225                                                00010000D   1247
     128       0   -1323      14       0                               0D   1248
     128    3239                                                00010000D   1249
     128       0   -1323       8       0                               0D   1250
     128    3247                                                00010000D   1251
     128       0   -1323       6       0                               0D   1252
     128    3253                                                00010000D   1253
     128       0   -1323       6       0                               0D   1254
     128    3259                                                00010000D   1255
     128       0   -1323      14       0                               0D   1256
     128    3273                                                00010000D   1257
     128       0   -1323       7       0                               0D   1258
     128    3280                                                00010000D   1259
     128       0   -1321      10       0                               0D   1260
     128    3290                                                00010000D   1261
     128       0   -1323      10       0                               0D   1262
     128    3300                                                00010000D   1263
     128       0   -1321       9       0                               0D   1264
     128    3309                                                00010000D   1265
     128       0   -1323      10       0                               0D   1266
     128    3319                                                00010000D   1267
     128       0   -1321      11       0                               0D   1268
     128    3330                                                00010000D   1269
     128       0   -1323      11       0                               0D   1270
     128    3341                                                00010000D   1271
     128       0   -1323      10       0                               0D   1272
     128    3351                                                00010000D   1273
     128       0   -1321       5       0                               0D   1274
     128    3356                                                00010000D   1275
     128       0   -1319       4       0                               0D   1276
     128    3360                                                00010000D   1277
     128       0   -1319       4       0                               0D   1278
     128    3364                                                00010000D   1279
     128       0   -1319       4       0                               0D   1280
     128    3368                                                00010000D   1281
     128       0   -1319       7       0                               0D   1282
     128    3375                                                00010000D   1283
     128       0   -1319      12       0                               0D   1284
     128    3387                                                00010000D   1285
     128       0   -1319      12       0                               0D   1286
     128    3399                                                00010000D   1287
     128       0   -1319       6       0                               0D   1288
     128    3405                                                00010000D   1289
     128       0   -1319       3       0                               0D   1290
     128    3408                                                00010000D   1291
     128       0   -1319       7       0                               0D   1292
     128    3415                                                00010000D   1293
     128       0   -1319       6       0                               0D   1294
     128    3421                                                00010000D   1295
     128       0   -1319      12       0                               0D   1296
     128    3433                                                00010000D   1297
     128       0   -1319      12       0                               0D   1298
     128    3445                                                00010000D   1299
     128       0   -1319       6       0                               0D   1300
     128    3451                                                00010000D   1301
     128       0   -1319       4       0                               0D   1302
     128    3455                                                00010000D   1303
     128       0   -1319       6       0                               0D   1304
     502    3461                                                00010000D   1305
     502                      10       1                               0D   1306
     502    3471                                                00010000D   1307
     502                      94       1                               0D   1308
     504    3565                                                00010001D   1309
     504                      12       1                               0D   1310
     504    3577                                                00010001D   1311
     504                      92       1                               0D   1312
     406    3669                                                00000000D   1313
     406                       1      15                               0D   1314
     406    3670                                                00000000D   1315
     406                       1      15                               0D   1316
     314    3671                                                00000200D   1317
     314                       2       0                               0D   1318
     314    3673                                                00000200D   1319
     314                       2       0                               0D   1320
     314    3675                                                00000200D   1321
     314                       1       0                               0D   1322
     314    3676                                                00000200D   1323
     314                       2       0                               0D   1324
     314    3678                                                00000200D   1325
     314                       2       0                               0D   1326
186,5,1,0,0,1,1313;                                                    1P      1
186,7,1,2,9,1,11,1,0,1,1315;                                           3P      2
514,13,13,1,15,1,17,1,19,1,21,1,23,1,25,1,27,1,29,1,31,1,33,1,         5P      3
35,1,37,1;                                                             5P      4
514,4,39,1,41,1,43,1,45,1;                                             7P      5
514,3,47,1,49,1,51,1;                                                  9P      6
514,87,53,1,55,1,57,1,59,1,61,1,63,1,65,1,67,1,69,1,71,1,73,1,        11P      7
75,1,77,1,79,1,81,1,83,1,85,1,87,1,89,1,91,1,93,1,95,1,97,1,99,       11P      8
1,101,1,103,1,105,1,107,1,109,1,111,1,113,1,115,1,117,1,119,1,        11P      9
121,1,123,1,125,1,127,1,129,1,131,1,133,1,135,1,137,1,139,1,141,      11P     10
1,143,1,145,1,147,1,149,1,151,1,153,1,155,1,157,1,159,1,161,1,        11P     11
163,1,165,1,167,1,169,1,171,1,173,1,175,1,177,1,179,1,181,1,183,      11P     12
1,185,1,187,1,189,1,191,1,193,1,195,1,197,1,199,1,201,1,203,1,        11P     13
205,1,207,1,209,1,211,1,213,1,215,1,217,1,219,1,221,1,223,1,225,      11P     14
1;                                                                    11P     15
510,1091,1,1,227;                                                     13P     16
510,1093,1,1,229;                                                     15P     17
510,1095,1,1,231;                                                     17P     18
510,1097,1,1,233;                                                     19P     19
510,1099,1,1,235;                                                     21P     20
510,1101,1,1,237;                                                     23P     21
510,1103,1,1,239;                                                     25P     22
510,1105,1,1,241;                                                     27P     23
510,1107,1,1,243;                                                     29P     24
510,1109,2,1,245,247;                                                 31P     25
510,1111,2,1,249,251;                                                 33P     26
510,1113,2,1,253,255;                                                 35P     27
510,1115,2,1,257,259;                                                 37P     28
510,1117,1,1,261;                                                     39P     29
510,1119,1,1,263;                                                     41P     30
510,1121,1,1,265;                                                     43P     31
510,1123,2,1,267,269;                                                 45P     32
510,1125,1,1,271;                                                     47P     33
510,1127,1,1,273;                                                     49P     34
510,1129,2,1,275,277;                                                 51P     35
510,1131,1,1,279;                                                     53P     36
510,1133,1,1,281;                                                     55P     37
510,1135,1,1,283;                                                     57P     38
510,1137,1,1,285;                                                     59P     39
510,1139,1,1,287;                                                     61P     40
510,1141,1,1,289;                                                     63P     41
510,1143,1,1,291;                                                     65P     42
510,1145,1,1,293;                                                     67P     43
510,1147,1,1,295;                                                     69P     44
510,1149,1,1,297;                                                     71P     45
510,1151,1,1,299;                                                     73P     46
510,1153,1,1,301;                                                     75P     47
510,1155,1,1,303;                                                     77P     48
510,1157,1,1,305;                                                     79P     49
510,1159,1,1,307;                                                     81P     50
510,1161,1,1,309;                                                     83P     51
510,1163,1,1,311;                                                     85P     52
510,1165,1,1,313;                                                     87P     53
510,1167,1,1,315;                                                     89P     54
510,1169,1,1,317;                                                     91P     55
510,1171,1,1,319;                                                     93P     56
510,1173,1,1,321;                                                     95P     57
510,1175,1,1,323;                                                     97P     58
510,1177,1,1,325;                                                     99P     59
510,1179,2,1,327,329;                                                101P     60
510,1181,2,1,331,333;                                                103P     61
510,1183,6,1,335,337,339,341,343,345;                                105P     62
510,1185,1,1,347;                                                    107P     63
510,1187,1,1,349;                                                    109P     64
510,1189,1,1,351;                                                    111P     65
510,1191,1,1,353;                                                    113P     66
510,1193,1,1,355;                                                    115P     67
510,1195,1,1,357;                                                    117P     68
510,1197,1,1,359;                                                    119P     69
510,1199,1,1,361;                                                    121P     70
510,1201,6,1,363,365,367,369,371,373;                                123P     71
510,1203,2,1,375,377;                                                125P     72
510,1205,1,1,379;                                                    127P     73
510,1207,1,1,381;                                                    129P     74
510,1209,1,1,383;                                                    131P     75
510,1211,1,1,385;                                                    133P     76
510,1213,1,1,387;                                                    135P     77
510,1215,1,1,389;                                                    137P     78
510,1217,1,1,391;                                                    139P     79
510,1219,1,1,393;                                                    141P     80
510,1221,1,1,395;                                                    143P     81
510,1223,1,1,397;                                                    145P     82
510,1225,1,1,399;                                                    147P     83
510,1227,1,1,401;                                                    149P     84
510,1229,1,1,403;                                                    151P     85
510,1231,1,1,405;                                                    153P     86
510,1233,1,1,407;                                                    155P     87
510,1235,1,1,409;                                                    157P     88
510,1237,1,1,411;                                                    159P     89
510,1239,1,1,413;                                                    161P     90
510,1241,1,1,415;                                                    163P     91
510,1243,1,1,417;                                                    165P     92
510,1245,1,1,419;                                                    167P     93
510,1247,1,1,421;                                                    169P     94
510,1249,1,1,423;                                                    171P     95
510,1251,1,1,425;                                                    173P     96
510,1253,1,1,427;                                                    175P     97
510,1255,1,1,429;                                                    177P     98
510,1257,1,1,431;                                                    179P     99
510,1259,1,1,433;                                                    181P    100
510,1261,1,1,435;                                                    183P    101
510,1263,1,1,437;                                                    185P    102
510,1265,1,1,439;                                                    187P    103
510,1267,1,1,441;                                                    189P    104
510,1269,1,1,443;                                                    191P    105
510,1271,1,1,445;                                                    193P    106
510,1273,2,1,447,449;                                                195P    107
510,1275,2,1,451,453;                                                197P    108
510,1277,2,1,455,457;                                                199P    109
510,1279,2,1,459,461;                                                201P    110
510,1281,1,1,463;                                                    203P    111
510,1283,1,1,465;                                                    205P    112
510,1285,1,1,467;                                                    207P    113
510,1287,1,1,469;                                                    209P    114
510,1289,1,1,471;                                                    211P    115
510,1291,1,1,473;                                                    213P    116
510,1293,1,1,475;                                                    215P    117
510,1295,1,1,477;                                                    217P    118
510,1297,1,1,479;                                                    219P    119
510,1299,1,1,481;                                                    221P    120
510,1301,1,1,483;                                                    223P    121
510,1303,1,1,485;                                                    225P    122
508,6,0,1309,1,0,0,0,1309,2,0,0,0,1309,3,1,0,0,1309,4,1,0,0,         227P    123
1309,5,1,0,0,1309,3,0,0;                                             227P    124
508,6,0,1309,6,0,0,0,1309,7,0,0,0,1309,8,1,0,0,1309,9,1,0,0,         229P    125
1309,10,1,0,0,1309,8,0,0;                                            229P    126
508,6,0,1309,10,0,0,0,1309,9,0,0,0,1309,11,1,0,0,1309,12,1,0,0,      231P    127
1309,13,1,0,0,1309,11,0,0;                                           231P    128
508,6,0,1309,14,1,0,0,1309,15,1,0,0,1309,16,0,0,0,1309,17,0,0,0,     233P    129
1309,15,0,0,0,1309,18,1,0;                                           233P    130
508,6,0,1309,14,0,0,0,1309,19,1,0,0,1309,20,1,0,0,1309,21,1,0,0,     235P    131
1309,19,0,0,0,1309,18,0,0;                                           235P    132
508,6,0,1309,21,0,0,0,1309,20,0,0,0,1309,22,1,0,0,1309,23,1,0,0,     237P    133
1309,24,1,0,0,1309,22,0,0;                                           237P    134
508,6,0,1309,24,0,0,0,1309,23,0,0,0,1309,25,1,0,0,1309,26,1,0,0,     239P    135
1309,27,1,0,0,1309,25,0,0;                                           239P    136
508,6,0,1309,28,0,0,0,1309,29,0,0,0,1309,30,1,0,0,1309,31,1,0,0,     241P    137
1309,32,1,0,0,1309,30,0,0;                                           241P    138
508,6,0,1309,32,0,0,0,1309,31,0,0,0,1309,33,1,0,0,1309,34,1,0,0,     243P    139
1309,35,1,0,0,1309,33,0,0;                                           243P    140
508,2,0,1309,28,1,0,0,1309,29,1,0;                                   245P    141
508,2,0,1309,27,0,0,0,1309,26,0,0;                                   247P    142
508,2,0,1309,16,1,0,0,1309,17,1,0;                                   249P    143
508,2,0,1309,13,0,0,0,1309,12,0,0;                                   251P    144
508,2,0,1309,6,1,0,0,1309,7,1,0;                                     253P    145
508,2,0,1309,5,0,0,0,1309,4,0,0;                                     255P    146
508,2,0,1309,35,0,0,0,1309,34,0,0;                                   257P    147
508,2,0,1309,1,1,0,0,1309,2,1,0;                                     259P    148
508,4,0,1311,1,0,0,0,1311,2,1,0,0,1311,3,1,0,0,1311,2,0,0;           261P    149
508,4,0,1311,4,0,0,0,1311,5,1,0,0,1311,6,1,0,0,1311,5,0,0;           263P    150
508,4,0,1311,6,0,0,0,1311,7,1,0,0,1311,1,1,0,0,1311,7,0,0;           265P    151
508,1,0,1311,4,1,0;                                                  267P    152
508,1,0,1311,3,0,0;                                                  269P    153
508,4,0,1311,8,0,0,0,1311,9,1,0,0,1311,10,1,0,0,1311,9,0,0;          271P    154
508,4,0,1311,10,0,0,0,1311,11,1,0,0,1311,12,1,0,0,1311,11,0,0;       273P    155
508,1,0,1311,8,1,0;                                                  275P    156
508,1,0,1311,12,0,0;                                                 277P    157
508,22,0,1311,13,1,0,0,1311,14,1,0,0,1311,15,0,0,0,1311,16,1,0,      279P    158
0,1311,17,1,0,0,1311,18,1,0,0,1311,19,1,0,0,1311,20,0,0,0,1311,      279P    159
21,1,0,0,1311,22,1,0,0,1311,23,1,0,0,1311,24,1,0,0,1311,25,1,0,      279P    160
0,1311,26,1,0,0,1311,27,1,0,0,1311,28,1,0,0,1311,29,1,0,0,1311,      279P    161
30,1,0,0,1311,31,1,0,0,1311,32,1,0,0,1311,33,1,0,0,1311,23,0,0;      279P    162
508,9,0,1311,34,1,0,0,1311,35,1,0,0,1311,36,1,0,0,1311,37,1,0,0,     281P    163
1311,38,1,0,0,1311,39,1,0,0,1311,40,1,0,0,1311,35,0,0,0,1311,41,     281P    164
1,0;                                                                 281P    165
508,9,0,1311,42,0,0,0,1311,43,0,0,0,1311,44,1,0,0,1311,45,0,0,0,     283P    166
1311,46,0,0,0,1311,47,0,0,0,1311,48,1,0,0,1311,49,0,0,0,1311,44,     283P    167
0,0;                                                                 283P    168
508,6,0,1311,50,0,0,0,1311,51,0,0,0,1311,52,1,0,0,1311,53,1,0,0,     285P    169
1311,54,1,0,0,1311,52,0,0;                                           285P    170
508,6,0,1311,50,1,0,0,1311,51,1,0,0,1311,55,1,0,0,1311,56,0,0,0,     287P    171
1311,57,0,0,0,1311,55,0,0;                                           287P    172
508,6,0,1311,58,0,0,0,1311,59,0,0,0,1311,60,1,0,0,1311,61,1,0,0,     289P    173
1311,62,1,0,0,1311,60,0,0;                                           289P    174
508,6,0,1311,63,0,0,0,1311,64,0,0,0,1311,65,1,0,0,1311,59,1,0,0,     291P    175
1311,58,1,0,0,1311,65,0,0;                                           291P    176
508,6,0,1311,66,0,0,0,1311,67,0,0,0,1311,68,1,0,0,1311,69,1,0,0,     293P    177
1311,70,1,0,0,1311,68,0,0;                                           293P    178
508,4,0,1311,71,0,0,0,1311,72,1,0,0,1311,73,1,0,0,1311,74,0,0;       295P    179
508,21,0,1311,75,0,0,0,1311,76,0,0,0,1311,77,1,0,0,1311,78,0,0,      297P    180
0,1311,79,0,0,0,1311,80,1,0,0,1311,81,1,0,0,1311,82,0,0,0,1311,      297P    181
83,0,0,0,1311,84,1,0,0,1311,85,0,0,0,1311,86,0,0,0,1311,87,1,0,      297P    182
0,1311,88,1,0,0,1311,89,0,0,0,1311,90,0,0,0,1311,91,1,0,0,1311,      297P    183
92,1,0,0,1311,93,1,0,0,1311,94,0,0,0,1311,77,0,0;                    297P    184
508,4,0,1311,95,1,0,0,1311,76,1,0,0,1311,75,1,0,0,1311,95,0,0;       299P    185
508,7,0,1311,96,0,0,0,1311,97,0,0,0,1311,98,1,0,0,1311,99,0,0,0,     301P    186
1311,100,1,0,0,1311,101,0,0,0,1311,98,0,0;                           301P    187
508,4,0,1311,102,1,0,0,1311,103,0,0,0,1311,104,0,0,0,1311,102,0,     303P    188
0;                                                                   303P    189
508,7,0,1311,105,0,0,0,1311,106,0,0,0,1311,107,1,0,0,1311,103,1,     305P    190
0,0,1311,104,1,0,0,1311,107,0,0,0,1311,108,0,0;                      305P    191
508,6,0,1311,109,0,0,0,1311,110,0,0,0,1311,111,1,0,0,1311,112,1,     307P    192
0,0,1311,113,1,0,0,1311,111,0,0;                                     307P    193
508,6,0,1311,114,0,0,0,1311,115,0,0,0,1311,116,1,0,0,1311,117,1,     309P    194
0,0,1311,118,1,0,0,1311,116,0,0;                                     309P    195
508,6,0,1311,119,0,0,0,1311,120,0,0,0,1311,121,1,0,0,1311,122,1,     311P    196
0,0,1311,123,1,0,0,1311,121,0,0;                                     311P    197
508,6,0,1311,124,0,0,0,1311,125,0,0,0,1311,126,1,0,0,1311,127,1,     313P    198
0,0,1311,128,1,0,0,1311,126,0,0;                                     313P    199
508,6,0,1311,129,0,0,0,1311,130,0,0,0,1311,131,1,0,0,1311,132,1,     315P    200
0,0,1311,133,1,0,0,1311,131,0,0;                                     315P    201
508,6,0,1311,134,0,0,0,1311,135,0,0,0,1311,136,1,0,0,1311,137,1,     317P    202
0,0,1311,138,1,0,0,1311,136,0,0;                                     317P    203
508,6,0,1311,138,0,0,0,1311,137,0,0,0,1311,139,1,0,0,1311,140,1,     319P    204
0,0,1311,141,1,0,0,1311,139,0,0;                                     319P    205
508,6,0,1311,142,0,0,0,1311,143,0,0,0,1311,144,1,0,0,1311,145,0,     321P    206
0,0,1311,146,0,0,0,1311,144,0,0;                                     321P    207
508,13,0,1311,147,0,0,0,1311,148,0,0,0,1311,149,1,0,0,1311,150,      323P    208
0,0,0,1311,151,1,0,0,1311,20,1,0,0,1311,152,1,0,0,1311,153,1,0,      323P    209
0,1311,154,1,0,0,1311,15,1,0,0,1311,155,1,0,0,1311,156,0,0,0,        323P    210
1311,149,0,0;                                                        323P    211
508,13,0,1311,157,1,0,0,1311,158,1,0,0,1311,26,0,0,0,1311,159,1,     325P    212
0,0,1311,160,0,0,0,1311,161,1,0,0,1311,162,1,0,0,1311,163,1,0,0,     325P    213
1311,161,0,0,0,1311,164,0,0,0,1311,165,1,0,0,1311,31,0,0,0,1311,     325P    214
166,1,0;                                                             325P    215
508,2,0,1311,142,1,0,0,1311,143,1,0;                                 327P    216
508,2,0,1311,163,0,0,0,1311,162,0,0;                                 329P    217
508,2,0,1311,141,0,0,0,1311,140,0,0;                                 331P    218
508,2,0,1311,109,1,0,0,1311,110,1,0;                                 333P    219
508,8,0,1311,167,1,0,0,1311,168,1,0,0,1311,169,0,0,0,1311,170,1,     335P    220
0,0,1311,171,0,0,0,1311,172,1,0,0,1311,173,1,0,0,1311,174,1,0;       335P    221
508,2,0,1311,134,1,0,0,1311,135,1,0;                                 337P    222
508,2,0,1311,118,0,0,0,1311,117,0,0;                                 339P    223
508,2,0,1311,123,0,0,0,1311,122,0,0;                                 341P    224
508,2,0,1311,128,0,0,0,1311,127,0,0;                                 343P    225
508,2,0,1311,133,0,0,0,1311,132,0,0;                                 345P    226
508,4,0,1311,167,0,0,0,1311,175,0,0,0,1311,176,1,0,0,1311,177,1,     347P    227
0;                                                                   347P    228
508,4,0,1311,174,0,0,0,1311,178,0,0,0,1311,179,1,0,0,1311,175,1,     349P    229
0;                                                                   349P    230
508,4,0,1311,173,0,0,0,1311,180,0,0,0,1311,181,1,0,0,1311,178,1,     351P    231
0;                                                                   351P    232
508,4,0,1311,172,0,0,0,1311,182,0,0,0,1311,183,1,0,0,1311,180,1,     353P    233
0;                                                                   353P    234
508,4,0,1311,171,1,0,0,1311,184,0,0,0,1311,185,0,0,0,1311,182,1,     355P    235
0;                                                                   355P    236
508,4,0,1311,170,0,0,0,1311,186,0,0,0,1311,187,1,0,0,1311,184,1,     357P    237
0;                                                                   357P    238
508,4,0,1311,169,1,0,0,1311,188,0,0,0,1311,189,0,0,0,1311,186,1,     359P    239
0;                                                                   359P    240
508,4,0,1311,168,0,0,0,1311,177,0,0,0,1311,190,1,0,0,1311,188,1,     361P    241
0;                                                                   361P    242
508,8,0,1311,176,0,0,0,1311,179,0,0,0,1311,181,0,0,0,1311,183,0,     363P    243
0,0,1311,185,1,0,0,1311,187,0,0,0,1311,189,1,0,0,1311,190,0,0;       363P    244
508,2,0,1311,145,1,0,0,1311,146,1,0;                                 365P    245
508,2,0,1311,114,1,0,0,1311,115,1,0;                                 367P    246
508,2,0,1311,119,1,0,0,1311,120,1,0;                                 369P    247
508,2,0,1311,124,1,0,0,1311,125,1,0;                                 371P    248
508,2,0,1311,129,1,0,0,1311,130,1,0;                                 373P    249
508,2,0,1311,113,0,0,0,1311,112,0,0;                                 375P    250
508,2,0,1311,96,1,0,0,1311,97,1,0;                                   377P    251
508,4,0,1311,191,1,0,0,1311,192,1,0,0,1311,193,1,0,0,1311,105,1,     379P    252
0;                                                                   379P    253
508,4,0,1311,194,0,0,0,1311,100,0,0,0,1311,195,0,0,0,1311,192,0,     381P    254
0;                                                                   381P    255
508,8,0,1311,108,1,0,0,1311,106,1,0,0,1311,193,0,0,0,1311,195,1,     383P    256
0,0,1311,99,1,0,0,1311,101,1,0,0,1311,194,1,0,0,1311,191,0,0;        383P    257
508,4,0,1311,196,1,0,0,1311,197,1,0,0,1311,92,0,0,0,1311,198,1,      385P    258
0;                                                                   385P    259
508,4,0,1311,199,0,0,0,1311,200,1,0,0,1311,201,0,0,0,1311,196,0,     387P    260
0;                                                                   387P    261
508,4,0,1311,202,1,0,0,1311,203,1,0,0,1311,80,0,0,0,1311,204,0,      389P    262
0;                                                                   389P    263
508,4,0,1311,205,1,0,0,1311,206,1,0,0,1311,207,0,0,0,1311,202,0,     391P    264
0;                                                                   391P    265
508,4,0,1311,208,0,0,0,1311,209,1,0,0,1311,210,0,0,0,1311,84,0,      393P    266
0;                                                                   393P    267
508,4,0,1311,211,1,0,0,1311,212,1,0,0,1311,213,1,0,0,1311,209,0,     395P    268
0;                                                                   395P    269
508,4,0,1311,214,0,0,0,1311,88,0,0,0,1311,215,1,0,0,1311,216,1,      397P    270
0;                                                                   397P    271
508,4,0,1311,217,0,0,0,1311,218,1,0,0,1311,219,1,0,0,1311,216,0,     399P    272
0;                                                                   399P    273
508,4,0,1311,90,1,0,0,1311,220,0,0,0,1311,221,1,0,0,1311,222,1,      401P    274
0;                                                                   401P    275
508,7,0,1311,223,1,0,0,1311,224,1,0,0,1311,199,1,0,0,1311,198,0,     403P    276
0,0,1311,91,0,0,0,1311,222,0,0,0,1311,225,1,0;                       403P    277
508,4,0,1311,224,0,0,0,1311,226,0,0,0,1311,227,0,0,0,1311,200,0,     405P    278
0;                                                                   405P    279
508,7,0,1311,201,1,0,0,1311,227,1,0,0,1311,228,0,0,0,1311,229,0,     407P    280
0,0,1311,230,0,0,0,1311,93,0,0,0,1311,197,0,0;                       407P    281
508,5,0,1311,78,1,0,0,1311,94,1,0,0,1311,230,1,0,0,1311,231,1,0,     409P    282
0,1311,232,0,0;                                                      409P    283
508,7,0,1311,233,1,0,0,1311,234,1,0,0,1311,205,0,0,0,1311,204,1,     411P    284
0,0,1311,79,1,0,0,1311,232,1,0,0,1311,235,1,0;                       411P    285
508,4,0,1311,234,0,0,0,1311,236,0,0,0,1311,237,0,0,0,1311,206,0,     413P    286
0;                                                                   413P    287
508,7,0,1311,207,1,0,0,1311,237,1,0,0,1311,238,0,0,0,1311,239,0,     415P    288
0,0,1311,240,0,0,0,1311,81,0,0,0,1311,203,0,0;                       415P    289
508,4,0,1311,82,1,0,0,1311,240,1,0,0,1311,241,1,0,0,1311,242,0,      417P    290
0;                                                                   417P    291
508,7,0,1311,243,1,0,0,1311,244,1,0,0,1311,211,0,0,0,1311,208,1,     419P    292
0,0,1311,83,1,0,0,1311,242,1,0,0,1311,245,1,0;                       419P    293
508,4,0,1311,244,0,0,0,1311,246,0,0,0,1311,247,0,0,0,1311,212,0,     421P    294
0;                                                                   421P    295
508,7,0,1311,213,0,0,0,1311,247,1,0,0,1311,248,0,0,0,1311,72,0,      423P    296
0,0,1311,249,1,0,0,1311,85,1,0,0,1311,210,1,0;                       423P    297
508,4,0,1311,86,1,0,0,1311,249,0,0,0,1311,71,1,0,0,1311,250,1,0;     425P    298
508,7,0,1311,251,1,0,0,1311,252,1,0,0,1311,217,1,0,0,1311,215,0,     427P    299
0,0,1311,87,0,0,0,1311,250,0,0,0,1311,74,1,0;                        427P    300
508,4,0,1311,252,0,0,0,1311,253,0,0,0,1311,254,0,0,0,1311,218,0,     429P    301
0;                                                                   429P    302
508,7,0,1311,219,0,0,0,1311,254,1,0,0,1311,255,0,0,0,1311,256,0,     431P    303
0,0,1311,220,1,0,0,1311,89,1,0,0,1311,214,1,0;                       431P    304
508,4,0,1311,256,1,0,0,1311,257,1,0,0,1311,225,0,0,0,1311,221,0,     433P    305
0;                                                                   433P    306
508,4,0,1311,228,1,0,0,1311,226,1,0,0,1311,223,0,0,0,1311,258,1,     435P    307
0;                                                                   435P    308
508,4,0,1311,231,0,0,0,1311,229,1,0,0,1311,259,1,0,0,1311,235,0,     437P    309
0;                                                                   437P    310
508,4,0,1311,238,1,0,0,1311,236,1,0,0,1311,233,0,0,0,1311,260,1,     439P    311
0;                                                                   439P    312
508,4,0,1311,241,0,0,0,1311,239,1,0,0,1311,261,1,0,0,1311,245,0,     441P    313
0;                                                                   441P    314
508,4,0,1311,248,1,0,0,1311,246,1,0,0,1311,243,0,0,0,1311,262,1,     443P    315
0;                                                                   443P    316
508,4,0,1311,255,1,0,0,1311,253,1,0,0,1311,251,0,0,0,1311,263,1,     445P    317
0;                                                                   445P    318
508,2,0,1311,66,1,0,0,1311,67,1,0;                                   447P    319
508,8,0,1311,263,0,0,0,1311,73,0,0,0,1311,262,0,0,0,1311,261,0,      449P    320
0,0,1311,260,0,0,0,1311,259,0,0,0,1311,258,0,0,0,1311,257,0,0;       449P    321
508,2,0,1311,63,1,0,0,1311,64,1,0;                                   451P    322
508,2,0,1311,70,0,0,0,1311,69,0,0;                                   453P    323
508,2,0,1311,56,1,0,0,1311,57,1,0;                                   455P    324
508,2,0,1311,62,0,0,0,1311,61,0,0;                                   457P    325
508,2,0,1311,147,1,0,0,1311,148,1,0;                                 459P    326
508,2,0,1311,54,0,0,0,1311,53,0,0;                                   461P    327
508,6,0,1311,46,1,0,0,1311,21,0,0,0,1311,151,0,0,0,1311,264,1,0,     463P    328
0,1311,155,0,0,0,1311,14,0,0;                                        463P    329
508,3,0,1311,150,1,0,0,1311,156,1,0,0,1311,264,0,0;                  465P    330
508,3,0,1311,164,1,0,0,1311,160,1,0,0,1311,265,0,0;                  467P    331
508,6,0,1311,48,0,0,0,1311,32,0,0,0,1311,165,0,0,0,1311,265,1,0,     469P    332
0,1311,159,0,0,0,1311,25,0,0;                                        469P    333
508,2,0,1311,42,1,0,0,1311,43,1,0;                                   471P    334
508,7,0,1311,33,0,0,0,1311,47,1,0,0,1311,13,0,0,0,1311,22,0,0,0,     473P    335
1311,45,1,0,0,1311,49,1,0,0,1311,24,0,0;                             473P    336
508,6,0,1311,19,0,0,0,1311,37,0,0,0,1311,16,0,0,0,1311,154,0,0,      475P    337
0,1311,266,0,0,0,1311,152,0,0;                                       475P    338
508,2,0,1311,266,1,0,0,1311,153,0,0;                                 477P    339
508,2,0,1311,267,1,0,0,1311,157,0,0;                                 479P    340
508,6,0,1311,30,0,0,0,1311,39,0,0,0,1311,27,0,0,0,1311,158,0,0,      481P    341
0,1311,267,0,0,0,1311,166,0,0;                                       481P    342
508,2,0,1311,34,0,0,0,1311,41,0,0;                                   483P    343
508,7,0,1311,17,0,0,0,1311,36,0,0,0,1311,40,0,0,0,1311,29,0,0,0,     485P    344
1311,28,0,0,0,1311,38,0,0,0,1311,18,0,0;                             485P    345
126,4,2,0,0,0,0,-6.28318530717959,-6.28318530717959,                 487P    346
-6.28318530717959,-4.71238898038469,-4.71238898038469,               487P    347
-3.14159265358979,-3.14159265358979,-3.14159265358979,1.,            487P    348
0.707106781186548,1.,0.707106781186548,1.,-3.87481363096146D-16,     487P    349
-2.30000000000001,5.63337527607783D-16,-3.87481363096146D-16,        487P    350
-2.3,2.3,7.11791716567422D-32,-2.0169447402212D-15,2.3,              487P    351
3.87481363096146D-16,2.3,2.3,3.87481363096146D-16,2.3,               487P    352
-2.81668763803892D-16,-6.28318530717959,-3.14159265358979,0.,0.,     487P    353
0.;                                                                  487P    354
126,4,2,0,0,0,0,-3.14159265358979,-3.14159265358979,                 489P    355
-3.14159265358979,-1.5707963267949,-1.5707963267949,0.,0.,0.,1.,     489P    356
0.707106781186548,1.,0.707106781186548,1.,3.87481363096146D-16,      489P    357
2.3,-2.81668763803892D-16,3.87481363096146D-16,2.3,-2.3,             489P    358
-2.37263905522474D-32,-2.58028226782898D-15,-2.3,                    489P    359
-3.87481363096146D-16,-2.30000000000001,-2.3,                        489P    360
-3.87481363096146D-16,-2.30000000000001,0.,-3.14159265358979,0.,     489P    361
0.,0.,0.;                                                            489P    362
126,1,1,0,0,1,0,-6.29565217391304,-6.29565217391304,                 491P    363
-4.13043478260869,-4.13043478260869,1.,1.,0.,2.3,0.,-4.98,2.3,       491P    364
0.,-6.29565217391304,-4.13043478260869,0.,0.,0.;                     491P    365
126,4,2,0,0,0,0,-3.14159265358979,-3.14159265358979,                 493P    366
-3.14159265358979,-1.5707963267949,-1.5707963267949,0.,0.,0.,1.,     493P    367
0.707106781186548,1.,0.707106781186548,1.,-4.98,2.3,                 493P    368
-2.81668763803891D-16,-4.98,2.3,-2.3,-4.98,                          493P    369
-1.74130088164689D-15,-2.3,-4.98,-2.3,-2.3,-4.98,-2.3,0.,            493P    370
-3.14159265358979,0.,0.,0.,0.;                                       493P    371
126,4,2,0,0,0,0,-6.28318530717959,-6.28318530717959,                 495P    372
-6.28318530717959,-4.71238898038469,-4.71238898038469,               495P    373
-3.14159265358979,-3.14159265358979,-3.14159265358979,1.,            495P    374
0.707106781186548,1.,0.707106781186548,1.,-4.98,-2.3,                495P    375
5.63337527607783D-16,-4.98,-2.3,2.3,-4.98,-1.17796335403911D-15,     495P    376
2.3,-4.98,2.3,2.3,-4.98,2.3,-2.81668763803891D-16,                   495P    377
-6.28318530717959,-3.14159265358979,0.,0.,0.;                        495P    378
126,4,2,0,0,0,0,-6.28318530717959,-6.28318530717959,                 497P    379
-6.28318530717959,-4.71238898038469,-4.71238898038469,               497P    380
-3.14159265358979,-3.14159265358979,-3.14159265358979,1.,            497P    381
0.707106781186547,1.,0.707106781186548,1.,-4.98,-3.75,               497P    382
9.18485099360515D-16,-4.98,-3.75,3.75,-4.98,                         497P    383
-9.11602675224561D-16,3.75,-4.98,3.75,3.75,-4.98,3.75,               497P    384
-4.59242549680258D-16,-6.28318530717959,-3.14159265358979,0.,0.,     497P    385
0.;                                                                  497P    386
126,4,2,0,0,0,0,-3.14159265358979,-3.14159265358979,                 499P    387
-3.14159265358979,-1.5707963267949,-1.5707963267949,0.,0.,0.,1.,     499P    388
0.707106781186548,1.,0.707106781186548,1.,-4.98,3.75,                499P    389
-4.59242549680258D-16,-4.98,3.75,-3.75,-4.98,                        499P    390
-1.83008777458508D-15,-3.75,-4.98,-3.75,-3.75,-4.98,-3.75,0.,        499P    391
-3.14159265358979,0.,0.,0.,0.;                                       499P    392
126,1,1,0,0,1,0,-2.04398030195959D-17,-2.04398030195959D-17,         501P    393
2.40007259149477,2.40007259149477,1.,1.,-4.98,3.75,0.,-13.98,        501P    394
3.82,0.,-2.04398030195959D-17,2.40007259149477,0.,0.,0.;             501P    395
126,4,2,0,0,0,0,-3.14159265358979,-3.14159265358979,                 503P    396
-3.14159265358979,-1.5707963267949,-1.5707963267949,0.,0.,0.,1.,     503P    397
0.707106781186547,1.,0.707106781186548,1.,-13.98,3.82,               503P    398
-4.67815077274289D-16,-13.98,3.82,-3.82,-13.98,                      503P    399
-3.18142617571089D-16,-3.82,-13.98,-3.82,-3.82,-13.98,-3.82,0.,      503P    400
-3.14159265358979,0.,0.,0.,0.;                                       503P    401
126,4,2,0,0,0,0,-6.28318530717959,-6.28318530717959,                 505P    402
-6.28318530717959,-4.71238898038469,-4.71238898038469,               505P    403
-3.14159265358979,-3.14159265358979,-3.14159265358979,1.,            505P    404
0.707106781186547,1.,0.707106781186548,1.,-13.98,-3.82,              505P    405
9.35630154548578D-16,-13.98,-3.82,3.82,-13.98,                       505P    406
6.17487536977489D-16,3.82,-13.98,3.82,3.82,-13.98,3.82,              505P    407
-4.67815077274289D-16,-6.28318530717959,-3.14159265358979,0.,0.,     505P    408
0.;                                                                  505P    409
126,1,1,0,0,1,0,-1.44461968565391D-16,-1.44461968565391D-16,         507P    410
0.152642719760349,0.152642719760349,1.,1.,-13.98,3.82,0.,-14.48,     507P    411
4.12,0.,-1.44461968565391D-16,0.152642719760349,0.,0.,0.;            507P    412
126,4,2,0,0,0,0,-3.14159265358979,-3.14159265358979,                 509P    413
-3.14159265358979,-1.5707963267949,-1.5707963267949,0.,0.,0.,1.,     509P    414
0.707106781186548,1.,0.707106781186548,1.,-14.48,4.12,               509P    415
-5.0455448124871D-16,-14.48,4.12,-4.12,-14.48,                       509P    416
-2.52277240624354D-16,-4.12,-14.48,-4.12,-4.12,-14.48,-4.12,0.,      509P    417
-3.14159265358979,0.,0.,0.,0.;                                       509P    418
126,4,2,0,0,0,0,-6.28318530717959,-6.28318530717959,                 511P    419
-6.28318530717959,-4.71238898038469,-4.71238898038469,               511P    420
-3.14159265358979,-3.14159265358979,-3.14159265358979,1.,            511P    421
0.707106781186548,1.,0.707106781186548,1.,-14.48,-4.12,              511P    422
1.00910896249742D-15,-14.48,-4.12,4.12,-14.48,                       511P    423
7.56831721873065D-16,4.12,-14.48,4.12,4.12,-14.48,4.12,              511P    424
-5.0455448124871D-16,-6.28318530717959,-3.14159265358979,0.,0.,      511P    425
0.;                                                                  511P    426
126,4,2,0,0,0,0,-3.14159265358979,-3.14159265358979,                 513P    427
-3.14159265358979,-1.5707963267949,-1.5707963267949,0.,0.,0.,1.,     513P    428
0.707106781186548,1.,0.707106781186548,1.,-14.38,4.5,                513P    429
-5.51091059616309D-16,-14.38,4.5,-4.5,-14.38,                        513P    430
-2.92392545594943D-16,-4.5,-14.38,-4.5,-4.5,-14.38,-4.5,0.,          513P    431
-3.14159265358979,0.,0.,0.,0.;                                       513P    432
126,1,1,0,0,1,0,-0.032141217326661,-0.032141217326661,               515P    433
1.19126391055951D-16,1.19126391055951D-16,1.,1.,-14.38,-4.5,0.,      515P    434
-14.48,-4.4,0.,-0.032141217326661,1.19126391055951D-16,0.,0.,0.;     515P    435
126,4,2,0,0,0,0,-3.14159265358979,-3.14159265358979,                 517P    436
-3.14159265358979,-1.5707963267949,-1.5707963267949,0.,0.,0.,1.,     517P    437
0.707106781186548,1.,0.707106781186548,1.,-14.48,4.4,                517P    438
-5.38844591624835D-16,-14.48,4.4,-4.4,-14.48,                        517P    439
-2.69422295812418D-16,-4.4,-14.48,-4.4,-4.4,-14.48,-4.4,0.,          517P    440
-3.14159265358979,0.,0.,0.,0.;                                       517P    441
126,4,2,0,0,0,0,0.,0.,0.,1.5707963267949,1.5707963267949,            519P    442
3.14159265358979,3.14159265358979,3.14159265358979,1.,               519P    443
0.707106781186548,1.,0.707106781186548,1.,-14.48,-4.4,0.,-14.48,     519P    444
-4.4,4.4,-14.48,-2.69422295812418D-16,4.4,-14.48,4.4,4.4,-14.48,     519P    445
4.4,5.38844591624835D-16,0.,3.14159265358979,0.,0.,0.;               519P    446
126,4,2,0,0,0,0,0.,0.,0.,1.5707963267949,1.5707963267949,            521P    447
3.14159265358979,3.14159265358979,3.14159265358979,1.,               521P    448
0.707106781186548,1.,0.707106781186548,1.,-14.38,-4.5,0.,-14.38,     521P    449
-4.5,4.5,-14.38,-2.92392545594943D-16,4.5,-14.38,4.5,4.5,-14.38,     521P    450
4.5,5.51091059616309D-16,0.,3.14159265358979,0.,0.,0.;               521P    451
126,1,1,0,0,1,0,0.0222222222222216,0.0222222222222216,0.3,0.3,       523P    452
1.,1.,-14.38,4.5,0.,-13.13,4.5,0.,0.0222222222222216,0.3,0.,0.,      523P    453
0.;                                                                  523P    454
126,4,2,0,0,0,0,3.14159265358979,3.14159265358979,                   525P    455
3.14159265358979,4.71238898038469,4.71238898038469,                  525P    456
6.28318530717959,6.28318530717959,6.28318530717959,1.,               525P    457
0.707106781186548,1.,0.707106781186548,1.,-13.13,4.5,                525P    458
5.51091059616309D-16,-13.13,4.5,-4.5,-13.13,                         525P    459
5.99201876302813D-16,-4.5,-13.13,-4.5,-4.5,-13.13,-4.5,              525P    460
-1.10218211923262D-15,3.14159265358979,6.28318530717959,0.,0.,       525P    461
0.;                                                                  525P    462
126,4,2,0,0,0,0,0.,0.,0.,1.5707963267949,1.5707963267949,            527P    463
3.14159265358979,3.14159265358979,3.14159265358979,1.,               527P    464
0.707106781186548,1.,0.707106781186548,1.,-13.13,-4.5,0.,-13.13,     527P    465
-4.5,4.5,-13.13,-5.02980242929805D-16,4.5,-13.13,4.5,4.5,-13.13,     527P    466
4.5,5.51091059616309D-16,0.,3.14159265358979,0.,0.,0.;               527P    467
126,1,1,0,0,1,0,-1.52655665885959D-16,-1.52655665885959D-16,         529P    468
0.0555555555555561,0.0555555555555561,1.,1.,-13.13,4.5,0.,           529P    469
-12.98,4.3,0.,-1.52655665885959D-16,0.0555555555555561,0.,0.,0.;     529P    470
126,4,2,0,0,0,0,3.14159265358979,3.14159265358979,                   531P    471
3.14159265358979,4.71238898038469,4.71238898038469,                  531P    472
6.28318530717959,6.28318530717959,6.28318530717959,1.,               531P    473
0.707106781186548,1.,0.707106781186548,1.,-12.98,4.3,                531P    474
5.26598123633362D-16,-12.98,4.3,-4.3,-12.98,                         531P    475
5.37191948648209D-16,-4.3,-12.98,-4.3,-4.3,-12.98,-4.3,              531P    476
-1.05319624726672D-15,3.14159265358979,6.28318530717959,0.,0.,       531P    477
0.;                                                                  531P    478
126,4,2,0,0,0,0,0.,0.,0.,1.5707963267949,1.5707963267949,            533P    479
3.14159265358979,3.14159265358979,3.14159265358979,1.,               533P    480
0.707106781186548,1.,0.707106781186548,1.,-12.98,-4.3,0.,-12.98,     533P    481
-4.3,4.3,-12.98,-5.16004298618515D-16,4.3,-12.98,4.3,4.3,-12.98,     533P    482
4.3,5.26598123633362D-16,0.,3.14159265358979,0.,0.,0.;               533P    483
126,1,1,0,0,1,0,0.348837209302326,0.348837209302326,                 535P    484
3.16046511627907,3.16046511627907,1.,1.,-12.98,4.3,0.,-0.89,4.3,     535P    485
0.,0.348837209302326,3.16046511627907,0.,0.,0.;                      535P    486
126,4,2,0,0,0,0,3.14159265358979,3.14159265358979,                   537P    487
3.14159265358979,4.71238898038469,4.71238898038469,                  537P    488
6.28318530717959,6.28318530717959,6.28318530717959,1.,               537P    489
0.707106781186548,1.,0.707106781186548,1.,-0.89,4.3,                 537P    490
5.26598123633362D-16,-0.89,4.3,-4.3,-0.89,-1.49961225997457D-15,     537P    491
-4.3,-0.890000000000001,-4.3,-4.3,-0.890000000000001,                537P    492
-4.30000000000001,-1.05319624726672D-15,3.14159265358979,            537P    493
6.28318530717959,0.,0.,0.;                                           537P    494
126,4,2,0,0,0,0,0.,0.,0.,1.5707963267949,1.5707963267949,            539P    495
3.14159265358979,3.14159265358979,3.14159265358979,1.,               539P    496
0.707106781186548,1.,0.707106781186548,1.,-0.890000000000001,        539P    497
-4.30000000000001,0.,-0.890000000000001,-4.3,4.3,-0.89,              539P    498
-2.5528085072413D-15,4.3,-0.89,4.3,4.3,-0.89,4.3,                    539P    499
5.26598123633362D-16,0.,3.14159265358979,0.,0.,0.;                   539P    500
126,4,2,0,0,0,0,0.,0.,0.,1.5707963267949,1.5707963267949,            541P    501
3.14159265358979,3.14159265358979,3.14159265358979,1.,               541P    502
0.707106781186548,1.,0.707106781186548,1.,-0.890000000000001,        541P    503
-4.50000000000001,0.,-0.890000000000001,-4.50000000000001,4.5,       541P    504
-0.89,-2.56505497523277D-15,4.5,-0.89,4.5,4.5,-0.89,4.5,             541P    505
5.51091059616309D-16,0.,3.14159265358979,0.,0.,0.;                   541P    506
126,4,2,0,0,0,0,3.14159265358979,3.14159265358979,                   543P    507
3.14159265358979,4.71238898038469,4.71238898038469,                  543P    508
6.28318530717959,6.28318530717959,6.28318530717959,1.,               543P    509
0.707106781186548,1.,0.707106781186548,1.,-0.89,4.5,                 543P    510
5.51091059616309D-16,-0.89,4.5,-4.5,-0.89,-1.46287285600015D-15,     543P    511
-4.5,-0.890000000000001,-4.5,-4.5,-0.890000000000001,                543P    512
-4.50000000000001,-1.10218211923262D-15,3.14159265358979,            543P    513
6.28318530717959,0.,0.,0.;                                           543P    514
126,1,1,0,0,1,0,3.02,3.02,3.16222222222222,3.16222222222222,1.,      545P    515
1.,-0.890000000000002,4.5,0.,-0.249999999999999,4.5,0.,3.02,         545P    516
3.16222222222222,0.,0.,0.;                                           545P    517
126,4,2,0,0,0,0,3.14159265358979,3.14159265358979,                   547P    518
3.14159265358979,4.71238898038469,4.71238898038469,                  547P    519
6.28318530717959,6.28318530717959,6.28318530717959,1.,               547P    520
0.707106781186548,1.,0.707106781186548,1.,-0.249999999999999,        547P    521
4.5,5.51091059616309D-16,-0.249999999999999,4.5,-4.5,-0.25,          547P    522
-1.5706937570356D-15,-4.5,-0.250000000000001,-4.5,-4.5,              547P    523
-0.250000000000001,-4.50000000000001,-1.10218211923262D-15,          547P    524
3.14159265358979,6.28318530717959,0.,0.,0.;                          547P    525
126,4,2,0,0,0,0,0.,0.,0.,1.5707963267949,1.5707963267949,            549P    526
3.14159265358979,3.14159265358979,3.14159265358979,1.,               549P    527
0.707106781186548,1.,0.707106781186548,1.,-0.250000000000001,        549P    528
-4.50000000000001,0.,-0.250000000000001,-4.50000000000001,4.5,       549P    529
-0.25,-2.67287587626822D-15,4.5,-0.249999999999999,4.5,4.5,          549P    530
-0.249999999999999,4.5,5.51091059616309D-16,0.,3.14159265358979,     549P    531
0.,0.,0.;                                                            549P    532
126,1,1,0,0,1,0,-1.2490009027033D-16,-1.2490009027033D-16,           551P    533
0.0785674201318382,0.0785674201318382,1.,1.,-0.25,4.5,0.,            551P    534
6.59194920871187D-16,4.25,0.,-1.2490009027033D-16,                   551P    535
0.0785674201318382,0.,0.,0.;                                         551P    536
126,4,2,0,0,0,0,3.14159265358979,3.14159265358979,                   553P    537
3.14159265358979,4.71238898038469,4.71238898038469,                  553P    538
6.28318530717959,6.28318530717959,6.28318530717959,1.,               553P    539
0.707106781186548,1.,0.707106781186548,1.,7.1599817093853D-16,       553P    540
4.25,5.20474889637626D-16,7.1599817093853D-16,4.25000000000001,      553P    541
-4.25000000000001,1.31526730235285D-31,-1.6587355514706D-15,         553P    542
-4.25000000000001,-7.1599817093853D-16,-4.25000000000001,            553P    543
-4.25000000000001,-7.1599817093853D-16,-4.25000000000001,            553P    544
-1.04094977927525D-15,3.14159265358979,6.28318530717959,0.,0.,       553P    545
0.;                                                                  553P    546
126,4,2,0,0,0,0,0.,0.,0.,1.5707963267949,1.5707963267949,            555P    547
3.14159265358979,3.14159265358979,3.14159265358979,1.,               555P    548
0.707106781186547,1.,0.707106781186548,1.,-7.1599817093853D-16,      555P    549
-4.25000000000001,0.,-7.1599817093853D-16,-4.25000000000001,         555P    550
4.25000000000001,-4.38422434117615D-32,-2.69968533074585D-15,        555P    551
4.25000000000001,7.1599817093853D-16,4.25,4.25000000000001,          555P    552
7.1599817093853D-16,4.25,5.20474889637626D-16,0.,                    555P    553
3.14159265358979,0.,0.,0.;                                           555P    554
126,8,2,0,1,0,0,-3.14159265358979,-3.14159265358979,                 557P    555
-3.14159265358979,-1.5707963267949,-1.5707963267949,0.,0.,           557P    556
1.5707963267949,1.5707963267949,3.14159265358979,                    557P    557
3.14159265358979,3.14159265358979,1.,0.707106781186548,1.,           557P    558
0.707106781186548,1.,0.707106781186548,1.,0.707106781186548,1.,      557P    559
-12.98,4.3,-5.26598123633362D-16,-12.98,4.3,-4.3,-12.98,             557P    560
-5.16004298618515D-16,-4.3,-12.98,-4.3,-4.3,-12.98,-4.3,0.,          557P    561
-12.98,-4.3,4.3,-12.98,-5.16004298618515D-16,4.3,-12.98,4.3,4.3,     557P    562
-12.98,4.3,5.26598123633362D-16,-3.14159265358979,                   557P    563
3.14159265358979,0.,0.,0.;                                           557P    564
126,1,1,0,0,1,0,0.348837209302326,0.348837209302326,                 559P    565
3.16046511627907,3.16046511627907,1.,1.,-12.98,4.3,0.,-0.89,4.3,     559P    566
0.,0.348837209302326,3.16046511627907,0.,0.,0.;                      559P    567
126,8,2,0,1,0,0,-3.14159265358979,-3.14159265358979,                 561P    568
-3.14159265358979,-1.5707963267949,-1.5707963267949,0.,0.,           561P    569
1.5707963267949,1.5707963267949,3.14159265358979,                    561P    570
3.14159265358979,3.14159265358979,1.,0.707106781186548,1.,           561P    571
0.707106781186548,1.,0.707106781186548,1.,0.707106781186548,1.,      561P    572
-0.89,4.3,-5.26598123633362D-16,-0.89,4.3,-4.3,-0.89,                561P    573
-2.5528085072413D-15,-4.3,-0.890000000000001,-4.3,-4.3,              561P    574
-0.890000000000001,-4.30000000000001,0.,-0.890000000000001,-4.3,     561P    575
4.3,-0.89,-2.5528085072413D-15,4.3,-0.89,4.3,4.3,-0.89,4.3,          561P    576
5.26598123633362D-16,-3.14159265358979,3.14159265358979,0.,0.,       561P    577
0.;                                                                  561P    578
126,8,2,0,1,0,0,-3.14159265358979,-3.14159265358979,                 563P    579
-3.14159265358979,-1.5707963267949,-1.5707963267949,0.,0.,           563P    580
1.5707963267949,1.5707963267949,3.14159265358979,                    563P    581
3.14159265358979,3.14159265358979,1.,0.707106781186548,1.,           563P    582
0.707106781186548,1.,0.707106781186548,1.,0.707106781186548,1.,      563P    583
-0.89,4.5,-5.51091059616309D-16,-0.89,4.5,-4.5,-0.89,                563P    584
-2.56505497523277D-15,-4.5,-0.890000000000001,-4.50000000000001,     563P    585
-4.5,-0.890000000000001,-4.50000000000001,0.,-0.890000000000001,     563P    586
-4.50000000000001,4.5,-0.89,-2.56505497523277D-15,4.5,-0.89,4.5,     563P    587
4.5,-0.89,4.5,5.51091059616309D-16,-3.14159265358979,                563P    588
3.14159265358979,0.,0.,0.;                                           563P    589
126,1,1,0,0,1,0,-3.02,-3.02,-0.3,-0.3,1.,1.,-0.89,4.5,0.,-13.13,     565P    590
4.5,0.,-3.02,-0.3,0.,0.,0.;                                          565P    591
126,8,2,0,1,0,0,-3.14159265358979,-3.14159265358979,                 567P    592
-3.14159265358979,-1.5707963267949,-1.5707963267949,0.,0.,           567P    593
1.5707963267949,1.5707963267949,3.14159265358979,                    567P    594
3.14159265358979,3.14159265358979,1.,0.707106781186548,1.,           567P    595
0.707106781186548,1.,0.707106781186548,1.,0.707106781186548,1.,      567P    596
-13.13,4.5,-5.51091059616309D-16,-13.13,4.5,-4.5,-13.13,             567P    597
-5.02980242929805D-16,-4.5,-13.13,-4.5,-4.5,-13.13,-4.5,0.,          567P    598
-13.13,-4.5,4.5,-13.13,-5.02980242929805D-16,4.5,-13.13,4.5,4.5,     567P    599
-13.13,4.5,5.51091059616309D-16,-3.14159265358979,                   567P    600
3.14159265358979,0.,0.,0.;                                           567P    601
126,1,1,0,0,1,0,-1.04083408558608D-16,-1.04083408558608D-16,         569P    602
0.0555555555555561,0.0555555555555561,1.,1.,-13.13,4.5,0.,           569P    603
-12.98,4.3,0.,-1.04083408558608D-16,0.0555555555555561,0.,0.,0.;     569P    604
126,8,2,0,1,0,0,-3.14159265358979,-3.14159265358979,                 571P    605
-3.14159265358979,-1.5707963267949,-1.5707963267949,0.,0.,           571P    606
1.5707963267949,1.5707963267949,3.14159265358979,                    571P    607
3.14159265358979,3.14159265358979,1.,0.707106781186548,1.,           571P    608
0.707106781186548,1.,0.707106781186548,1.,0.707106781186548,1.,      571P    609
-9.76607765571305D-16,4.5,-5.51091059616309D-16,                     571P    610
-9.76607765571305D-16,4.5,-4.5,-1.73472347597681D-15,                571P    611
-2.71499341573519D-15,-4.5,-2.49283918638231D-15,                    571P    612
-4.50000000000001,-4.5,-2.49283918638231D-15,-4.50000000000001,      571P    613
0.,-2.49283918638231D-15,-4.50000000000001,4.5,                      571P    614
-1.73472347597681D-15,-2.71499341573519D-15,4.5,                     571P    615
-9.76607765571305D-16,4.5,4.5,-9.76607765571305D-16,4.5,             571P    616
5.51091059616309D-16,-3.14159265358979,3.14159265358979,0.,0.,       571P    617
0.;                                                                  571P    618
126,1,1,0,0,1,0,-3.21777777777778,-3.21777777777778,                 573P    619
-3.16222222222222,-3.16222222222222,1.,1.,0.,4.5,0.,                 573P    620
-0.250000000000001,4.5,0.,-3.21777777777778,-3.16222222222222,       573P    621
0.,0.,0.;                                                            573P    622
126,8,2,0,1,0,0,-3.14159265358979,-3.14159265358979,                 575P    623
-3.14159265358979,-1.5707963267949,-1.5707963267949,0.,0.,           575P    624
1.5707963267949,1.5707963267949,3.14159265358979,                    575P    625
3.14159265358979,3.14159265358979,1.,0.707106781186548,1.,           575P    626
0.707106781186548,1.,0.707106781186548,1.,0.707106781186548,1.,      575P    627
-0.249999999999999,4.5,-5.51091059616309D-16,-0.249999999999999,     575P    628
4.5,-4.5,-0.25,-2.67287587626822D-15,-4.5,-0.250000000000001,        575P    629
-4.50000000000001,-4.5,-0.250000000000001,-4.50000000000001,0.,      575P    630
-0.250000000000001,-4.50000000000001,4.5,-0.25,                      575P    631
-2.67287587626822D-15,4.5,-0.249999999999999,4.5,4.5,                575P    632
-0.249999999999999,4.5,5.51091059616309D-16,-3.14159265358979,       575P    633
3.14159265358979,0.,0.,0.;                                           575P    634
126,1,1,0,0,1,0,0.,0.,0.0785674201318382,0.0785674201318382,1.,      577P    635
1.,-0.249999999999999,4.5,0.,6.59194920871187D-16,4.25,0.,0.,        577P    636
0.0785674201318382,0.,0.,0.;                                         577P    637
126,8,2,0,1,0,0,-3.14159265358979,-3.14159265358979,                 579P    638
-3.14159265358979,-1.5707963267949,-1.5707963267949,0.,0.,           579P    639
1.5707963267949,1.5707963267949,3.14159265358979,                    579P    640
3.14159265358979,3.14159265358979,1.,0.707106781186548,1.,           579P    641
0.707106781186547,1.,0.707106781186547,1.,0.707106781186548,1.,      579P    642
7.1599817093853D-16,4.25,-5.20474889637626D-16,                      579P    643
7.1599817093853D-16,4.25,-4.25000000000001,                          579P    644
-4.38422434117615D-32,-2.69968533074585D-15,-4.25000000000001,       579P    645
-7.1599817093853D-16,-4.25000000000001,-4.25000000000001,            579P    646
-7.1599817093853D-16,-4.25000000000001,0.,-7.1599817093853D-16,      579P    647
-4.25000000000001,4.25000000000001,-4.38422434117615D-32,            579P    648
-2.69968533074585D-15,4.25000000000001,7.1599817093853D-16,4.25,     579P    649
4.25000000000001,7.1599817093853D-16,4.25,5.20474889637626D-16,      579P    650
-3.14159265358979,3.14159265358979,0.,0.,0.;                         579P    651
126,7,3,0,0,1,0,-1.94436923569788,-1.94436923569788,                 581P    652
-1.94436923569788,-1.94436923569788,-1.91284672133916,               581P    653
-1.91284672133916,-1.88327027601207,-1.88327027601207,               581P    654
-1.85969247495017,-1.85969247495017,-1.85969247495017,               581P    655
-1.85969247495017,1.,1.,1.,1.,1.,1.,1.,1.,-10.6885302400345,4.6,     581P    656
0.,-10.6885302400345,4.6,0.105075047862464,-10.7400934225272,        581P    657
4.6,0.220139989504884,-10.8371555377072,4.6,0.39918647621846,        581P    658
-10.9003829229728,4.6,0.499179254175057,-10.9969153173969,4.6,       581P    659
0.647754286606882,-11.0442810043595,4.6,0.718884640189073,           581P    660
-11.0923528787906,4.6,0.790584563368721,-1.94436923569788,           581P    661
-1.85969247495017,0.,0.,0.;                                          581P    662
126,5,3,0,0,1,0,-1.85969247495017,-1.85969247495017,                 583P    663
-1.85969247495017,-1.85969247495017,-1.82932716172843,               583P    664
-1.82932716172843,-1.79459227264582,-1.79459227264582,               583P    665
-1.79459227264582,-1.79459227264582,1.,1.,1.,1.,1.,1.,               583P    666
-11.0923528787906,4.6,0.790584563368721,-11.154263551479,4.6,        583P    667
0.882925262130617,-11.2172886286879,4.6,0.97624881160634,            583P    668
-11.3381862815564,4.6,1.15645161457656,-11.4109586975848,4.6,        583P    669
1.26564569437139,-11.48,4.6,1.37113092008021,-1.85969247495017,      583P    670
-1.79459227264582,0.,0.,0.;                                          583P    671
126,4,2,0,0,0,0,0.289686993997123,0.289686993997123,                 585P    672
0.289686993997123,1.5707963267949,1.5707963267949,                   585P    673
2.85190565959267,2.85190565959267,2.85190565959267,1.,               585P    674
0.801764390272077,1.,0.801764390272077,1.,-11.48,-4.6,               585P    675
1.37113092008022,-11.48,-3.57795034426412,4.80000000000001,          585P    676
-11.48,4.52974481280172D-15,4.8,-11.48,3.57795034426413,4.8,         585P    677
-11.48,4.6,1.37113092008021,0.289686993997123,2.85190565959267,      585P    678
0.,0.,0.;                                                            585P    679
126,5,3,0,0,1,0,-2.09414619875003,-2.09414619875003,                 587P    680
-2.09414619875003,-2.09414619875003,-2.05941130966743,               587P    681
-2.05941130966743,-2.02904599644567,-2.02904599644567,               587P    682
-2.02904599644567,-2.02904599644567,1.,1.,1.,1.,1.,1.,-11.48,        587P    683
-4.6,1.37113092008023,-11.4109586975848,-4.6,1.26564569437138,       587P    684
-11.3381862815563,-4.6,1.15645161457653,-11.2172886286879,-4.6,      587P    685
0.976248811606289,-11.154263551479,-4.6,0.882925262130549,           587P    686
-11.0923528787905,-4.6,0.790584563368637,-2.09414619875003,          587P    687
-2.02904599644567,0.,0.,0.;                                          587P    688
126,7,3,0,0,1,0,-2.02904599644567,-2.02904599644567,                 589P    689
-2.02904599644567,-2.02904599644567,-2.00546819538376,               589P    690
-2.00546819538376,-1.97589175005663,-1.97589175005663,               589P    691
-1.94436923569788,-1.94436923569788,-1.94436923569788,               589P    692
-1.94436923569788,1.,1.,1.,1.,1.,1.,1.,1.,-11.0923528787905,         589P    693
-4.6,0.790584563368637,-11.0442810043594,-4.6,0.718884640189003,     589P    694
-10.9969153173969,-4.6,0.647754286606824,-10.9003829229727,-4.6,     589P    695
0.499179254175009,-10.8371555377072,-4.6,0.399186476218409,          589P    696
-10.7400934225271,-4.6,0.220139989504845,-10.6885302400344,-4.6,     589P    697
0.105075047862447,-10.6885302400344,-4.6,0.,-2.02904599644567,       589P    698
-1.94436923569788,0.,0.,0.;                                          589P    699
126,7,3,0,0,1,0,-1.94436923569788,-1.94436923569788,                 591P    700
-1.94436923569788,-1.94436923569788,-1.91284672133916,               591P    701
-1.91284672133916,-1.88327027601207,-1.88327027601207,               591P    702
-1.85969247495018,-1.85969247495018,-1.85969247495018,               591P    703
-1.85969247495018,1.,1.,1.,1.,1.,1.,1.,1.,-10.6885302400344,         591P    704
-4.6,0.,-10.6885302400346,-4.6,-0.105075047862447,                   591P    705
-10.7400934225271,-4.6,-0.220139989504845,-10.8371555377072,         591P    706
-4.6,-0.399186476218409,-10.9003829229727,-4.6,                      591P    707
-0.499179254175009,-10.9969153173969,-4.6,-0.647754286606852,        591P    708
-11.0442810043594,-4.6,-0.718884640189062,-11.0923528787906,         591P    709
-4.6,-0.790584563368726,-1.94436923569788,-1.85969247495018,0.,      591P    710
0.,0.;                                                               591P    711
126,5,3,0,0,1,0,-1.85969247495018,-1.85969247495018,                 593P    712
-1.85969247495018,-1.85969247495018,-1.82932716172843,               593P    713
-1.82932716172843,-1.79459227264582,-1.79459227264582,               593P    714
-1.79459227264582,-1.79459227264582,1.,1.,1.,1.,1.,1.,               593P    715
-11.0923528787906,-4.6,-0.790584563368726,-11.154263551479,-4.6,     593P    716
-0.882925262130609,-11.2172886286879,-4.6,-0.976248811606316,        593P    717
-11.3381862815563,-4.6,-1.15645161457653,-11.4109586975848,-4.6,     593P    718
-1.26564569437138,-11.48,-4.6,-1.37113092008021,                     593P    719
-1.85969247495018,-1.79459227264582,0.,0.,0.;                        593P    720
126,4,2,0,0,0,0,-2.85190565959267,-2.85190565959267,                 595P    721
-2.85190565959267,-1.5707963267949,-1.5707963267949,                 595P    722
-0.28968699399712,-0.28968699399712,-0.28968699399712,1.,            595P    723
0.801764390272077,1.,0.801764390272077,1.,-11.48,4.6,                595P    724
-1.37113092008022,-11.48,3.57795034426412,-4.80000000000001,         595P    725
-11.48,-3.99676801631949D-15,-4.8,-11.48,-3.57795034426413,-4.8,     595P    726
-11.48,-4.6,-1.37113092008021,-2.85190565959267,                     595P    727
-0.28968699399712,0.,0.,0.;                                          595P    728
126,5,3,0,0,1,0,-2.09414619875003,-2.09414619875003,                 597P    729
-2.09414619875003,-2.09414619875003,-2.05941130966743,               597P    730
-2.05941130966743,-2.02904599644567,-2.02904599644567,               597P    731
-2.02904599644567,-2.02904599644567,1.,1.,1.,1.,1.,1.,-11.48,        597P    732
4.6,-1.37113092008022,-11.4109586975848,4.6,-1.26564569437139,       597P    733
-11.3381862815564,4.6,-1.15645161457656,-11.2172886286879,4.6,       597P    734
-0.976248811606314,-11.154263551479,4.6,-0.882925262130561,          597P    735
-11.0923528787905,4.6,-0.790584563368637,-2.09414619875003,          597P    736
-2.02904599644567,0.,0.,0.;                                          597P    737
126,7,3,0,0,1,0,-2.02904599644567,-2.02904599644567,                 599P    738
-2.02904599644567,-2.02904599644567,-2.00546819538376,               599P    739
-2.00546819538376,-1.97589175005663,-1.97589175005663,               599P    740
-1.94436923569788,-1.94436923569788,-1.94436923569788,               599P    741
-1.94436923569788,1.,1.,1.,1.,1.,1.,1.,1.,-11.0923528787905,4.6,     599P    742
-0.790584563368637,-11.0442810043594,4.6,-0.718884640189018,         599P    743
-10.9969153173969,4.6,-0.647754286606857,-10.9003829229728,4.6,      599P    744
-0.499179254175057,-10.8371555377072,4.6,-0.39918647621846,          599P    745
-10.7400934225272,4.6,-0.220139989504884,-10.6885302400345,4.6,      599P    746
-0.105075047862464,-10.6885302400345,4.6,0.,-2.02904599644567,       599P    747
-1.94436923569788,0.,0.,0.;                                          599P    748
126,2,2,0,0,0,0,3.05921748658556,3.05921748658556,                   601P    749
3.05921748658556,3.22396782059403,3.22396782059403,                  601P    750
3.22396782059403,0.959930181125268,0.956584957865901,                601P    751
0.959930181125268,-10.6885302400345,4.6,5.07793213930317D-13,        601P    752
-10.479999999999,4.58254522814281,-4.461620648722D-13,               601P    753
-10.2714697599655,4.6,-5.05024177796884D-13,3.05921748658556,        601P    754
3.22396782059403,0.,0.,0.;                                           601P    755
126,7,3,0,0,1,0,-3.8887384713958,-3.8887384713958,                   603P    756
-3.8887384713958,-3.8887384713958,-3.85721595703708,                 603P    757
-3.85721595703708,-3.82763951170999,-3.82763951170999,               603P    758
-3.8040617106481,-3.8040617106481,-3.8040617106481,                  603P    759
-3.8040617106481,1.,1.,1.,1.,1.,1.,1.,1.,-10.2714697599655,4.6,      603P    760
-5.06261699229151D-13,-10.2714697599654,4.6,-0.105075047862967,      603P    761
-10.2199065774728,4.6,-0.220139989504878,-10.1228444622928,4.6,      603P    762
-0.399186476218453,-10.0596170770272,4.6,-0.49917925417505,          603P    763
-9.96308468260309,4.6,-0.647754286606879,-9.91571899564054,4.6,      603P    764
-0.718884640189072,-9.86764712120943,4.6,-0.790584563368721,         603P    765
-3.8887384713958,-3.8040617106481,0.,0.,0.;                          603P    766
126,5,3,0,0,1,0,-3.8040617106481,-3.8040617106481,                   605P    767
-3.8040617106481,-3.8040617106481,-3.77369639742635,                 605P    768
-3.77369639742635,-3.73896150834375,-3.73896150834375,               605P    769
-3.73896150834375,-3.73896150834375,1.,1.,1.,1.,1.,1.,               605P    770
-9.86764712120943,4.6,-0.790584563368721,-9.80573644852098,4.6,      605P    771
-0.882925262130616,-9.74271137131207,4.6,-0.976248811606338,         605P    772
-9.62181371844364,4.6,-1.15645161457655,-9.5490413024152,4.6,        605P    773
-1.26564569437138,-9.48,4.6,-1.37113092008021,-3.8040617106481,      605P    774
-3.73896150834375,0.,0.,0.;                                          605P    775
126,4,2,0,0,0,0,-2.85190565959267,-2.85190565959267,                 607P    776
-2.85190565959267,-1.5707963267949,-1.5707963267949,                 607P    777
-0.289686993997123,-0.289686993997123,-0.289686993997123,1.,         607P    778
0.801764390272077,1.,0.801764390272078,1.,-9.48,4.6,                 607P    779
-1.37113092008021,-9.48,3.57795034426413,-4.8,-9.48,                 607P    780
5.25861860070609D-15,-4.8,-9.48,-3.57795034426412,                   607P    781
-4.80000000000001,-9.48,-4.6,-1.37113092008022,                      607P    782
-2.85190565959267,-0.289686993997123,0.,0.,0.;                       607P    783
126,5,3,0,0,1,0,-0.149776963052106,-0.149776963052106,               609P    784
-0.149776963052106,-0.149776963052106,-0.115042073969497,            609P    785
-0.115042073969497,-0.0846767607477432,-0.0846767607477432,          609P    786
-0.0846767607477432,-0.0846767607477432,1.,1.,1.,1.,1.,1.,-9.48,     609P    787
-4.6,-1.37113092008022,-9.5490413024152,-4.6,-1.26564569437139,      609P    788
-9.62181371844365,-4.6,-1.15645161457654,-9.74271137131211,-4.6,     609P    789
-0.976248811606292,-9.80573644852104,-4.6,-0.882925262130552,        609P    790
-9.8676471212095,-4.6,-0.790584563368639,-0.149776963052106,         609P    791
-0.0846767607477432,0.,0.,0.;                                        609P    792
126,7,3,0,0,1,0,-0.0846767607477432,-0.0846767607477432,             611P    793
-0.0846767607477432,-0.0846767607477432,-0.0610989596858295,         611P    794
-0.0610989596858295,-0.031522514358705,-0.031522514358705,           611P    795
5.05151476204446D-14,5.05151476204446D-14,5.05151476204446D-14,      611P    796
5.05151476204446D-14,1.,1.,1.,1.,1.,1.,1.,1.,-9.8676471212095,       611P    797
-4.6,-0.790584563368639,-9.9157189956406,-4.6,                       611P    798
-0.718884640189009,-9.96308468260313,-4.6,-0.647754286606835,        611P    799
-10.0596170770273,-4.6,-0.499179254175027,-10.1228444622928,         611P    800
-4.6,-0.399186476218432,-10.2199065774729,-4.6,                      611P    801
-0.220139989504865,-10.2714697599656,-4.6,-0.105075047862456,        611P    802
-10.2714697599656,-4.6,0.,-0.0846767607477432,                       611P    803
5.05151476204446D-14,0.,0.,0.;                                       611P    804
126,7,3,0,0,1,0,-3.88873847139581,-3.88873847139581,                 613P    805
-3.88873847139581,-3.88873847139581,-3.85721595703709,               613P    806
-3.85721595703709,-3.82763951171,-3.82763951171,                     613P    807
-3.8040617106481,-3.8040617106481,-3.8040617106481,                  613P    808
-3.8040617106481,1.,1.,1.,1.,1.,1.,1.,1.,-10.2714697599656,-4.6,     613P    809
5.06261699229148D-13,-10.2714697599654,-4.6,0.105075047862962,       613P    810
-10.2199065774729,-4.6,0.220139989504865,-10.1228444622928,-4.6,     613P    811
0.399186476218432,-10.0596170770273,-4.6,0.499179254175027,          613P    812
-9.96308468260311,-4.6,0.647754286606862,-9.91571899564056,-4.6,     613P    813
0.718884640189066,-9.86764712120944,-4.6,0.790584563368726,          613P    814
-3.88873847139581,-3.8040617106481,0.,0.,0.;                         613P    815
126,5,3,0,0,1,0,-3.8040617106481,-3.8040617106481,                   615P    816
-3.8040617106481,-3.8040617106481,-3.77369639742636,                 615P    817
-3.77369639742636,-3.73896150834375,-3.73896150834375,               615P    818
-3.73896150834375,-3.73896150834375,1.,1.,1.,1.,1.,1.,               615P    819
-9.86764712120944,-4.6,0.790584563368726,-9.805736448521,-4.6,       615P    820
0.88292526213061,-9.74271137131209,-4.6,0.976248811606318,           615P    821
-9.62181371844366,-4.6,1.15645161457653,-9.5490413024152,-4.6,       615P    822
1.26564569437138,-9.48000000000001,-4.6,1.37113092008022,            615P    823
-3.8040617106481,-3.73896150834375,0.,0.,0.;                         615P    824
126,4,2,0,0,0,0,0.289686993997121,0.289686993997121,                 617P    825
0.289686993997121,1.5707963267949,1.5707963267949,                   617P    826
2.85190565959267,2.85190565959267,2.85190565959267,1.,               617P    827
0.801764390272077,1.,0.801764390272077,1.,-9.48,-4.6,                617P    828
1.37113092008022,-9.48,-3.57795034426413,4.8,-9.48,                  617P    829
-7.04519174946604D-17,4.8,-9.48,3.57795034426412,4.8,-9.48,4.6,      617P    830
1.37113092008022,0.289686993997121,2.85190565959267,0.,0.,0.;        617P    831
126,5,3,0,0,1,0,-0.149776963052105,-0.149776963052105,               619P    832
-0.149776963052105,-0.149776963052105,-0.1150420739695,              619P    833
-0.1150420739695,-0.0846767607477421,-0.0846767607477421,            619P    834
-0.0846767607477421,-0.0846767607477421,1.,1.,1.,1.,1.,1.,-9.48,     619P    835
4.6,1.37113092008022,-9.54904130241519,4.6,1.26564569437139,         619P    836
-9.62181371844364,4.6,1.15645161457655,-9.74271137131209,4.6,        619P    837
0.976248811606311,-9.80573644852102,4.6,0.882925262130558,           619P    838
-9.86764712120949,4.6,0.790584563368634,-0.149776963052105,          619P    839
-0.0846767607477421,0.,0.,0.;                                        619P    840
126,7,3,0,0,1,0,-0.0846767607477421,-0.0846767607477421,             621P    841
-0.0846767607477421,-0.0846767607477421,-0.061098959685832,          621P    842
-0.061098959685832,-0.0315225143587065,-0.0315225143587065,          621P    843
5.05012698326368D-14,5.05012698326368D-14,5.05012698326368D-14,      621P    844
5.05012698326368D-14,1.,1.,1.,1.,1.,1.,1.,1.,-9.86764712120949,      621P    845
4.6,0.790584563368634,-9.91571899564058,4.6,0.718884640189015,       621P    846
-9.96308468260311,4.6,0.647754286606852,-10.0596170770272,4.6,       621P    847
0.49917925417505,-10.1228444622928,4.6,0.399186476218453,            621P    848
-10.2199065774728,4.6,0.220139989504878,-10.2714697599655,4.6,       621P    849
0.105075047862461,-10.2714697599655,4.6,0.,-0.0846767607477421,      621P    850
5.05012698326368D-14,0.,0.,0.;                                       621P    851
126,4,2,0,0,0,0,-3.14159265358979,-3.14159265358979,                 623P    852
-3.14159265358979,-1.5707963267949,-1.5707963267949,0.,0.,0.,1.,     623P    853
0.707106781186548,1.,0.707106781186548,1.,-10.48,-5.6,-1.,           623P    854
-11.48,-5.6,-1.,-11.48,-5.6,6.12323399573678D-17,-11.48,-5.6,1.,     623P    855
-10.48,-5.6,1.,-3.14159265358979,0.,0.,0.,0.;                        623P    856
126,1,1,0,0,1,0,-13.0284271247462,-13.0284271247462,                 625P    857
-12.0284271247462,-12.0284271247462,1.,1.,-10.48,-5.6,1.,-10.48,     625P    858
-4.6,1.,-13.0284271247462,-12.0284271247462,0.,0.,0.;                625P    859
126,2,2,0,0,0,0,3.14159265358979,3.14159265358979,                   627P    860
3.14159265358979,3.8006259519074,3.8006259519074,                    627P    861
3.8006259519074,1.,0.946198859481642,1.,-10.48,-4.6,1.,              627P    862
-10.8219848977356,-4.6,1.,-11.0923528787906,-4.6,                    627P    863
0.790584563368721,3.14159265358979,3.8006259519074,0.,0.,0.;         627P    864
126,4,2,0,0,0,0,-2.48255935527219,-2.48255935527219,                 629P    865
-2.48255935527219,-1.57079632679489,-1.57079632679489,               629P    866
-0.659033298317598,-0.659033298317598,-0.659033298317598,1.,         629P    867
0.897873286937122,1.,0.897873286937148,1.,-11.0923528787906,         629P    868
-4.6,0.790584563368721,-11.48,-4.6,0.490329737223369,-11.48,         629P    869
-4.6,-3.83599062368291D-15,-11.48,-4.6,-0.490329737223377,           629P    870
-11.0923528787906,-4.6,-0.790584563368726,-2.48255935527219,         629P    871
-0.659033298317598,0.,0.,0.;                                         629P    872
126,2,2,0,0,0,0,-0.659033298317598,-0.659033298317598,               631P    873
-0.659033298317598,0.659033298317608,0.659033298317608,              631P    874
0.659033298317608,1.,0.790584563368721,1.,-11.0923528787906,         631P    875
-4.6,-0.790584563368726,-10.48,-4.6,-1.26488682720916,               631P    876
-9.86764712120944,-4.6,-0.79058456336872,-0.659033298317598,         631P    877
0.659033298317608,0.,0.,0.;                                          631P    878
126,4,2,0,0,0,0,0.659033298317608,0.659033298317608,                 633P    879
0.659033298317608,1.5707963267949,1.5707963267949,                   633P    880
2.48255935527219,2.48255935527219,2.48255935527219,1.,               633P    881
0.897873286937117,1.,0.897873286937131,1.,-9.86764712120944,         633P    882
-4.6,-0.79058456336872,-9.48,-4.6,-0.490329737223367,-9.48,-4.6,     633P    883
2.15921370929295D-15,-9.48,-4.6,0.490329737223371,                   633P    884
-9.86764712120944,-4.6,0.790584563368722,0.659033298317608,          633P    885
2.48255935527219,0.,0.,0.;                                           633P    886
126,2,2,0,0,0,0,2.48255935527219,2.48255935527219,                   635P    887
2.48255935527219,3.14159265358979,3.14159265358979,                  635P    888
3.14159265358979,1.,0.946198859481654,1.,-9.86764712120944,-4.6,     635P    889
0.790584563368722,-10.1380151022644,-4.6,1.,-10.48,-4.6,1.,          635P    890
2.48255935527219,3.14159265358979,0.,0.,0.;                          635P    891
126,4,2,0,0,0,0,0.,0.,0.,1.5707963267949,1.5707963267949,            637P    892
3.14159265358979,3.14159265358979,3.14159265358979,1.,               637P    893
0.707106781186546,1.,0.707106781186546,1.,-10.48,-5.6,1.,-9.48,      637P    894
-5.6,1.,-9.48,-5.6,6.12323399573678D-17,-9.48,-5.6,-1.,-10.48,       637P    895
-5.6,-1.,0.,3.14159265358979,0.,0.,0.;                               637P    896
126,4,2,0,0,0,0,0.,0.,0.,1.5707963267949,1.5707963267949,            639P    897
3.14159265358979,3.14159265358979,3.14159265358979,1.,               639P    898
0.707106781186546,1.,0.707106781186546,1.,-10.48,5.6,1.,-9.48,       639P    899
5.6,1.,-9.48,5.6,6.12323399573678D-17,-9.48,5.6,-1.,-10.48,5.6,      639P    900
-1.,0.,3.14159265358979,0.,0.,0.;                                    639P    901
126,4,2,0,0,0,0,3.14159265358979,3.14159265358979,                   641P    902
3.14159265358979,4.71238898038469,4.71238898038469,                  641P    903
6.28318530717959,6.28318530717959,6.28318530717959,1.,               641P    904
0.707106781186548,1.,0.707106781186548,1.,-10.48,5.6,-1.,-11.48,     641P    905
5.6,-1.,-11.48,5.6,-1.83697019872103D-16,-11.48,5.6,1.,-10.48,       641P    906
5.6,1.,3.14159265358979,6.28318530717959,0.,0.,0.;                   641P    907
126,1,1,0,0,1,0,-3.82842712474619,-3.82842712474619,                 643P    908
-2.82842712474619,-2.82842712474619,1.,1.,-10.48,5.6,-1.,-10.48,     643P    909
4.6,-1.,-3.82842712474619,-2.82842712474619,0.,0.,0.;                643P    910
126,2,2,0,0,0,0,-3.8006259519074,-3.8006259519074,                   645P    911
-3.8006259519074,-3.14159265358979,-3.14159265358979,                645P    912
-3.14159265358979,1.,0.946198859481646,1.,-11.0923528787906,4.6,     645P    913
-0.790584563368719,-10.8219848977356,4.6,-1.,-10.48,4.6,-1.,         645P    914
-3.8006259519074,-3.14159265358979,0.,0.,0.;                         645P    915
126,4,2,0,0,0,0,0.659033298317602,0.659033298317602,                 647P    916
0.659033298317602,1.57079632679489,1.57079632679489,                 647P    917
2.48255935527218,2.48255935527218,2.48255935527218,1.,               647P    918
0.897873286937141,1.,0.897873286937146,1.,-11.0923528787906,4.6,     647P    919
0.790584563368724,-11.48,4.6,0.490329737223374,-11.48,4.6,           647P    920
3.83599062368291D-15,-11.48,4.6,-0.490329737223367,                  647P    921
-11.0923528787906,4.6,-0.790584563368719,0.659033298317602,          647P    922
2.48255935527218,0.,0.,0.;                                           647P    923
126,2,2,0,0,0,0,-0.659033298317628,-0.659033298317628,               649P    924
-0.659033298317628,0.659033298317593,0.659033298317593,              649P    925
0.659033298317593,1.,0.790584563368718,1.,-9.86764712120943,4.6,     649P    926
0.790584563368713,-10.48,4.6,1.26488682720917,-11.0923528787906,     649P    927
4.6,0.790584563368724,-0.659033298317628,0.659033298317593,0.,       649P    928
0.,0.;                                                               649P    929
126,4,2,0,0,0,0,0.659033298317619,0.659033298317619,                 651P    930
0.659033298317619,1.5707963267949,1.5707963267949,                   651P    931
2.48255935527218,2.48255935527218,2.48255935527218,1.,               651P    932
0.897873286937124,1.,0.897873286937132,1.,-9.86764712120943,4.6,     651P    933
0.790584563368713,-9.48,4.6,0.49032973722336,-9.48,4.6,              651P    934
-4.15761515361823D-15,-9.48,4.6,-0.490329737223368,                  651P    935
-9.86764712120943,4.6,-0.790584563368718,0.659033298317619,          651P    936
2.48255935527218,0.,0.,0.;                                           651P    937
126,2,2,0,0,0,0,-3.14159265358979,-3.14159265358979,                 653P    938
-3.14159265358979,-2.48255935527218,-2.48255935527218,               653P    939
-2.48255935527218,1.,0.946198859481641,1.,-10.48,4.6,-1.,            653P    940
-10.1380151022644,4.6,-1.,-9.86764712120943,4.6,                     653P    941
-0.790584563368718,-3.14159265358979,-2.48255935527218,0.,0.,0.;     653P    942
126,4,2,0,0,0,0,-6.28318530717959,-6.28318530717959,                 655P    943
-6.28318530717959,-4.71238898038469,-4.71238898038469,               655P    944
-3.14159265358979,-3.14159265358979,-3.14159265358979,1.,            655P    945
0.707106781186547,1.,0.707106781186548,1.,-14.38,-4.5,               655P    946
1.10218211923262D-15,-14.38,-4.5,4.5,-14.38,                         655P    947
8.09789573637675D-16,4.5,-14.38,4.5,4.5,-14.38,4.5,                  655P    948
-5.51091059616309D-16,-6.28318530717959,-3.14159265358979,0.,0.,     655P    949
0.;                                                                  655P    950
126,4,2,0,0,0,0,-3.14159265358979,-3.14159265358979,                 657P    951
-3.14159265358979,-1.5707963267949,-1.5707963267949,                 657P    952
1.22464679914735D-16,1.22464679914735D-16,1.22464679914735D-16,      657P    953
1.,0.707106781186548,1.,0.707106781186548,1.,-14.38,4.5,             657P    954
-5.51091059616309D-16,-14.38,4.5,-4.5,-14.38,                        657P    955
-2.92392545594943D-16,-4.5,-14.38,-4.5,-4.5,-14.38,-4.5,             657P    956
5.51091059616309D-16,-3.14159265358979,1.22464679914735D-16,0.,      657P    957
0.,0.;                                                               657P    958
126,1,1,0,0,1,0,-0.0222222222222219,-0.0222222222222219,             659P    959
1.70002900645727D-16,1.70002900645727D-16,1.,1.,-14.38,4.5,0.,       659P    960
-14.48,4.5,0.,-0.0222222222222219,1.70002900645727D-16,0.,0.,0.;     659P    961
126,4,2,0,0,0,0,-3.14159265358979,-3.14159265358979,                 661P    962
-3.14159265358979,-1.5707963267949,-1.5707963267949,0.,0.,0.,1.,     661P    963
0.707106781186548,1.,0.707106781186548,1.,-14.48,4.5,                661P    964
-5.51091059616309D-16,-14.48,4.5,-4.5,-14.48,                        661P    965
-2.75545529808154D-16,-4.5,-14.48,-4.5,-4.5,-14.48,-4.5,0.,          661P    966
-3.14159265358979,0.,0.,0.,0.;                                       661P    967
126,4,2,0,0,0,0,-6.28318530717959,-6.28318530717959,                 663P    968
-6.28318530717959,-4.71238898038469,-4.71238898038469,               663P    969
-3.14159265358979,-3.14159265358979,-3.14159265358979,1.,            663P    970
0.707106781186548,1.,0.707106781186548,1.,-14.48,-4.5,               663P    971
1.10218211923262D-15,-14.48,-4.5,4.5,-14.48,                         663P    972
8.26636589424464D-16,4.5,-14.48,4.5,4.5,-14.48,4.5,                  663P    973
-5.51091059616309D-16,-6.28318530717959,-3.14159265358979,0.,0.,     663P    974
0.;                                                                  663P    975
126,1,1,0,0,1,0,-0.032141217326661,-0.032141217326661,               665P    976
1.19126391055951D-16,1.19126391055951D-16,1.,1.,-14.38,-4.5,0.,      665P    977
-14.48,-4.4,0.,-0.032141217326661,1.19126391055951D-16,0.,0.,0.;     665P    978
126,4,2,0,0,0,0,-3.14159265358979,-3.14159265358979,                 667P    979
-3.14159265358979,-1.5707963267949,-1.5707963267949,0.,0.,0.,1.,     667P    980
0.707106781186548,1.,0.707106781186548,1.,-14.48,4.4,                667P    981
-5.38844591624835D-16,-14.48,4.4,-4.4,-14.48,                        667P    982
-2.69422295812418D-16,-4.4,-14.48,-4.4,-4.4,-14.48,-4.4,0.,          667P    983
-3.14159265358979,0.,0.,0.,0.;                                       667P    984
126,4,2,0,0,0,0,0.,0.,0.,1.5707963267949,1.5707963267949,            669P    985
3.14159265358979,3.14159265358979,3.14159265358979,1.,               669P    986
0.707106781186548,1.,0.707106781186548,1.,-14.48,-4.4,0.,-14.48,     669P    987
-4.4,4.4,-14.48,-2.69422295812418D-16,4.4,-14.48,4.4,4.4,-14.48,     669P    988
4.4,5.38844591624835D-16,0.,3.14159265358979,0.,0.,0.;               669P    989
126,4,2,0,0,0,0,-6.28318530717959,-6.28318530717959,                 671P    990
-6.28318530717959,-4.71238898038469,-4.71238898038469,               671P    991
-3.14159265358979,-3.14159265358979,-3.14159265358979,1.,            671P    992
0.707106781186547,1.,0.707106781186548,1.,-13.98,-3.82,              671P    993
9.35630154548578D-16,-13.98,-3.82,3.82,-13.98,                       671P    994
6.17487536977489D-16,3.82,-13.98,3.82,3.82,-13.98,3.82,              671P    995
-4.67815077274289D-16,-6.28318530717959,-3.14159265358979,0.,0.,     671P    996
0.;                                                                  671P    997
126,4,2,0,0,0,0,-3.14159265358979,-3.14159265358979,                 673P    998
-3.14159265358979,-1.5707963267949,-1.5707963267949,0.,0.,0.,1.,     673P    999
0.707106781186547,1.,0.707106781186548,1.,-13.98,3.82,               673P   1000
-4.67815077274289D-16,-13.98,3.82,-3.82,-13.98,                      673P   1001
-3.18142617571089D-16,-3.82,-13.98,-3.82,-3.82,-13.98,-3.82,0.,      673P   1002
-3.14159265358979,0.,0.,0.,0.;                                       673P   1003
126,1,1,0,0,1,0,-1.44461968565391D-16,-1.44461968565391D-16,         675P   1004
0.152642719760349,0.152642719760349,1.,1.,-13.98,3.82,0.,-14.48,     675P   1005
4.12,0.,-1.44461968565391D-16,0.152642719760349,0.,0.,0.;            675P   1006
126,4,2,0,0,0,0,-3.14159265358979,-3.14159265358979,                 677P   1007
-3.14159265358979,-1.5707963267949,-1.5707963267949,0.,0.,0.,1.,     677P   1008
0.707106781186548,1.,0.707106781186548,1.,-14.48,4.12,               677P   1009
-5.0455448124871D-16,-14.48,4.12,-4.12,-14.48,                       677P   1010
-2.52277240624354D-16,-4.12,-14.48,-4.12,-4.12,-14.48,-4.12,0.,      677P   1011
-3.14159265358979,0.,0.,0.,0.;                                       677P   1012
126,4,2,0,0,0,0,-6.28318530717959,-6.28318530717959,                 679P   1013
-6.28318530717959,-4.71238898038469,-4.71238898038469,               679P   1014
-3.14159265358979,-3.14159265358979,-3.14159265358979,1.,            679P   1015
0.707106781186548,1.,0.707106781186548,1.,-14.48,-4.12,              679P   1016
1.00910896249742D-15,-14.48,-4.12,4.12,-14.48,                       679P   1017
7.56831721873065D-16,4.12,-14.48,4.12,4.12,-14.48,4.12,              679P   1018
-5.0455448124871D-16,-6.28318530717959,-3.14159265358979,0.,0.,      679P   1019
0.;                                                                  679P   1020
126,4,2,0,0,0,0,-6.28318530717959,-6.28318530717959,                 681P   1021
-6.28318530717959,-4.71238898038469,-4.71238898038469,               681P   1022
-3.14159265358979,-3.14159265358979,-3.14159265358979,1.,            681P   1023
0.707106781186547,1.,0.707106781186548,1.,-4.98,-3.75,               681P   1024
9.18485099360515D-16,-4.98,-3.75,3.75,-4.98,                         681P   1025
-9.11602675224561D-16,3.75,-4.98,3.75,3.75,-4.98,3.75,               681P   1026
-4.59242549680258D-16,-6.28318530717959,-3.14159265358979,0.,0.,     681P   1027
0.;                                                                  681P   1028
126,4,2,0,0,0,0,-3.14159265358979,-3.14159265358979,                 683P   1029
-3.14159265358979,-1.5707963267949,-1.5707963267949,0.,0.,0.,1.,     683P   1030
0.707106781186548,1.,0.707106781186548,1.,-4.98,3.75,                683P   1031
-4.59242549680258D-16,-4.98,3.75,-3.75,-4.98,                        683P   1032
-1.83008777458508D-15,-3.75,-4.98,-3.75,-3.75,-4.98,-3.75,0.,        683P   1033
-3.14159265358979,0.,0.,0.,0.;                                       683P   1034
126,1,1,0,0,1,0,-2.04398030195959D-17,-2.04398030195959D-17,         685P   1035
2.40007259149477,2.40007259149477,1.,1.,-4.98,3.75,0.,-13.98,        685P   1036
3.82,0.,-2.04398030195959D-17,2.40007259149477,0.,0.,0.;             685P   1037
126,4,2,0,0,0,0,0.,0.,0.,1.5707963267949,1.5707963267949,            687P   1038
3.14159265358979,3.14159265358979,3.14159265358979,1.,               687P   1039
0.707106781186548,1.,0.707106781186547,1.,-11.75,-2.3,0.,-11.75,     687P   1040
-2.3,2.3,-11.75,-6.00757912881283D-16,2.3,-11.75,2.3,2.3,-11.75,     687P   1041
2.3,2.81668763803891D-16,0.,3.14159265358979,0.,0.,0.;               687P   1042
126,4,2,0,0,0,0,3.14159265358979,3.14159265358979,                   689P   1043
3.14159265358979,4.71238898038469,4.71238898038469,                  689P   1044
6.28318530717959,6.28318530717959,6.28318530717959,1.,               689P   1045
0.707106781186548,1.,0.707106781186548,1.,-11.75,2.3,                689P   1046
2.81668763803891D-16,-11.75,2.3,-2.3,-11.75,                         689P   1047
-3.7420385273501D-17,-2.3,-11.75,-2.3,-2.3,-11.75,-2.3,              689P   1048
-5.63337527607783D-16,3.14159265358979,6.28318530717959,0.,0.,       689P   1049
0.;                                                                  689P   1050
126,1,1,0,0,1,0,1.18695652173913,1.18695652173913,                   691P   1051
4.13043478260869,4.13043478260869,1.,1.,-11.75,2.3,0.,-4.98,2.3,     691P   1052
0.,1.18695652173913,4.13043478260869,0.,0.,0.;                       691P   1053
126,4,2,0,0,0,0,3.14159265358979,3.14159265358979,                   693P   1054
3.14159265358979,4.71238898038469,4.71238898038469,                  693P   1055
6.28318530717959,6.28318530717959,6.28318530717959,1.,               693P   1056
0.707106781186548,1.,0.707106781186548,1.,-4.98,2.3,                 693P   1057
2.81668763803891D-16,-4.98,2.3,-2.3,-4.98,-1.17796335403911D-15,     693P   1058
-2.3,-4.98,-2.3,-2.3,-4.98,-2.3,-5.63337527607783D-16,               693P   1059
3.14159265358979,6.28318530717959,0.,0.,0.;                          693P   1060
126,4,2,0,0,0,0,0.,0.,0.,1.5707963267949,1.5707963267949,            695P   1061
3.14159265358979,3.14159265358979,3.14159265358979,1.,               695P   1062
0.707106781186548,1.,0.707106781186548,1.,-4.98,-2.3,0.,-4.98,       695P   1063
-2.3,2.3,-4.98,-1.74130088164689D-15,2.3,-4.98,2.3,2.3,-4.98,        695P   1064
2.3,2.81668763803891D-16,0.,3.14159265358979,0.,0.,0.;               695P   1065
126,2,2,0,0,0,0,-1.66439085790268,-1.66439085790268,                 697P   1066
-1.66439085790268,-1.47720179568711,-1.47720179568711,               697P   1067
-1.47720179568711,1.,0.99562322829335,1.,-5.6,-1.06531685427388,     697P   1068
-0.0999999999999995,-5.6,-1.07470373289115,3.29597460435593D-16,     697P   1069
-5.6,-1.06531685427388,0.1,-1.66439085790268,-1.47720179568711,      697P   1070
0.,0.,0.;                                                            697P   1071
126,1,1,0,0,1,0,0.,0.,0.00615,0.00615,1.,1.,-5.6,                    699P   1072
-1.06531685427388,-0.0999999999999997,-11.75,-1.06531685427388,      699P   1073
-0.0999999999999997,0.,0.00615,0.,0.,0.;                             699P   1074
126,2,2,0,0,0,0,-0.0935945311077819,-0.0935945311077819,             701P   1075
-0.0935945311077819,0.0935945311077825,0.0935945311077825,           701P   1076
0.0935945311077825,1.,0.99562322829338,1.,-11.75,                    701P   1077
-1.06531685427388,-0.0999999999999995,-11.75,-1.07470373289115,      701P   1078
1.90819582357449D-16,-11.75,-1.06531685427388,0.1,                   701P   1079
-0.0935945311077819,0.0935945311077825,0.,0.,0.;                     701P   1080
126,1,1,0,0,1,0,0.,0.,0.00615,0.00615,1.,1.,-5.6,                    703P   1081
-1.06531685427388,0.1,-11.75,-1.06531685427388,0.1,0.,0.00615,       703P   1082
0.,0.,0.;                                                            703P   1083
126,4,2,0,0,0,0,-6.28318530717959,-6.28318530717959,                 705P   1084
-6.28318530717959,-4.71238898038469,-4.71238898038469,               705P   1085
-3.14159265358979,-3.14159265358979,-3.14159265358979,1.,            705P   1086
0.707106781186547,1.,0.707106781186548,1.,-5.5,                      705P   1087
-0.625000000000002,1.53080849893419D-16,-5.5,-0.625000000000001,     705P   1088
0.625,-5.5,-1.39805138023358D-15,0.625,-5.5,0.624999999999999,       705P   1089
0.625,-5.5,0.624999999999998,-7.65404249467096D-17,                  705P   1090
-6.28318530717959,-3.14159265358979,0.,0.,0.;                        705P   1091
126,4,2,0,0,0,0,-3.14159265358979,-3.14159265358979,                 707P   1092
-3.14159265358979,-1.5707963267949,-1.5707963267949,0.,0.,0.,1.,     707P   1093
0.707106781186547,1.,0.707106781186548,1.,-5.5,                      707P   1094
0.624999999999998,-7.65404249467096D-17,-5.5,0.624999999999998,      707P   1095
-0.625,-5.5,-1.551132230127D-15,-0.625,-5.5,-0.625000000000002,      707P   1096
-0.625,-5.5,-0.625000000000002,0.,-3.14159265358979,0.,0.,0.,0.;     707P   1097
126,1,1,0,0,1,0,-14.368,-14.368,-14.208,-14.208,1.,1.,-5.5,          709P   1098
0.624999999999997,0.,-5.6,0.624999999999997,0.,-14.368,-14.208,      709P   1099
0.,0.,0.;                                                            709P   1100
126,2,2,0,0,0,0,-1.73148697974681,-1.73148697974681,                 711P   1101
-1.73148697974681,-1.5707963267949,-1.5707963267949,                 711P   1102
-1.5707963267949,1.,0.996774050209043,1.,-5.6,0.61694813396265,      711P   1103
-0.0999999999999999,-5.6,0.624999999999997,-0.0503241627334162,      711P   1104
-5.6,0.624999999999997,3.82702124733547D-17,-1.73148697974681,       711P   1105
-1.5707963267949,0.,0.,0.;                                           711P   1106
126,1,1,0,0,1,0,0.00273,0.00273,0.00888,0.00888,1.,1.,-11.75,        713P   1107
0.616948133962651,-0.0999999999999999,-5.6,0.61694813396265,         713P   1108
-0.0999999999999999,0.00273,0.00888,0.,0.,0.;                        713P   1109
126,2,2,0,0,0,0,-2.98090200063788,-2.98090200063788,                 715P   1110
-2.98090200063788,-1.73148697974681,-1.73148697974681,               715P   1111
-1.73148697974681,1.,0.811134219654454,1.,-11.75,                    715P   1112
0.616948133962649,-0.0999999999999997,-11.75,0.544844154682388,      715P   1113
-0.544844154682387,-11.75,0.100000000000001,-0.616948133962649,      715P   1114
-2.98090200063788,-1.73148697974681,0.,0.,0.;                        715P   1115
126,1,1,0,0,1,0,0.00273,0.00273,0.00888,0.00888,1.,1.,-11.75,        717P   1116
0.100000000000002,-0.616948133962651,-5.6,0.100000000000001,         717P   1117
-0.616948133962651,0.00273,0.00888,0.,0.,0.;                         717P   1118
126,2,2,0,0,0,0,2.98090200063789,2.98090200063789,                   719P   1119
2.98090200063789,3.30228330654171,3.30228330654171,                  719P   1120
3.30228330654171,1.,0.987117014340256,1.,-5.6,                       719P   1121
-0.099999999999998,-0.616948133962652,-5.6,2.0643209364124D-15,      719P   1122
-0.633156951932114,-5.6,0.100000000000002,-0.616948133962651,        719P   1123
2.98090200063789,3.30228330654171,0.,0.,0.;                          719P   1124
126,1,1,0,0,1,0,0.00273,0.00273,0.00888,0.00888,1.,1.,-11.75,        721P   1125
-0.0999999999999985,-0.616948133962652,-5.6,-0.0999999999999995,     721P   1126
-0.616948133962652,0.00273,0.00888,0.,0.,0.;                         721P   1127
126,2,2,0,0,0,0,-1.41010567384299,-1.41010567384299,                 723P   1128
-1.41010567384299,-0.160690652951911,-0.160690652951911,             723P   1129
-0.160690652951911,1.,0.811134219654453,1.,-11.75,                   723P   1130
-0.0999999999999981,-0.61694813396265,-11.75,-0.544844154682389,     723P   1131
-0.54484415468239,-11.75,-0.61694813396265,-0.0999999999999995,      723P   1132
-1.41010567384299,-0.160690652951911,0.,0.,0.;                       723P   1133
126,1,1,0,0,1,0,-0.00888,-0.00888,-0.00273,-0.00273,1.,1.,-5.6,      725P   1134
-0.616948133962653,-0.0999999999999998,-11.75,                       725P   1135
-0.616948133962652,-0.0999999999999998,-0.00888,-0.00273,0.,0.,      725P   1136
0.;                                                                  725P   1137
126,2,2,0,0,0,0,1.41010567384299,1.41010567384299,                   727P   1138
1.41010567384299,1.73148697974681,1.73148697974681,                  727P   1139
1.73148697974681,1.,0.987117014340257,1.,-5.6,                       727P   1140
-0.616948133962653,0.1,-5.6,-0.633156951932115,                      727P   1141
2.42861286636753D-16,-5.6,-0.616948133962653,                        727P   1142
-0.0999999999999998,1.41010567384299,1.73148697974681,0.,0.,0.;      727P   1143
126,1,1,0,0,1,0,-0.00888,-0.00888,-0.00273,-0.00273,1.,1.,-5.6,      729P   1144
-0.616948133962653,0.1,-11.75,-0.616948133962652,0.1,-0.00888,       729P   1145
-0.00273,0.,0.,0.;                                                   729P   1146
126,2,2,0,0,0,0,0.160690652951911,0.160690652951911,                 731P   1147
0.160690652951911,1.41010567384299,1.41010567384299,                 731P   1148
1.41010567384299,1.,0.811134219654453,1.,-11.75,                     731P   1149
-0.61694813396265,0.1,-11.75,-0.544844154682388,                     731P   1150
0.54484415468239,-11.75,-0.0999999999999981,0.61694813396265,        731P   1151
0.160690652951911,1.41010567384299,0.,0.,0.;                         731P   1152
126,1,1,0,0,1,0,-0.00888,-0.00888,-0.00273,-0.00273,1.,1.,-5.6,      733P   1153
-0.0999999999999995,0.616948133962652,-11.75,                        733P   1154
-0.0999999999999985,0.616948133962652,-0.00888,-0.00273,0.,0.,       733P   1155
0.;                                                                  733P   1156
126,2,2,0,0,0,0,-0.160690652951917,-0.160690652951917,               735P   1157
-0.160690652951917,0.160690652951905,0.160690652951905,              735P   1158
0.160690652951905,1.,0.987117014340256,1.,-5.6,                      735P   1159
0.100000000000002,0.616948133962651,-5.6,2.09901540593194D-15,       735P   1160
0.633156951932114,-5.6,-0.099999999999998,0.616948133962652,         735P   1161
-0.160690652951917,0.160690652951905,0.,0.,0.;                       735P   1162
126,1,1,0,0,1,0,-0.00888,-0.00888,-0.00273,-0.00273,1.,1.,-5.6,      737P   1163
0.100000000000001,0.616948133962651,-11.75,0.100000000000002,        737P   1164
0.616948133962651,-0.00888,-0.00273,0.,0.,0.;                        737P   1165
126,2,2,0,0,0,0,1.73148697974681,1.73148697974681,                   739P   1166
1.73148697974681,2.98090200063788,2.98090200063788,                  739P   1167
2.98090200063788,1.,0.811134219654454,1.,-11.75,                     739P   1168
0.100000000000001,0.616948133962649,-11.75,0.544844154682388,        739P   1169
0.544844154682387,-11.75,0.616948133962649,0.0999999999999997,       739P   1170
1.73148697974681,2.98090200063788,0.,0.,0.;                          739P   1171
126,1,1,0,0,1,0,0.00273,0.00273,0.00888,0.00888,1.,1.,-11.75,        741P   1172
0.616948133962651,0.1,-5.6,0.61694813396265,0.1,0.00273,0.00888,     741P   1173
0.,0.,0.;                                                            741P   1174
126,2,2,0,0,0,0,-1.5707963267949,-1.5707963267949,                   743P   1175
-1.5707963267949,-1.41010567384299,-1.41010567384299,                743P   1176
-1.41010567384299,1.,0.996774050209054,1.,-5.6,                      743P   1177
0.624999999999997,3.82702124733547D-17,-5.6,0.624999999999997,       743P   1178
0.0503241627334164,-5.6,0.61694813396265,0.1,-1.5707963267949,       743P   1179
-1.41010567384299,0.,0.,0.;                                          743P   1180
126,1,1,0,0,1,0,-1.41421356237311,-1.41421356237311,                 745P   1181
2.22044604925031D-16,2.22044604925031D-16,1.,1.,                     745P   1182
-4.87499999999999,-1.57097719570442D-15,0.,-5.5,                     745P   1183
0.624999999999998,0.,-1.41421356237311,2.22044604925031D-16,0.,      745P   1184
0.,0.;                                                               745P   1185
126,4,2,0,0,0,0,0.,0.,0.,1.5707963267949,1.5707963267949,            747P   1186
3.14159265358979,3.14159265358979,3.14159265358979,1.,               747P   1187
0.707106781186548,1.,0.707106781186548,1.,8.02,                      747P   1188
-1.05000000000001,0.,8.02,-1.05000000000001,1.05,8.02,               747P   1189
-3.85487250898274D-15,1.05,8.02,1.05,1.05,8.02,1.05,                 747P   1190
1.28587913910473D-16,0.,3.14159265358979,0.,0.,0.;                   747P   1191
126,4,2,0,0,0,0,3.14159265358979,3.14159265358979,                   749P   1192
3.14159265358979,4.71238898038469,4.71238898038469,                  749P   1193
6.28318530717959,6.28318530717959,6.28318530717959,1.,               749P   1194
0.707106781186548,1.,0.707106781186548,1.,8.02,1.05,                 749P   1195
1.28587913910473D-16,8.02,1.05,-1.05,8.02,-3.5976966811618D-15,      749P   1196
-1.05,8.02,-1.05000000000001,-1.05,8.02,-1.05000000000001,           749P   1197
-2.57175827820945D-16,3.14159265358979,6.28318530717959,0.,0.,       749P   1198
0.;                                                                  749P   1199
126,1,1,0,0,1,0,21.4285714285714,21.4285714285714,                   751P   1200
23.1428571428571,23.1428571428571,1.,1.,8.02,1.05,0.,9.82,1.05,      751P   1201
2.60208521396521D-17,21.4285714285714,23.1428571428571,0.,0.,0.;     751P   1202
126,13,3,0,0,1,0,-0.957095732344508,-0.957095732344508,              753P   1203
-0.957095732344508,-0.957095732344508,-0.845614501326038,            753P   1204
-0.845614501326038,-0.766529239352491,-0.766529239352491,            753P   1205
-0.694184390023748,-0.694184390023748,-0.621028010115469,            753P   1206
-0.621028010115469,-0.543541519023481,-0.543541519023481,            753P   1207
-0.472220924625867,-0.472220924625867,-0.472220924625867,            753P   1208
-0.472220924625867,1.,1.,1.,1.,1.,1.,1.,1.,1.,1.,1.,1.,1.,1.,        753P   1209
12.1199999999986,0.00975038112621479,-1.04995472762777,              753P   1210
11.7985712271942,0.0420074174845977,-1.04965517338012,               753P   1211
11.4147009783079,0.0908023826695901,-1.0510643499474,                753P   1212
10.8086317498482,0.262874377568738,-1.01915251193671,                753P   1213
10.6223769158404,0.344799246714846,-0.995661037357482,               753P   1214
10.3446558647561,0.498701694073198,-0.927503619051297,               753P   1215
10.2407688025298,0.574375700820573,-0.883765505734982,               753P   1216
10.0720429698007,0.720006104158002,-0.769890082981332,               753P   1217
10.0085657011099,0.789123956826641,-0.700014918108374,               753P   1218
9.90831033338449,0.911798886175467,-0.531608948400702,               753P   1219
9.87308506558841,0.964532540472918,-0.431015396151758,               753P   1220
9.82968226241319,1.03276977328051,-0.21772921111366,9.82,1.05,       753P   1221
-0.10924096354628,9.82,1.05,3.46944695195361D-17,                    753P   1222
-0.957095732344508,-0.472220924625867,0.,0.,0.;                      753P   1223
126,6,2,0,0,0,0,-4.72167519111037,-4.72167519111037,                 755P   1224
-4.72167519111037,-3.66828683276343,-3.66828683276343,               755P   1225
-2.61489847441648,-2.61489847441648,-1.56151011606953,               755P   1226
-1.56151011606953,-1.56151011606953,1.,0.86447355555043,1.,          755P   1227
0.86447355555043,1.,0.864473555550431,1.,12.12,                      755P   1228
0.00975038112529827,-1.04995472762778,12.12,-0.600782413738238,      755P   1229
-1.05562442678982,12.12,-0.907697233327874,-0.527812213395009,       755P   1230
12.12,-1.21461205291751,-1.95572724681625D-13,12.12,                 755P   1231
-0.907697233328044,0.527812213394716,12.12,-0.600782413738579,       755P   1232
1.05562442678963,12.12,0.00975038112496071,1.04995472762778,         755P   1233
-4.72167519111037,-1.56151011606953,0.,0.,0.;                        755P   1234
126,15,3,0,0,1,0,-0.472220924625867,-0.472220924625867,              757P   1235
-0.472220924625867,-0.472220924625867,-0.465971739636694,            757P   1236
-0.465971739636694,-0.390563446200881,-0.390563446200881,            757P   1237
-0.314095625473947,-0.314095625473947,-0.240918261968127,            757P   1238
-0.240918261968127,-0.167434873951669,-0.167434873951669,            757P   1239
-0.0890507791822123,-0.0890507791822123,-9.99999999435095D-7,        757P   1240
-9.99999999435095D-7,-9.99999999435095D-7,-9.99999999435095D-7,      757P   1241
1.,1.,1.,1.,1.,1.,1.,1.,1.,1.,1.,1.,1.,1.,1.,1.,9.82,1.05,           757P   1242
4.16333634234434D-16,9.82,1.05,0.00957180734908494,                  757P   1243
9.82007662090447,1.04986910576088,0.019149395022021,                 757P   1244
9.82208418723864,1.04644287113661,0.144325806190947,                 757P   1245
9.83475236763791,1.02399994770342,0.25813824712505,                  757P   1246
9.88607514685835,0.945304176118263,0.471137953646149,                757P   1247
9.92445066843753,0.889979298997172,0.566789319681532,                757P   1248
10.0312007941504,0.764281196055284,0.726826634439971,                757P   1249
10.0985594733902,0.694153500822405,0.793064950441272,                757P   1250
10.2775574388127,0.546868475837642,0.901002521244162,                757P   1251
10.3883017381161,0.470520554461554,0.942022764451313,                757P   1252
10.6805998555452,0.318705545425817,1.00403740120315,                 757P   1253
10.8809427783888,0.235398082730244,1.02585130876703,                 757P   1254
11.4854064935341,0.0820332448307241,1.05004251549255,                757P   1255
11.8246500524655,0.0393902727669126,1.04967947743604,                757P   1256
12.1199999999817,0.00975038112790816,1.04995472762775,               757P   1257
-0.472220924625867,-9.99999999435095D-7,0.,0.,0.;                    757P   1258
126,1,1,0,0,1,0,-1.41421356237309,-1.41421356237309,                 759P   1259
2.22044604925031D-16,2.22044604925031D-16,1.,1.,5.97,                759P   1260
-3.42098250484305D-15,0.,6.68,-0.710000000000007,0.,                 759P   1261
-1.41421356237309,2.22044604925031D-16,0.,0.,0.;                     759P   1262
126,4,2,0,0,0,0,3.14159265358979,3.14159265358979,                   761P   1263
3.14159265358979,4.71238898038469,4.71238898038469,                  761P   1264
6.28318530717959,6.28318530717959,6.28318530717959,1.,               761P   1265
0.707106781186548,1.,0.707106781186547,1.,6.68,0.71,                 761P   1266
8.69499227394625D-17,6.68,0.71,-0.710000000000004,6.68,              761P   1267
-3.43440365637534D-15,-0.710000000000004,6.68,                       761P   1268
-0.710000000000007,-0.710000000000004,6.68,-0.710000000000007,       761P   1269
-1.73899845478925D-16,3.14159265358979,6.28318530717959,0.,0.,       761P   1270
0.;                                                                  761P   1271
126,4,2,0,0,0,0,0.,0.,0.,1.5707963267949,1.5707963267949,            763P   1272
3.14159265358979,3.14159265358979,3.14159265358979,1.,               763P   1273
0.707106781186548,1.,0.707106781186548,1.,6.68,                      763P   1274
-0.710000000000007,0.,6.68,-0.710000000000007,0.710000000000004,     763P   1275
6.68,-3.60830350185427D-15,0.710000000000004,6.68,0.71,              763P   1276
0.710000000000004,6.68,0.71,8.69499227394625D-17,0.,                 763P   1277
3.14159265358979,0.,0.,0.;                                           763P   1278
126,4,2,0,0,0,0,-1.5707963267949,-1.5707963267949,                   765P   1279
-1.5707963267949,0.,0.,1.5707963267949,1.5707963267949,              765P   1280
1.5707963267949,1.,0.707106781186548,1.,0.707106781186548,1.,        765P   1281
12.22,-4.3839765069456D-15,-0.710000000000005,12.22,                 765P   1282
-0.710000000000009,-0.710000000000005,12.22,-0.710000000000009,      765P   1283
0.,12.22,-0.710000000000009,0.710000000000005,12.22,                 765P   1284
-4.3839765069456D-15,0.710000000000005,-1.5707963267949,             765P   1285
1.5707963267949,0.,0.,0.;                                            765P   1286
126,15,3,0,0,1,0,0.296132460338162,0.296132460338162,                767P   1287
0.296132460338162,0.296132460338162,0.305034847974504,               767P   1288
0.305034847974504,0.336960903308153,0.336960903308153,               767P   1289
0.371638734171207,0.371638734171207,0.410290901289347,               767P   1290
0.410290901289347,0.45459473279082,0.45459473279082,                 767P   1291
0.511828675905585,0.511828675905585,0.556170134566257,               767P   1292
0.556170134566257,0.556170134566257,0.556170134566257,1.,1.,1.,      767P   1293
1.,1.,1.,1.,1.,1.,1.,1.,1.,1.,1.,1.,1.,10.0876315199646,0.71,        767P   1294
5.55111512312578D-16,10.0876315199646,0.71,-0.0180812932089864,      767P   1295
10.0883458321071,0.709308719042154,-0.0361977515388011,              767P   1296
10.0949557239031,0.702946924686195,-0.119158164744079,               767P   1297
10.1092124284937,0.689137672861823,-0.181481392716998,               767P   1298
10.1571206695323,0.646135028394186,-0.301710747475489,               767P   1299
10.191437334047,0.616697361662828,-0.356466206212131,                767P   1300
10.2810805812647,0.547812765658354,-0.45615873526298,                767P   1301
10.3410964542542,0.505251534046697,-0.502473971215038,               767P   1302
10.506911652428,0.406218688971296,-0.586424676897223,                767P   1303
10.6175993805767,0.34891060761321,-0.621425555878993,                767P   1304
10.9426750704145,0.220053222446707,-0.679729524133328,               767P   1305
11.168099746934,0.151972044012422,-0.69589793182802,                 767P   1306
11.7242028093348,0.0514127149471634,-0.709520346402337,              767P   1307
11.9672020872656,0.0240179693873518,-0.710000000000004,12.22,        767P   1308
-3.25260651745651D-17,-0.710000000000004,0.296132460338162,          767P   1309
0.556170134566257,0.,0.,0.;                                          767P   1310
126,1,1,0,0,1,0,-34.6022979154428,-34.6022979154428,                 769P   1311
-29.8028169014083,-29.8028169014083,1.,1.,10.0876315199646,0.71,     769P   1312
7.37257477290143D-17,6.68,0.710000000000001,0.,                      769P   1313
-34.6022979154428,-29.8028169014083,0.,0.,0.;                        769P   1314
126,13,3,0,0,1,0,0.,0.,0.,0.,0.10405071600525,0.10405071600525,      771P   1315
0.157457122732461,0.157457122732461,0.201875147739215,               771P   1316
0.201875147739215,0.239428900378967,0.239428900378967,               771P   1317
0.272654738068446,0.272654738068446,0.296132460338162,               771P   1318
0.296132460338162,0.296132460338162,0.296132460338162,1.,1.,1.,      771P   1319
1.,1.,1.,1.,1.,1.,1.,1.,1.,1.,1.,12.22,5.63785129692462D-17,         771P   1320
0.710000000000004,11.8747191402367,0.0328046423727669,               771P   1321
0.710000000000004,11.4207541094223,0.0853351648194785,               771P   1322
0.715021659237257,10.8272137056227,0.259759472955617,                771P   1323
0.663648031535061,10.6737643988097,0.32411545509364,                 771P   1324
0.635928715972711,10.4510350601385,0.436680430459785,                771P   1325
0.563129804695218,10.3716179283888,0.486047313286661,                771P   1326
0.521737400645619,10.2544750071795,0.567066187551186,                771P   1327
0.430867389669718,10.2084272826283,0.603178393463525,                771P   1328
0.380643120669951,10.1399760525208,0.66087775151199,                 771P   1329
0.266367957440959,10.1165234934531,0.682602347826977,                771P   1330
0.206338265599164,10.0925760815353,0.705165859126132,                771P   1331
0.095124817610067,10.0876315199646,0.71,0.047684688375615,           771P   1332
10.0876315199646,0.71,5.55111512312578D-16,0.,0.296132460338162,     771P   1333
0.,0.,0.;                                                            771P   1334
126,4,2,0,0,0,0,0.,0.,0.,1.5707963267949,1.5707963267949,            773P   1335
3.14159265358979,3.14159265358979,3.14159265358979,1.,               773P   1336
0.707106781186548,1.,0.707106781186548,1.,5.32,                      773P   1337
-2.70000000000001,0.,5.32,-2.70000000000001,2.7,5.32,                773P   1338
-3.5010364436691D-15,2.7,5.32,2.7,2.7,5.32,2.7,                      773P   1339
3.30654635769786D-16,0.,3.14159265358979,0.,0.,0.;                   773P   1340
126,4,2,0,0,0,0,3.14159265358979,3.14159265358979,                   775P   1341
3.14159265358979,4.71238898038469,4.71238898038469,                  775P   1342
6.28318530717959,6.28318530717959,6.28318530717959,1.,               775P   1343
0.707106781186548,1.,0.707106781186547,1.,5.32,2.7,                  775P   1344
3.30654635769786D-16,5.32,2.7,-2.7,5.32,-2.83972717212953D-15,       775P   1345
-2.7,5.32,-2.70000000000001,-2.7,5.32,-2.70000000000001,             775P   1346
-6.61309271539572D-16,3.14159265358979,6.28318530717959,0.,0.,       775P   1347
0.;                                                                  775P   1348
126,1,1,0,0,1,0,7.33333333333332,7.33333333333332,                   777P   1349
8.33333333333332,8.33333333333332,1.,1.,5.32,2.7,0.,8.02,2.7,0.,     777P   1350
7.33333333333332,8.33333333333332,0.,0.,0.;                          777P   1351
126,4,2,0,0,0,0,3.14159265358979,3.14159265358979,                   779P   1352
3.14159265358979,4.71238898038469,4.71238898038469,                  779P   1353
6.28318530717959,6.28318530717959,6.28318530717959,1.,               779P   1354
0.707106781186548,1.,0.707106781186547,1.,8.02,2.7,                  779P   1355
3.30654635769786D-16,8.02,2.7,-2.7,8.02,-3.29459659837283D-15,       779P   1356
-2.7,8.02,-2.70000000000001,-2.7,8.02,-2.70000000000001,             779P   1357
-6.61309271539572D-16,3.14159265358979,6.28318530717959,0.,0.,       779P   1358
0.;                                                                  779P   1359
126,4,2,0,0,0,0,0.,0.,0.,1.5707963267949,1.5707963267949,            781P   1360
3.14159265358979,3.14159265358979,3.14159265358979,1.,               781P   1361
0.707106781186548,1.,0.707106781186548,1.,8.02,                      781P   1362
-2.70000000000001,0.,8.02,-2.70000000000001,2.7,8.02,                781P   1363
-3.9559058699124D-15,2.7,8.02,2.7,2.7,8.02,2.7,                      781P   1364
3.30654635769786D-16,0.,3.14159265358979,0.,0.,0.;                   781P   1365
126,4,2,0,0,0,0,-6.28318530717959,-6.28318530717959,                 783P   1366
-6.28318530717959,-4.71238898038469,-4.71238898038469,               783P   1367
-3.14159265358979,-3.14159265358979,-3.14159265358979,1.,            783P   1368
0.707106781186546,1.,0.707106781186548,1.,1.82,6.35,4.75,1.82,       783P   1369
7.95,4.75,1.82,7.95,6.35,1.82,7.95,7.95,1.82,6.35,7.95,              783P   1370
-6.28318530717959,-3.14159265358979,0.,0.,0.;                        783P   1371
126,4,2,0,0,0,0,-3.14159265358979,-3.14159265358979,                 785P   1372
-3.14159265358979,-1.5707963267949,-1.5707963267949,0.,0.,0.,1.,     785P   1373
0.707106781186548,1.,0.707106781186548,1.,1.82,6.35,7.95,1.82,       785P   1374
4.75,7.95,1.82,4.75,6.35,1.82,4.75,4.75,1.82,6.35,4.75,              785P   1375
-3.14159265358979,0.,0.,0.,0.;                                       785P   1376
126,1,1,0,0,1,0,0.,0.,1.25,1.25,1.,1.,1.82,6.35,7.95,3.82,6.35,      787P   1377
7.95,0.,1.25,0.,0.,0.;                                               787P   1378
126,4,2,0,0,0,0,-3.14159265358979,-3.14159265358979,                 789P   1379
-3.14159265358979,-1.5707963267949,-1.5707963267949,0.,0.,0.,1.,     789P   1380
0.707106781186548,1.,0.707106781186548,1.,3.82,6.35,7.95,3.82,       789P   1381
4.75,7.95,3.82,4.75,6.35,3.82,4.75,4.75,3.82,6.35,4.75,              789P   1382
-3.14159265358979,0.,0.,0.,0.;                                       789P   1383
126,4,2,0,0,0,0,-6.28318530717959,-6.28318530717959,                 791P   1384
-6.28318530717959,-4.71238898038469,-4.71238898038469,               791P   1385
-3.14159265358979,-3.14159265358979,-3.14159265358979,1.,            791P   1386
0.707106781186546,1.,0.707106781186548,1.,3.82,6.35,4.75,3.82,       791P   1387
7.95,4.75,3.82,7.95,6.35,3.82,7.95,7.95,3.82,6.35,7.95,              791P   1388
-6.28318530717959,-3.14159265358979,0.,0.,0.;                        791P   1389
126,4,2,0,0,0,0,-6.28318530717959,-6.28318530717959,                 793P   1390
-6.28318530717959,-4.71238898038469,-4.71238898038469,               793P   1391
-3.14159265358979,-3.14159265358979,-3.14159265358979,1.,            793P   1392
0.707106781186549,1.,0.707106781186549,1.,1.82,6.35,-7.95,1.82,      793P   1393
7.95,-7.95,1.82,7.95,-6.35,1.82,7.95,-4.75,1.82,6.35,-4.75,          793P   1394
-6.28318530717959,-3.14159265358979,0.,0.,0.;                        793P   1395
126,4,2,0,0,0,0,-3.14159265358979,-3.14159265358979,                 795P   1396
-3.14159265358979,-1.5707963267949,-1.5707963267949,0.,0.,0.,1.,     795P   1397
0.707106781186547,1.,0.707106781186547,1.,1.82,6.35,-4.75,1.82,      795P   1398
4.75,-4.75,1.82,4.75,-6.35,1.82,4.75,-7.95,1.82,6.35,-7.95,          795P   1399
-3.14159265358979,0.,0.,0.,0.;                                       795P   1400
126,1,1,0,0,1,0,0.,0.,1.25,1.25,1.,1.,1.82,6.35,-4.75,3.82,6.35,     797P   1401
-4.75,0.,1.25,0.,0.,0.;                                              797P   1402
126,4,2,0,0,0,0,-3.14159265358979,-3.14159265358979,                 799P   1403
-3.14159265358979,-1.5707963267949,-1.5707963267949,0.,0.,0.,1.,     799P   1404
0.707106781186547,1.,0.707106781186547,1.,3.82,6.35,-4.75,3.82,      799P   1405
4.75,-4.75,3.82,4.75,-6.35,3.82,4.75,-7.95,3.82,6.35,-7.95,          799P   1406
-3.14159265358979,0.,0.,0.,0.;                                       799P   1407
126,4,2,0,0,0,0,-6.28318530717959,-6.28318530717959,                 801P   1408
-6.28318530717959,-4.71238898038469,-4.71238898038469,               801P   1409
-3.14159265358979,-3.14159265358979,-3.14159265358979,1.,            801P   1410
0.707106781186549,1.,0.707106781186549,1.,3.82,6.35,-7.95,3.82,      801P   1411
7.95,-7.95,3.82,7.95,-6.35,3.82,7.95,-4.75,3.82,6.35,-4.75,          801P   1412
-6.28318530717959,-3.14159265358979,0.,0.,0.;                        801P   1413
126,4,2,0,0,0,0,-6.28318530717959,-6.28318530717959,                 803P   1414
-6.28318530717959,-4.71238898038469,-4.71238898038469,               803P   1415
-3.14159265358979,-3.14159265358979,-3.14159265358979,1.,            803P   1416
0.707106781186549,1.,0.707106781186549,1.,1.82,                      803P   1417
-6.34999999999999,-7.95,1.82,-4.74999999999999,-7.95,1.82,           803P   1418
-4.74999999999999,-6.35,1.82,-4.74999999999999,-4.75,1.82,           803P   1419
-6.34999999999999,-4.75,-6.28318530717959,-3.14159265358979,0.,      803P   1420
0.,0.;                                                               803P   1421
126,4,2,0,0,0,0,-3.14159265358979,-3.14159265358979,                 805P   1422
-3.14159265358979,-1.5707963267949,-1.5707963267949,0.,0.,0.,1.,     805P   1423
0.707106781186547,1.,0.707106781186547,1.,1.82,                      805P   1424
-6.34999999999999,-4.75,1.82,-7.95,-4.75,1.82,-7.95,-6.35,1.82,      805P   1425
-7.95,-7.95,1.82,-6.34999999999999,-7.95,-3.14159265358979,0.,       805P   1426
0.,0.,0.;                                                            805P   1427
126,1,1,0,0,1,0,0.,0.,1.25,1.25,1.,1.,1.82,-6.34999999999999,        807P   1428
-4.75,3.82,-6.34999999999999,-4.75,0.,1.25,0.,0.,0.;                 807P   1429
126,4,2,0,0,0,0,-3.14159265358979,-3.14159265358979,                 809P   1430
-3.14159265358979,-1.5707963267949,-1.5707963267949,0.,0.,0.,1.,     809P   1431
0.707106781186547,1.,0.707106781186547,1.,3.82,                      809P   1432
-6.34999999999999,-4.75,3.82,-7.95,-4.75,3.82,-7.95,-6.35,3.82,      809P   1433
-7.95,-7.95,3.82,-6.34999999999999,-7.95,-3.14159265358979,0.,       809P   1434
0.,0.,0.;                                                            809P   1435
126,4,2,0,0,0,0,-6.28318530717959,-6.28318530717959,                 811P   1436
-6.28318530717959,-4.71238898038469,-4.71238898038469,               811P   1437
-3.14159265358979,-3.14159265358979,-3.14159265358979,1.,            811P   1438
0.707106781186549,1.,0.707106781186549,1.,3.82,                      811P   1439
-6.34999999999999,-7.95,3.82,-4.74999999999999,-7.95,3.82,           811P   1440
-4.74999999999999,-6.35,3.82,-4.74999999999999,-4.75,3.82,           811P   1441
-6.34999999999999,-4.75,-6.28318530717959,-3.14159265358979,0.,      811P   1442
0.,0.;                                                               811P   1443
126,4,2,0,0,0,0,-6.28318530717959,-6.28318530717959,                 813P   1444
-6.28318530717959,-4.71238898038469,-4.71238898038469,               813P   1445
-3.14159265358979,-3.14159265358979,-3.14159265358979,1.,            813P   1446
0.707106781186546,1.,0.707106781186548,1.,1.82,                      813P   1447
-6.34999999999999,4.75,1.82,-4.74999999999999,4.75,1.82,             813P   1448
-4.74999999999999,6.35,1.82,-4.74999999999999,7.95,1.82,             813P   1449
-6.34999999999999,7.95,-6.28318530717959,-3.14159265358979,0.,       813P   1450
0.,0.;                                                               813P   1451
126,4,2,0,0,0,0,-3.14159265358979,-3.14159265358979,                 815P   1452
-3.14159265358979,-1.5707963267949,-1.5707963267949,0.,0.,0.,1.,     815P   1453
0.707106781186548,1.,0.707106781186548,1.,1.82,                      815P   1454
-6.34999999999999,7.95,1.82,-7.94999999999999,7.95,1.82,             815P   1455
-7.94999999999999,6.35,1.82,-7.94999999999999,4.75,1.82,             815P   1456
-6.34999999999999,4.75,-3.14159265358979,0.,0.,0.,0.;                815P   1457
126,1,1,0,0,1,0,0.,0.,1.25,1.25,1.,1.,1.82,-6.34999999999999,        817P   1458
7.95,3.82,-6.34999999999999,7.95,0.,1.25,0.,0.,0.;                   817P   1459
126,4,2,0,0,0,0,-3.14159265358979,-3.14159265358979,                 819P   1460
-3.14159265358979,-1.5707963267949,-1.5707963267949,0.,0.,0.,1.,     819P   1461
0.707106781186548,1.,0.707106781186548,1.,3.82,                      819P   1462
-6.34999999999999,7.95,3.82,-7.94999999999999,7.95,3.82,             819P   1463
-7.94999999999999,6.35,3.82,-7.94999999999999,4.75,3.82,             819P   1464
-6.34999999999999,4.75,-3.14159265358979,0.,0.,0.,0.;                819P   1465
126,4,2,0,0,0,0,-6.28318530717959,-6.28318530717959,                 821P   1466
-6.28318530717959,-4.71238898038469,-4.71238898038469,               821P   1467
-3.14159265358979,-3.14159265358979,-3.14159265358979,1.,            821P   1468
0.707106781186546,1.,0.707106781186548,1.,3.82,                      821P   1469
-6.34999999999999,4.75,3.82,-4.74999999999999,4.75,3.82,             821P   1470
-4.74999999999999,6.35,3.82,-4.74999999999999,7.95,3.82,             821P   1471
-6.34999999999999,7.95,-6.28318530717959,-3.14159265358979,0.,       821P   1472
0.,0.;                                                               821P   1473
126,4,2,0,0,0,0,0.,0.,0.,1.5707963267949,1.5707963267949,            823P   1474
3.14159265358979,3.14159265358979,3.14159265358979,1.,               823P   1475
0.707106781186548,1.,0.707106781186548,1.,3.82,                      823P   1476
-3.93000000000001,0.,3.82,-3.93000000000001,3.93,3.82,               823P   1477
-3.32364698501483D-15,3.93,3.82,3.93,3.93,3.82,3.93,                 823P   1478
4.8128619206491D-16,0.,3.14159265358979,0.,0.,0.;                    823P   1479
126,4,2,0,0,0,0,3.14159265358979,3.14159265358979,                   825P   1480
3.14159265358979,4.71238898038469,4.71238898038469,                  825P   1481
6.28318530717959,6.28318530717959,6.28318530717959,1.,               825P   1482
0.707106781186548,1.,0.707106781186548,1.,3.82,3.93,                 825P   1483
4.8128619206491D-16,3.82,3.93,-3.93,3.82,-2.36107460088501D-15,      825P   1484
-3.93,3.82,-3.93000000000001,-3.93000000000001,3.82,                 825P   1485
-3.93000000000001,-9.62572384129821D-16,3.14159265358979,            825P   1486
6.28318530717959,0.,0.,0.;                                           825P   1487
126,1,1,0,0,1,0,4.65648854961832,4.65648854961832,                   827P   1488
4.8473282442748,4.8473282442748,1.,1.,3.82,3.93,0.,4.57,3.93,0.,     827P   1489
4.65648854961832,4.8473282442748,0.,0.,0.;                           827P   1490
126,4,2,0,0,0,0,3.14159265358979,3.14159265358979,                   829P   1491
3.14159265358979,4.71238898038469,4.71238898038469,                  829P   1492
6.28318530717959,6.28318530717959,6.28318530717959,1.,               829P   1493
0.707106781186548,1.,0.707106781186548,1.,4.57,3.93,                 829P   1494
4.81286192064911D-16,4.57,3.93,-3.93,4.57,-2.48742721928592D-15,     829P   1495
-3.93000000000001,4.57,-3.93000000000001,-3.93000000000001,4.57,     829P   1496
-3.93000000000001,-9.62572384129821D-16,3.14159265358979,            829P   1497
6.28318530717959,0.,0.,0.;                                           829P   1498
126,4,2,0,0,0,0,0.,0.,0.,1.5707963267949,1.5707963267949,            831P   1499
3.14159265358979,3.14159265358979,3.14159265358979,1.,               831P   1500
0.707106781186548,1.,0.707106781186548,1.,4.57,                      831P   1501
-3.93000000000001,0.,4.57,-3.93000000000001,3.93000000000001,        831P   1502
4.57,-3.44999960341575D-15,3.93000000000001,4.57,3.93,               831P   1503
3.93000000000001,4.57,3.93,4.81286192064911D-16,0.,                  831P   1504
3.14159265358979,0.,0.,0.;                                           831P   1505
126,2,2,0,0,0,0,-1.42634944144303D-16,-1.42634944144303D-16,         833P   1506
-1.42634944144303D-16,1.5707963267949,1.5707963267949,               833P   1507
1.5707963267949,1.,0.707106781186547,1.,4.57,3.93,0.,5.32,3.93,      833P   1508
0.,5.32,3.18,0.,-1.42634944144303D-16,1.5707963267949,0.,0.,0.;      833P   1509
126,4,2,0,0,0,0,3.14159265358979,3.14159265358979,                   835P   1510
3.14159265358979,4.71238898038469,4.71238898038469,                  835P   1511
6.28318530717959,6.28318530717959,6.28318530717959,1.,               835P   1512
0.707106781186548,1.,0.707106781186547,1.,5.32,3.18,                 835P   1513
3.89437682128859D-16,5.32,3.18,-3.18000000000001,5.32,               835P   1514
-2.75155260259092D-15,-3.18000000000001,5.32,-3.18000000000001,      835P   1515
-3.18000000000001,5.32,-3.18000000000001,-7.78875364257718D-16,      835P   1516
3.14159265358979,6.28318530717959,0.,0.,0.;                          835P   1517
126,4,2,0,0,0,0,0.,0.,0.,1.5707963267949,1.5707963267949,            837P   1518
3.14159265358979,3.14159265358979,3.14159265358979,1.,               837P   1519
0.707106781186548,1.,0.707106781186548,1.,5.32,                      837P   1520
-3.18000000000001,0.,5.32,-3.18000000000001,3.18000000000001,        837P   1521
5.32,-3.53042796684864D-15,3.18000000000001,5.32,3.18,               837P   1522
3.18000000000001,5.32,3.18,3.89437682128859D-16,0.,                  837P   1523
3.14159265358979,0.,0.,0.;                                           837P   1524
126,4,2,0,0,0,0,0.,0.,0.,1.5707963267949,1.5707963267949,            839P   1525
3.14159265358979,3.14159265358979,3.14159265358979,1.,               839P   1526
0.707106781186548,1.,0.707106781186547,1.,-2.68000000000001,         839P   1527
-5.5,0.,-2.68000000000001,-5.5,5.5,-2.68,-2.32472573260662D-15,      839P   1528
5.5,-2.68,5.5,5.5,-2.68,5.5,6.73555739531044D-16,0.,                 839P   1529
3.14159265358979,0.,0.,0.;                                           839P   1530
126,4,2,0,0,0,0,3.14159265358979,3.14159265358979,                   841P   1531
3.14159265358979,4.71238898038469,4.71238898038469,                  841P   1532
6.28318530717959,6.28318530717959,6.28318530717959,1.,               841P   1533
0.707106781186548,1.,0.707106781186547,1.,-2.68,5.5,                 841P   1534
6.73555739531044D-16,-2.68,5.5,-5.5,-2.68,-9.77614253544526D-16,     841P   1535
-5.5,-2.68000000000001,-5.5,-5.5,-2.68000000000001,-5.5,             841P   1536
-1.34711147906209D-15,3.14159265358979,6.28318530717959,0.,0.,       841P   1537
0.;                                                                  841P   1538
126,1,1,0,0,1,0,2.14545454545454,2.14545454545454,                   843P   1539
2.96363636363636,2.96363636363636,1.,1.,-2.68000000000001,5.5,       843P   1540
0.,1.82,5.5,0.,2.14545454545454,2.96363636363636,0.,0.,0.;           843P   1541
126,4,2,0,0,0,0,-1.5707963267949,-1.5707963267949,                   845P   1542
-1.5707963267949,0.,0.,1.5707963267949,1.5707963267949,              845P   1543
1.5707963267949,1.,0.707106781186548,1.,0.707106781186548,1.,        845P   1544
1.82,-5.50000000000001,-3.36777869765522D-16,1.82,                   845P   1545
-5.50000000000001,-5.5,1.82,-3.08300388898237D-15,-5.5,1.82,5.5,     845P   1546
-5.5,1.82,5.5,-3.36777869765522D-16,-1.5707963267949,                845P   1547
1.5707963267949,0.,0.,0.;                                            845P   1548
126,4,2,0,0,0,0,1.5707963267949,1.5707963267949,1.5707963267949,     847P   1549
3.14159265358979,3.14159265358979,4.71238898038469,                  847P   1550
4.71238898038469,4.71238898038469,1.,0.707106781186548,1.,           847P   1551
0.707106781186548,1.,1.82,5.5,-3.36777869765522D-16,1.82,5.5,        847P   1552
5.5,1.82,-2.40944814945133D-15,5.5,1.82,-5.50000000000001,           847P   1553
5.50000000000001,1.82,-5.50000000000001,1.01033360929657D-15,        847P   1554
1.5707963267949,4.71238898038469,0.,0.,0.;                           847P   1555
126,4,2,0,0,0,0,0.,0.,0.,1.5707963267949,1.5707963267949,            849P   1556
3.14159265358979,3.14159265358979,3.14159265358979,1.,               849P   1557
0.707106781186548,1.,0.707106781186547,1.,-14.48,-4.8,0.,-14.48,     849P   1558
-4.8,4.8,-14.48,-2.93915231795365D-16,4.8,-14.48,4.8,4.8,-14.48,     849P   1559
4.8,5.8783046359073D-16,0.,3.14159265358979,0.,0.,0.;                849P   1560
126,4,2,0,0,0,0,3.14159265358979,3.14159265358979,                   851P   1561
3.14159265358979,4.71238898038469,4.71238898038469,                  851P   1562
6.28318530717959,6.28318530717959,6.28318530717959,1.,               851P   1563
0.707106781186548,1.,0.707106781186547,1.,-14.48,4.8,                851P   1564
5.8783046359073D-16,-14.48,4.8,-4.8,-14.48,8.81745695386095D-16,     851P   1565
-4.8,-14.48,-4.8,-4.8,-14.48,-4.8,-1.17566092718146D-15,             851P   1566
3.14159265358979,6.28318530717959,0.,0.,0.;                          851P   1567
126,1,1,0,0,1,0,-1.11022302462516D-16,-1.11022302462516D-16,         853P   1568
0.46875,0.46875,1.,1.,-14.48,4.8,0.,-12.23,4.8,0.,                   853P   1569
-1.11022302462516D-16,0.46875,0.,0.,0.;                              853P   1570
126,7,3,0,0,1,0,0.113138347511302,0.113138347511302,                 855P   1571
0.113138347511302,0.113138347511302,0.13322565385865,                855P   1572
0.13322565385865,0.199793268832942,0.199793268832942,                855P   1573
0.266360883807233,0.266360883807233,0.266360883807233,               855P   1574
0.266360883807233,1.,1.,1.,1.,1.,1.,1.,1.,-11.5674281585466,4.6,     855P   1575
-1.37113092008021,-11.6207707968087,4.612610062369,                  855P   1576
-1.32882548735465,-11.6709114502422,4.62533886013143,                855P   1577
-1.28396228391073,-11.8716181186981,4.67889105398376,                855P   1578
-1.08325561545478,-12.0059946441167,4.72218759889055,                855P   1579
-0.887821982644206,-12.1852393505971,4.78312003046023,               855P   1580
-0.457215887233817,-12.23,4.8,-0.221892049914305,-12.23,4.8,         855P   1581
2.08166817117217D-16,0.113138347511302,0.266360883807233,0.,0.,      855P   1582
0.;                                                                  855P   1583
126,1,1,0,0,1,0,0.00291257184145343,0.00291257184145343,0.003,       857P   1584
0.003,1.,1.,-11.5674281585466,4.6,-1.37113092008021,-11.48,4.6,      857P   1585
-1.37113092008021,0.00291257184145343,0.003,0.,0.,0.;                857P   1586
126,1,1,0,0,1,0,-0.003,-0.003,-0.00291257184145343,                  859P   1587
-0.00291257184145343,1.,1.,-11.48,-4.6,-1.37113092008021,            859P   1588
-11.5674281585466,-4.6,-1.37113092008021,-0.003,                     859P   1589
-0.00291257184145343,0.,0.,0.;                                       859P   1590
126,13,3,0,0,1,0,-0.419583420103164,-0.419583420103164,              861P   1591
-0.419583420103164,-0.419583420103164,-0.399496113755816,            861P   1592
-0.399496113755816,-0.332928498781524,-0.332928498781524,            861P   1593
-0.266360883807233,-0.266360883807233,-0.199793268832942,            861P   1594
-0.199793268832942,-0.13322565385865,-0.13322565385865,              861P   1595
-0.113138347511302,-0.113138347511302,-0.113138347511302,            861P   1596
-0.113138347511302,1.,1.,1.,1.,1.,1.,1.,1.,1.,1.,1.,1.,1.,1.,        861P   1597
-11.5674281585466,-4.6,-1.37113092008021,-11.6207707968087,          861P   1598
-4.612610062369,-1.32882548735465,-11.6709114502422,                 861P   1599
-4.62533886013144,-1.28396228391073,-11.8716181186981,               861P   1600
-4.67889105398376,-1.08325561545478,-12.0059946441167,               861P   1601
-4.72218759889055,-0.887821982644206,-12.1852393505971,              861P   1602
-4.78312003046023,-0.457215887233817,-12.23,-4.8,                    861P   1603
-0.221892049914305,-12.23,-4.8,0.221892049914305,                    861P   1604
-12.1852393505971,-4.78312003046023,0.457215887233817,               861P   1605
-12.0059946441167,-4.72218759889055,0.887821982644206,               861P   1606
-11.8716181186981,-4.67889105398376,1.08325561545478,                861P   1607
-11.6709114502422,-4.62533886013144,1.28396228391073,                861P   1608
-11.6207707968087,-4.612610062369,1.32882548735465,                  861P   1609
-11.5674281585466,-4.6,1.37113092008021,-0.419583420103164,          861P   1610
-0.113138347511302,0.,0.,0.;                                         861P   1611
126,1,1,0,0,1,0,0.00291257184145343,0.00291257184145343,0.003,       863P   1612
0.003,1.,1.,-11.5674281585466,-4.6,1.37113092008021,-11.48,-4.6,     863P   1613
1.37113092008021,0.00291257184145343,0.003,0.,0.,0.;                 863P   1614
126,1,1,0,0,1,0,-0.003,-0.003,-0.00291257184145343,                  865P   1615
-0.00291257184145343,1.,1.,-11.48,4.6,1.37113092008021,              865P   1616
-11.5674281585466,4.6,1.37113092008021,-0.003,                       865P   1617
-0.00291257184145343,0.,0.,0.;                                       865P   1618
126,7,3,0,0,1,0,0.266360883807233,0.266360883807233,                 867P   1619
0.266360883807233,0.266360883807233,0.332928498781524,               867P   1620
0.332928498781524,0.399496113755816,0.399496113755816,               867P   1621
0.419583420103164,0.419583420103164,0.419583420103164,               867P   1622
0.419583420103164,1.,1.,1.,1.,1.,1.,1.,1.,-12.23,4.8,0.,-12.23,      867P   1623
4.8,0.221892049914305,-12.1852393505971,4.78312003046023,            867P   1624
0.457215887233817,-12.0059946441167,4.72218759889055,                867P   1625
0.887821982644206,-11.8716181186981,4.67889105398376,                867P   1626
1.08325561545478,-11.6709114502422,4.62533886013143,                 867P   1627
1.28396228391073,-11.6207707968087,4.612610062369,                   867P   1628
1.32882548735465,-11.5674281585466,4.6,1.37113092008021,             867P   1629
0.266360883807233,0.419583420103164,0.,0.,0.;                        867P   1630
126,13,3,0,0,1,0,0.113138347511303,0.113138347511303,                869P   1631
0.113138347511303,0.113138347511303,0.13322565385865,                869P   1632
0.13322565385865,0.199793268832942,0.199793268832942,                869P   1633
0.266360883807233,0.266360883807233,0.332928498781524,               869P   1634
0.332928498781524,0.399496113755816,0.399496113755816,               869P   1635
0.419583420103163,0.419583420103163,0.419583420103163,               869P   1636
0.419583420103163,1.,1.,1.,1.,1.,1.,1.,1.,1.,1.,1.,1.,1.,1.,         869P   1637
-9.39257184145343,-4.6,1.37113092008021,-9.33922920319131,           869P   1638
-4.612610062369,1.32882548735465,-9.28908854975782,                  869P   1639
-4.62533886013144,1.28396228391073,-9.08838188130186,                869P   1640
-4.67889105398376,1.08325561545478,-8.95400535588329,                869P   1641
-4.72218759889055,0.887821982644205,-8.77476064940293,               869P   1642
-4.78312003046023,0.457215887233816,-8.73,-4.8,                      869P   1643
0.221892049914305,-8.73,-4.8,-0.221892049914305,                     869P   1644
-8.77476064940293,-4.78312003046023,-0.457215887233816,              869P   1645
-8.95400535588329,-4.72218759889055,-0.887821982644205,              869P   1646
-9.08838188130186,-4.67889105398376,-1.08325561545478,               869P   1647
-9.28908854975782,-4.62533886013144,-1.28396228391073,               869P   1648
-9.33922920319131,-4.612610062369,-1.32882548735465,                 869P   1649
-9.39257184145343,-4.6,-1.37113092008021,0.113138347511303,          869P   1650
0.419583420103163,0.,0.,0.;                                          869P   1651
126,1,1,0,0,1,0,-0.00508742815854657,-0.00508742815854657,           871P   1652
-0.005,-0.005,1.,1.,-9.39257184145343,-4.6,-1.37113092008021,        871P   1653
-9.48,-4.6,-1.37113092008021,-0.00508742815854657,-0.005,0.,0.,      871P   1654
0.;                                                                  871P   1655
126,1,1,0,0,1,0,0.005,0.005,0.00508742815854657,                     873P   1656
0.00508742815854657,1.,1.,-9.48,4.6,-1.37113092008021,               873P   1657
-9.39257184145343,4.6,-1.37113092008021,0.005,                       873P   1658
0.00508742815854657,0.,0.,0.;                                        873P   1659
126,7,3,0,0,1,0,-0.266360883807233,-0.266360883807233,               875P   1660
-0.266360883807233,-0.266360883807233,-0.199793268832942,            875P   1661
-0.199793268832942,-0.13322565385865,-0.13322565385865,              875P   1662
-0.113138347511303,-0.113138347511303,-0.113138347511303,            875P   1663
-0.113138347511303,1.,1.,1.,1.,1.,1.,1.,1.,-8.73,4.8,                875P   1664
2.08166817117217D-16,-8.73,4.8,-0.221892049914305,                   875P   1665
-8.77476064940293,4.78312003046023,-0.457215887233816,               875P   1666
-8.95400535588329,4.72218759889055,-0.887821982644205,               875P   1667
-9.08838188130186,4.67889105398376,-1.08325561545478,                875P   1668
-9.28908854975782,4.62533886013143,-1.28396228391073,                875P   1669
-9.33922920319131,4.612610062369,-1.32882548735465,                  875P   1670
-9.39257184145343,4.6,-1.37113092008021,-0.266360883807233,          875P   1671
-0.113138347511303,0.,0.,0.;                                         875P   1672
126,1,1,0,0,1,0,1.19791666666667,1.19791666666667,                   877P   1673
2.45833333333333,2.45833333333333,1.,1.,-8.73,4.8,                   877P   1674
6.93889390390723D-17,-2.68,4.8,0.,1.19791666666667,                  877P   1675
2.45833333333333,0.,0.,0.;                                           877P   1676
126,4,2,0,0,0,0,3.14159265358979,3.14159265358979,                   879P   1677
3.14159265358979,4.71238898038469,4.71238898038469,                  879P   1678
6.28318530717959,6.28318530717959,6.28318530717959,1.,               879P   1679
0.707106781186548,1.,0.707106781186547,1.,-2.68,4.8,                 879P   1680
5.8783046359073D-16,-2.68,4.8,-4.8,-2.68,-1.106202167455D-15,        879P   1681
-4.8,-2.68,-4.8,-4.8,-2.68,-4.80000000000001,                        879P   1682
-1.17566092718146D-15,3.14159265358979,6.28318530717959,0.,0.,       879P   1683
0.;                                                                  879P   1684
126,4,2,0,0,0,0,0.,0.,0.,1.5707963267949,1.5707963267949,            881P   1685
3.14159265358979,3.14159265358979,3.14159265358979,1.,               881P   1686
0.707106781186548,1.,0.707106781186547,1.,-2.68,                     881P   1687
-4.80000000000001,0.,-2.68,-4.80000000000001,4.8,-2.68,              881P   1688
-2.28186309463646D-15,4.8,-2.68,4.8,4.8,-2.68,4.8,                   881P   1689
5.8783046359073D-16,0.,3.14159265358979,0.,0.,0.;                    881P   1690
126,7,3,0,0,1,0,-0.419583420103163,-0.419583420103163,               883P   1691
-0.419583420103163,-0.419583420103163,-0.399496113755816,            883P   1692
-0.399496113755816,-0.332928498781524,-0.332928498781524,            883P   1693
-0.266360883807233,-0.266360883807233,-0.266360883807233,            883P   1694
-0.266360883807233,1.,1.,1.,1.,1.,1.,1.,1.,-9.39257184145343,        883P   1695
4.6,1.37113092008021,-9.33922920319131,4.612610062369,               883P   1696
1.32882548735465,-9.28908854975782,4.62533886013143,                 883P   1697
1.28396228391073,-9.08838188130186,4.67889105398376,                 883P   1698
1.08325561545478,-8.95400535588329,4.72218759889055,                 883P   1699
0.887821982644205,-8.77476064940293,4.78312003046023,                883P   1700
0.457215887233816,-8.73,4.8,0.221892049914305,-8.73,4.8,0.,          883P   1701
-0.419583420103163,-0.266360883807233,0.,0.,0.;                      883P   1702
126,1,1,0,0,1,0,-0.00508742815854657,-0.00508742815854657,           885P   1703
-0.00500000000000001,-0.00500000000000001,1.,1.,                     885P   1704
-9.39257184145343,4.6,1.37113092008021,-9.48,4.6,                    885P   1705
1.37113092008021,-0.00508742815854657,-0.00500000000000001,0.,       885P   1706
0.,0.;                                                               885P   1707
126,1,1,0,0,1,0,0.005,0.005,0.00508742815854657,                     887P   1708
0.00508742815854657,1.,1.,-9.48,-4.6,1.37113092008021,               887P   1709
-9.39257184145343,-4.6,1.37113092008021,0.005,                       887P   1710
0.00508742815854657,0.,0.,0.;                                        887P   1711
126,1,1,0,0,1,0,-0.0065,-0.0065,0.0065,0.0065,1.,1.,3.82,8.75,       889P   1712
-6.5,3.82,8.75,6.5,-0.0065,0.0065,0.,0.,0.;                          889P   1713
126,2,2,0,0,0,0,1.5707963267949,1.5707963267949,1.5707963267949,     891P   1714
3.14159265358979,3.14159265358979,3.14159265358979,1.,               891P   1715
0.707106781186548,1.,3.82,8.75,6.5,3.82,8.75,8.75,3.82,6.5,8.75,     891P   1716
1.5707963267949,3.14159265358979,0.,0.,0.;                           891P   1717
126,1,1,0,0,1,0,-0.00650000000000001,-0.00650000000000001,           893P   1718
0.0065,0.0065,1.,1.,3.82,-6.50000000000001,8.75,3.82,6.5,8.75,       893P   1719
-0.00650000000000001,0.0065,0.,0.,0.;                                893P   1720
126,2,2,0,0,0,0,-3.14159265358979,-3.14159265358979,                 895P   1721
-3.14159265358979,-1.5707963267949,-1.5707963267949,                 895P   1722
-1.5707963267949,1.,0.707106781186548,1.,3.82,-6.50000000000001,     895P   1723
8.75,3.82,-8.75000000000001,8.75,3.82,-8.75000000000001,6.5,         895P   1724
-3.14159265358979,-1.5707963267949,0.,0.,0.;                         895P   1725
126,1,1,0,0,1,0,-0.0065,-0.0065,0.0065,0.0065,1.,1.,3.82,-8.75,      897P   1726
-6.5,3.82,-8.75000000000001,6.5,-0.0065,0.0065,0.,0.,0.;             897P   1727
126,2,2,0,0,0,0,-1.5707963267949,-1.5707963267949,                   899P   1728
-1.5707963267949,0.,0.,0.,1.,0.707106781186548,1.,3.82,-8.75,        899P   1729
-6.5,3.82,-8.75,-8.75,3.82,-6.50000000000001,-8.75,                  899P   1730
-1.5707963267949,0.,0.,0.,0.;                                        899P   1731
126,1,1,0,0,1,0,-0.00650000000000001,-0.00650000000000001,           901P   1732
0.0065,0.0065,1.,1.,3.82,-6.50000000000001,-8.75,3.82,6.5,-8.75,     901P   1733
-0.00650000000000001,0.0065,0.,0.,0.;                                901P   1734
126,2,2,0,0,0,0,0.,0.,0.,1.5707963267949,1.5707963267949,            903P   1735
1.5707963267949,1.,0.707106781186548,1.,3.82,6.5,-8.75,3.82,         903P   1736
8.75,-8.75,3.82,8.75,-6.5,0.,1.5707963267949,0.,0.,0.;               903P   1737
126,1,1,0,0,1,0,0.,0.,0.002,0.002,1.,1.,1.82,8.75,-6.5,3.82,         905P   1738
8.75,-6.5,0.,0.002,0.,0.,0.;                                         905P   1739
126,1,1,0,0,1,0,-0.0065,-0.0065,0.0065,0.0065,1.,1.,1.82,8.75,       907P   1740
-6.5,1.82,8.75,6.5,-0.0065,0.0065,0.,0.,0.;                          907P   1741
126,1,1,0,0,1,0,0.,0.,0.002,0.002,1.,1.,1.82,8.75,6.5,3.82,8.75,     909P   1742
6.5,0.,0.002,0.,0.,0.;                                               909P   1743
126,1,1,0,0,1,0,0.,0.,0.002,0.002,1.,1.,1.82,6.5,-8.75,3.82,6.5,     911P   1744
-8.75,0.,0.002,0.,0.,0.;                                             911P   1745
126,2,2,0,0,0,0,0.,0.,0.,1.5707963267949,1.5707963267949,            913P   1746
1.5707963267949,1.,0.707106781186548,1.,1.82,6.5,-8.75,1.82,         913P   1747
8.75,-8.75,1.82,8.75,-6.5,0.,1.5707963267949,0.,0.,0.;               913P   1748
126,1,1,0,0,1,0,0.,0.,0.002,0.002,1.,1.,1.82,-6.50000000000001,      915P   1749
-8.75,3.82,-6.50000000000001,-8.75,0.,0.002,0.,0.,0.;                915P   1750
126,1,1,0,0,1,0,-0.00650000000000001,-0.00650000000000001,           917P   1751
0.0065,0.0065,1.,1.,1.82,-6.50000000000001,-8.75,1.82,6.5,-8.75,     917P   1752
-0.00650000000000001,0.0065,0.,0.,0.;                                917P   1753
126,1,1,0,0,1,0,0.,0.,0.002,0.002,1.,1.,1.82,-8.75,-6.5,3.82,        919P   1754
-8.75,-6.5,0.,0.002,0.,0.,0.;                                        919P   1755
126,2,2,0,0,0,0,-1.5707963267949,-1.5707963267949,                   921P   1756
-1.5707963267949,0.,0.,0.,1.,0.707106781186548,1.,1.82,-8.75,        921P   1757
-6.5,1.82,-8.75,-8.75,1.82,-6.50000000000001,-8.75,                  921P   1758
-1.5707963267949,0.,0.,0.,0.;                                        921P   1759
126,1,1,0,0,1,0,0.,0.,0.002,0.002,1.,1.,1.82,-8.75,6.5,3.82,         923P   1760
-8.75,6.5,0.,0.002,0.,0.,0.;                                         923P   1761
126,1,1,0,0,1,0,-0.0065,-0.0065,0.0065,0.0065,1.,1.,1.82,-8.75,      925P   1762
-6.5,1.82,-8.75000000000001,6.5,-0.0065,0.0065,0.,0.,0.;             925P   1763
126,1,1,0,0,1,0,0.,0.,0.002,0.002,1.,1.,1.82,-6.50000000000001,      927P   1764
8.75,3.82,-6.50000000000001,8.75,0.,0.002,0.,0.,0.;                  927P   1765
126,2,2,0,0,0,0,-3.14159265358979,-3.14159265358979,                 929P   1766
-3.14159265358979,-1.5707963267949,-1.5707963267949,                 929P   1767
-1.5707963267949,1.,0.707106781186548,1.,1.82,-6.50000000000001,     929P   1768
8.75,1.82,-8.75000000000001,8.75,1.82,-8.75000000000001,6.5,         929P   1769
-3.14159265358979,-1.5707963267949,0.,0.,0.;                         929P   1770
126,1,1,0,0,1,0,0.,0.,0.002,0.002,1.,1.,1.82,6.5,8.75,3.82,6.5,      931P   1771
8.75,0.,0.002,0.,0.,0.;                                              931P   1772
126,1,1,0,0,1,0,-0.00650000000000001,-0.00650000000000001,           933P   1773
0.0065,0.0065,1.,1.,1.82,-6.50000000000001,8.75,1.82,6.5,8.75,       933P   1774
-0.00650000000000001,0.0065,0.,0.,0.;                                933P   1775
126,2,2,0,0,0,0,1.5707963267949,1.5707963267949,1.5707963267949,     935P   1776
3.14159265358979,3.14159265358979,3.14159265358979,1.,               935P   1777
0.707106781186548,1.,1.82,8.75,6.5,1.82,8.75,8.75,1.82,6.5,8.75,     935P   1778
1.5707963267949,3.14159265358979,0.,0.,0.;                           935P   1779
126,1,1,0,0,1,0,0.00221,0.00221,0.00245,0.00245,1.,1.,12.22,         937P   1780
-4.44522890719057D-15,0.710000000000005,12.22,                       937P   1781
-4.44522890719057D-15,0.950000000000004,0.00221,0.00245,0.,0.,       937P   1782
0.;                                                                  937P   1783
126,4,2,0,0,0,0,1.5707963267949,1.5707963267949,1.5707963267949,     939P   1784
3.14159265358979,3.14159265358979,4.71238898038469,                  939P   1785
4.71238898038469,4.71238898038469,1.,0.707106781186547,1.,           939P   1786
0.707106781186547,1.,12.22,-4.43998249211314D-15,                    939P   1787
0.950000000000004,12.22,-0.950000000000008,0.950000000000004,        939P   1788
12.22,-0.950000000000008,1.16341445918999D-16,12.22,                 939P   1789
-0.950000000000008,-0.950000000000003,12.22,                         939P   1790
-4.67266538395114D-15,-0.950000000000004,1.5707963267949,            939P   1791
4.71238898038469,0.,0.,0.;                                           939P   1792
126,1,1,0,0,1,0,0.000549999999999997,0.000549999999999997,           941P   1793
0.000789999999999996,0.000789999999999996,1.,1.,12.22,               941P   1794
-4.44522890719057D-15,-0.950000000000003,12.22,                      941P   1795
-4.44522890719057D-15,-0.710000000000004,0.000549999999999997,       941P   1796
0.000789999999999996,0.,0.,0.;                                       941P   1797
126,30,3,0,0,1,0,1.06007534751858D-17,1.06007534751858D-17,          943P   1798
1.06007534751858D-17,1.06007534751858D-17,1.80664063470164D-5,       943P   1799
1.80664063470164D-5,1.80664063470164D-5,3.38160614857163D-5,         943P   1800
3.38160614857163D-5,3.38160614857163D-5,5.18367211076773D-5,         943P   1801
5.18367211076773D-5,5.18367211076773D-5,6.76373201439774D-5,         943P   1802
6.76373201439774D-5,6.76373201439774D-5,8.55926232136902D-5,         943P   1803
8.55926232136902D-5,8.55926232136902D-5,0.000101379090800806,        943P   1804
0.000101379090800806,0.000101379090800806,0.000119605079301021,      943P   1805
0.000119605079301021,0.000119605079301021,0.000134986294162868,      943P   1806
0.000134986294162868,0.000134986294162868,0.00015167332704229,       943P   1807
0.00015167332704229,0.00015167332704229,0.000156575644918262,        943P   1808
0.000156575644918262,0.000156575644918262,0.000156575644918262,      943P   1809
1.,1.,1.,1.,1.,1.,1.,1.,1.,1.,1.,1.,1.,1.,1.,1.,1.,1.,1.,1.,1.,      943P   1810
1.,1.,1.,1.,1.,1.,1.,1.,1.,1.,12.1199999999985,                      943P   1811
0.00975038112496071,1.04995472762778,12.1259920350812,               943P   1812
0.00914904947730121,1.04996031188078,12.1320310414035,               943P   1813
0.00854679716381996,1.04942237505618,12.1379696810183,               943P   1814
0.00795744510413909,1.0483420041471,12.1431467773446,                943P   1815
0.00744366878819817,1.04740017493586,12.1482468001367,               943P   1816
0.00693972680622219,1.04604712893414,12.1531788805713,               943P   1817
0.00645467930226453,1.04431542193851,12.1588221370083,               943P   1818
0.00589969089824386,1.04233401332616,12.1643309134046,               943P   1819
0.00536105728307891,1.03982571139383,12.1695672412938,               943P   1820
0.00485082206385158,1.03683960903812,12.1741584781928,               943P   1821
0.00440344542601836,1.03422138046083,12.1785397644785,               943P   1822
0.003977910696723,1.03123699321047,12.1826342844554,                 943P   1823
0.00358174380773279,1.02794853154617,12.187287167991,                943P   1824
0.00313155223324458,1.02421162728831,12.1916402452855,               943P   1825
0.00271253626825775,1.02002411328981,12.1955798089068,               943P   1826
0.00233385383452789,1.01547779215605,12.1990435094732,               943P   1827
0.00200091275619153,1.01148062480442,12.2021874566299,               943P   1828
0.00169913901122009,1.00720736227913,12.2049594130898,               943P   1829
0.00143393167117525,1.00274267698634,12.2081597266674,               943P   1830
0.00112774120119469,0.997588053106469,12.2109132454804,              943P   1831
0.000865727825205944,0.992097715518108,12.213141079322,              943P   1832
0.000653385604680346,0.986396752467399,12.2150211853581,             943P   1833
0.000474186472731627,0.981585614920518,12.2165273106227,             943P   1834
0.000330335713763216,0.976625624736577,12.2176383759867,             943P   1835
0.000224493258003058,0.971604314709363,12.2188437673961,             943P   1836
0.000109665102023616,0.966156710844877,12.2195995963167,             943P   1837
3.82030735750088D-5,0.960559245773021,12.2198775728597,              943P   1838
1.16971216056842D-5,0.954946760450332,12.2199592368311,              943P   1839
3.91020088120263D-6,0.953297924055937,12.22,                         943P   1840
-3.31918372533992D-15,0.951647848514062,12.22,                       943P   1841
-4.46496430826329D-15,0.950000000000003,1.06007534751858D-17,        943P   1842
0.000156575644918262,0.,0.,0.;                                       943P   1843
126,30,3,0,0,1,0,9.75911233861706D-19,9.75911233861706D-19,          945P   1844
9.75911233861706D-19,9.75911233861706D-19,1.78684857131759D-5,       945P   1845
1.78684857131759D-5,1.78684857131759D-5,3.34614024786177D-5,         945P   1846
3.34614024786177D-5,3.34614024786177D-5,5.13704442665317D-5,         945P   1847
5.13704442665317D-5,5.13704442665317D-5,6.69190732584674D-5,         945P   1848
6.69190732584674D-5,6.69190732584674D-5,8.48890527232278D-5,         945P   1849
8.48890527232278D-5,8.48890527232278D-5,0.000100435614611609,        945P   1850
0.000100435614611609,0.000100435614611609,0.000118807238513502,      945P   1851
0.000118807238513502,0.000118807238513502,0.000134078539441419,      945P   1852
0.000134078539441419,0.000134078539441419,0.000151089070516047,      945P   1853
0.000151089070516047,0.000151089070516047,0.00015657503034427,       945P   1854
0.00015657503034427,0.00015657503034427,0.00015657503034427,1.,      945P   1855
1.,1.,1.,1.,1.,1.,1.,1.,1.,1.,1.,1.,1.,1.,1.,1.,1.,1.,1.,1.,1.,      945P   1856
1.,1.,1.,1.,1.,1.,1.,1.,1.,12.22,-4.78581568698797D-15,              945P   1857
-0.950000000000004,12.22,-2.635896625068D-15,-0.955956161904396,     945P   1858
12.2194634442081,5.18063750617479D-5,-0.961958113013006,             945P   1859
12.2183922780958,0.000153565235540177,-0.967859428209424,            945P   1860
12.2174575260245,0.000242365006659921,-0.973009205204603,            945P   1861
12.2161166741222,0.000369209756463942,-0.978081538053038,            945P   1862
12.2144029519751,0.00053244162205879,-0.982985953756013,             945P   1863
12.2124346786874,0.000719919458696409,-0.988618856636926,            945P   1864
12.2099435541088,0.000958078965025788,-0.994115648010297,            945P   1865
12.2069802498068,0.00124124839856914,-0.999339234650279,             945P   1866
12.2044075091919,0.0014870960835633,-1.00387435225367,               945P   1867
12.2014800491475,0.00176685431030683,-1.00820310552399,              945P   1868
12.1982587458874,0.00207605930441497,-1.01225193674208,              945P   1869
12.1945357968439,0.00243341604611912,-1.0169312826756,               945P   1870
12.1903627568688,0.00283542897373515,-1.02130740421751,              945P   1871
12.1858330946612,0.00327290966163911,-1.02526763733556,              945P   1872
12.1819142992067,0.00365139204125498,-1.02869379646851,              945P   1873
12.1777298497074,0.004056388385498,-1.03180868412874,                945P   1874
12.1733608038783,0.00448121778024442,-1.03456348567858,              945P   1875
12.1681978316817,0.0049832455545384,-1.03781887927373,               945P   1876
12.1626967539153,0.00552068219498528,-1.04062099476428,              945P   1877
12.1569840864182,0.00608122342150581,-1.04289178162238,              945P   1878
12.1522354662137,0.00654716991586095,-1.04477935942379,              945P   1879
12.1473417641112,0.00702904376663801,-1.04630029243547,              945P   1880
12.1423870081145,0.00751938145061321,-1.04743490964938,              945P   1881
12.1368679609,0.00806556310531902,-1.04869874705695,                 945P   1882
12.1311954719806,0.00862985430785392,-1.04949926263141,              945P   1883
12.12550558583,0.00919885061979928,-1.04980802631405,                945P   1884
12.1236705762872,0.00938235405634952,-1.04990760375534,              945P   1885
12.1218338337186,0.00956634644664684,-1.04995643666174,              945P   1886
12.1199999999985,0.00975038112529825,-1.04995472762778,              945P   1887
9.75911233861706D-19,0.00015657503034427,0.,0.,0.;                   945P   1888
126,2,2,0,0,0,0,1.6853323000272,1.6853323000272,1.6853323000272,     947P   1889
3.02705668035749,3.02705668035749,3.02705668035749,1.,               947P   1890
0.783285966600992,1.,-12.,0.100000000000002,0.869266932535682,       947P   1891
-12.,0.789901083282658,0.789901083282656,-12.,0.869266932535681,     947P   1892
0.0999999999999999,1.6853323000272,3.02705668035749,0.,0.,0.;        947P   1893
126,3,2,0,0,0,0,0.0153652890171436,0.0153652890171436,               949P   1894
0.0153652890171436,0.015479276117464,0.0264124097552107,             949P   1895
0.0264124097552107,0.0264124097552107,2.02564102569317,              949P   1896
2.02932861179749,2.386545092373,2.72413793110038,                    949P   1897
-11.999999999999,0.869266932534699,0.1,-11.9982282827765,            949P   1898
0.867483530323371,0.1,-11.8525561213407,0.720842727866731,0.1,       949P   1899
-11.7500000000004,0.616948133963054,0.1,0.0153652890171436,          949P   1900
0.0264124097552107,0.,0.,0.;                                         949P   1901
126,3,2,0,0,0,0,0.489581776273009,0.489581776273009,                 951P   1902
0.489581776273009,0.489867898128093,0.500628897010466,               951P   1903
0.500628897010466,0.500628897010466,2.72413793106072,                951P   1904
2.71530307250319,2.37376910190022,2.02564102569113,                  951P   1905
-11.750000000011,0.100000000000002,0.616948133973745,                951P   1906
-11.7523589530572,0.100000000000002,0.619337874006543,               951P   1907
-11.857010155692,0.100000000000002,0.725334028744514,-12.,           951P   1908
0.100000000000002,0.869266932535682,0.489581776273009,               951P   1909
0.500628897010466,0.,0.,0.;                                          951P   1910
126,1,1,0,0,1,0,-0.000964831591522583,-0.000964831591522583,         953P   1911
-0.000869266932535682,-0.000869266932535682,1.,1.,-12.,              953P   1912
0.100000000000002,0.964831591522583,-12.,0.100000000000002,          953P   1913
0.869266932535682,-0.000964831591522583,-0.000869266932535682,       953P   1914
0.,0.,0.;                                                            953P   1915
126,2,2,0,0,0,0,-1.46752005056529,-1.46752005056529,                 955P   1916
-1.46752005056529,-0.103276276229603,-0.103276276229603,             955P   1917
-0.103276276229603,1.,0.776236741430189,1.,-12.,                     955P   1918
0.100000000000002,0.964831591522583,-12.,0.88361390429319,           955P   1919
0.883613904293188,-12.,0.964831591522583,0.1,-1.46752005056529,      955P   1920
-0.103276276229603,0.,0.,0.;                                         955P   1921
126,1,1,0,0,1,0,0.000869266932535682,0.000869266932535682,           957P   1922
0.000964831591522583,0.000964831591522583,1.,1.,-12.,                957P   1923
0.869266932535682,0.1,-12.,0.964831591522583,0.1,                    957P   1924
0.000869266932535682,0.000964831591522583,0.,0.,0.;                  957P   1925
126,2,2,0,0,0,0,-3.02705668035749,-3.02705668035749,                 959P   1926
-3.02705668035749,-1.6853323000272,-1.6853323000272,                 959P   1927
-1.6853323000272,1.,0.783285966600992,1.,-12.,0.869266932535681,     959P   1928
-0.0999999999999999,-12.,0.789901083282658,-0.789901083282656,       959P   1929
-12.,0.100000000000002,-0.869266932535682,-3.02705668035749,         959P   1930
-1.6853323000272,0.,0.,0.;                                           959P   1931
126,3,2,0,0,0,0,0.0153652890171439,0.0153652890171439,               961P   1932
0.0153652890171439,0.0154792761174636,0.0264124097552113,            961P   1933
0.0264124097552113,0.0264124097552113,2.02564102569317,              961P   1934
2.02932861179746,2.38654509237297,2.72413793110037,                  961P   1935
-11.999999999999,0.100000000000002,-0.869266932534698,               961P   1936
-11.9982282827765,0.100000000000002,-0.867483530323382,              961P   1937
-11.8525561213407,0.100000000000002,-0.720842727866739,              961P   1938
-11.7500000000004,0.100000000000002,-0.616948133963054,              961P   1939
0.0153652890171439,0.0264124097552113,0.,0.,0.;                      961P   1940
126,3,2,0,0,0,0,0.0153652890171611,0.0153652890171611,               963P   1941
0.0153652890171611,0.0154792761174482,0.0264124097552349,            963P   1942
0.0264124097552349,0.0264124097552349,2.02564102569428,              963P   1943
2.02932861179752,2.38654509237326,2.7241379311018,                   963P   1944
-11.9999999999979,0.869266932533595,-0.0999999999999999,             963P   1945
-11.9982282827759,0.867483530322791,-0.0999999999999999,             963P   1946
-11.8525561213401,0.720842727866163,-0.0999999999999999,             963P   1947
-11.7499999999996,0.616948133962248,-0.0999999999999999,             963P   1948
0.0153652890171611,0.0264124097552349,0.,0.,0.;                      963P   1949
126,1,1,0,0,1,0,0.000869266932535682,0.000869266932535682,           965P   1950
0.000964831591522583,0.000964831591522583,1.,1.,-12.,                965P   1951
0.869266932535682,-0.1,-12.,0.964831591522583,-0.1,                  965P   1952
0.000869266932535682,0.000964831591522583,0.,0.,0.;                  965P   1953
126,2,2,0,0,0,0,0.103276276229604,0.103276276229604,                 967P   1954
0.103276276229604,1.46752005056529,1.46752005056529,                 967P   1955
1.46752005056529,1.,0.776236741430189,1.,-12.,0.964831591522583,     967P   1956
-0.1,-12.,0.88361390429319,-0.883613904293188,-12.,                  967P   1957
0.100000000000002,-0.964831591522583,0.103276276229604,              967P   1958
1.46752005056529,0.,0.,0.;                                           967P   1959
126,1,1,0,0,1,0,0.000869266932535682,0.000869266932535682,           969P   1960
0.000964831591522583,0.000964831591522583,1.,1.,-12.,                969P   1961
0.100000000000002,-0.869266932535682,-12.,0.100000000000002,         969P   1962
-0.964831591522583,0.000869266932535682,0.000964831591522583,0.,     969P   1963
0.,0.;                                                               969P   1964
126,3,2,0,0,0,0,0.0153652890171609,0.0153652890171609,               971P   1965
0.0153652890171609,0.0154792761174484,0.0264124097552345,            971P   1966
0.0264124097552345,0.0264124097552345,2.02564102569429,              971P   1967
2.02932861179754,2.38654509237328,2.72413793110182,                  971P   1968
-11.9999999999979,-0.099999999999998,-0.869266932533592,             971P   1969
-11.9982282827759,-0.099999999999998,-0.867483530322781,             971P   1970
-11.8525561213401,-0.099999999999998,-0.720842727866155,             971P   1971
-11.7499999999996,-0.099999999999998,-0.616948133962245,             971P   1972
0.0153652890171609,0.0264124097552345,0.,0.,0.;                      971P   1973
126,2,2,0,0,0,0,-1.4562603535626,-1.4562603535626,                   973P   1974
-1.4562603535626,-0.1145359732323,-0.1145359732323,                  973P   1975
-0.1145359732323,1.,0.78328596660099,1.,-12.,                        973P   1976
-0.0999999999999979,-0.869266932535682,-12.,-0.789901083282658,      973P   1977
-0.789901083282659,-12.,-0.869266932535682,-0.0999999999999997,      973P   1978
-1.4562603535626,-0.1145359732323,0.,0.,0.;                          973P   1979
126,3,2,0,0,0,0,0.489581776272714,0.489581776272714,                 975P   1980
0.489581776272714,0.489867898127775,0.500628897010163,               975P   1981
0.500628897010163,0.500628897010163,2.72413793105913,                975P   1982
2.71530307250231,2.37376910189959,2.02564102568997,                  975P   1983
-11.750000000011,-0.616948133973754,-0.0999999999999998,             975P   1984
-11.752358953057,-0.61933787400636,-0.0999999999999998,              975P   1985
-11.8570101556917,-0.725334028744259,-0.0999999999999998,-12.,       975P   1986
-0.869266932535684,-0.0999999999999998,0.489581776272714,            975P   1987
0.500628897010163,0.,0.,0.;                                          975P   1988
126,1,1,0,0,1,0,0.000869266932535682,0.000869266932535682,           977P   1989
0.000964831591522584,0.000964831591522584,1.,1.,-12.,                977P   1990
-0.099999999999998,-0.869266932535682,-12.,-0.099999999999998,       977P   1991
-0.964831591522584,0.000869266932535682,0.000964831591522584,0.,     977P   1992
0.,0.;                                                               977P   1993
126,2,2,0,0,0,0,1.6740726030245,1.6740726030245,1.6740726030245,     979P   1994
3.03831637736019,3.03831637736019,3.03831637736019,1.,               979P   1995
0.776236741430186,1.,-12.,-0.099999999999998,-0.964831591522584,     979P   1996
-12.,-0.883613904293191,-0.883613904293192,-12.,                     979P   1997
-0.964831591522584,-0.0999999999999997,1.6740726030245,              979P   1998
3.03831637736019,0.,0.,0.;                                           979P   1999
126,1,1,0,0,1,0,-0.000964831591522584,-0.000964831591522584,         981P   2000
-0.000869266932535682,-0.000869266932535682,1.,1.,-12.,              981P   2001
-0.964831591522584,-0.0999999999999997,-12.,-0.869266932535682,      981P   2002
-0.0999999999999997,-0.000964831591522584,-0.000869266932535682,     981P   2003
0.,0.,0.;                                                            981P   2004
126,3,2,0,0,0,0,0.489581776272714,0.489581776272714,                 983P   2005
0.489581776272714,0.489867898127775,0.500628897010163,               983P   2006
0.500628897010163,0.500628897010163,2.72413793105916,                983P   2007
2.71530307250233,2.3737691018996,2.02564102568998,                   983P   2008
-11.750000000011,-0.099999999999998,0.616948133973747,               983P   2009
-11.752358953057,-0.099999999999998,0.619337874006355,               983P   2010
-11.8570101556917,-0.099999999999998,0.725334028744256,-12.,         983P   2011
-0.099999999999998,0.869266932535682,0.489581776272714,              983P   2012
0.500628897010163,0.,0.,0.;                                          983P   2013
126,3,2,0,0,0,0,0.489581776273012,0.489581776273012,                 985P   2014
0.489581776273012,0.489867898128096,0.500628897010468,               985P   2015
0.500628897010468,0.500628897010468,2.72413793106072,                985P   2016
2.71530307250319,2.37376910190023,2.02564102569115,                  985P   2017
-11.750000000011,-0.616948133973751,0.1,-11.7523589530572,           985P   2018
-0.619337874006548,0.1,-11.857010155692,-0.725334028744516,0.1,      985P   2019
-12.,-0.869266932535681,0.1,0.489581776273012,0.500628897010468,     985P   2020
0.,0.,0.;                                                            985P   2021
126,2,2,0,0,0,0,0.114535973232301,0.114535973232301,                 987P   2022
0.114535973232301,1.4562603535626,1.4562603535626,                   987P   2023
1.4562603535626,1.,0.783285966600991,1.,-12.,-0.869266932535682,     987P   2024
0.1,-12.,-0.789901083282658,0.78990108328266,-12.,                   987P   2025
-0.0999999999999979,0.869266932535682,0.114535973232301,             987P   2026
1.4562603535626,0.,0.,0.;                                            987P   2027
126,1,1,0,0,1,0,-0.000964831591522584,-0.000964831591522584,         989P   2028
-0.000869266932535682,-0.000869266932535682,1.,1.,-12.,              989P   2029
-0.964831591522584,0.1,-12.,-0.869266932535682,0.1,                  989P   2030
-0.000964831591522584,-0.000869266932535682,0.,0.,0.;                989P   2031
126,2,2,0,0,0,0,-3.03831637736019,-3.03831637736019,                 991P   2032
-3.03831637736019,-1.6740726030245,-1.6740726030245,                 991P   2033
-1.6740726030245,1.,0.776236741430187,1.,-12.,                       991P   2034
-0.964831591522584,0.1,-12.,-0.88361390429319,0.883613904293192,     991P   2035
-12.,-0.099999999999998,0.964831591522584,-3.03831637736019,         991P   2036
-1.6740726030245,0.,0.,0.;                                           991P   2037
126,1,1,0,0,1,0,-0.000964831591522584,-0.000964831591522584,         993P   2038
-0.000869266932535682,-0.000869266932535682,1.,1.,-12.,              993P   2039
-0.099999999999998,0.964831591522584,-12.,-0.099999999999998,        993P   2040
0.869266932535682,-0.000964831591522584,-0.000869266932535682,       993P   2041
0.,0.,0.;                                                            993P   2042
126,1,1,0,0,1,0,-0.00106531685427388,-0.00106531685427388,           995P   2043
-0.000616948133962652,-0.000616948133962652,1.,1.,-5.6,              995P   2044
-0.099999999999998,1.06531685427388,-5.6,-0.099999999999998,         995P   2045
0.616948133962652,-0.00106531685427388,-0.000616948133962652,0.,     995P   2046
0.,0.;                                                               995P   2047
126,2,2,0,0,0,0,-0.0935945311077799,-0.0935945311077799,             997P   2048
-0.0935945311077799,0.0935945311077831,0.0935945311077831,           997P   2049
0.0935945311077831,1.,0.995623228293365,1.,-5.6,                     997P   2050
-0.0999999999999978,1.06531685427388,-5.6,1.09287578986539D-15,      997P   2051
1.07470373289115,-5.6,0.1,1.06531685427388,-0.0935945311077799,      997P   2052
0.0935945311077831,0.,0.,0.;                                         997P   2053
126,1,1,0,0,1,0,-0.00106531685427388,-0.00106531685427388,           999P   2054
-0.000616948133962651,-0.000616948133962651,1.,1.,-5.6,              999P   2055
0.100000000000002,1.06531685427388,-5.6,0.100000000000002,           999P   2056
0.616948133962651,-0.00106531685427388,-0.000616948133962651,0.,     999P   2057
0.,0.;                                                               999P   2058
126,1,1,0,0,1,0,0.00615,0.00615,0.0063,0.0063,1.,1.,-11.75,         1001P   2059
0.100000000000002,1.06531685427388,-11.9,0.100000000000002,         1001P   2060
1.06531685427388,0.00615,0.0063,0.,0.,0.;                           1001P   2061
126,2,2,0,0,0,0,3.05428215292321,3.05428215292321,                  1003P   2062
3.05428215292321,4.6242136811929,4.6242136811929,                   1003P   2063
4.6242136811929,1.,0.707412467524216,1.,-11.9,0.100000000000002,    1003P   2064
1.06531685427388,-12.0000031244501,0.100001402970088,               1003P   2065
1.06531162009414,-12.,0.100000000000002,0.964831591522583,          1003P   2066
3.05428215292321,4.6242136811929,0.,0.,0.;                          1003P   2067
126,1,1,0,0,1,0,1.11022302462516D-18,1.11022302462516D-18,          1005P   2068
0.00615,0.00615,1.,1.,-5.6,0.100000000000002,1.06531685427388,      1005P   2069
-11.75,0.100000000000002,1.06531685427388,1.11022302462516D-18,     1005P   2070
0.00615,0.,0.,0.;                                                   1005P   2071
126,2,2,0,0,0,0,0.0935945311077825,0.0935945311077825,              1007P   2072
0.0935945311077825,1.47720179568711,1.47720179568711,               1007P   2073
1.47720179568711,1.,0.770096682138355,1.,-11.9,1.06531685427388,    1007P   2074
0.1,-11.9,0.982479568368893,0.982479568368891,-11.9,                1007P   2075
0.100000000000002,1.06531685427388,0.0935945311077825,              1007P   2076
1.47720179568711,0.,0.,0.;                                          1007P   2077
126,2,2,0,0,0,0,-1.48127627069595,-1.48127627069595,                1009P   2078
-1.48127627069595,0.0886379075254186,0.0886379075254186,            1009P   2079
0.0886379075254186,1.,0.707418599013019,1.,-12.,                    1009P   2080
0.964831591522583,0.1,-12.0000030878257,1.06531115698628,           1009P   2081
0.100001335079002,-11.9,1.06531685427388,0.1,-1.48127627069595,     1009P   2082
0.0886379075254186,0.,0.,0.;                                        1009P   2083
126,1,1,0,0,1,0,0.00615,0.00615,0.0063,0.0063,1.,1.,-11.75,         1011P   2084
1.06531685427388,0.1,-11.9,1.06531685427388,0.1,0.00615,0.0063,     1011P   2085
0.,0.,0.;                                                           1011P   2086
126,1,1,0,0,1,0,0.,0.,0.00615,0.00615,1.,1.,-5.6,                   1013P   2087
1.06531685427388,0.1,-11.75,1.06531685427388,0.1,0.,0.00615,0.,     1013P   2088
0.,0.;                                                              1013P   2089
126,1,1,0,0,1,0,0.00061694813396265,0.00061694813396265,            1015P   2090
0.00106531685427388,0.00106531685427388,1.,1.,-5.6,                 1015P   2091
0.61694813396265,0.1,-5.6,1.06531685427388,0.1,                     1015P   2092
0.00061694813396265,0.00106531685427388,0.,0.,0.;                   1015P   2093
126,2,2,0,0,0,0,1.47720179568711,1.47720179568711,                  1017P   2094
1.47720179568711,1.66439085790268,1.66439085790268,                 1017P   2095
1.66439085790268,1.,0.995623228293395,1.,-5.6,1.06531685427388,     1017P   2096
0.1,-5.6,1.07470373289115,6.93889390390723D-17,-5.6,                1017P   2097
1.06531685427388,-0.0999999999999999,1.47720179568711,              1017P   2098
1.66439085790268,0.,0.,0.;                                          1017P   2099
126,1,1,0,0,1,0,0.00061694813396265,0.00061694813396265,            1019P   2100
0.00106531685427388,0.00106531685427388,1.,1.,-5.6,                 1019P   2101
0.61694813396265,-0.0999999999999999,-5.6,1.06531685427388,-0.1,    1019P   2102
0.00061694813396265,0.00106531685427388,0.,0.,0.;                   1019P   2103
126,1,1,0,0,1,0,0.00615,0.00615,0.0063,0.0063,1.,1.,-11.75,         1021P   2104
1.06531685427388,-0.1,-11.9,1.06531685427388,-0.1,0.00615,          1021P   2105
0.0063,0.,0.,0.;                                                    1021P   2106
126,2,2,0,0,0,0,3.05428215291693,3.05428215291693,                  1023P   2107
3.05428215291693,4.62421368118653,4.62421368118653,                 1023P   2108
4.62421368118653,1.,0.707412467524276,1.,-11.9,1.06531685427388,    1023P   2109
-0.1,-12.0000031244501,1.06531162009414,-0.100001402970086,-12.,    1023P   2110
0.964831591522583,-0.1,3.05428215291693,4.62421368118653,0.,0.,     1023P   2111
0.;                                                                 1023P   2112
126,1,1,0,0,1,0,1.11022302462516D-18,1.11022302462516D-18,          1025P   2113
0.00615,0.00615,1.,1.,-5.6,1.06531685427388,-0.1,-11.75,            1025P   2114
1.06531685427388,-0.1,1.11022302462516D-18,0.00615,0.,0.,0.;        1025P   2115
126,2,2,0,0,0,0,-1.47720179568711,-1.47720179568711,                1027P   2116
-1.47720179568711,-0.0935945311077824,-0.0935945311077824,          1027P   2117
-0.0935945311077824,1.,0.770096682138355,1.,-11.9,                  1027P   2118
0.100000000000002,-1.06531685427388,-11.9,0.982479568368893,        1027P   2119
-0.982479568368891,-11.9,1.06531685427388,-0.1,                     1027P   2120
-1.47720179568711,-0.0935945311077824,0.,0.,0.;                     1027P   2121
126,2,2,0,0,0,0,-1.48127627069993,-1.48127627069993,                1029P   2122
-1.48127627069993,0.0886379075215193,0.0886379075215193,            1029P   2123
0.0886379075215193,1.,0.707418599013005,1.,-12.,                    1029P   2124
0.100000000000002,-0.964831591522583,-12.0000030878257,             1029P   2125
0.100001335079005,-1.06531115698628,-11.9,0.100000000000002,        1029P   2126
-1.06531685427388,-1.48127627069993,0.0886379075215193,0.,0.,0.;    1029P   2127
126,1,1,0,0,1,0,0.00615,0.00615,0.0063,0.0063,1.,1.,-11.75,         1031P   2128
0.100000000000002,-1.06531685427388,-11.9,0.100000000000002,        1031P   2129
-1.06531685427388,0.00615,0.0063,0.,0.,0.;                          1031P   2130
126,1,1,0,0,1,0,0.,0.,0.00615,0.00615,1.,1.,-5.6,                   1033P   2131
0.100000000000002,-1.06531685427388,-11.75,0.100000000000002,       1033P   2132
-1.06531685427388,0.,0.00615,0.,0.,0.;                              1033P   2133
126,1,1,0,0,1,0,0.000616948133962651,0.000616948133962651,          1035P   2134
0.00106531685427388,0.00106531685427388,1.,1.,-5.6,                 1035P   2135
0.100000000000002,-0.616948133962651,-5.6,0.100000000000002,        1035P   2136
-1.06531685427388,0.000616948133962651,0.00106531685427388,0.,      1035P   2137
0.,0.;                                                              1035P   2138
126,2,2,0,0,0,0,3.04799812248201,3.04799812248201,                  1037P   2139
3.04799812248201,3.23518718469757,3.23518718469757,                 1037P   2140
3.23518718469757,1.,0.99562322829335,1.,-5.6,0.100000000000002,     1037P   2141
-1.06531685427388,-5.6,2.26381413614973D-15,-1.07470373289115,      1037P   2142
-5.6,-0.0999999999999991,-1.06531685427388,3.04799812248201,        1037P   2143
3.23518718469757,0.,0.,0.;                                          1037P   2144
126,1,1,0,0,1,0,0.000616948133962652,0.000616948133962652,          1039P   2145
0.00106531685427388,0.00106531685427388,1.,1.,-5.6,                 1039P   2146
-0.099999999999998,-0.616948133962652,-5.6,-0.099999999999998,      1039P   2147
-1.06531685427388,0.000616948133962652,0.00106531685427388,0.,      1039P   2148
0.,0.;                                                              1039P   2149
126,1,1,0,0,1,0,0.00615,0.00615,0.0063,0.0063,1.,1.,-11.75,         1041P   2150
-0.099999999999998,-1.06531685427388,-11.9,-0.099999999999998,      1041P   2151
-1.06531685427388,0.00615,0.0063,0.,0.,0.;                          1041P   2152
126,2,2,0,0,0,0,3.05428215290945,3.05428215290945,                  1043P   2153
3.05428215290945,4.62421368117889,4.62421368117889,                 1043P   2154
4.62421368117889,1.,0.707412467524299,1.,-11.9,                     1043P   2155
-0.0999999999999982,-1.06531685427388,-12.0000031244501,            1043P   2156
-0.100001402970084,-1.06531162009414,-12.,-0.099999999999998,       1043P   2157
-0.964831591522584,3.05428215290945,4.62421368117889,0.,0.,0.;      1043P   2158
126,1,1,0,0,1,0,1.11022302462516D-18,1.11022302462516D-18,          1045P   2159
0.00615,0.00615,1.,1.,-5.6,-0.099999999999998,-1.06531685427388,    1045P   2160
-11.75,-0.099999999999998,-1.06531685427388,                        1045P   2161
1.11022302462516D-18,0.00615,0.,0.,0.;                              1045P   2162
126,2,2,0,0,0,0,-3.04799812248201,-3.04799812248201,                1047P   2163
-3.04799812248201,-1.66439085790268,-1.66439085790268,              1047P   2164
-1.66439085790268,1.,0.770096682138353,1.,-11.9,                    1047P   2165
-1.06531685427388,-0.1,-11.9,-0.982479568368894,                    1047P   2166
-0.982479568368896,-11.9,-0.0999999999999982,-1.06531685427388,     1047P   2167
-3.04799812248201,-1.66439085790268,0.,0.,0.;                       1047P   2168
126,2,2,0,0,0,0,-1.48127627067275,-1.48127627067275,                1049P   2169
-1.48127627067275,0.088637907548335,0.088637907548335,              1049P   2170
0.088637907548335,1.,0.707418599013155,1.,-12.,                     1049P   2171
-0.964831591522584,-0.0999999999999997,-12.0000030878257,           1049P   2172
-1.06531115698628,-0.100001335079003,-11.9,-1.06531685427388,       1049P   2173
-0.1,-1.48127627067275,0.088637907548335,0.,0.,0.;                  1049P   2174
126,1,1,0,0,1,0,0.00615,0.00615,0.0063,0.0063,1.,1.,-11.75,         1051P   2175
-1.06531685427388,-0.0999999999999997,-11.9,-1.06531685427388,      1051P   2176
-0.0999999999999997,0.00615,0.0063,0.,0.,0.;                        1051P   2177
126,1,1,0,0,1,0,-0.00106531685427388,-0.00106531685427388,          1053P   2178
-0.000616948133962653,-0.000616948133962653,1.,1.,-5.6,             1053P   2179
-1.06531685427388,-0.0999999999999997,-5.6,-0.616948133962653,      1053P   2180
-0.0999999999999998,-0.00106531685427388,-0.000616948133962653,     1053P   2181
0.,0.,0.;                                                           1053P   2182
126,1,1,0,0,1,0,-0.00106531685427388,-0.00106531685427388,          1055P   2183
-0.000616948133962653,-0.000616948133962653,1.,1.,-5.6,             1055P   2184
-1.06531685427388,0.1,-5.6,-0.616948133962653,0.1,                  1055P   2185
-0.00106531685427388,-0.000616948133962653,0.,0.,0.;                1055P   2186
126,1,1,0,0,1,0,0.00615,0.00615,0.0063,0.0063,1.,1.,-11.75,         1057P   2187
-1.06531685427388,0.1,-11.9,-1.06531685427388,0.1,0.00615,          1057P   2188
0.0063,0.,0.,0.;                                                    1057P   2189
126,2,2,0,0,0,0,3.05428215290083,3.05428215290083,                  1059P   2190
3.05428215290083,4.62421368117016,4.62421368117016,                 1059P   2191
4.62421368117016,1.,0.707412467524323,1.,-11.9,                     1059P   2192
-1.06531685427388,0.100000000000001,-12.0000031244501,              1059P   2193
-1.06531162009414,0.100001402970086,-12.,-0.964831591522584,0.1,    1059P   2194
3.05428215290083,4.62421368117016,0.,0.,0.;                         1059P   2195
126,2,2,0,0,0,0,1.66439085790268,1.66439085790268,                  1061P   2196
1.66439085790268,3.04799812248201,3.04799812248201,                 1061P   2197
3.04799812248201,1.,0.770096682138353,1.,-11.9,                     1061P   2198
-0.0999999999999982,1.06531685427388,-11.9,-0.982479568368894,      1061P   2199
0.982479568368896,-11.9,-1.06531685427388,0.100000000000001,        1061P   2200
1.66439085790268,3.04799812248201,0.,0.,0.;                         1061P   2201
126,2,2,0,0,0,0,-1.48127627067107,-1.48127627067107,                1063P   2202
-1.48127627067107,0.0886379075499684,0.0886379075499684,            1063P   2203
0.0886379075499684,1.,0.707418599013103,1.,-12.,                    1063P   2204
-0.099999999999998,0.964831591522584,-12.0000030878257,             1063P   2205
-0.100001335079001,1.06531115698627,-11.9,-0.0999999999999982,      1063P   2206
1.06531685427388,-1.48127627067107,0.0886379075499684,0.,0.,0.;     1063P   2207
126,1,1,0,0,1,0,0.00615,0.00615,0.0063,0.0063,1.,1.,-11.75,         1065P   2208
-0.099999999999998,1.06531685427388,-11.9,-0.099999999999998,       1065P   2209
1.06531685427388,0.00615,0.0063,0.,0.,0.;                           1065P   2210
126,1,1,0,0,1,0,0.,0.,0.00615,0.00615,1.,1.,-5.6,                   1067P   2211
-0.099999999999998,1.06531685427388,-11.75,-0.099999999999998,      1067P   2212
1.06531685427388,0.,0.00615,0.,0.,0.;                               1067P   2213
126,2,2,0,0,0,0,1.47720179568712,1.47720179568712,                  1069P   2214
1.47720179568712,1.66439085790268,1.66439085790268,                 1069P   2215
1.66439085790268,1.,0.995623228293336,1.,-11.75,                    1069P   2216
-0.0999999999999989,1.06531685427388,-11.75,                        1069P   2217
8.06646416329215D-16,1.07470373289115,-11.75,0.100000000000001,     1069P   2218
1.06531685427388,1.47720179568712,1.66439085790268,0.,0.,0.;        1069P   2219
126,2,2,0,0,0,0,-1.47720179568712,-1.47720179568712,                1071P   2220
-1.47720179568712,-0.0935945311077859,-0.0935945311077859,          1071P   2221
-0.0935945311077859,1.,0.770096682138355,1.,-11.75,                 1071P   2222
0.100000000000001,1.06531685427388,-11.75,0.982479568368893,        1071P   2223
0.982479568368892,-11.75,1.06531685427388,0.1,-1.47720179568712,    1071P   2224
-0.0935945311077859,0.,0.,0.;                                       1071P   2225
126,2,2,0,0,0,0,3.04799812248201,3.04799812248201,                  1073P   2226
3.04799812248201,3.23518718469758,3.23518718469758,                 1073P   2227
3.23518718469758,1.,0.99562322829338,1.,-11.75,1.06531685427388,    1073P   2228
0.0999999999999999,-11.75,1.07470373289115,3.46944695195361D-17,    1073P   2229
-11.75,1.06531685427388,-0.0999999999999996,3.04799812248201,       1073P   2230
3.23518718469758,0.,0.,0.;                                          1073P   2231
126,2,2,0,0,0,0,0.0935945311077823,0.0935945311077823,              1075P   2232
0.0935945311077823,1.47720179568711,1.47720179568711,               1075P   2233
1.47720179568711,1.,0.770096682138354,1.,-11.75,                    1075P   2234
1.06531685427388,-0.1,-11.75,0.982479568368893,                     1075P   2235
-0.982479568368892,-11.75,0.100000000000001,-1.06531685427388,      1075P   2236
0.0935945311077823,1.47720179568711,0.,0.,0.;                       1075P   2237
126,2,2,0,0,0,0,-1.66439085790268,-1.66439085790268,                1077P   2238
-1.66439085790268,-1.47720179568712,-1.47720179568712,              1077P   2239
-1.47720179568712,1.,0.995623228293336,1.,-11.75,                   1077P   2240
0.100000000000001,-1.06531685427388,-11.75,8.06646416329215D-16,    1077P   2241
-1.07470373289115,-11.75,-0.0999999999999989,-1.06531685427388,     1077P   2242
-1.66439085790268,-1.47720179568712,0.,0.,0.;                       1077P   2243
126,2,2,0,0,0,0,1.66439085790268,1.66439085790268,                  1079P   2244
1.66439085790268,3.04799812248201,3.04799812248201,                 1079P   2245
3.04799812248201,1.,0.770096682138352,1.,-11.75,                    1079P   2246
-0.0999999999999989,-1.06531685427388,-11.75,-0.982479568368894,    1079P   2247
-0.982479568368895,-11.75,-1.06531685427388,-0.0999999999999996,    1079P   2248
1.66439085790268,3.04799812248201,0.,0.,0.;                         1079P   2249
126,2,2,0,0,0,0,0.0935945311077825,0.0935945311077825,              1081P   2250
0.0935945311077825,1.47720179568712,1.47720179568712,               1081P   2251
1.47720179568712,1.,0.770096682138353,1.,-11.75,                    1081P   2252
-1.06531685427388,0.1,-11.75,-0.982479568368892,                    1081P   2253
0.982479568368893,-11.75,-0.0999999999999989,1.06531685427388,      1081P   2254
0.0935945311077825,1.47720179568712,0.,0.,0.;                       1081P   2255
126,4,2,0,0,0,0,-2.47108027471288,-2.47108027471288,                1083P   2256
-2.47108027471288,-1.5707963267949,-1.5707963267949,                1083P   2257
-0.67051237887691,-0.67051237887691,-0.67051237887691,1.,           1083P   2258
0.900385339498996,1.,0.900385339498998,1.,-11.5674281585466,4.6,    1083P   2259
-1.37113092008021,-12.23,4.6,-0.845652815178049,-12.23,4.6,         1083P   2260
1.07156594925393D-16,-12.23,4.6,0.845652815178049,                  1083P   2261
-11.5674281585466,4.6,1.37113092008021,-2.47108027471288,           1083P   2262
-0.67051237887691,0.,0.,0.;                                         1083P   2263
126,4,2,0,0,0,0,0.670512378876912,0.670512378876912,                1085P   2264
0.670512378876912,1.5707963267949,1.5707963267949,                  1085P   2265
2.47108027471288,2.47108027471288,2.47108027471288,1.,              1085P   2266
0.900385339499003,1.,0.900385339499003,1.,-9.39257184145343,4.6,    1085P   2267
1.37113092008021,-8.73,4.6,0.845652815178047,-8.73,4.6,             1085P   2268
1.07156594925393D-16,-8.73,4.6,-0.845652815178047,                  1085P   2269
-9.39257184145343,4.6,-1.37113092008021,0.670512378876912,          1085P   2270
2.47108027471288,0.,0.,0.;                                          1085P   2271
126,4,2,0,0,0,0,-2.47108027471288,-2.47108027471288,                1087P   2272
-2.47108027471288,-1.5707963267949,-1.5707963267949,                1087P   2273
-0.67051237887691,-0.67051237887691,-0.67051237887691,1.,           1087P   2274
0.900385339498996,1.,0.900385339498998,1.,-11.5674281585466,        1087P   2275
-4.6,-1.37113092008021,-12.23,-4.6,-0.845652815178049,-12.23,       1087P   2276
-4.6,1.07156594925393D-16,-12.23,-4.6,0.845652815178049,            1087P   2277
-11.5674281585466,-4.6,1.37113092008021,-2.47108027471288,          1087P   2278
-0.67051237887691,0.,0.,0.;                                         1087P   2279
126,4,2,0,0,0,0,0.670512378876912,0.670512378876912,                1089P   2280
0.670512378876912,1.5707963267949,1.5707963267949,                  1089P   2281
2.47108027471288,2.47108027471288,2.47108027471288,1.,              1089P   2282
0.900385339499003,1.,0.900385339499003,1.,-9.39257184145343,        1089P   2283
-4.6,1.37113092008021,-8.73,-4.6,0.845652815178047,-8.73,-4.6,      1089P   2284
1.07156594925393D-16,-8.73,-4.6,-0.845652815178047,                 1089P   2285
-9.39257184145343,-4.6,-1.37113092008021,0.670512378876912,         1089P   2286
2.47108027471288,0.,0.,0.;                                          1089P   2287
128,1,8,1,2,0,1,0,0,1,-6.29565217391304,-6.29565217391304,          1091P   2288
-4.13043478260869,-4.13043478260869,-3.14159265358979,              1091P   2289
-3.14159265358979,-3.14159265358979,-1.5707963267949,               1091P   2290
-1.5707963267949,0.,0.,1.5707963267949,1.5707963267949,             1091P   2291
3.14159265358979,3.14159265358979,3.14159265358979,1.,1.,           1091P   2292
0.707106781186548,0.707106781186548,1.,1.,0.707106781186548,        1091P   2293
0.707106781186548,1.,1.,0.707106781186548,0.707106781186548,1.,     1091P   2294
1.,0.707106781186548,0.707106781186548,1.,1.,0.,2.3,0.,-4.98,       1091P   2295
2.3,0.,0.,2.3,-2.3,-4.98,2.3,-2.3,0.,-2.43944788592704D-15,-2.3,    1091P   2296
-4.98,-1.60046649974495D-15,-2.3,0.,-2.3,-2.3,-4.98,-2.3,-2.3,      1091P   2297
0.,-2.3,0.,-4.98,-2.3,0.,0.,-2.3,2.3,-4.98,-2.3,2.3,0.,             1091P   2298
-2.43944788592704D-15,2.3,-4.98,-1.60046649974495D-15,2.3,0.,       1091P   2299
2.3,2.3,-4.98,2.3,2.3,0.,2.3,0.,-4.98,2.3,0.,-6.29565217391304,     1091P   2300
-4.13043478260869,-3.14159265358979,3.14159265358979;               1091P   2301
128,1,8,1,2,0,1,0,0,1,-2.04398030195959D-17,                        1093P   2302
-2.04398030195959D-17,2.40007259149477,2.40007259149477,            1093P   2303
-3.14159265358979,-3.14159265358979,-3.14159265358979,              1093P   2304
-1.5707963267949,-1.5707963267949,0.,0.,1.5707963267949,            1093P   2305
1.5707963267949,3.14159265358979,3.14159265358979,                  1093P   2306
3.14159265358979,1.,1.,0.707106781186548,0.707106781186548,1.,      1093P   2307
1.,0.707106781186548,0.707106781186548,1.,1.,0.707106781186548,     1093P   2308
0.707106781186548,1.,1.,0.707106781186548,0.707106781186548,1.,     1093P   2309
1.,-4.98,3.75,0.,-13.98,3.82,0.,-4.98,3.75,-3.75,-13.98,3.82,       1093P   2310
-3.82,-4.98,-1.60046649974495D-15,-3.75,-13.98,                     1093P   2311
-8.42350789339449D-17,-3.82,-4.98,-3.75,-3.75,-13.98,-3.82,         1093P   2312
-3.82,-4.98,-3.75,0.,-13.98,-3.82,0.,-4.98,-3.75,3.75,-13.98,       1093P   2313
-3.82,3.82,-4.98,-1.60046649974495D-15,3.75,-13.98,                 1093P   2314
-8.42350789339449D-17,3.82,-4.98,3.75,3.75,-13.98,3.82,3.82,        1093P   2315
-4.98,3.75,0.,-13.98,3.82,0.,-2.04398030195959D-17,                 1093P   2316
2.40007259149477,-3.14159265358979,3.14159265358979;                1093P   2317
128,1,8,1,2,0,1,0,0,1,-1.44461968565391D-16,                        1095P   2318
-1.44461968565391D-16,0.152642719760349,0.152642719760349,          1095P   2319
-3.14159265358979,-3.14159265358979,-3.14159265358979,              1095P   2320
-1.5707963267949,-1.5707963267949,0.,0.,1.5707963267949,            1095P   2321
1.5707963267949,3.14159265358979,3.14159265358979,                  1095P   2322
3.14159265358979,1.,1.,0.707106781186548,0.707106781186548,1.,      1095P   2323
1.,0.707106781186548,0.707106781186548,1.,1.,0.707106781186548,     1095P   2324
0.707106781186548,1.,1.,0.707106781186548,0.707106781186548,1.,     1095P   2325
1.,-13.98,3.82,0.,-14.48,4.12,0.,-13.98,3.82,-3.82,-14.48,4.12,     1095P   2326
-4.12,-13.98,-8.42350789339447D-17,-3.82,-14.48,                    1095P   2327
3.69778549322349D-31,-4.12,-13.98,-3.82,-3.82,-14.48,-4.12,         1095P   2328
-4.12,-13.98,-3.82,0.,-14.48,-4.12,0.,-13.98,-3.82,3.82,-14.48,     1095P   2329
-4.12,4.12,-13.98,-8.42350789339447D-17,3.82,-14.48,                1095P   2330
3.69778549322349D-31,4.12,-13.98,3.82,3.82,-14.48,4.12,4.12,        1095P   2331
-13.98,3.82,0.,-14.48,4.12,0.,-1.44461968565391D-16,                1095P   2332
0.152642719760349,-3.14159265358979,3.14159265358979;               1095P   2333
128,1,8,1,2,0,1,0,0,1,-1.19126391055951D-16,                        1097P   2334
-1.19126391055951D-16,0.032141217326661,0.032141217326661,          1097P   2335
-3.14159265358979,-3.14159265358979,-3.14159265358979,              1097P   2336
-1.5707963267949,-1.5707963267949,0.,0.,1.5707963267949,            1097P   2337
1.5707963267949,3.14159265358979,3.14159265358979,                  1097P   2338
3.14159265358979,1.,1.,0.707106781186548,0.707106781186548,1.,      1097P   2339
1.,0.707106781186548,0.707106781186548,1.,1.,0.707106781186548,     1097P   2340
0.707106781186548,1.,1.,0.707106781186548,0.707106781186548,1.,     1097P   2341
1.,-14.38,-4.5,0.,-14.48,-4.4,0.,-14.38,-4.5,-4.5,-14.48,-4.4,      1097P   2342
-4.4,-14.38,-1.68470157867883D-17,-4.5,-14.48,                      1097P   2343
2.49763308009877D-31,-4.4,-14.38,4.5,-4.5,-14.48,4.4,-4.4,          1097P   2344
-14.38,4.5,0.,-14.48,4.4,0.,-14.38,4.5,4.5,-14.48,4.4,4.4,          1097P   2345
-14.38,-1.68470157867883D-17,4.5,-14.48,2.49763308009877D-31,       1097P   2346
4.4,-14.38,-4.5,4.5,-14.48,-4.4,4.4,-14.38,-4.5,0.,-14.48,-4.4,     1097P   2347
0.,-1.19126391055951D-16,0.032141217326661,-3.14159265358979,       1097P   2348
3.14159265358979;                                                   1097P   2349
128,1,8,1,2,0,1,0,0,1,-0.3,-0.3,-0.0222222222222216,                1099P   2350
-0.0222222222222216,-3.14159265358979,-3.14159265358979,            1099P   2351
-3.14159265358979,-1.5707963267949,-1.5707963267949,0.,0.,          1099P   2352
1.5707963267949,1.5707963267949,3.14159265358979,                   1099P   2353
3.14159265358979,3.14159265358979,1.,1.,0.707106781186548,          1099P   2354
0.707106781186548,1.,1.,0.707106781186548,0.707106781186548,1.,     1099P   2355
1.,0.707106781186548,0.707106781186548,1.,1.,0.707106781186548,     1099P   2356
0.707106781186548,1.,1.,-14.38,4.5,0.,-13.13,4.5,0.,-14.38,4.5,     1099P   2357
-4.5,-13.13,4.5,-4.5,-14.38,-1.68470157867887D-17,-4.5,-13.13,      1099P   2358
-2.27434713121651D-16,-4.5,-14.38,-4.5,-4.5,-13.13,-4.5,-4.5,       1099P   2359
-14.38,-4.5,0.,-13.13,-4.5,0.,-14.38,-4.5,4.5,-13.13,-4.5,4.5,      1099P   2360
-14.38,-1.68470157867887D-17,4.5,-13.13,-2.27434713121651D-16,      1099P   2361
4.5,-14.38,4.5,4.5,-13.13,4.5,4.5,-14.38,4.5,0.,-13.13,4.5,0.,      1099P   2362
-0.3,-0.0222222222222216,-3.14159265358979,3.14159265358979;        1099P   2363
128,1,8,1,2,0,1,0,0,1,-0.0555555555555561,-0.0555555555555561,      1101P   2364
1.52655665885959D-16,1.52655665885959D-16,-3.14159265358979,        1101P   2365
-3.14159265358979,-3.14159265358979,-1.5707963267949,               1101P   2366
-1.5707963267949,0.,0.,1.5707963267949,1.5707963267949,             1101P   2367
3.14159265358979,3.14159265358979,3.14159265358979,1.,1.,           1101P   2368
0.707106781186548,0.707106781186548,1.,1.,0.707106781186548,        1101P   2369
0.707106781186548,1.,1.,0.707106781186548,0.707106781186548,1.,     1101P   2370
1.,0.707106781186548,0.707106781186548,1.,1.,-13.13,4.5,0.,         1101P   2371
-12.98,4.3,0.,-13.13,4.5,-4.5,-12.98,4.3,-4.3,-13.13,               1101P   2372
-2.2743471312165D-16,-4.5,-12.98,-2.52705236801834D-16,-4.3,        1101P   2373
-13.13,-4.5,-4.5,-12.98,-4.3,-4.3,-13.13,-4.5,0.,-12.98,-4.3,0.,    1101P   2374
-13.13,-4.5,4.5,-12.98,-4.3,4.3,-13.13,-2.2743471312165D-16,4.5,    1101P   2375
-12.98,-2.52705236801834D-16,4.3,-13.13,4.5,4.5,-12.98,4.3,4.3,     1101P   2376
-13.13,4.5,0.,-12.98,4.3,0.,-0.0555555555555561,                    1101P   2377
1.52655665885959D-16,-3.14159265358979,3.14159265358979;            1101P   2378
128,1,8,1,2,0,1,0,0,1,-3.16046511627907,-3.16046511627907,          1103P   2379
-0.348837209302326,-0.348837209302326,-3.14159265358979,            1103P   2380
-3.14159265358979,-3.14159265358979,-1.5707963267949,               1103P   2381
-1.5707963267949,0.,0.,1.5707963267949,1.5707963267949,             1103P   2382
3.14159265358979,3.14159265358979,3.14159265358979,1.,1.,           1103P   2383
0.707106781186548,0.707106781186548,1.,1.,0.707106781186548,        1103P   2384
0.707106781186548,1.,1.,0.707106781186548,0.707106781186548,1.,     1103P   2385
1.,0.707106781186548,0.707106781186548,1.,1.,-12.98,4.3,0.,         1103P   2386
-0.89,4.3,0.,-12.98,4.3,-4.3,-0.89,4.3,-4.3,-12.98,                 1103P   2387
-2.52705236801835D-16,-4.3,-0.89,-2.28950944542462D-15,-4.3,        1103P   2388
-12.98,-4.3,-4.3,-0.89,-4.3,-4.3,-12.98,-4.3,0.,-0.89,-4.3,0.,      1103P   2389
-12.98,-4.3,4.3,-0.89,-4.3,4.3,-12.98,-2.52705236801835D-16,4.3,    1103P   2390
-0.89,-2.28950944542462D-15,4.3,-12.98,4.3,4.3,-0.89,4.3,4.3,       1103P   2391
-12.98,4.3,0.,-0.89,4.3,0.,-3.16046511627907,-0.348837209302326,    1103P   2392
-3.14159265358979,3.14159265358979;                                 1103P   2393
128,1,8,1,2,0,1,0,0,1,-3.16222222222222,-3.16222222222222,-3.02,    1105P   2394
-3.02,-3.14159265358979,-3.14159265358979,-3.14159265358979,        1105P   2395
-1.5707963267949,-1.5707963267949,0.,0.,1.5707963267949,            1105P   2396
1.5707963267949,3.14159265358979,3.14159265358979,                  1105P   2397
3.14159265358979,1.,1.,0.707106781186548,0.707106781186548,1.,      1105P   2398
1.,0.707106781186548,0.707106781186548,1.,1.,0.707106781186548,     1105P   2399
0.707106781186548,1.,1.,0.707106781186548,0.707106781186548,1.,     1105P   2400
1.,-0.890000000000002,4.5,0.,-0.249999999999999,4.5,0.,             1105P   2401
-0.890000000000002,4.5,-4.5,-0.249999999999999,4.5,-4.5,            1105P   2402
-0.890000000000002,-2.28950944542462D-15,-4.5,                      1105P   2403
-0.249999999999999,-2.39733034646006D-15,-4.5,                      1105P   2404
-0.890000000000002,-4.5,-4.5,-0.249999999999999,-4.5,-4.5,          1105P   2405
-0.890000000000002,-4.5,0.,-0.249999999999999,-4.5,0.,              1105P   2406
-0.890000000000002,-4.5,4.5,-0.249999999999999,-4.5,4.5,            1105P   2407
-0.890000000000002,-2.28950944542462D-15,4.5,-0.249999999999999,    1105P   2408
-2.39733034646006D-15,4.5,-0.890000000000002,4.5,4.5,               1105P   2409
-0.249999999999999,4.5,4.5,-0.890000000000002,4.5,0.,               1105P   2410
-0.249999999999999,4.5,0.,-3.16222222222222,-3.02,                  1105P   2411
-3.14159265358979,3.14159265358979;                                 1105P   2412
128,1,8,1,2,0,1,0,0,1,-0.0785674201318382,-0.0785674201318382,      1107P   2413
1.2490009027033D-16,1.2490009027033D-16,-3.14159265358979,          1107P   2414
-3.14159265358979,-3.14159265358979,-1.5707963267949,               1107P   2415
-1.5707963267949,0.,0.,1.5707963267949,1.5707963267949,             1107P   2416
3.14159265358979,3.14159265358979,3.14159265358979,1.,1.,           1107P   2417
0.707106781186548,0.707106781186548,1.,1.,0.707106781186548,        1107P   2418
0.707106781186548,1.,1.,0.707106781186548,0.707106781186548,1.,     1107P   2419
1.,0.707106781186548,0.707106781186548,1.,1.,-0.25,4.5,0.,          1107P   2420
6.59194920871187D-16,4.25,0.,-0.25,4.5,-4.5,                        1107P   2421
6.59194920871187D-16,4.25,-4.25000000000001,-0.250000000000001,     1107P   2422
-2.39733034646006D-15,-4.5,-6.93889390390723D-17,                   1107P   2423
-2.43944788592704D-15,-4.25000000000001,-0.250000000000001,         1107P   2424
-4.50000000000001,-4.5,-7.97972798949331D-16,-4.25000000000001,     1107P   2425
-4.25000000000001,-0.250000000000001,-4.50000000000001,0.,          1107P   2426
-7.97972798949331D-16,-4.25000000000001,0.,-0.250000000000001,      1107P   2427
-4.50000000000001,4.5,-7.97972798949331D-16,-4.25000000000001,      1107P   2428
4.25000000000001,-0.250000000000001,-2.39733034646006D-15,4.5,      1107P   2429
-6.93889390390723D-17,-2.43944788592704D-15,4.25000000000001,       1107P   2430
-0.25,4.5,4.5,6.59194920871187D-16,4.25,4.25000000000001,-0.25,     1107P   2431
4.5,0.,6.59194920871187D-16,4.25,0.,-0.0785674201318382,            1107P   2432
1.2490009027033D-16,-3.14159265358979,3.14159265358979;             1107P   2433
128,1,1,1,1,0,0,1,0,0,-4.501,-4.501,4.50100000000001,               1109P   2434
4.50100000000001,-4.501,-4.501,4.501,4.501,1.,1.,1.,1.,-0.89,       1109P   2435
4.501,-4.501,-0.890000000000001,-4.50100000000001,-4.501,-0.89,     1109P   2436
4.501,4.501,-0.890000000000001,-4.50100000000001,4.501,-4.501,      1109P   2437
4.50100000000001,-4.501,4.501;                                      1109P   2438
128,1,1,1,1,0,0,1,0,0,-4.401,-4.401,4.401,4.401,-4.401,-4.401,      1111P   2439
4.401,4.401,1.,1.,1.,1.,-14.48,4.401,-4.401,-14.48,-4.401,          1111P   2440
-4.401,-14.48,4.401,4.401,-14.48,-4.401,4.401,-4.401,4.401,         1111P   2441
-4.401,4.401;                                                       1111P   2442
128,1,1,1,1,0,0,1,0,0,-3.75100000000001,-3.75100000000001,3.751,    1113P   2443
3.751,-3.751,-3.751,3.751,3.751,1.,1.,1.,1.,-4.98,3.751,-3.751,     1113P   2444
-4.98,-3.751,-3.751,-4.98,3.751,3.751,-4.98,-3.751,3.751,           1113P   2445
-3.75100000000001,3.751,-3.751,3.751;                               1113P   2446
128,1,1,1,1,0,0,1,0,0,-4.25100000000001,-4.25100000000001,          1115P   2447
4.25100000000001,4.25100000000001,-4.25100000000001,                1115P   2448
-4.25100000000001,4.25100000000001,4.25100000000001,1.,1.,1.,1.,    1115P   2449
-1.26790640811374D-15,-4.25100000000001,-4.25100000000001,          1115P   2450
1.6442687407906D-16,4.25100000000001,-4.25100000000001,             1115P   2451
-1.26790640811374D-15,-4.25100000000001,4.25100000000001,           1115P   2452
1.6442687407906D-16,4.25100000000001,4.25100000000001,              1115P   2453
-4.25100000000001,4.25100000000001,-4.25100000000001,               1115P   2454
4.25100000000001;                                                   1115P   2455
128,1,8,1,2,0,1,0,0,1,-3.16046511627907,-3.16046511627907,          1117P   2456
-0.348837209302326,-0.348837209302326,-3.14159265358979,            1117P   2457
-3.14159265358979,-3.14159265358979,-1.5707963267949,               1117P   2458
-1.5707963267949,0.,0.,1.5707963267949,1.5707963267949,             1117P   2459
3.14159265358979,3.14159265358979,3.14159265358979,1.,1.,           1117P   2460
0.707106781186548,0.707106781186548,1.,1.,0.707106781186548,        1117P   2461
0.707106781186548,1.,1.,0.707106781186548,0.707106781186548,1.,     1117P   2462
1.,0.707106781186548,0.707106781186548,1.,1.,-12.98,4.3,0.,         1117P   2463
-0.89,4.3,0.,-12.98,4.3,-4.3,-0.89,4.3,-4.3,-12.98,                 1117P   2464
-2.52705236801835D-16,-4.3,-0.89,-2.28950944542462D-15,-4.3,        1117P   2465
-12.98,-4.3,-4.3,-0.89,-4.3,-4.3,-12.98,-4.3,0.,-0.89,-4.3,0.,      1117P   2466
-12.98,-4.3,4.3,-0.89,-4.3,4.3,-12.98,-2.52705236801835D-16,4.3,    1117P   2467
-0.89,-2.28950944542462D-15,4.3,-12.98,4.3,4.3,-0.89,4.3,4.3,       1117P   2468
-12.98,4.3,0.,-0.89,4.3,0.,-3.16046511627907,-0.348837209302326,    1117P   2469
-3.14159265358979,3.14159265358979;                                 1117P   2470
128,1,8,1,2,0,1,0,0,1,-3.02,-3.02,-0.3,-0.3,-3.14159265358979,      1119P   2471
-3.14159265358979,-3.14159265358979,-1.5707963267949,               1119P   2472
-1.5707963267949,0.,0.,1.5707963267949,1.5707963267949,             1119P   2473
3.14159265358979,3.14159265358979,3.14159265358979,1.,1.,           1119P   2474
0.707106781186548,0.707106781186548,1.,1.,0.707106781186548,        1119P   2475
0.707106781186548,1.,1.,0.707106781186548,0.707106781186548,1.,     1119P   2476
1.,0.707106781186548,0.707106781186548,1.,1.,-0.89,4.5,0.,          1119P   2477
-13.13,4.5,0.,-0.89,4.5,-4.5,-13.13,4.5,-4.5,-0.89,                 1119P   2478
-2.28950944542462D-15,-4.5,-13.13,-2.27434713121651D-16,-4.5,       1119P   2479
-0.89,-4.5,-4.5,-13.13,-4.5,-4.5,-0.89,-4.50000000000001,0.,        1119P   2480
-13.13,-4.5,0.,-0.89,-4.5,4.5,-13.13,-4.5,4.5,-0.89,                1119P   2481
-2.28950944542462D-15,4.5,-13.13,-2.27434713121651D-16,4.5,         1119P   2482
-0.89,4.5,4.5,-13.13,4.5,4.5,-0.89,4.5,0.,-13.13,4.5,0.,-3.02,      1119P   2483
-0.3,-3.14159265358979,3.14159265358979;                            1119P   2484
128,1,8,1,2,0,1,0,0,1,-0.0555555555555561,-0.0555555555555561,      1121P   2485
1.04083408558608D-16,1.04083408558608D-16,-3.14159265358979,        1121P   2486
-3.14159265358979,-3.14159265358979,-1.5707963267949,               1121P   2487
-1.5707963267949,0.,0.,1.5707963267949,1.5707963267949,             1121P   2488
3.14159265358979,3.14159265358979,3.14159265358979,1.,1.,           1121P   2489
0.707106781186548,0.707106781186548,1.,1.,0.707106781186548,        1121P   2490
0.707106781186548,1.,1.,0.707106781186548,0.707106781186548,1.,     1121P   2491
1.,0.707106781186548,0.707106781186548,1.,1.,-13.13,4.5,0.,         1121P   2492
-12.98,4.3,0.,-13.13,4.5,-4.5,-12.98,4.3,-4.3,-13.13,               1121P   2493
-2.2743471312165D-16,-4.5,-12.98,-2.52705236801834D-16,-4.3,        1121P   2494
-13.13,-4.5,-4.5,-12.98,-4.3,-4.3,-13.13,-4.5,0.,-12.98,-4.3,0.,    1121P   2495
-13.13,-4.5,4.5,-12.98,-4.3,4.3,-13.13,-2.2743471312165D-16,4.5,    1121P   2496
-12.98,-2.52705236801834D-16,4.3,-13.13,4.5,4.5,-12.98,4.3,4.3,     1121P   2497
-13.13,4.5,0.,-12.98,4.3,0.,-0.0555555555555561,                    1121P   2498
1.04083408558608D-16,-3.14159265358979,3.14159265358979;            1121P   2499
128,1,1,1,1,0,0,1,0,0,-4.501,-4.501,4.50100000000001,               1123P   2500
4.50100000000001,-4.501,-4.501,4.501,4.501,1.,1.,1.,1.,-0.89,       1123P   2501
4.501,-4.501,-0.890000000000001,-4.50100000000001,-4.501,-0.89,     1123P   2502
4.501,4.501,-0.890000000000001,-4.50100000000001,4.501,-4.501,      1123P   2503
4.50100000000001,-4.501,4.501;                                      1123P   2504
128,1,8,1,2,0,1,0,0,1,-3.21777777777778,-3.21777777777778,          1125P   2505
-3.16222222222222,-3.16222222222222,-3.14159265358979,              1125P   2506
-3.14159265358979,-3.14159265358979,-1.5707963267949,               1125P   2507
-1.5707963267949,0.,0.,1.5707963267949,1.5707963267949,             1125P   2508
3.14159265358979,3.14159265358979,3.14159265358979,1.,1.,           1125P   2509
0.707106781186548,0.707106781186548,1.,1.,0.707106781186548,        1125P   2510
0.707106781186548,1.,1.,0.707106781186548,0.707106781186548,1.,     1125P   2511
1.,0.707106781186548,0.707106781186548,1.,1.,0.,4.5,0.,             1125P   2512
-0.250000000000001,4.5,0.,0.,4.5,-4.5,-0.250000000000001,4.5,       1125P   2513
-4.5,0.,-2.43944788592704D-15,-4.5,-0.250000000000001,              1125P   2514
-2.39733034646006D-15,-4.5,0.,-4.5,-4.5,-0.250000000000001,-4.5,    1125P   2515
-4.5,0.,-4.50000000000001,0.,-0.250000000000001,                    1125P   2516
-4.50000000000001,0.,0.,-4.5,4.5,-0.250000000000001,-4.5,4.5,0.,    1125P   2517
-2.43944788592704D-15,4.5,-0.250000000000001,                       1125P   2518
-2.39733034646006D-15,4.5,0.,4.5,4.5,-0.250000000000001,4.5,4.5,    1125P   2519
0.,4.5,0.,-0.250000000000001,4.5,0.,-3.21777777777778,              1125P   2520
-3.16222222222222,-3.14159265358979,3.14159265358979;               1125P   2521
128,1,8,1,2,0,1,0,0,1,-0.0785674201318382,-0.0785674201318382,      1127P   2522
0.,0.,-3.14159265358979,-3.14159265358979,-3.14159265358979,        1127P   2523
-1.5707963267949,-1.5707963267949,0.,0.,1.5707963267949,            1127P   2524
1.5707963267949,3.14159265358979,3.14159265358979,                  1127P   2525
3.14159265358979,1.,1.,0.707106781186548,0.707106781186548,1.,      1127P   2526
1.,0.707106781186548,0.707106781186548,1.,1.,0.707106781186548,     1127P   2527
0.707106781186548,1.,1.,0.707106781186548,0.707106781186548,1.,     1127P   2528
1.,-0.249999999999999,4.5,0.,6.59194920871187D-16,4.25,0.,          1127P   2529
-0.249999999999999,4.5,-4.5,6.59194920871187D-16,4.25,              1127P   2530
-4.25000000000001,-0.25,-2.39733034646006D-15,-4.5,                 1127P   2531
-6.93889390390723D-17,-2.43944788592704D-15,-4.25000000000001,      1127P   2532
-0.250000000000001,-4.50000000000001,-4.5,-7.97972798949331D-16,    1127P   2533
-4.25000000000001,-4.25000000000001,-0.250000000000001,             1127P   2534
-4.50000000000001,0.,-7.97972798949331D-16,-4.25000000000001,0.,    1127P   2535
-0.250000000000001,-4.50000000000001,4.5,-7.97972798949331D-16,     1127P   2536
-4.25000000000001,4.25000000000001,-0.25,-2.39733034646006D-15,     1127P   2537
4.5,-6.93889390390723D-17,-2.43944788592704D-15,                    1127P   2538
4.25000000000001,-0.249999999999999,4.5,4.5,                        1127P   2539
6.59194920871187D-16,4.25,4.25000000000001,-0.249999999999999,      1127P   2540
4.5,0.,6.59194920871187D-16,4.25,0.,-0.0785674201318382,0.,         1127P   2541
-3.14159265358979,3.14159265358979;                                 1127P   2542
128,1,1,1,1,0,0,1,0,0,-4.50100000000001,-4.50100000000001,4.501,    1129P   2543
4.501,-4.501,-4.501,4.501,4.501,1.,1.,1.,1.,                        1129P   2544
-8.46135832554171D-16,4.501,-4.501,-2.36270419368091D-15,           1129P   2545
-4.50100000000001,-4.501,-8.46135832554171D-16,4.501,4.501,         1129P   2546
-2.36270419368091D-15,-4.50100000000001,4.501,-4.50100000000001,    1129P   2547
4.501,-4.501,4.501;                                                 1129P   2548
128,2,8,2,2,0,1,0,0,1,2.7300758075223,2.7300758075223,              1131P   2549
2.7300758075223,3.55310949965728,3.55310949965728,                  1131P   2550
3.55310949965728,-3.14159265358979,-3.14159265358979,               1131P   2551
-3.14159265358979,-1.5707963267949,-1.5707963267949,0.,0.,          1131P   2552
1.5707963267949,1.5707963267949,3.14159265358979,                   1131P   2553
3.14159265358979,3.14159265358979,1.,0.916515138991169,1.,          1131P   2554
0.707106781186548,0.648074069840787,0.707106781186548,1.,           1131P   2555
0.916515138991169,1.,0.707106781186548,0.648074069840787,           1131P   2556
0.707106781186548,1.,0.916515138991169,1.,0.707106781186548,        1131P   2557
0.648074069840787,0.707106781186548,1.,0.916515138991169,1.,        1131P   2558
0.707106781186548,0.648074069840787,0.707106781186548,1.,           1131P   2559
0.916515138991169,1.,-11.48,4.8,0.,-10.48,4.36356421952801,0.,      1131P   2560
-9.48,4.8,0.,-11.48,4.8,-4.8,-10.48,4.36356421952801,               1131P   2561
-4.36356421952801,-9.48,4.8,-4.8,-11.48,-6.98891580120514D-16,      1131P   2562
-4.8,-10.48,-8.67361737988404D-16,-4.36356421952801,-9.48,          1131P   2563
-1.03583189585629D-15,-4.8,-11.48,-4.8,-4.8,-10.48,                 1131P   2564
-4.36356421952801,-4.36356421952801,-9.48,-4.8,-4.8,-11.48,-4.8,    1131P   2565
0.,-10.48,-4.36356421952802,0.,-9.48,-4.80000000000001,0.,          1131P   2566
-11.48,-4.8,4.8,-10.48,-4.36356421952801,4.36356421952801,-9.48,    1131P   2567
-4.8,4.8,-11.48,-6.98891580120514D-16,4.8,-10.48,                   1131P   2568
-8.67361737988404D-16,4.36356421952801,-9.48,                       1131P   2569
-1.03583189585629D-15,4.8,-11.48,4.8,4.8,-10.48,                    1131P   2570
4.36356421952801,4.36356421952801,-9.48,4.8,4.8,-11.48,4.8,0.,      1131P   2571
-10.48,4.36356421952801,0.,-9.48,4.8,0.,2.7300758075223,            1131P   2572
3.55310949965728,-3.14159265358979,3.14159265358979;                1131P   2573
128,1,8,1,2,0,1,0,0,1,12.0284271247462,12.0284271247462,            1133P   2574
13.0284271247462,13.0284271247462,-3.14159265358979,                1133P   2575
-3.14159265358979,-3.14159265358979,-1.5707963267949,               1133P   2576
-1.5707963267949,0.,0.,1.5707963267949,1.5707963267949,             1133P   2577
3.14159265358979,3.14159265358979,3.14159265358979,1.,1.,           1133P   2578
0.707106781186548,0.707106781186548,1.,1.,0.707106781186548,        1133P   2579
0.707106781186548,1.,1.,0.707106781186548,0.707106781186548,1.,     1133P   2580
1.,0.707106781186548,0.707106781186548,1.,1.,-10.48,-5.6,1.,        1133P   2581
-10.48,-4.6,1.,-11.48,-5.6,1.,-11.48,-4.6,1.,-11.48,-5.6,0.,        1133P   2582
-11.48,-4.6,0.,-11.48,-5.6,-1.,-11.48,-4.6,-1.,-10.48,-5.6,-1.,     1133P   2583
-10.48,-4.6,-1.,-9.48,-5.6,-1.,-9.48,-4.6,-1.,-9.48,-5.6,0.,        1133P   2584
-9.48,-4.6,0.,-9.48,-5.6,1.,-9.48,-4.6,1.,-10.48,-5.6,1.,-10.48,    1133P   2585
-4.6,1.,12.0284271247462,13.0284271247462,-3.14159265358979,        1133P   2586
3.14159265358979;                                                   1133P   2587
128,1,8,1,2,0,1,0,0,1,2.82842712474619,2.82842712474619,            1135P   2588
3.82842712474619,3.82842712474619,-3.14159265358979,                1135P   2589
-3.14159265358979,-3.14159265358979,-1.5707963267949,               1135P   2590
-1.5707963267949,0.,0.,1.5707963267949,1.5707963267949,             1135P   2591
3.14159265358979,3.14159265358979,3.14159265358979,1.,1.,           1135P   2592
0.707106781186548,0.707106781186548,1.,1.,0.707106781186548,        1135P   2593
0.707106781186548,1.,1.,0.707106781186548,0.707106781186548,1.,     1135P   2594
1.,0.707106781186548,0.707106781186548,1.,1.,-10.48,5.6,-1.,        1135P   2595
-10.48,4.6,-1.,-11.48,5.6,-1.,-11.48,4.6,-1.,-11.48,5.6,0.,         1135P   2596
-11.48,4.6,0.,-11.48,5.6,1.,-11.48,4.6,1.,-10.48,5.6,1.,-10.48,     1135P   2597
4.6,1.,-9.48,5.6,1.,-9.48,4.6,1.,-9.48,5.6,0.,-9.48,4.6,0.,         1135P   2598
-9.48,5.6,-1.,-9.48,4.6,-1.,-10.48,5.6,-1.,-10.48,4.6,-1.,          1135P   2599
2.82842712474619,3.82842712474619,-3.14159265358979,                1135P   2600
3.14159265358979;                                                   1135P   2601
128,1,8,1,2,0,1,0,0,1,-0.0222222222222219,-0.0222222222222219,      1137P   2602
1.70002900645727D-16,1.70002900645727D-16,-3.14159265358979,        1137P   2603
-3.14159265358979,-3.14159265358979,-1.5707963267949,               1137P   2604
-1.5707963267949,0.,0.,1.5707963267949,1.5707963267949,             1137P   2605
3.14159265358979,3.14159265358979,3.14159265358979,1.,1.,           1137P   2606
0.707106781186548,0.707106781186548,1.,1.,0.707106781186548,        1137P   2607
0.707106781186548,1.,1.,0.707106781186548,0.707106781186548,1.,     1137P   2608
1.,0.707106781186548,0.707106781186548,1.,1.,-14.38,4.5,0.,         1137P   2609
-14.48,4.5,0.,-14.38,4.5,-4.5,-14.48,4.5,-4.5,-14.38,               1137P   2610
-1.68470157867887D-17,-4.5,-14.48,-1.27719873414142D-31,-4.5,       1137P   2611
-14.38,-4.5,-4.5,-14.48,-4.5,-4.5,-14.38,-4.5,0.,-14.48,-4.5,0.,    1137P   2612
-14.38,-4.5,4.5,-14.48,-4.5,4.5,-14.38,-1.68470157867887D-17,       1137P   2613
4.5,-14.48,-1.27719873414142D-31,4.5,-14.38,4.5,4.5,-14.48,4.5,     1137P   2614
4.5,-14.38,4.5,0.,-14.48,4.5,0.,-0.0222222222222219,                1137P   2615
1.70002900645727D-16,-3.14159265358979,3.14159265358979;            1137P   2616
128,1,8,1,2,0,1,0,0,1,-1.19126391055951D-16,                        1139P   2617
-1.19126391055951D-16,0.032141217326661,0.032141217326661,          1139P   2618
-3.14159265358979,-3.14159265358979,-3.14159265358979,              1139P   2619
-1.5707963267949,-1.5707963267949,0.,0.,1.5707963267949,            1139P   2620
1.5707963267949,3.14159265358979,3.14159265358979,                  1139P   2621
3.14159265358979,1.,1.,0.707106781186548,0.707106781186548,1.,      1139P   2622
1.,0.707106781186548,0.707106781186548,1.,1.,0.707106781186548,     1139P   2623
0.707106781186548,1.,1.,0.707106781186548,0.707106781186548,1.,     1139P   2624
1.,-14.38,-4.5,0.,-14.48,-4.4,0.,-14.38,-4.5,-4.5,-14.48,-4.4,      1139P   2625
-4.4,-14.38,-1.68470157867883D-17,-4.5,-14.48,                      1139P   2626
2.49763308009877D-31,-4.4,-14.38,4.5,-4.5,-14.48,4.4,-4.4,          1139P   2627
-14.38,4.5,0.,-14.48,4.4,0.,-14.38,4.5,4.5,-14.48,4.4,4.4,          1139P   2628
-14.38,-1.68470157867883D-17,4.5,-14.48,2.49763308009877D-31,       1139P   2629
4.4,-14.38,-4.5,4.5,-14.48,-4.4,4.4,-14.38,-4.5,0.,-14.48,-4.4,     1139P   2630
0.,-1.19126391055951D-16,0.032141217326661,-3.14159265358979,       1139P   2631
3.14159265358979;                                                   1139P   2632
128,1,8,1,2,0,1,0,0,1,-1.44461968565391D-16,                        1141P   2633
-1.44461968565391D-16,0.152642719760349,0.152642719760349,          1141P   2634
-3.14159265358979,-3.14159265358979,-3.14159265358979,              1141P   2635
-1.5707963267949,-1.5707963267949,0.,0.,1.5707963267949,            1141P   2636
1.5707963267949,3.14159265358979,3.14159265358979,                  1141P   2637
3.14159265358979,1.,1.,0.707106781186548,0.707106781186548,1.,      1141P   2638
1.,0.707106781186548,0.707106781186548,1.,1.,0.707106781186548,     1141P   2639
0.707106781186548,1.,1.,0.707106781186548,0.707106781186548,1.,     1141P   2640
1.,-13.98,3.82,0.,-14.48,4.12,0.,-13.98,3.82,-3.82,-14.48,4.12,     1141P   2641
-4.12,-13.98,-8.42350789339447D-17,-3.82,-14.48,                    1141P   2642
3.69778549322349D-31,-4.12,-13.98,-3.82,-3.82,-14.48,-4.12,         1141P   2643
-4.12,-13.98,-3.82,0.,-14.48,-4.12,0.,-13.98,-3.82,3.82,-14.48,     1141P   2644
-4.12,4.12,-13.98,-8.42350789339447D-17,3.82,-14.48,                1141P   2645
3.69778549322349D-31,4.12,-13.98,3.82,3.82,-14.48,4.12,4.12,        1141P   2646
-13.98,3.82,0.,-14.48,4.12,0.,-1.44461968565391D-16,                1141P   2647
0.152642719760349,-3.14159265358979,3.14159265358979;               1141P   2648
128,1,8,1,2,0,1,0,0,1,-2.04398030195959D-17,                        1143P   2649
-2.04398030195959D-17,2.40007259149477,2.40007259149477,            1143P   2650
-3.14159265358979,-3.14159265358979,-3.14159265358979,              1143P   2651
-1.5707963267949,-1.5707963267949,0.,0.,1.5707963267949,            1143P   2652
1.5707963267949,3.14159265358979,3.14159265358979,                  1143P   2653
3.14159265358979,1.,1.,0.707106781186548,0.707106781186548,1.,      1143P   2654
1.,0.707106781186548,0.707106781186548,1.,1.,0.707106781186548,     1143P   2655
0.707106781186548,1.,1.,0.707106781186548,0.707106781186548,1.,     1143P   2656
1.,-4.98,3.75,0.,-13.98,3.82,0.,-4.98,3.75,-3.75,-13.98,3.82,       1143P   2657
-3.82,-4.98,-1.60046649974495D-15,-3.75,-13.98,                     1143P   2658
-8.42350789339449D-17,-3.82,-4.98,-3.75,-3.75,-13.98,-3.82,         1143P   2659
-3.82,-4.98,-3.75,0.,-13.98,-3.82,0.,-4.98,-3.75,3.75,-13.98,       1143P   2660
-3.82,3.82,-4.98,-1.60046649974495D-15,3.75,-13.98,                 1143P   2661
-8.42350789339449D-17,3.82,-4.98,3.75,3.75,-13.98,3.82,3.82,        1143P   2662
-4.98,3.75,0.,-13.98,3.82,0.,-2.04398030195959D-17,                 1143P   2663
2.40007259149477,-3.14159265358979,3.14159265358979;                1143P   2664
128,1,8,1,2,0,1,0,0,1,-4.13043478260869,-4.13043478260869,          1145P   2665
-1.18695652173913,-1.18695652173913,-3.14159265358979,              1145P   2666
-3.14159265358979,-3.14159265358979,-1.5707963267949,               1145P   2667
-1.5707963267949,0.,0.,1.5707963267949,1.5707963267949,             1145P   2668
3.14159265358979,3.14159265358979,3.14159265358979,1.,1.,           1145P   2669
0.707106781186548,0.707106781186548,1.,1.,0.707106781186548,        1145P   2670
0.707106781186548,1.,1.,0.707106781186548,0.707106781186548,1.,     1145P   2671
1.,0.707106781186548,0.707106781186548,1.,1.,-11.75,2.3,0.,         1145P   2672
-4.98,2.3,0.,-11.75,2.3,-2.3,-4.98,2.3,-2.3,-11.75,                 1145P   2673
-4.59923530979338D-16,-2.3,-4.98,-1.60046649974495D-15,-2.3,        1145P   2674
-11.75,-2.3,-2.3,-4.98,-2.3,-2.3,-11.75,-2.3,0.,-4.98,-2.3,0.,      1145P   2675
-11.75,-2.3,2.3,-4.98,-2.3,2.3,-11.75,-4.59923530979338D-16,2.3,    1145P   2676
-4.98,-1.60046649974495D-15,2.3,-11.75,2.3,2.3,-4.98,2.3,2.3,       1145P   2677
-11.75,2.3,0.,-4.98,2.3,0.,-4.13043478260869,-1.18695652173913,     1145P   2678
-3.14159265358979,3.14159265358979;                                 1145P   2679
128,1,2,1,2,0,0,0,0,0,-8.29906542056075,-8.29906542056075,          1147P   2680
-2.55140186915888,-2.55140186915888,-0.0935945311077822,            1147P   2681
-0.0935945311077822,-0.0935945311077822,0.0935945311077828,         1147P   2682
0.0935945311077828,0.0935945311077828,1.,1.,0.995623228293348,      1147P   2683
0.995623228293348,1.,1.,-5.6,-1.06531685427388,-0.1,-11.75,         1147P   2684
-1.06531685427388,-0.1,-5.6,-1.07470373289115,0.,-11.75,            1147P   2685
-1.07470373289115,0.,-5.6,-1.06531685427388,0.100000000000001,      1147P   2686
-11.75,-1.06531685427388,0.100000000000001,-8.29906542056075,       1147P   2687
-2.55140186915888,-0.0935945311077822,0.0935945311077828;           1147P   2688
128,1,8,1,2,0,1,0,0,1,-14.368,-14.368,-4.36800000000001,            1149P   2689
-4.36800000000001,-3.14159265358979,-3.14159265358979,              1149P   2690
-3.14159265358979,-1.5707963267949,-1.5707963267949,0.,0.,          1149P   2691
1.5707963267949,1.5707963267949,3.14159265358979,                   1149P   2692
3.14159265358979,3.14159265358979,1.,1.,0.707106781186548,          1149P   2693
0.707106781186548,1.,1.,0.707106781186548,0.707106781186548,1.,     1149P   2694
1.,0.707106781186548,0.707106781186548,1.,1.,0.707106781186548,     1149P   2695
0.707106781186548,1.,1.,-5.5,0.624999999999997,0.,-11.75,           1149P   2696
0.624999999999998,0.,-5.5,0.624999999999997,-0.624999999999998,     1149P   2697
-11.75,0.624999999999998,-0.624999999999998,-5.5,                   1149P   2698
-1.51286201765365D-15,-0.624999999999998,-11.75,                    1149P   2699
-4.59923530979338D-16,-0.624999999999998,-5.5,-0.625,               1149P   2700
-0.624999999999998,-11.75,-0.624999999999999,-0.624999999999998,    1149P   2701
-5.5,-0.625,0.,-11.75,-0.624999999999999,0.,-5.5,-0.625,            1149P   2702
0.624999999999998,-11.75,-0.624999999999999,0.624999999999998,      1149P   2703
-5.5,-1.51286201765365D-15,0.624999999999998,-11.75,                1149P   2704
-4.59923530979338D-16,0.624999999999998,-5.5,0.624999999999997,     1149P   2705
0.624999999999998,-11.75,0.624999999999998,0.624999999999998,       1149P   2706
-5.5,0.624999999999997,0.,-11.75,0.624999999999998,0.,-14.368,      1149P   2707
-4.36800000000001,-3.14159265358979,3.14159265358979;               1149P   2708
128,1,8,1,2,0,1,0,0,1,-1.41421356237311,-1.41421356237311,          1151P   2709
2.22044604925031D-16,2.22044604925031D-16,-3.14159265358979,        1151P   2710
-3.14159265358979,-3.14159265358979,-1.5707963267949,               1151P   2711
-1.5707963267949,0.,0.,1.5707963267949,1.5707963267949,             1151P   2712
3.14159265358979,3.14159265358979,3.14159265358979,1.,1.,           1151P   2713
0.707106781186548,0.707106781186548,1.,1.,0.707106781186548,        1151P   2714
0.707106781186548,1.,1.,0.707106781186548,0.707106781186548,1.,     1151P   2715
1.,0.707106781186548,0.707106781186548,1.,1.,-4.87499999999999,     1151P   2716
-1.57097719570442D-15,0.,-5.5,0.624999999999998,0.,                 1151P   2717
-4.87499999999999,-1.57097719570442D-15,-4.71786706166561D-17,      1151P   2718
-5.5,0.624999999999998,-0.625,-4.87499999999999,                    1151P   2719
-1.61815586632108D-15,-4.71786706166561D-17,-5.5,                   1151P   2720
-1.51286201765365D-15,-0.625,-4.87499999999999,                     1151P   2721
-1.66533453693773D-15,-4.71786706166561D-17,-5.5,                   1151P   2722
-0.625000000000001,-0.625,-4.87499999999999,                        1151P   2723
-1.66533453693773D-15,0.,-5.5,-0.625000000000002,0.,                1151P   2724
-4.87499999999999,-1.66533453693773D-15,4.71786706166561D-17,       1151P   2725
-5.5,-0.625000000000001,0.625,-4.87499999999999,                    1151P   2726
-1.61815586632108D-15,4.71786706166561D-17,-5.5,                    1151P   2727
-1.51286201765365D-15,0.625,-4.87499999999999,                      1151P   2728
-1.57097719570442D-15,4.71786706166561D-17,-5.5,                    1151P   2729
0.624999999999998,0.625,-4.87499999999999,-1.57097719570442D-15,    1151P   2730
0.,-5.5,0.624999999999998,0.,-1.41421356237311,                     1151P   2731
2.22044604925031D-16,-3.14159265358979,3.14159265358979;            1151P   2732
128,1,8,1,2,0,1,0,0,1,-25.3333333333333,-25.3333333333333,          1153P   2733
-21.4285714285714,-21.4285714285714,-3.14159265358979,              1153P   2734
-3.14159265358979,-3.14159265358979,-1.5707963267949,               1153P   2735
-1.5707963267949,0.,0.,1.5707963267949,1.5707963267949,             1153P   2736
3.14159265358979,3.14159265358979,3.14159265358979,1.,1.,           1153P   2737
0.707106781186548,0.707106781186548,1.,1.,0.707106781186548,        1153P   2738
0.707106781186548,1.,1.,0.707106781186548,0.707106781186548,1.,     1153P   2739
1.,0.707106781186548,0.707106781186548,1.,1.,8.02,1.05,0.,12.12,    1153P   2740
1.05,0.,8.02,1.05,-1.05,12.12,1.05,-1.05,8.02,                      1153P   2741
-3.79057855202751D-15,-1.05,12.12,-4.48130619928585D-15,-1.05,      1153P   2742
8.02,-1.05000000000001,-1.05,12.12,-1.05000000000001,-1.05,8.02,    1153P   2743
-1.05000000000001,0.,12.12,-1.05000000000001,0.,8.02,               1153P   2744
-1.05000000000001,1.05,12.12,-1.05000000000001,1.05,8.02,           1153P   2745
-3.79057855202751D-15,1.05,12.12,-4.48130619928585D-15,1.05,        1153P   2746
8.02,1.05,1.05,12.12,1.05,1.05,8.02,1.05,0.,12.12,1.05,0.,          1153P   2747
-25.3333333333333,-21.4285714285714,-3.14159265358979,              1153P   2748
3.14159265358979;                                                   1153P   2749
128,1,8,1,2,0,1,0,0,1,-1.41421356237309,-1.41421356237309,          1155P   2750
2.22044604925031D-16,2.22044604925031D-16,-3.14159265358979,        1155P   2751
-3.14159265358979,-3.14159265358979,-1.5707963267949,               1155P   2752
-1.5707963267949,0.,0.,1.5707963267949,1.5707963267949,             1155P   2753
3.14159265358979,3.14159265358979,3.14159265358979,1.,1.,           1155P   2754
0.707106781186548,0.707106781186548,1.,1.,0.707106781186548,        1155P   2755
0.707106781186548,1.,1.,0.707106781186548,0.707106781186548,1.,     1155P   2756
1.,0.707106781186548,0.707106781186548,1.,1.,5.97,                  1155P   2757
-3.42098250484305D-15,0.,6.68,-0.710000000000007,0.,5.97,           1155P   2758
-3.42098250484305D-15,2.42322235552797D-17,6.68,                    1155P   2759
-0.710000000000007,-0.710000000000004,5.97,                         1155P   2760
-3.44521472839833D-15,2.42322235552797D-17,6.68,                    1155P   2761
-3.56482854048454D-15,-0.710000000000004,5.97,                      1155P   2762
-3.46944695195361D-15,2.42322235552797D-17,6.68,0.71,               1155P   2763
-0.710000000000004,5.97,-3.46944695195361D-15,0.,6.68,0.71,0.,      1155P   2764
5.97,-3.46944695195361D-15,-2.42322235552797D-17,6.68,0.71,         1155P   2765
0.710000000000004,5.97,-3.44521472839833D-15,                       1155P   2766
-2.42322235552797D-17,6.68,-3.56482854048454D-15,                   1155P   2767
0.710000000000004,5.97,-3.42098250484305D-15,                       1155P   2768
-2.42322235552797D-17,6.68,-0.710000000000007,0.710000000000004,    1155P   2769
5.97,-3.42098250484305D-15,0.,6.68,-0.710000000000007,0.,           1155P   2770
-1.41421356237309,2.22044604925031D-16,-3.14159265358979,           1155P   2771
3.14159265358979;                                                   1155P   2772
128,1,8,1,2,0,1,0,0,1,-37.6056338028167,-37.6056338028167,          1157P   2773
-29.8028169014083,-29.8028169014083,-3.14159265358979,              1157P   2774
-3.14159265358979,-3.14159265358979,-1.5707963267949,               1157P   2775
-1.5707963267949,0.,0.,1.5707963267949,1.5707963267949,             1157P   2776
3.14159265358979,3.14159265358979,3.14159265358979,1.,1.,           1157P   2777
0.707106781186548,0.707106781186548,1.,1.,0.707106781186548,        1157P   2778
0.707106781186548,1.,1.,0.707106781186548,0.707106781186548,1.,     1157P   2779
1.,0.707106781186548,0.707106781186548,1.,1.,12.22,0.71,0.,6.68,    1157P   2780
0.710000000000001,0.,12.22,0.71,-0.710000000000004,6.68,            1157P   2781
0.710000000000001,-0.710000000000004,12.22,                         1157P   2782
-4.49815321507264D-15,-0.710000000000004,6.68,                      1157P   2783
-3.56482854048454D-15,-0.710000000000004,12.22,                     1157P   2784
-0.710000000000009,-0.710000000000004,6.68,-0.710000000000008,      1157P   2785
-0.710000000000004,12.22,-0.710000000000009,0.,6.68,                1157P   2786
-0.710000000000008,0.,12.22,-0.710000000000009,                     1157P   2787
0.710000000000004,6.68,-0.710000000000008,0.710000000000004,        1157P   2788
12.22,-4.49815321507264D-15,0.710000000000004,6.68,                 1157P   2789
-3.56482854048454D-15,0.710000000000004,12.22,0.71,                 1157P   2790
0.710000000000004,6.68,0.710000000000001,0.710000000000004,         1157P   2791
12.22,0.71,0.,6.68,0.710000000000001,0.,-37.6056338028167,          1157P   2792
-29.8028169014083,-3.14159265358979,3.14159265358979;               1157P   2793
128,1,8,1,2,0,1,0,0,1,-8.33333333333332,-8.33333333333332,          1159P   2794
-7.33333333333332,-7.33333333333332,-3.14159265358979,              1159P   2795
-3.14159265358979,-3.14159265358979,-1.5707963267949,               1159P   2796
-1.5707963267949,0.,0.,1.5707963267949,1.5707963267949,             1159P   2797
3.14159265358979,3.14159265358979,3.14159265358979,1.,1.,           1159P   2798
0.707106781186548,0.707106781186548,1.,1.,0.707106781186548,        1159P   2799
0.707106781186548,1.,1.,0.707106781186548,0.707106781186548,1.,     1159P   2800
1.,0.707106781186548,0.707106781186548,1.,1.,5.32,2.7,0.,8.02,      1159P   2801
2.7,0.,5.32,2.7,-2.7,8.02,2.7,-2.7,5.32,-3.33570912578421D-15,      1159P   2802
-2.7,8.02,-3.79057855202751D-15,-2.7,5.32,-2.70000000000001,        1159P   2803
-2.7,8.02,-2.70000000000001,-2.7,5.32,-2.70000000000001,0.,8.02,    1159P   2804
-2.70000000000001,0.,5.32,-2.70000000000001,2.7,8.02,               1159P   2805
-2.70000000000001,2.7,5.32,-3.33570912578421D-15,2.7,8.02,          1159P   2806
-3.79057855202751D-15,2.7,5.32,2.7,2.7,8.02,2.7,2.7,5.32,2.7,0.,    1159P   2807
8.02,2.7,0.,-8.33333333333332,-7.33333333333332,                    1159P   2808
-3.14159265358979,3.14159265358979;                                 1159P   2809
128,1,8,1,2,0,1,0,0,1,0.,0.,1.25,1.25,-3.14159265358979,            1161P   2810
-3.14159265358979,-3.14159265358979,-1.5707963267949,               1161P   2811
-1.5707963267949,0.,0.,1.5707963267949,1.5707963267949,             1161P   2812
3.14159265358979,3.14159265358979,3.14159265358979,1.,1.,           1161P   2813
0.707106781186548,0.707106781186548,1.,1.,0.707106781186548,        1161P   2814
0.707106781186548,1.,1.,0.707106781186548,0.707106781186548,1.,     1161P   2815
1.,0.707106781186548,0.707106781186548,1.,1.,1.82,6.35,7.95,        1161P   2816
3.82,6.35,7.95,1.82,4.75,7.95,3.82,4.75,7.95,1.82,4.75,6.35,        1161P   2817
3.82,4.75,6.35,1.82,4.75,4.75,3.82,4.75,4.75,1.82,6.35,4.75,        1161P   2818
3.82,6.35,4.75,1.82,7.95,4.75,3.82,7.95,4.75,1.82,7.95,6.35,        1161P   2819
3.82,7.95,6.35,1.82,7.95,7.95,3.82,7.95,7.95,1.82,6.35,7.95,        1161P   2820
3.82,6.35,7.95,0.,1.25,-3.14159265358979,3.14159265358979;          1161P   2821
128,1,8,1,2,0,1,0,0,1,0.,0.,1.25,1.25,-3.14159265358979,            1163P   2822
-3.14159265358979,-3.14159265358979,-1.5707963267949,               1163P   2823
-1.5707963267949,0.,0.,1.5707963267949,1.5707963267949,             1163P   2824
3.14159265358979,3.14159265358979,3.14159265358979,1.,1.,           1163P   2825
0.707106781186548,0.707106781186548,1.,1.,0.707106781186548,        1163P   2826
0.707106781186548,1.,1.,0.707106781186548,0.707106781186548,1.,     1163P   2827
1.,0.707106781186548,0.707106781186548,1.,1.,1.82,6.35,-4.75,       1163P   2828
3.82,6.35,-4.75,1.82,4.75,-4.75,3.82,4.75,-4.75,1.82,4.75,-6.35,    1163P   2829
3.82,4.75,-6.35,1.82,4.75,-7.95,3.82,4.75,-7.95,1.82,6.35,-7.95,    1163P   2830
3.82,6.35,-7.95,1.82,7.95,-7.95,3.82,7.95,-7.95,1.82,7.95,-6.35,    1163P   2831
3.82,7.95,-6.35,1.82,7.95,-4.75,3.82,7.95,-4.75,1.82,6.35,-4.75,    1163P   2832
3.82,6.35,-4.75,0.,1.25,-3.14159265358979,3.14159265358979;         1163P   2833
128,1,8,1,2,0,1,0,0,1,0.,0.,1.25,1.25,-3.14159265358979,            1165P   2834
-3.14159265358979,-3.14159265358979,-1.5707963267949,               1165P   2835
-1.5707963267949,0.,0.,1.5707963267949,1.5707963267949,             1165P   2836
3.14159265358979,3.14159265358979,3.14159265358979,1.,1.,           1165P   2837
0.707106781186548,0.707106781186548,1.,1.,0.707106781186548,        1165P   2838
0.707106781186548,1.,1.,0.707106781186548,0.707106781186548,1.,     1165P   2839
1.,0.707106781186548,0.707106781186548,1.,1.,1.82,                  1165P   2840
-6.34999999999999,-4.75,3.82,-6.34999999999999,-4.75,1.82,-7.95,    1165P   2841
-4.75,3.82,-7.95,-4.75,1.82,-7.95,-6.35,3.82,-7.95,-6.35,1.82,      1165P   2842
-7.95,-7.95,3.82,-7.95,-7.95,1.82,-6.34999999999999,-7.95,3.82,     1165P   2843
-6.34999999999999,-7.95,1.82,-4.74999999999999,-7.95,3.82,          1165P   2844
-4.74999999999999,-7.95,1.82,-4.74999999999999,-6.35,3.82,          1165P   2845
-4.74999999999999,-6.35,1.82,-4.74999999999999,-4.75,3.82,          1165P   2846
-4.74999999999999,-4.75,1.82,-6.34999999999999,-4.75,3.82,          1165P   2847
-6.34999999999999,-4.75,0.,1.25,-3.14159265358979,                  1165P   2848
3.14159265358979;                                                   1165P   2849
128,1,8,1,2,0,1,0,0,1,0.,0.,1.25,1.25,-3.14159265358979,            1167P   2850
-3.14159265358979,-3.14159265358979,-1.5707963267949,               1167P   2851
-1.5707963267949,0.,0.,1.5707963267949,1.5707963267949,             1167P   2852
3.14159265358979,3.14159265358979,3.14159265358979,1.,1.,           1167P   2853
0.707106781186548,0.707106781186548,1.,1.,0.707106781186548,        1167P   2854
0.707106781186548,1.,1.,0.707106781186548,0.707106781186548,1.,     1167P   2855
1.,0.707106781186548,0.707106781186548,1.,1.,1.82,                  1167P   2856
-6.34999999999999,7.95,3.82,-6.34999999999999,7.95,1.82,            1167P   2857
-7.94999999999999,7.95,3.82,-7.94999999999999,7.95,1.82,            1167P   2858
-7.94999999999999,6.35,3.82,-7.94999999999999,6.35,1.82,            1167P   2859
-7.94999999999999,4.75,3.82,-7.94999999999999,4.75,1.82,            1167P   2860
-6.34999999999999,4.75,3.82,-6.34999999999999,4.75,1.82,            1167P   2861
-4.74999999999999,4.75,3.82,-4.74999999999999,4.75,1.82,            1167P   2862
-4.74999999999999,6.35,3.82,-4.74999999999999,6.35,1.82,            1167P   2863
-4.74999999999999,7.95,3.82,-4.74999999999999,7.95,1.82,            1167P   2864
-6.34999999999999,7.95,3.82,-6.34999999999999,7.95,0.,1.25,         1167P   2865
-3.14159265358979,3.14159265358979;                                 1167P   2866
128,1,8,1,2,0,1,0,0,1,-4.8473282442748,-4.8473282442748,            1169P   2867
-4.65648854961832,-4.65648854961832,-3.14159265358979,              1169P   2868
-3.14159265358979,-3.14159265358979,-1.5707963267949,               1169P   2869
-1.5707963267949,0.,0.,1.5707963267949,1.5707963267949,             1169P   2870
3.14159265358979,3.14159265358979,3.14159265358979,1.,1.,           1169P   2871
0.707106781186548,0.707106781186548,1.,1.,0.707106781186548,        1169P   2872
0.707106781186548,1.,1.,0.707106781186548,0.707106781186548,1.,     1169P   2873
1.,0.707106781186548,0.707106781186548,1.,1.,3.82,3.93,0.,4.57,     1169P   2874
3.93,0.,3.82,3.93,-3.93,4.57,3.93,-3.93,3.82,                       1169P   2875
-3.08300388898237D-15,-3.93,4.57,-3.20935650738329D-15,-3.93,       1169P   2876
3.82,-3.93000000000001,-3.93,4.57,-3.93000000000001,-3.93,3.82,     1169P   2877
-3.93000000000001,0.,4.57,-3.93000000000001,0.,3.82,                1169P   2878
-3.93000000000001,3.93,4.57,-3.93000000000001,3.93,3.82,            1169P   2879
-3.08300388898237D-15,3.93,4.57,-3.20935650738329D-15,3.93,3.82,    1169P   2880
3.93,3.93,4.57,3.93,3.93,3.82,3.93,0.,4.57,3.93,0.,                 1169P   2881
-4.8473282442748,-4.65648854961832,-3.14159265358979,               1169P   2882
3.14159265358979;                                                   1169P   2883
128,2,8,2,2,0,1,0,0,1,-1.5707963267949,-1.5707963267949,            1171P   2884
-1.5707963267949,1.42634944144303D-16,1.42634944144303D-16,         1171P   2885
1.42634944144303D-16,-3.14159265358979,-3.14159265358979,           1171P   2886
-3.14159265358979,-1.5707963267949,-1.5707963267949,0.,0.,          1171P   2887
1.5707963267949,1.5707963267949,3.14159265358979,                   1171P   2888
3.14159265358979,3.14159265358979,1.,0.707106781186547,1.,          1171P   2889
0.707106781186548,0.5,0.707106781186548,1.,0.707106781186547,1.,    1171P   2890
0.707106781186548,0.5,0.707106781186548,1.,0.707106781186547,1.,    1171P   2891
0.707106781186548,0.5,0.707106781186548,1.,0.707106781186547,1.,    1171P   2892
0.707106781186548,0.5,0.707106781186548,1.,0.707106781186547,1.,    1171P   2893
4.57,3.93,0.,5.32,3.93,0.,5.32,3.18,0.,4.57,3.93,-3.93,5.32,        1171P   2894
3.93,-3.93,5.32,3.18,-3.18,4.57,-3.03576608295941D-15,              1171P   2895
-3.93000000000001,5.32,-3.16211870136033D-15,-3.93,5.32,            1171P   2896
-3.16211870136033D-15,-3.18000000000001,4.57,-3.93000000000001,     1171P   2897
-3.93,5.32,-3.93000000000001,-3.93,5.32,-3.18000000000001,-3.18,    1171P   2898
4.57,-3.93000000000001,0.,5.32,-3.93000000000001,0.,5.32,           1171P   2899
-3.18000000000001,0.,4.57,-3.93000000000001,3.93,5.32,              1171P   2900
-3.93000000000001,3.93,5.32,-3.18000000000001,3.18,4.57,            1171P   2901
-3.03576608295941D-15,3.93000000000001,5.32,                        1171P   2902
-3.16211870136033D-15,3.93,5.32,-3.16211870136033D-15,              1171P   2903
3.18000000000001,4.57,3.93,3.93,5.32,3.93,3.93,5.32,3.18,3.18,      1171P   2904
4.57,3.93,0.,5.32,3.93,0.,5.32,3.18,0.,-1.5707963267949,            1171P   2905
1.42634944144303D-16,-3.14159265358979,3.14159265358979;            1171P   2906
128,1,8,1,2,0,1,0,0,1,-2.96363636363636,-2.96363636363636,          1173P   2907
-2.14545454545454,-2.14545454545454,-3.14159265358979,              1173P   2908
-3.14159265358979,-3.14159265358979,-1.5707963267949,               1173P   2909
-1.5707963267949,0.,0.,1.5707963267949,1.5707963267949,             1173P   2910
3.14159265358979,3.14159265358979,3.14159265358979,1.,1.,           1173P   2911
0.707106781186548,0.707106781186548,1.,1.,0.707106781186548,        1173P   2912
0.707106781186548,1.,1.,0.707106781186548,0.707106781186548,1.,     1173P   2913
1.,0.707106781186548,0.707106781186548,1.,1.,-2.68000000000001,     1173P   2914
5.5,0.,1.82,5.5,0.,-2.68000000000001,5.5,-5.5,1.82,5.5,-5.5,        1173P   2915
-2.68000000000001,-1.98794786284109D-15,-5.5,1.82,                  1173P   2916
-2.74606357324659D-15,-5.5,-2.68000000000001,-5.5,-5.5,1.82,        1173P   2917
-5.5,-5.5,-2.68000000000001,-5.50000000000001,0.,1.82,              1173P   2918
-5.50000000000001,0.,-2.68000000000001,-5.5,5.5,1.82,-5.5,5.5,      1173P   2919
-2.68000000000001,-1.98794786284109D-15,5.5,1.82,                   1173P   2920
-2.74606357324659D-15,5.5,-2.68000000000001,5.5,5.5,1.82,5.5,       1173P   2921
5.5,-2.68000000000001,5.5,0.,1.82,5.5,0.,-2.96363636363636,         1173P   2922
-2.14545454545454,-3.14159265358979,3.14159265358979;               1173P   2923
128,1,8,1,2,0,1,0,0,1,-0.625,-0.625,1.11022302462516D-16,           1175P   2924
1.11022302462516D-16,-3.14159265358979,-3.14159265358979,           1175P   2925
-3.14159265358979,-1.5707963267949,-1.5707963267949,0.,0.,          1175P   2926
1.5707963267949,1.5707963267949,3.14159265358979,                   1175P   2927
3.14159265358979,3.14159265358979,1.,1.,0.707106781186548,          1175P   2928
0.707106781186548,1.,1.,0.707106781186548,0.707106781186548,1.,     1175P   2929
1.,0.707106781186548,0.707106781186548,1.,1.,0.707106781186548,     1175P   2930
0.707106781186548,1.,1.,-14.48,4.8,0.,-11.48,4.8,0.,-14.48,4.8,     1175P   2931
-4.8,-11.48,4.8,-4.8,-14.48,-1.36234531641751D-31,-4.8,-11.48,      1175P   2932
-5.05410473603668D-16,-4.8,-14.48,-4.8,-4.8,-11.48,-4.8,-4.8,       1175P   2933
-14.48,-4.8,0.,-11.48,-4.8,0.,-14.48,-4.8,4.8,-11.48,-4.8,4.8,      1175P   2934
-14.48,-1.36234531641751D-31,4.8,-11.48,-5.05410473603668D-16,      1175P   2935
4.8,-14.48,4.8,4.8,-11.48,4.8,4.8,-14.48,4.8,0.,-11.48,4.8,0.,      1175P   2936
-0.625,1.11022302462516D-16,-3.14159265358979,3.14159265358979;     1175P   2937
128,1,8,1,2,0,1,0,0,1,-2.45833333333333,-2.45833333333333,          1177P   2938
-1.04166666666667,-1.04166666666667,-3.14159265358979,              1177P   2939
-3.14159265358979,-3.14159265358979,-1.5707963267949,               1177P   2940
-1.5707963267949,0.,0.,1.5707963267949,1.5707963267949,             1177P   2941
3.14159265358979,3.14159265358979,3.14159265358979,1.,1.,           1177P   2942
0.707106781186548,0.707106781186548,1.,1.,0.707106781186548,        1177P   2943
0.707106781186548,1.,1.,0.707106781186548,0.707106781186548,1.,     1177P   2944
1.,0.707106781186548,0.707106781186548,1.,1.,-9.48,4.8,0.,-2.68,    1177P   2945
4.8,0.,-9.48,4.8,-4.8,-2.68,4.8,-4.8,-9.48,                         1177P   2946
-8.42350789339446D-16,-4.8,-2.68,-1.98794786284109D-15,-4.8,        1177P   2947
-9.48,-4.8,-4.8,-2.68,-4.8,-4.8,-9.48,-4.8,0.,-2.68,-4.8,0.,        1177P   2948
-9.48,-4.8,4.8,-2.68,-4.8,4.8,-9.48,-8.42350789339446D-16,4.8,      1177P   2949
-2.68,-1.98794786284109D-15,4.8,-9.48,4.8,4.8,-2.68,4.8,4.8,        1177P   2950
-9.48,4.8,0.,-2.68,4.8,0.,-2.45833333333333,-1.04166666666667,      1177P   2951
-3.14159265358979,3.14159265358979;                                 1177P   2952
128,1,1,1,1,0,0,1,0,0,-5.501,-5.501,5.501,5.501,-5.501,-5.501,      1179P   2953
5.501,5.501,1.,1.,1.,1.,-2.68,5.501,-5.501,-2.68,-5.501,-5.501,     1179P   2954
-2.68,5.501,5.501,-2.68,-5.501,5.501,-5.501,5.501,-5.501,5.501;     1179P   2955
128,1,1,1,1,0,0,1,0,0,-3.181,-3.181,3.18100000000001,               1181P   2956
3.18100000000001,-3.18100000000001,-3.18100000000001,               1181P   2957
3.18100000000001,3.18100000000001,1.,1.,1.,1.,5.32,                 1181P   2958
-3.18100000000001,-3.18100000000001,5.32,3.181,                     1181P   2959
-3.18100000000001,5.32,-3.18100000000001,3.18100000000001,5.32,     1181P   2960
3.181,3.18100000000001,-3.181,3.18100000000001,                     1181P   2961
-3.18100000000001,3.18100000000001;                                 1181P   2962
128,1,1,1,1,0,0,1,0,0,-8.751,-8.751,8.751,8.751,-8.751,-8.751,      1183P   2963
8.751,8.751,1.,1.,1.,1.,3.82,-8.751,-8.751,3.82,8.751,-8.751,       1183P   2964
3.82,-8.751,8.751,3.82,8.751,8.751,-8.751,8.751,-8.751,8.751;       1183P   2965
128,1,1,1,1,0,0,1,0,0,-6.501,-6.501,6.501,6.501,-0.001,-0.001,      1185P   2966
2.001,2.001,1.,1.,1.,1.,1.819,8.75,-6.501,1.819,8.75,6.501,         1185P   2967
3.821,8.75,-6.501,3.821,8.75,6.501,-6.501,6.501,-0.001,2.001;       1185P   2968
128,1,2,1,2,0,0,0,0,0,0.,0.,0.88888888888889,0.88888888888889,      1187P   2969
0.,0.,0.,1.5707963267949,1.5707963267949,1.5707963267949,1.,1.,     1187P   2970
0.707106781186548,0.707106781186548,1.,1.,3.82,6.5,-8.75,1.82,      1187P   2971
6.5,-8.75,3.82,8.75,-8.75,1.82,8.75,-8.75,3.82,8.75,-6.5,1.82,      1187P   2972
8.75,-6.5,0.,0.88888888888889,0.,1.5707963267949;                   1187P   2973
128,1,1,1,1,0,0,1,0,0,-6.50100000000001,-6.50100000000001,6.501,    1189P   2974
6.501,-0.001,-0.001,2.001,2.001,1.,1.,1.,1.,1.819,                  1189P   2975
-6.50100000000001,-8.75,1.819,6.501,-8.75,3.821,                    1189P   2976
-6.50100000000001,-8.75,3.821,6.501,-8.75,-6.50100000000001,        1189P   2977
6.501,-0.001,2.001;                                                 1189P   2978
128,1,2,1,2,0,0,0,0,0,0.,0.,0.88888888888889,0.88888888888889,      1191P   2979
-1.5707963267949,-1.5707963267949,-1.5707963267949,0.,0.,0.,1.,     1191P   2980
1.,0.707106781186548,0.707106781186548,1.,1.,3.82,-8.75,-6.5,       1191P   2981
1.82,-8.75,-6.5,3.82,-8.75,-8.75,1.82,-8.75,-8.75,3.82,             1191P   2982
-6.50000000000001,-8.75,1.82,-6.50000000000001,-8.75,0.,            1191P   2983
0.88888888888889,-1.5707963267949,0.;                               1191P   2984
128,1,1,1,1,0,0,1,0,0,-6.501,-6.501,6.501,6.501,-0.001,-0.001,      1193P   2985
2.001,2.001,1.,1.,1.,1.,1.819,-8.75000000000001,6.501,1.819,        1193P   2986
-8.75,-6.501,3.821,-8.75000000000001,6.501,3.821,-8.75,-6.501,      1193P   2987
-6.501,6.501,-0.001,2.001;                                          1193P   2988
128,1,2,1,2,0,0,0,0,0,0.,0.,0.88888888888889,0.88888888888889,      1195P   2989
-3.14159265358979,-3.14159265358979,-3.14159265358979,              1195P   2990
-1.5707963267949,-1.5707963267949,-1.5707963267949,1.,1.,           1195P   2991
0.707106781186548,0.707106781186548,1.,1.,3.82,                     1195P   2992
-6.50000000000001,8.75,1.82,-6.50000000000001,8.75,3.82,-8.75,      1195P   2993
8.75,1.82,-8.75,8.75,3.82,-8.75000000000001,6.5,1.82,               1195P   2994
-8.75000000000001,6.5,0.,0.88888888888889,-3.14159265358979,        1195P   2995
-1.5707963267949;                                                   1195P   2996
128,1,1,1,1,0,0,1,0,0,-6.50100000000001,-6.50100000000001,6.501,    1197P   2997
6.501,-0.001,-0.001,2.001,2.001,1.,1.,1.,1.,1.819,6.501,8.75,       1197P   2998
1.819,-6.50100000000001,8.75,3.821,6.501,8.75,3.821,                1197P   2999
-6.50100000000001,8.75,-6.50100000000001,6.501,-0.001,2.001;        1197P   3000
128,1,2,1,2,0,0,0,0,0,0.,0.,0.88888888888889,0.88888888888889,      1199P   3001
1.5707963267949,1.5707963267949,1.5707963267949,                    1199P   3002
3.14159265358979,3.14159265358979,3.14159265358979,1.,1.,           1199P   3003
0.707106781186548,0.707106781186548,1.,1.,3.82,8.75,6.5,1.82,       1199P   3004
8.75,6.5,3.82,8.75,8.75,1.82,8.75,8.75,3.82,6.5,8.75,1.82,6.5,      1199P   3005
8.75,0.,0.88888888888889,1.5707963267949,3.14159265358979;          1199P   3006
128,1,1,1,1,0,0,1,0,0,-8.751,-8.751,8.751,8.751,-8.751,-8.751,      1201P   3007
8.751,8.751,1.,1.,1.,1.,1.82,-8.751,-8.751,1.82,-8.751,8.751,       1201P   3008
1.82,8.751,-8.751,1.82,8.751,8.751,-8.751,8.751,-8.751,8.751;       1201P   3009
128,1,1,1,1,0,0,1,0,0,-2.701,-2.701,2.70100000000001,               1203P   3010
2.70100000000001,-2.701,-2.701,2.701,2.701,1.,1.,1.,1.,8.02,        1203P   3011
-2.70100000000001,-2.701,8.02,2.701,-2.701,8.02,                    1203P   3012
-2.70100000000001,2.701,8.02,2.701,2.701,-2.701,                    1203P   3013
2.70100000000001,-2.701,2.701;                                      1203P   3014
128,1,1,1,1,0,0,1,0,0,-0.951000000000008,-0.951000000000008,        1205P   3015
0.000999999999995671,0.000999999999995671,-0.951000000000004,       1205P   3016
-0.951000000000004,0.951000000000004,0.951000000000004,1.,1.,1.,    1205P   3017
1.,12.22,-0.951000000000008,-0.951000000000004,12.22,               1205P   3018
0.000999999999995616,-0.951000000000004,12.22,                      1205P   3019
-0.951000000000008,0.951000000000004,12.22,0.000999999999995588,    1205P   3020
0.951000000000004,-0.951000000000008,0.000999999999995671,          1205P   3021
-0.951000000000004,0.951000000000004;                               1205P   3022
128,2,6,2,2,0,0,0,0,0,-1.48325960354746D-11,                        1207P   3023
-1.48325960354746D-11,-1.48325960354746D-11,1.5707963267949,        1207P   3024
1.5707963267949,1.5707963267949,1.56151011606953,                   1207P   3025
1.56151011606953,1.56151011606953,2.61489847441648,                 1207P   3026
2.61489847441648,3.66828683276343,3.66828683276343,                 1207P   3027
4.72167519111037,4.72167519111037,4.72167519111037,1.,              1207P   3028
0.707106781181321,1.,0.86447355555043,0.611275113281637,            1207P   3029
0.86447355555043,1.,0.707106781181321,1.,0.86447355555043,          1207P   3030
0.611275113281637,0.86447355555043,1.,0.707106781181321,1.,         1207P   3031
0.86447355555043,0.611275113281637,0.86447355555043,1.,             1207P   3032
0.707106781181321,1.,12.22,0.00882177339877354,                     1207P   3033
0.949959039282277,12.22,0.00975038112497447,1.04995472762926,       1207P   3034
12.1199999999985,0.00975038112496071,1.04995472762778,12.22,        1207P   3035
-0.543565041001571,0.955088767095378,12.22,-0.600782413739427,      1207P   3036
1.05562442679112,12.1199999999985,-0.600782413738578,               1207P   3037
1.05562442678963,12.22,-0.821249877772993,0.477544383547601,        1207P   3038
12.22,-0.907697233329326,0.527812213395462,12.1199999999985,        1207P   3039
-0.907697233328044,0.527812213394716,12.22,-1.09893471454441,0.,    1207P   3040
12.22,-1.21461205291923,0.,12.1199999999985,-1.21461205291751,      1207P   3041
0.,12.22,-0.821249877772839,-0.477544383547865,12.22,               1207P   3042
-0.907697233329157,-0.527812213395754,12.1199999999985,             1207P   3043
-0.907697233327874,-0.527812213395008,12.22,-0.543565041001264,     1207P   3044
-0.955088767095553,12.22,-0.600782413739088,-1.05562442679131,      1207P   3045
12.1199999999985,-0.600782413738239,-1.05562442678982,12.22,        1207P   3046
0.00882177339907895,-0.949959039282274,12.22,                       1207P   3047
0.00975038112531203,-1.04995472762926,12.1199999999985,             1207P   3048
0.00975038112529827,-1.04995472762778,-1.48325960354746D-11,        1207P   3049
1.5707963267949,1.56151011606953,4.72167519111037;                  1207P   3050
128,6,1,3,1,0,0,1,0,0,-0.0103803399181942,-0.0103803399181942,      1209P   3051
-0.0103803399181942,-0.0103803399181942,0.989619660081806,          1209P   3052
0.989619660081806,0.989619660081806,1.,1.,1.,1.,0.,0.,              1209P   3053
0.255015124675033,0.255015124675033,1.,1.,1.,1.,1.,1.,1.,1.,1.,     1209P   3054
1.,1.,1.,1.,1.,12.22,-3.57079362822393D-17,-1.0625612974266,        1209P   3055
11.3736856069738,0.0804071242674311,-1.0625612974266,               1209P   3056
10.3012802760243,0.228081181526944,-1.0625612974266,9.82,1.05,      1209P   3057
-1.0625612974266,9.81500414713895,1.05853179672091,                 1209P   3058
-1.0625612974266,9.81000829427789,1.06706359344182,                 1209P   3059
-1.0625612974266,9.80501244141684,1.07559539016273,                 1209P   3060
-1.0625612974266,12.22,-3.57079362822393D-17,1.48758994932372,      1209P   3061
11.3736856069738,0.0804071242674311,1.48758994932372,               1209P   3062
10.3012802760243,0.228081181526944,1.48758994932372,9.82,1.05,      1209P   3063
1.48758994932372,9.81500414713895,1.05853179672091,                 1209P   3064
1.48758994932372,9.81000829427789,1.06706359344182,                 1209P   3065
1.48758994932372,9.80501244141684,1.07559539016273,                 1209P   3066
1.48758994932372,-0.0103803399181942,1.,0.,0.255015124675033;       1209P   3067
128,1,2,1,2,0,0,0,0,0,-0.404061017820885,-0.404061017820885,        1211P   3068
3.33066907387547D-16,3.33066907387547D-16,1.6853323000272,          1211P   3069
1.6853323000272,1.6853323000272,3.02705668035749,                   1211P   3070
3.02705668035749,3.02705668035749,1.,1.,0.783285966600992,          1211P   3071
0.783285966600992,1.,1.,-11.75,0.0714285714285725,                  1211P   3072
0.6209049518112,-12.,0.100000000000002,0.869266932535682,-11.75,    1211P   3073
0.564215059487611,0.56421505948761,-12.,0.789901083282658,          1211P   3074
0.789901083282656,-11.75,0.6209049518112,0.0714285714285712,        1211P   3075
-12.,0.869266932535682,0.0999999999999999,-0.404061017820885,       1211P   3076
3.33066907387547D-16,1.6853323000272,3.02705668035749;              1211P   3077
128,1,1,1,1,0,0,1,0,0,0.0990000000001087,0.0990000000001087,        1213P   3078
0.96583159152269,0.96583159152269,0.0989999999999999,               1213P   3079
0.0989999999999999,0.965831591522583,0.965831591522583,1.,1.,1.,    1213P   3080
1.,-12.,0.965831591522583,0.0989999999999999,-12.,                  1213P   3081
0.099000000000002,0.0989999999999999,-12.,0.965831591522583,        1213P   3082
0.965831591522583,-12.,0.099000000000002,0.965831591522583,         1213P   3083
0.0990000000001087,0.96583159152269,0.0989999999999999,             1213P   3084
0.965831591522583;                                                  1213P   3085
128,1,2,1,2,0,0,0,0,0,-0.404061017821523,-0.404061017821523,        1215P   3086
1.11022302462516D-16,1.11022302462516D-16,-3.02705668035749,        1215P   3087
-3.02705668035749,-3.02705668035749,-1.6853323000272,               1215P   3088
-1.6853323000272,-1.6853323000272,1.,1.,0.783285966600992,          1215P   3089
0.783285966600992,1.,1.,-11.7499999999996,0.620904951810808,        1215P   3090
-0.0714285714285261,-12.,0.869266932535682,-0.0999999999999999,     1215P   3091
-11.7499999999996,0.564215059487255,-0.564215059487254,-12.,        1215P   3092
0.789901083282658,-0.789901083282656,-11.7499999999996,             1215P   3093
0.0714285714285274,-0.620904951810808,-12.,0.100000000000002,       1215P   3094
-0.869266932535682,-0.404061017821523,1.11022302462516D-16,         1215P   3095
-3.02705668035749,-1.6853323000272;                                 1215P   3096
128,1,1,1,1,0,0,1,0,0,0.0990000000001087,0.0990000000001087,        1217P   3097
0.96583159152269,0.96583159152269,-0.965831591522583,               1217P   3098
-0.965831591522583,-0.0989999999999999,-0.0989999999999999,1.,      1217P   3099
1.,1.,1.,-12.,0.965831591522583,-0.965831591522583,-12.,            1217P   3100
0.099000000000002,-0.965831591522583,-12.,0.965831591522583,        1217P   3101
-0.0989999999999999,-12.,0.099000000000002,-0.0989999999999999,     1217P   3102
0.0990000000001087,0.96583159152269,-0.965831591522583,             1217P   3103
-0.0989999999999999;                                                1217P   3104
128,1,2,1,2,0,0,0,0,0,-0.404061017821531,-0.404061017821531,        1219P   3105
1.66533453693773D-15,1.66533453693773D-15,-1.4562603535626,         1219P   3106
-1.4562603535626,-1.4562603535626,-0.1145359732323,                 1219P   3107
-0.1145359732323,-0.1145359732323,1.,1.,0.78328596660099,           1219P   3108
0.78328596660099,1.,1.,-11.7499999999996,-0.0714285714285243,       1219P   3109
-0.620904951810803,-12.,-0.0999999999999981,-0.869266932535683,     1219P   3110
-11.7499999999996,-0.564215059487251,-0.564215059487252,-12.,       1219P   3111
-0.789901083282659,-0.789901083282661,-11.7499999999996,            1219P   3112
-0.620904951810803,-0.0714285714285254,-12.,-0.869266932535683,     1219P   3113
-0.0999999999999999,-0.404061017821531,1.66533453693773D-15,        1219P   3114
-1.4562603535626,-0.1145359732323;                                  1219P   3115
128,1,1,1,1,0,0,1,0,0,-0.965831591522477,-0.965831591522477,        1221P   3116
-0.0989999999998912,-0.0989999999998912,-0.965831591522584,         1221P   3117
-0.965831591522584,-0.0989999999999997,-0.0989999999999997,1.,      1221P   3118
1.,1.,1.,-12.,-0.098999999999998,-0.965831591522584,-12.,           1221P   3119
-0.965831591522584,-0.965831591522584,-12.,-0.098999999999998,      1221P   3120
-0.0989999999999996,-12.,-0.965831591522584,-0.0989999999999997,    1221P   3121
-0.965831591522477,-0.0989999999998912,-0.965831591522584,          1221P   3122
-0.0989999999999997;                                                1221P   3123
128,1,2,1,2,0,0,0,0,0,-0.404061017820885,-0.404061017820885,        1223P   3124
5.55111512312578D-17,5.55111512312578D-17,0.114535973232301,        1223P   3125
0.114535973232301,0.114535973232301,1.4562603535626,                1223P   3126
1.4562603535626,1.4562603535626,1.,1.,0.78328596660099,             1223P   3127
0.78328596660099,1.,1.,-11.75,-0.6209049518112,                     1223P   3128
0.0714285714285715,-12.,-0.869266932535682,0.1,-11.75,              1223P   3129
-0.564215059487612,0.564215059487613,-12.,-0.789901083282658,       1223P   3130
0.78990108328266,-11.75,-0.07142857142857,0.6209049518112,-12.,     1223P   3131
-0.0999999999999979,0.869266932535682,-0.404061017820885,           1223P   3132
5.55111512312578D-17,0.114535973232301,1.4562603535626;             1223P   3133
128,1,1,1,1,0,0,1,0,0,-0.965831591522477,-0.965831591522477,        1225P   3134
-0.0989999999998912,-0.0989999999998912,0.0990000000000001,         1225P   3135
0.0990000000000001,0.965831591522584,0.965831591522584,1.,1.,1.,    1225P   3136
1.,-12.,-0.098999999999998,0.0990000000000001,-12.,                 1225P   3137
-0.965831591522584,0.0990000000000001,-12.,-0.098999999999998,      1225P   3138
0.965831591522584,-12.,-0.965831591522584,0.965831591522584,        1225P   3139
-0.965831591522477,-0.0989999999998912,0.0990000000000001,          1225P   3140
0.965831591522584;                                                  1225P   3141
128,1,1,1,1,0,0,1,0,0,0.615948133962651,0.615948133962651,          1227P   3142
1.07570373289115,1.07570373289115,-0.100999999999998,               1227P   3143
-0.100999999999998,0.101000000000002,0.101000000000002,1.,1.,1.,    1227P   3144
1.,-5.6,-0.100999999999998,0.615948133962651,-5.6,                  1227P   3145
-0.100999999999998,1.07570373289115,-5.6,0.101000000000002,         1227P   3146
0.615948133962651,-5.6,0.101000000000002,1.07570373289115,          1227P   3147
0.615948133962651,1.07570373289115,-0.100999999999998,              1227P   3148
0.101000000000002;                                                  1227P   3149
128,1,1,1,1,0,0,1,0,0,0.615948133962651,0.615948133962651,          1229P   3150
1.06631685427388,1.06631685427388,-6.40100312445008,                1229P   3151
-6.40100312445008,0.001,0.001,1.,1.,1.,1.,-12.0010031244501,        1229P   3152
0.100000000000002,1.06631685427388,-12.0010031244501,               1229P   3153
0.100000000000002,0.615948133962651,-5.599,0.100000000000002,       1229P   3154
1.06631685427388,-5.599,0.100000000000002,0.615948133962651,        1229P   3155
0.615948133962651,1.06631685427388,-6.40100312445008,0.001;         1229P   3156
128,2,2,2,2,0,0,0,0,0,-1.5707963267949,-1.5707963267949,            1231P   3157
-1.5707963267949,-1.68470157867894D-16,-1.68470157867894D-16,       1231P   3158
-1.68470157867894D-16,0.0935945311077824,0.0935945311077824,        1231P   3159
0.0935945311077824,1.47720179568711,1.47720179568711,               1231P   3160
1.47720179568711,1.,0.707106781186552,1.,0.770096682138354,         1231P   3161
0.544540586109295,0.770096682138354,1.,0.707106781186552,1.,        1231P   3162
-11.9,1.06531685427388,0.1,-12.,1.06531685427388,0.1,-12.,          1231P   3163
0.965754531444547,0.0906542056074768,-11.9,0.982479568368893,       1231P   3164
0.982479568368891,-12.,0.982479568368893,0.982479568368891,-12.,    1231P   3165
0.890659047960585,0.890659047960583,-11.9,0.100000000000002,        1231P   3166
1.06531685427388,-12.,0.100000000000002,1.06531685427388,-12.,      1231P   3167
0.0906542056074785,0.965754531444548,-1.5707963267949,              1231P   3168
-1.68470157867894D-16,0.0935945311077824,1.47720179568711;          1231P   3169
128,1,1,1,1,0,0,1,0,0,-1.06631685427388,-1.06631685427388,          1233P   3170
-0.61594813396265,-0.61594813396265,-6.4010030878257,               1233P   3171
-6.4010030878257,0.001,0.001,1.,1.,1.,1.,-12.0010030878257,         1233P   3172
0.61594813396265,0.1,-12.0010030878257,1.06631685427388,0.1,        1233P   3173
-5.599,0.61594813396265,0.1,-5.599,1.06631685427388,0.1,            1233P   3174
-1.06631685427388,-0.61594813396265,-6.4010030878257,0.001;         1233P   3175
128,1,1,1,1,0,0,1,0,0,-0.101,-0.101,0.101,0.101,                    1235P   3176
0.61594813396265,0.61594813396265,1.07570373289115,                 1235P   3177
1.07570373289115,1.,1.,1.,1.,-5.6,0.61594813396265,-0.101,-5.6,     1235P   3178
0.61594813396265,0.101,-5.6,1.07570373289115,-0.101,-5.6,           1235P   3179
1.07570373289115,0.101,-0.101,0.101,0.61594813396265,               1235P   3180
1.07570373289115;                                                   1235P   3181
128,1,1,1,1,0,0,1,0,0,-1.06631685427388,-1.06631685427388,          1237P   3182
-0.615948133962248,-0.615948133962248,-6.40100312445008,            1237P   3183
-6.40100312445008,0.001,0.001,1.,1.,1.,1.,-12.0010031244501,        1237P   3184
1.06631685427388,-0.1,-12.0010031244501,0.615948133962248,          1237P   3185
-0.0999999999999999,-5.599,1.06631685427388,-0.1,-5.599,            1237P   3186
0.615948133962248,-0.0999999999999999,-1.06631685427388,            1237P   3187
-0.615948133962248,-6.40100312445008,0.001;                         1237P   3188
128,2,2,2,2,0,0,0,0,0,-1.5707963267949,-1.5707963267949,            1239P   3189
-1.5707963267949,-1.68470157867894D-16,-1.68470157867894D-16,       1239P   3190
-1.68470157867894D-16,-1.47720179568711,-1.47720179568711,          1239P   3191
-1.47720179568711,-0.0935945311077824,-0.0935945311077824,          1239P   3192
-0.0935945311077824,1.,0.707106781186552,1.,0.770096682138354,      1239P   3193
0.544540586109295,0.770096682138354,1.,0.707106781186552,1.,        1239P   3194
-11.9,0.100000000000002,-1.06531685427388,-12.,                     1239P   3195
0.100000000000002,-1.06531685427388,-12.,0.0906542056074785,        1239P   3196
-0.965754531444548,-11.9,0.982479568368893,-0.982479568368891,      1239P   3197
-12.,0.982479568368893,-0.982479568368891,-12.,                     1239P   3198
0.890659047960585,-0.890659047960583,-11.9,1.06531685427388,        1239P   3199
-0.1,-12.,1.06531685427388,-0.1,-12.,0.965754531444547,             1239P   3200
-0.0906542056074768,-1.5707963267949,-1.68470157867894D-16,         1239P   3201
-1.47720179568711,-0.0935945311077824;                              1239P   3202
128,1,1,1,1,0,0,1,0,0,-1.06631685427388,-1.06631685427388,          1241P   3203
-0.615948133962651,-0.615948133962651,-6.4010030878257,             1241P   3204
-6.4010030878257,0.001,0.001,1.,1.,1.,1.,-12.0010030878257,         1241P   3205
0.100000000000002,-0.615948133962651,-12.0010030878257,             1241P   3206
0.100000000000002,-1.06631685427388,-5.599,0.100000000000002,       1241P   3207
-0.615948133962651,-5.599,0.100000000000002,-1.06631685427388,      1241P   3208
-1.06631685427388,-0.615948133962651,-6.4010030878257,0.001;        1241P   3209
128,1,1,1,1,0,0,1,0,0,-1.07570373289115,-1.07570373289115,          1243P   3210
-0.615948133962651,-0.615948133962651,-0.100999999999999,           1243P   3211
-0.100999999999999,0.101000000000002,0.101000000000002,1.,1.,1.,    1243P   3212
1.,-5.6,-0.100999999999999,-1.07570373289115,-5.6,                  1243P   3213
-0.100999999999999,-0.615948133962651,-5.6,0.101000000000002,       1243P   3214
-1.07570373289115,-5.6,0.101000000000002,-0.615948133962651,        1243P   3215
-1.07570373289115,-0.615948133962651,-0.100999999999999,            1243P   3216
0.101000000000002;                                                  1243P   3217
128,1,1,1,1,0,0,1,0,0,-1.06631685427388,-1.06631685427388,          1245P   3218
-0.615948133962245,-0.615948133962245,-6.40100312445007,            1245P   3219
-6.40100312445007,0.001,0.001,1.,1.,1.,1.,-12.0010031244501,        1245P   3220
-0.099999999999998,-1.06631685427388,-12.0010031244501,             1245P   3221
-0.099999999999998,-0.615948133962245,-5.599,-0.099999999999998,    1245P   3222
-1.06631685427388,-5.599,-0.099999999999998,-0.615948133962245,     1245P   3223
-1.06631685427388,-0.615948133962245,-6.40100312445007,0.001;       1245P   3224
128,2,2,2,2,0,0,0,0,0,-1.5707963267949,-1.5707963267949,            1247P   3225
-1.5707963267949,1.79474098618844D-15,1.79474098618844D-15,         1247P   3226
1.79474098618844D-15,-3.04799812248201,-3.04799812248201,           1247P   3227
-3.04799812248201,-1.66439085790268,-1.66439085790268,              1247P   3228
-1.66439085790268,1.,0.707106781186552,1.,0.770096682138352,        1247P   3229
0.544540586109294,0.770096682138352,1.,0.707106781186552,1.,        1247P   3230
-11.9,-1.06531685427388,-0.1,-12.,-1.06531685427388,-0.1,-12.,      1247P   3231
-0.965754531444549,-0.0906542056074767,-11.9,-0.982479568368894,    1247P   3232
-0.982479568368896,-12.,-0.982479568368894,-0.982479568368896,      1247P   3233
-12.,-0.890659047960586,-0.890659047960588,-11.9,                   1247P   3234
-0.0999999999999982,-1.06531685427388,-12.,-0.0999999999999982,     1247P   3235
-1.06531685427388,-12.,-0.090654205607475,-0.965754531444548,       1247P   3236
-1.5707963267949,1.79474098618844D-15,-3.04799812248201,            1247P   3237
-1.66439085790268;                                                  1247P   3238
128,1,1,1,1,0,0,1,0,0,0.615948133962652,0.615948133962652,          1249P   3239
1.06631685427388,1.06631685427388,-6.4010030878257,                 1249P   3240
-6.4010030878257,0.001,0.001,1.,1.,1.,1.,-12.0010030878257,         1249P   3241
-0.615948133962652,-0.0999999999999998,-12.0010030878257,           1249P   3242
-1.06631685427388,-0.0999999999999997,-5.599,-0.615948133962652,    1249P   3243
-0.0999999999999998,-5.599,-1.06631685427388,                       1249P   3244
-0.0999999999999997,0.615948133962652,1.06631685427388,             1249P   3245
-6.4010030878257,0.001;                                             1249P   3246
128,1,1,1,1,0,0,1,0,0,-0.101,-0.101,0.101,0.101,                    1251P   3247
-1.07570373289115,-1.07570373289115,-0.615948133962653,             1251P   3248
-0.615948133962653,1.,1.,1.,1.,-5.6,-1.07570373289115,-0.101,       1251P   3249
-5.6,-1.07570373289115,0.101,-5.6,-0.615948133962653,-0.101,        1251P   3250
-5.6,-0.615948133962653,0.101,-0.101,0.101,-1.07570373289115,       1251P   3251
-0.615948133962653;                                                 1251P   3252
128,1,1,1,1,0,0,1,0,0,0.615948133962652,0.615948133962652,          1253P   3253
1.06631685427388,1.06631685427388,-6.40100312445007,                1253P   3254
-6.40100312445007,0.001,0.001,1.,1.,1.,1.,-12.0010031244501,        1253P   3255
-1.06631685427388,0.1,-12.0010031244501,-0.615948133962652,0.1,     1253P   3256
-5.599,-1.06631685427388,0.1,-5.599,-0.615948133962652,0.1,         1253P   3257
0.615948133962652,1.06631685427388,-6.40100312445007,0.001;         1253P   3258
128,2,2,2,2,0,0,0,0,0,-1.5707963267949,-1.5707963267949,            1255P   3259
-1.5707963267949,1.79474098618844D-15,1.79474098618844D-15,         1255P   3260
1.79474098618844D-15,1.66439085790268,1.66439085790268,             1255P   3261
1.66439085790268,3.04799812248201,3.04799812248201,                 1255P   3262
3.04799812248201,1.,0.707106781186552,1.,0.770096682138353,         1255P   3263
0.544540586109294,0.770096682138353,1.,0.707106781186552,1.,        1255P   3264
-11.9,-0.0999999999999982,1.06531685427388,-12.,                    1255P   3265
-0.0999999999999982,1.06531685427388,-12.,-0.090654205607475,       1255P   3266
0.965754531444548,-11.9,-0.982479568368894,0.982479568368896,       1255P   3267
-12.,-0.982479568368894,0.982479568368896,-12.,                     1255P   3268
-0.890659047960586,0.890659047960588,-11.9,-1.06531685427388,       1255P   3269
0.100000000000001,-12.,-1.06531685427388,0.100000000000001,-12.,    1255P   3270
-0.965754531444549,0.0906542056074771,-1.5707963267949,             1255P   3271
1.79474098618844D-15,1.66439085790268,3.04799812248201;             1255P   3272
128,1,1,1,1,0,0,1,0,0,0.615948133962652,0.615948133962652,          1257P   3273
1.06631685427388,1.06631685427388,-6.4010030878257,                 1257P   3274
-6.4010030878257,0.001,0.001,1.,1.,1.,1.,-12.0010030878257,         1257P   3275
-0.099999999999998,0.615948133962652,-12.0010030878257,             1257P   3276
-0.099999999999998,1.06631685427388,-5.599,-0.099999999999998,      1257P   3277
0.615948133962652,-5.599,-0.099999999999998,1.06631685427388,       1257P   3278
0.615948133962652,1.06631685427388,-6.4010030878257,0.001;          1257P   3279
128,1,2,1,2,0,0,0,0,0,-8.29906542056075,-8.29906542056075,          1259P   3280
-2.55140186915888,-2.55140186915888,1.47720179568712,               1259P   3281
1.47720179568712,1.47720179568712,1.66439085790268,                 1259P   3282
1.66439085790268,1.66439085790268,1.,1.,0.995623228293348,          1259P   3283
0.995623228293348,1.,1.,-5.6,-0.1,1.06531685427388,-11.75,          1259P   3284
-0.099999999999999,1.06531685427388,-5.6,-1.49601500186686D-15,     1259P   3285
1.07470373289115,-11.75,-4.59923530979338D-16,1.07470373289115,     1259P   3286
-5.6,0.100000000000002,1.06531685427388,-11.75,                     1259P   3287
0.100000000000003,1.06531685427388,-8.29906542056075,               1259P   3288
-2.55140186915888,1.47720179568712,1.66439085790268;                1259P   3289
128,1,2,1,2,0,0,0,0,0,-2.55140186915888,-2.55140186915888,          1261P   3290
-2.41121495327103,-2.41121495327103,1.66439085790268,               1261P   3291
1.66439085790268,1.66439085790268,3.04799812248201,                 1261P   3292
3.04799812248201,3.04799812248201,1.,1.,0.770096682138354,          1261P   3293
0.770096682138354,1.,1.,-11.9,0.100000000000001,                    1261P   3294
1.06531685427388,-11.75,0.100000000000001,1.06531685427388,         1261P   3295
-11.9,0.982479568368894,0.982479568368893,-11.75,                   1261P   3296
0.982479568368894,0.982479568368893,-11.9,1.06531685427388,0.1,     1261P   3297
-11.75,1.06531685427388,0.1,-2.55140186915888,-2.41121495327103,    1261P   3298
1.66439085790268,3.04799812248201;                                  1261P   3299
128,1,2,1,2,0,0,0,0,0,-8.29906542056075,-8.29906542056075,          1263P   3300
-2.55140186915888,-2.55140186915888,3.04799812248201,               1263P   3301
3.04799812248201,3.04799812248201,3.23518718469758,                 1263P   3302
3.23518718469758,3.23518718469758,1.,1.,0.995623228293348,          1263P   3303
0.995623228293348,1.,1.,-5.6,1.06531685427388,0.1,-11.75,           1263P   3304
1.06531685427388,0.1,-5.6,1.07470373289115,0.,-11.75,               1263P   3305
1.07470373289115,0.,-5.6,1.06531685427388,-0.0999999999999998,      1263P   3306
-11.75,1.06531685427388,-0.0999999999999998,-8.29906542056075,      1263P   3307
-2.55140186915888,3.04799812248201,3.23518718469758;                1263P   3308
128,1,2,1,2,0,0,0,0,0,-2.55140186915888,-2.55140186915888,          1265P   3309
-2.41121495327103,-2.41121495327103,-3.04799812248201,              1265P   3310
-3.04799812248201,-3.04799812248201,-1.66439085790268,              1265P   3311
-1.66439085790268,-1.66439085790268,1.,1.,0.770096682138354,        1265P   3312
0.770096682138354,1.,1.,-11.9,1.06531685427388,-0.1,-11.75,         1265P   3313
1.06531685427388,-0.1,-11.9,0.982479568368894,                      1265P   3314
-0.982479568368893,-11.75,0.982479568368894,-0.982479568368893,     1265P   3315
-11.9,0.100000000000001,-1.06531685427388,-11.75,                   1265P   3316
0.100000000000001,-1.06531685427388,-2.55140186915888,              1265P   3317
-2.41121495327103,-3.04799812248201,-1.66439085790268;              1265P   3318
128,1,2,1,2,0,0,0,0,0,-8.29906542056075,-8.29906542056075,          1267P   3319
-2.55140186915888,-2.55140186915888,-1.66439085790268,              1267P   3320
-1.66439085790268,-1.66439085790268,-1.47720179568712,              1267P   3321
-1.47720179568712,-1.47720179568712,1.,1.,0.995623228293348,        1267P   3322
0.995623228293348,1.,1.,-5.6,0.100000000000002,                     1267P   3323
-1.06531685427388,-11.75,0.100000000000003,-1.06531685427388,       1267P   3324
-5.6,-1.49601500186686D-15,-1.07470373289115,-11.75,                1267P   3325
-4.59923530979338D-16,-1.07470373289115,-5.6,-0.1,                  1267P   3326
-1.06531685427388,-11.75,-0.099999999999999,-1.06531685427388,      1267P   3327
-8.29906542056075,-2.55140186915888,-1.66439085790268,              1267P   3328
-1.47720179568712;                                                  1267P   3329
128,1,2,1,2,0,0,0,0,0,-2.55140186915888,-2.55140186915888,          1269P   3330
-2.41121495327103,-2.41121495327103,-1.47720179568712,              1269P   3331
-1.47720179568712,-1.47720179568712,-0.0935945311077818,            1269P   3332
-0.0935945311077818,-0.0935945311077818,1.,1.,0.770096682138352,    1269P   3333
0.770096682138352,1.,1.,-11.9,-0.0999999999999981,                  1269P   3334
-1.06531685427388,-11.75,-0.0999999999999981,-1.06531685427388,     1269P   3335
-11.9,-0.982479568368894,-0.982479568368896,-11.75,                 1269P   3336
-0.982479568368894,-0.982479568368896,-11.9,-1.06531685427388,      1269P   3337
-0.0999999999999997,-11.75,-1.06531685427388,                       1269P   3338
-0.0999999999999997,-2.55140186915888,-2.41121495327103,            1269P   3339
-1.47720179568712,-0.0935945311077818;                              1269P   3340
128,1,2,1,2,0,0,0,0,0,-2.55140186915888,-2.55140186915888,          1271P   3341
-2.41121495327103,-2.41121495327103,0.0935945311077825,             1271P   3342
0.0935945311077825,0.0935945311077825,1.47720179568712,             1271P   3343
1.47720179568712,1.47720179568712,1.,1.,0.770096682138352,          1271P   3344
0.770096682138352,1.,1.,-11.9,-1.06531685427388,0.1,-11.75,         1271P   3345
-1.06531685427388,0.1,-11.9,-0.982479568368894,                     1271P   3346
0.982479568368896,-11.75,-0.982479568368894,0.982479568368896,      1271P   3347
-11.9,-0.0999999999999981,1.06531685427388,-11.75,                  1271P   3348
-0.0999999999999981,1.06531685427388,-2.55140186915888,             1271P   3349
-2.41121495327103,0.0935945311077825,1.47720179568712;              1271P   3350
128,1,1,1,1,0,0,1,0,0,-2.30100000000002,-2.30100000000002,          1273P   3351
2.30099999999998,2.30099999999998,-2.301,-2.301,2.301,2.301,1.,     1273P   3352
1.,1.,1.,-11.75,2.301,-2.301,-11.75,-2.301,-2.301,-11.75,2.301,     1273P   3353
2.301,-11.75,-2.301,2.301,-2.30100000000002,2.30099999999998,       1273P   3354
-2.301,2.301;                                                       1273P   3355
128,1,1,1,1,0,0,1,0,0,-3.75100000000001,-3.75100000000001,3.751,    1275P   3356
3.751,-3.751,-3.751,3.751,3.751,1.,1.,1.,1.,-4.98,3.751,-3.751,     1275P   3357
-4.98,-3.751,-3.751,-4.98,3.751,3.751,-4.98,-3.751,3.751,           1275P   3358
-3.75100000000001,3.751,-3.751,3.751;                               1275P   3359
128,1,1,1,1,0,0,1,0,0,-4.401,-4.401,4.401,4.401,-4.401,-4.401,      1277P   3360
4.401,4.401,1.,1.,1.,1.,-14.48,4.401,-4.401,-14.48,-4.401,          1277P   3361
-4.401,-14.48,4.401,4.401,-14.48,-4.401,4.401,-4.401,4.401,         1277P   3362
-4.401,4.401;                                                       1277P   3363
128,1,1,1,1,0,0,1,0,0,-4.801,-4.801,4.801,4.801,-4.801,-4.801,      1279P   3364
4.801,4.801,1.,1.,1.,1.,-14.48,4.801,-4.801,-14.48,-4.801,          1279P   3365
-4.801,-14.48,4.801,4.801,-14.48,-4.801,4.801,-4.801,4.801,         1279P   3366
-4.801,4.801;                                                       1279P   3367
128,1,1,1,1,0,0,1,0,0,-1.37213092008022,-1.37213092008022,          1281P   3368
1.37213092008021,1.37213092008021,-12.231,-12.231,                  1281P   3369
-11.0913528787905,-11.0913528787905,1.,1.,1.,1.,-12.231,4.6,        1281P   3370
-1.37213092008022,-12.231,4.6,1.37213092008021,                     1281P   3371
-11.0913528787905,4.6,-1.37213092008022,-11.0913528787905,4.6,      1281P   3372
1.37213092008021,-1.37213092008022,1.37213092008021,-12.231,        1281P   3373
-11.0913528787905;                                                  1281P   3374
128,1,4,1,2,0,0,0,0,0,0.,0.,0.114285714285715,0.114285714285715,    1283P   3375
-2.47108027471288,-2.47108027471288,-2.47108027471288,              1283P   3376
-1.5707963267949,-1.5707963267949,-0.67051237887691,                1283P   3377
-0.67051237887691,-0.67051237887691,1.,1.,0.900385339499003,        1283P   3378
0.900385339499003,1.,1.,0.900385339499003,0.900385339499003,1.,     1283P   3379
1.,-11.5674281585466,4.6,-1.37113092008021,-11.5674281585466,       1283P   3380
4.8,-1.37113092008021,-12.23,4.6,-0.845652815178049,-12.23,4.8,     1283P   3381
-0.845652815178049,-12.23,4.6,0.,-12.23,4.8,0.,-12.23,4.6,          1283P   3382
0.845652815178049,-12.23,4.8,0.845652815178049,                     1283P   3383
-11.5674281585466,4.6,1.37113092008021,-11.5674281585466,4.8,       1283P   3384
1.37113092008021,0.,0.114285714285715,-2.47108027471288,            1283P   3385
-0.67051237887691;                                                  1283P   3386
128,1,4,1,2,0,0,0,0,0,-3.1720657846433D-16,-3.1720657846433D-16,    1285P   3387
0.114285714285715,0.114285714285715,0.670512378876912,              1285P   3388
0.670512378876912,0.670512378876912,1.5707963267949,                1285P   3389
1.5707963267949,2.47108027471288,2.47108027471288,                  1285P   3390
2.47108027471288,1.,1.,0.900385339499003,0.900385339499003,1.,      1285P   3391
1.,0.900385339499003,0.900385339499003,1.,1.,-9.39257184145343,     1285P   3392
4.6,1.37113092008021,-9.39257184145343,4.8,1.37113092008021,        1285P   3393
-8.73,4.6,0.845652815178047,-8.73,4.8,0.845652815178047,-8.73,      1285P   3394
4.6,0.,-8.73,4.8,0.,-8.73,4.6,-0.845652815178047,-8.73,4.8,         1285P   3395
-0.845652815178047,-9.39257184145343,4.6,-1.37113092008021,         1285P   3396
-9.39257184145343,4.8,-1.37113092008021,-3.1720657846433D-16,       1285P   3397
0.114285714285715,0.670512378876912,2.47108027471288;               1285P   3398
128,1,1,1,1,0,0,1,0,0,-1.37213092008021,-1.37213092008021,          1287P   3399
1.37213092008022,1.37213092008022,-9.86864712120949,                1287P   3400
-9.86864712120949,-8.729,-8.729,1.,1.,1.,1.,-9.86864712120949,      1287P   3401
4.6,-1.37213092008021,-9.86864712120949,4.6,1.37213092008022,       1287P   3402
-8.729,4.6,-1.37213092008021,-8.729,4.6,1.37213092008022,           1287P   3403
-1.37213092008021,1.37213092008022,-9.86864712120949,-8.729;        1287P   3404
128,1,1,1,1,0,0,1,0,0,-1.001,-1.001,1.001,1.001,-11.481,-11.481,    1289P   3405
-9.479,-9.479,1.,1.,1.,1.,-11.481,5.6,-1.001,-11.481,5.6,1.001,     1289P   3406
-9.479,5.6,-1.001,-9.479,5.6,1.001,-1.001,1.001,-11.481,-9.479;     1289P   3407
128,1,1,1,1,0,0,1,0,0,-1.001,-1.001,1.26588682720917,               1291P   3408
1.26588682720917,-11.0933528787906,-11.0933528787906,               1291P   3409
-9.86664712120943,-9.86664712120943,1.,1.,1.,1.,                    1291P   3410
-11.0933528787906,4.6,1.26588682720917,-11.0933528787906,4.6,       1291P   3411
-1.001,-9.86664712120943,4.6,1.26588682720917,-9.86664712120943,    1291P   3412
4.6,-1.001,-1.001,1.26588682720917,-11.0933528787906,               1291P   3413
-9.86664712120943;                                                  1291P   3414
128,1,1,1,1,0,0,1,0,0,-1.37213092008021,-1.37213092008021,          1293P   3415
1.37213092008023,1.37213092008023,11.0913528787905,                 1293P   3416
11.0913528787905,12.231,12.231,1.,1.,1.,1.,-11.0913528787905,       1293P   3417
-4.6,-1.37213092008021,-11.0913528787905,-4.6,1.37213092008023,     1293P   3418
-12.231,-4.6,-1.37213092008021,-12.231,-4.6,1.37213092008023,       1293P   3419
-1.37213092008021,1.37213092008023,11.0913528787905,12.231;         1293P   3420
128,1,4,1,2,0,0,0,0,0,0.,0.,0.114285714285716,0.114285714285716,    1295P   3421
-2.47108027471288,-2.47108027471288,-2.47108027471288,              1295P   3422
-1.5707963267949,-1.5707963267949,-0.67051237887691,                1295P   3423
-0.67051237887691,-0.67051237887691,1.,1.,0.900385339499003,        1295P   3424
0.900385339499003,1.,1.,0.900385339499003,0.900385339499003,1.,     1295P   3425
1.,-11.5674281585466,-4.6,1.37113092008021,-11.5674281585466,       1295P   3426
-4.8,1.37113092008021,-12.23,-4.6,0.845652815178049,-12.23,-4.8,    1295P   3427
0.845652815178049,-12.23,-4.6,0.,-12.23,-4.8,0.,-12.23,-4.6,        1295P   3428
-0.845652815178049,-12.23,-4.8,-0.845652815178049,                  1295P   3429
-11.5674281585466,-4.6,-1.37113092008021,-11.5674281585466,-4.8,    1295P   3430
-1.37113092008021,0.,0.114285714285716,-2.47108027471288,           1295P   3431
-0.67051237887691;                                                  1295P   3432
128,1,4,1,2,0,0,0,0,0,0.,0.,0.114285714285716,0.114285714285716,    1297P   3433
0.670512378876911,0.670512378876911,0.670512378876911,              1297P   3434
1.5707963267949,1.5707963267949,2.47108027471288,                   1297P   3435
2.47108027471288,2.47108027471288,1.,1.,0.900385339499003,          1297P   3436
0.900385339499003,1.,1.,0.900385339499003,0.900385339499003,1.,     1297P   3437
1.,-9.39257184145343,-4.6,-1.37113092008021,-9.39257184145343,      1297P   3438
-4.8,-1.37113092008021,-8.73,-4.6,-0.845652815178048,-8.73,-4.8,    1297P   3439
-0.845652815178048,-8.73,-4.6,0.,-8.73,-4.8,0.,-8.73,-4.6,          1297P   3440
0.845652815178048,-8.73,-4.8,0.845652815178048,                     1297P   3441
-9.39257184145343,-4.6,1.37113092008021,-9.39257184145343,-4.8,     1297P   3442
1.37113092008021,0.,0.114285714285716,0.670512378876911,            1297P   3443
2.47108027471288;                                                   1297P   3444
128,1,1,1,1,0,0,1,0,0,-1.37213092008022,-1.37213092008022,          1299P   3445
1.37213092008022,1.37213092008022,8.729,8.729,9.8686471212095,      1299P   3446
9.8686471212095,1.,1.,1.,1.,-8.729,-4.6,-1.37213092008022,          1299P   3447
-8.729,-4.6,1.37213092008022,-9.8686471212095,-4.6,                 1299P   3448
-1.37213092008022,-9.8686471212095,-4.6,1.37213092008022,           1299P   3449
-1.37213092008022,1.37213092008022,8.729,9.8686471212095;           1299P   3450
128,1,1,1,1,0,0,1,0,0,-1.001,-1.001,1.001,1.001,9.479,9.479,        1301P   3451
11.481,11.481,1.,1.,1.,1.,-9.479,-5.6,-1.001,-9.479,-5.6,1.001,     1301P   3452
-11.481,-5.6,-1.001,-11.481,-5.6,1.001,-1.001,1.001,9.479,          1301P   3453
11.481;                                                             1301P   3454
128,1,1,1,1,0,0,1,0,0,-1.26588682720916,-1.26588682720916,1.001,    1303P   3455
1.001,9.86664712120944,9.86664712120944,11.0933528787906,           1303P   3456
11.0933528787906,1.,1.,1.,1.,-9.86664712120944,-4.6,1.001,          1303P   3457
-9.86664712120944,-4.6,-1.26588682720916,-11.0933528787906,-4.6,    1303P   3458
1.001,-11.0933528787906,-4.6,-1.26588682720916,                     1303P   3459
-1.26588682720916,1.001,9.86664712120944,11.0933528787906;          1303P   3460
502,26,-3.87481363096146D-16,-2.30000000000001,0.,0.,2.3,0.,        1305P   3461
-4.98,2.3,0.,-4.98,-2.3,0.,-4.98,-3.75,0.,-4.98,3.75,0.,-13.98,     1305P   3462
3.82,0.,-13.98,-3.82,0.,-14.48,4.12,0.,-14.48,-4.12,0.,-14.38,      1305P   3463
4.5,5.51091059616309D-16,-14.38,-4.5,0.,-14.48,-4.4,0.,-14.48,      1305P   3464
4.4,0.,-13.13,4.5,0.,-13.13,-4.5,0.,-12.98,4.3,0.,-12.98,-4.3,      1305P   3465
0.,-0.89,4.3,0.,-0.890000000000001,-4.30000000000001,0.,            1305P   3466
-0.890000000000001,-4.50000000000001,0.,-0.890000000000002,4.5,     1305P   3467
0.,-0.249999999999999,4.5,0.,-0.250000000000001,                    1305P   3468
-4.50000000000001,0.,6.59194920871187D-16,4.25,0.,                  1305P   3469
-7.1599817093853D-16,-4.25000000000001,0.;                          1305P   3470
502,182,-12.98,4.3,5.38844591624835D-16,-0.89,4.3,                  1307P   3471
5.26598123633362D-16,-0.89,4.5,5.51091059616309D-16,-13.13,4.5,     1307P   3472
5.51091059616309D-16,-9.76607765571305D-16,4.5,                     1307P   3473
5.5109105961631D-16,-0.25,4.5,5.51091059616309D-16,                 1307P   3474
7.1599817093853D-16,4.25,5.35782974626968D-16,-10.6885302400345,    1307P   3475
4.6,5.07793213930317D-13,-11.0923528787906,4.6,                     1307P   3476
0.790584563368722,-11.48,4.6,1.37113092008021,-11.48,-4.6,          1307P   3477
1.37113092008022,-11.0923528787905,-4.6,0.790584563368639,          1307P   3478
-10.6885302400344,-4.6,-5.04965702538911D-13,-11.0923528787906,     1307P   3479
-4.6,-0.790584563368725,-11.48,-4.6,-1.37113092008021,-11.48,       1307P   3480
4.6,-1.37113092008022,-11.0923528787905,4.6,-0.790584563368637,     1307P   3481
-10.2714697599655,4.6,-5.05024177796884D-13,-9.86764712120943,      1307P   3482
4.6,-0.790584563368718,-9.48,4.6,-1.37113092008021,-9.48,-4.6,      1307P   3483
-1.37113092008022,-9.8676471212095,-4.6,-0.790584563368637,         1307P   3484
-10.2714697599656,-4.6,5.05195288472647D-13,-9.86764712120944,      1307P   3485
-4.6,0.790584563368722,-9.48,-4.6,1.37113092008022,-9.48,4.6,       1307P   3486
1.37113092008022,-9.86764712120949,4.6,0.790584563368631,-10.48,    1307P   3487
-5.6,-1.,-10.48,-5.6,1.,-10.48,-4.6,1.,-10.48,5.6,1.,-10.48,5.6,    1307P   3488
-1.,-10.48,4.6,-1.,-14.38,-4.5,5.51091059616309D-16,-14.38,4.5,     1307P   3489
0.,-14.48,4.5,0.,-14.48,-4.5,0.,-14.48,-4.4,0.,-14.48,4.4,0.,       1307P   3490
-13.98,-3.82,0.,-13.98,3.82,0.,-14.48,4.12,0.,-14.48,-4.12,0.,      1307P   3491
-4.98,-3.75,0.,-4.98,3.75,0.,-11.75,-2.3,0.,-11.75,2.3,0.,-4.98,    1307P   3492
2.3,0.,-4.98,-2.3,0.,-5.6,-1.06531685427388,-0.0999999999999997,    1307P   3493
-5.6,-1.06531685427388,0.1,-11.75,-1.06531685427388,                1307P   3494
-0.0999999999999995,-11.75,-1.06531685427388,0.1,-5.5,              1307P   3495
-0.625000000000002,0.,-5.5,0.624999999999997,0.,-5.6,               1307P   3496
0.624999999999997,0.,-5.6,0.61694813396265,-0.0999999999999999,     1307P   3497
-11.75,0.616948133962651,-0.0999999999999999,-11.75,                1307P   3498
0.100000000000002,-0.616948133962651,-5.6,0.100000000000002,        1307P   3499
-0.616948133962651,-5.6,-0.099999999999998,-0.616948133962652,      1307P   3500
-11.75,-0.0999999999999985,-0.616948133962652,-11.75,               1307P   3501
-0.616948133962652,-0.0999999999999998,-5.6,-0.616948133962653,     1307P   3502
-0.0999999999999998,-5.6,-0.616948133962653,0.1,-11.75,             1307P   3503
-0.616948133962652,0.1,-11.75,-0.0999999999999985,                  1307P   3504
0.616948133962652,-5.6,-0.099999999999998,0.616948133962652,        1307P   3505
-5.6,0.100000000000002,0.616948133962651,-11.75,                    1307P   3506
0.100000000000002,0.616948133962651,-11.75,0.616948133962651,       1307P   3507
0.1,-5.6,0.61694813396265,0.1,-4.87499999999999,0.,0.,8.02,         1307P   3508
-1.05000000000001,0.,8.02,1.05,0.,9.82,1.05,                        1307P   3509
2.60208521396521D-17,12.1199999999985,0.0097503811252998,           1307P   3510
-1.04995472762794,12.1199999999985,0.00975038112496364,             1307P   3511
1.04995472762809,5.97,-2.16840434497101D-16,0.,6.68,                1307P   3512
-0.710000000000007,0.,6.68,0.710000000000001,0.,12.22,              1307P   3513
-4.44522890719057D-15,-0.710000000000004,12.22,                     1307P   3514
-4.44522890719057D-15,0.710000000000004,10.0876315199646,0.71,      1307P   3515
7.37257477290143D-17,5.32,-2.70000000000001,0.,5.32,2.7,0.,8.02,    1307P   3516
2.7,0.,8.02,-2.70000000000001,0.,1.82,6.35,4.75,1.82,6.35,7.95,     1307P   3517
3.82,6.35,7.95,3.82,6.35,4.75,1.82,6.35,-7.95,1.82,6.35,-4.75,      1307P   3518
3.82,6.35,-4.75,3.82,6.35,-7.95,1.82,-6.34999999999999,-7.95,       1307P   3519
1.82,-6.34999999999999,-4.75,3.82,-6.34999999999999,-4.75,3.82,     1307P   3520
-6.34999999999999,-7.95,1.82,-6.34999999999999,4.75,1.82,           1307P   3521
-6.34999999999999,7.95,3.82,-6.34999999999999,7.95,3.82,            1307P   3522
-6.34999999999999,4.75,3.82,-3.93000000000001,0.,3.82,3.93,0.,      1307P   3523
4.57,3.93,0.,4.57,-3.93000000000001,0.,5.32,3.18,0.,5.32,           1307P   3524
-3.18000000000001,0.,-2.68,-5.5,0.,-2.68000000000001,5.5,0.,        1307P   3525
1.82,5.5,0.,1.82,-5.50000000000001,0.,-14.48,-4.8,0.,-14.48,4.8,    1307P   3526
0.,-12.23,4.8,0.,-11.5674281585466,4.6,-1.37113092008021,           1307P   3527
-11.5674281585466,-4.6,-1.37113092008021,-11.5674281585466,-4.6,    1307P   3528
1.37113092008021,-11.5674281585466,4.6,1.37113092008021,            1307P   3529
-9.39257184145343,-4.6,1.37113092008021,-9.39257184145343,-4.6,     1307P   3530
-1.37113092008021,-9.39257184145343,4.6,-1.37113092008021,-8.73,    1307P   3531
4.8,6.93889390390723D-17,-2.68,4.8,0.,-2.68,-4.8,0.,                1307P   3532
-9.39257184145343,4.6,1.37113092008021,3.82,8.75,-6.5,3.82,8.75,    1307P   3533
6.5,3.82,6.5,8.75,3.82,-6.50000000000001,8.75,3.82,-8.75,6.5,       1307P   3534
3.82,-8.75,-6.5,3.82,-6.50000000000001,-8.75,3.82,6.5,-8.75,        1307P   3535
1.82,8.75,-6.5,1.82,8.75,6.5,1.82,6.5,-8.75,1.82,                   1307P   3536
-6.50000000000001,-8.75,1.82,-8.75,-6.5,1.82,-8.75,6.5,1.82,        1307P   3537
-6.50000000000001,8.75,1.82,6.5,8.75,12.22,                         1307P   3538
-4.44522890719057D-15,0.950000000000004,12.22,                      1307P   3539
-4.44522890719057D-15,-0.950000000000004,-12.,0.100000000000002,    1307P   3540
0.869266932535682,-12.,0.869266932535682,0.1,-12.,                  1307P   3541
0.100000000000002,0.964831591522583,-12.,0.964831591522583,0.1,     1307P   3542
-12.,0.869266932535682,-0.1,-12.,0.100000000000002,                 1307P   3543
-0.869266932535682,-12.,0.964831591522583,-0.1,-12.,                1307P   3544
0.100000000000002,-0.964831591522583,-12.,-0.099999999999998,       1307P   3545
-0.869266932535682,-12.,-0.869266932535682,-0.0999999999999997,     1307P   3546
-12.,-0.099999999999998,-0.964831591522584,-12.,                    1307P   3547
-0.964831591522584,-0.0999999999999997,-12.,-0.099999999999998,     1307P   3548
0.869266932535682,-12.,-0.869266932535682,0.1,-12.,                 1307P   3549
-0.964831591522584,0.1,-12.,-0.099999999999998,                     1307P   3550
0.964831591522584,-5.6,-0.099999999999998,1.06531685427388,-5.6,    1307P   3551
0.100000000000001,1.06531685427388,-11.75,0.100000000000001,        1307P   3552
1.06531685427388,-11.9,0.100000000000002,1.06531685427388,-11.9,    1307P   3553
1.06531685427388,0.1,-11.75,1.06531685427388,0.1,-5.6,              1307P   3554
1.06531685427388,0.1,-5.6,1.06531685427388,-0.1,-11.75,             1307P   3555
1.06531685427388,-0.0999999999999999,-11.9,1.06531685427388,        1307P   3556
-0.1,-11.9,0.100000000000002,-1.06531685427388,-11.75,              1307P   3557
0.100000000000001,-1.06531685427388,-5.6,0.100000000000002,         1307P   3558
-1.06531685427388,-5.6,-0.0999999999999995,-1.06531685427388,       1307P   3559
-11.75,-0.0999999999999988,-1.06531685427388,-11.9,                 1307P   3560
-0.099999999999998,-1.06531685427388,-11.9,-1.06531685427388,       1307P   3561
-0.0999999999999997,-11.9,-1.06531685427388,0.1,-11.9,              1307P   3562
-0.099999999999998,1.06531685427388,-11.75,-0.0999999999999988,     1307P   3563
1.06531685427388;                                                   1307P   3564
504,35,487,1305,1,1305,2,489,1305,2,1305,1,491,1305,2,1305,3,       1309P   3565
493,1305,3,1305,4,495,1305,4,1305,3,497,1305,5,1305,6,499,1305,     1309P   3566
6,1305,5,501,1305,6,1305,7,503,1305,7,1305,8,505,1305,8,1305,7,     1309P   3567
507,1305,7,1305,9,509,1305,9,1305,10,511,1305,10,1305,9,513,        1309P   3568
1305,11,1305,12,515,1305,12,1305,13,517,1305,14,1305,13,519,        1309P   3569
1305,13,1305,14,521,1305,12,1305,11,523,1305,11,1305,15,525,        1309P   3570
1305,15,1305,16,527,1305,16,1305,15,529,1305,15,1305,17,531,        1309P   3571
1305,17,1305,18,533,1305,18,1305,17,535,1305,17,1305,19,537,        1309P   3572
1305,19,1305,20,539,1305,20,1305,19,541,1305,21,1305,22,543,        1309P   3573
1305,22,1305,21,545,1305,22,1305,23,547,1305,23,1305,24,549,        1309P   3574
1305,24,1305,23,551,1305,23,1305,25,553,1305,25,1305,26,555,        1309P   3575
1305,26,1305,25;                                                    1309P   3576
504,267,557,1307,1,1307,1,559,1307,1,1307,2,561,1307,2,1307,2,      1311P   3577
563,1307,3,1307,3,565,1307,3,1307,4,567,1307,4,1307,4,569,1307,     1311P   3578
4,1307,1,571,1307,5,1307,5,573,1307,5,1307,6,575,1307,6,1307,6,     1311P   3579
577,1307,6,1307,7,579,1307,7,1307,7,581,1307,8,1307,9,583,1307,     1311P   3580
9,1307,10,585,1307,11,1307,10,587,1307,11,1307,12,589,1307,12,      1311P   3581
1307,13,591,1307,13,1307,14,593,1307,14,1307,15,595,1307,16,        1311P   3582
1307,15,597,1307,16,1307,17,599,1307,17,1307,8,601,1307,8,1307,     1311P   3583
18,603,1307,18,1307,19,605,1307,19,1307,20,607,1307,20,1307,21,     1311P   3584
609,1307,21,1307,22,611,1307,22,1307,23,613,1307,23,1307,24,615,    1311P   3585
1307,24,1307,25,617,1307,25,1307,26,619,1307,26,1307,27,621,        1311P   3586
1307,27,1307,18,623,1307,28,1307,29,625,1307,29,1307,30,627,        1311P   3587
1307,30,1307,12,629,1307,12,1307,14,631,1307,14,1307,22,633,        1311P   3588
1307,22,1307,24,635,1307,24,1307,30,637,1307,29,1307,28,639,        1311P   3589
1307,31,1307,32,641,1307,32,1307,31,643,1307,32,1307,33,645,        1311P   3590
1307,17,1307,33,647,1307,9,1307,17,649,1307,27,1307,9,651,1307,     1311P   3591
27,1307,19,653,1307,33,1307,19,655,1307,34,1307,35,657,1307,35,     1311P   3592
1307,34,659,1307,35,1307,36,661,1307,36,1307,37,663,1307,37,        1311P   3593
1307,36,665,1307,34,1307,38,667,1307,39,1307,38,669,1307,38,        1311P   3594
1307,39,671,1307,40,1307,41,673,1307,41,1307,40,675,1307,41,        1311P   3595
1307,42,677,1307,42,1307,43,679,1307,43,1307,42,681,1307,44,        1311P   3596
1307,45,683,1307,45,1307,44,685,1307,45,1307,41,687,1307,46,        1311P   3597
1307,47,689,1307,47,1307,46,691,1307,47,1307,48,693,1307,48,        1311P   3598
1307,49,695,1307,49,1307,48,697,1307,50,1307,51,699,1307,50,        1311P   3599
1307,52,701,1307,52,1307,53,703,1307,51,1307,53,705,1307,54,        1311P   3600
1307,55,707,1307,55,1307,54,709,1307,55,1307,56,711,1307,57,        1311P   3601
1307,56,713,1307,58,1307,57,715,1307,58,1307,59,717,1307,59,        1311P   3602
1307,60,719,1307,61,1307,60,721,1307,62,1307,61,723,1307,62,        1311P   3603
1307,63,725,1307,64,1307,63,727,1307,65,1307,64,729,1307,65,        1311P   3604
1307,66,731,1307,66,1307,67,733,1307,68,1307,67,735,1307,69,        1311P   3605
1307,68,737,1307,69,1307,70,739,1307,70,1307,71,741,1307,71,        1311P   3606
1307,72,743,1307,56,1307,72,745,1307,73,1307,55,747,1307,74,        1311P   3607
1307,75,749,1307,75,1307,74,751,1307,75,1307,76,753,1307,77,        1311P   3608
1307,76,755,1307,77,1307,78,757,1307,76,1307,78,759,1307,79,        1311P   3609
1307,80,761,1307,81,1307,80,763,1307,80,1307,81,765,1307,82,        1311P   3610
1307,83,767,1307,84,1307,82,769,1307,84,1307,81,771,1307,83,        1311P   3611
1307,84,773,1307,85,1307,86,775,1307,86,1307,85,777,1307,86,        1311P   3612
1307,87,779,1307,87,1307,88,781,1307,88,1307,87,783,1307,89,        1311P   3613
1307,90,785,1307,90,1307,89,787,1307,90,1307,91,789,1307,91,        1311P   3614
1307,92,791,1307,92,1307,91,793,1307,93,1307,94,795,1307,94,        1311P   3615
1307,93,797,1307,94,1307,95,799,1307,95,1307,96,801,1307,96,        1311P   3616
1307,95,803,1307,97,1307,98,805,1307,98,1307,97,807,1307,98,        1311P   3617
1307,99,809,1307,99,1307,100,811,1307,100,1307,99,813,1307,101,     1311P   3618
1307,102,815,1307,102,1307,101,817,1307,102,1307,103,819,1307,      1311P   3619
103,1307,104,821,1307,104,1307,103,823,1307,105,1307,106,825,       1311P   3620
1307,106,1307,105,827,1307,106,1307,107,829,1307,107,1307,108,      1311P   3621
831,1307,108,1307,107,833,1307,107,1307,109,835,1307,109,1307,      1311P   3622
110,837,1307,110,1307,109,839,1307,111,1307,112,841,1307,112,       1311P   3623
1307,111,843,1307,112,1307,113,845,1307,114,1307,113,847,1307,      1311P   3624
113,1307,114,849,1307,115,1307,116,851,1307,116,1307,115,853,       1311P   3625
1307,116,1307,117,855,1307,118,1307,117,857,1307,118,1307,16,       1311P   3626
859,1307,15,1307,119,861,1307,119,1307,120,863,1307,120,1307,11,    1311P   3627
865,1307,10,1307,121,867,1307,117,1307,121,869,1307,122,1307,       1311P   3628
123,871,1307,123,1307,21,873,1307,20,1307,124,875,1307,125,1307,    1311P   3629
124,877,1307,125,1307,126,879,1307,126,1307,127,881,1307,127,       1311P   3630
1307,126,883,1307,128,1307,125,885,1307,128,1307,26,887,1307,25,    1311P   3631
1307,122,889,1307,129,1307,130,891,1307,130,1307,131,893,1307,      1311P   3632
132,1307,131,895,1307,132,1307,133,897,1307,134,1307,133,899,       1311P   3633
1307,134,1307,135,901,1307,135,1307,136,903,1307,136,1307,129,      1311P   3634
905,1307,137,1307,129,907,1307,137,1307,138,909,1307,138,1307,      1311P   3635
130,911,1307,139,1307,136,913,1307,139,1307,137,915,1307,140,       1311P   3636
1307,135,917,1307,140,1307,139,919,1307,141,1307,134,921,1307,      1311P   3637
141,1307,140,923,1307,142,1307,133,925,1307,141,1307,142,927,       1311P   3638
1307,143,1307,132,929,1307,143,1307,142,931,1307,144,1307,131,      1311P   3639
933,1307,143,1307,144,935,1307,138,1307,144,937,1307,83,1307,       1311P   3640
145,939,1307,145,1307,146,941,1307,146,1307,82,943,1307,78,1307,    1311P   3641
145,945,1307,146,1307,77,947,1307,147,1307,148,949,1307,148,        1311P   3642
1307,71,951,1307,70,1307,147,953,1307,149,1307,147,955,1307,149,    1311P   3643
1307,150,957,1307,148,1307,150,959,1307,151,1307,152,961,1307,      1311P   3644
152,1307,59,963,1307,151,1307,58,965,1307,151,1307,153,967,1307,    1311P   3645
153,1307,154,969,1307,152,1307,154,971,1307,155,1307,62,973,        1311P   3646
1307,155,1307,156,975,1307,63,1307,156,977,1307,155,1307,157,       1311P   3647
979,1307,157,1307,158,981,1307,158,1307,156,983,1307,67,1307,       1311P   3648
159,985,1307,66,1307,160,987,1307,160,1307,159,989,1307,161,        1311P   3649
1307,160,991,1307,161,1307,162,993,1307,162,1307,159,995,1307,      1311P   3650
163,1307,68,997,1307,163,1307,164,999,1307,164,1307,69,1001,        1311P   3651
1307,165,1307,166,1003,1307,166,1307,149,1005,1307,164,1307,165,    1311P   3652
1007,1307,167,1307,166,1009,1307,150,1307,167,1011,1307,168,        1311P   3653
1307,167,1013,1307,169,1307,168,1015,1307,72,1307,169,1017,1307,    1311P   3654
169,1307,170,1019,1307,57,1307,170,1021,1307,171,1307,172,1023,     1311P   3655
1307,172,1307,153,1025,1307,170,1307,171,1027,1307,173,1307,172,    1311P   3656
1029,1307,154,1307,173,1031,1307,174,1307,173,1033,1307,175,        1311P   3657
1307,174,1035,1307,60,1307,175,1037,1307,175,1307,176,1039,1307,    1311P   3658
61,1307,176,1041,1307,177,1307,178,1043,1307,178,1307,157,1045,     1311P   3659
1307,176,1307,177,1047,1307,179,1307,178,1049,1307,158,1307,179,    1311P   3660
1051,1307,52,1307,179,1053,1307,50,1307,64,1055,1307,51,1307,65,    1311P   3661
1057,1307,53,1307,180,1059,1307,180,1307,161,1061,1307,181,1307,    1311P   3662
180,1063,1307,162,1307,181,1065,1307,182,1307,181,1067,1307,163,    1311P   3663
1307,182,1069,1307,182,1307,165,1071,1307,165,1307,168,1073,        1311P   3664
1307,168,1307,171,1075,1307,171,1307,174,1077,1307,174,1307,177,    1311P   3665
1079,1307,177,1307,52,1081,1307,53,1307,182,1083,1307,118,1307,     1311P   3666
121,1085,1307,128,1307,124,1087,1307,119,1307,120,1089,1307,122,    1311P   3667
1307,123;                                                           1311P   3668
406,1,5HBody1;                                                      1313P   3669
406,1,5HBody2;                                                      1315P   3670
314,79.2156862745098,81.9607843137255,93.3333333333333,19HOpaque    1317P   3671
(202,209,238);                                                      1317P   3672
314,64.7058823529412,61.9607843137255,58.8235294117647,19HOpaque    1319P   3673
(165,158,150);                                                      1319P   3674
314,100.,100.,100.,19HOpaque(255,255,255);                          1321P   3675
314,100.,81.1764705882353,50.1960784313725,19HOpaque(255,207,128    1323P   3676
);                                                                  1323P   3677
314,62.7450980392157,62.7450980392157,62.7450980392157,13HSteel     1325P   3678
- Satin;                                                            1325P   3679
S      1G      3D   1326P   3679                                        T      1
