ISO-10303-21;
HEADER;
FILE_DESCRIPTION(('FreeCAD Model'),'2;1');
FILE_NAME('Open CASCADE Shape Model','2024-07-20T19:54:01',(''),(''),
  'Open CASCADE STEP processor 7.6','FreeCAD','Unknown');
FILE_SCHEMA((
'AP242_MANAGED_MODEL_BASED_3D_ENGINEERING_MIM_LF. {1 0 10303 442 1 1 4 
}'));
ENDSEC;
DATA;
#1 = APPLICATION_PROTOCOL_DEFINITION('international standard',
  'ap242_managed_model_based_3d_engineering',2013,#2);
#2 = APPLICATION_CONTEXT('Managed model based 3d engineering');
#3 = SHAPE_DEFINITION_REPRESENTATION(#4,#10);
#4 = PRODUCT_DEFINITION_SHAPE('','',#5);
#5 = PRODUCT_DEFINITION('design','',#6,#9);
#6 = PRODUCT_DEFINITION_FORMATION('','',#7);
#7 = PRODUCT('GX12_6_Jack','GX12_6_Jack','',(#8));
#8 = PRODUCT_CONTEXT('',#2,'mechanical');
#9 = PRODUCT_DEFINITION_CONTEXT('part definition',#2,'design');
#10 = SHAPE_REPRESENTATION('',(#11,#15,#19,#23,#27,#31,#35),#39);
#11 = AXIS2_PLACEMENT_3D('',#12,#13,#14);
#12 = CARTESIAN_POINT('',(0.,0.,0.));
#13 = DIRECTION('',(0.,0.,1.));
#14 = DIRECTION('',(1.,0.,-0.));
#15 = AXIS2_PLACEMENT_3D('',#16,#17,#18);
#16 = CARTESIAN_POINT('',(0.,0.,0.));
#17 = DIRECTION('',(0.,0.,1.));
#18 = DIRECTION('',(1.,0.,0.));
#19 = AXIS2_PLACEMENT_3D('',#20,#21,#22);
#20 = CARTESIAN_POINT('',(3.,0.,0.));
#21 = DIRECTION('',(0.,0.,1.));
#22 = DIRECTION('',(1.,0.,0.));
#23 = AXIS2_PLACEMENT_3D('',#24,#25,#26);
#24 = CARTESIAN_POINT('',(0.,0.,0.));
#25 = DIRECTION('',(0.,0.,1.));
#26 = DIRECTION('',(1.,0.,0.));
#27 = AXIS2_PLACEMENT_3D('',#28,#29,#30);
#28 = CARTESIAN_POINT('',(0.,0.,0.));
#29 = DIRECTION('',(0.,0.,1.));
#30 = DIRECTION('',(1.,0.,0.));
#31 = AXIS2_PLACEMENT_3D('',#32,#33,#34);
#32 = CARTESIAN_POINT('',(0.,0.,0.));
#33 = DIRECTION('',(0.,0.,1.));
#34 = DIRECTION('',(1.,0.,0.));
#35 = AXIS2_PLACEMENT_3D('',#36,#37,#38);
#36 = CARTESIAN_POINT('',(0.,0.,0.));
#37 = DIRECTION('',(0.,0.,1.));
#38 = DIRECTION('',(1.,0.,0.));
#39 = ( GEOMETRIC_REPRESENTATION_CONTEXT(3) 
GLOBAL_UNCERTAINTY_ASSIGNED_CONTEXT((#43)) GLOBAL_UNIT_ASSIGNED_CONTEXT(
(#40,#41,#42)) REPRESENTATION_CONTEXT('Context #1',
  '3D Context with UNIT and UNCERTAINTY') );
#40 = ( LENGTH_UNIT() NAMED_UNIT(*) SI_UNIT(.MILLI.,.METRE.) );
#41 = ( NAMED_UNIT(*) PLANE_ANGLE_UNIT() SI_UNIT($,.RADIAN.) );
#42 = ( NAMED_UNIT(*) SI_UNIT($,.STERADIAN.) SOLID_ANGLE_UNIT() );
#43 = UNCERTAINTY_MEASURE_WITH_UNIT(LENGTH_MEASURE(1.E-07),#40,
  'distance_accuracy_value','confusion accuracy');
#44 = PRODUCT_RELATED_PRODUCT_CATEGORY('part',$,(#7));
#45 = SHAPE_DEFINITION_REPRESENTATION(#46,#52);
#46 = PRODUCT_DEFINITION_SHAPE('','',#47);
#47 = PRODUCT_DEFINITION('design','',#48,#51);
#48 = PRODUCT_DEFINITION_FORMATION('','',#49);
#49 = PRODUCT('Body','Body','',(#50));
#50 = PRODUCT_CONTEXT('',#2,'mechanical');
#51 = PRODUCT_DEFINITION_CONTEXT('part definition',#2,'design');
#52 = ADVANCED_BREP_SHAPE_REPRESENTATION('',(#11,#53),#2715);
#53 = MANIFOLD_SOLID_BREP('',#54);
#54 = CLOSED_SHELL('',(#55,#249,#284,#402,#488,#523,#551,#691,#750,#926,
    #1004,#1036,#1091,#1198,#1311,#1361,#1442,#1447,#1482,#1532,#1560,
    #1588,#1723,#1836,#1895,#1982,#2074,#2129,#2184,#2291,#2379,#2462,
    #2490,#2545,#2600,#2628,#2656,#2686));
#55 = ADVANCED_FACE('',(#56),#71,.F.);
#56 = FACE_BOUND('',#57,.F.);
#57 = EDGE_LOOP('',(#58,#94,#123,#147,#170,#197,#198,#227));
#58 = ORIENTED_EDGE('',*,*,#59,.F.);
#59 = EDGE_CURVE('',#60,#62,#64,.T.);
#60 = VERTEX_POINT('',#61);
#61 = CARTESIAN_POINT('',(-6.15,-4.623670212766,0.494139417149));
#62 = VERTEX_POINT('',#63);
#63 = CARTESIAN_POINT('',(-6.15,-4.623670212766,-0.494139417149));
#64 = SURFACE_CURVE('',#65,(#70,#82),.PCURVE_S1.);
#65 = CIRCLE('',#66,4.65);
#66 = AXIS2_PLACEMENT_3D('',#67,#68,#69);
#67 = CARTESIAN_POINT('',(-6.15,0.,0.));
#68 = DIRECTION('',(1.,0.,0.));
#69 = DIRECTION('',(0.,1.,0.));
#70 = PCURVE('',#71,#76);
#71 = CONICAL_SURFACE('',#72,4.65,0.785398163397);
#72 = AXIS2_PLACEMENT_3D('',#73,#74,#75);
#73 = CARTESIAN_POINT('',(-6.15,0.,0.));
#74 = DIRECTION('',(-1.,-0.,-0.));
#75 = DIRECTION('',(0.,1.,0.));
#76 = DEFINITIONAL_REPRESENTATION('',(#77),#81);
#77 = LINE('',#78,#79);
#78 = CARTESIAN_POINT('',(-0.,-0.));
#79 = VECTOR('',#80,1.);
#80 = DIRECTION('',(-1.,-0.));
#81 = ( GEOMETRIC_REPRESENTATION_CONTEXT(2) 
PARAMETRIC_REPRESENTATION_CONTEXT() REPRESENTATION_CONTEXT('2D SPACE',''
  ) );
#82 = PCURVE('',#83,#88);
#83 = PLANE('',#84);
#84 = AXIS2_PLACEMENT_3D('',#85,#86,#87);
#85 = CARTESIAN_POINT('',(-6.15,-4.440192378865,0.));
#86 = DIRECTION('',(1.,0.,0.));
#87 = DIRECTION('',(0.,0.,1.));
#88 = DEFINITIONAL_REPRESENTATION('',(#89),#93);
#89 = CIRCLE('',#90,4.65);
#90 = AXIS2_PLACEMENT_2D('',#91,#92);
#91 = CARTESIAN_POINT('',(0.,-4.440192378865));
#92 = DIRECTION('',(0.,-1.));
#93 = ( GEOMETRIC_REPRESENTATION_CONTEXT(2) 
PARAMETRIC_REPRESENTATION_CONTEXT() REPRESENTATION_CONTEXT('2D SPACE',''
  ) );
#94 = ORIENTED_EDGE('',*,*,#95,.F.);
#95 = EDGE_CURVE('',#96,#60,#98,.T.);
#96 = VERTEX_POINT('',#97);
#97 = CARTESIAN_POINT('',(-6.15,-4.590425531915,0.741952448573));
#98 = SURFACE_CURVE('',#99,(#104,#111),.PCURVE_S1.);
#99 = CIRCLE('',#100,4.65);
#100 = AXIS2_PLACEMENT_3D('',#101,#102,#103);
#101 = CARTESIAN_POINT('',(-6.15,0.,0.));
#102 = DIRECTION('',(1.,0.,0.));
#103 = DIRECTION('',(-0.,1.,0.));
#104 = PCURVE('',#71,#105);
#105 = DEFINITIONAL_REPRESENTATION('',(#106),#110);
#106 = LINE('',#107,#108);
#107 = CARTESIAN_POINT('',(-0.,-0.));
#108 = VECTOR('',#109,1.);
#109 = DIRECTION('',(-1.,-0.));
#110 = ( GEOMETRIC_REPRESENTATION_CONTEXT(2) 
PARAMETRIC_REPRESENTATION_CONTEXT() REPRESENTATION_CONTEXT('2D SPACE',''
  ) );
#111 = PCURVE('',#112,#117);
#112 = CYLINDRICAL_SURFACE('',#113,4.65);
#113 = AXIS2_PLACEMENT_3D('',#114,#115,#116);
#114 = CARTESIAN_POINT('',(3.6,0.,0.));
#115 = DIRECTION('',(-1.,-0.,-0.));
#116 = DIRECTION('',(0.,1.,0.));
#117 = DEFINITIONAL_REPRESENTATION('',(#118),#122);
#118 = LINE('',#119,#120);
#119 = CARTESIAN_POINT('',(-0.,9.75));
#120 = VECTOR('',#121,1.);
#121 = DIRECTION('',(-1.,0.));
#122 = ( GEOMETRIC_REPRESENTATION_CONTEXT(2) 
PARAMETRIC_REPRESENTATION_CONTEXT() REPRESENTATION_CONTEXT('2D SPACE',''
  ) );
#123 = ORIENTED_EDGE('',*,*,#124,.F.);
#124 = EDGE_CURVE('',#125,#96,#127,.T.);
#125 = VERTEX_POINT('',#126);
#126 = CARTESIAN_POINT('',(-6.15,4.65,0.));
#127 = SURFACE_CURVE('',#128,(#133,#140),.PCURVE_S1.);
#128 = CIRCLE('',#129,4.65);
#129 = AXIS2_PLACEMENT_3D('',#130,#131,#132);
#130 = CARTESIAN_POINT('',(-6.15,0.,0.));
#131 = DIRECTION('',(1.,0.,0.));
#132 = DIRECTION('',(0.,1.,0.));
#133 = PCURVE('',#71,#134);
#134 = DEFINITIONAL_REPRESENTATION('',(#135),#139);
#135 = LINE('',#136,#137);
#136 = CARTESIAN_POINT('',(-0.,-0.));
#137 = VECTOR('',#138,1.);
#138 = DIRECTION('',(-1.,-0.));
#139 = ( GEOMETRIC_REPRESENTATION_CONTEXT(2) 
PARAMETRIC_REPRESENTATION_CONTEXT() REPRESENTATION_CONTEXT('2D SPACE',''
  ) );
#140 = PCURVE('',#112,#141);
#141 = DEFINITIONAL_REPRESENTATION('',(#142),#146);
#142 = LINE('',#143,#144);
#143 = CARTESIAN_POINT('',(-0.,9.75));
#144 = VECTOR('',#145,1.);
#145 = DIRECTION('',(-1.,0.));
#146 = ( GEOMETRIC_REPRESENTATION_CONTEXT(2) 
PARAMETRIC_REPRESENTATION_CONTEXT() REPRESENTATION_CONTEXT('2D SPACE',''
  ) );
#147 = ORIENTED_EDGE('',*,*,#148,.F.);
#148 = EDGE_CURVE('',#149,#125,#151,.T.);
#149 = VERTEX_POINT('',#150);
#150 = CARTESIAN_POINT('',(-6.5,5.,0.));
#151 = SEAM_CURVE('',#152,(#156,#163),.PCURVE_S1.);
#152 = LINE('',#153,#154);
#153 = CARTESIAN_POINT('',(-6.15,4.65,0.));
#154 = VECTOR('',#155,1.);
#155 = DIRECTION('',(0.707106781187,-0.707106781187,0.));
#156 = PCURVE('',#71,#157);
#157 = DEFINITIONAL_REPRESENTATION('',(#158),#162);
#158 = LINE('',#159,#160);
#159 = CARTESIAN_POINT('',(-0.,-0.));
#160 = VECTOR('',#161,1.);
#161 = DIRECTION('',(-0.,-1.));
#162 = ( GEOMETRIC_REPRESENTATION_CONTEXT(2) 
PARAMETRIC_REPRESENTATION_CONTEXT() REPRESENTATION_CONTEXT('2D SPACE',''
  ) );
#163 = PCURVE('',#71,#164);
#164 = DEFINITIONAL_REPRESENTATION('',(#165),#169);
#165 = LINE('',#166,#167);
#166 = CARTESIAN_POINT('',(-6.28318530718,-0.));
#167 = VECTOR('',#168,1.);
#168 = DIRECTION('',(-0.,-1.));
#169 = ( GEOMETRIC_REPRESENTATION_CONTEXT(2) 
PARAMETRIC_REPRESENTATION_CONTEXT() REPRESENTATION_CONTEXT('2D SPACE',''
  ) );
#170 = ORIENTED_EDGE('',*,*,#171,.T.);
#171 = EDGE_CURVE('',#149,#149,#172,.T.);
#172 = SURFACE_CURVE('',#173,(#178,#185),.PCURVE_S1.);
#173 = CIRCLE('',#174,5.);
#174 = AXIS2_PLACEMENT_3D('',#175,#176,#177);
#175 = CARTESIAN_POINT('',(-6.5,0.,0.));
#176 = DIRECTION('',(1.,0.,0.));
#177 = DIRECTION('',(0.,1.,0.));
#178 = PCURVE('',#71,#179);
#179 = DEFINITIONAL_REPRESENTATION('',(#180),#184);
#180 = LINE('',#181,#182);
#181 = CARTESIAN_POINT('',(0.,0.35));
#182 = VECTOR('',#183,1.);
#183 = DIRECTION('',(-1.,-0.));
#184 = ( GEOMETRIC_REPRESENTATION_CONTEXT(2) 
PARAMETRIC_REPRESENTATION_CONTEXT() REPRESENTATION_CONTEXT('2D SPACE',''
  ) );
#185 = PCURVE('',#186,#191);
#186 = PLANE('',#187);
#187 = AXIS2_PLACEMENT_3D('',#188,#189,#190);
#188 = CARTESIAN_POINT('',(-6.5,0.,0.));
#189 = DIRECTION('',(1.,0.,0.));
#190 = DIRECTION('',(0.,1.,0.));
#191 = DEFINITIONAL_REPRESENTATION('',(#192),#196);
#192 = CIRCLE('',#193,5.);
#193 = AXIS2_PLACEMENT_2D('',#194,#195);
#194 = CARTESIAN_POINT('',(0.,0.));
#195 = DIRECTION('',(1.,-0.));
#196 = ( GEOMETRIC_REPRESENTATION_CONTEXT(2) 
PARAMETRIC_REPRESENTATION_CONTEXT() REPRESENTATION_CONTEXT('2D SPACE',''
  ) );
#197 = ORIENTED_EDGE('',*,*,#148,.T.);
#198 = ORIENTED_EDGE('',*,*,#199,.F.);
#199 = EDGE_CURVE('',#200,#125,#202,.T.);
#200 = VERTEX_POINT('',#201);
#201 = CARTESIAN_POINT('',(-6.15,-4.590425531915,-0.741952448573));
#202 = SURFACE_CURVE('',#203,(#208,#215),.PCURVE_S1.);
#203 = CIRCLE('',#204,4.65);
#204 = AXIS2_PLACEMENT_3D('',#205,#206,#207);
#205 = CARTESIAN_POINT('',(-6.15,0.,0.));
#206 = DIRECTION('',(1.,0.,0.));
#207 = DIRECTION('',(0.,1.,0.));
#208 = PCURVE('',#71,#209);
#209 = DEFINITIONAL_REPRESENTATION('',(#210),#214);
#210 = LINE('',#211,#212);
#211 = CARTESIAN_POINT('',(-0.,-0.));
#212 = VECTOR('',#213,1.);
#213 = DIRECTION('',(-1.,-0.));
#214 = ( GEOMETRIC_REPRESENTATION_CONTEXT(2) 
PARAMETRIC_REPRESENTATION_CONTEXT() REPRESENTATION_CONTEXT('2D SPACE',''
  ) );
#215 = PCURVE('',#216,#221);
#216 = CYLINDRICAL_SURFACE('',#217,4.65);
#217 = AXIS2_PLACEMENT_3D('',#218,#219,#220);
#218 = CARTESIAN_POINT('',(3.6,0.,0.));
#219 = DIRECTION('',(-1.,-0.,-0.));
#220 = DIRECTION('',(0.,1.,0.));
#221 = DEFINITIONAL_REPRESENTATION('',(#222),#226);
#222 = LINE('',#223,#224);
#223 = CARTESIAN_POINT('',(-0.,9.75));
#224 = VECTOR('',#225,1.);
#225 = DIRECTION('',(-1.,0.));
#226 = ( GEOMETRIC_REPRESENTATION_CONTEXT(2) 
PARAMETRIC_REPRESENTATION_CONTEXT() REPRESENTATION_CONTEXT('2D SPACE',''
  ) );
#227 = ORIENTED_EDGE('',*,*,#228,.F.);
#228 = EDGE_CURVE('',#62,#200,#229,.T.);
#229 = SURFACE_CURVE('',#230,(#235,#242),.PCURVE_S1.);
#230 = CIRCLE('',#231,4.65);
#231 = AXIS2_PLACEMENT_3D('',#232,#233,#234);
#232 = CARTESIAN_POINT('',(-6.15,0.,0.));
#233 = DIRECTION('',(1.,0.,0.));
#234 = DIRECTION('',(-0.,1.,0.));
#235 = PCURVE('',#71,#236);
#236 = DEFINITIONAL_REPRESENTATION('',(#237),#241);
#237 = LINE('',#238,#239);
#238 = CARTESIAN_POINT('',(-0.,-0.));
#239 = VECTOR('',#240,1.);
#240 = DIRECTION('',(-1.,-0.));
#241 = ( GEOMETRIC_REPRESENTATION_CONTEXT(2) 
PARAMETRIC_REPRESENTATION_CONTEXT() REPRESENTATION_CONTEXT('2D SPACE',''
  ) );
#242 = PCURVE('',#216,#243);
#243 = DEFINITIONAL_REPRESENTATION('',(#244),#248);
#244 = LINE('',#245,#246);
#245 = CARTESIAN_POINT('',(-0.,9.75));
#246 = VECTOR('',#247,1.);
#247 = DIRECTION('',(-1.,0.));
#248 = ( GEOMETRIC_REPRESENTATION_CONTEXT(2) 
PARAMETRIC_REPRESENTATION_CONTEXT() REPRESENTATION_CONTEXT('2D SPACE',''
  ) );
#249 = ADVANCED_FACE('',(#250),#83,.F.);
#250 = FACE_BOUND('',#251,.F.);
#251 = EDGE_LOOP('',(#252,#253));
#252 = ORIENTED_EDGE('',*,*,#59,.T.);
#253 = ORIENTED_EDGE('',*,*,#254,.F.);
#254 = EDGE_CURVE('',#60,#62,#255,.T.);
#255 = SURFACE_CURVE('',#256,(#261,#272),.PCURVE_S1.);
#256 = CIRCLE('',#257,0.5);
#257 = AXIS2_PLACEMENT_3D('',#258,#259,#260);
#258 = CARTESIAN_POINT('',(-6.15,-4.7,0.));
#259 = DIRECTION('',(-1.,0.,0.));
#260 = DIRECTION('',(0.,0.14609929078,0.989269931431));
#261 = PCURVE('',#83,#262);
#262 = DEFINITIONAL_REPRESENTATION('',(#263),#271);
#263 = ( BOUNDED_CURVE() B_SPLINE_CURVE(2,(#264,#265,#266,#267,#268,#269
,#270),.UNSPECIFIED.,.T.,.F.) B_SPLINE_CURVE_WITH_KNOTS((1,2,2,2,2,1),(
    -2.094395102393,0.,2.094395102393,4.188790204786,6.28318530718,
8.377580409573),.UNSPECIFIED.) CURVE() GEOMETRIC_REPRESENTATION_ITEM() 
RATIONAL_B_SPLINE_CURVE((1.,0.5,1.,0.5,1.,0.5,1.)) REPRESENTATION_ITEM(
  '') );
#264 = CARTESIAN_POINT('',(0.494634965716,0.186757975745));
#265 = CARTESIAN_POINT('',(0.368109268425,-0.669974916074));
#266 = CARTESIAN_POINT('',(-0.310580331503,-0.132034002079));
#267 = CARTESIAN_POINT('',(-0.989269931431,0.405906911915));
#268 = CARTESIAN_POINT('',(-0.184054634213,0.72469888974));
#269 = CARTESIAN_POINT('',(0.621160663006,1.043490867565));
#270 = CARTESIAN_POINT('',(0.494634965716,0.186757975745));
#271 = ( GEOMETRIC_REPRESENTATION_CONTEXT(2) 
PARAMETRIC_REPRESENTATION_CONTEXT() REPRESENTATION_CONTEXT('2D SPACE',''
  ) );
#272 = PCURVE('',#273,#278);
#273 = CONICAL_SURFACE('',#274,0.75,0.785398163397);
#274 = AXIS2_PLACEMENT_3D('',#275,#276,#277);
#275 = CARTESIAN_POINT('',(-5.9,-4.7,0.));
#276 = DIRECTION('',(1.,0.,0.));
#277 = DIRECTION('',(-0.,0.14609929078,0.989269931431));
#278 = DEFINITIONAL_REPRESENTATION('',(#279),#283);
#279 = LINE('',#280,#281);
#280 = CARTESIAN_POINT('',(-0.,-0.25));
#281 = VECTOR('',#282,1.);
#282 = DIRECTION('',(-1.,0.));
#283 = ( GEOMETRIC_REPRESENTATION_CONTEXT(2) 
PARAMETRIC_REPRESENTATION_CONTEXT() REPRESENTATION_CONTEXT('2D SPACE',''
  ) );
#284 = ADVANCED_FACE('',(#285),#112,.F.);
#285 = FACE_BOUND('',#286,.T.);
#286 = EDGE_LOOP('',(#287,#317,#350,#351,#352,#375));
#287 = ORIENTED_EDGE('',*,*,#288,.T.);
#288 = EDGE_CURVE('',#289,#291,#293,.T.);
#289 = VERTEX_POINT('',#290);
#290 = CARTESIAN_POINT('',(3.6,-4.590425531915,0.741952448573));
#291 = VERTEX_POINT('',#292);
#292 = CARTESIAN_POINT('',(-5.9,-4.590425531915,0.741952448573));
#293 = SURFACE_CURVE('',#294,(#298,#305),.PCURVE_S1.);
#294 = LINE('',#295,#296);
#295 = CARTESIAN_POINT('',(3.6,-4.590425531915,0.741952448573));
#296 = VECTOR('',#297,1.);
#297 = DIRECTION('',(-1.,-0.,-0.));
#298 = PCURVE('',#112,#299);
#299 = DEFINITIONAL_REPRESENTATION('',(#300),#304);
#300 = LINE('',#301,#302);
#301 = CARTESIAN_POINT('',(-2.981348065016,0.));
#302 = VECTOR('',#303,1.);
#303 = DIRECTION('',(-0.,1.));
#304 = ( GEOMETRIC_REPRESENTATION_CONTEXT(2) 
PARAMETRIC_REPRESENTATION_CONTEXT() REPRESENTATION_CONTEXT('2D SPACE',''
  ) );
#305 = PCURVE('',#306,#311);
#306 = CYLINDRICAL_SURFACE('',#307,0.75);
#307 = AXIS2_PLACEMENT_3D('',#308,#309,#310);
#308 = CARTESIAN_POINT('',(-6.15,-4.7,0.));
#309 = DIRECTION('',(-1.,0.,0.));
#310 = DIRECTION('',(0.,-1.,0.));
#311 = DEFINITIONAL_REPRESENTATION('',(#312),#316);
#312 = LINE('',#313,#314);
#313 = CARTESIAN_POINT('',(1.717420422548,-9.75));
#314 = VECTOR('',#315,1.);
#315 = DIRECTION('',(0.,1.));
#316 = ( GEOMETRIC_REPRESENTATION_CONTEXT(2) 
PARAMETRIC_REPRESENTATION_CONTEXT() REPRESENTATION_CONTEXT('2D SPACE',''
  ) );
#317 = ORIENTED_EDGE('',*,*,#318,.F.);
#318 = EDGE_CURVE('',#60,#291,#319,.T.);
#319 = SURFACE_CURVE('',#320,(#328,#339),.PCURVE_S1.);
#320 = B_SPLINE_CURVE_WITH_KNOTS('',6,(#321,#322,#323,#324,#325,#326,
    #327),.UNSPECIFIED.,.F.,.F.,(7,7),(0.,1.),.PIECEWISE_BEZIER_KNOTS.);
#321 = CARTESIAN_POINT('',(-6.15,-4.623670212766,0.494139417149));
#322 = CARTESIAN_POINT('',(-6.108369193744,-4.61924140359,0.535579853502
    ));
#323 = CARTESIAN_POINT('',(-6.066704133272,-4.614366448893,0.57697683347
    ));
#324 = CARTESIAN_POINT('',(-6.025027158418,-4.609046371767,
    0.618319109427));
#325 = CARTESIAN_POINT('',(-5.983349329705,-4.603282522902,
    0.659597304394));
#326 = CARTESIAN_POINT('',(-5.941674815198,-4.597075768383,
    0.700807742692));
#327 = CARTESIAN_POINT('',(-5.9,-4.590425531915,0.741952448573));
#328 = PCURVE('',#112,#329);
#329 = DEFINITIONAL_REPRESENTATION('',(#330),#338);
#330 = B_SPLINE_CURVE_WITH_KNOTS('',6,(#331,#332,#333,#334,#335,#336,
    #337),.UNSPECIFIED.,.F.,.F.,(7,7),(0.,1.),.PIECEWISE_BEZIER_KNOTS.);
#331 = CARTESIAN_POINT('',(-3.035125085167,9.75));
#332 = CARTESIAN_POINT('',(-3.026162413859,9.708369193744));
#333 = CARTESIAN_POINT('',(-3.017198839301,9.666704133272));
#334 = CARTESIAN_POINT('',(-3.008235494226,9.625027158418));
#335 = CARTESIAN_POINT('',(-2.999273116841,9.583349329706));
#336 = CARTESIAN_POINT('',(-2.990311222265,9.541674815198));
#337 = CARTESIAN_POINT('',(-2.981348065016,9.5));
#338 = ( GEOMETRIC_REPRESENTATION_CONTEXT(2) 
PARAMETRIC_REPRESENTATION_CONTEXT() REPRESENTATION_CONTEXT('2D SPACE',''
  ) );
#339 = PCURVE('',#273,#340);
#340 = DEFINITIONAL_REPRESENTATION('',(#341),#349);
#341 = B_SPLINE_CURVE_WITH_KNOTS('',6,(#342,#343,#344,#345,#346,#347,
    #348),.UNSPECIFIED.,.F.,.F.,(7,7),(0.,1.),.PIECEWISE_BEZIER_KNOTS.);
#342 = CARTESIAN_POINT('',(-6.634738658729E-03,-0.25));
#343 = CARTESIAN_POINT('',(-2.735976639853E-03,-0.208369193744));
#344 = CARTESIAN_POINT('',(-5.1032213584E-04,-0.166704133272));
#345 = CARTESIAN_POINT('',(6.590929369619E-04,-0.125027158418));
#346 = CARTESIAN_POINT('',(1.016166974389E-03,-8.334932970554E-02));
#347 = CARTESIAN_POINT('',(7.568888343421E-04,-4.167481519757E-02));
#348 = CARTESIAN_POINT('',(-1.78E-15,3.768879143724E-15));
#349 = ( GEOMETRIC_REPRESENTATION_CONTEXT(2) 
PARAMETRIC_REPRESENTATION_CONTEXT() REPRESENTATION_CONTEXT('2D SPACE',''
  ) );
#350 = ORIENTED_EDGE('',*,*,#95,.F.);
#351 = ORIENTED_EDGE('',*,*,#124,.F.);
#352 = ORIENTED_EDGE('',*,*,#353,.F.);
#353 = EDGE_CURVE('',#354,#125,#356,.T.);
#354 = VERTEX_POINT('',#355);
#355 = CARTESIAN_POINT('',(3.6,4.65,0.));
#356 = SURFACE_CURVE('',#357,(#361,#368),.PCURVE_S1.);
#357 = LINE('',#358,#359);
#358 = CARTESIAN_POINT('',(3.6,4.65,0.));
#359 = VECTOR('',#360,1.);
#360 = DIRECTION('',(-1.,0.,0.));
#361 = PCURVE('',#112,#362);
#362 = DEFINITIONAL_REPRESENTATION('',(#363),#367);
#363 = LINE('',#364,#365);
#364 = CARTESIAN_POINT('',(-0.,0.));
#365 = VECTOR('',#366,1.);
#366 = DIRECTION('',(-0.,1.));
#367 = ( GEOMETRIC_REPRESENTATION_CONTEXT(2) 
PARAMETRIC_REPRESENTATION_CONTEXT() REPRESENTATION_CONTEXT('2D SPACE',''
  ) );
#368 = PCURVE('',#216,#369);
#369 = DEFINITIONAL_REPRESENTATION('',(#370),#374);
#370 = LINE('',#371,#372);
#371 = CARTESIAN_POINT('',(-6.28318530718,0.));
#372 = VECTOR('',#373,1.);
#373 = DIRECTION('',(-0.,1.));
#374 = ( GEOMETRIC_REPRESENTATION_CONTEXT(2) 
PARAMETRIC_REPRESENTATION_CONTEXT() REPRESENTATION_CONTEXT('2D SPACE',''
  ) );
#375 = ORIENTED_EDGE('',*,*,#376,.T.);
#376 = EDGE_CURVE('',#354,#289,#377,.T.);
#377 = SURFACE_CURVE('',#378,(#383,#390),.PCURVE_S1.);
#378 = CIRCLE('',#379,4.65);
#379 = AXIS2_PLACEMENT_3D('',#380,#381,#382);
#380 = CARTESIAN_POINT('',(3.6,0.,0.));
#381 = DIRECTION('',(1.,0.,0.));
#382 = DIRECTION('',(0.,1.,0.));
#383 = PCURVE('',#112,#384);
#384 = DEFINITIONAL_REPRESENTATION('',(#385),#389);
#385 = LINE('',#386,#387);
#386 = CARTESIAN_POINT('',(-0.,0.));
#387 = VECTOR('',#388,1.);
#388 = DIRECTION('',(-1.,0.));
#389 = ( GEOMETRIC_REPRESENTATION_CONTEXT(2) 
PARAMETRIC_REPRESENTATION_CONTEXT() REPRESENTATION_CONTEXT('2D SPACE',''
  ) );
#390 = PCURVE('',#391,#396);
#391 = PLANE('',#392);
#392 = AXIS2_PLACEMENT_3D('',#393,#394,#395);
#393 = CARTESIAN_POINT('',(3.6,0.,0.));
#394 = DIRECTION('',(1.,0.,0.));
#395 = DIRECTION('',(0.,1.,0.));
#396 = DEFINITIONAL_REPRESENTATION('',(#397),#401);
#397 = CIRCLE('',#398,4.65);
#398 = AXIS2_PLACEMENT_2D('',#399,#400);
#399 = CARTESIAN_POINT('',(0.,0.));
#400 = DIRECTION('',(1.,0.));
#401 = ( GEOMETRIC_REPRESENTATION_CONTEXT(2) 
PARAMETRIC_REPRESENTATION_CONTEXT() REPRESENTATION_CONTEXT('2D SPACE',''
  ) );
#402 = ADVANCED_FACE('',(#403),#216,.F.);
#403 = FACE_BOUND('',#404,.T.);
#404 = EDGE_LOOP('',(#405,#430,#452,#453,#454,#455));
#405 = ORIENTED_EDGE('',*,*,#406,.F.);
#406 = EDGE_CURVE('',#407,#409,#411,.T.);
#407 = VERTEX_POINT('',#408);
#408 = CARTESIAN_POINT('',(3.6,-4.590425531915,-0.741952448573));
#409 = VERTEX_POINT('',#410);
#410 = CARTESIAN_POINT('',(-5.9,-4.590425531915,-0.741952448573));
#411 = SURFACE_CURVE('',#412,(#416,#423),.PCURVE_S1.);
#412 = LINE('',#413,#414);
#413 = CARTESIAN_POINT('',(3.6,-4.590425531915,-0.741952448573));
#414 = VECTOR('',#415,1.);
#415 = DIRECTION('',(-1.,-0.,-0.));
#416 = PCURVE('',#216,#417);
#417 = DEFINITIONAL_REPRESENTATION('',(#418),#422);
#418 = LINE('',#419,#420);
#419 = CARTESIAN_POINT('',(-3.301837242164,0.));
#420 = VECTOR('',#421,1.);
#421 = DIRECTION('',(-0.,1.));
#422 = ( GEOMETRIC_REPRESENTATION_CONTEXT(2) 
PARAMETRIC_REPRESENTATION_CONTEXT() REPRESENTATION_CONTEXT('2D SPACE',''
  ) );
#423 = PCURVE('',#306,#424);
#424 = DEFINITIONAL_REPRESENTATION('',(#425),#429);
#425 = LINE('',#426,#427);
#426 = CARTESIAN_POINT('',(4.565764884632,-9.75));
#427 = VECTOR('',#428,1.);
#428 = DIRECTION('',(0.,1.));
#429 = ( GEOMETRIC_REPRESENTATION_CONTEXT(2) 
PARAMETRIC_REPRESENTATION_CONTEXT() REPRESENTATION_CONTEXT('2D SPACE',''
  ) );
#430 = ORIENTED_EDGE('',*,*,#431,.T.);
#431 = EDGE_CURVE('',#407,#354,#432,.T.);
#432 = SURFACE_CURVE('',#433,(#438,#445),.PCURVE_S1.);
#433 = CIRCLE('',#434,4.65);
#434 = AXIS2_PLACEMENT_3D('',#435,#436,#437);
#435 = CARTESIAN_POINT('',(3.6,0.,0.));
#436 = DIRECTION('',(1.,0.,0.));
#437 = DIRECTION('',(0.,1.,0.));
#438 = PCURVE('',#216,#439);
#439 = DEFINITIONAL_REPRESENTATION('',(#440),#444);
#440 = LINE('',#441,#442);
#441 = CARTESIAN_POINT('',(-0.,0.));
#442 = VECTOR('',#443,1.);
#443 = DIRECTION('',(-1.,0.));
#444 = ( GEOMETRIC_REPRESENTATION_CONTEXT(2) 
PARAMETRIC_REPRESENTATION_CONTEXT() REPRESENTATION_CONTEXT('2D SPACE',''
  ) );
#445 = PCURVE('',#391,#446);
#446 = DEFINITIONAL_REPRESENTATION('',(#447),#451);
#447 = CIRCLE('',#448,4.65);
#448 = AXIS2_PLACEMENT_2D('',#449,#450);
#449 = CARTESIAN_POINT('',(0.,0.));
#450 = DIRECTION('',(1.,0.));
#451 = ( GEOMETRIC_REPRESENTATION_CONTEXT(2) 
PARAMETRIC_REPRESENTATION_CONTEXT() REPRESENTATION_CONTEXT('2D SPACE',''
  ) );
#452 = ORIENTED_EDGE('',*,*,#353,.T.);
#453 = ORIENTED_EDGE('',*,*,#199,.F.);
#454 = ORIENTED_EDGE('',*,*,#228,.F.);
#455 = ORIENTED_EDGE('',*,*,#456,.T.);
#456 = EDGE_CURVE('',#62,#409,#457,.T.);
#457 = SURFACE_CURVE('',#458,(#466,#477),.PCURVE_S1.);
#458 = B_SPLINE_CURVE_WITH_KNOTS('',6,(#459,#460,#461,#462,#463,#464,
    #465),.UNSPECIFIED.,.F.,.F.,(7,7),(0.,1.),.PIECEWISE_BEZIER_KNOTS.);
#459 = CARTESIAN_POINT('',(-6.15,-4.623670212766,-0.494139417149));
#460 = CARTESIAN_POINT('',(-6.108369193629,-4.619241403578,
    -0.535579853617));
#461 = CARTESIAN_POINT('',(-6.066704133862,-4.614366448953,
    -0.576976832882));
#462 = CARTESIAN_POINT('',(-6.025027159566,-4.609046371915,
    -0.618319108289));
#463 = CARTESIAN_POINT('',(-5.983349330632,-4.603282523047,
    -0.659597303479));
#464 = CARTESIAN_POINT('',(-5.941674815368,-4.59707576841,
    -0.700807742523));
#465 = CARTESIAN_POINT('',(-5.9,-4.590425531915,-0.741952448573));
#466 = PCURVE('',#216,#467);
#467 = DEFINITIONAL_REPRESENTATION('',(#468),#476);
#468 = B_SPLINE_CURVE_WITH_KNOTS('',6,(#469,#470,#471,#472,#473,#474,
    #475),.UNSPECIFIED.,.F.,.F.,(7,7),(0.,1.),.PIECEWISE_BEZIER_KNOTS.);
#469 = CARTESIAN_POINT('',(-3.248060222013,9.75));
#470 = CARTESIAN_POINT('',(-3.257022893345,9.708369193629));
#471 = CARTESIAN_POINT('',(-3.265986467752,9.666704133862));
#472 = CARTESIAN_POINT('',(-3.274949812707,9.625027159566));
#473 = CARTESIAN_POINT('',(-3.283912190139,9.583349330632));
#474 = CARTESIAN_POINT('',(-3.292874084878,9.541674815368));
#475 = CARTESIAN_POINT('',(-3.301837242164,9.5));
#476 = ( GEOMETRIC_REPRESENTATION_CONTEXT(2) 
PARAMETRIC_REPRESENTATION_CONTEXT() REPRESENTATION_CONTEXT('2D SPACE',''
  ) );
#477 = PCURVE('',#273,#478);
#478 = DEFINITIONAL_REPRESENTATION('',(#479),#487);
#479 = B_SPLINE_CURVE_WITH_KNOTS('',6,(#480,#481,#482,#483,#484,#485,
    #486),.UNSPECIFIED.,.F.,.F.,(7,7),(0.,1.),.PIECEWISE_BEZIER_KNOTS.);
#480 = CARTESIAN_POINT('',(-2.841709723426,-0.25));
#481 = CARTESIAN_POINT('',(-2.845608485455,-0.208369193629));
#482 = CARTESIAN_POINT('',(-2.847834139886,-0.166704133862));
#483 = CARTESIAN_POINT('',(-2.849003555006,-0.125027159566));
#484 = CARTESIAN_POINT('',(-2.849360629071,-8.334933063214E-02));
#485 = CARTESIAN_POINT('',(-2.849101350922,-4.167481536824E-02));
#486 = CARTESIAN_POINT('',(-2.848344462084,0.));
#487 = ( GEOMETRIC_REPRESENTATION_CONTEXT(2) 
PARAMETRIC_REPRESENTATION_CONTEXT() REPRESENTATION_CONTEXT('2D SPACE',''
  ) );
#488 = ADVANCED_FACE('',(#489,#492),#186,.F.);
#489 = FACE_BOUND('',#490,.T.);
#490 = EDGE_LOOP('',(#491));
#491 = ORIENTED_EDGE('',*,*,#171,.T.);
#492 = FACE_BOUND('',#493,.T.);
#493 = EDGE_LOOP('',(#494));
#494 = ORIENTED_EDGE('',*,*,#495,.F.);
#495 = EDGE_CURVE('',#496,#496,#498,.T.);
#496 = VERTEX_POINT('',#497);
#497 = CARTESIAN_POINT('',(-6.5,5.7,0.));
#498 = SURFACE_CURVE('',#499,(#504,#511),.PCURVE_S1.);
#499 = CIRCLE('',#500,5.7);
#500 = AXIS2_PLACEMENT_3D('',#501,#502,#503);
#501 = CARTESIAN_POINT('',(-6.5,0.,0.));
#502 = DIRECTION('',(1.,0.,0.));
#503 = DIRECTION('',(0.,1.,0.));
#504 = PCURVE('',#186,#505);
#505 = DEFINITIONAL_REPRESENTATION('',(#506),#510);
#506 = CIRCLE('',#507,5.7);
#507 = AXIS2_PLACEMENT_2D('',#508,#509);
#508 = CARTESIAN_POINT('',(0.,0.));
#509 = DIRECTION('',(1.,-0.));
#510 = ( GEOMETRIC_REPRESENTATION_CONTEXT(2) 
PARAMETRIC_REPRESENTATION_CONTEXT() REPRESENTATION_CONTEXT('2D SPACE',''
  ) );
#511 = PCURVE('',#512,#517);
#512 = CONICAL_SURFACE('',#513,6.5,0.785398163397);
#513 = AXIS2_PLACEMENT_3D('',#514,#515,#516);
#514 = CARTESIAN_POINT('',(-5.7,0.,0.));
#515 = DIRECTION('',(1.,0.,0.));
#516 = DIRECTION('',(0.,1.,0.));
#517 = DEFINITIONAL_REPRESENTATION('',(#518),#522);
#518 = LINE('',#519,#520);
#519 = CARTESIAN_POINT('',(0.,-0.8));
#520 = VECTOR('',#521,1.);
#521 = DIRECTION('',(1.,0.));
#522 = ( GEOMETRIC_REPRESENTATION_CONTEXT(2) 
PARAMETRIC_REPRESENTATION_CONTEXT() REPRESENTATION_CONTEXT('2D SPACE',''
  ) );
#523 = ADVANCED_FACE('',(#524),#273,.T.);
#524 = FACE_BOUND('',#525,.F.);
#525 = EDGE_LOOP('',(#526,#527,#528,#529));
#526 = ORIENTED_EDGE('',*,*,#318,.F.);
#527 = ORIENTED_EDGE('',*,*,#254,.T.);
#528 = ORIENTED_EDGE('',*,*,#456,.T.);
#529 = ORIENTED_EDGE('',*,*,#530,.F.);
#530 = EDGE_CURVE('',#291,#409,#531,.T.);
#531 = SURFACE_CURVE('',#532,(#537,#544),.PCURVE_S1.);
#532 = CIRCLE('',#533,0.75);
#533 = AXIS2_PLACEMENT_3D('',#534,#535,#536);
#534 = CARTESIAN_POINT('',(-5.9,-4.7,0.));
#535 = DIRECTION('',(-1.,0.,0.));
#536 = DIRECTION('',(0.,0.14609929078,0.989269931431));
#537 = PCURVE('',#273,#538);
#538 = DEFINITIONAL_REPRESENTATION('',(#539),#543);
#539 = LINE('',#540,#541);
#540 = CARTESIAN_POINT('',(-0.,0.));
#541 = VECTOR('',#542,1.);
#542 = DIRECTION('',(-1.,0.));
#543 = ( GEOMETRIC_REPRESENTATION_CONTEXT(2) 
PARAMETRIC_REPRESENTATION_CONTEXT() REPRESENTATION_CONTEXT('2D SPACE',''
  ) );
#544 = PCURVE('',#306,#545);
#545 = DEFINITIONAL_REPRESENTATION('',(#546),#550);
#546 = LINE('',#547,#548);
#547 = CARTESIAN_POINT('',(1.717420422548,-0.25));
#548 = VECTOR('',#549,1.);
#549 = DIRECTION('',(1.,0.));
#550 = ( GEOMETRIC_REPRESENTATION_CONTEXT(2) 
PARAMETRIC_REPRESENTATION_CONTEXT() REPRESENTATION_CONTEXT('2D SPACE',''
  ) );
#551 = ADVANCED_FACE('',(#552),#306,.T.);
#552 = FACE_BOUND('',#553,.T.);
#553 = EDGE_LOOP('',(#554,#555,#583,#611,#640,#663,#689,#690));
#554 = ORIENTED_EDGE('',*,*,#288,.F.);
#555 = ORIENTED_EDGE('',*,*,#556,.F.);
#556 = EDGE_CURVE('',#557,#289,#559,.T.);
#557 = VERTEX_POINT('',#558);
#558 = CARTESIAN_POINT('',(3.6,-4.7,0.75));
#559 = SURFACE_CURVE('',#560,(#565,#572),.PCURVE_S1.);
#560 = CIRCLE('',#561,0.75);
#561 = AXIS2_PLACEMENT_3D('',#562,#563,#564);
#562 = CARTESIAN_POINT('',(3.6,-4.7,0.));
#563 = DIRECTION('',(-1.,0.,0.));
#564 = DIRECTION('',(0.,-1.,0.));
#565 = PCURVE('',#306,#566);
#566 = DEFINITIONAL_REPRESENTATION('',(#567),#571);
#567 = LINE('',#568,#569);
#568 = CARTESIAN_POINT('',(0.,-9.75));
#569 = VECTOR('',#570,1.);
#570 = DIRECTION('',(1.,0.));
#571 = ( GEOMETRIC_REPRESENTATION_CONTEXT(2) 
PARAMETRIC_REPRESENTATION_CONTEXT() REPRESENTATION_CONTEXT('2D SPACE',''
  ) );
#572 = PCURVE('',#391,#573);
#573 = DEFINITIONAL_REPRESENTATION('',(#574),#582);
#574 = ( BOUNDED_CURVE() B_SPLINE_CURVE(2,(#575,#576,#577,#578,#579,#580
,#581),.UNSPECIFIED.,.T.,.F.) B_SPLINE_CURVE_WITH_KNOTS((1,2,2,2,2,1),(
    -2.094395102393,0.,2.094395102393,4.188790204786,6.28318530718,
8.377580409573),.UNSPECIFIED.) CURVE() GEOMETRIC_REPRESENTATION_ITEM() 
RATIONAL_B_SPLINE_CURVE((1.,0.5,1.,0.5,1.,0.5,1.)) REPRESENTATION_ITEM(
  '') );
#575 = CARTESIAN_POINT('',(-5.45,0.));
#576 = CARTESIAN_POINT('',(-5.45,1.299038105677));
#577 = CARTESIAN_POINT('',(-4.325,0.649519052838));
#578 = CARTESIAN_POINT('',(-3.2,1.836970198721E-16));
#579 = CARTESIAN_POINT('',(-4.325,-0.649519052838));
#580 = CARTESIAN_POINT('',(-5.45,-1.299038105677));
#581 = CARTESIAN_POINT('',(-5.45,0.));
#582 = ( GEOMETRIC_REPRESENTATION_CONTEXT(2) 
PARAMETRIC_REPRESENTATION_CONTEXT() REPRESENTATION_CONTEXT('2D SPACE',''
  ) );
#583 = ORIENTED_EDGE('',*,*,#584,.T.);
#584 = EDGE_CURVE('',#557,#585,#587,.T.);
#585 = VERTEX_POINT('',#586);
#586 = CARTESIAN_POINT('',(8.6,-4.7,0.75));
#587 = SURFACE_CURVE('',#588,(#592,#599),.PCURVE_S1.);
#588 = LINE('',#589,#590);
#589 = CARTESIAN_POINT('',(-6.15,-4.7,0.75));
#590 = VECTOR('',#591,1.);
#591 = DIRECTION('',(1.,0.,0.));
#592 = PCURVE('',#306,#593);
#593 = DEFINITIONAL_REPRESENTATION('',(#594),#598);
#594 = LINE('',#595,#596);
#595 = CARTESIAN_POINT('',(1.570796326795,0.));
#596 = VECTOR('',#597,1.);
#597 = DIRECTION('',(0.,-1.));
#598 = ( GEOMETRIC_REPRESENTATION_CONTEXT(2) 
PARAMETRIC_REPRESENTATION_CONTEXT() REPRESENTATION_CONTEXT('2D SPACE',''
  ) );
#599 = PCURVE('',#600,#605);
#600 = PLANE('',#601);
#601 = AXIS2_PLACEMENT_3D('',#602,#603,#604);
#602 = CARTESIAN_POINT('',(-6.15,-4.7,0.75));
#603 = DIRECTION('',(0.,1.,0.));
#604 = DIRECTION('',(0.,0.,-1.));
#605 = DEFINITIONAL_REPRESENTATION('',(#606),#610);
#606 = LINE('',#607,#608);
#607 = CARTESIAN_POINT('',(1.110223024625E-16,0.));
#608 = VECTOR('',#609,1.);
#609 = DIRECTION('',(0.,-1.));
#610 = ( GEOMETRIC_REPRESENTATION_CONTEXT(2) 
PARAMETRIC_REPRESENTATION_CONTEXT() REPRESENTATION_CONTEXT('2D SPACE',''
  ) );
#611 = ORIENTED_EDGE('',*,*,#612,.T.);
#612 = EDGE_CURVE('',#585,#613,#615,.T.);
#613 = VERTEX_POINT('',#614);
#614 = CARTESIAN_POINT('',(8.6,-4.7,-0.75));
#615 = SURFACE_CURVE('',#616,(#621,#628),.PCURVE_S1.);
#616 = CIRCLE('',#617,0.75);
#617 = AXIS2_PLACEMENT_3D('',#618,#619,#620);
#618 = CARTESIAN_POINT('',(8.6,-4.7,0.));
#619 = DIRECTION('',(-1.,0.,0.));
#620 = DIRECTION('',(0.,0.,1.));
#621 = PCURVE('',#306,#622);
#622 = DEFINITIONAL_REPRESENTATION('',(#623),#627);
#623 = LINE('',#624,#625);
#624 = CARTESIAN_POINT('',(1.570796326795,-14.75));
#625 = VECTOR('',#626,1.);
#626 = DIRECTION('',(1.,0.));
#627 = ( GEOMETRIC_REPRESENTATION_CONTEXT(2) 
PARAMETRIC_REPRESENTATION_CONTEXT() REPRESENTATION_CONTEXT('2D SPACE',''
  ) );
#628 = PCURVE('',#629,#634);
#629 = CONICAL_SURFACE('',#630,0.75,0.785398163397);
#630 = AXIS2_PLACEMENT_3D('',#631,#632,#633);
#631 = CARTESIAN_POINT('',(8.6,-4.7,0.));
#632 = DIRECTION('',(-1.,-0.,-0.));
#633 = DIRECTION('',(0.,0.,1.));
#634 = DEFINITIONAL_REPRESENTATION('',(#635),#639);
#635 = LINE('',#636,#637);
#636 = CARTESIAN_POINT('',(0.,-0.));
#637 = VECTOR('',#638,1.);
#638 = DIRECTION('',(1.,-0.));
#639 = ( GEOMETRIC_REPRESENTATION_CONTEXT(2) 
PARAMETRIC_REPRESENTATION_CONTEXT() REPRESENTATION_CONTEXT('2D SPACE',''
  ) );
#640 = ORIENTED_EDGE('',*,*,#641,.F.);
#641 = EDGE_CURVE('',#642,#613,#644,.T.);
#642 = VERTEX_POINT('',#643);
#643 = CARTESIAN_POINT('',(3.6,-4.7,-0.75));
#644 = SURFACE_CURVE('',#645,(#649,#656),.PCURVE_S1.);
#645 = LINE('',#646,#647);
#646 = CARTESIAN_POINT('',(-6.15,-4.7,-0.75));
#647 = VECTOR('',#648,1.);
#648 = DIRECTION('',(1.,0.,0.));
#649 = PCURVE('',#306,#650);
#650 = DEFINITIONAL_REPRESENTATION('',(#651),#655);
#651 = LINE('',#652,#653);
#652 = CARTESIAN_POINT('',(4.712388980385,0.));
#653 = VECTOR('',#654,1.);
#654 = DIRECTION('',(0.,-1.));
#655 = ( GEOMETRIC_REPRESENTATION_CONTEXT(2) 
PARAMETRIC_REPRESENTATION_CONTEXT() REPRESENTATION_CONTEXT('2D SPACE',''
  ) );
#656 = PCURVE('',#600,#657);
#657 = DEFINITIONAL_REPRESENTATION('',(#658),#662);
#658 = LINE('',#659,#660);
#659 = CARTESIAN_POINT('',(1.5,0.));
#660 = VECTOR('',#661,1.);
#661 = DIRECTION('',(0.,-1.));
#662 = ( GEOMETRIC_REPRESENTATION_CONTEXT(2) 
PARAMETRIC_REPRESENTATION_CONTEXT() REPRESENTATION_CONTEXT('2D SPACE',''
  ) );
#663 = ORIENTED_EDGE('',*,*,#664,.F.);
#664 = EDGE_CURVE('',#407,#642,#665,.T.);
#665 = SURFACE_CURVE('',#666,(#671,#678),.PCURVE_S1.);
#666 = CIRCLE('',#667,0.75);
#667 = AXIS2_PLACEMENT_3D('',#668,#669,#670);
#668 = CARTESIAN_POINT('',(3.6,-4.7,0.));
#669 = DIRECTION('',(-1.,0.,0.));
#670 = DIRECTION('',(0.,-1.,0.));
#671 = PCURVE('',#306,#672);
#672 = DEFINITIONAL_REPRESENTATION('',(#673),#677);
#673 = LINE('',#674,#675);
#674 = CARTESIAN_POINT('',(0.,-9.75));
#675 = VECTOR('',#676,1.);
#676 = DIRECTION('',(1.,0.));
#677 = ( GEOMETRIC_REPRESENTATION_CONTEXT(2) 
PARAMETRIC_REPRESENTATION_CONTEXT() REPRESENTATION_CONTEXT('2D SPACE',''
  ) );
#678 = PCURVE('',#391,#679);
#679 = DEFINITIONAL_REPRESENTATION('',(#680),#688);
#680 = ( BOUNDED_CURVE() B_SPLINE_CURVE(2,(#681,#682,#683,#684,#685,#686
,#687),.UNSPECIFIED.,.T.,.F.) B_SPLINE_CURVE_WITH_KNOTS((1,2,2,2,2,1),(
    -2.094395102393,0.,2.094395102393,4.188790204786,6.28318530718,
8.377580409573),.UNSPECIFIED.) CURVE() GEOMETRIC_REPRESENTATION_ITEM() 
RATIONAL_B_SPLINE_CURVE((1.,0.5,1.,0.5,1.,0.5,1.)) REPRESENTATION_ITEM(
  '') );
#681 = CARTESIAN_POINT('',(-5.45,0.));
#682 = CARTESIAN_POINT('',(-5.45,1.299038105677));
#683 = CARTESIAN_POINT('',(-4.325,0.649519052838));
#684 = CARTESIAN_POINT('',(-3.2,1.836970198721E-16));
#685 = CARTESIAN_POINT('',(-4.325,-0.649519052838));
#686 = CARTESIAN_POINT('',(-5.45,-1.299038105677));
#687 = CARTESIAN_POINT('',(-5.45,0.));
#688 = ( GEOMETRIC_REPRESENTATION_CONTEXT(2) 
PARAMETRIC_REPRESENTATION_CONTEXT() REPRESENTATION_CONTEXT('2D SPACE',''
  ) );
#689 = ORIENTED_EDGE('',*,*,#406,.T.);
#690 = ORIENTED_EDGE('',*,*,#530,.F.);
#691 = ADVANCED_FACE('',(#692,#723),#391,.T.);
#692 = FACE_BOUND('',#693,.T.);
#693 = EDGE_LOOP('',(#694));
#694 = ORIENTED_EDGE('',*,*,#695,.T.);
#695 = EDGE_CURVE('',#696,#696,#698,.T.);
#696 = VERTEX_POINT('',#697);
#697 = CARTESIAN_POINT('',(3.6,4.8,0.));
#698 = SURFACE_CURVE('',#699,(#704,#711),.PCURVE_S1.);
#699 = CIRCLE('',#700,4.8);
#700 = AXIS2_PLACEMENT_3D('',#701,#702,#703);
#701 = CARTESIAN_POINT('',(3.6,0.,0.));
#702 = DIRECTION('',(1.,0.,0.));
#703 = DIRECTION('',(0.,1.,0.));
#704 = PCURVE('',#391,#705);
#705 = DEFINITIONAL_REPRESENTATION('',(#706),#710);
#706 = CIRCLE('',#707,4.8);
#707 = AXIS2_PLACEMENT_2D('',#708,#709);
#708 = CARTESIAN_POINT('',(0.,0.));
#709 = DIRECTION('',(1.,0.));
#710 = ( GEOMETRIC_REPRESENTATION_CONTEXT(2) 
PARAMETRIC_REPRESENTATION_CONTEXT() REPRESENTATION_CONTEXT('2D SPACE',''
  ) );
#711 = PCURVE('',#712,#717);
#712 = CYLINDRICAL_SURFACE('',#713,4.8);
#713 = AXIS2_PLACEMENT_3D('',#714,#715,#716);
#714 = CARTESIAN_POINT('',(9.1,0.,0.));
#715 = DIRECTION('',(-1.,-0.,-0.));
#716 = DIRECTION('',(0.,1.,0.));
#717 = DEFINITIONAL_REPRESENTATION('',(#718),#722);
#718 = LINE('',#719,#720);
#719 = CARTESIAN_POINT('',(-0.,5.5));
#720 = VECTOR('',#721,1.);
#721 = DIRECTION('',(-1.,0.));
#722 = ( GEOMETRIC_REPRESENTATION_CONTEXT(2) 
PARAMETRIC_REPRESENTATION_CONTEXT() REPRESENTATION_CONTEXT('2D SPACE',''
  ) );
#723 = FACE_BOUND('',#724,.T.);
#724 = EDGE_LOOP('',(#725,#726,#727,#728,#749));
#725 = ORIENTED_EDGE('',*,*,#376,.F.);
#726 = ORIENTED_EDGE('',*,*,#431,.F.);
#727 = ORIENTED_EDGE('',*,*,#664,.T.);
#728 = ORIENTED_EDGE('',*,*,#729,.T.);
#729 = EDGE_CURVE('',#642,#557,#730,.T.);
#730 = SURFACE_CURVE('',#731,(#735,#742),.PCURVE_S1.);
#731 = LINE('',#732,#733);
#732 = CARTESIAN_POINT('',(3.6,-4.7,0.375));
#733 = VECTOR('',#734,1.);
#734 = DIRECTION('',(0.,0.,1.));
#735 = PCURVE('',#391,#736);
#736 = DEFINITIONAL_REPRESENTATION('',(#737),#741);
#737 = LINE('',#738,#739);
#738 = CARTESIAN_POINT('',(-4.7,0.375));
#739 = VECTOR('',#740,1.);
#740 = DIRECTION('',(0.,1.));
#741 = ( GEOMETRIC_REPRESENTATION_CONTEXT(2) 
PARAMETRIC_REPRESENTATION_CONTEXT() REPRESENTATION_CONTEXT('2D SPACE',''
  ) );
#742 = PCURVE('',#600,#743);
#743 = DEFINITIONAL_REPRESENTATION('',(#744),#748);
#744 = LINE('',#745,#746);
#745 = CARTESIAN_POINT('',(0.375,-9.75));
#746 = VECTOR('',#747,1.);
#747 = DIRECTION('',(-1.,0.));
#748 = ( GEOMETRIC_REPRESENTATION_CONTEXT(2) 
PARAMETRIC_REPRESENTATION_CONTEXT() REPRESENTATION_CONTEXT('2D SPACE',''
  ) );
#749 = ORIENTED_EDGE('',*,*,#556,.T.);
#750 = ADVANCED_FACE('',(#751),#512,.T.);
#751 = FACE_BOUND('',#752,.T.);
#752 = EDGE_LOOP('',(#753,#754,#777,#806,#840,#869,#903,#925));
#753 = ORIENTED_EDGE('',*,*,#495,.T.);
#754 = ORIENTED_EDGE('',*,*,#755,.T.);
#755 = EDGE_CURVE('',#496,#756,#758,.T.);
#756 = VERTEX_POINT('',#757);
#757 = CARTESIAN_POINT('',(-5.7,6.5,0.));
#758 = SEAM_CURVE('',#759,(#763,#770),.PCURVE_S1.);
#759 = LINE('',#760,#761);
#760 = CARTESIAN_POINT('',(-5.7,6.5,0.));
#761 = VECTOR('',#762,1.);
#762 = DIRECTION('',(0.707106781187,0.707106781187,0.));
#763 = PCURVE('',#512,#764);
#764 = DEFINITIONAL_REPRESENTATION('',(#765),#769);
#765 = LINE('',#766,#767);
#766 = CARTESIAN_POINT('',(0.,0.));
#767 = VECTOR('',#768,1.);
#768 = DIRECTION('',(0.,1.));
#769 = ( GEOMETRIC_REPRESENTATION_CONTEXT(2) 
PARAMETRIC_REPRESENTATION_CONTEXT() REPRESENTATION_CONTEXT('2D SPACE',''
  ) );
#770 = PCURVE('',#512,#771);
#771 = DEFINITIONAL_REPRESENTATION('',(#772),#776);
#772 = LINE('',#773,#774);
#773 = CARTESIAN_POINT('',(6.28318530718,0.));
#774 = VECTOR('',#775,1.);
#775 = DIRECTION('',(0.,1.));
#776 = ( GEOMETRIC_REPRESENTATION_CONTEXT(2) 
PARAMETRIC_REPRESENTATION_CONTEXT() REPRESENTATION_CONTEXT('2D SPACE',''
  ) );
#777 = ORIENTED_EDGE('',*,*,#778,.F.);
#778 = EDGE_CURVE('',#779,#756,#781,.T.);
#779 = VERTEX_POINT('',#780);
#780 = CARTESIAN_POINT('',(-5.7,2.5,-6.));
#781 = SURFACE_CURVE('',#782,(#787,#794),.PCURVE_S1.);
#782 = CIRCLE('',#783,6.5);
#783 = AXIS2_PLACEMENT_3D('',#784,#785,#786);
#784 = CARTESIAN_POINT('',(-5.7,0.,0.));
#785 = DIRECTION('',(1.,0.,0.));
#786 = DIRECTION('',(0.,1.,0.));
#787 = PCURVE('',#512,#788);
#788 = DEFINITIONAL_REPRESENTATION('',(#789),#793);
#789 = LINE('',#790,#791);
#790 = CARTESIAN_POINT('',(0.,0.));
#791 = VECTOR('',#792,1.);
#792 = DIRECTION('',(1.,0.));
#793 = ( GEOMETRIC_REPRESENTATION_CONTEXT(2) 
PARAMETRIC_REPRESENTATION_CONTEXT() REPRESENTATION_CONTEXT('2D SPACE',''
  ) );
#794 = PCURVE('',#795,#800);
#795 = CYLINDRICAL_SURFACE('',#796,6.5);
#796 = AXIS2_PLACEMENT_3D('',#797,#798,#799);
#797 = CARTESIAN_POINT('',(-6.5,0.,0.));
#798 = DIRECTION('',(1.,0.,0.));
#799 = DIRECTION('',(0.,1.,0.));
#800 = DEFINITIONAL_REPRESENTATION('',(#801),#805);
#801 = LINE('',#802,#803);
#802 = CARTESIAN_POINT('',(-6.28318530718,0.8));
#803 = VECTOR('',#804,1.);
#804 = DIRECTION('',(1.,0.));
#805 = ( GEOMETRIC_REPRESENTATION_CONTEXT(2) 
PARAMETRIC_REPRESENTATION_CONTEXT() REPRESENTATION_CONTEXT('2D SPACE',''
  ) );
#806 = ORIENTED_EDGE('',*,*,#807,.T.);
#807 = EDGE_CURVE('',#779,#808,#810,.T.);
#808 = VERTEX_POINT('',#809);
#809 = CARTESIAN_POINT('',(-5.7,-2.5,-6.));
#810 = SURFACE_CURVE('',#811,(#816,#828),.PCURVE_S1.);
#811 = HYPERBOLA('',#812,6.,6.);
#812 = AXIS2_PLACEMENT_3D('',#813,#814,#815);
#813 = CARTESIAN_POINT('',(-12.2,0.,-6.));
#814 = DIRECTION('',(0.,0.,-1.));
#815 = DIRECTION('',(1.,0.,0.));
#816 = PCURVE('',#512,#817);
#817 = DEFINITIONAL_REPRESENTATION('',(#818),#827);
#818 = B_SPLINE_CURVE_WITH_KNOTS('',7,(#819,#820,#821,#822,#823,#824,
    #825,#826),.UNSPECIFIED.,.F.,.F.,(8,8),(-0.405465108108,
    0.405465108108),.PIECEWISE_BEZIER_KNOTS.);
#819 = CARTESIAN_POINT('',(5.107180100084,0.));
#820 = CARTESIAN_POINT('',(5.000244247397,-0.289617934363));
#821 = CARTESIAN_POINT('',(4.887749330369,-0.477463273357));
#822 = CARTESIAN_POINT('',(4.771348597738,-0.56988416866));
#823 = CARTESIAN_POINT('',(4.653429363032,-0.56988416866));
#824 = CARTESIAN_POINT('',(4.5370286304,-0.477463273357));
#825 = CARTESIAN_POINT('',(4.424533713373,-0.289617934363));
#826 = CARTESIAN_POINT('',(4.317597860685,1.329360748631E-15));
#827 = ( GEOMETRIC_REPRESENTATION_CONTEXT(2) 
PARAMETRIC_REPRESENTATION_CONTEXT() REPRESENTATION_CONTEXT('2D SPACE',''
  ) );
#828 = PCURVE('',#829,#834);
#829 = PLANE('',#830);
#830 = AXIS2_PLACEMENT_3D('',#831,#832,#833);
#831 = CARTESIAN_POINT('',(-6.5,5.,-6.));
#832 = DIRECTION('',(0.,0.,-1.));
#833 = DIRECTION('',(0.,-1.,0.));
#834 = DEFINITIONAL_REPRESENTATION('',(#835),#839);
#835 = HYPERBOLA('',#836,6.,6.);
#836 = AXIS2_PLACEMENT_2D('',#837,#838);
#837 = CARTESIAN_POINT('',(5.,5.7));
#838 = DIRECTION('',(0.,-1.));
#839 = ( GEOMETRIC_REPRESENTATION_CONTEXT(2) 
PARAMETRIC_REPRESENTATION_CONTEXT() REPRESENTATION_CONTEXT('2D SPACE',''
  ) );
#840 = ORIENTED_EDGE('',*,*,#841,.F.);
#841 = EDGE_CURVE('',#842,#808,#844,.T.);
#842 = VERTEX_POINT('',#843);
#843 = CARTESIAN_POINT('',(-5.7,-2.5,6.));
#844 = SURFACE_CURVE('',#845,(#850,#857),.PCURVE_S1.);
#845 = CIRCLE('',#846,6.5);
#846 = AXIS2_PLACEMENT_3D('',#847,#848,#849);
#847 = CARTESIAN_POINT('',(-5.7,0.,0.));
#848 = DIRECTION('',(1.,0.,0.));
#849 = DIRECTION('',(0.,1.,0.));
#850 = PCURVE('',#512,#851);
#851 = DEFINITIONAL_REPRESENTATION('',(#852),#856);
#852 = LINE('',#853,#854);
#853 = CARTESIAN_POINT('',(0.,0.));
#854 = VECTOR('',#855,1.);
#855 = DIRECTION('',(1.,0.));
#856 = ( GEOMETRIC_REPRESENTATION_CONTEXT(2) 
PARAMETRIC_REPRESENTATION_CONTEXT() REPRESENTATION_CONTEXT('2D SPACE',''
  ) );
#857 = PCURVE('',#858,#863);
#858 = CYLINDRICAL_SURFACE('',#859,6.5);
#859 = AXIS2_PLACEMENT_3D('',#860,#861,#862);
#860 = CARTESIAN_POINT('',(-6.5,0.,0.));
#861 = DIRECTION('',(1.,0.,0.));
#862 = DIRECTION('',(0.,1.,0.));
#863 = DEFINITIONAL_REPRESENTATION('',(#864),#868);
#864 = LINE('',#865,#866);
#865 = CARTESIAN_POINT('',(0.,0.8));
#866 = VECTOR('',#867,1.);
#867 = DIRECTION('',(1.,0.));
#868 = ( GEOMETRIC_REPRESENTATION_CONTEXT(2) 
PARAMETRIC_REPRESENTATION_CONTEXT() REPRESENTATION_CONTEXT('2D SPACE',''
  ) );
#869 = ORIENTED_EDGE('',*,*,#870,.T.);
#870 = EDGE_CURVE('',#842,#871,#873,.T.);
#871 = VERTEX_POINT('',#872);
#872 = CARTESIAN_POINT('',(-5.7,2.5,6.));
#873 = SURFACE_CURVE('',#874,(#879,#891),.PCURVE_S1.);
#874 = HYPERBOLA('',#875,6.,6.);
#875 = AXIS2_PLACEMENT_3D('',#876,#877,#878);
#876 = CARTESIAN_POINT('',(-12.2,0.,6.));
#877 = DIRECTION('',(0.,0.,1.));
#878 = DIRECTION('',(1.,0.,0.));
#879 = PCURVE('',#512,#880);
#880 = DEFINITIONAL_REPRESENTATION('',(#881),#890);
#881 = B_SPLINE_CURVE_WITH_KNOTS('',7,(#882,#883,#884,#885,#886,#887,
    #888,#889),.UNSPECIFIED.,.F.,.F.,(8,8),(-0.405465108108,
    0.405465108108),.PIECEWISE_BEZIER_KNOTS.);
#882 = CARTESIAN_POINT('',(1.965587446495,1.329360748631E-15));
#883 = CARTESIAN_POINT('',(1.858651593807,-0.289617934363));
#884 = CARTESIAN_POINT('',(1.74615667678,-0.477463273357));
#885 = CARTESIAN_POINT('',(1.629755944149,-0.56988416866));
#886 = CARTESIAN_POINT('',(1.511836709441,-0.56988416866));
#887 = CARTESIAN_POINT('',(1.39543597681,-0.477463273357));
#888 = CARTESIAN_POINT('',(1.282941059783,-0.289617934363));
#889 = CARTESIAN_POINT('',(1.176005207095,8.90954544295E-16));
#890 = ( GEOMETRIC_REPRESENTATION_CONTEXT(2) 
PARAMETRIC_REPRESENTATION_CONTEXT() REPRESENTATION_CONTEXT('2D SPACE',''
  ) );
#891 = PCURVE('',#892,#897);
#892 = PLANE('',#893);
#893 = AXIS2_PLACEMENT_3D('',#894,#895,#896);
#894 = CARTESIAN_POINT('',(-6.5,-5.,6.));
#895 = DIRECTION('',(0.,0.,1.));
#896 = DIRECTION('',(0.,1.,0.));
#897 = DEFINITIONAL_REPRESENTATION('',(#898),#902);
#898 = HYPERBOLA('',#899,6.,6.);
#899 = AXIS2_PLACEMENT_2D('',#900,#901);
#900 = CARTESIAN_POINT('',(5.,5.7));
#901 = DIRECTION('',(0.,-1.));
#902 = ( GEOMETRIC_REPRESENTATION_CONTEXT(2) 
PARAMETRIC_REPRESENTATION_CONTEXT() REPRESENTATION_CONTEXT('2D SPACE',''
  ) );
#903 = ORIENTED_EDGE('',*,*,#904,.F.);
#904 = EDGE_CURVE('',#756,#871,#905,.T.);
#905 = SURFACE_CURVE('',#906,(#911,#918),.PCURVE_S1.);
#906 = CIRCLE('',#907,6.5);
#907 = AXIS2_PLACEMENT_3D('',#908,#909,#910);
#908 = CARTESIAN_POINT('',(-5.7,0.,0.));
#909 = DIRECTION('',(1.,0.,0.));
#910 = DIRECTION('',(0.,1.,0.));
#911 = PCURVE('',#512,#912);
#912 = DEFINITIONAL_REPRESENTATION('',(#913),#917);
#913 = LINE('',#914,#915);
#914 = CARTESIAN_POINT('',(0.,0.));
#915 = VECTOR('',#916,1.);
#916 = DIRECTION('',(1.,0.));
#917 = ( GEOMETRIC_REPRESENTATION_CONTEXT(2) 
PARAMETRIC_REPRESENTATION_CONTEXT() REPRESENTATION_CONTEXT('2D SPACE',''
  ) );
#918 = PCURVE('',#795,#919);
#919 = DEFINITIONAL_REPRESENTATION('',(#920),#924);
#920 = LINE('',#921,#922);
#921 = CARTESIAN_POINT('',(0.,0.8));
#922 = VECTOR('',#923,1.);
#923 = DIRECTION('',(1.,0.));
#924 = ( GEOMETRIC_REPRESENTATION_CONTEXT(2) 
PARAMETRIC_REPRESENTATION_CONTEXT() REPRESENTATION_CONTEXT('2D SPACE',''
  ) );
#925 = ORIENTED_EDGE('',*,*,#755,.F.);
#926 = ADVANCED_FACE('',(#927),#600,.F.);
#927 = FACE_BOUND('',#928,.F.);
#928 = EDGE_LOOP('',(#929,#930,#931,#932,#955,#983));
#929 = ORIENTED_EDGE('',*,*,#641,.F.);
#930 = ORIENTED_EDGE('',*,*,#729,.T.);
#931 = ORIENTED_EDGE('',*,*,#584,.T.);
#932 = ORIENTED_EDGE('',*,*,#933,.T.);
#933 = EDGE_CURVE('',#585,#934,#936,.T.);
#934 = VERTEX_POINT('',#935);
#935 = CARTESIAN_POINT('',(8.85,-4.7,0.5));
#936 = SURFACE_CURVE('',#937,(#941,#948),.PCURVE_S1.);
#937 = LINE('',#938,#939);
#938 = CARTESIAN_POINT('',(9.35,-4.7,0.));
#939 = VECTOR('',#940,1.);
#940 = DIRECTION('',(0.707106781187,0.,-0.707106781187));
#941 = PCURVE('',#600,#942);
#942 = DEFINITIONAL_REPRESENTATION('',(#943),#947);
#943 = LINE('',#944,#945);
#944 = CARTESIAN_POINT('',(0.75,-15.5));
#945 = VECTOR('',#946,1.);
#946 = DIRECTION('',(0.707106781187,-0.707106781187));
#947 = ( GEOMETRIC_REPRESENTATION_CONTEXT(2) 
PARAMETRIC_REPRESENTATION_CONTEXT() REPRESENTATION_CONTEXT('2D SPACE',''
  ) );
#948 = PCURVE('',#629,#949);
#949 = DEFINITIONAL_REPRESENTATION('',(#950),#954);
#950 = LINE('',#951,#952);
#951 = CARTESIAN_POINT('',(0.,-0.75));
#952 = VECTOR('',#953,1.);
#953 = DIRECTION('',(-0.,-1.));
#954 = ( GEOMETRIC_REPRESENTATION_CONTEXT(2) 
PARAMETRIC_REPRESENTATION_CONTEXT() REPRESENTATION_CONTEXT('2D SPACE',''
  ) );
#955 = ORIENTED_EDGE('',*,*,#956,.T.);
#956 = EDGE_CURVE('',#934,#957,#959,.T.);
#957 = VERTEX_POINT('',#958);
#958 = CARTESIAN_POINT('',(8.85,-4.7,-0.5));
#959 = SURFACE_CURVE('',#960,(#964,#971),.PCURVE_S1.);
#960 = LINE('',#961,#962);
#961 = CARTESIAN_POINT('',(8.85,-4.7,0.75));
#962 = VECTOR('',#963,1.);
#963 = DIRECTION('',(0.,0.,-1.));
#964 = PCURVE('',#600,#965);
#965 = DEFINITIONAL_REPRESENTATION('',(#966),#970);
#966 = LINE('',#967,#968);
#967 = CARTESIAN_POINT('',(0.,-15.));
#968 = VECTOR('',#969,1.);
#969 = DIRECTION('',(1.,0.));
#970 = ( GEOMETRIC_REPRESENTATION_CONTEXT(2) 
PARAMETRIC_REPRESENTATION_CONTEXT() REPRESENTATION_CONTEXT('2D SPACE',''
  ) );
#971 = PCURVE('',#972,#977);
#972 = PLANE('',#973);
#973 = AXIS2_PLACEMENT_3D('',#974,#975,#976);
#974 = CARTESIAN_POINT('',(8.85,-4.440192378865,0.));
#975 = DIRECTION('',(1.,0.,0.));
#976 = DIRECTION('',(0.,0.,1.));
#977 = DEFINITIONAL_REPRESENTATION('',(#978),#982);
#978 = LINE('',#979,#980);
#979 = CARTESIAN_POINT('',(0.75,0.259807621135));
#980 = VECTOR('',#981,1.);
#981 = DIRECTION('',(-1.,0.));
#982 = ( GEOMETRIC_REPRESENTATION_CONTEXT(2) 
PARAMETRIC_REPRESENTATION_CONTEXT() REPRESENTATION_CONTEXT('2D SPACE',''
  ) );
#983 = ORIENTED_EDGE('',*,*,#984,.F.);
#984 = EDGE_CURVE('',#613,#957,#985,.T.);
#985 = SURFACE_CURVE('',#986,(#990,#997),.PCURVE_S1.);
#986 = LINE('',#987,#988);
#987 = CARTESIAN_POINT('',(9.35,-4.7,0.));
#988 = VECTOR('',#989,1.);
#989 = DIRECTION('',(0.707106781187,0.,0.707106781187));
#990 = PCURVE('',#600,#991);
#991 = DEFINITIONAL_REPRESENTATION('',(#992),#996);
#992 = LINE('',#993,#994);
#993 = CARTESIAN_POINT('',(0.75,-15.5));
#994 = VECTOR('',#995,1.);
#995 = DIRECTION('',(-0.707106781187,-0.707106781187));
#996 = ( GEOMETRIC_REPRESENTATION_CONTEXT(2) 
PARAMETRIC_REPRESENTATION_CONTEXT() REPRESENTATION_CONTEXT('2D SPACE',''
  ) );
#997 = PCURVE('',#629,#998);
#998 = DEFINITIONAL_REPRESENTATION('',(#999),#1003);
#999 = LINE('',#1000,#1001);
#1000 = CARTESIAN_POINT('',(3.14159265359,-0.75));
#1001 = VECTOR('',#1002,1.);
#1002 = DIRECTION('',(-0.,-1.));
#1003 = ( GEOMETRIC_REPRESENTATION_CONTEXT(2) 
PARAMETRIC_REPRESENTATION_CONTEXT() REPRESENTATION_CONTEXT('2D SPACE',''
  ) );
#1004 = ADVANCED_FACE('',(#1005),#629,.T.);
#1005 = FACE_BOUND('',#1006,.F.);
#1006 = EDGE_LOOP('',(#1007,#1008,#1009,#1010));
#1007 = ORIENTED_EDGE('',*,*,#933,.F.);
#1008 = ORIENTED_EDGE('',*,*,#612,.T.);
#1009 = ORIENTED_EDGE('',*,*,#984,.T.);
#1010 = ORIENTED_EDGE('',*,*,#1011,.F.);
#1011 = EDGE_CURVE('',#934,#957,#1012,.T.);
#1012 = SURFACE_CURVE('',#1013,(#1018,#1025),.PCURVE_S1.);
#1013 = CIRCLE('',#1014,0.5);
#1014 = AXIS2_PLACEMENT_3D('',#1015,#1016,#1017);
#1015 = CARTESIAN_POINT('',(8.85,-4.7,0.));
#1016 = DIRECTION('',(-1.,0.,0.));
#1017 = DIRECTION('',(0.,0.,1.));
#1018 = PCURVE('',#629,#1019);
#1019 = DEFINITIONAL_REPRESENTATION('',(#1020),#1024);
#1020 = LINE('',#1021,#1022);
#1021 = CARTESIAN_POINT('',(0.,-0.25));
#1022 = VECTOR('',#1023,1.);
#1023 = DIRECTION('',(1.,-0.));
#1024 = ( GEOMETRIC_REPRESENTATION_CONTEXT(2) 
PARAMETRIC_REPRESENTATION_CONTEXT() REPRESENTATION_CONTEXT('2D SPACE',''
  ) );
#1025 = PCURVE('',#972,#1026);
#1026 = DEFINITIONAL_REPRESENTATION('',(#1027),#1035);
#1027 = ( BOUNDED_CURVE() B_SPLINE_CURVE(2,(#1028,#1029,#1030,#1031,
#1032,#1033,#1034),.UNSPECIFIED.,.T.,.F.) B_SPLINE_CURVE_WITH_KNOTS((1,2
    ,2,2,2,1),(-2.094395102393,0.,2.094395102393,4.188790204786,
6.28318530718,8.377580409573),.UNSPECIFIED.) CURVE() 
GEOMETRIC_REPRESENTATION_ITEM() RATIONAL_B_SPLINE_CURVE((1.,0.5,1.,0.5,
1.,0.5,1.)) REPRESENTATION_ITEM('') );
#1028 = CARTESIAN_POINT('',(0.5,0.259807621135));
#1029 = CARTESIAN_POINT('',(0.5,-0.606217782649));
#1030 = CARTESIAN_POINT('',(-0.25,-0.173205080757));
#1031 = CARTESIAN_POINT('',(-1.,0.259807621135));
#1032 = CARTESIAN_POINT('',(-0.25,0.692820323028));
#1033 = CARTESIAN_POINT('',(0.5,1.12583302492));
#1034 = CARTESIAN_POINT('',(0.5,0.259807621135));
#1035 = ( GEOMETRIC_REPRESENTATION_CONTEXT(2) 
PARAMETRIC_REPRESENTATION_CONTEXT() REPRESENTATION_CONTEXT('2D SPACE',''
  ) );
#1036 = ADVANCED_FACE('',(#1037),#712,.F.);
#1037 = FACE_BOUND('',#1038,.T.);
#1038 = EDGE_LOOP('',(#1039,#1068,#1089,#1090));
#1039 = ORIENTED_EDGE('',*,*,#1040,.T.);
#1040 = EDGE_CURVE('',#1041,#1041,#1043,.T.);
#1041 = VERTEX_POINT('',#1042);
#1042 = CARTESIAN_POINT('',(9.1,4.8,0.));
#1043 = SURFACE_CURVE('',#1044,(#1049,#1056),.PCURVE_S1.);
#1044 = CIRCLE('',#1045,4.8);
#1045 = AXIS2_PLACEMENT_3D('',#1046,#1047,#1048);
#1046 = CARTESIAN_POINT('',(9.1,0.,0.));
#1047 = DIRECTION('',(1.,0.,0.));
#1048 = DIRECTION('',(0.,1.,0.));
#1049 = PCURVE('',#712,#1050);
#1050 = DEFINITIONAL_REPRESENTATION('',(#1051),#1055);
#1051 = LINE('',#1052,#1053);
#1052 = CARTESIAN_POINT('',(-0.,0.));
#1053 = VECTOR('',#1054,1.);
#1054 = DIRECTION('',(-1.,0.));
#1055 = ( GEOMETRIC_REPRESENTATION_CONTEXT(2) 
PARAMETRIC_REPRESENTATION_CONTEXT() REPRESENTATION_CONTEXT('2D SPACE',''
  ) );
#1056 = PCURVE('',#1057,#1062);
#1057 = PLANE('',#1058);
#1058 = AXIS2_PLACEMENT_3D('',#1059,#1060,#1061);
#1059 = CARTESIAN_POINT('',(9.1,0.,0.));
#1060 = DIRECTION('',(1.,0.,0.));
#1061 = DIRECTION('',(0.,1.,0.));
#1062 = DEFINITIONAL_REPRESENTATION('',(#1063),#1067);
#1063 = CIRCLE('',#1064,4.8);
#1064 = AXIS2_PLACEMENT_2D('',#1065,#1066);
#1065 = CARTESIAN_POINT('',(0.,0.));
#1066 = DIRECTION('',(1.,0.));
#1067 = ( GEOMETRIC_REPRESENTATION_CONTEXT(2) 
PARAMETRIC_REPRESENTATION_CONTEXT() REPRESENTATION_CONTEXT('2D SPACE',''
  ) );
#1068 = ORIENTED_EDGE('',*,*,#1069,.T.);
#1069 = EDGE_CURVE('',#1041,#696,#1070,.T.);
#1070 = SEAM_CURVE('',#1071,(#1075,#1082),.PCURVE_S1.);
#1071 = LINE('',#1072,#1073);
#1072 = CARTESIAN_POINT('',(9.1,4.8,0.));
#1073 = VECTOR('',#1074,1.);
#1074 = DIRECTION('',(-1.,0.,0.));
#1075 = PCURVE('',#712,#1076);
#1076 = DEFINITIONAL_REPRESENTATION('',(#1077),#1081);
#1077 = LINE('',#1078,#1079);
#1078 = CARTESIAN_POINT('',(-0.,0.));
#1079 = VECTOR('',#1080,1.);
#1080 = DIRECTION('',(-0.,1.));
#1081 = ( GEOMETRIC_REPRESENTATION_CONTEXT(2) 
PARAMETRIC_REPRESENTATION_CONTEXT() REPRESENTATION_CONTEXT('2D SPACE',''
  ) );
#1082 = PCURVE('',#712,#1083);
#1083 = DEFINITIONAL_REPRESENTATION('',(#1084),#1088);
#1084 = LINE('',#1085,#1086);
#1085 = CARTESIAN_POINT('',(-6.28318530718,0.));
#1086 = VECTOR('',#1087,1.);
#1087 = DIRECTION('',(-0.,1.));
#1088 = ( GEOMETRIC_REPRESENTATION_CONTEXT(2) 
PARAMETRIC_REPRESENTATION_CONTEXT() REPRESENTATION_CONTEXT('2D SPACE',''
  ) );
#1089 = ORIENTED_EDGE('',*,*,#695,.F.);
#1090 = ORIENTED_EDGE('',*,*,#1069,.F.);
#1091 = ADVANCED_FACE('',(#1092),#795,.T.);
#1092 = FACE_BOUND('',#1093,.T.);
#1093 = EDGE_LOOP('',(#1094,#1125,#1146,#1147,#1148,#1171));
#1094 = ORIENTED_EDGE('',*,*,#1095,.F.);
#1095 = EDGE_CURVE('',#1096,#1098,#1100,.T.);
#1096 = VERTEX_POINT('',#1097);
#1097 = CARTESIAN_POINT('',(-1.85,2.5,-6.));
#1098 = VERTEX_POINT('',#1099);
#1099 = CARTESIAN_POINT('',(-1.85,6.5,0.));
#1100 = SURFACE_CURVE('',#1101,(#1106,#1113),.PCURVE_S1.);
#1101 = CIRCLE('',#1102,6.5);
#1102 = AXIS2_PLACEMENT_3D('',#1103,#1104,#1105);
#1103 = CARTESIAN_POINT('',(-1.85,0.,0.));
#1104 = DIRECTION('',(1.,0.,0.));
#1105 = DIRECTION('',(0.,1.,0.));
#1106 = PCURVE('',#795,#1107);
#1107 = DEFINITIONAL_REPRESENTATION('',(#1108),#1112);
#1108 = LINE('',#1109,#1110);
#1109 = CARTESIAN_POINT('',(-6.28318530718,4.65));
#1110 = VECTOR('',#1111,1.);
#1111 = DIRECTION('',(1.,0.));
#1112 = ( GEOMETRIC_REPRESENTATION_CONTEXT(2) 
PARAMETRIC_REPRESENTATION_CONTEXT() REPRESENTATION_CONTEXT('2D SPACE',''
  ) );
#1113 = PCURVE('',#1114,#1119);
#1114 = CONICAL_SURFACE('',#1115,6.5,0.785398163397);
#1115 = AXIS2_PLACEMENT_3D('',#1116,#1117,#1118);
#1116 = CARTESIAN_POINT('',(-1.85,0.,0.));
#1117 = DIRECTION('',(1.,0.,0.));
#1118 = DIRECTION('',(0.,1.,0.));
#1119 = DEFINITIONAL_REPRESENTATION('',(#1120),#1124);
#1120 = LINE('',#1121,#1122);
#1121 = CARTESIAN_POINT('',(0.,0.));
#1122 = VECTOR('',#1123,1.);
#1123 = DIRECTION('',(1.,0.));
#1124 = ( GEOMETRIC_REPRESENTATION_CONTEXT(2) 
PARAMETRIC_REPRESENTATION_CONTEXT() REPRESENTATION_CONTEXT('2D SPACE',''
  ) );
#1125 = ORIENTED_EDGE('',*,*,#1126,.F.);
#1126 = EDGE_CURVE('',#779,#1096,#1127,.T.);
#1127 = SURFACE_CURVE('',#1128,(#1132,#1139),.PCURVE_S1.);
#1128 = LINE('',#1129,#1130);
#1129 = CARTESIAN_POINT('',(-6.5,2.5,-6.));
#1130 = VECTOR('',#1131,1.);
#1131 = DIRECTION('',(1.,0.,0.));
#1132 = PCURVE('',#795,#1133);
#1133 = DEFINITIONAL_REPRESENTATION('',(#1134),#1138);
#1134 = LINE('',#1135,#1136);
#1135 = CARTESIAN_POINT('',(-1.176005207095,0.));
#1136 = VECTOR('',#1137,1.);
#1137 = DIRECTION('',(0.,1.));
#1138 = ( GEOMETRIC_REPRESENTATION_CONTEXT(2) 
PARAMETRIC_REPRESENTATION_CONTEXT() REPRESENTATION_CONTEXT('2D SPACE',''
  ) );
#1139 = PCURVE('',#829,#1140);
#1140 = DEFINITIONAL_REPRESENTATION('',(#1141),#1145);
#1141 = LINE('',#1142,#1143);
#1142 = CARTESIAN_POINT('',(2.5,0.));
#1143 = VECTOR('',#1144,1.);
#1144 = DIRECTION('',(0.,-1.));
#1145 = ( GEOMETRIC_REPRESENTATION_CONTEXT(2) 
PARAMETRIC_REPRESENTATION_CONTEXT() REPRESENTATION_CONTEXT('2D SPACE',''
  ) );
#1146 = ORIENTED_EDGE('',*,*,#778,.T.);
#1147 = ORIENTED_EDGE('',*,*,#904,.T.);
#1148 = ORIENTED_EDGE('',*,*,#1149,.T.);
#1149 = EDGE_CURVE('',#871,#1150,#1152,.T.);
#1150 = VERTEX_POINT('',#1151);
#1151 = CARTESIAN_POINT('',(-1.85,2.5,6.));
#1152 = SURFACE_CURVE('',#1153,(#1157,#1164),.PCURVE_S1.);
#1153 = LINE('',#1154,#1155);
#1154 = CARTESIAN_POINT('',(-6.5,2.5,6.));
#1155 = VECTOR('',#1156,1.);
#1156 = DIRECTION('',(1.,0.,0.));
#1157 = PCURVE('',#795,#1158);
#1158 = DEFINITIONAL_REPRESENTATION('',(#1159),#1163);
#1159 = LINE('',#1160,#1161);
#1160 = CARTESIAN_POINT('',(1.176005207095,0.));
#1161 = VECTOR('',#1162,1.);
#1162 = DIRECTION('',(0.,1.));
#1163 = ( GEOMETRIC_REPRESENTATION_CONTEXT(2) 
PARAMETRIC_REPRESENTATION_CONTEXT() REPRESENTATION_CONTEXT('2D SPACE',''
  ) );
#1164 = PCURVE('',#892,#1165);
#1165 = DEFINITIONAL_REPRESENTATION('',(#1166),#1170);
#1166 = LINE('',#1167,#1168);
#1167 = CARTESIAN_POINT('',(7.5,0.));
#1168 = VECTOR('',#1169,1.);
#1169 = DIRECTION('',(0.,-1.));
#1170 = ( GEOMETRIC_REPRESENTATION_CONTEXT(2) 
PARAMETRIC_REPRESENTATION_CONTEXT() REPRESENTATION_CONTEXT('2D SPACE',''
  ) );
#1171 = ORIENTED_EDGE('',*,*,#1172,.F.);
#1172 = EDGE_CURVE('',#1098,#1150,#1173,.T.);
#1173 = SURFACE_CURVE('',#1174,(#1179,#1186),.PCURVE_S1.);
#1174 = CIRCLE('',#1175,6.5);
#1175 = AXIS2_PLACEMENT_3D('',#1176,#1177,#1178);
#1176 = CARTESIAN_POINT('',(-1.85,0.,0.));
#1177 = DIRECTION('',(1.,0.,0.));
#1178 = DIRECTION('',(0.,1.,0.));
#1179 = PCURVE('',#795,#1180);
#1180 = DEFINITIONAL_REPRESENTATION('',(#1181),#1185);
#1181 = LINE('',#1182,#1183);
#1182 = CARTESIAN_POINT('',(0.,4.65));
#1183 = VECTOR('',#1184,1.);
#1184 = DIRECTION('',(1.,0.));
#1185 = ( GEOMETRIC_REPRESENTATION_CONTEXT(2) 
PARAMETRIC_REPRESENTATION_CONTEXT() REPRESENTATION_CONTEXT('2D SPACE',''
  ) );
#1186 = PCURVE('',#1187,#1192);
#1187 = CONICAL_SURFACE('',#1188,6.5,0.785398163397);
#1188 = AXIS2_PLACEMENT_3D('',#1189,#1190,#1191);
#1189 = CARTESIAN_POINT('',(-1.85,0.,0.));
#1190 = DIRECTION('',(1.,0.,0.));
#1191 = DIRECTION('',(0.,1.,0.));
#1192 = DEFINITIONAL_REPRESENTATION('',(#1193),#1197);
#1193 = LINE('',#1194,#1195);
#1194 = CARTESIAN_POINT('',(0.,0.));
#1195 = VECTOR('',#1196,1.);
#1196 = DIRECTION('',(1.,0.));
#1197 = ( GEOMETRIC_REPRESENTATION_CONTEXT(2) 
PARAMETRIC_REPRESENTATION_CONTEXT() REPRESENTATION_CONTEXT('2D SPACE',''
  ) );
#1198 = ADVANCED_FACE('',(#1199),#892,.T.);
#1199 = FACE_BOUND('',#1200,.T.);
#1200 = EDGE_LOOP('',(#1201,#1235,#1263,#1288,#1289,#1290));
#1201 = ORIENTED_EDGE('',*,*,#1202,.F.);
#1202 = EDGE_CURVE('',#1203,#1205,#1207,.T.);
#1203 = VERTEX_POINT('',#1204);
#1204 = CARTESIAN_POINT('',(-1.5,-3.304920573932,6.));
#1205 = VERTEX_POINT('',#1206);
#1206 = CARTESIAN_POINT('',(-1.85,-2.5,6.));
#1207 = SURFACE_CURVE('',#1208,(#1213,#1220),.PCURVE_S1.);
#1208 = HYPERBOLA('',#1209,6.,6.);
#1209 = AXIS2_PLACEMENT_3D('',#1210,#1211,#1212);
#1210 = CARTESIAN_POINT('',(-8.35,0.,6.));
#1211 = DIRECTION('',(0.,0.,1.));
#1212 = DIRECTION('',(1.,0.,0.));
#1213 = PCURVE('',#892,#1214);
#1214 = DEFINITIONAL_REPRESENTATION('',(#1215),#1219);
#1215 = HYPERBOLA('',#1216,6.,6.);
#1216 = AXIS2_PLACEMENT_2D('',#1217,#1218);
#1217 = CARTESIAN_POINT('',(5.,1.85));
#1218 = DIRECTION('',(0.,-1.));
#1219 = ( GEOMETRIC_REPRESENTATION_CONTEXT(2) 
PARAMETRIC_REPRESENTATION_CONTEXT() REPRESENTATION_CONTEXT('2D SPACE',''
  ) );
#1220 = PCURVE('',#1221,#1226);
#1221 = CONICAL_SURFACE('',#1222,6.5,0.785398163397);
#1222 = AXIS2_PLACEMENT_3D('',#1223,#1224,#1225);
#1223 = CARTESIAN_POINT('',(-1.85,0.,0.));
#1224 = DIRECTION('',(1.,0.,0.));
#1225 = DIRECTION('',(0.,1.,0.));
#1226 = DEFINITIONAL_REPRESENTATION('',(#1227),#1234);
#1227 = B_SPLINE_CURVE_WITH_KNOTS('',5,(#1228,#1229,#1230,#1231,#1232,
    #1233),.UNSPECIFIED.,.F.,.F.,(6,6),(-0.526198904398,-0.405465108108)
  ,.PIECEWISE_BEZIER_KNOTS.);
#1228 = CARTESIAN_POINT('',(2.074268951656,0.35));
#1229 = CARTESIAN_POINT('',(2.053118505591,0.270196878534));
#1230 = CARTESIAN_POINT('',(2.031660054893,0.195386258916));
#1231 = CARTESIAN_POINT('',(2.00990732304,0.125471206774));
#1232 = CARTESIAN_POINT('',(1.987876762733,6.036689814504E-02));
#1233 = CARTESIAN_POINT('',(1.965587446495,2.192031021678E-16));
#1234 = ( GEOMETRIC_REPRESENTATION_CONTEXT(2) 
PARAMETRIC_REPRESENTATION_CONTEXT() REPRESENTATION_CONTEXT('2D SPACE',''
  ) );
#1235 = ORIENTED_EDGE('',*,*,#1236,.T.);
#1236 = EDGE_CURVE('',#1203,#1237,#1239,.T.);
#1237 = VERTEX_POINT('',#1238);
#1238 = CARTESIAN_POINT('',(-1.5,3.304920573932,6.));
#1239 = SURFACE_CURVE('',#1240,(#1244,#1251),.PCURVE_S1.);
#1240 = LINE('',#1241,#1242);
#1241 = CARTESIAN_POINT('',(-1.5,-5.,6.));
#1242 = VECTOR('',#1243,1.);
#1243 = DIRECTION('',(0.,1.,0.));
#1244 = PCURVE('',#892,#1245);
#1245 = DEFINITIONAL_REPRESENTATION('',(#1246),#1250);
#1246 = LINE('',#1247,#1248);
#1247 = CARTESIAN_POINT('',(0.,-5.));
#1248 = VECTOR('',#1249,1.);
#1249 = DIRECTION('',(1.,0.));
#1250 = ( GEOMETRIC_REPRESENTATION_CONTEXT(2) 
PARAMETRIC_REPRESENTATION_CONTEXT() REPRESENTATION_CONTEXT('2D SPACE',''
  ) );
#1251 = PCURVE('',#1252,#1257);
#1252 = PLANE('',#1253);
#1253 = AXIS2_PLACEMENT_3D('',#1254,#1255,#1256);
#1254 = CARTESIAN_POINT('',(-1.5,0.,0.));
#1255 = DIRECTION('',(1.,0.,0.));
#1256 = DIRECTION('',(0.,1.,0.));
#1257 = DEFINITIONAL_REPRESENTATION('',(#1258),#1262);
#1258 = LINE('',#1259,#1260);
#1259 = CARTESIAN_POINT('',(-5.,6.));
#1260 = VECTOR('',#1261,1.);
#1261 = DIRECTION('',(1.,-0.));
#1262 = ( GEOMETRIC_REPRESENTATION_CONTEXT(2) 
PARAMETRIC_REPRESENTATION_CONTEXT() REPRESENTATION_CONTEXT('2D SPACE',''
  ) );
#1263 = ORIENTED_EDGE('',*,*,#1264,.F.);
#1264 = EDGE_CURVE('',#1150,#1237,#1265,.T.);
#1265 = SURFACE_CURVE('',#1266,(#1271,#1278),.PCURVE_S1.);
#1266 = HYPERBOLA('',#1267,6.,6.);
#1267 = AXIS2_PLACEMENT_3D('',#1268,#1269,#1270);
#1268 = CARTESIAN_POINT('',(-8.35,0.,6.));
#1269 = DIRECTION('',(0.,0.,1.));
#1270 = DIRECTION('',(1.,0.,0.));
#1271 = PCURVE('',#892,#1272);
#1272 = DEFINITIONAL_REPRESENTATION('',(#1273),#1277);
#1273 = HYPERBOLA('',#1274,6.,6.);
#1274 = AXIS2_PLACEMENT_2D('',#1275,#1276);
#1275 = CARTESIAN_POINT('',(5.,1.85));
#1276 = DIRECTION('',(0.,-1.));
#1277 = ( GEOMETRIC_REPRESENTATION_CONTEXT(2) 
PARAMETRIC_REPRESENTATION_CONTEXT() REPRESENTATION_CONTEXT('2D SPACE',''
  ) );
#1278 = PCURVE('',#1187,#1279);
#1279 = DEFINITIONAL_REPRESENTATION('',(#1280),#1287);
#1280 = B_SPLINE_CURVE_WITH_KNOTS('',5,(#1281,#1282,#1283,#1284,#1285,
    #1286),.UNSPECIFIED.,.F.,.F.,(6,6),(0.405465108108,0.526198904398),
  .PIECEWISE_BEZIER_KNOTS.);
#1281 = CARTESIAN_POINT('',(1.176005207095,2.192031021678E-16));
#1282 = CARTESIAN_POINT('',(1.153715890857,6.036689814504E-02));
#1283 = CARTESIAN_POINT('',(1.131685330549,0.125471206774));
#1284 = CARTESIAN_POINT('',(1.109932598697,0.195386258916));
#1285 = CARTESIAN_POINT('',(1.088474147999,0.270196878534));
#1286 = CARTESIAN_POINT('',(1.067323701934,0.35));
#1287 = ( GEOMETRIC_REPRESENTATION_CONTEXT(2) 
PARAMETRIC_REPRESENTATION_CONTEXT() REPRESENTATION_CONTEXT('2D SPACE',''
  ) );
#1288 = ORIENTED_EDGE('',*,*,#1149,.F.);
#1289 = ORIENTED_EDGE('',*,*,#870,.F.);
#1290 = ORIENTED_EDGE('',*,*,#1291,.T.);
#1291 = EDGE_CURVE('',#842,#1205,#1292,.T.);
#1292 = SURFACE_CURVE('',#1293,(#1297,#1304),.PCURVE_S1.);
#1293 = LINE('',#1294,#1295);
#1294 = CARTESIAN_POINT('',(-6.5,-2.5,6.));
#1295 = VECTOR('',#1296,1.);
#1296 = DIRECTION('',(1.,0.,0.));
#1297 = PCURVE('',#892,#1298);
#1298 = DEFINITIONAL_REPRESENTATION('',(#1299),#1303);
#1299 = LINE('',#1300,#1301);
#1300 = CARTESIAN_POINT('',(2.5,0.));
#1301 = VECTOR('',#1302,1.);
#1302 = DIRECTION('',(0.,-1.));
#1303 = ( GEOMETRIC_REPRESENTATION_CONTEXT(2) 
PARAMETRIC_REPRESENTATION_CONTEXT() REPRESENTATION_CONTEXT('2D SPACE',''
  ) );
#1304 = PCURVE('',#858,#1305);
#1305 = DEFINITIONAL_REPRESENTATION('',(#1306),#1310);
#1306 = LINE('',#1307,#1308);
#1307 = CARTESIAN_POINT('',(1.965587446495,0.));
#1308 = VECTOR('',#1309,1.);
#1309 = DIRECTION('',(0.,1.));
#1310 = ( GEOMETRIC_REPRESENTATION_CONTEXT(2) 
PARAMETRIC_REPRESENTATION_CONTEXT() REPRESENTATION_CONTEXT('2D SPACE',''
  ) );
#1311 = ADVANCED_FACE('',(#1312),#858,.T.);
#1312 = FACE_BOUND('',#1313,.T.);
#1313 = EDGE_LOOP('',(#1314,#1338,#1339,#1340));
#1314 = ORIENTED_EDGE('',*,*,#1315,.F.);
#1315 = EDGE_CURVE('',#1205,#1316,#1318,.T.);
#1316 = VERTEX_POINT('',#1317);
#1317 = CARTESIAN_POINT('',(-1.85,-2.5,-6.));
#1318 = SURFACE_CURVE('',#1319,(#1324,#1331),.PCURVE_S1.);
#1319 = CIRCLE('',#1320,6.5);
#1320 = AXIS2_PLACEMENT_3D('',#1321,#1322,#1323);
#1321 = CARTESIAN_POINT('',(-1.85,0.,0.));
#1322 = DIRECTION('',(1.,0.,0.));
#1323 = DIRECTION('',(0.,1.,0.));
#1324 = PCURVE('',#858,#1325);
#1325 = DEFINITIONAL_REPRESENTATION('',(#1326),#1330);
#1326 = LINE('',#1327,#1328);
#1327 = CARTESIAN_POINT('',(0.,4.65));
#1328 = VECTOR('',#1329,1.);
#1329 = DIRECTION('',(1.,0.));
#1330 = ( GEOMETRIC_REPRESENTATION_CONTEXT(2) 
PARAMETRIC_REPRESENTATION_CONTEXT() REPRESENTATION_CONTEXT('2D SPACE',''
  ) );
#1331 = PCURVE('',#1221,#1332);
#1332 = DEFINITIONAL_REPRESENTATION('',(#1333),#1337);
#1333 = LINE('',#1334,#1335);
#1334 = CARTESIAN_POINT('',(0.,0.));
#1335 = VECTOR('',#1336,1.);
#1336 = DIRECTION('',(1.,0.));
#1337 = ( GEOMETRIC_REPRESENTATION_CONTEXT(2) 
PARAMETRIC_REPRESENTATION_CONTEXT() REPRESENTATION_CONTEXT('2D SPACE',''
  ) );
#1338 = ORIENTED_EDGE('',*,*,#1291,.F.);
#1339 = ORIENTED_EDGE('',*,*,#841,.T.);
#1340 = ORIENTED_EDGE('',*,*,#1341,.T.);
#1341 = EDGE_CURVE('',#808,#1316,#1342,.T.);
#1342 = SURFACE_CURVE('',#1343,(#1347,#1354),.PCURVE_S1.);
#1343 = LINE('',#1344,#1345);
#1344 = CARTESIAN_POINT('',(-6.5,-2.5,-6.));
#1345 = VECTOR('',#1346,1.);
#1346 = DIRECTION('',(1.,0.,0.));
#1347 = PCURVE('',#858,#1348);
#1348 = DEFINITIONAL_REPRESENTATION('',(#1349),#1353);
#1349 = LINE('',#1350,#1351);
#1350 = CARTESIAN_POINT('',(4.317597860685,0.));
#1351 = VECTOR('',#1352,1.);
#1352 = DIRECTION('',(0.,1.));
#1353 = ( GEOMETRIC_REPRESENTATION_CONTEXT(2) 
PARAMETRIC_REPRESENTATION_CONTEXT() REPRESENTATION_CONTEXT('2D SPACE',''
  ) );
#1354 = PCURVE('',#829,#1355);
#1355 = DEFINITIONAL_REPRESENTATION('',(#1356),#1360);
#1356 = LINE('',#1357,#1358);
#1357 = CARTESIAN_POINT('',(7.5,0.));
#1358 = VECTOR('',#1359,1.);
#1359 = DIRECTION('',(0.,-1.));
#1360 = ( GEOMETRIC_REPRESENTATION_CONTEXT(2) 
PARAMETRIC_REPRESENTATION_CONTEXT() REPRESENTATION_CONTEXT('2D SPACE',''
  ) );
#1361 = ADVANCED_FACE('',(#1362),#829,.T.);
#1362 = FACE_BOUND('',#1363,.T.);
#1363 = EDGE_LOOP('',(#1364,#1391,#1414,#1439,#1440,#1441));
#1364 = ORIENTED_EDGE('',*,*,#1365,.F.);
#1365 = EDGE_CURVE('',#1366,#1096,#1368,.T.);
#1366 = VERTEX_POINT('',#1367);
#1367 = CARTESIAN_POINT('',(-1.5,3.304920573932,-6.));
#1368 = SURFACE_CURVE('',#1369,(#1374,#1381),.PCURVE_S1.);
#1369 = HYPERBOLA('',#1370,6.,6.);
#1370 = AXIS2_PLACEMENT_3D('',#1371,#1372,#1373);
#1371 = CARTESIAN_POINT('',(-8.35,0.,-6.));
#1372 = DIRECTION('',(0.,0.,-1.));
#1373 = DIRECTION('',(1.,0.,0.));
#1374 = PCURVE('',#829,#1375);
#1375 = DEFINITIONAL_REPRESENTATION('',(#1376),#1380);
#1376 = HYPERBOLA('',#1377,6.,6.);
#1377 = AXIS2_PLACEMENT_2D('',#1378,#1379);
#1378 = CARTESIAN_POINT('',(5.,1.85));
#1379 = DIRECTION('',(0.,-1.));
#1380 = ( GEOMETRIC_REPRESENTATION_CONTEXT(2) 
PARAMETRIC_REPRESENTATION_CONTEXT() REPRESENTATION_CONTEXT('2D SPACE',''
  ) );
#1381 = PCURVE('',#1114,#1382);
#1382 = DEFINITIONAL_REPRESENTATION('',(#1383),#1390);
#1383 = B_SPLINE_CURVE_WITH_KNOTS('',5,(#1384,#1385,#1386,#1387,#1388,
    #1389),.UNSPECIFIED.,.F.,.F.,(6,6),(-0.526198904398,-0.405465108108)
  ,.PIECEWISE_BEZIER_KNOTS.);
#1384 = CARTESIAN_POINT('',(5.215861605246,0.35));
#1385 = CARTESIAN_POINT('',(5.194711159181,0.270196878534));
#1386 = CARTESIAN_POINT('',(5.173252708483,0.195386258916));
#1387 = CARTESIAN_POINT('',(5.15149997663,0.125471206774));
#1388 = CARTESIAN_POINT('',(5.129469416323,6.036689814504E-02));
#1389 = CARTESIAN_POINT('',(5.107180100084,2.192031021678E-16));
#1390 = ( GEOMETRIC_REPRESENTATION_CONTEXT(2) 
PARAMETRIC_REPRESENTATION_CONTEXT() REPRESENTATION_CONTEXT('2D SPACE',''
  ) );
#1391 = ORIENTED_EDGE('',*,*,#1392,.T.);
#1392 = EDGE_CURVE('',#1366,#1393,#1395,.T.);
#1393 = VERTEX_POINT('',#1394);
#1394 = CARTESIAN_POINT('',(-1.5,-3.304920573932,-6.));
#1395 = SURFACE_CURVE('',#1396,(#1400,#1407),.PCURVE_S1.);
#1396 = LINE('',#1397,#1398);
#1397 = CARTESIAN_POINT('',(-1.5,5.,-6.));
#1398 = VECTOR('',#1399,1.);
#1399 = DIRECTION('',(0.,-1.,0.));
#1400 = PCURVE('',#829,#1401);
#1401 = DEFINITIONAL_REPRESENTATION('',(#1402),#1406);
#1402 = LINE('',#1403,#1404);
#1403 = CARTESIAN_POINT('',(0.,-5.));
#1404 = VECTOR('',#1405,1.);
#1405 = DIRECTION('',(1.,0.));
#1406 = ( GEOMETRIC_REPRESENTATION_CONTEXT(2) 
PARAMETRIC_REPRESENTATION_CONTEXT() REPRESENTATION_CONTEXT('2D SPACE',''
  ) );
#1407 = PCURVE('',#1252,#1408);
#1408 = DEFINITIONAL_REPRESENTATION('',(#1409),#1413);
#1409 = LINE('',#1410,#1411);
#1410 = CARTESIAN_POINT('',(5.,-6.));
#1411 = VECTOR('',#1412,1.);
#1412 = DIRECTION('',(-1.,0.));
#1413 = ( GEOMETRIC_REPRESENTATION_CONTEXT(2) 
PARAMETRIC_REPRESENTATION_CONTEXT() REPRESENTATION_CONTEXT('2D SPACE',''
  ) );
#1414 = ORIENTED_EDGE('',*,*,#1415,.F.);
#1415 = EDGE_CURVE('',#1316,#1393,#1416,.T.);
#1416 = SURFACE_CURVE('',#1417,(#1422,#1429),.PCURVE_S1.);
#1417 = HYPERBOLA('',#1418,6.,6.);
#1418 = AXIS2_PLACEMENT_3D('',#1419,#1420,#1421);
#1419 = CARTESIAN_POINT('',(-8.35,0.,-6.));
#1420 = DIRECTION('',(0.,0.,-1.));
#1421 = DIRECTION('',(1.,0.,0.));
#1422 = PCURVE('',#829,#1423);
#1423 = DEFINITIONAL_REPRESENTATION('',(#1424),#1428);
#1424 = HYPERBOLA('',#1425,6.,6.);
#1425 = AXIS2_PLACEMENT_2D('',#1426,#1427);
#1426 = CARTESIAN_POINT('',(5.,1.85));
#1427 = DIRECTION('',(0.,-1.));
#1428 = ( GEOMETRIC_REPRESENTATION_CONTEXT(2) 
PARAMETRIC_REPRESENTATION_CONTEXT() REPRESENTATION_CONTEXT('2D SPACE',''
  ) );
#1429 = PCURVE('',#1221,#1430);
#1430 = DEFINITIONAL_REPRESENTATION('',(#1431),#1438);
#1431 = B_SPLINE_CURVE_WITH_KNOTS('',5,(#1432,#1433,#1434,#1435,#1436,
    #1437),.UNSPECIFIED.,.F.,.F.,(6,6),(0.405465108108,0.526198904398),
  .PIECEWISE_BEZIER_KNOTS.);
#1432 = CARTESIAN_POINT('',(4.317597860685,1.110157646463E-15));
#1433 = CARTESIAN_POINT('',(4.295308544447,6.036689814504E-02));
#1434 = CARTESIAN_POINT('',(4.273277984139,0.125471206774));
#1435 = CARTESIAN_POINT('',(4.251525252286,0.195386258916));
#1436 = CARTESIAN_POINT('',(4.230066801589,0.270196878534));
#1437 = CARTESIAN_POINT('',(4.208916355523,0.35));
#1438 = ( GEOMETRIC_REPRESENTATION_CONTEXT(2) 
PARAMETRIC_REPRESENTATION_CONTEXT() REPRESENTATION_CONTEXT('2D SPACE',''
  ) );
#1439 = ORIENTED_EDGE('',*,*,#1341,.F.);
#1440 = ORIENTED_EDGE('',*,*,#807,.F.);
#1441 = ORIENTED_EDGE('',*,*,#1126,.T.);
#1442 = ADVANCED_FACE('',(#1443),#972,.T.);
#1443 = FACE_BOUND('',#1444,.T.);
#1444 = EDGE_LOOP('',(#1445,#1446));
#1445 = ORIENTED_EDGE('',*,*,#956,.T.);
#1446 = ORIENTED_EDGE('',*,*,#1011,.F.);
#1447 = ADVANCED_FACE('',(#1448,#1479),#1057,.T.);
#1448 = FACE_BOUND('',#1449,.T.);
#1449 = EDGE_LOOP('',(#1450));
#1450 = ORIENTED_EDGE('',*,*,#1451,.T.);
#1451 = EDGE_CURVE('',#1452,#1452,#1454,.T.);
#1452 = VERTEX_POINT('',#1453);
#1453 = CARTESIAN_POINT('',(9.1,5.1,0.));
#1454 = SURFACE_CURVE('',#1455,(#1460,#1467),.PCURVE_S1.);
#1455 = CIRCLE('',#1456,5.1);
#1456 = AXIS2_PLACEMENT_3D('',#1457,#1458,#1459);
#1457 = CARTESIAN_POINT('',(9.1,0.,0.));
#1458 = DIRECTION('',(1.,0.,0.));
#1459 = DIRECTION('',(0.,1.,0.));
#1460 = PCURVE('',#1057,#1461);
#1461 = DEFINITIONAL_REPRESENTATION('',(#1462),#1466);
#1462 = CIRCLE('',#1463,5.1);
#1463 = AXIS2_PLACEMENT_2D('',#1464,#1465);
#1464 = CARTESIAN_POINT('',(0.,0.));
#1465 = DIRECTION('',(1.,0.));
#1466 = ( GEOMETRIC_REPRESENTATION_CONTEXT(2) 
PARAMETRIC_REPRESENTATION_CONTEXT() REPRESENTATION_CONTEXT('2D SPACE',''
  ) );
#1467 = PCURVE('',#1468,#1473);
#1468 = CONICAL_SURFACE('',#1469,5.5,0.212938349579);
#1469 = AXIS2_PLACEMENT_3D('',#1470,#1471,#1472);
#1470 = CARTESIAN_POINT('',(7.25,0.,0.));
#1471 = DIRECTION('',(-1.,-0.,-0.));
#1472 = DIRECTION('',(0.,1.,0.));
#1473 = DEFINITIONAL_REPRESENTATION('',(#1474),#1478);
#1474 = LINE('',#1475,#1476);
#1475 = CARTESIAN_POINT('',(-0.,-1.85));
#1476 = VECTOR('',#1477,1.);
#1477 = DIRECTION('',(-1.,-0.));
#1478 = ( GEOMETRIC_REPRESENTATION_CONTEXT(2) 
PARAMETRIC_REPRESENTATION_CONTEXT() REPRESENTATION_CONTEXT('2D SPACE',''
  ) );
#1479 = FACE_BOUND('',#1480,.T.);
#1480 = EDGE_LOOP('',(#1481));
#1481 = ORIENTED_EDGE('',*,*,#1040,.F.);
#1482 = ADVANCED_FACE('',(#1483),#1114,.T.);
#1483 = FACE_BOUND('',#1484,.T.);
#1484 = EDGE_LOOP('',(#1485,#1486,#1509,#1531));
#1485 = ORIENTED_EDGE('',*,*,#1095,.T.);
#1486 = ORIENTED_EDGE('',*,*,#1487,.T.);
#1487 = EDGE_CURVE('',#1098,#1488,#1490,.T.);
#1488 = VERTEX_POINT('',#1489);
#1489 = CARTESIAN_POINT('',(-1.5,6.85,0.));
#1490 = SURFACE_CURVE('',#1491,(#1495,#1502),.PCURVE_S1.);
#1491 = LINE('',#1492,#1493);
#1492 = CARTESIAN_POINT('',(-1.85,6.5,0.));
#1493 = VECTOR('',#1494,1.);
#1494 = DIRECTION('',(0.707106781187,0.707106781187,0.));
#1495 = PCURVE('',#1114,#1496);
#1496 = DEFINITIONAL_REPRESENTATION('',(#1497),#1501);
#1497 = LINE('',#1498,#1499);
#1498 = CARTESIAN_POINT('',(6.28318530718,0.));
#1499 = VECTOR('',#1500,1.);
#1500 = DIRECTION('',(0.,1.));
#1501 = ( GEOMETRIC_REPRESENTATION_CONTEXT(2) 
PARAMETRIC_REPRESENTATION_CONTEXT() REPRESENTATION_CONTEXT('2D SPACE',''
  ) );
#1502 = PCURVE('',#1187,#1503);
#1503 = DEFINITIONAL_REPRESENTATION('',(#1504),#1508);
#1504 = LINE('',#1505,#1506);
#1505 = CARTESIAN_POINT('',(0.,0.));
#1506 = VECTOR('',#1507,1.);
#1507 = DIRECTION('',(0.,1.));
#1508 = ( GEOMETRIC_REPRESENTATION_CONTEXT(2) 
PARAMETRIC_REPRESENTATION_CONTEXT() REPRESENTATION_CONTEXT('2D SPACE',''
  ) );
#1509 = ORIENTED_EDGE('',*,*,#1510,.F.);
#1510 = EDGE_CURVE('',#1366,#1488,#1511,.T.);
#1511 = SURFACE_CURVE('',#1512,(#1517,#1524),.PCURVE_S1.);
#1512 = CIRCLE('',#1513,6.85);
#1513 = AXIS2_PLACEMENT_3D('',#1514,#1515,#1516);
#1514 = CARTESIAN_POINT('',(-1.5,0.,0.));
#1515 = DIRECTION('',(1.,0.,0.));
#1516 = DIRECTION('',(0.,1.,0.));
#1517 = PCURVE('',#1114,#1518);
#1518 = DEFINITIONAL_REPRESENTATION('',(#1519),#1523);
#1519 = LINE('',#1520,#1521);
#1520 = CARTESIAN_POINT('',(0.,0.35));
#1521 = VECTOR('',#1522,1.);
#1522 = DIRECTION('',(1.,0.));
#1523 = ( GEOMETRIC_REPRESENTATION_CONTEXT(2) 
PARAMETRIC_REPRESENTATION_CONTEXT() REPRESENTATION_CONTEXT('2D SPACE',''
  ) );
#1524 = PCURVE('',#1252,#1525);
#1525 = DEFINITIONAL_REPRESENTATION('',(#1526),#1530);
#1526 = CIRCLE('',#1527,6.85);
#1527 = AXIS2_PLACEMENT_2D('',#1528,#1529);
#1528 = CARTESIAN_POINT('',(0.,0.));
#1529 = DIRECTION('',(1.,-0.));
#1530 = ( GEOMETRIC_REPRESENTATION_CONTEXT(2) 
PARAMETRIC_REPRESENTATION_CONTEXT() REPRESENTATION_CONTEXT('2D SPACE',''
  ) );
#1531 = ORIENTED_EDGE('',*,*,#1365,.T.);
#1532 = ADVANCED_FACE('',(#1533),#1187,.T.);
#1533 = FACE_BOUND('',#1534,.T.);
#1534 = EDGE_LOOP('',(#1535,#1536,#1537,#1538));
#1535 = ORIENTED_EDGE('',*,*,#1487,.F.);
#1536 = ORIENTED_EDGE('',*,*,#1172,.T.);
#1537 = ORIENTED_EDGE('',*,*,#1264,.T.);
#1538 = ORIENTED_EDGE('',*,*,#1539,.F.);
#1539 = EDGE_CURVE('',#1488,#1237,#1540,.T.);
#1540 = SURFACE_CURVE('',#1541,(#1546,#1553),.PCURVE_S1.);
#1541 = CIRCLE('',#1542,6.85);
#1542 = AXIS2_PLACEMENT_3D('',#1543,#1544,#1545);
#1543 = CARTESIAN_POINT('',(-1.5,0.,0.));
#1544 = DIRECTION('',(1.,0.,0.));
#1545 = DIRECTION('',(0.,1.,0.));
#1546 = PCURVE('',#1187,#1547);
#1547 = DEFINITIONAL_REPRESENTATION('',(#1548),#1552);
#1548 = LINE('',#1549,#1550);
#1549 = CARTESIAN_POINT('',(0.,0.35));
#1550 = VECTOR('',#1551,1.);
#1551 = DIRECTION('',(1.,0.));
#1552 = ( GEOMETRIC_REPRESENTATION_CONTEXT(2) 
PARAMETRIC_REPRESENTATION_CONTEXT() REPRESENTATION_CONTEXT('2D SPACE',''
  ) );
#1553 = PCURVE('',#1252,#1554);
#1554 = DEFINITIONAL_REPRESENTATION('',(#1555),#1559);
#1555 = CIRCLE('',#1556,6.85);
#1556 = AXIS2_PLACEMENT_2D('',#1557,#1558);
#1557 = CARTESIAN_POINT('',(0.,0.));
#1558 = DIRECTION('',(1.,-0.));
#1559 = ( GEOMETRIC_REPRESENTATION_CONTEXT(2) 
PARAMETRIC_REPRESENTATION_CONTEXT() REPRESENTATION_CONTEXT('2D SPACE',''
  ) );
#1560 = ADVANCED_FACE('',(#1561),#1221,.T.);
#1561 = FACE_BOUND('',#1562,.T.);
#1562 = EDGE_LOOP('',(#1563,#1564,#1565,#1566));
#1563 = ORIENTED_EDGE('',*,*,#1202,.T.);
#1564 = ORIENTED_EDGE('',*,*,#1315,.T.);
#1565 = ORIENTED_EDGE('',*,*,#1415,.T.);
#1566 = ORIENTED_EDGE('',*,*,#1567,.F.);
#1567 = EDGE_CURVE('',#1203,#1393,#1568,.T.);
#1568 = SURFACE_CURVE('',#1569,(#1574,#1581),.PCURVE_S1.);
#1569 = CIRCLE('',#1570,6.85);
#1570 = AXIS2_PLACEMENT_3D('',#1571,#1572,#1573);
#1571 = CARTESIAN_POINT('',(-1.5,0.,0.));
#1572 = DIRECTION('',(1.,0.,0.));
#1573 = DIRECTION('',(0.,1.,0.));
#1574 = PCURVE('',#1221,#1575);
#1575 = DEFINITIONAL_REPRESENTATION('',(#1576),#1580);
#1576 = LINE('',#1577,#1578);
#1577 = CARTESIAN_POINT('',(0.,0.35));
#1578 = VECTOR('',#1579,1.);
#1579 = DIRECTION('',(1.,0.));
#1580 = ( GEOMETRIC_REPRESENTATION_CONTEXT(2) 
PARAMETRIC_REPRESENTATION_CONTEXT() REPRESENTATION_CONTEXT('2D SPACE',''
  ) );
#1581 = PCURVE('',#1252,#1582);
#1582 = DEFINITIONAL_REPRESENTATION('',(#1583),#1587);
#1583 = CIRCLE('',#1584,6.85);
#1584 = AXIS2_PLACEMENT_2D('',#1585,#1586);
#1585 = CARTESIAN_POINT('',(0.,0.));
#1586 = DIRECTION('',(1.,-0.));
#1587 = ( GEOMETRIC_REPRESENTATION_CONTEXT(2) 
PARAMETRIC_REPRESENTATION_CONTEXT() REPRESENTATION_CONTEXT('2D SPACE',''
  ) );
#1588 = ADVANCED_FACE('',(#1589,#1716),#1252,.F.);
#1589 = FACE_BOUND('',#1590,.T.);
#1590 = EDGE_LOOP('',(#1591,#1622,#1646,#1670,#1694));
#1591 = ORIENTED_EDGE('',*,*,#1592,.F.);
#1592 = EDGE_CURVE('',#1593,#1595,#1597,.T.);
#1593 = VERTEX_POINT('',#1594);
#1594 = CARTESIAN_POINT('',(-1.5,3.88876587107,6.));
#1595 = VERTEX_POINT('',#1596);
#1596 = CARTESIAN_POINT('',(-1.5,-3.888765871071,6.));
#1597 = SURFACE_CURVE('',#1598,(#1603,#1610),.PCURVE_S1.);
#1598 = CIRCLE('',#1599,7.15);
#1599 = AXIS2_PLACEMENT_3D('',#1600,#1601,#1602);
#1600 = CARTESIAN_POINT('',(-1.5,0.,0.));
#1601 = DIRECTION('',(1.,0.,0.));
#1602 = DIRECTION('',(0.,1.,0.));
#1603 = PCURVE('',#1252,#1604);
#1604 = DEFINITIONAL_REPRESENTATION('',(#1605),#1609);
#1605 = CIRCLE('',#1606,7.15);
#1606 = AXIS2_PLACEMENT_2D('',#1607,#1608);
#1607 = CARTESIAN_POINT('',(0.,0.));
#1608 = DIRECTION('',(1.,-0.));
#1609 = ( GEOMETRIC_REPRESENTATION_CONTEXT(2) 
PARAMETRIC_REPRESENTATION_CONTEXT() REPRESENTATION_CONTEXT('2D SPACE',''
  ) );
#1610 = PCURVE('',#1611,#1616);
#1611 = CONICAL_SURFACE('',#1612,7.5,0.785398163397);
#1612 = AXIS2_PLACEMENT_3D('',#1613,#1614,#1615);
#1613 = CARTESIAN_POINT('',(-1.15,0.,0.));
#1614 = DIRECTION('',(1.,0.,0.));
#1615 = DIRECTION('',(0.,1.,0.));
#1616 = DEFINITIONAL_REPRESENTATION('',(#1617),#1621);
#1617 = LINE('',#1618,#1619);
#1618 = CARTESIAN_POINT('',(0.,-0.35));
#1619 = VECTOR('',#1620,1.);
#1620 = DIRECTION('',(1.,0.));
#1621 = ( GEOMETRIC_REPRESENTATION_CONTEXT(2) 
PARAMETRIC_REPRESENTATION_CONTEXT() REPRESENTATION_CONTEXT('2D SPACE',''
  ) );
#1622 = ORIENTED_EDGE('',*,*,#1623,.F.);
#1623 = EDGE_CURVE('',#1624,#1593,#1626,.T.);
#1624 = VERTEX_POINT('',#1625);
#1625 = CARTESIAN_POINT('',(-1.5,7.15,0.));
#1626 = SURFACE_CURVE('',#1627,(#1632,#1639),.PCURVE_S1.);
#1627 = CIRCLE('',#1628,7.15);
#1628 = AXIS2_PLACEMENT_3D('',#1629,#1630,#1631);
#1629 = CARTESIAN_POINT('',(-1.5,0.,0.));
#1630 = DIRECTION('',(1.,0.,0.));
#1631 = DIRECTION('',(0.,1.,0.));
#1632 = PCURVE('',#1252,#1633);
#1633 = DEFINITIONAL_REPRESENTATION('',(#1634),#1638);
#1634 = CIRCLE('',#1635,7.15);
#1635 = AXIS2_PLACEMENT_2D('',#1636,#1637);
#1636 = CARTESIAN_POINT('',(0.,0.));
#1637 = DIRECTION('',(1.,-0.));
#1638 = ( GEOMETRIC_REPRESENTATION_CONTEXT(2) 
PARAMETRIC_REPRESENTATION_CONTEXT() REPRESENTATION_CONTEXT('2D SPACE',''
  ) );
#1639 = PCURVE('',#1611,#1640);
#1640 = DEFINITIONAL_REPRESENTATION('',(#1641),#1645);
#1641 = LINE('',#1642,#1643);
#1642 = CARTESIAN_POINT('',(0.,-0.35));
#1643 = VECTOR('',#1644,1.);
#1644 = DIRECTION('',(1.,0.));
#1645 = ( GEOMETRIC_REPRESENTATION_CONTEXT(2) 
PARAMETRIC_REPRESENTATION_CONTEXT() REPRESENTATION_CONTEXT('2D SPACE',''
  ) );
#1646 = ORIENTED_EDGE('',*,*,#1647,.F.);
#1647 = EDGE_CURVE('',#1648,#1624,#1650,.T.);
#1648 = VERTEX_POINT('',#1649);
#1649 = CARTESIAN_POINT('',(-1.5,3.88876587107,-6.));
#1650 = SURFACE_CURVE('',#1651,(#1656,#1663),.PCURVE_S1.);
#1651 = CIRCLE('',#1652,7.15);
#1652 = AXIS2_PLACEMENT_3D('',#1653,#1654,#1655);
#1653 = CARTESIAN_POINT('',(-1.5,0.,0.));
#1654 = DIRECTION('',(1.,0.,0.));
#1655 = DIRECTION('',(0.,1.,0.));
#1656 = PCURVE('',#1252,#1657);
#1657 = DEFINITIONAL_REPRESENTATION('',(#1658),#1662);
#1658 = CIRCLE('',#1659,7.15);
#1659 = AXIS2_PLACEMENT_2D('',#1660,#1661);
#1660 = CARTESIAN_POINT('',(0.,0.));
#1661 = DIRECTION('',(1.,-0.));
#1662 = ( GEOMETRIC_REPRESENTATION_CONTEXT(2) 
PARAMETRIC_REPRESENTATION_CONTEXT() REPRESENTATION_CONTEXT('2D SPACE',''
  ) );
#1663 = PCURVE('',#1611,#1664);
#1664 = DEFINITIONAL_REPRESENTATION('',(#1665),#1669);
#1665 = LINE('',#1666,#1667);
#1666 = CARTESIAN_POINT('',(0.,-0.35));
#1667 = VECTOR('',#1668,1.);
#1668 = DIRECTION('',(1.,0.));
#1669 = ( GEOMETRIC_REPRESENTATION_CONTEXT(2) 
PARAMETRIC_REPRESENTATION_CONTEXT() REPRESENTATION_CONTEXT('2D SPACE',''
  ) );
#1670 = ORIENTED_EDGE('',*,*,#1671,.F.);
#1671 = EDGE_CURVE('',#1672,#1648,#1674,.T.);
#1672 = VERTEX_POINT('',#1673);
#1673 = CARTESIAN_POINT('',(-1.5,-3.888765871071,-6.));
#1674 = SURFACE_CURVE('',#1675,(#1680,#1687),.PCURVE_S1.);
#1675 = CIRCLE('',#1676,7.15);
#1676 = AXIS2_PLACEMENT_3D('',#1677,#1678,#1679);
#1677 = CARTESIAN_POINT('',(-1.5,0.,0.));
#1678 = DIRECTION('',(1.,0.,0.));
#1679 = DIRECTION('',(0.,1.,0.));
#1680 = PCURVE('',#1252,#1681);
#1681 = DEFINITIONAL_REPRESENTATION('',(#1682),#1686);
#1682 = CIRCLE('',#1683,7.15);
#1683 = AXIS2_PLACEMENT_2D('',#1684,#1685);
#1684 = CARTESIAN_POINT('',(0.,0.));
#1685 = DIRECTION('',(1.,-0.));
#1686 = ( GEOMETRIC_REPRESENTATION_CONTEXT(2) 
PARAMETRIC_REPRESENTATION_CONTEXT() REPRESENTATION_CONTEXT('2D SPACE',''
  ) );
#1687 = PCURVE('',#1611,#1688);
#1688 = DEFINITIONAL_REPRESENTATION('',(#1689),#1693);
#1689 = LINE('',#1690,#1691);
#1690 = CARTESIAN_POINT('',(0.,-0.35));
#1691 = VECTOR('',#1692,1.);
#1692 = DIRECTION('',(1.,0.));
#1693 = ( GEOMETRIC_REPRESENTATION_CONTEXT(2) 
PARAMETRIC_REPRESENTATION_CONTEXT() REPRESENTATION_CONTEXT('2D SPACE',''
  ) );
#1694 = ORIENTED_EDGE('',*,*,#1695,.F.);
#1695 = EDGE_CURVE('',#1595,#1672,#1696,.T.);
#1696 = SURFACE_CURVE('',#1697,(#1702,#1709),.PCURVE_S1.);
#1697 = CIRCLE('',#1698,7.15);
#1698 = AXIS2_PLACEMENT_3D('',#1699,#1700,#1701);
#1699 = CARTESIAN_POINT('',(-1.5,0.,0.));
#1700 = DIRECTION('',(1.,0.,0.));
#1701 = DIRECTION('',(0.,1.,0.));
#1702 = PCURVE('',#1252,#1703);
#1703 = DEFINITIONAL_REPRESENTATION('',(#1704),#1708);
#1704 = CIRCLE('',#1705,7.15);
#1705 = AXIS2_PLACEMENT_2D('',#1706,#1707);
#1706 = CARTESIAN_POINT('',(0.,0.));
#1707 = DIRECTION('',(1.,-0.));
#1708 = ( GEOMETRIC_REPRESENTATION_CONTEXT(2) 
PARAMETRIC_REPRESENTATION_CONTEXT() REPRESENTATION_CONTEXT('2D SPACE',''
  ) );
#1709 = PCURVE('',#1611,#1710);
#1710 = DEFINITIONAL_REPRESENTATION('',(#1711),#1715);
#1711 = LINE('',#1712,#1713);
#1712 = CARTESIAN_POINT('',(0.,-0.35));
#1713 = VECTOR('',#1714,1.);
#1714 = DIRECTION('',(1.,0.));
#1715 = ( GEOMETRIC_REPRESENTATION_CONTEXT(2) 
PARAMETRIC_REPRESENTATION_CONTEXT() REPRESENTATION_CONTEXT('2D SPACE',''
  ) );
#1716 = FACE_BOUND('',#1717,.T.);
#1717 = EDGE_LOOP('',(#1718,#1719,#1720,#1721,#1722));
#1718 = ORIENTED_EDGE('',*,*,#1236,.F.);
#1719 = ORIENTED_EDGE('',*,*,#1567,.T.);
#1720 = ORIENTED_EDGE('',*,*,#1392,.F.);
#1721 = ORIENTED_EDGE('',*,*,#1510,.T.);
#1722 = ORIENTED_EDGE('',*,*,#1539,.T.);
#1723 = ADVANCED_FACE('',(#1724),#1468,.T.);
#1724 = FACE_BOUND('',#1725,.T.);
#1725 = EDGE_LOOP('',(#1726,#1749,#1778,#1807,#1834,#1835));
#1726 = ORIENTED_EDGE('',*,*,#1727,.F.);
#1727 = EDGE_CURVE('',#1728,#1452,#1730,.T.);
#1728 = VERTEX_POINT('',#1729);
#1729 = CARTESIAN_POINT('',(7.25,5.5,0.));
#1730 = SEAM_CURVE('',#1731,(#1735,#1742),.PCURVE_S1.);
#1731 = LINE('',#1732,#1733);
#1732 = CARTESIAN_POINT('',(7.25,5.5,0.));
#1733 = VECTOR('',#1734,1.);
#1734 = DIRECTION('',(0.97741416544,-0.211332792528,0.));
#1735 = PCURVE('',#1468,#1736);
#1736 = DEFINITIONAL_REPRESENTATION('',(#1737),#1741);
#1737 = LINE('',#1738,#1739);
#1738 = CARTESIAN_POINT('',(-0.,-0.));
#1739 = VECTOR('',#1740,1.);
#1740 = DIRECTION('',(-0.,-1.));
#1741 = ( GEOMETRIC_REPRESENTATION_CONTEXT(2) 
PARAMETRIC_REPRESENTATION_CONTEXT() REPRESENTATION_CONTEXT('2D SPACE',''
  ) );
#1742 = PCURVE('',#1468,#1743);
#1743 = DEFINITIONAL_REPRESENTATION('',(#1744),#1748);
#1744 = LINE('',#1745,#1746);
#1745 = CARTESIAN_POINT('',(-6.28318530718,-0.));
#1746 = VECTOR('',#1747,1.);
#1747 = DIRECTION('',(-0.,-1.));
#1748 = ( GEOMETRIC_REPRESENTATION_CONTEXT(2) 
PARAMETRIC_REPRESENTATION_CONTEXT() REPRESENTATION_CONTEXT('2D SPACE',''
  ) );
#1749 = ORIENTED_EDGE('',*,*,#1750,.T.);
#1750 = EDGE_CURVE('',#1728,#1751,#1753,.T.);
#1751 = VERTEX_POINT('',#1752);
#1752 = CARTESIAN_POINT('',(7.25,0.,5.5));
#1753 = SURFACE_CURVE('',#1754,(#1759,#1766),.PCURVE_S1.);
#1754 = CIRCLE('',#1755,5.5);
#1755 = AXIS2_PLACEMENT_3D('',#1756,#1757,#1758);
#1756 = CARTESIAN_POINT('',(7.25,0.,0.));
#1757 = DIRECTION('',(1.,0.,0.));
#1758 = DIRECTION('',(0.,1.,0.));
#1759 = PCURVE('',#1468,#1760);
#1760 = DEFINITIONAL_REPRESENTATION('',(#1761),#1765);
#1761 = LINE('',#1762,#1763);
#1762 = CARTESIAN_POINT('',(-0.,-0.));
#1763 = VECTOR('',#1764,1.);
#1764 = DIRECTION('',(-1.,-0.));
#1765 = ( GEOMETRIC_REPRESENTATION_CONTEXT(2) 
PARAMETRIC_REPRESENTATION_CONTEXT() REPRESENTATION_CONTEXT('2D SPACE',''
  ) );
#1766 = PCURVE('',#1767,#1772);
#1767 = CONICAL_SURFACE('',#1768,6.,0.785398163397);
#1768 = AXIS2_PLACEMENT_3D('',#1769,#1770,#1771);
#1769 = CARTESIAN_POINT('',(6.75,0.,0.));
#1770 = DIRECTION('',(-1.,-0.,-0.));
#1771 = DIRECTION('',(0.,1.,0.));
#1772 = DEFINITIONAL_REPRESENTATION('',(#1773),#1777);
#1773 = LINE('',#1774,#1775);
#1774 = CARTESIAN_POINT('',(-0.,-0.5));
#1775 = VECTOR('',#1776,1.);
#1776 = DIRECTION('',(-1.,-0.));
#1777 = ( GEOMETRIC_REPRESENTATION_CONTEXT(2) 
PARAMETRIC_REPRESENTATION_CONTEXT() REPRESENTATION_CONTEXT('2D SPACE',''
  ) );
#1778 = ORIENTED_EDGE('',*,*,#1779,.T.);
#1779 = EDGE_CURVE('',#1751,#1780,#1782,.T.);
#1780 = VERTEX_POINT('',#1781);
#1781 = CARTESIAN_POINT('',(7.25,-1.E-15,-5.5));
#1782 = SURFACE_CURVE('',#1783,(#1788,#1795),.PCURVE_S1.);
#1783 = CIRCLE('',#1784,5.5);
#1784 = AXIS2_PLACEMENT_3D('',#1785,#1786,#1787);
#1785 = CARTESIAN_POINT('',(7.25,0.,0.));
#1786 = DIRECTION('',(1.,0.,0.));
#1787 = DIRECTION('',(0.,1.,0.));
#1788 = PCURVE('',#1468,#1789);
#1789 = DEFINITIONAL_REPRESENTATION('',(#1790),#1794);
#1790 = LINE('',#1791,#1792);
#1791 = CARTESIAN_POINT('',(-0.,-0.));
#1792 = VECTOR('',#1793,1.);
#1793 = DIRECTION('',(-1.,-0.));
#1794 = ( GEOMETRIC_REPRESENTATION_CONTEXT(2) 
PARAMETRIC_REPRESENTATION_CONTEXT() REPRESENTATION_CONTEXT('2D SPACE',''
  ) );
#1795 = PCURVE('',#1796,#1801);
#1796 = CONICAL_SURFACE('',#1797,6.,0.785398163397);
#1797 = AXIS2_PLACEMENT_3D('',#1798,#1799,#1800);
#1798 = CARTESIAN_POINT('',(6.75,0.,0.));
#1799 = DIRECTION('',(-1.,-0.,-0.));
#1800 = DIRECTION('',(0.,1.,0.));
#1801 = DEFINITIONAL_REPRESENTATION('',(#1802),#1806);
#1802 = LINE('',#1803,#1804);
#1803 = CARTESIAN_POINT('',(-0.,-0.5));
#1804 = VECTOR('',#1805,1.);
#1805 = DIRECTION('',(-1.,-0.));
#1806 = ( GEOMETRIC_REPRESENTATION_CONTEXT(2) 
PARAMETRIC_REPRESENTATION_CONTEXT() REPRESENTATION_CONTEXT('2D SPACE',''
  ) );
#1807 = ORIENTED_EDGE('',*,*,#1808,.T.);
#1808 = EDGE_CURVE('',#1780,#1728,#1809,.T.);
#1809 = SURFACE_CURVE('',#1810,(#1815,#1822),.PCURVE_S1.);
#1810 = CIRCLE('',#1811,5.5);
#1811 = AXIS2_PLACEMENT_3D('',#1812,#1813,#1814);
#1812 = CARTESIAN_POINT('',(7.25,0.,0.));
#1813 = DIRECTION('',(1.,0.,0.));
#1814 = DIRECTION('',(0.,1.,0.));
#1815 = PCURVE('',#1468,#1816);
#1816 = DEFINITIONAL_REPRESENTATION('',(#1817),#1821);
#1817 = LINE('',#1818,#1819);
#1818 = CARTESIAN_POINT('',(-0.,-0.));
#1819 = VECTOR('',#1820,1.);
#1820 = DIRECTION('',(-1.,-0.));
#1821 = ( GEOMETRIC_REPRESENTATION_CONTEXT(2) 
PARAMETRIC_REPRESENTATION_CONTEXT() REPRESENTATION_CONTEXT('2D SPACE',''
  ) );
#1822 = PCURVE('',#1823,#1828);
#1823 = CONICAL_SURFACE('',#1824,6.,0.785398163397);
#1824 = AXIS2_PLACEMENT_3D('',#1825,#1826,#1827);
#1825 = CARTESIAN_POINT('',(6.75,0.,0.));
#1826 = DIRECTION('',(-1.,-0.,-0.));
#1827 = DIRECTION('',(0.,1.,0.));
#1828 = DEFINITIONAL_REPRESENTATION('',(#1829),#1833);
#1829 = LINE('',#1830,#1831);
#1830 = CARTESIAN_POINT('',(-0.,-0.5));
#1831 = VECTOR('',#1832,1.);
#1832 = DIRECTION('',(-1.,-0.));
#1833 = ( GEOMETRIC_REPRESENTATION_CONTEXT(2) 
PARAMETRIC_REPRESENTATION_CONTEXT() REPRESENTATION_CONTEXT('2D SPACE',''
  ) );
#1834 = ORIENTED_EDGE('',*,*,#1727,.T.);
#1835 = ORIENTED_EDGE('',*,*,#1451,.F.);
#1836 = ADVANCED_FACE('',(#1837),#1611,.T.);
#1837 = FACE_BOUND('',#1838,.T.);
#1838 = EDGE_LOOP('',(#1839,#1840,#1863,#1890,#1891,#1892,#1893,#1894));
#1839 = ORIENTED_EDGE('',*,*,#1647,.T.);
#1840 = ORIENTED_EDGE('',*,*,#1841,.T.);
#1841 = EDGE_CURVE('',#1624,#1842,#1844,.T.);
#1842 = VERTEX_POINT('',#1843);
#1843 = CARTESIAN_POINT('',(-1.15,7.5,0.));
#1844 = SEAM_CURVE('',#1845,(#1849,#1856),.PCURVE_S1.);
#1845 = LINE('',#1846,#1847);
#1846 = CARTESIAN_POINT('',(-1.15,7.5,0.));
#1847 = VECTOR('',#1848,1.);
#1848 = DIRECTION('',(0.707106781187,0.707106781187,0.));
#1849 = PCURVE('',#1611,#1850);
#1850 = DEFINITIONAL_REPRESENTATION('',(#1851),#1855);
#1851 = LINE('',#1852,#1853);
#1852 = CARTESIAN_POINT('',(0.,0.));
#1853 = VECTOR('',#1854,1.);
#1854 = DIRECTION('',(0.,1.));
#1855 = ( GEOMETRIC_REPRESENTATION_CONTEXT(2) 
PARAMETRIC_REPRESENTATION_CONTEXT() REPRESENTATION_CONTEXT('2D SPACE',''
  ) );
#1856 = PCURVE('',#1611,#1857);
#1857 = DEFINITIONAL_REPRESENTATION('',(#1858),#1862);
#1858 = LINE('',#1859,#1860);
#1859 = CARTESIAN_POINT('',(6.28318530718,0.));
#1860 = VECTOR('',#1861,1.);
#1861 = DIRECTION('',(0.,1.));
#1862 = ( GEOMETRIC_REPRESENTATION_CONTEXT(2) 
PARAMETRIC_REPRESENTATION_CONTEXT() REPRESENTATION_CONTEXT('2D SPACE',''
  ) );
#1863 = ORIENTED_EDGE('',*,*,#1864,.F.);
#1864 = EDGE_CURVE('',#1842,#1842,#1865,.T.);
#1865 = SURFACE_CURVE('',#1866,(#1871,#1878),.PCURVE_S1.);
#1866 = CIRCLE('',#1867,7.5);
#1867 = AXIS2_PLACEMENT_3D('',#1868,#1869,#1870);
#1868 = CARTESIAN_POINT('',(-1.15,0.,0.));
#1869 = DIRECTION('',(1.,0.,0.));
#1870 = DIRECTION('',(0.,1.,0.));
#1871 = PCURVE('',#1611,#1872);
#1872 = DEFINITIONAL_REPRESENTATION('',(#1873),#1877);
#1873 = LINE('',#1874,#1875);
#1874 = CARTESIAN_POINT('',(0.,0.));
#1875 = VECTOR('',#1876,1.);
#1876 = DIRECTION('',(1.,0.));
#1877 = ( GEOMETRIC_REPRESENTATION_CONTEXT(2) 
PARAMETRIC_REPRESENTATION_CONTEXT() REPRESENTATION_CONTEXT('2D SPACE',''
  ) );
#1878 = PCURVE('',#1879,#1884);
#1879 = CYLINDRICAL_SURFACE('',#1880,7.5);
#1880 = AXIS2_PLACEMENT_3D('',#1881,#1882,#1883);
#1881 = CARTESIAN_POINT('',(-1.5,0.,0.));
#1882 = DIRECTION('',(1.,0.,0.));
#1883 = DIRECTION('',(0.,1.,0.));
#1884 = DEFINITIONAL_REPRESENTATION('',(#1885),#1889);
#1885 = LINE('',#1886,#1887);
#1886 = CARTESIAN_POINT('',(0.,0.35));
#1887 = VECTOR('',#1888,1.);
#1888 = DIRECTION('',(1.,0.));
#1889 = ( GEOMETRIC_REPRESENTATION_CONTEXT(2) 
PARAMETRIC_REPRESENTATION_CONTEXT() REPRESENTATION_CONTEXT('2D SPACE',''
  ) );
#1890 = ORIENTED_EDGE('',*,*,#1841,.F.);
#1891 = ORIENTED_EDGE('',*,*,#1623,.T.);
#1892 = ORIENTED_EDGE('',*,*,#1592,.T.);
#1893 = ORIENTED_EDGE('',*,*,#1695,.T.);
#1894 = ORIENTED_EDGE('',*,*,#1671,.T.);
#1895 = ADVANCED_FACE('',(#1896),#1823,.T.);
#1896 = FACE_BOUND('',#1897,.T.);
#1897 = EDGE_LOOP('',(#1898,#1929,#1950,#1951));
#1898 = ORIENTED_EDGE('',*,*,#1899,.T.);
#1899 = EDGE_CURVE('',#1900,#1902,#1904,.T.);
#1900 = VERTEX_POINT('',#1901);
#1901 = CARTESIAN_POINT('',(6.75,2.397915761656,-5.5));
#1902 = VERTEX_POINT('',#1903);
#1903 = CARTESIAN_POINT('',(6.75,6.,0.));
#1904 = SURFACE_CURVE('',#1905,(#1910,#1917),.PCURVE_S1.);
#1905 = CIRCLE('',#1906,6.);
#1906 = AXIS2_PLACEMENT_3D('',#1907,#1908,#1909);
#1907 = CARTESIAN_POINT('',(6.75,0.,0.));
#1908 = DIRECTION('',(1.,0.,0.));
#1909 = DIRECTION('',(0.,1.,0.));
#1910 = PCURVE('',#1823,#1911);
#1911 = DEFINITIONAL_REPRESENTATION('',(#1912),#1916);
#1912 = LINE('',#1913,#1914);
#1913 = CARTESIAN_POINT('',(-0.,-0.));
#1914 = VECTOR('',#1915,1.);
#1915 = DIRECTION('',(-1.,-0.));
#1916 = ( GEOMETRIC_REPRESENTATION_CONTEXT(2) 
PARAMETRIC_REPRESENTATION_CONTEXT() REPRESENTATION_CONTEXT('2D SPACE',''
  ) );
#1917 = PCURVE('',#1918,#1923);
#1918 = CYLINDRICAL_SURFACE('',#1919,6.);
#1919 = AXIS2_PLACEMENT_3D('',#1920,#1921,#1922);
#1920 = CARTESIAN_POINT('',(1.25,0.,0.));
#1921 = DIRECTION('',(1.,0.,0.));
#1922 = DIRECTION('',(0.,1.,0.));
#1923 = DEFINITIONAL_REPRESENTATION('',(#1924),#1928);
#1924 = LINE('',#1925,#1926);
#1925 = CARTESIAN_POINT('',(-6.28318530718,5.5));
#1926 = VECTOR('',#1927,1.);
#1927 = DIRECTION('',(1.,0.));
#1928 = ( GEOMETRIC_REPRESENTATION_CONTEXT(2) 
PARAMETRIC_REPRESENTATION_CONTEXT() REPRESENTATION_CONTEXT('2D SPACE',''
  ) );
#1929 = ORIENTED_EDGE('',*,*,#1930,.T.);
#1930 = EDGE_CURVE('',#1902,#1728,#1931,.T.);
#1931 = SURFACE_CURVE('',#1932,(#1936,#1943),.PCURVE_S1.);
#1932 = LINE('',#1933,#1934);
#1933 = CARTESIAN_POINT('',(6.75,6.,0.));
#1934 = VECTOR('',#1935,1.);
#1935 = DIRECTION('',(0.707106781187,-0.707106781187,0.));
#1936 = PCURVE('',#1823,#1937);
#1937 = DEFINITIONAL_REPRESENTATION('',(#1938),#1942);
#1938 = LINE('',#1939,#1940);
#1939 = CARTESIAN_POINT('',(-6.28318530718,-0.));
#1940 = VECTOR('',#1941,1.);
#1941 = DIRECTION('',(-0.,-1.));
#1942 = ( GEOMETRIC_REPRESENTATION_CONTEXT(2) 
PARAMETRIC_REPRESENTATION_CONTEXT() REPRESENTATION_CONTEXT('2D SPACE',''
  ) );
#1943 = PCURVE('',#1767,#1944);
#1944 = DEFINITIONAL_REPRESENTATION('',(#1945),#1949);
#1945 = LINE('',#1946,#1947);
#1946 = CARTESIAN_POINT('',(-0.,-0.));
#1947 = VECTOR('',#1948,1.);
#1948 = DIRECTION('',(-0.,-1.));
#1949 = ( GEOMETRIC_REPRESENTATION_CONTEXT(2) 
PARAMETRIC_REPRESENTATION_CONTEXT() REPRESENTATION_CONTEXT('2D SPACE',''
  ) );
#1950 = ORIENTED_EDGE('',*,*,#1808,.F.);
#1951 = ORIENTED_EDGE('',*,*,#1952,.F.);
#1952 = EDGE_CURVE('',#1900,#1780,#1953,.T.);
#1953 = SURFACE_CURVE('',#1954,(#1959,#1970),.PCURVE_S1.);
#1954 = HYPERBOLA('',#1955,5.5,5.5);
#1955 = AXIS2_PLACEMENT_3D('',#1956,#1957,#1958);
#1956 = CARTESIAN_POINT('',(12.75,0.,-5.5));
#1957 = DIRECTION('',(0.,0.,1.));
#1958 = DIRECTION('',(-1.,0.,0.));
#1959 = PCURVE('',#1823,#1960);
#1960 = DEFINITIONAL_REPRESENTATION('',(#1961),#1969);
#1961 = B_SPLINE_CURVE_WITH_KNOTS('',6,(#1962,#1963,#1964,#1965,#1966,
    #1967,#1968),.UNSPECIFIED.,.F.,.F.,(7,7),(-0.423235459211,1.8E-16),
  .PIECEWISE_BEZIER_KNOTS.);
#1962 = CARTESIAN_POINT('',(-5.123526842707,-8.909545442951E-16));
#1963 = CARTESIAN_POINT('',(-5.058865869772,-0.169147163089));
#1964 = CARTESIAN_POINT('',(-4.992017533736,-0.302468678981));
#1965 = CARTESIAN_POINT('',(-4.923375408533,-0.401479472317));
#1966 = CARTESIAN_POINT('',(-4.85346736321,-0.467159817128));
#1967 = CARTESIAN_POINT('',(-4.782928223586,-0.5));
#1968 = CARTESIAN_POINT('',(-4.712388980385,-0.5));
#1969 = ( GEOMETRIC_REPRESENTATION_CONTEXT(2) 
PARAMETRIC_REPRESENTATION_CONTEXT() REPRESENTATION_CONTEXT('2D SPACE',''
  ) );
#1970 = PCURVE('',#1971,#1976);
#1971 = PLANE('',#1972);
#1972 = AXIS2_PLACEMENT_3D('',#1973,#1974,#1975);
#1973 = CARTESIAN_POINT('',(9.1,4.999999999981,-5.5));
#1974 = DIRECTION('',(0.,0.,1.));
#1975 = DIRECTION('',(0.,-1.,0.));
#1976 = DEFINITIONAL_REPRESENTATION('',(#1977),#1981);
#1977 = HYPERBOLA('',#1978,5.5,5.5);
#1978 = AXIS2_PLACEMENT_2D('',#1979,#1980);
#1979 = CARTESIAN_POINT('',(4.999999999981,3.65));
#1980 = DIRECTION('',(0.,-1.));
#1981 = ( GEOMETRIC_REPRESENTATION_CONTEXT(2) 
PARAMETRIC_REPRESENTATION_CONTEXT() REPRESENTATION_CONTEXT('2D SPACE',''
  ) );
#1982 = ADVANCED_FACE('',(#1983),#1796,.T.);
#1983 = FACE_BOUND('',#1984,.T.);
#1984 = EDGE_LOOP('',(#1985,#2018,#2047,#2073));
#1985 = ORIENTED_EDGE('',*,*,#1986,.T.);
#1986 = EDGE_CURVE('',#1751,#1987,#1989,.T.);
#1987 = VERTEX_POINT('',#1988);
#1988 = CARTESIAN_POINT('',(6.75,-2.397915761656,5.5));
#1989 = SURFACE_CURVE('',#1990,(#1995,#2006),.PCURVE_S1.);
#1990 = HYPERBOLA('',#1991,5.5,5.5);
#1991 = AXIS2_PLACEMENT_3D('',#1992,#1993,#1994);
#1992 = CARTESIAN_POINT('',(12.75,0.,5.5));
#1993 = DIRECTION('',(0.,0.,1.));
#1994 = DIRECTION('',(-1.,0.,0.));
#1995 = PCURVE('',#1796,#1996);
#1996 = DEFINITIONAL_REPRESENTATION('',(#1997),#2005);
#1997 = B_SPLINE_CURVE_WITH_KNOTS('',6,(#1998,#1999,#2000,#2001,#2002,
    #2003,#2004),.UNSPECIFIED.,.F.,.F.,(7,7),(-6.E-17,0.423235459211),
  .PIECEWISE_BEZIER_KNOTS.);
#1998 = CARTESIAN_POINT('',(-1.570796326795,-0.5));
#1999 = CARTESIAN_POINT('',(-1.641335569997,-0.5));
#2000 = CARTESIAN_POINT('',(-1.711874709621,-0.467159817128));
#2001 = CARTESIAN_POINT('',(-1.781782754943,-0.401479472317));
#2002 = CARTESIAN_POINT('',(-1.850424880147,-0.302468678981));
#2003 = CARTESIAN_POINT('',(-1.917273216182,-0.169147163089));
#2004 = CARTESIAN_POINT('',(-1.981934189117,-4.454772721475E-16));
#2005 = ( GEOMETRIC_REPRESENTATION_CONTEXT(2) 
PARAMETRIC_REPRESENTATION_CONTEXT() REPRESENTATION_CONTEXT('2D SPACE',''
  ) );
#2006 = PCURVE('',#2007,#2012);
#2007 = PLANE('',#2008);
#2008 = AXIS2_PLACEMENT_3D('',#2009,#2010,#2011);
#2009 = CARTESIAN_POINT('',(9.1,4.999999999981,5.5));
#2010 = DIRECTION('',(0.,0.,1.));
#2011 = DIRECTION('',(0.,-1.,0.));
#2012 = DEFINITIONAL_REPRESENTATION('',(#2013),#2017);
#2013 = HYPERBOLA('',#2014,5.5,5.5);
#2014 = AXIS2_PLACEMENT_2D('',#2015,#2016);
#2015 = CARTESIAN_POINT('',(4.999999999981,3.65));
#2016 = DIRECTION('',(0.,-1.));
#2017 = ( GEOMETRIC_REPRESENTATION_CONTEXT(2) 
PARAMETRIC_REPRESENTATION_CONTEXT() REPRESENTATION_CONTEXT('2D SPACE',''
  ) );
#2018 = ORIENTED_EDGE('',*,*,#2019,.T.);
#2019 = EDGE_CURVE('',#1987,#2020,#2022,.T.);
#2020 = VERTEX_POINT('',#2021);
#2021 = CARTESIAN_POINT('',(6.75,-2.397915761656,-5.5));
#2022 = SURFACE_CURVE('',#2023,(#2028,#2035),.PCURVE_S1.);
#2023 = CIRCLE('',#2024,6.);
#2024 = AXIS2_PLACEMENT_3D('',#2025,#2026,#2027);
#2025 = CARTESIAN_POINT('',(6.75,0.,0.));
#2026 = DIRECTION('',(1.,0.,0.));
#2027 = DIRECTION('',(0.,1.,0.));
#2028 = PCURVE('',#1796,#2029);
#2029 = DEFINITIONAL_REPRESENTATION('',(#2030),#2034);
#2030 = LINE('',#2031,#2032);
#2031 = CARTESIAN_POINT('',(-0.,-0.));
#2032 = VECTOR('',#2033,1.);
#2033 = DIRECTION('',(-1.,-0.));
#2034 = ( GEOMETRIC_REPRESENTATION_CONTEXT(2) 
PARAMETRIC_REPRESENTATION_CONTEXT() REPRESENTATION_CONTEXT('2D SPACE',''
  ) );
#2035 = PCURVE('',#2036,#2041);
#2036 = CYLINDRICAL_SURFACE('',#2037,6.);
#2037 = AXIS2_PLACEMENT_3D('',#2038,#2039,#2040);
#2038 = CARTESIAN_POINT('',(1.25,0.,0.));
#2039 = DIRECTION('',(1.,0.,0.));
#2040 = DIRECTION('',(0.,1.,0.));
#2041 = DEFINITIONAL_REPRESENTATION('',(#2042),#2046);
#2042 = LINE('',#2043,#2044);
#2043 = CARTESIAN_POINT('',(0.,5.5));
#2044 = VECTOR('',#2045,1.);
#2045 = DIRECTION('',(1.,0.));
#2046 = ( GEOMETRIC_REPRESENTATION_CONTEXT(2) 
PARAMETRIC_REPRESENTATION_CONTEXT() REPRESENTATION_CONTEXT('2D SPACE',''
  ) );
#2047 = ORIENTED_EDGE('',*,*,#2048,.F.);
#2048 = EDGE_CURVE('',#1780,#2020,#2049,.T.);
#2049 = SURFACE_CURVE('',#2050,(#2055,#2066),.PCURVE_S1.);
#2050 = HYPERBOLA('',#2051,5.5,5.5);
#2051 = AXIS2_PLACEMENT_3D('',#2052,#2053,#2054);
#2052 = CARTESIAN_POINT('',(12.75,0.,-5.5));
#2053 = DIRECTION('',(0.,0.,1.));
#2054 = DIRECTION('',(-1.,0.,0.));
#2055 = PCURVE('',#1796,#2056);
#2056 = DEFINITIONAL_REPRESENTATION('',(#2057),#2065);
#2057 = B_SPLINE_CURVE_WITH_KNOTS('',6,(#2058,#2059,#2060,#2061,#2062,
    #2063,#2064),.UNSPECIFIED.,.F.,.F.,(7,7),(1.8E-16,0.423235459211),
  .PIECEWISE_BEZIER_KNOTS.);
#2058 = CARTESIAN_POINT('',(-4.712388980385,-0.5));
#2059 = CARTESIAN_POINT('',(-4.641849737183,-0.5));
#2060 = CARTESIAN_POINT('',(-4.571310597559,-0.467159817128));
#2061 = CARTESIAN_POINT('',(-4.501402552236,-0.401479472317));
#2062 = CARTESIAN_POINT('',(-4.432760427033,-0.302468678981));
#2063 = CARTESIAN_POINT('',(-4.365912090997,-0.169147163089));
#2064 = CARTESIAN_POINT('',(-4.301251118062,8.909545442951E-16));
#2065 = ( GEOMETRIC_REPRESENTATION_CONTEXT(2) 
PARAMETRIC_REPRESENTATION_CONTEXT() REPRESENTATION_CONTEXT('2D SPACE',''
  ) );
#2066 = PCURVE('',#1971,#2067);
#2067 = DEFINITIONAL_REPRESENTATION('',(#2068),#2072);
#2068 = HYPERBOLA('',#2069,5.5,5.5);
#2069 = AXIS2_PLACEMENT_2D('',#2070,#2071);
#2070 = CARTESIAN_POINT('',(4.999999999981,3.65));
#2071 = DIRECTION('',(0.,-1.));
#2072 = ( GEOMETRIC_REPRESENTATION_CONTEXT(2) 
PARAMETRIC_REPRESENTATION_CONTEXT() REPRESENTATION_CONTEXT('2D SPACE',''
  ) );
#2073 = ORIENTED_EDGE('',*,*,#1779,.F.);
#2074 = ADVANCED_FACE('',(#2075),#1767,.T.);
#2075 = FACE_BOUND('',#2076,.T.);
#2076 = EDGE_LOOP('',(#2077,#2078,#2102,#2128));
#2077 = ORIENTED_EDGE('',*,*,#1930,.F.);
#2078 = ORIENTED_EDGE('',*,*,#2079,.T.);
#2079 = EDGE_CURVE('',#1902,#2080,#2082,.T.);
#2080 = VERTEX_POINT('',#2081);
#2081 = CARTESIAN_POINT('',(6.75,2.397915761656,5.5));
#2082 = SURFACE_CURVE('',#2083,(#2088,#2095),.PCURVE_S1.);
#2083 = CIRCLE('',#2084,6.);
#2084 = AXIS2_PLACEMENT_3D('',#2085,#2086,#2087);
#2085 = CARTESIAN_POINT('',(6.75,0.,0.));
#2086 = DIRECTION('',(1.,0.,0.));
#2087 = DIRECTION('',(0.,1.,0.));
#2088 = PCURVE('',#1767,#2089);
#2089 = DEFINITIONAL_REPRESENTATION('',(#2090),#2094);
#2090 = LINE('',#2091,#2092);
#2091 = CARTESIAN_POINT('',(-0.,-0.));
#2092 = VECTOR('',#2093,1.);
#2093 = DIRECTION('',(-1.,-0.));
#2094 = ( GEOMETRIC_REPRESENTATION_CONTEXT(2) 
PARAMETRIC_REPRESENTATION_CONTEXT() REPRESENTATION_CONTEXT('2D SPACE',''
  ) );
#2095 = PCURVE('',#1918,#2096);
#2096 = DEFINITIONAL_REPRESENTATION('',(#2097),#2101);
#2097 = LINE('',#2098,#2099);
#2098 = CARTESIAN_POINT('',(0.,5.5));
#2099 = VECTOR('',#2100,1.);
#2100 = DIRECTION('',(1.,0.));
#2101 = ( GEOMETRIC_REPRESENTATION_CONTEXT(2) 
PARAMETRIC_REPRESENTATION_CONTEXT() REPRESENTATION_CONTEXT('2D SPACE',''
  ) );
#2102 = ORIENTED_EDGE('',*,*,#2103,.T.);
#2103 = EDGE_CURVE('',#2080,#1751,#2104,.T.);
#2104 = SURFACE_CURVE('',#2105,(#2110,#2121),.PCURVE_S1.);
#2105 = HYPERBOLA('',#2106,5.5,5.5);
#2106 = AXIS2_PLACEMENT_3D('',#2107,#2108,#2109);
#2107 = CARTESIAN_POINT('',(12.75,0.,5.5));
#2108 = DIRECTION('',(0.,0.,1.));
#2109 = DIRECTION('',(-1.,0.,0.));
#2110 = PCURVE('',#1767,#2111);
#2111 = DEFINITIONAL_REPRESENTATION('',(#2112),#2120);
#2112 = B_SPLINE_CURVE_WITH_KNOTS('',6,(#2113,#2114,#2115,#2116,#2117,
    #2118,#2119),.UNSPECIFIED.,.F.,.F.,(7,7),(-0.423235459211,-6.E-17),
  .PIECEWISE_BEZIER_KNOTS.);
#2113 = CARTESIAN_POINT('',(-1.159658464473,-8.909545442951E-16));
#2114 = CARTESIAN_POINT('',(-1.224319437408,-0.169147163089));
#2115 = CARTESIAN_POINT('',(-1.291167773443,-0.302468678981));
#2116 = CARTESIAN_POINT('',(-1.359809898647,-0.401479472317));
#2117 = CARTESIAN_POINT('',(-1.429717943969,-0.467159817128));
#2118 = CARTESIAN_POINT('',(-1.500257083593,-0.5));
#2119 = CARTESIAN_POINT('',(-1.570796326795,-0.5));
#2120 = ( GEOMETRIC_REPRESENTATION_CONTEXT(2) 
PARAMETRIC_REPRESENTATION_CONTEXT() REPRESENTATION_CONTEXT('2D SPACE',''
  ) );
#2121 = PCURVE('',#2007,#2122);
#2122 = DEFINITIONAL_REPRESENTATION('',(#2123),#2127);
#2123 = HYPERBOLA('',#2124,5.5,5.5);
#2124 = AXIS2_PLACEMENT_2D('',#2125,#2126);
#2125 = CARTESIAN_POINT('',(4.999999999981,3.65));
#2126 = DIRECTION('',(0.,-1.));
#2127 = ( GEOMETRIC_REPRESENTATION_CONTEXT(2) 
PARAMETRIC_REPRESENTATION_CONTEXT() REPRESENTATION_CONTEXT('2D SPACE',''
  ) );
#2128 = ORIENTED_EDGE('',*,*,#1750,.F.);
#2129 = ADVANCED_FACE('',(#2130),#1879,.T.);
#2130 = FACE_BOUND('',#2131,.T.);
#2131 = EDGE_LOOP('',(#2132,#2155,#2156,#2157));
#2132 = ORIENTED_EDGE('',*,*,#2133,.F.);
#2133 = EDGE_CURVE('',#1842,#2134,#2136,.T.);
#2134 = VERTEX_POINT('',#2135);
#2135 = CARTESIAN_POINT('',(-0.35,7.5,0.));
#2136 = SEAM_CURVE('',#2137,(#2141,#2148),.PCURVE_S1.);
#2137 = LINE('',#2138,#2139);
#2138 = CARTESIAN_POINT('',(-1.5,7.5,0.));
#2139 = VECTOR('',#2140,1.);
#2140 = DIRECTION('',(1.,0.,0.));
#2141 = PCURVE('',#1879,#2142);
#2142 = DEFINITIONAL_REPRESENTATION('',(#2143),#2147);
#2143 = LINE('',#2144,#2145);
#2144 = CARTESIAN_POINT('',(0.,0.));
#2145 = VECTOR('',#2146,1.);
#2146 = DIRECTION('',(0.,1.));
#2147 = ( GEOMETRIC_REPRESENTATION_CONTEXT(2) 
PARAMETRIC_REPRESENTATION_CONTEXT() REPRESENTATION_CONTEXT('2D SPACE',''
  ) );
#2148 = PCURVE('',#1879,#2149);
#2149 = DEFINITIONAL_REPRESENTATION('',(#2150),#2154);
#2150 = LINE('',#2151,#2152);
#2151 = CARTESIAN_POINT('',(6.28318530718,0.));
#2152 = VECTOR('',#2153,1.);
#2153 = DIRECTION('',(0.,1.));
#2154 = ( GEOMETRIC_REPRESENTATION_CONTEXT(2) 
PARAMETRIC_REPRESENTATION_CONTEXT() REPRESENTATION_CONTEXT('2D SPACE',''
  ) );
#2155 = ORIENTED_EDGE('',*,*,#1864,.T.);
#2156 = ORIENTED_EDGE('',*,*,#2133,.T.);
#2157 = ORIENTED_EDGE('',*,*,#2158,.F.);
#2158 = EDGE_CURVE('',#2134,#2134,#2159,.T.);
#2159 = SURFACE_CURVE('',#2160,(#2165,#2172),.PCURVE_S1.);
#2160 = CIRCLE('',#2161,7.5);
#2161 = AXIS2_PLACEMENT_3D('',#2162,#2163,#2164);
#2162 = CARTESIAN_POINT('',(-0.35,0.,0.));
#2163 = DIRECTION('',(1.,0.,0.));
#2164 = DIRECTION('',(0.,1.,0.));
#2165 = PCURVE('',#1879,#2166);
#2166 = DEFINITIONAL_REPRESENTATION('',(#2167),#2171);
#2167 = LINE('',#2168,#2169);
#2168 = CARTESIAN_POINT('',(0.,1.15));
#2169 = VECTOR('',#2170,1.);
#2170 = DIRECTION('',(1.,0.));
#2171 = ( GEOMETRIC_REPRESENTATION_CONTEXT(2) 
PARAMETRIC_REPRESENTATION_CONTEXT() REPRESENTATION_CONTEXT('2D SPACE',''
  ) );
#2172 = PCURVE('',#2173,#2178);
#2173 = CONICAL_SURFACE('',#2174,7.5,0.785398163397);
#2174 = AXIS2_PLACEMENT_3D('',#2175,#2176,#2177);
#2175 = CARTESIAN_POINT('',(-0.35,0.,0.));
#2176 = DIRECTION('',(-1.,-0.,-0.));
#2177 = DIRECTION('',(0.,1.,0.));
#2178 = DEFINITIONAL_REPRESENTATION('',(#2179),#2183);
#2179 = LINE('',#2180,#2181);
#2180 = CARTESIAN_POINT('',(-0.,-0.));
#2181 = VECTOR('',#2182,1.);
#2182 = DIRECTION('',(-1.,-0.));
#2183 = ( GEOMETRIC_REPRESENTATION_CONTEXT(2) 
PARAMETRIC_REPRESENTATION_CONTEXT() REPRESENTATION_CONTEXT('2D SPACE',''
  ) );
#2184 = ADVANCED_FACE('',(#2185),#1918,.T.);
#2185 = FACE_BOUND('',#2186,.T.);
#2186 = EDGE_LOOP('',(#2187,#2188,#2211,#2240,#2269,#2290));
#2187 = ORIENTED_EDGE('',*,*,#1899,.F.);
#2188 = ORIENTED_EDGE('',*,*,#2189,.F.);
#2189 = EDGE_CURVE('',#2190,#1900,#2192,.T.);
#2190 = VERTEX_POINT('',#2191);
#2191 = CARTESIAN_POINT('',(1.25,2.397915761656,-5.5));
#2192 = SURFACE_CURVE('',#2193,(#2197,#2204),.PCURVE_S1.);
#2193 = LINE('',#2194,#2195);
#2194 = CARTESIAN_POINT('',(1.25,2.397915761656,-5.5));
#2195 = VECTOR('',#2196,1.);
#2196 = DIRECTION('',(1.,0.,0.));
#2197 = PCURVE('',#1918,#2198);
#2198 = DEFINITIONAL_REPRESENTATION('',(#2199),#2203);
#2199 = LINE('',#2200,#2201);
#2200 = CARTESIAN_POINT('',(-1.159658464473,0.));
#2201 = VECTOR('',#2202,1.);
#2202 = DIRECTION('',(0.,1.));
#2203 = ( GEOMETRIC_REPRESENTATION_CONTEXT(2) 
PARAMETRIC_REPRESENTATION_CONTEXT() REPRESENTATION_CONTEXT('2D SPACE',''
  ) );
#2204 = PCURVE('',#1971,#2205);
#2205 = DEFINITIONAL_REPRESENTATION('',(#2206),#2210);
#2206 = LINE('',#2207,#2208);
#2207 = CARTESIAN_POINT('',(2.602084238325,-7.85));
#2208 = VECTOR('',#2209,1.);
#2209 = DIRECTION('',(0.,1.));
#2210 = ( GEOMETRIC_REPRESENTATION_CONTEXT(2) 
PARAMETRIC_REPRESENTATION_CONTEXT() REPRESENTATION_CONTEXT('2D SPACE',''
  ) );
#2211 = ORIENTED_EDGE('',*,*,#2212,.T.);
#2212 = EDGE_CURVE('',#2190,#2213,#2215,.T.);
#2213 = VERTEX_POINT('',#2214);
#2214 = CARTESIAN_POINT('',(1.25,6.,0.));
#2215 = SURFACE_CURVE('',#2216,(#2221,#2228),.PCURVE_S1.);
#2216 = CIRCLE('',#2217,6.);
#2217 = AXIS2_PLACEMENT_3D('',#2218,#2219,#2220);
#2218 = CARTESIAN_POINT('',(1.25,0.,0.));
#2219 = DIRECTION('',(1.,0.,0.));
#2220 = DIRECTION('',(0.,1.,0.));
#2221 = PCURVE('',#1918,#2222);
#2222 = DEFINITIONAL_REPRESENTATION('',(#2223),#2227);
#2223 = LINE('',#2224,#2225);
#2224 = CARTESIAN_POINT('',(-6.28318530718,0.));
#2225 = VECTOR('',#2226,1.);
#2226 = DIRECTION('',(1.,0.));
#2227 = ( GEOMETRIC_REPRESENTATION_CONTEXT(2) 
PARAMETRIC_REPRESENTATION_CONTEXT() REPRESENTATION_CONTEXT('2D SPACE',''
  ) );
#2228 = PCURVE('',#2229,#2234);
#2229 = CONICAL_SURFACE('',#2230,5.5,0.785398163397);
#2230 = AXIS2_PLACEMENT_3D('',#2231,#2232,#2233);
#2231 = CARTESIAN_POINT('',(0.75,0.,0.));
#2232 = DIRECTION('',(1.,0.,0.));
#2233 = DIRECTION('',(0.,1.,0.));
#2234 = DEFINITIONAL_REPRESENTATION('',(#2235),#2239);
#2235 = LINE('',#2236,#2237);
#2236 = CARTESIAN_POINT('',(0.,0.5));
#2237 = VECTOR('',#2238,1.);
#2238 = DIRECTION('',(1.,0.));
#2239 = ( GEOMETRIC_REPRESENTATION_CONTEXT(2) 
PARAMETRIC_REPRESENTATION_CONTEXT() REPRESENTATION_CONTEXT('2D SPACE',''
  ) );
#2240 = ORIENTED_EDGE('',*,*,#2241,.T.);
#2241 = EDGE_CURVE('',#2213,#2242,#2244,.T.);
#2242 = VERTEX_POINT('',#2243);
#2243 = CARTESIAN_POINT('',(1.25,2.397915761656,5.5));
#2244 = SURFACE_CURVE('',#2245,(#2250,#2257),.PCURVE_S1.);
#2245 = CIRCLE('',#2246,6.);
#2246 = AXIS2_PLACEMENT_3D('',#2247,#2248,#2249);
#2247 = CARTESIAN_POINT('',(1.25,0.,0.));
#2248 = DIRECTION('',(1.,0.,0.));
#2249 = DIRECTION('',(0.,1.,0.));
#2250 = PCURVE('',#1918,#2251);
#2251 = DEFINITIONAL_REPRESENTATION('',(#2252),#2256);
#2252 = LINE('',#2253,#2254);
#2253 = CARTESIAN_POINT('',(0.,0.));
#2254 = VECTOR('',#2255,1.);
#2255 = DIRECTION('',(1.,0.));
#2256 = ( GEOMETRIC_REPRESENTATION_CONTEXT(2) 
PARAMETRIC_REPRESENTATION_CONTEXT() REPRESENTATION_CONTEXT('2D SPACE',''
  ) );
#2257 = PCURVE('',#2258,#2263);
#2258 = CONICAL_SURFACE('',#2259,5.5,0.785398163397);
#2259 = AXIS2_PLACEMENT_3D('',#2260,#2261,#2262);
#2260 = CARTESIAN_POINT('',(0.75,0.,0.));
#2261 = DIRECTION('',(1.,0.,0.));
#2262 = DIRECTION('',(0.,1.,0.));
#2263 = DEFINITIONAL_REPRESENTATION('',(#2264),#2268);
#2264 = LINE('',#2265,#2266);
#2265 = CARTESIAN_POINT('',(0.,0.5));
#2266 = VECTOR('',#2267,1.);
#2267 = DIRECTION('',(1.,0.));
#2268 = ( GEOMETRIC_REPRESENTATION_CONTEXT(2) 
PARAMETRIC_REPRESENTATION_CONTEXT() REPRESENTATION_CONTEXT('2D SPACE',''
  ) );
#2269 = ORIENTED_EDGE('',*,*,#2270,.T.);
#2270 = EDGE_CURVE('',#2242,#2080,#2271,.T.);
#2271 = SURFACE_CURVE('',#2272,(#2276,#2283),.PCURVE_S1.);
#2272 = LINE('',#2273,#2274);
#2273 = CARTESIAN_POINT('',(1.25,2.397915761656,5.5));
#2274 = VECTOR('',#2275,1.);
#2275 = DIRECTION('',(1.,0.,0.));
#2276 = PCURVE('',#1918,#2277);
#2277 = DEFINITIONAL_REPRESENTATION('',(#2278),#2282);
#2278 = LINE('',#2279,#2280);
#2279 = CARTESIAN_POINT('',(1.159658464473,0.));
#2280 = VECTOR('',#2281,1.);
#2281 = DIRECTION('',(0.,1.));
#2282 = ( GEOMETRIC_REPRESENTATION_CONTEXT(2) 
PARAMETRIC_REPRESENTATION_CONTEXT() REPRESENTATION_CONTEXT('2D SPACE',''
  ) );
#2283 = PCURVE('',#2007,#2284);
#2284 = DEFINITIONAL_REPRESENTATION('',(#2285),#2289);
#2285 = LINE('',#2286,#2287);
#2286 = CARTESIAN_POINT('',(2.602084238325,-7.85));
#2287 = VECTOR('',#2288,1.);
#2288 = DIRECTION('',(0.,1.));
#2289 = ( GEOMETRIC_REPRESENTATION_CONTEXT(2) 
PARAMETRIC_REPRESENTATION_CONTEXT() REPRESENTATION_CONTEXT('2D SPACE',''
  ) );
#2290 = ORIENTED_EDGE('',*,*,#2079,.F.);
#2291 = ADVANCED_FACE('',(#2292),#1971,.F.);
#2292 = FACE_BOUND('',#2293,.F.);
#2293 = EDGE_LOOP('',(#2294,#2322,#2355,#2376,#2377,#2378));
#2294 = ORIENTED_EDGE('',*,*,#2295,.F.);
#2295 = EDGE_CURVE('',#2296,#2190,#2298,.T.);
#2296 = VERTEX_POINT('',#2297);
#2297 = CARTESIAN_POINT('',(0.75,-1.E-15,-5.5));
#2298 = SURFACE_CURVE('',#2299,(#2304,#2311),.PCURVE_S1.);
#2299 = HYPERBOLA('',#2300,5.5,5.5);
#2300 = AXIS2_PLACEMENT_3D('',#2301,#2302,#2303);
#2301 = CARTESIAN_POINT('',(-4.75,0.,-5.5));
#2302 = DIRECTION('',(0.,0.,1.));
#2303 = DIRECTION('',(1.,0.,0.));
#2304 = PCURVE('',#1971,#2305);
#2305 = DEFINITIONAL_REPRESENTATION('',(#2306),#2310);
#2306 = HYPERBOLA('',#2307,5.5,5.5);
#2307 = AXIS2_PLACEMENT_2D('',#2308,#2309);
#2308 = CARTESIAN_POINT('',(4.999999999981,-13.85));
#2309 = DIRECTION('',(0.,1.));
#2310 = ( GEOMETRIC_REPRESENTATION_CONTEXT(2) 
PARAMETRIC_REPRESENTATION_CONTEXT() REPRESENTATION_CONTEXT('2D SPACE',''
  ) );
#2311 = PCURVE('',#2229,#2312);
#2312 = DEFINITIONAL_REPRESENTATION('',(#2313),#2321);
#2313 = B_SPLINE_CURVE_WITH_KNOTS('',6,(#2314,#2315,#2316,#2317,#2318,
    #2319,#2320),.UNSPECIFIED.,.F.,.F.,(7,7),(-1.8E-16,0.423235459211),
  .PIECEWISE_BEZIER_KNOTS.);
#2314 = CARTESIAN_POINT('',(4.712388980385,0.));
#2315 = CARTESIAN_POINT('',(4.782928223586,-7.071067811865E-17));
#2316 = CARTESIAN_POINT('',(4.853467363211,3.284018287163E-02));
#2317 = CARTESIAN_POINT('',(4.923375408532,9.852052768303E-02));
#2318 = CARTESIAN_POINT('',(4.992017533737,0.197531321019));
#2319 = CARTESIAN_POINT('',(5.058865869772,0.330852836911));
#2320 = CARTESIAN_POINT('',(5.123526842707,0.5));
#2321 = ( GEOMETRIC_REPRESENTATION_CONTEXT(2) 
PARAMETRIC_REPRESENTATION_CONTEXT() REPRESENTATION_CONTEXT('2D SPACE',''
  ) );
#2322 = ORIENTED_EDGE('',*,*,#2323,.F.);
#2323 = EDGE_CURVE('',#2324,#2296,#2326,.T.);
#2324 = VERTEX_POINT('',#2325);
#2325 = CARTESIAN_POINT('',(1.25,-2.397915761656,-5.5));
#2326 = SURFACE_CURVE('',#2327,(#2332,#2339),.PCURVE_S1.);
#2327 = HYPERBOLA('',#2328,5.5,5.5);
#2328 = AXIS2_PLACEMENT_3D('',#2329,#2330,#2331);
#2329 = CARTESIAN_POINT('',(-4.75,0.,-5.5));
#2330 = DIRECTION('',(0.,0.,1.));
#2331 = DIRECTION('',(1.,0.,0.));
#2332 = PCURVE('',#1971,#2333);
#2333 = DEFINITIONAL_REPRESENTATION('',(#2334),#2338);
#2334 = HYPERBOLA('',#2335,5.5,5.5);
#2335 = AXIS2_PLACEMENT_2D('',#2336,#2337);
#2336 = CARTESIAN_POINT('',(4.999999999981,-13.85));
#2337 = DIRECTION('',(0.,1.));
#2338 = ( GEOMETRIC_REPRESENTATION_CONTEXT(2) 
PARAMETRIC_REPRESENTATION_CONTEXT() REPRESENTATION_CONTEXT('2D SPACE',''
  ) );
#2339 = PCURVE('',#2340,#2345);
#2340 = CONICAL_SURFACE('',#2341,5.5,0.785398163397);
#2341 = AXIS2_PLACEMENT_3D('',#2342,#2343,#2344);
#2342 = CARTESIAN_POINT('',(0.75,0.,0.));
#2343 = DIRECTION('',(1.,0.,0.));
#2344 = DIRECTION('',(0.,1.,0.));
#2345 = DEFINITIONAL_REPRESENTATION('',(#2346),#2354);
#2346 = B_SPLINE_CURVE_WITH_KNOTS('',6,(#2347,#2348,#2349,#2350,#2351,
    #2352,#2353),.UNSPECIFIED.,.F.,.F.,(7,7),(-0.423235459211,-1.8E-16),
  .PIECEWISE_BEZIER_KNOTS.);
#2347 = CARTESIAN_POINT('',(4.301251118062,0.5));
#2348 = CARTESIAN_POINT('',(4.365912090997,0.330852836911));
#2349 = CARTESIAN_POINT('',(4.432760427033,0.197531321019));
#2350 = CARTESIAN_POINT('',(4.501402552237,9.852052768303E-02));
#2351 = CARTESIAN_POINT('',(4.571310597559,3.284018287163E-02));
#2352 = CARTESIAN_POINT('',(4.641849737183,7.071067811865E-17));
#2353 = CARTESIAN_POINT('',(4.712388980385,0.));
#2354 = ( GEOMETRIC_REPRESENTATION_CONTEXT(2) 
PARAMETRIC_REPRESENTATION_CONTEXT() REPRESENTATION_CONTEXT('2D SPACE',''
  ) );
#2355 = ORIENTED_EDGE('',*,*,#2356,.T.);
#2356 = EDGE_CURVE('',#2324,#2020,#2357,.T.);
#2357 = SURFACE_CURVE('',#2358,(#2362,#2369),.PCURVE_S1.);
#2358 = LINE('',#2359,#2360);
#2359 = CARTESIAN_POINT('',(1.25,-2.397915761656,-5.5));
#2360 = VECTOR('',#2361,1.);
#2361 = DIRECTION('',(1.,0.,0.));
#2362 = PCURVE('',#1971,#2363);
#2363 = DEFINITIONAL_REPRESENTATION('',(#2364),#2368);
#2364 = LINE('',#2365,#2366);
#2365 = CARTESIAN_POINT('',(7.397915761638,-7.85));
#2366 = VECTOR('',#2367,1.);
#2367 = DIRECTION('',(0.,1.));
#2368 = ( GEOMETRIC_REPRESENTATION_CONTEXT(2) 
PARAMETRIC_REPRESENTATION_CONTEXT() REPRESENTATION_CONTEXT('2D SPACE',''
  ) );
#2369 = PCURVE('',#2036,#2370);
#2370 = DEFINITIONAL_REPRESENTATION('',(#2371),#2375);
#2371 = LINE('',#2372,#2373);
#2372 = CARTESIAN_POINT('',(4.301251118062,0.));
#2373 = VECTOR('',#2374,1.);
#2374 = DIRECTION('',(0.,1.));
#2375 = ( GEOMETRIC_REPRESENTATION_CONTEXT(2) 
PARAMETRIC_REPRESENTATION_CONTEXT() REPRESENTATION_CONTEXT('2D SPACE',''
  ) );
#2376 = ORIENTED_EDGE('',*,*,#2048,.F.);
#2377 = ORIENTED_EDGE('',*,*,#1952,.F.);
#2378 = ORIENTED_EDGE('',*,*,#2189,.F.);
#2379 = ADVANCED_FACE('',(#2380),#2007,.T.);
#2380 = FACE_BOUND('',#2381,.T.);
#2381 = EDGE_LOOP('',(#2382,#2410,#2438,#2459,#2460,#2461));
#2382 = ORIENTED_EDGE('',*,*,#2383,.F.);
#2383 = EDGE_CURVE('',#2384,#2242,#2386,.T.);
#2384 = VERTEX_POINT('',#2385);
#2385 = CARTESIAN_POINT('',(0.75,0.,5.5));
#2386 = SURFACE_CURVE('',#2387,(#2392,#2399),.PCURVE_S1.);
#2387 = HYPERBOLA('',#2388,5.5,5.5);
#2388 = AXIS2_PLACEMENT_3D('',#2389,#2390,#2391);
#2389 = CARTESIAN_POINT('',(-4.75,0.,5.5));
#2390 = DIRECTION('',(0.,0.,1.));
#2391 = DIRECTION('',(1.,0.,0.));
#2392 = PCURVE('',#2007,#2393);
#2393 = DEFINITIONAL_REPRESENTATION('',(#2394),#2398);
#2394 = HYPERBOLA('',#2395,5.5,5.5);
#2395 = AXIS2_PLACEMENT_2D('',#2396,#2397);
#2396 = CARTESIAN_POINT('',(4.999999999981,-13.85));
#2397 = DIRECTION('',(0.,1.));
#2398 = ( GEOMETRIC_REPRESENTATION_CONTEXT(2) 
PARAMETRIC_REPRESENTATION_CONTEXT() REPRESENTATION_CONTEXT('2D SPACE',''
  ) );
#2399 = PCURVE('',#2258,#2400);
#2400 = DEFINITIONAL_REPRESENTATION('',(#2401),#2409);
#2401 = B_SPLINE_CURVE_WITH_KNOTS('',6,(#2402,#2403,#2404,#2405,#2406,
    #2407,#2408),.UNSPECIFIED.,.F.,.F.,(7,7),(6.E-17,0.423235459211),
  .PIECEWISE_BEZIER_KNOTS.);
#2402 = CARTESIAN_POINT('',(1.570796326795,0.));
#2403 = CARTESIAN_POINT('',(1.500257083593,2.12132034356E-17));
#2404 = CARTESIAN_POINT('',(1.429717943969,3.284018287163E-02));
#2405 = CARTESIAN_POINT('',(1.359809898647,9.852052768304E-02));
#2406 = CARTESIAN_POINT('',(1.291167773443,0.197531321019));
#2407 = CARTESIAN_POINT('',(1.224319437408,0.330852836911));
#2408 = CARTESIAN_POINT('',(1.159658464473,0.5));
#2409 = ( GEOMETRIC_REPRESENTATION_CONTEXT(2) 
PARAMETRIC_REPRESENTATION_CONTEXT() REPRESENTATION_CONTEXT('2D SPACE',''
  ) );
#2410 = ORIENTED_EDGE('',*,*,#2411,.F.);
#2411 = EDGE_CURVE('',#2412,#2384,#2414,.T.);
#2412 = VERTEX_POINT('',#2413);
#2413 = CARTESIAN_POINT('',(1.25,-2.397915761656,5.5));
#2414 = SURFACE_CURVE('',#2415,(#2420,#2427),.PCURVE_S1.);
#2415 = HYPERBOLA('',#2416,5.5,5.5);
#2416 = AXIS2_PLACEMENT_3D('',#2417,#2418,#2419);
#2417 = CARTESIAN_POINT('',(-4.75,0.,5.5));
#2418 = DIRECTION('',(0.,0.,1.));
#2419 = DIRECTION('',(1.,0.,0.));
#2420 = PCURVE('',#2007,#2421);
#2421 = DEFINITIONAL_REPRESENTATION('',(#2422),#2426);
#2422 = HYPERBOLA('',#2423,5.5,5.5);
#2423 = AXIS2_PLACEMENT_2D('',#2424,#2425);
#2424 = CARTESIAN_POINT('',(4.999999999981,-13.85));
#2425 = DIRECTION('',(0.,1.));
#2426 = ( GEOMETRIC_REPRESENTATION_CONTEXT(2) 
PARAMETRIC_REPRESENTATION_CONTEXT() REPRESENTATION_CONTEXT('2D SPACE',''
  ) );
#2427 = PCURVE('',#2340,#2428);
#2428 = DEFINITIONAL_REPRESENTATION('',(#2429),#2437);
#2429 = B_SPLINE_CURVE_WITH_KNOTS('',6,(#2430,#2431,#2432,#2433,#2434,
    #2435,#2436),.UNSPECIFIED.,.F.,.F.,(7,7),(-0.423235459211,6.E-17),
  .PIECEWISE_BEZIER_KNOTS.);
#2430 = CARTESIAN_POINT('',(1.981934189117,0.5));
#2431 = CARTESIAN_POINT('',(1.917273216182,0.330852836911));
#2432 = CARTESIAN_POINT('',(1.850424880147,0.197531321019));
#2433 = CARTESIAN_POINT('',(1.781782754943,9.852052768304E-02));
#2434 = CARTESIAN_POINT('',(1.711874709621,3.284018287163E-02));
#2435 = CARTESIAN_POINT('',(1.641335569997,-2.12132034356E-17));
#2436 = CARTESIAN_POINT('',(1.570796326795,0.));
#2437 = ( GEOMETRIC_REPRESENTATION_CONTEXT(2) 
PARAMETRIC_REPRESENTATION_CONTEXT() REPRESENTATION_CONTEXT('2D SPACE',''
  ) );
#2438 = ORIENTED_EDGE('',*,*,#2439,.T.);
#2439 = EDGE_CURVE('',#2412,#1987,#2440,.T.);
#2440 = SURFACE_CURVE('',#2441,(#2445,#2452),.PCURVE_S1.);
#2441 = LINE('',#2442,#2443);
#2442 = CARTESIAN_POINT('',(1.25,-2.397915761656,5.5));
#2443 = VECTOR('',#2444,1.);
#2444 = DIRECTION('',(1.,0.,0.));
#2445 = PCURVE('',#2007,#2446);
#2446 = DEFINITIONAL_REPRESENTATION('',(#2447),#2451);
#2447 = LINE('',#2448,#2449);
#2448 = CARTESIAN_POINT('',(7.397915761638,-7.85));
#2449 = VECTOR('',#2450,1.);
#2450 = DIRECTION('',(0.,1.));
#2451 = ( GEOMETRIC_REPRESENTATION_CONTEXT(2) 
PARAMETRIC_REPRESENTATION_CONTEXT() REPRESENTATION_CONTEXT('2D SPACE',''
  ) );
#2452 = PCURVE('',#2036,#2453);
#2453 = DEFINITIONAL_REPRESENTATION('',(#2454),#2458);
#2454 = LINE('',#2455,#2456);
#2455 = CARTESIAN_POINT('',(1.981934189117,0.));
#2456 = VECTOR('',#2457,1.);
#2457 = DIRECTION('',(0.,1.));
#2458 = ( GEOMETRIC_REPRESENTATION_CONTEXT(2) 
PARAMETRIC_REPRESENTATION_CONTEXT() REPRESENTATION_CONTEXT('2D SPACE',''
  ) );
#2459 = ORIENTED_EDGE('',*,*,#1986,.F.);
#2460 = ORIENTED_EDGE('',*,*,#2103,.F.);
#2461 = ORIENTED_EDGE('',*,*,#2270,.F.);
#2462 = ADVANCED_FACE('',(#2463),#2036,.T.);
#2463 = FACE_BOUND('',#2464,.T.);
#2464 = EDGE_LOOP('',(#2465,#2466,#2488,#2489));
#2465 = ORIENTED_EDGE('',*,*,#2439,.F.);
#2466 = ORIENTED_EDGE('',*,*,#2467,.T.);
#2467 = EDGE_CURVE('',#2412,#2324,#2468,.T.);
#2468 = SURFACE_CURVE('',#2469,(#2474,#2481),.PCURVE_S1.);
#2469 = CIRCLE('',#2470,6.);
#2470 = AXIS2_PLACEMENT_3D('',#2471,#2472,#2473);
#2471 = CARTESIAN_POINT('',(1.25,0.,0.));
#2472 = DIRECTION('',(1.,0.,0.));
#2473 = DIRECTION('',(0.,1.,0.));
#2474 = PCURVE('',#2036,#2475);
#2475 = DEFINITIONAL_REPRESENTATION('',(#2476),#2480);
#2476 = LINE('',#2477,#2478);
#2477 = CARTESIAN_POINT('',(0.,0.));
#2478 = VECTOR('',#2479,1.);
#2479 = DIRECTION('',(1.,0.));
#2480 = ( GEOMETRIC_REPRESENTATION_CONTEXT(2) 
PARAMETRIC_REPRESENTATION_CONTEXT() REPRESENTATION_CONTEXT('2D SPACE',''
  ) );
#2481 = PCURVE('',#2340,#2482);
#2482 = DEFINITIONAL_REPRESENTATION('',(#2483),#2487);
#2483 = LINE('',#2484,#2485);
#2484 = CARTESIAN_POINT('',(0.,0.5));
#2485 = VECTOR('',#2486,1.);
#2486 = DIRECTION('',(1.,0.));
#2487 = ( GEOMETRIC_REPRESENTATION_CONTEXT(2) 
PARAMETRIC_REPRESENTATION_CONTEXT() REPRESENTATION_CONTEXT('2D SPACE',''
  ) );
#2488 = ORIENTED_EDGE('',*,*,#2356,.T.);
#2489 = ORIENTED_EDGE('',*,*,#2019,.F.);
#2490 = ADVANCED_FACE('',(#2491),#2173,.T.);
#2491 = FACE_BOUND('',#2492,.T.);
#2492 = EDGE_LOOP('',(#2493,#2516,#2517,#2518));
#2493 = ORIENTED_EDGE('',*,*,#2494,.F.);
#2494 = EDGE_CURVE('',#2134,#2495,#2497,.T.);
#2495 = VERTEX_POINT('',#2496);
#2496 = CARTESIAN_POINT('',(0.,7.15,0.));
#2497 = SEAM_CURVE('',#2498,(#2502,#2509),.PCURVE_S1.);
#2498 = LINE('',#2499,#2500);
#2499 = CARTESIAN_POINT('',(-0.35,7.5,0.));
#2500 = VECTOR('',#2501,1.);
#2501 = DIRECTION('',(0.707106781187,-0.707106781187,0.));
#2502 = PCURVE('',#2173,#2503);
#2503 = DEFINITIONAL_REPRESENTATION('',(#2504),#2508);
#2504 = LINE('',#2505,#2506);
#2505 = CARTESIAN_POINT('',(-0.,-0.));
#2506 = VECTOR('',#2507,1.);
#2507 = DIRECTION('',(-0.,-1.));
#2508 = ( GEOMETRIC_REPRESENTATION_CONTEXT(2) 
PARAMETRIC_REPRESENTATION_CONTEXT() REPRESENTATION_CONTEXT('2D SPACE',''
  ) );
#2509 = PCURVE('',#2173,#2510);
#2510 = DEFINITIONAL_REPRESENTATION('',(#2511),#2515);
#2511 = LINE('',#2512,#2513);
#2512 = CARTESIAN_POINT('',(-6.28318530718,-0.));
#2513 = VECTOR('',#2514,1.);
#2514 = DIRECTION('',(-0.,-1.));
#2515 = ( GEOMETRIC_REPRESENTATION_CONTEXT(2) 
PARAMETRIC_REPRESENTATION_CONTEXT() REPRESENTATION_CONTEXT('2D SPACE',''
  ) );
#2516 = ORIENTED_EDGE('',*,*,#2158,.T.);
#2517 = ORIENTED_EDGE('',*,*,#2494,.T.);
#2518 = ORIENTED_EDGE('',*,*,#2519,.F.);
#2519 = EDGE_CURVE('',#2495,#2495,#2520,.T.);
#2520 = SURFACE_CURVE('',#2521,(#2526,#2533),.PCURVE_S1.);
#2521 = CIRCLE('',#2522,7.15);
#2522 = AXIS2_PLACEMENT_3D('',#2523,#2524,#2525);
#2523 = CARTESIAN_POINT('',(0.,0.,0.));
#2524 = DIRECTION('',(1.,0.,0.));
#2525 = DIRECTION('',(0.,1.,0.));
#2526 = PCURVE('',#2173,#2527);
#2527 = DEFINITIONAL_REPRESENTATION('',(#2528),#2532);
#2528 = LINE('',#2529,#2530);
#2529 = CARTESIAN_POINT('',(-0.,-0.35));
#2530 = VECTOR('',#2531,1.);
#2531 = DIRECTION('',(-1.,-0.));
#2532 = ( GEOMETRIC_REPRESENTATION_CONTEXT(2) 
PARAMETRIC_REPRESENTATION_CONTEXT() REPRESENTATION_CONTEXT('2D SPACE',''
  ) );
#2533 = PCURVE('',#2534,#2539);
#2534 = PLANE('',#2535);
#2535 = AXIS2_PLACEMENT_3D('',#2536,#2537,#2538);
#2536 = CARTESIAN_POINT('',(0.,0.,0.));
#2537 = DIRECTION('',(1.,0.,0.));
#2538 = DIRECTION('',(0.,1.,0.));
#2539 = DEFINITIONAL_REPRESENTATION('',(#2540),#2544);
#2540 = CIRCLE('',#2541,7.15);
#2541 = AXIS2_PLACEMENT_2D('',#2542,#2543);
#2542 = CARTESIAN_POINT('',(0.,0.));
#2543 = DIRECTION('',(1.,0.));
#2544 = ( GEOMETRIC_REPRESENTATION_CONTEXT(2) 
PARAMETRIC_REPRESENTATION_CONTEXT() REPRESENTATION_CONTEXT('2D SPACE',''
  ) );
#2545 = ADVANCED_FACE('',(#2546),#2229,.T.);
#2546 = FACE_BOUND('',#2547,.T.);
#2547 = EDGE_LOOP('',(#2548,#2577,#2598,#2599));
#2548 = ORIENTED_EDGE('',*,*,#2549,.T.);
#2549 = EDGE_CURVE('',#2296,#2550,#2552,.T.);
#2550 = VERTEX_POINT('',#2551);
#2551 = CARTESIAN_POINT('',(0.75,5.5,0.));
#2552 = SURFACE_CURVE('',#2553,(#2558,#2565),.PCURVE_S1.);
#2553 = CIRCLE('',#2554,5.5);
#2554 = AXIS2_PLACEMENT_3D('',#2555,#2556,#2557);
#2555 = CARTESIAN_POINT('',(0.75,0.,0.));
#2556 = DIRECTION('',(1.,0.,0.));
#2557 = DIRECTION('',(0.,1.,0.));
#2558 = PCURVE('',#2229,#2559);
#2559 = DEFINITIONAL_REPRESENTATION('',(#2560),#2564);
#2560 = LINE('',#2561,#2562);
#2561 = CARTESIAN_POINT('',(0.,0.));
#2562 = VECTOR('',#2563,1.);
#2563 = DIRECTION('',(1.,0.));
#2564 = ( GEOMETRIC_REPRESENTATION_CONTEXT(2) 
PARAMETRIC_REPRESENTATION_CONTEXT() REPRESENTATION_CONTEXT('2D SPACE',''
  ) );
#2565 = PCURVE('',#2566,#2571);
#2566 = CYLINDRICAL_SURFACE('',#2567,5.5);
#2567 = AXIS2_PLACEMENT_3D('',#2568,#2569,#2570);
#2568 = CARTESIAN_POINT('',(0.,0.,0.));
#2569 = DIRECTION('',(1.,0.,0.));
#2570 = DIRECTION('',(0.,1.,0.));
#2571 = DEFINITIONAL_REPRESENTATION('',(#2572),#2576);
#2572 = LINE('',#2573,#2574);
#2573 = CARTESIAN_POINT('',(0.,0.75));
#2574 = VECTOR('',#2575,1.);
#2575 = DIRECTION('',(1.,0.));
#2576 = ( GEOMETRIC_REPRESENTATION_CONTEXT(2) 
PARAMETRIC_REPRESENTATION_CONTEXT() REPRESENTATION_CONTEXT('2D SPACE',''
  ) );
#2577 = ORIENTED_EDGE('',*,*,#2578,.T.);
#2578 = EDGE_CURVE('',#2550,#2213,#2579,.T.);
#2579 = SURFACE_CURVE('',#2580,(#2584,#2591),.PCURVE_S1.);
#2580 = LINE('',#2581,#2582);
#2581 = CARTESIAN_POINT('',(0.75,5.5,0.));
#2582 = VECTOR('',#2583,1.);
#2583 = DIRECTION('',(0.707106781187,0.707106781187,0.));
#2584 = PCURVE('',#2229,#2585);
#2585 = DEFINITIONAL_REPRESENTATION('',(#2586),#2590);
#2586 = LINE('',#2587,#2588);
#2587 = CARTESIAN_POINT('',(6.28318530718,0.));
#2588 = VECTOR('',#2589,1.);
#2589 = DIRECTION('',(0.,1.));
#2590 = ( GEOMETRIC_REPRESENTATION_CONTEXT(2) 
PARAMETRIC_REPRESENTATION_CONTEXT() REPRESENTATION_CONTEXT('2D SPACE',''
  ) );
#2591 = PCURVE('',#2258,#2592);
#2592 = DEFINITIONAL_REPRESENTATION('',(#2593),#2597);
#2593 = LINE('',#2594,#2595);
#2594 = CARTESIAN_POINT('',(0.,0.));
#2595 = VECTOR('',#2596,1.);
#2596 = DIRECTION('',(0.,1.));
#2597 = ( GEOMETRIC_REPRESENTATION_CONTEXT(2) 
PARAMETRIC_REPRESENTATION_CONTEXT() REPRESENTATION_CONTEXT('2D SPACE',''
  ) );
#2598 = ORIENTED_EDGE('',*,*,#2212,.F.);
#2599 = ORIENTED_EDGE('',*,*,#2295,.F.);
#2600 = ADVANCED_FACE('',(#2601),#2258,.T.);
#2601 = FACE_BOUND('',#2602,.T.);
#2602 = EDGE_LOOP('',(#2603,#2604,#2626,#2627));
#2603 = ORIENTED_EDGE('',*,*,#2578,.F.);
#2604 = ORIENTED_EDGE('',*,*,#2605,.T.);
#2605 = EDGE_CURVE('',#2550,#2384,#2606,.T.);
#2606 = SURFACE_CURVE('',#2607,(#2612,#2619),.PCURVE_S1.);
#2607 = CIRCLE('',#2608,5.5);
#2608 = AXIS2_PLACEMENT_3D('',#2609,#2610,#2611);
#2609 = CARTESIAN_POINT('',(0.75,0.,0.));
#2610 = DIRECTION('',(1.,0.,0.));
#2611 = DIRECTION('',(0.,1.,0.));
#2612 = PCURVE('',#2258,#2613);
#2613 = DEFINITIONAL_REPRESENTATION('',(#2614),#2618);
#2614 = LINE('',#2615,#2616);
#2615 = CARTESIAN_POINT('',(0.,0.));
#2616 = VECTOR('',#2617,1.);
#2617 = DIRECTION('',(1.,0.));
#2618 = ( GEOMETRIC_REPRESENTATION_CONTEXT(2) 
PARAMETRIC_REPRESENTATION_CONTEXT() REPRESENTATION_CONTEXT('2D SPACE',''
  ) );
#2619 = PCURVE('',#2566,#2620);
#2620 = DEFINITIONAL_REPRESENTATION('',(#2621),#2625);
#2621 = LINE('',#2622,#2623);
#2622 = CARTESIAN_POINT('',(0.,0.75));
#2623 = VECTOR('',#2624,1.);
#2624 = DIRECTION('',(1.,0.));
#2625 = ( GEOMETRIC_REPRESENTATION_CONTEXT(2) 
PARAMETRIC_REPRESENTATION_CONTEXT() REPRESENTATION_CONTEXT('2D SPACE',''
  ) );
#2626 = ORIENTED_EDGE('',*,*,#2383,.T.);
#2627 = ORIENTED_EDGE('',*,*,#2241,.F.);
#2628 = ADVANCED_FACE('',(#2629),#2340,.T.);
#2629 = FACE_BOUND('',#2630,.T.);
#2630 = EDGE_LOOP('',(#2631,#2632,#2654,#2655));
#2631 = ORIENTED_EDGE('',*,*,#2411,.T.);
#2632 = ORIENTED_EDGE('',*,*,#2633,.T.);
#2633 = EDGE_CURVE('',#2384,#2296,#2634,.T.);
#2634 = SURFACE_CURVE('',#2635,(#2640,#2647),.PCURVE_S1.);
#2635 = CIRCLE('',#2636,5.5);
#2636 = AXIS2_PLACEMENT_3D('',#2637,#2638,#2639);
#2637 = CARTESIAN_POINT('',(0.75,0.,0.));
#2638 = DIRECTION('',(1.,0.,0.));
#2639 = DIRECTION('',(0.,1.,0.));
#2640 = PCURVE('',#2340,#2641);
#2641 = DEFINITIONAL_REPRESENTATION('',(#2642),#2646);
#2642 = LINE('',#2643,#2644);
#2643 = CARTESIAN_POINT('',(0.,0.));
#2644 = VECTOR('',#2645,1.);
#2645 = DIRECTION('',(1.,0.));
#2646 = ( GEOMETRIC_REPRESENTATION_CONTEXT(2) 
PARAMETRIC_REPRESENTATION_CONTEXT() REPRESENTATION_CONTEXT('2D SPACE',''
  ) );
#2647 = PCURVE('',#2566,#2648);
#2648 = DEFINITIONAL_REPRESENTATION('',(#2649),#2653);
#2649 = LINE('',#2650,#2651);
#2650 = CARTESIAN_POINT('',(0.,0.75));
#2651 = VECTOR('',#2652,1.);
#2652 = DIRECTION('',(1.,0.));
#2653 = ( GEOMETRIC_REPRESENTATION_CONTEXT(2) 
PARAMETRIC_REPRESENTATION_CONTEXT() REPRESENTATION_CONTEXT('2D SPACE',''
  ) );
#2654 = ORIENTED_EDGE('',*,*,#2323,.F.);
#2655 = ORIENTED_EDGE('',*,*,#2467,.F.);
#2656 = ADVANCED_FACE('',(#2657,#2660),#2534,.T.);
#2657 = FACE_BOUND('',#2658,.T.);
#2658 = EDGE_LOOP('',(#2659));
#2659 = ORIENTED_EDGE('',*,*,#2519,.T.);
#2660 = FACE_BOUND('',#2661,.T.);
#2661 = EDGE_LOOP('',(#2662));
#2662 = ORIENTED_EDGE('',*,*,#2663,.F.);
#2663 = EDGE_CURVE('',#2664,#2664,#2666,.T.);
#2664 = VERTEX_POINT('',#2665);
#2665 = CARTESIAN_POINT('',(0.,5.5,0.));
#2666 = SURFACE_CURVE('',#2667,(#2672,#2679),.PCURVE_S1.);
#2667 = CIRCLE('',#2668,5.5);
#2668 = AXIS2_PLACEMENT_3D('',#2669,#2670,#2671);
#2669 = CARTESIAN_POINT('',(0.,0.,0.));
#2670 = DIRECTION('',(1.,0.,0.));
#2671 = DIRECTION('',(0.,1.,0.));
#2672 = PCURVE('',#2534,#2673);
#2673 = DEFINITIONAL_REPRESENTATION('',(#2674),#2678);
#2674 = CIRCLE('',#2675,5.5);
#2675 = AXIS2_PLACEMENT_2D('',#2676,#2677);
#2676 = CARTESIAN_POINT('',(0.,0.));
#2677 = DIRECTION('',(1.,0.));
#2678 = ( GEOMETRIC_REPRESENTATION_CONTEXT(2) 
PARAMETRIC_REPRESENTATION_CONTEXT() REPRESENTATION_CONTEXT('2D SPACE',''
  ) );
#2679 = PCURVE('',#2566,#2680);
#2680 = DEFINITIONAL_REPRESENTATION('',(#2681),#2685);
#2681 = LINE('',#2682,#2683);
#2682 = CARTESIAN_POINT('',(0.,0.));
#2683 = VECTOR('',#2684,1.);
#2684 = DIRECTION('',(1.,0.));
#2685 = ( GEOMETRIC_REPRESENTATION_CONTEXT(2) 
PARAMETRIC_REPRESENTATION_CONTEXT() REPRESENTATION_CONTEXT('2D SPACE',''
  ) );
#2686 = ADVANCED_FACE('',(#2687),#2566,.T.);
#2687 = FACE_BOUND('',#2688,.T.);
#2688 = EDGE_LOOP('',(#2689,#2710,#2711,#2712,#2713,#2714));
#2689 = ORIENTED_EDGE('',*,*,#2690,.F.);
#2690 = EDGE_CURVE('',#2664,#2550,#2691,.T.);
#2691 = SEAM_CURVE('',#2692,(#2696,#2703),.PCURVE_S1.);
#2692 = LINE('',#2693,#2694);
#2693 = CARTESIAN_POINT('',(0.,5.5,0.));
#2694 = VECTOR('',#2695,1.);
#2695 = DIRECTION('',(1.,0.,0.));
#2696 = PCURVE('',#2566,#2697);
#2697 = DEFINITIONAL_REPRESENTATION('',(#2698),#2702);
#2698 = LINE('',#2699,#2700);
#2699 = CARTESIAN_POINT('',(0.,0.));
#2700 = VECTOR('',#2701,1.);
#2701 = DIRECTION('',(0.,1.));
#2702 = ( GEOMETRIC_REPRESENTATION_CONTEXT(2) 
PARAMETRIC_REPRESENTATION_CONTEXT() REPRESENTATION_CONTEXT('2D SPACE',''
  ) );
#2703 = PCURVE('',#2566,#2704);
#2704 = DEFINITIONAL_REPRESENTATION('',(#2705),#2709);
#2705 = LINE('',#2706,#2707);
#2706 = CARTESIAN_POINT('',(6.28318530718,0.));
#2707 = VECTOR('',#2708,1.);
#2708 = DIRECTION('',(0.,1.));
#2709 = ( GEOMETRIC_REPRESENTATION_CONTEXT(2) 
PARAMETRIC_REPRESENTATION_CONTEXT() REPRESENTATION_CONTEXT('2D SPACE',''
  ) );
#2710 = ORIENTED_EDGE('',*,*,#2663,.T.);
#2711 = ORIENTED_EDGE('',*,*,#2690,.T.);
#2712 = ORIENTED_EDGE('',*,*,#2549,.F.);
#2713 = ORIENTED_EDGE('',*,*,#2633,.F.);
#2714 = ORIENTED_EDGE('',*,*,#2605,.F.);
#2715 = ( GEOMETRIC_REPRESENTATION_CONTEXT(3) 
GLOBAL_UNCERTAINTY_ASSIGNED_CONTEXT((#2719)) 
GLOBAL_UNIT_ASSIGNED_CONTEXT((#2716,#2717,#2718)) REPRESENTATION_CONTEXT
('Context #1','3D Context with UNIT and UNCERTAINTY') );
#2716 = ( LENGTH_UNIT() NAMED_UNIT(*) SI_UNIT(.MILLI.,.METRE.) );
#2717 = ( NAMED_UNIT(*) PLANE_ANGLE_UNIT() SI_UNIT($,.RADIAN.) );
#2718 = ( NAMED_UNIT(*) SI_UNIT($,.STERADIAN.) SOLID_ANGLE_UNIT() );
#2719 = UNCERTAINTY_MEASURE_WITH_UNIT(LENGTH_MEASURE(2.E-07),#2716,
  'distance_accuracy_value','confusion accuracy');
#2720 = CONTEXT_DEPENDENT_SHAPE_REPRESENTATION(#2721,#2723);
#2721 = ( REPRESENTATION_RELATIONSHIP('','',#52,#10) 
REPRESENTATION_RELATIONSHIP_WITH_TRANSFORMATION(#2722) 
SHAPE_REPRESENTATION_RELATIONSHIP() );
#2722 = ITEM_DEFINED_TRANSFORMATION('','',#11,#15);
#2723 = PRODUCT_DEFINITION_SHAPE('Placement','Placement of an item',
  #2724);
#2724 = NEXT_ASSEMBLY_USAGE_OCCURRENCE('77','Body','',#5,#47,$);
#2725 = PRODUCT_RELATED_PRODUCT_CATEGORY('part',$,(#49));
#2726 = SHAPE_DEFINITION_REPRESENTATION(#2727,#2733);
#2727 = PRODUCT_DEFINITION_SHAPE('','',#2728);
#2728 = PRODUCT_DEFINITION('design','',#2729,#2732);
#2729 = PRODUCT_DEFINITION_FORMATION('','',#2730);
#2730 = PRODUCT('Body001','Body001','',(#2731));
#2731 = PRODUCT_CONTEXT('',#2,'mechanical');
#2732 = PRODUCT_DEFINITION_CONTEXT('part definition',#2,'design');
#2733 = ADVANCED_BREP_SHAPE_REPRESENTATION('',(#11,#2734),#4304);
#2734 = MANIFOLD_SOLID_BREP('',#2735);
#2735 = CLOSED_SHELL('',(#2736,#2978,#3033,#3091,#3154,#3217,#3280,#3343
    ,#3406,#3437,#3492,#3607,#3695,#3783,#3871,#3959,#4025,#4080,#4129,
    #4156,#4183,#4210,#4237,#4264,#4291));
#2736 = ADVANCED_FACE('',(#2737,#2773),#2750,.F.);
#2737 = FACE_BOUND('',#2738,.T.);
#2738 = EDGE_LOOP('',(#2739));
#2739 = ORIENTED_EDGE('',*,*,#2740,.T.);
#2740 = EDGE_CURVE('',#2741,#2741,#2743,.T.);
#2741 = VERTEX_POINT('',#2742);
#2742 = CARTESIAN_POINT('',(0.,6.25,0.));
#2743 = SURFACE_CURVE('',#2744,(#2749,#2761),.PCURVE_S1.);
#2744 = CIRCLE('',#2745,6.25);
#2745 = AXIS2_PLACEMENT_3D('',#2746,#2747,#2748);
#2746 = CARTESIAN_POINT('',(0.,0.,0.));
#2747 = DIRECTION('',(1.,0.,0.));
#2748 = DIRECTION('',(-0.,1.,0.));
#2749 = PCURVE('',#2750,#2755);
#2750 = PLANE('',#2751);
#2751 = AXIS2_PLACEMENT_3D('',#2752,#2753,#2754);
#2752 = CARTESIAN_POINT('',(0.,0.,0.));
#2753 = DIRECTION('',(1.,0.,0.));
#2754 = DIRECTION('',(0.,1.,0.));
#2755 = DEFINITIONAL_REPRESENTATION('',(#2756),#2760);
#2756 = CIRCLE('',#2757,6.25);
#2757 = AXIS2_PLACEMENT_2D('',#2758,#2759);
#2758 = CARTESIAN_POINT('',(0.,0.));
#2759 = DIRECTION('',(1.,-0.));
#2760 = ( GEOMETRIC_REPRESENTATION_CONTEXT(2) 
PARAMETRIC_REPRESENTATION_CONTEXT() REPRESENTATION_CONTEXT('2D SPACE',''
  ) );
#2761 = PCURVE('',#2762,#2767);
#2762 = CONICAL_SURFACE('',#2763,6.,0.785398163397);
#2763 = AXIS2_PLACEMENT_3D('',#2764,#2765,#2766);
#2764 = CARTESIAN_POINT('',(0.25,0.,0.));
#2765 = DIRECTION('',(-1.,-0.,-0.));
#2766 = DIRECTION('',(-0.,1.,0.));
#2767 = DEFINITIONAL_REPRESENTATION('',(#2768),#2772);
#2768 = LINE('',#2769,#2770);
#2769 = CARTESIAN_POINT('',(0.,0.25));
#2770 = VECTOR('',#2771,1.);
#2771 = DIRECTION('',(-1.,-0.));
#2772 = ( GEOMETRIC_REPRESENTATION_CONTEXT(2) 
PARAMETRIC_REPRESENTATION_CONTEXT() REPRESENTATION_CONTEXT('2D SPACE',''
  ) );
#2773 = FACE_BOUND('',#2774,.T.);
#2774 = EDGE_LOOP('',(#2775,#2806,#2835,#2864,#2893,#2922,#2951));
#2775 = ORIENTED_EDGE('',*,*,#2776,.F.);
#2776 = EDGE_CURVE('',#2777,#2779,#2781,.T.);
#2777 = VERTEX_POINT('',#2778);
#2778 = CARTESIAN_POINT('',(0.,7.5,0.));
#2779 = VERTEX_POINT('',#2780);
#2780 = CARTESIAN_POINT('',(0.,6.495190528383,3.75));
#2781 = SURFACE_CURVE('',#2782,(#2787,#2794),.PCURVE_S1.);
#2782 = CIRCLE('',#2783,7.5);
#2783 = AXIS2_PLACEMENT_3D('',#2784,#2785,#2786);
#2784 = CARTESIAN_POINT('',(0.,0.,0.));
#2785 = DIRECTION('',(1.,0.,0.));
#2786 = DIRECTION('',(0.,1.,0.));
#2787 = PCURVE('',#2750,#2788);
#2788 = DEFINITIONAL_REPRESENTATION('',(#2789),#2793);
#2789 = CIRCLE('',#2790,7.5);
#2790 = AXIS2_PLACEMENT_2D('',#2791,#2792);
#2791 = CARTESIAN_POINT('',(0.,0.));
#2792 = DIRECTION('',(1.,-0.));
#2793 = ( GEOMETRIC_REPRESENTATION_CONTEXT(2) 
PARAMETRIC_REPRESENTATION_CONTEXT() REPRESENTATION_CONTEXT('2D SPACE',''
  ) );
#2794 = PCURVE('',#2795,#2800);
#2795 = CONICAL_SURFACE('',#2796,7.5,1.308996938999);
#2796 = AXIS2_PLACEMENT_3D('',#2797,#2798,#2799);
#2797 = CARTESIAN_POINT('',(0.,0.,0.));
#2798 = DIRECTION('',(1.,0.,0.));
#2799 = DIRECTION('',(0.,1.,0.));
#2800 = DEFINITIONAL_REPRESENTATION('',(#2801),#2805);
#2801 = LINE('',#2802,#2803);
#2802 = CARTESIAN_POINT('',(0.,0.));
#2803 = VECTOR('',#2804,1.);
#2804 = DIRECTION('',(1.,0.));
#2805 = ( GEOMETRIC_REPRESENTATION_CONTEXT(2) 
PARAMETRIC_REPRESENTATION_CONTEXT() REPRESENTATION_CONTEXT('2D SPACE',''
  ) );
#2806 = ORIENTED_EDGE('',*,*,#2807,.F.);
#2807 = EDGE_CURVE('',#2808,#2777,#2810,.T.);
#2808 = VERTEX_POINT('',#2809);
#2809 = CARTESIAN_POINT('',(0.,6.495190528383,-3.75));
#2810 = SURFACE_CURVE('',#2811,(#2816,#2823),.PCURVE_S1.);
#2811 = CIRCLE('',#2812,7.5);
#2812 = AXIS2_PLACEMENT_3D('',#2813,#2814,#2815);
#2813 = CARTESIAN_POINT('',(0.,0.,0.));
#2814 = DIRECTION('',(1.,0.,0.));
#2815 = DIRECTION('',(0.,1.,0.));
#2816 = PCURVE('',#2750,#2817);
#2817 = DEFINITIONAL_REPRESENTATION('',(#2818),#2822);
#2818 = CIRCLE('',#2819,7.5);
#2819 = AXIS2_PLACEMENT_2D('',#2820,#2821);
#2820 = CARTESIAN_POINT('',(0.,0.));
#2821 = DIRECTION('',(1.,-0.));
#2822 = ( GEOMETRIC_REPRESENTATION_CONTEXT(2) 
PARAMETRIC_REPRESENTATION_CONTEXT() REPRESENTATION_CONTEXT('2D SPACE',''
  ) );
#2823 = PCURVE('',#2824,#2829);
#2824 = CONICAL_SURFACE('',#2825,7.5,1.308996938999);
#2825 = AXIS2_PLACEMENT_3D('',#2826,#2827,#2828);
#2826 = CARTESIAN_POINT('',(0.,0.,0.));
#2827 = DIRECTION('',(1.,0.,0.));
#2828 = DIRECTION('',(0.,1.,0.));
#2829 = DEFINITIONAL_REPRESENTATION('',(#2830),#2834);
#2830 = LINE('',#2831,#2832);
#2831 = CARTESIAN_POINT('',(0.,0.));
#2832 = VECTOR('',#2833,1.);
#2833 = DIRECTION('',(1.,0.));
#2834 = ( GEOMETRIC_REPRESENTATION_CONTEXT(2) 
PARAMETRIC_REPRESENTATION_CONTEXT() REPRESENTATION_CONTEXT('2D SPACE',''
  ) );
#2835 = ORIENTED_EDGE('',*,*,#2836,.F.);
#2836 = EDGE_CURVE('',#2837,#2808,#2839,.T.);
#2837 = VERTEX_POINT('',#2838);
#2838 = CARTESIAN_POINT('',(0.,-1.E-15,-7.5));
#2839 = SURFACE_CURVE('',#2840,(#2845,#2852),.PCURVE_S1.);
#2840 = CIRCLE('',#2841,7.5);
#2841 = AXIS2_PLACEMENT_3D('',#2842,#2843,#2844);
#2842 = CARTESIAN_POINT('',(0.,0.,0.));
#2843 = DIRECTION('',(1.,0.,0.));
#2844 = DIRECTION('',(0.,1.,0.));
#2845 = PCURVE('',#2750,#2846);
#2846 = DEFINITIONAL_REPRESENTATION('',(#2847),#2851);
#2847 = CIRCLE('',#2848,7.5);
#2848 = AXIS2_PLACEMENT_2D('',#2849,#2850);
#2849 = CARTESIAN_POINT('',(0.,0.));
#2850 = DIRECTION('',(1.,-0.));
#2851 = ( GEOMETRIC_REPRESENTATION_CONTEXT(2) 
PARAMETRIC_REPRESENTATION_CONTEXT() REPRESENTATION_CONTEXT('2D SPACE',''
  ) );
#2852 = PCURVE('',#2853,#2858);
#2853 = CONICAL_SURFACE('',#2854,7.5,1.308996938999);
#2854 = AXIS2_PLACEMENT_3D('',#2855,#2856,#2857);
#2855 = CARTESIAN_POINT('',(0.,0.,0.));
#2856 = DIRECTION('',(1.,0.,0.));
#2857 = DIRECTION('',(0.,1.,0.));
#2858 = DEFINITIONAL_REPRESENTATION('',(#2859),#2863);
#2859 = LINE('',#2860,#2861);
#2860 = CARTESIAN_POINT('',(0.,0.));
#2861 = VECTOR('',#2862,1.);
#2862 = DIRECTION('',(1.,0.));
#2863 = ( GEOMETRIC_REPRESENTATION_CONTEXT(2) 
PARAMETRIC_REPRESENTATION_CONTEXT() REPRESENTATION_CONTEXT('2D SPACE',''
  ) );
#2864 = ORIENTED_EDGE('',*,*,#2865,.F.);
#2865 = EDGE_CURVE('',#2866,#2837,#2868,.T.);
#2866 = VERTEX_POINT('',#2867);
#2867 = CARTESIAN_POINT('',(0.,-6.495190528383,-3.75));
#2868 = SURFACE_CURVE('',#2869,(#2874,#2881),.PCURVE_S1.);
#2869 = CIRCLE('',#2870,7.5);
#2870 = AXIS2_PLACEMENT_3D('',#2871,#2872,#2873);
#2871 = CARTESIAN_POINT('',(0.,0.,0.));
#2872 = DIRECTION('',(1.,0.,0.));
#2873 = DIRECTION('',(0.,1.,0.));
#2874 = PCURVE('',#2750,#2875);
#2875 = DEFINITIONAL_REPRESENTATION('',(#2876),#2880);
#2876 = CIRCLE('',#2877,7.5);
#2877 = AXIS2_PLACEMENT_2D('',#2878,#2879);
#2878 = CARTESIAN_POINT('',(0.,0.));
#2879 = DIRECTION('',(1.,-0.));
#2880 = ( GEOMETRIC_REPRESENTATION_CONTEXT(2) 
PARAMETRIC_REPRESENTATION_CONTEXT() REPRESENTATION_CONTEXT('2D SPACE',''
  ) );
#2881 = PCURVE('',#2882,#2887);
#2882 = CONICAL_SURFACE('',#2883,7.5,1.308996938999);
#2883 = AXIS2_PLACEMENT_3D('',#2884,#2885,#2886);
#2884 = CARTESIAN_POINT('',(0.,0.,0.));
#2885 = DIRECTION('',(1.,0.,0.));
#2886 = DIRECTION('',(0.,1.,0.));
#2887 = DEFINITIONAL_REPRESENTATION('',(#2888),#2892);
#2888 = LINE('',#2889,#2890);
#2889 = CARTESIAN_POINT('',(0.,0.));
#2890 = VECTOR('',#2891,1.);
#2891 = DIRECTION('',(1.,0.));
#2892 = ( GEOMETRIC_REPRESENTATION_CONTEXT(2) 
PARAMETRIC_REPRESENTATION_CONTEXT() REPRESENTATION_CONTEXT('2D SPACE',''
  ) );
#2893 = ORIENTED_EDGE('',*,*,#2894,.F.);
#2894 = EDGE_CURVE('',#2895,#2866,#2897,.T.);
#2895 = VERTEX_POINT('',#2896);
#2896 = CARTESIAN_POINT('',(0.,-6.495190528383,3.75));
#2897 = SURFACE_CURVE('',#2898,(#2903,#2910),.PCURVE_S1.);
#2898 = CIRCLE('',#2899,7.5);
#2899 = AXIS2_PLACEMENT_3D('',#2900,#2901,#2902);
#2900 = CARTESIAN_POINT('',(0.,0.,0.));
#2901 = DIRECTION('',(1.,0.,0.));
#2902 = DIRECTION('',(0.,1.,0.));
#2903 = PCURVE('',#2750,#2904);
#2904 = DEFINITIONAL_REPRESENTATION('',(#2905),#2909);
#2905 = CIRCLE('',#2906,7.5);
#2906 = AXIS2_PLACEMENT_2D('',#2907,#2908);
#2907 = CARTESIAN_POINT('',(0.,0.));
#2908 = DIRECTION('',(1.,-0.));
#2909 = ( GEOMETRIC_REPRESENTATION_CONTEXT(2) 
PARAMETRIC_REPRESENTATION_CONTEXT() REPRESENTATION_CONTEXT('2D SPACE',''
  ) );
#2910 = PCURVE('',#2911,#2916);
#2911 = CONICAL_SURFACE('',#2912,7.5,1.308996938999);
#2912 = AXIS2_PLACEMENT_3D('',#2913,#2914,#2915);
#2913 = CARTESIAN_POINT('',(0.,0.,0.));
#2914 = DIRECTION('',(1.,0.,0.));
#2915 = DIRECTION('',(0.,1.,0.));
#2916 = DEFINITIONAL_REPRESENTATION('',(#2917),#2921);
#2917 = LINE('',#2918,#2919);
#2918 = CARTESIAN_POINT('',(0.,0.));
#2919 = VECTOR('',#2920,1.);
#2920 = DIRECTION('',(1.,0.));
#2921 = ( GEOMETRIC_REPRESENTATION_CONTEXT(2) 
PARAMETRIC_REPRESENTATION_CONTEXT() REPRESENTATION_CONTEXT('2D SPACE',''
  ) );
#2922 = ORIENTED_EDGE('',*,*,#2923,.F.);
#2923 = EDGE_CURVE('',#2924,#2895,#2926,.T.);
#2924 = VERTEX_POINT('',#2925);
#2925 = CARTESIAN_POINT('',(0.,0.,7.5));
#2926 = SURFACE_CURVE('',#2927,(#2932,#2939),.PCURVE_S1.);
#2927 = CIRCLE('',#2928,7.5);
#2928 = AXIS2_PLACEMENT_3D('',#2929,#2930,#2931);
#2929 = CARTESIAN_POINT('',(0.,0.,0.));
#2930 = DIRECTION('',(1.,0.,0.));
#2931 = DIRECTION('',(0.,1.,0.));
#2932 = PCURVE('',#2750,#2933);
#2933 = DEFINITIONAL_REPRESENTATION('',(#2934),#2938);
#2934 = CIRCLE('',#2935,7.5);
#2935 = AXIS2_PLACEMENT_2D('',#2936,#2937);
#2936 = CARTESIAN_POINT('',(0.,0.));
#2937 = DIRECTION('',(1.,-0.));
#2938 = ( GEOMETRIC_REPRESENTATION_CONTEXT(2) 
PARAMETRIC_REPRESENTATION_CONTEXT() REPRESENTATION_CONTEXT('2D SPACE',''
  ) );
#2939 = PCURVE('',#2940,#2945);
#2940 = CONICAL_SURFACE('',#2941,7.5,1.308996938999);
#2941 = AXIS2_PLACEMENT_3D('',#2942,#2943,#2944);
#2942 = CARTESIAN_POINT('',(0.,0.,0.));
#2943 = DIRECTION('',(1.,0.,0.));
#2944 = DIRECTION('',(0.,1.,0.));
#2945 = DEFINITIONAL_REPRESENTATION('',(#2946),#2950);
#2946 = LINE('',#2947,#2948);
#2947 = CARTESIAN_POINT('',(0.,0.));
#2948 = VECTOR('',#2949,1.);
#2949 = DIRECTION('',(1.,0.));
#2950 = ( GEOMETRIC_REPRESENTATION_CONTEXT(2) 
PARAMETRIC_REPRESENTATION_CONTEXT() REPRESENTATION_CONTEXT('2D SPACE',''
  ) );
#2951 = ORIENTED_EDGE('',*,*,#2952,.F.);
#2952 = EDGE_CURVE('',#2779,#2924,#2953,.T.);
#2953 = SURFACE_CURVE('',#2954,(#2959,#2966),.PCURVE_S1.);
#2954 = CIRCLE('',#2955,7.5);
#2955 = AXIS2_PLACEMENT_3D('',#2956,#2957,#2958);
#2956 = CARTESIAN_POINT('',(0.,0.,0.));
#2957 = DIRECTION('',(1.,0.,0.));
#2958 = DIRECTION('',(0.,1.,0.));
#2959 = PCURVE('',#2750,#2960);
#2960 = DEFINITIONAL_REPRESENTATION('',(#2961),#2965);
#2961 = CIRCLE('',#2962,7.5);
#2962 = AXIS2_PLACEMENT_2D('',#2963,#2964);
#2963 = CARTESIAN_POINT('',(0.,0.));
#2964 = DIRECTION('',(1.,-0.));
#2965 = ( GEOMETRIC_REPRESENTATION_CONTEXT(2) 
PARAMETRIC_REPRESENTATION_CONTEXT() REPRESENTATION_CONTEXT('2D SPACE',''
  ) );
#2966 = PCURVE('',#2967,#2972);
#2967 = CONICAL_SURFACE('',#2968,7.5,1.308996938999);
#2968 = AXIS2_PLACEMENT_3D('',#2969,#2970,#2971);
#2969 = CARTESIAN_POINT('',(0.,0.,0.));
#2970 = DIRECTION('',(1.,0.,0.));
#2971 = DIRECTION('',(0.,1.,0.));
#2972 = DEFINITIONAL_REPRESENTATION('',(#2973),#2977);
#2973 = LINE('',#2974,#2975);
#2974 = CARTESIAN_POINT('',(0.,0.));
#2975 = VECTOR('',#2976,1.);
#2976 = DIRECTION('',(1.,0.));
#2977 = ( GEOMETRIC_REPRESENTATION_CONTEXT(2) 
PARAMETRIC_REPRESENTATION_CONTEXT() REPRESENTATION_CONTEXT('2D SPACE',''
  ) );
#2978 = ADVANCED_FACE('',(#2979),#2762,.F.);
#2979 = FACE_BOUND('',#2980,.F.);
#2980 = EDGE_LOOP('',(#2981,#3004,#3005,#3006));
#2981 = ORIENTED_EDGE('',*,*,#2982,.F.);
#2982 = EDGE_CURVE('',#2741,#2983,#2985,.T.);
#2983 = VERTEX_POINT('',#2984);
#2984 = CARTESIAN_POINT('',(0.25,6.,0.));
#2985 = SEAM_CURVE('',#2986,(#2990,#2997),.PCURVE_S1.);
#2986 = LINE('',#2987,#2988);
#2987 = CARTESIAN_POINT('',(0.25,6.,0.));
#2988 = VECTOR('',#2989,1.);
#2989 = DIRECTION('',(0.707106781187,-0.707106781187,0.));
#2990 = PCURVE('',#2762,#2991);
#2991 = DEFINITIONAL_REPRESENTATION('',(#2992),#2996);
#2992 = LINE('',#2993,#2994);
#2993 = CARTESIAN_POINT('',(-0.,-0.));
#2994 = VECTOR('',#2995,1.);
#2995 = DIRECTION('',(-0.,-1.));
#2996 = ( GEOMETRIC_REPRESENTATION_CONTEXT(2) 
PARAMETRIC_REPRESENTATION_CONTEXT() REPRESENTATION_CONTEXT('2D SPACE',''
  ) );
#2997 = PCURVE('',#2762,#2998);
#2998 = DEFINITIONAL_REPRESENTATION('',(#2999),#3003);
#2999 = LINE('',#3000,#3001);
#3000 = CARTESIAN_POINT('',(-6.28318530718,-0.));
#3001 = VECTOR('',#3002,1.);
#3002 = DIRECTION('',(-0.,-1.));
#3003 = ( GEOMETRIC_REPRESENTATION_CONTEXT(2) 
PARAMETRIC_REPRESENTATION_CONTEXT() REPRESENTATION_CONTEXT('2D SPACE',''
  ) );
#3004 = ORIENTED_EDGE('',*,*,#2740,.T.);
#3005 = ORIENTED_EDGE('',*,*,#2982,.T.);
#3006 = ORIENTED_EDGE('',*,*,#3007,.F.);
#3007 = EDGE_CURVE('',#2983,#2983,#3008,.T.);
#3008 = SURFACE_CURVE('',#3009,(#3014,#3021),.PCURVE_S1.);
#3009 = CIRCLE('',#3010,6.);
#3010 = AXIS2_PLACEMENT_3D('',#3011,#3012,#3013);
#3011 = CARTESIAN_POINT('',(0.25,0.,0.));
#3012 = DIRECTION('',(1.,0.,0.));
#3013 = DIRECTION('',(-0.,1.,0.));
#3014 = PCURVE('',#2762,#3015);
#3015 = DEFINITIONAL_REPRESENTATION('',(#3016),#3020);
#3016 = LINE('',#3017,#3018);
#3017 = CARTESIAN_POINT('',(-0.,-0.));
#3018 = VECTOR('',#3019,1.);
#3019 = DIRECTION('',(-1.,-0.));
#3020 = ( GEOMETRIC_REPRESENTATION_CONTEXT(2) 
PARAMETRIC_REPRESENTATION_CONTEXT() REPRESENTATION_CONTEXT('2D SPACE',''
  ) );
#3021 = PCURVE('',#3022,#3027);
#3022 = CYLINDRICAL_SURFACE('',#3023,6.);
#3023 = AXIS2_PLACEMENT_3D('',#3024,#3025,#3026);
#3024 = CARTESIAN_POINT('',(2.5,0.,0.));
#3025 = DIRECTION('',(-1.,-0.,-0.));
#3026 = DIRECTION('',(0.,1.,0.));
#3027 = DEFINITIONAL_REPRESENTATION('',(#3028),#3032);
#3028 = LINE('',#3029,#3030);
#3029 = CARTESIAN_POINT('',(-0.,2.25));
#3030 = VECTOR('',#3031,1.);
#3031 = DIRECTION('',(-1.,0.));
#3032 = ( GEOMETRIC_REPRESENTATION_CONTEXT(2) 
PARAMETRIC_REPRESENTATION_CONTEXT() REPRESENTATION_CONTEXT('2D SPACE',''
  ) );
#3033 = ADVANCED_FACE('',(#3034),#2795,.T.);
#3034 = FACE_BOUND('',#3035,.T.);
#3035 = EDGE_LOOP('',(#3036,#3059,#3060));
#3036 = ORIENTED_EDGE('',*,*,#3037,.F.);
#3037 = EDGE_CURVE('',#2777,#3038,#3040,.T.);
#3038 = VERTEX_POINT('',#3039);
#3039 = CARTESIAN_POINT('',(0.310889132452,8.660254037844,0.));
#3040 = SURFACE_CURVE('',#3041,(#3045,#3052),.PCURVE_S1.);
#3041 = LINE('',#3042,#3043);
#3042 = CARTESIAN_POINT('',(0.,7.5,0.));
#3043 = VECTOR('',#3044,1.);
#3044 = DIRECTION('',(0.2588190451,0.96592582629,0.));
#3045 = PCURVE('',#2795,#3046);
#3046 = DEFINITIONAL_REPRESENTATION('',(#3047),#3051);
#3047 = LINE('',#3048,#3049);
#3048 = CARTESIAN_POINT('',(0.,0.));
#3049 = VECTOR('',#3050,1.);
#3050 = DIRECTION('',(0.,1.));
#3051 = ( GEOMETRIC_REPRESENTATION_CONTEXT(2) 
PARAMETRIC_REPRESENTATION_CONTEXT() REPRESENTATION_CONTEXT('2D SPACE',''
  ) );
#3052 = PCURVE('',#2824,#3053);
#3053 = DEFINITIONAL_REPRESENTATION('',(#3054),#3058);
#3054 = LINE('',#3055,#3056);
#3055 = CARTESIAN_POINT('',(6.28318530718,0.));
#3056 = VECTOR('',#3057,1.);
#3057 = DIRECTION('',(0.,1.));
#3058 = ( GEOMETRIC_REPRESENTATION_CONTEXT(2) 
PARAMETRIC_REPRESENTATION_CONTEXT() REPRESENTATION_CONTEXT('2D SPACE',''
  ) );
#3059 = ORIENTED_EDGE('',*,*,#2776,.T.);
#3060 = ORIENTED_EDGE('',*,*,#3061,.T.);
#3061 = EDGE_CURVE('',#2779,#3038,#3062,.T.);
#3062 = SURFACE_CURVE('',#3063,(#3068,#3079),.PCURVE_S1.);
#3063 = HYPERBOLA('',#3064,2.00961894321,7.5);
#3064 = AXIS2_PLACEMENT_3D('',#3065,#3066,#3067);
#3065 = CARTESIAN_POINT('',(-2.00961894321,6.495190528383,3.75));
#3066 = DIRECTION('',(-0.,0.866025403784,0.5));
#3067 = DIRECTION('',(1.,0.,0.));
#3068 = PCURVE('',#2795,#3069);
#3069 = DEFINITIONAL_REPRESENTATION('',(#3070),#3078);
#3070 = B_SPLINE_CURVE_WITH_KNOTS('',6,(#3071,#3072,#3073,#3074,#3075,
    #3076,#3077),.UNSPECIFIED.,.F.,.F.,(7,7),(1.E-16,0.549306144334),
  .PIECEWISE_BEZIER_KNOTS.);
#3071 = CARTESIAN_POINT('',(0.523598775598,-2.225843787858E-16));
#3072 = CARTESIAN_POINT('',(0.432047751543,-2.018788551778E-16));
#3073 = CARTESIAN_POINT('',(0.340497154616,2.021257128553E-02));
#3074 = CARTESIAN_POINT('',(0.2503248097,6.063765195766E-02));
#3075 = CARTESIAN_POINT('',(0.162925989184,0.121783687911));
#3076 = CARTESIAN_POINT('',(7.92855125747E-02,0.204666687124));
#3077 = CARTESIAN_POINT('',(0.,0.310889132452));
#3078 = ( GEOMETRIC_REPRESENTATION_CONTEXT(2) 
PARAMETRIC_REPRESENTATION_CONTEXT() REPRESENTATION_CONTEXT('2D SPACE',''
  ) );
#3079 = PCURVE('',#3080,#3085);
#3080 = PLANE('',#3081);
#3081 = AXIS2_PLACEMENT_3D('',#3082,#3083,#3084);
#3082 = CARTESIAN_POINT('',(2.5,8.660254037844,0.));
#3083 = DIRECTION('',(0.,0.866025403784,0.5));
#3084 = DIRECTION('',(0.,-0.5,0.866025403784));
#3085 = DEFINITIONAL_REPRESENTATION('',(#3086),#3090);
#3086 = HYPERBOLA('',#3087,2.00961894321,7.5);
#3087 = AXIS2_PLACEMENT_2D('',#3088,#3089);
#3088 = CARTESIAN_POINT('',(4.330127018922,-4.50961894321));
#3089 = DIRECTION('',(0.,1.));
#3090 = ( GEOMETRIC_REPRESENTATION_CONTEXT(2) 
PARAMETRIC_REPRESENTATION_CONTEXT() REPRESENTATION_CONTEXT('2D SPACE',''
  ) );
#3091 = ADVANCED_FACE('',(#3092),#2967,.T.);
#3092 = FACE_BOUND('',#3093,.T.);
#3093 = EDGE_LOOP('',(#3094,#3122,#3123));
#3094 = ORIENTED_EDGE('',*,*,#3095,.T.);
#3095 = EDGE_CURVE('',#3096,#2779,#3098,.T.);
#3096 = VERTEX_POINT('',#3097);
#3097 = CARTESIAN_POINT('',(0.310889132452,4.330127018922,7.5));
#3098 = SURFACE_CURVE('',#3099,(#3104,#3115),.PCURVE_S1.);
#3099 = HYPERBOLA('',#3100,2.00961894321,7.5);
#3100 = AXIS2_PLACEMENT_3D('',#3101,#3102,#3103);
#3101 = CARTESIAN_POINT('',(-2.00961894321,6.495190528383,3.75));
#3102 = DIRECTION('',(-0.,0.866025403784,0.5));
#3103 = DIRECTION('',(1.,0.,0.));
#3104 = PCURVE('',#2967,#3105);
#3105 = DEFINITIONAL_REPRESENTATION('',(#3106),#3114);
#3106 = B_SPLINE_CURVE_WITH_KNOTS('',6,(#3107,#3108,#3109,#3110,#3111,
    #3112,#3113),.UNSPECIFIED.,.F.,.F.,(7,7),(-0.646774826402,1.E-16),
  .PIECEWISE_BEZIER_KNOTS.);
#3107 = CARTESIAN_POINT('',(1.129489894438,0.435188018377));
#3108 = CARTESIAN_POINT('',(1.040882289042,0.285103397597));
#3109 = CARTESIAN_POINT('',(0.945747385947,0.16910893613));
#3110 = CARTESIAN_POINT('',(0.844736098244,8.406578113697E-02));
#3111 = CARTESIAN_POINT('',(0.73918956128,2.802200364456E-02));
#3112 = CARTESIAN_POINT('',(0.631394579999,-2.458780928447E-16));
#3113 = CARTESIAN_POINT('',(0.523598775598,-2.225843787858E-16));
#3114 = ( GEOMETRIC_REPRESENTATION_CONTEXT(2) 
PARAMETRIC_REPRESENTATION_CONTEXT() REPRESENTATION_CONTEXT('2D SPACE',''
  ) );
#3115 = PCURVE('',#3080,#3116);
#3116 = DEFINITIONAL_REPRESENTATION('',(#3117),#3121);
#3117 = HYPERBOLA('',#3118,2.00961894321,7.5);
#3118 = AXIS2_PLACEMENT_2D('',#3119,#3120);
#3119 = CARTESIAN_POINT('',(4.330127018922,-4.50961894321));
#3120 = DIRECTION('',(0.,1.));
#3121 = ( GEOMETRIC_REPRESENTATION_CONTEXT(2) 
PARAMETRIC_REPRESENTATION_CONTEXT() REPRESENTATION_CONTEXT('2D SPACE',''
  ) );
#3122 = ORIENTED_EDGE('',*,*,#2952,.T.);
#3123 = ORIENTED_EDGE('',*,*,#3124,.T.);
#3124 = EDGE_CURVE('',#2924,#3096,#3125,.T.);
#3125 = SURFACE_CURVE('',#3126,(#3131,#3142),.PCURVE_S1.);
#3126 = HYPERBOLA('',#3127,2.00961894321,7.5);
#3127 = AXIS2_PLACEMENT_3D('',#3128,#3129,#3130);
#3128 = CARTESIAN_POINT('',(-2.00961894321,0.,7.5));
#3129 = DIRECTION('',(0.,0.,1.));
#3130 = DIRECTION('',(1.,0.,0.));
#3131 = PCURVE('',#2967,#3132);
#3132 = DEFINITIONAL_REPRESENTATION('',(#3133),#3141);
#3133 = B_SPLINE_CURVE_WITH_KNOTS('',6,(#3134,#3135,#3136,#3137,#3138,
    #3139,#3140),.UNSPECIFIED.,.F.,.F.,(7,7),(6.E-17,0.646774826402),
  .PIECEWISE_BEZIER_KNOTS.);
#3134 = CARTESIAN_POINT('',(1.570796326795,0.));
#3135 = CARTESIAN_POINT('',(1.463000522395,1.294095225499E-17));
#3136 = CARTESIAN_POINT('',(1.355205541114,2.802200364456E-02));
#3137 = CARTESIAN_POINT('',(1.249659004149,8.406578113697E-02));
#3138 = CARTESIAN_POINT('',(1.148647716446,0.16910893613));
#3139 = CARTESIAN_POINT('',(1.053512813351,0.285103397597));
#3140 = CARTESIAN_POINT('',(0.964905207956,0.435188018377));
#3141 = ( GEOMETRIC_REPRESENTATION_CONTEXT(2) 
PARAMETRIC_REPRESENTATION_CONTEXT() REPRESENTATION_CONTEXT('2D SPACE',''
  ) );
#3142 = PCURVE('',#3143,#3148);
#3143 = PLANE('',#3144);
#3144 = AXIS2_PLACEMENT_3D('',#3145,#3146,#3147);
#3145 = CARTESIAN_POINT('',(2.5,4.330127018922,7.5));
#3146 = DIRECTION('',(0.,0.,1.));
#3147 = DIRECTION('',(0.,-1.,0.));
#3148 = DEFINITIONAL_REPRESENTATION('',(#3149),#3153);
#3149 = HYPERBOLA('',#3150,2.00961894321,7.5);
#3150 = AXIS2_PLACEMENT_2D('',#3151,#3152);
#3151 = CARTESIAN_POINT('',(4.330127018922,-4.50961894321));
#3152 = DIRECTION('',(0.,1.));
#3153 = ( GEOMETRIC_REPRESENTATION_CONTEXT(2) 
PARAMETRIC_REPRESENTATION_CONTEXT() REPRESENTATION_CONTEXT('2D SPACE',''
  ) );
#3154 = ADVANCED_FACE('',(#3155),#2940,.T.);
#3155 = FACE_BOUND('',#3156,.T.);
#3156 = EDGE_LOOP('',(#3157,#3185,#3186));
#3157 = ORIENTED_EDGE('',*,*,#3158,.T.);
#3158 = EDGE_CURVE('',#3159,#2924,#3161,.T.);
#3159 = VERTEX_POINT('',#3160);
#3160 = CARTESIAN_POINT('',(0.310889132452,-4.330127018922,7.5));
#3161 = SURFACE_CURVE('',#3162,(#3167,#3178),.PCURVE_S1.);
#3162 = HYPERBOLA('',#3163,2.00961894321,7.5);
#3163 = AXIS2_PLACEMENT_3D('',#3164,#3165,#3166);
#3164 = CARTESIAN_POINT('',(-2.00961894321,0.,7.5));
#3165 = DIRECTION('',(0.,0.,1.));
#3166 = DIRECTION('',(1.,0.,0.));
#3167 = PCURVE('',#2940,#3168);
#3168 = DEFINITIONAL_REPRESENTATION('',(#3169),#3177);
#3169 = B_SPLINE_CURVE_WITH_KNOTS('',6,(#3170,#3171,#3172,#3173,#3174,
    #3175,#3176),.UNSPECIFIED.,.F.,.F.,(7,7),(-0.646774826402,6.E-17),
  .PIECEWISE_BEZIER_KNOTS.);
#3170 = CARTESIAN_POINT('',(2.176687445634,0.435188018377));
#3171 = CARTESIAN_POINT('',(2.088079840238,0.285103397597));
#3172 = CARTESIAN_POINT('',(1.992944937144,0.16910893613));
#3173 = CARTESIAN_POINT('',(1.89193364944,8.406578113697E-02));
#3174 = CARTESIAN_POINT('',(1.786387112476,2.802200364456E-02));
#3175 = CARTESIAN_POINT('',(1.678592131195,-1.294095225499E-17));
#3176 = CARTESIAN_POINT('',(1.570796326795,0.));
#3177 = ( GEOMETRIC_REPRESENTATION_CONTEXT(2) 
PARAMETRIC_REPRESENTATION_CONTEXT() REPRESENTATION_CONTEXT('2D SPACE',''
  ) );
#3178 = PCURVE('',#3143,#3179);
#3179 = DEFINITIONAL_REPRESENTATION('',(#3180),#3184);
#3180 = HYPERBOLA('',#3181,2.00961894321,7.5);
#3181 = AXIS2_PLACEMENT_2D('',#3182,#3183);
#3182 = CARTESIAN_POINT('',(4.330127018922,-4.50961894321));
#3183 = DIRECTION('',(0.,1.));
#3184 = ( GEOMETRIC_REPRESENTATION_CONTEXT(2) 
PARAMETRIC_REPRESENTATION_CONTEXT() REPRESENTATION_CONTEXT('2D SPACE',''
  ) );
#3185 = ORIENTED_EDGE('',*,*,#2923,.T.);
#3186 = ORIENTED_EDGE('',*,*,#3187,.T.);
#3187 = EDGE_CURVE('',#2895,#3159,#3188,.T.);
#3188 = SURFACE_CURVE('',#3189,(#3194,#3205),.PCURVE_S1.);
#3189 = HYPERBOLA('',#3190,2.00961894321,7.5);
#3190 = AXIS2_PLACEMENT_3D('',#3191,#3192,#3193);
#3191 = CARTESIAN_POINT('',(-2.00961894321,-6.495190528383,3.75));
#3192 = DIRECTION('',(0.,-0.866025403784,0.5));
#3193 = DIRECTION('',(1.,0.,0.));
#3194 = PCURVE('',#2940,#3195);
#3195 = DEFINITIONAL_REPRESENTATION('',(#3196),#3204);
#3196 = B_SPLINE_CURVE_WITH_KNOTS('',6,(#3197,#3198,#3199,#3200,#3201,
    #3202,#3203),.UNSPECIFIED.,.F.,.F.,(7,7),(5.E-17,0.646774826402),
  .PIECEWISE_BEZIER_KNOTS.);
#3197 = CARTESIAN_POINT('',(2.617993877991,0.));
#3198 = CARTESIAN_POINT('',(2.510198073591,0.));
#3199 = CARTESIAN_POINT('',(2.40240309231,2.802200364455E-02));
#3200 = CARTESIAN_POINT('',(2.296856555346,8.406578113697E-02));
#3201 = CARTESIAN_POINT('',(2.195845267643,0.16910893613));
#3202 = CARTESIAN_POINT('',(2.100710364548,0.285103397597));
#3203 = CARTESIAN_POINT('',(2.012102759152,0.435188018377));
#3204 = ( GEOMETRIC_REPRESENTATION_CONTEXT(2) 
PARAMETRIC_REPRESENTATION_CONTEXT() REPRESENTATION_CONTEXT('2D SPACE',''
  ) );
#3205 = PCURVE('',#3206,#3211);
#3206 = PLANE('',#3207);
#3207 = AXIS2_PLACEMENT_3D('',#3208,#3209,#3210);
#3208 = CARTESIAN_POINT('',(2.5,-4.330127018922,7.5));
#3209 = DIRECTION('',(0.,-0.866025403784,0.5));
#3210 = DIRECTION('',(0.,-0.5,-0.866025403784));
#3211 = DEFINITIONAL_REPRESENTATION('',(#3212),#3216);
#3212 = HYPERBOLA('',#3213,2.00961894321,7.5);
#3213 = AXIS2_PLACEMENT_2D('',#3214,#3215);
#3214 = CARTESIAN_POINT('',(4.330127018922,-4.50961894321));
#3215 = DIRECTION('',(0.,1.));
#3216 = ( GEOMETRIC_REPRESENTATION_CONTEXT(2) 
PARAMETRIC_REPRESENTATION_CONTEXT() REPRESENTATION_CONTEXT('2D SPACE',''
  ) );
#3217 = ADVANCED_FACE('',(#3218),#2911,.T.);
#3218 = FACE_BOUND('',#3219,.T.);
#3219 = EDGE_LOOP('',(#3220,#3248,#3249));
#3220 = ORIENTED_EDGE('',*,*,#3221,.T.);
#3221 = EDGE_CURVE('',#3222,#2895,#3224,.T.);
#3222 = VERTEX_POINT('',#3223);
#3223 = CARTESIAN_POINT('',(0.310889132452,-8.660254037844,-1.E-15));
#3224 = SURFACE_CURVE('',#3225,(#3230,#3241),.PCURVE_S1.);
#3225 = HYPERBOLA('',#3226,2.00961894321,7.5);
#3226 = AXIS2_PLACEMENT_3D('',#3227,#3228,#3229);
#3227 = CARTESIAN_POINT('',(-2.00961894321,-6.495190528383,3.75));
#3228 = DIRECTION('',(0.,-0.866025403784,0.5));
#3229 = DIRECTION('',(1.,0.,0.));
#3230 = PCURVE('',#2911,#3231);
#3231 = DEFINITIONAL_REPRESENTATION('',(#3232),#3240);
#3232 = B_SPLINE_CURVE_WITH_KNOTS('',6,(#3233,#3234,#3235,#3236,#3237,
    #3238,#3239),.UNSPECIFIED.,.F.,.F.,(7,7),(-0.646774826402,5.E-17),
  .PIECEWISE_BEZIER_KNOTS.);
#3233 = CARTESIAN_POINT('',(3.223884996831,0.435188018377));
#3234 = CARTESIAN_POINT('',(3.135277391435,0.285103397597));
#3235 = CARTESIAN_POINT('',(3.04014248834,0.16910893613));
#3236 = CARTESIAN_POINT('',(2.939131200637,8.406578113697E-02));
#3237 = CARTESIAN_POINT('',(2.833584663673,2.802200364456E-02));
#3238 = CARTESIAN_POINT('',(2.725789682392,0.));
#3239 = CARTESIAN_POINT('',(2.617993877991,0.));
#3240 = ( GEOMETRIC_REPRESENTATION_CONTEXT(2) 
PARAMETRIC_REPRESENTATION_CONTEXT() REPRESENTATION_CONTEXT('2D SPACE',''
  ) );
#3241 = PCURVE('',#3206,#3242);
#3242 = DEFINITIONAL_REPRESENTATION('',(#3243),#3247);
#3243 = HYPERBOLA('',#3244,2.00961894321,7.5);
#3244 = AXIS2_PLACEMENT_2D('',#3245,#3246);
#3245 = CARTESIAN_POINT('',(4.330127018922,-4.50961894321));
#3246 = DIRECTION('',(0.,1.));
#3247 = ( GEOMETRIC_REPRESENTATION_CONTEXT(2) 
PARAMETRIC_REPRESENTATION_CONTEXT() REPRESENTATION_CONTEXT('2D SPACE',''
  ) );
#3248 = ORIENTED_EDGE('',*,*,#2894,.T.);
#3249 = ORIENTED_EDGE('',*,*,#3250,.T.);
#3250 = EDGE_CURVE('',#2866,#3222,#3251,.T.);
#3251 = SURFACE_CURVE('',#3252,(#3257,#3268),.PCURVE_S1.);
#3252 = HYPERBOLA('',#3253,2.00961894321,7.5);
#3253 = AXIS2_PLACEMENT_3D('',#3254,#3255,#3256);
#3254 = CARTESIAN_POINT('',(-2.00961894321,-6.495190528383,-3.75));
#3255 = DIRECTION('',(0.,-0.866025403784,-0.5));
#3256 = DIRECTION('',(1.,0.,0.));
#3257 = PCURVE('',#2911,#3258);
#3258 = DEFINITIONAL_REPRESENTATION('',(#3259),#3267);
#3259 = B_SPLINE_CURVE_WITH_KNOTS('',6,(#3260,#3261,#3262,#3263,#3264,
    #3265,#3266),.UNSPECIFIED.,.F.,.F.,(7,7),(-3.900363E-11,
    0.646774826402),.PIECEWISE_BEZIER_KNOTS.);
#3260 = CARTESIAN_POINT('',(3.665191429227,4.736388525325E-16));
#3261 = CARTESIAN_POINT('',(3.55739562482,-8.448741381379E-12));
#3262 = CARTESIAN_POINT('',(3.449600643532,2.802200363103E-02));
#3263 = CARTESIAN_POINT('',(3.344054106561,8.406578112159E-02));
#3264 = CARTESIAN_POINT('',(3.243042818851,0.169108936116));
#3265 = CARTESIAN_POINT('',(3.14790791575,0.285103397588));
#3266 = CARTESIAN_POINT('',(3.059300310349,0.435188018377));
#3267 = ( GEOMETRIC_REPRESENTATION_CONTEXT(2) 
PARAMETRIC_REPRESENTATION_CONTEXT() REPRESENTATION_CONTEXT('2D SPACE',''
  ) );
#3268 = PCURVE('',#3269,#3274);
#3269 = PLANE('',#3270);
#3270 = AXIS2_PLACEMENT_3D('',#3271,#3272,#3273);
#3271 = CARTESIAN_POINT('',(2.5,-8.660254037844,-8.9E-16));
#3272 = DIRECTION('',(0.,-0.866025403784,-0.5));
#3273 = DIRECTION('',(0.,0.5,-0.866025403784));
#3274 = DEFINITIONAL_REPRESENTATION('',(#3275),#3279);
#3275 = HYPERBOLA('',#3276,2.00961894321,7.5);
#3276 = AXIS2_PLACEMENT_2D('',#3277,#3278);
#3277 = CARTESIAN_POINT('',(4.330127018922,-4.50961894321));
#3278 = DIRECTION('',(0.,1.));
#3279 = ( GEOMETRIC_REPRESENTATION_CONTEXT(2) 
PARAMETRIC_REPRESENTATION_CONTEXT() REPRESENTATION_CONTEXT('2D SPACE',''
  ) );
#3280 = ADVANCED_FACE('',(#3281),#2882,.T.);
#3281 = FACE_BOUND('',#3282,.T.);
#3282 = EDGE_LOOP('',(#3283,#3284,#3317));
#3283 = ORIENTED_EDGE('',*,*,#2865,.T.);
#3284 = ORIENTED_EDGE('',*,*,#3285,.T.);
#3285 = EDGE_CURVE('',#2837,#3286,#3288,.T.);
#3286 = VERTEX_POINT('',#3287);
#3287 = CARTESIAN_POINT('',(0.310889132452,-4.330127018922,-7.5));
#3288 = SURFACE_CURVE('',#3289,(#3294,#3305),.PCURVE_S1.);
#3289 = HYPERBOLA('',#3290,2.00961894321,7.5);
#3290 = AXIS2_PLACEMENT_3D('',#3291,#3292,#3293);
#3291 = CARTESIAN_POINT('',(-2.00961894321,0.,-7.5));
#3292 = DIRECTION('',(0.,0.,-1.));
#3293 = DIRECTION('',(1.,0.,0.));
#3294 = PCURVE('',#2882,#3295);
#3295 = DEFINITIONAL_REPRESENTATION('',(#3296),#3304);
#3296 = B_SPLINE_CURVE_WITH_KNOTS('',6,(#3297,#3298,#3299,#3300,#3301,
    #3302,#3303),.UNSPECIFIED.,.F.,.F.,(7,7),(1.8E-16,0.646774826402),
  .PIECEWISE_BEZIER_KNOTS.);
#3297 = CARTESIAN_POINT('',(4.712388980385,2.510544737467E-16));
#3298 = CARTESIAN_POINT('',(4.604593175984,2.924655209627E-16));
#3299 = CARTESIAN_POINT('',(4.496798194703,2.802200364456E-02));
#3300 = CARTESIAN_POINT('',(4.391251657739,8.406578113697E-02));
#3301 = CARTESIAN_POINT('',(4.290240370036,0.16910893613));
#3302 = CARTESIAN_POINT('',(4.195105466941,0.285103397597));
#3303 = CARTESIAN_POINT('',(4.106497861545,0.435188018377));
#3304 = ( GEOMETRIC_REPRESENTATION_CONTEXT(2) 
PARAMETRIC_REPRESENTATION_CONTEXT() REPRESENTATION_CONTEXT('2D SPACE',''
  ) );
#3305 = PCURVE('',#3306,#3311);
#3306 = PLANE('',#3307);
#3307 = AXIS2_PLACEMENT_3D('',#3308,#3309,#3310);
#3308 = CARTESIAN_POINT('',(2.5,-4.330127018922,-7.5));
#3309 = DIRECTION('',(0.,0.,-1.));
#3310 = DIRECTION('',(0.,1.,0.));
#3311 = DEFINITIONAL_REPRESENTATION('',(#3312),#3316);
#3312 = HYPERBOLA('',#3313,2.00961894321,7.5);
#3313 = AXIS2_PLACEMENT_2D('',#3314,#3315);
#3314 = CARTESIAN_POINT('',(4.330127018922,-4.50961894321));
#3315 = DIRECTION('',(0.,1.));
#3316 = ( GEOMETRIC_REPRESENTATION_CONTEXT(2) 
PARAMETRIC_REPRESENTATION_CONTEXT() REPRESENTATION_CONTEXT('2D SPACE',''
  ) );
#3317 = ORIENTED_EDGE('',*,*,#3318,.T.);
#3318 = EDGE_CURVE('',#3286,#2866,#3319,.T.);
#3319 = SURFACE_CURVE('',#3320,(#3325,#3336),.PCURVE_S1.);
#3320 = HYPERBOLA('',#3321,2.00961894321,7.5);
#3321 = AXIS2_PLACEMENT_3D('',#3322,#3323,#3324);
#3322 = CARTESIAN_POINT('',(-2.00961894321,-6.495190528383,-3.75));
#3323 = DIRECTION('',(0.,-0.866025403784,-0.5));
#3324 = DIRECTION('',(1.,0.,0.));
#3325 = PCURVE('',#2882,#3326);
#3326 = DEFINITIONAL_REPRESENTATION('',(#3327),#3335);
#3327 = B_SPLINE_CURVE_WITH_KNOTS('',6,(#3328,#3329,#3330,#3331,#3332,
    #3333,#3334),.UNSPECIFIED.,.F.,.F.,(7,7),(-0.646774826402,
    -3.900363E-11),.PIECEWISE_BEZIER_KNOTS.);
#3328 = CARTESIAN_POINT('',(4.271082548027,0.435188018377));
#3329 = CARTESIAN_POINT('',(4.182474942637,0.285103397606));
#3330 = CARTESIAN_POINT('',(4.087340039548,0.169108936144));
#3331 = CARTESIAN_POINT('',(3.986328751852,8.406578115236E-02));
#3332 = CARTESIAN_POINT('',(3.880782214895,2.802200365807E-02));
#3333 = CARTESIAN_POINT('',(3.772987233621,8.449688659084E-12));
#3334 = CARTESIAN_POINT('',(3.665191429227,4.736388525325E-16));
#3335 = ( GEOMETRIC_REPRESENTATION_CONTEXT(2) 
PARAMETRIC_REPRESENTATION_CONTEXT() REPRESENTATION_CONTEXT('2D SPACE',''
  ) );
#3336 = PCURVE('',#3269,#3337);
#3337 = DEFINITIONAL_REPRESENTATION('',(#3338),#3342);
#3338 = HYPERBOLA('',#3339,2.00961894321,7.5);
#3339 = AXIS2_PLACEMENT_2D('',#3340,#3341);
#3340 = CARTESIAN_POINT('',(4.330127018922,-4.50961894321));
#3341 = DIRECTION('',(0.,1.));
#3342 = ( GEOMETRIC_REPRESENTATION_CONTEXT(2) 
PARAMETRIC_REPRESENTATION_CONTEXT() REPRESENTATION_CONTEXT('2D SPACE',''
  ) );
#3343 = ADVANCED_FACE('',(#3344),#2853,.T.);
#3344 = FACE_BOUND('',#3345,.T.);
#3345 = EDGE_LOOP('',(#3346,#3347,#3380));
#3346 = ORIENTED_EDGE('',*,*,#2836,.T.);
#3347 = ORIENTED_EDGE('',*,*,#3348,.T.);
#3348 = EDGE_CURVE('',#2808,#3349,#3351,.T.);
#3349 = VERTEX_POINT('',#3350);
#3350 = CARTESIAN_POINT('',(0.310889132452,4.330127018922,-7.5));
#3351 = SURFACE_CURVE('',#3352,(#3357,#3368),.PCURVE_S1.);
#3352 = HYPERBOLA('',#3353,2.00961894321,7.5);
#3353 = AXIS2_PLACEMENT_3D('',#3354,#3355,#3356);
#3354 = CARTESIAN_POINT('',(-2.00961894321,6.495190528383,-3.75));
#3355 = DIRECTION('',(0.,0.866025403784,-0.5));
#3356 = DIRECTION('',(1.,0.,0.));
#3357 = PCURVE('',#2853,#3358);
#3358 = DEFINITIONAL_REPRESENTATION('',(#3359),#3367);
#3359 = B_SPLINE_CURVE_WITH_KNOTS('',6,(#3360,#3361,#3362,#3363,#3364,
    #3365,#3366),.UNSPECIFIED.,.F.,.F.,(7,7),(6.4E-16,0.646774826402),
  .PIECEWISE_BEZIER_KNOTS.);
#3360 = CARTESIAN_POINT('',(5.759586531581,2.847009496097E-17));
#3361 = CARTESIAN_POINT('',(5.651790727181,1.656441888638E-16));
#3362 = CARTESIAN_POINT('',(5.5439957459,2.802200364456E-02));
#3363 = CARTESIAN_POINT('',(5.438449208935,8.406578113697E-02));
#3364 = CARTESIAN_POINT('',(5.337437921233,0.16910893613));
#3365 = CARTESIAN_POINT('',(5.242303018138,0.285103397597));
#3366 = CARTESIAN_POINT('',(5.153695412742,0.435188018377));
#3367 = ( GEOMETRIC_REPRESENTATION_CONTEXT(2) 
PARAMETRIC_REPRESENTATION_CONTEXT() REPRESENTATION_CONTEXT('2D SPACE',''
  ) );
#3368 = PCURVE('',#3369,#3374);
#3369 = PLANE('',#3370);
#3370 = AXIS2_PLACEMENT_3D('',#3371,#3372,#3373);
#3371 = CARTESIAN_POINT('',(2.5,4.330127018922,-7.5));
#3372 = DIRECTION('',(0.,0.866025403784,-0.5));
#3373 = DIRECTION('',(0.,0.5,0.866025403784));
#3374 = DEFINITIONAL_REPRESENTATION('',(#3375),#3379);
#3375 = HYPERBOLA('',#3376,2.00961894321,7.5);
#3376 = AXIS2_PLACEMENT_2D('',#3377,#3378);
#3377 = CARTESIAN_POINT('',(4.330127018922,-4.50961894321));
#3378 = DIRECTION('',(0.,1.));
#3379 = ( GEOMETRIC_REPRESENTATION_CONTEXT(2) 
PARAMETRIC_REPRESENTATION_CONTEXT() REPRESENTATION_CONTEXT('2D SPACE',''
  ) );
#3380 = ORIENTED_EDGE('',*,*,#3381,.T.);
#3381 = EDGE_CURVE('',#3349,#2837,#3382,.T.);
#3382 = SURFACE_CURVE('',#3383,(#3388,#3399),.PCURVE_S1.);
#3383 = HYPERBOLA('',#3384,2.00961894321,7.5);
#3384 = AXIS2_PLACEMENT_3D('',#3385,#3386,#3387);
#3385 = CARTESIAN_POINT('',(-2.00961894321,0.,-7.5));
#3386 = DIRECTION('',(0.,0.,-1.));
#3387 = DIRECTION('',(1.,0.,0.));
#3388 = PCURVE('',#2853,#3389);
#3389 = DEFINITIONAL_REPRESENTATION('',(#3390),#3398);
#3390 = B_SPLINE_CURVE_WITH_KNOTS('',6,(#3391,#3392,#3393,#3394,#3395,
    #3396,#3397),.UNSPECIFIED.,.F.,.F.,(7,7),(-0.646774826402,1.8E-16),
  .PIECEWISE_BEZIER_KNOTS.);
#3391 = CARTESIAN_POINT('',(5.318280099224,0.435188018377));
#3392 = CARTESIAN_POINT('',(5.229672493828,0.285103397597));
#3393 = CARTESIAN_POINT('',(5.134537590733,0.16910893613));
#3394 = CARTESIAN_POINT('',(5.03352630303,8.406578113697E-02));
#3395 = CARTESIAN_POINT('',(4.927979766066,2.802200364456E-02));
#3396 = CARTESIAN_POINT('',(4.820184784785,2.122316169818E-16));
#3397 = CARTESIAN_POINT('',(4.712388980385,2.510544737467E-16));
#3398 = ( GEOMETRIC_REPRESENTATION_CONTEXT(2) 
PARAMETRIC_REPRESENTATION_CONTEXT() REPRESENTATION_CONTEXT('2D SPACE',''
  ) );
#3399 = PCURVE('',#3306,#3400);
#3400 = DEFINITIONAL_REPRESENTATION('',(#3401),#3405);
#3401 = HYPERBOLA('',#3402,2.00961894321,7.5);
#3402 = AXIS2_PLACEMENT_2D('',#3403,#3404);
#3403 = CARTESIAN_POINT('',(4.330127018922,-4.50961894321));
#3404 = DIRECTION('',(0.,1.));
#3405 = ( GEOMETRIC_REPRESENTATION_CONTEXT(2) 
PARAMETRIC_REPRESENTATION_CONTEXT() REPRESENTATION_CONTEXT('2D SPACE',''
  ) );
#3406 = ADVANCED_FACE('',(#3407),#2824,.T.);
#3407 = FACE_BOUND('',#3408,.T.);
#3408 = EDGE_LOOP('',(#3409,#3410,#3411));
#3409 = ORIENTED_EDGE('',*,*,#2807,.T.);
#3410 = ORIENTED_EDGE('',*,*,#3037,.T.);
#3411 = ORIENTED_EDGE('',*,*,#3412,.T.);
#3412 = EDGE_CURVE('',#3038,#2808,#3413,.T.);
#3413 = SURFACE_CURVE('',#3414,(#3419,#3430),.PCURVE_S1.);
#3414 = HYPERBOLA('',#3415,2.00961894321,7.5);
#3415 = AXIS2_PLACEMENT_3D('',#3416,#3417,#3418);
#3416 = CARTESIAN_POINT('',(-2.00961894321,6.495190528383,-3.75));
#3417 = DIRECTION('',(0.,0.866025403784,-0.5));
#3418 = DIRECTION('',(1.,0.,0.));
#3419 = PCURVE('',#2824,#3420);
#3420 = DEFINITIONAL_REPRESENTATION('',(#3421),#3429);
#3421 = B_SPLINE_CURVE_WITH_KNOTS('',6,(#3422,#3423,#3424,#3425,#3426,
    #3427,#3428),.UNSPECIFIED.,.F.,.F.,(7,7),(-0.549306144334,6.4E-16),
  .PIECEWISE_BEZIER_KNOTS.);
#3422 = CARTESIAN_POINT('',(6.28318530718,0.310889132452));
#3423 = CARTESIAN_POINT('',(6.203899794605,0.204666687124));
#3424 = CARTESIAN_POINT('',(6.120259317996,0.121783687911));
#3425 = CARTESIAN_POINT('',(6.032860497479,6.063765195766E-02));
#3426 = CARTESIAN_POINT('',(5.942688152564,2.021257128553E-02));
#3427 = CARTESIAN_POINT('',(5.851137555637,-8.541028488291E-17));
#3428 = CARTESIAN_POINT('',(5.759586531581,2.847009496097E-17));
#3429 = ( GEOMETRIC_REPRESENTATION_CONTEXT(2) 
PARAMETRIC_REPRESENTATION_CONTEXT() REPRESENTATION_CONTEXT('2D SPACE',''
  ) );
#3430 = PCURVE('',#3369,#3431);
#3431 = DEFINITIONAL_REPRESENTATION('',(#3432),#3436);
#3432 = HYPERBOLA('',#3433,2.00961894321,7.5);
#3433 = AXIS2_PLACEMENT_2D('',#3434,#3435);
#3434 = CARTESIAN_POINT('',(4.330127018922,-4.50961894321));
#3435 = DIRECTION('',(0.,1.));
#3436 = ( GEOMETRIC_REPRESENTATION_CONTEXT(2) 
PARAMETRIC_REPRESENTATION_CONTEXT() REPRESENTATION_CONTEXT('2D SPACE',''
  ) );
#3437 = ADVANCED_FACE('',(#3438),#3022,.F.);
#3438 = FACE_BOUND('',#3439,.T.);
#3439 = EDGE_LOOP('',(#3440,#3463,#3490,#3491));
#3440 = ORIENTED_EDGE('',*,*,#3441,.F.);
#3441 = EDGE_CURVE('',#3442,#2983,#3444,.T.);
#3442 = VERTEX_POINT('',#3443);
#3443 = CARTESIAN_POINT('',(2.25,6.,0.));
#3444 = SEAM_CURVE('',#3445,(#3449,#3456),.PCURVE_S1.);
#3445 = LINE('',#3446,#3447);
#3446 = CARTESIAN_POINT('',(2.5,6.,0.));
#3447 = VECTOR('',#3448,1.);
#3448 = DIRECTION('',(-1.,0.,0.));
#3449 = PCURVE('',#3022,#3450);
#3450 = DEFINITIONAL_REPRESENTATION('',(#3451),#3455);
#3451 = LINE('',#3452,#3453);
#3452 = CARTESIAN_POINT('',(-0.,0.));
#3453 = VECTOR('',#3454,1.);
#3454 = DIRECTION('',(-0.,1.));
#3455 = ( GEOMETRIC_REPRESENTATION_CONTEXT(2) 
PARAMETRIC_REPRESENTATION_CONTEXT() REPRESENTATION_CONTEXT('2D SPACE',''
  ) );
#3456 = PCURVE('',#3022,#3457);
#3457 = DEFINITIONAL_REPRESENTATION('',(#3458),#3462);
#3458 = LINE('',#3459,#3460);
#3459 = CARTESIAN_POINT('',(-6.28318530718,0.));
#3460 = VECTOR('',#3461,1.);
#3461 = DIRECTION('',(-0.,1.));
#3462 = ( GEOMETRIC_REPRESENTATION_CONTEXT(2) 
PARAMETRIC_REPRESENTATION_CONTEXT() REPRESENTATION_CONTEXT('2D SPACE',''
  ) );
#3463 = ORIENTED_EDGE('',*,*,#3464,.T.);
#3464 = EDGE_CURVE('',#3442,#3442,#3465,.T.);
#3465 = SURFACE_CURVE('',#3466,(#3471,#3478),.PCURVE_S1.);
#3466 = CIRCLE('',#3467,6.);
#3467 = AXIS2_PLACEMENT_3D('',#3468,#3469,#3470);
#3468 = CARTESIAN_POINT('',(2.25,0.,0.));
#3469 = DIRECTION('',(1.,0.,0.));
#3470 = DIRECTION('',(-0.,1.,0.));
#3471 = PCURVE('',#3022,#3472);
#3472 = DEFINITIONAL_REPRESENTATION('',(#3473),#3477);
#3473 = LINE('',#3474,#3475);
#3474 = CARTESIAN_POINT('',(-0.,0.25));
#3475 = VECTOR('',#3476,1.);
#3476 = DIRECTION('',(-1.,0.));
#3477 = ( GEOMETRIC_REPRESENTATION_CONTEXT(2) 
PARAMETRIC_REPRESENTATION_CONTEXT() REPRESENTATION_CONTEXT('2D SPACE',''
  ) );
#3478 = PCURVE('',#3479,#3484);
#3479 = CONICAL_SURFACE('',#3480,6.,0.785398163397);
#3480 = AXIS2_PLACEMENT_3D('',#3481,#3482,#3483);
#3481 = CARTESIAN_POINT('',(2.25,0.,0.));
#3482 = DIRECTION('',(1.,0.,0.));
#3483 = DIRECTION('',(-0.,1.,0.));
#3484 = DEFINITIONAL_REPRESENTATION('',(#3485),#3489);
#3485 = LINE('',#3486,#3487);
#3486 = CARTESIAN_POINT('',(0.,0.));
#3487 = VECTOR('',#3488,1.);
#3488 = DIRECTION('',(1.,0.));
#3489 = ( GEOMETRIC_REPRESENTATION_CONTEXT(2) 
PARAMETRIC_REPRESENTATION_CONTEXT() REPRESENTATION_CONTEXT('2D SPACE',''
  ) );
#3490 = ORIENTED_EDGE('',*,*,#3441,.T.);
#3491 = ORIENTED_EDGE('',*,*,#3007,.F.);
#3492 = ADVANCED_FACE('',(#3493),#3080,.T.);
#3493 = FACE_BOUND('',#3494,.T.);
#3494 = EDGE_LOOP('',(#3495,#3530,#3551,#3552,#3553,#3576));
#3495 = ORIENTED_EDGE('',*,*,#3496,.F.);
#3496 = EDGE_CURVE('',#3497,#3499,#3501,.T.);
#3497 = VERTEX_POINT('',#3498);
#3498 = CARTESIAN_POINT('',(2.189110867492,8.660254037844,0.));
#3499 = VERTEX_POINT('',#3500);
#3500 = CARTESIAN_POINT('',(2.5,6.495190242464,3.750000495227));
#3501 = SURFACE_CURVE('',#3502,(#3507,#3514),.PCURVE_S1.);
#3502 = HYPERBOLA('',#3503,2.009618943573,7.5);
#3503 = AXIS2_PLACEMENT_3D('',#3504,#3505,#3506);
#3504 = CARTESIAN_POINT('',(4.509618943573,6.495190528383,3.75));
#3505 = DIRECTION('',(0.,0.866025403784,0.5));
#3506 = DIRECTION('',(-1.,0.,0.));
#3507 = PCURVE('',#3080,#3508);
#3508 = DEFINITIONAL_REPRESENTATION('',(#3509),#3513);
#3509 = HYPERBOLA('',#3510,2.009618943573,7.5);
#3510 = AXIS2_PLACEMENT_2D('',#3511,#3512);
#3511 = CARTESIAN_POINT('',(4.330127018922,2.009618943573));
#3512 = DIRECTION('',(0.,-1.));
#3513 = ( GEOMETRIC_REPRESENTATION_CONTEXT(2) 
PARAMETRIC_REPRESENTATION_CONTEXT() REPRESENTATION_CONTEXT('2D SPACE',''
  ) );
#3514 = PCURVE('',#3515,#3520);
#3515 = CONICAL_SURFACE('',#3516,12.165063509094,1.308996938953);
#3516 = AXIS2_PLACEMENT_3D('',#3517,#3518,#3519);
#3517 = CARTESIAN_POINT('',(1.249999999887,0.,0.));
#3518 = DIRECTION('',(-1.,-0.,-0.));
#3519 = DIRECTION('',(0.,1.,0.));
#3520 = DEFINITIONAL_REPRESENTATION('',(#3521),#3529);
#3521 = B_SPLINE_CURVE_WITH_KNOTS('',6,(#3522,#3523,#3524,#3525,#3526,
    #3527,#3528),.UNSPECIFIED.,.F.,.F.,(7,7),(-0.549306144334,1.6E-16),
  .PIECEWISE_BEZIER_KNOTS.);
#3522 = CARTESIAN_POINT('',(0.,-0.939110867605));
#3523 = CARTESIAN_POINT('',(-7.92855125747E-02,-1.045333312952));
#3524 = CARTESIAN_POINT('',(-0.162925989184,-1.12821631218));
#3525 = CARTESIAN_POINT('',(-0.2503248097,-1.189362348144));
#3526 = CARTESIAN_POINT('',(-0.340497154616,-1.229787428824));
#3527 = CARTESIAN_POINT('',(-0.432047751543,-1.250000000113));
#3528 = CARTESIAN_POINT('',(-0.523598775598,-1.250000000113));
#3529 = ( GEOMETRIC_REPRESENTATION_CONTEXT(2) 
PARAMETRIC_REPRESENTATION_CONTEXT() REPRESENTATION_CONTEXT('2D SPACE',''
  ) );
#3530 = ORIENTED_EDGE('',*,*,#3531,.T.);
#3531 = EDGE_CURVE('',#3497,#3038,#3532,.T.);
#3532 = SURFACE_CURVE('',#3533,(#3537,#3544),.PCURVE_S1.);
#3533 = LINE('',#3534,#3535);
#3534 = CARTESIAN_POINT('',(2.5,8.660254037844,0.));
#3535 = VECTOR('',#3536,1.);
#3536 = DIRECTION('',(-1.,-0.,-0.));
#3537 = PCURVE('',#3080,#3538);
#3538 = DEFINITIONAL_REPRESENTATION('',(#3539),#3543);
#3539 = LINE('',#3540,#3541);
#3540 = CARTESIAN_POINT('',(0.,0.));
#3541 = VECTOR('',#3542,1.);
#3542 = DIRECTION('',(0.,-1.));
#3543 = ( GEOMETRIC_REPRESENTATION_CONTEXT(2) 
PARAMETRIC_REPRESENTATION_CONTEXT() REPRESENTATION_CONTEXT('2D SPACE',''
  ) );
#3544 = PCURVE('',#3369,#3545);
#3545 = DEFINITIONAL_REPRESENTATION('',(#3546),#3550);
#3546 = LINE('',#3547,#3548);
#3547 = CARTESIAN_POINT('',(8.660254037844,0.));
#3548 = VECTOR('',#3549,1.);
#3549 = DIRECTION('',(0.,-1.));
#3550 = ( GEOMETRIC_REPRESENTATION_CONTEXT(2) 
PARAMETRIC_REPRESENTATION_CONTEXT() REPRESENTATION_CONTEXT('2D SPACE',''
  ) );
#3551 = ORIENTED_EDGE('',*,*,#3061,.F.);
#3552 = ORIENTED_EDGE('',*,*,#3095,.F.);
#3553 = ORIENTED_EDGE('',*,*,#3554,.F.);
#3554 = EDGE_CURVE('',#3555,#3096,#3557,.T.);
#3555 = VERTEX_POINT('',#3556);
#3556 = CARTESIAN_POINT('',(2.189110867492,4.330127018922,7.5));
#3557 = SURFACE_CURVE('',#3558,(#3562,#3569),.PCURVE_S1.);
#3558 = LINE('',#3559,#3560);
#3559 = CARTESIAN_POINT('',(2.5,4.330127018922,7.5));
#3560 = VECTOR('',#3561,1.);
#3561 = DIRECTION('',(-1.,-0.,-0.));
#3562 = PCURVE('',#3080,#3563);
#3563 = DEFINITIONAL_REPRESENTATION('',(#3564),#3568);
#3564 = LINE('',#3565,#3566);
#3565 = CARTESIAN_POINT('',(8.660254037844,0.));
#3566 = VECTOR('',#3567,1.);
#3567 = DIRECTION('',(0.,-1.));
#3568 = ( GEOMETRIC_REPRESENTATION_CONTEXT(2) 
PARAMETRIC_REPRESENTATION_CONTEXT() REPRESENTATION_CONTEXT('2D SPACE',''
  ) );
#3569 = PCURVE('',#3143,#3570);
#3570 = DEFINITIONAL_REPRESENTATION('',(#3571),#3575);
#3571 = LINE('',#3572,#3573);
#3572 = CARTESIAN_POINT('',(0.,0.));
#3573 = VECTOR('',#3574,1.);
#3574 = DIRECTION('',(0.,-1.));
#3575 = ( GEOMETRIC_REPRESENTATION_CONTEXT(2) 
PARAMETRIC_REPRESENTATION_CONTEXT() REPRESENTATION_CONTEXT('2D SPACE',''
  ) );
#3576 = ORIENTED_EDGE('',*,*,#3577,.F.);
#3577 = EDGE_CURVE('',#3499,#3555,#3578,.T.);
#3578 = SURFACE_CURVE('',#3579,(#3584,#3591),.PCURVE_S1.);
#3579 = HYPERBOLA('',#3580,2.009618943573,7.5);
#3580 = AXIS2_PLACEMENT_3D('',#3581,#3582,#3583);
#3581 = CARTESIAN_POINT('',(4.509618943573,6.495190528383,3.75));
#3582 = DIRECTION('',(0.,0.866025403784,0.5));
#3583 = DIRECTION('',(-1.,0.,0.));
#3584 = PCURVE('',#3080,#3585);
#3585 = DEFINITIONAL_REPRESENTATION('',(#3586),#3590);
#3586 = HYPERBOLA('',#3587,2.009618943573,7.5);
#3587 = AXIS2_PLACEMENT_2D('',#3588,#3589);
#3588 = CARTESIAN_POINT('',(4.330127018922,2.009618943573));
#3589 = DIRECTION('',(0.,-1.));
#3590 = ( GEOMETRIC_REPRESENTATION_CONTEXT(2) 
PARAMETRIC_REPRESENTATION_CONTEXT() REPRESENTATION_CONTEXT('2D SPACE',''
  ) );
#3591 = PCURVE('',#3592,#3597);
#3592 = CONICAL_SURFACE('',#3593,12.165063509094,1.308996938953);
#3593 = AXIS2_PLACEMENT_3D('',#3594,#3595,#3596);
#3594 = CARTESIAN_POINT('',(1.249999999887,0.,0.));
#3595 = DIRECTION('',(-1.,-0.,-0.));
#3596 = DIRECTION('',(0.,1.,0.));
#3597 = DEFINITIONAL_REPRESENTATION('',(#3598),#3606);
#3598 = B_SPLINE_CURVE_WITH_KNOTS('',6,(#3599,#3600,#3601,#3602,#3603,
    #3604,#3605),.UNSPECIFIED.,.F.,.F.,(7,7),(1.6E-16,0.646774826402),
  .PIECEWISE_BEZIER_KNOTS.);
#3599 = CARTESIAN_POINT('',(-0.523598775598,-1.250000000113));
#3600 = CARTESIAN_POINT('',(-0.631394579999,-1.250000000113));
#3601 = CARTESIAN_POINT('',(-0.73918956128,-1.221977996463));
#3602 = CARTESIAN_POINT('',(-0.844736098244,-1.165934218961));
#3603 = CARTESIAN_POINT('',(-0.945747385947,-1.080891063953));
#3604 = CARTESIAN_POINT('',(-1.040882289042,-0.964896602464));
#3605 = CARTESIAN_POINT('',(-1.129489894438,-0.814811981657));
#3606 = ( GEOMETRIC_REPRESENTATION_CONTEXT(2) 
PARAMETRIC_REPRESENTATION_CONTEXT() REPRESENTATION_CONTEXT('2D SPACE',''
  ) );
#3607 = ADVANCED_FACE('',(#3608),#3143,.T.);
#3608 = FACE_BOUND('',#3609,.T.);
#3609 = EDGE_LOOP('',(#3610,#3638,#3639,#3640,#3641,#3664));
#3610 = ORIENTED_EDGE('',*,*,#3611,.F.);
#3611 = EDGE_CURVE('',#3555,#3612,#3614,.T.);
#3612 = VERTEX_POINT('',#3613);
#3613 = CARTESIAN_POINT('',(2.5,-1.33E-13,7.5));
#3614 = SURFACE_CURVE('',#3615,(#3620,#3627),.PCURVE_S1.);
#3615 = HYPERBOLA('',#3616,2.009618943573,7.5);
#3616 = AXIS2_PLACEMENT_3D('',#3617,#3618,#3619);
#3617 = CARTESIAN_POINT('',(4.509618943573,0.,7.5));
#3618 = DIRECTION('',(0.,0.,1.));
#3619 = DIRECTION('',(-1.,0.,0.));
#3620 = PCURVE('',#3143,#3621);
#3621 = DEFINITIONAL_REPRESENTATION('',(#3622),#3626);
#3622 = HYPERBOLA('',#3623,2.009618943573,7.5);
#3623 = AXIS2_PLACEMENT_2D('',#3624,#3625);
#3624 = CARTESIAN_POINT('',(4.330127018922,2.009618943573));
#3625 = DIRECTION('',(0.,-1.));
#3626 = ( GEOMETRIC_REPRESENTATION_CONTEXT(2) 
PARAMETRIC_REPRESENTATION_CONTEXT() REPRESENTATION_CONTEXT('2D SPACE',''
  ) );
#3627 = PCURVE('',#3592,#3628);
#3628 = DEFINITIONAL_REPRESENTATION('',(#3629),#3637);
#3629 = B_SPLINE_CURVE_WITH_KNOTS('',6,(#3630,#3631,#3632,#3633,#3634,
    #3635,#3636),.UNSPECIFIED.,.F.,.F.,(7,7),(-0.646774826402,-6.E-17),
  .PIECEWISE_BEZIER_KNOTS.);
#3630 = CARTESIAN_POINT('',(-0.964905207956,-0.814811981657));
#3631 = CARTESIAN_POINT('',(-1.053512813351,-0.964896602464));
#3632 = CARTESIAN_POINT('',(-1.148647716446,-1.080891063953));
#3633 = CARTESIAN_POINT('',(-1.249659004149,-1.165934218961));
#3634 = CARTESIAN_POINT('',(-1.355205541114,-1.221977996463));
#3635 = CARTESIAN_POINT('',(-1.463000522395,-1.250000000113));
#3636 = CARTESIAN_POINT('',(-1.570796326795,-1.250000000113));
#3637 = ( GEOMETRIC_REPRESENTATION_CONTEXT(2) 
PARAMETRIC_REPRESENTATION_CONTEXT() REPRESENTATION_CONTEXT('2D SPACE',''
  ) );
#3638 = ORIENTED_EDGE('',*,*,#3554,.T.);
#3639 = ORIENTED_EDGE('',*,*,#3124,.F.);
#3640 = ORIENTED_EDGE('',*,*,#3158,.F.);
#3641 = ORIENTED_EDGE('',*,*,#3642,.F.);
#3642 = EDGE_CURVE('',#3643,#3159,#3645,.T.);
#3643 = VERTEX_POINT('',#3644);
#3644 = CARTESIAN_POINT('',(2.189110867492,-4.330127018922,7.5));
#3645 = SURFACE_CURVE('',#3646,(#3650,#3657),.PCURVE_S1.);
#3646 = LINE('',#3647,#3648);
#3647 = CARTESIAN_POINT('',(2.5,-4.330127018922,7.5));
#3648 = VECTOR('',#3649,1.);
#3649 = DIRECTION('',(-1.,-0.,-0.));
#3650 = PCURVE('',#3143,#3651);
#3651 = DEFINITIONAL_REPRESENTATION('',(#3652),#3656);
#3652 = LINE('',#3653,#3654);
#3653 = CARTESIAN_POINT('',(8.660254037844,0.));
#3654 = VECTOR('',#3655,1.);
#3655 = DIRECTION('',(0.,-1.));
#3656 = ( GEOMETRIC_REPRESENTATION_CONTEXT(2) 
PARAMETRIC_REPRESENTATION_CONTEXT() REPRESENTATION_CONTEXT('2D SPACE',''
  ) );
#3657 = PCURVE('',#3206,#3658);
#3658 = DEFINITIONAL_REPRESENTATION('',(#3659),#3663);
#3659 = LINE('',#3660,#3661);
#3660 = CARTESIAN_POINT('',(0.,0.));
#3661 = VECTOR('',#3662,1.);
#3662 = DIRECTION('',(0.,-1.));
#3663 = ( GEOMETRIC_REPRESENTATION_CONTEXT(2) 
PARAMETRIC_REPRESENTATION_CONTEXT() REPRESENTATION_CONTEXT('2D SPACE',''
  ) );
#3664 = ORIENTED_EDGE('',*,*,#3665,.F.);
#3665 = EDGE_CURVE('',#3612,#3643,#3666,.T.);
#3666 = SURFACE_CURVE('',#3667,(#3672,#3679),.PCURVE_S1.);
#3667 = HYPERBOLA('',#3668,2.009618943573,7.5);
#3668 = AXIS2_PLACEMENT_3D('',#3669,#3670,#3671);
#3669 = CARTESIAN_POINT('',(4.509618943573,0.,7.5));
#3670 = DIRECTION('',(0.,0.,1.));
#3671 = DIRECTION('',(-1.,0.,0.));
#3672 = PCURVE('',#3143,#3673);
#3673 = DEFINITIONAL_REPRESENTATION('',(#3674),#3678);
#3674 = HYPERBOLA('',#3675,2.009618943573,7.5);
#3675 = AXIS2_PLACEMENT_2D('',#3676,#3677);
#3676 = CARTESIAN_POINT('',(4.330127018922,2.009618943573));
#3677 = DIRECTION('',(0.,-1.));
#3678 = ( GEOMETRIC_REPRESENTATION_CONTEXT(2) 
PARAMETRIC_REPRESENTATION_CONTEXT() REPRESENTATION_CONTEXT('2D SPACE',''
  ) );
#3679 = PCURVE('',#3680,#3685);
#3680 = CONICAL_SURFACE('',#3681,12.165063509094,1.308996938953);
#3681 = AXIS2_PLACEMENT_3D('',#3682,#3683,#3684);
#3682 = CARTESIAN_POINT('',(1.249999999887,0.,0.));
#3683 = DIRECTION('',(-1.,-0.,-0.));
#3684 = DIRECTION('',(0.,1.,0.));
#3685 = DEFINITIONAL_REPRESENTATION('',(#3686),#3694);
#3686 = B_SPLINE_CURVE_WITH_KNOTS('',6,(#3687,#3688,#3689,#3690,#3691,
    #3692,#3693),.UNSPECIFIED.,.F.,.F.,(7,7),(-6.E-17,0.646774826402),
  .PIECEWISE_BEZIER_KNOTS.);
#3687 = CARTESIAN_POINT('',(-1.570796326795,-1.250000000113));
#3688 = CARTESIAN_POINT('',(-1.678592131195,-1.250000000113));
#3689 = CARTESIAN_POINT('',(-1.786387112476,-1.221977996463));
#3690 = CARTESIAN_POINT('',(-1.89193364944,-1.165934218961));
#3691 = CARTESIAN_POINT('',(-1.992944937144,-1.080891063953));
#3692 = CARTESIAN_POINT('',(-2.088079840238,-0.964896602464));
#3693 = CARTESIAN_POINT('',(-2.176687445634,-0.814811981657));
#3694 = ( GEOMETRIC_REPRESENTATION_CONTEXT(2) 
PARAMETRIC_REPRESENTATION_CONTEXT() REPRESENTATION_CONTEXT('2D SPACE',''
  ) );
#3695 = ADVANCED_FACE('',(#3696),#3206,.T.);
#3696 = FACE_BOUND('',#3697,.T.);
#3697 = EDGE_LOOP('',(#3698,#3726,#3727,#3728,#3729,#3752));
#3698 = ORIENTED_EDGE('',*,*,#3699,.F.);
#3699 = EDGE_CURVE('',#3643,#3700,#3702,.T.);
#3700 = VERTEX_POINT('',#3701);
#3701 = CARTESIAN_POINT('',(2.5,-6.495190260246,3.750000464427));
#3702 = SURFACE_CURVE('',#3703,(#3708,#3715),.PCURVE_S1.);
#3703 = HYPERBOLA('',#3704,2.009618943573,7.5);
#3704 = AXIS2_PLACEMENT_3D('',#3705,#3706,#3707);
#3705 = CARTESIAN_POINT('',(4.509618943573,-6.495190528383,3.75));
#3706 = DIRECTION('',(0.,-0.866025403784,0.5));
#3707 = DIRECTION('',(-1.,0.,0.));
#3708 = PCURVE('',#3206,#3709);
#3709 = DEFINITIONAL_REPRESENTATION('',(#3710),#3714);
#3710 = HYPERBOLA('',#3711,2.009618943573,7.5);
#3711 = AXIS2_PLACEMENT_2D('',#3712,#3713);
#3712 = CARTESIAN_POINT('',(4.330127018922,2.009618943573));
#3713 = DIRECTION('',(-0.,-1.));
#3714 = ( GEOMETRIC_REPRESENTATION_CONTEXT(2) 
PARAMETRIC_REPRESENTATION_CONTEXT() REPRESENTATION_CONTEXT('2D SPACE',''
  ) );
#3715 = PCURVE('',#3680,#3716);
#3716 = DEFINITIONAL_REPRESENTATION('',(#3717),#3725);
#3717 = B_SPLINE_CURVE_WITH_KNOTS('',6,(#3718,#3719,#3720,#3721,#3722,
    #3723,#3724),.UNSPECIFIED.,.F.,.F.,(7,7),(-0.646774826402,-5.E-17),
  .PIECEWISE_BEZIER_KNOTS.);
#3718 = CARTESIAN_POINT('',(-2.012102759152,-0.814811981657));
#3719 = CARTESIAN_POINT('',(-2.100710364548,-0.964896602464));
#3720 = CARTESIAN_POINT('',(-2.195845267643,-1.080891063953));
#3721 = CARTESIAN_POINT('',(-2.296856555346,-1.165934218961));
#3722 = CARTESIAN_POINT('',(-2.40240309231,-1.221977996463));
#3723 = CARTESIAN_POINT('',(-2.510198073591,-1.250000000113));
#3724 = CARTESIAN_POINT('',(-2.617993877991,-1.250000000113));
#3725 = ( GEOMETRIC_REPRESENTATION_CONTEXT(2) 
PARAMETRIC_REPRESENTATION_CONTEXT() REPRESENTATION_CONTEXT('2D SPACE',''
  ) );
#3726 = ORIENTED_EDGE('',*,*,#3642,.T.);
#3727 = ORIENTED_EDGE('',*,*,#3187,.F.);
#3728 = ORIENTED_EDGE('',*,*,#3221,.F.);
#3729 = ORIENTED_EDGE('',*,*,#3730,.F.);
#3730 = EDGE_CURVE('',#3731,#3222,#3733,.T.);
#3731 = VERTEX_POINT('',#3732);
#3732 = CARTESIAN_POINT('',(2.189110867492,-8.660254037844,-1.E-15));
#3733 = SURFACE_CURVE('',#3734,(#3738,#3745),.PCURVE_S1.);
#3734 = LINE('',#3735,#3736);
#3735 = CARTESIAN_POINT('',(2.5,-8.660254037844,-8.9E-16));
#3736 = VECTOR('',#3737,1.);
#3737 = DIRECTION('',(-1.,-0.,-0.));
#3738 = PCURVE('',#3206,#3739);
#3739 = DEFINITIONAL_REPRESENTATION('',(#3740),#3744);
#3740 = LINE('',#3741,#3742);
#3741 = CARTESIAN_POINT('',(8.660254037844,0.));
#3742 = VECTOR('',#3743,1.);
#3743 = DIRECTION('',(0.,-1.));
#3744 = ( GEOMETRIC_REPRESENTATION_CONTEXT(2) 
PARAMETRIC_REPRESENTATION_CONTEXT() REPRESENTATION_CONTEXT('2D SPACE',''
  ) );
#3745 = PCURVE('',#3269,#3746);
#3746 = DEFINITIONAL_REPRESENTATION('',(#3747),#3751);
#3747 = LINE('',#3748,#3749);
#3748 = CARTESIAN_POINT('',(0.,0.));
#3749 = VECTOR('',#3750,1.);
#3750 = DIRECTION('',(0.,-1.));
#3751 = ( GEOMETRIC_REPRESENTATION_CONTEXT(2) 
PARAMETRIC_REPRESENTATION_CONTEXT() REPRESENTATION_CONTEXT('2D SPACE',''
  ) );
#3752 = ORIENTED_EDGE('',*,*,#3753,.F.);
#3753 = EDGE_CURVE('',#3700,#3731,#3754,.T.);
#3754 = SURFACE_CURVE('',#3755,(#3760,#3767),.PCURVE_S1.);
#3755 = HYPERBOLA('',#3756,2.009618943573,7.5);
#3756 = AXIS2_PLACEMENT_3D('',#3757,#3758,#3759);
#3757 = CARTESIAN_POINT('',(4.509618943573,-6.495190528383,3.75));
#3758 = DIRECTION('',(0.,-0.866025403784,0.5));
#3759 = DIRECTION('',(-1.,0.,0.));
#3760 = PCURVE('',#3206,#3761);
#3761 = DEFINITIONAL_REPRESENTATION('',(#3762),#3766);
#3762 = HYPERBOLA('',#3763,2.009618943573,7.5);
#3763 = AXIS2_PLACEMENT_2D('',#3764,#3765);
#3764 = CARTESIAN_POINT('',(4.330127018922,2.009618943573));
#3765 = DIRECTION('',(-0.,-1.));
#3766 = ( GEOMETRIC_REPRESENTATION_CONTEXT(2) 
PARAMETRIC_REPRESENTATION_CONTEXT() REPRESENTATION_CONTEXT('2D SPACE',''
  ) );
#3767 = PCURVE('',#3768,#3773);
#3768 = CONICAL_SURFACE('',#3769,12.165063509094,1.308996938953);
#3769 = AXIS2_PLACEMENT_3D('',#3770,#3771,#3772);
#3770 = CARTESIAN_POINT('',(1.249999999887,0.,0.));
#3771 = DIRECTION('',(-1.,-0.,-0.));
#3772 = DIRECTION('',(0.,1.,0.));
#3773 = DEFINITIONAL_REPRESENTATION('',(#3774),#3782);
#3774 = B_SPLINE_CURVE_WITH_KNOTS('',6,(#3775,#3776,#3777,#3778,#3779,
    #3780,#3781),.UNSPECIFIED.,.F.,.F.,(7,7),(-5.E-17,0.646774826402),
  .PIECEWISE_BEZIER_KNOTS.);
#3775 = CARTESIAN_POINT('',(-2.617993877991,-1.250000000113));
#3776 = CARTESIAN_POINT('',(-2.725789682392,-1.250000000113));
#3777 = CARTESIAN_POINT('',(-2.833584663673,-1.221977996463));
#3778 = CARTESIAN_POINT('',(-2.939131200637,-1.165934218961));
#3779 = CARTESIAN_POINT('',(-3.04014248834,-1.080891063953));
#3780 = CARTESIAN_POINT('',(-3.135277391435,-0.964896602464));
#3781 = CARTESIAN_POINT('',(-3.223884996831,-0.814811981657));
#3782 = ( GEOMETRIC_REPRESENTATION_CONTEXT(2) 
PARAMETRIC_REPRESENTATION_CONTEXT() REPRESENTATION_CONTEXT('2D SPACE',''
  ) );
#3783 = ADVANCED_FACE('',(#3784),#3269,.T.);
#3784 = FACE_BOUND('',#3785,.T.);
#3785 = EDGE_LOOP('',(#3786,#3814,#3815,#3816,#3817,#3840));
#3786 = ORIENTED_EDGE('',*,*,#3787,.F.);
#3787 = EDGE_CURVE('',#3731,#3788,#3790,.T.);
#3788 = VERTEX_POINT('',#3789);
#3789 = CARTESIAN_POINT('',(2.5,-6.495190266978,-3.750000452768));
#3790 = SURFACE_CURVE('',#3791,(#3796,#3803),.PCURVE_S1.);
#3791 = HYPERBOLA('',#3792,2.009618943573,7.5);
#3792 = AXIS2_PLACEMENT_3D('',#3793,#3794,#3795);
#3793 = CARTESIAN_POINT('',(4.509618943573,-6.495190528383,-3.75));
#3794 = DIRECTION('',(-0.,-0.866025403784,-0.5));
#3795 = DIRECTION('',(-1.,0.,0.));
#3796 = PCURVE('',#3269,#3797);
#3797 = DEFINITIONAL_REPRESENTATION('',(#3798),#3802);
#3798 = HYPERBOLA('',#3799,2.009618943573,7.5);
#3799 = AXIS2_PLACEMENT_2D('',#3800,#3801);
#3800 = CARTESIAN_POINT('',(4.330127018922,2.009618943573));
#3801 = DIRECTION('',(0.,-1.));
#3802 = ( GEOMETRIC_REPRESENTATION_CONTEXT(2) 
PARAMETRIC_REPRESENTATION_CONTEXT() REPRESENTATION_CONTEXT('2D SPACE',''
  ) );
#3803 = PCURVE('',#3768,#3804);
#3804 = DEFINITIONAL_REPRESENTATION('',(#3805),#3813);
#3805 = B_SPLINE_CURVE_WITH_KNOTS('',6,(#3806,#3807,#3808,#3809,#3810,
    #3811,#3812),.UNSPECIFIED.,.F.,.F.,(7,7),(-0.646774826402,
    -5.733039E-11),.PIECEWISE_BEZIER_KNOTS.);
#3806 = CARTESIAN_POINT('',(-3.059300310349,-0.814811981657));
#3807 = CARTESIAN_POINT('',(-3.147907915737,-0.964896602451));
#3808 = CARTESIAN_POINT('',(-3.243042818823,-1.080891063932));
#3809 = CARTESIAN_POINT('',(-3.344054106516,-1.165934218938));
#3810 = CARTESIAN_POINT('',(-3.449600643469,-1.221977996443));
#3811 = CARTESIAN_POINT('',(-3.55739562474,-1.250000000101));
#3812 = CARTESIAN_POINT('',(-3.665191429131,-1.250000000113));
#3813 = ( GEOMETRIC_REPRESENTATION_CONTEXT(2) 
PARAMETRIC_REPRESENTATION_CONTEXT() REPRESENTATION_CONTEXT('2D SPACE',''
  ) );
#3814 = ORIENTED_EDGE('',*,*,#3730,.T.);
#3815 = ORIENTED_EDGE('',*,*,#3250,.F.);
#3816 = ORIENTED_EDGE('',*,*,#3318,.F.);
#3817 = ORIENTED_EDGE('',*,*,#3818,.F.);
#3818 = EDGE_CURVE('',#3819,#3286,#3821,.T.);
#3819 = VERTEX_POINT('',#3820);
#3820 = CARTESIAN_POINT('',(2.189110867492,-4.330127018922,-7.5));
#3821 = SURFACE_CURVE('',#3822,(#3826,#3833),.PCURVE_S1.);
#3822 = LINE('',#3823,#3824);
#3823 = CARTESIAN_POINT('',(2.5,-4.330127018922,-7.5));
#3824 = VECTOR('',#3825,1.);
#3825 = DIRECTION('',(-1.,-0.,-0.));
#3826 = PCURVE('',#3269,#3827);
#3827 = DEFINITIONAL_REPRESENTATION('',(#3828),#3832);
#3828 = LINE('',#3829,#3830);
#3829 = CARTESIAN_POINT('',(8.660254037844,0.));
#3830 = VECTOR('',#3831,1.);
#3831 = DIRECTION('',(0.,-1.));
#3832 = ( GEOMETRIC_REPRESENTATION_CONTEXT(2) 
PARAMETRIC_REPRESENTATION_CONTEXT() REPRESENTATION_CONTEXT('2D SPACE',''
  ) );
#3833 = PCURVE('',#3306,#3834);
#3834 = DEFINITIONAL_REPRESENTATION('',(#3835),#3839);
#3835 = LINE('',#3836,#3837);
#3836 = CARTESIAN_POINT('',(0.,0.));
#3837 = VECTOR('',#3838,1.);
#3838 = DIRECTION('',(0.,-1.));
#3839 = ( GEOMETRIC_REPRESENTATION_CONTEXT(2) 
PARAMETRIC_REPRESENTATION_CONTEXT() REPRESENTATION_CONTEXT('2D SPACE',''
  ) );
#3840 = ORIENTED_EDGE('',*,*,#3841,.F.);
#3841 = EDGE_CURVE('',#3788,#3819,#3842,.T.);
#3842 = SURFACE_CURVE('',#3843,(#3848,#3855),.PCURVE_S1.);
#3843 = HYPERBOLA('',#3844,2.009618943573,7.5);
#3844 = AXIS2_PLACEMENT_3D('',#3845,#3846,#3847);
#3845 = CARTESIAN_POINT('',(4.509618943573,-6.495190528383,-3.75));
#3846 = DIRECTION('',(-0.,-0.866025403784,-0.5));
#3847 = DIRECTION('',(-1.,0.,0.));
#3848 = PCURVE('',#3269,#3849);
#3849 = DEFINITIONAL_REPRESENTATION('',(#3850),#3854);
#3850 = HYPERBOLA('',#3851,2.009618943573,7.5);
#3851 = AXIS2_PLACEMENT_2D('',#3852,#3853);
#3852 = CARTESIAN_POINT('',(4.330127018922,2.009618943573));
#3853 = DIRECTION('',(0.,-1.));
#3854 = ( GEOMETRIC_REPRESENTATION_CONTEXT(2) 
PARAMETRIC_REPRESENTATION_CONTEXT() REPRESENTATION_CONTEXT('2D SPACE',''
  ) );
#3855 = PCURVE('',#3856,#3861);
#3856 = CONICAL_SURFACE('',#3857,12.165063509094,1.308996938953);
#3857 = AXIS2_PLACEMENT_3D('',#3858,#3859,#3860);
#3858 = CARTESIAN_POINT('',(1.249999999887,0.,0.));
#3859 = DIRECTION('',(-1.,-0.,-0.));
#3860 = DIRECTION('',(0.,1.,0.));
#3861 = DEFINITIONAL_REPRESENTATION('',(#3862),#3870);
#3862 = B_SPLINE_CURVE_WITH_KNOTS('',6,(#3863,#3864,#3865,#3866,#3867,
    #3868,#3869),.UNSPECIFIED.,.F.,.F.,(7,7),(-5.733039E-11,
    0.646774826402),.PIECEWISE_BEZIER_KNOTS.);
#3863 = CARTESIAN_POINT('',(-3.665191429131,-1.250000000113));
#3864 = CARTESIAN_POINT('',(-3.772987233541,-1.250000000125));
#3865 = CARTESIAN_POINT('',(-3.880782214832,-1.221977996483));
#3866 = CARTESIAN_POINT('',(-3.986328751807,-1.165934218983));
#3867 = CARTESIAN_POINT('',(-4.08734003952,-1.080891063973));
#3868 = CARTESIAN_POINT('',(-4.182474942624,-0.964896602478));
#3869 = CARTESIAN_POINT('',(-4.271082548027,-0.814811981657));
#3870 = ( GEOMETRIC_REPRESENTATION_CONTEXT(2) 
PARAMETRIC_REPRESENTATION_CONTEXT() REPRESENTATION_CONTEXT('2D SPACE',''
  ) );
#3871 = ADVANCED_FACE('',(#3872),#3306,.T.);
#3872 = FACE_BOUND('',#3873,.T.);
#3873 = EDGE_LOOP('',(#3874,#3902,#3903,#3904,#3905,#3928));
#3874 = ORIENTED_EDGE('',*,*,#3875,.F.);
#3875 = EDGE_CURVE('',#3819,#3876,#3878,.T.);
#3876 = VERTEX_POINT('',#3877);
#3877 = CARTESIAN_POINT('',(2.5,6.5E-14,-7.5));
#3878 = SURFACE_CURVE('',#3879,(#3884,#3891),.PCURVE_S1.);
#3879 = HYPERBOLA('',#3880,2.009618943573,7.5);
#3880 = AXIS2_PLACEMENT_3D('',#3881,#3882,#3883);
#3881 = CARTESIAN_POINT('',(4.509618943573,0.,-7.5));
#3882 = DIRECTION('',(0.,0.,-1.));
#3883 = DIRECTION('',(-1.,-0.,-0.));
#3884 = PCURVE('',#3306,#3885);
#3885 = DEFINITIONAL_REPRESENTATION('',(#3886),#3890);
#3886 = HYPERBOLA('',#3887,2.009618943573,7.5);
#3887 = AXIS2_PLACEMENT_2D('',#3888,#3889);
#3888 = CARTESIAN_POINT('',(4.330127018922,2.009618943573));
#3889 = DIRECTION('',(0.,-1.));
#3890 = ( GEOMETRIC_REPRESENTATION_CONTEXT(2) 
PARAMETRIC_REPRESENTATION_CONTEXT() REPRESENTATION_CONTEXT('2D SPACE',''
  ) );
#3891 = PCURVE('',#3856,#3892);
#3892 = DEFINITIONAL_REPRESENTATION('',(#3893),#3901);
#3893 = B_SPLINE_CURVE_WITH_KNOTS('',6,(#3894,#3895,#3896,#3897,#3898,
    #3899,#3900),.UNSPECIFIED.,.F.,.F.,(7,7),(-0.646774826402,-1.8E-16),
  .PIECEWISE_BEZIER_KNOTS.);
#3894 = CARTESIAN_POINT('',(-4.106497861545,-0.814811981657));
#3895 = CARTESIAN_POINT('',(-4.195105466941,-0.964896602464));
#3896 = CARTESIAN_POINT('',(-4.290240370036,-1.080891063953));
#3897 = CARTESIAN_POINT('',(-4.391251657739,-1.165934218961));
#3898 = CARTESIAN_POINT('',(-4.496798194703,-1.221977996463));
#3899 = CARTESIAN_POINT('',(-4.604593175984,-1.250000000113));
#3900 = CARTESIAN_POINT('',(-4.712388980385,-1.250000000113));
#3901 = ( GEOMETRIC_REPRESENTATION_CONTEXT(2) 
PARAMETRIC_REPRESENTATION_CONTEXT() REPRESENTATION_CONTEXT('2D SPACE',''
  ) );
#3902 = ORIENTED_EDGE('',*,*,#3818,.T.);
#3903 = ORIENTED_EDGE('',*,*,#3285,.F.);
#3904 = ORIENTED_EDGE('',*,*,#3381,.F.);
#3905 = ORIENTED_EDGE('',*,*,#3906,.F.);
#3906 = EDGE_CURVE('',#3907,#3349,#3909,.T.);
#3907 = VERTEX_POINT('',#3908);
#3908 = CARTESIAN_POINT('',(2.189110867492,4.330127018922,-7.5));
#3909 = SURFACE_CURVE('',#3910,(#3914,#3921),.PCURVE_S1.);
#3910 = LINE('',#3911,#3912);
#3911 = CARTESIAN_POINT('',(2.5,4.330127018922,-7.5));
#3912 = VECTOR('',#3913,1.);
#3913 = DIRECTION('',(-1.,-0.,-0.));
#3914 = PCURVE('',#3306,#3915);
#3915 = DEFINITIONAL_REPRESENTATION('',(#3916),#3920);
#3916 = LINE('',#3917,#3918);
#3917 = CARTESIAN_POINT('',(8.660254037844,0.));
#3918 = VECTOR('',#3919,1.);
#3919 = DIRECTION('',(0.,-1.));
#3920 = ( GEOMETRIC_REPRESENTATION_CONTEXT(2) 
PARAMETRIC_REPRESENTATION_CONTEXT() REPRESENTATION_CONTEXT('2D SPACE',''
  ) );
#3921 = PCURVE('',#3369,#3922);
#3922 = DEFINITIONAL_REPRESENTATION('',(#3923),#3927);
#3923 = LINE('',#3924,#3925);
#3924 = CARTESIAN_POINT('',(0.,0.));
#3925 = VECTOR('',#3926,1.);
#3926 = DIRECTION('',(0.,-1.));
#3927 = ( GEOMETRIC_REPRESENTATION_CONTEXT(2) 
PARAMETRIC_REPRESENTATION_CONTEXT() REPRESENTATION_CONTEXT('2D SPACE',''
  ) );
#3928 = ORIENTED_EDGE('',*,*,#3929,.F.);
#3929 = EDGE_CURVE('',#3876,#3907,#3930,.T.);
#3930 = SURFACE_CURVE('',#3931,(#3936,#3943),.PCURVE_S1.);
#3931 = HYPERBOLA('',#3932,2.009618943573,7.5);
#3932 = AXIS2_PLACEMENT_3D('',#3933,#3934,#3935);
#3933 = CARTESIAN_POINT('',(4.509618943573,0.,-7.5));
#3934 = DIRECTION('',(0.,0.,-1.));
#3935 = DIRECTION('',(-1.,-0.,-0.));
#3936 = PCURVE('',#3306,#3937);
#3937 = DEFINITIONAL_REPRESENTATION('',(#3938),#3942);
#3938 = HYPERBOLA('',#3939,2.009618943573,7.5);
#3939 = AXIS2_PLACEMENT_2D('',#3940,#3941);
#3940 = CARTESIAN_POINT('',(4.330127018922,2.009618943573));
#3941 = DIRECTION('',(0.,-1.));
#3942 = ( GEOMETRIC_REPRESENTATION_CONTEXT(2) 
PARAMETRIC_REPRESENTATION_CONTEXT() REPRESENTATION_CONTEXT('2D SPACE',''
  ) );
#3943 = PCURVE('',#3944,#3949);
#3944 = CONICAL_SURFACE('',#3945,12.165063509094,1.308996938953);
#3945 = AXIS2_PLACEMENT_3D('',#3946,#3947,#3948);
#3946 = CARTESIAN_POINT('',(1.249999999887,0.,0.));
#3947 = DIRECTION('',(-1.,-0.,-0.));
#3948 = DIRECTION('',(0.,1.,0.));
#3949 = DEFINITIONAL_REPRESENTATION('',(#3950),#3958);
#3950 = B_SPLINE_CURVE_WITH_KNOTS('',6,(#3951,#3952,#3953,#3954,#3955,
    #3956,#3957),.UNSPECIFIED.,.F.,.F.,(7,7),(-1.8E-16,0.646774826402),
  .PIECEWISE_BEZIER_KNOTS.);
#3951 = CARTESIAN_POINT('',(-4.712388980385,-1.250000000113));
#3952 = CARTESIAN_POINT('',(-4.820184784785,-1.250000000113));
#3953 = CARTESIAN_POINT('',(-4.927979766066,-1.221977996463));
#3954 = CARTESIAN_POINT('',(-5.03352630303,-1.165934218961));
#3955 = CARTESIAN_POINT('',(-5.134537590733,-1.080891063953));
#3956 = CARTESIAN_POINT('',(-5.229672493828,-0.964896602464));
#3957 = CARTESIAN_POINT('',(-5.318280099224,-0.814811981657));
#3958 = ( GEOMETRIC_REPRESENTATION_CONTEXT(2) 
PARAMETRIC_REPRESENTATION_CONTEXT() REPRESENTATION_CONTEXT('2D SPACE',''
  ) );
#3959 = ADVANCED_FACE('',(#3960),#3369,.T.);
#3960 = FACE_BOUND('',#3961,.T.);
#3961 = EDGE_LOOP('',(#3962,#3990,#3991,#3992,#3993,#3994));
#3962 = ORIENTED_EDGE('',*,*,#3963,.F.);
#3963 = EDGE_CURVE('',#3907,#3964,#3966,.T.);
#3964 = VERTEX_POINT('',#3965);
#3965 = CARTESIAN_POINT('',(2.5,6.49519026083,-3.750000463415));
#3966 = SURFACE_CURVE('',#3967,(#3972,#3979),.PCURVE_S1.);
#3967 = HYPERBOLA('',#3968,2.009618943573,7.5);
#3968 = AXIS2_PLACEMENT_3D('',#3969,#3970,#3971);
#3969 = CARTESIAN_POINT('',(4.509618943573,6.495190528383,-3.75));
#3970 = DIRECTION('',(0.,0.866025403784,-0.5));
#3971 = DIRECTION('',(-1.,0.,0.));
#3972 = PCURVE('',#3369,#3973);
#3973 = DEFINITIONAL_REPRESENTATION('',(#3974),#3978);
#3974 = HYPERBOLA('',#3975,2.009618943573,7.5);
#3975 = AXIS2_PLACEMENT_2D('',#3976,#3977);
#3976 = CARTESIAN_POINT('',(4.330127018922,2.009618943573));
#3977 = DIRECTION('',(0.,-1.));
#3978 = ( GEOMETRIC_REPRESENTATION_CONTEXT(2) 
PARAMETRIC_REPRESENTATION_CONTEXT() REPRESENTATION_CONTEXT('2D SPACE',''
  ) );
#3979 = PCURVE('',#3944,#3980);
#3980 = DEFINITIONAL_REPRESENTATION('',(#3981),#3989);
#3981 = B_SPLINE_CURVE_WITH_KNOTS('',6,(#3982,#3983,#3984,#3985,#3986,
    #3987,#3988),.UNSPECIFIED.,.F.,.F.,(7,7),(-0.646774826402,-6.4E-16),
  .PIECEWISE_BEZIER_KNOTS.);
#3982 = CARTESIAN_POINT('',(-5.153695412742,-0.814811981657));
#3983 = CARTESIAN_POINT('',(-5.242303018138,-0.964896602464));
#3984 = CARTESIAN_POINT('',(-5.337437921232,-1.080891063953));
#3985 = CARTESIAN_POINT('',(-5.438449208936,-1.165934218961));
#3986 = CARTESIAN_POINT('',(-5.5439957459,-1.221977996463));
#3987 = CARTESIAN_POINT('',(-5.651790727181,-1.250000000113));
#3988 = CARTESIAN_POINT('',(-5.759586531581,-1.250000000113));
#3989 = ( GEOMETRIC_REPRESENTATION_CONTEXT(2) 
PARAMETRIC_REPRESENTATION_CONTEXT() REPRESENTATION_CONTEXT('2D SPACE',''
  ) );
#3990 = ORIENTED_EDGE('',*,*,#3906,.T.);
#3991 = ORIENTED_EDGE('',*,*,#3348,.F.);
#3992 = ORIENTED_EDGE('',*,*,#3412,.F.);
#3993 = ORIENTED_EDGE('',*,*,#3531,.F.);
#3994 = ORIENTED_EDGE('',*,*,#3995,.F.);
#3995 = EDGE_CURVE('',#3964,#3497,#3996,.T.);
#3996 = SURFACE_CURVE('',#3997,(#4002,#4009),.PCURVE_S1.);
#3997 = HYPERBOLA('',#3998,2.009618943573,7.5);
#3998 = AXIS2_PLACEMENT_3D('',#3999,#4000,#4001);
#3999 = CARTESIAN_POINT('',(4.509618943573,6.495190528383,-3.75));
#4000 = DIRECTION('',(0.,0.866025403784,-0.5));
#4001 = DIRECTION('',(-1.,0.,0.));
#4002 = PCURVE('',#3369,#4003);
#4003 = DEFINITIONAL_REPRESENTATION('',(#4004),#4008);
#4004 = HYPERBOLA('',#4005,2.009618943573,7.5);
#4005 = AXIS2_PLACEMENT_2D('',#4006,#4007);
#4006 = CARTESIAN_POINT('',(4.330127018922,2.009618943573));
#4007 = DIRECTION('',(0.,-1.));
#4008 = ( GEOMETRIC_REPRESENTATION_CONTEXT(2) 
PARAMETRIC_REPRESENTATION_CONTEXT() REPRESENTATION_CONTEXT('2D SPACE',''
  ) );
#4009 = PCURVE('',#4010,#4015);
#4010 = CONICAL_SURFACE('',#4011,12.165063509094,1.308996938953);
#4011 = AXIS2_PLACEMENT_3D('',#4012,#4013,#4014);
#4012 = CARTESIAN_POINT('',(1.249999999887,0.,0.));
#4013 = DIRECTION('',(-1.,-0.,-0.));
#4014 = DIRECTION('',(0.,1.,0.));
#4015 = DEFINITIONAL_REPRESENTATION('',(#4016),#4024);
#4016 = B_SPLINE_CURVE_WITH_KNOTS('',6,(#4017,#4018,#4019,#4020,#4021,
    #4022,#4023),.UNSPECIFIED.,.F.,.F.,(7,7),(-6.4E-16,0.549306144334),
  .PIECEWISE_BEZIER_KNOTS.);
#4017 = CARTESIAN_POINT('',(-5.759586531581,-1.250000000113));
#4018 = CARTESIAN_POINT('',(-5.851137555637,-1.250000000113));
#4019 = CARTESIAN_POINT('',(-5.942688152564,-1.229787428824));
#4020 = CARTESIAN_POINT('',(-6.032860497479,-1.189362348144));
#4021 = CARTESIAN_POINT('',(-6.120259317996,-1.12821631218));
#4022 = CARTESIAN_POINT('',(-6.203899794605,-1.045333312952));
#4023 = CARTESIAN_POINT('',(-6.28318530718,-0.939110867605));
#4024 = ( GEOMETRIC_REPRESENTATION_CONTEXT(2) 
PARAMETRIC_REPRESENTATION_CONTEXT() REPRESENTATION_CONTEXT('2D SPACE',''
  ) );
#4025 = ADVANCED_FACE('',(#4026),#3479,.F.);
#4026 = FACE_BOUND('',#4027,.F.);
#4027 = EDGE_LOOP('',(#4028,#4051,#4052,#4053));
#4028 = ORIENTED_EDGE('',*,*,#4029,.F.);
#4029 = EDGE_CURVE('',#3442,#4030,#4032,.T.);
#4030 = VERTEX_POINT('',#4031);
#4031 = CARTESIAN_POINT('',(2.5,6.25,0.));
#4032 = SEAM_CURVE('',#4033,(#4037,#4044),.PCURVE_S1.);
#4033 = LINE('',#4034,#4035);
#4034 = CARTESIAN_POINT('',(2.25,6.,0.));
#4035 = VECTOR('',#4036,1.);
#4036 = DIRECTION('',(0.707106781187,0.707106781187,0.));
#4037 = PCURVE('',#3479,#4038);
#4038 = DEFINITIONAL_REPRESENTATION('',(#4039),#4043);
#4039 = LINE('',#4040,#4041);
#4040 = CARTESIAN_POINT('',(0.,0.));
#4041 = VECTOR('',#4042,1.);
#4042 = DIRECTION('',(0.,1.));
#4043 = ( GEOMETRIC_REPRESENTATION_CONTEXT(2) 
PARAMETRIC_REPRESENTATION_CONTEXT() REPRESENTATION_CONTEXT('2D SPACE',''
  ) );
#4044 = PCURVE('',#3479,#4045);
#4045 = DEFINITIONAL_REPRESENTATION('',(#4046),#4050);
#4046 = LINE('',#4047,#4048);
#4047 = CARTESIAN_POINT('',(6.28318530718,0.));
#4048 = VECTOR('',#4049,1.);
#4049 = DIRECTION('',(0.,1.));
#4050 = ( GEOMETRIC_REPRESENTATION_CONTEXT(2) 
PARAMETRIC_REPRESENTATION_CONTEXT() REPRESENTATION_CONTEXT('2D SPACE',''
  ) );
#4051 = ORIENTED_EDGE('',*,*,#3464,.T.);
#4052 = ORIENTED_EDGE('',*,*,#4029,.T.);
#4053 = ORIENTED_EDGE('',*,*,#4054,.F.);
#4054 = EDGE_CURVE('',#4030,#4030,#4055,.T.);
#4055 = SURFACE_CURVE('',#4056,(#4061,#4068),.PCURVE_S1.);
#4056 = CIRCLE('',#4057,6.25);
#4057 = AXIS2_PLACEMENT_3D('',#4058,#4059,#4060);
#4058 = CARTESIAN_POINT('',(2.5,0.,0.));
#4059 = DIRECTION('',(1.,0.,0.));
#4060 = DIRECTION('',(-0.,1.,0.));
#4061 = PCURVE('',#3479,#4062);
#4062 = DEFINITIONAL_REPRESENTATION('',(#4063),#4067);
#4063 = LINE('',#4064,#4065);
#4064 = CARTESIAN_POINT('',(0.,0.25));
#4065 = VECTOR('',#4066,1.);
#4066 = DIRECTION('',(1.,0.));
#4067 = ( GEOMETRIC_REPRESENTATION_CONTEXT(2) 
PARAMETRIC_REPRESENTATION_CONTEXT() REPRESENTATION_CONTEXT('2D SPACE',''
  ) );
#4068 = PCURVE('',#4069,#4074);
#4069 = PLANE('',#4070);
#4070 = AXIS2_PLACEMENT_3D('',#4071,#4072,#4073);
#4071 = CARTESIAN_POINT('',(2.5,0.,0.));
#4072 = DIRECTION('',(1.,0.,0.));
#4073 = DIRECTION('',(0.,1.,0.));
#4074 = DEFINITIONAL_REPRESENTATION('',(#4075),#4079);
#4075 = CIRCLE('',#4076,6.25);
#4076 = AXIS2_PLACEMENT_2D('',#4077,#4078);
#4077 = CARTESIAN_POINT('',(0.,0.));
#4078 = DIRECTION('',(1.,0.));
#4079 = ( GEOMETRIC_REPRESENTATION_CONTEXT(2) 
PARAMETRIC_REPRESENTATION_CONTEXT() REPRESENTATION_CONTEXT('2D SPACE',''
  ) );
#4080 = ADVANCED_FACE('',(#4081),#3515,.T.);
#4081 = FACE_BOUND('',#4082,.T.);
#4082 = EDGE_LOOP('',(#4083,#4106,#4107));
#4083 = ORIENTED_EDGE('',*,*,#4084,.F.);
#4084 = EDGE_CURVE('',#3497,#4085,#4087,.T.);
#4085 = VERTEX_POINT('',#4086);
#4086 = CARTESIAN_POINT('',(2.5,7.5,0.));
#4087 = SURFACE_CURVE('',#4088,(#4092,#4099),.PCURVE_S1.);
#4088 = LINE('',#4089,#4090);
#4089 = CARTESIAN_POINT('',(1.249999999887,12.165063509094,0.));
#4090 = VECTOR('',#4091,1.);
#4091 = DIRECTION('',(0.258819045143,-0.965925826278,0.));
#4092 = PCURVE('',#3515,#4093);
#4093 = DEFINITIONAL_REPRESENTATION('',(#4094),#4098);
#4094 = LINE('',#4095,#4096);
#4095 = CARTESIAN_POINT('',(-0.,-0.));
#4096 = VECTOR('',#4097,1.);
#4097 = DIRECTION('',(-0.,-1.));
#4098 = ( GEOMETRIC_REPRESENTATION_CONTEXT(2) 
PARAMETRIC_REPRESENTATION_CONTEXT() REPRESENTATION_CONTEXT('2D SPACE',''
  ) );
#4099 = PCURVE('',#4010,#4100);
#4100 = DEFINITIONAL_REPRESENTATION('',(#4101),#4105);
#4101 = LINE('',#4102,#4103);
#4102 = CARTESIAN_POINT('',(-6.28318530718,-0.));
#4103 = VECTOR('',#4104,1.);
#4104 = DIRECTION('',(-0.,-1.));
#4105 = ( GEOMETRIC_REPRESENTATION_CONTEXT(2) 
PARAMETRIC_REPRESENTATION_CONTEXT() REPRESENTATION_CONTEXT('2D SPACE',''
  ) );
#4106 = ORIENTED_EDGE('',*,*,#3496,.T.);
#4107 = ORIENTED_EDGE('',*,*,#4108,.F.);
#4108 = EDGE_CURVE('',#4085,#3499,#4109,.T.);
#4109 = SURFACE_CURVE('',#4110,(#4115,#4122),.PCURVE_S1.);
#4110 = CIRCLE('',#4111,7.5);
#4111 = AXIS2_PLACEMENT_3D('',#4112,#4113,#4114);
#4112 = CARTESIAN_POINT('',(2.5,0.,0.));
#4113 = DIRECTION('',(1.,0.,0.));
#4114 = DIRECTION('',(0.,1.,0.));
#4115 = PCURVE('',#3515,#4116);
#4116 = DEFINITIONAL_REPRESENTATION('',(#4117),#4121);
#4117 = LINE('',#4118,#4119);
#4118 = CARTESIAN_POINT('',(-0.,-1.250000000113));
#4119 = VECTOR('',#4120,1.);
#4120 = DIRECTION('',(-1.,-0.));
#4121 = ( GEOMETRIC_REPRESENTATION_CONTEXT(2) 
PARAMETRIC_REPRESENTATION_CONTEXT() REPRESENTATION_CONTEXT('2D SPACE',''
  ) );
#4122 = PCURVE('',#4069,#4123);
#4123 = DEFINITIONAL_REPRESENTATION('',(#4124),#4128);
#4124 = CIRCLE('',#4125,7.5);
#4125 = AXIS2_PLACEMENT_2D('',#4126,#4127);
#4126 = CARTESIAN_POINT('',(0.,0.));
#4127 = DIRECTION('',(1.,0.));
#4128 = ( GEOMETRIC_REPRESENTATION_CONTEXT(2) 
PARAMETRIC_REPRESENTATION_CONTEXT() REPRESENTATION_CONTEXT('2D SPACE',''
  ) );
#4129 = ADVANCED_FACE('',(#4130),#3592,.T.);
#4130 = FACE_BOUND('',#4131,.T.);
#4131 = EDGE_LOOP('',(#4132,#4154,#4155));
#4132 = ORIENTED_EDGE('',*,*,#4133,.F.);
#4133 = EDGE_CURVE('',#3499,#3612,#4134,.T.);
#4134 = SURFACE_CURVE('',#4135,(#4140,#4147),.PCURVE_S1.);
#4135 = CIRCLE('',#4136,7.5);
#4136 = AXIS2_PLACEMENT_3D('',#4137,#4138,#4139);
#4137 = CARTESIAN_POINT('',(2.5,0.,0.));
#4138 = DIRECTION('',(1.,0.,0.));
#4139 = DIRECTION('',(0.,1.,0.));
#4140 = PCURVE('',#3592,#4141);
#4141 = DEFINITIONAL_REPRESENTATION('',(#4142),#4146);
#4142 = LINE('',#4143,#4144);
#4143 = CARTESIAN_POINT('',(-0.,-1.250000000113));
#4144 = VECTOR('',#4145,1.);
#4145 = DIRECTION('',(-1.,-0.));
#4146 = ( GEOMETRIC_REPRESENTATION_CONTEXT(2) 
PARAMETRIC_REPRESENTATION_CONTEXT() REPRESENTATION_CONTEXT('2D SPACE',''
  ) );
#4147 = PCURVE('',#4069,#4148);
#4148 = DEFINITIONAL_REPRESENTATION('',(#4149),#4153);
#4149 = CIRCLE('',#4150,7.5);
#4150 = AXIS2_PLACEMENT_2D('',#4151,#4152);
#4151 = CARTESIAN_POINT('',(0.,0.));
#4152 = DIRECTION('',(1.,0.));
#4153 = ( GEOMETRIC_REPRESENTATION_CONTEXT(2) 
PARAMETRIC_REPRESENTATION_CONTEXT() REPRESENTATION_CONTEXT('2D SPACE',''
  ) );
#4154 = ORIENTED_EDGE('',*,*,#3577,.T.);
#4155 = ORIENTED_EDGE('',*,*,#3611,.T.);
#4156 = ADVANCED_FACE('',(#4157),#3680,.T.);
#4157 = FACE_BOUND('',#4158,.T.);
#4158 = EDGE_LOOP('',(#4159,#4181,#4182));
#4159 = ORIENTED_EDGE('',*,*,#4160,.F.);
#4160 = EDGE_CURVE('',#3612,#3700,#4161,.T.);
#4161 = SURFACE_CURVE('',#4162,(#4167,#4174),.PCURVE_S1.);
#4162 = CIRCLE('',#4163,7.5);
#4163 = AXIS2_PLACEMENT_3D('',#4164,#4165,#4166);
#4164 = CARTESIAN_POINT('',(2.5,0.,0.));
#4165 = DIRECTION('',(1.,0.,0.));
#4166 = DIRECTION('',(0.,1.,0.));
#4167 = PCURVE('',#3680,#4168);
#4168 = DEFINITIONAL_REPRESENTATION('',(#4169),#4173);
#4169 = LINE('',#4170,#4171);
#4170 = CARTESIAN_POINT('',(-0.,-1.250000000113));
#4171 = VECTOR('',#4172,1.);
#4172 = DIRECTION('',(-1.,-0.));
#4173 = ( GEOMETRIC_REPRESENTATION_CONTEXT(2) 
PARAMETRIC_REPRESENTATION_CONTEXT() REPRESENTATION_CONTEXT('2D SPACE',''
  ) );
#4174 = PCURVE('',#4069,#4175);
#4175 = DEFINITIONAL_REPRESENTATION('',(#4176),#4180);
#4176 = CIRCLE('',#4177,7.5);
#4177 = AXIS2_PLACEMENT_2D('',#4178,#4179);
#4178 = CARTESIAN_POINT('',(0.,0.));
#4179 = DIRECTION('',(1.,0.));
#4180 = ( GEOMETRIC_REPRESENTATION_CONTEXT(2) 
PARAMETRIC_REPRESENTATION_CONTEXT() REPRESENTATION_CONTEXT('2D SPACE',''
  ) );
#4181 = ORIENTED_EDGE('',*,*,#3665,.T.);
#4182 = ORIENTED_EDGE('',*,*,#3699,.T.);
#4183 = ADVANCED_FACE('',(#4184),#3768,.T.);
#4184 = FACE_BOUND('',#4185,.T.);
#4185 = EDGE_LOOP('',(#4186,#4208,#4209));
#4186 = ORIENTED_EDGE('',*,*,#4187,.F.);
#4187 = EDGE_CURVE('',#3700,#3788,#4188,.T.);
#4188 = SURFACE_CURVE('',#4189,(#4194,#4201),.PCURVE_S1.);
#4189 = CIRCLE('',#4190,7.5);
#4190 = AXIS2_PLACEMENT_3D('',#4191,#4192,#4193);
#4191 = CARTESIAN_POINT('',(2.5,0.,0.));
#4192 = DIRECTION('',(1.,0.,0.));
#4193 = DIRECTION('',(0.,1.,0.));
#4194 = PCURVE('',#3768,#4195);
#4195 = DEFINITIONAL_REPRESENTATION('',(#4196),#4200);
#4196 = LINE('',#4197,#4198);
#4197 = CARTESIAN_POINT('',(-0.,-1.250000000113));
#4198 = VECTOR('',#4199,1.);
#4199 = DIRECTION('',(-1.,-0.));
#4200 = ( GEOMETRIC_REPRESENTATION_CONTEXT(2) 
PARAMETRIC_REPRESENTATION_CONTEXT() REPRESENTATION_CONTEXT('2D SPACE',''
  ) );
#4201 = PCURVE('',#4069,#4202);
#4202 = DEFINITIONAL_REPRESENTATION('',(#4203),#4207);
#4203 = CIRCLE('',#4204,7.5);
#4204 = AXIS2_PLACEMENT_2D('',#4205,#4206);
#4205 = CARTESIAN_POINT('',(0.,0.));
#4206 = DIRECTION('',(1.,0.));
#4207 = ( GEOMETRIC_REPRESENTATION_CONTEXT(2) 
PARAMETRIC_REPRESENTATION_CONTEXT() REPRESENTATION_CONTEXT('2D SPACE',''
  ) );
#4208 = ORIENTED_EDGE('',*,*,#3753,.T.);
#4209 = ORIENTED_EDGE('',*,*,#3787,.T.);
#4210 = ADVANCED_FACE('',(#4211),#3856,.T.);
#4211 = FACE_BOUND('',#4212,.T.);
#4212 = EDGE_LOOP('',(#4213,#4214,#4236));
#4213 = ORIENTED_EDGE('',*,*,#3875,.T.);
#4214 = ORIENTED_EDGE('',*,*,#4215,.F.);
#4215 = EDGE_CURVE('',#3788,#3876,#4216,.T.);
#4216 = SURFACE_CURVE('',#4217,(#4222,#4229),.PCURVE_S1.);
#4217 = CIRCLE('',#4218,7.5);
#4218 = AXIS2_PLACEMENT_3D('',#4219,#4220,#4221);
#4219 = CARTESIAN_POINT('',(2.5,0.,0.));
#4220 = DIRECTION('',(1.,0.,0.));
#4221 = DIRECTION('',(0.,1.,0.));
#4222 = PCURVE('',#3856,#4223);
#4223 = DEFINITIONAL_REPRESENTATION('',(#4224),#4228);
#4224 = LINE('',#4225,#4226);
#4225 = CARTESIAN_POINT('',(-0.,-1.250000000113));
#4226 = VECTOR('',#4227,1.);
#4227 = DIRECTION('',(-1.,-0.));
#4228 = ( GEOMETRIC_REPRESENTATION_CONTEXT(2) 
PARAMETRIC_REPRESENTATION_CONTEXT() REPRESENTATION_CONTEXT('2D SPACE',''
  ) );
#4229 = PCURVE('',#4069,#4230);
#4230 = DEFINITIONAL_REPRESENTATION('',(#4231),#4235);
#4231 = CIRCLE('',#4232,7.5);
#4232 = AXIS2_PLACEMENT_2D('',#4233,#4234);
#4233 = CARTESIAN_POINT('',(0.,0.));
#4234 = DIRECTION('',(1.,0.));
#4235 = ( GEOMETRIC_REPRESENTATION_CONTEXT(2) 
PARAMETRIC_REPRESENTATION_CONTEXT() REPRESENTATION_CONTEXT('2D SPACE',''
  ) );
#4236 = ORIENTED_EDGE('',*,*,#3841,.T.);
#4237 = ADVANCED_FACE('',(#4238),#3944,.T.);
#4238 = FACE_BOUND('',#4239,.T.);
#4239 = EDGE_LOOP('',(#4240,#4241,#4263));
#4240 = ORIENTED_EDGE('',*,*,#3963,.T.);
#4241 = ORIENTED_EDGE('',*,*,#4242,.F.);
#4242 = EDGE_CURVE('',#3876,#3964,#4243,.T.);
#4243 = SURFACE_CURVE('',#4244,(#4249,#4256),.PCURVE_S1.);
#4244 = CIRCLE('',#4245,7.5);
#4245 = AXIS2_PLACEMENT_3D('',#4246,#4247,#4248);
#4246 = CARTESIAN_POINT('',(2.5,0.,0.));
#4247 = DIRECTION('',(1.,0.,0.));
#4248 = DIRECTION('',(0.,1.,0.));
#4249 = PCURVE('',#3944,#4250);
#4250 = DEFINITIONAL_REPRESENTATION('',(#4251),#4255);
#4251 = LINE('',#4252,#4253);
#4252 = CARTESIAN_POINT('',(-0.,-1.250000000113));
#4253 = VECTOR('',#4254,1.);
#4254 = DIRECTION('',(-1.,-0.));
#4255 = ( GEOMETRIC_REPRESENTATION_CONTEXT(2) 
PARAMETRIC_REPRESENTATION_CONTEXT() REPRESENTATION_CONTEXT('2D SPACE',''
  ) );
#4256 = PCURVE('',#4069,#4257);
#4257 = DEFINITIONAL_REPRESENTATION('',(#4258),#4262);
#4258 = CIRCLE('',#4259,7.5);
#4259 = AXIS2_PLACEMENT_2D('',#4260,#4261);
#4260 = CARTESIAN_POINT('',(0.,0.));
#4261 = DIRECTION('',(1.,0.));
#4262 = ( GEOMETRIC_REPRESENTATION_CONTEXT(2) 
PARAMETRIC_REPRESENTATION_CONTEXT() REPRESENTATION_CONTEXT('2D SPACE',''
  ) );
#4263 = ORIENTED_EDGE('',*,*,#3929,.T.);
#4264 = ADVANCED_FACE('',(#4265),#4010,.T.);
#4265 = FACE_BOUND('',#4266,.T.);
#4266 = EDGE_LOOP('',(#4267,#4268,#4269));
#4267 = ORIENTED_EDGE('',*,*,#3995,.T.);
#4268 = ORIENTED_EDGE('',*,*,#4084,.T.);
#4269 = ORIENTED_EDGE('',*,*,#4270,.F.);
#4270 = EDGE_CURVE('',#3964,#4085,#4271,.T.);
#4271 = SURFACE_CURVE('',#4272,(#4277,#4284),.PCURVE_S1.);
#4272 = CIRCLE('',#4273,7.5);
#4273 = AXIS2_PLACEMENT_3D('',#4274,#4275,#4276);
#4274 = CARTESIAN_POINT('',(2.5,0.,0.));
#4275 = DIRECTION('',(1.,0.,0.));
#4276 = DIRECTION('',(0.,1.,0.));
#4277 = PCURVE('',#4010,#4278);
#4278 = DEFINITIONAL_REPRESENTATION('',(#4279),#4283);
#4279 = LINE('',#4280,#4281);
#4280 = CARTESIAN_POINT('',(-0.,-1.250000000113));
#4281 = VECTOR('',#4282,1.);
#4282 = DIRECTION('',(-1.,-0.));
#4283 = ( GEOMETRIC_REPRESENTATION_CONTEXT(2) 
PARAMETRIC_REPRESENTATION_CONTEXT() REPRESENTATION_CONTEXT('2D SPACE',''
  ) );
#4284 = PCURVE('',#4069,#4285);
#4285 = DEFINITIONAL_REPRESENTATION('',(#4286),#4290);
#4286 = CIRCLE('',#4287,7.5);
#4287 = AXIS2_PLACEMENT_2D('',#4288,#4289);
#4288 = CARTESIAN_POINT('',(0.,0.));
#4289 = DIRECTION('',(1.,0.));
#4290 = ( GEOMETRIC_REPRESENTATION_CONTEXT(2) 
PARAMETRIC_REPRESENTATION_CONTEXT() REPRESENTATION_CONTEXT('2D SPACE',''
  ) );
#4291 = ADVANCED_FACE('',(#4292,#4295),#4069,.T.);
#4292 = FACE_BOUND('',#4293,.T.);
#4293 = EDGE_LOOP('',(#4294));
#4294 = ORIENTED_EDGE('',*,*,#4054,.F.);
#4295 = FACE_BOUND('',#4296,.T.);
#4296 = EDGE_LOOP('',(#4297,#4298,#4299,#4300,#4301,#4302,#4303));
#4297 = ORIENTED_EDGE('',*,*,#4108,.T.);
#4298 = ORIENTED_EDGE('',*,*,#4133,.T.);
#4299 = ORIENTED_EDGE('',*,*,#4160,.T.);
#4300 = ORIENTED_EDGE('',*,*,#4187,.T.);
#4301 = ORIENTED_EDGE('',*,*,#4215,.T.);
#4302 = ORIENTED_EDGE('',*,*,#4242,.T.);
#4303 = ORIENTED_EDGE('',*,*,#4270,.T.);
#4304 = ( GEOMETRIC_REPRESENTATION_CONTEXT(3) 
GLOBAL_UNCERTAINTY_ASSIGNED_CONTEXT((#4308)) 
GLOBAL_UNIT_ASSIGNED_CONTEXT((#4305,#4306,#4307)) REPRESENTATION_CONTEXT
('Context #1','3D Context with UNIT and UNCERTAINTY') );
#4305 = ( LENGTH_UNIT() NAMED_UNIT(*) SI_UNIT(.MILLI.,.METRE.) );
#4306 = ( NAMED_UNIT(*) PLANE_ANGLE_UNIT() SI_UNIT($,.RADIAN.) );
#4307 = ( NAMED_UNIT(*) SI_UNIT($,.STERADIAN.) SOLID_ANGLE_UNIT() );
#4308 = UNCERTAINTY_MEASURE_WITH_UNIT(LENGTH_MEASURE(2.E-07),#4305,
  'distance_accuracy_value','confusion accuracy');
#4309 = CONTEXT_DEPENDENT_SHAPE_REPRESENTATION(#4310,#4312);
#4310 = ( REPRESENTATION_RELATIONSHIP('','',#2733,#10) 
REPRESENTATION_RELATIONSHIP_WITH_TRANSFORMATION(#4311) 
SHAPE_REPRESENTATION_RELATIONSHIP() );
#4311 = ITEM_DEFINED_TRANSFORMATION('','',#11,#19);
#4312 = PRODUCT_DEFINITION_SHAPE('Placement','Placement of an item',
  #4313);
#4313 = NEXT_ASSEMBLY_USAGE_OCCURRENCE('78','Body001','',#5,#2728,$);
#4314 = PRODUCT_RELATED_PRODUCT_CATEGORY('part',$,(#2730));
#4315 = SHAPE_DEFINITION_REPRESENTATION(#4316,#4322);
#4316 = PRODUCT_DEFINITION_SHAPE('','',#4317);
#4317 = PRODUCT_DEFINITION('design','',#4318,#4321);
#4318 = PRODUCT_DEFINITION_FORMATION('','',#4319);
#4319 = PRODUCT('Body002','Body002','',(#4320));
#4320 = PRODUCT_CONTEXT('',#2,'mechanical');
#4321 = PRODUCT_DEFINITION_CONTEXT('part definition',#2,'design');
#4322 = ADVANCED_BREP_SHAPE_REPRESENTATION('',(#11,#4323),#5329);
#4323 = MANIFOLD_SOLID_BREP('',#4324);
#4324 = CLOSED_SHELL('',(#4325,#4447,#4556,#4688,#4925,#4953,#4981,#5167
    ,#5194,#5221,#5248,#5275,#5302));
#4325 = ADVANCED_FACE('',(#4326),#4341,.T.);
#4326 = FACE_BOUND('',#4327,.T.);
#4327 = EDGE_LOOP('',(#4328,#4364,#4392,#4421));
#4328 = ORIENTED_EDGE('',*,*,#4329,.F.);
#4329 = EDGE_CURVE('',#4330,#4332,#4334,.T.);
#4330 = VERTEX_POINT('',#4331);
#4331 = CARTESIAN_POINT('',(8.25,4.8,0.));
#4332 = VERTEX_POINT('',#4333);
#4333 = CARTESIAN_POINT('',(8.25,-4.741223404255,0.748866230339));
#4334 = SURFACE_CURVE('',#4335,(#4340,#4352),.PCURVE_S1.);
#4335 = CIRCLE('',#4336,4.8);
#4336 = AXIS2_PLACEMENT_3D('',#4337,#4338,#4339);
#4337 = CARTESIAN_POINT('',(8.25,0.,0.));
#4338 = DIRECTION('',(1.,0.,0.));
#4339 = DIRECTION('',(0.,1.,0.));
#4340 = PCURVE('',#4341,#4346);
#4341 = CYLINDRICAL_SURFACE('',#4342,4.8);
#4342 = AXIS2_PLACEMENT_3D('',#4343,#4344,#4345);
#4343 = CARTESIAN_POINT('',(3.6,0.,0.));
#4344 = DIRECTION('',(1.,0.,0.));
#4345 = DIRECTION('',(0.,1.,0.));
#4346 = DEFINITIONAL_REPRESENTATION('',(#4347),#4351);
#4347 = LINE('',#4348,#4349);
#4348 = CARTESIAN_POINT('',(0.,4.65));
#4349 = VECTOR('',#4350,1.);
#4350 = DIRECTION('',(1.,0.));
#4351 = ( GEOMETRIC_REPRESENTATION_CONTEXT(2) 
PARAMETRIC_REPRESENTATION_CONTEXT() REPRESENTATION_CONTEXT('2D SPACE',''
  ) );
#4352 = PCURVE('',#4353,#4358);
#4353 = CONICAL_SURFACE('',#4354,4.8,0.785398163397);
#4354 = AXIS2_PLACEMENT_3D('',#4355,#4356,#4357);
#4355 = CARTESIAN_POINT('',(8.25,0.,0.));
#4356 = DIRECTION('',(-1.,-0.,-0.));
#4357 = DIRECTION('',(0.,1.,0.));
#4358 = DEFINITIONAL_REPRESENTATION('',(#4359),#4363);
#4359 = LINE('',#4360,#4361);
#4360 = CARTESIAN_POINT('',(-0.,-0.));
#4361 = VECTOR('',#4362,1.);
#4362 = DIRECTION('',(-1.,-0.));
#4363 = ( GEOMETRIC_REPRESENTATION_CONTEXT(2) 
PARAMETRIC_REPRESENTATION_CONTEXT() REPRESENTATION_CONTEXT('2D SPACE',''
  ) );
#4364 = ORIENTED_EDGE('',*,*,#4365,.F.);
#4365 = EDGE_CURVE('',#4366,#4330,#4368,.T.);
#4366 = VERTEX_POINT('',#4367);
#4367 = CARTESIAN_POINT('',(3.6,4.8,0.));
#4368 = SURFACE_CURVE('',#4369,(#4373,#4380),.PCURVE_S1.);
#4369 = LINE('',#4370,#4371);
#4370 = CARTESIAN_POINT('',(3.6,4.8,0.));
#4371 = VECTOR('',#4372,1.);
#4372 = DIRECTION('',(1.,0.,0.));
#4373 = PCURVE('',#4341,#4374);
#4374 = DEFINITIONAL_REPRESENTATION('',(#4375),#4379);
#4375 = LINE('',#4376,#4377);
#4376 = CARTESIAN_POINT('',(0.,0.));
#4377 = VECTOR('',#4378,1.);
#4378 = DIRECTION('',(0.,1.));
#4379 = ( GEOMETRIC_REPRESENTATION_CONTEXT(2) 
PARAMETRIC_REPRESENTATION_CONTEXT() REPRESENTATION_CONTEXT('2D SPACE',''
  ) );
#4380 = PCURVE('',#4381,#4386);
#4381 = CYLINDRICAL_SURFACE('',#4382,4.8);
#4382 = AXIS2_PLACEMENT_3D('',#4383,#4384,#4385);
#4383 = CARTESIAN_POINT('',(3.6,0.,0.));
#4384 = DIRECTION('',(1.,0.,0.));
#4385 = DIRECTION('',(0.,1.,0.));
#4386 = DEFINITIONAL_REPRESENTATION('',(#4387),#4391);
#4387 = LINE('',#4388,#4389);
#4388 = CARTESIAN_POINT('',(6.28318530718,0.));
#4389 = VECTOR('',#4390,1.);
#4390 = DIRECTION('',(0.,1.));
#4391 = ( GEOMETRIC_REPRESENTATION_CONTEXT(2) 
PARAMETRIC_REPRESENTATION_CONTEXT() REPRESENTATION_CONTEXT('2D SPACE',''
  ) );
#4392 = ORIENTED_EDGE('',*,*,#4393,.T.);
#4393 = EDGE_CURVE('',#4366,#4394,#4396,.T.);
#4394 = VERTEX_POINT('',#4395);
#4395 = CARTESIAN_POINT('',(3.6,-4.741223404255,0.748866230338));
#4396 = SURFACE_CURVE('',#4397,(#4402,#4409),.PCURVE_S1.);
#4397 = CIRCLE('',#4398,4.8);
#4398 = AXIS2_PLACEMENT_3D('',#4399,#4400,#4401);
#4399 = CARTESIAN_POINT('',(3.6,0.,0.));
#4400 = DIRECTION('',(1.,0.,0.));
#4401 = DIRECTION('',(0.,1.,0.));
#4402 = PCURVE('',#4341,#4403);
#4403 = DEFINITIONAL_REPRESENTATION('',(#4404),#4408);
#4404 = LINE('',#4405,#4406);
#4405 = CARTESIAN_POINT('',(0.,0.));
#4406 = VECTOR('',#4407,1.);
#4407 = DIRECTION('',(1.,0.));
#4408 = ( GEOMETRIC_REPRESENTATION_CONTEXT(2) 
PARAMETRIC_REPRESENTATION_CONTEXT() REPRESENTATION_CONTEXT('2D SPACE',''
  ) );
#4409 = PCURVE('',#4410,#4415);
#4410 = PLANE('',#4411);
#4411 = AXIS2_PLACEMENT_3D('',#4412,#4413,#4414);
#4412 = CARTESIAN_POINT('',(3.6,0.,0.));
#4413 = DIRECTION('',(1.,0.,0.));
#4414 = DIRECTION('',(0.,1.,0.));
#4415 = DEFINITIONAL_REPRESENTATION('',(#4416),#4420);
#4416 = CIRCLE('',#4417,4.8);
#4417 = AXIS2_PLACEMENT_2D('',#4418,#4419);
#4418 = CARTESIAN_POINT('',(0.,0.));
#4419 = DIRECTION('',(1.,-0.));
#4420 = ( GEOMETRIC_REPRESENTATION_CONTEXT(2) 
PARAMETRIC_REPRESENTATION_CONTEXT() REPRESENTATION_CONTEXT('2D SPACE',''
  ) );
#4421 = ORIENTED_EDGE('',*,*,#4422,.T.);
#4422 = EDGE_CURVE('',#4394,#4332,#4423,.T.);
#4423 = SURFACE_CURVE('',#4424,(#4428,#4435),.PCURVE_S1.);
#4424 = LINE('',#4425,#4426);
#4425 = CARTESIAN_POINT('',(3.6,-4.741223404255,0.748866230339));
#4426 = VECTOR('',#4427,1.);
#4427 = DIRECTION('',(1.,0.,0.));
#4428 = PCURVE('',#4341,#4429);
#4429 = DEFINITIONAL_REPRESENTATION('',(#4430),#4434);
#4430 = LINE('',#4431,#4432);
#4431 = CARTESIAN_POINT('',(2.984938917279,0.));
#4432 = VECTOR('',#4433,1.);
#4433 = DIRECTION('',(0.,1.));
#4434 = ( GEOMETRIC_REPRESENTATION_CONTEXT(2) 
PARAMETRIC_REPRESENTATION_CONTEXT() REPRESENTATION_CONTEXT('2D SPACE',''
  ) );
#4435 = PCURVE('',#4436,#4441);
#4436 = CYLINDRICAL_SURFACE('',#4437,0.75);
#4437 = AXIS2_PLACEMENT_3D('',#4438,#4439,#4440);
#4438 = CARTESIAN_POINT('',(3.6,-4.7,0.));
#4439 = DIRECTION('',(-1.,0.,0.));
#4440 = DIRECTION('',(0.,-1.,0.));
#4441 = DEFINITIONAL_REPRESENTATION('',(#4442),#4446);
#4442 = LINE('',#4443,#4444);
#4443 = CARTESIAN_POINT('',(1.515804074529,0.));
#4444 = VECTOR('',#4445,1.);
#4445 = DIRECTION('',(0.,-1.));
#4446 = ( GEOMETRIC_REPRESENTATION_CONTEXT(2) 
PARAMETRIC_REPRESENTATION_CONTEXT() REPRESENTATION_CONTEXT('2D SPACE',''
  ) );
#4447 = ADVANCED_FACE('',(#4448),#4353,.T.);
#4448 = FACE_BOUND('',#4449,.T.);
#4449 = EDGE_LOOP('',(#4450,#4478,#4479,#4529));
#4450 = ORIENTED_EDGE('',*,*,#4451,.F.);
#4451 = EDGE_CURVE('',#4330,#4452,#4454,.T.);
#4452 = VERTEX_POINT('',#4453);
#4453 = CARTESIAN_POINT('',(8.75,4.3,0.));
#4454 = SURFACE_CURVE('',#4455,(#4459,#4466),.PCURVE_S1.);
#4455 = LINE('',#4456,#4457);
#4456 = CARTESIAN_POINT('',(8.25,4.8,0.));
#4457 = VECTOR('',#4458,1.);
#4458 = DIRECTION('',(0.707106781187,-0.707106781187,0.));
#4459 = PCURVE('',#4353,#4460);
#4460 = DEFINITIONAL_REPRESENTATION('',(#4461),#4465);
#4461 = LINE('',#4462,#4463);
#4462 = CARTESIAN_POINT('',(-0.,-0.));
#4463 = VECTOR('',#4464,1.);
#4464 = DIRECTION('',(-0.,-1.));
#4465 = ( GEOMETRIC_REPRESENTATION_CONTEXT(2) 
PARAMETRIC_REPRESENTATION_CONTEXT() REPRESENTATION_CONTEXT('2D SPACE',''
  ) );
#4466 = PCURVE('',#4467,#4472);
#4467 = CONICAL_SURFACE('',#4468,4.8,0.785398163397);
#4468 = AXIS2_PLACEMENT_3D('',#4469,#4470,#4471);
#4469 = CARTESIAN_POINT('',(8.25,0.,0.));
#4470 = DIRECTION('',(-1.,-0.,-0.));
#4471 = DIRECTION('',(0.,1.,0.));
#4472 = DEFINITIONAL_REPRESENTATION('',(#4473),#4477);
#4473 = LINE('',#4474,#4475);
#4474 = CARTESIAN_POINT('',(-6.28318530718,-0.));
#4475 = VECTOR('',#4476,1.);
#4476 = DIRECTION('',(-0.,-1.));
#4477 = ( GEOMETRIC_REPRESENTATION_CONTEXT(2) 
PARAMETRIC_REPRESENTATION_CONTEXT() REPRESENTATION_CONTEXT('2D SPACE',''
  ) );
#4478 = ORIENTED_EDGE('',*,*,#4329,.T.);
#4479 = ORIENTED_EDGE('',*,*,#4480,.T.);
#4480 = EDGE_CURVE('',#4332,#4481,#4483,.T.);
#4481 = VERTEX_POINT('',#4482);
#4482 = CARTESIAN_POINT('',(8.75,-4.257180851064,0.60531909051));
#4483 = SURFACE_CURVE('',#4484,(#4497,#4513),.PCURVE_S1.);
#4484 = B_SPLINE_CURVE_WITH_KNOTS('',6,(#4485,#4486,#4487,#4488,#4489,
    #4490,#4491,#4492,#4493,#4494,#4495,#4496),.UNSPECIFIED.,.F.,.F.,(7,
    5,7),(0.,0.307290803312,1.),.UNSPECIFIED.);
#4485 = CARTESIAN_POINT('',(8.25,-4.741223404255,0.748866230339));
#4486 = CARTESIAN_POINT('',(8.275689675495,-4.71498713992,0.750310477772
    ));
#4487 = CARTESIAN_POINT('',(8.301475022083,-4.688821670363,
    0.750644488904));
#4488 = CARTESIAN_POINT('',(8.327332122922,-4.66275376898,0.749887504035
    ));
#4489 = CARTESIAN_POINT('',(8.353237934366,-4.636808302328,
    0.748053925212));
#4490 = CARTESIAN_POINT('',(8.379169782902,-4.611008754109,0.74515315058
    ));
#4491 = CARTESIAN_POINT('',(8.463568921809,-4.527599147736,0.73225415781
    ));
#4492 = CARTESIAN_POINT('',(8.522027052239,-4.470699054828,
    0.717920074128));
#4493 = CARTESIAN_POINT('',(8.580255641941,-4.414898431419,
    0.698240121514));
#4494 = CARTESIAN_POINT('',(8.637953075247,-4.36047169613,0.673101963091
    ));
#4495 = CARTESIAN_POINT('',(8.694735139134,-4.307742319516,
    0.642307163048));
#4496 = CARTESIAN_POINT('',(8.75,-4.257180851064,0.60531909051));
#4497 = PCURVE('',#4353,#4498);
#4498 = DEFINITIONAL_REPRESENTATION('',(#4499),#4512);
#4499 = B_SPLINE_CURVE_WITH_KNOTS('',6,(#4500,#4501,#4502,#4503,#4504,
    #4505,#4506,#4507,#4508,#4509,#4510,#4511),.UNSPECIFIED.,.F.,.F.,(7,
    5,7),(0.,0.307290803312,1.),.UNSPECIFIED.);
#4500 = CARTESIAN_POINT('',(-2.984938917279,4.454772721475E-16));
#4501 = CARTESIAN_POINT('',(-2.983788962761,-2.568967549538E-02));
#4502 = CARTESIAN_POINT('',(-2.982855004809,-5.147502208318E-02));
#4503 = CARTESIAN_POINT('',(-2.982139052617,-7.733212292229E-02));
#4504 = CARTESIAN_POINT('',(-2.981644244315,-0.103237934366));
#4505 = CARTESIAN_POINT('',(-2.981374943506,-0.129169782902));
#4506 = CARTESIAN_POINT('',(-2.981250931636,-0.213568921809));
#4507 = CARTESIAN_POINT('',(-2.982340047539,-0.272027052239));
#4508 = CARTESIAN_POINT('',(-2.984666979472,-0.330255641941));
#4509 = CARTESIAN_POINT('',(-2.988338274417,-0.387953075248));
#4510 = CARTESIAN_POINT('',(-2.993490679992,-0.444735139134));
#4511 = CARTESIAN_POINT('',(-3.000351636835,-0.5));
#4512 = ( GEOMETRIC_REPRESENTATION_CONTEXT(2) 
PARAMETRIC_REPRESENTATION_CONTEXT() REPRESENTATION_CONTEXT('2D SPACE',''
  ) );
#4513 = PCURVE('',#4436,#4514);
#4514 = DEFINITIONAL_REPRESENTATION('',(#4515),#4528);
#4515 = B_SPLINE_CURVE_WITH_KNOTS('',6,(#4516,#4517,#4518,#4519,#4520,
    #4521,#4522,#4523,#4524,#4525,#4526,#4527),.UNSPECIFIED.,.F.,.F.,(7,
    5,7),(0.,0.307290803312,1.),.UNSPECIFIED.);
#4516 = CARTESIAN_POINT('',(1.515804074529,-4.65));
#4517 = CARTESIAN_POINT('',(1.550838721937,-4.675689675495));
#4518 = CARTESIAN_POINT('',(1.585697754445,-4.701475022083));
#4519 = CARTESIAN_POINT('',(1.620424337846,-4.727332122922));
#4520 = CARTESIAN_POINT('',(1.655059973488,-4.753237934366));
#4521 = CARTESIAN_POINT('',(1.689646363189,-4.779169782902));
#4522 = CARTESIAN_POINT('',(1.80218116926,-4.863568921809));
#4523 = CARTESIAN_POINT('',(1.880078743038,-4.922027052239));
#4524 = CARTESIAN_POINT('',(1.958463248587,-4.980255641941));
#4525 = CARTESIAN_POINT('',(2.037866741604,-5.037953075248));
#4526 = CARTESIAN_POINT('',(2.118853686514,-5.094735139134));
#4527 = CARTESIAN_POINT('',(2.202382306782,-5.15));
#4528 = ( GEOMETRIC_REPRESENTATION_CONTEXT(2) 
PARAMETRIC_REPRESENTATION_CONTEXT() REPRESENTATION_CONTEXT('2D SPACE',''
  ) );
#4529 = ORIENTED_EDGE('',*,*,#4530,.F.);
#4530 = EDGE_CURVE('',#4452,#4481,#4531,.T.);
#4531 = SURFACE_CURVE('',#4532,(#4537,#4544),.PCURVE_S1.);
#4532 = CIRCLE('',#4533,4.3);
#4533 = AXIS2_PLACEMENT_3D('',#4534,#4535,#4536);
#4534 = CARTESIAN_POINT('',(8.75,0.,0.));
#4535 = DIRECTION('',(1.,0.,0.));
#4536 = DIRECTION('',(0.,1.,0.));
#4537 = PCURVE('',#4353,#4538);
#4538 = DEFINITIONAL_REPRESENTATION('',(#4539),#4543);
#4539 = LINE('',#4540,#4541);
#4540 = CARTESIAN_POINT('',(-0.,-0.5));
#4541 = VECTOR('',#4542,1.);
#4542 = DIRECTION('',(-1.,-0.));
#4543 = ( GEOMETRIC_REPRESENTATION_CONTEXT(2) 
PARAMETRIC_REPRESENTATION_CONTEXT() REPRESENTATION_CONTEXT('2D SPACE',''
  ) );
#4544 = PCURVE('',#4545,#4550);
#4545 = PLANE('',#4546);
#4546 = AXIS2_PLACEMENT_3D('',#4547,#4548,#4549);
#4547 = CARTESIAN_POINT('',(8.75,0.,0.));
#4548 = DIRECTION('',(1.,0.,0.));
#4549 = DIRECTION('',(0.,1.,0.));
#4550 = DEFINITIONAL_REPRESENTATION('',(#4551),#4555);
#4551 = CIRCLE('',#4552,4.3);
#4552 = AXIS2_PLACEMENT_2D('',#4553,#4554);
#4553 = CARTESIAN_POINT('',(0.,0.));
#4554 = DIRECTION('',(1.,0.));
#4555 = ( GEOMETRIC_REPRESENTATION_CONTEXT(2) 
PARAMETRIC_REPRESENTATION_CONTEXT() REPRESENTATION_CONTEXT('2D SPACE',''
  ) );
#4556 = ADVANCED_FACE('',(#4557),#4436,.F.);
#4557 = FACE_BOUND('',#4558,.F.);
#4558 = EDGE_LOOP('',(#4559,#4587,#4588,#4589,#4617,#4667));
#4559 = ORIENTED_EDGE('',*,*,#4560,.F.);
#4560 = EDGE_CURVE('',#4394,#4561,#4563,.T.);
#4561 = VERTEX_POINT('',#4562);
#4562 = CARTESIAN_POINT('',(3.6,-4.741223404255,-0.748866230338));
#4563 = SURFACE_CURVE('',#4564,(#4569,#4576),.PCURVE_S1.);
#4564 = CIRCLE('',#4565,0.75);
#4565 = AXIS2_PLACEMENT_3D('',#4566,#4567,#4568);
#4566 = CARTESIAN_POINT('',(3.6,-4.7,0.));
#4567 = DIRECTION('',(-1.,0.,0.));
#4568 = DIRECTION('',(0.,-1.,0.));
#4569 = PCURVE('',#4436,#4570);
#4570 = DEFINITIONAL_REPRESENTATION('',(#4571),#4575);
#4571 = LINE('',#4572,#4573);
#4572 = CARTESIAN_POINT('',(0.,0.));
#4573 = VECTOR('',#4574,1.);
#4574 = DIRECTION('',(1.,0.));
#4575 = ( GEOMETRIC_REPRESENTATION_CONTEXT(2) 
PARAMETRIC_REPRESENTATION_CONTEXT() REPRESENTATION_CONTEXT('2D SPACE',''
  ) );
#4576 = PCURVE('',#4410,#4577);
#4577 = DEFINITIONAL_REPRESENTATION('',(#4578),#4586);
#4578 = ( BOUNDED_CURVE() B_SPLINE_CURVE(2,(#4579,#4580,#4581,#4582,
#4583,#4584,#4585),.UNSPECIFIED.,.T.,.F.) B_SPLINE_CURVE_WITH_KNOTS((1,2
    ,2,2,2,1),(-2.094395102393,0.,2.094395102393,4.188790204786,
6.28318530718,8.377580409573),.UNSPECIFIED.) CURVE() 
GEOMETRIC_REPRESENTATION_ITEM() RATIONAL_B_SPLINE_CURVE((1.,0.5,1.,0.5,
1.,0.5,1.)) REPRESENTATION_ITEM('') );
#4579 = CARTESIAN_POINT('',(-5.45,0.));
#4580 = CARTESIAN_POINT('',(-5.45,1.299038105677));
#4581 = CARTESIAN_POINT('',(-4.325,0.649519052838));
#4582 = CARTESIAN_POINT('',(-3.2,1.836970198721E-16));
#4583 = CARTESIAN_POINT('',(-4.325,-0.649519052838));
#4584 = CARTESIAN_POINT('',(-5.45,-1.299038105677));
#4585 = CARTESIAN_POINT('',(-5.45,0.));
#4586 = ( GEOMETRIC_REPRESENTATION_CONTEXT(2) 
PARAMETRIC_REPRESENTATION_CONTEXT() REPRESENTATION_CONTEXT('2D SPACE',''
  ) );
#4587 = ORIENTED_EDGE('',*,*,#4422,.T.);
#4588 = ORIENTED_EDGE('',*,*,#4480,.T.);
#4589 = ORIENTED_EDGE('',*,*,#4590,.T.);
#4590 = EDGE_CURVE('',#4481,#4591,#4593,.T.);
#4591 = VERTEX_POINT('',#4592);
#4592 = CARTESIAN_POINT('',(8.75,-4.257180851064,-0.60531909051));
#4593 = SURFACE_CURVE('',#4594,(#4599,#4606),.PCURVE_S1.);
#4594 = CIRCLE('',#4595,0.75);
#4595 = AXIS2_PLACEMENT_3D('',#4596,#4597,#4598);
#4596 = CARTESIAN_POINT('',(8.75,-4.7,0.));
#4597 = DIRECTION('',(-1.,0.,0.));
#4598 = DIRECTION('',(0.,-1.,0.));
#4599 = PCURVE('',#4436,#4600);
#4600 = DEFINITIONAL_REPRESENTATION('',(#4601),#4605);
#4601 = LINE('',#4602,#4603);
#4602 = CARTESIAN_POINT('',(0.,-5.15));
#4603 = VECTOR('',#4604,1.);
#4604 = DIRECTION('',(1.,0.));
#4605 = ( GEOMETRIC_REPRESENTATION_CONTEXT(2) 
PARAMETRIC_REPRESENTATION_CONTEXT() REPRESENTATION_CONTEXT('2D SPACE',''
  ) );
#4606 = PCURVE('',#4545,#4607);
#4607 = DEFINITIONAL_REPRESENTATION('',(#4608),#4616);
#4608 = ( BOUNDED_CURVE() B_SPLINE_CURVE(2,(#4609,#4610,#4611,#4612,
#4613,#4614,#4615),.UNSPECIFIED.,.T.,.F.) B_SPLINE_CURVE_WITH_KNOTS((1,2
    ,2,2,2,1),(-2.094395102393,0.,2.094395102393,4.188790204786,
6.28318530718,8.377580409573),.UNSPECIFIED.) CURVE() 
GEOMETRIC_REPRESENTATION_ITEM() RATIONAL_B_SPLINE_CURVE((1.,0.5,1.,0.5,
1.,0.5,1.)) REPRESENTATION_ITEM('') );
#4609 = CARTESIAN_POINT('',(-5.45,0.));
#4610 = CARTESIAN_POINT('',(-5.45,1.299038105677));
#4611 = CARTESIAN_POINT('',(-4.325,0.649519052838));
#4612 = CARTESIAN_POINT('',(-3.2,1.836970198721E-16));
#4613 = CARTESIAN_POINT('',(-4.325,-0.649519052838));
#4614 = CARTESIAN_POINT('',(-5.45,-1.299038105677));
#4615 = CARTESIAN_POINT('',(-5.45,0.));
#4616 = ( GEOMETRIC_REPRESENTATION_CONTEXT(2) 
PARAMETRIC_REPRESENTATION_CONTEXT() REPRESENTATION_CONTEXT('2D SPACE',''
  ) );
#4617 = ORIENTED_EDGE('',*,*,#4618,.T.);
#4618 = EDGE_CURVE('',#4591,#4619,#4621,.T.);
#4619 = VERTEX_POINT('',#4620);
#4620 = CARTESIAN_POINT('',(8.25,-4.741223404255,-0.748866230339));
#4621 = SURFACE_CURVE('',#4622,(#4635,#4651),.PCURVE_S1.);
#4622 = B_SPLINE_CURVE_WITH_KNOTS('',6,(#4623,#4624,#4625,#4626,#4627,
    #4628,#4629,#4630,#4631,#4632,#4633,#4634),.UNSPECIFIED.,.F.,.F.,(7,
    5,7),(0.,0.694274576014,1.),.UNSPECIFIED.);
#4623 = CARTESIAN_POINT('',(8.75,-4.257180851064,-0.60531909051));
#4624 = CARTESIAN_POINT('',(8.694610229008,-4.307856598993,
    -0.642390763816));
#4625 = CARTESIAN_POINT('',(8.637696487576,-4.360709975983,
    -0.67324107984));
#4626 = CARTESIAN_POINT('',(8.579864530259,-4.415267382665,
    -0.698410424427));
#4627 = CARTESIAN_POINT('',(8.521500693893,-4.471203490596,
    -0.71809783106));
#4628 = CARTESIAN_POINT('',(8.462908317512,-4.528242192416,
    -0.732415840628));
#4629 = CARTESIAN_POINT('',(8.378509388148,-4.611665824155,-0.7452267469
    ));
#4630 = CARTESIAN_POINT('',(8.352710152398,-4.637336918899,
    -0.748091114173));
#4631 = CARTESIAN_POINT('',(8.32693703204,-4.663152094096,
    -0.749898985991));
#4632 = CARTESIAN_POINT('',(8.301212357695,-4.689088211216,
    -0.750641057407));
#4633 = CARTESIAN_POINT('',(8.275558828052,-4.715120771351,
    -0.750303121661));
#4634 = CARTESIAN_POINT('',(8.25,-4.741223404255,-0.748866230339));
#4635 = PCURVE('',#4436,#4636);
#4636 = DEFINITIONAL_REPRESENTATION('',(#4637),#4650);
#4637 = B_SPLINE_CURVE_WITH_KNOTS('',6,(#4638,#4639,#4640,#4641,#4642,
    #4643,#4644,#4645,#4646,#4647,#4648,#4649),.UNSPECIFIED.,.F.,.F.,(7,
    5,7),(0.,0.694274576014,1.),.UNSPECIFIED.);
#4638 = CARTESIAN_POINT('',(4.080803000398,-5.15));
#4639 = CARTESIAN_POINT('',(4.16452041279,-5.094610229008));
#4640 = CARTESIAN_POINT('',(4.24568451458,-5.037696487576));
#4641 = CARTESIAN_POINT('',(4.32526023588,-4.979864530259));
#4642 = CARTESIAN_POINT('',(4.403815105178,-4.921500693893));
#4643 = CARTESIAN_POINT('',(4.481884361785,-4.862908317512));
#4644 = CARTESIAN_POINT('',(4.59441976186,-4.778509388148));
#4645 = CARTESIAN_POINT('',(4.62883099376,-4.752710152398));
#4646 = CARTESIAN_POINT('',(4.663291601834,-4.72693703204));
#4647 = CARTESIAN_POINT('',(4.697842654751,-4.701212357695));
#4648 = CARTESIAN_POINT('',(4.732525030239,-4.675558828052));
#4649 = CARTESIAN_POINT('',(4.767381232651,-4.65));
#4650 = ( GEOMETRIC_REPRESENTATION_CONTEXT(2) 
PARAMETRIC_REPRESENTATION_CONTEXT() REPRESENTATION_CONTEXT('2D SPACE',''
  ) );
#4651 = PCURVE('',#4467,#4652);
#4652 = DEFINITIONAL_REPRESENTATION('',(#4653),#4666);
#4653 = B_SPLINE_CURVE_WITH_KNOTS('',6,(#4654,#4655,#4656,#4657,#4658,
    #4659,#4660,#4661,#4662,#4663,#4664,#4665),.UNSPECIFIED.,.F.,.F.,(7,
    5,7),(0.,0.694274576014,1.),.UNSPECIFIED.);
#4654 = CARTESIAN_POINT('',(-3.282833670344,-0.5));
#4655 = CARTESIAN_POINT('',(-3.289710134383,-0.444610229008));
#4656 = CARTESIAN_POINT('',(-3.294870304956,-0.387696487576));
#4657 = CARTESIAN_POINT('',(-3.298543189377,-0.329864530259));
#4658 = CARTESIAN_POINT('',(-3.300866259321,-0.271500693893));
#4659 = CARTESIAN_POINT('',(-3.301946614502,-0.212908317512));
#4660 = CARTESIAN_POINT('',(-3.301803446874,-0.128509388148));
#4661 = CARTESIAN_POINT('',(-3.301530947589,-0.102710152398));
#4662 = CARTESIAN_POINT('',(-3.301035297881,-7.693703204048E-02));
#4663 = CARTESIAN_POINT('',(-3.300320782787,-5.121235769527E-02));
#4664 = CARTESIAN_POINT('',(-3.299390487256,-2.555882805212E-02));
#4665 = CARTESIAN_POINT('',(-3.2982463899,0.));
#4666 = ( GEOMETRIC_REPRESENTATION_CONTEXT(2) 
PARAMETRIC_REPRESENTATION_CONTEXT() REPRESENTATION_CONTEXT('2D SPACE',''
  ) );
#4667 = ORIENTED_EDGE('',*,*,#4668,.F.);
#4668 = EDGE_CURVE('',#4561,#4619,#4669,.T.);
#4669 = SURFACE_CURVE('',#4670,(#4674,#4681),.PCURVE_S1.);
#4670 = LINE('',#4671,#4672);
#4671 = CARTESIAN_POINT('',(3.6,-4.741223404255,-0.748866230339));
#4672 = VECTOR('',#4673,1.);
#4673 = DIRECTION('',(1.,0.,0.));
#4674 = PCURVE('',#4436,#4675);
#4675 = DEFINITIONAL_REPRESENTATION('',(#4676),#4680);
#4676 = LINE('',#4677,#4678);
#4677 = CARTESIAN_POINT('',(4.767381232651,0.));
#4678 = VECTOR('',#4679,1.);
#4679 = DIRECTION('',(0.,-1.));
#4680 = ( GEOMETRIC_REPRESENTATION_CONTEXT(2) 
PARAMETRIC_REPRESENTATION_CONTEXT() REPRESENTATION_CONTEXT('2D SPACE',''
  ) );
#4681 = PCURVE('',#4381,#4682);
#4682 = DEFINITIONAL_REPRESENTATION('',(#4683),#4687);
#4683 = LINE('',#4684,#4685);
#4684 = CARTESIAN_POINT('',(3.2982463899,0.));
#4685 = VECTOR('',#4686,1.);
#4686 = DIRECTION('',(0.,1.));
#4687 = ( GEOMETRIC_REPRESENTATION_CONTEXT(2) 
PARAMETRIC_REPRESENTATION_CONTEXT() REPRESENTATION_CONTEXT('2D SPACE',''
  ) );
#4688 = ADVANCED_FACE('',(#4689,#4715,#4750,#4785,#4820,#4855,#4890),
  #4410,.F.);
#4689 = FACE_BOUND('',#4690,.T.);
#4690 = EDGE_LOOP('',(#4691,#4692,#4714));
#4691 = ORIENTED_EDGE('',*,*,#4393,.F.);
#4692 = ORIENTED_EDGE('',*,*,#4693,.F.);
#4693 = EDGE_CURVE('',#4561,#4366,#4694,.T.);
#4694 = SURFACE_CURVE('',#4695,(#4700,#4707),.PCURVE_S1.);
#4695 = CIRCLE('',#4696,4.8);
#4696 = AXIS2_PLACEMENT_3D('',#4697,#4698,#4699);
#4697 = CARTESIAN_POINT('',(3.6,0.,0.));
#4698 = DIRECTION('',(1.,0.,0.));
#4699 = DIRECTION('',(0.,1.,0.));
#4700 = PCURVE('',#4410,#4701);
#4701 = DEFINITIONAL_REPRESENTATION('',(#4702),#4706);
#4702 = CIRCLE('',#4703,4.8);
#4703 = AXIS2_PLACEMENT_2D('',#4704,#4705);
#4704 = CARTESIAN_POINT('',(0.,0.));
#4705 = DIRECTION('',(1.,-0.));
#4706 = ( GEOMETRIC_REPRESENTATION_CONTEXT(2) 
PARAMETRIC_REPRESENTATION_CONTEXT() REPRESENTATION_CONTEXT('2D SPACE',''
  ) );
#4707 = PCURVE('',#4381,#4708);
#4708 = DEFINITIONAL_REPRESENTATION('',(#4709),#4713);
#4709 = LINE('',#4710,#4711);
#4710 = CARTESIAN_POINT('',(0.,0.));
#4711 = VECTOR('',#4712,1.);
#4712 = DIRECTION('',(1.,0.));
#4713 = ( GEOMETRIC_REPRESENTATION_CONTEXT(2) 
PARAMETRIC_REPRESENTATION_CONTEXT() REPRESENTATION_CONTEXT('2D SPACE',''
  ) );
#4714 = ORIENTED_EDGE('',*,*,#4560,.F.);
#4715 = FACE_BOUND('',#4716,.T.);
#4716 = EDGE_LOOP('',(#4717));
#4717 = ORIENTED_EDGE('',*,*,#4718,.F.);
#4718 = EDGE_CURVE('',#4719,#4719,#4721,.T.);
#4719 = VERTEX_POINT('',#4720);
#4720 = CARTESIAN_POINT('',(3.6,0.375,-2.381569860407));
#4721 = SURFACE_CURVE('',#4722,(#4727,#4738),.PCURVE_S1.);
#4722 = CIRCLE('',#4723,1.);
#4723 = AXIS2_PLACEMENT_3D('',#4724,#4725,#4726);
#4724 = CARTESIAN_POINT('',(3.6,1.375,-2.381569860407));
#4725 = DIRECTION('',(-1.,0.,0.));
#4726 = DIRECTION('',(0.,-1.,0.));
#4727 = PCURVE('',#4410,#4728);
#4728 = DEFINITIONAL_REPRESENTATION('',(#4729),#4737);
#4729 = ( BOUNDED_CURVE() B_SPLINE_CURVE(2,(#4730,#4731,#4732,#4733,
#4734,#4735,#4736),.UNSPECIFIED.,.T.,.F.) B_SPLINE_CURVE_WITH_KNOTS((1,2
    ,2,2,2,1),(-2.094395102393,0.,2.094395102393,4.188790204786,
6.28318530718,8.377580409573),.UNSPECIFIED.) CURVE() 
GEOMETRIC_REPRESENTATION_ITEM() RATIONAL_B_SPLINE_CURVE((1.,0.5,1.,0.5,
1.,0.5,1.)) REPRESENTATION_ITEM('') );
#4730 = CARTESIAN_POINT('',(0.375,-2.381569860407));
#4731 = CARTESIAN_POINT('',(0.375,-0.649519052838));
#4732 = CARTESIAN_POINT('',(1.875,-1.515544456623));
#4733 = CARTESIAN_POINT('',(3.375,-2.381569860407));
#4734 = CARTESIAN_POINT('',(1.875,-3.247595264192));
#4735 = CARTESIAN_POINT('',(0.375,-4.113620667976));
#4736 = CARTESIAN_POINT('',(0.375,-2.381569860407));
#4737 = ( GEOMETRIC_REPRESENTATION_CONTEXT(2) 
PARAMETRIC_REPRESENTATION_CONTEXT() REPRESENTATION_CONTEXT('2D SPACE',''
  ) );
#4738 = PCURVE('',#4739,#4744);
#4739 = CYLINDRICAL_SURFACE('',#4740,1.);
#4740 = AXIS2_PLACEMENT_3D('',#4741,#4742,#4743);
#4741 = CARTESIAN_POINT('',(3.6,1.375,-2.381569860407));
#4742 = DIRECTION('',(-1.,0.,0.));
#4743 = DIRECTION('',(0.,-1.,0.));
#4744 = DEFINITIONAL_REPRESENTATION('',(#4745),#4749);
#4745 = LINE('',#4746,#4747);
#4746 = CARTESIAN_POINT('',(0.,0.));
#4747 = VECTOR('',#4748,1.);
#4748 = DIRECTION('',(1.,0.));
#4749 = ( GEOMETRIC_REPRESENTATION_CONTEXT(2) 
PARAMETRIC_REPRESENTATION_CONTEXT() REPRESENTATION_CONTEXT('2D SPACE',''
  ) );
#4750 = FACE_BOUND('',#4751,.T.);
#4751 = EDGE_LOOP('',(#4752));
#4752 = ORIENTED_EDGE('',*,*,#4753,.F.);
#4753 = EDGE_CURVE('',#4754,#4754,#4756,.T.);
#4754 = VERTEX_POINT('',#4755);
#4755 = CARTESIAN_POINT('',(3.6,-2.375,-2.381569860407));
#4756 = SURFACE_CURVE('',#4757,(#4762,#4773),.PCURVE_S1.);
#4757 = CIRCLE('',#4758,1.);
#4758 = AXIS2_PLACEMENT_3D('',#4759,#4760,#4761);
#4759 = CARTESIAN_POINT('',(3.6,-1.375,-2.381569860407));
#4760 = DIRECTION('',(-1.,0.,0.));
#4761 = DIRECTION('',(0.,-1.,0.));
#4762 = PCURVE('',#4410,#4763);
#4763 = DEFINITIONAL_REPRESENTATION('',(#4764),#4772);
#4764 = ( BOUNDED_CURVE() B_SPLINE_CURVE(2,(#4765,#4766,#4767,#4768,
#4769,#4770,#4771),.UNSPECIFIED.,.T.,.F.) B_SPLINE_CURVE_WITH_KNOTS((1,2
    ,2,2,2,1),(-2.094395102393,0.,2.094395102393,4.188790204786,
6.28318530718,8.377580409573),.UNSPECIFIED.) CURVE() 
GEOMETRIC_REPRESENTATION_ITEM() RATIONAL_B_SPLINE_CURVE((1.,0.5,1.,0.5,
1.,0.5,1.)) REPRESENTATION_ITEM('') );
#4765 = CARTESIAN_POINT('',(-2.375,-2.381569860407));
#4766 = CARTESIAN_POINT('',(-2.375,-0.649519052838));
#4767 = CARTESIAN_POINT('',(-0.875,-1.515544456623));
#4768 = CARTESIAN_POINT('',(0.625,-2.381569860407));
#4769 = CARTESIAN_POINT('',(-0.875,-3.247595264192));
#4770 = CARTESIAN_POINT('',(-2.375,-4.113620667976));
#4771 = CARTESIAN_POINT('',(-2.375,-2.381569860407));
#4772 = ( GEOMETRIC_REPRESENTATION_CONTEXT(2) 
PARAMETRIC_REPRESENTATION_CONTEXT() REPRESENTATION_CONTEXT('2D SPACE',''
  ) );
#4773 = PCURVE('',#4774,#4779);
#4774 = CYLINDRICAL_SURFACE('',#4775,1.);
#4775 = AXIS2_PLACEMENT_3D('',#4776,#4777,#4778);
#4776 = CARTESIAN_POINT('',(3.6,-1.375,-2.381569860407));
#4777 = DIRECTION('',(-1.,0.,0.));
#4778 = DIRECTION('',(0.,-1.,0.));
#4779 = DEFINITIONAL_REPRESENTATION('',(#4780),#4784);
#4780 = LINE('',#4781,#4782);
#4781 = CARTESIAN_POINT('',(0.,0.));
#4782 = VECTOR('',#4783,1.);
#4783 = DIRECTION('',(1.,0.));
#4784 = ( GEOMETRIC_REPRESENTATION_CONTEXT(2) 
PARAMETRIC_REPRESENTATION_CONTEXT() REPRESENTATION_CONTEXT('2D SPACE',''
  ) );
#4785 = FACE_BOUND('',#4786,.T.);
#4786 = EDGE_LOOP('',(#4787));
#4787 = ORIENTED_EDGE('',*,*,#4788,.F.);
#4788 = EDGE_CURVE('',#4789,#4789,#4791,.T.);
#4789 = VERTEX_POINT('',#4790);
#4790 = CARTESIAN_POINT('',(3.6,-1.,0.));
#4791 = SURFACE_CURVE('',#4792,(#4797,#4808),.PCURVE_S1.);
#4792 = CIRCLE('',#4793,1.);
#4793 = AXIS2_PLACEMENT_3D('',#4794,#4795,#4796);
#4794 = CARTESIAN_POINT('',(3.6,0.,0.));
#4795 = DIRECTION('',(-1.,0.,0.));
#4796 = DIRECTION('',(0.,-1.,0.));
#4797 = PCURVE('',#4410,#4798);
#4798 = DEFINITIONAL_REPRESENTATION('',(#4799),#4807);
#4799 = ( BOUNDED_CURVE() B_SPLINE_CURVE(2,(#4800,#4801,#4802,#4803,
#4804,#4805,#4806),.UNSPECIFIED.,.T.,.F.) B_SPLINE_CURVE_WITH_KNOTS((1,2
    ,2,2,2,1),(-2.094395102393,0.,2.094395102393,4.188790204786,
6.28318530718,8.377580409573),.UNSPECIFIED.) CURVE() 
GEOMETRIC_REPRESENTATION_ITEM() RATIONAL_B_SPLINE_CURVE((1.,0.5,1.,0.5,
1.,0.5,1.)) REPRESENTATION_ITEM('') );
#4800 = CARTESIAN_POINT('',(-1.,0.));
#4801 = CARTESIAN_POINT('',(-1.,1.732050807569));
#4802 = CARTESIAN_POINT('',(0.5,0.866025403784));
#4803 = CARTESIAN_POINT('',(2.,2.449293598295E-16));
#4804 = CARTESIAN_POINT('',(0.5,-0.866025403784));
#4805 = CARTESIAN_POINT('',(-1.,-1.732050807569));
#4806 = CARTESIAN_POINT('',(-1.,0.));
#4807 = ( GEOMETRIC_REPRESENTATION_CONTEXT(2) 
PARAMETRIC_REPRESENTATION_CONTEXT() REPRESENTATION_CONTEXT('2D SPACE',''
  ) );
#4808 = PCURVE('',#4809,#4814);
#4809 = CYLINDRICAL_SURFACE('',#4810,1.);
#4810 = AXIS2_PLACEMENT_3D('',#4811,#4812,#4813);
#4811 = CARTESIAN_POINT('',(3.6,0.,0.));
#4812 = DIRECTION('',(-1.,0.,0.));
#4813 = DIRECTION('',(0.,-1.,0.));
#4814 = DEFINITIONAL_REPRESENTATION('',(#4815),#4819);
#4815 = LINE('',#4816,#4817);
#4816 = CARTESIAN_POINT('',(0.,0.));
#4817 = VECTOR('',#4818,1.);
#4818 = DIRECTION('',(1.,0.));
#4819 = ( GEOMETRIC_REPRESENTATION_CONTEXT(2) 
PARAMETRIC_REPRESENTATION_CONTEXT() REPRESENTATION_CONTEXT('2D SPACE',''
  ) );
#4820 = FACE_BOUND('',#4821,.T.);
#4821 = EDGE_LOOP('',(#4822));
#4822 = ORIENTED_EDGE('',*,*,#4823,.F.);
#4823 = EDGE_CURVE('',#4824,#4824,#4826,.T.);
#4824 = VERTEX_POINT('',#4825);
#4825 = CARTESIAN_POINT('',(3.6,1.75,2.E-15));
#4826 = SURFACE_CURVE('',#4827,(#4832,#4843),.PCURVE_S1.);
#4827 = CIRCLE('',#4828,1.);
#4828 = AXIS2_PLACEMENT_3D('',#4829,#4830,#4831);
#4829 = CARTESIAN_POINT('',(3.6,2.75,2.22E-15));
#4830 = DIRECTION('',(-1.,0.,0.));
#4831 = DIRECTION('',(0.,-1.,0.));
#4832 = PCURVE('',#4410,#4833);
#4833 = DEFINITIONAL_REPRESENTATION('',(#4834),#4842);
#4834 = ( BOUNDED_CURVE() B_SPLINE_CURVE(2,(#4835,#4836,#4837,#4838,
#4839,#4840,#4841),.UNSPECIFIED.,.T.,.F.) B_SPLINE_CURVE_WITH_KNOTS((1,2
    ,2,2,2,1),(-2.094395102393,0.,2.094395102393,4.188790204786,
6.28318530718,8.377580409573),.UNSPECIFIED.) CURVE() 
GEOMETRIC_REPRESENTATION_ITEM() RATIONAL_B_SPLINE_CURVE((1.,0.5,1.,0.5,
1.,0.5,1.)) REPRESENTATION_ITEM('') );
#4835 = CARTESIAN_POINT('',(1.75,2.22E-15));
#4836 = CARTESIAN_POINT('',(1.75,1.732050807569));
#4837 = CARTESIAN_POINT('',(3.25,0.866025403784));
#4838 = CARTESIAN_POINT('',(4.75,2.464929359829E-15));
#4839 = CARTESIAN_POINT('',(3.25,-0.866025403784));
#4840 = CARTESIAN_POINT('',(1.75,-1.732050807569));
#4841 = CARTESIAN_POINT('',(1.75,2.22E-15));
#4842 = ( GEOMETRIC_REPRESENTATION_CONTEXT(2) 
PARAMETRIC_REPRESENTATION_CONTEXT() REPRESENTATION_CONTEXT('2D SPACE',''
  ) );
#4843 = PCURVE('',#4844,#4849);
#4844 = CYLINDRICAL_SURFACE('',#4845,1.);
#4845 = AXIS2_PLACEMENT_3D('',#4846,#4847,#4848);
#4846 = CARTESIAN_POINT('',(3.6,2.75,2.22E-15));
#4847 = DIRECTION('',(-1.,0.,0.));
#4848 = DIRECTION('',(0.,-1.,0.));
#4849 = DEFINITIONAL_REPRESENTATION('',(#4850),#4854);
#4850 = LINE('',#4851,#4852);
#4851 = CARTESIAN_POINT('',(0.,0.));
#4852 = VECTOR('',#4853,1.);
#4853 = DIRECTION('',(1.,0.));
#4854 = ( GEOMETRIC_REPRESENTATION_CONTEXT(2) 
PARAMETRIC_REPRESENTATION_CONTEXT() REPRESENTATION_CONTEXT('2D SPACE',''
  ) );
#4855 = FACE_BOUND('',#4856,.T.);
#4856 = EDGE_LOOP('',(#4857));
#4857 = ORIENTED_EDGE('',*,*,#4858,.F.);
#4858 = EDGE_CURVE('',#4859,#4859,#4861,.T.);
#4859 = VERTEX_POINT('',#4860);
#4860 = CARTESIAN_POINT('',(3.6,0.375,2.381569860407));
#4861 = SURFACE_CURVE('',#4862,(#4867,#4878),.PCURVE_S1.);
#4862 = CIRCLE('',#4863,1.);
#4863 = AXIS2_PLACEMENT_3D('',#4864,#4865,#4866);
#4864 = CARTESIAN_POINT('',(3.6,1.375,2.381569860407));
#4865 = DIRECTION('',(-1.,0.,0.));
#4866 = DIRECTION('',(0.,-1.,0.));
#4867 = PCURVE('',#4410,#4868);
#4868 = DEFINITIONAL_REPRESENTATION('',(#4869),#4877);
#4869 = ( BOUNDED_CURVE() B_SPLINE_CURVE(2,(#4870,#4871,#4872,#4873,
#4874,#4875,#4876),.UNSPECIFIED.,.T.,.F.) B_SPLINE_CURVE_WITH_KNOTS((1,2
    ,2,2,2,1),(-2.094395102393,0.,2.094395102393,4.188790204786,
6.28318530718,8.377580409573),.UNSPECIFIED.) CURVE() 
GEOMETRIC_REPRESENTATION_ITEM() RATIONAL_B_SPLINE_CURVE((1.,0.5,1.,0.5,
1.,0.5,1.)) REPRESENTATION_ITEM('') );
#4870 = CARTESIAN_POINT('',(0.375,2.381569860407));
#4871 = CARTESIAN_POINT('',(0.375,4.113620667976));
#4872 = CARTESIAN_POINT('',(1.875,3.247595264192));
#4873 = CARTESIAN_POINT('',(3.375,2.381569860407));
#4874 = CARTESIAN_POINT('',(1.875,1.515544456623));
#4875 = CARTESIAN_POINT('',(0.375,0.649519052838));
#4876 = CARTESIAN_POINT('',(0.375,2.381569860407));
#4877 = ( GEOMETRIC_REPRESENTATION_CONTEXT(2) 
PARAMETRIC_REPRESENTATION_CONTEXT() REPRESENTATION_CONTEXT('2D SPACE',''
  ) );
#4878 = PCURVE('',#4879,#4884);
#4879 = CYLINDRICAL_SURFACE('',#4880,1.);
#4880 = AXIS2_PLACEMENT_3D('',#4881,#4882,#4883);
#4881 = CARTESIAN_POINT('',(3.6,1.375,2.381569860407));
#4882 = DIRECTION('',(-1.,0.,0.));
#4883 = DIRECTION('',(0.,-1.,0.));
#4884 = DEFINITIONAL_REPRESENTATION('',(#4885),#4889);
#4885 = LINE('',#4886,#4887);
#4886 = CARTESIAN_POINT('',(0.,0.));
#4887 = VECTOR('',#4888,1.);
#4888 = DIRECTION('',(1.,0.));
#4889 = ( GEOMETRIC_REPRESENTATION_CONTEXT(2) 
PARAMETRIC_REPRESENTATION_CONTEXT() REPRESENTATION_CONTEXT('2D SPACE',''
  ) );
#4890 = FACE_BOUND('',#4891,.T.);
#4891 = EDGE_LOOP('',(#4892));
#4892 = ORIENTED_EDGE('',*,*,#4893,.F.);
#4893 = EDGE_CURVE('',#4894,#4894,#4896,.T.);
#4894 = VERTEX_POINT('',#4895);
#4895 = CARTESIAN_POINT('',(3.6,-2.375,2.381569860407));
#4896 = SURFACE_CURVE('',#4897,(#4902,#4913),.PCURVE_S1.);
#4897 = CIRCLE('',#4898,1.);
#4898 = AXIS2_PLACEMENT_3D('',#4899,#4900,#4901);
#4899 = CARTESIAN_POINT('',(3.6,-1.375,2.381569860407));
#4900 = DIRECTION('',(-1.,0.,0.));
#4901 = DIRECTION('',(0.,-1.,0.));
#4902 = PCURVE('',#4410,#4903);
#4903 = DEFINITIONAL_REPRESENTATION('',(#4904),#4912);
#4904 = ( BOUNDED_CURVE() B_SPLINE_CURVE(2,(#4905,#4906,#4907,#4908,
#4909,#4910,#4911),.UNSPECIFIED.,.T.,.F.) B_SPLINE_CURVE_WITH_KNOTS((1,2
    ,2,2,2,1),(-2.094395102393,0.,2.094395102393,4.188790204786,
6.28318530718,8.377580409573),.UNSPECIFIED.) CURVE() 
GEOMETRIC_REPRESENTATION_ITEM() RATIONAL_B_SPLINE_CURVE((1.,0.5,1.,0.5,
1.,0.5,1.)) REPRESENTATION_ITEM('') );
#4905 = CARTESIAN_POINT('',(-2.375,2.381569860407));
#4906 = CARTESIAN_POINT('',(-2.375,4.113620667976));
#4907 = CARTESIAN_POINT('',(-0.875,3.247595264192));
#4908 = CARTESIAN_POINT('',(0.625,2.381569860407));
#4909 = CARTESIAN_POINT('',(-0.875,1.515544456623));
#4910 = CARTESIAN_POINT('',(-2.375,0.649519052838));
#4911 = CARTESIAN_POINT('',(-2.375,2.381569860407));
#4912 = ( GEOMETRIC_REPRESENTATION_CONTEXT(2) 
PARAMETRIC_REPRESENTATION_CONTEXT() REPRESENTATION_CONTEXT('2D SPACE',''
  ) );
#4913 = PCURVE('',#4914,#4919);
#4914 = CYLINDRICAL_SURFACE('',#4915,1.);
#4915 = AXIS2_PLACEMENT_3D('',#4916,#4917,#4918);
#4916 = CARTESIAN_POINT('',(3.6,-1.375,2.381569860407));
#4917 = DIRECTION('',(-1.,0.,0.));
#4918 = DIRECTION('',(0.,-1.,0.));
#4919 = DEFINITIONAL_REPRESENTATION('',(#4920),#4924);
#4920 = LINE('',#4921,#4922);
#4921 = CARTESIAN_POINT('',(0.,0.));
#4922 = VECTOR('',#4923,1.);
#4923 = DIRECTION('',(1.,0.));
#4924 = ( GEOMETRIC_REPRESENTATION_CONTEXT(2) 
PARAMETRIC_REPRESENTATION_CONTEXT() REPRESENTATION_CONTEXT('2D SPACE',''
  ) );
#4925 = ADVANCED_FACE('',(#4926),#4381,.T.);
#4926 = FACE_BOUND('',#4927,.T.);
#4927 = EDGE_LOOP('',(#4928,#4929,#4951,#4952));
#4928 = ORIENTED_EDGE('',*,*,#4365,.T.);
#4929 = ORIENTED_EDGE('',*,*,#4930,.F.);
#4930 = EDGE_CURVE('',#4619,#4330,#4931,.T.);
#4931 = SURFACE_CURVE('',#4932,(#4937,#4944),.PCURVE_S1.);
#4932 = CIRCLE('',#4933,4.8);
#4933 = AXIS2_PLACEMENT_3D('',#4934,#4935,#4936);
#4934 = CARTESIAN_POINT('',(8.25,0.,0.));
#4935 = DIRECTION('',(1.,0.,0.));
#4936 = DIRECTION('',(0.,1.,0.));
#4937 = PCURVE('',#4381,#4938);
#4938 = DEFINITIONAL_REPRESENTATION('',(#4939),#4943);
#4939 = LINE('',#4940,#4941);
#4940 = CARTESIAN_POINT('',(0.,4.65));
#4941 = VECTOR('',#4942,1.);
#4942 = DIRECTION('',(1.,0.));
#4943 = ( GEOMETRIC_REPRESENTATION_CONTEXT(2) 
PARAMETRIC_REPRESENTATION_CONTEXT() REPRESENTATION_CONTEXT('2D SPACE',''
  ) );
#4944 = PCURVE('',#4467,#4945);
#4945 = DEFINITIONAL_REPRESENTATION('',(#4946),#4950);
#4946 = LINE('',#4947,#4948);
#4947 = CARTESIAN_POINT('',(-0.,-0.));
#4948 = VECTOR('',#4949,1.);
#4949 = DIRECTION('',(-1.,-0.));
#4950 = ( GEOMETRIC_REPRESENTATION_CONTEXT(2) 
PARAMETRIC_REPRESENTATION_CONTEXT() REPRESENTATION_CONTEXT('2D SPACE',''
  ) );
#4951 = ORIENTED_EDGE('',*,*,#4668,.F.);
#4952 = ORIENTED_EDGE('',*,*,#4693,.T.);
#4953 = ADVANCED_FACE('',(#4954),#4467,.T.);
#4954 = FACE_BOUND('',#4955,.T.);
#4955 = EDGE_LOOP('',(#4956,#4957,#4958,#4980));
#4956 = ORIENTED_EDGE('',*,*,#4930,.T.);
#4957 = ORIENTED_EDGE('',*,*,#4451,.T.);
#4958 = ORIENTED_EDGE('',*,*,#4959,.F.);
#4959 = EDGE_CURVE('',#4591,#4452,#4960,.T.);
#4960 = SURFACE_CURVE('',#4961,(#4966,#4973),.PCURVE_S1.);
#4961 = CIRCLE('',#4962,4.3);
#4962 = AXIS2_PLACEMENT_3D('',#4963,#4964,#4965);
#4963 = CARTESIAN_POINT('',(8.75,0.,0.));
#4964 = DIRECTION('',(1.,0.,0.));
#4965 = DIRECTION('',(0.,1.,0.));
#4966 = PCURVE('',#4467,#4967);
#4967 = DEFINITIONAL_REPRESENTATION('',(#4968),#4972);
#4968 = LINE('',#4969,#4970);
#4969 = CARTESIAN_POINT('',(-0.,-0.5));
#4970 = VECTOR('',#4971,1.);
#4971 = DIRECTION('',(-1.,-0.));
#4972 = ( GEOMETRIC_REPRESENTATION_CONTEXT(2) 
PARAMETRIC_REPRESENTATION_CONTEXT() REPRESENTATION_CONTEXT('2D SPACE',''
  ) );
#4973 = PCURVE('',#4545,#4974);
#4974 = DEFINITIONAL_REPRESENTATION('',(#4975),#4979);
#4975 = CIRCLE('',#4976,4.3);
#4976 = AXIS2_PLACEMENT_2D('',#4977,#4978);
#4977 = CARTESIAN_POINT('',(0.,0.));
#4978 = DIRECTION('',(1.,0.));
#4979 = ( GEOMETRIC_REPRESENTATION_CONTEXT(2) 
PARAMETRIC_REPRESENTATION_CONTEXT() REPRESENTATION_CONTEXT('2D SPACE',''
  ) );
#4980 = ORIENTED_EDGE('',*,*,#4618,.T.);
#4981 = ADVANCED_FACE('',(#4982,#4987,#5017,#5047,#5077,#5107,#5137),
  #4545,.T.);
#4982 = FACE_BOUND('',#4983,.T.);
#4983 = EDGE_LOOP('',(#4984,#4985,#4986));
#4984 = ORIENTED_EDGE('',*,*,#4959,.T.);
#4985 = ORIENTED_EDGE('',*,*,#4530,.T.);
#4986 = ORIENTED_EDGE('',*,*,#4590,.T.);
#4987 = FACE_BOUND('',#4988,.T.);
#4988 = EDGE_LOOP('',(#4989));
#4989 = ORIENTED_EDGE('',*,*,#4990,.T.);
#4990 = EDGE_CURVE('',#4991,#4991,#4993,.T.);
#4991 = VERTEX_POINT('',#4992);
#4992 = CARTESIAN_POINT('',(8.75,-2.375,-2.381569860407));
#4993 = SURFACE_CURVE('',#4994,(#4999,#5010),.PCURVE_S1.);
#4994 = CIRCLE('',#4995,1.);
#4995 = AXIS2_PLACEMENT_3D('',#4996,#4997,#4998);
#4996 = CARTESIAN_POINT('',(8.75,-1.375,-2.381569860407));
#4997 = DIRECTION('',(-1.,0.,0.));
#4998 = DIRECTION('',(0.,-1.,0.));
#4999 = PCURVE('',#4545,#5000);
#5000 = DEFINITIONAL_REPRESENTATION('',(#5001),#5009);
#5001 = ( BOUNDED_CURVE() B_SPLINE_CURVE(2,(#5002,#5003,#5004,#5005,
#5006,#5007,#5008),.UNSPECIFIED.,.T.,.F.) B_SPLINE_CURVE_WITH_KNOTS((1,2
    ,2,2,2,1),(-2.094395102393,0.,2.094395102393,4.188790204786,
6.28318530718,8.377580409573),.UNSPECIFIED.) CURVE() 
GEOMETRIC_REPRESENTATION_ITEM() RATIONAL_B_SPLINE_CURVE((1.,0.5,1.,0.5,
1.,0.5,1.)) REPRESENTATION_ITEM('') );
#5002 = CARTESIAN_POINT('',(-2.375,-2.381569860407));
#5003 = CARTESIAN_POINT('',(-2.375,-0.649519052838));
#5004 = CARTESIAN_POINT('',(-0.875,-1.515544456623));
#5005 = CARTESIAN_POINT('',(0.625,-2.381569860407));
#5006 = CARTESIAN_POINT('',(-0.875,-3.247595264192));
#5007 = CARTESIAN_POINT('',(-2.375,-4.113620667976));
#5008 = CARTESIAN_POINT('',(-2.375,-2.381569860407));
#5009 = ( GEOMETRIC_REPRESENTATION_CONTEXT(2) 
PARAMETRIC_REPRESENTATION_CONTEXT() REPRESENTATION_CONTEXT('2D SPACE',''
  ) );
#5010 = PCURVE('',#4774,#5011);
#5011 = DEFINITIONAL_REPRESENTATION('',(#5012),#5016);
#5012 = LINE('',#5013,#5014);
#5013 = CARTESIAN_POINT('',(0.,-5.15));
#5014 = VECTOR('',#5015,1.);
#5015 = DIRECTION('',(1.,0.));
#5016 = ( GEOMETRIC_REPRESENTATION_CONTEXT(2) 
PARAMETRIC_REPRESENTATION_CONTEXT() REPRESENTATION_CONTEXT('2D SPACE',''
  ) );
#5017 = FACE_BOUND('',#5018,.T.);
#5018 = EDGE_LOOP('',(#5019));
#5019 = ORIENTED_EDGE('',*,*,#5020,.T.);
#5020 = EDGE_CURVE('',#5021,#5021,#5023,.T.);
#5021 = VERTEX_POINT('',#5022);
#5022 = CARTESIAN_POINT('',(8.75,-1.,0.));
#5023 = SURFACE_CURVE('',#5024,(#5029,#5040),.PCURVE_S1.);
#5024 = CIRCLE('',#5025,1.);
#5025 = AXIS2_PLACEMENT_3D('',#5026,#5027,#5028);
#5026 = CARTESIAN_POINT('',(8.75,0.,0.));
#5027 = DIRECTION('',(-1.,0.,0.));
#5028 = DIRECTION('',(0.,-1.,0.));
#5029 = PCURVE('',#4545,#5030);
#5030 = DEFINITIONAL_REPRESENTATION('',(#5031),#5039);
#5031 = ( BOUNDED_CURVE() B_SPLINE_CURVE(2,(#5032,#5033,#5034,#5035,
#5036,#5037,#5038),.UNSPECIFIED.,.T.,.F.) B_SPLINE_CURVE_WITH_KNOTS((1,2
    ,2,2,2,1),(-2.094395102393,0.,2.094395102393,4.188790204786,
6.28318530718,8.377580409573),.UNSPECIFIED.) CURVE() 
GEOMETRIC_REPRESENTATION_ITEM() RATIONAL_B_SPLINE_CURVE((1.,0.5,1.,0.5,
1.,0.5,1.)) REPRESENTATION_ITEM('') );
#5032 = CARTESIAN_POINT('',(-1.,0.));
#5033 = CARTESIAN_POINT('',(-1.,1.732050807569));
#5034 = CARTESIAN_POINT('',(0.5,0.866025403784));
#5035 = CARTESIAN_POINT('',(2.,2.449293598295E-16));
#5036 = CARTESIAN_POINT('',(0.5,-0.866025403784));
#5037 = CARTESIAN_POINT('',(-1.,-1.732050807569));
#5038 = CARTESIAN_POINT('',(-1.,0.));
#5039 = ( GEOMETRIC_REPRESENTATION_CONTEXT(2) 
PARAMETRIC_REPRESENTATION_CONTEXT() REPRESENTATION_CONTEXT('2D SPACE',''
  ) );
#5040 = PCURVE('',#4809,#5041);
#5041 = DEFINITIONAL_REPRESENTATION('',(#5042),#5046);
#5042 = LINE('',#5043,#5044);
#5043 = CARTESIAN_POINT('',(0.,-5.15));
#5044 = VECTOR('',#5045,1.);
#5045 = DIRECTION('',(1.,0.));
#5046 = ( GEOMETRIC_REPRESENTATION_CONTEXT(2) 
PARAMETRIC_REPRESENTATION_CONTEXT() REPRESENTATION_CONTEXT('2D SPACE',''
  ) );
#5047 = FACE_BOUND('',#5048,.T.);
#5048 = EDGE_LOOP('',(#5049));
#5049 = ORIENTED_EDGE('',*,*,#5050,.T.);
#5050 = EDGE_CURVE('',#5051,#5051,#5053,.T.);
#5051 = VERTEX_POINT('',#5052);
#5052 = CARTESIAN_POINT('',(8.75,0.375,-2.381569860407));
#5053 = SURFACE_CURVE('',#5054,(#5059,#5070),.PCURVE_S1.);
#5054 = CIRCLE('',#5055,1.);
#5055 = AXIS2_PLACEMENT_3D('',#5056,#5057,#5058);
#5056 = CARTESIAN_POINT('',(8.75,1.375,-2.381569860407));
#5057 = DIRECTION('',(-1.,0.,0.));
#5058 = DIRECTION('',(0.,-1.,0.));
#5059 = PCURVE('',#4545,#5060);
#5060 = DEFINITIONAL_REPRESENTATION('',(#5061),#5069);
#5061 = ( BOUNDED_CURVE() B_SPLINE_CURVE(2,(#5062,#5063,#5064,#5065,
#5066,#5067,#5068),.UNSPECIFIED.,.T.,.F.) B_SPLINE_CURVE_WITH_KNOTS((1,2
    ,2,2,2,1),(-2.094395102393,0.,2.094395102393,4.188790204786,
6.28318530718,8.377580409573),.UNSPECIFIED.) CURVE() 
GEOMETRIC_REPRESENTATION_ITEM() RATIONAL_B_SPLINE_CURVE((1.,0.5,1.,0.5,
1.,0.5,1.)) REPRESENTATION_ITEM('') );
#5062 = CARTESIAN_POINT('',(0.375,-2.381569860407));
#5063 = CARTESIAN_POINT('',(0.375,-0.649519052838));
#5064 = CARTESIAN_POINT('',(1.875,-1.515544456623));
#5065 = CARTESIAN_POINT('',(3.375,-2.381569860407));
#5066 = CARTESIAN_POINT('',(1.875,-3.247595264192));
#5067 = CARTESIAN_POINT('',(0.375,-4.113620667976));
#5068 = CARTESIAN_POINT('',(0.375,-2.381569860407));
#5069 = ( GEOMETRIC_REPRESENTATION_CONTEXT(2) 
PARAMETRIC_REPRESENTATION_CONTEXT() REPRESENTATION_CONTEXT('2D SPACE',''
  ) );
#5070 = PCURVE('',#4739,#5071);
#5071 = DEFINITIONAL_REPRESENTATION('',(#5072),#5076);
#5072 = LINE('',#5073,#5074);
#5073 = CARTESIAN_POINT('',(0.,-5.15));
#5074 = VECTOR('',#5075,1.);
#5075 = DIRECTION('',(1.,0.));
#5076 = ( GEOMETRIC_REPRESENTATION_CONTEXT(2) 
PARAMETRIC_REPRESENTATION_CONTEXT() REPRESENTATION_CONTEXT('2D SPACE',''
  ) );
#5077 = FACE_BOUND('',#5078,.T.);
#5078 = EDGE_LOOP('',(#5079));
#5079 = ORIENTED_EDGE('',*,*,#5080,.T.);
#5080 = EDGE_CURVE('',#5081,#5081,#5083,.T.);
#5081 = VERTEX_POINT('',#5082);
#5082 = CARTESIAN_POINT('',(8.75,-2.375,2.381569860407));
#5083 = SURFACE_CURVE('',#5084,(#5089,#5100),.PCURVE_S1.);
#5084 = CIRCLE('',#5085,1.);
#5085 = AXIS2_PLACEMENT_3D('',#5086,#5087,#5088);
#5086 = CARTESIAN_POINT('',(8.75,-1.375,2.381569860407));
#5087 = DIRECTION('',(-1.,0.,0.));
#5088 = DIRECTION('',(0.,-1.,0.));
#5089 = PCURVE('',#4545,#5090);
#5090 = DEFINITIONAL_REPRESENTATION('',(#5091),#5099);
#5091 = ( BOUNDED_CURVE() B_SPLINE_CURVE(2,(#5092,#5093,#5094,#5095,
#5096,#5097,#5098),.UNSPECIFIED.,.T.,.F.) B_SPLINE_CURVE_WITH_KNOTS((1,2
    ,2,2,2,1),(-2.094395102393,0.,2.094395102393,4.188790204786,
6.28318530718,8.377580409573),.UNSPECIFIED.) CURVE() 
GEOMETRIC_REPRESENTATION_ITEM() RATIONAL_B_SPLINE_CURVE((1.,0.5,1.,0.5,
1.,0.5,1.)) REPRESENTATION_ITEM('') );
#5092 = CARTESIAN_POINT('',(-2.375,2.381569860407));
#5093 = CARTESIAN_POINT('',(-2.375,4.113620667976));
#5094 = CARTESIAN_POINT('',(-0.875,3.247595264192));
#5095 = CARTESIAN_POINT('',(0.625,2.381569860407));
#5096 = CARTESIAN_POINT('',(-0.875,1.515544456623));
#5097 = CARTESIAN_POINT('',(-2.375,0.649519052838));
#5098 = CARTESIAN_POINT('',(-2.375,2.381569860407));
#5099 = ( GEOMETRIC_REPRESENTATION_CONTEXT(2) 
PARAMETRIC_REPRESENTATION_CONTEXT() REPRESENTATION_CONTEXT('2D SPACE',''
  ) );
#5100 = PCURVE('',#4914,#5101);
#5101 = DEFINITIONAL_REPRESENTATION('',(#5102),#5106);
#5102 = LINE('',#5103,#5104);
#5103 = CARTESIAN_POINT('',(0.,-5.15));
#5104 = VECTOR('',#5105,1.);
#5105 = DIRECTION('',(1.,0.));
#5106 = ( GEOMETRIC_REPRESENTATION_CONTEXT(2) 
PARAMETRIC_REPRESENTATION_CONTEXT() REPRESENTATION_CONTEXT('2D SPACE',''
  ) );
#5107 = FACE_BOUND('',#5108,.T.);
#5108 = EDGE_LOOP('',(#5109));
#5109 = ORIENTED_EDGE('',*,*,#5110,.T.);
#5110 = EDGE_CURVE('',#5111,#5111,#5113,.T.);
#5111 = VERTEX_POINT('',#5112);
#5112 = CARTESIAN_POINT('',(8.75,1.75,2.E-15));
#5113 = SURFACE_CURVE('',#5114,(#5119,#5130),.PCURVE_S1.);
#5114 = CIRCLE('',#5115,1.);
#5115 = AXIS2_PLACEMENT_3D('',#5116,#5117,#5118);
#5116 = CARTESIAN_POINT('',(8.75,2.75,2.22E-15));
#5117 = DIRECTION('',(-1.,0.,0.));
#5118 = DIRECTION('',(0.,-1.,0.));
#5119 = PCURVE('',#4545,#5120);
#5120 = DEFINITIONAL_REPRESENTATION('',(#5121),#5129);
#5121 = ( BOUNDED_CURVE() B_SPLINE_CURVE(2,(#5122,#5123,#5124,#5125,
#5126,#5127,#5128),.UNSPECIFIED.,.T.,.F.) B_SPLINE_CURVE_WITH_KNOTS((1,2
    ,2,2,2,1),(-2.094395102393,0.,2.094395102393,4.188790204786,
6.28318530718,8.377580409573),.UNSPECIFIED.) CURVE() 
GEOMETRIC_REPRESENTATION_ITEM() RATIONAL_B_SPLINE_CURVE((1.,0.5,1.,0.5,
1.,0.5,1.)) REPRESENTATION_ITEM('') );
#5122 = CARTESIAN_POINT('',(1.75,2.22E-15));
#5123 = CARTESIAN_POINT('',(1.75,1.732050807569));
#5124 = CARTESIAN_POINT('',(3.25,0.866025403784));
#5125 = CARTESIAN_POINT('',(4.75,2.464929359829E-15));
#5126 = CARTESIAN_POINT('',(3.25,-0.866025403784));
#5127 = CARTESIAN_POINT('',(1.75,-1.732050807569));
#5128 = CARTESIAN_POINT('',(1.75,2.22E-15));
#5129 = ( GEOMETRIC_REPRESENTATION_CONTEXT(2) 
PARAMETRIC_REPRESENTATION_CONTEXT() REPRESENTATION_CONTEXT('2D SPACE',''
  ) );
#5130 = PCURVE('',#4844,#5131);
#5131 = DEFINITIONAL_REPRESENTATION('',(#5132),#5136);
#5132 = LINE('',#5133,#5134);
#5133 = CARTESIAN_POINT('',(0.,-5.15));
#5134 = VECTOR('',#5135,1.);
#5135 = DIRECTION('',(1.,0.));
#5136 = ( GEOMETRIC_REPRESENTATION_CONTEXT(2) 
PARAMETRIC_REPRESENTATION_CONTEXT() REPRESENTATION_CONTEXT('2D SPACE',''
  ) );
#5137 = FACE_BOUND('',#5138,.T.);
#5138 = EDGE_LOOP('',(#5139));
#5139 = ORIENTED_EDGE('',*,*,#5140,.T.);
#5140 = EDGE_CURVE('',#5141,#5141,#5143,.T.);
#5141 = VERTEX_POINT('',#5142);
#5142 = CARTESIAN_POINT('',(8.75,0.375,2.381569860407));
#5143 = SURFACE_CURVE('',#5144,(#5149,#5160),.PCURVE_S1.);
#5144 = CIRCLE('',#5145,1.);
#5145 = AXIS2_PLACEMENT_3D('',#5146,#5147,#5148);
#5146 = CARTESIAN_POINT('',(8.75,1.375,2.381569860407));
#5147 = DIRECTION('',(-1.,0.,0.));
#5148 = DIRECTION('',(0.,-1.,0.));
#5149 = PCURVE('',#4545,#5150);
#5150 = DEFINITIONAL_REPRESENTATION('',(#5151),#5159);
#5151 = ( BOUNDED_CURVE() B_SPLINE_CURVE(2,(#5152,#5153,#5154,#5155,
#5156,#5157,#5158),.UNSPECIFIED.,.T.,.F.) B_SPLINE_CURVE_WITH_KNOTS((1,2
    ,2,2,2,1),(-2.094395102393,0.,2.094395102393,4.188790204786,
6.28318530718,8.377580409573),.UNSPECIFIED.) CURVE() 
GEOMETRIC_REPRESENTATION_ITEM() RATIONAL_B_SPLINE_CURVE((1.,0.5,1.,0.5,
1.,0.5,1.)) REPRESENTATION_ITEM('') );
#5152 = CARTESIAN_POINT('',(0.375,2.381569860407));
#5153 = CARTESIAN_POINT('',(0.375,4.113620667976));
#5154 = CARTESIAN_POINT('',(1.875,3.247595264192));
#5155 = CARTESIAN_POINT('',(3.375,2.381569860407));
#5156 = CARTESIAN_POINT('',(1.875,1.515544456623));
#5157 = CARTESIAN_POINT('',(0.375,0.649519052838));
#5158 = CARTESIAN_POINT('',(0.375,2.381569860407));
#5159 = ( GEOMETRIC_REPRESENTATION_CONTEXT(2) 
PARAMETRIC_REPRESENTATION_CONTEXT() REPRESENTATION_CONTEXT('2D SPACE',''
  ) );
#5160 = PCURVE('',#4879,#5161);
#5161 = DEFINITIONAL_REPRESENTATION('',(#5162),#5166);
#5162 = LINE('',#5163,#5164);
#5163 = CARTESIAN_POINT('',(0.,-5.15));
#5164 = VECTOR('',#5165,1.);
#5165 = DIRECTION('',(1.,0.));
#5166 = ( GEOMETRIC_REPRESENTATION_CONTEXT(2) 
PARAMETRIC_REPRESENTATION_CONTEXT() REPRESENTATION_CONTEXT('2D SPACE',''
  ) );
#5167 = ADVANCED_FACE('',(#5168),#4739,.F.);
#5168 = FACE_BOUND('',#5169,.F.);
#5169 = EDGE_LOOP('',(#5170,#5171,#5192,#5193));
#5170 = ORIENTED_EDGE('',*,*,#4718,.F.);
#5171 = ORIENTED_EDGE('',*,*,#5172,.T.);
#5172 = EDGE_CURVE('',#4719,#5051,#5173,.T.);
#5173 = SEAM_CURVE('',#5174,(#5178,#5185),.PCURVE_S1.);
#5174 = LINE('',#5175,#5176);
#5175 = CARTESIAN_POINT('',(3.6,0.375,-2.381569860407));
#5176 = VECTOR('',#5177,1.);
#5177 = DIRECTION('',(1.,0.,0.));
#5178 = PCURVE('',#4739,#5179);
#5179 = DEFINITIONAL_REPRESENTATION('',(#5180),#5184);
#5180 = LINE('',#5181,#5182);
#5181 = CARTESIAN_POINT('',(6.28318530718,0.));
#5182 = VECTOR('',#5183,1.);
#5183 = DIRECTION('',(0.,-1.));
#5184 = ( GEOMETRIC_REPRESENTATION_CONTEXT(2) 
PARAMETRIC_REPRESENTATION_CONTEXT() REPRESENTATION_CONTEXT('2D SPACE',''
  ) );
#5185 = PCURVE('',#4739,#5186);
#5186 = DEFINITIONAL_REPRESENTATION('',(#5187),#5191);
#5187 = LINE('',#5188,#5189);
#5188 = CARTESIAN_POINT('',(0.,0.));
#5189 = VECTOR('',#5190,1.);
#5190 = DIRECTION('',(0.,-1.));
#5191 = ( GEOMETRIC_REPRESENTATION_CONTEXT(2) 
PARAMETRIC_REPRESENTATION_CONTEXT() REPRESENTATION_CONTEXT('2D SPACE',''
  ) );
#5192 = ORIENTED_EDGE('',*,*,#5050,.T.);
#5193 = ORIENTED_EDGE('',*,*,#5172,.F.);
#5194 = ADVANCED_FACE('',(#5195),#4774,.F.);
#5195 = FACE_BOUND('',#5196,.F.);
#5196 = EDGE_LOOP('',(#5197,#5198,#5219,#5220));
#5197 = ORIENTED_EDGE('',*,*,#4753,.F.);
#5198 = ORIENTED_EDGE('',*,*,#5199,.T.);
#5199 = EDGE_CURVE('',#4754,#4991,#5200,.T.);
#5200 = SEAM_CURVE('',#5201,(#5205,#5212),.PCURVE_S1.);
#5201 = LINE('',#5202,#5203);
#5202 = CARTESIAN_POINT('',(3.6,-2.375,-2.381569860407));
#5203 = VECTOR('',#5204,1.);
#5204 = DIRECTION('',(1.,0.,0.));
#5205 = PCURVE('',#4774,#5206);
#5206 = DEFINITIONAL_REPRESENTATION('',(#5207),#5211);
#5207 = LINE('',#5208,#5209);
#5208 = CARTESIAN_POINT('',(6.28318530718,0.));
#5209 = VECTOR('',#5210,1.);
#5210 = DIRECTION('',(0.,-1.));
#5211 = ( GEOMETRIC_REPRESENTATION_CONTEXT(2) 
PARAMETRIC_REPRESENTATION_CONTEXT() REPRESENTATION_CONTEXT('2D SPACE',''
  ) );
#5212 = PCURVE('',#4774,#5213);
#5213 = DEFINITIONAL_REPRESENTATION('',(#5214),#5218);
#5214 = LINE('',#5215,#5216);
#5215 = CARTESIAN_POINT('',(0.,0.));
#5216 = VECTOR('',#5217,1.);
#5217 = DIRECTION('',(0.,-1.));
#5218 = ( GEOMETRIC_REPRESENTATION_CONTEXT(2) 
PARAMETRIC_REPRESENTATION_CONTEXT() REPRESENTATION_CONTEXT('2D SPACE',''
  ) );
#5219 = ORIENTED_EDGE('',*,*,#4990,.T.);
#5220 = ORIENTED_EDGE('',*,*,#5199,.F.);
#5221 = ADVANCED_FACE('',(#5222),#4809,.F.);
#5222 = FACE_BOUND('',#5223,.F.);
#5223 = EDGE_LOOP('',(#5224,#5225,#5246,#5247));
#5224 = ORIENTED_EDGE('',*,*,#4788,.F.);
#5225 = ORIENTED_EDGE('',*,*,#5226,.T.);
#5226 = EDGE_CURVE('',#4789,#5021,#5227,.T.);
#5227 = SEAM_CURVE('',#5228,(#5232,#5239),.PCURVE_S1.);
#5228 = LINE('',#5229,#5230);
#5229 = CARTESIAN_POINT('',(3.6,-1.,0.));
#5230 = VECTOR('',#5231,1.);
#5231 = DIRECTION('',(1.,0.,0.));
#5232 = PCURVE('',#4809,#5233);
#5233 = DEFINITIONAL_REPRESENTATION('',(#5234),#5238);
#5234 = LINE('',#5235,#5236);
#5235 = CARTESIAN_POINT('',(6.28318530718,0.));
#5236 = VECTOR('',#5237,1.);
#5237 = DIRECTION('',(0.,-1.));
#5238 = ( GEOMETRIC_REPRESENTATION_CONTEXT(2) 
PARAMETRIC_REPRESENTATION_CONTEXT() REPRESENTATION_CONTEXT('2D SPACE',''
  ) );
#5239 = PCURVE('',#4809,#5240);
#5240 = DEFINITIONAL_REPRESENTATION('',(#5241),#5245);
#5241 = LINE('',#5242,#5243);
#5242 = CARTESIAN_POINT('',(0.,0.));
#5243 = VECTOR('',#5244,1.);
#5244 = DIRECTION('',(0.,-1.));
#5245 = ( GEOMETRIC_REPRESENTATION_CONTEXT(2) 
PARAMETRIC_REPRESENTATION_CONTEXT() REPRESENTATION_CONTEXT('2D SPACE',''
  ) );
#5246 = ORIENTED_EDGE('',*,*,#5020,.T.);
#5247 = ORIENTED_EDGE('',*,*,#5226,.F.);
#5248 = ADVANCED_FACE('',(#5249),#4844,.F.);
#5249 = FACE_BOUND('',#5250,.F.);
#5250 = EDGE_LOOP('',(#5251,#5252,#5273,#5274));
#5251 = ORIENTED_EDGE('',*,*,#4823,.F.);
#5252 = ORIENTED_EDGE('',*,*,#5253,.T.);
#5253 = EDGE_CURVE('',#4824,#5111,#5254,.T.);
#5254 = SEAM_CURVE('',#5255,(#5259,#5266),.PCURVE_S1.);
#5255 = LINE('',#5256,#5257);
#5256 = CARTESIAN_POINT('',(3.6,1.75,2.22E-15));
#5257 = VECTOR('',#5258,1.);
#5258 = DIRECTION('',(1.,0.,0.));
#5259 = PCURVE('',#4844,#5260);
#5260 = DEFINITIONAL_REPRESENTATION('',(#5261),#5265);
#5261 = LINE('',#5262,#5263);
#5262 = CARTESIAN_POINT('',(6.28318530718,0.));
#5263 = VECTOR('',#5264,1.);
#5264 = DIRECTION('',(0.,-1.));
#5265 = ( GEOMETRIC_REPRESENTATION_CONTEXT(2) 
PARAMETRIC_REPRESENTATION_CONTEXT() REPRESENTATION_CONTEXT('2D SPACE',''
  ) );
#5266 = PCURVE('',#4844,#5267);
#5267 = DEFINITIONAL_REPRESENTATION('',(#5268),#5272);
#5268 = LINE('',#5269,#5270);
#5269 = CARTESIAN_POINT('',(0.,0.));
#5270 = VECTOR('',#5271,1.);
#5271 = DIRECTION('',(0.,-1.));
#5272 = ( GEOMETRIC_REPRESENTATION_CONTEXT(2) 
PARAMETRIC_REPRESENTATION_CONTEXT() REPRESENTATION_CONTEXT('2D SPACE',''
  ) );
#5273 = ORIENTED_EDGE('',*,*,#5110,.T.);
#5274 = ORIENTED_EDGE('',*,*,#5253,.F.);
#5275 = ADVANCED_FACE('',(#5276),#4879,.F.);
#5276 = FACE_BOUND('',#5277,.F.);
#5277 = EDGE_LOOP('',(#5278,#5279,#5300,#5301));
#5278 = ORIENTED_EDGE('',*,*,#4858,.F.);
#5279 = ORIENTED_EDGE('',*,*,#5280,.T.);
#5280 = EDGE_CURVE('',#4859,#5141,#5281,.T.);
#5281 = SEAM_CURVE('',#5282,(#5286,#5293),.PCURVE_S1.);
#5282 = LINE('',#5283,#5284);
#5283 = CARTESIAN_POINT('',(3.6,0.375,2.381569860407));
#5284 = VECTOR('',#5285,1.);
#5285 = DIRECTION('',(1.,0.,0.));
#5286 = PCURVE('',#4879,#5287);
#5287 = DEFINITIONAL_REPRESENTATION('',(#5288),#5292);
#5288 = LINE('',#5289,#5290);
#5289 = CARTESIAN_POINT('',(6.28318530718,0.));
#5290 = VECTOR('',#5291,1.);
#5291 = DIRECTION('',(0.,-1.));
#5292 = ( GEOMETRIC_REPRESENTATION_CONTEXT(2) 
PARAMETRIC_REPRESENTATION_CONTEXT() REPRESENTATION_CONTEXT('2D SPACE',''
  ) );
#5293 = PCURVE('',#4879,#5294);
#5294 = DEFINITIONAL_REPRESENTATION('',(#5295),#5299);
#5295 = LINE('',#5296,#5297);
#5296 = CARTESIAN_POINT('',(0.,0.));
#5297 = VECTOR('',#5298,1.);
#5298 = DIRECTION('',(0.,-1.));
#5299 = ( GEOMETRIC_REPRESENTATION_CONTEXT(2) 
PARAMETRIC_REPRESENTATION_CONTEXT() REPRESENTATION_CONTEXT('2D SPACE',''
  ) );
#5300 = ORIENTED_EDGE('',*,*,#5140,.T.);
#5301 = ORIENTED_EDGE('',*,*,#5280,.F.);
#5302 = ADVANCED_FACE('',(#5303),#4914,.F.);
#5303 = FACE_BOUND('',#5304,.F.);
#5304 = EDGE_LOOP('',(#5305,#5306,#5327,#5328));
#5305 = ORIENTED_EDGE('',*,*,#4893,.F.);
#5306 = ORIENTED_EDGE('',*,*,#5307,.T.);
#5307 = EDGE_CURVE('',#4894,#5081,#5308,.T.);
#5308 = SEAM_CURVE('',#5309,(#5313,#5320),.PCURVE_S1.);
#5309 = LINE('',#5310,#5311);
#5310 = CARTESIAN_POINT('',(3.6,-2.375,2.381569860407));
#5311 = VECTOR('',#5312,1.);
#5312 = DIRECTION('',(1.,0.,0.));
#5313 = PCURVE('',#4914,#5314);
#5314 = DEFINITIONAL_REPRESENTATION('',(#5315),#5319);
#5315 = LINE('',#5316,#5317);
#5316 = CARTESIAN_POINT('',(6.28318530718,0.));
#5317 = VECTOR('',#5318,1.);
#5318 = DIRECTION('',(0.,-1.));
#5319 = ( GEOMETRIC_REPRESENTATION_CONTEXT(2) 
PARAMETRIC_REPRESENTATION_CONTEXT() REPRESENTATION_CONTEXT('2D SPACE',''
  ) );
#5320 = PCURVE('',#4914,#5321);
#5321 = DEFINITIONAL_REPRESENTATION('',(#5322),#5326);
#5322 = LINE('',#5323,#5324);
#5323 = CARTESIAN_POINT('',(0.,0.));
#5324 = VECTOR('',#5325,1.);
#5325 = DIRECTION('',(0.,-1.));
#5326 = ( GEOMETRIC_REPRESENTATION_CONTEXT(2) 
PARAMETRIC_REPRESENTATION_CONTEXT() REPRESENTATION_CONTEXT('2D SPACE',''
  ) );
#5327 = ORIENTED_EDGE('',*,*,#5080,.T.);
#5328 = ORIENTED_EDGE('',*,*,#5307,.F.);
#5329 = ( GEOMETRIC_REPRESENTATION_CONTEXT(3) 
GLOBAL_UNCERTAINTY_ASSIGNED_CONTEXT((#5333)) 
GLOBAL_UNIT_ASSIGNED_CONTEXT((#5330,#5331,#5332)) REPRESENTATION_CONTEXT
('Context #1','3D Context with UNIT and UNCERTAINTY') );
#5330 = ( LENGTH_UNIT() NAMED_UNIT(*) SI_UNIT(.MILLI.,.METRE.) );
#5331 = ( NAMED_UNIT(*) PLANE_ANGLE_UNIT() SI_UNIT($,.RADIAN.) );
#5332 = ( NAMED_UNIT(*) SI_UNIT($,.STERADIAN.) SOLID_ANGLE_UNIT() );
#5333 = UNCERTAINTY_MEASURE_WITH_UNIT(LENGTH_MEASURE(1.E-07),#5330,
  'distance_accuracy_value','confusion accuracy');
#5334 = CONTEXT_DEPENDENT_SHAPE_REPRESENTATION(#5335,#5337);
#5335 = ( REPRESENTATION_RELATIONSHIP('','',#4322,#10) 
REPRESENTATION_RELATIONSHIP_WITH_TRANSFORMATION(#5336) 
SHAPE_REPRESENTATION_RELATIONSHIP() );
#5336 = ITEM_DEFINED_TRANSFORMATION('','',#11,#23);
#5337 = PRODUCT_DEFINITION_SHAPE('Placement','Placement of an item',
  #5338);
#5338 = NEXT_ASSEMBLY_USAGE_OCCURRENCE('79','Body002','',#5,#4317,$);
#5339 = PRODUCT_RELATED_PRODUCT_CATEGORY('part',$,(#4319));
#5340 = SHAPE_DEFINITION_REPRESENTATION(#5341,#5347);
#5341 = PRODUCT_DEFINITION_SHAPE('','',#5342);
#5342 = PRODUCT_DEFINITION('design','',#5343,#5346);
#5343 = PRODUCT_DEFINITION_FORMATION('','',#5344);
#5344 = PRODUCT('Body004','Body004','',(#5345));
#5345 = PRODUCT_CONTEXT('',#2,'mechanical');
#5346 = PRODUCT_DEFINITION_CONTEXT('part definition',#2,'design');
#5347 = ADVANCED_BREP_SHAPE_REPRESENTATION('',(#11,#5348),#5364);
#5348 = MANIFOLD_SOLID_BREP('',#5349);
#5349 = CLOSED_SHELL('',(#5350));
#5350 = ADVANCED_FACE('',(#5351),#5355,.F.);
#5351 = FACE_BOUND('',#5352,.F.);
#5352 = VERTEX_LOOP('',#5353);
#5353 = VERTEX_POINT('',#5354);
#5354 = CARTESIAN_POINT('',(1.,6.,0.));
#5355 = SURFACE_OF_REVOLUTION('',#5356,#5361);
#5356 = CIRCLE('',#5357,0.5);
#5357 = AXIS2_PLACEMENT_3D('',#5358,#5359,#5360);
#5358 = CARTESIAN_POINT('',(0.5,6.,0.));
#5359 = DIRECTION('',(0.,0.,1.));
#5360 = DIRECTION('',(1.,0.,-0.));
#5361 = AXIS1_PLACEMENT('',#5362,#5363);
#5362 = CARTESIAN_POINT('',(0.,0.,0.));
#5363 = DIRECTION('',(1.,0.,0.));
#5364 = ( GEOMETRIC_REPRESENTATION_CONTEXT(3) 
GLOBAL_UNCERTAINTY_ASSIGNED_CONTEXT((#5368)) 
GLOBAL_UNIT_ASSIGNED_CONTEXT((#5365,#5366,#5367)) REPRESENTATION_CONTEXT
('Context #1','3D Context with UNIT and UNCERTAINTY') );
#5365 = ( LENGTH_UNIT() NAMED_UNIT(*) SI_UNIT(.MILLI.,.METRE.) );
#5366 = ( NAMED_UNIT(*) PLANE_ANGLE_UNIT() SI_UNIT($,.RADIAN.) );
#5367 = ( NAMED_UNIT(*) SI_UNIT($,.STERADIAN.) SOLID_ANGLE_UNIT() );
#5368 = UNCERTAINTY_MEASURE_WITH_UNIT(LENGTH_MEASURE(1.E-07),#5365,
  'distance_accuracy_value','confusion accuracy');
#5369 = CONTEXT_DEPENDENT_SHAPE_REPRESENTATION(#5370,#5372);
#5370 = ( REPRESENTATION_RELATIONSHIP('','',#5347,#10) 
REPRESENTATION_RELATIONSHIP_WITH_TRANSFORMATION(#5371) 
SHAPE_REPRESENTATION_RELATIONSHIP() );
#5371 = ITEM_DEFINED_TRANSFORMATION('','',#11,#27);
#5372 = PRODUCT_DEFINITION_SHAPE('Placement','Placement of an item',
  #5373);
#5373 = NEXT_ASSEMBLY_USAGE_OCCURRENCE('80','Body004','',#5,#5342,$);
#5374 = PRODUCT_RELATED_PRODUCT_CATEGORY('part',$,(#5344));
#5375 = SHAPE_DEFINITION_REPRESENTATION(#5376,#5382);
#5376 = PRODUCT_DEFINITION_SHAPE('','',#5377);
#5377 = PRODUCT_DEFINITION('design','',#5378,#5381);
#5378 = PRODUCT_DEFINITION_FORMATION('','',#5379);
#5379 = PRODUCT('Array','Array','',(#5380));
#5380 = PRODUCT_CONTEXT('',#2,'mechanical');
#5381 = PRODUCT_DEFINITION_CONTEXT('part definition',#2,'design');
#5382 = SHAPE_REPRESENTATION('',(#11,#5383,#5387,#5391,#5395,#5399),
  #5403);
#5383 = AXIS2_PLACEMENT_3D('',#5384,#5385,#5386);
#5384 = CARTESIAN_POINT('',(0.,-1.375,-2.381569860407));
#5385 = DIRECTION('',(0.,0.866025403784,-0.5));
#5386 = DIRECTION('',(1.,0.,0.));
#5387 = AXIS2_PLACEMENT_3D('',#5388,#5389,#5390);
#5388 = CARTESIAN_POINT('',(0.,1.375,-2.381569860407));
#5389 = DIRECTION('',(-0.,0.866025403784,0.5));
#5390 = DIRECTION('',(1.,0.,0.));
#5391 = AXIS2_PLACEMENT_3D('',#5392,#5393,#5394);
#5392 = CARTESIAN_POINT('',(0.,2.75,1.998401444325E-15));
#5393 = DIRECTION('',(-0.,3.330669073875E-16,1.));
#5394 = DIRECTION('',(1.,0.,0.));
#5395 = AXIS2_PLACEMENT_3D('',#5396,#5397,#5398);
#5396 = CARTESIAN_POINT('',(0.,1.375,2.381569860407));
#5397 = DIRECTION('',(0.,-0.866025403784,0.5));
#5398 = DIRECTION('',(1.,0.,0.));
#5399 = AXIS2_PLACEMENT_3D('',#5400,#5401,#5402);
#5400 = CARTESIAN_POINT('',(0.,-1.375,2.381569860407));
#5401 = DIRECTION('',(0.,-0.866025403784,-0.5));
#5402 = DIRECTION('',(1.,0.,0.));
#5403 = ( GEOMETRIC_REPRESENTATION_CONTEXT(3) 
GLOBAL_UNCERTAINTY_ASSIGNED_CONTEXT((#5407)) 
GLOBAL_UNIT_ASSIGNED_CONTEXT((#5404,#5405,#5406)) REPRESENTATION_CONTEXT
('Context #1','3D Context with UNIT and UNCERTAINTY') );
#5404 = ( LENGTH_UNIT() NAMED_UNIT(*) SI_UNIT(.MILLI.,.METRE.) );
#5405 = ( NAMED_UNIT(*) PLANE_ANGLE_UNIT() SI_UNIT($,.RADIAN.) );
#5406 = ( NAMED_UNIT(*) SI_UNIT($,.STERADIAN.) SOLID_ANGLE_UNIT() );
#5407 = UNCERTAINTY_MEASURE_WITH_UNIT(LENGTH_MEASURE(1.E-07),#5404,
  'distance_accuracy_value','confusion accuracy');
#5408 = CONTEXT_DEPENDENT_SHAPE_REPRESENTATION(#5409,#5411);
#5409 = ( REPRESENTATION_RELATIONSHIP('','',#5382,#10) 
REPRESENTATION_RELATIONSHIP_WITH_TRANSFORMATION(#5410) 
SHAPE_REPRESENTATION_RELATIONSHIP() );
#5410 = ITEM_DEFINED_TRANSFORMATION('','',#11,#31);
#5411 = PRODUCT_DEFINITION_SHAPE('Placement','Placement of an item',
  #5412);
#5412 = NEXT_ASSEMBLY_USAGE_OCCURRENCE('86','Array','',#5,#5377,$);
#5413 = PRODUCT_RELATED_PRODUCT_CATEGORY('part',$,(#5379));
#5414 = SHAPE_DEFINITION_REPRESENTATION(#5415,#5421);
#5415 = PRODUCT_DEFINITION_SHAPE('','',#5416);
#5416 = PRODUCT_DEFINITION('design','',#5417,#5420);
#5417 = PRODUCT_DEFINITION_FORMATION('','',#5418);
#5418 = PRODUCT('Body003','Body003','',(#5419));
#5419 = PRODUCT_CONTEXT('',#2,'mechanical');
#5420 = PRODUCT_DEFINITION_CONTEXT('part definition',#2,'design');
#5421 = ADVANCED_BREP_SHAPE_REPRESENTATION('',(#11,#5422),#6655);
#5422 = MANIFOLD_SOLID_BREP('',#5423);
#5423 = CLOSED_SHELL('',(#5424,#5821,#5897,#5950,#6227,#6277,#6330,#6358
    ,#6385,#6446,#6481,#6536,#6571,#6626));
#5424 = ADVANCED_FACE('',(#5425),#5439,.F.);
#5425 = FACE_BOUND('',#5426,.F.);
#5426 = EDGE_LOOP('',(#5427,#5462,#5559,#5582,#5609,#5610,#5702,#5730,
    #5762,#5791));
#5427 = ORIENTED_EDGE('',*,*,#5428,.F.);
#5428 = EDGE_CURVE('',#5429,#5431,#5433,.T.);
#5429 = VERTEX_POINT('',#5430);
#5430 = CARTESIAN_POINT('',(11.45,0.,0.4));
#5431 = VERTEX_POINT('',#5432);
#5432 = CARTESIAN_POINT('',(13.65,0.,0.4));
#5433 = SURFACE_CURVE('',#5434,(#5438,#5450),.PCURVE_S1.);
#5434 = LINE('',#5435,#5436);
#5435 = CARTESIAN_POINT('',(9.75,0.,0.4));
#5436 = VECTOR('',#5437,1.);
#5437 = DIRECTION('',(1.,0.,0.));
#5438 = PCURVE('',#5439,#5444);
#5439 = CYLINDRICAL_SURFACE('',#5440,0.4);
#5440 = AXIS2_PLACEMENT_3D('',#5441,#5442,#5443);
#5441 = CARTESIAN_POINT('',(9.75,0.,0.));
#5442 = DIRECTION('',(1.,0.,0.));
#5443 = DIRECTION('',(0.,1.,0.));
#5444 = DEFINITIONAL_REPRESENTATION('',(#5445),#5449);
#5445 = LINE('',#5446,#5447);
#5446 = CARTESIAN_POINT('',(1.570796326795,0.));
#5447 = VECTOR('',#5448,1.);
#5448 = DIRECTION('',(0.,1.));
#5449 = ( GEOMETRIC_REPRESENTATION_CONTEXT(2) 
PARAMETRIC_REPRESENTATION_CONTEXT() REPRESENTATION_CONTEXT('2D SPACE',''
  ) );
#5450 = PCURVE('',#5451,#5456);
#5451 = PLANE('',#5452);
#5452 = AXIS2_PLACEMENT_3D('',#5453,#5454,#5455);
#5453 = CARTESIAN_POINT('',(11.45,0.,20.973070119799));
#5454 = DIRECTION('',(0.,-1.,0.));
#5455 = DIRECTION('',(1.,0.,0.));
#5456 = DEFINITIONAL_REPRESENTATION('',(#5457),#5461);
#5457 = LINE('',#5458,#5459);
#5458 = CARTESIAN_POINT('',(-1.7,-20.57307011979));
#5459 = VECTOR('',#5460,1.);
#5460 = DIRECTION('',(1.,0.));
#5461 = ( GEOMETRIC_REPRESENTATION_CONTEXT(2) 
PARAMETRIC_REPRESENTATION_CONTEXT() REPRESENTATION_CONTEXT('2D SPACE',''
  ) );
#5462 = ORIENTED_EDGE('',*,*,#5463,.F.);
#5463 = EDGE_CURVE('',#5464,#5429,#5466,.T.);
#5464 = VERTEX_POINT('',#5465);
#5465 = CARTESIAN_POINT('',(10.65,0.4,0.));
#5466 = SURFACE_CURVE('',#5467,(#5494,#5524),.PCURVE_S1.);
#5467 = B_SPLINE_CURVE_WITH_KNOTS('',7,(#5468,#5469,#5470,#5471,#5472,
    #5473,#5474,#5475,#5476,#5477,#5478,#5479,#5480,#5481,#5482,#5483,
    #5484,#5485,#5486,#5487,#5488,#5489,#5490,#5491,#5492,#5493),
  .UNSPECIFIED.,.F.,.F.,(8,6,6,6,8),(0.,0.288794524564,0.653784496717,
    0.782229155498,1.),.UNSPECIFIED.);
#5468 = CARTESIAN_POINT('',(10.65,0.4,-5.E-17));
#5469 = CARTESIAN_POINT('',(10.65,0.4,3.616168067003E-02));
#5470 = CARTESIAN_POINT('',(10.652860852538,0.396185988791,
    7.236553411215E-02));
#5471 = CARTESIAN_POINT('',(10.658592769055,0.388541840623,
    0.107990465036));
#5472 = CARTESIAN_POINT('',(10.667267909283,0.377215796172,
    0.142424478246));
#5473 = CARTESIAN_POINT('',(10.6790194783,0.362506234351,0.175115937208)
  );
#5474 = CARTESIAN_POINT('',(10.694021508313,0.34483498889,0.205612912729
    ));
#5475 = CARTESIAN_POINT('',(10.735739130896,0.299271187984,
    0.268949959856));
#5476 = CARTESIAN_POINT('',(10.764436289504,0.269983430154,
    0.300185934156));
#5477 = CARTESIAN_POINT('',(10.798787744959,0.237966274896,
    0.326600189358));
#5478 = CARTESIAN_POINT('',(10.838993053035,0.204574744028,
    0.347904683491));
#5479 = CARTESIAN_POINT('',(10.885062539132,0.171248788244,
    0.364225894793));
#5480 = CARTESIAN_POINT('',(10.936741510881,0.139402973637,0.37614238907
    ));
#5481 = CARTESIAN_POINT('',(11.013395247251,0.100067069677,
    0.387427485913));
#5482 = CARTESIAN_POINT('',(11.033993886096,9.015617610318E-02,
    0.389926536541));
#5483 = CARTESIAN_POINT('',(11.055220936131,8.062726538859E-02,
    0.392022416658));
#5484 = CARTESIAN_POINT('',(11.077057149669,7.153188322804E-02,
    0.393754430375));
#5485 = CARTESIAN_POINT('',(11.099480672227,6.291956214832E-02,
    0.395164408589));
#5486 = CARTESIAN_POINT('',(11.122466986391,5.483771434988E-02,
    0.396295304123));
#5487 = CARTESIAN_POINT('',(11.185868889481,3.460519316519E-02,
    0.398706333068));
#5488 = CARTESIAN_POINT('',(11.227471639545,2.347506391075E-02,
    0.399550359012));
#5489 = CARTESIAN_POINT('',(11.270479621661,1.425614146866E-02,
    0.399909017153));
#5490 = CARTESIAN_POINT('',(11.3145639389,7.179822688834E-03,
    0.400000302575));
#5491 = CARTESIAN_POINT('',(11.359393959045,2.400017010666E-03,
    0.399999904019));
#5492 = CARTESIAN_POINT('',(11.404644425262,3.E-17,0.4));
#5493 = CARTESIAN_POINT('',(11.45,6.E-17,0.4));
#5494 = PCURVE('',#5439,#5495);
#5495 = DEFINITIONAL_REPRESENTATION('',(#5496),#5523);
#5496 = B_SPLINE_CURVE_WITH_KNOTS('',7,(#5497,#5498,#5499,#5500,#5501,
    #5502,#5503,#5504,#5505,#5506,#5507,#5508,#5509,#5510,#5511,#5512,
    #5513,#5514,#5515,#5516,#5517,#5518,#5519,#5520,#5521,#5522),
  .UNSPECIFIED.,.F.,.F.,(8,6,6,6,8),(0.,0.288794524564,0.653784496717,
    0.782229155498,1.),.UNSPECIFIED.);
#5497 = CARTESIAN_POINT('',(0.,0.9));
#5498 = CARTESIAN_POINT('',(9.040420167507E-02,0.9));
#5499 = CARTESIAN_POINT('',(0.180913892126,0.902860852538));
#5500 = CARTESIAN_POINT('',(0.271182847941,0.908592769055));
#5501 = CARTESIAN_POINT('',(0.360901212499,0.917267909283));
#5502 = CARTESIAN_POINT('',(0.449765672974,0.9290194783));
#5503 = CARTESIAN_POINT('',(0.537456111123,0.944021508313));
#5504 = CARTESIAN_POINT('',(0.732514459635,0.985739130896));
#5505 = CARTESIAN_POINT('',(0.838663401609,1.014436289504));
#5506 = CARTESIAN_POINT('',(0.94112477113,1.048787744959));
#5507 = CARTESIAN_POINT('',(1.03894931243,1.088993053035));
#5508 = CARTESIAN_POINT('',(1.130990586899,1.135062539132));
#5509 = CARTESIAN_POINT('',(1.215734032486,1.186741510881));
#5510 = CARTESIAN_POINT('',(1.318040763421,1.263395247251));
#5511 = CARTESIAN_POINT('',(1.343580044388,1.283993886096));
#5512 = CARTESIAN_POINT('',(1.367954555723,1.305220936131));
#5513 = CARTESIAN_POINT('',(1.391086572877,1.327057149669));
#5514 = CARTESIAN_POINT('',(1.412894085973,1.349480672227));
#5515 = CARTESIAN_POINT('',(1.433291381946,1.372466986391));
#5516 = CARTESIAN_POINT('',(1.484230559776,1.435868889481));
#5517 = CARTESIAN_POINT('',(1.512109212861,1.477471639545));
#5518 = CARTESIAN_POINT('',(1.53515728734,1.520479621661));
#5519 = CARTESIAN_POINT('',(1.552845396949,1.5645639389));
#5520 = CARTESIAN_POINT('',(1.564796713115,1.609393959045));
#5521 = CARTESIAN_POINT('',(1.570796326795,1.654644425262));
#5522 = CARTESIAN_POINT('',(1.570796326795,1.7));
#5523 = ( GEOMETRIC_REPRESENTATION_CONTEXT(2) 
PARAMETRIC_REPRESENTATION_CONTEXT() REPRESENTATION_CONTEXT('2D SPACE',''
  ) );
#5524 = PCURVE('',#5525,#5530);
#5525 = CYLINDRICAL_SURFACE('',#5526,1.);
#5526 = AXIS2_PLACEMENT_3D('',#5527,#5528,#5529);
#5527 = CARTESIAN_POINT('',(11.45,1.,20.973070119799));
#5528 = DIRECTION('',(0.,0.,1.));
#5529 = DIRECTION('',(1.,0.,0.));
#5530 = DEFINITIONAL_REPRESENTATION('',(#5531),#5558);
#5531 = B_SPLINE_CURVE_WITH_KNOTS('',7,(#5532,#5533,#5534,#5535,#5536,
    #5537,#5538,#5539,#5540,#5541,#5542,#5543,#5544,#5545,#5546,#5547,
    #5548,#5549,#5550,#5551,#5552,#5553,#5554,#5555,#5556,#5557),
  .UNSPECIFIED.,.F.,.F.,(8,6,6,6,8),(0.,0.288794524564,0.653784496717,
    0.782229155498,1.),.UNSPECIFIED.);
#5532 = CARTESIAN_POINT('',(3.785093762383,-20.97307011979));
#5533 = CARTESIAN_POINT('',(3.785093762383,-20.93690843912));
#5534 = CARTESIAN_POINT('',(3.789861326087,-20.90070458568));
#5535 = CARTESIAN_POINT('',(3.79941633267,-20.86507965476));
#5536 = CARTESIAN_POINT('',(3.813681567693,-20.83064564155));
#5537 = CARTESIAN_POINT('',(3.832500248448,-20.79795418259));
#5538 = CARTESIAN_POINT('',(3.855664231852,-20.76745720707));
#5539 = CARTESIAN_POINT('',(3.917441412001,-20.70412015994));
#5540 = CARTESIAN_POINT('',(3.958421557278,-20.67288418564));
#5541 = CARTESIAN_POINT('',(4.00530021254,-20.64646993044));
#5542 = CARTESIAN_POINT('',(4.057392462235,-20.6251654363));
#5543 = CARTESIAN_POINT('',(4.114018080017,-20.608844225));
#5544 = CARTESIAN_POINT('',(4.174536024982,-20.59692773072));
#5545 = CARTESIAN_POINT('',(4.260693489197,-20.58564263388));
#5546 = CARTESIAN_POINT('',(4.28354486823,-20.58314358325));
#5547 = CARTESIAN_POINT('',(4.306799359084,-20.58104770314));
#5548 = CARTESIAN_POINT('',(4.330437879248,-20.57931568942));
#5549 = CARTESIAN_POINT('',(4.354442893895,-20.57790571121));
#5550 = CARTESIAN_POINT('',(4.378798199648,-20.57677481567));
#5551 = CARTESIAN_POINT('',(4.445350105924,-20.57436378673));
#5552 = CARTESIAN_POINT('',(4.488367430573,-20.57351976078));
#5553 = CARTESIAN_POINT('',(4.532262197372,-20.57316110264));
#5554 = CARTESIAN_POINT('',(4.576800557482,-20.57306981722));
#5555 = CARTESIAN_POINT('',(4.621782927234,-20.57307021578));
#5556 = CARTESIAN_POINT('',(4.667033405646,-20.57307011979));
#5557 = CARTESIAN_POINT('',(4.712388980385,-20.57307011979));
#5558 = ( GEOMETRIC_REPRESENTATION_CONTEXT(2) 
PARAMETRIC_REPRESENTATION_CONTEXT() REPRESENTATION_CONTEXT('2D SPACE',''
  ) );
#5559 = ORIENTED_EDGE('',*,*,#5560,.F.);
#5560 = EDGE_CURVE('',#5561,#5464,#5563,.T.);
#5561 = VERTEX_POINT('',#5562);
#5562 = CARTESIAN_POINT('',(9.75,0.4,0.));
#5563 = SEAM_CURVE('',#5564,(#5568,#5575),.PCURVE_S1.);
#5564 = LINE('',#5565,#5566);
#5565 = CARTESIAN_POINT('',(9.75,0.4,0.));
#5566 = VECTOR('',#5567,1.);
#5567 = DIRECTION('',(1.,0.,0.));
#5568 = PCURVE('',#5439,#5569);
#5569 = DEFINITIONAL_REPRESENTATION('',(#5570),#5574);
#5570 = LINE('',#5571,#5572);
#5571 = CARTESIAN_POINT('',(0.,0.));
#5572 = VECTOR('',#5573,1.);
#5573 = DIRECTION('',(0.,1.));
#5574 = ( GEOMETRIC_REPRESENTATION_CONTEXT(2) 
PARAMETRIC_REPRESENTATION_CONTEXT() REPRESENTATION_CONTEXT('2D SPACE',''
  ) );
#5575 = PCURVE('',#5439,#5576);
#5576 = DEFINITIONAL_REPRESENTATION('',(#5577),#5581);
#5577 = LINE('',#5578,#5579);
#5578 = CARTESIAN_POINT('',(6.28318530718,0.));
#5579 = VECTOR('',#5580,1.);
#5580 = DIRECTION('',(0.,1.));
#5581 = ( GEOMETRIC_REPRESENTATION_CONTEXT(2) 
PARAMETRIC_REPRESENTATION_CONTEXT() REPRESENTATION_CONTEXT('2D SPACE',''
  ) );
#5582 = ORIENTED_EDGE('',*,*,#5583,.T.);
#5583 = EDGE_CURVE('',#5561,#5561,#5584,.T.);
#5584 = SURFACE_CURVE('',#5585,(#5590,#5597),.PCURVE_S1.);
#5585 = CIRCLE('',#5586,0.4);
#5586 = AXIS2_PLACEMENT_3D('',#5587,#5588,#5589);
#5587 = CARTESIAN_POINT('',(9.75,0.,0.));
#5588 = DIRECTION('',(1.,0.,0.));
#5589 = DIRECTION('',(0.,1.,0.));
#5590 = PCURVE('',#5439,#5591);
#5591 = DEFINITIONAL_REPRESENTATION('',(#5592),#5596);
#5592 = LINE('',#5593,#5594);
#5593 = CARTESIAN_POINT('',(0.,0.));
#5594 = VECTOR('',#5595,1.);
#5595 = DIRECTION('',(1.,0.));
#5596 = ( GEOMETRIC_REPRESENTATION_CONTEXT(2) 
PARAMETRIC_REPRESENTATION_CONTEXT() REPRESENTATION_CONTEXT('2D SPACE',''
  ) );
#5597 = PCURVE('',#5598,#5603);
#5598 = CONICAL_SURFACE('',#5599,0.,1.047197551197);
#5599 = AXIS2_PLACEMENT_3D('',#5600,#5601,#5602);
#5600 = CARTESIAN_POINT('',(9.519059892324,0.,0.));
#5601 = DIRECTION('',(1.,0.,0.));
#5602 = DIRECTION('',(0.,1.,0.));
#5603 = DEFINITIONAL_REPRESENTATION('',(#5604),#5608);
#5604 = LINE('',#5605,#5606);
#5605 = CARTESIAN_POINT('',(0.,0.230940107676));
#5606 = VECTOR('',#5607,1.);
#5607 = DIRECTION('',(1.,0.));
#5608 = ( GEOMETRIC_REPRESENTATION_CONTEXT(2) 
PARAMETRIC_REPRESENTATION_CONTEXT() REPRESENTATION_CONTEXT('2D SPACE',''
  ) );
#5609 = ORIENTED_EDGE('',*,*,#5560,.T.);
#5610 = ORIENTED_EDGE('',*,*,#5611,.F.);
#5611 = EDGE_CURVE('',#5612,#5464,#5614,.T.);
#5612 = VERTEX_POINT('',#5613);
#5613 = CARTESIAN_POINT('',(11.45,0.,-0.4));
#5614 = SURFACE_CURVE('',#5615,(#5642,#5672),.PCURVE_S1.);
#5615 = B_SPLINE_CURVE_WITH_KNOTS('',7,(#5616,#5617,#5618,#5619,#5620,
    #5621,#5622,#5623,#5624,#5625,#5626,#5627,#5628,#5629,#5630,#5631,
    #5632,#5633,#5634,#5635,#5636,#5637,#5638,#5639,#5640,#5641),
  .UNSPECIFIED.,.F.,.F.,(8,6,6,6,8),(0.,0.21529586161,0.343216172219,
    0.709233938165,1.),.UNSPECIFIED.);
#5616 = CARTESIAN_POINT('',(11.45,-4.E-17,-0.4));
#5617 = CARTESIAN_POINT('',(11.405148691365,-7.E-17,-0.4));
#5618 = CARTESIAN_POINT('',(11.36043363505,2.346953698414E-03,
    -0.399999888623));
#5619 = CARTESIAN_POINT('',(11.316145848237,7.014978106128E-03,
    -0.400000266842));
#5620 = CARTESIAN_POINT('',(11.272586353711,1.39223353933E-02,
    -0.399913059631));
#5621 = CARTESIAN_POINT('',(11.230062327795,2.292378565621E-02,
    -0.399571270879));
#5622 = CARTESIAN_POINT('',(11.188880763594,3.380352663931E-02,
    -0.398766610726));
#5623 = CARTESIAN_POINT('',(11.12584587891,5.367504697812E-02,
    -0.396452502702));
#5624 = CARTESIAN_POINT('',(11.102880431711,6.165711373144E-02,
    -0.395359738933));
#5625 = CARTESIAN_POINT('',(11.080470506126,7.017045786669E-02,
    -0.393994584083));
#5626 = CARTESIAN_POINT('',(11.058640654937,7.916839352719E-02,
    -0.392314521721));
#5627 = CARTESIAN_POINT('',(11.037412837606,8.860210825781E-02,
    -0.390278049235));
#5628 = CARTESIAN_POINT('',(11.01680647237,9.842075945717E-02,
    -0.387846088152));
#5629 = CARTESIAN_POINT('',(10.939704192154,0.137616038307,
    -0.376792382836));
#5630 = CARTESIAN_POINT('',(10.887603368609,0.169478114812,
    -0.365047097498));
#5631 = CARTESIAN_POINT('',(10.841135952082,0.202882492268,
    -0.348896228263));
#5632 = CARTESIAN_POINT('',(10.800565123032,0.236404528887,
    -0.327743308411));
#5633 = CARTESIAN_POINT('',(10.765885433183,0.268591943128,
    -0.301448627817));
#5634 = CARTESIAN_POINT('',(10.73689841999,0.29807558073,-0.270289968119
    ));
#5635 = CARTESIAN_POINT('',(10.694655386028,0.344089011073,
    -0.206894682765));
#5636 = CARTESIAN_POINT('',(10.679433418233,0.361988373385,
    -0.176262100912));
#5637 = CARTESIAN_POINT('',(10.667512290511,0.376896764935,
    -0.143390802139));
#5638 = CARTESIAN_POINT('',(10.658713750066,0.388380470073,
    -0.10874022833));
#5639 = CARTESIAN_POINT('',(10.6529010499,0.396132417052,
    -7.287310177266E-02));
#5640 = CARTESIAN_POINT('',(10.65,0.4,-3.641476376403E-02));
#5641 = CARTESIAN_POINT('',(10.65,0.4,-6.E-17));
#5642 = PCURVE('',#5439,#5643);
#5643 = DEFINITIONAL_REPRESENTATION('',(#5644),#5671);
#5644 = B_SPLINE_CURVE_WITH_KNOTS('',7,(#5645,#5646,#5647,#5648,#5649,
    #5650,#5651,#5652,#5653,#5654,#5655,#5656,#5657,#5658,#5659,#5660,
    #5661,#5662,#5663,#5664,#5665,#5666,#5667,#5668,#5669,#5670),
  .UNSPECIFIED.,.F.,.F.,(8,6,6,6,8),(0.,0.21529586161,0.343216172219,
    0.709233938165,1.),.UNSPECIFIED.);
#5645 = CARTESIAN_POINT('',(4.712388980385,1.7));
#5646 = CARTESIAN_POINT('',(4.712388980385,1.655148691365));
#5647 = CARTESIAN_POINT('',(4.71825582773,1.61043363505));
#5648 = CARTESIAN_POINT('',(4.729927736872,1.566145848237));
#5649 = CARTESIAN_POINT('',(4.747193755764,1.522586353711));
#5650 = CARTESIAN_POINT('',(4.769697898488,1.480062327795));
#5651 = CARTESIAN_POINT('',(4.796946714494,1.438880763594));
#5652 = CARTESIAN_POINT('',(4.846961238417,1.37584587891));
#5653 = CARTESIAN_POINT('',(4.86709854055,1.352880431711));
#5654 = CARTESIAN_POINT('',(4.888644242431,1.330470506126));
#5655 = CARTESIAN_POINT('',(4.911513307943,1.308640654937));
#5656 = CARTESIAN_POINT('',(4.935624204496,1.287412837606));
#5657 = CARTESIAN_POINT('',(4.960899484244,1.26680647237));
#5658 = CARTESIAN_POINT('',(5.062709794545,1.189704192154));
#5659 = CARTESIAN_POINT('',(5.147345217522,1.137603368609));
#5660 = CARTESIAN_POINT('',(5.239378840963,1.091135952082));
#5661 = CARTESIAN_POINT('',(5.337272939662,1.050565123032));
#5662 = CARTESIAN_POINT('',(5.439867242672,1.015885433183));
#5663 = CARTESIAN_POINT('',(5.546204896207,0.98689841999));
#5664 = CARTESIAN_POINT('',(5.742039615692,0.944655386028));
#5665 = CARTESIAN_POINT('',(5.830302032752,0.929433418233));
#5666 = CARTESIAN_POINT('',(5.919765615486,0.917512290511));
#5667 = CARTESIAN_POINT('',(6.010102537967,0.908713750066));
#5668 = CARTESIAN_POINT('',(6.101002494444,0.9029010499));
#5669 = CARTESIAN_POINT('',(6.19214839777,0.9));
#5670 = CARTESIAN_POINT('',(6.28318530718,0.9));
#5671 = ( GEOMETRIC_REPRESENTATION_CONTEXT(2) 
PARAMETRIC_REPRESENTATION_CONTEXT() REPRESENTATION_CONTEXT('2D SPACE',''
  ) );
#5672 = PCURVE('',#5525,#5673);
#5673 = DEFINITIONAL_REPRESENTATION('',(#5674),#5701);
#5674 = B_SPLINE_CURVE_WITH_KNOTS('',7,(#5675,#5676,#5677,#5678,#5679,
    #5680,#5681,#5682,#5683,#5684,#5685,#5686,#5687,#5688,#5689,#5690,
    #5691,#5692,#5693,#5694,#5695,#5696,#5697,#5698,#5699,#5700),
  .UNSPECIFIED.,.F.,.F.,(8,6,6,6,8),(0.,0.21529586161,0.343216172219,
    0.709233938165,1.),.UNSPECIFIED.);
#5675 = CARTESIAN_POINT('',(4.712388980385,-21.37307011979));
#5676 = CARTESIAN_POINT('',(4.66753767175,-21.37307011979));
#5677 = CARTESIAN_POINT('',(4.622822601986,-21.37307000842));
#5678 = CARTESIAN_POINT('',(4.578387487976,-21.37307038664));
#5679 = CARTESIAN_POINT('',(4.534389894444,-21.37298317943));
#5680 = CARTESIAN_POINT('',(4.491010664165,-21.37264139067));
#5681 = CARTESIAN_POINT('',(4.448463402406,-21.37183673052));
#5682 = CARTESIAN_POINT('',(4.382370482908,-21.3695226225));
#5683 = CARTESIAN_POINT('',(4.358067729248,-21.36842985873));
#5684 = CARTESIAN_POINT('',(4.334110637456,-21.36706470388));
#5685 = CARTESIAN_POINT('',(4.310515208802,-21.36538464152));
#5686 = CARTESIAN_POINT('',(4.287298780427,-21.36334816903));
#5687 = CARTESIAN_POINT('',(4.264480242785,-21.36091620795));
#5688 = CARTESIAN_POINT('',(4.177987286432,-21.34986250263));
#5689 = CARTESIAN_POINT('',(4.117104436746,-21.33811721729));
#5690 = CARTESIAN_POINT('',(4.060114557042,-21.32196634806));
#5691 = CARTESIAN_POINT('',(4.00766130243,-21.30081342821));
#5692 = CARTESIAN_POINT('',(3.960428413064,-21.27451874761));
#5693 = CARTESIAN_POINT('',(3.919106123139,-21.24336008791));
#5694 = CARTESIAN_POINT('',(3.856642456178,-21.17996480256));
#5695 = CARTESIAN_POINT('',(3.833162890734,-21.14933222071));
#5696 = CARTESIAN_POINT('',(3.814083403945,-21.11646092193));
#5697 = CARTESIAN_POINT('',(3.799618038496,-21.08181034812));
#5698 = CARTESIAN_POINT('',(3.789928293569,-21.04594322157));
#5699 = CARTESIAN_POINT('',(3.785093762383,-21.00948488356));
#5700 = CARTESIAN_POINT('',(3.785093762383,-20.97307011979));
#5701 = ( GEOMETRIC_REPRESENTATION_CONTEXT(2) 
PARAMETRIC_REPRESENTATION_CONTEXT() REPRESENTATION_CONTEXT('2D SPACE',''
  ) );
#5702 = ORIENTED_EDGE('',*,*,#5703,.T.);
#5703 = EDGE_CURVE('',#5612,#5704,#5706,.T.);
#5704 = VERTEX_POINT('',#5705);
#5705 = CARTESIAN_POINT('',(13.65,0.,-0.4));
#5706 = SURFACE_CURVE('',#5707,(#5711,#5718),.PCURVE_S1.);
#5707 = LINE('',#5708,#5709);
#5708 = CARTESIAN_POINT('',(9.75,0.,-0.4));
#5709 = VECTOR('',#5710,1.);
#5710 = DIRECTION('',(1.,0.,0.));
#5711 = PCURVE('',#5439,#5712);
#5712 = DEFINITIONAL_REPRESENTATION('',(#5713),#5717);
#5713 = LINE('',#5714,#5715);
#5714 = CARTESIAN_POINT('',(4.712388980385,0.));
#5715 = VECTOR('',#5716,1.);
#5716 = DIRECTION('',(0.,1.));
#5717 = ( GEOMETRIC_REPRESENTATION_CONTEXT(2) 
PARAMETRIC_REPRESENTATION_CONTEXT() REPRESENTATION_CONTEXT('2D SPACE',''
  ) );
#5718 = PCURVE('',#5719,#5724);
#5719 = PLANE('',#5720);
#5720 = AXIS2_PLACEMENT_3D('',#5721,#5722,#5723);
#5721 = CARTESIAN_POINT('',(11.45,0.,20.973070119799));
#5722 = DIRECTION('',(0.,-1.,0.));
#5723 = DIRECTION('',(1.,0.,0.));
#5724 = DEFINITIONAL_REPRESENTATION('',(#5725),#5729);
#5725 = LINE('',#5726,#5727);
#5726 = CARTESIAN_POINT('',(-1.7,-21.37307011979));
#5727 = VECTOR('',#5728,1.);
#5728 = DIRECTION('',(1.,0.));
#5729 = ( GEOMETRIC_REPRESENTATION_CONTEXT(2) 
PARAMETRIC_REPRESENTATION_CONTEXT() REPRESENTATION_CONTEXT('2D SPACE',''
  ) );
#5730 = ORIENTED_EDGE('',*,*,#5731,.F.);
#5731 = EDGE_CURVE('',#5732,#5704,#5734,.T.);
#5732 = VERTEX_POINT('',#5733);
#5733 = CARTESIAN_POINT('',(13.75,-0.1,-0.387298334621));
#5734 = SURFACE_CURVE('',#5735,(#5740,#5750),.PCURVE_S1.);
#5735 = ELLIPSE('',#5736,0.565685424949,0.4);
#5736 = AXIS2_PLACEMENT_3D('',#5737,#5738,#5739);
#5737 = CARTESIAN_POINT('',(13.65,0.,0.));
#5738 = DIRECTION('',(0.707106781187,0.707106781187,0.));
#5739 = DIRECTION('',(0.707106781187,-0.707106781187,0.));
#5740 = PCURVE('',#5439,#5741);
#5741 = DEFINITIONAL_REPRESENTATION('',(#5742),#5749);
#5742 = B_SPLINE_CURVE_WITH_KNOTS('',5,(#5743,#5744,#5745,#5746,#5747,
    #5748),.UNSPECIFIED.,.F.,.F.,(6,6),(1.318116071653,1.570796326795),
  .PIECEWISE_BEZIER_KNOTS.);
#5743 = CARTESIAN_POINT('',(4.459708725243,4.));
#5744 = CARTESIAN_POINT('',(4.510244776271,3.980427471598));
#5745 = CARTESIAN_POINT('',(4.560780827299,3.960535707083));
#5746 = CARTESIAN_POINT('',(4.611316878328,3.940428841177));
#5747 = CARTESIAN_POINT('',(4.661852929356,3.920214420411));
#5748 = CARTESIAN_POINT('',(4.712388980385,3.9));
#5749 = ( GEOMETRIC_REPRESENTATION_CONTEXT(2) 
PARAMETRIC_REPRESENTATION_CONTEXT() REPRESENTATION_CONTEXT('2D SPACE',''
  ) );
#5750 = PCURVE('',#5751,#5756);
#5751 = PLANE('',#5752);
#5752 = AXIS2_PLACEMENT_3D('',#5753,#5754,#5755);
#5753 = CARTESIAN_POINT('',(13.7,-5.E-02,-0.7));
#5754 = DIRECTION('',(0.707106781187,0.707106781187,0.));
#5755 = DIRECTION('',(-0.,0.,-1.));
#5756 = DEFINITIONAL_REPRESENTATION('',(#5757),#5761);
#5757 = ELLIPSE('',#5758,0.565685424949,0.4);
#5758 = AXIS2_PLACEMENT_2D('',#5759,#5760);
#5759 = CARTESIAN_POINT('',(-0.7,7.071067811866E-02));
#5760 = DIRECTION('',(-0.,-1.));
#5761 = ( GEOMETRIC_REPRESENTATION_CONTEXT(2) 
PARAMETRIC_REPRESENTATION_CONTEXT() REPRESENTATION_CONTEXT('2D SPACE',''
  ) );
#5762 = ORIENTED_EDGE('',*,*,#5763,.F.);
#5763 = EDGE_CURVE('',#5764,#5732,#5766,.T.);
#5764 = VERTEX_POINT('',#5765);
#5765 = CARTESIAN_POINT('',(13.75,-0.1,0.387298334621));
#5766 = SURFACE_CURVE('',#5767,(#5772,#5779),.PCURVE_S1.);
#5767 = CIRCLE('',#5768,0.4);
#5768 = AXIS2_PLACEMENT_3D('',#5769,#5770,#5771);
#5769 = CARTESIAN_POINT('',(13.75,0.,0.));
#5770 = DIRECTION('',(1.,0.,0.));
#5771 = DIRECTION('',(0.,1.,0.));
#5772 = PCURVE('',#5439,#5773);
#5773 = DEFINITIONAL_REPRESENTATION('',(#5774),#5778);
#5774 = LINE('',#5775,#5776);
#5775 = CARTESIAN_POINT('',(0.,4.));
#5776 = VECTOR('',#5777,1.);
#5777 = DIRECTION('',(1.,0.));
#5778 = ( GEOMETRIC_REPRESENTATION_CONTEXT(2) 
PARAMETRIC_REPRESENTATION_CONTEXT() REPRESENTATION_CONTEXT('2D SPACE',''
  ) );
#5779 = PCURVE('',#5780,#5785);
#5780 = PLANE('',#5781);
#5781 = AXIS2_PLACEMENT_3D('',#5782,#5783,#5784);
#5782 = CARTESIAN_POINT('',(13.75,0.,0.));
#5783 = DIRECTION('',(1.,0.,0.));
#5784 = DIRECTION('',(0.,1.,0.));
#5785 = DEFINITIONAL_REPRESENTATION('',(#5786),#5790);
#5786 = CIRCLE('',#5787,0.4);
#5787 = AXIS2_PLACEMENT_2D('',#5788,#5789);
#5788 = CARTESIAN_POINT('',(0.,0.));
#5789 = DIRECTION('',(1.,-0.));
#5790 = ( GEOMETRIC_REPRESENTATION_CONTEXT(2) 
PARAMETRIC_REPRESENTATION_CONTEXT() REPRESENTATION_CONTEXT('2D SPACE',''
  ) );
#5791 = ORIENTED_EDGE('',*,*,#5792,.F.);
#5792 = EDGE_CURVE('',#5431,#5764,#5793,.T.);
#5793 = SURFACE_CURVE('',#5794,(#5799,#5809),.PCURVE_S1.);
#5794 = ELLIPSE('',#5795,0.565685424949,0.4);
#5795 = AXIS2_PLACEMENT_3D('',#5796,#5797,#5798);
#5796 = CARTESIAN_POINT('',(13.65,0.,0.));
#5797 = DIRECTION('',(0.707106781187,0.707106781187,0.));
#5798 = DIRECTION('',(0.707106781187,-0.707106781187,0.));
#5799 = PCURVE('',#5439,#5800);
#5800 = DEFINITIONAL_REPRESENTATION('',(#5801),#5808);
#5801 = B_SPLINE_CURVE_WITH_KNOTS('',5,(#5802,#5803,#5804,#5805,#5806,
    #5807),.UNSPECIFIED.,.F.,.F.,(6,6),(4.712388980385,4.965069235527),
  .PIECEWISE_BEZIER_KNOTS.);
#5802 = CARTESIAN_POINT('',(1.570796326795,3.9));
#5803 = CARTESIAN_POINT('',(1.621332377823,3.920214420411));
#5804 = CARTESIAN_POINT('',(1.671868428852,3.940428841177));
#5805 = CARTESIAN_POINT('',(1.72240447988,3.960535707083));
#5806 = CARTESIAN_POINT('',(1.772940530909,3.980427471598));
#5807 = CARTESIAN_POINT('',(1.823476581937,4.));
#5808 = ( GEOMETRIC_REPRESENTATION_CONTEXT(2) 
PARAMETRIC_REPRESENTATION_CONTEXT() REPRESENTATION_CONTEXT('2D SPACE',''
  ) );
#5809 = PCURVE('',#5810,#5815);
#5810 = PLANE('',#5811);
#5811 = AXIS2_PLACEMENT_3D('',#5812,#5813,#5814);
#5812 = CARTESIAN_POINT('',(13.7,-5.E-02,0.4));
#5813 = DIRECTION('',(0.707106781187,0.707106781187,0.));
#5814 = DIRECTION('',(0.,-0.,1.));
#5815 = DEFINITIONAL_REPRESENTATION('',(#5816),#5820);
#5816 = ELLIPSE('',#5817,0.565685424949,0.4);
#5817 = AXIS2_PLACEMENT_2D('',#5818,#5819);
#5818 = CARTESIAN_POINT('',(-0.4,-7.071067811866E-02));
#5819 = DIRECTION('',(0.,1.));
#5820 = ( GEOMETRIC_REPRESENTATION_CONTEXT(2) 
PARAMETRIC_REPRESENTATION_CONTEXT() REPRESENTATION_CONTEXT('2D SPACE',''
  ) );
#5821 = ADVANCED_FACE('',(#5822),#5451,.F.);
#5822 = FACE_BOUND('',#5823,.F.);
#5823 = EDGE_LOOP('',(#5824,#5854,#5875,#5876));
#5824 = ORIENTED_EDGE('',*,*,#5825,.T.);
#5825 = EDGE_CURVE('',#5826,#5828,#5830,.T.);
#5826 = VERTEX_POINT('',#5827);
#5827 = CARTESIAN_POINT('',(13.65,0.,0.7));
#5828 = VERTEX_POINT('',#5829);
#5829 = CARTESIAN_POINT('',(11.45,0.,0.7));
#5830 = SURFACE_CURVE('',#5831,(#5835,#5842),.PCURVE_S1.);
#5831 = LINE('',#5832,#5833);
#5832 = CARTESIAN_POINT('',(13.75,0.,0.7));
#5833 = VECTOR('',#5834,1.);
#5834 = DIRECTION('',(-1.,-0.,-0.));
#5835 = PCURVE('',#5451,#5836);
#5836 = DEFINITIONAL_REPRESENTATION('',(#5837),#5841);
#5837 = LINE('',#5838,#5839);
#5838 = CARTESIAN_POINT('',(2.3,-20.27307011979));
#5839 = VECTOR('',#5840,1.);
#5840 = DIRECTION('',(-1.,0.));
#5841 = ( GEOMETRIC_REPRESENTATION_CONTEXT(2) 
PARAMETRIC_REPRESENTATION_CONTEXT() REPRESENTATION_CONTEXT('2D SPACE',''
  ) );
#5842 = PCURVE('',#5843,#5848);
#5843 = CYLINDRICAL_SURFACE('',#5844,0.7);
#5844 = AXIS2_PLACEMENT_3D('',#5845,#5846,#5847);
#5845 = CARTESIAN_POINT('',(13.75,0.,0.));
#5846 = DIRECTION('',(-1.,-0.,-0.));
#5847 = DIRECTION('',(0.,1.,0.));
#5848 = DEFINITIONAL_REPRESENTATION('',(#5849),#5853);
#5849 = LINE('',#5850,#5851);
#5850 = CARTESIAN_POINT('',(-1.570796326795,0.));
#5851 = VECTOR('',#5852,1.);
#5852 = DIRECTION('',(-0.,1.));
#5853 = ( GEOMETRIC_REPRESENTATION_CONTEXT(2) 
PARAMETRIC_REPRESENTATION_CONTEXT() REPRESENTATION_CONTEXT('2D SPACE',''
  ) );
#5854 = ORIENTED_EDGE('',*,*,#5855,.T.);
#5855 = EDGE_CURVE('',#5828,#5429,#5856,.T.);
#5856 = SURFACE_CURVE('',#5857,(#5861,#5868),.PCURVE_S1.);
#5857 = LINE('',#5858,#5859);
#5858 = CARTESIAN_POINT('',(11.45,0.,20.973070119799));
#5859 = VECTOR('',#5860,1.);
#5860 = DIRECTION('',(-0.,-0.,-1.));
#5861 = PCURVE('',#5451,#5862);
#5862 = DEFINITIONAL_REPRESENTATION('',(#5863),#5867);
#5863 = LINE('',#5864,#5865);
#5864 = CARTESIAN_POINT('',(0.,0.));
#5865 = VECTOR('',#5866,1.);
#5866 = DIRECTION('',(0.,-1.));
#5867 = ( GEOMETRIC_REPRESENTATION_CONTEXT(2) 
PARAMETRIC_REPRESENTATION_CONTEXT() REPRESENTATION_CONTEXT('2D SPACE',''
  ) );
#5868 = PCURVE('',#5525,#5869);
#5869 = DEFINITIONAL_REPRESENTATION('',(#5870),#5874);
#5870 = LINE('',#5871,#5872);
#5871 = CARTESIAN_POINT('',(4.712388980385,0.));
#5872 = VECTOR('',#5873,1.);
#5873 = DIRECTION('',(0.,-1.));
#5874 = ( GEOMETRIC_REPRESENTATION_CONTEXT(2) 
PARAMETRIC_REPRESENTATION_CONTEXT() REPRESENTATION_CONTEXT('2D SPACE',''
  ) );
#5875 = ORIENTED_EDGE('',*,*,#5428,.T.);
#5876 = ORIENTED_EDGE('',*,*,#5877,.T.);
#5877 = EDGE_CURVE('',#5431,#5826,#5878,.T.);
#5878 = SURFACE_CURVE('',#5879,(#5883,#5890),.PCURVE_S1.);
#5879 = LINE('',#5880,#5881);
#5880 = CARTESIAN_POINT('',(13.65,0.,0.4));
#5881 = VECTOR('',#5882,1.);
#5882 = DIRECTION('',(0.,0.,1.));
#5883 = PCURVE('',#5451,#5884);
#5884 = DEFINITIONAL_REPRESENTATION('',(#5885),#5889);
#5885 = LINE('',#5886,#5887);
#5886 = CARTESIAN_POINT('',(2.2,-20.57307011979));
#5887 = VECTOR('',#5888,1.);
#5888 = DIRECTION('',(0.,1.));
#5889 = ( GEOMETRIC_REPRESENTATION_CONTEXT(2) 
PARAMETRIC_REPRESENTATION_CONTEXT() REPRESENTATION_CONTEXT('2D SPACE',''
  ) );
#5890 = PCURVE('',#5810,#5891);
#5891 = DEFINITIONAL_REPRESENTATION('',(#5892),#5896);
#5892 = LINE('',#5893,#5894);
#5893 = CARTESIAN_POINT('',(0.,-7.071067811865E-02));
#5894 = VECTOR('',#5895,1.);
#5895 = DIRECTION('',(1.,0.));
#5896 = ( GEOMETRIC_REPRESENTATION_CONTEXT(2) 
PARAMETRIC_REPRESENTATION_CONTEXT() REPRESENTATION_CONTEXT('2D SPACE',''
  ) );
#5897 = ADVANCED_FACE('',(#5898),#5810,.T.);
#5898 = FACE_BOUND('',#5899,.T.);
#5899 = EDGE_LOOP('',(#5900,#5901,#5902,#5929));
#5900 = ORIENTED_EDGE('',*,*,#5792,.F.);
#5901 = ORIENTED_EDGE('',*,*,#5877,.T.);
#5902 = ORIENTED_EDGE('',*,*,#5903,.T.);
#5903 = EDGE_CURVE('',#5826,#5904,#5906,.T.);
#5904 = VERTEX_POINT('',#5905);
#5905 = CARTESIAN_POINT('',(13.75,-0.1,0.692820323028));
#5906 = SURFACE_CURVE('',#5907,(#5912,#5919),.PCURVE_S1.);
#5907 = ELLIPSE('',#5908,0.989949493661,0.7);
#5908 = AXIS2_PLACEMENT_3D('',#5909,#5910,#5911);
#5909 = CARTESIAN_POINT('',(13.65,0.,0.));
#5910 = DIRECTION('',(0.707106781187,0.707106781187,-0.));
#5911 = DIRECTION('',(-0.707106781187,0.707106781187,0.));
#5912 = PCURVE('',#5810,#5913);
#5913 = DEFINITIONAL_REPRESENTATION('',(#5914),#5918);
#5914 = ELLIPSE('',#5915,0.989949493661,0.7);
#5915 = AXIS2_PLACEMENT_2D('',#5916,#5917);
#5916 = CARTESIAN_POINT('',(-0.4,-7.071067811866E-02));
#5917 = DIRECTION('',(0.,-1.));
#5918 = ( GEOMETRIC_REPRESENTATION_CONTEXT(2) 
PARAMETRIC_REPRESENTATION_CONTEXT() REPRESENTATION_CONTEXT('2D SPACE',''
  ) );
#5919 = PCURVE('',#5843,#5920);
#5920 = DEFINITIONAL_REPRESENTATION('',(#5921),#5928);
#5921 = B_SPLINE_CURVE_WITH_KNOTS('',5,(#5922,#5923,#5924,#5925,#5926,
    #5927),.UNSPECIFIED.,.F.,.F.,(6,6),(1.570796326795,1.7141438957),
  .PIECEWISE_BEZIER_KNOTS.);
#5922 = CARTESIAN_POINT('',(-1.570796326795,1.E-01));
#5923 = CARTESIAN_POINT('',(-1.599465840576,7.993134035325E-02));
#5924 = CARTESIAN_POINT('',(-1.628135354357,5.986268069477E-02));
#5925 = CARTESIAN_POINT('',(-1.656804868138,3.982838621054E-02));
#5926 = CARTESIAN_POINT('',(-1.685474381919,1.986282179885E-02));
#5927 = CARTESIAN_POINT('',(-1.7141438957,1.78E-15));
#5928 = ( GEOMETRIC_REPRESENTATION_CONTEXT(2) 
PARAMETRIC_REPRESENTATION_CONTEXT() REPRESENTATION_CONTEXT('2D SPACE',''
  ) );
#5929 = ORIENTED_EDGE('',*,*,#5930,.F.);
#5930 = EDGE_CURVE('',#5764,#5904,#5931,.T.);
#5931 = SURFACE_CURVE('',#5932,(#5936,#5943),.PCURVE_S1.);
#5932 = LINE('',#5933,#5934);
#5933 = CARTESIAN_POINT('',(13.75,-0.1,0.4));
#5934 = VECTOR('',#5935,1.);
#5935 = DIRECTION('',(0.,0.,1.));
#5936 = PCURVE('',#5810,#5937);
#5937 = DEFINITIONAL_REPRESENTATION('',(#5938),#5942);
#5938 = LINE('',#5939,#5940);
#5939 = CARTESIAN_POINT('',(0.,7.071067811866E-02));
#5940 = VECTOR('',#5941,1.);
#5941 = DIRECTION('',(1.,0.));
#5942 = ( GEOMETRIC_REPRESENTATION_CONTEXT(2) 
PARAMETRIC_REPRESENTATION_CONTEXT() REPRESENTATION_CONTEXT('2D SPACE',''
  ) );
#5943 = PCURVE('',#5780,#5944);
#5944 = DEFINITIONAL_REPRESENTATION('',(#5945),#5949);
#5945 = LINE('',#5946,#5947);
#5946 = CARTESIAN_POINT('',(-0.1,0.4));
#5947 = VECTOR('',#5948,1.);
#5948 = DIRECTION('',(-0.,1.));
#5949 = ( GEOMETRIC_REPRESENTATION_CONTEXT(2) 
PARAMETRIC_REPRESENTATION_CONTEXT() REPRESENTATION_CONTEXT('2D SPACE',''
  ) );
#5950 = ADVANCED_FACE('',(#5951),#5525,.F.);
#5951 = FACE_BOUND('',#5952,.F.);
#5952 = EDGE_LOOP('',(#5953,#5954,#6079,#6204,#6225,#6226));
#5953 = ORIENTED_EDGE('',*,*,#5855,.F.);
#5954 = ORIENTED_EDGE('',*,*,#5955,.F.);
#5955 = EDGE_CURVE('',#5956,#5828,#5958,.T.);
#5956 = VERTEX_POINT('',#5957);
#5957 = CARTESIAN_POINT('',(10.496060798583,0.7,0.));
#5958 = SURFACE_CURVE('',#5959,(#5997,#6038),.PCURVE_S1.);
#5959 = B_SPLINE_CURVE_WITH_KNOTS('',6,(#5960,#5961,#5962,#5963,#5964,
    #5965,#5966,#5967,#5968,#5969,#5970,#5971,#5972,#5973,#5974,#5975,
    #5976,#5977,#5978,#5979,#5980,#5981,#5982,#5983,#5984,#5985,#5986,
    #5987,#5988,#5989,#5990,#5991,#5992,#5993,#5994,#5995,#5996),
  .UNSPECIFIED.,.F.,.F.,(7,5,5,5,5,5,5,7),(0.,0.254242346518,
    0.320322993621,0.445956792986,0.6084479482,0.665347826184,
    0.788732871404,1.),.UNSPECIFIED.);
#5960 = CARTESIAN_POINT('',(10.496060798583,0.7,-9.E-17));
#5961 = CARTESIAN_POINT('',(10.496060798583,0.7,6.537130346267E-02));
#5962 = CARTESIAN_POINT('',(10.49836513317,0.692674150284,0.130841485476
    ));
#5963 = CARTESIAN_POINT('',(10.502983710673,0.677980974926,
    0.195205502327));
#5964 = CARTESIAN_POINT('',(10.510301688601,0.656203688078,
    0.257273586513));
#5965 = CARTESIAN_POINT('',(10.521056205368,0.627918395544,0.31597117532
    ));
#5966 = CARTESIAN_POINT('',(10.540069533168,0.585126696648,
    0.384584223335));
#5967 = CARTESIAN_POINT('',(10.544282227168,0.575921075249,
    0.398443315584));
#5968 = CARTESIAN_POINT('',(10.548799838621,0.566355032807,0.41198892883
    ));
#5969 = CARTESIAN_POINT('',(10.553636453615,0.556448290281,0.42520406489
    ));
#5970 = CARTESIAN_POINT('',(10.558805689249,0.546222751344,0.43807285235
    ));
#5971 = CARTESIAN_POINT('',(10.574805926251,0.515701202377,
    0.474360415769));
#5972 = CARTESIAN_POINT('',(10.586545312101,0.494625461874,
    0.496846302207));
#5973 = CARTESIAN_POINT('',(10.599622679124,0.472651861128,
    0.517920789067));
#5974 = CARTESIAN_POINT('',(10.614108346012,0.449978913773,
    0.537505950608));
#5975 = CARTESIAN_POINT('',(10.630052255917,0.426817061735,
    0.555562484915));
#5976 = CARTESIAN_POINT('',(10.67001391716,0.373064126231,0.593463569277
    ));
#5977 = CARTESIAN_POINT('',(10.694999390541,0.342325472814,
    0.612251816586));
#5978 = CARTESIAN_POINT('',(10.722478629783,0.31161674472,0.628465204033
    ));
#5979 = CARTESIAN_POINT('',(10.752418570112,0.28139902486,0.642214596173
    ));
#5980 = CARTESIAN_POINT('',(10.784697005537,0.252111524579,
    0.653690603035));
#5981 = CARTESIAN_POINT('',(10.831135645328,0.21434874782,0.666454419652
    ));
#5982 = CARTESIAN_POINT('',(10.84344393094,0.204712693554,0.669517953993
    ));
#5983 = CARTESIAN_POINT('',(10.856009580897,0.19524951,0.672345783296));
#5984 = CARTESIAN_POINT('',(10.868825346825,0.185973185703,
    0.674949480594));
#5985 = CARTESIAN_POINT('',(10.881883619814,0.176896688951,
    0.677341088162));
#5986 = CARTESIAN_POINT('',(10.924001343496,0.148809184515,
    0.684286443022));
#5987 = CARTESIAN_POINT('',(10.953922157471,0.130586998857,0.68809993943
    ));
#5988 = CARTESIAN_POINT('',(10.984866958611,0.113480033417,0.69110208238
    ));
#5989 = CARTESIAN_POINT('',(11.016753266256,9.758916769797E-02,
    0.693423117422));
#5990 = CARTESIAN_POINT('',(11.049488539209,8.300155274986E-02,
    0.695188480278));
#5991 = CARTESIAN_POINT('',(11.140300775729,4.717010001433E-02,
    0.698778797072));
#5992 = CARTESIAN_POINT('',(11.199897406374,2.855539060815E-02,
    0.699753675184));
#5993 = CARTESIAN_POINT('',(11.261227458898,1.434694554879E-02,
    0.700000365333));
#5994 = CARTESIAN_POINT('',(11.323729077919,4.787294292236E-03,
    0.69999990252));
#5995 = CARTESIAN_POINT('',(11.386838136417,6.E-17,0.7));
#5996 = CARTESIAN_POINT('',(11.45,1.1E-16,0.7));
#5997 = PCURVE('',#5525,#5998);
#5998 = DEFINITIONAL_REPRESENTATION('',(#5999),#6037);
#5999 = B_SPLINE_CURVE_WITH_KNOTS('',6,(#6000,#6001,#6002,#6003,#6004,
    #6005,#6006,#6007,#6008,#6009,#6010,#6011,#6012,#6013,#6014,#6015,
    #6016,#6017,#6018,#6019,#6020,#6021,#6022,#6023,#6024,#6025,#6026,
    #6027,#6028,#6029,#6030,#6031,#6032,#6033,#6034,#6035,#6036),
  .UNSPECIFIED.,.F.,.F.,(7,5,5,5,5,5,5,7),(0.,0.254242346518,
    0.320322993621,0.445956792986,0.6084479482,0.665347826184,
    0.788732871404,1.),.UNSPECIFIED.);
#6000 = CARTESIAN_POINT('',(3.446285307605,-20.97307011979));
#6001 = CARTESIAN_POINT('',(3.446285307605,-20.90769881633));
#6002 = CARTESIAN_POINT('',(3.453964775244,-20.84222863432));
#6003 = CARTESIAN_POINT('',(3.469367931512,-20.77786461747));
#6004 = CARTESIAN_POINT('',(3.492334543838,-20.71579653328));
#6005 = CARTESIAN_POINT('',(3.522549642357,-20.65709894447));
#6006 = CARTESIAN_POINT('',(3.569375235021,-20.58848589646));
#6007 = CARTESIAN_POINT('',(3.579498394848,-20.57462680421));
#6008 = CARTESIAN_POINT('',(3.590076295134,-20.56108119096));
#6009 = CARTESIAN_POINT('',(3.60109910467,-20.5478660549));
#6010 = CARTESIAN_POINT('',(3.612555751032,-20.53499726744));
#6011 = CARTESIAN_POINT('',(3.647016925352,-20.49870970403));
#6012 = CARTESIAN_POINT('',(3.671133934319,-20.47622381759));
#6013 = CARTESIAN_POINT('',(3.696687749159,-20.45514933073));
#6014 = CARTESIAN_POINT('',(3.723570912432,-20.43556416919));
#6015 = CARTESIAN_POINT('',(3.751671194403,-20.41750763488));
#6016 = CARTESIAN_POINT('',(3.818651135017,-20.37960655052));
#6017 = CARTESIAN_POINT('',(3.858226906161,-20.36081830321));
#6018 = CARTESIAN_POINT('',(3.899361878748,-20.34460491576));
#6019 = CARTESIAN_POINT('',(3.941813644592,-20.33085552362));
#6020 = CARTESIAN_POINT('',(3.985334410501,-20.31937951676));
#6021 = CARTESIAN_POINT('',(4.045189022471,-20.30661570014));
#6022 = CARTESIAN_POINT('',(4.06081794429,-20.3035521658));
#6023 = CARTESIAN_POINT('',(4.076544251313,-20.3007243365));
#6024 = CARTESIAN_POINT('',(4.092360643828,-20.2981206392));
#6025 = CARTESIAN_POINT('',(4.108260543461,-20.29572903163));
#6026 = CARTESIAN_POINT('',(4.158884752627,-20.28878367677));
#6027 = CARTESIAN_POINT('',(4.193888010815,-20.28497018036));
#6028 = CARTESIAN_POINT('',(4.229199309602,-20.28196803741));
#6029 = CARTESIAN_POINT('',(4.264776597412,-20.27964700237));
#6030 = CARTESIAN_POINT('',(4.300581341899,-20.27788163952));
#6031 = CARTESIAN_POINT('',(4.398206929257,-20.27429132272));
#6032 = CARTESIAN_POINT('',(4.460476371779,-20.27331644461));
#6033 = CARTESIAN_POINT('',(4.523162688714,-20.27306975446));
#6034 = CARTESIAN_POINT('',(4.586118106676,-20.27307021727));
#6035 = CARTESIAN_POINT('',(4.649227116802,-20.27307011979));
#6036 = CARTESIAN_POINT('',(4.712388980385,-20.27307011979));
#6037 = ( GEOMETRIC_REPRESENTATION_CONTEXT(2) 
PARAMETRIC_REPRESENTATION_CONTEXT() REPRESENTATION_CONTEXT('2D SPACE',''
  ) );
#6038 = PCURVE('',#5843,#6039);
#6039 = DEFINITIONAL_REPRESENTATION('',(#6040),#6078);
#6040 = B_SPLINE_CURVE_WITH_KNOTS('',6,(#6041,#6042,#6043,#6044,#6045,
    #6046,#6047,#6048,#6049,#6050,#6051,#6052,#6053,#6054,#6055,#6056,
    #6057,#6058,#6059,#6060,#6061,#6062,#6063,#6064,#6065,#6066,#6067,
    #6068,#6069,#6070,#6071,#6072,#6073,#6074,#6075,#6076,#6077),
  .UNSPECIFIED.,.F.,.F.,(7,5,5,5,5,5,5,7),(0.,0.254242346518,
    0.320322993621,0.445956792986,0.6084479482,0.665347826184,
    0.788732871404,1.),.UNSPECIFIED.);
#6041 = CARTESIAN_POINT('',(0.,3.253939201417));
#6042 = CARTESIAN_POINT('',(-9.338757637525E-02,3.253939201417));
#6043 = CARTESIAN_POINT('',(-0.186916280507,3.25163486683));
#6044 = CARTESIAN_POINT('',(-0.280331527665,3.247016289327));
#6045 = CARTESIAN_POINT('',(-0.373418691104,3.239698311399));
#6046 = CARTESIAN_POINT('',(-0.465952039798,3.228943794632));
#6047 = CARTESIAN_POINT('',(-0.581471097791,3.209930466832));
#6048 = CARTESIAN_POINT('',(-0.605229579727,3.205717772832));
#6049 = CARTESIAN_POINT('',(-0.62890510343,3.201200161379));
#6050 = CARTESIAN_POINT('',(-0.652485594984,3.196363546385));
#6051 = CARTESIAN_POINT('',(-0.675957481451,3.191194310751));
#6052 = CARTESIAN_POINT('',(-0.743695756439,3.175194073749));
#6053 = CARTESIAN_POINT('',(-0.787659009204,3.163454687899));
#6054 = CARTESIAN_POINT('',(-0.831062846153,3.150377320876));
#6055 = CARTESIAN_POINT('',(-0.873780474315,3.135891653988));
#6056 = CARTESIAN_POINT('',(-0.915687265472,3.119947744083));
#6057 = CARTESIAN_POINT('',(-1.009646334623,3.07998608284));
#6058 = CARTESIAN_POINT('',(-1.061000680239,3.055000609459));
#6059 = CARTESIAN_POINT('',(-1.110471142323,3.027521370217));
#6060 = CARTESIAN_POINT('',(-1.157789016267,2.997581429888));
#6061 = CARTESIAN_POINT('',(-1.202675569805,2.965302994463));
#6062 = CARTESIAN_POINT('',(-1.259620626087,2.918864354672));
#6063 = CARTESIAN_POINT('',(-1.274063012442,2.90655606906));
#6064 = CARTESIAN_POINT('',(-1.288169391118,2.893990419103));
#6065 = CARTESIAN_POINT('',(-1.301930664687,2.881174653175));
#6066 = CARTESIAN_POINT('',(-1.31533812082,2.868116380186));
#6067 = CARTESIAN_POINT('',(-1.356671653671,2.825998656504));
#6068 = CARTESIAN_POINT('',(-1.383249909486,2.796077842529));
#6069 = CARTESIAN_POINT('',(-1.408044273439,2.765133041389));
#6070 = CARTESIAN_POINT('',(-1.430975155846,2.733246733744));
#6071 = CARTESIAN_POINT('',(-1.451962255897,2.700511460791));
#6072 = CARTESIAN_POINT('',(-1.503406368228,2.609699224271));
#6073 = CARTESIAN_POINT('',(-1.530004866947,2.550102593626));
#6074 = CARTESIAN_POINT('',(-1.5502997795,2.488772541102));
#6075 = CARTESIAN_POINT('',(-1.563957578546,2.426270922081));
#6076 = CARTESIAN_POINT('',(-1.570796326795,2.363161863583));
#6077 = CARTESIAN_POINT('',(-1.570796326795,2.3));
#6078 = ( GEOMETRIC_REPRESENTATION_CONTEXT(2) 
PARAMETRIC_REPRESENTATION_CONTEXT() REPRESENTATION_CONTEXT('2D SPACE',''
  ) );
#6079 = ORIENTED_EDGE('',*,*,#6080,.F.);
#6080 = EDGE_CURVE('',#6081,#5956,#6083,.T.);
#6081 = VERTEX_POINT('',#6082);
#6082 = CARTESIAN_POINT('',(11.45,0.,-0.7));
#6083 = SURFACE_CURVE('',#6084,(#6122,#6163),.PCURVE_S1.);
#6084 = B_SPLINE_CURVE_WITH_KNOTS('',6,(#6085,#6086,#6087,#6088,#6089,
    #6090,#6091,#6092,#6093,#6094,#6095,#6096,#6097,#6098,#6099,#6100,
    #6101,#6102,#6103,#6104,#6105,#6106,#6107,#6108,#6109,#6110,#6111,
    #6112,#6113,#6114,#6115,#6116,#6117,#6118,#6119,#6120,#6121),
  .UNSPECIFIED.,.F.,.F.,(7,5,5,5,5,5,5,7),(0.,0.207450025539,
    0.333373346943,0.388423150132,0.554344514813,0.67855216069,
    0.745316759846,1.),.UNSPECIFIED.);
#6085 = CARTESIAN_POINT('',(11.45,-6.E-17,-0.7));
#6086 = CARTESIAN_POINT('',(11.387983981972,-1.1E-16,-0.7));
#6087 = CARTESIAN_POINT('',(11.32601759856,4.615175118387E-03,
    -0.699999917208));
#6088 = CARTESIAN_POINT('',(11.264626739169,1.383172976066E-02,
    -0.700000311248));
#6089 = CARTESIAN_POINT('',(11.204345823698,2.753451336883E-02,
    -0.699771129097));
#6090 = CARTESIAN_POINT('',(11.145707818349,4.549774475496E-02,
    -0.698864713237));
#6091 = CARTESIAN_POINT('',(11.054932397981,8.061259995834E-02,
    -0.695470473435));
#6092 = CARTESIAN_POINT('',(11.021409914205,9.531925952726E-02,
    -0.693743115364));
#6093 = CARTESIAN_POINT('',(10.988761871637,0.111392233144,
    -0.691450465586));
#6094 = CARTESIAN_POINT('',(10.957086969715,0.128740114122,
    -0.688459643979));
#6095 = CARTESIAN_POINT('',(10.926473220358,0.147256614394,
    -0.684632223376));
#6096 = CARTESIAN_POINT('',(10.884111441484,0.175373214289,
    -0.677732830394));
#6097 = CARTESIAN_POINT('',(10.871444353859,0.184125170278,
    -0.675448376294));
#6098 = CARTESIAN_POINT('',(10.859003337138,0.193065598576,
    -0.672966844472));
#6099 = CARTESIAN_POINT('',(10.846795309505,0.202182849167,
    -0.670277294929));
#6100 = CARTESIAN_POINT('',(10.834826881979,0.211464381119,
    -0.667369181958));
#6101 = CARTESIAN_POINT('',(10.787772404503,0.249326175848,
    -0.654777883402));
#6102 = CARTESIAN_POINT('',(10.754630174648,0.279161304796,
    -0.643234315588));
#6103 = CARTESIAN_POINT('',(10.723921270213,0.309989813713,
    -0.62933407429));
#6104 = CARTESIAN_POINT('',(10.695777385476,0.341347146836,
    -0.612866728538));
#6105 = CARTESIAN_POINT('',(10.670232763073,0.372744342115,
    -0.59371462838));
#6106 = CARTESIAN_POINT('',(10.63003014817,0.426866051112,
    -0.555508563239));
#6107 = CARTESIAN_POINT('',(10.614266267157,0.449764126472,
    -0.537656276104));
#6108 = CARTESIAN_POINT('',(10.599927691629,0.472184814247,
    -0.518309943895));
#6109 = CARTESIAN_POINT('',(10.586966364216,0.493924677304,
    -0.497507450563));
#6110 = CARTESIAN_POINT('',(10.575314678498,0.51479162874,
    -0.475323620463));
#6111 = CARTESIAN_POINT('',(10.559289499445,0.545269612422,
    -0.439264729639));
#6112 = CARTESIAN_POINT('',(10.554040938421,0.555625653898,
    -0.426288746753));
#6113 = CARTESIAN_POINT('',(10.54913276273,0.565657559883,
    -0.412958233619));
#6114 = CARTESIAN_POINT('',(10.544550954987,0.575342643105,
    -0.399289507632));
#6115 = CARTESIAN_POINT('',(10.540280995588,0.584660490818,
    -0.385300071782));
#6116 = CARTESIAN_POINT('',(10.521151771521,0.627667181422,
    -0.316491780078));
#6117 = CARTESIAN_POINT('',(10.510353728876,0.656048856569,
    -0.257714342714));
#6118 = CARTESIAN_POINT('',(10.503008304126,0.677902692921,
    -0.195548294687));
#6119 = CARTESIAN_POINT('',(10.498373298918,0.692648205176,
    -0.131073686865));
#6120 = CARTESIAN_POINT('',(10.496060798583,0.7,-6.548695975823E-02));
#6121 = CARTESIAN_POINT('',(10.496060798583,0.7,-1.1E-16));
#6122 = PCURVE('',#5525,#6123);
#6123 = DEFINITIONAL_REPRESENTATION('',(#6124),#6162);
#6124 = B_SPLINE_CURVE_WITH_KNOTS('',6,(#6125,#6126,#6127,#6128,#6129,
    #6130,#6131,#6132,#6133,#6134,#6135,#6136,#6137,#6138,#6139,#6140,
    #6141,#6142,#6143,#6144,#6145,#6146,#6147,#6148,#6149,#6150,#6151,
    #6152,#6153,#6154,#6155,#6156,#6157,#6158,#6159,#6160,#6161),
  .UNSPECIFIED.,.F.,.F.,(7,5,5,5,5,5,5,7),(0.,0.207450025539,
    0.333373346943,0.388423150132,0.554344514813,0.67855216069,
    0.745316759846,1.),.UNSPECIFIED.);
#6125 = CARTESIAN_POINT('',(4.712388980385,-21.67307011979));
#6126 = CARTESIAN_POINT('',(4.650372962357,-21.67307011979));
#6127 = CARTESIAN_POINT('',(4.588406622672,-21.673070037));
#6128 = CARTESIAN_POINT('',(4.52658622578,-21.67307043104));
#6129 = CARTESIAN_POINT('',(4.465021353958,-21.67284124889));
#6130 = CARTESIAN_POINT('',(4.403851828176,-21.67193483303));
#6131 = CARTESIAN_POINT('',(4.306521308816,-21.66854059323));
#6132 = CARTESIAN_POINT('',(4.26995065916,-21.66681323516));
#6133 = CARTESIAN_POINT('',(4.233613194145,-21.66452058538));
#6134 = CARTESIAN_POINT('',(4.197549184741,-21.66152976377));
#6135 = CARTESIAN_POINT('',(4.16180276401,-21.65770234317));
#6136 = CARTESIAN_POINT('',(4.110959244275,-21.65080295019));
#6137 = CARTESIAN_POINT('',(4.095565448922,-21.64851849609));
#6138 = CARTESIAN_POINT('',(4.0802490928,-21.64603696427));
#6139 = CARTESIAN_POINT('',(4.065016066243,-21.64334741472));
#6140 = CARTESIAN_POINT('',(4.049872889966,-21.64043930175));
#6141 = CARTESIAN_POINT('',(3.989477200131,-21.6278480032));
#6142 = CARTESIAN_POINT('',(3.944952466691,-21.61630443538));
#6143 = CARTESIAN_POINT('',(3.901532933696,-21.60240419408));
#6144 = CARTESIAN_POINT('',(3.859475070507,-21.58593684833));
#6145 = CARTESIAN_POINT('',(3.819038340231,-21.56678474817));
#6146 = CARTESIAN_POINT('',(3.751618687089,-21.52857868303));
#6147 = CARTESIAN_POINT('',(3.723837096647,-21.5107263959));
#6148 = CARTESIAN_POINT('',(3.697244978232,-21.49138006369));
#6149 = CARTESIAN_POINT('',(3.671950866999,-21.47057757036));
#6150 = CARTESIAN_POINT('',(3.648058745517,-21.44839374026));
#6151 = CARTESIAN_POINT('',(3.613624549534,-21.41233484943));
#6152 = CARTESIAN_POINT('',(3.602015692525,-21.39935886655));
#6153 = CARTESIAN_POINT('',(3.590849071,-21.38602835341));
#6154 = CARTESIAN_POINT('',(3.580136160807,-21.37235962743));
#6155 = CARTESIAN_POINT('',(3.569887142693,-21.35837019158));
#6156 = CARTESIAN_POINT('',(3.522818016398,-21.28956189987));
#6157 = CARTESIAN_POINT('',(3.492497827024,-21.23078446251));
#6158 = CARTESIAN_POINT('',(3.469449998489,-21.16861841448));
#6159 = CARTESIAN_POINT('',(3.453991971814,-21.10414380666));
#6160 = CARTESIAN_POINT('',(3.446285307605,-21.03855707955));
#6161 = CARTESIAN_POINT('',(3.446285307605,-20.97307011979));
#6162 = ( GEOMETRIC_REPRESENTATION_CONTEXT(2) 
PARAMETRIC_REPRESENTATION_CONTEXT() REPRESENTATION_CONTEXT('2D SPACE',''
  ) );
#6163 = PCURVE('',#5843,#6164);
#6164 = DEFINITIONAL_REPRESENTATION('',(#6165),#6203);
#6165 = B_SPLINE_CURVE_WITH_KNOTS('',6,(#6166,#6167,#6168,#6169,#6170,
    #6171,#6172,#6173,#6174,#6175,#6176,#6177,#6178,#6179,#6180,#6181,
    #6182,#6183,#6184,#6185,#6186,#6187,#6188,#6189,#6190,#6191,#6192,
    #6193,#6194,#6195,#6196,#6197,#6198,#6199,#6200,#6201,#6202),
  .UNSPECIFIED.,.F.,.F.,(7,5,5,5,5,5,5,7),(0.,0.207450025539,
    0.333373346943,0.388423150132,0.554344514813,0.67855216069,
    0.745316759846,1.),.UNSPECIFIED.);
#6166 = CARTESIAN_POINT('',(-4.712388980385,2.3));
#6167 = CARTESIAN_POINT('',(-4.712388980385,2.362016018028));
#6168 = CARTESIAN_POINT('',(-4.718981876346,2.42398240144));
#6169 = CARTESIAN_POINT('',(-4.732149387474,2.485373260831));
#6170 = CARTESIAN_POINT('',(-4.751722295142,2.545654176302));
#6171 = CARTESIAN_POINT('',(-4.777389326856,2.604292181651));
#6172 = CARTESIAN_POINT('',(-4.827787211485,2.695067602019));
#6173 = CARTESIAN_POINT('',(-4.848936724952,2.728590085795));
#6174 = CARTESIAN_POINT('',(-4.872119004807,2.761238128363));
#6175 = CARTESIAN_POINT('',(-4.897248925558,2.792913030285));
#6176 = CARTESIAN_POINT('',(-4.924241923244,2.823526779642));
#6177 = CARTESIAN_POINT('',(-4.965600110084,2.865888558516));
#6178 = CARTESIAN_POINT('',(-4.978520427418,2.878555646141));
#6179 = CARTESIAN_POINT('',(-4.991772886155,2.890996662862));
#6180 = CARTESIAN_POINT('',(-5.00534963121,2.903204690495));
#6181 = CARTESIAN_POINT('',(-5.019242475539,2.915173118021));
#6182 = CARTESIAN_POINT('',(-5.076243304379,2.962227595497));
#6183 = CARTESIAN_POINT('',(-5.121891067814,2.995369825352));
#6184 = CARTESIAN_POINT('',(-5.170088856935,3.026078729787));
#6185 = CARTESIAN_POINT('',(-5.220537304527,3.054222614524));
#6186 = CARTESIAN_POINT('',(-5.272958929948,3.079767236927));
#6187 = CARTESIAN_POINT('',(-5.367599633947,3.11996985183));
#6188 = CARTESIAN_POINT('',(-5.409031407646,3.135733732843));
#6189 = CARTESIAN_POINT('',(-5.451256154231,3.150072308371));
#6190 = CARTESIAN_POINT('',(-5.494153241891,3.163033635784));
#6191 = CARTESIAN_POINT('',(-5.537599977281,3.174685321502));
#6192 = CARTESIAN_POINT('',(-5.605048386843,3.190710500555));
#6193 = CARTESIAN_POINT('',(-5.628755925273,3.195959061579));
#6194 = CARTESIAN_POINT('',(-5.652575163487,3.20086723727));
#6195 = CARTESIAN_POINT('',(-5.676492036099,3.205449045013));
#6196 = CARTESIAN_POINT('',(-5.700494038963,3.209719004412));
#6197 = CARTESIAN_POINT('',(-5.816412346263,3.228848228479));
#6198 = CARTESIAN_POINT('',(-5.909105521812,3.239646271124));
#6199 = CARTESIAN_POINT('',(-6.002356275172,3.246991695874));
#6200 = CARTESIAN_POINT('',(-6.095937311871,3.251626701082));
#6201 = CARTESIAN_POINT('',(-6.189632507525,3.253939201417));
#6202 = CARTESIAN_POINT('',(-6.28318530718,3.253939201417));
#6203 = ( GEOMETRIC_REPRESENTATION_CONTEXT(2) 
PARAMETRIC_REPRESENTATION_CONTEXT() REPRESENTATION_CONTEXT('2D SPACE',''
  ) );
#6204 = ORIENTED_EDGE('',*,*,#6205,.F.);
#6205 = EDGE_CURVE('',#5612,#6081,#6206,.T.);
#6206 = SURFACE_CURVE('',#6207,(#6211,#6218),.PCURVE_S1.);
#6207 = LINE('',#6208,#6209);
#6208 = CARTESIAN_POINT('',(11.45,0.,20.973070119799));
#6209 = VECTOR('',#6210,1.);
#6210 = DIRECTION('',(-0.,-0.,-1.));
#6211 = PCURVE('',#5525,#6212);
#6212 = DEFINITIONAL_REPRESENTATION('',(#6213),#6217);
#6213 = LINE('',#6214,#6215);
#6214 = CARTESIAN_POINT('',(4.712388980385,0.));
#6215 = VECTOR('',#6216,1.);
#6216 = DIRECTION('',(0.,-1.));
#6217 = ( GEOMETRIC_REPRESENTATION_CONTEXT(2) 
PARAMETRIC_REPRESENTATION_CONTEXT() REPRESENTATION_CONTEXT('2D SPACE',''
  ) );
#6218 = PCURVE('',#5719,#6219);
#6219 = DEFINITIONAL_REPRESENTATION('',(#6220),#6224);
#6220 = LINE('',#6221,#6222);
#6221 = CARTESIAN_POINT('',(0.,0.));
#6222 = VECTOR('',#6223,1.);
#6223 = DIRECTION('',(0.,-1.));
#6224 = ( GEOMETRIC_REPRESENTATION_CONTEXT(2) 
PARAMETRIC_REPRESENTATION_CONTEXT() REPRESENTATION_CONTEXT('2D SPACE',''
  ) );
#6225 = ORIENTED_EDGE('',*,*,#5611,.T.);
#6226 = ORIENTED_EDGE('',*,*,#5463,.T.);
#6227 = ADVANCED_FACE('',(#6228),#5780,.T.);
#6228 = FACE_BOUND('',#6229,.F.);
#6229 = EDGE_LOOP('',(#6230,#6254,#6255,#6256));
#6230 = ORIENTED_EDGE('',*,*,#6231,.F.);
#6231 = EDGE_CURVE('',#5904,#6232,#6234,.T.);
#6232 = VERTEX_POINT('',#6233);
#6233 = CARTESIAN_POINT('',(13.75,-0.1,-0.692820323028));
#6234 = SURFACE_CURVE('',#6235,(#6240,#6247),.PCURVE_S1.);
#6235 = CIRCLE('',#6236,0.7);
#6236 = AXIS2_PLACEMENT_3D('',#6237,#6238,#6239);
#6237 = CARTESIAN_POINT('',(13.75,0.,0.));
#6238 = DIRECTION('',(1.,0.,0.));
#6239 = DIRECTION('',(0.,1.,0.));
#6240 = PCURVE('',#5780,#6241);
#6241 = DEFINITIONAL_REPRESENTATION('',(#6242),#6246);
#6242 = CIRCLE('',#6243,0.7);
#6243 = AXIS2_PLACEMENT_2D('',#6244,#6245);
#6244 = CARTESIAN_POINT('',(0.,0.));
#6245 = DIRECTION('',(1.,-0.));
#6246 = ( GEOMETRIC_REPRESENTATION_CONTEXT(2) 
PARAMETRIC_REPRESENTATION_CONTEXT() REPRESENTATION_CONTEXT('2D SPACE',''
  ) );
#6247 = PCURVE('',#5843,#6248);
#6248 = DEFINITIONAL_REPRESENTATION('',(#6249),#6253);
#6249 = LINE('',#6250,#6251);
#6250 = CARTESIAN_POINT('',(-0.,0.));
#6251 = VECTOR('',#6252,1.);
#6252 = DIRECTION('',(-1.,0.));
#6253 = ( GEOMETRIC_REPRESENTATION_CONTEXT(2) 
PARAMETRIC_REPRESENTATION_CONTEXT() REPRESENTATION_CONTEXT('2D SPACE',''
  ) );
#6254 = ORIENTED_EDGE('',*,*,#5930,.F.);
#6255 = ORIENTED_EDGE('',*,*,#5763,.T.);
#6256 = ORIENTED_EDGE('',*,*,#6257,.F.);
#6257 = EDGE_CURVE('',#6232,#5732,#6258,.T.);
#6258 = SURFACE_CURVE('',#6259,(#6263,#6270),.PCURVE_S1.);
#6259 = LINE('',#6260,#6261);
#6260 = CARTESIAN_POINT('',(13.75,-0.1,-0.7));
#6261 = VECTOR('',#6262,1.);
#6262 = DIRECTION('',(0.,0.,1.));
#6263 = PCURVE('',#5780,#6264);
#6264 = DEFINITIONAL_REPRESENTATION('',(#6265),#6269);
#6265 = LINE('',#6266,#6267);
#6266 = CARTESIAN_POINT('',(-0.1,-0.7));
#6267 = VECTOR('',#6268,1.);
#6268 = DIRECTION('',(-0.,1.));
#6269 = ( GEOMETRIC_REPRESENTATION_CONTEXT(2) 
PARAMETRIC_REPRESENTATION_CONTEXT() REPRESENTATION_CONTEXT('2D SPACE',''
  ) );
#6270 = PCURVE('',#5751,#6271);
#6271 = DEFINITIONAL_REPRESENTATION('',(#6272),#6276);
#6272 = LINE('',#6273,#6274);
#6273 = CARTESIAN_POINT('',(-0.,-7.071067811866E-02));
#6274 = VECTOR('',#6275,1.);
#6275 = DIRECTION('',(-1.,0.));
#6276 = ( GEOMETRIC_REPRESENTATION_CONTEXT(2) 
PARAMETRIC_REPRESENTATION_CONTEXT() REPRESENTATION_CONTEXT('2D SPACE',''
  ) );
#6277 = ADVANCED_FACE('',(#6278),#5751,.T.);
#6278 = FACE_BOUND('',#6279,.F.);
#6279 = EDGE_LOOP('',(#6280,#6307,#6308,#6309));
#6280 = ORIENTED_EDGE('',*,*,#6281,.F.);
#6281 = EDGE_CURVE('',#6232,#6282,#6284,.T.);
#6282 = VERTEX_POINT('',#6283);
#6283 = CARTESIAN_POINT('',(13.65,0.,-0.7));
#6284 = SURFACE_CURVE('',#6285,(#6290,#6297),.PCURVE_S1.);
#6285 = ELLIPSE('',#6286,0.989949493661,0.7);
#6286 = AXIS2_PLACEMENT_3D('',#6287,#6288,#6289);
#6287 = CARTESIAN_POINT('',(13.65,0.,0.));
#6288 = DIRECTION('',(0.707106781187,0.707106781187,-0.));
#6289 = DIRECTION('',(-0.707106781187,0.707106781187,0.));
#6290 = PCURVE('',#5751,#6291);
#6291 = DEFINITIONAL_REPRESENTATION('',(#6292),#6296);
#6292 = ELLIPSE('',#6293,0.989949493661,0.7);
#6293 = AXIS2_PLACEMENT_2D('',#6294,#6295);
#6294 = CARTESIAN_POINT('',(-0.7,7.071067811866E-02));
#6295 = DIRECTION('',(-0.,1.));
#6296 = ( GEOMETRIC_REPRESENTATION_CONTEXT(2) 
PARAMETRIC_REPRESENTATION_CONTEXT() REPRESENTATION_CONTEXT('2D SPACE',''
  ) );
#6297 = PCURVE('',#5843,#6298);
#6298 = DEFINITIONAL_REPRESENTATION('',(#6299),#6306);
#6299 = B_SPLINE_CURVE_WITH_KNOTS('',5,(#6300,#6301,#6302,#6303,#6304,
    #6305),.UNSPECIFIED.,.F.,.F.,(6,6),(4.569041411479,4.712388980385),
  .PIECEWISE_BEZIER_KNOTS.);
#6300 = CARTESIAN_POINT('',(-4.569041411479,0.));
#6301 = CARTESIAN_POINT('',(-4.59771092526,1.986282179885E-02));
#6302 = CARTESIAN_POINT('',(-4.626380439041,3.982838621054E-02));
#6303 = CARTESIAN_POINT('',(-4.655049952823,5.986268069476E-02));
#6304 = CARTESIAN_POINT('',(-4.683719466604,7.993134035325E-02));
#6305 = CARTESIAN_POINT('',(-4.712388980385,1.E-01));
#6306 = ( GEOMETRIC_REPRESENTATION_CONTEXT(2) 
PARAMETRIC_REPRESENTATION_CONTEXT() REPRESENTATION_CONTEXT('2D SPACE',''
  ) );
#6307 = ORIENTED_EDGE('',*,*,#6257,.T.);
#6308 = ORIENTED_EDGE('',*,*,#5731,.T.);
#6309 = ORIENTED_EDGE('',*,*,#6310,.F.);
#6310 = EDGE_CURVE('',#6282,#5704,#6311,.T.);
#6311 = SURFACE_CURVE('',#6312,(#6316,#6323),.PCURVE_S1.);
#6312 = LINE('',#6313,#6314);
#6313 = CARTESIAN_POINT('',(13.65,0.,-0.7));
#6314 = VECTOR('',#6315,1.);
#6315 = DIRECTION('',(0.,0.,1.));
#6316 = PCURVE('',#5751,#6317);
#6317 = DEFINITIONAL_REPRESENTATION('',(#6318),#6322);
#6318 = LINE('',#6319,#6320);
#6319 = CARTESIAN_POINT('',(-0.,7.071067811865E-02));
#6320 = VECTOR('',#6321,1.);
#6321 = DIRECTION('',(-1.,0.));
#6322 = ( GEOMETRIC_REPRESENTATION_CONTEXT(2) 
PARAMETRIC_REPRESENTATION_CONTEXT() REPRESENTATION_CONTEXT('2D SPACE',''
  ) );
#6323 = PCURVE('',#5719,#6324);
#6324 = DEFINITIONAL_REPRESENTATION('',(#6325),#6329);
#6325 = LINE('',#6326,#6327);
#6326 = CARTESIAN_POINT('',(2.2,-21.67307011979));
#6327 = VECTOR('',#6328,1.);
#6328 = DIRECTION('',(0.,1.));
#6329 = ( GEOMETRIC_REPRESENTATION_CONTEXT(2) 
PARAMETRIC_REPRESENTATION_CONTEXT() REPRESENTATION_CONTEXT('2D SPACE',''
  ) );
#6330 = ADVANCED_FACE('',(#6331),#5598,.F.);
#6331 = FACE_BOUND('',#6332,.F.);
#6332 = EDGE_LOOP('',(#6333,#6356,#6357));
#6333 = ORIENTED_EDGE('',*,*,#6334,.T.);
#6334 = EDGE_CURVE('',#6335,#5561,#6337,.T.);
#6335 = VERTEX_POINT('',#6336);
#6336 = CARTESIAN_POINT('',(9.519059892324,0.,0.));
#6337 = SEAM_CURVE('',#6338,(#6342,#6349),.PCURVE_S1.);
#6338 = LINE('',#6339,#6340);
#6339 = CARTESIAN_POINT('',(9.519059892324,0.,0.));
#6340 = VECTOR('',#6341,1.);
#6341 = DIRECTION('',(0.5,0.866025403784,0.));
#6342 = PCURVE('',#5598,#6343);
#6343 = DEFINITIONAL_REPRESENTATION('',(#6344),#6348);
#6344 = LINE('',#6345,#6346);
#6345 = CARTESIAN_POINT('',(0.,0.));
#6346 = VECTOR('',#6347,1.);
#6347 = DIRECTION('',(0.,1.));
#6348 = ( GEOMETRIC_REPRESENTATION_CONTEXT(2) 
PARAMETRIC_REPRESENTATION_CONTEXT() REPRESENTATION_CONTEXT('2D SPACE',''
  ) );
#6349 = PCURVE('',#5598,#6350);
#6350 = DEFINITIONAL_REPRESENTATION('',(#6351),#6355);
#6351 = LINE('',#6352,#6353);
#6352 = CARTESIAN_POINT('',(6.28318530718,0.));
#6353 = VECTOR('',#6354,1.);
#6354 = DIRECTION('',(0.,1.));
#6355 = ( GEOMETRIC_REPRESENTATION_CONTEXT(2) 
PARAMETRIC_REPRESENTATION_CONTEXT() REPRESENTATION_CONTEXT('2D SPACE',''
  ) );
#6356 = ORIENTED_EDGE('',*,*,#5583,.F.);
#6357 = ORIENTED_EDGE('',*,*,#6334,.F.);
#6358 = ADVANCED_FACE('',(#6359),#5719,.F.);
#6359 = FACE_BOUND('',#6360,.F.);
#6360 = EDGE_LOOP('',(#6361,#6362,#6363,#6384));
#6361 = ORIENTED_EDGE('',*,*,#5703,.F.);
#6362 = ORIENTED_EDGE('',*,*,#6205,.T.);
#6363 = ORIENTED_EDGE('',*,*,#6364,.F.);
#6364 = EDGE_CURVE('',#6282,#6081,#6365,.T.);
#6365 = SURFACE_CURVE('',#6366,(#6370,#6377),.PCURVE_S1.);
#6366 = LINE('',#6367,#6368);
#6367 = CARTESIAN_POINT('',(13.75,0.,-0.7));
#6368 = VECTOR('',#6369,1.);
#6369 = DIRECTION('',(-1.,-0.,-0.));
#6370 = PCURVE('',#5719,#6371);
#6371 = DEFINITIONAL_REPRESENTATION('',(#6372),#6376);
#6372 = LINE('',#6373,#6374);
#6373 = CARTESIAN_POINT('',(2.3,-21.67307011979));
#6374 = VECTOR('',#6375,1.);
#6375 = DIRECTION('',(-1.,0.));
#6376 = ( GEOMETRIC_REPRESENTATION_CONTEXT(2) 
PARAMETRIC_REPRESENTATION_CONTEXT() REPRESENTATION_CONTEXT('2D SPACE',''
  ) );
#6377 = PCURVE('',#5843,#6378);
#6378 = DEFINITIONAL_REPRESENTATION('',(#6379),#6383);
#6379 = LINE('',#6380,#6381);
#6380 = CARTESIAN_POINT('',(-4.712388980385,0.));
#6381 = VECTOR('',#6382,1.);
#6382 = DIRECTION('',(-0.,1.));
#6383 = ( GEOMETRIC_REPRESENTATION_CONTEXT(2) 
PARAMETRIC_REPRESENTATION_CONTEXT() REPRESENTATION_CONTEXT('2D SPACE',''
  ) );
#6384 = ORIENTED_EDGE('',*,*,#6310,.T.);
#6385 = ADVANCED_FACE('',(#6386),#5843,.T.);
#6386 = FACE_BOUND('',#6387,.F.);
#6387 = EDGE_LOOP('',(#6388,#6389,#6390,#6391,#6392,#6393,#6394,#6417,
    #6444,#6445));
#6388 = ORIENTED_EDGE('',*,*,#5825,.F.);
#6389 = ORIENTED_EDGE('',*,*,#5903,.T.);
#6390 = ORIENTED_EDGE('',*,*,#6231,.T.);
#6391 = ORIENTED_EDGE('',*,*,#6281,.T.);
#6392 = ORIENTED_EDGE('',*,*,#6364,.T.);
#6393 = ORIENTED_EDGE('',*,*,#6080,.T.);
#6394 = ORIENTED_EDGE('',*,*,#6395,.T.);
#6395 = EDGE_CURVE('',#5956,#6396,#6398,.T.);
#6396 = VERTEX_POINT('',#6397);
#6397 = CARTESIAN_POINT('',(8.75,0.7,0.));
#6398 = SEAM_CURVE('',#6399,(#6403,#6410),.PCURVE_S1.);
#6399 = LINE('',#6400,#6401);
#6400 = CARTESIAN_POINT('',(13.75,0.7,0.));
#6401 = VECTOR('',#6402,1.);
#6402 = DIRECTION('',(-1.,0.,0.));
#6403 = PCURVE('',#5843,#6404);
#6404 = DEFINITIONAL_REPRESENTATION('',(#6405),#6409);
#6405 = LINE('',#6406,#6407);
#6406 = CARTESIAN_POINT('',(-0.,0.));
#6407 = VECTOR('',#6408,1.);
#6408 = DIRECTION('',(-0.,1.));
#6409 = ( GEOMETRIC_REPRESENTATION_CONTEXT(2) 
PARAMETRIC_REPRESENTATION_CONTEXT() REPRESENTATION_CONTEXT('2D SPACE',''
  ) );
#6410 = PCURVE('',#5843,#6411);
#6411 = DEFINITIONAL_REPRESENTATION('',(#6412),#6416);
#6412 = LINE('',#6413,#6414);
#6413 = CARTESIAN_POINT('',(-6.28318530718,0.));
#6414 = VECTOR('',#6415,1.);
#6415 = DIRECTION('',(-0.,1.));
#6416 = ( GEOMETRIC_REPRESENTATION_CONTEXT(2) 
PARAMETRIC_REPRESENTATION_CONTEXT() REPRESENTATION_CONTEXT('2D SPACE',''
  ) );
#6417 = ORIENTED_EDGE('',*,*,#6418,.F.);
#6418 = EDGE_CURVE('',#6396,#6396,#6419,.T.);
#6419 = SURFACE_CURVE('',#6420,(#6425,#6432),.PCURVE_S1.);
#6420 = CIRCLE('',#6421,0.7);
#6421 = AXIS2_PLACEMENT_3D('',#6422,#6423,#6424);
#6422 = CARTESIAN_POINT('',(8.75,0.,0.));
#6423 = DIRECTION('',(1.,0.,0.));
#6424 = DIRECTION('',(0.,1.,0.));
#6425 = PCURVE('',#5843,#6426);
#6426 = DEFINITIONAL_REPRESENTATION('',(#6427),#6431);
#6427 = LINE('',#6428,#6429);
#6428 = CARTESIAN_POINT('',(-0.,5.));
#6429 = VECTOR('',#6430,1.);
#6430 = DIRECTION('',(-1.,0.));
#6431 = ( GEOMETRIC_REPRESENTATION_CONTEXT(2) 
PARAMETRIC_REPRESENTATION_CONTEXT() REPRESENTATION_CONTEXT('2D SPACE',''
  ) );
#6432 = PCURVE('',#6433,#6438);
#6433 = PLANE('',#6434);
#6434 = AXIS2_PLACEMENT_3D('',#6435,#6436,#6437);
#6435 = CARTESIAN_POINT('',(8.75,0.,0.));
#6436 = DIRECTION('',(1.,0.,0.));
#6437 = DIRECTION('',(0.,1.,0.));
#6438 = DEFINITIONAL_REPRESENTATION('',(#6439),#6443);
#6439 = CIRCLE('',#6440,0.7);
#6440 = AXIS2_PLACEMENT_2D('',#6441,#6442);
#6441 = CARTESIAN_POINT('',(0.,0.));
#6442 = DIRECTION('',(1.,-0.));
#6443 = ( GEOMETRIC_REPRESENTATION_CONTEXT(2) 
PARAMETRIC_REPRESENTATION_CONTEXT() REPRESENTATION_CONTEXT('2D SPACE',''
  ) );
#6444 = ORIENTED_EDGE('',*,*,#6395,.F.);
#6445 = ORIENTED_EDGE('',*,*,#5955,.T.);
#6446 = ADVANCED_FACE('',(#6447,#6450),#6433,.T.);
#6447 = FACE_BOUND('',#6448,.F.);
#6448 = EDGE_LOOP('',(#6449));
#6449 = ORIENTED_EDGE('',*,*,#6418,.T.);
#6450 = FACE_BOUND('',#6451,.F.);
#6451 = EDGE_LOOP('',(#6452));
#6452 = ORIENTED_EDGE('',*,*,#6453,.F.);
#6453 = EDGE_CURVE('',#6454,#6454,#6456,.T.);
#6454 = VERTEX_POINT('',#6455);
#6455 = CARTESIAN_POINT('',(8.75,1.,0.));
#6456 = SURFACE_CURVE('',#6457,(#6462,#6469),.PCURVE_S1.);
#6457 = CIRCLE('',#6458,1.);
#6458 = AXIS2_PLACEMENT_3D('',#6459,#6460,#6461);
#6459 = CARTESIAN_POINT('',(8.75,0.,0.));
#6460 = DIRECTION('',(1.,0.,0.));
#6461 = DIRECTION('',(0.,1.,0.));
#6462 = PCURVE('',#6433,#6463);
#6463 = DEFINITIONAL_REPRESENTATION('',(#6464),#6468);
#6464 = CIRCLE('',#6465,1.);
#6465 = AXIS2_PLACEMENT_2D('',#6466,#6467);
#6466 = CARTESIAN_POINT('',(0.,0.));
#6467 = DIRECTION('',(1.,-0.));
#6468 = ( GEOMETRIC_REPRESENTATION_CONTEXT(2) 
PARAMETRIC_REPRESENTATION_CONTEXT() REPRESENTATION_CONTEXT('2D SPACE',''
  ) );
#6469 = PCURVE('',#6470,#6475);
#6470 = CYLINDRICAL_SURFACE('',#6471,1.);
#6471 = AXIS2_PLACEMENT_3D('',#6472,#6473,#6474);
#6472 = CARTESIAN_POINT('',(8.75,0.,0.));
#6473 = DIRECTION('',(-1.,-0.,-0.));
#6474 = DIRECTION('',(0.,1.,0.));
#6475 = DEFINITIONAL_REPRESENTATION('',(#6476),#6480);
#6476 = LINE('',#6477,#6478);
#6477 = CARTESIAN_POINT('',(-0.,0.));
#6478 = VECTOR('',#6479,1.);
#6479 = DIRECTION('',(-1.,0.));
#6480 = ( GEOMETRIC_REPRESENTATION_CONTEXT(2) 
PARAMETRIC_REPRESENTATION_CONTEXT() REPRESENTATION_CONTEXT('2D SPACE',''
  ) );
#6481 = ADVANCED_FACE('',(#6482),#6470,.T.);
#6482 = FACE_BOUND('',#6483,.F.);
#6483 = EDGE_LOOP('',(#6484,#6485,#6508,#6535));
#6484 = ORIENTED_EDGE('',*,*,#6453,.T.);
#6485 = ORIENTED_EDGE('',*,*,#6486,.T.);
#6486 = EDGE_CURVE('',#6454,#6487,#6489,.T.);
#6487 = VERTEX_POINT('',#6488);
#6488 = CARTESIAN_POINT('',(3.6,1.,0.));
#6489 = SEAM_CURVE('',#6490,(#6494,#6501),.PCURVE_S1.);
#6490 = LINE('',#6491,#6492);
#6491 = CARTESIAN_POINT('',(8.75,1.,0.));
#6492 = VECTOR('',#6493,1.);
#6493 = DIRECTION('',(-1.,0.,0.));
#6494 = PCURVE('',#6470,#6495);
#6495 = DEFINITIONAL_REPRESENTATION('',(#6496),#6500);
#6496 = LINE('',#6497,#6498);
#6497 = CARTESIAN_POINT('',(-0.,0.));
#6498 = VECTOR('',#6499,1.);
#6499 = DIRECTION('',(-0.,1.));
#6500 = ( GEOMETRIC_REPRESENTATION_CONTEXT(2) 
PARAMETRIC_REPRESENTATION_CONTEXT() REPRESENTATION_CONTEXT('2D SPACE',''
  ) );
#6501 = PCURVE('',#6470,#6502);
#6502 = DEFINITIONAL_REPRESENTATION('',(#6503),#6507);
#6503 = LINE('',#6504,#6505);
#6504 = CARTESIAN_POINT('',(-6.28318530718,0.));
#6505 = VECTOR('',#6506,1.);
#6506 = DIRECTION('',(-0.,1.));
#6507 = ( GEOMETRIC_REPRESENTATION_CONTEXT(2) 
PARAMETRIC_REPRESENTATION_CONTEXT() REPRESENTATION_CONTEXT('2D SPACE',''
  ) );
#6508 = ORIENTED_EDGE('',*,*,#6509,.F.);
#6509 = EDGE_CURVE('',#6487,#6487,#6510,.T.);
#6510 = SURFACE_CURVE('',#6511,(#6516,#6523),.PCURVE_S1.);
#6511 = CIRCLE('',#6512,1.);
#6512 = AXIS2_PLACEMENT_3D('',#6513,#6514,#6515);
#6513 = CARTESIAN_POINT('',(3.6,0.,0.));
#6514 = DIRECTION('',(1.,0.,0.));
#6515 = DIRECTION('',(0.,1.,0.));
#6516 = PCURVE('',#6470,#6517);
#6517 = DEFINITIONAL_REPRESENTATION('',(#6518),#6522);
#6518 = LINE('',#6519,#6520);
#6519 = CARTESIAN_POINT('',(-0.,5.15));
#6520 = VECTOR('',#6521,1.);
#6521 = DIRECTION('',(-1.,0.));
#6522 = ( GEOMETRIC_REPRESENTATION_CONTEXT(2) 
PARAMETRIC_REPRESENTATION_CONTEXT() REPRESENTATION_CONTEXT('2D SPACE',''
  ) );
#6523 = PCURVE('',#6524,#6529);
#6524 = PLANE('',#6525);
#6525 = AXIS2_PLACEMENT_3D('',#6526,#6527,#6528);
#6526 = CARTESIAN_POINT('',(3.6,0.,0.));
#6527 = DIRECTION('',(1.,0.,0.));
#6528 = DIRECTION('',(0.,1.,0.));
#6529 = DEFINITIONAL_REPRESENTATION('',(#6530),#6534);
#6530 = CIRCLE('',#6531,1.);
#6531 = AXIS2_PLACEMENT_2D('',#6532,#6533);
#6532 = CARTESIAN_POINT('',(0.,0.));
#6533 = DIRECTION('',(1.,0.));
#6534 = ( GEOMETRIC_REPRESENTATION_CONTEXT(2) 
PARAMETRIC_REPRESENTATION_CONTEXT() REPRESENTATION_CONTEXT('2D SPACE',''
  ) );
#6535 = ORIENTED_EDGE('',*,*,#6486,.F.);
#6536 = ADVANCED_FACE('',(#6537,#6540),#6524,.F.);
#6537 = FACE_BOUND('',#6538,.F.);
#6538 = EDGE_LOOP('',(#6539));
#6539 = ORIENTED_EDGE('',*,*,#6509,.T.);
#6540 = FACE_BOUND('',#6541,.F.);
#6541 = EDGE_LOOP('',(#6542));
#6542 = ORIENTED_EDGE('',*,*,#6543,.F.);
#6543 = EDGE_CURVE('',#6544,#6544,#6546,.T.);
#6544 = VERTEX_POINT('',#6545);
#6545 = CARTESIAN_POINT('',(3.6,0.7,0.));
#6546 = SURFACE_CURVE('',#6547,(#6552,#6559),.PCURVE_S1.);
#6547 = CIRCLE('',#6548,0.7);
#6548 = AXIS2_PLACEMENT_3D('',#6549,#6550,#6551);
#6549 = CARTESIAN_POINT('',(3.6,0.,0.));
#6550 = DIRECTION('',(1.,0.,0.));
#6551 = DIRECTION('',(0.,1.,0.));
#6552 = PCURVE('',#6524,#6553);
#6553 = DEFINITIONAL_REPRESENTATION('',(#6554),#6558);
#6554 = CIRCLE('',#6555,0.7);
#6555 = AXIS2_PLACEMENT_2D('',#6556,#6557);
#6556 = CARTESIAN_POINT('',(0.,0.));
#6557 = DIRECTION('',(1.,0.));
#6558 = ( GEOMETRIC_REPRESENTATION_CONTEXT(2) 
PARAMETRIC_REPRESENTATION_CONTEXT() REPRESENTATION_CONTEXT('2D SPACE',''
  ) );
#6559 = PCURVE('',#6560,#6565);
#6560 = CYLINDRICAL_SURFACE('',#6561,0.7);
#6561 = AXIS2_PLACEMENT_3D('',#6562,#6563,#6564);
#6562 = CARTESIAN_POINT('',(3.6,0.,0.));
#6563 = DIRECTION('',(-1.,-0.,-0.));
#6564 = DIRECTION('',(0.,1.,0.));
#6565 = DEFINITIONAL_REPRESENTATION('',(#6566),#6570);
#6566 = LINE('',#6567,#6568);
#6567 = CARTESIAN_POINT('',(-0.,0.));
#6568 = VECTOR('',#6569,1.);
#6569 = DIRECTION('',(-1.,0.));
#6570 = ( GEOMETRIC_REPRESENTATION_CONTEXT(2) 
PARAMETRIC_REPRESENTATION_CONTEXT() REPRESENTATION_CONTEXT('2D SPACE',''
  ) );
#6571 = ADVANCED_FACE('',(#6572),#6560,.T.);
#6572 = FACE_BOUND('',#6573,.F.);
#6573 = EDGE_LOOP('',(#6574,#6575,#6598,#6625));
#6574 = ORIENTED_EDGE('',*,*,#6543,.T.);
#6575 = ORIENTED_EDGE('',*,*,#6576,.T.);
#6576 = EDGE_CURVE('',#6544,#6577,#6579,.T.);
#6577 = VERTEX_POINT('',#6578);
#6578 = CARTESIAN_POINT('',(-4.3,0.7,0.));
#6579 = SEAM_CURVE('',#6580,(#6584,#6591),.PCURVE_S1.);
#6580 = LINE('',#6581,#6582);
#6581 = CARTESIAN_POINT('',(3.6,0.7,0.));
#6582 = VECTOR('',#6583,1.);
#6583 = DIRECTION('',(-1.,0.,0.));
#6584 = PCURVE('',#6560,#6585);
#6585 = DEFINITIONAL_REPRESENTATION('',(#6586),#6590);
#6586 = LINE('',#6587,#6588);
#6587 = CARTESIAN_POINT('',(-0.,0.));
#6588 = VECTOR('',#6589,1.);
#6589 = DIRECTION('',(-0.,1.));
#6590 = ( GEOMETRIC_REPRESENTATION_CONTEXT(2) 
PARAMETRIC_REPRESENTATION_CONTEXT() REPRESENTATION_CONTEXT('2D SPACE',''
  ) );
#6591 = PCURVE('',#6560,#6592);
#6592 = DEFINITIONAL_REPRESENTATION('',(#6593),#6597);
#6593 = LINE('',#6594,#6595);
#6594 = CARTESIAN_POINT('',(-6.28318530718,0.));
#6595 = VECTOR('',#6596,1.);
#6596 = DIRECTION('',(-0.,1.));
#6597 = ( GEOMETRIC_REPRESENTATION_CONTEXT(2) 
PARAMETRIC_REPRESENTATION_CONTEXT() REPRESENTATION_CONTEXT('2D SPACE',''
  ) );
#6598 = ORIENTED_EDGE('',*,*,#6599,.F.);
#6599 = EDGE_CURVE('',#6577,#6577,#6600,.T.);
#6600 = SURFACE_CURVE('',#6601,(#6606,#6613),.PCURVE_S1.);
#6601 = CIRCLE('',#6602,0.7);
#6602 = AXIS2_PLACEMENT_3D('',#6603,#6604,#6605);
#6603 = CARTESIAN_POINT('',(-4.3,0.,0.));
#6604 = DIRECTION('',(1.,0.,0.));
#6605 = DIRECTION('',(0.,1.,0.));
#6606 = PCURVE('',#6560,#6607);
#6607 = DEFINITIONAL_REPRESENTATION('',(#6608),#6612);
#6608 = LINE('',#6609,#6610);
#6609 = CARTESIAN_POINT('',(-0.,7.9));
#6610 = VECTOR('',#6611,1.);
#6611 = DIRECTION('',(-1.,0.));
#6612 = ( GEOMETRIC_REPRESENTATION_CONTEXT(2) 
PARAMETRIC_REPRESENTATION_CONTEXT() REPRESENTATION_CONTEXT('2D SPACE',''
  ) );
#6613 = PCURVE('',#6614,#6619);
#6614 = SPHERICAL_SURFACE('',#6615,0.7);
#6615 = AXIS2_PLACEMENT_3D('',#6616,#6617,#6618);
#6616 = CARTESIAN_POINT('',(-4.3,0.,0.));
#6617 = DIRECTION('',(-1.,-0.,-0.));
#6618 = DIRECTION('',(0.,1.,0.));
#6619 = DEFINITIONAL_REPRESENTATION('',(#6620),#6624);
#6620 = LINE('',#6621,#6622);
#6621 = CARTESIAN_POINT('',(-0.,0.));
#6622 = VECTOR('',#6623,1.);
#6623 = DIRECTION('',(-1.,0.));
#6624 = ( GEOMETRIC_REPRESENTATION_CONTEXT(2) 
PARAMETRIC_REPRESENTATION_CONTEXT() REPRESENTATION_CONTEXT('2D SPACE',''
  ) );
#6625 = ORIENTED_EDGE('',*,*,#6576,.F.);
#6626 = ADVANCED_FACE('',(#6627),#6614,.T.);
#6627 = FACE_BOUND('',#6628,.F.);
#6628 = EDGE_LOOP('',(#6629,#6630,#6654));
#6629 = ORIENTED_EDGE('',*,*,#6599,.T.);
#6630 = ORIENTED_EDGE('',*,*,#6631,.T.);
#6631 = EDGE_CURVE('',#6577,#6632,#6634,.T.);
#6632 = VERTEX_POINT('',#6633);
#6633 = CARTESIAN_POINT('',(-5.,0.,0.));
#6634 = SEAM_CURVE('',#6635,(#6640,#6647),.PCURVE_S1.);
#6635 = CIRCLE('',#6636,0.7);
#6636 = AXIS2_PLACEMENT_3D('',#6637,#6638,#6639);
#6637 = CARTESIAN_POINT('',(-4.3,0.,0.));
#6638 = DIRECTION('',(0.,0.,1.));
#6639 = DIRECTION('',(1.,0.,0.));
#6640 = PCURVE('',#6614,#6641);
#6641 = DEFINITIONAL_REPRESENTATION('',(#6642),#6646);
#6642 = LINE('',#6643,#6644);
#6643 = CARTESIAN_POINT('',(-0.,-1.570796326795));
#6644 = VECTOR('',#6645,1.);
#6645 = DIRECTION('',(-0.,1.));
#6646 = ( GEOMETRIC_REPRESENTATION_CONTEXT(2) 
PARAMETRIC_REPRESENTATION_CONTEXT() REPRESENTATION_CONTEXT('2D SPACE',''
  ) );
#6647 = PCURVE('',#6614,#6648);
#6648 = DEFINITIONAL_REPRESENTATION('',(#6649),#6653);
#6649 = LINE('',#6650,#6651);
#6650 = CARTESIAN_POINT('',(-6.28318530718,-1.570796326795));
#6651 = VECTOR('',#6652,1.);
#6652 = DIRECTION('',(-0.,1.));
#6653 = ( GEOMETRIC_REPRESENTATION_CONTEXT(2) 
PARAMETRIC_REPRESENTATION_CONTEXT() REPRESENTATION_CONTEXT('2D SPACE',''
  ) );
#6654 = ORIENTED_EDGE('',*,*,#6631,.F.);
#6655 = ( GEOMETRIC_REPRESENTATION_CONTEXT(3) 
GLOBAL_UNCERTAINTY_ASSIGNED_CONTEXT((#6659)) 
GLOBAL_UNIT_ASSIGNED_CONTEXT((#6656,#6657,#6658)) REPRESENTATION_CONTEXT
('Context #1','3D Context with UNIT and UNCERTAINTY') );
#6656 = ( LENGTH_UNIT() NAMED_UNIT(*) SI_UNIT(.MILLI.,.METRE.) );
#6657 = ( NAMED_UNIT(*) PLANE_ANGLE_UNIT() SI_UNIT($,.RADIAN.) );
#6658 = ( NAMED_UNIT(*) SI_UNIT($,.STERADIAN.) SOLID_ANGLE_UNIT() );
#6659 = UNCERTAINTY_MEASURE_WITH_UNIT(LENGTH_MEASURE(1.E-07),#6656,
  'distance_accuracy_value','confusion accuracy');
#6660 = CONTEXT_DEPENDENT_SHAPE_REPRESENTATION(#6661,#6663);
#6661 = ( REPRESENTATION_RELATIONSHIP('','',#5421,#5382) 
REPRESENTATION_RELATIONSHIP_WITH_TRANSFORMATION(#6662) 
SHAPE_REPRESENTATION_RELATIONSHIP() );
#6662 = ITEM_DEFINED_TRANSFORMATION('','',#11,#5383);
#6663 = PRODUCT_DEFINITION_SHAPE('Placement','Placement of an item',
  #6664);
#6664 = NEXT_ASSEMBLY_USAGE_OCCURRENCE('81','0','',#5377,#5416,$);
#6665 = PRODUCT_RELATED_PRODUCT_CATEGORY('part',$,(#5418));
#6666 = CONTEXT_DEPENDENT_SHAPE_REPRESENTATION(#6667,#6669);
#6667 = ( REPRESENTATION_RELATIONSHIP('','',#5421,#5382) 
REPRESENTATION_RELATIONSHIP_WITH_TRANSFORMATION(#6668) 
SHAPE_REPRESENTATION_RELATIONSHIP() );
#6668 = ITEM_DEFINED_TRANSFORMATION('','',#11,#5387);
#6669 = PRODUCT_DEFINITION_SHAPE('Placement','Placement of an item',
  #6670);
#6670 = NEXT_ASSEMBLY_USAGE_OCCURRENCE('82','1','',#5377,#5416,$);
#6671 = CONTEXT_DEPENDENT_SHAPE_REPRESENTATION(#6672,#6674);
#6672 = ( REPRESENTATION_RELATIONSHIP('','',#5421,#5382) 
REPRESENTATION_RELATIONSHIP_WITH_TRANSFORMATION(#6673) 
SHAPE_REPRESENTATION_RELATIONSHIP() );
#6673 = ITEM_DEFINED_TRANSFORMATION('','',#11,#5391);
#6674 = PRODUCT_DEFINITION_SHAPE('Placement','Placement of an item',
  #6675);
#6675 = NEXT_ASSEMBLY_USAGE_OCCURRENCE('83','2','',#5377,#5416,$);
#6676 = CONTEXT_DEPENDENT_SHAPE_REPRESENTATION(#6677,#6679);
#6677 = ( REPRESENTATION_RELATIONSHIP('','',#5421,#5382) 
REPRESENTATION_RELATIONSHIP_WITH_TRANSFORMATION(#6678) 
SHAPE_REPRESENTATION_RELATIONSHIP() );
#6678 = ITEM_DEFINED_TRANSFORMATION('','',#11,#5395);
#6679 = PRODUCT_DEFINITION_SHAPE('Placement','Placement of an item',
  #6680);
#6680 = NEXT_ASSEMBLY_USAGE_OCCURRENCE('84','3','',#5377,#5416,$);
#6681 = CONTEXT_DEPENDENT_SHAPE_REPRESENTATION(#6682,#6684);
#6682 = ( REPRESENTATION_RELATIONSHIP('','',#5421,#5382) 
REPRESENTATION_RELATIONSHIP_WITH_TRANSFORMATION(#6683) 
SHAPE_REPRESENTATION_RELATIONSHIP() );
#6683 = ITEM_DEFINED_TRANSFORMATION('','',#11,#5399);
#6684 = PRODUCT_DEFINITION_SHAPE('Placement','Placement of an item',
  #6685);
#6685 = NEXT_ASSEMBLY_USAGE_OCCURRENCE('85','4','',#5377,#5416,$);
#6686 = SHAPE_DEFINITION_REPRESENTATION(#6687,#6693);
#6687 = PRODUCT_DEFINITION_SHAPE('','',#6688);
#6688 = PRODUCT_DEFINITION('design','',#6689,#6692);
#6689 = PRODUCT_DEFINITION_FORMATION('','',#6690);
#6690 = PRODUCT('Body005','Body005','',(#6691));
#6691 = PRODUCT_CONTEXT('',#2,'mechanical');
#6692 = PRODUCT_DEFINITION_CONTEXT('part definition',#2,'design');
#6693 = ADVANCED_BREP_SHAPE_REPRESENTATION('',(#11,#6694),#7927);
#6694 = MANIFOLD_SOLID_BREP('',#6695);
#6695 = CLOSED_SHELL('',(#6696,#7093,#7169,#7222,#7499,#7549,#7602,#7630
    ,#7657,#7718,#7753,#7808,#7843,#7898));
#6696 = ADVANCED_FACE('',(#6697),#6711,.F.);
#6697 = FACE_BOUND('',#6698,.F.);
#6698 = EDGE_LOOP('',(#6699,#6734,#6831,#6854,#6881,#6882,#6974,#7002,
    #7034,#7063));
#6699 = ORIENTED_EDGE('',*,*,#6700,.F.);
#6700 = EDGE_CURVE('',#6701,#6703,#6705,.T.);
#6701 = VERTEX_POINT('',#6702);
#6702 = CARTESIAN_POINT('',(11.45,0.,0.4));
#6703 = VERTEX_POINT('',#6704);
#6704 = CARTESIAN_POINT('',(13.65,0.,0.4));
#6705 = SURFACE_CURVE('',#6706,(#6710,#6722),.PCURVE_S1.);
#6706 = LINE('',#6707,#6708);
#6707 = CARTESIAN_POINT('',(9.75,0.,0.4));
#6708 = VECTOR('',#6709,1.);
#6709 = DIRECTION('',(1.,0.,0.));
#6710 = PCURVE('',#6711,#6716);
#6711 = CYLINDRICAL_SURFACE('',#6712,0.4);
#6712 = AXIS2_PLACEMENT_3D('',#6713,#6714,#6715);
#6713 = CARTESIAN_POINT('',(9.75,0.,0.));
#6714 = DIRECTION('',(1.,0.,0.));
#6715 = DIRECTION('',(0.,1.,0.));
#6716 = DEFINITIONAL_REPRESENTATION('',(#6717),#6721);
#6717 = LINE('',#6718,#6719);
#6718 = CARTESIAN_POINT('',(1.570796326795,0.));
#6719 = VECTOR('',#6720,1.);
#6720 = DIRECTION('',(0.,1.));
#6721 = ( GEOMETRIC_REPRESENTATION_CONTEXT(2) 
PARAMETRIC_REPRESENTATION_CONTEXT() REPRESENTATION_CONTEXT('2D SPACE',''
  ) );
#6722 = PCURVE('',#6723,#6728);
#6723 = PLANE('',#6724);
#6724 = AXIS2_PLACEMENT_3D('',#6725,#6726,#6727);
#6725 = CARTESIAN_POINT('',(11.45,0.,20.973070119799));
#6726 = DIRECTION('',(0.,-1.,0.));
#6727 = DIRECTION('',(1.,0.,0.));
#6728 = DEFINITIONAL_REPRESENTATION('',(#6729),#6733);
#6729 = LINE('',#6730,#6731);
#6730 = CARTESIAN_POINT('',(-1.7,-20.57307011979));
#6731 = VECTOR('',#6732,1.);
#6732 = DIRECTION('',(1.,0.));
#6733 = ( GEOMETRIC_REPRESENTATION_CONTEXT(2) 
PARAMETRIC_REPRESENTATION_CONTEXT() REPRESENTATION_CONTEXT('2D SPACE',''
  ) );
#6734 = ORIENTED_EDGE('',*,*,#6735,.F.);
#6735 = EDGE_CURVE('',#6736,#6701,#6738,.T.);
#6736 = VERTEX_POINT('',#6737);
#6737 = CARTESIAN_POINT('',(10.65,0.4,0.));
#6738 = SURFACE_CURVE('',#6739,(#6766,#6796),.PCURVE_S1.);
#6739 = B_SPLINE_CURVE_WITH_KNOTS('',7,(#6740,#6741,#6742,#6743,#6744,
    #6745,#6746,#6747,#6748,#6749,#6750,#6751,#6752,#6753,#6754,#6755,
    #6756,#6757,#6758,#6759,#6760,#6761,#6762,#6763,#6764,#6765),
  .UNSPECIFIED.,.F.,.F.,(8,6,6,6,8),(0.,0.288794524564,0.653784496717,
    0.782229155498,1.),.UNSPECIFIED.);
#6740 = CARTESIAN_POINT('',(10.65,0.4,-5.E-17));
#6741 = CARTESIAN_POINT('',(10.65,0.4,3.616168067003E-02));
#6742 = CARTESIAN_POINT('',(10.652860852538,0.396185988791,
    7.236553411215E-02));
#6743 = CARTESIAN_POINT('',(10.658592769055,0.388541840623,
    0.107990465036));
#6744 = CARTESIAN_POINT('',(10.667267909283,0.377215796172,
    0.142424478246));
#6745 = CARTESIAN_POINT('',(10.6790194783,0.362506234351,0.175115937208)
  );
#6746 = CARTESIAN_POINT('',(10.694021508313,0.34483498889,0.205612912729
    ));
#6747 = CARTESIAN_POINT('',(10.735739130896,0.299271187984,
    0.268949959856));
#6748 = CARTESIAN_POINT('',(10.764436289504,0.269983430154,
    0.300185934156));
#6749 = CARTESIAN_POINT('',(10.798787744959,0.237966274896,
    0.326600189358));
#6750 = CARTESIAN_POINT('',(10.838993053035,0.204574744028,
    0.347904683491));
#6751 = CARTESIAN_POINT('',(10.885062539132,0.171248788244,
    0.364225894793));
#6752 = CARTESIAN_POINT('',(10.936741510881,0.139402973637,0.37614238907
    ));
#6753 = CARTESIAN_POINT('',(11.013395247251,0.100067069677,
    0.387427485913));
#6754 = CARTESIAN_POINT('',(11.033993886096,9.015617610318E-02,
    0.389926536541));
#6755 = CARTESIAN_POINT('',(11.055220936131,8.062726538859E-02,
    0.392022416658));
#6756 = CARTESIAN_POINT('',(11.077057149669,7.153188322804E-02,
    0.393754430375));
#6757 = CARTESIAN_POINT('',(11.099480672227,6.291956214832E-02,
    0.395164408589));
#6758 = CARTESIAN_POINT('',(11.122466986391,5.483771434988E-02,
    0.396295304123));
#6759 = CARTESIAN_POINT('',(11.185868889481,3.460519316519E-02,
    0.398706333068));
#6760 = CARTESIAN_POINT('',(11.227471639545,2.347506391075E-02,
    0.399550359012));
#6761 = CARTESIAN_POINT('',(11.270479621661,1.425614146866E-02,
    0.399909017153));
#6762 = CARTESIAN_POINT('',(11.3145639389,7.179822688834E-03,
    0.400000302575));
#6763 = CARTESIAN_POINT('',(11.359393959045,2.400017010666E-03,
    0.399999904019));
#6764 = CARTESIAN_POINT('',(11.404644425262,3.E-17,0.4));
#6765 = CARTESIAN_POINT('',(11.45,6.E-17,0.4));
#6766 = PCURVE('',#6711,#6767);
#6767 = DEFINITIONAL_REPRESENTATION('',(#6768),#6795);
#6768 = B_SPLINE_CURVE_WITH_KNOTS('',7,(#6769,#6770,#6771,#6772,#6773,
    #6774,#6775,#6776,#6777,#6778,#6779,#6780,#6781,#6782,#6783,#6784,
    #6785,#6786,#6787,#6788,#6789,#6790,#6791,#6792,#6793,#6794),
  .UNSPECIFIED.,.F.,.F.,(8,6,6,6,8),(0.,0.288794524564,0.653784496717,
    0.782229155498,1.),.UNSPECIFIED.);
#6769 = CARTESIAN_POINT('',(0.,0.9));
#6770 = CARTESIAN_POINT('',(9.040420167507E-02,0.9));
#6771 = CARTESIAN_POINT('',(0.180913892126,0.902860852538));
#6772 = CARTESIAN_POINT('',(0.271182847941,0.908592769055));
#6773 = CARTESIAN_POINT('',(0.360901212499,0.917267909283));
#6774 = CARTESIAN_POINT('',(0.449765672974,0.9290194783));
#6775 = CARTESIAN_POINT('',(0.537456111123,0.944021508313));
#6776 = CARTESIAN_POINT('',(0.732514459635,0.985739130896));
#6777 = CARTESIAN_POINT('',(0.838663401609,1.014436289504));
#6778 = CARTESIAN_POINT('',(0.94112477113,1.048787744959));
#6779 = CARTESIAN_POINT('',(1.03894931243,1.088993053035));
#6780 = CARTESIAN_POINT('',(1.130990586899,1.135062539132));
#6781 = CARTESIAN_POINT('',(1.215734032486,1.186741510881));
#6782 = CARTESIAN_POINT('',(1.318040763421,1.263395247251));
#6783 = CARTESIAN_POINT('',(1.343580044388,1.283993886096));
#6784 = CARTESIAN_POINT('',(1.367954555723,1.305220936131));
#6785 = CARTESIAN_POINT('',(1.391086572877,1.327057149669));
#6786 = CARTESIAN_POINT('',(1.412894085973,1.349480672227));
#6787 = CARTESIAN_POINT('',(1.433291381946,1.372466986391));
#6788 = CARTESIAN_POINT('',(1.484230559776,1.435868889481));
#6789 = CARTESIAN_POINT('',(1.512109212861,1.477471639545));
#6790 = CARTESIAN_POINT('',(1.53515728734,1.520479621661));
#6791 = CARTESIAN_POINT('',(1.552845396949,1.5645639389));
#6792 = CARTESIAN_POINT('',(1.564796713115,1.609393959045));
#6793 = CARTESIAN_POINT('',(1.570796326795,1.654644425262));
#6794 = CARTESIAN_POINT('',(1.570796326795,1.7));
#6795 = ( GEOMETRIC_REPRESENTATION_CONTEXT(2) 
PARAMETRIC_REPRESENTATION_CONTEXT() REPRESENTATION_CONTEXT('2D SPACE',''
  ) );
#6796 = PCURVE('',#6797,#6802);
#6797 = CYLINDRICAL_SURFACE('',#6798,1.);
#6798 = AXIS2_PLACEMENT_3D('',#6799,#6800,#6801);
#6799 = CARTESIAN_POINT('',(11.45,1.,20.973070119799));
#6800 = DIRECTION('',(0.,0.,1.));
#6801 = DIRECTION('',(1.,0.,0.));
#6802 = DEFINITIONAL_REPRESENTATION('',(#6803),#6830);
#6803 = B_SPLINE_CURVE_WITH_KNOTS('',7,(#6804,#6805,#6806,#6807,#6808,
    #6809,#6810,#6811,#6812,#6813,#6814,#6815,#6816,#6817,#6818,#6819,
    #6820,#6821,#6822,#6823,#6824,#6825,#6826,#6827,#6828,#6829),
  .UNSPECIFIED.,.F.,.F.,(8,6,6,6,8),(0.,0.288794524564,0.653784496717,
    0.782229155498,1.),.UNSPECIFIED.);
#6804 = CARTESIAN_POINT('',(3.785093762383,-20.97307011979));
#6805 = CARTESIAN_POINT('',(3.785093762383,-20.93690843912));
#6806 = CARTESIAN_POINT('',(3.789861326087,-20.90070458568));
#6807 = CARTESIAN_POINT('',(3.79941633267,-20.86507965476));
#6808 = CARTESIAN_POINT('',(3.813681567693,-20.83064564155));
#6809 = CARTESIAN_POINT('',(3.832500248448,-20.79795418259));
#6810 = CARTESIAN_POINT('',(3.855664231852,-20.76745720707));
#6811 = CARTESIAN_POINT('',(3.917441412001,-20.70412015994));
#6812 = CARTESIAN_POINT('',(3.958421557278,-20.67288418564));
#6813 = CARTESIAN_POINT('',(4.00530021254,-20.64646993044));
#6814 = CARTESIAN_POINT('',(4.057392462235,-20.6251654363));
#6815 = CARTESIAN_POINT('',(4.114018080017,-20.608844225));
#6816 = CARTESIAN_POINT('',(4.174536024982,-20.59692773072));
#6817 = CARTESIAN_POINT('',(4.260693489197,-20.58564263388));
#6818 = CARTESIAN_POINT('',(4.28354486823,-20.58314358325));
#6819 = CARTESIAN_POINT('',(4.306799359084,-20.58104770314));
#6820 = CARTESIAN_POINT('',(4.330437879248,-20.57931568942));
#6821 = CARTESIAN_POINT('',(4.354442893895,-20.57790571121));
#6822 = CARTESIAN_POINT('',(4.378798199648,-20.57677481567));
#6823 = CARTESIAN_POINT('',(4.445350105924,-20.57436378673));
#6824 = CARTESIAN_POINT('',(4.488367430573,-20.57351976078));
#6825 = CARTESIAN_POINT('',(4.532262197372,-20.57316110264));
#6826 = CARTESIAN_POINT('',(4.576800557482,-20.57306981722));
#6827 = CARTESIAN_POINT('',(4.621782927234,-20.57307021578));
#6828 = CARTESIAN_POINT('',(4.667033405646,-20.57307011979));
#6829 = CARTESIAN_POINT('',(4.712388980385,-20.57307011979));
#6830 = ( GEOMETRIC_REPRESENTATION_CONTEXT(2) 
PARAMETRIC_REPRESENTATION_CONTEXT() REPRESENTATION_CONTEXT('2D SPACE',''
  ) );
#6831 = ORIENTED_EDGE('',*,*,#6832,.F.);
#6832 = EDGE_CURVE('',#6833,#6736,#6835,.T.);
#6833 = VERTEX_POINT('',#6834);
#6834 = CARTESIAN_POINT('',(9.75,0.4,0.));
#6835 = SEAM_CURVE('',#6836,(#6840,#6847),.PCURVE_S1.);
#6836 = LINE('',#6837,#6838);
#6837 = CARTESIAN_POINT('',(9.75,0.4,0.));
#6838 = VECTOR('',#6839,1.);
#6839 = DIRECTION('',(1.,0.,0.));
#6840 = PCURVE('',#6711,#6841);
#6841 = DEFINITIONAL_REPRESENTATION('',(#6842),#6846);
#6842 = LINE('',#6843,#6844);
#6843 = CARTESIAN_POINT('',(0.,0.));
#6844 = VECTOR('',#6845,1.);
#6845 = DIRECTION('',(0.,1.));
#6846 = ( GEOMETRIC_REPRESENTATION_CONTEXT(2) 
PARAMETRIC_REPRESENTATION_CONTEXT() REPRESENTATION_CONTEXT('2D SPACE',''
  ) );
#6847 = PCURVE('',#6711,#6848);
#6848 = DEFINITIONAL_REPRESENTATION('',(#6849),#6853);
#6849 = LINE('',#6850,#6851);
#6850 = CARTESIAN_POINT('',(6.28318530718,0.));
#6851 = VECTOR('',#6852,1.);
#6852 = DIRECTION('',(0.,1.));
#6853 = ( GEOMETRIC_REPRESENTATION_CONTEXT(2) 
PARAMETRIC_REPRESENTATION_CONTEXT() REPRESENTATION_CONTEXT('2D SPACE',''
  ) );
#6854 = ORIENTED_EDGE('',*,*,#6855,.T.);
#6855 = EDGE_CURVE('',#6833,#6833,#6856,.T.);
#6856 = SURFACE_CURVE('',#6857,(#6862,#6869),.PCURVE_S1.);
#6857 = CIRCLE('',#6858,0.4);
#6858 = AXIS2_PLACEMENT_3D('',#6859,#6860,#6861);
#6859 = CARTESIAN_POINT('',(9.75,0.,0.));
#6860 = DIRECTION('',(1.,0.,0.));
#6861 = DIRECTION('',(0.,1.,0.));
#6862 = PCURVE('',#6711,#6863);
#6863 = DEFINITIONAL_REPRESENTATION('',(#6864),#6868);
#6864 = LINE('',#6865,#6866);
#6865 = CARTESIAN_POINT('',(0.,0.));
#6866 = VECTOR('',#6867,1.);
#6867 = DIRECTION('',(1.,0.));
#6868 = ( GEOMETRIC_REPRESENTATION_CONTEXT(2) 
PARAMETRIC_REPRESENTATION_CONTEXT() REPRESENTATION_CONTEXT('2D SPACE',''
  ) );
#6869 = PCURVE('',#6870,#6875);
#6870 = CONICAL_SURFACE('',#6871,0.,1.047197551197);
#6871 = AXIS2_PLACEMENT_3D('',#6872,#6873,#6874);
#6872 = CARTESIAN_POINT('',(9.519059892324,0.,0.));
#6873 = DIRECTION('',(1.,0.,0.));
#6874 = DIRECTION('',(0.,1.,0.));
#6875 = DEFINITIONAL_REPRESENTATION('',(#6876),#6880);
#6876 = LINE('',#6877,#6878);
#6877 = CARTESIAN_POINT('',(0.,0.230940107676));
#6878 = VECTOR('',#6879,1.);
#6879 = DIRECTION('',(1.,0.));
#6880 = ( GEOMETRIC_REPRESENTATION_CONTEXT(2) 
PARAMETRIC_REPRESENTATION_CONTEXT() REPRESENTATION_CONTEXT('2D SPACE',''
  ) );
#6881 = ORIENTED_EDGE('',*,*,#6832,.T.);
#6882 = ORIENTED_EDGE('',*,*,#6883,.F.);
#6883 = EDGE_CURVE('',#6884,#6736,#6886,.T.);
#6884 = VERTEX_POINT('',#6885);
#6885 = CARTESIAN_POINT('',(11.45,0.,-0.4));
#6886 = SURFACE_CURVE('',#6887,(#6914,#6944),.PCURVE_S1.);
#6887 = B_SPLINE_CURVE_WITH_KNOTS('',7,(#6888,#6889,#6890,#6891,#6892,
    #6893,#6894,#6895,#6896,#6897,#6898,#6899,#6900,#6901,#6902,#6903,
    #6904,#6905,#6906,#6907,#6908,#6909,#6910,#6911,#6912,#6913),
  .UNSPECIFIED.,.F.,.F.,(8,6,6,6,8),(0.,0.21529586161,0.343216172219,
    0.709233938165,1.),.UNSPECIFIED.);
#6888 = CARTESIAN_POINT('',(11.45,-4.E-17,-0.4));
#6889 = CARTESIAN_POINT('',(11.405148691365,-7.E-17,-0.4));
#6890 = CARTESIAN_POINT('',(11.36043363505,2.346953698414E-03,
    -0.399999888623));
#6891 = CARTESIAN_POINT('',(11.316145848237,7.014978106128E-03,
    -0.400000266842));
#6892 = CARTESIAN_POINT('',(11.272586353711,1.39223353933E-02,
    -0.399913059631));
#6893 = CARTESIAN_POINT('',(11.230062327795,2.292378565621E-02,
    -0.399571270879));
#6894 = CARTESIAN_POINT('',(11.188880763594,3.380352663931E-02,
    -0.398766610726));
#6895 = CARTESIAN_POINT('',(11.12584587891,5.367504697812E-02,
    -0.396452502702));
#6896 = CARTESIAN_POINT('',(11.102880431711,6.165711373144E-02,
    -0.395359738933));
#6897 = CARTESIAN_POINT('',(11.080470506126,7.017045786669E-02,
    -0.393994584083));
#6898 = CARTESIAN_POINT('',(11.058640654937,7.916839352719E-02,
    -0.392314521721));
#6899 = CARTESIAN_POINT('',(11.037412837606,8.860210825781E-02,
    -0.390278049235));
#6900 = CARTESIAN_POINT('',(11.01680647237,9.842075945717E-02,
    -0.387846088152));
#6901 = CARTESIAN_POINT('',(10.939704192154,0.137616038307,
    -0.376792382836));
#6902 = CARTESIAN_POINT('',(10.887603368609,0.169478114812,
    -0.365047097498));
#6903 = CARTESIAN_POINT('',(10.841135952082,0.202882492268,
    -0.348896228263));
#6904 = CARTESIAN_POINT('',(10.800565123032,0.236404528887,
    -0.327743308411));
#6905 = CARTESIAN_POINT('',(10.765885433183,0.268591943128,
    -0.301448627817));
#6906 = CARTESIAN_POINT('',(10.73689841999,0.29807558073,-0.270289968119
    ));
#6907 = CARTESIAN_POINT('',(10.694655386028,0.344089011073,
    -0.206894682765));
#6908 = CARTESIAN_POINT('',(10.679433418233,0.361988373385,
    -0.176262100912));
#6909 = CARTESIAN_POINT('',(10.667512290511,0.376896764935,
    -0.143390802139));
#6910 = CARTESIAN_POINT('',(10.658713750066,0.388380470073,
    -0.10874022833));
#6911 = CARTESIAN_POINT('',(10.6529010499,0.396132417052,
    -7.287310177266E-02));
#6912 = CARTESIAN_POINT('',(10.65,0.4,-3.641476376403E-02));
#6913 = CARTESIAN_POINT('',(10.65,0.4,-6.E-17));
#6914 = PCURVE('',#6711,#6915);
#6915 = DEFINITIONAL_REPRESENTATION('',(#6916),#6943);
#6916 = B_SPLINE_CURVE_WITH_KNOTS('',7,(#6917,#6918,#6919,#6920,#6921,
    #6922,#6923,#6924,#6925,#6926,#6927,#6928,#6929,#6930,#6931,#6932,
    #6933,#6934,#6935,#6936,#6937,#6938,#6939,#6940,#6941,#6942),
  .UNSPECIFIED.,.F.,.F.,(8,6,6,6,8),(0.,0.21529586161,0.343216172219,
    0.709233938165,1.),.UNSPECIFIED.);
#6917 = CARTESIAN_POINT('',(4.712388980385,1.7));
#6918 = CARTESIAN_POINT('',(4.712388980385,1.655148691365));
#6919 = CARTESIAN_POINT('',(4.71825582773,1.61043363505));
#6920 = CARTESIAN_POINT('',(4.729927736872,1.566145848237));
#6921 = CARTESIAN_POINT('',(4.747193755764,1.522586353711));
#6922 = CARTESIAN_POINT('',(4.769697898488,1.480062327795));
#6923 = CARTESIAN_POINT('',(4.796946714494,1.438880763594));
#6924 = CARTESIAN_POINT('',(4.846961238417,1.37584587891));
#6925 = CARTESIAN_POINT('',(4.86709854055,1.352880431711));
#6926 = CARTESIAN_POINT('',(4.888644242431,1.330470506126));
#6927 = CARTESIAN_POINT('',(4.911513307943,1.308640654937));
#6928 = CARTESIAN_POINT('',(4.935624204496,1.287412837606));
#6929 = CARTESIAN_POINT('',(4.960899484244,1.26680647237));
#6930 = CARTESIAN_POINT('',(5.062709794545,1.189704192154));
#6931 = CARTESIAN_POINT('',(5.147345217522,1.137603368609));
#6932 = CARTESIAN_POINT('',(5.239378840963,1.091135952082));
#6933 = CARTESIAN_POINT('',(5.337272939662,1.050565123032));
#6934 = CARTESIAN_POINT('',(5.439867242672,1.015885433183));
#6935 = CARTESIAN_POINT('',(5.546204896207,0.98689841999));
#6936 = CARTESIAN_POINT('',(5.742039615692,0.944655386028));
#6937 = CARTESIAN_POINT('',(5.830302032752,0.929433418233));
#6938 = CARTESIAN_POINT('',(5.919765615486,0.917512290511));
#6939 = CARTESIAN_POINT('',(6.010102537967,0.908713750066));
#6940 = CARTESIAN_POINT('',(6.101002494444,0.9029010499));
#6941 = CARTESIAN_POINT('',(6.19214839777,0.9));
#6942 = CARTESIAN_POINT('',(6.28318530718,0.9));
#6943 = ( GEOMETRIC_REPRESENTATION_CONTEXT(2) 
PARAMETRIC_REPRESENTATION_CONTEXT() REPRESENTATION_CONTEXT('2D SPACE',''
  ) );
#6944 = PCURVE('',#6797,#6945);
#6945 = DEFINITIONAL_REPRESENTATION('',(#6946),#6973);
#6946 = B_SPLINE_CURVE_WITH_KNOTS('',7,(#6947,#6948,#6949,#6950,#6951,
    #6952,#6953,#6954,#6955,#6956,#6957,#6958,#6959,#6960,#6961,#6962,
    #6963,#6964,#6965,#6966,#6967,#6968,#6969,#6970,#6971,#6972),
  .UNSPECIFIED.,.F.,.F.,(8,6,6,6,8),(0.,0.21529586161,0.343216172219,
    0.709233938165,1.),.UNSPECIFIED.);
#6947 = CARTESIAN_POINT('',(4.712388980385,-21.37307011979));
#6948 = CARTESIAN_POINT('',(4.66753767175,-21.37307011979));
#6949 = CARTESIAN_POINT('',(4.622822601986,-21.37307000842));
#6950 = CARTESIAN_POINT('',(4.578387487976,-21.37307038664));
#6951 = CARTESIAN_POINT('',(4.534389894444,-21.37298317943));
#6952 = CARTESIAN_POINT('',(4.491010664165,-21.37264139067));
#6953 = CARTESIAN_POINT('',(4.448463402406,-21.37183673052));
#6954 = CARTESIAN_POINT('',(4.382370482908,-21.3695226225));
#6955 = CARTESIAN_POINT('',(4.358067729248,-21.36842985873));
#6956 = CARTESIAN_POINT('',(4.334110637456,-21.36706470388));
#6957 = CARTESIAN_POINT('',(4.310515208802,-21.36538464152));
#6958 = CARTESIAN_POINT('',(4.287298780427,-21.36334816903));
#6959 = CARTESIAN_POINT('',(4.264480242785,-21.36091620795));
#6960 = CARTESIAN_POINT('',(4.177987286432,-21.34986250263));
#6961 = CARTESIAN_POINT('',(4.117104436746,-21.33811721729));
#6962 = CARTESIAN_POINT('',(4.060114557042,-21.32196634806));
#6963 = CARTESIAN_POINT('',(4.00766130243,-21.30081342821));
#6964 = CARTESIAN_POINT('',(3.960428413064,-21.27451874761));
#6965 = CARTESIAN_POINT('',(3.919106123139,-21.24336008791));
#6966 = CARTESIAN_POINT('',(3.856642456178,-21.17996480256));
#6967 = CARTESIAN_POINT('',(3.833162890734,-21.14933222071));
#6968 = CARTESIAN_POINT('',(3.814083403945,-21.11646092193));
#6969 = CARTESIAN_POINT('',(3.799618038496,-21.08181034812));
#6970 = CARTESIAN_POINT('',(3.789928293569,-21.04594322157));
#6971 = CARTESIAN_POINT('',(3.785093762383,-21.00948488356));
#6972 = CARTESIAN_POINT('',(3.785093762383,-20.97307011979));
#6973 = ( GEOMETRIC_REPRESENTATION_CONTEXT(2) 
PARAMETRIC_REPRESENTATION_CONTEXT() REPRESENTATION_CONTEXT('2D SPACE',''
  ) );
#6974 = ORIENTED_EDGE('',*,*,#6975,.T.);
#6975 = EDGE_CURVE('',#6884,#6976,#6978,.T.);
#6976 = VERTEX_POINT('',#6977);
#6977 = CARTESIAN_POINT('',(13.65,0.,-0.4));
#6978 = SURFACE_CURVE('',#6979,(#6983,#6990),.PCURVE_S1.);
#6979 = LINE('',#6980,#6981);
#6980 = CARTESIAN_POINT('',(9.75,0.,-0.4));
#6981 = VECTOR('',#6982,1.);
#6982 = DIRECTION('',(1.,0.,0.));
#6983 = PCURVE('',#6711,#6984);
#6984 = DEFINITIONAL_REPRESENTATION('',(#6985),#6989);
#6985 = LINE('',#6986,#6987);
#6986 = CARTESIAN_POINT('',(4.712388980385,0.));
#6987 = VECTOR('',#6988,1.);
#6988 = DIRECTION('',(0.,1.));
#6989 = ( GEOMETRIC_REPRESENTATION_CONTEXT(2) 
PARAMETRIC_REPRESENTATION_CONTEXT() REPRESENTATION_CONTEXT('2D SPACE',''
  ) );
#6990 = PCURVE('',#6991,#6996);
#6991 = PLANE('',#6992);
#6992 = AXIS2_PLACEMENT_3D('',#6993,#6994,#6995);
#6993 = CARTESIAN_POINT('',(11.45,0.,20.973070119799));
#6994 = DIRECTION('',(0.,-1.,0.));
#6995 = DIRECTION('',(1.,0.,0.));
#6996 = DEFINITIONAL_REPRESENTATION('',(#6997),#7001);
#6997 = LINE('',#6998,#6999);
#6998 = CARTESIAN_POINT('',(-1.7,-21.37307011979));
#6999 = VECTOR('',#7000,1.);
#7000 = DIRECTION('',(1.,0.));
#7001 = ( GEOMETRIC_REPRESENTATION_CONTEXT(2) 
PARAMETRIC_REPRESENTATION_CONTEXT() REPRESENTATION_CONTEXT('2D SPACE',''
  ) );
#7002 = ORIENTED_EDGE('',*,*,#7003,.F.);
#7003 = EDGE_CURVE('',#7004,#6976,#7006,.T.);
#7004 = VERTEX_POINT('',#7005);
#7005 = CARTESIAN_POINT('',(13.75,-0.1,-0.387298334621));
#7006 = SURFACE_CURVE('',#7007,(#7012,#7022),.PCURVE_S1.);
#7007 = ELLIPSE('',#7008,0.565685424949,0.4);
#7008 = AXIS2_PLACEMENT_3D('',#7009,#7010,#7011);
#7009 = CARTESIAN_POINT('',(13.65,0.,0.));
#7010 = DIRECTION('',(0.707106781187,0.707106781187,0.));
#7011 = DIRECTION('',(0.707106781187,-0.707106781187,0.));
#7012 = PCURVE('',#6711,#7013);
#7013 = DEFINITIONAL_REPRESENTATION('',(#7014),#7021);
#7014 = B_SPLINE_CURVE_WITH_KNOTS('',5,(#7015,#7016,#7017,#7018,#7019,
    #7020),.UNSPECIFIED.,.F.,.F.,(6,6),(1.318116071653,1.570796326795),
  .PIECEWISE_BEZIER_KNOTS.);
#7015 = CARTESIAN_POINT('',(4.459708725243,4.));
#7016 = CARTESIAN_POINT('',(4.510244776271,3.980427471598));
#7017 = CARTESIAN_POINT('',(4.560780827299,3.960535707083));
#7018 = CARTESIAN_POINT('',(4.611316878328,3.940428841177));
#7019 = CARTESIAN_POINT('',(4.661852929356,3.920214420411));
#7020 = CARTESIAN_POINT('',(4.712388980385,3.9));
#7021 = ( GEOMETRIC_REPRESENTATION_CONTEXT(2) 
PARAMETRIC_REPRESENTATION_CONTEXT() REPRESENTATION_CONTEXT('2D SPACE',''
  ) );
#7022 = PCURVE('',#7023,#7028);
#7023 = PLANE('',#7024);
#7024 = AXIS2_PLACEMENT_3D('',#7025,#7026,#7027);
#7025 = CARTESIAN_POINT('',(13.7,-5.E-02,-0.7));
#7026 = DIRECTION('',(0.707106781187,0.707106781187,0.));
#7027 = DIRECTION('',(-0.,0.,-1.));
#7028 = DEFINITIONAL_REPRESENTATION('',(#7029),#7033);
#7029 = ELLIPSE('',#7030,0.565685424949,0.4);
#7030 = AXIS2_PLACEMENT_2D('',#7031,#7032);
#7031 = CARTESIAN_POINT('',(-0.7,7.071067811866E-02));
#7032 = DIRECTION('',(-0.,-1.));
#7033 = ( GEOMETRIC_REPRESENTATION_CONTEXT(2) 
PARAMETRIC_REPRESENTATION_CONTEXT() REPRESENTATION_CONTEXT('2D SPACE',''
  ) );
#7034 = ORIENTED_EDGE('',*,*,#7035,.F.);
#7035 = EDGE_CURVE('',#7036,#7004,#7038,.T.);
#7036 = VERTEX_POINT('',#7037);
#7037 = CARTESIAN_POINT('',(13.75,-0.1,0.387298334621));
#7038 = SURFACE_CURVE('',#7039,(#7044,#7051),.PCURVE_S1.);
#7039 = CIRCLE('',#7040,0.4);
#7040 = AXIS2_PLACEMENT_3D('',#7041,#7042,#7043);
#7041 = CARTESIAN_POINT('',(13.75,0.,0.));
#7042 = DIRECTION('',(1.,0.,0.));
#7043 = DIRECTION('',(0.,1.,0.));
#7044 = PCURVE('',#6711,#7045);
#7045 = DEFINITIONAL_REPRESENTATION('',(#7046),#7050);
#7046 = LINE('',#7047,#7048);
#7047 = CARTESIAN_POINT('',(0.,4.));
#7048 = VECTOR('',#7049,1.);
#7049 = DIRECTION('',(1.,0.));
#7050 = ( GEOMETRIC_REPRESENTATION_CONTEXT(2) 
PARAMETRIC_REPRESENTATION_CONTEXT() REPRESENTATION_CONTEXT('2D SPACE',''
  ) );
#7051 = PCURVE('',#7052,#7057);
#7052 = PLANE('',#7053);
#7053 = AXIS2_PLACEMENT_3D('',#7054,#7055,#7056);
#7054 = CARTESIAN_POINT('',(13.75,0.,0.));
#7055 = DIRECTION('',(1.,0.,0.));
#7056 = DIRECTION('',(0.,1.,0.));
#7057 = DEFINITIONAL_REPRESENTATION('',(#7058),#7062);
#7058 = CIRCLE('',#7059,0.4);
#7059 = AXIS2_PLACEMENT_2D('',#7060,#7061);
#7060 = CARTESIAN_POINT('',(0.,0.));
#7061 = DIRECTION('',(1.,-0.));
#7062 = ( GEOMETRIC_REPRESENTATION_CONTEXT(2) 
PARAMETRIC_REPRESENTATION_CONTEXT() REPRESENTATION_CONTEXT('2D SPACE',''
  ) );
#7063 = ORIENTED_EDGE('',*,*,#7064,.F.);
#7064 = EDGE_CURVE('',#6703,#7036,#7065,.T.);
#7065 = SURFACE_CURVE('',#7066,(#7071,#7081),.PCURVE_S1.);
#7066 = ELLIPSE('',#7067,0.565685424949,0.4);
#7067 = AXIS2_PLACEMENT_3D('',#7068,#7069,#7070);
#7068 = CARTESIAN_POINT('',(13.65,0.,0.));
#7069 = DIRECTION('',(0.707106781187,0.707106781187,0.));
#7070 = DIRECTION('',(0.707106781187,-0.707106781187,0.));
#7071 = PCURVE('',#6711,#7072);
#7072 = DEFINITIONAL_REPRESENTATION('',(#7073),#7080);
#7073 = B_SPLINE_CURVE_WITH_KNOTS('',5,(#7074,#7075,#7076,#7077,#7078,
    #7079),.UNSPECIFIED.,.F.,.F.,(6,6),(4.712388980385,4.965069235527),
  .PIECEWISE_BEZIER_KNOTS.);
#7074 = CARTESIAN_POINT('',(1.570796326795,3.9));
#7075 = CARTESIAN_POINT('',(1.621332377823,3.920214420411));
#7076 = CARTESIAN_POINT('',(1.671868428852,3.940428841177));
#7077 = CARTESIAN_POINT('',(1.72240447988,3.960535707083));
#7078 = CARTESIAN_POINT('',(1.772940530909,3.980427471598));
#7079 = CARTESIAN_POINT('',(1.823476581937,4.));
#7080 = ( GEOMETRIC_REPRESENTATION_CONTEXT(2) 
PARAMETRIC_REPRESENTATION_CONTEXT() REPRESENTATION_CONTEXT('2D SPACE',''
  ) );
#7081 = PCURVE('',#7082,#7087);
#7082 = PLANE('',#7083);
#7083 = AXIS2_PLACEMENT_3D('',#7084,#7085,#7086);
#7084 = CARTESIAN_POINT('',(13.7,-5.E-02,0.4));
#7085 = DIRECTION('',(0.707106781187,0.707106781187,0.));
#7086 = DIRECTION('',(0.,-0.,1.));
#7087 = DEFINITIONAL_REPRESENTATION('',(#7088),#7092);
#7088 = ELLIPSE('',#7089,0.565685424949,0.4);
#7089 = AXIS2_PLACEMENT_2D('',#7090,#7091);
#7090 = CARTESIAN_POINT('',(-0.4,-7.071067811866E-02));
#7091 = DIRECTION('',(0.,1.));
#7092 = ( GEOMETRIC_REPRESENTATION_CONTEXT(2) 
PARAMETRIC_REPRESENTATION_CONTEXT() REPRESENTATION_CONTEXT('2D SPACE',''
  ) );
#7093 = ADVANCED_FACE('',(#7094),#6723,.F.);
#7094 = FACE_BOUND('',#7095,.F.);
#7095 = EDGE_LOOP('',(#7096,#7126,#7147,#7148));
#7096 = ORIENTED_EDGE('',*,*,#7097,.T.);
#7097 = EDGE_CURVE('',#7098,#7100,#7102,.T.);
#7098 = VERTEX_POINT('',#7099);
#7099 = CARTESIAN_POINT('',(13.65,0.,0.7));
#7100 = VERTEX_POINT('',#7101);
#7101 = CARTESIAN_POINT('',(11.45,0.,0.7));
#7102 = SURFACE_CURVE('',#7103,(#7107,#7114),.PCURVE_S1.);
#7103 = LINE('',#7104,#7105);
#7104 = CARTESIAN_POINT('',(13.75,0.,0.7));
#7105 = VECTOR('',#7106,1.);
#7106 = DIRECTION('',(-1.,-0.,-0.));
#7107 = PCURVE('',#6723,#7108);
#7108 = DEFINITIONAL_REPRESENTATION('',(#7109),#7113);
#7109 = LINE('',#7110,#7111);
#7110 = CARTESIAN_POINT('',(2.3,-20.27307011979));
#7111 = VECTOR('',#7112,1.);
#7112 = DIRECTION('',(-1.,0.));
#7113 = ( GEOMETRIC_REPRESENTATION_CONTEXT(2) 
PARAMETRIC_REPRESENTATION_CONTEXT() REPRESENTATION_CONTEXT('2D SPACE',''
  ) );
#7114 = PCURVE('',#7115,#7120);
#7115 = CYLINDRICAL_SURFACE('',#7116,0.7);
#7116 = AXIS2_PLACEMENT_3D('',#7117,#7118,#7119);
#7117 = CARTESIAN_POINT('',(13.75,0.,0.));
#7118 = DIRECTION('',(-1.,-0.,-0.));
#7119 = DIRECTION('',(0.,1.,0.));
#7120 = DEFINITIONAL_REPRESENTATION('',(#7121),#7125);
#7121 = LINE('',#7122,#7123);
#7122 = CARTESIAN_POINT('',(-1.570796326795,0.));
#7123 = VECTOR('',#7124,1.);
#7124 = DIRECTION('',(-0.,1.));
#7125 = ( GEOMETRIC_REPRESENTATION_CONTEXT(2) 
PARAMETRIC_REPRESENTATION_CONTEXT() REPRESENTATION_CONTEXT('2D SPACE',''
  ) );
#7126 = ORIENTED_EDGE('',*,*,#7127,.T.);
#7127 = EDGE_CURVE('',#7100,#6701,#7128,.T.);
#7128 = SURFACE_CURVE('',#7129,(#7133,#7140),.PCURVE_S1.);
#7129 = LINE('',#7130,#7131);
#7130 = CARTESIAN_POINT('',(11.45,0.,20.973070119799));
#7131 = VECTOR('',#7132,1.);
#7132 = DIRECTION('',(-0.,-0.,-1.));
#7133 = PCURVE('',#6723,#7134);
#7134 = DEFINITIONAL_REPRESENTATION('',(#7135),#7139);
#7135 = LINE('',#7136,#7137);
#7136 = CARTESIAN_POINT('',(0.,0.));
#7137 = VECTOR('',#7138,1.);
#7138 = DIRECTION('',(0.,-1.));
#7139 = ( GEOMETRIC_REPRESENTATION_CONTEXT(2) 
PARAMETRIC_REPRESENTATION_CONTEXT() REPRESENTATION_CONTEXT('2D SPACE',''
  ) );
#7140 = PCURVE('',#6797,#7141);
#7141 = DEFINITIONAL_REPRESENTATION('',(#7142),#7146);
#7142 = LINE('',#7143,#7144);
#7143 = CARTESIAN_POINT('',(4.712388980385,0.));
#7144 = VECTOR('',#7145,1.);
#7145 = DIRECTION('',(0.,-1.));
#7146 = ( GEOMETRIC_REPRESENTATION_CONTEXT(2) 
PARAMETRIC_REPRESENTATION_CONTEXT() REPRESENTATION_CONTEXT('2D SPACE',''
  ) );
#7147 = ORIENTED_EDGE('',*,*,#6700,.T.);
#7148 = ORIENTED_EDGE('',*,*,#7149,.T.);
#7149 = EDGE_CURVE('',#6703,#7098,#7150,.T.);
#7150 = SURFACE_CURVE('',#7151,(#7155,#7162),.PCURVE_S1.);
#7151 = LINE('',#7152,#7153);
#7152 = CARTESIAN_POINT('',(13.65,0.,0.4));
#7153 = VECTOR('',#7154,1.);
#7154 = DIRECTION('',(0.,0.,1.));
#7155 = PCURVE('',#6723,#7156);
#7156 = DEFINITIONAL_REPRESENTATION('',(#7157),#7161);
#7157 = LINE('',#7158,#7159);
#7158 = CARTESIAN_POINT('',(2.2,-20.57307011979));
#7159 = VECTOR('',#7160,1.);
#7160 = DIRECTION('',(0.,1.));
#7161 = ( GEOMETRIC_REPRESENTATION_CONTEXT(2) 
PARAMETRIC_REPRESENTATION_CONTEXT() REPRESENTATION_CONTEXT('2D SPACE',''
  ) );
#7162 = PCURVE('',#7082,#7163);
#7163 = DEFINITIONAL_REPRESENTATION('',(#7164),#7168);
#7164 = LINE('',#7165,#7166);
#7165 = CARTESIAN_POINT('',(0.,-7.071067811865E-02));
#7166 = VECTOR('',#7167,1.);
#7167 = DIRECTION('',(1.,0.));
#7168 = ( GEOMETRIC_REPRESENTATION_CONTEXT(2) 
PARAMETRIC_REPRESENTATION_CONTEXT() REPRESENTATION_CONTEXT('2D SPACE',''
  ) );
#7169 = ADVANCED_FACE('',(#7170),#7082,.T.);
#7170 = FACE_BOUND('',#7171,.T.);
#7171 = EDGE_LOOP('',(#7172,#7173,#7174,#7201));
#7172 = ORIENTED_EDGE('',*,*,#7064,.F.);
#7173 = ORIENTED_EDGE('',*,*,#7149,.T.);
#7174 = ORIENTED_EDGE('',*,*,#7175,.T.);
#7175 = EDGE_CURVE('',#7098,#7176,#7178,.T.);
#7176 = VERTEX_POINT('',#7177);
#7177 = CARTESIAN_POINT('',(13.75,-0.1,0.692820323028));
#7178 = SURFACE_CURVE('',#7179,(#7184,#7191),.PCURVE_S1.);
#7179 = ELLIPSE('',#7180,0.989949493661,0.7);
#7180 = AXIS2_PLACEMENT_3D('',#7181,#7182,#7183);
#7181 = CARTESIAN_POINT('',(13.65,0.,0.));
#7182 = DIRECTION('',(0.707106781187,0.707106781187,-0.));
#7183 = DIRECTION('',(-0.707106781187,0.707106781187,0.));
#7184 = PCURVE('',#7082,#7185);
#7185 = DEFINITIONAL_REPRESENTATION('',(#7186),#7190);
#7186 = ELLIPSE('',#7187,0.989949493661,0.7);
#7187 = AXIS2_PLACEMENT_2D('',#7188,#7189);
#7188 = CARTESIAN_POINT('',(-0.4,-7.071067811866E-02));
#7189 = DIRECTION('',(0.,-1.));
#7190 = ( GEOMETRIC_REPRESENTATION_CONTEXT(2) 
PARAMETRIC_REPRESENTATION_CONTEXT() REPRESENTATION_CONTEXT('2D SPACE',''
  ) );
#7191 = PCURVE('',#7115,#7192);
#7192 = DEFINITIONAL_REPRESENTATION('',(#7193),#7200);
#7193 = B_SPLINE_CURVE_WITH_KNOTS('',5,(#7194,#7195,#7196,#7197,#7198,
    #7199),.UNSPECIFIED.,.F.,.F.,(6,6),(1.570796326795,1.7141438957),
  .PIECEWISE_BEZIER_KNOTS.);
#7194 = CARTESIAN_POINT('',(-1.570796326795,1.E-01));
#7195 = CARTESIAN_POINT('',(-1.599465840576,7.993134035325E-02));
#7196 = CARTESIAN_POINT('',(-1.628135354357,5.986268069477E-02));
#7197 = CARTESIAN_POINT('',(-1.656804868138,3.982838621054E-02));
#7198 = CARTESIAN_POINT('',(-1.685474381919,1.986282179885E-02));
#7199 = CARTESIAN_POINT('',(-1.7141438957,1.78E-15));
#7200 = ( GEOMETRIC_REPRESENTATION_CONTEXT(2) 
PARAMETRIC_REPRESENTATION_CONTEXT() REPRESENTATION_CONTEXT('2D SPACE',''
  ) );
#7201 = ORIENTED_EDGE('',*,*,#7202,.F.);
#7202 = EDGE_CURVE('',#7036,#7176,#7203,.T.);
#7203 = SURFACE_CURVE('',#7204,(#7208,#7215),.PCURVE_S1.);
#7204 = LINE('',#7205,#7206);
#7205 = CARTESIAN_POINT('',(13.75,-0.1,0.4));
#7206 = VECTOR('',#7207,1.);
#7207 = DIRECTION('',(0.,0.,1.));
#7208 = PCURVE('',#7082,#7209);
#7209 = DEFINITIONAL_REPRESENTATION('',(#7210),#7214);
#7210 = LINE('',#7211,#7212);
#7211 = CARTESIAN_POINT('',(0.,7.071067811866E-02));
#7212 = VECTOR('',#7213,1.);
#7213 = DIRECTION('',(1.,0.));
#7214 = ( GEOMETRIC_REPRESENTATION_CONTEXT(2) 
PARAMETRIC_REPRESENTATION_CONTEXT() REPRESENTATION_CONTEXT('2D SPACE',''
  ) );
#7215 = PCURVE('',#7052,#7216);
#7216 = DEFINITIONAL_REPRESENTATION('',(#7217),#7221);
#7217 = LINE('',#7218,#7219);
#7218 = CARTESIAN_POINT('',(-0.1,0.4));
#7219 = VECTOR('',#7220,1.);
#7220 = DIRECTION('',(-0.,1.));
#7221 = ( GEOMETRIC_REPRESENTATION_CONTEXT(2) 
PARAMETRIC_REPRESENTATION_CONTEXT() REPRESENTATION_CONTEXT('2D SPACE',''
  ) );
#7222 = ADVANCED_FACE('',(#7223),#6797,.F.);
#7223 = FACE_BOUND('',#7224,.F.);
#7224 = EDGE_LOOP('',(#7225,#7226,#7351,#7476,#7497,#7498));
#7225 = ORIENTED_EDGE('',*,*,#7127,.F.);
#7226 = ORIENTED_EDGE('',*,*,#7227,.F.);
#7227 = EDGE_CURVE('',#7228,#7100,#7230,.T.);
#7228 = VERTEX_POINT('',#7229);
#7229 = CARTESIAN_POINT('',(10.496060798583,0.7,0.));
#7230 = SURFACE_CURVE('',#7231,(#7269,#7310),.PCURVE_S1.);
#7231 = B_SPLINE_CURVE_WITH_KNOTS('',6,(#7232,#7233,#7234,#7235,#7236,
    #7237,#7238,#7239,#7240,#7241,#7242,#7243,#7244,#7245,#7246,#7247,
    #7248,#7249,#7250,#7251,#7252,#7253,#7254,#7255,#7256,#7257,#7258,
    #7259,#7260,#7261,#7262,#7263,#7264,#7265,#7266,#7267,#7268),
  .UNSPECIFIED.,.F.,.F.,(7,5,5,5,5,5,5,7),(0.,0.254242346518,
    0.320322993621,0.445956792986,0.6084479482,0.665347826184,
    0.788732871404,1.),.UNSPECIFIED.);
#7232 = CARTESIAN_POINT('',(10.496060798583,0.7,-9.E-17));
#7233 = CARTESIAN_POINT('',(10.496060798583,0.7,6.537130346267E-02));
#7234 = CARTESIAN_POINT('',(10.49836513317,0.692674150284,0.130841485476
    ));
#7235 = CARTESIAN_POINT('',(10.502983710673,0.677980974926,
    0.195205502327));
#7236 = CARTESIAN_POINT('',(10.510301688601,0.656203688078,
    0.257273586513));
#7237 = CARTESIAN_POINT('',(10.521056205368,0.627918395544,0.31597117532
    ));
#7238 = CARTESIAN_POINT('',(10.540069533168,0.585126696648,
    0.384584223335));
#7239 = CARTESIAN_POINT('',(10.544282227168,0.575921075249,
    0.398443315584));
#7240 = CARTESIAN_POINT('',(10.548799838621,0.566355032807,0.41198892883
    ));
#7241 = CARTESIAN_POINT('',(10.553636453615,0.556448290281,0.42520406489
    ));
#7242 = CARTESIAN_POINT('',(10.558805689249,0.546222751344,0.43807285235
    ));
#7243 = CARTESIAN_POINT('',(10.574805926251,0.515701202377,
    0.474360415769));
#7244 = CARTESIAN_POINT('',(10.586545312101,0.494625461874,
    0.496846302207));
#7245 = CARTESIAN_POINT('',(10.599622679124,0.472651861128,
    0.517920789067));
#7246 = CARTESIAN_POINT('',(10.614108346012,0.449978913773,
    0.537505950608));
#7247 = CARTESIAN_POINT('',(10.630052255917,0.426817061735,
    0.555562484915));
#7248 = CARTESIAN_POINT('',(10.67001391716,0.373064126231,0.593463569277
    ));
#7249 = CARTESIAN_POINT('',(10.694999390541,0.342325472814,
    0.612251816586));
#7250 = CARTESIAN_POINT('',(10.722478629783,0.31161674472,0.628465204033
    ));
#7251 = CARTESIAN_POINT('',(10.752418570112,0.28139902486,0.642214596173
    ));
#7252 = CARTESIAN_POINT('',(10.784697005537,0.252111524579,
    0.653690603035));
#7253 = CARTESIAN_POINT('',(10.831135645328,0.21434874782,0.666454419652
    ));
#7254 = CARTESIAN_POINT('',(10.84344393094,0.204712693554,0.669517953993
    ));
#7255 = CARTESIAN_POINT('',(10.856009580897,0.19524951,0.672345783296));
#7256 = CARTESIAN_POINT('',(10.868825346825,0.185973185703,
    0.674949480594));
#7257 = CARTESIAN_POINT('',(10.881883619814,0.176896688951,
    0.677341088162));
#7258 = CARTESIAN_POINT('',(10.924001343496,0.148809184515,
    0.684286443022));
#7259 = CARTESIAN_POINT('',(10.953922157471,0.130586998857,0.68809993943
    ));
#7260 = CARTESIAN_POINT('',(10.984866958611,0.113480033417,0.69110208238
    ));
#7261 = CARTESIAN_POINT('',(11.016753266256,9.758916769797E-02,
    0.693423117422));
#7262 = CARTESIAN_POINT('',(11.049488539209,8.300155274986E-02,
    0.695188480278));
#7263 = CARTESIAN_POINT('',(11.140300775729,4.717010001433E-02,
    0.698778797072));
#7264 = CARTESIAN_POINT('',(11.199897406374,2.855539060815E-02,
    0.699753675184));
#7265 = CARTESIAN_POINT('',(11.261227458898,1.434694554879E-02,
    0.700000365333));
#7266 = CARTESIAN_POINT('',(11.323729077919,4.787294292236E-03,
    0.69999990252));
#7267 = CARTESIAN_POINT('',(11.386838136417,6.E-17,0.7));
#7268 = CARTESIAN_POINT('',(11.45,1.1E-16,0.7));
#7269 = PCURVE('',#6797,#7270);
#7270 = DEFINITIONAL_REPRESENTATION('',(#7271),#7309);
#7271 = B_SPLINE_CURVE_WITH_KNOTS('',6,(#7272,#7273,#7274,#7275,#7276,
    #7277,#7278,#7279,#7280,#7281,#7282,#7283,#7284,#7285,#7286,#7287,
    #7288,#7289,#7290,#7291,#7292,#7293,#7294,#7295,#7296,#7297,#7298,
    #7299,#7300,#7301,#7302,#7303,#7304,#7305,#7306,#7307,#7308),
  .UNSPECIFIED.,.F.,.F.,(7,5,5,5,5,5,5,7),(0.,0.254242346518,
    0.320322993621,0.445956792986,0.6084479482,0.665347826184,
    0.788732871404,1.),.UNSPECIFIED.);
#7272 = CARTESIAN_POINT('',(3.446285307605,-20.97307011979));
#7273 = CARTESIAN_POINT('',(3.446285307605,-20.90769881633));
#7274 = CARTESIAN_POINT('',(3.453964775244,-20.84222863432));
#7275 = CARTESIAN_POINT('',(3.469367931512,-20.77786461747));
#7276 = CARTESIAN_POINT('',(3.492334543838,-20.71579653328));
#7277 = CARTESIAN_POINT('',(3.522549642357,-20.65709894447));
#7278 = CARTESIAN_POINT('',(3.569375235021,-20.58848589646));
#7279 = CARTESIAN_POINT('',(3.579498394848,-20.57462680421));
#7280 = CARTESIAN_POINT('',(3.590076295134,-20.56108119096));
#7281 = CARTESIAN_POINT('',(3.60109910467,-20.5478660549));
#7282 = CARTESIAN_POINT('',(3.612555751032,-20.53499726744));
#7283 = CARTESIAN_POINT('',(3.647016925352,-20.49870970403));
#7284 = CARTESIAN_POINT('',(3.671133934319,-20.47622381759));
#7285 = CARTESIAN_POINT('',(3.696687749159,-20.45514933073));
#7286 = CARTESIAN_POINT('',(3.723570912432,-20.43556416919));
#7287 = CARTESIAN_POINT('',(3.751671194403,-20.41750763488));
#7288 = CARTESIAN_POINT('',(3.818651135017,-20.37960655052));
#7289 = CARTESIAN_POINT('',(3.858226906161,-20.36081830321));
#7290 = CARTESIAN_POINT('',(3.899361878748,-20.34460491576));
#7291 = CARTESIAN_POINT('',(3.941813644592,-20.33085552362));
#7292 = CARTESIAN_POINT('',(3.985334410501,-20.31937951676));
#7293 = CARTESIAN_POINT('',(4.045189022471,-20.30661570014));
#7294 = CARTESIAN_POINT('',(4.06081794429,-20.3035521658));
#7295 = CARTESIAN_POINT('',(4.076544251313,-20.3007243365));
#7296 = CARTESIAN_POINT('',(4.092360643828,-20.2981206392));
#7297 = CARTESIAN_POINT('',(4.108260543461,-20.29572903163));
#7298 = CARTESIAN_POINT('',(4.158884752627,-20.28878367677));
#7299 = CARTESIAN_POINT('',(4.193888010815,-20.28497018036));
#7300 = CARTESIAN_POINT('',(4.229199309602,-20.28196803741));
#7301 = CARTESIAN_POINT('',(4.264776597412,-20.27964700237));
#7302 = CARTESIAN_POINT('',(4.300581341899,-20.27788163952));
#7303 = CARTESIAN_POINT('',(4.398206929257,-20.27429132272));
#7304 = CARTESIAN_POINT('',(4.460476371779,-20.27331644461));
#7305 = CARTESIAN_POINT('',(4.523162688714,-20.27306975446));
#7306 = CARTESIAN_POINT('',(4.586118106676,-20.27307021727));
#7307 = CARTESIAN_POINT('',(4.649227116802,-20.27307011979));
#7308 = CARTESIAN_POINT('',(4.712388980385,-20.27307011979));
#7309 = ( GEOMETRIC_REPRESENTATION_CONTEXT(2) 
PARAMETRIC_REPRESENTATION_CONTEXT() REPRESENTATION_CONTEXT('2D SPACE',''
  ) );
#7310 = PCURVE('',#7115,#7311);
#7311 = DEFINITIONAL_REPRESENTATION('',(#7312),#7350);
#7312 = B_SPLINE_CURVE_WITH_KNOTS('',6,(#7313,#7314,#7315,#7316,#7317,
    #7318,#7319,#7320,#7321,#7322,#7323,#7324,#7325,#7326,#7327,#7328,
    #7329,#7330,#7331,#7332,#7333,#7334,#7335,#7336,#7337,#7338,#7339,
    #7340,#7341,#7342,#7343,#7344,#7345,#7346,#7347,#7348,#7349),
  .UNSPECIFIED.,.F.,.F.,(7,5,5,5,5,5,5,7),(0.,0.254242346518,
    0.320322993621,0.445956792986,0.6084479482,0.665347826184,
    0.788732871404,1.),.UNSPECIFIED.);
#7313 = CARTESIAN_POINT('',(0.,3.253939201417));
#7314 = CARTESIAN_POINT('',(-9.338757637525E-02,3.253939201417));
#7315 = CARTESIAN_POINT('',(-0.186916280507,3.25163486683));
#7316 = CARTESIAN_POINT('',(-0.280331527665,3.247016289327));
#7317 = CARTESIAN_POINT('',(-0.373418691104,3.239698311399));
#7318 = CARTESIAN_POINT('',(-0.465952039798,3.228943794632));
#7319 = CARTESIAN_POINT('',(-0.581471097791,3.209930466832));
#7320 = CARTESIAN_POINT('',(-0.605229579727,3.205717772832));
#7321 = CARTESIAN_POINT('',(-0.62890510343,3.201200161379));
#7322 = CARTESIAN_POINT('',(-0.652485594984,3.196363546385));
#7323 = CARTESIAN_POINT('',(-0.675957481451,3.191194310751));
#7324 = CARTESIAN_POINT('',(-0.743695756439,3.175194073749));
#7325 = CARTESIAN_POINT('',(-0.787659009204,3.163454687899));
#7326 = CARTESIAN_POINT('',(-0.831062846153,3.150377320876));
#7327 = CARTESIAN_POINT('',(-0.873780474315,3.135891653988));
#7328 = CARTESIAN_POINT('',(-0.915687265472,3.119947744083));
#7329 = CARTESIAN_POINT('',(-1.009646334623,3.07998608284));
#7330 = CARTESIAN_POINT('',(-1.061000680239,3.055000609459));
#7331 = CARTESIAN_POINT('',(-1.110471142323,3.027521370217));
#7332 = CARTESIAN_POINT('',(-1.157789016267,2.997581429888));
#7333 = CARTESIAN_POINT('',(-1.202675569805,2.965302994463));
#7334 = CARTESIAN_POINT('',(-1.259620626087,2.918864354672));
#7335 = CARTESIAN_POINT('',(-1.274063012442,2.90655606906));
#7336 = CARTESIAN_POINT('',(-1.288169391118,2.893990419103));
#7337 = CARTESIAN_POINT('',(-1.301930664687,2.881174653175));
#7338 = CARTESIAN_POINT('',(-1.31533812082,2.868116380186));
#7339 = CARTESIAN_POINT('',(-1.356671653671,2.825998656504));
#7340 = CARTESIAN_POINT('',(-1.383249909486,2.796077842529));
#7341 = CARTESIAN_POINT('',(-1.408044273439,2.765133041389));
#7342 = CARTESIAN_POINT('',(-1.430975155846,2.733246733744));
#7343 = CARTESIAN_POINT('',(-1.451962255897,2.700511460791));
#7344 = CARTESIAN_POINT('',(-1.503406368228,2.609699224271));
#7345 = CARTESIAN_POINT('',(-1.530004866947,2.550102593626));
#7346 = CARTESIAN_POINT('',(-1.5502997795,2.488772541102));
#7347 = CARTESIAN_POINT('',(-1.563957578546,2.426270922081));
#7348 = CARTESIAN_POINT('',(-1.570796326795,2.363161863583));
#7349 = CARTESIAN_POINT('',(-1.570796326795,2.3));
#7350 = ( GEOMETRIC_REPRESENTATION_CONTEXT(2) 
PARAMETRIC_REPRESENTATION_CONTEXT() REPRESENTATION_CONTEXT('2D SPACE',''
  ) );
#7351 = ORIENTED_EDGE('',*,*,#7352,.F.);
#7352 = EDGE_CURVE('',#7353,#7228,#7355,.T.);
#7353 = VERTEX_POINT('',#7354);
#7354 = CARTESIAN_POINT('',(11.45,0.,-0.7));
#7355 = SURFACE_CURVE('',#7356,(#7394,#7435),.PCURVE_S1.);
#7356 = B_SPLINE_CURVE_WITH_KNOTS('',6,(#7357,#7358,#7359,#7360,#7361,
    #7362,#7363,#7364,#7365,#7366,#7367,#7368,#7369,#7370,#7371,#7372,
    #7373,#7374,#7375,#7376,#7377,#7378,#7379,#7380,#7381,#7382,#7383,
    #7384,#7385,#7386,#7387,#7388,#7389,#7390,#7391,#7392,#7393),
  .UNSPECIFIED.,.F.,.F.,(7,5,5,5,5,5,5,7),(0.,0.207450025539,
    0.333373346943,0.388423150132,0.554344514813,0.67855216069,
    0.745316759846,1.),.UNSPECIFIED.);
#7357 = CARTESIAN_POINT('',(11.45,-6.E-17,-0.7));
#7358 = CARTESIAN_POINT('',(11.387983981972,-1.1E-16,-0.7));
#7359 = CARTESIAN_POINT('',(11.32601759856,4.615175118387E-03,
    -0.699999917208));
#7360 = CARTESIAN_POINT('',(11.264626739169,1.383172976066E-02,
    -0.700000311248));
#7361 = CARTESIAN_POINT('',(11.204345823698,2.753451336883E-02,
    -0.699771129097));
#7362 = CARTESIAN_POINT('',(11.145707818349,4.549774475496E-02,
    -0.698864713237));
#7363 = CARTESIAN_POINT('',(11.054932397981,8.061259995834E-02,
    -0.695470473435));
#7364 = CARTESIAN_POINT('',(11.021409914205,9.531925952726E-02,
    -0.693743115364));
#7365 = CARTESIAN_POINT('',(10.988761871637,0.111392233144,
    -0.691450465586));
#7366 = CARTESIAN_POINT('',(10.957086969715,0.128740114122,
    -0.688459643979));
#7367 = CARTESIAN_POINT('',(10.926473220358,0.147256614394,
    -0.684632223376));
#7368 = CARTESIAN_POINT('',(10.884111441484,0.175373214289,
    -0.677732830394));
#7369 = CARTESIAN_POINT('',(10.871444353859,0.184125170278,
    -0.675448376294));
#7370 = CARTESIAN_POINT('',(10.859003337138,0.193065598576,
    -0.672966844472));
#7371 = CARTESIAN_POINT('',(10.846795309505,0.202182849167,
    -0.670277294929));
#7372 = CARTESIAN_POINT('',(10.834826881979,0.211464381119,
    -0.667369181958));
#7373 = CARTESIAN_POINT('',(10.787772404503,0.249326175848,
    -0.654777883402));
#7374 = CARTESIAN_POINT('',(10.754630174648,0.279161304796,
    -0.643234315588));
#7375 = CARTESIAN_POINT('',(10.723921270213,0.309989813713,
    -0.62933407429));
#7376 = CARTESIAN_POINT('',(10.695777385476,0.341347146836,
    -0.612866728538));
#7377 = CARTESIAN_POINT('',(10.670232763073,0.372744342115,
    -0.59371462838));
#7378 = CARTESIAN_POINT('',(10.63003014817,0.426866051112,
    -0.555508563239));
#7379 = CARTESIAN_POINT('',(10.614266267157,0.449764126472,
    -0.537656276104));
#7380 = CARTESIAN_POINT('',(10.599927691629,0.472184814247,
    -0.518309943895));
#7381 = CARTESIAN_POINT('',(10.586966364216,0.493924677304,
    -0.497507450563));
#7382 = CARTESIAN_POINT('',(10.575314678498,0.51479162874,
    -0.475323620463));
#7383 = CARTESIAN_POINT('',(10.559289499445,0.545269612422,
    -0.439264729639));
#7384 = CARTESIAN_POINT('',(10.554040938421,0.555625653898,
    -0.426288746753));
#7385 = CARTESIAN_POINT('',(10.54913276273,0.565657559883,
    -0.412958233619));
#7386 = CARTESIAN_POINT('',(10.544550954987,0.575342643105,
    -0.399289507632));
#7387 = CARTESIAN_POINT('',(10.540280995588,0.584660490818,
    -0.385300071782));
#7388 = CARTESIAN_POINT('',(10.521151771521,0.627667181422,
    -0.316491780078));
#7389 = CARTESIAN_POINT('',(10.510353728876,0.656048856569,
    -0.257714342714));
#7390 = CARTESIAN_POINT('',(10.503008304126,0.677902692921,
    -0.195548294687));
#7391 = CARTESIAN_POINT('',(10.498373298918,0.692648205176,
    -0.131073686865));
#7392 = CARTESIAN_POINT('',(10.496060798583,0.7,-6.548695975823E-02));
#7393 = CARTESIAN_POINT('',(10.496060798583,0.7,-1.1E-16));
#7394 = PCURVE('',#6797,#7395);
#7395 = DEFINITIONAL_REPRESENTATION('',(#7396),#7434);
#7396 = B_SPLINE_CURVE_WITH_KNOTS('',6,(#7397,#7398,#7399,#7400,#7401,
    #7402,#7403,#7404,#7405,#7406,#7407,#7408,#7409,#7410,#7411,#7412,
    #7413,#7414,#7415,#7416,#7417,#7418,#7419,#7420,#7421,#7422,#7423,
    #7424,#7425,#7426,#7427,#7428,#7429,#7430,#7431,#7432,#7433),
  .UNSPECIFIED.,.F.,.F.,(7,5,5,5,5,5,5,7),(0.,0.207450025539,
    0.333373346943,0.388423150132,0.554344514813,0.67855216069,
    0.745316759846,1.),.UNSPECIFIED.);
#7397 = CARTESIAN_POINT('',(4.712388980385,-21.67307011979));
#7398 = CARTESIAN_POINT('',(4.650372962357,-21.67307011979));
#7399 = CARTESIAN_POINT('',(4.588406622672,-21.673070037));
#7400 = CARTESIAN_POINT('',(4.52658622578,-21.67307043104));
#7401 = CARTESIAN_POINT('',(4.465021353958,-21.67284124889));
#7402 = CARTESIAN_POINT('',(4.403851828176,-21.67193483303));
#7403 = CARTESIAN_POINT('',(4.306521308816,-21.66854059323));
#7404 = CARTESIAN_POINT('',(4.26995065916,-21.66681323516));
#7405 = CARTESIAN_POINT('',(4.233613194145,-21.66452058538));
#7406 = CARTESIAN_POINT('',(4.197549184741,-21.66152976377));
#7407 = CARTESIAN_POINT('',(4.16180276401,-21.65770234317));
#7408 = CARTESIAN_POINT('',(4.110959244275,-21.65080295019));
#7409 = CARTESIAN_POINT('',(4.095565448922,-21.64851849609));
#7410 = CARTESIAN_POINT('',(4.0802490928,-21.64603696427));
#7411 = CARTESIAN_POINT('',(4.065016066243,-21.64334741472));
#7412 = CARTESIAN_POINT('',(4.049872889966,-21.64043930175));
#7413 = CARTESIAN_POINT('',(3.989477200131,-21.6278480032));
#7414 = CARTESIAN_POINT('',(3.944952466691,-21.61630443538));
#7415 = CARTESIAN_POINT('',(3.901532933696,-21.60240419408));
#7416 = CARTESIAN_POINT('',(3.859475070507,-21.58593684833));
#7417 = CARTESIAN_POINT('',(3.819038340231,-21.56678474817));
#7418 = CARTESIAN_POINT('',(3.751618687089,-21.52857868303));
#7419 = CARTESIAN_POINT('',(3.723837096647,-21.5107263959));
#7420 = CARTESIAN_POINT('',(3.697244978232,-21.49138006369));
#7421 = CARTESIAN_POINT('',(3.671950866999,-21.47057757036));
#7422 = CARTESIAN_POINT('',(3.648058745517,-21.44839374026));
#7423 = CARTESIAN_POINT('',(3.613624549534,-21.41233484943));
#7424 = CARTESIAN_POINT('',(3.602015692525,-21.39935886655));
#7425 = CARTESIAN_POINT('',(3.590849071,-21.38602835341));
#7426 = CARTESIAN_POINT('',(3.580136160807,-21.37235962743));
#7427 = CARTESIAN_POINT('',(3.569887142693,-21.35837019158));
#7428 = CARTESIAN_POINT('',(3.522818016398,-21.28956189987));
#7429 = CARTESIAN_POINT('',(3.492497827024,-21.23078446251));
#7430 = CARTESIAN_POINT('',(3.469449998489,-21.16861841448));
#7431 = CARTESIAN_POINT('',(3.453991971814,-21.10414380666));
#7432 = CARTESIAN_POINT('',(3.446285307605,-21.03855707955));
#7433 = CARTESIAN_POINT('',(3.446285307605,-20.97307011979));
#7434 = ( GEOMETRIC_REPRESENTATION_CONTEXT(2) 
PARAMETRIC_REPRESENTATION_CONTEXT() REPRESENTATION_CONTEXT('2D SPACE',''
  ) );
#7435 = PCURVE('',#7115,#7436);
#7436 = DEFINITIONAL_REPRESENTATION('',(#7437),#7475);
#7437 = B_SPLINE_CURVE_WITH_KNOTS('',6,(#7438,#7439,#7440,#7441,#7442,
    #7443,#7444,#7445,#7446,#7447,#7448,#7449,#7450,#7451,#7452,#7453,
    #7454,#7455,#7456,#7457,#7458,#7459,#7460,#7461,#7462,#7463,#7464,
    #7465,#7466,#7467,#7468,#7469,#7470,#7471,#7472,#7473,#7474),
  .UNSPECIFIED.,.F.,.F.,(7,5,5,5,5,5,5,7),(0.,0.207450025539,
    0.333373346943,0.388423150132,0.554344514813,0.67855216069,
    0.745316759846,1.),.UNSPECIFIED.);
#7438 = CARTESIAN_POINT('',(-4.712388980385,2.3));
#7439 = CARTESIAN_POINT('',(-4.712388980385,2.362016018028));
#7440 = CARTESIAN_POINT('',(-4.718981876346,2.42398240144));
#7441 = CARTESIAN_POINT('',(-4.732149387474,2.485373260831));
#7442 = CARTESIAN_POINT('',(-4.751722295142,2.545654176302));
#7443 = CARTESIAN_POINT('',(-4.777389326856,2.604292181651));
#7444 = CARTESIAN_POINT('',(-4.827787211485,2.695067602019));
#7445 = CARTESIAN_POINT('',(-4.848936724952,2.728590085795));
#7446 = CARTESIAN_POINT('',(-4.872119004807,2.761238128363));
#7447 = CARTESIAN_POINT('',(-4.897248925558,2.792913030285));
#7448 = CARTESIAN_POINT('',(-4.924241923244,2.823526779642));
#7449 = CARTESIAN_POINT('',(-4.965600110084,2.865888558516));
#7450 = CARTESIAN_POINT('',(-4.978520427418,2.878555646141));
#7451 = CARTESIAN_POINT('',(-4.991772886155,2.890996662862));
#7452 = CARTESIAN_POINT('',(-5.00534963121,2.903204690495));
#7453 = CARTESIAN_POINT('',(-5.019242475539,2.915173118021));
#7454 = CARTESIAN_POINT('',(-5.076243304379,2.962227595497));
#7455 = CARTESIAN_POINT('',(-5.121891067814,2.995369825352));
#7456 = CARTESIAN_POINT('',(-5.170088856935,3.026078729787));
#7457 = CARTESIAN_POINT('',(-5.220537304527,3.054222614524));
#7458 = CARTESIAN_POINT('',(-5.272958929948,3.079767236927));
#7459 = CARTESIAN_POINT('',(-5.367599633947,3.11996985183));
#7460 = CARTESIAN_POINT('',(-5.409031407646,3.135733732843));
#7461 = CARTESIAN_POINT('',(-5.451256154231,3.150072308371));
#7462 = CARTESIAN_POINT('',(-5.494153241891,3.163033635784));
#7463 = CARTESIAN_POINT('',(-5.537599977281,3.174685321502));
#7464 = CARTESIAN_POINT('',(-5.605048386843,3.190710500555));
#7465 = CARTESIAN_POINT('',(-5.628755925273,3.195959061579));
#7466 = CARTESIAN_POINT('',(-5.652575163487,3.20086723727));
#7467 = CARTESIAN_POINT('',(-5.676492036099,3.205449045013));
#7468 = CARTESIAN_POINT('',(-5.700494038963,3.209719004412));
#7469 = CARTESIAN_POINT('',(-5.816412346263,3.228848228479));
#7470 = CARTESIAN_POINT('',(-5.909105521812,3.239646271124));
#7471 = CARTESIAN_POINT('',(-6.002356275172,3.246991695874));
#7472 = CARTESIAN_POINT('',(-6.095937311871,3.251626701082));
#7473 = CARTESIAN_POINT('',(-6.189632507525,3.253939201417));
#7474 = CARTESIAN_POINT('',(-6.28318530718,3.253939201417));
#7475 = ( GEOMETRIC_REPRESENTATION_CONTEXT(2) 
PARAMETRIC_REPRESENTATION_CONTEXT() REPRESENTATION_CONTEXT('2D SPACE',''
  ) );
#7476 = ORIENTED_EDGE('',*,*,#7477,.F.);
#7477 = EDGE_CURVE('',#6884,#7353,#7478,.T.);
#7478 = SURFACE_CURVE('',#7479,(#7483,#7490),.PCURVE_S1.);
#7479 = LINE('',#7480,#7481);
#7480 = CARTESIAN_POINT('',(11.45,0.,20.973070119799));
#7481 = VECTOR('',#7482,1.);
#7482 = DIRECTION('',(-0.,-0.,-1.));
#7483 = PCURVE('',#6797,#7484);
#7484 = DEFINITIONAL_REPRESENTATION('',(#7485),#7489);
#7485 = LINE('',#7486,#7487);
#7486 = CARTESIAN_POINT('',(4.712388980385,0.));
#7487 = VECTOR('',#7488,1.);
#7488 = DIRECTION('',(0.,-1.));
#7489 = ( GEOMETRIC_REPRESENTATION_CONTEXT(2) 
PARAMETRIC_REPRESENTATION_CONTEXT() REPRESENTATION_CONTEXT('2D SPACE',''
  ) );
#7490 = PCURVE('',#6991,#7491);
#7491 = DEFINITIONAL_REPRESENTATION('',(#7492),#7496);
#7492 = LINE('',#7493,#7494);
#7493 = CARTESIAN_POINT('',(0.,0.));
#7494 = VECTOR('',#7495,1.);
#7495 = DIRECTION('',(0.,-1.));
#7496 = ( GEOMETRIC_REPRESENTATION_CONTEXT(2) 
PARAMETRIC_REPRESENTATION_CONTEXT() REPRESENTATION_CONTEXT('2D SPACE',''
  ) );
#7497 = ORIENTED_EDGE('',*,*,#6883,.T.);
#7498 = ORIENTED_EDGE('',*,*,#6735,.T.);
#7499 = ADVANCED_FACE('',(#7500),#7052,.T.);
#7500 = FACE_BOUND('',#7501,.F.);
#7501 = EDGE_LOOP('',(#7502,#7526,#7527,#7528));
#7502 = ORIENTED_EDGE('',*,*,#7503,.F.);
#7503 = EDGE_CURVE('',#7176,#7504,#7506,.T.);
#7504 = VERTEX_POINT('',#7505);
#7505 = CARTESIAN_POINT('',(13.75,-0.1,-0.692820323028));
#7506 = SURFACE_CURVE('',#7507,(#7512,#7519),.PCURVE_S1.);
#7507 = CIRCLE('',#7508,0.7);
#7508 = AXIS2_PLACEMENT_3D('',#7509,#7510,#7511);
#7509 = CARTESIAN_POINT('',(13.75,0.,0.));
#7510 = DIRECTION('',(1.,0.,0.));
#7511 = DIRECTION('',(0.,1.,0.));
#7512 = PCURVE('',#7052,#7513);
#7513 = DEFINITIONAL_REPRESENTATION('',(#7514),#7518);
#7514 = CIRCLE('',#7515,0.7);
#7515 = AXIS2_PLACEMENT_2D('',#7516,#7517);
#7516 = CARTESIAN_POINT('',(0.,0.));
#7517 = DIRECTION('',(1.,-0.));
#7518 = ( GEOMETRIC_REPRESENTATION_CONTEXT(2) 
PARAMETRIC_REPRESENTATION_CONTEXT() REPRESENTATION_CONTEXT('2D SPACE',''
  ) );
#7519 = PCURVE('',#7115,#7520);
#7520 = DEFINITIONAL_REPRESENTATION('',(#7521),#7525);
#7521 = LINE('',#7522,#7523);
#7522 = CARTESIAN_POINT('',(-0.,0.));
#7523 = VECTOR('',#7524,1.);
#7524 = DIRECTION('',(-1.,0.));
#7525 = ( GEOMETRIC_REPRESENTATION_CONTEXT(2) 
PARAMETRIC_REPRESENTATION_CONTEXT() REPRESENTATION_CONTEXT('2D SPACE',''
  ) );
#7526 = ORIENTED_EDGE('',*,*,#7202,.F.);
#7527 = ORIENTED_EDGE('',*,*,#7035,.T.);
#7528 = ORIENTED_EDGE('',*,*,#7529,.F.);
#7529 = EDGE_CURVE('',#7504,#7004,#7530,.T.);
#7530 = SURFACE_CURVE('',#7531,(#7535,#7542),.PCURVE_S1.);
#7531 = LINE('',#7532,#7533);
#7532 = CARTESIAN_POINT('',(13.75,-0.1,-0.7));
#7533 = VECTOR('',#7534,1.);
#7534 = DIRECTION('',(0.,0.,1.));
#7535 = PCURVE('',#7052,#7536);
#7536 = DEFINITIONAL_REPRESENTATION('',(#7537),#7541);
#7537 = LINE('',#7538,#7539);
#7538 = CARTESIAN_POINT('',(-0.1,-0.7));
#7539 = VECTOR('',#7540,1.);
#7540 = DIRECTION('',(-0.,1.));
#7541 = ( GEOMETRIC_REPRESENTATION_CONTEXT(2) 
PARAMETRIC_REPRESENTATION_CONTEXT() REPRESENTATION_CONTEXT('2D SPACE',''
  ) );
#7542 = PCURVE('',#7023,#7543);
#7543 = DEFINITIONAL_REPRESENTATION('',(#7544),#7548);
#7544 = LINE('',#7545,#7546);
#7545 = CARTESIAN_POINT('',(-0.,-7.071067811866E-02));
#7546 = VECTOR('',#7547,1.);
#7547 = DIRECTION('',(-1.,0.));
#7548 = ( GEOMETRIC_REPRESENTATION_CONTEXT(2) 
PARAMETRIC_REPRESENTATION_CONTEXT() REPRESENTATION_CONTEXT('2D SPACE',''
  ) );
#7549 = ADVANCED_FACE('',(#7550),#7023,.T.);
#7550 = FACE_BOUND('',#7551,.F.);
#7551 = EDGE_LOOP('',(#7552,#7579,#7580,#7581));
#7552 = ORIENTED_EDGE('',*,*,#7553,.F.);
#7553 = EDGE_CURVE('',#7504,#7554,#7556,.T.);
#7554 = VERTEX_POINT('',#7555);
#7555 = CARTESIAN_POINT('',(13.65,0.,-0.7));
#7556 = SURFACE_CURVE('',#7557,(#7562,#7569),.PCURVE_S1.);
#7557 = ELLIPSE('',#7558,0.989949493661,0.7);
#7558 = AXIS2_PLACEMENT_3D('',#7559,#7560,#7561);
#7559 = CARTESIAN_POINT('',(13.65,0.,0.));
#7560 = DIRECTION('',(0.707106781187,0.707106781187,-0.));
#7561 = DIRECTION('',(-0.707106781187,0.707106781187,0.));
#7562 = PCURVE('',#7023,#7563);
#7563 = DEFINITIONAL_REPRESENTATION('',(#7564),#7568);
#7564 = ELLIPSE('',#7565,0.989949493661,0.7);
#7565 = AXIS2_PLACEMENT_2D('',#7566,#7567);
#7566 = CARTESIAN_POINT('',(-0.7,7.071067811866E-02));
#7567 = DIRECTION('',(-0.,1.));
#7568 = ( GEOMETRIC_REPRESENTATION_CONTEXT(2) 
PARAMETRIC_REPRESENTATION_CONTEXT() REPRESENTATION_CONTEXT('2D SPACE',''
  ) );
#7569 = PCURVE('',#7115,#7570);
#7570 = DEFINITIONAL_REPRESENTATION('',(#7571),#7578);
#7571 = B_SPLINE_CURVE_WITH_KNOTS('',5,(#7572,#7573,#7574,#7575,#7576,
    #7577),.UNSPECIFIED.,.F.,.F.,(6,6),(4.569041411479,4.712388980385),
  .PIECEWISE_BEZIER_KNOTS.);
#7572 = CARTESIAN_POINT('',(-4.569041411479,0.));
#7573 = CARTESIAN_POINT('',(-4.59771092526,1.986282179885E-02));
#7574 = CARTESIAN_POINT('',(-4.626380439041,3.982838621054E-02));
#7575 = CARTESIAN_POINT('',(-4.655049952823,5.986268069476E-02));
#7576 = CARTESIAN_POINT('',(-4.683719466604,7.993134035325E-02));
#7577 = CARTESIAN_POINT('',(-4.712388980385,1.E-01));
#7578 = ( GEOMETRIC_REPRESENTATION_CONTEXT(2) 
PARAMETRIC_REPRESENTATION_CONTEXT() REPRESENTATION_CONTEXT('2D SPACE',''
  ) );
#7579 = ORIENTED_EDGE('',*,*,#7529,.T.);
#7580 = ORIENTED_EDGE('',*,*,#7003,.T.);
#7581 = ORIENTED_EDGE('',*,*,#7582,.F.);
#7582 = EDGE_CURVE('',#7554,#6976,#7583,.T.);
#7583 = SURFACE_CURVE('',#7584,(#7588,#7595),.PCURVE_S1.);
#7584 = LINE('',#7585,#7586);
#7585 = CARTESIAN_POINT('',(13.65,0.,-0.7));
#7586 = VECTOR('',#7587,1.);
#7587 = DIRECTION('',(0.,0.,1.));
#7588 = PCURVE('',#7023,#7589);
#7589 = DEFINITIONAL_REPRESENTATION('',(#7590),#7594);
#7590 = LINE('',#7591,#7592);
#7591 = CARTESIAN_POINT('',(-0.,7.071067811865E-02));
#7592 = VECTOR('',#7593,1.);
#7593 = DIRECTION('',(-1.,0.));
#7594 = ( GEOMETRIC_REPRESENTATION_CONTEXT(2) 
PARAMETRIC_REPRESENTATION_CONTEXT() REPRESENTATION_CONTEXT('2D SPACE',''
  ) );
#7595 = PCURVE('',#6991,#7596);
#7596 = DEFINITIONAL_REPRESENTATION('',(#7597),#7601);
#7597 = LINE('',#7598,#7599);
#7598 = CARTESIAN_POINT('',(2.2,-21.67307011979));
#7599 = VECTOR('',#7600,1.);
#7600 = DIRECTION('',(0.,1.));
#7601 = ( GEOMETRIC_REPRESENTATION_CONTEXT(2) 
PARAMETRIC_REPRESENTATION_CONTEXT() REPRESENTATION_CONTEXT('2D SPACE',''
  ) );
#7602 = ADVANCED_FACE('',(#7603),#6870,.F.);
#7603 = FACE_BOUND('',#7604,.F.);
#7604 = EDGE_LOOP('',(#7605,#7628,#7629));
#7605 = ORIENTED_EDGE('',*,*,#7606,.T.);
#7606 = EDGE_CURVE('',#7607,#6833,#7609,.T.);
#7607 = VERTEX_POINT('',#7608);
#7608 = CARTESIAN_POINT('',(9.519059892324,0.,0.));
#7609 = SEAM_CURVE('',#7610,(#7614,#7621),.PCURVE_S1.);
#7610 = LINE('',#7611,#7612);
#7611 = CARTESIAN_POINT('',(9.519059892324,0.,0.));
#7612 = VECTOR('',#7613,1.);
#7613 = DIRECTION('',(0.5,0.866025403784,0.));
#7614 = PCURVE('',#6870,#7615);
#7615 = DEFINITIONAL_REPRESENTATION('',(#7616),#7620);
#7616 = LINE('',#7617,#7618);
#7617 = CARTESIAN_POINT('',(0.,0.));
#7618 = VECTOR('',#7619,1.);
#7619 = DIRECTION('',(0.,1.));
#7620 = ( GEOMETRIC_REPRESENTATION_CONTEXT(2) 
PARAMETRIC_REPRESENTATION_CONTEXT() REPRESENTATION_CONTEXT('2D SPACE',''
  ) );
#7621 = PCURVE('',#6870,#7622);
#7622 = DEFINITIONAL_REPRESENTATION('',(#7623),#7627);
#7623 = LINE('',#7624,#7625);
#7624 = CARTESIAN_POINT('',(6.28318530718,0.));
#7625 = VECTOR('',#7626,1.);
#7626 = DIRECTION('',(0.,1.));
#7627 = ( GEOMETRIC_REPRESENTATION_CONTEXT(2) 
PARAMETRIC_REPRESENTATION_CONTEXT() REPRESENTATION_CONTEXT('2D SPACE',''
  ) );
#7628 = ORIENTED_EDGE('',*,*,#6855,.F.);
#7629 = ORIENTED_EDGE('',*,*,#7606,.F.);
#7630 = ADVANCED_FACE('',(#7631),#6991,.F.);
#7631 = FACE_BOUND('',#7632,.F.);
#7632 = EDGE_LOOP('',(#7633,#7634,#7635,#7656));
#7633 = ORIENTED_EDGE('',*,*,#6975,.F.);
#7634 = ORIENTED_EDGE('',*,*,#7477,.T.);
#7635 = ORIENTED_EDGE('',*,*,#7636,.F.);
#7636 = EDGE_CURVE('',#7554,#7353,#7637,.T.);
#7637 = SURFACE_CURVE('',#7638,(#7642,#7649),.PCURVE_S1.);
#7638 = LINE('',#7639,#7640);
#7639 = CARTESIAN_POINT('',(13.75,0.,-0.7));
#7640 = VECTOR('',#7641,1.);
#7641 = DIRECTION('',(-1.,-0.,-0.));
#7642 = PCURVE('',#6991,#7643);
#7643 = DEFINITIONAL_REPRESENTATION('',(#7644),#7648);
#7644 = LINE('',#7645,#7646);
#7645 = CARTESIAN_POINT('',(2.3,-21.67307011979));
#7646 = VECTOR('',#7647,1.);
#7647 = DIRECTION('',(-1.,0.));
#7648 = ( GEOMETRIC_REPRESENTATION_CONTEXT(2) 
PARAMETRIC_REPRESENTATION_CONTEXT() REPRESENTATION_CONTEXT('2D SPACE',''
  ) );
#7649 = PCURVE('',#7115,#7650);
#7650 = DEFINITIONAL_REPRESENTATION('',(#7651),#7655);
#7651 = LINE('',#7652,#7653);
#7652 = CARTESIAN_POINT('',(-4.712388980385,0.));
#7653 = VECTOR('',#7654,1.);
#7654 = DIRECTION('',(-0.,1.));
#7655 = ( GEOMETRIC_REPRESENTATION_CONTEXT(2) 
PARAMETRIC_REPRESENTATION_CONTEXT() REPRESENTATION_CONTEXT('2D SPACE',''
  ) );
#7656 = ORIENTED_EDGE('',*,*,#7582,.T.);
#7657 = ADVANCED_FACE('',(#7658),#7115,.T.);
#7658 = FACE_BOUND('',#7659,.F.);
#7659 = EDGE_LOOP('',(#7660,#7661,#7662,#7663,#7664,#7665,#7666,#7689,
    #7716,#7717));
#7660 = ORIENTED_EDGE('',*,*,#7097,.F.);
#7661 = ORIENTED_EDGE('',*,*,#7175,.T.);
#7662 = ORIENTED_EDGE('',*,*,#7503,.T.);
#7663 = ORIENTED_EDGE('',*,*,#7553,.T.);
#7664 = ORIENTED_EDGE('',*,*,#7636,.T.);
#7665 = ORIENTED_EDGE('',*,*,#7352,.T.);
#7666 = ORIENTED_EDGE('',*,*,#7667,.T.);
#7667 = EDGE_CURVE('',#7228,#7668,#7670,.T.);
#7668 = VERTEX_POINT('',#7669);
#7669 = CARTESIAN_POINT('',(8.75,0.7,0.));
#7670 = SEAM_CURVE('',#7671,(#7675,#7682),.PCURVE_S1.);
#7671 = LINE('',#7672,#7673);
#7672 = CARTESIAN_POINT('',(13.75,0.7,0.));
#7673 = VECTOR('',#7674,1.);
#7674 = DIRECTION('',(-1.,0.,0.));
#7675 = PCURVE('',#7115,#7676);
#7676 = DEFINITIONAL_REPRESENTATION('',(#7677),#7681);
#7677 = LINE('',#7678,#7679);
#7678 = CARTESIAN_POINT('',(-0.,0.));
#7679 = VECTOR('',#7680,1.);
#7680 = DIRECTION('',(-0.,1.));
#7681 = ( GEOMETRIC_REPRESENTATION_CONTEXT(2) 
PARAMETRIC_REPRESENTATION_CONTEXT() REPRESENTATION_CONTEXT('2D SPACE',''
  ) );
#7682 = PCURVE('',#7115,#7683);
#7683 = DEFINITIONAL_REPRESENTATION('',(#7684),#7688);
#7684 = LINE('',#7685,#7686);
#7685 = CARTESIAN_POINT('',(-6.28318530718,0.));
#7686 = VECTOR('',#7687,1.);
#7687 = DIRECTION('',(-0.,1.));
#7688 = ( GEOMETRIC_REPRESENTATION_CONTEXT(2) 
PARAMETRIC_REPRESENTATION_CONTEXT() REPRESENTATION_CONTEXT('2D SPACE',''
  ) );
#7689 = ORIENTED_EDGE('',*,*,#7690,.F.);
#7690 = EDGE_CURVE('',#7668,#7668,#7691,.T.);
#7691 = SURFACE_CURVE('',#7692,(#7697,#7704),.PCURVE_S1.);
#7692 = CIRCLE('',#7693,0.7);
#7693 = AXIS2_PLACEMENT_3D('',#7694,#7695,#7696);
#7694 = CARTESIAN_POINT('',(8.75,0.,0.));
#7695 = DIRECTION('',(1.,0.,0.));
#7696 = DIRECTION('',(0.,1.,0.));
#7697 = PCURVE('',#7115,#7698);
#7698 = DEFINITIONAL_REPRESENTATION('',(#7699),#7703);
#7699 = LINE('',#7700,#7701);
#7700 = CARTESIAN_POINT('',(-0.,5.));
#7701 = VECTOR('',#7702,1.);
#7702 = DIRECTION('',(-1.,0.));
#7703 = ( GEOMETRIC_REPRESENTATION_CONTEXT(2) 
PARAMETRIC_REPRESENTATION_CONTEXT() REPRESENTATION_CONTEXT('2D SPACE',''
  ) );
#7704 = PCURVE('',#7705,#7710);
#7705 = PLANE('',#7706);
#7706 = AXIS2_PLACEMENT_3D('',#7707,#7708,#7709);
#7707 = CARTESIAN_POINT('',(8.75,0.,0.));
#7708 = DIRECTION('',(1.,0.,0.));
#7709 = DIRECTION('',(0.,1.,0.));
#7710 = DEFINITIONAL_REPRESENTATION('',(#7711),#7715);
#7711 = CIRCLE('',#7712,0.7);
#7712 = AXIS2_PLACEMENT_2D('',#7713,#7714);
#7713 = CARTESIAN_POINT('',(0.,0.));
#7714 = DIRECTION('',(1.,-0.));
#7715 = ( GEOMETRIC_REPRESENTATION_CONTEXT(2) 
PARAMETRIC_REPRESENTATION_CONTEXT() REPRESENTATION_CONTEXT('2D SPACE',''
  ) );
#7716 = ORIENTED_EDGE('',*,*,#7667,.F.);
#7717 = ORIENTED_EDGE('',*,*,#7227,.T.);
#7718 = ADVANCED_FACE('',(#7719,#7722),#7705,.T.);
#7719 = FACE_BOUND('',#7720,.F.);
#7720 = EDGE_LOOP('',(#7721));
#7721 = ORIENTED_EDGE('',*,*,#7690,.T.);
#7722 = FACE_BOUND('',#7723,.F.);
#7723 = EDGE_LOOP('',(#7724));
#7724 = ORIENTED_EDGE('',*,*,#7725,.F.);
#7725 = EDGE_CURVE('',#7726,#7726,#7728,.T.);
#7726 = VERTEX_POINT('',#7727);
#7727 = CARTESIAN_POINT('',(8.75,1.,0.));
#7728 = SURFACE_CURVE('',#7729,(#7734,#7741),.PCURVE_S1.);
#7729 = CIRCLE('',#7730,1.);
#7730 = AXIS2_PLACEMENT_3D('',#7731,#7732,#7733);
#7731 = CARTESIAN_POINT('',(8.75,0.,0.));
#7732 = DIRECTION('',(1.,0.,0.));
#7733 = DIRECTION('',(0.,1.,0.));
#7734 = PCURVE('',#7705,#7735);
#7735 = DEFINITIONAL_REPRESENTATION('',(#7736),#7740);
#7736 = CIRCLE('',#7737,1.);
#7737 = AXIS2_PLACEMENT_2D('',#7738,#7739);
#7738 = CARTESIAN_POINT('',(0.,0.));
#7739 = DIRECTION('',(1.,-0.));
#7740 = ( GEOMETRIC_REPRESENTATION_CONTEXT(2) 
PARAMETRIC_REPRESENTATION_CONTEXT() REPRESENTATION_CONTEXT('2D SPACE',''
  ) );
#7741 = PCURVE('',#7742,#7747);
#7742 = CYLINDRICAL_SURFACE('',#7743,1.);
#7743 = AXIS2_PLACEMENT_3D('',#7744,#7745,#7746);
#7744 = CARTESIAN_POINT('',(8.75,0.,0.));
#7745 = DIRECTION('',(-1.,-0.,-0.));
#7746 = DIRECTION('',(0.,1.,0.));
#7747 = DEFINITIONAL_REPRESENTATION('',(#7748),#7752);
#7748 = LINE('',#7749,#7750);
#7749 = CARTESIAN_POINT('',(-0.,0.));
#7750 = VECTOR('',#7751,1.);
#7751 = DIRECTION('',(-1.,0.));
#7752 = ( GEOMETRIC_REPRESENTATION_CONTEXT(2) 
PARAMETRIC_REPRESENTATION_CONTEXT() REPRESENTATION_CONTEXT('2D SPACE',''
  ) );
#7753 = ADVANCED_FACE('',(#7754),#7742,.T.);
#7754 = FACE_BOUND('',#7755,.F.);
#7755 = EDGE_LOOP('',(#7756,#7757,#7780,#7807));
#7756 = ORIENTED_EDGE('',*,*,#7725,.T.);
#7757 = ORIENTED_EDGE('',*,*,#7758,.T.);
#7758 = EDGE_CURVE('',#7726,#7759,#7761,.T.);
#7759 = VERTEX_POINT('',#7760);
#7760 = CARTESIAN_POINT('',(3.6,1.,0.));
#7761 = SEAM_CURVE('',#7762,(#7766,#7773),.PCURVE_S1.);
#7762 = LINE('',#7763,#7764);
#7763 = CARTESIAN_POINT('',(8.75,1.,0.));
#7764 = VECTOR('',#7765,1.);
#7765 = DIRECTION('',(-1.,0.,0.));
#7766 = PCURVE('',#7742,#7767);
#7767 = DEFINITIONAL_REPRESENTATION('',(#7768),#7772);
#7768 = LINE('',#7769,#7770);
#7769 = CARTESIAN_POINT('',(-0.,0.));
#7770 = VECTOR('',#7771,1.);
#7771 = DIRECTION('',(-0.,1.));
#7772 = ( GEOMETRIC_REPRESENTATION_CONTEXT(2) 
PARAMETRIC_REPRESENTATION_CONTEXT() REPRESENTATION_CONTEXT('2D SPACE',''
  ) );
#7773 = PCURVE('',#7742,#7774);
#7774 = DEFINITIONAL_REPRESENTATION('',(#7775),#7779);
#7775 = LINE('',#7776,#7777);
#7776 = CARTESIAN_POINT('',(-6.28318530718,0.));
#7777 = VECTOR('',#7778,1.);
#7778 = DIRECTION('',(-0.,1.));
#7779 = ( GEOMETRIC_REPRESENTATION_CONTEXT(2) 
PARAMETRIC_REPRESENTATION_CONTEXT() REPRESENTATION_CONTEXT('2D SPACE',''
  ) );
#7780 = ORIENTED_EDGE('',*,*,#7781,.F.);
#7781 = EDGE_CURVE('',#7759,#7759,#7782,.T.);
#7782 = SURFACE_CURVE('',#7783,(#7788,#7795),.PCURVE_S1.);
#7783 = CIRCLE('',#7784,1.);
#7784 = AXIS2_PLACEMENT_3D('',#7785,#7786,#7787);
#7785 = CARTESIAN_POINT('',(3.6,0.,0.));
#7786 = DIRECTION('',(1.,0.,0.));
#7787 = DIRECTION('',(0.,1.,0.));
#7788 = PCURVE('',#7742,#7789);
#7789 = DEFINITIONAL_REPRESENTATION('',(#7790),#7794);
#7790 = LINE('',#7791,#7792);
#7791 = CARTESIAN_POINT('',(-0.,5.15));
#7792 = VECTOR('',#7793,1.);
#7793 = DIRECTION('',(-1.,0.));
#7794 = ( GEOMETRIC_REPRESENTATION_CONTEXT(2) 
PARAMETRIC_REPRESENTATION_CONTEXT() REPRESENTATION_CONTEXT('2D SPACE',''
  ) );
#7795 = PCURVE('',#7796,#7801);
#7796 = PLANE('',#7797);
#7797 = AXIS2_PLACEMENT_3D('',#7798,#7799,#7800);
#7798 = CARTESIAN_POINT('',(3.6,0.,0.));
#7799 = DIRECTION('',(1.,0.,0.));
#7800 = DIRECTION('',(0.,1.,0.));
#7801 = DEFINITIONAL_REPRESENTATION('',(#7802),#7806);
#7802 = CIRCLE('',#7803,1.);
#7803 = AXIS2_PLACEMENT_2D('',#7804,#7805);
#7804 = CARTESIAN_POINT('',(0.,0.));
#7805 = DIRECTION('',(1.,0.));
#7806 = ( GEOMETRIC_REPRESENTATION_CONTEXT(2) 
PARAMETRIC_REPRESENTATION_CONTEXT() REPRESENTATION_CONTEXT('2D SPACE',''
  ) );
#7807 = ORIENTED_EDGE('',*,*,#7758,.F.);
#7808 = ADVANCED_FACE('',(#7809,#7812),#7796,.F.);
#7809 = FACE_BOUND('',#7810,.F.);
#7810 = EDGE_LOOP('',(#7811));
#7811 = ORIENTED_EDGE('',*,*,#7781,.T.);
#7812 = FACE_BOUND('',#7813,.F.);
#7813 = EDGE_LOOP('',(#7814));
#7814 = ORIENTED_EDGE('',*,*,#7815,.F.);
#7815 = EDGE_CURVE('',#7816,#7816,#7818,.T.);
#7816 = VERTEX_POINT('',#7817);
#7817 = CARTESIAN_POINT('',(3.6,0.7,0.));
#7818 = SURFACE_CURVE('',#7819,(#7824,#7831),.PCURVE_S1.);
#7819 = CIRCLE('',#7820,0.7);
#7820 = AXIS2_PLACEMENT_3D('',#7821,#7822,#7823);
#7821 = CARTESIAN_POINT('',(3.6,0.,0.));
#7822 = DIRECTION('',(1.,0.,0.));
#7823 = DIRECTION('',(0.,1.,0.));
#7824 = PCURVE('',#7796,#7825);
#7825 = DEFINITIONAL_REPRESENTATION('',(#7826),#7830);
#7826 = CIRCLE('',#7827,0.7);
#7827 = AXIS2_PLACEMENT_2D('',#7828,#7829);
#7828 = CARTESIAN_POINT('',(0.,0.));
#7829 = DIRECTION('',(1.,0.));
#7830 = ( GEOMETRIC_REPRESENTATION_CONTEXT(2) 
PARAMETRIC_REPRESENTATION_CONTEXT() REPRESENTATION_CONTEXT('2D SPACE',''
  ) );
#7831 = PCURVE('',#7832,#7837);
#7832 = CYLINDRICAL_SURFACE('',#7833,0.7);
#7833 = AXIS2_PLACEMENT_3D('',#7834,#7835,#7836);
#7834 = CARTESIAN_POINT('',(3.6,0.,0.));
#7835 = DIRECTION('',(-1.,-0.,-0.));
#7836 = DIRECTION('',(0.,1.,0.));
#7837 = DEFINITIONAL_REPRESENTATION('',(#7838),#7842);
#7838 = LINE('',#7839,#7840);
#7839 = CARTESIAN_POINT('',(-0.,0.));
#7840 = VECTOR('',#7841,1.);
#7841 = DIRECTION('',(-1.,0.));
#7842 = ( GEOMETRIC_REPRESENTATION_CONTEXT(2) 
PARAMETRIC_REPRESENTATION_CONTEXT() REPRESENTATION_CONTEXT('2D SPACE',''
  ) );
#7843 = ADVANCED_FACE('',(#7844),#7832,.T.);
#7844 = FACE_BOUND('',#7845,.F.);
#7845 = EDGE_LOOP('',(#7846,#7847,#7870,#7897));
#7846 = ORIENTED_EDGE('',*,*,#7815,.T.);
#7847 = ORIENTED_EDGE('',*,*,#7848,.T.);
#7848 = EDGE_CURVE('',#7816,#7849,#7851,.T.);
#7849 = VERTEX_POINT('',#7850);
#7850 = CARTESIAN_POINT('',(-4.3,0.7,0.));
#7851 = SEAM_CURVE('',#7852,(#7856,#7863),.PCURVE_S1.);
#7852 = LINE('',#7853,#7854);
#7853 = CARTESIAN_POINT('',(3.6,0.7,0.));
#7854 = VECTOR('',#7855,1.);
#7855 = DIRECTION('',(-1.,0.,0.));
#7856 = PCURVE('',#7832,#7857);
#7857 = DEFINITIONAL_REPRESENTATION('',(#7858),#7862);
#7858 = LINE('',#7859,#7860);
#7859 = CARTESIAN_POINT('',(-0.,0.));
#7860 = VECTOR('',#7861,1.);
#7861 = DIRECTION('',(-0.,1.));
#7862 = ( GEOMETRIC_REPRESENTATION_CONTEXT(2) 
PARAMETRIC_REPRESENTATION_CONTEXT() REPRESENTATION_CONTEXT('2D SPACE',''
  ) );
#7863 = PCURVE('',#7832,#7864);
#7864 = DEFINITIONAL_REPRESENTATION('',(#7865),#7869);
#7865 = LINE('',#7866,#7867);
#7866 = CARTESIAN_POINT('',(-6.28318530718,0.));
#7867 = VECTOR('',#7868,1.);
#7868 = DIRECTION('',(-0.,1.));
#7869 = ( GEOMETRIC_REPRESENTATION_CONTEXT(2) 
PARAMETRIC_REPRESENTATION_CONTEXT() REPRESENTATION_CONTEXT('2D SPACE',''
  ) );
#7870 = ORIENTED_EDGE('',*,*,#7871,.F.);
#7871 = EDGE_CURVE('',#7849,#7849,#7872,.T.);
#7872 = SURFACE_CURVE('',#7873,(#7878,#7885),.PCURVE_S1.);
#7873 = CIRCLE('',#7874,0.7);
#7874 = AXIS2_PLACEMENT_3D('',#7875,#7876,#7877);
#7875 = CARTESIAN_POINT('',(-4.3,0.,0.));
#7876 = DIRECTION('',(1.,0.,0.));
#7877 = DIRECTION('',(0.,1.,0.));
#7878 = PCURVE('',#7832,#7879);
#7879 = DEFINITIONAL_REPRESENTATION('',(#7880),#7884);
#7880 = LINE('',#7881,#7882);
#7881 = CARTESIAN_POINT('',(-0.,7.9));
#7882 = VECTOR('',#7883,1.);
#7883 = DIRECTION('',(-1.,0.));
#7884 = ( GEOMETRIC_REPRESENTATION_CONTEXT(2) 
PARAMETRIC_REPRESENTATION_CONTEXT() REPRESENTATION_CONTEXT('2D SPACE',''
  ) );
#7885 = PCURVE('',#7886,#7891);
#7886 = SPHERICAL_SURFACE('',#7887,0.7);
#7887 = AXIS2_PLACEMENT_3D('',#7888,#7889,#7890);
#7888 = CARTESIAN_POINT('',(-4.3,0.,0.));
#7889 = DIRECTION('',(-1.,-0.,-0.));
#7890 = DIRECTION('',(0.,1.,0.));
#7891 = DEFINITIONAL_REPRESENTATION('',(#7892),#7896);
#7892 = LINE('',#7893,#7894);
#7893 = CARTESIAN_POINT('',(-0.,0.));
#7894 = VECTOR('',#7895,1.);
#7895 = DIRECTION('',(-1.,0.));
#7896 = ( GEOMETRIC_REPRESENTATION_CONTEXT(2) 
PARAMETRIC_REPRESENTATION_CONTEXT() REPRESENTATION_CONTEXT('2D SPACE',''
  ) );
#7897 = ORIENTED_EDGE('',*,*,#7848,.F.);
#7898 = ADVANCED_FACE('',(#7899),#7886,.T.);
#7899 = FACE_BOUND('',#7900,.F.);
#7900 = EDGE_LOOP('',(#7901,#7902,#7926));
#7901 = ORIENTED_EDGE('',*,*,#7871,.T.);
#7902 = ORIENTED_EDGE('',*,*,#7903,.T.);
#7903 = EDGE_CURVE('',#7849,#7904,#7906,.T.);
#7904 = VERTEX_POINT('',#7905);
#7905 = CARTESIAN_POINT('',(-5.,0.,0.));
#7906 = SEAM_CURVE('',#7907,(#7912,#7919),.PCURVE_S1.);
#7907 = CIRCLE('',#7908,0.7);
#7908 = AXIS2_PLACEMENT_3D('',#7909,#7910,#7911);
#7909 = CARTESIAN_POINT('',(-4.3,0.,0.));
#7910 = DIRECTION('',(0.,0.,1.));
#7911 = DIRECTION('',(1.,0.,0.));
#7912 = PCURVE('',#7886,#7913);
#7913 = DEFINITIONAL_REPRESENTATION('',(#7914),#7918);
#7914 = LINE('',#7915,#7916);
#7915 = CARTESIAN_POINT('',(-0.,-1.570796326795));
#7916 = VECTOR('',#7917,1.);
#7917 = DIRECTION('',(-0.,1.));
#7918 = ( GEOMETRIC_REPRESENTATION_CONTEXT(2) 
PARAMETRIC_REPRESENTATION_CONTEXT() REPRESENTATION_CONTEXT('2D SPACE',''
  ) );
#7919 = PCURVE('',#7886,#7920);
#7920 = DEFINITIONAL_REPRESENTATION('',(#7921),#7925);
#7921 = LINE('',#7922,#7923);
#7922 = CARTESIAN_POINT('',(-6.28318530718,-1.570796326795));
#7923 = VECTOR('',#7924,1.);
#7924 = DIRECTION('',(-0.,1.));
#7925 = ( GEOMETRIC_REPRESENTATION_CONTEXT(2) 
PARAMETRIC_REPRESENTATION_CONTEXT() REPRESENTATION_CONTEXT('2D SPACE',''
  ) );
#7926 = ORIENTED_EDGE('',*,*,#7903,.F.);
#7927 = ( GEOMETRIC_REPRESENTATION_CONTEXT(3) 
GLOBAL_UNCERTAINTY_ASSIGNED_CONTEXT((#7931)) 
GLOBAL_UNIT_ASSIGNED_CONTEXT((#7928,#7929,#7930)) REPRESENTATION_CONTEXT
('Context #1','3D Context with UNIT and UNCERTAINTY') );
#7928 = ( LENGTH_UNIT() NAMED_UNIT(*) SI_UNIT(.MILLI.,.METRE.) );
#7929 = ( NAMED_UNIT(*) PLANE_ANGLE_UNIT() SI_UNIT($,.RADIAN.) );
#7930 = ( NAMED_UNIT(*) SI_UNIT($,.STERADIAN.) SOLID_ANGLE_UNIT() );
#7931 = UNCERTAINTY_MEASURE_WITH_UNIT(LENGTH_MEASURE(1.E-07),#7928,
  'distance_accuracy_value','confusion accuracy');
#7932 = CONTEXT_DEPENDENT_SHAPE_REPRESENTATION(#7933,#7935);
#7933 = ( REPRESENTATION_RELATIONSHIP('','',#6693,#10) 
REPRESENTATION_RELATIONSHIP_WITH_TRANSFORMATION(#7934) 
SHAPE_REPRESENTATION_RELATIONSHIP() );
#7934 = ITEM_DEFINED_TRANSFORMATION('','',#11,#35);
#7935 = PRODUCT_DEFINITION_SHAPE('Placement','Placement of an item',
  #7936);
#7936 = NEXT_ASSEMBLY_USAGE_OCCURRENCE('87','Body005','',#5,#6688,$);
#7937 = PRODUCT_RELATED_PRODUCT_CATEGORY('part',$,(#6690));
#7938 = MECHANICAL_DESIGN_GEOMETRIC_PRESENTATION_REPRESENTATION('',(
    #7939),#2715);
#7939 = STYLED_ITEM('color',(#7940),#53);
#7940 = PRESENTATION_STYLE_ASSIGNMENT((#7941,#7947));
#7941 = SURFACE_STYLE_USAGE(.BOTH.,#7942);
#7942 = SURFACE_SIDE_STYLE('',(#7943));
#7943 = SURFACE_STYLE_FILL_AREA(#7944);
#7944 = FILL_AREA_STYLE('',(#7945));
#7945 = FILL_AREA_STYLE_COLOUR('',#7946);
#7946 = COLOUR_RGB('',0.827450977613,0.827450977613,0.827450977613);
#7947 = CURVE_STYLE('',#7948,POSITIVE_LENGTH_MEASURE(0.1),#7949);
#7948 = DRAUGHTING_PRE_DEFINED_CURVE_FONT('continuous');
#7949 = COLOUR_RGB('',9.803921802644E-02,9.803921802644E-02,
  9.803921802644E-02);
#7950 = MECHANICAL_DESIGN_GEOMETRIC_PRESENTATION_REPRESENTATION('',(
    #7951),#5364);
#7951 = STYLED_ITEM('color',(#7952),#5348);
#7952 = PRESENTATION_STYLE_ASSIGNMENT((#7953,#7959));
#7953 = SURFACE_STYLE_USAGE(.BOTH.,#7954);
#7954 = SURFACE_SIDE_STYLE('',(#7955));
#7955 = SURFACE_STYLE_FILL_AREA(#7956);
#7956 = FILL_AREA_STYLE('',(#7957));
#7957 = FILL_AREA_STYLE_COLOUR('',#7958);
#7958 = COLOUR_RGB('',0.227450982423,0.227450982423,0.227450982423);
#7959 = CURVE_STYLE('',#7960,POSITIVE_LENGTH_MEASURE(0.1),#7949);
#7960 = DRAUGHTING_PRE_DEFINED_CURVE_FONT('continuous');
#7961 = MECHANICAL_DESIGN_GEOMETRIC_PRESENTATION_REPRESENTATION('',(
    #7962),#6655);
#7962 = STYLED_ITEM('color',(#7963),#5422);
#7963 = PRESENTATION_STYLE_ASSIGNMENT((#7964,#7969));
#7964 = SURFACE_STYLE_USAGE(.BOTH.,#7965);
#7965 = SURFACE_SIDE_STYLE('',(#7966));
#7966 = SURFACE_STYLE_FILL_AREA(#7967);
#7967 = FILL_AREA_STYLE('',(#7968));
#7968 = FILL_AREA_STYLE_COLOUR('',#7946);
#7969 = CURVE_STYLE('',#7970,POSITIVE_LENGTH_MEASURE(0.1),#7949);
#7970 = DRAUGHTING_PRE_DEFINED_CURVE_FONT('continuous');
#7971 = MECHANICAL_DESIGN_GEOMETRIC_PRESENTATION_REPRESENTATION('',(
    #7972),#5329);
#7972 = STYLED_ITEM('color',(#7973),#4323);
#7973 = PRESENTATION_STYLE_ASSIGNMENT((#7974,#7979));
#7974 = SURFACE_STYLE_USAGE(.BOTH.,#7975);
#7975 = SURFACE_SIDE_STYLE('',(#7976));
#7976 = SURFACE_STYLE_FILL_AREA(#7977);
#7977 = FILL_AREA_STYLE('',(#7978));
#7978 = FILL_AREA_STYLE_COLOUR('',#7958);
#7979 = CURVE_STYLE('',#7980,POSITIVE_LENGTH_MEASURE(0.1),#7949);
#7980 = DRAUGHTING_PRE_DEFINED_CURVE_FONT('continuous');
#7981 = MECHANICAL_DESIGN_GEOMETRIC_PRESENTATION_REPRESENTATION('',(
    #7982),#7927);
#7982 = STYLED_ITEM('color',(#7983),#6694);
#7983 = PRESENTATION_STYLE_ASSIGNMENT((#7984,#7989));
#7984 = SURFACE_STYLE_USAGE(.BOTH.,#7985);
#7985 = SURFACE_SIDE_STYLE('',(#7986));
#7986 = SURFACE_STYLE_FILL_AREA(#7987);
#7987 = FILL_AREA_STYLE('',(#7988));
#7988 = FILL_AREA_STYLE_COLOUR('',#7946);
#7989 = CURVE_STYLE('',#7990,POSITIVE_LENGTH_MEASURE(0.1),#7949);
#7990 = DRAUGHTING_PRE_DEFINED_CURVE_FONT('continuous');
#7991 = MECHANICAL_DESIGN_GEOMETRIC_PRESENTATION_REPRESENTATION('',(
    #7992),#4304);
#7992 = STYLED_ITEM('color',(#7993),#2734);
#7993 = PRESENTATION_STYLE_ASSIGNMENT((#7994,#7999));
#7994 = SURFACE_STYLE_USAGE(.BOTH.,#7995);
#7995 = SURFACE_SIDE_STYLE('',(#7996));
#7996 = SURFACE_STYLE_FILL_AREA(#7997);
#7997 = FILL_AREA_STYLE('',(#7998));
#7998 = FILL_AREA_STYLE_COLOUR('',#7946);
#7999 = CURVE_STYLE('',#8000,POSITIVE_LENGTH_MEASURE(0.1),#7949);
#8000 = DRAUGHTING_PRE_DEFINED_CURVE_FONT('continuous');
ENDSEC;
END-ISO-10303-21;
