ISO-10303-21;
HEADER;
FILE_DESCRIPTION(('FreeCAD Model'),'2;1');
FILE_NAME('Open CASCADE Shape Model','2024-07-20T19:54:35',(''),(''),
  'Open CASCADE STEP processor 7.6','FreeCAD','Unknown');
FILE_SCHEMA((
'AP242_MANAGED_MODEL_BASED_3D_ENGINEERING_MIM_LF. {1 0 10303 442 1 1 4 
}'));
ENDSEC;
DATA;
#1 = APPLICATION_PROTOCOL_DEFINITION('international standard',
  'ap242_managed_model_based_3d_engineering',2013,#2);
#2 = APPLICATION_CONTEXT('Managed model based 3d engineering');
#3 = SHAPE_DEFINITION_REPRESENTATION(#4,#10);
#4 = PRODUCT_DEFINITION_SHAPE('','',#5);
#5 = PRODUCT_DEFINITION('design','',#6,#9);
#6 = PRODUCT_DEFINITION_FORMATION('','',#7);
#7 = PRODUCT('GX12_7_Jack','GX12_7_Jack','',(#8));
#8 = PRODUCT_CONTEXT('',#2,'mechanical');
#9 = PRODUCT_DEFINITION_CONTEXT('part definition',#2,'design');
#10 = SHAPE_REPRESENTATION('',(#11,#15,#19,#23,#27,#31,#35),#39);
#11 = AXIS2_PLACEMENT_3D('',#12,#13,#14);
#12 = CARTESIAN_POINT('',(0.,0.,0.));
#13 = DIRECTION('',(0.,0.,1.));
#14 = DIRECTION('',(1.,0.,-0.));
#15 = AXIS2_PLACEMENT_3D('',#16,#17,#18);
#16 = CARTESIAN_POINT('',(0.,0.,0.));
#17 = DIRECTION('',(0.,0.,1.));
#18 = DIRECTION('',(1.,0.,0.));
#19 = AXIS2_PLACEMENT_3D('',#20,#21,#22);
#20 = CARTESIAN_POINT('',(3.,0.,0.));
#21 = DIRECTION('',(0.,0.,1.));
#22 = DIRECTION('',(1.,0.,0.));
#23 = AXIS2_PLACEMENT_3D('',#24,#25,#26);
#24 = CARTESIAN_POINT('',(0.,0.,0.));
#25 = DIRECTION('',(0.,0.,1.));
#26 = DIRECTION('',(1.,0.,0.));
#27 = AXIS2_PLACEMENT_3D('',#28,#29,#30);
#28 = CARTESIAN_POINT('',(0.,0.,0.));
#29 = DIRECTION('',(0.,0.,1.));
#30 = DIRECTION('',(1.,0.,0.));
#31 = AXIS2_PLACEMENT_3D('',#32,#33,#34);
#32 = CARTESIAN_POINT('',(0.,0.,0.));
#33 = DIRECTION('',(-0.,0.50000005349,0.866025372902));
#34 = DIRECTION('',(1.,0.,0.));
#35 = AXIS2_PLACEMENT_3D('',#36,#37,#38);
#36 = CARTESIAN_POINT('',(0.,0.,0.));
#37 = DIRECTION('',(0.,0.,1.));
#38 = DIRECTION('',(1.,0.,0.));
#39 = ( GEOMETRIC_REPRESENTATION_CONTEXT(3) 
GLOBAL_UNCERTAINTY_ASSIGNED_CONTEXT((#43)) GLOBAL_UNIT_ASSIGNED_CONTEXT(
(#40,#41,#42)) REPRESENTATION_CONTEXT('Context #1',
  '3D Context with UNIT and UNCERTAINTY') );
#40 = ( LENGTH_UNIT() NAMED_UNIT(*) SI_UNIT(.MILLI.,.METRE.) );
#41 = ( NAMED_UNIT(*) PLANE_ANGLE_UNIT() SI_UNIT($,.RADIAN.) );
#42 = ( NAMED_UNIT(*) SI_UNIT($,.STERADIAN.) SOLID_ANGLE_UNIT() );
#43 = UNCERTAINTY_MEASURE_WITH_UNIT(LENGTH_MEASURE(1.E-07),#40,
  'distance_accuracy_value','confusion accuracy');
#44 = PRODUCT_RELATED_PRODUCT_CATEGORY('part',$,(#7));
#45 = SHAPE_DEFINITION_REPRESENTATION(#46,#52);
#46 = PRODUCT_DEFINITION_SHAPE('','',#47);
#47 = PRODUCT_DEFINITION('design','',#48,#51);
#48 = PRODUCT_DEFINITION_FORMATION('','',#49);
#49 = PRODUCT('Body','Body','',(#50));
#50 = PRODUCT_CONTEXT('',#2,'mechanical');
#51 = PRODUCT_DEFINITION_CONTEXT('part definition',#2,'design');
#52 = ADVANCED_BREP_SHAPE_REPRESENTATION('',(#11,#53),#2715);
#53 = MANIFOLD_SOLID_BREP('',#54);
#54 = CLOSED_SHELL('',(#55,#249,#284,#402,#488,#523,#551,#691,#750,#926,
    #1004,#1036,#1091,#1198,#1311,#1361,#1442,#1447,#1482,#1532,#1560,
    #1588,#1723,#1836,#1895,#1982,#2074,#2129,#2184,#2291,#2379,#2462,
    #2490,#2545,#2600,#2628,#2656,#2686));
#55 = ADVANCED_FACE('',(#56),#71,.F.);
#56 = FACE_BOUND('',#57,.F.);
#57 = EDGE_LOOP('',(#58,#94,#123,#147,#170,#197,#198,#227));
#58 = ORIENTED_EDGE('',*,*,#59,.F.);
#59 = EDGE_CURVE('',#60,#62,#64,.T.);
#60 = VERTEX_POINT('',#61);
#61 = CARTESIAN_POINT('',(-6.15,-4.623670212766,0.494139417149));
#62 = VERTEX_POINT('',#63);
#63 = CARTESIAN_POINT('',(-6.15,-4.623670212766,-0.494139417149));
#64 = SURFACE_CURVE('',#65,(#70,#82),.PCURVE_S1.);
#65 = CIRCLE('',#66,4.65);
#66 = AXIS2_PLACEMENT_3D('',#67,#68,#69);
#67 = CARTESIAN_POINT('',(-6.15,0.,0.));
#68 = DIRECTION('',(1.,0.,0.));
#69 = DIRECTION('',(0.,1.,0.));
#70 = PCURVE('',#71,#76);
#71 = CONICAL_SURFACE('',#72,4.65,0.785398163397);
#72 = AXIS2_PLACEMENT_3D('',#73,#74,#75);
#73 = CARTESIAN_POINT('',(-6.15,0.,0.));
#74 = DIRECTION('',(-1.,-0.,-0.));
#75 = DIRECTION('',(0.,1.,0.));
#76 = DEFINITIONAL_REPRESENTATION('',(#77),#81);
#77 = LINE('',#78,#79);
#78 = CARTESIAN_POINT('',(-0.,-0.));
#79 = VECTOR('',#80,1.);
#80 = DIRECTION('',(-1.,-0.));
#81 = ( GEOMETRIC_REPRESENTATION_CONTEXT(2) 
PARAMETRIC_REPRESENTATION_CONTEXT() REPRESENTATION_CONTEXT('2D SPACE',''
  ) );
#82 = PCURVE('',#83,#88);
#83 = PLANE('',#84);
#84 = AXIS2_PLACEMENT_3D('',#85,#86,#87);
#85 = CARTESIAN_POINT('',(-6.15,-4.440192378865,0.));
#86 = DIRECTION('',(1.,0.,0.));
#87 = DIRECTION('',(0.,0.,1.));
#88 = DEFINITIONAL_REPRESENTATION('',(#89),#93);
#89 = CIRCLE('',#90,4.65);
#90 = AXIS2_PLACEMENT_2D('',#91,#92);
#91 = CARTESIAN_POINT('',(0.,-4.440192378865));
#92 = DIRECTION('',(0.,-1.));
#93 = ( GEOMETRIC_REPRESENTATION_CONTEXT(2) 
PARAMETRIC_REPRESENTATION_CONTEXT() REPRESENTATION_CONTEXT('2D SPACE',''
  ) );
#94 = ORIENTED_EDGE('',*,*,#95,.F.);
#95 = EDGE_CURVE('',#96,#60,#98,.T.);
#96 = VERTEX_POINT('',#97);
#97 = CARTESIAN_POINT('',(-6.15,-4.590425531915,0.741952448573));
#98 = SURFACE_CURVE('',#99,(#104,#111),.PCURVE_S1.);
#99 = CIRCLE('',#100,4.65);
#100 = AXIS2_PLACEMENT_3D('',#101,#102,#103);
#101 = CARTESIAN_POINT('',(-6.15,0.,0.));
#102 = DIRECTION('',(1.,0.,0.));
#103 = DIRECTION('',(-0.,1.,0.));
#104 = PCURVE('',#71,#105);
#105 = DEFINITIONAL_REPRESENTATION('',(#106),#110);
#106 = LINE('',#107,#108);
#107 = CARTESIAN_POINT('',(-0.,-0.));
#108 = VECTOR('',#109,1.);
#109 = DIRECTION('',(-1.,-0.));
#110 = ( GEOMETRIC_REPRESENTATION_CONTEXT(2) 
PARAMETRIC_REPRESENTATION_CONTEXT() REPRESENTATION_CONTEXT('2D SPACE',''
  ) );
#111 = PCURVE('',#112,#117);
#112 = CYLINDRICAL_SURFACE('',#113,4.65);
#113 = AXIS2_PLACEMENT_3D('',#114,#115,#116);
#114 = CARTESIAN_POINT('',(3.6,0.,0.));
#115 = DIRECTION('',(-1.,-0.,-0.));
#116 = DIRECTION('',(0.,1.,0.));
#117 = DEFINITIONAL_REPRESENTATION('',(#118),#122);
#118 = LINE('',#119,#120);
#119 = CARTESIAN_POINT('',(-0.,9.75));
#120 = VECTOR('',#121,1.);
#121 = DIRECTION('',(-1.,0.));
#122 = ( GEOMETRIC_REPRESENTATION_CONTEXT(2) 
PARAMETRIC_REPRESENTATION_CONTEXT() REPRESENTATION_CONTEXT('2D SPACE',''
  ) );
#123 = ORIENTED_EDGE('',*,*,#124,.F.);
#124 = EDGE_CURVE('',#125,#96,#127,.T.);
#125 = VERTEX_POINT('',#126);
#126 = CARTESIAN_POINT('',(-6.15,4.65,0.));
#127 = SURFACE_CURVE('',#128,(#133,#140),.PCURVE_S1.);
#128 = CIRCLE('',#129,4.65);
#129 = AXIS2_PLACEMENT_3D('',#130,#131,#132);
#130 = CARTESIAN_POINT('',(-6.15,0.,0.));
#131 = DIRECTION('',(1.,0.,0.));
#132 = DIRECTION('',(0.,1.,0.));
#133 = PCURVE('',#71,#134);
#134 = DEFINITIONAL_REPRESENTATION('',(#135),#139);
#135 = LINE('',#136,#137);
#136 = CARTESIAN_POINT('',(-0.,-0.));
#137 = VECTOR('',#138,1.);
#138 = DIRECTION('',(-1.,-0.));
#139 = ( GEOMETRIC_REPRESENTATION_CONTEXT(2) 
PARAMETRIC_REPRESENTATION_CONTEXT() REPRESENTATION_CONTEXT('2D SPACE',''
  ) );
#140 = PCURVE('',#112,#141);
#141 = DEFINITIONAL_REPRESENTATION('',(#142),#146);
#142 = LINE('',#143,#144);
#143 = CARTESIAN_POINT('',(-0.,9.75));
#144 = VECTOR('',#145,1.);
#145 = DIRECTION('',(-1.,0.));
#146 = ( GEOMETRIC_REPRESENTATION_CONTEXT(2) 
PARAMETRIC_REPRESENTATION_CONTEXT() REPRESENTATION_CONTEXT('2D SPACE',''
  ) );
#147 = ORIENTED_EDGE('',*,*,#148,.F.);
#148 = EDGE_CURVE('',#149,#125,#151,.T.);
#149 = VERTEX_POINT('',#150);
#150 = CARTESIAN_POINT('',(-6.5,5.,0.));
#151 = SEAM_CURVE('',#152,(#156,#163),.PCURVE_S1.);
#152 = LINE('',#153,#154);
#153 = CARTESIAN_POINT('',(-6.15,4.65,0.));
#154 = VECTOR('',#155,1.);
#155 = DIRECTION('',(0.707106781187,-0.707106781187,0.));
#156 = PCURVE('',#71,#157);
#157 = DEFINITIONAL_REPRESENTATION('',(#158),#162);
#158 = LINE('',#159,#160);
#159 = CARTESIAN_POINT('',(-0.,-0.));
#160 = VECTOR('',#161,1.);
#161 = DIRECTION('',(-0.,-1.));
#162 = ( GEOMETRIC_REPRESENTATION_CONTEXT(2) 
PARAMETRIC_REPRESENTATION_CONTEXT() REPRESENTATION_CONTEXT('2D SPACE',''
  ) );
#163 = PCURVE('',#71,#164);
#164 = DEFINITIONAL_REPRESENTATION('',(#165),#169);
#165 = LINE('',#166,#167);
#166 = CARTESIAN_POINT('',(-6.28318530718,-0.));
#167 = VECTOR('',#168,1.);
#168 = DIRECTION('',(-0.,-1.));
#169 = ( GEOMETRIC_REPRESENTATION_CONTEXT(2) 
PARAMETRIC_REPRESENTATION_CONTEXT() REPRESENTATION_CONTEXT('2D SPACE',''
  ) );
#170 = ORIENTED_EDGE('',*,*,#171,.T.);
#171 = EDGE_CURVE('',#149,#149,#172,.T.);
#172 = SURFACE_CURVE('',#173,(#178,#185),.PCURVE_S1.);
#173 = CIRCLE('',#174,5.);
#174 = AXIS2_PLACEMENT_3D('',#175,#176,#177);
#175 = CARTESIAN_POINT('',(-6.5,0.,0.));
#176 = DIRECTION('',(1.,0.,0.));
#177 = DIRECTION('',(0.,1.,0.));
#178 = PCURVE('',#71,#179);
#179 = DEFINITIONAL_REPRESENTATION('',(#180),#184);
#180 = LINE('',#181,#182);
#181 = CARTESIAN_POINT('',(0.,0.35));
#182 = VECTOR('',#183,1.);
#183 = DIRECTION('',(-1.,-0.));
#184 = ( GEOMETRIC_REPRESENTATION_CONTEXT(2) 
PARAMETRIC_REPRESENTATION_CONTEXT() REPRESENTATION_CONTEXT('2D SPACE',''
  ) );
#185 = PCURVE('',#186,#191);
#186 = PLANE('',#187);
#187 = AXIS2_PLACEMENT_3D('',#188,#189,#190);
#188 = CARTESIAN_POINT('',(-6.5,0.,0.));
#189 = DIRECTION('',(1.,0.,0.));
#190 = DIRECTION('',(0.,1.,0.));
#191 = DEFINITIONAL_REPRESENTATION('',(#192),#196);
#192 = CIRCLE('',#193,5.);
#193 = AXIS2_PLACEMENT_2D('',#194,#195);
#194 = CARTESIAN_POINT('',(0.,0.));
#195 = DIRECTION('',(1.,-0.));
#196 = ( GEOMETRIC_REPRESENTATION_CONTEXT(2) 
PARAMETRIC_REPRESENTATION_CONTEXT() REPRESENTATION_CONTEXT('2D SPACE',''
  ) );
#197 = ORIENTED_EDGE('',*,*,#148,.T.);
#198 = ORIENTED_EDGE('',*,*,#199,.F.);
#199 = EDGE_CURVE('',#200,#125,#202,.T.);
#200 = VERTEX_POINT('',#201);
#201 = CARTESIAN_POINT('',(-6.15,-4.590425531915,-0.741952448573));
#202 = SURFACE_CURVE('',#203,(#208,#215),.PCURVE_S1.);
#203 = CIRCLE('',#204,4.65);
#204 = AXIS2_PLACEMENT_3D('',#205,#206,#207);
#205 = CARTESIAN_POINT('',(-6.15,0.,0.));
#206 = DIRECTION('',(1.,0.,0.));
#207 = DIRECTION('',(0.,1.,0.));
#208 = PCURVE('',#71,#209);
#209 = DEFINITIONAL_REPRESENTATION('',(#210),#214);
#210 = LINE('',#211,#212);
#211 = CARTESIAN_POINT('',(-0.,-0.));
#212 = VECTOR('',#213,1.);
#213 = DIRECTION('',(-1.,-0.));
#214 = ( GEOMETRIC_REPRESENTATION_CONTEXT(2) 
PARAMETRIC_REPRESENTATION_CONTEXT() REPRESENTATION_CONTEXT('2D SPACE',''
  ) );
#215 = PCURVE('',#216,#221);
#216 = CYLINDRICAL_SURFACE('',#217,4.65);
#217 = AXIS2_PLACEMENT_3D('',#218,#219,#220);
#218 = CARTESIAN_POINT('',(3.6,0.,0.));
#219 = DIRECTION('',(-1.,-0.,-0.));
#220 = DIRECTION('',(0.,1.,0.));
#221 = DEFINITIONAL_REPRESENTATION('',(#222),#226);
#222 = LINE('',#223,#224);
#223 = CARTESIAN_POINT('',(-0.,9.75));
#224 = VECTOR('',#225,1.);
#225 = DIRECTION('',(-1.,0.));
#226 = ( GEOMETRIC_REPRESENTATION_CONTEXT(2) 
PARAMETRIC_REPRESENTATION_CONTEXT() REPRESENTATION_CONTEXT('2D SPACE',''
  ) );
#227 = ORIENTED_EDGE('',*,*,#228,.F.);
#228 = EDGE_CURVE('',#62,#200,#229,.T.);
#229 = SURFACE_CURVE('',#230,(#235,#242),.PCURVE_S1.);
#230 = CIRCLE('',#231,4.65);
#231 = AXIS2_PLACEMENT_3D('',#232,#233,#234);
#232 = CARTESIAN_POINT('',(-6.15,0.,0.));
#233 = DIRECTION('',(1.,0.,0.));
#234 = DIRECTION('',(-0.,1.,0.));
#235 = PCURVE('',#71,#236);
#236 = DEFINITIONAL_REPRESENTATION('',(#237),#241);
#237 = LINE('',#238,#239);
#238 = CARTESIAN_POINT('',(-0.,-0.));
#239 = VECTOR('',#240,1.);
#240 = DIRECTION('',(-1.,-0.));
#241 = ( GEOMETRIC_REPRESENTATION_CONTEXT(2) 
PARAMETRIC_REPRESENTATION_CONTEXT() REPRESENTATION_CONTEXT('2D SPACE',''
  ) );
#242 = PCURVE('',#216,#243);
#243 = DEFINITIONAL_REPRESENTATION('',(#244),#248);
#244 = LINE('',#245,#246);
#245 = CARTESIAN_POINT('',(-0.,9.75));
#246 = VECTOR('',#247,1.);
#247 = DIRECTION('',(-1.,0.));
#248 = ( GEOMETRIC_REPRESENTATION_CONTEXT(2) 
PARAMETRIC_REPRESENTATION_CONTEXT() REPRESENTATION_CONTEXT('2D SPACE',''
  ) );
#249 = ADVANCED_FACE('',(#250),#83,.F.);
#250 = FACE_BOUND('',#251,.F.);
#251 = EDGE_LOOP('',(#252,#253));
#252 = ORIENTED_EDGE('',*,*,#59,.T.);
#253 = ORIENTED_EDGE('',*,*,#254,.F.);
#254 = EDGE_CURVE('',#60,#62,#255,.T.);
#255 = SURFACE_CURVE('',#256,(#261,#272),.PCURVE_S1.);
#256 = CIRCLE('',#257,0.5);
#257 = AXIS2_PLACEMENT_3D('',#258,#259,#260);
#258 = CARTESIAN_POINT('',(-6.15,-4.7,0.));
#259 = DIRECTION('',(-1.,0.,0.));
#260 = DIRECTION('',(0.,0.14609929078,0.989269931431));
#261 = PCURVE('',#83,#262);
#262 = DEFINITIONAL_REPRESENTATION('',(#263),#271);
#263 = ( BOUNDED_CURVE() B_SPLINE_CURVE(2,(#264,#265,#266,#267,#268,#269
,#270),.UNSPECIFIED.,.T.,.F.) B_SPLINE_CURVE_WITH_KNOTS((1,2,2,2,2,1),(
    -2.094395102393,0.,2.094395102393,4.188790204786,6.28318530718,
8.377580409573),.UNSPECIFIED.) CURVE() GEOMETRIC_REPRESENTATION_ITEM() 
RATIONAL_B_SPLINE_CURVE((1.,0.5,1.,0.5,1.,0.5,1.)) REPRESENTATION_ITEM(
  '') );
#264 = CARTESIAN_POINT('',(0.494634965716,0.186757975745));
#265 = CARTESIAN_POINT('',(0.368109268425,-0.669974916074));
#266 = CARTESIAN_POINT('',(-0.310580331503,-0.132034002079));
#267 = CARTESIAN_POINT('',(-0.989269931431,0.405906911915));
#268 = CARTESIAN_POINT('',(-0.184054634213,0.72469888974));
#269 = CARTESIAN_POINT('',(0.621160663006,1.043490867565));
#270 = CARTESIAN_POINT('',(0.494634965716,0.186757975745));
#271 = ( GEOMETRIC_REPRESENTATION_CONTEXT(2) 
PARAMETRIC_REPRESENTATION_CONTEXT() REPRESENTATION_CONTEXT('2D SPACE',''
  ) );
#272 = PCURVE('',#273,#278);
#273 = CONICAL_SURFACE('',#274,0.75,0.785398163397);
#274 = AXIS2_PLACEMENT_3D('',#275,#276,#277);
#275 = CARTESIAN_POINT('',(-5.9,-4.7,0.));
#276 = DIRECTION('',(1.,0.,0.));
#277 = DIRECTION('',(-0.,0.14609929078,0.989269931431));
#278 = DEFINITIONAL_REPRESENTATION('',(#279),#283);
#279 = LINE('',#280,#281);
#280 = CARTESIAN_POINT('',(-0.,-0.25));
#281 = VECTOR('',#282,1.);
#282 = DIRECTION('',(-1.,0.));
#283 = ( GEOMETRIC_REPRESENTATION_CONTEXT(2) 
PARAMETRIC_REPRESENTATION_CONTEXT() REPRESENTATION_CONTEXT('2D SPACE',''
  ) );
#284 = ADVANCED_FACE('',(#285),#112,.F.);
#285 = FACE_BOUND('',#286,.T.);
#286 = EDGE_LOOP('',(#287,#317,#350,#351,#352,#375));
#287 = ORIENTED_EDGE('',*,*,#288,.T.);
#288 = EDGE_CURVE('',#289,#291,#293,.T.);
#289 = VERTEX_POINT('',#290);
#290 = CARTESIAN_POINT('',(3.6,-4.590425531915,0.741952448573));
#291 = VERTEX_POINT('',#292);
#292 = CARTESIAN_POINT('',(-5.9,-4.590425531915,0.741952448573));
#293 = SURFACE_CURVE('',#294,(#298,#305),.PCURVE_S1.);
#294 = LINE('',#295,#296);
#295 = CARTESIAN_POINT('',(3.6,-4.590425531915,0.741952448573));
#296 = VECTOR('',#297,1.);
#297 = DIRECTION('',(-1.,-0.,-0.));
#298 = PCURVE('',#112,#299);
#299 = DEFINITIONAL_REPRESENTATION('',(#300),#304);
#300 = LINE('',#301,#302);
#301 = CARTESIAN_POINT('',(-2.981348065016,0.));
#302 = VECTOR('',#303,1.);
#303 = DIRECTION('',(-0.,1.));
#304 = ( GEOMETRIC_REPRESENTATION_CONTEXT(2) 
PARAMETRIC_REPRESENTATION_CONTEXT() REPRESENTATION_CONTEXT('2D SPACE',''
  ) );
#305 = PCURVE('',#306,#311);
#306 = CYLINDRICAL_SURFACE('',#307,0.75);
#307 = AXIS2_PLACEMENT_3D('',#308,#309,#310);
#308 = CARTESIAN_POINT('',(-6.15,-4.7,0.));
#309 = DIRECTION('',(-1.,0.,0.));
#310 = DIRECTION('',(0.,-1.,0.));
#311 = DEFINITIONAL_REPRESENTATION('',(#312),#316);
#312 = LINE('',#313,#314);
#313 = CARTESIAN_POINT('',(1.717420422548,-9.75));
#314 = VECTOR('',#315,1.);
#315 = DIRECTION('',(0.,1.));
#316 = ( GEOMETRIC_REPRESENTATION_CONTEXT(2) 
PARAMETRIC_REPRESENTATION_CONTEXT() REPRESENTATION_CONTEXT('2D SPACE',''
  ) );
#317 = ORIENTED_EDGE('',*,*,#318,.F.);
#318 = EDGE_CURVE('',#60,#291,#319,.T.);
#319 = SURFACE_CURVE('',#320,(#328,#339),.PCURVE_S1.);
#320 = B_SPLINE_CURVE_WITH_KNOTS('',6,(#321,#322,#323,#324,#325,#326,
    #327),.UNSPECIFIED.,.F.,.F.,(7,7),(0.,1.),.PIECEWISE_BEZIER_KNOTS.);
#321 = CARTESIAN_POINT('',(-6.15,-4.623670212766,0.494139417149));
#322 = CARTESIAN_POINT('',(-6.108369193744,-4.61924140359,0.535579853502
    ));
#323 = CARTESIAN_POINT('',(-6.066704133272,-4.614366448893,0.57697683347
    ));
#324 = CARTESIAN_POINT('',(-6.025027158418,-4.609046371767,
    0.618319109427));
#325 = CARTESIAN_POINT('',(-5.983349329705,-4.603282522902,
    0.659597304394));
#326 = CARTESIAN_POINT('',(-5.941674815198,-4.597075768383,
    0.700807742692));
#327 = CARTESIAN_POINT('',(-5.9,-4.590425531915,0.741952448573));
#328 = PCURVE('',#112,#329);
#329 = DEFINITIONAL_REPRESENTATION('',(#330),#338);
#330 = B_SPLINE_CURVE_WITH_KNOTS('',6,(#331,#332,#333,#334,#335,#336,
    #337),.UNSPECIFIED.,.F.,.F.,(7,7),(0.,1.),.PIECEWISE_BEZIER_KNOTS.);
#331 = CARTESIAN_POINT('',(-3.035125085167,9.75));
#332 = CARTESIAN_POINT('',(-3.026162413859,9.708369193744));
#333 = CARTESIAN_POINT('',(-3.017198839301,9.666704133272));
#334 = CARTESIAN_POINT('',(-3.008235494226,9.625027158418));
#335 = CARTESIAN_POINT('',(-2.999273116841,9.583349329706));
#336 = CARTESIAN_POINT('',(-2.990311222265,9.541674815198));
#337 = CARTESIAN_POINT('',(-2.981348065016,9.5));
#338 = ( GEOMETRIC_REPRESENTATION_CONTEXT(2) 
PARAMETRIC_REPRESENTATION_CONTEXT() REPRESENTATION_CONTEXT('2D SPACE',''
  ) );
#339 = PCURVE('',#273,#340);
#340 = DEFINITIONAL_REPRESENTATION('',(#341),#349);
#341 = B_SPLINE_CURVE_WITH_KNOTS('',6,(#342,#343,#344,#345,#346,#347,
    #348),.UNSPECIFIED.,.F.,.F.,(7,7),(0.,1.),.PIECEWISE_BEZIER_KNOTS.);
#342 = CARTESIAN_POINT('',(-6.634738658729E-03,-0.25));
#343 = CARTESIAN_POINT('',(-2.735976639853E-03,-0.208369193744));
#344 = CARTESIAN_POINT('',(-5.1032213584E-04,-0.166704133272));
#345 = CARTESIAN_POINT('',(6.590929369619E-04,-0.125027158418));
#346 = CARTESIAN_POINT('',(1.016166974389E-03,-8.334932970554E-02));
#347 = CARTESIAN_POINT('',(7.568888343421E-04,-4.167481519757E-02));
#348 = CARTESIAN_POINT('',(-1.78E-15,3.768879143724E-15));
#349 = ( GEOMETRIC_REPRESENTATION_CONTEXT(2) 
PARAMETRIC_REPRESENTATION_CONTEXT() REPRESENTATION_CONTEXT('2D SPACE',''
  ) );
#350 = ORIENTED_EDGE('',*,*,#95,.F.);
#351 = ORIENTED_EDGE('',*,*,#124,.F.);
#352 = ORIENTED_EDGE('',*,*,#353,.F.);
#353 = EDGE_CURVE('',#354,#125,#356,.T.);
#354 = VERTEX_POINT('',#355);
#355 = CARTESIAN_POINT('',(3.6,4.65,0.));
#356 = SURFACE_CURVE('',#357,(#361,#368),.PCURVE_S1.);
#357 = LINE('',#358,#359);
#358 = CARTESIAN_POINT('',(3.6,4.65,0.));
#359 = VECTOR('',#360,1.);
#360 = DIRECTION('',(-1.,0.,0.));
#361 = PCURVE('',#112,#362);
#362 = DEFINITIONAL_REPRESENTATION('',(#363),#367);
#363 = LINE('',#364,#365);
#364 = CARTESIAN_POINT('',(-0.,0.));
#365 = VECTOR('',#366,1.);
#366 = DIRECTION('',(-0.,1.));
#367 = ( GEOMETRIC_REPRESENTATION_CONTEXT(2) 
PARAMETRIC_REPRESENTATION_CONTEXT() REPRESENTATION_CONTEXT('2D SPACE',''
  ) );
#368 = PCURVE('',#216,#369);
#369 = DEFINITIONAL_REPRESENTATION('',(#370),#374);
#370 = LINE('',#371,#372);
#371 = CARTESIAN_POINT('',(-6.28318530718,0.));
#372 = VECTOR('',#373,1.);
#373 = DIRECTION('',(-0.,1.));
#374 = ( GEOMETRIC_REPRESENTATION_CONTEXT(2) 
PARAMETRIC_REPRESENTATION_CONTEXT() REPRESENTATION_CONTEXT('2D SPACE',''
  ) );
#375 = ORIENTED_EDGE('',*,*,#376,.T.);
#376 = EDGE_CURVE('',#354,#289,#377,.T.);
#377 = SURFACE_CURVE('',#378,(#383,#390),.PCURVE_S1.);
#378 = CIRCLE('',#379,4.65);
#379 = AXIS2_PLACEMENT_3D('',#380,#381,#382);
#380 = CARTESIAN_POINT('',(3.6,0.,0.));
#381 = DIRECTION('',(1.,0.,0.));
#382 = DIRECTION('',(0.,1.,0.));
#383 = PCURVE('',#112,#384);
#384 = DEFINITIONAL_REPRESENTATION('',(#385),#389);
#385 = LINE('',#386,#387);
#386 = CARTESIAN_POINT('',(-0.,0.));
#387 = VECTOR('',#388,1.);
#388 = DIRECTION('',(-1.,0.));
#389 = ( GEOMETRIC_REPRESENTATION_CONTEXT(2) 
PARAMETRIC_REPRESENTATION_CONTEXT() REPRESENTATION_CONTEXT('2D SPACE',''
  ) );
#390 = PCURVE('',#391,#396);
#391 = PLANE('',#392);
#392 = AXIS2_PLACEMENT_3D('',#393,#394,#395);
#393 = CARTESIAN_POINT('',(3.6,0.,0.));
#394 = DIRECTION('',(1.,0.,0.));
#395 = DIRECTION('',(0.,1.,0.));
#396 = DEFINITIONAL_REPRESENTATION('',(#397),#401);
#397 = CIRCLE('',#398,4.65);
#398 = AXIS2_PLACEMENT_2D('',#399,#400);
#399 = CARTESIAN_POINT('',(0.,0.));
#400 = DIRECTION('',(1.,0.));
#401 = ( GEOMETRIC_REPRESENTATION_CONTEXT(2) 
PARAMETRIC_REPRESENTATION_CONTEXT() REPRESENTATION_CONTEXT('2D SPACE',''
  ) );
#402 = ADVANCED_FACE('',(#403),#216,.F.);
#403 = FACE_BOUND('',#404,.T.);
#404 = EDGE_LOOP('',(#405,#430,#452,#453,#454,#455));
#405 = ORIENTED_EDGE('',*,*,#406,.F.);
#406 = EDGE_CURVE('',#407,#409,#411,.T.);
#407 = VERTEX_POINT('',#408);
#408 = CARTESIAN_POINT('',(3.6,-4.590425531915,-0.741952448573));
#409 = VERTEX_POINT('',#410);
#410 = CARTESIAN_POINT('',(-5.9,-4.590425531915,-0.741952448573));
#411 = SURFACE_CURVE('',#412,(#416,#423),.PCURVE_S1.);
#412 = LINE('',#413,#414);
#413 = CARTESIAN_POINT('',(3.6,-4.590425531915,-0.741952448573));
#414 = VECTOR('',#415,1.);
#415 = DIRECTION('',(-1.,-0.,-0.));
#416 = PCURVE('',#216,#417);
#417 = DEFINITIONAL_REPRESENTATION('',(#418),#422);
#418 = LINE('',#419,#420);
#419 = CARTESIAN_POINT('',(-3.301837242164,0.));
#420 = VECTOR('',#421,1.);
#421 = DIRECTION('',(-0.,1.));
#422 = ( GEOMETRIC_REPRESENTATION_CONTEXT(2) 
PARAMETRIC_REPRESENTATION_CONTEXT() REPRESENTATION_CONTEXT('2D SPACE',''
  ) );
#423 = PCURVE('',#306,#424);
#424 = DEFINITIONAL_REPRESENTATION('',(#425),#429);
#425 = LINE('',#426,#427);
#426 = CARTESIAN_POINT('',(4.565764884632,-9.75));
#427 = VECTOR('',#428,1.);
#428 = DIRECTION('',(0.,1.));
#429 = ( GEOMETRIC_REPRESENTATION_CONTEXT(2) 
PARAMETRIC_REPRESENTATION_CONTEXT() REPRESENTATION_CONTEXT('2D SPACE',''
  ) );
#430 = ORIENTED_EDGE('',*,*,#431,.T.);
#431 = EDGE_CURVE('',#407,#354,#432,.T.);
#432 = SURFACE_CURVE('',#433,(#438,#445),.PCURVE_S1.);
#433 = CIRCLE('',#434,4.65);
#434 = AXIS2_PLACEMENT_3D('',#435,#436,#437);
#435 = CARTESIAN_POINT('',(3.6,0.,0.));
#436 = DIRECTION('',(1.,0.,0.));
#437 = DIRECTION('',(0.,1.,0.));
#438 = PCURVE('',#216,#439);
#439 = DEFINITIONAL_REPRESENTATION('',(#440),#444);
#440 = LINE('',#441,#442);
#441 = CARTESIAN_POINT('',(-0.,0.));
#442 = VECTOR('',#443,1.);
#443 = DIRECTION('',(-1.,0.));
#444 = ( GEOMETRIC_REPRESENTATION_CONTEXT(2) 
PARAMETRIC_REPRESENTATION_CONTEXT() REPRESENTATION_CONTEXT('2D SPACE',''
  ) );
#445 = PCURVE('',#391,#446);
#446 = DEFINITIONAL_REPRESENTATION('',(#447),#451);
#447 = CIRCLE('',#448,4.65);
#448 = AXIS2_PLACEMENT_2D('',#449,#450);
#449 = CARTESIAN_POINT('',(0.,0.));
#450 = DIRECTION('',(1.,0.));
#451 = ( GEOMETRIC_REPRESENTATION_CONTEXT(2) 
PARAMETRIC_REPRESENTATION_CONTEXT() REPRESENTATION_CONTEXT('2D SPACE',''
  ) );
#452 = ORIENTED_EDGE('',*,*,#353,.T.);
#453 = ORIENTED_EDGE('',*,*,#199,.F.);
#454 = ORIENTED_EDGE('',*,*,#228,.F.);
#455 = ORIENTED_EDGE('',*,*,#456,.T.);
#456 = EDGE_CURVE('',#62,#409,#457,.T.);
#457 = SURFACE_CURVE('',#458,(#466,#477),.PCURVE_S1.);
#458 = B_SPLINE_CURVE_WITH_KNOTS('',6,(#459,#460,#461,#462,#463,#464,
    #465),.UNSPECIFIED.,.F.,.F.,(7,7),(0.,1.),.PIECEWISE_BEZIER_KNOTS.);
#459 = CARTESIAN_POINT('',(-6.15,-4.623670212766,-0.494139417149));
#460 = CARTESIAN_POINT('',(-6.108369193629,-4.619241403578,
    -0.535579853617));
#461 = CARTESIAN_POINT('',(-6.066704133862,-4.614366448953,
    -0.576976832882));
#462 = CARTESIAN_POINT('',(-6.025027159566,-4.609046371915,
    -0.618319108289));
#463 = CARTESIAN_POINT('',(-5.983349330632,-4.603282523047,
    -0.659597303479));
#464 = CARTESIAN_POINT('',(-5.941674815368,-4.59707576841,
    -0.700807742523));
#465 = CARTESIAN_POINT('',(-5.9,-4.590425531915,-0.741952448573));
#466 = PCURVE('',#216,#467);
#467 = DEFINITIONAL_REPRESENTATION('',(#468),#476);
#468 = B_SPLINE_CURVE_WITH_KNOTS('',6,(#469,#470,#471,#472,#473,#474,
    #475),.UNSPECIFIED.,.F.,.F.,(7,7),(0.,1.),.PIECEWISE_BEZIER_KNOTS.);
#469 = CARTESIAN_POINT('',(-3.248060222013,9.75));
#470 = CARTESIAN_POINT('',(-3.257022893345,9.708369193629));
#471 = CARTESIAN_POINT('',(-3.265986467752,9.666704133862));
#472 = CARTESIAN_POINT('',(-3.274949812707,9.625027159566));
#473 = CARTESIAN_POINT('',(-3.283912190139,9.583349330632));
#474 = CARTESIAN_POINT('',(-3.292874084878,9.541674815368));
#475 = CARTESIAN_POINT('',(-3.301837242164,9.5));
#476 = ( GEOMETRIC_REPRESENTATION_CONTEXT(2) 
PARAMETRIC_REPRESENTATION_CONTEXT() REPRESENTATION_CONTEXT('2D SPACE',''
  ) );
#477 = PCURVE('',#273,#478);
#478 = DEFINITIONAL_REPRESENTATION('',(#479),#487);
#479 = B_SPLINE_CURVE_WITH_KNOTS('',6,(#480,#481,#482,#483,#484,#485,
    #486),.UNSPECIFIED.,.F.,.F.,(7,7),(0.,1.),.PIECEWISE_BEZIER_KNOTS.);
#480 = CARTESIAN_POINT('',(-2.841709723426,-0.25));
#481 = CARTESIAN_POINT('',(-2.845608485455,-0.208369193629));
#482 = CARTESIAN_POINT('',(-2.847834139886,-0.166704133862));
#483 = CARTESIAN_POINT('',(-2.849003555006,-0.125027159566));
#484 = CARTESIAN_POINT('',(-2.849360629071,-8.334933063214E-02));
#485 = CARTESIAN_POINT('',(-2.849101350922,-4.167481536824E-02));
#486 = CARTESIAN_POINT('',(-2.848344462084,0.));
#487 = ( GEOMETRIC_REPRESENTATION_CONTEXT(2) 
PARAMETRIC_REPRESENTATION_CONTEXT() REPRESENTATION_CONTEXT('2D SPACE',''
  ) );
#488 = ADVANCED_FACE('',(#489,#492),#186,.F.);
#489 = FACE_BOUND('',#490,.T.);
#490 = EDGE_LOOP('',(#491));
#491 = ORIENTED_EDGE('',*,*,#171,.T.);
#492 = FACE_BOUND('',#493,.T.);
#493 = EDGE_LOOP('',(#494));
#494 = ORIENTED_EDGE('',*,*,#495,.F.);
#495 = EDGE_CURVE('',#496,#496,#498,.T.);
#496 = VERTEX_POINT('',#497);
#497 = CARTESIAN_POINT('',(-6.5,5.7,0.));
#498 = SURFACE_CURVE('',#499,(#504,#511),.PCURVE_S1.);
#499 = CIRCLE('',#500,5.7);
#500 = AXIS2_PLACEMENT_3D('',#501,#502,#503);
#501 = CARTESIAN_POINT('',(-6.5,0.,0.));
#502 = DIRECTION('',(1.,0.,0.));
#503 = DIRECTION('',(0.,1.,0.));
#504 = PCURVE('',#186,#505);
#505 = DEFINITIONAL_REPRESENTATION('',(#506),#510);
#506 = CIRCLE('',#507,5.7);
#507 = AXIS2_PLACEMENT_2D('',#508,#509);
#508 = CARTESIAN_POINT('',(0.,0.));
#509 = DIRECTION('',(1.,-0.));
#510 = ( GEOMETRIC_REPRESENTATION_CONTEXT(2) 
PARAMETRIC_REPRESENTATION_CONTEXT() REPRESENTATION_CONTEXT('2D SPACE',''
  ) );
#511 = PCURVE('',#512,#517);
#512 = CONICAL_SURFACE('',#513,6.5,0.785398163397);
#513 = AXIS2_PLACEMENT_3D('',#514,#515,#516);
#514 = CARTESIAN_POINT('',(-5.7,0.,0.));
#515 = DIRECTION('',(1.,0.,0.));
#516 = DIRECTION('',(0.,1.,0.));
#517 = DEFINITIONAL_REPRESENTATION('',(#518),#522);
#518 = LINE('',#519,#520);
#519 = CARTESIAN_POINT('',(0.,-0.8));
#520 = VECTOR('',#521,1.);
#521 = DIRECTION('',(1.,0.));
#522 = ( GEOMETRIC_REPRESENTATION_CONTEXT(2) 
PARAMETRIC_REPRESENTATION_CONTEXT() REPRESENTATION_CONTEXT('2D SPACE',''
  ) );
#523 = ADVANCED_FACE('',(#524),#273,.T.);
#524 = FACE_BOUND('',#525,.F.);
#525 = EDGE_LOOP('',(#526,#527,#528,#529));
#526 = ORIENTED_EDGE('',*,*,#318,.F.);
#527 = ORIENTED_EDGE('',*,*,#254,.T.);
#528 = ORIENTED_EDGE('',*,*,#456,.T.);
#529 = ORIENTED_EDGE('',*,*,#530,.F.);
#530 = EDGE_CURVE('',#291,#409,#531,.T.);
#531 = SURFACE_CURVE('',#532,(#537,#544),.PCURVE_S1.);
#532 = CIRCLE('',#533,0.75);
#533 = AXIS2_PLACEMENT_3D('',#534,#535,#536);
#534 = CARTESIAN_POINT('',(-5.9,-4.7,0.));
#535 = DIRECTION('',(-1.,0.,0.));
#536 = DIRECTION('',(0.,0.14609929078,0.989269931431));
#537 = PCURVE('',#273,#538);
#538 = DEFINITIONAL_REPRESENTATION('',(#539),#543);
#539 = LINE('',#540,#541);
#540 = CARTESIAN_POINT('',(-0.,0.));
#541 = VECTOR('',#542,1.);
#542 = DIRECTION('',(-1.,0.));
#543 = ( GEOMETRIC_REPRESENTATION_CONTEXT(2) 
PARAMETRIC_REPRESENTATION_CONTEXT() REPRESENTATION_CONTEXT('2D SPACE',''
  ) );
#544 = PCURVE('',#306,#545);
#545 = DEFINITIONAL_REPRESENTATION('',(#546),#550);
#546 = LINE('',#547,#548);
#547 = CARTESIAN_POINT('',(1.717420422548,-0.25));
#548 = VECTOR('',#549,1.);
#549 = DIRECTION('',(1.,0.));
#550 = ( GEOMETRIC_REPRESENTATION_CONTEXT(2) 
PARAMETRIC_REPRESENTATION_CONTEXT() REPRESENTATION_CONTEXT('2D SPACE',''
  ) );
#551 = ADVANCED_FACE('',(#552),#306,.T.);
#552 = FACE_BOUND('',#553,.T.);
#553 = EDGE_LOOP('',(#554,#555,#583,#611,#640,#663,#689,#690));
#554 = ORIENTED_EDGE('',*,*,#288,.F.);
#555 = ORIENTED_EDGE('',*,*,#556,.F.);
#556 = EDGE_CURVE('',#557,#289,#559,.T.);
#557 = VERTEX_POINT('',#558);
#558 = CARTESIAN_POINT('',(3.6,-4.7,0.75));
#559 = SURFACE_CURVE('',#560,(#565,#572),.PCURVE_S1.);
#560 = CIRCLE('',#561,0.75);
#561 = AXIS2_PLACEMENT_3D('',#562,#563,#564);
#562 = CARTESIAN_POINT('',(3.6,-4.7,0.));
#563 = DIRECTION('',(-1.,0.,0.));
#564 = DIRECTION('',(0.,-1.,0.));
#565 = PCURVE('',#306,#566);
#566 = DEFINITIONAL_REPRESENTATION('',(#567),#571);
#567 = LINE('',#568,#569);
#568 = CARTESIAN_POINT('',(0.,-9.75));
#569 = VECTOR('',#570,1.);
#570 = DIRECTION('',(1.,0.));
#571 = ( GEOMETRIC_REPRESENTATION_CONTEXT(2) 
PARAMETRIC_REPRESENTATION_CONTEXT() REPRESENTATION_CONTEXT('2D SPACE',''
  ) );
#572 = PCURVE('',#391,#573);
#573 = DEFINITIONAL_REPRESENTATION('',(#574),#582);
#574 = ( BOUNDED_CURVE() B_SPLINE_CURVE(2,(#575,#576,#577,#578,#579,#580
,#581),.UNSPECIFIED.,.T.,.F.) B_SPLINE_CURVE_WITH_KNOTS((1,2,2,2,2,1),(
    -2.094395102393,0.,2.094395102393,4.188790204786,6.28318530718,
8.377580409573),.UNSPECIFIED.) CURVE() GEOMETRIC_REPRESENTATION_ITEM() 
RATIONAL_B_SPLINE_CURVE((1.,0.5,1.,0.5,1.,0.5,1.)) REPRESENTATION_ITEM(
  '') );
#575 = CARTESIAN_POINT('',(-5.45,0.));
#576 = CARTESIAN_POINT('',(-5.45,1.299038105677));
#577 = CARTESIAN_POINT('',(-4.325,0.649519052838));
#578 = CARTESIAN_POINT('',(-3.2,1.836970198721E-16));
#579 = CARTESIAN_POINT('',(-4.325,-0.649519052838));
#580 = CARTESIAN_POINT('',(-5.45,-1.299038105677));
#581 = CARTESIAN_POINT('',(-5.45,0.));
#582 = ( GEOMETRIC_REPRESENTATION_CONTEXT(2) 
PARAMETRIC_REPRESENTATION_CONTEXT() REPRESENTATION_CONTEXT('2D SPACE',''
  ) );
#583 = ORIENTED_EDGE('',*,*,#584,.T.);
#584 = EDGE_CURVE('',#557,#585,#587,.T.);
#585 = VERTEX_POINT('',#586);
#586 = CARTESIAN_POINT('',(8.6,-4.7,0.75));
#587 = SURFACE_CURVE('',#588,(#592,#599),.PCURVE_S1.);
#588 = LINE('',#589,#590);
#589 = CARTESIAN_POINT('',(-6.15,-4.7,0.75));
#590 = VECTOR('',#591,1.);
#591 = DIRECTION('',(1.,0.,0.));
#592 = PCURVE('',#306,#593);
#593 = DEFINITIONAL_REPRESENTATION('',(#594),#598);
#594 = LINE('',#595,#596);
#595 = CARTESIAN_POINT('',(1.570796326795,0.));
#596 = VECTOR('',#597,1.);
#597 = DIRECTION('',(0.,-1.));
#598 = ( GEOMETRIC_REPRESENTATION_CONTEXT(2) 
PARAMETRIC_REPRESENTATION_CONTEXT() REPRESENTATION_CONTEXT('2D SPACE',''
  ) );
#599 = PCURVE('',#600,#605);
#600 = PLANE('',#601);
#601 = AXIS2_PLACEMENT_3D('',#602,#603,#604);
#602 = CARTESIAN_POINT('',(-6.15,-4.7,0.75));
#603 = DIRECTION('',(0.,1.,0.));
#604 = DIRECTION('',(0.,0.,-1.));
#605 = DEFINITIONAL_REPRESENTATION('',(#606),#610);
#606 = LINE('',#607,#608);
#607 = CARTESIAN_POINT('',(1.110223024625E-16,0.));
#608 = VECTOR('',#609,1.);
#609 = DIRECTION('',(0.,-1.));
#610 = ( GEOMETRIC_REPRESENTATION_CONTEXT(2) 
PARAMETRIC_REPRESENTATION_CONTEXT() REPRESENTATION_CONTEXT('2D SPACE',''
  ) );
#611 = ORIENTED_EDGE('',*,*,#612,.T.);
#612 = EDGE_CURVE('',#585,#613,#615,.T.);
#613 = VERTEX_POINT('',#614);
#614 = CARTESIAN_POINT('',(8.6,-4.7,-0.75));
#615 = SURFACE_CURVE('',#616,(#621,#628),.PCURVE_S1.);
#616 = CIRCLE('',#617,0.75);
#617 = AXIS2_PLACEMENT_3D('',#618,#619,#620);
#618 = CARTESIAN_POINT('',(8.6,-4.7,0.));
#619 = DIRECTION('',(-1.,0.,0.));
#620 = DIRECTION('',(0.,0.,1.));
#621 = PCURVE('',#306,#622);
#622 = DEFINITIONAL_REPRESENTATION('',(#623),#627);
#623 = LINE('',#624,#625);
#624 = CARTESIAN_POINT('',(1.570796326795,-14.75));
#625 = VECTOR('',#626,1.);
#626 = DIRECTION('',(1.,0.));
#627 = ( GEOMETRIC_REPRESENTATION_CONTEXT(2) 
PARAMETRIC_REPRESENTATION_CONTEXT() REPRESENTATION_CONTEXT('2D SPACE',''
  ) );
#628 = PCURVE('',#629,#634);
#629 = CONICAL_SURFACE('',#630,0.75,0.785398163397);
#630 = AXIS2_PLACEMENT_3D('',#631,#632,#633);
#631 = CARTESIAN_POINT('',(8.6,-4.7,0.));
#632 = DIRECTION('',(-1.,-0.,-0.));
#633 = DIRECTION('',(0.,0.,1.));
#634 = DEFINITIONAL_REPRESENTATION('',(#635),#639);
#635 = LINE('',#636,#637);
#636 = CARTESIAN_POINT('',(0.,-0.));
#637 = VECTOR('',#638,1.);
#638 = DIRECTION('',(1.,-0.));
#639 = ( GEOMETRIC_REPRESENTATION_CONTEXT(2) 
PARAMETRIC_REPRESENTATION_CONTEXT() REPRESENTATION_CONTEXT('2D SPACE',''
  ) );
#640 = ORIENTED_EDGE('',*,*,#641,.F.);
#641 = EDGE_CURVE('',#642,#613,#644,.T.);
#642 = VERTEX_POINT('',#643);
#643 = CARTESIAN_POINT('',(3.6,-4.7,-0.75));
#644 = SURFACE_CURVE('',#645,(#649,#656),.PCURVE_S1.);
#645 = LINE('',#646,#647);
#646 = CARTESIAN_POINT('',(-6.15,-4.7,-0.75));
#647 = VECTOR('',#648,1.);
#648 = DIRECTION('',(1.,0.,0.));
#649 = PCURVE('',#306,#650);
#650 = DEFINITIONAL_REPRESENTATION('',(#651),#655);
#651 = LINE('',#652,#653);
#652 = CARTESIAN_POINT('',(4.712388980385,0.));
#653 = VECTOR('',#654,1.);
#654 = DIRECTION('',(0.,-1.));
#655 = ( GEOMETRIC_REPRESENTATION_CONTEXT(2) 
PARAMETRIC_REPRESENTATION_CONTEXT() REPRESENTATION_CONTEXT('2D SPACE',''
  ) );
#656 = PCURVE('',#600,#657);
#657 = DEFINITIONAL_REPRESENTATION('',(#658),#662);
#658 = LINE('',#659,#660);
#659 = CARTESIAN_POINT('',(1.5,0.));
#660 = VECTOR('',#661,1.);
#661 = DIRECTION('',(0.,-1.));
#662 = ( GEOMETRIC_REPRESENTATION_CONTEXT(2) 
PARAMETRIC_REPRESENTATION_CONTEXT() REPRESENTATION_CONTEXT('2D SPACE',''
  ) );
#663 = ORIENTED_EDGE('',*,*,#664,.F.);
#664 = EDGE_CURVE('',#407,#642,#665,.T.);
#665 = SURFACE_CURVE('',#666,(#671,#678),.PCURVE_S1.);
#666 = CIRCLE('',#667,0.75);
#667 = AXIS2_PLACEMENT_3D('',#668,#669,#670);
#668 = CARTESIAN_POINT('',(3.6,-4.7,0.));
#669 = DIRECTION('',(-1.,0.,0.));
#670 = DIRECTION('',(0.,-1.,0.));
#671 = PCURVE('',#306,#672);
#672 = DEFINITIONAL_REPRESENTATION('',(#673),#677);
#673 = LINE('',#674,#675);
#674 = CARTESIAN_POINT('',(0.,-9.75));
#675 = VECTOR('',#676,1.);
#676 = DIRECTION('',(1.,0.));
#677 = ( GEOMETRIC_REPRESENTATION_CONTEXT(2) 
PARAMETRIC_REPRESENTATION_CONTEXT() REPRESENTATION_CONTEXT('2D SPACE',''
  ) );
#678 = PCURVE('',#391,#679);
#679 = DEFINITIONAL_REPRESENTATION('',(#680),#688);
#680 = ( BOUNDED_CURVE() B_SPLINE_CURVE(2,(#681,#682,#683,#684,#685,#686
,#687),.UNSPECIFIED.,.T.,.F.) B_SPLINE_CURVE_WITH_KNOTS((1,2,2,2,2,1),(
    -2.094395102393,0.,2.094395102393,4.188790204786,6.28318530718,
8.377580409573),.UNSPECIFIED.) CURVE() GEOMETRIC_REPRESENTATION_ITEM() 
RATIONAL_B_SPLINE_CURVE((1.,0.5,1.,0.5,1.,0.5,1.)) REPRESENTATION_ITEM(
  '') );
#681 = CARTESIAN_POINT('',(-5.45,0.));
#682 = CARTESIAN_POINT('',(-5.45,1.299038105677));
#683 = CARTESIAN_POINT('',(-4.325,0.649519052838));
#684 = CARTESIAN_POINT('',(-3.2,1.836970198721E-16));
#685 = CARTESIAN_POINT('',(-4.325,-0.649519052838));
#686 = CARTESIAN_POINT('',(-5.45,-1.299038105677));
#687 = CARTESIAN_POINT('',(-5.45,0.));
#688 = ( GEOMETRIC_REPRESENTATION_CONTEXT(2) 
PARAMETRIC_REPRESENTATION_CONTEXT() REPRESENTATION_CONTEXT('2D SPACE',''
  ) );
#689 = ORIENTED_EDGE('',*,*,#406,.T.);
#690 = ORIENTED_EDGE('',*,*,#530,.F.);
#691 = ADVANCED_FACE('',(#692,#723),#391,.T.);
#692 = FACE_BOUND('',#693,.T.);
#693 = EDGE_LOOP('',(#694));
#694 = ORIENTED_EDGE('',*,*,#695,.T.);
#695 = EDGE_CURVE('',#696,#696,#698,.T.);
#696 = VERTEX_POINT('',#697);
#697 = CARTESIAN_POINT('',(3.6,4.8,0.));
#698 = SURFACE_CURVE('',#699,(#704,#711),.PCURVE_S1.);
#699 = CIRCLE('',#700,4.8);
#700 = AXIS2_PLACEMENT_3D('',#701,#702,#703);
#701 = CARTESIAN_POINT('',(3.6,0.,0.));
#702 = DIRECTION('',(1.,0.,0.));
#703 = DIRECTION('',(0.,1.,0.));
#704 = PCURVE('',#391,#705);
#705 = DEFINITIONAL_REPRESENTATION('',(#706),#710);
#706 = CIRCLE('',#707,4.8);
#707 = AXIS2_PLACEMENT_2D('',#708,#709);
#708 = CARTESIAN_POINT('',(0.,0.));
#709 = DIRECTION('',(1.,0.));
#710 = ( GEOMETRIC_REPRESENTATION_CONTEXT(2) 
PARAMETRIC_REPRESENTATION_CONTEXT() REPRESENTATION_CONTEXT('2D SPACE',''
  ) );
#711 = PCURVE('',#712,#717);
#712 = CYLINDRICAL_SURFACE('',#713,4.8);
#713 = AXIS2_PLACEMENT_3D('',#714,#715,#716);
#714 = CARTESIAN_POINT('',(9.1,0.,0.));
#715 = DIRECTION('',(-1.,-0.,-0.));
#716 = DIRECTION('',(0.,1.,0.));
#717 = DEFINITIONAL_REPRESENTATION('',(#718),#722);
#718 = LINE('',#719,#720);
#719 = CARTESIAN_POINT('',(-0.,5.5));
#720 = VECTOR('',#721,1.);
#721 = DIRECTION('',(-1.,0.));
#722 = ( GEOMETRIC_REPRESENTATION_CONTEXT(2) 
PARAMETRIC_REPRESENTATION_CONTEXT() REPRESENTATION_CONTEXT('2D SPACE',''
  ) );
#723 = FACE_BOUND('',#724,.T.);
#724 = EDGE_LOOP('',(#725,#726,#727,#728,#749));
#725 = ORIENTED_EDGE('',*,*,#376,.F.);
#726 = ORIENTED_EDGE('',*,*,#431,.F.);
#727 = ORIENTED_EDGE('',*,*,#664,.T.);
#728 = ORIENTED_EDGE('',*,*,#729,.T.);
#729 = EDGE_CURVE('',#642,#557,#730,.T.);
#730 = SURFACE_CURVE('',#731,(#735,#742),.PCURVE_S1.);
#731 = LINE('',#732,#733);
#732 = CARTESIAN_POINT('',(3.6,-4.7,0.375));
#733 = VECTOR('',#734,1.);
#734 = DIRECTION('',(0.,0.,1.));
#735 = PCURVE('',#391,#736);
#736 = DEFINITIONAL_REPRESENTATION('',(#737),#741);
#737 = LINE('',#738,#739);
#738 = CARTESIAN_POINT('',(-4.7,0.375));
#739 = VECTOR('',#740,1.);
#740 = DIRECTION('',(0.,1.));
#741 = ( GEOMETRIC_REPRESENTATION_CONTEXT(2) 
PARAMETRIC_REPRESENTATION_CONTEXT() REPRESENTATION_CONTEXT('2D SPACE',''
  ) );
#742 = PCURVE('',#600,#743);
#743 = DEFINITIONAL_REPRESENTATION('',(#744),#748);
#744 = LINE('',#745,#746);
#745 = CARTESIAN_POINT('',(0.375,-9.75));
#746 = VECTOR('',#747,1.);
#747 = DIRECTION('',(-1.,0.));
#748 = ( GEOMETRIC_REPRESENTATION_CONTEXT(2) 
PARAMETRIC_REPRESENTATION_CONTEXT() REPRESENTATION_CONTEXT('2D SPACE',''
  ) );
#749 = ORIENTED_EDGE('',*,*,#556,.T.);
#750 = ADVANCED_FACE('',(#751),#512,.T.);
#751 = FACE_BOUND('',#752,.T.);
#752 = EDGE_LOOP('',(#753,#754,#777,#806,#840,#869,#903,#925));
#753 = ORIENTED_EDGE('',*,*,#495,.T.);
#754 = ORIENTED_EDGE('',*,*,#755,.T.);
#755 = EDGE_CURVE('',#496,#756,#758,.T.);
#756 = VERTEX_POINT('',#757);
#757 = CARTESIAN_POINT('',(-5.7,6.5,0.));
#758 = SEAM_CURVE('',#759,(#763,#770),.PCURVE_S1.);
#759 = LINE('',#760,#761);
#760 = CARTESIAN_POINT('',(-5.7,6.5,0.));
#761 = VECTOR('',#762,1.);
#762 = DIRECTION('',(0.707106781187,0.707106781187,0.));
#763 = PCURVE('',#512,#764);
#764 = DEFINITIONAL_REPRESENTATION('',(#765),#769);
#765 = LINE('',#766,#767);
#766 = CARTESIAN_POINT('',(0.,0.));
#767 = VECTOR('',#768,1.);
#768 = DIRECTION('',(0.,1.));
#769 = ( GEOMETRIC_REPRESENTATION_CONTEXT(2) 
PARAMETRIC_REPRESENTATION_CONTEXT() REPRESENTATION_CONTEXT('2D SPACE',''
  ) );
#770 = PCURVE('',#512,#771);
#771 = DEFINITIONAL_REPRESENTATION('',(#772),#776);
#772 = LINE('',#773,#774);
#773 = CARTESIAN_POINT('',(6.28318530718,0.));
#774 = VECTOR('',#775,1.);
#775 = DIRECTION('',(0.,1.));
#776 = ( GEOMETRIC_REPRESENTATION_CONTEXT(2) 
PARAMETRIC_REPRESENTATION_CONTEXT() REPRESENTATION_CONTEXT('2D SPACE',''
  ) );
#777 = ORIENTED_EDGE('',*,*,#778,.F.);
#778 = EDGE_CURVE('',#779,#756,#781,.T.);
#779 = VERTEX_POINT('',#780);
#780 = CARTESIAN_POINT('',(-5.7,2.5,-6.));
#781 = SURFACE_CURVE('',#782,(#787,#794),.PCURVE_S1.);
#782 = CIRCLE('',#783,6.5);
#783 = AXIS2_PLACEMENT_3D('',#784,#785,#786);
#784 = CARTESIAN_POINT('',(-5.7,0.,0.));
#785 = DIRECTION('',(1.,0.,0.));
#786 = DIRECTION('',(0.,1.,0.));
#787 = PCURVE('',#512,#788);
#788 = DEFINITIONAL_REPRESENTATION('',(#789),#793);
#789 = LINE('',#790,#791);
#790 = CARTESIAN_POINT('',(0.,0.));
#791 = VECTOR('',#792,1.);
#792 = DIRECTION('',(1.,0.));
#793 = ( GEOMETRIC_REPRESENTATION_CONTEXT(2) 
PARAMETRIC_REPRESENTATION_CONTEXT() REPRESENTATION_CONTEXT('2D SPACE',''
  ) );
#794 = PCURVE('',#795,#800);
#795 = CYLINDRICAL_SURFACE('',#796,6.5);
#796 = AXIS2_PLACEMENT_3D('',#797,#798,#799);
#797 = CARTESIAN_POINT('',(-6.5,0.,0.));
#798 = DIRECTION('',(1.,0.,0.));
#799 = DIRECTION('',(0.,1.,0.));
#800 = DEFINITIONAL_REPRESENTATION('',(#801),#805);
#801 = LINE('',#802,#803);
#802 = CARTESIAN_POINT('',(-6.28318530718,0.8));
#803 = VECTOR('',#804,1.);
#804 = DIRECTION('',(1.,0.));
#805 = ( GEOMETRIC_REPRESENTATION_CONTEXT(2) 
PARAMETRIC_REPRESENTATION_CONTEXT() REPRESENTATION_CONTEXT('2D SPACE',''
  ) );
#806 = ORIENTED_EDGE('',*,*,#807,.T.);
#807 = EDGE_CURVE('',#779,#808,#810,.T.);
#808 = VERTEX_POINT('',#809);
#809 = CARTESIAN_POINT('',(-5.7,-2.5,-6.));
#810 = SURFACE_CURVE('',#811,(#816,#828),.PCURVE_S1.);
#811 = HYPERBOLA('',#812,6.,6.);
#812 = AXIS2_PLACEMENT_3D('',#813,#814,#815);
#813 = CARTESIAN_POINT('',(-12.2,0.,-6.));
#814 = DIRECTION('',(0.,0.,-1.));
#815 = DIRECTION('',(1.,0.,0.));
#816 = PCURVE('',#512,#817);
#817 = DEFINITIONAL_REPRESENTATION('',(#818),#827);
#818 = B_SPLINE_CURVE_WITH_KNOTS('',7,(#819,#820,#821,#822,#823,#824,
    #825,#826),.UNSPECIFIED.,.F.,.F.,(8,8),(-0.405465108108,
    0.405465108108),.PIECEWISE_BEZIER_KNOTS.);
#819 = CARTESIAN_POINT('',(5.107180100084,0.));
#820 = CARTESIAN_POINT('',(5.000244247397,-0.289617934363));
#821 = CARTESIAN_POINT('',(4.887749330369,-0.477463273357));
#822 = CARTESIAN_POINT('',(4.771348597738,-0.56988416866));
#823 = CARTESIAN_POINT('',(4.653429363032,-0.56988416866));
#824 = CARTESIAN_POINT('',(4.5370286304,-0.477463273357));
#825 = CARTESIAN_POINT('',(4.424533713373,-0.289617934363));
#826 = CARTESIAN_POINT('',(4.317597860685,1.329360748631E-15));
#827 = ( GEOMETRIC_REPRESENTATION_CONTEXT(2) 
PARAMETRIC_REPRESENTATION_CONTEXT() REPRESENTATION_CONTEXT('2D SPACE',''
  ) );
#828 = PCURVE('',#829,#834);
#829 = PLANE('',#830);
#830 = AXIS2_PLACEMENT_3D('',#831,#832,#833);
#831 = CARTESIAN_POINT('',(-6.5,5.,-6.));
#832 = DIRECTION('',(0.,0.,-1.));
#833 = DIRECTION('',(0.,-1.,0.));
#834 = DEFINITIONAL_REPRESENTATION('',(#835),#839);
#835 = HYPERBOLA('',#836,6.,6.);
#836 = AXIS2_PLACEMENT_2D('',#837,#838);
#837 = CARTESIAN_POINT('',(5.,5.7));
#838 = DIRECTION('',(0.,-1.));
#839 = ( GEOMETRIC_REPRESENTATION_CONTEXT(2) 
PARAMETRIC_REPRESENTATION_CONTEXT() REPRESENTATION_CONTEXT('2D SPACE',''
  ) );
#840 = ORIENTED_EDGE('',*,*,#841,.F.);
#841 = EDGE_CURVE('',#842,#808,#844,.T.);
#842 = VERTEX_POINT('',#843);
#843 = CARTESIAN_POINT('',(-5.7,-2.5,6.));
#844 = SURFACE_CURVE('',#845,(#850,#857),.PCURVE_S1.);
#845 = CIRCLE('',#846,6.5);
#846 = AXIS2_PLACEMENT_3D('',#847,#848,#849);
#847 = CARTESIAN_POINT('',(-5.7,0.,0.));
#848 = DIRECTION('',(1.,0.,0.));
#849 = DIRECTION('',(0.,1.,0.));
#850 = PCURVE('',#512,#851);
#851 = DEFINITIONAL_REPRESENTATION('',(#852),#856);
#852 = LINE('',#853,#854);
#853 = CARTESIAN_POINT('',(0.,0.));
#854 = VECTOR('',#855,1.);
#855 = DIRECTION('',(1.,0.));
#856 = ( GEOMETRIC_REPRESENTATION_CONTEXT(2) 
PARAMETRIC_REPRESENTATION_CONTEXT() REPRESENTATION_CONTEXT('2D SPACE',''
  ) );
#857 = PCURVE('',#858,#863);
#858 = CYLINDRICAL_SURFACE('',#859,6.5);
#859 = AXIS2_PLACEMENT_3D('',#860,#861,#862);
#860 = CARTESIAN_POINT('',(-6.5,0.,0.));
#861 = DIRECTION('',(1.,0.,0.));
#862 = DIRECTION('',(0.,1.,0.));
#863 = DEFINITIONAL_REPRESENTATION('',(#864),#868);
#864 = LINE('',#865,#866);
#865 = CARTESIAN_POINT('',(0.,0.8));
#866 = VECTOR('',#867,1.);
#867 = DIRECTION('',(1.,0.));
#868 = ( GEOMETRIC_REPRESENTATION_CONTEXT(2) 
PARAMETRIC_REPRESENTATION_CONTEXT() REPRESENTATION_CONTEXT('2D SPACE',''
  ) );
#869 = ORIENTED_EDGE('',*,*,#870,.T.);
#870 = EDGE_CURVE('',#842,#871,#873,.T.);
#871 = VERTEX_POINT('',#872);
#872 = CARTESIAN_POINT('',(-5.7,2.5,6.));
#873 = SURFACE_CURVE('',#874,(#879,#891),.PCURVE_S1.);
#874 = HYPERBOLA('',#875,6.,6.);
#875 = AXIS2_PLACEMENT_3D('',#876,#877,#878);
#876 = CARTESIAN_POINT('',(-12.2,0.,6.));
#877 = DIRECTION('',(0.,0.,1.));
#878 = DIRECTION('',(1.,0.,0.));
#879 = PCURVE('',#512,#880);
#880 = DEFINITIONAL_REPRESENTATION('',(#881),#890);
#881 = B_SPLINE_CURVE_WITH_KNOTS('',7,(#882,#883,#884,#885,#886,#887,
    #888,#889),.UNSPECIFIED.,.F.,.F.,(8,8),(-0.405465108108,
    0.405465108108),.PIECEWISE_BEZIER_KNOTS.);
#882 = CARTESIAN_POINT('',(1.965587446495,1.329360748631E-15));
#883 = CARTESIAN_POINT('',(1.858651593807,-0.289617934363));
#884 = CARTESIAN_POINT('',(1.74615667678,-0.477463273357));
#885 = CARTESIAN_POINT('',(1.629755944149,-0.56988416866));
#886 = CARTESIAN_POINT('',(1.511836709441,-0.56988416866));
#887 = CARTESIAN_POINT('',(1.39543597681,-0.477463273357));
#888 = CARTESIAN_POINT('',(1.282941059783,-0.289617934363));
#889 = CARTESIAN_POINT('',(1.176005207095,8.90954544295E-16));
#890 = ( GEOMETRIC_REPRESENTATION_CONTEXT(2) 
PARAMETRIC_REPRESENTATION_CONTEXT() REPRESENTATION_CONTEXT('2D SPACE',''
  ) );
#891 = PCURVE('',#892,#897);
#892 = PLANE('',#893);
#893 = AXIS2_PLACEMENT_3D('',#894,#895,#896);
#894 = CARTESIAN_POINT('',(-6.5,-5.,6.));
#895 = DIRECTION('',(0.,0.,1.));
#896 = DIRECTION('',(0.,1.,0.));
#897 = DEFINITIONAL_REPRESENTATION('',(#898),#902);
#898 = HYPERBOLA('',#899,6.,6.);
#899 = AXIS2_PLACEMENT_2D('',#900,#901);
#900 = CARTESIAN_POINT('',(5.,5.7));
#901 = DIRECTION('',(0.,-1.));
#902 = ( GEOMETRIC_REPRESENTATION_CONTEXT(2) 
PARAMETRIC_REPRESENTATION_CONTEXT() REPRESENTATION_CONTEXT('2D SPACE',''
  ) );
#903 = ORIENTED_EDGE('',*,*,#904,.F.);
#904 = EDGE_CURVE('',#756,#871,#905,.T.);
#905 = SURFACE_CURVE('',#906,(#911,#918),.PCURVE_S1.);
#906 = CIRCLE('',#907,6.5);
#907 = AXIS2_PLACEMENT_3D('',#908,#909,#910);
#908 = CARTESIAN_POINT('',(-5.7,0.,0.));
#909 = DIRECTION('',(1.,0.,0.));
#910 = DIRECTION('',(0.,1.,0.));
#911 = PCURVE('',#512,#912);
#912 = DEFINITIONAL_REPRESENTATION('',(#913),#917);
#913 = LINE('',#914,#915);
#914 = CARTESIAN_POINT('',(0.,0.));
#915 = VECTOR('',#916,1.);
#916 = DIRECTION('',(1.,0.));
#917 = ( GEOMETRIC_REPRESENTATION_CONTEXT(2) 
PARAMETRIC_REPRESENTATION_CONTEXT() REPRESENTATION_CONTEXT('2D SPACE',''
  ) );
#918 = PCURVE('',#795,#919);
#919 = DEFINITIONAL_REPRESENTATION('',(#920),#924);
#920 = LINE('',#921,#922);
#921 = CARTESIAN_POINT('',(0.,0.8));
#922 = VECTOR('',#923,1.);
#923 = DIRECTION('',(1.,0.));
#924 = ( GEOMETRIC_REPRESENTATION_CONTEXT(2) 
PARAMETRIC_REPRESENTATION_CONTEXT() REPRESENTATION_CONTEXT('2D SPACE',''
  ) );
#925 = ORIENTED_EDGE('',*,*,#755,.F.);
#926 = ADVANCED_FACE('',(#927),#600,.F.);
#927 = FACE_BOUND('',#928,.F.);
#928 = EDGE_LOOP('',(#929,#930,#931,#932,#955,#983));
#929 = ORIENTED_EDGE('',*,*,#641,.F.);
#930 = ORIENTED_EDGE('',*,*,#729,.T.);
#931 = ORIENTED_EDGE('',*,*,#584,.T.);
#932 = ORIENTED_EDGE('',*,*,#933,.T.);
#933 = EDGE_CURVE('',#585,#934,#936,.T.);
#934 = VERTEX_POINT('',#935);
#935 = CARTESIAN_POINT('',(8.85,-4.7,0.5));
#936 = SURFACE_CURVE('',#937,(#941,#948),.PCURVE_S1.);
#937 = LINE('',#938,#939);
#938 = CARTESIAN_POINT('',(9.35,-4.7,0.));
#939 = VECTOR('',#940,1.);
#940 = DIRECTION('',(0.707106781187,0.,-0.707106781187));
#941 = PCURVE('',#600,#942);
#942 = DEFINITIONAL_REPRESENTATION('',(#943),#947);
#943 = LINE('',#944,#945);
#944 = CARTESIAN_POINT('',(0.75,-15.5));
#945 = VECTOR('',#946,1.);
#946 = DIRECTION('',(0.707106781187,-0.707106781187));
#947 = ( GEOMETRIC_REPRESENTATION_CONTEXT(2) 
PARAMETRIC_REPRESENTATION_CONTEXT() REPRESENTATION_CONTEXT('2D SPACE',''
  ) );
#948 = PCURVE('',#629,#949);
#949 = DEFINITIONAL_REPRESENTATION('',(#950),#954);
#950 = LINE('',#951,#952);
#951 = CARTESIAN_POINT('',(0.,-0.75));
#952 = VECTOR('',#953,1.);
#953 = DIRECTION('',(-0.,-1.));
#954 = ( GEOMETRIC_REPRESENTATION_CONTEXT(2) 
PARAMETRIC_REPRESENTATION_CONTEXT() REPRESENTATION_CONTEXT('2D SPACE',''
  ) );
#955 = ORIENTED_EDGE('',*,*,#956,.T.);
#956 = EDGE_CURVE('',#934,#957,#959,.T.);
#957 = VERTEX_POINT('',#958);
#958 = CARTESIAN_POINT('',(8.85,-4.7,-0.5));
#959 = SURFACE_CURVE('',#960,(#964,#971),.PCURVE_S1.);
#960 = LINE('',#961,#962);
#961 = CARTESIAN_POINT('',(8.85,-4.7,0.75));
#962 = VECTOR('',#963,1.);
#963 = DIRECTION('',(0.,0.,-1.));
#964 = PCURVE('',#600,#965);
#965 = DEFINITIONAL_REPRESENTATION('',(#966),#970);
#966 = LINE('',#967,#968);
#967 = CARTESIAN_POINT('',(0.,-15.));
#968 = VECTOR('',#969,1.);
#969 = DIRECTION('',(1.,0.));
#970 = ( GEOMETRIC_REPRESENTATION_CONTEXT(2) 
PARAMETRIC_REPRESENTATION_CONTEXT() REPRESENTATION_CONTEXT('2D SPACE',''
  ) );
#971 = PCURVE('',#972,#977);
#972 = PLANE('',#973);
#973 = AXIS2_PLACEMENT_3D('',#974,#975,#976);
#974 = CARTESIAN_POINT('',(8.85,-4.440192378865,0.));
#975 = DIRECTION('',(1.,0.,0.));
#976 = DIRECTION('',(0.,0.,1.));
#977 = DEFINITIONAL_REPRESENTATION('',(#978),#982);
#978 = LINE('',#979,#980);
#979 = CARTESIAN_POINT('',(0.75,0.259807621135));
#980 = VECTOR('',#981,1.);
#981 = DIRECTION('',(-1.,0.));
#982 = ( GEOMETRIC_REPRESENTATION_CONTEXT(2) 
PARAMETRIC_REPRESENTATION_CONTEXT() REPRESENTATION_CONTEXT('2D SPACE',''
  ) );
#983 = ORIENTED_EDGE('',*,*,#984,.F.);
#984 = EDGE_CURVE('',#613,#957,#985,.T.);
#985 = SURFACE_CURVE('',#986,(#990,#997),.PCURVE_S1.);
#986 = LINE('',#987,#988);
#987 = CARTESIAN_POINT('',(9.35,-4.7,0.));
#988 = VECTOR('',#989,1.);
#989 = DIRECTION('',(0.707106781187,0.,0.707106781187));
#990 = PCURVE('',#600,#991);
#991 = DEFINITIONAL_REPRESENTATION('',(#992),#996);
#992 = LINE('',#993,#994);
#993 = CARTESIAN_POINT('',(0.75,-15.5));
#994 = VECTOR('',#995,1.);
#995 = DIRECTION('',(-0.707106781187,-0.707106781187));
#996 = ( GEOMETRIC_REPRESENTATION_CONTEXT(2) 
PARAMETRIC_REPRESENTATION_CONTEXT() REPRESENTATION_CONTEXT('2D SPACE',''
  ) );
#997 = PCURVE('',#629,#998);
#998 = DEFINITIONAL_REPRESENTATION('',(#999),#1003);
#999 = LINE('',#1000,#1001);
#1000 = CARTESIAN_POINT('',(3.14159265359,-0.75));
#1001 = VECTOR('',#1002,1.);
#1002 = DIRECTION('',(-0.,-1.));
#1003 = ( GEOMETRIC_REPRESENTATION_CONTEXT(2) 
PARAMETRIC_REPRESENTATION_CONTEXT() REPRESENTATION_CONTEXT('2D SPACE',''
  ) );
#1004 = ADVANCED_FACE('',(#1005),#629,.T.);
#1005 = FACE_BOUND('',#1006,.F.);
#1006 = EDGE_LOOP('',(#1007,#1008,#1009,#1010));
#1007 = ORIENTED_EDGE('',*,*,#933,.F.);
#1008 = ORIENTED_EDGE('',*,*,#612,.T.);
#1009 = ORIENTED_EDGE('',*,*,#984,.T.);
#1010 = ORIENTED_EDGE('',*,*,#1011,.F.);
#1011 = EDGE_CURVE('',#934,#957,#1012,.T.);
#1012 = SURFACE_CURVE('',#1013,(#1018,#1025),.PCURVE_S1.);
#1013 = CIRCLE('',#1014,0.5);
#1014 = AXIS2_PLACEMENT_3D('',#1015,#1016,#1017);
#1015 = CARTESIAN_POINT('',(8.85,-4.7,0.));
#1016 = DIRECTION('',(-1.,0.,0.));
#1017 = DIRECTION('',(0.,0.,1.));
#1018 = PCURVE('',#629,#1019);
#1019 = DEFINITIONAL_REPRESENTATION('',(#1020),#1024);
#1020 = LINE('',#1021,#1022);
#1021 = CARTESIAN_POINT('',(0.,-0.25));
#1022 = VECTOR('',#1023,1.);
#1023 = DIRECTION('',(1.,-0.));
#1024 = ( GEOMETRIC_REPRESENTATION_CONTEXT(2) 
PARAMETRIC_REPRESENTATION_CONTEXT() REPRESENTATION_CONTEXT('2D SPACE',''
  ) );
#1025 = PCURVE('',#972,#1026);
#1026 = DEFINITIONAL_REPRESENTATION('',(#1027),#1035);
#1027 = ( BOUNDED_CURVE() B_SPLINE_CURVE(2,(#1028,#1029,#1030,#1031,
#1032,#1033,#1034),.UNSPECIFIED.,.T.,.F.) B_SPLINE_CURVE_WITH_KNOTS((1,2
    ,2,2,2,1),(-2.094395102393,0.,2.094395102393,4.188790204786,
6.28318530718,8.377580409573),.UNSPECIFIED.) CURVE() 
GEOMETRIC_REPRESENTATION_ITEM() RATIONAL_B_SPLINE_CURVE((1.,0.5,1.,0.5,
1.,0.5,1.)) REPRESENTATION_ITEM('') );
#1028 = CARTESIAN_POINT('',(0.5,0.259807621135));
#1029 = CARTESIAN_POINT('',(0.5,-0.606217782649));
#1030 = CARTESIAN_POINT('',(-0.25,-0.173205080757));
#1031 = CARTESIAN_POINT('',(-1.,0.259807621135));
#1032 = CARTESIAN_POINT('',(-0.25,0.692820323028));
#1033 = CARTESIAN_POINT('',(0.5,1.12583302492));
#1034 = CARTESIAN_POINT('',(0.5,0.259807621135));
#1035 = ( GEOMETRIC_REPRESENTATION_CONTEXT(2) 
PARAMETRIC_REPRESENTATION_CONTEXT() REPRESENTATION_CONTEXT('2D SPACE',''
  ) );
#1036 = ADVANCED_FACE('',(#1037),#712,.F.);
#1037 = FACE_BOUND('',#1038,.T.);
#1038 = EDGE_LOOP('',(#1039,#1068,#1089,#1090));
#1039 = ORIENTED_EDGE('',*,*,#1040,.T.);
#1040 = EDGE_CURVE('',#1041,#1041,#1043,.T.);
#1041 = VERTEX_POINT('',#1042);
#1042 = CARTESIAN_POINT('',(9.1,4.8,0.));
#1043 = SURFACE_CURVE('',#1044,(#1049,#1056),.PCURVE_S1.);
#1044 = CIRCLE('',#1045,4.8);
#1045 = AXIS2_PLACEMENT_3D('',#1046,#1047,#1048);
#1046 = CARTESIAN_POINT('',(9.1,0.,0.));
#1047 = DIRECTION('',(1.,0.,0.));
#1048 = DIRECTION('',(0.,1.,0.));
#1049 = PCURVE('',#712,#1050);
#1050 = DEFINITIONAL_REPRESENTATION('',(#1051),#1055);
#1051 = LINE('',#1052,#1053);
#1052 = CARTESIAN_POINT('',(-0.,0.));
#1053 = VECTOR('',#1054,1.);
#1054 = DIRECTION('',(-1.,0.));
#1055 = ( GEOMETRIC_REPRESENTATION_CONTEXT(2) 
PARAMETRIC_REPRESENTATION_CONTEXT() REPRESENTATION_CONTEXT('2D SPACE',''
  ) );
#1056 = PCURVE('',#1057,#1062);
#1057 = PLANE('',#1058);
#1058 = AXIS2_PLACEMENT_3D('',#1059,#1060,#1061);
#1059 = CARTESIAN_POINT('',(9.1,0.,0.));
#1060 = DIRECTION('',(1.,0.,0.));
#1061 = DIRECTION('',(0.,1.,0.));
#1062 = DEFINITIONAL_REPRESENTATION('',(#1063),#1067);
#1063 = CIRCLE('',#1064,4.8);
#1064 = AXIS2_PLACEMENT_2D('',#1065,#1066);
#1065 = CARTESIAN_POINT('',(0.,0.));
#1066 = DIRECTION('',(1.,0.));
#1067 = ( GEOMETRIC_REPRESENTATION_CONTEXT(2) 
PARAMETRIC_REPRESENTATION_CONTEXT() REPRESENTATION_CONTEXT('2D SPACE',''
  ) );
#1068 = ORIENTED_EDGE('',*,*,#1069,.T.);
#1069 = EDGE_CURVE('',#1041,#696,#1070,.T.);
#1070 = SEAM_CURVE('',#1071,(#1075,#1082),.PCURVE_S1.);
#1071 = LINE('',#1072,#1073);
#1072 = CARTESIAN_POINT('',(9.1,4.8,0.));
#1073 = VECTOR('',#1074,1.);
#1074 = DIRECTION('',(-1.,0.,0.));
#1075 = PCURVE('',#712,#1076);
#1076 = DEFINITIONAL_REPRESENTATION('',(#1077),#1081);
#1077 = LINE('',#1078,#1079);
#1078 = CARTESIAN_POINT('',(-0.,0.));
#1079 = VECTOR('',#1080,1.);
#1080 = DIRECTION('',(-0.,1.));
#1081 = ( GEOMETRIC_REPRESENTATION_CONTEXT(2) 
PARAMETRIC_REPRESENTATION_CONTEXT() REPRESENTATION_CONTEXT('2D SPACE',''
  ) );
#1082 = PCURVE('',#712,#1083);
#1083 = DEFINITIONAL_REPRESENTATION('',(#1084),#1088);
#1084 = LINE('',#1085,#1086);
#1085 = CARTESIAN_POINT('',(-6.28318530718,0.));
#1086 = VECTOR('',#1087,1.);
#1087 = DIRECTION('',(-0.,1.));
#1088 = ( GEOMETRIC_REPRESENTATION_CONTEXT(2) 
PARAMETRIC_REPRESENTATION_CONTEXT() REPRESENTATION_CONTEXT('2D SPACE',''
  ) );
#1089 = ORIENTED_EDGE('',*,*,#695,.F.);
#1090 = ORIENTED_EDGE('',*,*,#1069,.F.);
#1091 = ADVANCED_FACE('',(#1092),#795,.T.);
#1092 = FACE_BOUND('',#1093,.T.);
#1093 = EDGE_LOOP('',(#1094,#1125,#1146,#1147,#1148,#1171));
#1094 = ORIENTED_EDGE('',*,*,#1095,.F.);
#1095 = EDGE_CURVE('',#1096,#1098,#1100,.T.);
#1096 = VERTEX_POINT('',#1097);
#1097 = CARTESIAN_POINT('',(-1.85,2.5,-6.));
#1098 = VERTEX_POINT('',#1099);
#1099 = CARTESIAN_POINT('',(-1.85,6.5,0.));
#1100 = SURFACE_CURVE('',#1101,(#1106,#1113),.PCURVE_S1.);
#1101 = CIRCLE('',#1102,6.5);
#1102 = AXIS2_PLACEMENT_3D('',#1103,#1104,#1105);
#1103 = CARTESIAN_POINT('',(-1.85,0.,0.));
#1104 = DIRECTION('',(1.,0.,0.));
#1105 = DIRECTION('',(0.,1.,0.));
#1106 = PCURVE('',#795,#1107);
#1107 = DEFINITIONAL_REPRESENTATION('',(#1108),#1112);
#1108 = LINE('',#1109,#1110);
#1109 = CARTESIAN_POINT('',(-6.28318530718,4.65));
#1110 = VECTOR('',#1111,1.);
#1111 = DIRECTION('',(1.,0.));
#1112 = ( GEOMETRIC_REPRESENTATION_CONTEXT(2) 
PARAMETRIC_REPRESENTATION_CONTEXT() REPRESENTATION_CONTEXT('2D SPACE',''
  ) );
#1113 = PCURVE('',#1114,#1119);
#1114 = CONICAL_SURFACE('',#1115,6.5,0.785398163397);
#1115 = AXIS2_PLACEMENT_3D('',#1116,#1117,#1118);
#1116 = CARTESIAN_POINT('',(-1.85,0.,0.));
#1117 = DIRECTION('',(1.,0.,0.));
#1118 = DIRECTION('',(0.,1.,0.));
#1119 = DEFINITIONAL_REPRESENTATION('',(#1120),#1124);
#1120 = LINE('',#1121,#1122);
#1121 = CARTESIAN_POINT('',(0.,0.));
#1122 = VECTOR('',#1123,1.);
#1123 = DIRECTION('',(1.,0.));
#1124 = ( GEOMETRIC_REPRESENTATION_CONTEXT(2) 
PARAMETRIC_REPRESENTATION_CONTEXT() REPRESENTATION_CONTEXT('2D SPACE',''
  ) );
#1125 = ORIENTED_EDGE('',*,*,#1126,.F.);
#1126 = EDGE_CURVE('',#779,#1096,#1127,.T.);
#1127 = SURFACE_CURVE('',#1128,(#1132,#1139),.PCURVE_S1.);
#1128 = LINE('',#1129,#1130);
#1129 = CARTESIAN_POINT('',(-6.5,2.5,-6.));
#1130 = VECTOR('',#1131,1.);
#1131 = DIRECTION('',(1.,0.,0.));
#1132 = PCURVE('',#795,#1133);
#1133 = DEFINITIONAL_REPRESENTATION('',(#1134),#1138);
#1134 = LINE('',#1135,#1136);
#1135 = CARTESIAN_POINT('',(-1.176005207095,0.));
#1136 = VECTOR('',#1137,1.);
#1137 = DIRECTION('',(0.,1.));
#1138 = ( GEOMETRIC_REPRESENTATION_CONTEXT(2) 
PARAMETRIC_REPRESENTATION_CONTEXT() REPRESENTATION_CONTEXT('2D SPACE',''
  ) );
#1139 = PCURVE('',#829,#1140);
#1140 = DEFINITIONAL_REPRESENTATION('',(#1141),#1145);
#1141 = LINE('',#1142,#1143);
#1142 = CARTESIAN_POINT('',(2.5,0.));
#1143 = VECTOR('',#1144,1.);
#1144 = DIRECTION('',(0.,-1.));
#1145 = ( GEOMETRIC_REPRESENTATION_CONTEXT(2) 
PARAMETRIC_REPRESENTATION_CONTEXT() REPRESENTATION_CONTEXT('2D SPACE',''
  ) );
#1146 = ORIENTED_EDGE('',*,*,#778,.T.);
#1147 = ORIENTED_EDGE('',*,*,#904,.T.);
#1148 = ORIENTED_EDGE('',*,*,#1149,.T.);
#1149 = EDGE_CURVE('',#871,#1150,#1152,.T.);
#1150 = VERTEX_POINT('',#1151);
#1151 = CARTESIAN_POINT('',(-1.85,2.5,6.));
#1152 = SURFACE_CURVE('',#1153,(#1157,#1164),.PCURVE_S1.);
#1153 = LINE('',#1154,#1155);
#1154 = CARTESIAN_POINT('',(-6.5,2.5,6.));
#1155 = VECTOR('',#1156,1.);
#1156 = DIRECTION('',(1.,0.,0.));
#1157 = PCURVE('',#795,#1158);
#1158 = DEFINITIONAL_REPRESENTATION('',(#1159),#1163);
#1159 = LINE('',#1160,#1161);
#1160 = CARTESIAN_POINT('',(1.176005207095,0.));
#1161 = VECTOR('',#1162,1.);
#1162 = DIRECTION('',(0.,1.));
#1163 = ( GEOMETRIC_REPRESENTATION_CONTEXT(2) 
PARAMETRIC_REPRESENTATION_CONTEXT() REPRESENTATION_CONTEXT('2D SPACE',''
  ) );
#1164 = PCURVE('',#892,#1165);
#1165 = DEFINITIONAL_REPRESENTATION('',(#1166),#1170);
#1166 = LINE('',#1167,#1168);
#1167 = CARTESIAN_POINT('',(7.5,0.));
#1168 = VECTOR('',#1169,1.);
#1169 = DIRECTION('',(0.,-1.));
#1170 = ( GEOMETRIC_REPRESENTATION_CONTEXT(2) 
PARAMETRIC_REPRESENTATION_CONTEXT() REPRESENTATION_CONTEXT('2D SPACE',''
  ) );
#1171 = ORIENTED_EDGE('',*,*,#1172,.F.);
#1172 = EDGE_CURVE('',#1098,#1150,#1173,.T.);
#1173 = SURFACE_CURVE('',#1174,(#1179,#1186),.PCURVE_S1.);
#1174 = CIRCLE('',#1175,6.5);
#1175 = AXIS2_PLACEMENT_3D('',#1176,#1177,#1178);
#1176 = CARTESIAN_POINT('',(-1.85,0.,0.));
#1177 = DIRECTION('',(1.,0.,0.));
#1178 = DIRECTION('',(0.,1.,0.));
#1179 = PCURVE('',#795,#1180);
#1180 = DEFINITIONAL_REPRESENTATION('',(#1181),#1185);
#1181 = LINE('',#1182,#1183);
#1182 = CARTESIAN_POINT('',(0.,4.65));
#1183 = VECTOR('',#1184,1.);
#1184 = DIRECTION('',(1.,0.));
#1185 = ( GEOMETRIC_REPRESENTATION_CONTEXT(2) 
PARAMETRIC_REPRESENTATION_CONTEXT() REPRESENTATION_CONTEXT('2D SPACE',''
  ) );
#1186 = PCURVE('',#1187,#1192);
#1187 = CONICAL_SURFACE('',#1188,6.5,0.785398163397);
#1188 = AXIS2_PLACEMENT_3D('',#1189,#1190,#1191);
#1189 = CARTESIAN_POINT('',(-1.85,0.,0.));
#1190 = DIRECTION('',(1.,0.,0.));
#1191 = DIRECTION('',(0.,1.,0.));
#1192 = DEFINITIONAL_REPRESENTATION('',(#1193),#1197);
#1193 = LINE('',#1194,#1195);
#1194 = CARTESIAN_POINT('',(0.,0.));
#1195 = VECTOR('',#1196,1.);
#1196 = DIRECTION('',(1.,0.));
#1197 = ( GEOMETRIC_REPRESENTATION_CONTEXT(2) 
PARAMETRIC_REPRESENTATION_CONTEXT() REPRESENTATION_CONTEXT('2D SPACE',''
  ) );
#1198 = ADVANCED_FACE('',(#1199),#892,.T.);
#1199 = FACE_BOUND('',#1200,.T.);
#1200 = EDGE_LOOP('',(#1201,#1235,#1263,#1288,#1289,#1290));
#1201 = ORIENTED_EDGE('',*,*,#1202,.F.);
#1202 = EDGE_CURVE('',#1203,#1205,#1207,.T.);
#1203 = VERTEX_POINT('',#1204);
#1204 = CARTESIAN_POINT('',(-1.5,-3.304920573932,6.));
#1205 = VERTEX_POINT('',#1206);
#1206 = CARTESIAN_POINT('',(-1.85,-2.5,6.));
#1207 = SURFACE_CURVE('',#1208,(#1213,#1220),.PCURVE_S1.);
#1208 = HYPERBOLA('',#1209,6.,6.);
#1209 = AXIS2_PLACEMENT_3D('',#1210,#1211,#1212);
#1210 = CARTESIAN_POINT('',(-8.35,0.,6.));
#1211 = DIRECTION('',(0.,0.,1.));
#1212 = DIRECTION('',(1.,0.,0.));
#1213 = PCURVE('',#892,#1214);
#1214 = DEFINITIONAL_REPRESENTATION('',(#1215),#1219);
#1215 = HYPERBOLA('',#1216,6.,6.);
#1216 = AXIS2_PLACEMENT_2D('',#1217,#1218);
#1217 = CARTESIAN_POINT('',(5.,1.85));
#1218 = DIRECTION('',(0.,-1.));
#1219 = ( GEOMETRIC_REPRESENTATION_CONTEXT(2) 
PARAMETRIC_REPRESENTATION_CONTEXT() REPRESENTATION_CONTEXT('2D SPACE',''
  ) );
#1220 = PCURVE('',#1221,#1226);
#1221 = CONICAL_SURFACE('',#1222,6.5,0.785398163397);
#1222 = AXIS2_PLACEMENT_3D('',#1223,#1224,#1225);
#1223 = CARTESIAN_POINT('',(-1.85,0.,0.));
#1224 = DIRECTION('',(1.,0.,0.));
#1225 = DIRECTION('',(0.,1.,0.));
#1226 = DEFINITIONAL_REPRESENTATION('',(#1227),#1234);
#1227 = B_SPLINE_CURVE_WITH_KNOTS('',5,(#1228,#1229,#1230,#1231,#1232,
    #1233),.UNSPECIFIED.,.F.,.F.,(6,6),(-0.526198904398,-0.405465108108)
  ,.PIECEWISE_BEZIER_KNOTS.);
#1228 = CARTESIAN_POINT('',(2.074268951656,0.35));
#1229 = CARTESIAN_POINT('',(2.053118505591,0.270196878534));
#1230 = CARTESIAN_POINT('',(2.031660054893,0.195386258916));
#1231 = CARTESIAN_POINT('',(2.00990732304,0.125471206774));
#1232 = CARTESIAN_POINT('',(1.987876762733,6.036689814504E-02));
#1233 = CARTESIAN_POINT('',(1.965587446495,2.192031021678E-16));
#1234 = ( GEOMETRIC_REPRESENTATION_CONTEXT(2) 
PARAMETRIC_REPRESENTATION_CONTEXT() REPRESENTATION_CONTEXT('2D SPACE',''
  ) );
#1235 = ORIENTED_EDGE('',*,*,#1236,.T.);
#1236 = EDGE_CURVE('',#1203,#1237,#1239,.T.);
#1237 = VERTEX_POINT('',#1238);
#1238 = CARTESIAN_POINT('',(-1.5,3.304920573932,6.));
#1239 = SURFACE_CURVE('',#1240,(#1244,#1251),.PCURVE_S1.);
#1240 = LINE('',#1241,#1242);
#1241 = CARTESIAN_POINT('',(-1.5,-5.,6.));
#1242 = VECTOR('',#1243,1.);
#1243 = DIRECTION('',(0.,1.,0.));
#1244 = PCURVE('',#892,#1245);
#1245 = DEFINITIONAL_REPRESENTATION('',(#1246),#1250);
#1246 = LINE('',#1247,#1248);
#1247 = CARTESIAN_POINT('',(0.,-5.));
#1248 = VECTOR('',#1249,1.);
#1249 = DIRECTION('',(1.,0.));
#1250 = ( GEOMETRIC_REPRESENTATION_CONTEXT(2) 
PARAMETRIC_REPRESENTATION_CONTEXT() REPRESENTATION_CONTEXT('2D SPACE',''
  ) );
#1251 = PCURVE('',#1252,#1257);
#1252 = PLANE('',#1253);
#1253 = AXIS2_PLACEMENT_3D('',#1254,#1255,#1256);
#1254 = CARTESIAN_POINT('',(-1.5,0.,0.));
#1255 = DIRECTION('',(1.,0.,0.));
#1256 = DIRECTION('',(0.,1.,0.));
#1257 = DEFINITIONAL_REPRESENTATION('',(#1258),#1262);
#1258 = LINE('',#1259,#1260);
#1259 = CARTESIAN_POINT('',(-5.,6.));
#1260 = VECTOR('',#1261,1.);
#1261 = DIRECTION('',(1.,-0.));
#1262 = ( GEOMETRIC_REPRESENTATION_CONTEXT(2) 
PARAMETRIC_REPRESENTATION_CONTEXT() REPRESENTATION_CONTEXT('2D SPACE',''
  ) );
#1263 = ORIENTED_EDGE('',*,*,#1264,.F.);
#1264 = EDGE_CURVE('',#1150,#1237,#1265,.T.);
#1265 = SURFACE_CURVE('',#1266,(#1271,#1278),.PCURVE_S1.);
#1266 = HYPERBOLA('',#1267,6.,6.);
#1267 = AXIS2_PLACEMENT_3D('',#1268,#1269,#1270);
#1268 = CARTESIAN_POINT('',(-8.35,0.,6.));
#1269 = DIRECTION('',(0.,0.,1.));
#1270 = DIRECTION('',(1.,0.,0.));
#1271 = PCURVE('',#892,#1272);
#1272 = DEFINITIONAL_REPRESENTATION('',(#1273),#1277);
#1273 = HYPERBOLA('',#1274,6.,6.);
#1274 = AXIS2_PLACEMENT_2D('',#1275,#1276);
#1275 = CARTESIAN_POINT('',(5.,1.85));
#1276 = DIRECTION('',(0.,-1.));
#1277 = ( GEOMETRIC_REPRESENTATION_CONTEXT(2) 
PARAMETRIC_REPRESENTATION_CONTEXT() REPRESENTATION_CONTEXT('2D SPACE',''
  ) );
#1278 = PCURVE('',#1187,#1279);
#1279 = DEFINITIONAL_REPRESENTATION('',(#1280),#1287);
#1280 = B_SPLINE_CURVE_WITH_KNOTS('',5,(#1281,#1282,#1283,#1284,#1285,
    #1286),.UNSPECIFIED.,.F.,.F.,(6,6),(0.405465108108,0.526198904398),
  .PIECEWISE_BEZIER_KNOTS.);
#1281 = CARTESIAN_POINT('',(1.176005207095,2.192031021678E-16));
#1282 = CARTESIAN_POINT('',(1.153715890857,6.036689814504E-02));
#1283 = CARTESIAN_POINT('',(1.131685330549,0.125471206774));
#1284 = CARTESIAN_POINT('',(1.109932598697,0.195386258916));
#1285 = CARTESIAN_POINT('',(1.088474147999,0.270196878534));
#1286 = CARTESIAN_POINT('',(1.067323701934,0.35));
#1287 = ( GEOMETRIC_REPRESENTATION_CONTEXT(2) 
PARAMETRIC_REPRESENTATION_CONTEXT() REPRESENTATION_CONTEXT('2D SPACE',''
  ) );
#1288 = ORIENTED_EDGE('',*,*,#1149,.F.);
#1289 = ORIENTED_EDGE('',*,*,#870,.F.);
#1290 = ORIENTED_EDGE('',*,*,#1291,.T.);
#1291 = EDGE_CURVE('',#842,#1205,#1292,.T.);
#1292 = SURFACE_CURVE('',#1293,(#1297,#1304),.PCURVE_S1.);
#1293 = LINE('',#1294,#1295);
#1294 = CARTESIAN_POINT('',(-6.5,-2.5,6.));
#1295 = VECTOR('',#1296,1.);
#1296 = DIRECTION('',(1.,0.,0.));
#1297 = PCURVE('',#892,#1298);
#1298 = DEFINITIONAL_REPRESENTATION('',(#1299),#1303);
#1299 = LINE('',#1300,#1301);
#1300 = CARTESIAN_POINT('',(2.5,0.));
#1301 = VECTOR('',#1302,1.);
#1302 = DIRECTION('',(0.,-1.));
#1303 = ( GEOMETRIC_REPRESENTATION_CONTEXT(2) 
PARAMETRIC_REPRESENTATION_CONTEXT() REPRESENTATION_CONTEXT('2D SPACE',''
  ) );
#1304 = PCURVE('',#858,#1305);
#1305 = DEFINITIONAL_REPRESENTATION('',(#1306),#1310);
#1306 = LINE('',#1307,#1308);
#1307 = CARTESIAN_POINT('',(1.965587446495,0.));
#1308 = VECTOR('',#1309,1.);
#1309 = DIRECTION('',(0.,1.));
#1310 = ( GEOMETRIC_REPRESENTATION_CONTEXT(2) 
PARAMETRIC_REPRESENTATION_CONTEXT() REPRESENTATION_CONTEXT('2D SPACE',''
  ) );
#1311 = ADVANCED_FACE('',(#1312),#858,.T.);
#1312 = FACE_BOUND('',#1313,.T.);
#1313 = EDGE_LOOP('',(#1314,#1338,#1339,#1340));
#1314 = ORIENTED_EDGE('',*,*,#1315,.F.);
#1315 = EDGE_CURVE('',#1205,#1316,#1318,.T.);
#1316 = VERTEX_POINT('',#1317);
#1317 = CARTESIAN_POINT('',(-1.85,-2.5,-6.));
#1318 = SURFACE_CURVE('',#1319,(#1324,#1331),.PCURVE_S1.);
#1319 = CIRCLE('',#1320,6.5);
#1320 = AXIS2_PLACEMENT_3D('',#1321,#1322,#1323);
#1321 = CARTESIAN_POINT('',(-1.85,0.,0.));
#1322 = DIRECTION('',(1.,0.,0.));
#1323 = DIRECTION('',(0.,1.,0.));
#1324 = PCURVE('',#858,#1325);
#1325 = DEFINITIONAL_REPRESENTATION('',(#1326),#1330);
#1326 = LINE('',#1327,#1328);
#1327 = CARTESIAN_POINT('',(0.,4.65));
#1328 = VECTOR('',#1329,1.);
#1329 = DIRECTION('',(1.,0.));
#1330 = ( GEOMETRIC_REPRESENTATION_CONTEXT(2) 
PARAMETRIC_REPRESENTATION_CONTEXT() REPRESENTATION_CONTEXT('2D SPACE',''
  ) );
#1331 = PCURVE('',#1221,#1332);
#1332 = DEFINITIONAL_REPRESENTATION('',(#1333),#1337);
#1333 = LINE('',#1334,#1335);
#1334 = CARTESIAN_POINT('',(0.,0.));
#1335 = VECTOR('',#1336,1.);
#1336 = DIRECTION('',(1.,0.));
#1337 = ( GEOMETRIC_REPRESENTATION_CONTEXT(2) 
PARAMETRIC_REPRESENTATION_CONTEXT() REPRESENTATION_CONTEXT('2D SPACE',''
  ) );
#1338 = ORIENTED_EDGE('',*,*,#1291,.F.);
#1339 = ORIENTED_EDGE('',*,*,#841,.T.);
#1340 = ORIENTED_EDGE('',*,*,#1341,.T.);
#1341 = EDGE_CURVE('',#808,#1316,#1342,.T.);
#1342 = SURFACE_CURVE('',#1343,(#1347,#1354),.PCURVE_S1.);
#1343 = LINE('',#1344,#1345);
#1344 = CARTESIAN_POINT('',(-6.5,-2.5,-6.));
#1345 = VECTOR('',#1346,1.);
#1346 = DIRECTION('',(1.,0.,0.));
#1347 = PCURVE('',#858,#1348);
#1348 = DEFINITIONAL_REPRESENTATION('',(#1349),#1353);
#1349 = LINE('',#1350,#1351);
#1350 = CARTESIAN_POINT('',(4.317597860685,0.));
#1351 = VECTOR('',#1352,1.);
#1352 = DIRECTION('',(0.,1.));
#1353 = ( GEOMETRIC_REPRESENTATION_CONTEXT(2) 
PARAMETRIC_REPRESENTATION_CONTEXT() REPRESENTATION_CONTEXT('2D SPACE',''
  ) );
#1354 = PCURVE('',#829,#1355);
#1355 = DEFINITIONAL_REPRESENTATION('',(#1356),#1360);
#1356 = LINE('',#1357,#1358);
#1357 = CARTESIAN_POINT('',(7.5,0.));
#1358 = VECTOR('',#1359,1.);
#1359 = DIRECTION('',(0.,-1.));
#1360 = ( GEOMETRIC_REPRESENTATION_CONTEXT(2) 
PARAMETRIC_REPRESENTATION_CONTEXT() REPRESENTATION_CONTEXT('2D SPACE',''
  ) );
#1361 = ADVANCED_FACE('',(#1362),#829,.T.);
#1362 = FACE_BOUND('',#1363,.T.);
#1363 = EDGE_LOOP('',(#1364,#1391,#1414,#1439,#1440,#1441));
#1364 = ORIENTED_EDGE('',*,*,#1365,.F.);
#1365 = EDGE_CURVE('',#1366,#1096,#1368,.T.);
#1366 = VERTEX_POINT('',#1367);
#1367 = CARTESIAN_POINT('',(-1.5,3.304920573932,-6.));
#1368 = SURFACE_CURVE('',#1369,(#1374,#1381),.PCURVE_S1.);
#1369 = HYPERBOLA('',#1370,6.,6.);
#1370 = AXIS2_PLACEMENT_3D('',#1371,#1372,#1373);
#1371 = CARTESIAN_POINT('',(-8.35,0.,-6.));
#1372 = DIRECTION('',(0.,0.,-1.));
#1373 = DIRECTION('',(1.,0.,0.));
#1374 = PCURVE('',#829,#1375);
#1375 = DEFINITIONAL_REPRESENTATION('',(#1376),#1380);
#1376 = HYPERBOLA('',#1377,6.,6.);
#1377 = AXIS2_PLACEMENT_2D('',#1378,#1379);
#1378 = CARTESIAN_POINT('',(5.,1.85));
#1379 = DIRECTION('',(0.,-1.));
#1380 = ( GEOMETRIC_REPRESENTATION_CONTEXT(2) 
PARAMETRIC_REPRESENTATION_CONTEXT() REPRESENTATION_CONTEXT('2D SPACE',''
  ) );
#1381 = PCURVE('',#1114,#1382);
#1382 = DEFINITIONAL_REPRESENTATION('',(#1383),#1390);
#1383 = B_SPLINE_CURVE_WITH_KNOTS('',5,(#1384,#1385,#1386,#1387,#1388,
    #1389),.UNSPECIFIED.,.F.,.F.,(6,6),(-0.526198904398,-0.405465108108)
  ,.PIECEWISE_BEZIER_KNOTS.);
#1384 = CARTESIAN_POINT('',(5.215861605246,0.35));
#1385 = CARTESIAN_POINT('',(5.194711159181,0.270196878534));
#1386 = CARTESIAN_POINT('',(5.173252708483,0.195386258916));
#1387 = CARTESIAN_POINT('',(5.15149997663,0.125471206774));
#1388 = CARTESIAN_POINT('',(5.129469416323,6.036689814504E-02));
#1389 = CARTESIAN_POINT('',(5.107180100084,2.192031021678E-16));
#1390 = ( GEOMETRIC_REPRESENTATION_CONTEXT(2) 
PARAMETRIC_REPRESENTATION_CONTEXT() REPRESENTATION_CONTEXT('2D SPACE',''
  ) );
#1391 = ORIENTED_EDGE('',*,*,#1392,.T.);
#1392 = EDGE_CURVE('',#1366,#1393,#1395,.T.);
#1393 = VERTEX_POINT('',#1394);
#1394 = CARTESIAN_POINT('',(-1.5,-3.304920573932,-6.));
#1395 = SURFACE_CURVE('',#1396,(#1400,#1407),.PCURVE_S1.);
#1396 = LINE('',#1397,#1398);
#1397 = CARTESIAN_POINT('',(-1.5,5.,-6.));
#1398 = VECTOR('',#1399,1.);
#1399 = DIRECTION('',(0.,-1.,0.));
#1400 = PCURVE('',#829,#1401);
#1401 = DEFINITIONAL_REPRESENTATION('',(#1402),#1406);
#1402 = LINE('',#1403,#1404);
#1403 = CARTESIAN_POINT('',(0.,-5.));
#1404 = VECTOR('',#1405,1.);
#1405 = DIRECTION('',(1.,0.));
#1406 = ( GEOMETRIC_REPRESENTATION_CONTEXT(2) 
PARAMETRIC_REPRESENTATION_CONTEXT() REPRESENTATION_CONTEXT('2D SPACE',''
  ) );
#1407 = PCURVE('',#1252,#1408);
#1408 = DEFINITIONAL_REPRESENTATION('',(#1409),#1413);
#1409 = LINE('',#1410,#1411);
#1410 = CARTESIAN_POINT('',(5.,-6.));
#1411 = VECTOR('',#1412,1.);
#1412 = DIRECTION('',(-1.,0.));
#1413 = ( GEOMETRIC_REPRESENTATION_CONTEXT(2) 
PARAMETRIC_REPRESENTATION_CONTEXT() REPRESENTATION_CONTEXT('2D SPACE',''
  ) );
#1414 = ORIENTED_EDGE('',*,*,#1415,.F.);
#1415 = EDGE_CURVE('',#1316,#1393,#1416,.T.);
#1416 = SURFACE_CURVE('',#1417,(#1422,#1429),.PCURVE_S1.);
#1417 = HYPERBOLA('',#1418,6.,6.);
#1418 = AXIS2_PLACEMENT_3D('',#1419,#1420,#1421);
#1419 = CARTESIAN_POINT('',(-8.35,0.,-6.));
#1420 = DIRECTION('',(0.,0.,-1.));
#1421 = DIRECTION('',(1.,0.,0.));
#1422 = PCURVE('',#829,#1423);
#1423 = DEFINITIONAL_REPRESENTATION('',(#1424),#1428);
#1424 = HYPERBOLA('',#1425,6.,6.);
#1425 = AXIS2_PLACEMENT_2D('',#1426,#1427);
#1426 = CARTESIAN_POINT('',(5.,1.85));
#1427 = DIRECTION('',(0.,-1.));
#1428 = ( GEOMETRIC_REPRESENTATION_CONTEXT(2) 
PARAMETRIC_REPRESENTATION_CONTEXT() REPRESENTATION_CONTEXT('2D SPACE',''
  ) );
#1429 = PCURVE('',#1221,#1430);
#1430 = DEFINITIONAL_REPRESENTATION('',(#1431),#1438);
#1431 = B_SPLINE_CURVE_WITH_KNOTS('',5,(#1432,#1433,#1434,#1435,#1436,
    #1437),.UNSPECIFIED.,.F.,.F.,(6,6),(0.405465108108,0.526198904398),
  .PIECEWISE_BEZIER_KNOTS.);
#1432 = CARTESIAN_POINT('',(4.317597860685,1.110157646463E-15));
#1433 = CARTESIAN_POINT('',(4.295308544447,6.036689814504E-02));
#1434 = CARTESIAN_POINT('',(4.273277984139,0.125471206774));
#1435 = CARTESIAN_POINT('',(4.251525252286,0.195386258916));
#1436 = CARTESIAN_POINT('',(4.230066801589,0.270196878534));
#1437 = CARTESIAN_POINT('',(4.208916355523,0.35));
#1438 = ( GEOMETRIC_REPRESENTATION_CONTEXT(2) 
PARAMETRIC_REPRESENTATION_CONTEXT() REPRESENTATION_CONTEXT('2D SPACE',''
  ) );
#1439 = ORIENTED_EDGE('',*,*,#1341,.F.);
#1440 = ORIENTED_EDGE('',*,*,#807,.F.);
#1441 = ORIENTED_EDGE('',*,*,#1126,.T.);
#1442 = ADVANCED_FACE('',(#1443),#972,.T.);
#1443 = FACE_BOUND('',#1444,.T.);
#1444 = EDGE_LOOP('',(#1445,#1446));
#1445 = ORIENTED_EDGE('',*,*,#956,.T.);
#1446 = ORIENTED_EDGE('',*,*,#1011,.F.);
#1447 = ADVANCED_FACE('',(#1448,#1479),#1057,.T.);
#1448 = FACE_BOUND('',#1449,.T.);
#1449 = EDGE_LOOP('',(#1450));
#1450 = ORIENTED_EDGE('',*,*,#1451,.T.);
#1451 = EDGE_CURVE('',#1452,#1452,#1454,.T.);
#1452 = VERTEX_POINT('',#1453);
#1453 = CARTESIAN_POINT('',(9.1,5.1,0.));
#1454 = SURFACE_CURVE('',#1455,(#1460,#1467),.PCURVE_S1.);
#1455 = CIRCLE('',#1456,5.1);
#1456 = AXIS2_PLACEMENT_3D('',#1457,#1458,#1459);
#1457 = CARTESIAN_POINT('',(9.1,0.,0.));
#1458 = DIRECTION('',(1.,0.,0.));
#1459 = DIRECTION('',(0.,1.,0.));
#1460 = PCURVE('',#1057,#1461);
#1461 = DEFINITIONAL_REPRESENTATION('',(#1462),#1466);
#1462 = CIRCLE('',#1463,5.1);
#1463 = AXIS2_PLACEMENT_2D('',#1464,#1465);
#1464 = CARTESIAN_POINT('',(0.,0.));
#1465 = DIRECTION('',(1.,0.));
#1466 = ( GEOMETRIC_REPRESENTATION_CONTEXT(2) 
PARAMETRIC_REPRESENTATION_CONTEXT() REPRESENTATION_CONTEXT('2D SPACE',''
  ) );
#1467 = PCURVE('',#1468,#1473);
#1468 = CONICAL_SURFACE('',#1469,5.5,0.212938349579);
#1469 = AXIS2_PLACEMENT_3D('',#1470,#1471,#1472);
#1470 = CARTESIAN_POINT('',(7.25,0.,0.));
#1471 = DIRECTION('',(-1.,-0.,-0.));
#1472 = DIRECTION('',(0.,1.,0.));
#1473 = DEFINITIONAL_REPRESENTATION('',(#1474),#1478);
#1474 = LINE('',#1475,#1476);
#1475 = CARTESIAN_POINT('',(-0.,-1.85));
#1476 = VECTOR('',#1477,1.);
#1477 = DIRECTION('',(-1.,-0.));
#1478 = ( GEOMETRIC_REPRESENTATION_CONTEXT(2) 
PARAMETRIC_REPRESENTATION_CONTEXT() REPRESENTATION_CONTEXT('2D SPACE',''
  ) );
#1479 = FACE_BOUND('',#1480,.T.);
#1480 = EDGE_LOOP('',(#1481));
#1481 = ORIENTED_EDGE('',*,*,#1040,.F.);
#1482 = ADVANCED_FACE('',(#1483),#1114,.T.);
#1483 = FACE_BOUND('',#1484,.T.);
#1484 = EDGE_LOOP('',(#1485,#1486,#1509,#1531));
#1485 = ORIENTED_EDGE('',*,*,#1095,.T.);
#1486 = ORIENTED_EDGE('',*,*,#1487,.T.);
#1487 = EDGE_CURVE('',#1098,#1488,#1490,.T.);
#1488 = VERTEX_POINT('',#1489);
#1489 = CARTESIAN_POINT('',(-1.5,6.85,0.));
#1490 = SURFACE_CURVE('',#1491,(#1495,#1502),.PCURVE_S1.);
#1491 = LINE('',#1492,#1493);
#1492 = CARTESIAN_POINT('',(-1.85,6.5,0.));
#1493 = VECTOR('',#1494,1.);
#1494 = DIRECTION('',(0.707106781187,0.707106781187,0.));
#1495 = PCURVE('',#1114,#1496);
#1496 = DEFINITIONAL_REPRESENTATION('',(#1497),#1501);
#1497 = LINE('',#1498,#1499);
#1498 = CARTESIAN_POINT('',(6.28318530718,0.));
#1499 = VECTOR('',#1500,1.);
#1500 = DIRECTION('',(0.,1.));
#1501 = ( GEOMETRIC_REPRESENTATION_CONTEXT(2) 
PARAMETRIC_REPRESENTATION_CONTEXT() REPRESENTATION_CONTEXT('2D SPACE',''
  ) );
#1502 = PCURVE('',#1187,#1503);
#1503 = DEFINITIONAL_REPRESENTATION('',(#1504),#1508);
#1504 = LINE('',#1505,#1506);
#1505 = CARTESIAN_POINT('',(0.,0.));
#1506 = VECTOR('',#1507,1.);
#1507 = DIRECTION('',(0.,1.));
#1508 = ( GEOMETRIC_REPRESENTATION_CONTEXT(2) 
PARAMETRIC_REPRESENTATION_CONTEXT() REPRESENTATION_CONTEXT('2D SPACE',''
  ) );
#1509 = ORIENTED_EDGE('',*,*,#1510,.F.);
#1510 = EDGE_CURVE('',#1366,#1488,#1511,.T.);
#1511 = SURFACE_CURVE('',#1512,(#1517,#1524),.PCURVE_S1.);
#1512 = CIRCLE('',#1513,6.85);
#1513 = AXIS2_PLACEMENT_3D('',#1514,#1515,#1516);
#1514 = CARTESIAN_POINT('',(-1.5,0.,0.));
#1515 = DIRECTION('',(1.,0.,0.));
#1516 = DIRECTION('',(0.,1.,0.));
#1517 = PCURVE('',#1114,#1518);
#1518 = DEFINITIONAL_REPRESENTATION('',(#1519),#1523);
#1519 = LINE('',#1520,#1521);
#1520 = CARTESIAN_POINT('',(0.,0.35));
#1521 = VECTOR('',#1522,1.);
#1522 = DIRECTION('',(1.,0.));
#1523 = ( GEOMETRIC_REPRESENTATION_CONTEXT(2) 
PARAMETRIC_REPRESENTATION_CONTEXT() REPRESENTATION_CONTEXT('2D SPACE',''
  ) );
#1524 = PCURVE('',#1252,#1525);
#1525 = DEFINITIONAL_REPRESENTATION('',(#1526),#1530);
#1526 = CIRCLE('',#1527,6.85);
#1527 = AXIS2_PLACEMENT_2D('',#1528,#1529);
#1528 = CARTESIAN_POINT('',(0.,0.));
#1529 = DIRECTION('',(1.,-0.));
#1530 = ( GEOMETRIC_REPRESENTATION_CONTEXT(2) 
PARAMETRIC_REPRESENTATION_CONTEXT() REPRESENTATION_CONTEXT('2D SPACE',''
  ) );
#1531 = ORIENTED_EDGE('',*,*,#1365,.T.);
#1532 = ADVANCED_FACE('',(#1533),#1187,.T.);
#1533 = FACE_BOUND('',#1534,.T.);
#1534 = EDGE_LOOP('',(#1535,#1536,#1537,#1538));
#1535 = ORIENTED_EDGE('',*,*,#1487,.F.);
#1536 = ORIENTED_EDGE('',*,*,#1172,.T.);
#1537 = ORIENTED_EDGE('',*,*,#1264,.T.);
#1538 = ORIENTED_EDGE('',*,*,#1539,.F.);
#1539 = EDGE_CURVE('',#1488,#1237,#1540,.T.);
#1540 = SURFACE_CURVE('',#1541,(#1546,#1553),.PCURVE_S1.);
#1541 = CIRCLE('',#1542,6.85);
#1542 = AXIS2_PLACEMENT_3D('',#1543,#1544,#1545);
#1543 = CARTESIAN_POINT('',(-1.5,0.,0.));
#1544 = DIRECTION('',(1.,0.,0.));
#1545 = DIRECTION('',(0.,1.,0.));
#1546 = PCURVE('',#1187,#1547);
#1547 = DEFINITIONAL_REPRESENTATION('',(#1548),#1552);
#1548 = LINE('',#1549,#1550);
#1549 = CARTESIAN_POINT('',(0.,0.35));
#1550 = VECTOR('',#1551,1.);
#1551 = DIRECTION('',(1.,0.));
#1552 = ( GEOMETRIC_REPRESENTATION_CONTEXT(2) 
PARAMETRIC_REPRESENTATION_CONTEXT() REPRESENTATION_CONTEXT('2D SPACE',''
  ) );
#1553 = PCURVE('',#1252,#1554);
#1554 = DEFINITIONAL_REPRESENTATION('',(#1555),#1559);
#1555 = CIRCLE('',#1556,6.85);
#1556 = AXIS2_PLACEMENT_2D('',#1557,#1558);
#1557 = CARTESIAN_POINT('',(0.,0.));
#1558 = DIRECTION('',(1.,-0.));
#1559 = ( GEOMETRIC_REPRESENTATION_CONTEXT(2) 
PARAMETRIC_REPRESENTATION_CONTEXT() REPRESENTATION_CONTEXT('2D SPACE',''
  ) );
#1560 = ADVANCED_FACE('',(#1561),#1221,.T.);
#1561 = FACE_BOUND('',#1562,.T.);
#1562 = EDGE_LOOP('',(#1563,#1564,#1565,#1566));
#1563 = ORIENTED_EDGE('',*,*,#1202,.T.);
#1564 = ORIENTED_EDGE('',*,*,#1315,.T.);
#1565 = ORIENTED_EDGE('',*,*,#1415,.T.);
#1566 = ORIENTED_EDGE('',*,*,#1567,.F.);
#1567 = EDGE_CURVE('',#1203,#1393,#1568,.T.);
#1568 = SURFACE_CURVE('',#1569,(#1574,#1581),.PCURVE_S1.);
#1569 = CIRCLE('',#1570,6.85);
#1570 = AXIS2_PLACEMENT_3D('',#1571,#1572,#1573);
#1571 = CARTESIAN_POINT('',(-1.5,0.,0.));
#1572 = DIRECTION('',(1.,0.,0.));
#1573 = DIRECTION('',(0.,1.,0.));
#1574 = PCURVE('',#1221,#1575);
#1575 = DEFINITIONAL_REPRESENTATION('',(#1576),#1580);
#1576 = LINE('',#1577,#1578);
#1577 = CARTESIAN_POINT('',(0.,0.35));
#1578 = VECTOR('',#1579,1.);
#1579 = DIRECTION('',(1.,0.));
#1580 = ( GEOMETRIC_REPRESENTATION_CONTEXT(2) 
PARAMETRIC_REPRESENTATION_CONTEXT() REPRESENTATION_CONTEXT('2D SPACE',''
  ) );
#1581 = PCURVE('',#1252,#1582);
#1582 = DEFINITIONAL_REPRESENTATION('',(#1583),#1587);
#1583 = CIRCLE('',#1584,6.85);
#1584 = AXIS2_PLACEMENT_2D('',#1585,#1586);
#1585 = CARTESIAN_POINT('',(0.,0.));
#1586 = DIRECTION('',(1.,-0.));
#1587 = ( GEOMETRIC_REPRESENTATION_CONTEXT(2) 
PARAMETRIC_REPRESENTATION_CONTEXT() REPRESENTATION_CONTEXT('2D SPACE',''
  ) );
#1588 = ADVANCED_FACE('',(#1589,#1716),#1252,.F.);
#1589 = FACE_BOUND('',#1590,.T.);
#1590 = EDGE_LOOP('',(#1591,#1622,#1646,#1670,#1694));
#1591 = ORIENTED_EDGE('',*,*,#1592,.F.);
#1592 = EDGE_CURVE('',#1593,#1595,#1597,.T.);
#1593 = VERTEX_POINT('',#1594);
#1594 = CARTESIAN_POINT('',(-1.5,3.88876587107,6.));
#1595 = VERTEX_POINT('',#1596);
#1596 = CARTESIAN_POINT('',(-1.5,-3.888765871071,6.));
#1597 = SURFACE_CURVE('',#1598,(#1603,#1610),.PCURVE_S1.);
#1598 = CIRCLE('',#1599,7.15);
#1599 = AXIS2_PLACEMENT_3D('',#1600,#1601,#1602);
#1600 = CARTESIAN_POINT('',(-1.5,0.,0.));
#1601 = DIRECTION('',(1.,0.,0.));
#1602 = DIRECTION('',(0.,1.,0.));
#1603 = PCURVE('',#1252,#1604);
#1604 = DEFINITIONAL_REPRESENTATION('',(#1605),#1609);
#1605 = CIRCLE('',#1606,7.15);
#1606 = AXIS2_PLACEMENT_2D('',#1607,#1608);
#1607 = CARTESIAN_POINT('',(0.,0.));
#1608 = DIRECTION('',(1.,-0.));
#1609 = ( GEOMETRIC_REPRESENTATION_CONTEXT(2) 
PARAMETRIC_REPRESENTATION_CONTEXT() REPRESENTATION_CONTEXT('2D SPACE',''
  ) );
#1610 = PCURVE('',#1611,#1616);
#1611 = CONICAL_SURFACE('',#1612,7.5,0.785398163397);
#1612 = AXIS2_PLACEMENT_3D('',#1613,#1614,#1615);
#1613 = CARTESIAN_POINT('',(-1.15,0.,0.));
#1614 = DIRECTION('',(1.,0.,0.));
#1615 = DIRECTION('',(0.,1.,0.));
#1616 = DEFINITIONAL_REPRESENTATION('',(#1617),#1621);
#1617 = LINE('',#1618,#1619);
#1618 = CARTESIAN_POINT('',(0.,-0.35));
#1619 = VECTOR('',#1620,1.);
#1620 = DIRECTION('',(1.,0.));
#1621 = ( GEOMETRIC_REPRESENTATION_CONTEXT(2) 
PARAMETRIC_REPRESENTATION_CONTEXT() REPRESENTATION_CONTEXT('2D SPACE',''
  ) );
#1622 = ORIENTED_EDGE('',*,*,#1623,.F.);
#1623 = EDGE_CURVE('',#1624,#1593,#1626,.T.);
#1624 = VERTEX_POINT('',#1625);
#1625 = CARTESIAN_POINT('',(-1.5,7.15,0.));
#1626 = SURFACE_CURVE('',#1627,(#1632,#1639),.PCURVE_S1.);
#1627 = CIRCLE('',#1628,7.15);
#1628 = AXIS2_PLACEMENT_3D('',#1629,#1630,#1631);
#1629 = CARTESIAN_POINT('',(-1.5,0.,0.));
#1630 = DIRECTION('',(1.,0.,0.));
#1631 = DIRECTION('',(0.,1.,0.));
#1632 = PCURVE('',#1252,#1633);
#1633 = DEFINITIONAL_REPRESENTATION('',(#1634),#1638);
#1634 = CIRCLE('',#1635,7.15);
#1635 = AXIS2_PLACEMENT_2D('',#1636,#1637);
#1636 = CARTESIAN_POINT('',(0.,0.));
#1637 = DIRECTION('',(1.,-0.));
#1638 = ( GEOMETRIC_REPRESENTATION_CONTEXT(2) 
PARAMETRIC_REPRESENTATION_CONTEXT() REPRESENTATION_CONTEXT('2D SPACE',''
  ) );
#1639 = PCURVE('',#1611,#1640);
#1640 = DEFINITIONAL_REPRESENTATION('',(#1641),#1645);
#1641 = LINE('',#1642,#1643);
#1642 = CARTESIAN_POINT('',(0.,-0.35));
#1643 = VECTOR('',#1644,1.);
#1644 = DIRECTION('',(1.,0.));
#1645 = ( GEOMETRIC_REPRESENTATION_CONTEXT(2) 
PARAMETRIC_REPRESENTATION_CONTEXT() REPRESENTATION_CONTEXT('2D SPACE',''
  ) );
#1646 = ORIENTED_EDGE('',*,*,#1647,.F.);
#1647 = EDGE_CURVE('',#1648,#1624,#1650,.T.);
#1648 = VERTEX_POINT('',#1649);
#1649 = CARTESIAN_POINT('',(-1.5,3.88876587107,-6.));
#1650 = SURFACE_CURVE('',#1651,(#1656,#1663),.PCURVE_S1.);
#1651 = CIRCLE('',#1652,7.15);
#1652 = AXIS2_PLACEMENT_3D('',#1653,#1654,#1655);
#1653 = CARTESIAN_POINT('',(-1.5,0.,0.));
#1654 = DIRECTION('',(1.,0.,0.));
#1655 = DIRECTION('',(0.,1.,0.));
#1656 = PCURVE('',#1252,#1657);
#1657 = DEFINITIONAL_REPRESENTATION('',(#1658),#1662);
#1658 = CIRCLE('',#1659,7.15);
#1659 = AXIS2_PLACEMENT_2D('',#1660,#1661);
#1660 = CARTESIAN_POINT('',(0.,0.));
#1661 = DIRECTION('',(1.,-0.));
#1662 = ( GEOMETRIC_REPRESENTATION_CONTEXT(2) 
PARAMETRIC_REPRESENTATION_CONTEXT() REPRESENTATION_CONTEXT('2D SPACE',''
  ) );
#1663 = PCURVE('',#1611,#1664);
#1664 = DEFINITIONAL_REPRESENTATION('',(#1665),#1669);
#1665 = LINE('',#1666,#1667);
#1666 = CARTESIAN_POINT('',(0.,-0.35));
#1667 = VECTOR('',#1668,1.);
#1668 = DIRECTION('',(1.,0.));
#1669 = ( GEOMETRIC_REPRESENTATION_CONTEXT(2) 
PARAMETRIC_REPRESENTATION_CONTEXT() REPRESENTATION_CONTEXT('2D SPACE',''
  ) );
#1670 = ORIENTED_EDGE('',*,*,#1671,.F.);
#1671 = EDGE_CURVE('',#1672,#1648,#1674,.T.);
#1672 = VERTEX_POINT('',#1673);
#1673 = CARTESIAN_POINT('',(-1.5,-3.888765871071,-6.));
#1674 = SURFACE_CURVE('',#1675,(#1680,#1687),.PCURVE_S1.);
#1675 = CIRCLE('',#1676,7.15);
#1676 = AXIS2_PLACEMENT_3D('',#1677,#1678,#1679);
#1677 = CARTESIAN_POINT('',(-1.5,0.,0.));
#1678 = DIRECTION('',(1.,0.,0.));
#1679 = DIRECTION('',(0.,1.,0.));
#1680 = PCURVE('',#1252,#1681);
#1681 = DEFINITIONAL_REPRESENTATION('',(#1682),#1686);
#1682 = CIRCLE('',#1683,7.15);
#1683 = AXIS2_PLACEMENT_2D('',#1684,#1685);
#1684 = CARTESIAN_POINT('',(0.,0.));
#1685 = DIRECTION('',(1.,-0.));
#1686 = ( GEOMETRIC_REPRESENTATION_CONTEXT(2) 
PARAMETRIC_REPRESENTATION_CONTEXT() REPRESENTATION_CONTEXT('2D SPACE',''
  ) );
#1687 = PCURVE('',#1611,#1688);
#1688 = DEFINITIONAL_REPRESENTATION('',(#1689),#1693);
#1689 = LINE('',#1690,#1691);
#1690 = CARTESIAN_POINT('',(0.,-0.35));
#1691 = VECTOR('',#1692,1.);
#1692 = DIRECTION('',(1.,0.));
#1693 = ( GEOMETRIC_REPRESENTATION_CONTEXT(2) 
PARAMETRIC_REPRESENTATION_CONTEXT() REPRESENTATION_CONTEXT('2D SPACE',''
  ) );
#1694 = ORIENTED_EDGE('',*,*,#1695,.F.);
#1695 = EDGE_CURVE('',#1595,#1672,#1696,.T.);
#1696 = SURFACE_CURVE('',#1697,(#1702,#1709),.PCURVE_S1.);
#1697 = CIRCLE('',#1698,7.15);
#1698 = AXIS2_PLACEMENT_3D('',#1699,#1700,#1701);
#1699 = CARTESIAN_POINT('',(-1.5,0.,0.));
#1700 = DIRECTION('',(1.,0.,0.));
#1701 = DIRECTION('',(0.,1.,0.));
#1702 = PCURVE('',#1252,#1703);
#1703 = DEFINITIONAL_REPRESENTATION('',(#1704),#1708);
#1704 = CIRCLE('',#1705,7.15);
#1705 = AXIS2_PLACEMENT_2D('',#1706,#1707);
#1706 = CARTESIAN_POINT('',(0.,0.));
#1707 = DIRECTION('',(1.,-0.));
#1708 = ( GEOMETRIC_REPRESENTATION_CONTEXT(2) 
PARAMETRIC_REPRESENTATION_CONTEXT() REPRESENTATION_CONTEXT('2D SPACE',''
  ) );
#1709 = PCURVE('',#1611,#1710);
#1710 = DEFINITIONAL_REPRESENTATION('',(#1711),#1715);
#1711 = LINE('',#1712,#1713);
#1712 = CARTESIAN_POINT('',(0.,-0.35));
#1713 = VECTOR('',#1714,1.);
#1714 = DIRECTION('',(1.,0.));
#1715 = ( GEOMETRIC_REPRESENTATION_CONTEXT(2) 
PARAMETRIC_REPRESENTATION_CONTEXT() REPRESENTATION_CONTEXT('2D SPACE',''
  ) );
#1716 = FACE_BOUND('',#1717,.T.);
#1717 = EDGE_LOOP('',(#1718,#1719,#1720,#1721,#1722));
#1718 = ORIENTED_EDGE('',*,*,#1236,.F.);
#1719 = ORIENTED_EDGE('',*,*,#1567,.T.);
#1720 = ORIENTED_EDGE('',*,*,#1392,.F.);
#1721 = ORIENTED_EDGE('',*,*,#1510,.T.);
#1722 = ORIENTED_EDGE('',*,*,#1539,.T.);
#1723 = ADVANCED_FACE('',(#1724),#1468,.T.);
#1724 = FACE_BOUND('',#1725,.T.);
#1725 = EDGE_LOOP('',(#1726,#1749,#1778,#1807,#1834,#1835));
#1726 = ORIENTED_EDGE('',*,*,#1727,.F.);
#1727 = EDGE_CURVE('',#1728,#1452,#1730,.T.);
#1728 = VERTEX_POINT('',#1729);
#1729 = CARTESIAN_POINT('',(7.25,5.5,0.));
#1730 = SEAM_CURVE('',#1731,(#1735,#1742),.PCURVE_S1.);
#1731 = LINE('',#1732,#1733);
#1732 = CARTESIAN_POINT('',(7.25,5.5,0.));
#1733 = VECTOR('',#1734,1.);
#1734 = DIRECTION('',(0.97741416544,-0.211332792528,0.));
#1735 = PCURVE('',#1468,#1736);
#1736 = DEFINITIONAL_REPRESENTATION('',(#1737),#1741);
#1737 = LINE('',#1738,#1739);
#1738 = CARTESIAN_POINT('',(-0.,-0.));
#1739 = VECTOR('',#1740,1.);
#1740 = DIRECTION('',(-0.,-1.));
#1741 = ( GEOMETRIC_REPRESENTATION_CONTEXT(2) 
PARAMETRIC_REPRESENTATION_CONTEXT() REPRESENTATION_CONTEXT('2D SPACE',''
  ) );
#1742 = PCURVE('',#1468,#1743);
#1743 = DEFINITIONAL_REPRESENTATION('',(#1744),#1748);
#1744 = LINE('',#1745,#1746);
#1745 = CARTESIAN_POINT('',(-6.28318530718,-0.));
#1746 = VECTOR('',#1747,1.);
#1747 = DIRECTION('',(-0.,-1.));
#1748 = ( GEOMETRIC_REPRESENTATION_CONTEXT(2) 
PARAMETRIC_REPRESENTATION_CONTEXT() REPRESENTATION_CONTEXT('2D SPACE',''
  ) );
#1749 = ORIENTED_EDGE('',*,*,#1750,.T.);
#1750 = EDGE_CURVE('',#1728,#1751,#1753,.T.);
#1751 = VERTEX_POINT('',#1752);
#1752 = CARTESIAN_POINT('',(7.25,0.,5.5));
#1753 = SURFACE_CURVE('',#1754,(#1759,#1766),.PCURVE_S1.);
#1754 = CIRCLE('',#1755,5.5);
#1755 = AXIS2_PLACEMENT_3D('',#1756,#1757,#1758);
#1756 = CARTESIAN_POINT('',(7.25,0.,0.));
#1757 = DIRECTION('',(1.,0.,0.));
#1758 = DIRECTION('',(0.,1.,0.));
#1759 = PCURVE('',#1468,#1760);
#1760 = DEFINITIONAL_REPRESENTATION('',(#1761),#1765);
#1761 = LINE('',#1762,#1763);
#1762 = CARTESIAN_POINT('',(-0.,-0.));
#1763 = VECTOR('',#1764,1.);
#1764 = DIRECTION('',(-1.,-0.));
#1765 = ( GEOMETRIC_REPRESENTATION_CONTEXT(2) 
PARAMETRIC_REPRESENTATION_CONTEXT() REPRESENTATION_CONTEXT('2D SPACE',''
  ) );
#1766 = PCURVE('',#1767,#1772);
#1767 = CONICAL_SURFACE('',#1768,6.,0.785398163397);
#1768 = AXIS2_PLACEMENT_3D('',#1769,#1770,#1771);
#1769 = CARTESIAN_POINT('',(6.75,0.,0.));
#1770 = DIRECTION('',(-1.,-0.,-0.));
#1771 = DIRECTION('',(0.,1.,0.));
#1772 = DEFINITIONAL_REPRESENTATION('',(#1773),#1777);
#1773 = LINE('',#1774,#1775);
#1774 = CARTESIAN_POINT('',(-0.,-0.5));
#1775 = VECTOR('',#1776,1.);
#1776 = DIRECTION('',(-1.,-0.));
#1777 = ( GEOMETRIC_REPRESENTATION_CONTEXT(2) 
PARAMETRIC_REPRESENTATION_CONTEXT() REPRESENTATION_CONTEXT('2D SPACE',''
  ) );
#1778 = ORIENTED_EDGE('',*,*,#1779,.T.);
#1779 = EDGE_CURVE('',#1751,#1780,#1782,.T.);
#1780 = VERTEX_POINT('',#1781);
#1781 = CARTESIAN_POINT('',(7.25,-1.E-15,-5.5));
#1782 = SURFACE_CURVE('',#1783,(#1788,#1795),.PCURVE_S1.);
#1783 = CIRCLE('',#1784,5.5);
#1784 = AXIS2_PLACEMENT_3D('',#1785,#1786,#1787);
#1785 = CARTESIAN_POINT('',(7.25,0.,0.));
#1786 = DIRECTION('',(1.,0.,0.));
#1787 = DIRECTION('',(0.,1.,0.));
#1788 = PCURVE('',#1468,#1789);
#1789 = DEFINITIONAL_REPRESENTATION('',(#1790),#1794);
#1790 = LINE('',#1791,#1792);
#1791 = CARTESIAN_POINT('',(-0.,-0.));
#1792 = VECTOR('',#1793,1.);
#1793 = DIRECTION('',(-1.,-0.));
#1794 = ( GEOMETRIC_REPRESENTATION_CONTEXT(2) 
PARAMETRIC_REPRESENTATION_CONTEXT() REPRESENTATION_CONTEXT('2D SPACE',''
  ) );
#1795 = PCURVE('',#1796,#1801);
#1796 = CONICAL_SURFACE('',#1797,6.,0.785398163397);
#1797 = AXIS2_PLACEMENT_3D('',#1798,#1799,#1800);
#1798 = CARTESIAN_POINT('',(6.75,0.,0.));
#1799 = DIRECTION('',(-1.,-0.,-0.));
#1800 = DIRECTION('',(0.,1.,0.));
#1801 = DEFINITIONAL_REPRESENTATION('',(#1802),#1806);
#1802 = LINE('',#1803,#1804);
#1803 = CARTESIAN_POINT('',(-0.,-0.5));
#1804 = VECTOR('',#1805,1.);
#1805 = DIRECTION('',(-1.,-0.));
#1806 = ( GEOMETRIC_REPRESENTATION_CONTEXT(2) 
PARAMETRIC_REPRESENTATION_CONTEXT() REPRESENTATION_CONTEXT('2D SPACE',''
  ) );
#1807 = ORIENTED_EDGE('',*,*,#1808,.T.);
#1808 = EDGE_CURVE('',#1780,#1728,#1809,.T.);
#1809 = SURFACE_CURVE('',#1810,(#1815,#1822),.PCURVE_S1.);
#1810 = CIRCLE('',#1811,5.5);
#1811 = AXIS2_PLACEMENT_3D('',#1812,#1813,#1814);
#1812 = CARTESIAN_POINT('',(7.25,0.,0.));
#1813 = DIRECTION('',(1.,0.,0.));
#1814 = DIRECTION('',(0.,1.,0.));
#1815 = PCURVE('',#1468,#1816);
#1816 = DEFINITIONAL_REPRESENTATION('',(#1817),#1821);
#1817 = LINE('',#1818,#1819);
#1818 = CARTESIAN_POINT('',(-0.,-0.));
#1819 = VECTOR('',#1820,1.);
#1820 = DIRECTION('',(-1.,-0.));
#1821 = ( GEOMETRIC_REPRESENTATION_CONTEXT(2) 
PARAMETRIC_REPRESENTATION_CONTEXT() REPRESENTATION_CONTEXT('2D SPACE',''
  ) );
#1822 = PCURVE('',#1823,#1828);
#1823 = CONICAL_SURFACE('',#1824,6.,0.785398163397);
#1824 = AXIS2_PLACEMENT_3D('',#1825,#1826,#1827);
#1825 = CARTESIAN_POINT('',(6.75,0.,0.));
#1826 = DIRECTION('',(-1.,-0.,-0.));
#1827 = DIRECTION('',(0.,1.,0.));
#1828 = DEFINITIONAL_REPRESENTATION('',(#1829),#1833);
#1829 = LINE('',#1830,#1831);
#1830 = CARTESIAN_POINT('',(-0.,-0.5));
#1831 = VECTOR('',#1832,1.);
#1832 = DIRECTION('',(-1.,-0.));
#1833 = ( GEOMETRIC_REPRESENTATION_CONTEXT(2) 
PARAMETRIC_REPRESENTATION_CONTEXT() REPRESENTATION_CONTEXT('2D SPACE',''
  ) );
#1834 = ORIENTED_EDGE('',*,*,#1727,.T.);
#1835 = ORIENTED_EDGE('',*,*,#1451,.F.);
#1836 = ADVANCED_FACE('',(#1837),#1611,.T.);
#1837 = FACE_BOUND('',#1838,.T.);
#1838 = EDGE_LOOP('',(#1839,#1840,#1863,#1890,#1891,#1892,#1893,#1894));
#1839 = ORIENTED_EDGE('',*,*,#1647,.T.);
#1840 = ORIENTED_EDGE('',*,*,#1841,.T.);
#1841 = EDGE_CURVE('',#1624,#1842,#1844,.T.);
#1842 = VERTEX_POINT('',#1843);
#1843 = CARTESIAN_POINT('',(-1.15,7.5,0.));
#1844 = SEAM_CURVE('',#1845,(#1849,#1856),.PCURVE_S1.);
#1845 = LINE('',#1846,#1847);
#1846 = CARTESIAN_POINT('',(-1.15,7.5,0.));
#1847 = VECTOR('',#1848,1.);
#1848 = DIRECTION('',(0.707106781187,0.707106781187,0.));
#1849 = PCURVE('',#1611,#1850);
#1850 = DEFINITIONAL_REPRESENTATION('',(#1851),#1855);
#1851 = LINE('',#1852,#1853);
#1852 = CARTESIAN_POINT('',(0.,0.));
#1853 = VECTOR('',#1854,1.);
#1854 = DIRECTION('',(0.,1.));
#1855 = ( GEOMETRIC_REPRESENTATION_CONTEXT(2) 
PARAMETRIC_REPRESENTATION_CONTEXT() REPRESENTATION_CONTEXT('2D SPACE',''
  ) );
#1856 = PCURVE('',#1611,#1857);
#1857 = DEFINITIONAL_REPRESENTATION('',(#1858),#1862);
#1858 = LINE('',#1859,#1860);
#1859 = CARTESIAN_POINT('',(6.28318530718,0.));
#1860 = VECTOR('',#1861,1.);
#1861 = DIRECTION('',(0.,1.));
#1862 = ( GEOMETRIC_REPRESENTATION_CONTEXT(2) 
PARAMETRIC_REPRESENTATION_CONTEXT() REPRESENTATION_CONTEXT('2D SPACE',''
  ) );
#1863 = ORIENTED_EDGE('',*,*,#1864,.F.);
#1864 = EDGE_CURVE('',#1842,#1842,#1865,.T.);
#1865 = SURFACE_CURVE('',#1866,(#1871,#1878),.PCURVE_S1.);
#1866 = CIRCLE('',#1867,7.5);
#1867 = AXIS2_PLACEMENT_3D('',#1868,#1869,#1870);
#1868 = CARTESIAN_POINT('',(-1.15,0.,0.));
#1869 = DIRECTION('',(1.,0.,0.));
#1870 = DIRECTION('',(0.,1.,0.));
#1871 = PCURVE('',#1611,#1872);
#1872 = DEFINITIONAL_REPRESENTATION('',(#1873),#1877);
#1873 = LINE('',#1874,#1875);
#1874 = CARTESIAN_POINT('',(0.,0.));
#1875 = VECTOR('',#1876,1.);
#1876 = DIRECTION('',(1.,0.));
#1877 = ( GEOMETRIC_REPRESENTATION_CONTEXT(2) 
PARAMETRIC_REPRESENTATION_CONTEXT() REPRESENTATION_CONTEXT('2D SPACE',''
  ) );
#1878 = PCURVE('',#1879,#1884);
#1879 = CYLINDRICAL_SURFACE('',#1880,7.5);
#1880 = AXIS2_PLACEMENT_3D('',#1881,#1882,#1883);
#1881 = CARTESIAN_POINT('',(-1.5,0.,0.));
#1882 = DIRECTION('',(1.,0.,0.));
#1883 = DIRECTION('',(0.,1.,0.));
#1884 = DEFINITIONAL_REPRESENTATION('',(#1885),#1889);
#1885 = LINE('',#1886,#1887);
#1886 = CARTESIAN_POINT('',(0.,0.35));
#1887 = VECTOR('',#1888,1.);
#1888 = DIRECTION('',(1.,0.));
#1889 = ( GEOMETRIC_REPRESENTATION_CONTEXT(2) 
PARAMETRIC_REPRESENTATION_CONTEXT() REPRESENTATION_CONTEXT('2D SPACE',''
  ) );
#1890 = ORIENTED_EDGE('',*,*,#1841,.F.);
#1891 = ORIENTED_EDGE('',*,*,#1623,.T.);
#1892 = ORIENTED_EDGE('',*,*,#1592,.T.);
#1893 = ORIENTED_EDGE('',*,*,#1695,.T.);
#1894 = ORIENTED_EDGE('',*,*,#1671,.T.);
#1895 = ADVANCED_FACE('',(#1896),#1823,.T.);
#1896 = FACE_BOUND('',#1897,.T.);
#1897 = EDGE_LOOP('',(#1898,#1929,#1950,#1951));
#1898 = ORIENTED_EDGE('',*,*,#1899,.T.);
#1899 = EDGE_CURVE('',#1900,#1902,#1904,.T.);
#1900 = VERTEX_POINT('',#1901);
#1901 = CARTESIAN_POINT('',(6.75,2.397915761656,-5.5));
#1902 = VERTEX_POINT('',#1903);
#1903 = CARTESIAN_POINT('',(6.75,6.,0.));
#1904 = SURFACE_CURVE('',#1905,(#1910,#1917),.PCURVE_S1.);
#1905 = CIRCLE('',#1906,6.);
#1906 = AXIS2_PLACEMENT_3D('',#1907,#1908,#1909);
#1907 = CARTESIAN_POINT('',(6.75,0.,0.));
#1908 = DIRECTION('',(1.,0.,0.));
#1909 = DIRECTION('',(0.,1.,0.));
#1910 = PCURVE('',#1823,#1911);
#1911 = DEFINITIONAL_REPRESENTATION('',(#1912),#1916);
#1912 = LINE('',#1913,#1914);
#1913 = CARTESIAN_POINT('',(-0.,-0.));
#1914 = VECTOR('',#1915,1.);
#1915 = DIRECTION('',(-1.,-0.));
#1916 = ( GEOMETRIC_REPRESENTATION_CONTEXT(2) 
PARAMETRIC_REPRESENTATION_CONTEXT() REPRESENTATION_CONTEXT('2D SPACE',''
  ) );
#1917 = PCURVE('',#1918,#1923);
#1918 = CYLINDRICAL_SURFACE('',#1919,6.);
#1919 = AXIS2_PLACEMENT_3D('',#1920,#1921,#1922);
#1920 = CARTESIAN_POINT('',(1.25,0.,0.));
#1921 = DIRECTION('',(1.,0.,0.));
#1922 = DIRECTION('',(0.,1.,0.));
#1923 = DEFINITIONAL_REPRESENTATION('',(#1924),#1928);
#1924 = LINE('',#1925,#1926);
#1925 = CARTESIAN_POINT('',(-6.28318530718,5.5));
#1926 = VECTOR('',#1927,1.);
#1927 = DIRECTION('',(1.,0.));
#1928 = ( GEOMETRIC_REPRESENTATION_CONTEXT(2) 
PARAMETRIC_REPRESENTATION_CONTEXT() REPRESENTATION_CONTEXT('2D SPACE',''
  ) );
#1929 = ORIENTED_EDGE('',*,*,#1930,.T.);
#1930 = EDGE_CURVE('',#1902,#1728,#1931,.T.);
#1931 = SURFACE_CURVE('',#1932,(#1936,#1943),.PCURVE_S1.);
#1932 = LINE('',#1933,#1934);
#1933 = CARTESIAN_POINT('',(6.75,6.,0.));
#1934 = VECTOR('',#1935,1.);
#1935 = DIRECTION('',(0.707106781187,-0.707106781187,0.));
#1936 = PCURVE('',#1823,#1937);
#1937 = DEFINITIONAL_REPRESENTATION('',(#1938),#1942);
#1938 = LINE('',#1939,#1940);
#1939 = CARTESIAN_POINT('',(-6.28318530718,-0.));
#1940 = VECTOR('',#1941,1.);
#1941 = DIRECTION('',(-0.,-1.));
#1942 = ( GEOMETRIC_REPRESENTATION_CONTEXT(2) 
PARAMETRIC_REPRESENTATION_CONTEXT() REPRESENTATION_CONTEXT('2D SPACE',''
  ) );
#1943 = PCURVE('',#1767,#1944);
#1944 = DEFINITIONAL_REPRESENTATION('',(#1945),#1949);
#1945 = LINE('',#1946,#1947);
#1946 = CARTESIAN_POINT('',(-0.,-0.));
#1947 = VECTOR('',#1948,1.);
#1948 = DIRECTION('',(-0.,-1.));
#1949 = ( GEOMETRIC_REPRESENTATION_CONTEXT(2) 
PARAMETRIC_REPRESENTATION_CONTEXT() REPRESENTATION_CONTEXT('2D SPACE',''
  ) );
#1950 = ORIENTED_EDGE('',*,*,#1808,.F.);
#1951 = ORIENTED_EDGE('',*,*,#1952,.F.);
#1952 = EDGE_CURVE('',#1900,#1780,#1953,.T.);
#1953 = SURFACE_CURVE('',#1954,(#1959,#1970),.PCURVE_S1.);
#1954 = HYPERBOLA('',#1955,5.5,5.5);
#1955 = AXIS2_PLACEMENT_3D('',#1956,#1957,#1958);
#1956 = CARTESIAN_POINT('',(12.75,0.,-5.5));
#1957 = DIRECTION('',(0.,0.,1.));
#1958 = DIRECTION('',(-1.,0.,0.));
#1959 = PCURVE('',#1823,#1960);
#1960 = DEFINITIONAL_REPRESENTATION('',(#1961),#1969);
#1961 = B_SPLINE_CURVE_WITH_KNOTS('',6,(#1962,#1963,#1964,#1965,#1966,
    #1967,#1968),.UNSPECIFIED.,.F.,.F.,(7,7),(-0.423235459211,1.8E-16),
  .PIECEWISE_BEZIER_KNOTS.);
#1962 = CARTESIAN_POINT('',(-5.123526842707,-8.909545442951E-16));
#1963 = CARTESIAN_POINT('',(-5.058865869772,-0.169147163089));
#1964 = CARTESIAN_POINT('',(-4.992017533736,-0.302468678981));
#1965 = CARTESIAN_POINT('',(-4.923375408533,-0.401479472317));
#1966 = CARTESIAN_POINT('',(-4.85346736321,-0.467159817128));
#1967 = CARTESIAN_POINT('',(-4.782928223586,-0.5));
#1968 = CARTESIAN_POINT('',(-4.712388980385,-0.5));
#1969 = ( GEOMETRIC_REPRESENTATION_CONTEXT(2) 
PARAMETRIC_REPRESENTATION_CONTEXT() REPRESENTATION_CONTEXT('2D SPACE',''
  ) );
#1970 = PCURVE('',#1971,#1976);
#1971 = PLANE('',#1972);
#1972 = AXIS2_PLACEMENT_3D('',#1973,#1974,#1975);
#1973 = CARTESIAN_POINT('',(9.1,4.999999999981,-5.5));
#1974 = DIRECTION('',(0.,0.,1.));
#1975 = DIRECTION('',(0.,-1.,0.));
#1976 = DEFINITIONAL_REPRESENTATION('',(#1977),#1981);
#1977 = HYPERBOLA('',#1978,5.5,5.5);
#1978 = AXIS2_PLACEMENT_2D('',#1979,#1980);
#1979 = CARTESIAN_POINT('',(4.999999999981,3.65));
#1980 = DIRECTION('',(0.,-1.));
#1981 = ( GEOMETRIC_REPRESENTATION_CONTEXT(2) 
PARAMETRIC_REPRESENTATION_CONTEXT() REPRESENTATION_CONTEXT('2D SPACE',''
  ) );
#1982 = ADVANCED_FACE('',(#1983),#1796,.T.);
#1983 = FACE_BOUND('',#1984,.T.);
#1984 = EDGE_LOOP('',(#1985,#2018,#2047,#2073));
#1985 = ORIENTED_EDGE('',*,*,#1986,.T.);
#1986 = EDGE_CURVE('',#1751,#1987,#1989,.T.);
#1987 = VERTEX_POINT('',#1988);
#1988 = CARTESIAN_POINT('',(6.75,-2.397915761656,5.5));
#1989 = SURFACE_CURVE('',#1990,(#1995,#2006),.PCURVE_S1.);
#1990 = HYPERBOLA('',#1991,5.5,5.5);
#1991 = AXIS2_PLACEMENT_3D('',#1992,#1993,#1994);
#1992 = CARTESIAN_POINT('',(12.75,0.,5.5));
#1993 = DIRECTION('',(0.,0.,1.));
#1994 = DIRECTION('',(-1.,0.,0.));
#1995 = PCURVE('',#1796,#1996);
#1996 = DEFINITIONAL_REPRESENTATION('',(#1997),#2005);
#1997 = B_SPLINE_CURVE_WITH_KNOTS('',6,(#1998,#1999,#2000,#2001,#2002,
    #2003,#2004),.UNSPECIFIED.,.F.,.F.,(7,7),(-6.E-17,0.423235459211),
  .PIECEWISE_BEZIER_KNOTS.);
#1998 = CARTESIAN_POINT('',(-1.570796326795,-0.5));
#1999 = CARTESIAN_POINT('',(-1.641335569997,-0.5));
#2000 = CARTESIAN_POINT('',(-1.711874709621,-0.467159817128));
#2001 = CARTESIAN_POINT('',(-1.781782754943,-0.401479472317));
#2002 = CARTESIAN_POINT('',(-1.850424880147,-0.302468678981));
#2003 = CARTESIAN_POINT('',(-1.917273216182,-0.169147163089));
#2004 = CARTESIAN_POINT('',(-1.981934189117,-4.454772721475E-16));
#2005 = ( GEOMETRIC_REPRESENTATION_CONTEXT(2) 
PARAMETRIC_REPRESENTATION_CONTEXT() REPRESENTATION_CONTEXT('2D SPACE',''
  ) );
#2006 = PCURVE('',#2007,#2012);
#2007 = PLANE('',#2008);
#2008 = AXIS2_PLACEMENT_3D('',#2009,#2010,#2011);
#2009 = CARTESIAN_POINT('',(9.1,4.999999999981,5.5));
#2010 = DIRECTION('',(0.,0.,1.));
#2011 = DIRECTION('',(0.,-1.,0.));
#2012 = DEFINITIONAL_REPRESENTATION('',(#2013),#2017);
#2013 = HYPERBOLA('',#2014,5.5,5.5);
#2014 = AXIS2_PLACEMENT_2D('',#2015,#2016);
#2015 = CARTESIAN_POINT('',(4.999999999981,3.65));
#2016 = DIRECTION('',(0.,-1.));
#2017 = ( GEOMETRIC_REPRESENTATION_CONTEXT(2) 
PARAMETRIC_REPRESENTATION_CONTEXT() REPRESENTATION_CONTEXT('2D SPACE',''
  ) );
#2018 = ORIENTED_EDGE('',*,*,#2019,.T.);
#2019 = EDGE_CURVE('',#1987,#2020,#2022,.T.);
#2020 = VERTEX_POINT('',#2021);
#2021 = CARTESIAN_POINT('',(6.75,-2.397915761656,-5.5));
#2022 = SURFACE_CURVE('',#2023,(#2028,#2035),.PCURVE_S1.);
#2023 = CIRCLE('',#2024,6.);
#2024 = AXIS2_PLACEMENT_3D('',#2025,#2026,#2027);
#2025 = CARTESIAN_POINT('',(6.75,0.,0.));
#2026 = DIRECTION('',(1.,0.,0.));
#2027 = DIRECTION('',(0.,1.,0.));
#2028 = PCURVE('',#1796,#2029);
#2029 = DEFINITIONAL_REPRESENTATION('',(#2030),#2034);
#2030 = LINE('',#2031,#2032);
#2031 = CARTESIAN_POINT('',(-0.,-0.));
#2032 = VECTOR('',#2033,1.);
#2033 = DIRECTION('',(-1.,-0.));
#2034 = ( GEOMETRIC_REPRESENTATION_CONTEXT(2) 
PARAMETRIC_REPRESENTATION_CONTEXT() REPRESENTATION_CONTEXT('2D SPACE',''
  ) );
#2035 = PCURVE('',#2036,#2041);
#2036 = CYLINDRICAL_SURFACE('',#2037,6.);
#2037 = AXIS2_PLACEMENT_3D('',#2038,#2039,#2040);
#2038 = CARTESIAN_POINT('',(1.25,0.,0.));
#2039 = DIRECTION('',(1.,0.,0.));
#2040 = DIRECTION('',(0.,1.,0.));
#2041 = DEFINITIONAL_REPRESENTATION('',(#2042),#2046);
#2042 = LINE('',#2043,#2044);
#2043 = CARTESIAN_POINT('',(0.,5.5));
#2044 = VECTOR('',#2045,1.);
#2045 = DIRECTION('',(1.,0.));
#2046 = ( GEOMETRIC_REPRESENTATION_CONTEXT(2) 
PARAMETRIC_REPRESENTATION_CONTEXT() REPRESENTATION_CONTEXT('2D SPACE',''
  ) );
#2047 = ORIENTED_EDGE('',*,*,#2048,.F.);
#2048 = EDGE_CURVE('',#1780,#2020,#2049,.T.);
#2049 = SURFACE_CURVE('',#2050,(#2055,#2066),.PCURVE_S1.);
#2050 = HYPERBOLA('',#2051,5.5,5.5);
#2051 = AXIS2_PLACEMENT_3D('',#2052,#2053,#2054);
#2052 = CARTESIAN_POINT('',(12.75,0.,-5.5));
#2053 = DIRECTION('',(0.,0.,1.));
#2054 = DIRECTION('',(-1.,0.,0.));
#2055 = PCURVE('',#1796,#2056);
#2056 = DEFINITIONAL_REPRESENTATION('',(#2057),#2065);
#2057 = B_SPLINE_CURVE_WITH_KNOTS('',6,(#2058,#2059,#2060,#2061,#2062,
    #2063,#2064),.UNSPECIFIED.,.F.,.F.,(7,7),(1.8E-16,0.423235459211),
  .PIECEWISE_BEZIER_KNOTS.);
#2058 = CARTESIAN_POINT('',(-4.712388980385,-0.5));
#2059 = CARTESIAN_POINT('',(-4.641849737183,-0.5));
#2060 = CARTESIAN_POINT('',(-4.571310597559,-0.467159817128));
#2061 = CARTESIAN_POINT('',(-4.501402552236,-0.401479472317));
#2062 = CARTESIAN_POINT('',(-4.432760427033,-0.302468678981));
#2063 = CARTESIAN_POINT('',(-4.365912090997,-0.169147163089));
#2064 = CARTESIAN_POINT('',(-4.301251118062,8.909545442951E-16));
#2065 = ( GEOMETRIC_REPRESENTATION_CONTEXT(2) 
PARAMETRIC_REPRESENTATION_CONTEXT() REPRESENTATION_CONTEXT('2D SPACE',''
  ) );
#2066 = PCURVE('',#1971,#2067);
#2067 = DEFINITIONAL_REPRESENTATION('',(#2068),#2072);
#2068 = HYPERBOLA('',#2069,5.5,5.5);
#2069 = AXIS2_PLACEMENT_2D('',#2070,#2071);
#2070 = CARTESIAN_POINT('',(4.999999999981,3.65));
#2071 = DIRECTION('',(0.,-1.));
#2072 = ( GEOMETRIC_REPRESENTATION_CONTEXT(2) 
PARAMETRIC_REPRESENTATION_CONTEXT() REPRESENTATION_CONTEXT('2D SPACE',''
  ) );
#2073 = ORIENTED_EDGE('',*,*,#1779,.F.);
#2074 = ADVANCED_FACE('',(#2075),#1767,.T.);
#2075 = FACE_BOUND('',#2076,.T.);
#2076 = EDGE_LOOP('',(#2077,#2078,#2102,#2128));
#2077 = ORIENTED_EDGE('',*,*,#1930,.F.);
#2078 = ORIENTED_EDGE('',*,*,#2079,.T.);
#2079 = EDGE_CURVE('',#1902,#2080,#2082,.T.);
#2080 = VERTEX_POINT('',#2081);
#2081 = CARTESIAN_POINT('',(6.75,2.397915761656,5.5));
#2082 = SURFACE_CURVE('',#2083,(#2088,#2095),.PCURVE_S1.);
#2083 = CIRCLE('',#2084,6.);
#2084 = AXIS2_PLACEMENT_3D('',#2085,#2086,#2087);
#2085 = CARTESIAN_POINT('',(6.75,0.,0.));
#2086 = DIRECTION('',(1.,0.,0.));
#2087 = DIRECTION('',(0.,1.,0.));
#2088 = PCURVE('',#1767,#2089);
#2089 = DEFINITIONAL_REPRESENTATION('',(#2090),#2094);
#2090 = LINE('',#2091,#2092);
#2091 = CARTESIAN_POINT('',(-0.,-0.));
#2092 = VECTOR('',#2093,1.);
#2093 = DIRECTION('',(-1.,-0.));
#2094 = ( GEOMETRIC_REPRESENTATION_CONTEXT(2) 
PARAMETRIC_REPRESENTATION_CONTEXT() REPRESENTATION_CONTEXT('2D SPACE',''
  ) );
#2095 = PCURVE('',#1918,#2096);
#2096 = DEFINITIONAL_REPRESENTATION('',(#2097),#2101);
#2097 = LINE('',#2098,#2099);
#2098 = CARTESIAN_POINT('',(0.,5.5));
#2099 = VECTOR('',#2100,1.);
#2100 = DIRECTION('',(1.,0.));
#2101 = ( GEOMETRIC_REPRESENTATION_CONTEXT(2) 
PARAMETRIC_REPRESENTATION_CONTEXT() REPRESENTATION_CONTEXT('2D SPACE',''
  ) );
#2102 = ORIENTED_EDGE('',*,*,#2103,.T.);
#2103 = EDGE_CURVE('',#2080,#1751,#2104,.T.);
#2104 = SURFACE_CURVE('',#2105,(#2110,#2121),.PCURVE_S1.);
#2105 = HYPERBOLA('',#2106,5.5,5.5);
#2106 = AXIS2_PLACEMENT_3D('',#2107,#2108,#2109);
#2107 = CARTESIAN_POINT('',(12.75,0.,5.5));
#2108 = DIRECTION('',(0.,0.,1.));
#2109 = DIRECTION('',(-1.,0.,0.));
#2110 = PCURVE('',#1767,#2111);
#2111 = DEFINITIONAL_REPRESENTATION('',(#2112),#2120);
#2112 = B_SPLINE_CURVE_WITH_KNOTS('',6,(#2113,#2114,#2115,#2116,#2117,
    #2118,#2119),.UNSPECIFIED.,.F.,.F.,(7,7),(-0.423235459211,-6.E-17),
  .PIECEWISE_BEZIER_KNOTS.);
#2113 = CARTESIAN_POINT('',(-1.159658464473,-8.909545442951E-16));
#2114 = CARTESIAN_POINT('',(-1.224319437408,-0.169147163089));
#2115 = CARTESIAN_POINT('',(-1.291167773443,-0.302468678981));
#2116 = CARTESIAN_POINT('',(-1.359809898647,-0.401479472317));
#2117 = CARTESIAN_POINT('',(-1.429717943969,-0.467159817128));
#2118 = CARTESIAN_POINT('',(-1.500257083593,-0.5));
#2119 = CARTESIAN_POINT('',(-1.570796326795,-0.5));
#2120 = ( GEOMETRIC_REPRESENTATION_CONTEXT(2) 
PARAMETRIC_REPRESENTATION_CONTEXT() REPRESENTATION_CONTEXT('2D SPACE',''
  ) );
#2121 = PCURVE('',#2007,#2122);
#2122 = DEFINITIONAL_REPRESENTATION('',(#2123),#2127);
#2123 = HYPERBOLA('',#2124,5.5,5.5);
#2124 = AXIS2_PLACEMENT_2D('',#2125,#2126);
#2125 = CARTESIAN_POINT('',(4.999999999981,3.65));
#2126 = DIRECTION('',(0.,-1.));
#2127 = ( GEOMETRIC_REPRESENTATION_CONTEXT(2) 
PARAMETRIC_REPRESENTATION_CONTEXT() REPRESENTATION_CONTEXT('2D SPACE',''
  ) );
#2128 = ORIENTED_EDGE('',*,*,#1750,.F.);
#2129 = ADVANCED_FACE('',(#2130),#1879,.T.);
#2130 = FACE_BOUND('',#2131,.T.);
#2131 = EDGE_LOOP('',(#2132,#2155,#2156,#2157));
#2132 = ORIENTED_EDGE('',*,*,#2133,.F.);
#2133 = EDGE_CURVE('',#1842,#2134,#2136,.T.);
#2134 = VERTEX_POINT('',#2135);
#2135 = CARTESIAN_POINT('',(-0.35,7.5,0.));
#2136 = SEAM_CURVE('',#2137,(#2141,#2148),.PCURVE_S1.);
#2137 = LINE('',#2138,#2139);
#2138 = CARTESIAN_POINT('',(-1.5,7.5,0.));
#2139 = VECTOR('',#2140,1.);
#2140 = DIRECTION('',(1.,0.,0.));
#2141 = PCURVE('',#1879,#2142);
#2142 = DEFINITIONAL_REPRESENTATION('',(#2143),#2147);
#2143 = LINE('',#2144,#2145);
#2144 = CARTESIAN_POINT('',(0.,0.));
#2145 = VECTOR('',#2146,1.);
#2146 = DIRECTION('',(0.,1.));
#2147 = ( GEOMETRIC_REPRESENTATION_CONTEXT(2) 
PARAMETRIC_REPRESENTATION_CONTEXT() REPRESENTATION_CONTEXT('2D SPACE',''
  ) );
#2148 = PCURVE('',#1879,#2149);
#2149 = DEFINITIONAL_REPRESENTATION('',(#2150),#2154);
#2150 = LINE('',#2151,#2152);
#2151 = CARTESIAN_POINT('',(6.28318530718,0.));
#2152 = VECTOR('',#2153,1.);
#2153 = DIRECTION('',(0.,1.));
#2154 = ( GEOMETRIC_REPRESENTATION_CONTEXT(2) 
PARAMETRIC_REPRESENTATION_CONTEXT() REPRESENTATION_CONTEXT('2D SPACE',''
  ) );
#2155 = ORIENTED_EDGE('',*,*,#1864,.T.);
#2156 = ORIENTED_EDGE('',*,*,#2133,.T.);
#2157 = ORIENTED_EDGE('',*,*,#2158,.F.);
#2158 = EDGE_CURVE('',#2134,#2134,#2159,.T.);
#2159 = SURFACE_CURVE('',#2160,(#2165,#2172),.PCURVE_S1.);
#2160 = CIRCLE('',#2161,7.5);
#2161 = AXIS2_PLACEMENT_3D('',#2162,#2163,#2164);
#2162 = CARTESIAN_POINT('',(-0.35,0.,0.));
#2163 = DIRECTION('',(1.,0.,0.));
#2164 = DIRECTION('',(0.,1.,0.));
#2165 = PCURVE('',#1879,#2166);
#2166 = DEFINITIONAL_REPRESENTATION('',(#2167),#2171);
#2167 = LINE('',#2168,#2169);
#2168 = CARTESIAN_POINT('',(0.,1.15));
#2169 = VECTOR('',#2170,1.);
#2170 = DIRECTION('',(1.,0.));
#2171 = ( GEOMETRIC_REPRESENTATION_CONTEXT(2) 
PARAMETRIC_REPRESENTATION_CONTEXT() REPRESENTATION_CONTEXT('2D SPACE',''
  ) );
#2172 = PCURVE('',#2173,#2178);
#2173 = CONICAL_SURFACE('',#2174,7.5,0.785398163397);
#2174 = AXIS2_PLACEMENT_3D('',#2175,#2176,#2177);
#2175 = CARTESIAN_POINT('',(-0.35,0.,0.));
#2176 = DIRECTION('',(-1.,-0.,-0.));
#2177 = DIRECTION('',(0.,1.,0.));
#2178 = DEFINITIONAL_REPRESENTATION('',(#2179),#2183);
#2179 = LINE('',#2180,#2181);
#2180 = CARTESIAN_POINT('',(-0.,-0.));
#2181 = VECTOR('',#2182,1.);
#2182 = DIRECTION('',(-1.,-0.));
#2183 = ( GEOMETRIC_REPRESENTATION_CONTEXT(2) 
PARAMETRIC_REPRESENTATION_CONTEXT() REPRESENTATION_CONTEXT('2D SPACE',''
  ) );
#2184 = ADVANCED_FACE('',(#2185),#1918,.T.);
#2185 = FACE_BOUND('',#2186,.T.);
#2186 = EDGE_LOOP('',(#2187,#2188,#2211,#2240,#2269,#2290));
#2187 = ORIENTED_EDGE('',*,*,#1899,.F.);
#2188 = ORIENTED_EDGE('',*,*,#2189,.F.);
#2189 = EDGE_CURVE('',#2190,#1900,#2192,.T.);
#2190 = VERTEX_POINT('',#2191);
#2191 = CARTESIAN_POINT('',(1.25,2.397915761656,-5.5));
#2192 = SURFACE_CURVE('',#2193,(#2197,#2204),.PCURVE_S1.);
#2193 = LINE('',#2194,#2195);
#2194 = CARTESIAN_POINT('',(1.25,2.397915761656,-5.5));
#2195 = VECTOR('',#2196,1.);
#2196 = DIRECTION('',(1.,0.,0.));
#2197 = PCURVE('',#1918,#2198);
#2198 = DEFINITIONAL_REPRESENTATION('',(#2199),#2203);
#2199 = LINE('',#2200,#2201);
#2200 = CARTESIAN_POINT('',(-1.159658464473,0.));
#2201 = VECTOR('',#2202,1.);
#2202 = DIRECTION('',(0.,1.));
#2203 = ( GEOMETRIC_REPRESENTATION_CONTEXT(2) 
PARAMETRIC_REPRESENTATION_CONTEXT() REPRESENTATION_CONTEXT('2D SPACE',''
  ) );
#2204 = PCURVE('',#1971,#2205);
#2205 = DEFINITIONAL_REPRESENTATION('',(#2206),#2210);
#2206 = LINE('',#2207,#2208);
#2207 = CARTESIAN_POINT('',(2.602084238325,-7.85));
#2208 = VECTOR('',#2209,1.);
#2209 = DIRECTION('',(0.,1.));
#2210 = ( GEOMETRIC_REPRESENTATION_CONTEXT(2) 
PARAMETRIC_REPRESENTATION_CONTEXT() REPRESENTATION_CONTEXT('2D SPACE',''
  ) );
#2211 = ORIENTED_EDGE('',*,*,#2212,.T.);
#2212 = EDGE_CURVE('',#2190,#2213,#2215,.T.);
#2213 = VERTEX_POINT('',#2214);
#2214 = CARTESIAN_POINT('',(1.25,6.,0.));
#2215 = SURFACE_CURVE('',#2216,(#2221,#2228),.PCURVE_S1.);
#2216 = CIRCLE('',#2217,6.);
#2217 = AXIS2_PLACEMENT_3D('',#2218,#2219,#2220);
#2218 = CARTESIAN_POINT('',(1.25,0.,0.));
#2219 = DIRECTION('',(1.,0.,0.));
#2220 = DIRECTION('',(0.,1.,0.));
#2221 = PCURVE('',#1918,#2222);
#2222 = DEFINITIONAL_REPRESENTATION('',(#2223),#2227);
#2223 = LINE('',#2224,#2225);
#2224 = CARTESIAN_POINT('',(-6.28318530718,0.));
#2225 = VECTOR('',#2226,1.);
#2226 = DIRECTION('',(1.,0.));
#2227 = ( GEOMETRIC_REPRESENTATION_CONTEXT(2) 
PARAMETRIC_REPRESENTATION_CONTEXT() REPRESENTATION_CONTEXT('2D SPACE',''
  ) );
#2228 = PCURVE('',#2229,#2234);
#2229 = CONICAL_SURFACE('',#2230,5.5,0.785398163397);
#2230 = AXIS2_PLACEMENT_3D('',#2231,#2232,#2233);
#2231 = CARTESIAN_POINT('',(0.75,0.,0.));
#2232 = DIRECTION('',(1.,0.,0.));
#2233 = DIRECTION('',(0.,1.,0.));
#2234 = DEFINITIONAL_REPRESENTATION('',(#2235),#2239);
#2235 = LINE('',#2236,#2237);
#2236 = CARTESIAN_POINT('',(0.,0.5));
#2237 = VECTOR('',#2238,1.);
#2238 = DIRECTION('',(1.,0.));
#2239 = ( GEOMETRIC_REPRESENTATION_CONTEXT(2) 
PARAMETRIC_REPRESENTATION_CONTEXT() REPRESENTATION_CONTEXT('2D SPACE',''
  ) );
#2240 = ORIENTED_EDGE('',*,*,#2241,.T.);
#2241 = EDGE_CURVE('',#2213,#2242,#2244,.T.);
#2242 = VERTEX_POINT('',#2243);
#2243 = CARTESIAN_POINT('',(1.25,2.397915761656,5.5));
#2244 = SURFACE_CURVE('',#2245,(#2250,#2257),.PCURVE_S1.);
#2245 = CIRCLE('',#2246,6.);
#2246 = AXIS2_PLACEMENT_3D('',#2247,#2248,#2249);
#2247 = CARTESIAN_POINT('',(1.25,0.,0.));
#2248 = DIRECTION('',(1.,0.,0.));
#2249 = DIRECTION('',(0.,1.,0.));
#2250 = PCURVE('',#1918,#2251);
#2251 = DEFINITIONAL_REPRESENTATION('',(#2252),#2256);
#2252 = LINE('',#2253,#2254);
#2253 = CARTESIAN_POINT('',(0.,0.));
#2254 = VECTOR('',#2255,1.);
#2255 = DIRECTION('',(1.,0.));
#2256 = ( GEOMETRIC_REPRESENTATION_CONTEXT(2) 
PARAMETRIC_REPRESENTATION_CONTEXT() REPRESENTATION_CONTEXT('2D SPACE',''
  ) );
#2257 = PCURVE('',#2258,#2263);
#2258 = CONICAL_SURFACE('',#2259,5.5,0.785398163397);
#2259 = AXIS2_PLACEMENT_3D('',#2260,#2261,#2262);
#2260 = CARTESIAN_POINT('',(0.75,0.,0.));
#2261 = DIRECTION('',(1.,0.,0.));
#2262 = DIRECTION('',(0.,1.,0.));
#2263 = DEFINITIONAL_REPRESENTATION('',(#2264),#2268);
#2264 = LINE('',#2265,#2266);
#2265 = CARTESIAN_POINT('',(0.,0.5));
#2266 = VECTOR('',#2267,1.);
#2267 = DIRECTION('',(1.,0.));
#2268 = ( GEOMETRIC_REPRESENTATION_CONTEXT(2) 
PARAMETRIC_REPRESENTATION_CONTEXT() REPRESENTATION_CONTEXT('2D SPACE',''
  ) );
#2269 = ORIENTED_EDGE('',*,*,#2270,.T.);
#2270 = EDGE_CURVE('',#2242,#2080,#2271,.T.);
#2271 = SURFACE_CURVE('',#2272,(#2276,#2283),.PCURVE_S1.);
#2272 = LINE('',#2273,#2274);
#2273 = CARTESIAN_POINT('',(1.25,2.397915761656,5.5));
#2274 = VECTOR('',#2275,1.);
#2275 = DIRECTION('',(1.,0.,0.));
#2276 = PCURVE('',#1918,#2277);
#2277 = DEFINITIONAL_REPRESENTATION('',(#2278),#2282);
#2278 = LINE('',#2279,#2280);
#2279 = CARTESIAN_POINT('',(1.159658464473,0.));
#2280 = VECTOR('',#2281,1.);
#2281 = DIRECTION('',(0.,1.));
#2282 = ( GEOMETRIC_REPRESENTATION_CONTEXT(2) 
PARAMETRIC_REPRESENTATION_CONTEXT() REPRESENTATION_CONTEXT('2D SPACE',''
  ) );
#2283 = PCURVE('',#2007,#2284);
#2284 = DEFINITIONAL_REPRESENTATION('',(#2285),#2289);
#2285 = LINE('',#2286,#2287);
#2286 = CARTESIAN_POINT('',(2.602084238325,-7.85));
#2287 = VECTOR('',#2288,1.);
#2288 = DIRECTION('',(0.,1.));
#2289 = ( GEOMETRIC_REPRESENTATION_CONTEXT(2) 
PARAMETRIC_REPRESENTATION_CONTEXT() REPRESENTATION_CONTEXT('2D SPACE',''
  ) );
#2290 = ORIENTED_EDGE('',*,*,#2079,.F.);
#2291 = ADVANCED_FACE('',(#2292),#1971,.F.);
#2292 = FACE_BOUND('',#2293,.F.);
#2293 = EDGE_LOOP('',(#2294,#2322,#2355,#2376,#2377,#2378));
#2294 = ORIENTED_EDGE('',*,*,#2295,.F.);
#2295 = EDGE_CURVE('',#2296,#2190,#2298,.T.);
#2296 = VERTEX_POINT('',#2297);
#2297 = CARTESIAN_POINT('',(0.75,-1.E-15,-5.5));
#2298 = SURFACE_CURVE('',#2299,(#2304,#2311),.PCURVE_S1.);
#2299 = HYPERBOLA('',#2300,5.5,5.5);
#2300 = AXIS2_PLACEMENT_3D('',#2301,#2302,#2303);
#2301 = CARTESIAN_POINT('',(-4.75,0.,-5.5));
#2302 = DIRECTION('',(0.,0.,1.));
#2303 = DIRECTION('',(1.,0.,0.));
#2304 = PCURVE('',#1971,#2305);
#2305 = DEFINITIONAL_REPRESENTATION('',(#2306),#2310);
#2306 = HYPERBOLA('',#2307,5.5,5.5);
#2307 = AXIS2_PLACEMENT_2D('',#2308,#2309);
#2308 = CARTESIAN_POINT('',(4.999999999981,-13.85));
#2309 = DIRECTION('',(0.,1.));
#2310 = ( GEOMETRIC_REPRESENTATION_CONTEXT(2) 
PARAMETRIC_REPRESENTATION_CONTEXT() REPRESENTATION_CONTEXT('2D SPACE',''
  ) );
#2311 = PCURVE('',#2229,#2312);
#2312 = DEFINITIONAL_REPRESENTATION('',(#2313),#2321);
#2313 = B_SPLINE_CURVE_WITH_KNOTS('',6,(#2314,#2315,#2316,#2317,#2318,
    #2319,#2320),.UNSPECIFIED.,.F.,.F.,(7,7),(-1.8E-16,0.423235459211),
  .PIECEWISE_BEZIER_KNOTS.);
#2314 = CARTESIAN_POINT('',(4.712388980385,0.));
#2315 = CARTESIAN_POINT('',(4.782928223586,-7.071067811865E-17));
#2316 = CARTESIAN_POINT('',(4.853467363211,3.284018287163E-02));
#2317 = CARTESIAN_POINT('',(4.923375408532,9.852052768303E-02));
#2318 = CARTESIAN_POINT('',(4.992017533737,0.197531321019));
#2319 = CARTESIAN_POINT('',(5.058865869772,0.330852836911));
#2320 = CARTESIAN_POINT('',(5.123526842707,0.5));
#2321 = ( GEOMETRIC_REPRESENTATION_CONTEXT(2) 
PARAMETRIC_REPRESENTATION_CONTEXT() REPRESENTATION_CONTEXT('2D SPACE',''
  ) );
#2322 = ORIENTED_EDGE('',*,*,#2323,.F.);
#2323 = EDGE_CURVE('',#2324,#2296,#2326,.T.);
#2324 = VERTEX_POINT('',#2325);
#2325 = CARTESIAN_POINT('',(1.25,-2.397915761656,-5.5));
#2326 = SURFACE_CURVE('',#2327,(#2332,#2339),.PCURVE_S1.);
#2327 = HYPERBOLA('',#2328,5.5,5.5);
#2328 = AXIS2_PLACEMENT_3D('',#2329,#2330,#2331);
#2329 = CARTESIAN_POINT('',(-4.75,0.,-5.5));
#2330 = DIRECTION('',(0.,0.,1.));
#2331 = DIRECTION('',(1.,0.,0.));
#2332 = PCURVE('',#1971,#2333);
#2333 = DEFINITIONAL_REPRESENTATION('',(#2334),#2338);
#2334 = HYPERBOLA('',#2335,5.5,5.5);
#2335 = AXIS2_PLACEMENT_2D('',#2336,#2337);
#2336 = CARTESIAN_POINT('',(4.999999999981,-13.85));
#2337 = DIRECTION('',(0.,1.));
#2338 = ( GEOMETRIC_REPRESENTATION_CONTEXT(2) 
PARAMETRIC_REPRESENTATION_CONTEXT() REPRESENTATION_CONTEXT('2D SPACE',''
  ) );
#2339 = PCURVE('',#2340,#2345);
#2340 = CONICAL_SURFACE('',#2341,5.5,0.785398163397);
#2341 = AXIS2_PLACEMENT_3D('',#2342,#2343,#2344);
#2342 = CARTESIAN_POINT('',(0.75,0.,0.));
#2343 = DIRECTION('',(1.,0.,0.));
#2344 = DIRECTION('',(0.,1.,0.));
#2345 = DEFINITIONAL_REPRESENTATION('',(#2346),#2354);
#2346 = B_SPLINE_CURVE_WITH_KNOTS('',6,(#2347,#2348,#2349,#2350,#2351,
    #2352,#2353),.UNSPECIFIED.,.F.,.F.,(7,7),(-0.423235459211,-1.8E-16),
  .PIECEWISE_BEZIER_KNOTS.);
#2347 = CARTESIAN_POINT('',(4.301251118062,0.5));
#2348 = CARTESIAN_POINT('',(4.365912090997,0.330852836911));
#2349 = CARTESIAN_POINT('',(4.432760427033,0.197531321019));
#2350 = CARTESIAN_POINT('',(4.501402552237,9.852052768303E-02));
#2351 = CARTESIAN_POINT('',(4.571310597559,3.284018287163E-02));
#2352 = CARTESIAN_POINT('',(4.641849737183,7.071067811865E-17));
#2353 = CARTESIAN_POINT('',(4.712388980385,0.));
#2354 = ( GEOMETRIC_REPRESENTATION_CONTEXT(2) 
PARAMETRIC_REPRESENTATION_CONTEXT() REPRESENTATION_CONTEXT('2D SPACE',''
  ) );
#2355 = ORIENTED_EDGE('',*,*,#2356,.T.);
#2356 = EDGE_CURVE('',#2324,#2020,#2357,.T.);
#2357 = SURFACE_CURVE('',#2358,(#2362,#2369),.PCURVE_S1.);
#2358 = LINE('',#2359,#2360);
#2359 = CARTESIAN_POINT('',(1.25,-2.397915761656,-5.5));
#2360 = VECTOR('',#2361,1.);
#2361 = DIRECTION('',(1.,0.,0.));
#2362 = PCURVE('',#1971,#2363);
#2363 = DEFINITIONAL_REPRESENTATION('',(#2364),#2368);
#2364 = LINE('',#2365,#2366);
#2365 = CARTESIAN_POINT('',(7.397915761638,-7.85));
#2366 = VECTOR('',#2367,1.);
#2367 = DIRECTION('',(0.,1.));
#2368 = ( GEOMETRIC_REPRESENTATION_CONTEXT(2) 
PARAMETRIC_REPRESENTATION_CONTEXT() REPRESENTATION_CONTEXT('2D SPACE',''
  ) );
#2369 = PCURVE('',#2036,#2370);
#2370 = DEFINITIONAL_REPRESENTATION('',(#2371),#2375);
#2371 = LINE('',#2372,#2373);
#2372 = CARTESIAN_POINT('',(4.301251118062,0.));
#2373 = VECTOR('',#2374,1.);
#2374 = DIRECTION('',(0.,1.));
#2375 = ( GEOMETRIC_REPRESENTATION_CONTEXT(2) 
PARAMETRIC_REPRESENTATION_CONTEXT() REPRESENTATION_CONTEXT('2D SPACE',''
  ) );
#2376 = ORIENTED_EDGE('',*,*,#2048,.F.);
#2377 = ORIENTED_EDGE('',*,*,#1952,.F.);
#2378 = ORIENTED_EDGE('',*,*,#2189,.F.);
#2379 = ADVANCED_FACE('',(#2380),#2007,.T.);
#2380 = FACE_BOUND('',#2381,.T.);
#2381 = EDGE_LOOP('',(#2382,#2410,#2438,#2459,#2460,#2461));
#2382 = ORIENTED_EDGE('',*,*,#2383,.F.);
#2383 = EDGE_CURVE('',#2384,#2242,#2386,.T.);
#2384 = VERTEX_POINT('',#2385);
#2385 = CARTESIAN_POINT('',(0.75,0.,5.5));
#2386 = SURFACE_CURVE('',#2387,(#2392,#2399),.PCURVE_S1.);
#2387 = HYPERBOLA('',#2388,5.5,5.5);
#2388 = AXIS2_PLACEMENT_3D('',#2389,#2390,#2391);
#2389 = CARTESIAN_POINT('',(-4.75,0.,5.5));
#2390 = DIRECTION('',(0.,0.,1.));
#2391 = DIRECTION('',(1.,0.,0.));
#2392 = PCURVE('',#2007,#2393);
#2393 = DEFINITIONAL_REPRESENTATION('',(#2394),#2398);
#2394 = HYPERBOLA('',#2395,5.5,5.5);
#2395 = AXIS2_PLACEMENT_2D('',#2396,#2397);
#2396 = CARTESIAN_POINT('',(4.999999999981,-13.85));
#2397 = DIRECTION('',(0.,1.));
#2398 = ( GEOMETRIC_REPRESENTATION_CONTEXT(2) 
PARAMETRIC_REPRESENTATION_CONTEXT() REPRESENTATION_CONTEXT('2D SPACE',''
  ) );
#2399 = PCURVE('',#2258,#2400);
#2400 = DEFINITIONAL_REPRESENTATION('',(#2401),#2409);
#2401 = B_SPLINE_CURVE_WITH_KNOTS('',6,(#2402,#2403,#2404,#2405,#2406,
    #2407,#2408),.UNSPECIFIED.,.F.,.F.,(7,7),(6.E-17,0.423235459211),
  .PIECEWISE_BEZIER_KNOTS.);
#2402 = CARTESIAN_POINT('',(1.570796326795,0.));
#2403 = CARTESIAN_POINT('',(1.500257083593,2.12132034356E-17));
#2404 = CARTESIAN_POINT('',(1.429717943969,3.284018287163E-02));
#2405 = CARTESIAN_POINT('',(1.359809898647,9.852052768304E-02));
#2406 = CARTESIAN_POINT('',(1.291167773443,0.197531321019));
#2407 = CARTESIAN_POINT('',(1.224319437408,0.330852836911));
#2408 = CARTESIAN_POINT('',(1.159658464473,0.5));
#2409 = ( GEOMETRIC_REPRESENTATION_CONTEXT(2) 
PARAMETRIC_REPRESENTATION_CONTEXT() REPRESENTATION_CONTEXT('2D SPACE',''
  ) );
#2410 = ORIENTED_EDGE('',*,*,#2411,.F.);
#2411 = EDGE_CURVE('',#2412,#2384,#2414,.T.);
#2412 = VERTEX_POINT('',#2413);
#2413 = CARTESIAN_POINT('',(1.25,-2.397915761656,5.5));
#2414 = SURFACE_CURVE('',#2415,(#2420,#2427),.PCURVE_S1.);
#2415 = HYPERBOLA('',#2416,5.5,5.5);
#2416 = AXIS2_PLACEMENT_3D('',#2417,#2418,#2419);
#2417 = CARTESIAN_POINT('',(-4.75,0.,5.5));
#2418 = DIRECTION('',(0.,0.,1.));
#2419 = DIRECTION('',(1.,0.,0.));
#2420 = PCURVE('',#2007,#2421);
#2421 = DEFINITIONAL_REPRESENTATION('',(#2422),#2426);
#2422 = HYPERBOLA('',#2423,5.5,5.5);
#2423 = AXIS2_PLACEMENT_2D('',#2424,#2425);
#2424 = CARTESIAN_POINT('',(4.999999999981,-13.85));
#2425 = DIRECTION('',(0.,1.));
#2426 = ( GEOMETRIC_REPRESENTATION_CONTEXT(2) 
PARAMETRIC_REPRESENTATION_CONTEXT() REPRESENTATION_CONTEXT('2D SPACE',''
  ) );
#2427 = PCURVE('',#2340,#2428);
#2428 = DEFINITIONAL_REPRESENTATION('',(#2429),#2437);
#2429 = B_SPLINE_CURVE_WITH_KNOTS('',6,(#2430,#2431,#2432,#2433,#2434,
    #2435,#2436),.UNSPECIFIED.,.F.,.F.,(7,7),(-0.423235459211,6.E-17),
  .PIECEWISE_BEZIER_KNOTS.);
#2430 = CARTESIAN_POINT('',(1.981934189117,0.5));
#2431 = CARTESIAN_POINT('',(1.917273216182,0.330852836911));
#2432 = CARTESIAN_POINT('',(1.850424880147,0.197531321019));
#2433 = CARTESIAN_POINT('',(1.781782754943,9.852052768304E-02));
#2434 = CARTESIAN_POINT('',(1.711874709621,3.284018287163E-02));
#2435 = CARTESIAN_POINT('',(1.641335569997,-2.12132034356E-17));
#2436 = CARTESIAN_POINT('',(1.570796326795,0.));
#2437 = ( GEOMETRIC_REPRESENTATION_CONTEXT(2) 
PARAMETRIC_REPRESENTATION_CONTEXT() REPRESENTATION_CONTEXT('2D SPACE',''
  ) );
#2438 = ORIENTED_EDGE('',*,*,#2439,.T.);
#2439 = EDGE_CURVE('',#2412,#1987,#2440,.T.);
#2440 = SURFACE_CURVE('',#2441,(#2445,#2452),.PCURVE_S1.);
#2441 = LINE('',#2442,#2443);
#2442 = CARTESIAN_POINT('',(1.25,-2.397915761656,5.5));
#2443 = VECTOR('',#2444,1.);
#2444 = DIRECTION('',(1.,0.,0.));
#2445 = PCURVE('',#2007,#2446);
#2446 = DEFINITIONAL_REPRESENTATION('',(#2447),#2451);
#2447 = LINE('',#2448,#2449);
#2448 = CARTESIAN_POINT('',(7.397915761638,-7.85));
#2449 = VECTOR('',#2450,1.);
#2450 = DIRECTION('',(0.,1.));
#2451 = ( GEOMETRIC_REPRESENTATION_CONTEXT(2) 
PARAMETRIC_REPRESENTATION_CONTEXT() REPRESENTATION_CONTEXT('2D SPACE',''
  ) );
#2452 = PCURVE('',#2036,#2453);
#2453 = DEFINITIONAL_REPRESENTATION('',(#2454),#2458);
#2454 = LINE('',#2455,#2456);
#2455 = CARTESIAN_POINT('',(1.981934189117,0.));
#2456 = VECTOR('',#2457,1.);
#2457 = DIRECTION('',(0.,1.));
#2458 = ( GEOMETRIC_REPRESENTATION_CONTEXT(2) 
PARAMETRIC_REPRESENTATION_CONTEXT() REPRESENTATION_CONTEXT('2D SPACE',''
  ) );
#2459 = ORIENTED_EDGE('',*,*,#1986,.F.);
#2460 = ORIENTED_EDGE('',*,*,#2103,.F.);
#2461 = ORIENTED_EDGE('',*,*,#2270,.F.);
#2462 = ADVANCED_FACE('',(#2463),#2036,.T.);
#2463 = FACE_BOUND('',#2464,.T.);
#2464 = EDGE_LOOP('',(#2465,#2466,#2488,#2489));
#2465 = ORIENTED_EDGE('',*,*,#2439,.F.);
#2466 = ORIENTED_EDGE('',*,*,#2467,.T.);
#2467 = EDGE_CURVE('',#2412,#2324,#2468,.T.);
#2468 = SURFACE_CURVE('',#2469,(#2474,#2481),.PCURVE_S1.);
#2469 = CIRCLE('',#2470,6.);
#2470 = AXIS2_PLACEMENT_3D('',#2471,#2472,#2473);
#2471 = CARTESIAN_POINT('',(1.25,0.,0.));
#2472 = DIRECTION('',(1.,0.,0.));
#2473 = DIRECTION('',(0.,1.,0.));
#2474 = PCURVE('',#2036,#2475);
#2475 = DEFINITIONAL_REPRESENTATION('',(#2476),#2480);
#2476 = LINE('',#2477,#2478);
#2477 = CARTESIAN_POINT('',(0.,0.));
#2478 = VECTOR('',#2479,1.);
#2479 = DIRECTION('',(1.,0.));
#2480 = ( GEOMETRIC_REPRESENTATION_CONTEXT(2) 
PARAMETRIC_REPRESENTATION_CONTEXT() REPRESENTATION_CONTEXT('2D SPACE',''
  ) );
#2481 = PCURVE('',#2340,#2482);
#2482 = DEFINITIONAL_REPRESENTATION('',(#2483),#2487);
#2483 = LINE('',#2484,#2485);
#2484 = CARTESIAN_POINT('',(0.,0.5));
#2485 = VECTOR('',#2486,1.);
#2486 = DIRECTION('',(1.,0.));
#2487 = ( GEOMETRIC_REPRESENTATION_CONTEXT(2) 
PARAMETRIC_REPRESENTATION_CONTEXT() REPRESENTATION_CONTEXT('2D SPACE',''
  ) );
#2488 = ORIENTED_EDGE('',*,*,#2356,.T.);
#2489 = ORIENTED_EDGE('',*,*,#2019,.F.);
#2490 = ADVANCED_FACE('',(#2491),#2173,.T.);
#2491 = FACE_BOUND('',#2492,.T.);
#2492 = EDGE_LOOP('',(#2493,#2516,#2517,#2518));
#2493 = ORIENTED_EDGE('',*,*,#2494,.F.);
#2494 = EDGE_CURVE('',#2134,#2495,#2497,.T.);
#2495 = VERTEX_POINT('',#2496);
#2496 = CARTESIAN_POINT('',(0.,7.15,0.));
#2497 = SEAM_CURVE('',#2498,(#2502,#2509),.PCURVE_S1.);
#2498 = LINE('',#2499,#2500);
#2499 = CARTESIAN_POINT('',(-0.35,7.5,0.));
#2500 = VECTOR('',#2501,1.);
#2501 = DIRECTION('',(0.707106781187,-0.707106781187,0.));
#2502 = PCURVE('',#2173,#2503);
#2503 = DEFINITIONAL_REPRESENTATION('',(#2504),#2508);
#2504 = LINE('',#2505,#2506);
#2505 = CARTESIAN_POINT('',(-0.,-0.));
#2506 = VECTOR('',#2507,1.);
#2507 = DIRECTION('',(-0.,-1.));
#2508 = ( GEOMETRIC_REPRESENTATION_CONTEXT(2) 
PARAMETRIC_REPRESENTATION_CONTEXT() REPRESENTATION_CONTEXT('2D SPACE',''
  ) );
#2509 = PCURVE('',#2173,#2510);
#2510 = DEFINITIONAL_REPRESENTATION('',(#2511),#2515);
#2511 = LINE('',#2512,#2513);
#2512 = CARTESIAN_POINT('',(-6.28318530718,-0.));
#2513 = VECTOR('',#2514,1.);
#2514 = DIRECTION('',(-0.,-1.));
#2515 = ( GEOMETRIC_REPRESENTATION_CONTEXT(2) 
PARAMETRIC_REPRESENTATION_CONTEXT() REPRESENTATION_CONTEXT('2D SPACE',''
  ) );
#2516 = ORIENTED_EDGE('',*,*,#2158,.T.);
#2517 = ORIENTED_EDGE('',*,*,#2494,.T.);
#2518 = ORIENTED_EDGE('',*,*,#2519,.F.);
#2519 = EDGE_CURVE('',#2495,#2495,#2520,.T.);
#2520 = SURFACE_CURVE('',#2521,(#2526,#2533),.PCURVE_S1.);
#2521 = CIRCLE('',#2522,7.15);
#2522 = AXIS2_PLACEMENT_3D('',#2523,#2524,#2525);
#2523 = CARTESIAN_POINT('',(0.,0.,0.));
#2524 = DIRECTION('',(1.,0.,0.));
#2525 = DIRECTION('',(0.,1.,0.));
#2526 = PCURVE('',#2173,#2527);
#2527 = DEFINITIONAL_REPRESENTATION('',(#2528),#2532);
#2528 = LINE('',#2529,#2530);
#2529 = CARTESIAN_POINT('',(-0.,-0.35));
#2530 = VECTOR('',#2531,1.);
#2531 = DIRECTION('',(-1.,-0.));
#2532 = ( GEOMETRIC_REPRESENTATION_CONTEXT(2) 
PARAMETRIC_REPRESENTATION_CONTEXT() REPRESENTATION_CONTEXT('2D SPACE',''
  ) );
#2533 = PCURVE('',#2534,#2539);
#2534 = PLANE('',#2535);
#2535 = AXIS2_PLACEMENT_3D('',#2536,#2537,#2538);
#2536 = CARTESIAN_POINT('',(0.,0.,0.));
#2537 = DIRECTION('',(1.,0.,0.));
#2538 = DIRECTION('',(0.,1.,0.));
#2539 = DEFINITIONAL_REPRESENTATION('',(#2540),#2544);
#2540 = CIRCLE('',#2541,7.15);
#2541 = AXIS2_PLACEMENT_2D('',#2542,#2543);
#2542 = CARTESIAN_POINT('',(0.,0.));
#2543 = DIRECTION('',(1.,0.));
#2544 = ( GEOMETRIC_REPRESENTATION_CONTEXT(2) 
PARAMETRIC_REPRESENTATION_CONTEXT() REPRESENTATION_CONTEXT('2D SPACE',''
  ) );
#2545 = ADVANCED_FACE('',(#2546),#2229,.T.);
#2546 = FACE_BOUND('',#2547,.T.);
#2547 = EDGE_LOOP('',(#2548,#2577,#2598,#2599));
#2548 = ORIENTED_EDGE('',*,*,#2549,.T.);
#2549 = EDGE_CURVE('',#2296,#2550,#2552,.T.);
#2550 = VERTEX_POINT('',#2551);
#2551 = CARTESIAN_POINT('',(0.75,5.5,0.));
#2552 = SURFACE_CURVE('',#2553,(#2558,#2565),.PCURVE_S1.);
#2553 = CIRCLE('',#2554,5.5);
#2554 = AXIS2_PLACEMENT_3D('',#2555,#2556,#2557);
#2555 = CARTESIAN_POINT('',(0.75,0.,0.));
#2556 = DIRECTION('',(1.,0.,0.));
#2557 = DIRECTION('',(0.,1.,0.));
#2558 = PCURVE('',#2229,#2559);
#2559 = DEFINITIONAL_REPRESENTATION('',(#2560),#2564);
#2560 = LINE('',#2561,#2562);
#2561 = CARTESIAN_POINT('',(0.,0.));
#2562 = VECTOR('',#2563,1.);
#2563 = DIRECTION('',(1.,0.));
#2564 = ( GEOMETRIC_REPRESENTATION_CONTEXT(2) 
PARAMETRIC_REPRESENTATION_CONTEXT() REPRESENTATION_CONTEXT('2D SPACE',''
  ) );
#2565 = PCURVE('',#2566,#2571);
#2566 = CYLINDRICAL_SURFACE('',#2567,5.5);
#2567 = AXIS2_PLACEMENT_3D('',#2568,#2569,#2570);
#2568 = CARTESIAN_POINT('',(0.,0.,0.));
#2569 = DIRECTION('',(1.,0.,0.));
#2570 = DIRECTION('',(0.,1.,0.));
#2571 = DEFINITIONAL_REPRESENTATION('',(#2572),#2576);
#2572 = LINE('',#2573,#2574);
#2573 = CARTESIAN_POINT('',(0.,0.75));
#2574 = VECTOR('',#2575,1.);
#2575 = DIRECTION('',(1.,0.));
#2576 = ( GEOMETRIC_REPRESENTATION_CONTEXT(2) 
PARAMETRIC_REPRESENTATION_CONTEXT() REPRESENTATION_CONTEXT('2D SPACE',''
  ) );
#2577 = ORIENTED_EDGE('',*,*,#2578,.T.);
#2578 = EDGE_CURVE('',#2550,#2213,#2579,.T.);
#2579 = SURFACE_CURVE('',#2580,(#2584,#2591),.PCURVE_S1.);
#2580 = LINE('',#2581,#2582);
#2581 = CARTESIAN_POINT('',(0.75,5.5,0.));
#2582 = VECTOR('',#2583,1.);
#2583 = DIRECTION('',(0.707106781187,0.707106781187,0.));
#2584 = PCURVE('',#2229,#2585);
#2585 = DEFINITIONAL_REPRESENTATION('',(#2586),#2590);
#2586 = LINE('',#2587,#2588);
#2587 = CARTESIAN_POINT('',(6.28318530718,0.));
#2588 = VECTOR('',#2589,1.);
#2589 = DIRECTION('',(0.,1.));
#2590 = ( GEOMETRIC_REPRESENTATION_CONTEXT(2) 
PARAMETRIC_REPRESENTATION_CONTEXT() REPRESENTATION_CONTEXT('2D SPACE',''
  ) );
#2591 = PCURVE('',#2258,#2592);
#2592 = DEFINITIONAL_REPRESENTATION('',(#2593),#2597);
#2593 = LINE('',#2594,#2595);
#2594 = CARTESIAN_POINT('',(0.,0.));
#2595 = VECTOR('',#2596,1.);
#2596 = DIRECTION('',(0.,1.));
#2597 = ( GEOMETRIC_REPRESENTATION_CONTEXT(2) 
PARAMETRIC_REPRESENTATION_CONTEXT() REPRESENTATION_CONTEXT('2D SPACE',''
  ) );
#2598 = ORIENTED_EDGE('',*,*,#2212,.F.);
#2599 = ORIENTED_EDGE('',*,*,#2295,.F.);
#2600 = ADVANCED_FACE('',(#2601),#2258,.T.);
#2601 = FACE_BOUND('',#2602,.T.);
#2602 = EDGE_LOOP('',(#2603,#2604,#2626,#2627));
#2603 = ORIENTED_EDGE('',*,*,#2578,.F.);
#2604 = ORIENTED_EDGE('',*,*,#2605,.T.);
#2605 = EDGE_CURVE('',#2550,#2384,#2606,.T.);
#2606 = SURFACE_CURVE('',#2607,(#2612,#2619),.PCURVE_S1.);
#2607 = CIRCLE('',#2608,5.5);
#2608 = AXIS2_PLACEMENT_3D('',#2609,#2610,#2611);
#2609 = CARTESIAN_POINT('',(0.75,0.,0.));
#2610 = DIRECTION('',(1.,0.,0.));
#2611 = DIRECTION('',(0.,1.,0.));
#2612 = PCURVE('',#2258,#2613);
#2613 = DEFINITIONAL_REPRESENTATION('',(#2614),#2618);
#2614 = LINE('',#2615,#2616);
#2615 = CARTESIAN_POINT('',(0.,0.));
#2616 = VECTOR('',#2617,1.);
#2617 = DIRECTION('',(1.,0.));
#2618 = ( GEOMETRIC_REPRESENTATION_CONTEXT(2) 
PARAMETRIC_REPRESENTATION_CONTEXT() REPRESENTATION_CONTEXT('2D SPACE',''
  ) );
#2619 = PCURVE('',#2566,#2620);
#2620 = DEFINITIONAL_REPRESENTATION('',(#2621),#2625);
#2621 = LINE('',#2622,#2623);
#2622 = CARTESIAN_POINT('',(0.,0.75));
#2623 = VECTOR('',#2624,1.);
#2624 = DIRECTION('',(1.,0.));
#2625 = ( GEOMETRIC_REPRESENTATION_CONTEXT(2) 
PARAMETRIC_REPRESENTATION_CONTEXT() REPRESENTATION_CONTEXT('2D SPACE',''
  ) );
#2626 = ORIENTED_EDGE('',*,*,#2383,.T.);
#2627 = ORIENTED_EDGE('',*,*,#2241,.F.);
#2628 = ADVANCED_FACE('',(#2629),#2340,.T.);
#2629 = FACE_BOUND('',#2630,.T.);
#2630 = EDGE_LOOP('',(#2631,#2632,#2654,#2655));
#2631 = ORIENTED_EDGE('',*,*,#2411,.T.);
#2632 = ORIENTED_EDGE('',*,*,#2633,.T.);
#2633 = EDGE_CURVE('',#2384,#2296,#2634,.T.);
#2634 = SURFACE_CURVE('',#2635,(#2640,#2647),.PCURVE_S1.);
#2635 = CIRCLE('',#2636,5.5);
#2636 = AXIS2_PLACEMENT_3D('',#2637,#2638,#2639);
#2637 = CARTESIAN_POINT('',(0.75,0.,0.));
#2638 = DIRECTION('',(1.,0.,0.));
#2639 = DIRECTION('',(0.,1.,0.));
#2640 = PCURVE('',#2340,#2641);
#2641 = DEFINITIONAL_REPRESENTATION('',(#2642),#2646);
#2642 = LINE('',#2643,#2644);
#2643 = CARTESIAN_POINT('',(0.,0.));
#2644 = VECTOR('',#2645,1.);
#2645 = DIRECTION('',(1.,0.));
#2646 = ( GEOMETRIC_REPRESENTATION_CONTEXT(2) 
PARAMETRIC_REPRESENTATION_CONTEXT() REPRESENTATION_CONTEXT('2D SPACE',''
  ) );
#2647 = PCURVE('',#2566,#2648);
#2648 = DEFINITIONAL_REPRESENTATION('',(#2649),#2653);
#2649 = LINE('',#2650,#2651);
#2650 = CARTESIAN_POINT('',(0.,0.75));
#2651 = VECTOR('',#2652,1.);
#2652 = DIRECTION('',(1.,0.));
#2653 = ( GEOMETRIC_REPRESENTATION_CONTEXT(2) 
PARAMETRIC_REPRESENTATION_CONTEXT() REPRESENTATION_CONTEXT('2D SPACE',''
  ) );
#2654 = ORIENTED_EDGE('',*,*,#2323,.F.);
#2655 = ORIENTED_EDGE('',*,*,#2467,.F.);
#2656 = ADVANCED_FACE('',(#2657,#2660),#2534,.T.);
#2657 = FACE_BOUND('',#2658,.T.);
#2658 = EDGE_LOOP('',(#2659));
#2659 = ORIENTED_EDGE('',*,*,#2519,.T.);
#2660 = FACE_BOUND('',#2661,.T.);
#2661 = EDGE_LOOP('',(#2662));
#2662 = ORIENTED_EDGE('',*,*,#2663,.F.);
#2663 = EDGE_CURVE('',#2664,#2664,#2666,.T.);
#2664 = VERTEX_POINT('',#2665);
#2665 = CARTESIAN_POINT('',(0.,5.5,0.));
#2666 = SURFACE_CURVE('',#2667,(#2672,#2679),.PCURVE_S1.);
#2667 = CIRCLE('',#2668,5.5);
#2668 = AXIS2_PLACEMENT_3D('',#2669,#2670,#2671);
#2669 = CARTESIAN_POINT('',(0.,0.,0.));
#2670 = DIRECTION('',(1.,0.,0.));
#2671 = DIRECTION('',(0.,1.,0.));
#2672 = PCURVE('',#2534,#2673);
#2673 = DEFINITIONAL_REPRESENTATION('',(#2674),#2678);
#2674 = CIRCLE('',#2675,5.5);
#2675 = AXIS2_PLACEMENT_2D('',#2676,#2677);
#2676 = CARTESIAN_POINT('',(0.,0.));
#2677 = DIRECTION('',(1.,0.));
#2678 = ( GEOMETRIC_REPRESENTATION_CONTEXT(2) 
PARAMETRIC_REPRESENTATION_CONTEXT() REPRESENTATION_CONTEXT('2D SPACE',''
  ) );
#2679 = PCURVE('',#2566,#2680);
#2680 = DEFINITIONAL_REPRESENTATION('',(#2681),#2685);
#2681 = LINE('',#2682,#2683);
#2682 = CARTESIAN_POINT('',(0.,0.));
#2683 = VECTOR('',#2684,1.);
#2684 = DIRECTION('',(1.,0.));
#2685 = ( GEOMETRIC_REPRESENTATION_CONTEXT(2) 
PARAMETRIC_REPRESENTATION_CONTEXT() REPRESENTATION_CONTEXT('2D SPACE',''
  ) );
#2686 = ADVANCED_FACE('',(#2687),#2566,.T.);
#2687 = FACE_BOUND('',#2688,.T.);
#2688 = EDGE_LOOP('',(#2689,#2710,#2711,#2712,#2713,#2714));
#2689 = ORIENTED_EDGE('',*,*,#2690,.F.);
#2690 = EDGE_CURVE('',#2664,#2550,#2691,.T.);
#2691 = SEAM_CURVE('',#2692,(#2696,#2703),.PCURVE_S1.);
#2692 = LINE('',#2693,#2694);
#2693 = CARTESIAN_POINT('',(0.,5.5,0.));
#2694 = VECTOR('',#2695,1.);
#2695 = DIRECTION('',(1.,0.,0.));
#2696 = PCURVE('',#2566,#2697);
#2697 = DEFINITIONAL_REPRESENTATION('',(#2698),#2702);
#2698 = LINE('',#2699,#2700);
#2699 = CARTESIAN_POINT('',(0.,0.));
#2700 = VECTOR('',#2701,1.);
#2701 = DIRECTION('',(0.,1.));
#2702 = ( GEOMETRIC_REPRESENTATION_CONTEXT(2) 
PARAMETRIC_REPRESENTATION_CONTEXT() REPRESENTATION_CONTEXT('2D SPACE',''
  ) );
#2703 = PCURVE('',#2566,#2704);
#2704 = DEFINITIONAL_REPRESENTATION('',(#2705),#2709);
#2705 = LINE('',#2706,#2707);
#2706 = CARTESIAN_POINT('',(6.28318530718,0.));
#2707 = VECTOR('',#2708,1.);
#2708 = DIRECTION('',(0.,1.));
#2709 = ( GEOMETRIC_REPRESENTATION_CONTEXT(2) 
PARAMETRIC_REPRESENTATION_CONTEXT() REPRESENTATION_CONTEXT('2D SPACE',''
  ) );
#2710 = ORIENTED_EDGE('',*,*,#2663,.T.);
#2711 = ORIENTED_EDGE('',*,*,#2690,.T.);
#2712 = ORIENTED_EDGE('',*,*,#2549,.F.);
#2713 = ORIENTED_EDGE('',*,*,#2633,.F.);
#2714 = ORIENTED_EDGE('',*,*,#2605,.F.);
#2715 = ( GEOMETRIC_REPRESENTATION_CONTEXT(3) 
GLOBAL_UNCERTAINTY_ASSIGNED_CONTEXT((#2719)) 
GLOBAL_UNIT_ASSIGNED_CONTEXT((#2716,#2717,#2718)) REPRESENTATION_CONTEXT
('Context #1','3D Context with UNIT and UNCERTAINTY') );
#2716 = ( LENGTH_UNIT() NAMED_UNIT(*) SI_UNIT(.MILLI.,.METRE.) );
#2717 = ( NAMED_UNIT(*) PLANE_ANGLE_UNIT() SI_UNIT($,.RADIAN.) );
#2718 = ( NAMED_UNIT(*) SI_UNIT($,.STERADIAN.) SOLID_ANGLE_UNIT() );
#2719 = UNCERTAINTY_MEASURE_WITH_UNIT(LENGTH_MEASURE(2.E-07),#2716,
  'distance_accuracy_value','confusion accuracy');
#2720 = CONTEXT_DEPENDENT_SHAPE_REPRESENTATION(#2721,#2723);
#2721 = ( REPRESENTATION_RELATIONSHIP('','',#52,#10) 
REPRESENTATION_RELATIONSHIP_WITH_TRANSFORMATION(#2722) 
SHAPE_REPRESENTATION_RELATIONSHIP() );
#2722 = ITEM_DEFINED_TRANSFORMATION('','',#11,#15);
#2723 = PRODUCT_DEFINITION_SHAPE('Placement','Placement of an item',
  #2724);
#2724 = NEXT_ASSEMBLY_USAGE_OCCURRENCE('101','Body','',#5,#47,$);
#2725 = PRODUCT_RELATED_PRODUCT_CATEGORY('part',$,(#49));
#2726 = SHAPE_DEFINITION_REPRESENTATION(#2727,#2733);
#2727 = PRODUCT_DEFINITION_SHAPE('','',#2728);
#2728 = PRODUCT_DEFINITION('design','',#2729,#2732);
#2729 = PRODUCT_DEFINITION_FORMATION('','',#2730);
#2730 = PRODUCT('Body001','Body001','',(#2731));
#2731 = PRODUCT_CONTEXT('',#2,'mechanical');
#2732 = PRODUCT_DEFINITION_CONTEXT('part definition',#2,'design');
#2733 = ADVANCED_BREP_SHAPE_REPRESENTATION('',(#11,#2734),#4304);
#2734 = MANIFOLD_SOLID_BREP('',#2735);
#2735 = CLOSED_SHELL('',(#2736,#2978,#3033,#3091,#3154,#3217,#3280,#3343
    ,#3406,#3437,#3492,#3607,#3695,#3783,#3871,#3959,#4025,#4080,#4129,
    #4156,#4183,#4210,#4237,#4264,#4291));
#2736 = ADVANCED_FACE('',(#2737,#2773),#2750,.F.);
#2737 = FACE_BOUND('',#2738,.T.);
#2738 = EDGE_LOOP('',(#2739));
#2739 = ORIENTED_EDGE('',*,*,#2740,.T.);
#2740 = EDGE_CURVE('',#2741,#2741,#2743,.T.);
#2741 = VERTEX_POINT('',#2742);
#2742 = CARTESIAN_POINT('',(0.,6.25,0.));
#2743 = SURFACE_CURVE('',#2744,(#2749,#2761),.PCURVE_S1.);
#2744 = CIRCLE('',#2745,6.25);
#2745 = AXIS2_PLACEMENT_3D('',#2746,#2747,#2748);
#2746 = CARTESIAN_POINT('',(0.,0.,0.));
#2747 = DIRECTION('',(1.,0.,0.));
#2748 = DIRECTION('',(-0.,1.,0.));
#2749 = PCURVE('',#2750,#2755);
#2750 = PLANE('',#2751);
#2751 = AXIS2_PLACEMENT_3D('',#2752,#2753,#2754);
#2752 = CARTESIAN_POINT('',(0.,0.,0.));
#2753 = DIRECTION('',(1.,0.,0.));
#2754 = DIRECTION('',(0.,1.,0.));
#2755 = DEFINITIONAL_REPRESENTATION('',(#2756),#2760);
#2756 = CIRCLE('',#2757,6.25);
#2757 = AXIS2_PLACEMENT_2D('',#2758,#2759);
#2758 = CARTESIAN_POINT('',(0.,0.));
#2759 = DIRECTION('',(1.,-0.));
#2760 = ( GEOMETRIC_REPRESENTATION_CONTEXT(2) 
PARAMETRIC_REPRESENTATION_CONTEXT() REPRESENTATION_CONTEXT('2D SPACE',''
  ) );
#2761 = PCURVE('',#2762,#2767);
#2762 = CONICAL_SURFACE('',#2763,6.,0.785398163397);
#2763 = AXIS2_PLACEMENT_3D('',#2764,#2765,#2766);
#2764 = CARTESIAN_POINT('',(0.25,0.,0.));
#2765 = DIRECTION('',(-1.,-0.,-0.));
#2766 = DIRECTION('',(-0.,1.,0.));
#2767 = DEFINITIONAL_REPRESENTATION('',(#2768),#2772);
#2768 = LINE('',#2769,#2770);
#2769 = CARTESIAN_POINT('',(0.,0.25));
#2770 = VECTOR('',#2771,1.);
#2771 = DIRECTION('',(-1.,-0.));
#2772 = ( GEOMETRIC_REPRESENTATION_CONTEXT(2) 
PARAMETRIC_REPRESENTATION_CONTEXT() REPRESENTATION_CONTEXT('2D SPACE',''
  ) );
#2773 = FACE_BOUND('',#2774,.T.);
#2774 = EDGE_LOOP('',(#2775,#2806,#2835,#2864,#2893,#2922,#2951));
#2775 = ORIENTED_EDGE('',*,*,#2776,.F.);
#2776 = EDGE_CURVE('',#2777,#2779,#2781,.T.);
#2777 = VERTEX_POINT('',#2778);
#2778 = CARTESIAN_POINT('',(0.,7.5,0.));
#2779 = VERTEX_POINT('',#2780);
#2780 = CARTESIAN_POINT('',(0.,6.495190528383,3.75));
#2781 = SURFACE_CURVE('',#2782,(#2787,#2794),.PCURVE_S1.);
#2782 = CIRCLE('',#2783,7.5);
#2783 = AXIS2_PLACEMENT_3D('',#2784,#2785,#2786);
#2784 = CARTESIAN_POINT('',(0.,0.,0.));
#2785 = DIRECTION('',(1.,0.,0.));
#2786 = DIRECTION('',(0.,1.,0.));
#2787 = PCURVE('',#2750,#2788);
#2788 = DEFINITIONAL_REPRESENTATION('',(#2789),#2793);
#2789 = CIRCLE('',#2790,7.5);
#2790 = AXIS2_PLACEMENT_2D('',#2791,#2792);
#2791 = CARTESIAN_POINT('',(0.,0.));
#2792 = DIRECTION('',(1.,-0.));
#2793 = ( GEOMETRIC_REPRESENTATION_CONTEXT(2) 
PARAMETRIC_REPRESENTATION_CONTEXT() REPRESENTATION_CONTEXT('2D SPACE',''
  ) );
#2794 = PCURVE('',#2795,#2800);
#2795 = CONICAL_SURFACE('',#2796,7.5,1.308996938999);
#2796 = AXIS2_PLACEMENT_3D('',#2797,#2798,#2799);
#2797 = CARTESIAN_POINT('',(0.,0.,0.));
#2798 = DIRECTION('',(1.,0.,0.));
#2799 = DIRECTION('',(0.,1.,0.));
#2800 = DEFINITIONAL_REPRESENTATION('',(#2801),#2805);
#2801 = LINE('',#2802,#2803);
#2802 = CARTESIAN_POINT('',(0.,0.));
#2803 = VECTOR('',#2804,1.);
#2804 = DIRECTION('',(1.,0.));
#2805 = ( GEOMETRIC_REPRESENTATION_CONTEXT(2) 
PARAMETRIC_REPRESENTATION_CONTEXT() REPRESENTATION_CONTEXT('2D SPACE',''
  ) );
#2806 = ORIENTED_EDGE('',*,*,#2807,.F.);
#2807 = EDGE_CURVE('',#2808,#2777,#2810,.T.);
#2808 = VERTEX_POINT('',#2809);
#2809 = CARTESIAN_POINT('',(0.,6.495190528383,-3.75));
#2810 = SURFACE_CURVE('',#2811,(#2816,#2823),.PCURVE_S1.);
#2811 = CIRCLE('',#2812,7.5);
#2812 = AXIS2_PLACEMENT_3D('',#2813,#2814,#2815);
#2813 = CARTESIAN_POINT('',(0.,0.,0.));
#2814 = DIRECTION('',(1.,0.,0.));
#2815 = DIRECTION('',(0.,1.,0.));
#2816 = PCURVE('',#2750,#2817);
#2817 = DEFINITIONAL_REPRESENTATION('',(#2818),#2822);
#2818 = CIRCLE('',#2819,7.5);
#2819 = AXIS2_PLACEMENT_2D('',#2820,#2821);
#2820 = CARTESIAN_POINT('',(0.,0.));
#2821 = DIRECTION('',(1.,-0.));
#2822 = ( GEOMETRIC_REPRESENTATION_CONTEXT(2) 
PARAMETRIC_REPRESENTATION_CONTEXT() REPRESENTATION_CONTEXT('2D SPACE',''
  ) );
#2823 = PCURVE('',#2824,#2829);
#2824 = CONICAL_SURFACE('',#2825,7.5,1.308996938999);
#2825 = AXIS2_PLACEMENT_3D('',#2826,#2827,#2828);
#2826 = CARTESIAN_POINT('',(0.,0.,0.));
#2827 = DIRECTION('',(1.,0.,0.));
#2828 = DIRECTION('',(0.,1.,0.));
#2829 = DEFINITIONAL_REPRESENTATION('',(#2830),#2834);
#2830 = LINE('',#2831,#2832);
#2831 = CARTESIAN_POINT('',(0.,0.));
#2832 = VECTOR('',#2833,1.);
#2833 = DIRECTION('',(1.,0.));
#2834 = ( GEOMETRIC_REPRESENTATION_CONTEXT(2) 
PARAMETRIC_REPRESENTATION_CONTEXT() REPRESENTATION_CONTEXT('2D SPACE',''
  ) );
#2835 = ORIENTED_EDGE('',*,*,#2836,.F.);
#2836 = EDGE_CURVE('',#2837,#2808,#2839,.T.);
#2837 = VERTEX_POINT('',#2838);
#2838 = CARTESIAN_POINT('',(0.,-1.E-15,-7.5));
#2839 = SURFACE_CURVE('',#2840,(#2845,#2852),.PCURVE_S1.);
#2840 = CIRCLE('',#2841,7.5);
#2841 = AXIS2_PLACEMENT_3D('',#2842,#2843,#2844);
#2842 = CARTESIAN_POINT('',(0.,0.,0.));
#2843 = DIRECTION('',(1.,0.,0.));
#2844 = DIRECTION('',(0.,1.,0.));
#2845 = PCURVE('',#2750,#2846);
#2846 = DEFINITIONAL_REPRESENTATION('',(#2847),#2851);
#2847 = CIRCLE('',#2848,7.5);
#2848 = AXIS2_PLACEMENT_2D('',#2849,#2850);
#2849 = CARTESIAN_POINT('',(0.,0.));
#2850 = DIRECTION('',(1.,-0.));
#2851 = ( GEOMETRIC_REPRESENTATION_CONTEXT(2) 
PARAMETRIC_REPRESENTATION_CONTEXT() REPRESENTATION_CONTEXT('2D SPACE',''
  ) );
#2852 = PCURVE('',#2853,#2858);
#2853 = CONICAL_SURFACE('',#2854,7.5,1.308996938999);
#2854 = AXIS2_PLACEMENT_3D('',#2855,#2856,#2857);
#2855 = CARTESIAN_POINT('',(0.,0.,0.));
#2856 = DIRECTION('',(1.,0.,0.));
#2857 = DIRECTION('',(0.,1.,0.));
#2858 = DEFINITIONAL_REPRESENTATION('',(#2859),#2863);
#2859 = LINE('',#2860,#2861);
#2860 = CARTESIAN_POINT('',(0.,0.));
#2861 = VECTOR('',#2862,1.);
#2862 = DIRECTION('',(1.,0.));
#2863 = ( GEOMETRIC_REPRESENTATION_CONTEXT(2) 
PARAMETRIC_REPRESENTATION_CONTEXT() REPRESENTATION_CONTEXT('2D SPACE',''
  ) );
#2864 = ORIENTED_EDGE('',*,*,#2865,.F.);
#2865 = EDGE_CURVE('',#2866,#2837,#2868,.T.);
#2866 = VERTEX_POINT('',#2867);
#2867 = CARTESIAN_POINT('',(0.,-6.495190528383,-3.75));
#2868 = SURFACE_CURVE('',#2869,(#2874,#2881),.PCURVE_S1.);
#2869 = CIRCLE('',#2870,7.5);
#2870 = AXIS2_PLACEMENT_3D('',#2871,#2872,#2873);
#2871 = CARTESIAN_POINT('',(0.,0.,0.));
#2872 = DIRECTION('',(1.,0.,0.));
#2873 = DIRECTION('',(0.,1.,0.));
#2874 = PCURVE('',#2750,#2875);
#2875 = DEFINITIONAL_REPRESENTATION('',(#2876),#2880);
#2876 = CIRCLE('',#2877,7.5);
#2877 = AXIS2_PLACEMENT_2D('',#2878,#2879);
#2878 = CARTESIAN_POINT('',(0.,0.));
#2879 = DIRECTION('',(1.,-0.));
#2880 = ( GEOMETRIC_REPRESENTATION_CONTEXT(2) 
PARAMETRIC_REPRESENTATION_CONTEXT() REPRESENTATION_CONTEXT('2D SPACE',''
  ) );
#2881 = PCURVE('',#2882,#2887);
#2882 = CONICAL_SURFACE('',#2883,7.5,1.308996938999);
#2883 = AXIS2_PLACEMENT_3D('',#2884,#2885,#2886);
#2884 = CARTESIAN_POINT('',(0.,0.,0.));
#2885 = DIRECTION('',(1.,0.,0.));
#2886 = DIRECTION('',(0.,1.,0.));
#2887 = DEFINITIONAL_REPRESENTATION('',(#2888),#2892);
#2888 = LINE('',#2889,#2890);
#2889 = CARTESIAN_POINT('',(0.,0.));
#2890 = VECTOR('',#2891,1.);
#2891 = DIRECTION('',(1.,0.));
#2892 = ( GEOMETRIC_REPRESENTATION_CONTEXT(2) 
PARAMETRIC_REPRESENTATION_CONTEXT() REPRESENTATION_CONTEXT('2D SPACE',''
  ) );
#2893 = ORIENTED_EDGE('',*,*,#2894,.F.);
#2894 = EDGE_CURVE('',#2895,#2866,#2897,.T.);
#2895 = VERTEX_POINT('',#2896);
#2896 = CARTESIAN_POINT('',(0.,-6.495190528383,3.75));
#2897 = SURFACE_CURVE('',#2898,(#2903,#2910),.PCURVE_S1.);
#2898 = CIRCLE('',#2899,7.5);
#2899 = AXIS2_PLACEMENT_3D('',#2900,#2901,#2902);
#2900 = CARTESIAN_POINT('',(0.,0.,0.));
#2901 = DIRECTION('',(1.,0.,0.));
#2902 = DIRECTION('',(0.,1.,0.));
#2903 = PCURVE('',#2750,#2904);
#2904 = DEFINITIONAL_REPRESENTATION('',(#2905),#2909);
#2905 = CIRCLE('',#2906,7.5);
#2906 = AXIS2_PLACEMENT_2D('',#2907,#2908);
#2907 = CARTESIAN_POINT('',(0.,0.));
#2908 = DIRECTION('',(1.,-0.));
#2909 = ( GEOMETRIC_REPRESENTATION_CONTEXT(2) 
PARAMETRIC_REPRESENTATION_CONTEXT() REPRESENTATION_CONTEXT('2D SPACE',''
  ) );
#2910 = PCURVE('',#2911,#2916);
#2911 = CONICAL_SURFACE('',#2912,7.5,1.308996938999);
#2912 = AXIS2_PLACEMENT_3D('',#2913,#2914,#2915);
#2913 = CARTESIAN_POINT('',(0.,0.,0.));
#2914 = DIRECTION('',(1.,0.,0.));
#2915 = DIRECTION('',(0.,1.,0.));
#2916 = DEFINITIONAL_REPRESENTATION('',(#2917),#2921);
#2917 = LINE('',#2918,#2919);
#2918 = CARTESIAN_POINT('',(0.,0.));
#2919 = VECTOR('',#2920,1.);
#2920 = DIRECTION('',(1.,0.));
#2921 = ( GEOMETRIC_REPRESENTATION_CONTEXT(2) 
PARAMETRIC_REPRESENTATION_CONTEXT() REPRESENTATION_CONTEXT('2D SPACE',''
  ) );
#2922 = ORIENTED_EDGE('',*,*,#2923,.F.);
#2923 = EDGE_CURVE('',#2924,#2895,#2926,.T.);
#2924 = VERTEX_POINT('',#2925);
#2925 = CARTESIAN_POINT('',(0.,0.,7.5));
#2926 = SURFACE_CURVE('',#2927,(#2932,#2939),.PCURVE_S1.);
#2927 = CIRCLE('',#2928,7.5);
#2928 = AXIS2_PLACEMENT_3D('',#2929,#2930,#2931);
#2929 = CARTESIAN_POINT('',(0.,0.,0.));
#2930 = DIRECTION('',(1.,0.,0.));
#2931 = DIRECTION('',(0.,1.,0.));
#2932 = PCURVE('',#2750,#2933);
#2933 = DEFINITIONAL_REPRESENTATION('',(#2934),#2938);
#2934 = CIRCLE('',#2935,7.5);
#2935 = AXIS2_PLACEMENT_2D('',#2936,#2937);
#2936 = CARTESIAN_POINT('',(0.,0.));
#2937 = DIRECTION('',(1.,-0.));
#2938 = ( GEOMETRIC_REPRESENTATION_CONTEXT(2) 
PARAMETRIC_REPRESENTATION_CONTEXT() REPRESENTATION_CONTEXT('2D SPACE',''
  ) );
#2939 = PCURVE('',#2940,#2945);
#2940 = CONICAL_SURFACE('',#2941,7.5,1.308996938999);
#2941 = AXIS2_PLACEMENT_3D('',#2942,#2943,#2944);
#2942 = CARTESIAN_POINT('',(0.,0.,0.));
#2943 = DIRECTION('',(1.,0.,0.));
#2944 = DIRECTION('',(0.,1.,0.));
#2945 = DEFINITIONAL_REPRESENTATION('',(#2946),#2950);
#2946 = LINE('',#2947,#2948);
#2947 = CARTESIAN_POINT('',(0.,0.));
#2948 = VECTOR('',#2949,1.);
#2949 = DIRECTION('',(1.,0.));
#2950 = ( GEOMETRIC_REPRESENTATION_CONTEXT(2) 
PARAMETRIC_REPRESENTATION_CONTEXT() REPRESENTATION_CONTEXT('2D SPACE',''
  ) );
#2951 = ORIENTED_EDGE('',*,*,#2952,.F.);
#2952 = EDGE_CURVE('',#2779,#2924,#2953,.T.);
#2953 = SURFACE_CURVE('',#2954,(#2959,#2966),.PCURVE_S1.);
#2954 = CIRCLE('',#2955,7.5);
#2955 = AXIS2_PLACEMENT_3D('',#2956,#2957,#2958);
#2956 = CARTESIAN_POINT('',(0.,0.,0.));
#2957 = DIRECTION('',(1.,0.,0.));
#2958 = DIRECTION('',(0.,1.,0.));
#2959 = PCURVE('',#2750,#2960);
#2960 = DEFINITIONAL_REPRESENTATION('',(#2961),#2965);
#2961 = CIRCLE('',#2962,7.5);
#2962 = AXIS2_PLACEMENT_2D('',#2963,#2964);
#2963 = CARTESIAN_POINT('',(0.,0.));
#2964 = DIRECTION('',(1.,-0.));
#2965 = ( GEOMETRIC_REPRESENTATION_CONTEXT(2) 
PARAMETRIC_REPRESENTATION_CONTEXT() REPRESENTATION_CONTEXT('2D SPACE',''
  ) );
#2966 = PCURVE('',#2967,#2972);
#2967 = CONICAL_SURFACE('',#2968,7.5,1.308996938999);
#2968 = AXIS2_PLACEMENT_3D('',#2969,#2970,#2971);
#2969 = CARTESIAN_POINT('',(0.,0.,0.));
#2970 = DIRECTION('',(1.,0.,0.));
#2971 = DIRECTION('',(0.,1.,0.));
#2972 = DEFINITIONAL_REPRESENTATION('',(#2973),#2977);
#2973 = LINE('',#2974,#2975);
#2974 = CARTESIAN_POINT('',(0.,0.));
#2975 = VECTOR('',#2976,1.);
#2976 = DIRECTION('',(1.,0.));
#2977 = ( GEOMETRIC_REPRESENTATION_CONTEXT(2) 
PARAMETRIC_REPRESENTATION_CONTEXT() REPRESENTATION_CONTEXT('2D SPACE',''
  ) );
#2978 = ADVANCED_FACE('',(#2979),#2762,.F.);
#2979 = FACE_BOUND('',#2980,.F.);
#2980 = EDGE_LOOP('',(#2981,#3004,#3005,#3006));
#2981 = ORIENTED_EDGE('',*,*,#2982,.F.);
#2982 = EDGE_CURVE('',#2741,#2983,#2985,.T.);
#2983 = VERTEX_POINT('',#2984);
#2984 = CARTESIAN_POINT('',(0.25,6.,0.));
#2985 = SEAM_CURVE('',#2986,(#2990,#2997),.PCURVE_S1.);
#2986 = LINE('',#2987,#2988);
#2987 = CARTESIAN_POINT('',(0.25,6.,0.));
#2988 = VECTOR('',#2989,1.);
#2989 = DIRECTION('',(0.707106781187,-0.707106781187,0.));
#2990 = PCURVE('',#2762,#2991);
#2991 = DEFINITIONAL_REPRESENTATION('',(#2992),#2996);
#2992 = LINE('',#2993,#2994);
#2993 = CARTESIAN_POINT('',(-0.,-0.));
#2994 = VECTOR('',#2995,1.);
#2995 = DIRECTION('',(-0.,-1.));
#2996 = ( GEOMETRIC_REPRESENTATION_CONTEXT(2) 
PARAMETRIC_REPRESENTATION_CONTEXT() REPRESENTATION_CONTEXT('2D SPACE',''
  ) );
#2997 = PCURVE('',#2762,#2998);
#2998 = DEFINITIONAL_REPRESENTATION('',(#2999),#3003);
#2999 = LINE('',#3000,#3001);
#3000 = CARTESIAN_POINT('',(-6.28318530718,-0.));
#3001 = VECTOR('',#3002,1.);
#3002 = DIRECTION('',(-0.,-1.));
#3003 = ( GEOMETRIC_REPRESENTATION_CONTEXT(2) 
PARAMETRIC_REPRESENTATION_CONTEXT() REPRESENTATION_CONTEXT('2D SPACE',''
  ) );
#3004 = ORIENTED_EDGE('',*,*,#2740,.T.);
#3005 = ORIENTED_EDGE('',*,*,#2982,.T.);
#3006 = ORIENTED_EDGE('',*,*,#3007,.F.);
#3007 = EDGE_CURVE('',#2983,#2983,#3008,.T.);
#3008 = SURFACE_CURVE('',#3009,(#3014,#3021),.PCURVE_S1.);
#3009 = CIRCLE('',#3010,6.);
#3010 = AXIS2_PLACEMENT_3D('',#3011,#3012,#3013);
#3011 = CARTESIAN_POINT('',(0.25,0.,0.));
#3012 = DIRECTION('',(1.,0.,0.));
#3013 = DIRECTION('',(-0.,1.,0.));
#3014 = PCURVE('',#2762,#3015);
#3015 = DEFINITIONAL_REPRESENTATION('',(#3016),#3020);
#3016 = LINE('',#3017,#3018);
#3017 = CARTESIAN_POINT('',(-0.,-0.));
#3018 = VECTOR('',#3019,1.);
#3019 = DIRECTION('',(-1.,-0.));
#3020 = ( GEOMETRIC_REPRESENTATION_CONTEXT(2) 
PARAMETRIC_REPRESENTATION_CONTEXT() REPRESENTATION_CONTEXT('2D SPACE',''
  ) );
#3021 = PCURVE('',#3022,#3027);
#3022 = CYLINDRICAL_SURFACE('',#3023,6.);
#3023 = AXIS2_PLACEMENT_3D('',#3024,#3025,#3026);
#3024 = CARTESIAN_POINT('',(2.5,0.,0.));
#3025 = DIRECTION('',(-1.,-0.,-0.));
#3026 = DIRECTION('',(0.,1.,0.));
#3027 = DEFINITIONAL_REPRESENTATION('',(#3028),#3032);
#3028 = LINE('',#3029,#3030);
#3029 = CARTESIAN_POINT('',(-0.,2.25));
#3030 = VECTOR('',#3031,1.);
#3031 = DIRECTION('',(-1.,0.));
#3032 = ( GEOMETRIC_REPRESENTATION_CONTEXT(2) 
PARAMETRIC_REPRESENTATION_CONTEXT() REPRESENTATION_CONTEXT('2D SPACE',''
  ) );
#3033 = ADVANCED_FACE('',(#3034),#2795,.T.);
#3034 = FACE_BOUND('',#3035,.T.);
#3035 = EDGE_LOOP('',(#3036,#3059,#3060));
#3036 = ORIENTED_EDGE('',*,*,#3037,.F.);
#3037 = EDGE_CURVE('',#2777,#3038,#3040,.T.);
#3038 = VERTEX_POINT('',#3039);
#3039 = CARTESIAN_POINT('',(0.310889132452,8.660254037844,0.));
#3040 = SURFACE_CURVE('',#3041,(#3045,#3052),.PCURVE_S1.);
#3041 = LINE('',#3042,#3043);
#3042 = CARTESIAN_POINT('',(0.,7.5,0.));
#3043 = VECTOR('',#3044,1.);
#3044 = DIRECTION('',(0.2588190451,0.96592582629,0.));
#3045 = PCURVE('',#2795,#3046);
#3046 = DEFINITIONAL_REPRESENTATION('',(#3047),#3051);
#3047 = LINE('',#3048,#3049);
#3048 = CARTESIAN_POINT('',(0.,0.));
#3049 = VECTOR('',#3050,1.);
#3050 = DIRECTION('',(0.,1.));
#3051 = ( GEOMETRIC_REPRESENTATION_CONTEXT(2) 
PARAMETRIC_REPRESENTATION_CONTEXT() REPRESENTATION_CONTEXT('2D SPACE',''
  ) );
#3052 = PCURVE('',#2824,#3053);
#3053 = DEFINITIONAL_REPRESENTATION('',(#3054),#3058);
#3054 = LINE('',#3055,#3056);
#3055 = CARTESIAN_POINT('',(6.28318530718,0.));
#3056 = VECTOR('',#3057,1.);
#3057 = DIRECTION('',(0.,1.));
#3058 = ( GEOMETRIC_REPRESENTATION_CONTEXT(2) 
PARAMETRIC_REPRESENTATION_CONTEXT() REPRESENTATION_CONTEXT('2D SPACE',''
  ) );
#3059 = ORIENTED_EDGE('',*,*,#2776,.T.);
#3060 = ORIENTED_EDGE('',*,*,#3061,.T.);
#3061 = EDGE_CURVE('',#2779,#3038,#3062,.T.);
#3062 = SURFACE_CURVE('',#3063,(#3068,#3079),.PCURVE_S1.);
#3063 = HYPERBOLA('',#3064,2.00961894321,7.5);
#3064 = AXIS2_PLACEMENT_3D('',#3065,#3066,#3067);
#3065 = CARTESIAN_POINT('',(-2.00961894321,6.495190528383,3.75));
#3066 = DIRECTION('',(-0.,0.866025403784,0.5));
#3067 = DIRECTION('',(1.,0.,0.));
#3068 = PCURVE('',#2795,#3069);
#3069 = DEFINITIONAL_REPRESENTATION('',(#3070),#3078);
#3070 = B_SPLINE_CURVE_WITH_KNOTS('',6,(#3071,#3072,#3073,#3074,#3075,
    #3076,#3077),.UNSPECIFIED.,.F.,.F.,(7,7),(1.E-16,0.549306144334),
  .PIECEWISE_BEZIER_KNOTS.);
#3071 = CARTESIAN_POINT('',(0.523598775598,-2.225843787858E-16));
#3072 = CARTESIAN_POINT('',(0.432047751543,-2.018788551778E-16));
#3073 = CARTESIAN_POINT('',(0.340497154616,2.021257128553E-02));
#3074 = CARTESIAN_POINT('',(0.2503248097,6.063765195766E-02));
#3075 = CARTESIAN_POINT('',(0.162925989184,0.121783687911));
#3076 = CARTESIAN_POINT('',(7.92855125747E-02,0.204666687124));
#3077 = CARTESIAN_POINT('',(0.,0.310889132452));
#3078 = ( GEOMETRIC_REPRESENTATION_CONTEXT(2) 
PARAMETRIC_REPRESENTATION_CONTEXT() REPRESENTATION_CONTEXT('2D SPACE',''
  ) );
#3079 = PCURVE('',#3080,#3085);
#3080 = PLANE('',#3081);
#3081 = AXIS2_PLACEMENT_3D('',#3082,#3083,#3084);
#3082 = CARTESIAN_POINT('',(2.5,8.660254037844,0.));
#3083 = DIRECTION('',(0.,0.866025403784,0.5));
#3084 = DIRECTION('',(0.,-0.5,0.866025403784));
#3085 = DEFINITIONAL_REPRESENTATION('',(#3086),#3090);
#3086 = HYPERBOLA('',#3087,2.00961894321,7.5);
#3087 = AXIS2_PLACEMENT_2D('',#3088,#3089);
#3088 = CARTESIAN_POINT('',(4.330127018922,-4.50961894321));
#3089 = DIRECTION('',(0.,1.));
#3090 = ( GEOMETRIC_REPRESENTATION_CONTEXT(2) 
PARAMETRIC_REPRESENTATION_CONTEXT() REPRESENTATION_CONTEXT('2D SPACE',''
  ) );
#3091 = ADVANCED_FACE('',(#3092),#2967,.T.);
#3092 = FACE_BOUND('',#3093,.T.);
#3093 = EDGE_LOOP('',(#3094,#3122,#3123));
#3094 = ORIENTED_EDGE('',*,*,#3095,.T.);
#3095 = EDGE_CURVE('',#3096,#2779,#3098,.T.);
#3096 = VERTEX_POINT('',#3097);
#3097 = CARTESIAN_POINT('',(0.310889132452,4.330127018922,7.5));
#3098 = SURFACE_CURVE('',#3099,(#3104,#3115),.PCURVE_S1.);
#3099 = HYPERBOLA('',#3100,2.00961894321,7.5);
#3100 = AXIS2_PLACEMENT_3D('',#3101,#3102,#3103);
#3101 = CARTESIAN_POINT('',(-2.00961894321,6.495190528383,3.75));
#3102 = DIRECTION('',(-0.,0.866025403784,0.5));
#3103 = DIRECTION('',(1.,0.,0.));
#3104 = PCURVE('',#2967,#3105);
#3105 = DEFINITIONAL_REPRESENTATION('',(#3106),#3114);
#3106 = B_SPLINE_CURVE_WITH_KNOTS('',6,(#3107,#3108,#3109,#3110,#3111,
    #3112,#3113),.UNSPECIFIED.,.F.,.F.,(7,7),(-0.646774826402,1.E-16),
  .PIECEWISE_BEZIER_KNOTS.);
#3107 = CARTESIAN_POINT('',(1.129489894438,0.435188018377));
#3108 = CARTESIAN_POINT('',(1.040882289042,0.285103397597));
#3109 = CARTESIAN_POINT('',(0.945747385947,0.16910893613));
#3110 = CARTESIAN_POINT('',(0.844736098244,8.406578113697E-02));
#3111 = CARTESIAN_POINT('',(0.73918956128,2.802200364456E-02));
#3112 = CARTESIAN_POINT('',(0.631394579999,-2.458780928447E-16));
#3113 = CARTESIAN_POINT('',(0.523598775598,-2.225843787858E-16));
#3114 = ( GEOMETRIC_REPRESENTATION_CONTEXT(2) 
PARAMETRIC_REPRESENTATION_CONTEXT() REPRESENTATION_CONTEXT('2D SPACE',''
  ) );
#3115 = PCURVE('',#3080,#3116);
#3116 = DEFINITIONAL_REPRESENTATION('',(#3117),#3121);
#3117 = HYPERBOLA('',#3118,2.00961894321,7.5);
#3118 = AXIS2_PLACEMENT_2D('',#3119,#3120);
#3119 = CARTESIAN_POINT('',(4.330127018922,-4.50961894321));
#3120 = DIRECTION('',(0.,1.));
#3121 = ( GEOMETRIC_REPRESENTATION_CONTEXT(2) 
PARAMETRIC_REPRESENTATION_CONTEXT() REPRESENTATION_CONTEXT('2D SPACE',''
  ) );
#3122 = ORIENTED_EDGE('',*,*,#2952,.T.);
#3123 = ORIENTED_EDGE('',*,*,#3124,.T.);
#3124 = EDGE_CURVE('',#2924,#3096,#3125,.T.);
#3125 = SURFACE_CURVE('',#3126,(#3131,#3142),.PCURVE_S1.);
#3126 = HYPERBOLA('',#3127,2.00961894321,7.5);
#3127 = AXIS2_PLACEMENT_3D('',#3128,#3129,#3130);
#3128 = CARTESIAN_POINT('',(-2.00961894321,0.,7.5));
#3129 = DIRECTION('',(0.,0.,1.));
#3130 = DIRECTION('',(1.,0.,0.));
#3131 = PCURVE('',#2967,#3132);
#3132 = DEFINITIONAL_REPRESENTATION('',(#3133),#3141);
#3133 = B_SPLINE_CURVE_WITH_KNOTS('',6,(#3134,#3135,#3136,#3137,#3138,
    #3139,#3140),.UNSPECIFIED.,.F.,.F.,(7,7),(6.E-17,0.646774826402),
  .PIECEWISE_BEZIER_KNOTS.);
#3134 = CARTESIAN_POINT('',(1.570796326795,0.));
#3135 = CARTESIAN_POINT('',(1.463000522395,1.294095225499E-17));
#3136 = CARTESIAN_POINT('',(1.355205541114,2.802200364456E-02));
#3137 = CARTESIAN_POINT('',(1.249659004149,8.406578113697E-02));
#3138 = CARTESIAN_POINT('',(1.148647716446,0.16910893613));
#3139 = CARTESIAN_POINT('',(1.053512813351,0.285103397597));
#3140 = CARTESIAN_POINT('',(0.964905207956,0.435188018377));
#3141 = ( GEOMETRIC_REPRESENTATION_CONTEXT(2) 
PARAMETRIC_REPRESENTATION_CONTEXT() REPRESENTATION_CONTEXT('2D SPACE',''
  ) );
#3142 = PCURVE('',#3143,#3148);
#3143 = PLANE('',#3144);
#3144 = AXIS2_PLACEMENT_3D('',#3145,#3146,#3147);
#3145 = CARTESIAN_POINT('',(2.5,4.330127018922,7.5));
#3146 = DIRECTION('',(0.,0.,1.));
#3147 = DIRECTION('',(0.,-1.,0.));
#3148 = DEFINITIONAL_REPRESENTATION('',(#3149),#3153);
#3149 = HYPERBOLA('',#3150,2.00961894321,7.5);
#3150 = AXIS2_PLACEMENT_2D('',#3151,#3152);
#3151 = CARTESIAN_POINT('',(4.330127018922,-4.50961894321));
#3152 = DIRECTION('',(0.,1.));
#3153 = ( GEOMETRIC_REPRESENTATION_CONTEXT(2) 
PARAMETRIC_REPRESENTATION_CONTEXT() REPRESENTATION_CONTEXT('2D SPACE',''
  ) );
#3154 = ADVANCED_FACE('',(#3155),#2940,.T.);
#3155 = FACE_BOUND('',#3156,.T.);
#3156 = EDGE_LOOP('',(#3157,#3185,#3186));
#3157 = ORIENTED_EDGE('',*,*,#3158,.T.);
#3158 = EDGE_CURVE('',#3159,#2924,#3161,.T.);
#3159 = VERTEX_POINT('',#3160);
#3160 = CARTESIAN_POINT('',(0.310889132452,-4.330127018922,7.5));
#3161 = SURFACE_CURVE('',#3162,(#3167,#3178),.PCURVE_S1.);
#3162 = HYPERBOLA('',#3163,2.00961894321,7.5);
#3163 = AXIS2_PLACEMENT_3D('',#3164,#3165,#3166);
#3164 = CARTESIAN_POINT('',(-2.00961894321,0.,7.5));
#3165 = DIRECTION('',(0.,0.,1.));
#3166 = DIRECTION('',(1.,0.,0.));
#3167 = PCURVE('',#2940,#3168);
#3168 = DEFINITIONAL_REPRESENTATION('',(#3169),#3177);
#3169 = B_SPLINE_CURVE_WITH_KNOTS('',6,(#3170,#3171,#3172,#3173,#3174,
    #3175,#3176),.UNSPECIFIED.,.F.,.F.,(7,7),(-0.646774826402,6.E-17),
  .PIECEWISE_BEZIER_KNOTS.);
#3170 = CARTESIAN_POINT('',(2.176687445634,0.435188018377));
#3171 = CARTESIAN_POINT('',(2.088079840238,0.285103397597));
#3172 = CARTESIAN_POINT('',(1.992944937144,0.16910893613));
#3173 = CARTESIAN_POINT('',(1.89193364944,8.406578113697E-02));
#3174 = CARTESIAN_POINT('',(1.786387112476,2.802200364456E-02));
#3175 = CARTESIAN_POINT('',(1.678592131195,-1.294095225499E-17));
#3176 = CARTESIAN_POINT('',(1.570796326795,0.));
#3177 = ( GEOMETRIC_REPRESENTATION_CONTEXT(2) 
PARAMETRIC_REPRESENTATION_CONTEXT() REPRESENTATION_CONTEXT('2D SPACE',''
  ) );
#3178 = PCURVE('',#3143,#3179);
#3179 = DEFINITIONAL_REPRESENTATION('',(#3180),#3184);
#3180 = HYPERBOLA('',#3181,2.00961894321,7.5);
#3181 = AXIS2_PLACEMENT_2D('',#3182,#3183);
#3182 = CARTESIAN_POINT('',(4.330127018922,-4.50961894321));
#3183 = DIRECTION('',(0.,1.));
#3184 = ( GEOMETRIC_REPRESENTATION_CONTEXT(2) 
PARAMETRIC_REPRESENTATION_CONTEXT() REPRESENTATION_CONTEXT('2D SPACE',''
  ) );
#3185 = ORIENTED_EDGE('',*,*,#2923,.T.);
#3186 = ORIENTED_EDGE('',*,*,#3187,.T.);
#3187 = EDGE_CURVE('',#2895,#3159,#3188,.T.);
#3188 = SURFACE_CURVE('',#3189,(#3194,#3205),.PCURVE_S1.);
#3189 = HYPERBOLA('',#3190,2.00961894321,7.5);
#3190 = AXIS2_PLACEMENT_3D('',#3191,#3192,#3193);
#3191 = CARTESIAN_POINT('',(-2.00961894321,-6.495190528383,3.75));
#3192 = DIRECTION('',(0.,-0.866025403784,0.5));
#3193 = DIRECTION('',(1.,0.,0.));
#3194 = PCURVE('',#2940,#3195);
#3195 = DEFINITIONAL_REPRESENTATION('',(#3196),#3204);
#3196 = B_SPLINE_CURVE_WITH_KNOTS('',6,(#3197,#3198,#3199,#3200,#3201,
    #3202,#3203),.UNSPECIFIED.,.F.,.F.,(7,7),(5.E-17,0.646774826402),
  .PIECEWISE_BEZIER_KNOTS.);
#3197 = CARTESIAN_POINT('',(2.617993877991,0.));
#3198 = CARTESIAN_POINT('',(2.510198073591,0.));
#3199 = CARTESIAN_POINT('',(2.40240309231,2.802200364455E-02));
#3200 = CARTESIAN_POINT('',(2.296856555346,8.406578113697E-02));
#3201 = CARTESIAN_POINT('',(2.195845267643,0.16910893613));
#3202 = CARTESIAN_POINT('',(2.100710364548,0.285103397597));
#3203 = CARTESIAN_POINT('',(2.012102759152,0.435188018377));
#3204 = ( GEOMETRIC_REPRESENTATION_CONTEXT(2) 
PARAMETRIC_REPRESENTATION_CONTEXT() REPRESENTATION_CONTEXT('2D SPACE',''
  ) );
#3205 = PCURVE('',#3206,#3211);
#3206 = PLANE('',#3207);
#3207 = AXIS2_PLACEMENT_3D('',#3208,#3209,#3210);
#3208 = CARTESIAN_POINT('',(2.5,-4.330127018922,7.5));
#3209 = DIRECTION('',(0.,-0.866025403784,0.5));
#3210 = DIRECTION('',(0.,-0.5,-0.866025403784));
#3211 = DEFINITIONAL_REPRESENTATION('',(#3212),#3216);
#3212 = HYPERBOLA('',#3213,2.00961894321,7.5);
#3213 = AXIS2_PLACEMENT_2D('',#3214,#3215);
#3214 = CARTESIAN_POINT('',(4.330127018922,-4.50961894321));
#3215 = DIRECTION('',(0.,1.));
#3216 = ( GEOMETRIC_REPRESENTATION_CONTEXT(2) 
PARAMETRIC_REPRESENTATION_CONTEXT() REPRESENTATION_CONTEXT('2D SPACE',''
  ) );
#3217 = ADVANCED_FACE('',(#3218),#2911,.T.);
#3218 = FACE_BOUND('',#3219,.T.);
#3219 = EDGE_LOOP('',(#3220,#3248,#3249));
#3220 = ORIENTED_EDGE('',*,*,#3221,.T.);
#3221 = EDGE_CURVE('',#3222,#2895,#3224,.T.);
#3222 = VERTEX_POINT('',#3223);
#3223 = CARTESIAN_POINT('',(0.310889132452,-8.660254037844,-1.E-15));
#3224 = SURFACE_CURVE('',#3225,(#3230,#3241),.PCURVE_S1.);
#3225 = HYPERBOLA('',#3226,2.00961894321,7.5);
#3226 = AXIS2_PLACEMENT_3D('',#3227,#3228,#3229);
#3227 = CARTESIAN_POINT('',(-2.00961894321,-6.495190528383,3.75));
#3228 = DIRECTION('',(0.,-0.866025403784,0.5));
#3229 = DIRECTION('',(1.,0.,0.));
#3230 = PCURVE('',#2911,#3231);
#3231 = DEFINITIONAL_REPRESENTATION('',(#3232),#3240);
#3232 = B_SPLINE_CURVE_WITH_KNOTS('',6,(#3233,#3234,#3235,#3236,#3237,
    #3238,#3239),.UNSPECIFIED.,.F.,.F.,(7,7),(-0.646774826402,5.E-17),
  .PIECEWISE_BEZIER_KNOTS.);
#3233 = CARTESIAN_POINT('',(3.223884996831,0.435188018377));
#3234 = CARTESIAN_POINT('',(3.135277391435,0.285103397597));
#3235 = CARTESIAN_POINT('',(3.04014248834,0.16910893613));
#3236 = CARTESIAN_POINT('',(2.939131200637,8.406578113697E-02));
#3237 = CARTESIAN_POINT('',(2.833584663673,2.802200364456E-02));
#3238 = CARTESIAN_POINT('',(2.725789682392,0.));
#3239 = CARTESIAN_POINT('',(2.617993877991,0.));
#3240 = ( GEOMETRIC_REPRESENTATION_CONTEXT(2) 
PARAMETRIC_REPRESENTATION_CONTEXT() REPRESENTATION_CONTEXT('2D SPACE',''
  ) );
#3241 = PCURVE('',#3206,#3242);
#3242 = DEFINITIONAL_REPRESENTATION('',(#3243),#3247);
#3243 = HYPERBOLA('',#3244,2.00961894321,7.5);
#3244 = AXIS2_PLACEMENT_2D('',#3245,#3246);
#3245 = CARTESIAN_POINT('',(4.330127018922,-4.50961894321));
#3246 = DIRECTION('',(0.,1.));
#3247 = ( GEOMETRIC_REPRESENTATION_CONTEXT(2) 
PARAMETRIC_REPRESENTATION_CONTEXT() REPRESENTATION_CONTEXT('2D SPACE',''
  ) );
#3248 = ORIENTED_EDGE('',*,*,#2894,.T.);
#3249 = ORIENTED_EDGE('',*,*,#3250,.T.);
#3250 = EDGE_CURVE('',#2866,#3222,#3251,.T.);
#3251 = SURFACE_CURVE('',#3252,(#3257,#3268),.PCURVE_S1.);
#3252 = HYPERBOLA('',#3253,2.00961894321,7.5);
#3253 = AXIS2_PLACEMENT_3D('',#3254,#3255,#3256);
#3254 = CARTESIAN_POINT('',(-2.00961894321,-6.495190528383,-3.75));
#3255 = DIRECTION('',(0.,-0.866025403784,-0.5));
#3256 = DIRECTION('',(1.,0.,0.));
#3257 = PCURVE('',#2911,#3258);
#3258 = DEFINITIONAL_REPRESENTATION('',(#3259),#3267);
#3259 = B_SPLINE_CURVE_WITH_KNOTS('',6,(#3260,#3261,#3262,#3263,#3264,
    #3265,#3266),.UNSPECIFIED.,.F.,.F.,(7,7),(-3.900363E-11,
    0.646774826402),.PIECEWISE_BEZIER_KNOTS.);
#3260 = CARTESIAN_POINT('',(3.665191429227,4.736388525325E-16));
#3261 = CARTESIAN_POINT('',(3.55739562482,-8.448741381379E-12));
#3262 = CARTESIAN_POINT('',(3.449600643532,2.802200363103E-02));
#3263 = CARTESIAN_POINT('',(3.344054106561,8.406578112159E-02));
#3264 = CARTESIAN_POINT('',(3.243042818851,0.169108936116));
#3265 = CARTESIAN_POINT('',(3.14790791575,0.285103397588));
#3266 = CARTESIAN_POINT('',(3.059300310349,0.435188018377));
#3267 = ( GEOMETRIC_REPRESENTATION_CONTEXT(2) 
PARAMETRIC_REPRESENTATION_CONTEXT() REPRESENTATION_CONTEXT('2D SPACE',''
  ) );
#3268 = PCURVE('',#3269,#3274);
#3269 = PLANE('',#3270);
#3270 = AXIS2_PLACEMENT_3D('',#3271,#3272,#3273);
#3271 = CARTESIAN_POINT('',(2.5,-8.660254037844,-8.9E-16));
#3272 = DIRECTION('',(0.,-0.866025403784,-0.5));
#3273 = DIRECTION('',(0.,0.5,-0.866025403784));
#3274 = DEFINITIONAL_REPRESENTATION('',(#3275),#3279);
#3275 = HYPERBOLA('',#3276,2.00961894321,7.5);
#3276 = AXIS2_PLACEMENT_2D('',#3277,#3278);
#3277 = CARTESIAN_POINT('',(4.330127018922,-4.50961894321));
#3278 = DIRECTION('',(0.,1.));
#3279 = ( GEOMETRIC_REPRESENTATION_CONTEXT(2) 
PARAMETRIC_REPRESENTATION_CONTEXT() REPRESENTATION_CONTEXT('2D SPACE',''
  ) );
#3280 = ADVANCED_FACE('',(#3281),#2882,.T.);
#3281 = FACE_BOUND('',#3282,.T.);
#3282 = EDGE_LOOP('',(#3283,#3284,#3317));
#3283 = ORIENTED_EDGE('',*,*,#2865,.T.);
#3284 = ORIENTED_EDGE('',*,*,#3285,.T.);
#3285 = EDGE_CURVE('',#2837,#3286,#3288,.T.);
#3286 = VERTEX_POINT('',#3287);
#3287 = CARTESIAN_POINT('',(0.310889132452,-4.330127018922,-7.5));
#3288 = SURFACE_CURVE('',#3289,(#3294,#3305),.PCURVE_S1.);
#3289 = HYPERBOLA('',#3290,2.00961894321,7.5);
#3290 = AXIS2_PLACEMENT_3D('',#3291,#3292,#3293);
#3291 = CARTESIAN_POINT('',(-2.00961894321,0.,-7.5));
#3292 = DIRECTION('',(0.,0.,-1.));
#3293 = DIRECTION('',(1.,0.,0.));
#3294 = PCURVE('',#2882,#3295);
#3295 = DEFINITIONAL_REPRESENTATION('',(#3296),#3304);
#3296 = B_SPLINE_CURVE_WITH_KNOTS('',6,(#3297,#3298,#3299,#3300,#3301,
    #3302,#3303),.UNSPECIFIED.,.F.,.F.,(7,7),(1.8E-16,0.646774826402),
  .PIECEWISE_BEZIER_KNOTS.);
#3297 = CARTESIAN_POINT('',(4.712388980385,2.510544737467E-16));
#3298 = CARTESIAN_POINT('',(4.604593175984,2.924655209627E-16));
#3299 = CARTESIAN_POINT('',(4.496798194703,2.802200364456E-02));
#3300 = CARTESIAN_POINT('',(4.391251657739,8.406578113697E-02));
#3301 = CARTESIAN_POINT('',(4.290240370036,0.16910893613));
#3302 = CARTESIAN_POINT('',(4.195105466941,0.285103397597));
#3303 = CARTESIAN_POINT('',(4.106497861545,0.435188018377));
#3304 = ( GEOMETRIC_REPRESENTATION_CONTEXT(2) 
PARAMETRIC_REPRESENTATION_CONTEXT() REPRESENTATION_CONTEXT('2D SPACE',''
  ) );
#3305 = PCURVE('',#3306,#3311);
#3306 = PLANE('',#3307);
#3307 = AXIS2_PLACEMENT_3D('',#3308,#3309,#3310);
#3308 = CARTESIAN_POINT('',(2.5,-4.330127018922,-7.5));
#3309 = DIRECTION('',(0.,0.,-1.));
#3310 = DIRECTION('',(0.,1.,0.));
#3311 = DEFINITIONAL_REPRESENTATION('',(#3312),#3316);
#3312 = HYPERBOLA('',#3313,2.00961894321,7.5);
#3313 = AXIS2_PLACEMENT_2D('',#3314,#3315);
#3314 = CARTESIAN_POINT('',(4.330127018922,-4.50961894321));
#3315 = DIRECTION('',(0.,1.));
#3316 = ( GEOMETRIC_REPRESENTATION_CONTEXT(2) 
PARAMETRIC_REPRESENTATION_CONTEXT() REPRESENTATION_CONTEXT('2D SPACE',''
  ) );
#3317 = ORIENTED_EDGE('',*,*,#3318,.T.);
#3318 = EDGE_CURVE('',#3286,#2866,#3319,.T.);
#3319 = SURFACE_CURVE('',#3320,(#3325,#3336),.PCURVE_S1.);
#3320 = HYPERBOLA('',#3321,2.00961894321,7.5);
#3321 = AXIS2_PLACEMENT_3D('',#3322,#3323,#3324);
#3322 = CARTESIAN_POINT('',(-2.00961894321,-6.495190528383,-3.75));
#3323 = DIRECTION('',(0.,-0.866025403784,-0.5));
#3324 = DIRECTION('',(1.,0.,0.));
#3325 = PCURVE('',#2882,#3326);
#3326 = DEFINITIONAL_REPRESENTATION('',(#3327),#3335);
#3327 = B_SPLINE_CURVE_WITH_KNOTS('',6,(#3328,#3329,#3330,#3331,#3332,
    #3333,#3334),.UNSPECIFIED.,.F.,.F.,(7,7),(-0.646774826402,
    -3.900363E-11),.PIECEWISE_BEZIER_KNOTS.);
#3328 = CARTESIAN_POINT('',(4.271082548027,0.435188018377));
#3329 = CARTESIAN_POINT('',(4.182474942637,0.285103397606));
#3330 = CARTESIAN_POINT('',(4.087340039548,0.169108936144));
#3331 = CARTESIAN_POINT('',(3.986328751852,8.406578115236E-02));
#3332 = CARTESIAN_POINT('',(3.880782214895,2.802200365807E-02));
#3333 = CARTESIAN_POINT('',(3.772987233621,8.449688659084E-12));
#3334 = CARTESIAN_POINT('',(3.665191429227,4.736388525325E-16));
#3335 = ( GEOMETRIC_REPRESENTATION_CONTEXT(2) 
PARAMETRIC_REPRESENTATION_CONTEXT() REPRESENTATION_CONTEXT('2D SPACE',''
  ) );
#3336 = PCURVE('',#3269,#3337);
#3337 = DEFINITIONAL_REPRESENTATION('',(#3338),#3342);
#3338 = HYPERBOLA('',#3339,2.00961894321,7.5);
#3339 = AXIS2_PLACEMENT_2D('',#3340,#3341);
#3340 = CARTESIAN_POINT('',(4.330127018922,-4.50961894321));
#3341 = DIRECTION('',(0.,1.));
#3342 = ( GEOMETRIC_REPRESENTATION_CONTEXT(2) 
PARAMETRIC_REPRESENTATION_CONTEXT() REPRESENTATION_CONTEXT('2D SPACE',''
  ) );
#3343 = ADVANCED_FACE('',(#3344),#2853,.T.);
#3344 = FACE_BOUND('',#3345,.T.);
#3345 = EDGE_LOOP('',(#3346,#3347,#3380));
#3346 = ORIENTED_EDGE('',*,*,#2836,.T.);
#3347 = ORIENTED_EDGE('',*,*,#3348,.T.);
#3348 = EDGE_CURVE('',#2808,#3349,#3351,.T.);
#3349 = VERTEX_POINT('',#3350);
#3350 = CARTESIAN_POINT('',(0.310889132452,4.330127018922,-7.5));
#3351 = SURFACE_CURVE('',#3352,(#3357,#3368),.PCURVE_S1.);
#3352 = HYPERBOLA('',#3353,2.00961894321,7.5);
#3353 = AXIS2_PLACEMENT_3D('',#3354,#3355,#3356);
#3354 = CARTESIAN_POINT('',(-2.00961894321,6.495190528383,-3.75));
#3355 = DIRECTION('',(0.,0.866025403784,-0.5));
#3356 = DIRECTION('',(1.,0.,0.));
#3357 = PCURVE('',#2853,#3358);
#3358 = DEFINITIONAL_REPRESENTATION('',(#3359),#3367);
#3359 = B_SPLINE_CURVE_WITH_KNOTS('',6,(#3360,#3361,#3362,#3363,#3364,
    #3365,#3366),.UNSPECIFIED.,.F.,.F.,(7,7),(6.4E-16,0.646774826402),
  .PIECEWISE_BEZIER_KNOTS.);
#3360 = CARTESIAN_POINT('',(5.759586531581,2.847009496097E-17));
#3361 = CARTESIAN_POINT('',(5.651790727181,1.656441888638E-16));
#3362 = CARTESIAN_POINT('',(5.5439957459,2.802200364456E-02));
#3363 = CARTESIAN_POINT('',(5.438449208935,8.406578113697E-02));
#3364 = CARTESIAN_POINT('',(5.337437921233,0.16910893613));
#3365 = CARTESIAN_POINT('',(5.242303018138,0.285103397597));
#3366 = CARTESIAN_POINT('',(5.153695412742,0.435188018377));
#3367 = ( GEOMETRIC_REPRESENTATION_CONTEXT(2) 
PARAMETRIC_REPRESENTATION_CONTEXT() REPRESENTATION_CONTEXT('2D SPACE',''
  ) );
#3368 = PCURVE('',#3369,#3374);
#3369 = PLANE('',#3370);
#3370 = AXIS2_PLACEMENT_3D('',#3371,#3372,#3373);
#3371 = CARTESIAN_POINT('',(2.5,4.330127018922,-7.5));
#3372 = DIRECTION('',(0.,0.866025403784,-0.5));
#3373 = DIRECTION('',(0.,0.5,0.866025403784));
#3374 = DEFINITIONAL_REPRESENTATION('',(#3375),#3379);
#3375 = HYPERBOLA('',#3376,2.00961894321,7.5);
#3376 = AXIS2_PLACEMENT_2D('',#3377,#3378);
#3377 = CARTESIAN_POINT('',(4.330127018922,-4.50961894321));
#3378 = DIRECTION('',(0.,1.));
#3379 = ( GEOMETRIC_REPRESENTATION_CONTEXT(2) 
PARAMETRIC_REPRESENTATION_CONTEXT() REPRESENTATION_CONTEXT('2D SPACE',''
  ) );
#3380 = ORIENTED_EDGE('',*,*,#3381,.T.);
#3381 = EDGE_CURVE('',#3349,#2837,#3382,.T.);
#3382 = SURFACE_CURVE('',#3383,(#3388,#3399),.PCURVE_S1.);
#3383 = HYPERBOLA('',#3384,2.00961894321,7.5);
#3384 = AXIS2_PLACEMENT_3D('',#3385,#3386,#3387);
#3385 = CARTESIAN_POINT('',(-2.00961894321,0.,-7.5));
#3386 = DIRECTION('',(0.,0.,-1.));
#3387 = DIRECTION('',(1.,0.,0.));
#3388 = PCURVE('',#2853,#3389);
#3389 = DEFINITIONAL_REPRESENTATION('',(#3390),#3398);
#3390 = B_SPLINE_CURVE_WITH_KNOTS('',6,(#3391,#3392,#3393,#3394,#3395,
    #3396,#3397),.UNSPECIFIED.,.F.,.F.,(7,7),(-0.646774826402,1.8E-16),
  .PIECEWISE_BEZIER_KNOTS.);
#3391 = CARTESIAN_POINT('',(5.318280099224,0.435188018377));
#3392 = CARTESIAN_POINT('',(5.229672493828,0.285103397597));
#3393 = CARTESIAN_POINT('',(5.134537590733,0.16910893613));
#3394 = CARTESIAN_POINT('',(5.03352630303,8.406578113697E-02));
#3395 = CARTESIAN_POINT('',(4.927979766066,2.802200364456E-02));
#3396 = CARTESIAN_POINT('',(4.820184784785,2.122316169818E-16));
#3397 = CARTESIAN_POINT('',(4.712388980385,2.510544737467E-16));
#3398 = ( GEOMETRIC_REPRESENTATION_CONTEXT(2) 
PARAMETRIC_REPRESENTATION_CONTEXT() REPRESENTATION_CONTEXT('2D SPACE',''
  ) );
#3399 = PCURVE('',#3306,#3400);
#3400 = DEFINITIONAL_REPRESENTATION('',(#3401),#3405);
#3401 = HYPERBOLA('',#3402,2.00961894321,7.5);
#3402 = AXIS2_PLACEMENT_2D('',#3403,#3404);
#3403 = CARTESIAN_POINT('',(4.330127018922,-4.50961894321));
#3404 = DIRECTION('',(0.,1.));
#3405 = ( GEOMETRIC_REPRESENTATION_CONTEXT(2) 
PARAMETRIC_REPRESENTATION_CONTEXT() REPRESENTATION_CONTEXT('2D SPACE',''
  ) );
#3406 = ADVANCED_FACE('',(#3407),#2824,.T.);
#3407 = FACE_BOUND('',#3408,.T.);
#3408 = EDGE_LOOP('',(#3409,#3410,#3411));
#3409 = ORIENTED_EDGE('',*,*,#2807,.T.);
#3410 = ORIENTED_EDGE('',*,*,#3037,.T.);
#3411 = ORIENTED_EDGE('',*,*,#3412,.T.);
#3412 = EDGE_CURVE('',#3038,#2808,#3413,.T.);
#3413 = SURFACE_CURVE('',#3414,(#3419,#3430),.PCURVE_S1.);
#3414 = HYPERBOLA('',#3415,2.00961894321,7.5);
#3415 = AXIS2_PLACEMENT_3D('',#3416,#3417,#3418);
#3416 = CARTESIAN_POINT('',(-2.00961894321,6.495190528383,-3.75));
#3417 = DIRECTION('',(0.,0.866025403784,-0.5));
#3418 = DIRECTION('',(1.,0.,0.));
#3419 = PCURVE('',#2824,#3420);
#3420 = DEFINITIONAL_REPRESENTATION('',(#3421),#3429);
#3421 = B_SPLINE_CURVE_WITH_KNOTS('',6,(#3422,#3423,#3424,#3425,#3426,
    #3427,#3428),.UNSPECIFIED.,.F.,.F.,(7,7),(-0.549306144334,6.4E-16),
  .PIECEWISE_BEZIER_KNOTS.);
#3422 = CARTESIAN_POINT('',(6.28318530718,0.310889132452));
#3423 = CARTESIAN_POINT('',(6.203899794605,0.204666687124));
#3424 = CARTESIAN_POINT('',(6.120259317996,0.121783687911));
#3425 = CARTESIAN_POINT('',(6.032860497479,6.063765195766E-02));
#3426 = CARTESIAN_POINT('',(5.942688152564,2.021257128553E-02));
#3427 = CARTESIAN_POINT('',(5.851137555637,-8.541028488291E-17));
#3428 = CARTESIAN_POINT('',(5.759586531581,2.847009496097E-17));
#3429 = ( GEOMETRIC_REPRESENTATION_CONTEXT(2) 
PARAMETRIC_REPRESENTATION_CONTEXT() REPRESENTATION_CONTEXT('2D SPACE',''
  ) );
#3430 = PCURVE('',#3369,#3431);
#3431 = DEFINITIONAL_REPRESENTATION('',(#3432),#3436);
#3432 = HYPERBOLA('',#3433,2.00961894321,7.5);
#3433 = AXIS2_PLACEMENT_2D('',#3434,#3435);
#3434 = CARTESIAN_POINT('',(4.330127018922,-4.50961894321));
#3435 = DIRECTION('',(0.,1.));
#3436 = ( GEOMETRIC_REPRESENTATION_CONTEXT(2) 
PARAMETRIC_REPRESENTATION_CONTEXT() REPRESENTATION_CONTEXT('2D SPACE',''
  ) );
#3437 = ADVANCED_FACE('',(#3438),#3022,.F.);
#3438 = FACE_BOUND('',#3439,.T.);
#3439 = EDGE_LOOP('',(#3440,#3463,#3490,#3491));
#3440 = ORIENTED_EDGE('',*,*,#3441,.F.);
#3441 = EDGE_CURVE('',#3442,#2983,#3444,.T.);
#3442 = VERTEX_POINT('',#3443);
#3443 = CARTESIAN_POINT('',(2.25,6.,0.));
#3444 = SEAM_CURVE('',#3445,(#3449,#3456),.PCURVE_S1.);
#3445 = LINE('',#3446,#3447);
#3446 = CARTESIAN_POINT('',(2.5,6.,0.));
#3447 = VECTOR('',#3448,1.);
#3448 = DIRECTION('',(-1.,0.,0.));
#3449 = PCURVE('',#3022,#3450);
#3450 = DEFINITIONAL_REPRESENTATION('',(#3451),#3455);
#3451 = LINE('',#3452,#3453);
#3452 = CARTESIAN_POINT('',(-0.,0.));
#3453 = VECTOR('',#3454,1.);
#3454 = DIRECTION('',(-0.,1.));
#3455 = ( GEOMETRIC_REPRESENTATION_CONTEXT(2) 
PARAMETRIC_REPRESENTATION_CONTEXT() REPRESENTATION_CONTEXT('2D SPACE',''
  ) );
#3456 = PCURVE('',#3022,#3457);
#3457 = DEFINITIONAL_REPRESENTATION('',(#3458),#3462);
#3458 = LINE('',#3459,#3460);
#3459 = CARTESIAN_POINT('',(-6.28318530718,0.));
#3460 = VECTOR('',#3461,1.);
#3461 = DIRECTION('',(-0.,1.));
#3462 = ( GEOMETRIC_REPRESENTATION_CONTEXT(2) 
PARAMETRIC_REPRESENTATION_CONTEXT() REPRESENTATION_CONTEXT('2D SPACE',''
  ) );
#3463 = ORIENTED_EDGE('',*,*,#3464,.T.);
#3464 = EDGE_CURVE('',#3442,#3442,#3465,.T.);
#3465 = SURFACE_CURVE('',#3466,(#3471,#3478),.PCURVE_S1.);
#3466 = CIRCLE('',#3467,6.);
#3467 = AXIS2_PLACEMENT_3D('',#3468,#3469,#3470);
#3468 = CARTESIAN_POINT('',(2.25,0.,0.));
#3469 = DIRECTION('',(1.,0.,0.));
#3470 = DIRECTION('',(-0.,1.,0.));
#3471 = PCURVE('',#3022,#3472);
#3472 = DEFINITIONAL_REPRESENTATION('',(#3473),#3477);
#3473 = LINE('',#3474,#3475);
#3474 = CARTESIAN_POINT('',(-0.,0.25));
#3475 = VECTOR('',#3476,1.);
#3476 = DIRECTION('',(-1.,0.));
#3477 = ( GEOMETRIC_REPRESENTATION_CONTEXT(2) 
PARAMETRIC_REPRESENTATION_CONTEXT() REPRESENTATION_CONTEXT('2D SPACE',''
  ) );
#3478 = PCURVE('',#3479,#3484);
#3479 = CONICAL_SURFACE('',#3480,6.,0.785398163397);
#3480 = AXIS2_PLACEMENT_3D('',#3481,#3482,#3483);
#3481 = CARTESIAN_POINT('',(2.25,0.,0.));
#3482 = DIRECTION('',(1.,0.,0.));
#3483 = DIRECTION('',(-0.,1.,0.));
#3484 = DEFINITIONAL_REPRESENTATION('',(#3485),#3489);
#3485 = LINE('',#3486,#3487);
#3486 = CARTESIAN_POINT('',(0.,0.));
#3487 = VECTOR('',#3488,1.);
#3488 = DIRECTION('',(1.,0.));
#3489 = ( GEOMETRIC_REPRESENTATION_CONTEXT(2) 
PARAMETRIC_REPRESENTATION_CONTEXT() REPRESENTATION_CONTEXT('2D SPACE',''
  ) );
#3490 = ORIENTED_EDGE('',*,*,#3441,.T.);
#3491 = ORIENTED_EDGE('',*,*,#3007,.F.);
#3492 = ADVANCED_FACE('',(#3493),#3080,.T.);
#3493 = FACE_BOUND('',#3494,.T.);
#3494 = EDGE_LOOP('',(#3495,#3530,#3551,#3552,#3553,#3576));
#3495 = ORIENTED_EDGE('',*,*,#3496,.F.);
#3496 = EDGE_CURVE('',#3497,#3499,#3501,.T.);
#3497 = VERTEX_POINT('',#3498);
#3498 = CARTESIAN_POINT('',(2.189110867492,8.660254037844,0.));
#3499 = VERTEX_POINT('',#3500);
#3500 = CARTESIAN_POINT('',(2.5,6.495190242464,3.750000495227));
#3501 = SURFACE_CURVE('',#3502,(#3507,#3514),.PCURVE_S1.);
#3502 = HYPERBOLA('',#3503,2.009618943573,7.5);
#3503 = AXIS2_PLACEMENT_3D('',#3504,#3505,#3506);
#3504 = CARTESIAN_POINT('',(4.509618943573,6.495190528383,3.75));
#3505 = DIRECTION('',(0.,0.866025403784,0.5));
#3506 = DIRECTION('',(-1.,0.,0.));
#3507 = PCURVE('',#3080,#3508);
#3508 = DEFINITIONAL_REPRESENTATION('',(#3509),#3513);
#3509 = HYPERBOLA('',#3510,2.009618943573,7.5);
#3510 = AXIS2_PLACEMENT_2D('',#3511,#3512);
#3511 = CARTESIAN_POINT('',(4.330127018922,2.009618943573));
#3512 = DIRECTION('',(0.,-1.));
#3513 = ( GEOMETRIC_REPRESENTATION_CONTEXT(2) 
PARAMETRIC_REPRESENTATION_CONTEXT() REPRESENTATION_CONTEXT('2D SPACE',''
  ) );
#3514 = PCURVE('',#3515,#3520);
#3515 = CONICAL_SURFACE('',#3516,12.165063509094,1.308996938953);
#3516 = AXIS2_PLACEMENT_3D('',#3517,#3518,#3519);
#3517 = CARTESIAN_POINT('',(1.249999999887,0.,0.));
#3518 = DIRECTION('',(-1.,-0.,-0.));
#3519 = DIRECTION('',(0.,1.,0.));
#3520 = DEFINITIONAL_REPRESENTATION('',(#3521),#3529);
#3521 = B_SPLINE_CURVE_WITH_KNOTS('',6,(#3522,#3523,#3524,#3525,#3526,
    #3527,#3528),.UNSPECIFIED.,.F.,.F.,(7,7),(-0.549306144334,1.6E-16),
  .PIECEWISE_BEZIER_KNOTS.);
#3522 = CARTESIAN_POINT('',(0.,-0.939110867605));
#3523 = CARTESIAN_POINT('',(-7.92855125747E-02,-1.045333312952));
#3524 = CARTESIAN_POINT('',(-0.162925989184,-1.12821631218));
#3525 = CARTESIAN_POINT('',(-0.2503248097,-1.189362348144));
#3526 = CARTESIAN_POINT('',(-0.340497154616,-1.229787428824));
#3527 = CARTESIAN_POINT('',(-0.432047751543,-1.250000000113));
#3528 = CARTESIAN_POINT('',(-0.523598775598,-1.250000000113));
#3529 = ( GEOMETRIC_REPRESENTATION_CONTEXT(2) 
PARAMETRIC_REPRESENTATION_CONTEXT() REPRESENTATION_CONTEXT('2D SPACE',''
  ) );
#3530 = ORIENTED_EDGE('',*,*,#3531,.T.);
#3531 = EDGE_CURVE('',#3497,#3038,#3532,.T.);
#3532 = SURFACE_CURVE('',#3533,(#3537,#3544),.PCURVE_S1.);
#3533 = LINE('',#3534,#3535);
#3534 = CARTESIAN_POINT('',(2.5,8.660254037844,0.));
#3535 = VECTOR('',#3536,1.);
#3536 = DIRECTION('',(-1.,-0.,-0.));
#3537 = PCURVE('',#3080,#3538);
#3538 = DEFINITIONAL_REPRESENTATION('',(#3539),#3543);
#3539 = LINE('',#3540,#3541);
#3540 = CARTESIAN_POINT('',(0.,0.));
#3541 = VECTOR('',#3542,1.);
#3542 = DIRECTION('',(0.,-1.));
#3543 = ( GEOMETRIC_REPRESENTATION_CONTEXT(2) 
PARAMETRIC_REPRESENTATION_CONTEXT() REPRESENTATION_CONTEXT('2D SPACE',''
  ) );
#3544 = PCURVE('',#3369,#3545);
#3545 = DEFINITIONAL_REPRESENTATION('',(#3546),#3550);
#3546 = LINE('',#3547,#3548);
#3547 = CARTESIAN_POINT('',(8.660254037844,0.));
#3548 = VECTOR('',#3549,1.);
#3549 = DIRECTION('',(0.,-1.));
#3550 = ( GEOMETRIC_REPRESENTATION_CONTEXT(2) 
PARAMETRIC_REPRESENTATION_CONTEXT() REPRESENTATION_CONTEXT('2D SPACE',''
  ) );
#3551 = ORIENTED_EDGE('',*,*,#3061,.F.);
#3552 = ORIENTED_EDGE('',*,*,#3095,.F.);
#3553 = ORIENTED_EDGE('',*,*,#3554,.F.);
#3554 = EDGE_CURVE('',#3555,#3096,#3557,.T.);
#3555 = VERTEX_POINT('',#3556);
#3556 = CARTESIAN_POINT('',(2.189110867492,4.330127018922,7.5));
#3557 = SURFACE_CURVE('',#3558,(#3562,#3569),.PCURVE_S1.);
#3558 = LINE('',#3559,#3560);
#3559 = CARTESIAN_POINT('',(2.5,4.330127018922,7.5));
#3560 = VECTOR('',#3561,1.);
#3561 = DIRECTION('',(-1.,-0.,-0.));
#3562 = PCURVE('',#3080,#3563);
#3563 = DEFINITIONAL_REPRESENTATION('',(#3564),#3568);
#3564 = LINE('',#3565,#3566);
#3565 = CARTESIAN_POINT('',(8.660254037844,0.));
#3566 = VECTOR('',#3567,1.);
#3567 = DIRECTION('',(0.,-1.));
#3568 = ( GEOMETRIC_REPRESENTATION_CONTEXT(2) 
PARAMETRIC_REPRESENTATION_CONTEXT() REPRESENTATION_CONTEXT('2D SPACE',''
  ) );
#3569 = PCURVE('',#3143,#3570);
#3570 = DEFINITIONAL_REPRESENTATION('',(#3571),#3575);
#3571 = LINE('',#3572,#3573);
#3572 = CARTESIAN_POINT('',(0.,0.));
#3573 = VECTOR('',#3574,1.);
#3574 = DIRECTION('',(0.,-1.));
#3575 = ( GEOMETRIC_REPRESENTATION_CONTEXT(2) 
PARAMETRIC_REPRESENTATION_CONTEXT() REPRESENTATION_CONTEXT('2D SPACE',''
  ) );
#3576 = ORIENTED_EDGE('',*,*,#3577,.F.);
#3577 = EDGE_CURVE('',#3499,#3555,#3578,.T.);
#3578 = SURFACE_CURVE('',#3579,(#3584,#3591),.PCURVE_S1.);
#3579 = HYPERBOLA('',#3580,2.009618943573,7.5);
#3580 = AXIS2_PLACEMENT_3D('',#3581,#3582,#3583);
#3581 = CARTESIAN_POINT('',(4.509618943573,6.495190528383,3.75));
#3582 = DIRECTION('',(0.,0.866025403784,0.5));
#3583 = DIRECTION('',(-1.,0.,0.));
#3584 = PCURVE('',#3080,#3585);
#3585 = DEFINITIONAL_REPRESENTATION('',(#3586),#3590);
#3586 = HYPERBOLA('',#3587,2.009618943573,7.5);
#3587 = AXIS2_PLACEMENT_2D('',#3588,#3589);
#3588 = CARTESIAN_POINT('',(4.330127018922,2.009618943573));
#3589 = DIRECTION('',(0.,-1.));
#3590 = ( GEOMETRIC_REPRESENTATION_CONTEXT(2) 
PARAMETRIC_REPRESENTATION_CONTEXT() REPRESENTATION_CONTEXT('2D SPACE',''
  ) );
#3591 = PCURVE('',#3592,#3597);
#3592 = CONICAL_SURFACE('',#3593,12.165063509094,1.308996938953);
#3593 = AXIS2_PLACEMENT_3D('',#3594,#3595,#3596);
#3594 = CARTESIAN_POINT('',(1.249999999887,0.,0.));
#3595 = DIRECTION('',(-1.,-0.,-0.));
#3596 = DIRECTION('',(0.,1.,0.));
#3597 = DEFINITIONAL_REPRESENTATION('',(#3598),#3606);
#3598 = B_SPLINE_CURVE_WITH_KNOTS('',6,(#3599,#3600,#3601,#3602,#3603,
    #3604,#3605),.UNSPECIFIED.,.F.,.F.,(7,7),(1.6E-16,0.646774826402),
  .PIECEWISE_BEZIER_KNOTS.);
#3599 = CARTESIAN_POINT('',(-0.523598775598,-1.250000000113));
#3600 = CARTESIAN_POINT('',(-0.631394579999,-1.250000000113));
#3601 = CARTESIAN_POINT('',(-0.73918956128,-1.221977996463));
#3602 = CARTESIAN_POINT('',(-0.844736098244,-1.165934218961));
#3603 = CARTESIAN_POINT('',(-0.945747385947,-1.080891063953));
#3604 = CARTESIAN_POINT('',(-1.040882289042,-0.964896602464));
#3605 = CARTESIAN_POINT('',(-1.129489894438,-0.814811981657));
#3606 = ( GEOMETRIC_REPRESENTATION_CONTEXT(2) 
PARAMETRIC_REPRESENTATION_CONTEXT() REPRESENTATION_CONTEXT('2D SPACE',''
  ) );
#3607 = ADVANCED_FACE('',(#3608),#3143,.T.);
#3608 = FACE_BOUND('',#3609,.T.);
#3609 = EDGE_LOOP('',(#3610,#3638,#3639,#3640,#3641,#3664));
#3610 = ORIENTED_EDGE('',*,*,#3611,.F.);
#3611 = EDGE_CURVE('',#3555,#3612,#3614,.T.);
#3612 = VERTEX_POINT('',#3613);
#3613 = CARTESIAN_POINT('',(2.5,-1.33E-13,7.5));
#3614 = SURFACE_CURVE('',#3615,(#3620,#3627),.PCURVE_S1.);
#3615 = HYPERBOLA('',#3616,2.009618943573,7.5);
#3616 = AXIS2_PLACEMENT_3D('',#3617,#3618,#3619);
#3617 = CARTESIAN_POINT('',(4.509618943573,0.,7.5));
#3618 = DIRECTION('',(0.,0.,1.));
#3619 = DIRECTION('',(-1.,0.,0.));
#3620 = PCURVE('',#3143,#3621);
#3621 = DEFINITIONAL_REPRESENTATION('',(#3622),#3626);
#3622 = HYPERBOLA('',#3623,2.009618943573,7.5);
#3623 = AXIS2_PLACEMENT_2D('',#3624,#3625);
#3624 = CARTESIAN_POINT('',(4.330127018922,2.009618943573));
#3625 = DIRECTION('',(0.,-1.));
#3626 = ( GEOMETRIC_REPRESENTATION_CONTEXT(2) 
PARAMETRIC_REPRESENTATION_CONTEXT() REPRESENTATION_CONTEXT('2D SPACE',''
  ) );
#3627 = PCURVE('',#3592,#3628);
#3628 = DEFINITIONAL_REPRESENTATION('',(#3629),#3637);
#3629 = B_SPLINE_CURVE_WITH_KNOTS('',6,(#3630,#3631,#3632,#3633,#3634,
    #3635,#3636),.UNSPECIFIED.,.F.,.F.,(7,7),(-0.646774826402,-6.E-17),
  .PIECEWISE_BEZIER_KNOTS.);
#3630 = CARTESIAN_POINT('',(-0.964905207956,-0.814811981657));
#3631 = CARTESIAN_POINT('',(-1.053512813351,-0.964896602464));
#3632 = CARTESIAN_POINT('',(-1.148647716446,-1.080891063953));
#3633 = CARTESIAN_POINT('',(-1.249659004149,-1.165934218961));
#3634 = CARTESIAN_POINT('',(-1.355205541114,-1.221977996463));
#3635 = CARTESIAN_POINT('',(-1.463000522395,-1.250000000113));
#3636 = CARTESIAN_POINT('',(-1.570796326795,-1.250000000113));
#3637 = ( GEOMETRIC_REPRESENTATION_CONTEXT(2) 
PARAMETRIC_REPRESENTATION_CONTEXT() REPRESENTATION_CONTEXT('2D SPACE',''
  ) );
#3638 = ORIENTED_EDGE('',*,*,#3554,.T.);
#3639 = ORIENTED_EDGE('',*,*,#3124,.F.);
#3640 = ORIENTED_EDGE('',*,*,#3158,.F.);
#3641 = ORIENTED_EDGE('',*,*,#3642,.F.);
#3642 = EDGE_CURVE('',#3643,#3159,#3645,.T.);
#3643 = VERTEX_POINT('',#3644);
#3644 = CARTESIAN_POINT('',(2.189110867492,-4.330127018922,7.5));
#3645 = SURFACE_CURVE('',#3646,(#3650,#3657),.PCURVE_S1.);
#3646 = LINE('',#3647,#3648);
#3647 = CARTESIAN_POINT('',(2.5,-4.330127018922,7.5));
#3648 = VECTOR('',#3649,1.);
#3649 = DIRECTION('',(-1.,-0.,-0.));
#3650 = PCURVE('',#3143,#3651);
#3651 = DEFINITIONAL_REPRESENTATION('',(#3652),#3656);
#3652 = LINE('',#3653,#3654);
#3653 = CARTESIAN_POINT('',(8.660254037844,0.));
#3654 = VECTOR('',#3655,1.);
#3655 = DIRECTION('',(0.,-1.));
#3656 = ( GEOMETRIC_REPRESENTATION_CONTEXT(2) 
PARAMETRIC_REPRESENTATION_CONTEXT() REPRESENTATION_CONTEXT('2D SPACE',''
  ) );
#3657 = PCURVE('',#3206,#3658);
#3658 = DEFINITIONAL_REPRESENTATION('',(#3659),#3663);
#3659 = LINE('',#3660,#3661);
#3660 = CARTESIAN_POINT('',(0.,0.));
#3661 = VECTOR('',#3662,1.);
#3662 = DIRECTION('',(0.,-1.));
#3663 = ( GEOMETRIC_REPRESENTATION_CONTEXT(2) 
PARAMETRIC_REPRESENTATION_CONTEXT() REPRESENTATION_CONTEXT('2D SPACE',''
  ) );
#3664 = ORIENTED_EDGE('',*,*,#3665,.F.);
#3665 = EDGE_CURVE('',#3612,#3643,#3666,.T.);
#3666 = SURFACE_CURVE('',#3667,(#3672,#3679),.PCURVE_S1.);
#3667 = HYPERBOLA('',#3668,2.009618943573,7.5);
#3668 = AXIS2_PLACEMENT_3D('',#3669,#3670,#3671);
#3669 = CARTESIAN_POINT('',(4.509618943573,0.,7.5));
#3670 = DIRECTION('',(0.,0.,1.));
#3671 = DIRECTION('',(-1.,0.,0.));
#3672 = PCURVE('',#3143,#3673);
#3673 = DEFINITIONAL_REPRESENTATION('',(#3674),#3678);
#3674 = HYPERBOLA('',#3675,2.009618943573,7.5);
#3675 = AXIS2_PLACEMENT_2D('',#3676,#3677);
#3676 = CARTESIAN_POINT('',(4.330127018922,2.009618943573));
#3677 = DIRECTION('',(0.,-1.));
#3678 = ( GEOMETRIC_REPRESENTATION_CONTEXT(2) 
PARAMETRIC_REPRESENTATION_CONTEXT() REPRESENTATION_CONTEXT('2D SPACE',''
  ) );
#3679 = PCURVE('',#3680,#3685);
#3680 = CONICAL_SURFACE('',#3681,12.165063509094,1.308996938953);
#3681 = AXIS2_PLACEMENT_3D('',#3682,#3683,#3684);
#3682 = CARTESIAN_POINT('',(1.249999999887,0.,0.));
#3683 = DIRECTION('',(-1.,-0.,-0.));
#3684 = DIRECTION('',(0.,1.,0.));
#3685 = DEFINITIONAL_REPRESENTATION('',(#3686),#3694);
#3686 = B_SPLINE_CURVE_WITH_KNOTS('',6,(#3687,#3688,#3689,#3690,#3691,
    #3692,#3693),.UNSPECIFIED.,.F.,.F.,(7,7),(-6.E-17,0.646774826402),
  .PIECEWISE_BEZIER_KNOTS.);
#3687 = CARTESIAN_POINT('',(-1.570796326795,-1.250000000113));
#3688 = CARTESIAN_POINT('',(-1.678592131195,-1.250000000113));
#3689 = CARTESIAN_POINT('',(-1.786387112476,-1.221977996463));
#3690 = CARTESIAN_POINT('',(-1.89193364944,-1.165934218961));
#3691 = CARTESIAN_POINT('',(-1.992944937144,-1.080891063953));
#3692 = CARTESIAN_POINT('',(-2.088079840238,-0.964896602464));
#3693 = CARTESIAN_POINT('',(-2.176687445634,-0.814811981657));
#3694 = ( GEOMETRIC_REPRESENTATION_CONTEXT(2) 
PARAMETRIC_REPRESENTATION_CONTEXT() REPRESENTATION_CONTEXT('2D SPACE',''
  ) );
#3695 = ADVANCED_FACE('',(#3696),#3206,.T.);
#3696 = FACE_BOUND('',#3697,.T.);
#3697 = EDGE_LOOP('',(#3698,#3726,#3727,#3728,#3729,#3752));
#3698 = ORIENTED_EDGE('',*,*,#3699,.F.);
#3699 = EDGE_CURVE('',#3643,#3700,#3702,.T.);
#3700 = VERTEX_POINT('',#3701);
#3701 = CARTESIAN_POINT('',(2.5,-6.495190260246,3.750000464427));
#3702 = SURFACE_CURVE('',#3703,(#3708,#3715),.PCURVE_S1.);
#3703 = HYPERBOLA('',#3704,2.009618943573,7.5);
#3704 = AXIS2_PLACEMENT_3D('',#3705,#3706,#3707);
#3705 = CARTESIAN_POINT('',(4.509618943573,-6.495190528383,3.75));
#3706 = DIRECTION('',(0.,-0.866025403784,0.5));
#3707 = DIRECTION('',(-1.,0.,0.));
#3708 = PCURVE('',#3206,#3709);
#3709 = DEFINITIONAL_REPRESENTATION('',(#3710),#3714);
#3710 = HYPERBOLA('',#3711,2.009618943573,7.5);
#3711 = AXIS2_PLACEMENT_2D('',#3712,#3713);
#3712 = CARTESIAN_POINT('',(4.330127018922,2.009618943573));
#3713 = DIRECTION('',(-0.,-1.));
#3714 = ( GEOMETRIC_REPRESENTATION_CONTEXT(2) 
PARAMETRIC_REPRESENTATION_CONTEXT() REPRESENTATION_CONTEXT('2D SPACE',''
  ) );
#3715 = PCURVE('',#3680,#3716);
#3716 = DEFINITIONAL_REPRESENTATION('',(#3717),#3725);
#3717 = B_SPLINE_CURVE_WITH_KNOTS('',6,(#3718,#3719,#3720,#3721,#3722,
    #3723,#3724),.UNSPECIFIED.,.F.,.F.,(7,7),(-0.646774826402,-5.E-17),
  .PIECEWISE_BEZIER_KNOTS.);
#3718 = CARTESIAN_POINT('',(-2.012102759152,-0.814811981657));
#3719 = CARTESIAN_POINT('',(-2.100710364548,-0.964896602464));
#3720 = CARTESIAN_POINT('',(-2.195845267643,-1.080891063953));
#3721 = CARTESIAN_POINT('',(-2.296856555346,-1.165934218961));
#3722 = CARTESIAN_POINT('',(-2.40240309231,-1.221977996463));
#3723 = CARTESIAN_POINT('',(-2.510198073591,-1.250000000113));
#3724 = CARTESIAN_POINT('',(-2.617993877991,-1.250000000113));
#3725 = ( GEOMETRIC_REPRESENTATION_CONTEXT(2) 
PARAMETRIC_REPRESENTATION_CONTEXT() REPRESENTATION_CONTEXT('2D SPACE',''
  ) );
#3726 = ORIENTED_EDGE('',*,*,#3642,.T.);
#3727 = ORIENTED_EDGE('',*,*,#3187,.F.);
#3728 = ORIENTED_EDGE('',*,*,#3221,.F.);
#3729 = ORIENTED_EDGE('',*,*,#3730,.F.);
#3730 = EDGE_CURVE('',#3731,#3222,#3733,.T.);
#3731 = VERTEX_POINT('',#3732);
#3732 = CARTESIAN_POINT('',(2.189110867492,-8.660254037844,-1.E-15));
#3733 = SURFACE_CURVE('',#3734,(#3738,#3745),.PCURVE_S1.);
#3734 = LINE('',#3735,#3736);
#3735 = CARTESIAN_POINT('',(2.5,-8.660254037844,-8.9E-16));
#3736 = VECTOR('',#3737,1.);
#3737 = DIRECTION('',(-1.,-0.,-0.));
#3738 = PCURVE('',#3206,#3739);
#3739 = DEFINITIONAL_REPRESENTATION('',(#3740),#3744);
#3740 = LINE('',#3741,#3742);
#3741 = CARTESIAN_POINT('',(8.660254037844,0.));
#3742 = VECTOR('',#3743,1.);
#3743 = DIRECTION('',(0.,-1.));
#3744 = ( GEOMETRIC_REPRESENTATION_CONTEXT(2) 
PARAMETRIC_REPRESENTATION_CONTEXT() REPRESENTATION_CONTEXT('2D SPACE',''
  ) );
#3745 = PCURVE('',#3269,#3746);
#3746 = DEFINITIONAL_REPRESENTATION('',(#3747),#3751);
#3747 = LINE('',#3748,#3749);
#3748 = CARTESIAN_POINT('',(0.,0.));
#3749 = VECTOR('',#3750,1.);
#3750 = DIRECTION('',(0.,-1.));
#3751 = ( GEOMETRIC_REPRESENTATION_CONTEXT(2) 
PARAMETRIC_REPRESENTATION_CONTEXT() REPRESENTATION_CONTEXT('2D SPACE',''
  ) );
#3752 = ORIENTED_EDGE('',*,*,#3753,.F.);
#3753 = EDGE_CURVE('',#3700,#3731,#3754,.T.);
#3754 = SURFACE_CURVE('',#3755,(#3760,#3767),.PCURVE_S1.);
#3755 = HYPERBOLA('',#3756,2.009618943573,7.5);
#3756 = AXIS2_PLACEMENT_3D('',#3757,#3758,#3759);
#3757 = CARTESIAN_POINT('',(4.509618943573,-6.495190528383,3.75));
#3758 = DIRECTION('',(0.,-0.866025403784,0.5));
#3759 = DIRECTION('',(-1.,0.,0.));
#3760 = PCURVE('',#3206,#3761);
#3761 = DEFINITIONAL_REPRESENTATION('',(#3762),#3766);
#3762 = HYPERBOLA('',#3763,2.009618943573,7.5);
#3763 = AXIS2_PLACEMENT_2D('',#3764,#3765);
#3764 = CARTESIAN_POINT('',(4.330127018922,2.009618943573));
#3765 = DIRECTION('',(-0.,-1.));
#3766 = ( GEOMETRIC_REPRESENTATION_CONTEXT(2) 
PARAMETRIC_REPRESENTATION_CONTEXT() REPRESENTATION_CONTEXT('2D SPACE',''
  ) );
#3767 = PCURVE('',#3768,#3773);
#3768 = CONICAL_SURFACE('',#3769,12.165063509094,1.308996938953);
#3769 = AXIS2_PLACEMENT_3D('',#3770,#3771,#3772);
#3770 = CARTESIAN_POINT('',(1.249999999887,0.,0.));
#3771 = DIRECTION('',(-1.,-0.,-0.));
#3772 = DIRECTION('',(0.,1.,0.));
#3773 = DEFINITIONAL_REPRESENTATION('',(#3774),#3782);
#3774 = B_SPLINE_CURVE_WITH_KNOTS('',6,(#3775,#3776,#3777,#3778,#3779,
    #3780,#3781),.UNSPECIFIED.,.F.,.F.,(7,7),(-5.E-17,0.646774826402),
  .PIECEWISE_BEZIER_KNOTS.);
#3775 = CARTESIAN_POINT('',(-2.617993877991,-1.250000000113));
#3776 = CARTESIAN_POINT('',(-2.725789682392,-1.250000000113));
#3777 = CARTESIAN_POINT('',(-2.833584663673,-1.221977996463));
#3778 = CARTESIAN_POINT('',(-2.939131200637,-1.165934218961));
#3779 = CARTESIAN_POINT('',(-3.04014248834,-1.080891063953));
#3780 = CARTESIAN_POINT('',(-3.135277391435,-0.964896602464));
#3781 = CARTESIAN_POINT('',(-3.223884996831,-0.814811981657));
#3782 = ( GEOMETRIC_REPRESENTATION_CONTEXT(2) 
PARAMETRIC_REPRESENTATION_CONTEXT() REPRESENTATION_CONTEXT('2D SPACE',''
  ) );
#3783 = ADVANCED_FACE('',(#3784),#3269,.T.);
#3784 = FACE_BOUND('',#3785,.T.);
#3785 = EDGE_LOOP('',(#3786,#3814,#3815,#3816,#3817,#3840));
#3786 = ORIENTED_EDGE('',*,*,#3787,.F.);
#3787 = EDGE_CURVE('',#3731,#3788,#3790,.T.);
#3788 = VERTEX_POINT('',#3789);
#3789 = CARTESIAN_POINT('',(2.5,-6.495190266978,-3.750000452768));
#3790 = SURFACE_CURVE('',#3791,(#3796,#3803),.PCURVE_S1.);
#3791 = HYPERBOLA('',#3792,2.009618943573,7.5);
#3792 = AXIS2_PLACEMENT_3D('',#3793,#3794,#3795);
#3793 = CARTESIAN_POINT('',(4.509618943573,-6.495190528383,-3.75));
#3794 = DIRECTION('',(-0.,-0.866025403784,-0.5));
#3795 = DIRECTION('',(-1.,0.,0.));
#3796 = PCURVE('',#3269,#3797);
#3797 = DEFINITIONAL_REPRESENTATION('',(#3798),#3802);
#3798 = HYPERBOLA('',#3799,2.009618943573,7.5);
#3799 = AXIS2_PLACEMENT_2D('',#3800,#3801);
#3800 = CARTESIAN_POINT('',(4.330127018922,2.009618943573));
#3801 = DIRECTION('',(0.,-1.));
#3802 = ( GEOMETRIC_REPRESENTATION_CONTEXT(2) 
PARAMETRIC_REPRESENTATION_CONTEXT() REPRESENTATION_CONTEXT('2D SPACE',''
  ) );
#3803 = PCURVE('',#3768,#3804);
#3804 = DEFINITIONAL_REPRESENTATION('',(#3805),#3813);
#3805 = B_SPLINE_CURVE_WITH_KNOTS('',6,(#3806,#3807,#3808,#3809,#3810,
    #3811,#3812),.UNSPECIFIED.,.F.,.F.,(7,7),(-0.646774826402,
    -5.733039E-11),.PIECEWISE_BEZIER_KNOTS.);
#3806 = CARTESIAN_POINT('',(-3.059300310349,-0.814811981657));
#3807 = CARTESIAN_POINT('',(-3.147907915737,-0.964896602451));
#3808 = CARTESIAN_POINT('',(-3.243042818823,-1.080891063932));
#3809 = CARTESIAN_POINT('',(-3.344054106516,-1.165934218938));
#3810 = CARTESIAN_POINT('',(-3.449600643469,-1.221977996443));
#3811 = CARTESIAN_POINT('',(-3.55739562474,-1.250000000101));
#3812 = CARTESIAN_POINT('',(-3.665191429131,-1.250000000113));
#3813 = ( GEOMETRIC_REPRESENTATION_CONTEXT(2) 
PARAMETRIC_REPRESENTATION_CONTEXT() REPRESENTATION_CONTEXT('2D SPACE',''
  ) );
#3814 = ORIENTED_EDGE('',*,*,#3730,.T.);
#3815 = ORIENTED_EDGE('',*,*,#3250,.F.);
#3816 = ORIENTED_EDGE('',*,*,#3318,.F.);
#3817 = ORIENTED_EDGE('',*,*,#3818,.F.);
#3818 = EDGE_CURVE('',#3819,#3286,#3821,.T.);
#3819 = VERTEX_POINT('',#3820);
#3820 = CARTESIAN_POINT('',(2.189110867492,-4.330127018922,-7.5));
#3821 = SURFACE_CURVE('',#3822,(#3826,#3833),.PCURVE_S1.);
#3822 = LINE('',#3823,#3824);
#3823 = CARTESIAN_POINT('',(2.5,-4.330127018922,-7.5));
#3824 = VECTOR('',#3825,1.);
#3825 = DIRECTION('',(-1.,-0.,-0.));
#3826 = PCURVE('',#3269,#3827);
#3827 = DEFINITIONAL_REPRESENTATION('',(#3828),#3832);
#3828 = LINE('',#3829,#3830);
#3829 = CARTESIAN_POINT('',(8.660254037844,0.));
#3830 = VECTOR('',#3831,1.);
#3831 = DIRECTION('',(0.,-1.));
#3832 = ( GEOMETRIC_REPRESENTATION_CONTEXT(2) 
PARAMETRIC_REPRESENTATION_CONTEXT() REPRESENTATION_CONTEXT('2D SPACE',''
  ) );
#3833 = PCURVE('',#3306,#3834);
#3834 = DEFINITIONAL_REPRESENTATION('',(#3835),#3839);
#3835 = LINE('',#3836,#3837);
#3836 = CARTESIAN_POINT('',(0.,0.));
#3837 = VECTOR('',#3838,1.);
#3838 = DIRECTION('',(0.,-1.));
#3839 = ( GEOMETRIC_REPRESENTATION_CONTEXT(2) 
PARAMETRIC_REPRESENTATION_CONTEXT() REPRESENTATION_CONTEXT('2D SPACE',''
  ) );
#3840 = ORIENTED_EDGE('',*,*,#3841,.F.);
#3841 = EDGE_CURVE('',#3788,#3819,#3842,.T.);
#3842 = SURFACE_CURVE('',#3843,(#3848,#3855),.PCURVE_S1.);
#3843 = HYPERBOLA('',#3844,2.009618943573,7.5);
#3844 = AXIS2_PLACEMENT_3D('',#3845,#3846,#3847);
#3845 = CARTESIAN_POINT('',(4.509618943573,-6.495190528383,-3.75));
#3846 = DIRECTION('',(-0.,-0.866025403784,-0.5));
#3847 = DIRECTION('',(-1.,0.,0.));
#3848 = PCURVE('',#3269,#3849);
#3849 = DEFINITIONAL_REPRESENTATION('',(#3850),#3854);
#3850 = HYPERBOLA('',#3851,2.009618943573,7.5);
#3851 = AXIS2_PLACEMENT_2D('',#3852,#3853);
#3852 = CARTESIAN_POINT('',(4.330127018922,2.009618943573));
#3853 = DIRECTION('',(0.,-1.));
#3854 = ( GEOMETRIC_REPRESENTATION_CONTEXT(2) 
PARAMETRIC_REPRESENTATION_CONTEXT() REPRESENTATION_CONTEXT('2D SPACE',''
  ) );
#3855 = PCURVE('',#3856,#3861);
#3856 = CONICAL_SURFACE('',#3857,12.165063509094,1.308996938953);
#3857 = AXIS2_PLACEMENT_3D('',#3858,#3859,#3860);
#3858 = CARTESIAN_POINT('',(1.249999999887,0.,0.));
#3859 = DIRECTION('',(-1.,-0.,-0.));
#3860 = DIRECTION('',(0.,1.,0.));
#3861 = DEFINITIONAL_REPRESENTATION('',(#3862),#3870);
#3862 = B_SPLINE_CURVE_WITH_KNOTS('',6,(#3863,#3864,#3865,#3866,#3867,
    #3868,#3869),.UNSPECIFIED.,.F.,.F.,(7,7),(-5.733039E-11,
    0.646774826402),.PIECEWISE_BEZIER_KNOTS.);
#3863 = CARTESIAN_POINT('',(-3.665191429131,-1.250000000113));
#3864 = CARTESIAN_POINT('',(-3.772987233541,-1.250000000125));
#3865 = CARTESIAN_POINT('',(-3.880782214832,-1.221977996483));
#3866 = CARTESIAN_POINT('',(-3.986328751807,-1.165934218983));
#3867 = CARTESIAN_POINT('',(-4.08734003952,-1.080891063973));
#3868 = CARTESIAN_POINT('',(-4.182474942624,-0.964896602478));
#3869 = CARTESIAN_POINT('',(-4.271082548027,-0.814811981657));
#3870 = ( GEOMETRIC_REPRESENTATION_CONTEXT(2) 
PARAMETRIC_REPRESENTATION_CONTEXT() REPRESENTATION_CONTEXT('2D SPACE',''
  ) );
#3871 = ADVANCED_FACE('',(#3872),#3306,.T.);
#3872 = FACE_BOUND('',#3873,.T.);
#3873 = EDGE_LOOP('',(#3874,#3902,#3903,#3904,#3905,#3928));
#3874 = ORIENTED_EDGE('',*,*,#3875,.F.);
#3875 = EDGE_CURVE('',#3819,#3876,#3878,.T.);
#3876 = VERTEX_POINT('',#3877);
#3877 = CARTESIAN_POINT('',(2.5,6.5E-14,-7.5));
#3878 = SURFACE_CURVE('',#3879,(#3884,#3891),.PCURVE_S1.);
#3879 = HYPERBOLA('',#3880,2.009618943573,7.5);
#3880 = AXIS2_PLACEMENT_3D('',#3881,#3882,#3883);
#3881 = CARTESIAN_POINT('',(4.509618943573,0.,-7.5));
#3882 = DIRECTION('',(0.,0.,-1.));
#3883 = DIRECTION('',(-1.,-0.,-0.));
#3884 = PCURVE('',#3306,#3885);
#3885 = DEFINITIONAL_REPRESENTATION('',(#3886),#3890);
#3886 = HYPERBOLA('',#3887,2.009618943573,7.5);
#3887 = AXIS2_PLACEMENT_2D('',#3888,#3889);
#3888 = CARTESIAN_POINT('',(4.330127018922,2.009618943573));
#3889 = DIRECTION('',(0.,-1.));
#3890 = ( GEOMETRIC_REPRESENTATION_CONTEXT(2) 
PARAMETRIC_REPRESENTATION_CONTEXT() REPRESENTATION_CONTEXT('2D SPACE',''
  ) );
#3891 = PCURVE('',#3856,#3892);
#3892 = DEFINITIONAL_REPRESENTATION('',(#3893),#3901);
#3893 = B_SPLINE_CURVE_WITH_KNOTS('',6,(#3894,#3895,#3896,#3897,#3898,
    #3899,#3900),.UNSPECIFIED.,.F.,.F.,(7,7),(-0.646774826402,-1.8E-16),
  .PIECEWISE_BEZIER_KNOTS.);
#3894 = CARTESIAN_POINT('',(-4.106497861545,-0.814811981657));
#3895 = CARTESIAN_POINT('',(-4.195105466941,-0.964896602464));
#3896 = CARTESIAN_POINT('',(-4.290240370036,-1.080891063953));
#3897 = CARTESIAN_POINT('',(-4.391251657739,-1.165934218961));
#3898 = CARTESIAN_POINT('',(-4.496798194703,-1.221977996463));
#3899 = CARTESIAN_POINT('',(-4.604593175984,-1.250000000113));
#3900 = CARTESIAN_POINT('',(-4.712388980385,-1.250000000113));
#3901 = ( GEOMETRIC_REPRESENTATION_CONTEXT(2) 
PARAMETRIC_REPRESENTATION_CONTEXT() REPRESENTATION_CONTEXT('2D SPACE',''
  ) );
#3902 = ORIENTED_EDGE('',*,*,#3818,.T.);
#3903 = ORIENTED_EDGE('',*,*,#3285,.F.);
#3904 = ORIENTED_EDGE('',*,*,#3381,.F.);
#3905 = ORIENTED_EDGE('',*,*,#3906,.F.);
#3906 = EDGE_CURVE('',#3907,#3349,#3909,.T.);
#3907 = VERTEX_POINT('',#3908);
#3908 = CARTESIAN_POINT('',(2.189110867492,4.330127018922,-7.5));
#3909 = SURFACE_CURVE('',#3910,(#3914,#3921),.PCURVE_S1.);
#3910 = LINE('',#3911,#3912);
#3911 = CARTESIAN_POINT('',(2.5,4.330127018922,-7.5));
#3912 = VECTOR('',#3913,1.);
#3913 = DIRECTION('',(-1.,-0.,-0.));
#3914 = PCURVE('',#3306,#3915);
#3915 = DEFINITIONAL_REPRESENTATION('',(#3916),#3920);
#3916 = LINE('',#3917,#3918);
#3917 = CARTESIAN_POINT('',(8.660254037844,0.));
#3918 = VECTOR('',#3919,1.);
#3919 = DIRECTION('',(0.,-1.));
#3920 = ( GEOMETRIC_REPRESENTATION_CONTEXT(2) 
PARAMETRIC_REPRESENTATION_CONTEXT() REPRESENTATION_CONTEXT('2D SPACE',''
  ) );
#3921 = PCURVE('',#3369,#3922);
#3922 = DEFINITIONAL_REPRESENTATION('',(#3923),#3927);
#3923 = LINE('',#3924,#3925);
#3924 = CARTESIAN_POINT('',(0.,0.));
#3925 = VECTOR('',#3926,1.);
#3926 = DIRECTION('',(0.,-1.));
#3927 = ( GEOMETRIC_REPRESENTATION_CONTEXT(2) 
PARAMETRIC_REPRESENTATION_CONTEXT() REPRESENTATION_CONTEXT('2D SPACE',''
  ) );
#3928 = ORIENTED_EDGE('',*,*,#3929,.F.);
#3929 = EDGE_CURVE('',#3876,#3907,#3930,.T.);
#3930 = SURFACE_CURVE('',#3931,(#3936,#3943),.PCURVE_S1.);
#3931 = HYPERBOLA('',#3932,2.009618943573,7.5);
#3932 = AXIS2_PLACEMENT_3D('',#3933,#3934,#3935);
#3933 = CARTESIAN_POINT('',(4.509618943573,0.,-7.5));
#3934 = DIRECTION('',(0.,0.,-1.));
#3935 = DIRECTION('',(-1.,-0.,-0.));
#3936 = PCURVE('',#3306,#3937);
#3937 = DEFINITIONAL_REPRESENTATION('',(#3938),#3942);
#3938 = HYPERBOLA('',#3939,2.009618943573,7.5);
#3939 = AXIS2_PLACEMENT_2D('',#3940,#3941);
#3940 = CARTESIAN_POINT('',(4.330127018922,2.009618943573));
#3941 = DIRECTION('',(0.,-1.));
#3942 = ( GEOMETRIC_REPRESENTATION_CONTEXT(2) 
PARAMETRIC_REPRESENTATION_CONTEXT() REPRESENTATION_CONTEXT('2D SPACE',''
  ) );
#3943 = PCURVE('',#3944,#3949);
#3944 = CONICAL_SURFACE('',#3945,12.165063509094,1.308996938953);
#3945 = AXIS2_PLACEMENT_3D('',#3946,#3947,#3948);
#3946 = CARTESIAN_POINT('',(1.249999999887,0.,0.));
#3947 = DIRECTION('',(-1.,-0.,-0.));
#3948 = DIRECTION('',(0.,1.,0.));
#3949 = DEFINITIONAL_REPRESENTATION('',(#3950),#3958);
#3950 = B_SPLINE_CURVE_WITH_KNOTS('',6,(#3951,#3952,#3953,#3954,#3955,
    #3956,#3957),.UNSPECIFIED.,.F.,.F.,(7,7),(-1.8E-16,0.646774826402),
  .PIECEWISE_BEZIER_KNOTS.);
#3951 = CARTESIAN_POINT('',(-4.712388980385,-1.250000000113));
#3952 = CARTESIAN_POINT('',(-4.820184784785,-1.250000000113));
#3953 = CARTESIAN_POINT('',(-4.927979766066,-1.221977996463));
#3954 = CARTESIAN_POINT('',(-5.03352630303,-1.165934218961));
#3955 = CARTESIAN_POINT('',(-5.134537590733,-1.080891063953));
#3956 = CARTESIAN_POINT('',(-5.229672493828,-0.964896602464));
#3957 = CARTESIAN_POINT('',(-5.318280099224,-0.814811981657));
#3958 = ( GEOMETRIC_REPRESENTATION_CONTEXT(2) 
PARAMETRIC_REPRESENTATION_CONTEXT() REPRESENTATION_CONTEXT('2D SPACE',''
  ) );
#3959 = ADVANCED_FACE('',(#3960),#3369,.T.);
#3960 = FACE_BOUND('',#3961,.T.);
#3961 = EDGE_LOOP('',(#3962,#3990,#3991,#3992,#3993,#3994));
#3962 = ORIENTED_EDGE('',*,*,#3963,.F.);
#3963 = EDGE_CURVE('',#3907,#3964,#3966,.T.);
#3964 = VERTEX_POINT('',#3965);
#3965 = CARTESIAN_POINT('',(2.5,6.49519026083,-3.750000463415));
#3966 = SURFACE_CURVE('',#3967,(#3972,#3979),.PCURVE_S1.);
#3967 = HYPERBOLA('',#3968,2.009618943573,7.5);
#3968 = AXIS2_PLACEMENT_3D('',#3969,#3970,#3971);
#3969 = CARTESIAN_POINT('',(4.509618943573,6.495190528383,-3.75));
#3970 = DIRECTION('',(0.,0.866025403784,-0.5));
#3971 = DIRECTION('',(-1.,0.,0.));
#3972 = PCURVE('',#3369,#3973);
#3973 = DEFINITIONAL_REPRESENTATION('',(#3974),#3978);
#3974 = HYPERBOLA('',#3975,2.009618943573,7.5);
#3975 = AXIS2_PLACEMENT_2D('',#3976,#3977);
#3976 = CARTESIAN_POINT('',(4.330127018922,2.009618943573));
#3977 = DIRECTION('',(0.,-1.));
#3978 = ( GEOMETRIC_REPRESENTATION_CONTEXT(2) 
PARAMETRIC_REPRESENTATION_CONTEXT() REPRESENTATION_CONTEXT('2D SPACE',''
  ) );
#3979 = PCURVE('',#3944,#3980);
#3980 = DEFINITIONAL_REPRESENTATION('',(#3981),#3989);
#3981 = B_SPLINE_CURVE_WITH_KNOTS('',6,(#3982,#3983,#3984,#3985,#3986,
    #3987,#3988),.UNSPECIFIED.,.F.,.F.,(7,7),(-0.646774826402,-6.4E-16),
  .PIECEWISE_BEZIER_KNOTS.);
#3982 = CARTESIAN_POINT('',(-5.153695412742,-0.814811981657));
#3983 = CARTESIAN_POINT('',(-5.242303018138,-0.964896602464));
#3984 = CARTESIAN_POINT('',(-5.337437921232,-1.080891063953));
#3985 = CARTESIAN_POINT('',(-5.438449208936,-1.165934218961));
#3986 = CARTESIAN_POINT('',(-5.5439957459,-1.221977996463));
#3987 = CARTESIAN_POINT('',(-5.651790727181,-1.250000000113));
#3988 = CARTESIAN_POINT('',(-5.759586531581,-1.250000000113));
#3989 = ( GEOMETRIC_REPRESENTATION_CONTEXT(2) 
PARAMETRIC_REPRESENTATION_CONTEXT() REPRESENTATION_CONTEXT('2D SPACE',''
  ) );
#3990 = ORIENTED_EDGE('',*,*,#3906,.T.);
#3991 = ORIENTED_EDGE('',*,*,#3348,.F.);
#3992 = ORIENTED_EDGE('',*,*,#3412,.F.);
#3993 = ORIENTED_EDGE('',*,*,#3531,.F.);
#3994 = ORIENTED_EDGE('',*,*,#3995,.F.);
#3995 = EDGE_CURVE('',#3964,#3497,#3996,.T.);
#3996 = SURFACE_CURVE('',#3997,(#4002,#4009),.PCURVE_S1.);
#3997 = HYPERBOLA('',#3998,2.009618943573,7.5);
#3998 = AXIS2_PLACEMENT_3D('',#3999,#4000,#4001);
#3999 = CARTESIAN_POINT('',(4.509618943573,6.495190528383,-3.75));
#4000 = DIRECTION('',(0.,0.866025403784,-0.5));
#4001 = DIRECTION('',(-1.,0.,0.));
#4002 = PCURVE('',#3369,#4003);
#4003 = DEFINITIONAL_REPRESENTATION('',(#4004),#4008);
#4004 = HYPERBOLA('',#4005,2.009618943573,7.5);
#4005 = AXIS2_PLACEMENT_2D('',#4006,#4007);
#4006 = CARTESIAN_POINT('',(4.330127018922,2.009618943573));
#4007 = DIRECTION('',(0.,-1.));
#4008 = ( GEOMETRIC_REPRESENTATION_CONTEXT(2) 
PARAMETRIC_REPRESENTATION_CONTEXT() REPRESENTATION_CONTEXT('2D SPACE',''
  ) );
#4009 = PCURVE('',#4010,#4015);
#4010 = CONICAL_SURFACE('',#4011,12.165063509094,1.308996938953);
#4011 = AXIS2_PLACEMENT_3D('',#4012,#4013,#4014);
#4012 = CARTESIAN_POINT('',(1.249999999887,0.,0.));
#4013 = DIRECTION('',(-1.,-0.,-0.));
#4014 = DIRECTION('',(0.,1.,0.));
#4015 = DEFINITIONAL_REPRESENTATION('',(#4016),#4024);
#4016 = B_SPLINE_CURVE_WITH_KNOTS('',6,(#4017,#4018,#4019,#4020,#4021,
    #4022,#4023),.UNSPECIFIED.,.F.,.F.,(7,7),(-6.4E-16,0.549306144334),
  .PIECEWISE_BEZIER_KNOTS.);
#4017 = CARTESIAN_POINT('',(-5.759586531581,-1.250000000113));
#4018 = CARTESIAN_POINT('',(-5.851137555637,-1.250000000113));
#4019 = CARTESIAN_POINT('',(-5.942688152564,-1.229787428824));
#4020 = CARTESIAN_POINT('',(-6.032860497479,-1.189362348144));
#4021 = CARTESIAN_POINT('',(-6.120259317996,-1.12821631218));
#4022 = CARTESIAN_POINT('',(-6.203899794605,-1.045333312952));
#4023 = CARTESIAN_POINT('',(-6.28318530718,-0.939110867605));
#4024 = ( GEOMETRIC_REPRESENTATION_CONTEXT(2) 
PARAMETRIC_REPRESENTATION_CONTEXT() REPRESENTATION_CONTEXT('2D SPACE',''
  ) );
#4025 = ADVANCED_FACE('',(#4026),#3479,.F.);
#4026 = FACE_BOUND('',#4027,.F.);
#4027 = EDGE_LOOP('',(#4028,#4051,#4052,#4053));
#4028 = ORIENTED_EDGE('',*,*,#4029,.F.);
#4029 = EDGE_CURVE('',#3442,#4030,#4032,.T.);
#4030 = VERTEX_POINT('',#4031);
#4031 = CARTESIAN_POINT('',(2.5,6.25,0.));
#4032 = SEAM_CURVE('',#4033,(#4037,#4044),.PCURVE_S1.);
#4033 = LINE('',#4034,#4035);
#4034 = CARTESIAN_POINT('',(2.25,6.,0.));
#4035 = VECTOR('',#4036,1.);
#4036 = DIRECTION('',(0.707106781187,0.707106781187,0.));
#4037 = PCURVE('',#3479,#4038);
#4038 = DEFINITIONAL_REPRESENTATION('',(#4039),#4043);
#4039 = LINE('',#4040,#4041);
#4040 = CARTESIAN_POINT('',(0.,0.));
#4041 = VECTOR('',#4042,1.);
#4042 = DIRECTION('',(0.,1.));
#4043 = ( GEOMETRIC_REPRESENTATION_CONTEXT(2) 
PARAMETRIC_REPRESENTATION_CONTEXT() REPRESENTATION_CONTEXT('2D SPACE',''
  ) );
#4044 = PCURVE('',#3479,#4045);
#4045 = DEFINITIONAL_REPRESENTATION('',(#4046),#4050);
#4046 = LINE('',#4047,#4048);
#4047 = CARTESIAN_POINT('',(6.28318530718,0.));
#4048 = VECTOR('',#4049,1.);
#4049 = DIRECTION('',(0.,1.));
#4050 = ( GEOMETRIC_REPRESENTATION_CONTEXT(2) 
PARAMETRIC_REPRESENTATION_CONTEXT() REPRESENTATION_CONTEXT('2D SPACE',''
  ) );
#4051 = ORIENTED_EDGE('',*,*,#3464,.T.);
#4052 = ORIENTED_EDGE('',*,*,#4029,.T.);
#4053 = ORIENTED_EDGE('',*,*,#4054,.F.);
#4054 = EDGE_CURVE('',#4030,#4030,#4055,.T.);
#4055 = SURFACE_CURVE('',#4056,(#4061,#4068),.PCURVE_S1.);
#4056 = CIRCLE('',#4057,6.25);
#4057 = AXIS2_PLACEMENT_3D('',#4058,#4059,#4060);
#4058 = CARTESIAN_POINT('',(2.5,0.,0.));
#4059 = DIRECTION('',(1.,0.,0.));
#4060 = DIRECTION('',(-0.,1.,0.));
#4061 = PCURVE('',#3479,#4062);
#4062 = DEFINITIONAL_REPRESENTATION('',(#4063),#4067);
#4063 = LINE('',#4064,#4065);
#4064 = CARTESIAN_POINT('',(0.,0.25));
#4065 = VECTOR('',#4066,1.);
#4066 = DIRECTION('',(1.,0.));
#4067 = ( GEOMETRIC_REPRESENTATION_CONTEXT(2) 
PARAMETRIC_REPRESENTATION_CONTEXT() REPRESENTATION_CONTEXT('2D SPACE',''
  ) );
#4068 = PCURVE('',#4069,#4074);
#4069 = PLANE('',#4070);
#4070 = AXIS2_PLACEMENT_3D('',#4071,#4072,#4073);
#4071 = CARTESIAN_POINT('',(2.5,0.,0.));
#4072 = DIRECTION('',(1.,0.,0.));
#4073 = DIRECTION('',(0.,1.,0.));
#4074 = DEFINITIONAL_REPRESENTATION('',(#4075),#4079);
#4075 = CIRCLE('',#4076,6.25);
#4076 = AXIS2_PLACEMENT_2D('',#4077,#4078);
#4077 = CARTESIAN_POINT('',(0.,0.));
#4078 = DIRECTION('',(1.,0.));
#4079 = ( GEOMETRIC_REPRESENTATION_CONTEXT(2) 
PARAMETRIC_REPRESENTATION_CONTEXT() REPRESENTATION_CONTEXT('2D SPACE',''
  ) );
#4080 = ADVANCED_FACE('',(#4081),#3515,.T.);
#4081 = FACE_BOUND('',#4082,.T.);
#4082 = EDGE_LOOP('',(#4083,#4106,#4107));
#4083 = ORIENTED_EDGE('',*,*,#4084,.F.);
#4084 = EDGE_CURVE('',#3497,#4085,#4087,.T.);
#4085 = VERTEX_POINT('',#4086);
#4086 = CARTESIAN_POINT('',(2.5,7.5,0.));
#4087 = SURFACE_CURVE('',#4088,(#4092,#4099),.PCURVE_S1.);
#4088 = LINE('',#4089,#4090);
#4089 = CARTESIAN_POINT('',(1.249999999887,12.165063509094,0.));
#4090 = VECTOR('',#4091,1.);
#4091 = DIRECTION('',(0.258819045143,-0.965925826278,0.));
#4092 = PCURVE('',#3515,#4093);
#4093 = DEFINITIONAL_REPRESENTATION('',(#4094),#4098);
#4094 = LINE('',#4095,#4096);
#4095 = CARTESIAN_POINT('',(-0.,-0.));
#4096 = VECTOR('',#4097,1.);
#4097 = DIRECTION('',(-0.,-1.));
#4098 = ( GEOMETRIC_REPRESENTATION_CONTEXT(2) 
PARAMETRIC_REPRESENTATION_CONTEXT() REPRESENTATION_CONTEXT('2D SPACE',''
  ) );
#4099 = PCURVE('',#4010,#4100);
#4100 = DEFINITIONAL_REPRESENTATION('',(#4101),#4105);
#4101 = LINE('',#4102,#4103);
#4102 = CARTESIAN_POINT('',(-6.28318530718,-0.));
#4103 = VECTOR('',#4104,1.);
#4104 = DIRECTION('',(-0.,-1.));
#4105 = ( GEOMETRIC_REPRESENTATION_CONTEXT(2) 
PARAMETRIC_REPRESENTATION_CONTEXT() REPRESENTATION_CONTEXT('2D SPACE',''
  ) );
#4106 = ORIENTED_EDGE('',*,*,#3496,.T.);
#4107 = ORIENTED_EDGE('',*,*,#4108,.F.);
#4108 = EDGE_CURVE('',#4085,#3499,#4109,.T.);
#4109 = SURFACE_CURVE('',#4110,(#4115,#4122),.PCURVE_S1.);
#4110 = CIRCLE('',#4111,7.5);
#4111 = AXIS2_PLACEMENT_3D('',#4112,#4113,#4114);
#4112 = CARTESIAN_POINT('',(2.5,0.,0.));
#4113 = DIRECTION('',(1.,0.,0.));
#4114 = DIRECTION('',(0.,1.,0.));
#4115 = PCURVE('',#3515,#4116);
#4116 = DEFINITIONAL_REPRESENTATION('',(#4117),#4121);
#4117 = LINE('',#4118,#4119);
#4118 = CARTESIAN_POINT('',(-0.,-1.250000000113));
#4119 = VECTOR('',#4120,1.);
#4120 = DIRECTION('',(-1.,-0.));
#4121 = ( GEOMETRIC_REPRESENTATION_CONTEXT(2) 
PARAMETRIC_REPRESENTATION_CONTEXT() REPRESENTATION_CONTEXT('2D SPACE',''
  ) );
#4122 = PCURVE('',#4069,#4123);
#4123 = DEFINITIONAL_REPRESENTATION('',(#4124),#4128);
#4124 = CIRCLE('',#4125,7.5);
#4125 = AXIS2_PLACEMENT_2D('',#4126,#4127);
#4126 = CARTESIAN_POINT('',(0.,0.));
#4127 = DIRECTION('',(1.,0.));
#4128 = ( GEOMETRIC_REPRESENTATION_CONTEXT(2) 
PARAMETRIC_REPRESENTATION_CONTEXT() REPRESENTATION_CONTEXT('2D SPACE',''
  ) );
#4129 = ADVANCED_FACE('',(#4130),#3592,.T.);
#4130 = FACE_BOUND('',#4131,.T.);
#4131 = EDGE_LOOP('',(#4132,#4154,#4155));
#4132 = ORIENTED_EDGE('',*,*,#4133,.F.);
#4133 = EDGE_CURVE('',#3499,#3612,#4134,.T.);
#4134 = SURFACE_CURVE('',#4135,(#4140,#4147),.PCURVE_S1.);
#4135 = CIRCLE('',#4136,7.5);
#4136 = AXIS2_PLACEMENT_3D('',#4137,#4138,#4139);
#4137 = CARTESIAN_POINT('',(2.5,0.,0.));
#4138 = DIRECTION('',(1.,0.,0.));
#4139 = DIRECTION('',(0.,1.,0.));
#4140 = PCURVE('',#3592,#4141);
#4141 = DEFINITIONAL_REPRESENTATION('',(#4142),#4146);
#4142 = LINE('',#4143,#4144);
#4143 = CARTESIAN_POINT('',(-0.,-1.250000000113));
#4144 = VECTOR('',#4145,1.);
#4145 = DIRECTION('',(-1.,-0.));
#4146 = ( GEOMETRIC_REPRESENTATION_CONTEXT(2) 
PARAMETRIC_REPRESENTATION_CONTEXT() REPRESENTATION_CONTEXT('2D SPACE',''
  ) );
#4147 = PCURVE('',#4069,#4148);
#4148 = DEFINITIONAL_REPRESENTATION('',(#4149),#4153);
#4149 = CIRCLE('',#4150,7.5);
#4150 = AXIS2_PLACEMENT_2D('',#4151,#4152);
#4151 = CARTESIAN_POINT('',(0.,0.));
#4152 = DIRECTION('',(1.,0.));
#4153 = ( GEOMETRIC_REPRESENTATION_CONTEXT(2) 
PARAMETRIC_REPRESENTATION_CONTEXT() REPRESENTATION_CONTEXT('2D SPACE',''
  ) );
#4154 = ORIENTED_EDGE('',*,*,#3577,.T.);
#4155 = ORIENTED_EDGE('',*,*,#3611,.T.);
#4156 = ADVANCED_FACE('',(#4157),#3680,.T.);
#4157 = FACE_BOUND('',#4158,.T.);
#4158 = EDGE_LOOP('',(#4159,#4181,#4182));
#4159 = ORIENTED_EDGE('',*,*,#4160,.F.);
#4160 = EDGE_CURVE('',#3612,#3700,#4161,.T.);
#4161 = SURFACE_CURVE('',#4162,(#4167,#4174),.PCURVE_S1.);
#4162 = CIRCLE('',#4163,7.5);
#4163 = AXIS2_PLACEMENT_3D('',#4164,#4165,#4166);
#4164 = CARTESIAN_POINT('',(2.5,0.,0.));
#4165 = DIRECTION('',(1.,0.,0.));
#4166 = DIRECTION('',(0.,1.,0.));
#4167 = PCURVE('',#3680,#4168);
#4168 = DEFINITIONAL_REPRESENTATION('',(#4169),#4173);
#4169 = LINE('',#4170,#4171);
#4170 = CARTESIAN_POINT('',(-0.,-1.250000000113));
#4171 = VECTOR('',#4172,1.);
#4172 = DIRECTION('',(-1.,-0.));
#4173 = ( GEOMETRIC_REPRESENTATION_CONTEXT(2) 
PARAMETRIC_REPRESENTATION_CONTEXT() REPRESENTATION_CONTEXT('2D SPACE',''
  ) );
#4174 = PCURVE('',#4069,#4175);
#4175 = DEFINITIONAL_REPRESENTATION('',(#4176),#4180);
#4176 = CIRCLE('',#4177,7.5);
#4177 = AXIS2_PLACEMENT_2D('',#4178,#4179);
#4178 = CARTESIAN_POINT('',(0.,0.));
#4179 = DIRECTION('',(1.,0.));
#4180 = ( GEOMETRIC_REPRESENTATION_CONTEXT(2) 
PARAMETRIC_REPRESENTATION_CONTEXT() REPRESENTATION_CONTEXT('2D SPACE',''
  ) );
#4181 = ORIENTED_EDGE('',*,*,#3665,.T.);
#4182 = ORIENTED_EDGE('',*,*,#3699,.T.);
#4183 = ADVANCED_FACE('',(#4184),#3768,.T.);
#4184 = FACE_BOUND('',#4185,.T.);
#4185 = EDGE_LOOP('',(#4186,#4208,#4209));
#4186 = ORIENTED_EDGE('',*,*,#4187,.F.);
#4187 = EDGE_CURVE('',#3700,#3788,#4188,.T.);
#4188 = SURFACE_CURVE('',#4189,(#4194,#4201),.PCURVE_S1.);
#4189 = CIRCLE('',#4190,7.5);
#4190 = AXIS2_PLACEMENT_3D('',#4191,#4192,#4193);
#4191 = CARTESIAN_POINT('',(2.5,0.,0.));
#4192 = DIRECTION('',(1.,0.,0.));
#4193 = DIRECTION('',(0.,1.,0.));
#4194 = PCURVE('',#3768,#4195);
#4195 = DEFINITIONAL_REPRESENTATION('',(#4196),#4200);
#4196 = LINE('',#4197,#4198);
#4197 = CARTESIAN_POINT('',(-0.,-1.250000000113));
#4198 = VECTOR('',#4199,1.);
#4199 = DIRECTION('',(-1.,-0.));
#4200 = ( GEOMETRIC_REPRESENTATION_CONTEXT(2) 
PARAMETRIC_REPRESENTATION_CONTEXT() REPRESENTATION_CONTEXT('2D SPACE',''
  ) );
#4201 = PCURVE('',#4069,#4202);
#4202 = DEFINITIONAL_REPRESENTATION('',(#4203),#4207);
#4203 = CIRCLE('',#4204,7.5);
#4204 = AXIS2_PLACEMENT_2D('',#4205,#4206);
#4205 = CARTESIAN_POINT('',(0.,0.));
#4206 = DIRECTION('',(1.,0.));
#4207 = ( GEOMETRIC_REPRESENTATION_CONTEXT(2) 
PARAMETRIC_REPRESENTATION_CONTEXT() REPRESENTATION_CONTEXT('2D SPACE',''
  ) );
#4208 = ORIENTED_EDGE('',*,*,#3753,.T.);
#4209 = ORIENTED_EDGE('',*,*,#3787,.T.);
#4210 = ADVANCED_FACE('',(#4211),#3856,.T.);
#4211 = FACE_BOUND('',#4212,.T.);
#4212 = EDGE_LOOP('',(#4213,#4214,#4236));
#4213 = ORIENTED_EDGE('',*,*,#3875,.T.);
#4214 = ORIENTED_EDGE('',*,*,#4215,.F.);
#4215 = EDGE_CURVE('',#3788,#3876,#4216,.T.);
#4216 = SURFACE_CURVE('',#4217,(#4222,#4229),.PCURVE_S1.);
#4217 = CIRCLE('',#4218,7.5);
#4218 = AXIS2_PLACEMENT_3D('',#4219,#4220,#4221);
#4219 = CARTESIAN_POINT('',(2.5,0.,0.));
#4220 = DIRECTION('',(1.,0.,0.));
#4221 = DIRECTION('',(0.,1.,0.));
#4222 = PCURVE('',#3856,#4223);
#4223 = DEFINITIONAL_REPRESENTATION('',(#4224),#4228);
#4224 = LINE('',#4225,#4226);
#4225 = CARTESIAN_POINT('',(-0.,-1.250000000113));
#4226 = VECTOR('',#4227,1.);
#4227 = DIRECTION('',(-1.,-0.));
#4228 = ( GEOMETRIC_REPRESENTATION_CONTEXT(2) 
PARAMETRIC_REPRESENTATION_CONTEXT() REPRESENTATION_CONTEXT('2D SPACE',''
  ) );
#4229 = PCURVE('',#4069,#4230);
#4230 = DEFINITIONAL_REPRESENTATION('',(#4231),#4235);
#4231 = CIRCLE('',#4232,7.5);
#4232 = AXIS2_PLACEMENT_2D('',#4233,#4234);
#4233 = CARTESIAN_POINT('',(0.,0.));
#4234 = DIRECTION('',(1.,0.));
#4235 = ( GEOMETRIC_REPRESENTATION_CONTEXT(2) 
PARAMETRIC_REPRESENTATION_CONTEXT() REPRESENTATION_CONTEXT('2D SPACE',''
  ) );
#4236 = ORIENTED_EDGE('',*,*,#3841,.T.);
#4237 = ADVANCED_FACE('',(#4238),#3944,.T.);
#4238 = FACE_BOUND('',#4239,.T.);
#4239 = EDGE_LOOP('',(#4240,#4241,#4263));
#4240 = ORIENTED_EDGE('',*,*,#3963,.T.);
#4241 = ORIENTED_EDGE('',*,*,#4242,.F.);
#4242 = EDGE_CURVE('',#3876,#3964,#4243,.T.);
#4243 = SURFACE_CURVE('',#4244,(#4249,#4256),.PCURVE_S1.);
#4244 = CIRCLE('',#4245,7.5);
#4245 = AXIS2_PLACEMENT_3D('',#4246,#4247,#4248);
#4246 = CARTESIAN_POINT('',(2.5,0.,0.));
#4247 = DIRECTION('',(1.,0.,0.));
#4248 = DIRECTION('',(0.,1.,0.));
#4249 = PCURVE('',#3944,#4250);
#4250 = DEFINITIONAL_REPRESENTATION('',(#4251),#4255);
#4251 = LINE('',#4252,#4253);
#4252 = CARTESIAN_POINT('',(-0.,-1.250000000113));
#4253 = VECTOR('',#4254,1.);
#4254 = DIRECTION('',(-1.,-0.));
#4255 = ( GEOMETRIC_REPRESENTATION_CONTEXT(2) 
PARAMETRIC_REPRESENTATION_CONTEXT() REPRESENTATION_CONTEXT('2D SPACE',''
  ) );
#4256 = PCURVE('',#4069,#4257);
#4257 = DEFINITIONAL_REPRESENTATION('',(#4258),#4262);
#4258 = CIRCLE('',#4259,7.5);
#4259 = AXIS2_PLACEMENT_2D('',#4260,#4261);
#4260 = CARTESIAN_POINT('',(0.,0.));
#4261 = DIRECTION('',(1.,0.));
#4262 = ( GEOMETRIC_REPRESENTATION_CONTEXT(2) 
PARAMETRIC_REPRESENTATION_CONTEXT() REPRESENTATION_CONTEXT('2D SPACE',''
  ) );
#4263 = ORIENTED_EDGE('',*,*,#3929,.T.);
#4264 = ADVANCED_FACE('',(#4265),#4010,.T.);
#4265 = FACE_BOUND('',#4266,.T.);
#4266 = EDGE_LOOP('',(#4267,#4268,#4269));
#4267 = ORIENTED_EDGE('',*,*,#3995,.T.);
#4268 = ORIENTED_EDGE('',*,*,#4084,.T.);
#4269 = ORIENTED_EDGE('',*,*,#4270,.F.);
#4270 = EDGE_CURVE('',#3964,#4085,#4271,.T.);
#4271 = SURFACE_CURVE('',#4272,(#4277,#4284),.PCURVE_S1.);
#4272 = CIRCLE('',#4273,7.5);
#4273 = AXIS2_PLACEMENT_3D('',#4274,#4275,#4276);
#4274 = CARTESIAN_POINT('',(2.5,0.,0.));
#4275 = DIRECTION('',(1.,0.,0.));
#4276 = DIRECTION('',(0.,1.,0.));
#4277 = PCURVE('',#4010,#4278);
#4278 = DEFINITIONAL_REPRESENTATION('',(#4279),#4283);
#4279 = LINE('',#4280,#4281);
#4280 = CARTESIAN_POINT('',(-0.,-1.250000000113));
#4281 = VECTOR('',#4282,1.);
#4282 = DIRECTION('',(-1.,-0.));
#4283 = ( GEOMETRIC_REPRESENTATION_CONTEXT(2) 
PARAMETRIC_REPRESENTATION_CONTEXT() REPRESENTATION_CONTEXT('2D SPACE',''
  ) );
#4284 = PCURVE('',#4069,#4285);
#4285 = DEFINITIONAL_REPRESENTATION('',(#4286),#4290);
#4286 = CIRCLE('',#4287,7.5);
#4287 = AXIS2_PLACEMENT_2D('',#4288,#4289);
#4288 = CARTESIAN_POINT('',(0.,0.));
#4289 = DIRECTION('',(1.,0.));
#4290 = ( GEOMETRIC_REPRESENTATION_CONTEXT(2) 
PARAMETRIC_REPRESENTATION_CONTEXT() REPRESENTATION_CONTEXT('2D SPACE',''
  ) );
#4291 = ADVANCED_FACE('',(#4292,#4295),#4069,.T.);
#4292 = FACE_BOUND('',#4293,.T.);
#4293 = EDGE_LOOP('',(#4294));
#4294 = ORIENTED_EDGE('',*,*,#4054,.F.);
#4295 = FACE_BOUND('',#4296,.T.);
#4296 = EDGE_LOOP('',(#4297,#4298,#4299,#4300,#4301,#4302,#4303));
#4297 = ORIENTED_EDGE('',*,*,#4108,.T.);
#4298 = ORIENTED_EDGE('',*,*,#4133,.T.);
#4299 = ORIENTED_EDGE('',*,*,#4160,.T.);
#4300 = ORIENTED_EDGE('',*,*,#4187,.T.);
#4301 = ORIENTED_EDGE('',*,*,#4215,.T.);
#4302 = ORIENTED_EDGE('',*,*,#4242,.T.);
#4303 = ORIENTED_EDGE('',*,*,#4270,.T.);
#4304 = ( GEOMETRIC_REPRESENTATION_CONTEXT(3) 
GLOBAL_UNCERTAINTY_ASSIGNED_CONTEXT((#4308)) 
GLOBAL_UNIT_ASSIGNED_CONTEXT((#4305,#4306,#4307)) REPRESENTATION_CONTEXT
('Context #1','3D Context with UNIT and UNCERTAINTY') );
#4305 = ( LENGTH_UNIT() NAMED_UNIT(*) SI_UNIT(.MILLI.,.METRE.) );
#4306 = ( NAMED_UNIT(*) PLANE_ANGLE_UNIT() SI_UNIT($,.RADIAN.) );
#4307 = ( NAMED_UNIT(*) SI_UNIT($,.STERADIAN.) SOLID_ANGLE_UNIT() );
#4308 = UNCERTAINTY_MEASURE_WITH_UNIT(LENGTH_MEASURE(2.E-07),#4305,
  'distance_accuracy_value','confusion accuracy');
#4309 = CONTEXT_DEPENDENT_SHAPE_REPRESENTATION(#4310,#4312);
#4310 = ( REPRESENTATION_RELATIONSHIP('','',#2733,#10) 
REPRESENTATION_RELATIONSHIP_WITH_TRANSFORMATION(#4311) 
SHAPE_REPRESENTATION_RELATIONSHIP() );
#4311 = ITEM_DEFINED_TRANSFORMATION('','',#11,#19);
#4312 = PRODUCT_DEFINITION_SHAPE('Placement','Placement of an item',
  #4313);
#4313 = NEXT_ASSEMBLY_USAGE_OCCURRENCE('102','Body001','',#5,#2728,$);
#4314 = PRODUCT_RELATED_PRODUCT_CATEGORY('part',$,(#2730));
#4315 = SHAPE_DEFINITION_REPRESENTATION(#4316,#4322);
#4316 = PRODUCT_DEFINITION_SHAPE('','',#4317);
#4317 = PRODUCT_DEFINITION('design','',#4318,#4321);
#4318 = PRODUCT_DEFINITION_FORMATION('','',#4319);
#4319 = PRODUCT('Body002','Body002','',(#4320));
#4320 = PRODUCT_CONTEXT('',#2,'mechanical');
#4321 = PRODUCT_DEFINITION_CONTEXT('part definition',#2,'design');
#4322 = ADVANCED_BREP_SHAPE_REPRESENTATION('',(#11,#4323),#5421);
#4323 = MANIFOLD_SOLID_BREP('',#4324);
#4324 = CLOSED_SHELL('',(#4325,#4447,#4556,#4688,#4960,#4988,#5016,#5232
    ,#5259,#5286,#5313,#5340,#5367,#5394));
#4325 = ADVANCED_FACE('',(#4326),#4341,.T.);
#4326 = FACE_BOUND('',#4327,.T.);
#4327 = EDGE_LOOP('',(#4328,#4364,#4392,#4421));
#4328 = ORIENTED_EDGE('',*,*,#4329,.F.);
#4329 = EDGE_CURVE('',#4330,#4332,#4334,.T.);
#4330 = VERTEX_POINT('',#4331);
#4331 = CARTESIAN_POINT('',(8.25,4.8,0.));
#4332 = VERTEX_POINT('',#4333);
#4333 = CARTESIAN_POINT('',(8.25,-4.741223404255,0.748866230339));
#4334 = SURFACE_CURVE('',#4335,(#4340,#4352),.PCURVE_S1.);
#4335 = CIRCLE('',#4336,4.8);
#4336 = AXIS2_PLACEMENT_3D('',#4337,#4338,#4339);
#4337 = CARTESIAN_POINT('',(8.25,0.,0.));
#4338 = DIRECTION('',(1.,0.,0.));
#4339 = DIRECTION('',(0.,1.,0.));
#4340 = PCURVE('',#4341,#4346);
#4341 = CYLINDRICAL_SURFACE('',#4342,4.8);
#4342 = AXIS2_PLACEMENT_3D('',#4343,#4344,#4345);
#4343 = CARTESIAN_POINT('',(3.6,0.,0.));
#4344 = DIRECTION('',(1.,0.,0.));
#4345 = DIRECTION('',(0.,1.,0.));
#4346 = DEFINITIONAL_REPRESENTATION('',(#4347),#4351);
#4347 = LINE('',#4348,#4349);
#4348 = CARTESIAN_POINT('',(0.,4.65));
#4349 = VECTOR('',#4350,1.);
#4350 = DIRECTION('',(1.,0.));
#4351 = ( GEOMETRIC_REPRESENTATION_CONTEXT(2) 
PARAMETRIC_REPRESENTATION_CONTEXT() REPRESENTATION_CONTEXT('2D SPACE',''
  ) );
#4352 = PCURVE('',#4353,#4358);
#4353 = CONICAL_SURFACE('',#4354,4.8,0.785398163397);
#4354 = AXIS2_PLACEMENT_3D('',#4355,#4356,#4357);
#4355 = CARTESIAN_POINT('',(8.25,0.,0.));
#4356 = DIRECTION('',(-1.,-0.,-0.));
#4357 = DIRECTION('',(0.,1.,0.));
#4358 = DEFINITIONAL_REPRESENTATION('',(#4359),#4363);
#4359 = LINE('',#4360,#4361);
#4360 = CARTESIAN_POINT('',(-0.,-0.));
#4361 = VECTOR('',#4362,1.);
#4362 = DIRECTION('',(-1.,-0.));
#4363 = ( GEOMETRIC_REPRESENTATION_CONTEXT(2) 
PARAMETRIC_REPRESENTATION_CONTEXT() REPRESENTATION_CONTEXT('2D SPACE',''
  ) );
#4364 = ORIENTED_EDGE('',*,*,#4365,.F.);
#4365 = EDGE_CURVE('',#4366,#4330,#4368,.T.);
#4366 = VERTEX_POINT('',#4367);
#4367 = CARTESIAN_POINT('',(3.6,4.8,0.));
#4368 = SURFACE_CURVE('',#4369,(#4373,#4380),.PCURVE_S1.);
#4369 = LINE('',#4370,#4371);
#4370 = CARTESIAN_POINT('',(3.6,4.8,0.));
#4371 = VECTOR('',#4372,1.);
#4372 = DIRECTION('',(1.,0.,0.));
#4373 = PCURVE('',#4341,#4374);
#4374 = DEFINITIONAL_REPRESENTATION('',(#4375),#4379);
#4375 = LINE('',#4376,#4377);
#4376 = CARTESIAN_POINT('',(0.,0.));
#4377 = VECTOR('',#4378,1.);
#4378 = DIRECTION('',(0.,1.));
#4379 = ( GEOMETRIC_REPRESENTATION_CONTEXT(2) 
PARAMETRIC_REPRESENTATION_CONTEXT() REPRESENTATION_CONTEXT('2D SPACE',''
  ) );
#4380 = PCURVE('',#4381,#4386);
#4381 = CYLINDRICAL_SURFACE('',#4382,4.8);
#4382 = AXIS2_PLACEMENT_3D('',#4383,#4384,#4385);
#4383 = CARTESIAN_POINT('',(3.6,0.,0.));
#4384 = DIRECTION('',(1.,0.,0.));
#4385 = DIRECTION('',(0.,1.,0.));
#4386 = DEFINITIONAL_REPRESENTATION('',(#4387),#4391);
#4387 = LINE('',#4388,#4389);
#4388 = CARTESIAN_POINT('',(6.28318530718,0.));
#4389 = VECTOR('',#4390,1.);
#4390 = DIRECTION('',(0.,1.));
#4391 = ( GEOMETRIC_REPRESENTATION_CONTEXT(2) 
PARAMETRIC_REPRESENTATION_CONTEXT() REPRESENTATION_CONTEXT('2D SPACE',''
  ) );
#4392 = ORIENTED_EDGE('',*,*,#4393,.T.);
#4393 = EDGE_CURVE('',#4366,#4394,#4396,.T.);
#4394 = VERTEX_POINT('',#4395);
#4395 = CARTESIAN_POINT('',(3.6,-4.741223404255,0.748866230338));
#4396 = SURFACE_CURVE('',#4397,(#4402,#4409),.PCURVE_S1.);
#4397 = CIRCLE('',#4398,4.8);
#4398 = AXIS2_PLACEMENT_3D('',#4399,#4400,#4401);
#4399 = CARTESIAN_POINT('',(3.6,0.,0.));
#4400 = DIRECTION('',(1.,0.,0.));
#4401 = DIRECTION('',(0.,1.,0.));
#4402 = PCURVE('',#4341,#4403);
#4403 = DEFINITIONAL_REPRESENTATION('',(#4404),#4408);
#4404 = LINE('',#4405,#4406);
#4405 = CARTESIAN_POINT('',(0.,0.));
#4406 = VECTOR('',#4407,1.);
#4407 = DIRECTION('',(1.,0.));
#4408 = ( GEOMETRIC_REPRESENTATION_CONTEXT(2) 
PARAMETRIC_REPRESENTATION_CONTEXT() REPRESENTATION_CONTEXT('2D SPACE',''
  ) );
#4409 = PCURVE('',#4410,#4415);
#4410 = PLANE('',#4411);
#4411 = AXIS2_PLACEMENT_3D('',#4412,#4413,#4414);
#4412 = CARTESIAN_POINT('',(3.6,0.,0.));
#4413 = DIRECTION('',(1.,0.,0.));
#4414 = DIRECTION('',(0.,1.,0.));
#4415 = DEFINITIONAL_REPRESENTATION('',(#4416),#4420);
#4416 = CIRCLE('',#4417,4.8);
#4417 = AXIS2_PLACEMENT_2D('',#4418,#4419);
#4418 = CARTESIAN_POINT('',(0.,0.));
#4419 = DIRECTION('',(1.,-0.));
#4420 = ( GEOMETRIC_REPRESENTATION_CONTEXT(2) 
PARAMETRIC_REPRESENTATION_CONTEXT() REPRESENTATION_CONTEXT('2D SPACE',''
  ) );
#4421 = ORIENTED_EDGE('',*,*,#4422,.T.);
#4422 = EDGE_CURVE('',#4394,#4332,#4423,.T.);
#4423 = SURFACE_CURVE('',#4424,(#4428,#4435),.PCURVE_S1.);
#4424 = LINE('',#4425,#4426);
#4425 = CARTESIAN_POINT('',(3.6,-4.741223404255,0.748866230339));
#4426 = VECTOR('',#4427,1.);
#4427 = DIRECTION('',(1.,0.,0.));
#4428 = PCURVE('',#4341,#4429);
#4429 = DEFINITIONAL_REPRESENTATION('',(#4430),#4434);
#4430 = LINE('',#4431,#4432);
#4431 = CARTESIAN_POINT('',(2.984938917279,0.));
#4432 = VECTOR('',#4433,1.);
#4433 = DIRECTION('',(0.,1.));
#4434 = ( GEOMETRIC_REPRESENTATION_CONTEXT(2) 
PARAMETRIC_REPRESENTATION_CONTEXT() REPRESENTATION_CONTEXT('2D SPACE',''
  ) );
#4435 = PCURVE('',#4436,#4441);
#4436 = CYLINDRICAL_SURFACE('',#4437,0.75);
#4437 = AXIS2_PLACEMENT_3D('',#4438,#4439,#4440);
#4438 = CARTESIAN_POINT('',(3.6,-4.7,0.));
#4439 = DIRECTION('',(-1.,0.,0.));
#4440 = DIRECTION('',(0.,-1.,0.));
#4441 = DEFINITIONAL_REPRESENTATION('',(#4442),#4446);
#4442 = LINE('',#4443,#4444);
#4443 = CARTESIAN_POINT('',(1.515804074529,0.));
#4444 = VECTOR('',#4445,1.);
#4445 = DIRECTION('',(0.,-1.));
#4446 = ( GEOMETRIC_REPRESENTATION_CONTEXT(2) 
PARAMETRIC_REPRESENTATION_CONTEXT() REPRESENTATION_CONTEXT('2D SPACE',''
  ) );
#4447 = ADVANCED_FACE('',(#4448),#4353,.T.);
#4448 = FACE_BOUND('',#4449,.T.);
#4449 = EDGE_LOOP('',(#4450,#4478,#4479,#4529));
#4450 = ORIENTED_EDGE('',*,*,#4451,.F.);
#4451 = EDGE_CURVE('',#4330,#4452,#4454,.T.);
#4452 = VERTEX_POINT('',#4453);
#4453 = CARTESIAN_POINT('',(8.75,4.3,0.));
#4454 = SURFACE_CURVE('',#4455,(#4459,#4466),.PCURVE_S1.);
#4455 = LINE('',#4456,#4457);
#4456 = CARTESIAN_POINT('',(8.25,4.8,0.));
#4457 = VECTOR('',#4458,1.);
#4458 = DIRECTION('',(0.707106781187,-0.707106781187,0.));
#4459 = PCURVE('',#4353,#4460);
#4460 = DEFINITIONAL_REPRESENTATION('',(#4461),#4465);
#4461 = LINE('',#4462,#4463);
#4462 = CARTESIAN_POINT('',(-0.,-0.));
#4463 = VECTOR('',#4464,1.);
#4464 = DIRECTION('',(-0.,-1.));
#4465 = ( GEOMETRIC_REPRESENTATION_CONTEXT(2) 
PARAMETRIC_REPRESENTATION_CONTEXT() REPRESENTATION_CONTEXT('2D SPACE',''
  ) );
#4466 = PCURVE('',#4467,#4472);
#4467 = CONICAL_SURFACE('',#4468,4.8,0.785398163397);
#4468 = AXIS2_PLACEMENT_3D('',#4469,#4470,#4471);
#4469 = CARTESIAN_POINT('',(8.25,0.,0.));
#4470 = DIRECTION('',(-1.,-0.,-0.));
#4471 = DIRECTION('',(0.,1.,0.));
#4472 = DEFINITIONAL_REPRESENTATION('',(#4473),#4477);
#4473 = LINE('',#4474,#4475);
#4474 = CARTESIAN_POINT('',(-6.28318530718,-0.));
#4475 = VECTOR('',#4476,1.);
#4476 = DIRECTION('',(-0.,-1.));
#4477 = ( GEOMETRIC_REPRESENTATION_CONTEXT(2) 
PARAMETRIC_REPRESENTATION_CONTEXT() REPRESENTATION_CONTEXT('2D SPACE',''
  ) );
#4478 = ORIENTED_EDGE('',*,*,#4329,.T.);
#4479 = ORIENTED_EDGE('',*,*,#4480,.T.);
#4480 = EDGE_CURVE('',#4332,#4481,#4483,.T.);
#4481 = VERTEX_POINT('',#4482);
#4482 = CARTESIAN_POINT('',(8.75,-4.257180851064,0.60531909051));
#4483 = SURFACE_CURVE('',#4484,(#4497,#4513),.PCURVE_S1.);
#4484 = B_SPLINE_CURVE_WITH_KNOTS('',6,(#4485,#4486,#4487,#4488,#4489,
    #4490,#4491,#4492,#4493,#4494,#4495,#4496),.UNSPECIFIED.,.F.,.F.,(7,
    5,7),(0.,0.307290803312,1.),.UNSPECIFIED.);
#4485 = CARTESIAN_POINT('',(8.25,-4.741223404255,0.748866230339));
#4486 = CARTESIAN_POINT('',(8.275689675495,-4.71498713992,0.750310477772
    ));
#4487 = CARTESIAN_POINT('',(8.301475022083,-4.688821670363,
    0.750644488904));
#4488 = CARTESIAN_POINT('',(8.327332122922,-4.66275376898,0.749887504035
    ));
#4489 = CARTESIAN_POINT('',(8.353237934366,-4.636808302328,
    0.748053925212));
#4490 = CARTESIAN_POINT('',(8.379169782902,-4.611008754109,0.74515315058
    ));
#4491 = CARTESIAN_POINT('',(8.463568921809,-4.527599147736,0.73225415781
    ));
#4492 = CARTESIAN_POINT('',(8.522027052239,-4.470699054828,
    0.717920074128));
#4493 = CARTESIAN_POINT('',(8.580255641941,-4.414898431419,
    0.698240121514));
#4494 = CARTESIAN_POINT('',(8.637953075247,-4.36047169613,0.673101963091
    ));
#4495 = CARTESIAN_POINT('',(8.694735139134,-4.307742319516,
    0.642307163048));
#4496 = CARTESIAN_POINT('',(8.75,-4.257180851064,0.60531909051));
#4497 = PCURVE('',#4353,#4498);
#4498 = DEFINITIONAL_REPRESENTATION('',(#4499),#4512);
#4499 = B_SPLINE_CURVE_WITH_KNOTS('',6,(#4500,#4501,#4502,#4503,#4504,
    #4505,#4506,#4507,#4508,#4509,#4510,#4511),.UNSPECIFIED.,.F.,.F.,(7,
    5,7),(0.,0.307290803312,1.),.UNSPECIFIED.);
#4500 = CARTESIAN_POINT('',(-2.984938917279,4.454772721475E-16));
#4501 = CARTESIAN_POINT('',(-2.983788962761,-2.568967549538E-02));
#4502 = CARTESIAN_POINT('',(-2.982855004809,-5.147502208318E-02));
#4503 = CARTESIAN_POINT('',(-2.982139052617,-7.733212292229E-02));
#4504 = CARTESIAN_POINT('',(-2.981644244315,-0.103237934366));
#4505 = CARTESIAN_POINT('',(-2.981374943506,-0.129169782902));
#4506 = CARTESIAN_POINT('',(-2.981250931636,-0.213568921809));
#4507 = CARTESIAN_POINT('',(-2.982340047539,-0.272027052239));
#4508 = CARTESIAN_POINT('',(-2.984666979472,-0.330255641941));
#4509 = CARTESIAN_POINT('',(-2.988338274417,-0.387953075248));
#4510 = CARTESIAN_POINT('',(-2.993490679992,-0.444735139134));
#4511 = CARTESIAN_POINT('',(-3.000351636835,-0.5));
#4512 = ( GEOMETRIC_REPRESENTATION_CONTEXT(2) 
PARAMETRIC_REPRESENTATION_CONTEXT() REPRESENTATION_CONTEXT('2D SPACE',''
  ) );
#4513 = PCURVE('',#4436,#4514);
#4514 = DEFINITIONAL_REPRESENTATION('',(#4515),#4528);
#4515 = B_SPLINE_CURVE_WITH_KNOTS('',6,(#4516,#4517,#4518,#4519,#4520,
    #4521,#4522,#4523,#4524,#4525,#4526,#4527),.UNSPECIFIED.,.F.,.F.,(7,
    5,7),(0.,0.307290803312,1.),.UNSPECIFIED.);
#4516 = CARTESIAN_POINT('',(1.515804074529,-4.65));
#4517 = CARTESIAN_POINT('',(1.550838721937,-4.675689675495));
#4518 = CARTESIAN_POINT('',(1.585697754445,-4.701475022083));
#4519 = CARTESIAN_POINT('',(1.620424337846,-4.727332122922));
#4520 = CARTESIAN_POINT('',(1.655059973488,-4.753237934366));
#4521 = CARTESIAN_POINT('',(1.689646363189,-4.779169782902));
#4522 = CARTESIAN_POINT('',(1.80218116926,-4.863568921809));
#4523 = CARTESIAN_POINT('',(1.880078743038,-4.922027052239));
#4524 = CARTESIAN_POINT('',(1.958463248587,-4.980255641941));
#4525 = CARTESIAN_POINT('',(2.037866741604,-5.037953075248));
#4526 = CARTESIAN_POINT('',(2.118853686514,-5.094735139134));
#4527 = CARTESIAN_POINT('',(2.202382306782,-5.15));
#4528 = ( GEOMETRIC_REPRESENTATION_CONTEXT(2) 
PARAMETRIC_REPRESENTATION_CONTEXT() REPRESENTATION_CONTEXT('2D SPACE',''
  ) );
#4529 = ORIENTED_EDGE('',*,*,#4530,.F.);
#4530 = EDGE_CURVE('',#4452,#4481,#4531,.T.);
#4531 = SURFACE_CURVE('',#4532,(#4537,#4544),.PCURVE_S1.);
#4532 = CIRCLE('',#4533,4.3);
#4533 = AXIS2_PLACEMENT_3D('',#4534,#4535,#4536);
#4534 = CARTESIAN_POINT('',(8.75,0.,0.));
#4535 = DIRECTION('',(1.,0.,0.));
#4536 = DIRECTION('',(0.,1.,0.));
#4537 = PCURVE('',#4353,#4538);
#4538 = DEFINITIONAL_REPRESENTATION('',(#4539),#4543);
#4539 = LINE('',#4540,#4541);
#4540 = CARTESIAN_POINT('',(-0.,-0.5));
#4541 = VECTOR('',#4542,1.);
#4542 = DIRECTION('',(-1.,-0.));
#4543 = ( GEOMETRIC_REPRESENTATION_CONTEXT(2) 
PARAMETRIC_REPRESENTATION_CONTEXT() REPRESENTATION_CONTEXT('2D SPACE',''
  ) );
#4544 = PCURVE('',#4545,#4550);
#4545 = PLANE('',#4546);
#4546 = AXIS2_PLACEMENT_3D('',#4547,#4548,#4549);
#4547 = CARTESIAN_POINT('',(8.75,0.,0.));
#4548 = DIRECTION('',(1.,0.,0.));
#4549 = DIRECTION('',(0.,1.,0.));
#4550 = DEFINITIONAL_REPRESENTATION('',(#4551),#4555);
#4551 = CIRCLE('',#4552,4.3);
#4552 = AXIS2_PLACEMENT_2D('',#4553,#4554);
#4553 = CARTESIAN_POINT('',(0.,0.));
#4554 = DIRECTION('',(1.,0.));
#4555 = ( GEOMETRIC_REPRESENTATION_CONTEXT(2) 
PARAMETRIC_REPRESENTATION_CONTEXT() REPRESENTATION_CONTEXT('2D SPACE',''
  ) );
#4556 = ADVANCED_FACE('',(#4557),#4436,.F.);
#4557 = FACE_BOUND('',#4558,.F.);
#4558 = EDGE_LOOP('',(#4559,#4587,#4588,#4589,#4617,#4667));
#4559 = ORIENTED_EDGE('',*,*,#4560,.F.);
#4560 = EDGE_CURVE('',#4394,#4561,#4563,.T.);
#4561 = VERTEX_POINT('',#4562);
#4562 = CARTESIAN_POINT('',(3.6,-4.741223404255,-0.748866230338));
#4563 = SURFACE_CURVE('',#4564,(#4569,#4576),.PCURVE_S1.);
#4564 = CIRCLE('',#4565,0.75);
#4565 = AXIS2_PLACEMENT_3D('',#4566,#4567,#4568);
#4566 = CARTESIAN_POINT('',(3.6,-4.7,0.));
#4567 = DIRECTION('',(-1.,0.,0.));
#4568 = DIRECTION('',(0.,-1.,0.));
#4569 = PCURVE('',#4436,#4570);
#4570 = DEFINITIONAL_REPRESENTATION('',(#4571),#4575);
#4571 = LINE('',#4572,#4573);
#4572 = CARTESIAN_POINT('',(0.,0.));
#4573 = VECTOR('',#4574,1.);
#4574 = DIRECTION('',(1.,0.));
#4575 = ( GEOMETRIC_REPRESENTATION_CONTEXT(2) 
PARAMETRIC_REPRESENTATION_CONTEXT() REPRESENTATION_CONTEXT('2D SPACE',''
  ) );
#4576 = PCURVE('',#4410,#4577);
#4577 = DEFINITIONAL_REPRESENTATION('',(#4578),#4586);
#4578 = ( BOUNDED_CURVE() B_SPLINE_CURVE(2,(#4579,#4580,#4581,#4582,
#4583,#4584,#4585),.UNSPECIFIED.,.T.,.F.) B_SPLINE_CURVE_WITH_KNOTS((1,2
    ,2,2,2,1),(-2.094395102393,0.,2.094395102393,4.188790204786,
6.28318530718,8.377580409573),.UNSPECIFIED.) CURVE() 
GEOMETRIC_REPRESENTATION_ITEM() RATIONAL_B_SPLINE_CURVE((1.,0.5,1.,0.5,
1.,0.5,1.)) REPRESENTATION_ITEM('') );
#4579 = CARTESIAN_POINT('',(-5.45,0.));
#4580 = CARTESIAN_POINT('',(-5.45,1.299038105677));
#4581 = CARTESIAN_POINT('',(-4.325,0.649519052838));
#4582 = CARTESIAN_POINT('',(-3.2,1.836970198721E-16));
#4583 = CARTESIAN_POINT('',(-4.325,-0.649519052838));
#4584 = CARTESIAN_POINT('',(-5.45,-1.299038105677));
#4585 = CARTESIAN_POINT('',(-5.45,0.));
#4586 = ( GEOMETRIC_REPRESENTATION_CONTEXT(2) 
PARAMETRIC_REPRESENTATION_CONTEXT() REPRESENTATION_CONTEXT('2D SPACE',''
  ) );
#4587 = ORIENTED_EDGE('',*,*,#4422,.T.);
#4588 = ORIENTED_EDGE('',*,*,#4480,.T.);
#4589 = ORIENTED_EDGE('',*,*,#4590,.T.);
#4590 = EDGE_CURVE('',#4481,#4591,#4593,.T.);
#4591 = VERTEX_POINT('',#4592);
#4592 = CARTESIAN_POINT('',(8.75,-4.257180851064,-0.60531909051));
#4593 = SURFACE_CURVE('',#4594,(#4599,#4606),.PCURVE_S1.);
#4594 = CIRCLE('',#4595,0.75);
#4595 = AXIS2_PLACEMENT_3D('',#4596,#4597,#4598);
#4596 = CARTESIAN_POINT('',(8.75,-4.7,0.));
#4597 = DIRECTION('',(-1.,0.,0.));
#4598 = DIRECTION('',(0.,-1.,0.));
#4599 = PCURVE('',#4436,#4600);
#4600 = DEFINITIONAL_REPRESENTATION('',(#4601),#4605);
#4601 = LINE('',#4602,#4603);
#4602 = CARTESIAN_POINT('',(0.,-5.15));
#4603 = VECTOR('',#4604,1.);
#4604 = DIRECTION('',(1.,0.));
#4605 = ( GEOMETRIC_REPRESENTATION_CONTEXT(2) 
PARAMETRIC_REPRESENTATION_CONTEXT() REPRESENTATION_CONTEXT('2D SPACE',''
  ) );
#4606 = PCURVE('',#4545,#4607);
#4607 = DEFINITIONAL_REPRESENTATION('',(#4608),#4616);
#4608 = ( BOUNDED_CURVE() B_SPLINE_CURVE(2,(#4609,#4610,#4611,#4612,
#4613,#4614,#4615),.UNSPECIFIED.,.T.,.F.) B_SPLINE_CURVE_WITH_KNOTS((1,2
    ,2,2,2,1),(-2.094395102393,0.,2.094395102393,4.188790204786,
6.28318530718,8.377580409573),.UNSPECIFIED.) CURVE() 
GEOMETRIC_REPRESENTATION_ITEM() RATIONAL_B_SPLINE_CURVE((1.,0.5,1.,0.5,
1.,0.5,1.)) REPRESENTATION_ITEM('') );
#4609 = CARTESIAN_POINT('',(-5.45,0.));
#4610 = CARTESIAN_POINT('',(-5.45,1.299038105677));
#4611 = CARTESIAN_POINT('',(-4.325,0.649519052838));
#4612 = CARTESIAN_POINT('',(-3.2,1.836970198721E-16));
#4613 = CARTESIAN_POINT('',(-4.325,-0.649519052838));
#4614 = CARTESIAN_POINT('',(-5.45,-1.299038105677));
#4615 = CARTESIAN_POINT('',(-5.45,0.));
#4616 = ( GEOMETRIC_REPRESENTATION_CONTEXT(2) 
PARAMETRIC_REPRESENTATION_CONTEXT() REPRESENTATION_CONTEXT('2D SPACE',''
  ) );
#4617 = ORIENTED_EDGE('',*,*,#4618,.T.);
#4618 = EDGE_CURVE('',#4591,#4619,#4621,.T.);
#4619 = VERTEX_POINT('',#4620);
#4620 = CARTESIAN_POINT('',(8.25,-4.741223404255,-0.748866230339));
#4621 = SURFACE_CURVE('',#4622,(#4635,#4651),.PCURVE_S1.);
#4622 = B_SPLINE_CURVE_WITH_KNOTS('',6,(#4623,#4624,#4625,#4626,#4627,
    #4628,#4629,#4630,#4631,#4632,#4633,#4634),.UNSPECIFIED.,.F.,.F.,(7,
    5,7),(0.,0.694274576014,1.),.UNSPECIFIED.);
#4623 = CARTESIAN_POINT('',(8.75,-4.257180851064,-0.60531909051));
#4624 = CARTESIAN_POINT('',(8.694610229008,-4.307856598993,
    -0.642390763816));
#4625 = CARTESIAN_POINT('',(8.637696487576,-4.360709975983,
    -0.67324107984));
#4626 = CARTESIAN_POINT('',(8.579864530259,-4.415267382665,
    -0.698410424427));
#4627 = CARTESIAN_POINT('',(8.521500693893,-4.471203490596,
    -0.71809783106));
#4628 = CARTESIAN_POINT('',(8.462908317512,-4.528242192416,
    -0.732415840628));
#4629 = CARTESIAN_POINT('',(8.378509388148,-4.611665824155,-0.7452267469
    ));
#4630 = CARTESIAN_POINT('',(8.352710152398,-4.637336918899,
    -0.748091114173));
#4631 = CARTESIAN_POINT('',(8.32693703204,-4.663152094096,
    -0.749898985991));
#4632 = CARTESIAN_POINT('',(8.301212357695,-4.689088211216,
    -0.750641057407));
#4633 = CARTESIAN_POINT('',(8.275558828052,-4.715120771351,
    -0.750303121661));
#4634 = CARTESIAN_POINT('',(8.25,-4.741223404255,-0.748866230339));
#4635 = PCURVE('',#4436,#4636);
#4636 = DEFINITIONAL_REPRESENTATION('',(#4637),#4650);
#4637 = B_SPLINE_CURVE_WITH_KNOTS('',6,(#4638,#4639,#4640,#4641,#4642,
    #4643,#4644,#4645,#4646,#4647,#4648,#4649),.UNSPECIFIED.,.F.,.F.,(7,
    5,7),(0.,0.694274576014,1.),.UNSPECIFIED.);
#4638 = CARTESIAN_POINT('',(4.080803000398,-5.15));
#4639 = CARTESIAN_POINT('',(4.16452041279,-5.094610229008));
#4640 = CARTESIAN_POINT('',(4.24568451458,-5.037696487576));
#4641 = CARTESIAN_POINT('',(4.32526023588,-4.979864530259));
#4642 = CARTESIAN_POINT('',(4.403815105178,-4.921500693893));
#4643 = CARTESIAN_POINT('',(4.481884361785,-4.862908317512));
#4644 = CARTESIAN_POINT('',(4.59441976186,-4.778509388148));
#4645 = CARTESIAN_POINT('',(4.62883099376,-4.752710152398));
#4646 = CARTESIAN_POINT('',(4.663291601834,-4.72693703204));
#4647 = CARTESIAN_POINT('',(4.697842654751,-4.701212357695));
#4648 = CARTESIAN_POINT('',(4.732525030239,-4.675558828052));
#4649 = CARTESIAN_POINT('',(4.767381232651,-4.65));
#4650 = ( GEOMETRIC_REPRESENTATION_CONTEXT(2) 
PARAMETRIC_REPRESENTATION_CONTEXT() REPRESENTATION_CONTEXT('2D SPACE',''
  ) );
#4651 = PCURVE('',#4467,#4652);
#4652 = DEFINITIONAL_REPRESENTATION('',(#4653),#4666);
#4653 = B_SPLINE_CURVE_WITH_KNOTS('',6,(#4654,#4655,#4656,#4657,#4658,
    #4659,#4660,#4661,#4662,#4663,#4664,#4665),.UNSPECIFIED.,.F.,.F.,(7,
    5,7),(0.,0.694274576014,1.),.UNSPECIFIED.);
#4654 = CARTESIAN_POINT('',(-3.282833670344,-0.5));
#4655 = CARTESIAN_POINT('',(-3.289710134383,-0.444610229008));
#4656 = CARTESIAN_POINT('',(-3.294870304956,-0.387696487576));
#4657 = CARTESIAN_POINT('',(-3.298543189377,-0.329864530259));
#4658 = CARTESIAN_POINT('',(-3.300866259321,-0.271500693893));
#4659 = CARTESIAN_POINT('',(-3.301946614502,-0.212908317512));
#4660 = CARTESIAN_POINT('',(-3.301803446874,-0.128509388148));
#4661 = CARTESIAN_POINT('',(-3.301530947589,-0.102710152398));
#4662 = CARTESIAN_POINT('',(-3.301035297881,-7.693703204048E-02));
#4663 = CARTESIAN_POINT('',(-3.300320782787,-5.121235769527E-02));
#4664 = CARTESIAN_POINT('',(-3.299390487256,-2.555882805212E-02));
#4665 = CARTESIAN_POINT('',(-3.2982463899,0.));
#4666 = ( GEOMETRIC_REPRESENTATION_CONTEXT(2) 
PARAMETRIC_REPRESENTATION_CONTEXT() REPRESENTATION_CONTEXT('2D SPACE',''
  ) );
#4667 = ORIENTED_EDGE('',*,*,#4668,.F.);
#4668 = EDGE_CURVE('',#4561,#4619,#4669,.T.);
#4669 = SURFACE_CURVE('',#4670,(#4674,#4681),.PCURVE_S1.);
#4670 = LINE('',#4671,#4672);
#4671 = CARTESIAN_POINT('',(3.6,-4.741223404255,-0.748866230339));
#4672 = VECTOR('',#4673,1.);
#4673 = DIRECTION('',(1.,0.,0.));
#4674 = PCURVE('',#4436,#4675);
#4675 = DEFINITIONAL_REPRESENTATION('',(#4676),#4680);
#4676 = LINE('',#4677,#4678);
#4677 = CARTESIAN_POINT('',(4.767381232651,0.));
#4678 = VECTOR('',#4679,1.);
#4679 = DIRECTION('',(0.,-1.));
#4680 = ( GEOMETRIC_REPRESENTATION_CONTEXT(2) 
PARAMETRIC_REPRESENTATION_CONTEXT() REPRESENTATION_CONTEXT('2D SPACE',''
  ) );
#4681 = PCURVE('',#4381,#4682);
#4682 = DEFINITIONAL_REPRESENTATION('',(#4683),#4687);
#4683 = LINE('',#4684,#4685);
#4684 = CARTESIAN_POINT('',(3.2982463899,0.));
#4685 = VECTOR('',#4686,1.);
#4686 = DIRECTION('',(0.,1.));
#4687 = ( GEOMETRIC_REPRESENTATION_CONTEXT(2) 
PARAMETRIC_REPRESENTATION_CONTEXT() REPRESENTATION_CONTEXT('2D SPACE',''
  ) );
#4688 = ADVANCED_FACE('',(#4689,#4715,#4750,#4785,#4820,#4855,#4890,
    #4925),#4410,.F.);
#4689 = FACE_BOUND('',#4690,.T.);
#4690 = EDGE_LOOP('',(#4691,#4692,#4714));
#4691 = ORIENTED_EDGE('',*,*,#4393,.F.);
#4692 = ORIENTED_EDGE('',*,*,#4693,.F.);
#4693 = EDGE_CURVE('',#4561,#4366,#4694,.T.);
#4694 = SURFACE_CURVE('',#4695,(#4700,#4707),.PCURVE_S1.);
#4695 = CIRCLE('',#4696,4.8);
#4696 = AXIS2_PLACEMENT_3D('',#4697,#4698,#4699);
#4697 = CARTESIAN_POINT('',(3.6,0.,0.));
#4698 = DIRECTION('',(1.,0.,0.));
#4699 = DIRECTION('',(0.,1.,0.));
#4700 = PCURVE('',#4410,#4701);
#4701 = DEFINITIONAL_REPRESENTATION('',(#4702),#4706);
#4702 = CIRCLE('',#4703,4.8);
#4703 = AXIS2_PLACEMENT_2D('',#4704,#4705);
#4704 = CARTESIAN_POINT('',(0.,0.));
#4705 = DIRECTION('',(1.,-0.));
#4706 = ( GEOMETRIC_REPRESENTATION_CONTEXT(2) 
PARAMETRIC_REPRESENTATION_CONTEXT() REPRESENTATION_CONTEXT('2D SPACE',''
  ) );
#4707 = PCURVE('',#4381,#4708);
#4708 = DEFINITIONAL_REPRESENTATION('',(#4709),#4713);
#4709 = LINE('',#4710,#4711);
#4710 = CARTESIAN_POINT('',(0.,0.));
#4711 = VECTOR('',#4712,1.);
#4712 = DIRECTION('',(1.,0.));
#4713 = ( GEOMETRIC_REPRESENTATION_CONTEXT(2) 
PARAMETRIC_REPRESENTATION_CONTEXT() REPRESENTATION_CONTEXT('2D SPACE',''
  ) );
#4714 = ORIENTED_EDGE('',*,*,#4560,.F.);
#4715 = FACE_BOUND('',#4716,.T.);
#4716 = EDGE_LOOP('',(#4717));
#4717 = ORIENTED_EDGE('',*,*,#4718,.F.);
#4718 = EDGE_CURVE('',#4719,#4719,#4721,.T.);
#4719 = VERTEX_POINT('',#4720);
#4720 = CARTESIAN_POINT('',(3.6,1.381569860407,-1.375));
#4721 = SURFACE_CURVE('',#4722,(#4727,#4738),.PCURVE_S1.);
#4722 = CIRCLE('',#4723,1.);
#4723 = AXIS2_PLACEMENT_3D('',#4724,#4725,#4726);
#4724 = CARTESIAN_POINT('',(3.6,2.381569860407,-1.375));
#4725 = DIRECTION('',(-1.,0.,0.));
#4726 = DIRECTION('',(0.,-1.,0.));
#4727 = PCURVE('',#4410,#4728);
#4728 = DEFINITIONAL_REPRESENTATION('',(#4729),#4737);
#4729 = ( BOUNDED_CURVE() B_SPLINE_CURVE(2,(#4730,#4731,#4732,#4733,
#4734,#4735,#4736),.UNSPECIFIED.,.T.,.F.) B_SPLINE_CURVE_WITH_KNOTS((1,2
    ,2,2,2,1),(-2.094395102393,0.,2.094395102393,4.188790204786,
6.28318530718,8.377580409573),.UNSPECIFIED.) CURVE() 
GEOMETRIC_REPRESENTATION_ITEM() RATIONAL_B_SPLINE_CURVE((1.,0.5,1.,0.5,
1.,0.5,1.)) REPRESENTATION_ITEM('') );
#4730 = CARTESIAN_POINT('',(1.381569860407,-1.375));
#4731 = CARTESIAN_POINT('',(1.381569860407,0.357050807569));
#4732 = CARTESIAN_POINT('',(2.881569860407,-0.508974596216));
#4733 = CARTESIAN_POINT('',(4.381569860407,-1.375));
#4734 = CARTESIAN_POINT('',(2.881569860407,-2.241025403784));
#4735 = CARTESIAN_POINT('',(1.381569860407,-3.107050807569));
#4736 = CARTESIAN_POINT('',(1.381569860407,-1.375));
#4737 = ( GEOMETRIC_REPRESENTATION_CONTEXT(2) 
PARAMETRIC_REPRESENTATION_CONTEXT() REPRESENTATION_CONTEXT('2D SPACE',''
  ) );
#4738 = PCURVE('',#4739,#4744);
#4739 = CYLINDRICAL_SURFACE('',#4740,1.);
#4740 = AXIS2_PLACEMENT_3D('',#4741,#4742,#4743);
#4741 = CARTESIAN_POINT('',(3.6,2.381569860407,-1.375));
#4742 = DIRECTION('',(-1.,0.,0.));
#4743 = DIRECTION('',(0.,-1.,0.));
#4744 = DEFINITIONAL_REPRESENTATION('',(#4745),#4749);
#4745 = LINE('',#4746,#4747);
#4746 = CARTESIAN_POINT('',(0.,0.));
#4747 = VECTOR('',#4748,1.);
#4748 = DIRECTION('',(1.,0.));
#4749 = ( GEOMETRIC_REPRESENTATION_CONTEXT(2) 
PARAMETRIC_REPRESENTATION_CONTEXT() REPRESENTATION_CONTEXT('2D SPACE',''
  ) );
#4750 = FACE_BOUND('',#4751,.T.);
#4751 = EDGE_LOOP('',(#4752));
#4752 = ORIENTED_EDGE('',*,*,#4753,.F.);
#4753 = EDGE_CURVE('',#4754,#4754,#4756,.T.);
#4754 = VERTEX_POINT('',#4755);
#4755 = CARTESIAN_POINT('',(3.6,-1.,-2.75));
#4756 = SURFACE_CURVE('',#4757,(#4762,#4773),.PCURVE_S1.);
#4757 = CIRCLE('',#4758,1.);
#4758 = AXIS2_PLACEMENT_3D('',#4759,#4760,#4761);
#4759 = CARTESIAN_POINT('',(3.6,-4.4E-16,-2.75));
#4760 = DIRECTION('',(-1.,0.,0.));
#4761 = DIRECTION('',(0.,-1.,0.));
#4762 = PCURVE('',#4410,#4763);
#4763 = DEFINITIONAL_REPRESENTATION('',(#4764),#4772);
#4764 = ( BOUNDED_CURVE() B_SPLINE_CURVE(2,(#4765,#4766,#4767,#4768,
#4769,#4770,#4771),.UNSPECIFIED.,.T.,.F.) B_SPLINE_CURVE_WITH_KNOTS((1,2
    ,2,2,2,1),(-2.094395102393,0.,2.094395102393,4.188790204786,
6.28318530718,8.377580409573),.UNSPECIFIED.) CURVE() 
GEOMETRIC_REPRESENTATION_ITEM() RATIONAL_B_SPLINE_CURVE((1.,0.5,1.,0.5,
1.,0.5,1.)) REPRESENTATION_ITEM('') );
#4765 = CARTESIAN_POINT('',(-1.,-2.75));
#4766 = CARTESIAN_POINT('',(-1.,-1.017949192431));
#4767 = CARTESIAN_POINT('',(0.5,-1.883974596216));
#4768 = CARTESIAN_POINT('',(2.,-2.75));
#4769 = CARTESIAN_POINT('',(0.5,-3.616025403784));
#4770 = CARTESIAN_POINT('',(-1.,-4.482050807569));
#4771 = CARTESIAN_POINT('',(-1.,-2.75));
#4772 = ( GEOMETRIC_REPRESENTATION_CONTEXT(2) 
PARAMETRIC_REPRESENTATION_CONTEXT() REPRESENTATION_CONTEXT('2D SPACE',''
  ) );
#4773 = PCURVE('',#4774,#4779);
#4774 = CYLINDRICAL_SURFACE('',#4775,1.);
#4775 = AXIS2_PLACEMENT_3D('',#4776,#4777,#4778);
#4776 = CARTESIAN_POINT('',(3.6,-4.4E-16,-2.75));
#4777 = DIRECTION('',(-1.,0.,0.));
#4778 = DIRECTION('',(0.,-1.,0.));
#4779 = DEFINITIONAL_REPRESENTATION('',(#4780),#4784);
#4780 = LINE('',#4781,#4782);
#4781 = CARTESIAN_POINT('',(0.,0.));
#4782 = VECTOR('',#4783,1.);
#4783 = DIRECTION('',(1.,0.));
#4784 = ( GEOMETRIC_REPRESENTATION_CONTEXT(2) 
PARAMETRIC_REPRESENTATION_CONTEXT() REPRESENTATION_CONTEXT('2D SPACE',''
  ) );
#4785 = FACE_BOUND('',#4786,.T.);
#4786 = EDGE_LOOP('',(#4787));
#4787 = ORIENTED_EDGE('',*,*,#4788,.F.);
#4788 = EDGE_CURVE('',#4789,#4789,#4791,.T.);
#4789 = VERTEX_POINT('',#4790);
#4790 = CARTESIAN_POINT('',(3.6,-3.381569860407,-1.375));
#4791 = SURFACE_CURVE('',#4792,(#4797,#4808),.PCURVE_S1.);
#4792 = CIRCLE('',#4793,1.);
#4793 = AXIS2_PLACEMENT_3D('',#4794,#4795,#4796);
#4794 = CARTESIAN_POINT('',(3.6,-2.381569860407,-1.375));
#4795 = DIRECTION('',(-1.,0.,0.));
#4796 = DIRECTION('',(0.,-1.,0.));
#4797 = PCURVE('',#4410,#4798);
#4798 = DEFINITIONAL_REPRESENTATION('',(#4799),#4807);
#4799 = ( BOUNDED_CURVE() B_SPLINE_CURVE(2,(#4800,#4801,#4802,#4803,
#4804,#4805,#4806),.UNSPECIFIED.,.T.,.F.) B_SPLINE_CURVE_WITH_KNOTS((1,2
    ,2,2,2,1),(-2.094395102393,0.,2.094395102393,4.188790204786,
6.28318530718,8.377580409573),.UNSPECIFIED.) CURVE() 
GEOMETRIC_REPRESENTATION_ITEM() RATIONAL_B_SPLINE_CURVE((1.,0.5,1.,0.5,
1.,0.5,1.)) REPRESENTATION_ITEM('') );
#4800 = CARTESIAN_POINT('',(-3.381569860407,-1.375));
#4801 = CARTESIAN_POINT('',(-3.381569860407,0.357050807569));
#4802 = CARTESIAN_POINT('',(-1.881569860407,-0.508974596216));
#4803 = CARTESIAN_POINT('',(-0.381569860407,-1.375));
#4804 = CARTESIAN_POINT('',(-1.881569860407,-2.241025403784));
#4805 = CARTESIAN_POINT('',(-3.381569860407,-3.107050807569));
#4806 = CARTESIAN_POINT('',(-3.381569860407,-1.375));
#4807 = ( GEOMETRIC_REPRESENTATION_CONTEXT(2) 
PARAMETRIC_REPRESENTATION_CONTEXT() REPRESENTATION_CONTEXT('2D SPACE',''
  ) );
#4808 = PCURVE('',#4809,#4814);
#4809 = CYLINDRICAL_SURFACE('',#4810,1.);
#4810 = AXIS2_PLACEMENT_3D('',#4811,#4812,#4813);
#4811 = CARTESIAN_POINT('',(3.6,-2.381569860407,-1.375));
#4812 = DIRECTION('',(-1.,0.,0.));
#4813 = DIRECTION('',(0.,-1.,0.));
#4814 = DEFINITIONAL_REPRESENTATION('',(#4815),#4819);
#4815 = LINE('',#4816,#4817);
#4816 = CARTESIAN_POINT('',(0.,0.));
#4817 = VECTOR('',#4818,1.);
#4818 = DIRECTION('',(1.,0.));
#4819 = ( GEOMETRIC_REPRESENTATION_CONTEXT(2) 
PARAMETRIC_REPRESENTATION_CONTEXT() REPRESENTATION_CONTEXT('2D SPACE',''
  ) );
#4820 = FACE_BOUND('',#4821,.T.);
#4821 = EDGE_LOOP('',(#4822));
#4822 = ORIENTED_EDGE('',*,*,#4823,.F.);
#4823 = EDGE_CURVE('',#4824,#4824,#4826,.T.);
#4824 = VERTEX_POINT('',#4825);
#4825 = CARTESIAN_POINT('',(3.6,1.381569860407,1.375));
#4826 = SURFACE_CURVE('',#4827,(#4832,#4843),.PCURVE_S1.);
#4827 = CIRCLE('',#4828,1.);
#4828 = AXIS2_PLACEMENT_3D('',#4829,#4830,#4831);
#4829 = CARTESIAN_POINT('',(3.6,2.381569860407,1.375));
#4830 = DIRECTION('',(-1.,0.,0.));
#4831 = DIRECTION('',(0.,-1.,0.));
#4832 = PCURVE('',#4410,#4833);
#4833 = DEFINITIONAL_REPRESENTATION('',(#4834),#4842);
#4834 = ( BOUNDED_CURVE() B_SPLINE_CURVE(2,(#4835,#4836,#4837,#4838,
#4839,#4840,#4841),.UNSPECIFIED.,.T.,.F.) B_SPLINE_CURVE_WITH_KNOTS((1,2
    ,2,2,2,1),(-2.094395102393,0.,2.094395102393,4.188790204786,
6.28318530718,8.377580409573),.UNSPECIFIED.) CURVE() 
GEOMETRIC_REPRESENTATION_ITEM() RATIONAL_B_SPLINE_CURVE((1.,0.5,1.,0.5,
1.,0.5,1.)) REPRESENTATION_ITEM('') );
#4835 = CARTESIAN_POINT('',(1.381569860407,1.375));
#4836 = CARTESIAN_POINT('',(1.381569860407,3.107050807569));
#4837 = CARTESIAN_POINT('',(2.881569860407,2.241025403784));
#4838 = CARTESIAN_POINT('',(4.381569860407,1.375));
#4839 = CARTESIAN_POINT('',(2.881569860407,0.508974596216));
#4840 = CARTESIAN_POINT('',(1.381569860407,-0.357050807569));
#4841 = CARTESIAN_POINT('',(1.381569860407,1.375));
#4842 = ( GEOMETRIC_REPRESENTATION_CONTEXT(2) 
PARAMETRIC_REPRESENTATION_CONTEXT() REPRESENTATION_CONTEXT('2D SPACE',''
  ) );
#4843 = PCURVE('',#4844,#4849);
#4844 = CYLINDRICAL_SURFACE('',#4845,1.);
#4845 = AXIS2_PLACEMENT_3D('',#4846,#4847,#4848);
#4846 = CARTESIAN_POINT('',(3.6,2.381569860407,1.375));
#4847 = DIRECTION('',(-1.,0.,0.));
#4848 = DIRECTION('',(0.,-1.,0.));
#4849 = DEFINITIONAL_REPRESENTATION('',(#4850),#4854);
#4850 = LINE('',#4851,#4852);
#4851 = CARTESIAN_POINT('',(0.,0.));
#4852 = VECTOR('',#4853,1.);
#4853 = DIRECTION('',(1.,0.));
#4854 = ( GEOMETRIC_REPRESENTATION_CONTEXT(2) 
PARAMETRIC_REPRESENTATION_CONTEXT() REPRESENTATION_CONTEXT('2D SPACE',''
  ) );
#4855 = FACE_BOUND('',#4856,.T.);
#4856 = EDGE_LOOP('',(#4857));
#4857 = ORIENTED_EDGE('',*,*,#4858,.F.);
#4858 = EDGE_CURVE('',#4859,#4859,#4861,.T.);
#4859 = VERTEX_POINT('',#4860);
#4860 = CARTESIAN_POINT('',(3.6,-1.,0.));
#4861 = SURFACE_CURVE('',#4862,(#4867,#4878),.PCURVE_S1.);
#4862 = CIRCLE('',#4863,1.);
#4863 = AXIS2_PLACEMENT_3D('',#4864,#4865,#4866);
#4864 = CARTESIAN_POINT('',(3.6,0.,0.));
#4865 = DIRECTION('',(-1.,0.,0.));
#4866 = DIRECTION('',(0.,-1.,0.));
#4867 = PCURVE('',#4410,#4868);
#4868 = DEFINITIONAL_REPRESENTATION('',(#4869),#4877);
#4869 = ( BOUNDED_CURVE() B_SPLINE_CURVE(2,(#4870,#4871,#4872,#4873,
#4874,#4875,#4876),.UNSPECIFIED.,.T.,.F.) B_SPLINE_CURVE_WITH_KNOTS((1,2
    ,2,2,2,1),(-2.094395102393,0.,2.094395102393,4.188790204786,
6.28318530718,8.377580409573),.UNSPECIFIED.) CURVE() 
GEOMETRIC_REPRESENTATION_ITEM() RATIONAL_B_SPLINE_CURVE((1.,0.5,1.,0.5,
1.,0.5,1.)) REPRESENTATION_ITEM('') );
#4870 = CARTESIAN_POINT('',(-1.,0.));
#4871 = CARTESIAN_POINT('',(-1.,1.732050807569));
#4872 = CARTESIAN_POINT('',(0.5,0.866025403784));
#4873 = CARTESIAN_POINT('',(2.,2.449293598295E-16));
#4874 = CARTESIAN_POINT('',(0.5,-0.866025403784));
#4875 = CARTESIAN_POINT('',(-1.,-1.732050807569));
#4876 = CARTESIAN_POINT('',(-1.,0.));
#4877 = ( GEOMETRIC_REPRESENTATION_CONTEXT(2) 
PARAMETRIC_REPRESENTATION_CONTEXT() REPRESENTATION_CONTEXT('2D SPACE',''
  ) );
#4878 = PCURVE('',#4879,#4884);
#4879 = CYLINDRICAL_SURFACE('',#4880,1.);
#4880 = AXIS2_PLACEMENT_3D('',#4881,#4882,#4883);
#4881 = CARTESIAN_POINT('',(3.6,0.,-0.));
#4882 = DIRECTION('',(-1.,0.,0.));
#4883 = DIRECTION('',(0.,-1.,0.));
#4884 = DEFINITIONAL_REPRESENTATION('',(#4885),#4889);
#4885 = LINE('',#4886,#4887);
#4886 = CARTESIAN_POINT('',(0.,0.));
#4887 = VECTOR('',#4888,1.);
#4888 = DIRECTION('',(1.,0.));
#4889 = ( GEOMETRIC_REPRESENTATION_CONTEXT(2) 
PARAMETRIC_REPRESENTATION_CONTEXT() REPRESENTATION_CONTEXT('2D SPACE',''
  ) );
#4890 = FACE_BOUND('',#4891,.T.);
#4891 = EDGE_LOOP('',(#4892));
#4892 = ORIENTED_EDGE('',*,*,#4893,.F.);
#4893 = EDGE_CURVE('',#4894,#4894,#4896,.T.);
#4894 = VERTEX_POINT('',#4895);
#4895 = CARTESIAN_POINT('',(3.6,-1.,2.75));
#4896 = SURFACE_CURVE('',#4897,(#4902,#4913),.PCURVE_S1.);
#4897 = CIRCLE('',#4898,1.);
#4898 = AXIS2_PLACEMENT_3D('',#4899,#4900,#4901);
#4899 = CARTESIAN_POINT('',(3.6,3.6E-16,2.75));
#4900 = DIRECTION('',(-1.,0.,0.));
#4901 = DIRECTION('',(0.,-1.,0.));
#4902 = PCURVE('',#4410,#4903);
#4903 = DEFINITIONAL_REPRESENTATION('',(#4904),#4912);
#4904 = ( BOUNDED_CURVE() B_SPLINE_CURVE(2,(#4905,#4906,#4907,#4908,
#4909,#4910,#4911),.UNSPECIFIED.,.T.,.F.) B_SPLINE_CURVE_WITH_KNOTS((1,2
    ,2,2,2,1),(-2.094395102393,0.,2.094395102393,4.188790204786,
6.28318530718,8.377580409573),.UNSPECIFIED.) CURVE() 
GEOMETRIC_REPRESENTATION_ITEM() RATIONAL_B_SPLINE_CURVE((1.,0.5,1.,0.5,
1.,0.5,1.)) REPRESENTATION_ITEM('') );
#4905 = CARTESIAN_POINT('',(-1.,2.75));
#4906 = CARTESIAN_POINT('',(-1.,4.482050807569));
#4907 = CARTESIAN_POINT('',(0.5,3.616025403784));
#4908 = CARTESIAN_POINT('',(2.,2.75));
#4909 = CARTESIAN_POINT('',(0.5,1.883974596216));
#4910 = CARTESIAN_POINT('',(-1.,1.017949192431));
#4911 = CARTESIAN_POINT('',(-1.,2.75));
#4912 = ( GEOMETRIC_REPRESENTATION_CONTEXT(2) 
PARAMETRIC_REPRESENTATION_CONTEXT() REPRESENTATION_CONTEXT('2D SPACE',''
  ) );
#4913 = PCURVE('',#4914,#4919);
#4914 = CYLINDRICAL_SURFACE('',#4915,1.);
#4915 = AXIS2_PLACEMENT_3D('',#4916,#4917,#4918);
#4916 = CARTESIAN_POINT('',(3.6,3.6E-16,2.75));
#4917 = DIRECTION('',(-1.,0.,0.));
#4918 = DIRECTION('',(0.,-1.,0.));
#4919 = DEFINITIONAL_REPRESENTATION('',(#4920),#4924);
#4920 = LINE('',#4921,#4922);
#4921 = CARTESIAN_POINT('',(0.,0.));
#4922 = VECTOR('',#4923,1.);
#4923 = DIRECTION('',(1.,0.));
#4924 = ( GEOMETRIC_REPRESENTATION_CONTEXT(2) 
PARAMETRIC_REPRESENTATION_CONTEXT() REPRESENTATION_CONTEXT('2D SPACE',''
  ) );
#4925 = FACE_BOUND('',#4926,.T.);
#4926 = EDGE_LOOP('',(#4927));
#4927 = ORIENTED_EDGE('',*,*,#4928,.F.);
#4928 = EDGE_CURVE('',#4929,#4929,#4931,.T.);
#4929 = VERTEX_POINT('',#4930);
#4930 = CARTESIAN_POINT('',(3.6,-3.381569860407,1.375));
#4931 = SURFACE_CURVE('',#4932,(#4937,#4948),.PCURVE_S1.);
#4932 = CIRCLE('',#4933,1.);
#4933 = AXIS2_PLACEMENT_3D('',#4934,#4935,#4936);
#4934 = CARTESIAN_POINT('',(3.6,-2.381569860407,1.375));
#4935 = DIRECTION('',(-1.,0.,0.));
#4936 = DIRECTION('',(0.,-1.,0.));
#4937 = PCURVE('',#4410,#4938);
#4938 = DEFINITIONAL_REPRESENTATION('',(#4939),#4947);
#4939 = ( BOUNDED_CURVE() B_SPLINE_CURVE(2,(#4940,#4941,#4942,#4943,
#4944,#4945,#4946),.UNSPECIFIED.,.T.,.F.) B_SPLINE_CURVE_WITH_KNOTS((1,2
    ,2,2,2,1),(-2.094395102393,0.,2.094395102393,4.188790204786,
6.28318530718,8.377580409573),.UNSPECIFIED.) CURVE() 
GEOMETRIC_REPRESENTATION_ITEM() RATIONAL_B_SPLINE_CURVE((1.,0.5,1.,0.5,
1.,0.5,1.)) REPRESENTATION_ITEM('') );
#4940 = CARTESIAN_POINT('',(-3.381569860407,1.375));
#4941 = CARTESIAN_POINT('',(-3.381569860407,3.107050807569));
#4942 = CARTESIAN_POINT('',(-1.881569860407,2.241025403784));
#4943 = CARTESIAN_POINT('',(-0.381569860407,1.375));
#4944 = CARTESIAN_POINT('',(-1.881569860407,0.508974596216));
#4945 = CARTESIAN_POINT('',(-3.381569860407,-0.357050807569));
#4946 = CARTESIAN_POINT('',(-3.381569860407,1.375));
#4947 = ( GEOMETRIC_REPRESENTATION_CONTEXT(2) 
PARAMETRIC_REPRESENTATION_CONTEXT() REPRESENTATION_CONTEXT('2D SPACE',''
  ) );
#4948 = PCURVE('',#4949,#4954);
#4949 = CYLINDRICAL_SURFACE('',#4950,1.);
#4950 = AXIS2_PLACEMENT_3D('',#4951,#4952,#4953);
#4951 = CARTESIAN_POINT('',(3.6,-2.381569860407,1.375));
#4952 = DIRECTION('',(-1.,0.,0.));
#4953 = DIRECTION('',(0.,-1.,0.));
#4954 = DEFINITIONAL_REPRESENTATION('',(#4955),#4959);
#4955 = LINE('',#4956,#4957);
#4956 = CARTESIAN_POINT('',(0.,0.));
#4957 = VECTOR('',#4958,1.);
#4958 = DIRECTION('',(1.,0.));
#4959 = ( GEOMETRIC_REPRESENTATION_CONTEXT(2) 
PARAMETRIC_REPRESENTATION_CONTEXT() REPRESENTATION_CONTEXT('2D SPACE',''
  ) );
#4960 = ADVANCED_FACE('',(#4961),#4381,.T.);
#4961 = FACE_BOUND('',#4962,.T.);
#4962 = EDGE_LOOP('',(#4963,#4964,#4986,#4987));
#4963 = ORIENTED_EDGE('',*,*,#4365,.T.);
#4964 = ORIENTED_EDGE('',*,*,#4965,.F.);
#4965 = EDGE_CURVE('',#4619,#4330,#4966,.T.);
#4966 = SURFACE_CURVE('',#4967,(#4972,#4979),.PCURVE_S1.);
#4967 = CIRCLE('',#4968,4.8);
#4968 = AXIS2_PLACEMENT_3D('',#4969,#4970,#4971);
#4969 = CARTESIAN_POINT('',(8.25,0.,0.));
#4970 = DIRECTION('',(1.,0.,0.));
#4971 = DIRECTION('',(0.,1.,0.));
#4972 = PCURVE('',#4381,#4973);
#4973 = DEFINITIONAL_REPRESENTATION('',(#4974),#4978);
#4974 = LINE('',#4975,#4976);
#4975 = CARTESIAN_POINT('',(0.,4.65));
#4976 = VECTOR('',#4977,1.);
#4977 = DIRECTION('',(1.,0.));
#4978 = ( GEOMETRIC_REPRESENTATION_CONTEXT(2) 
PARAMETRIC_REPRESENTATION_CONTEXT() REPRESENTATION_CONTEXT('2D SPACE',''
  ) );
#4979 = PCURVE('',#4467,#4980);
#4980 = DEFINITIONAL_REPRESENTATION('',(#4981),#4985);
#4981 = LINE('',#4982,#4983);
#4982 = CARTESIAN_POINT('',(-0.,-0.));
#4983 = VECTOR('',#4984,1.);
#4984 = DIRECTION('',(-1.,-0.));
#4985 = ( GEOMETRIC_REPRESENTATION_CONTEXT(2) 
PARAMETRIC_REPRESENTATION_CONTEXT() REPRESENTATION_CONTEXT('2D SPACE',''
  ) );
#4986 = ORIENTED_EDGE('',*,*,#4668,.F.);
#4987 = ORIENTED_EDGE('',*,*,#4693,.T.);
#4988 = ADVANCED_FACE('',(#4989),#4467,.T.);
#4989 = FACE_BOUND('',#4990,.T.);
#4990 = EDGE_LOOP('',(#4991,#4992,#4993,#5015));
#4991 = ORIENTED_EDGE('',*,*,#4965,.T.);
#4992 = ORIENTED_EDGE('',*,*,#4451,.T.);
#4993 = ORIENTED_EDGE('',*,*,#4994,.F.);
#4994 = EDGE_CURVE('',#4591,#4452,#4995,.T.);
#4995 = SURFACE_CURVE('',#4996,(#5001,#5008),.PCURVE_S1.);
#4996 = CIRCLE('',#4997,4.3);
#4997 = AXIS2_PLACEMENT_3D('',#4998,#4999,#5000);
#4998 = CARTESIAN_POINT('',(8.75,0.,0.));
#4999 = DIRECTION('',(1.,0.,0.));
#5000 = DIRECTION('',(0.,1.,0.));
#5001 = PCURVE('',#4467,#5002);
#5002 = DEFINITIONAL_REPRESENTATION('',(#5003),#5007);
#5003 = LINE('',#5004,#5005);
#5004 = CARTESIAN_POINT('',(-0.,-0.5));
#5005 = VECTOR('',#5006,1.);
#5006 = DIRECTION('',(-1.,-0.));
#5007 = ( GEOMETRIC_REPRESENTATION_CONTEXT(2) 
PARAMETRIC_REPRESENTATION_CONTEXT() REPRESENTATION_CONTEXT('2D SPACE',''
  ) );
#5008 = PCURVE('',#4545,#5009);
#5009 = DEFINITIONAL_REPRESENTATION('',(#5010),#5014);
#5010 = CIRCLE('',#5011,4.3);
#5011 = AXIS2_PLACEMENT_2D('',#5012,#5013);
#5012 = CARTESIAN_POINT('',(0.,0.));
#5013 = DIRECTION('',(1.,0.));
#5014 = ( GEOMETRIC_REPRESENTATION_CONTEXT(2) 
PARAMETRIC_REPRESENTATION_CONTEXT() REPRESENTATION_CONTEXT('2D SPACE',''
  ) );
#5015 = ORIENTED_EDGE('',*,*,#4618,.T.);
#5016 = ADVANCED_FACE('',(#5017,#5022,#5052,#5082,#5112,#5142,#5172,
    #5202),#4545,.T.);
#5017 = FACE_BOUND('',#5018,.T.);
#5018 = EDGE_LOOP('',(#5019,#5020,#5021));
#5019 = ORIENTED_EDGE('',*,*,#4994,.T.);
#5020 = ORIENTED_EDGE('',*,*,#4530,.T.);
#5021 = ORIENTED_EDGE('',*,*,#4590,.T.);
#5022 = FACE_BOUND('',#5023,.T.);
#5023 = EDGE_LOOP('',(#5024));
#5024 = ORIENTED_EDGE('',*,*,#5025,.T.);
#5025 = EDGE_CURVE('',#5026,#5026,#5028,.T.);
#5026 = VERTEX_POINT('',#5027);
#5027 = CARTESIAN_POINT('',(8.75,-1.,-2.75));
#5028 = SURFACE_CURVE('',#5029,(#5034,#5045),.PCURVE_S1.);
#5029 = CIRCLE('',#5030,1.);
#5030 = AXIS2_PLACEMENT_3D('',#5031,#5032,#5033);
#5031 = CARTESIAN_POINT('',(8.75,-4.4E-16,-2.75));
#5032 = DIRECTION('',(-1.,0.,0.));
#5033 = DIRECTION('',(0.,-1.,0.));
#5034 = PCURVE('',#4545,#5035);
#5035 = DEFINITIONAL_REPRESENTATION('',(#5036),#5044);
#5036 = ( BOUNDED_CURVE() B_SPLINE_CURVE(2,(#5037,#5038,#5039,#5040,
#5041,#5042,#5043),.UNSPECIFIED.,.T.,.F.) B_SPLINE_CURVE_WITH_KNOTS((1,2
    ,2,2,2,1),(-2.094395102393,0.,2.094395102393,4.188790204786,
6.28318530718,8.377580409573),.UNSPECIFIED.) CURVE() 
GEOMETRIC_REPRESENTATION_ITEM() RATIONAL_B_SPLINE_CURVE((1.,0.5,1.,0.5,
1.,0.5,1.)) REPRESENTATION_ITEM('') );
#5037 = CARTESIAN_POINT('',(-1.,-2.75));
#5038 = CARTESIAN_POINT('',(-1.,-1.017949192431));
#5039 = CARTESIAN_POINT('',(0.5,-1.883974596216));
#5040 = CARTESIAN_POINT('',(2.,-2.75));
#5041 = CARTESIAN_POINT('',(0.5,-3.616025403784));
#5042 = CARTESIAN_POINT('',(-1.,-4.482050807569));
#5043 = CARTESIAN_POINT('',(-1.,-2.75));
#5044 = ( GEOMETRIC_REPRESENTATION_CONTEXT(2) 
PARAMETRIC_REPRESENTATION_CONTEXT() REPRESENTATION_CONTEXT('2D SPACE',''
  ) );
#5045 = PCURVE('',#4774,#5046);
#5046 = DEFINITIONAL_REPRESENTATION('',(#5047),#5051);
#5047 = LINE('',#5048,#5049);
#5048 = CARTESIAN_POINT('',(0.,-5.15));
#5049 = VECTOR('',#5050,1.);
#5050 = DIRECTION('',(1.,0.));
#5051 = ( GEOMETRIC_REPRESENTATION_CONTEXT(2) 
PARAMETRIC_REPRESENTATION_CONTEXT() REPRESENTATION_CONTEXT('2D SPACE',''
  ) );
#5052 = FACE_BOUND('',#5053,.T.);
#5053 = EDGE_LOOP('',(#5054));
#5054 = ORIENTED_EDGE('',*,*,#5055,.T.);
#5055 = EDGE_CURVE('',#5056,#5056,#5058,.T.);
#5056 = VERTEX_POINT('',#5057);
#5057 = CARTESIAN_POINT('',(8.75,-3.381569860407,-1.375));
#5058 = SURFACE_CURVE('',#5059,(#5064,#5075),.PCURVE_S1.);
#5059 = CIRCLE('',#5060,1.);
#5060 = AXIS2_PLACEMENT_3D('',#5061,#5062,#5063);
#5061 = CARTESIAN_POINT('',(8.75,-2.381569860407,-1.375));
#5062 = DIRECTION('',(-1.,0.,0.));
#5063 = DIRECTION('',(0.,-1.,0.));
#5064 = PCURVE('',#4545,#5065);
#5065 = DEFINITIONAL_REPRESENTATION('',(#5066),#5074);
#5066 = ( BOUNDED_CURVE() B_SPLINE_CURVE(2,(#5067,#5068,#5069,#5070,
#5071,#5072,#5073),.UNSPECIFIED.,.T.,.F.) B_SPLINE_CURVE_WITH_KNOTS((1,2
    ,2,2,2,1),(-2.094395102393,0.,2.094395102393,4.188790204786,
6.28318530718,8.377580409573),.UNSPECIFIED.) CURVE() 
GEOMETRIC_REPRESENTATION_ITEM() RATIONAL_B_SPLINE_CURVE((1.,0.5,1.,0.5,
1.,0.5,1.)) REPRESENTATION_ITEM('') );
#5067 = CARTESIAN_POINT('',(-3.381569860407,-1.375));
#5068 = CARTESIAN_POINT('',(-3.381569860407,0.357050807569));
#5069 = CARTESIAN_POINT('',(-1.881569860407,-0.508974596216));
#5070 = CARTESIAN_POINT('',(-0.381569860407,-1.375));
#5071 = CARTESIAN_POINT('',(-1.881569860407,-2.241025403784));
#5072 = CARTESIAN_POINT('',(-3.381569860407,-3.107050807569));
#5073 = CARTESIAN_POINT('',(-3.381569860407,-1.375));
#5074 = ( GEOMETRIC_REPRESENTATION_CONTEXT(2) 
PARAMETRIC_REPRESENTATION_CONTEXT() REPRESENTATION_CONTEXT('2D SPACE',''
  ) );
#5075 = PCURVE('',#4809,#5076);
#5076 = DEFINITIONAL_REPRESENTATION('',(#5077),#5081);
#5077 = LINE('',#5078,#5079);
#5078 = CARTESIAN_POINT('',(0.,-5.15));
#5079 = VECTOR('',#5080,1.);
#5080 = DIRECTION('',(1.,0.));
#5081 = ( GEOMETRIC_REPRESENTATION_CONTEXT(2) 
PARAMETRIC_REPRESENTATION_CONTEXT() REPRESENTATION_CONTEXT('2D SPACE',''
  ) );
#5082 = FACE_BOUND('',#5083,.T.);
#5083 = EDGE_LOOP('',(#5084));
#5084 = ORIENTED_EDGE('',*,*,#5085,.T.);
#5085 = EDGE_CURVE('',#5086,#5086,#5088,.T.);
#5086 = VERTEX_POINT('',#5087);
#5087 = CARTESIAN_POINT('',(8.75,1.381569860407,-1.375));
#5088 = SURFACE_CURVE('',#5089,(#5094,#5105),.PCURVE_S1.);
#5089 = CIRCLE('',#5090,1.);
#5090 = AXIS2_PLACEMENT_3D('',#5091,#5092,#5093);
#5091 = CARTESIAN_POINT('',(8.75,2.381569860407,-1.375));
#5092 = DIRECTION('',(-1.,0.,0.));
#5093 = DIRECTION('',(0.,-1.,0.));
#5094 = PCURVE('',#4545,#5095);
#5095 = DEFINITIONAL_REPRESENTATION('',(#5096),#5104);
#5096 = ( BOUNDED_CURVE() B_SPLINE_CURVE(2,(#5097,#5098,#5099,#5100,
#5101,#5102,#5103),.UNSPECIFIED.,.T.,.F.) B_SPLINE_CURVE_WITH_KNOTS((1,2
    ,2,2,2,1),(-2.094395102393,0.,2.094395102393,4.188790204786,
6.28318530718,8.377580409573),.UNSPECIFIED.) CURVE() 
GEOMETRIC_REPRESENTATION_ITEM() RATIONAL_B_SPLINE_CURVE((1.,0.5,1.,0.5,
1.,0.5,1.)) REPRESENTATION_ITEM('') );
#5097 = CARTESIAN_POINT('',(1.381569860407,-1.375));
#5098 = CARTESIAN_POINT('',(1.381569860407,0.357050807569));
#5099 = CARTESIAN_POINT('',(2.881569860407,-0.508974596216));
#5100 = CARTESIAN_POINT('',(4.381569860407,-1.375));
#5101 = CARTESIAN_POINT('',(2.881569860407,-2.241025403784));
#5102 = CARTESIAN_POINT('',(1.381569860407,-3.107050807569));
#5103 = CARTESIAN_POINT('',(1.381569860407,-1.375));
#5104 = ( GEOMETRIC_REPRESENTATION_CONTEXT(2) 
PARAMETRIC_REPRESENTATION_CONTEXT() REPRESENTATION_CONTEXT('2D SPACE',''
  ) );
#5105 = PCURVE('',#4739,#5106);
#5106 = DEFINITIONAL_REPRESENTATION('',(#5107),#5111);
#5107 = LINE('',#5108,#5109);
#5108 = CARTESIAN_POINT('',(0.,-5.15));
#5109 = VECTOR('',#5110,1.);
#5110 = DIRECTION('',(1.,0.));
#5111 = ( GEOMETRIC_REPRESENTATION_CONTEXT(2) 
PARAMETRIC_REPRESENTATION_CONTEXT() REPRESENTATION_CONTEXT('2D SPACE',''
  ) );
#5112 = FACE_BOUND('',#5113,.T.);
#5113 = EDGE_LOOP('',(#5114));
#5114 = ORIENTED_EDGE('',*,*,#5115,.T.);
#5115 = EDGE_CURVE('',#5116,#5116,#5118,.T.);
#5116 = VERTEX_POINT('',#5117);
#5117 = CARTESIAN_POINT('',(8.75,-3.381569860407,1.375));
#5118 = SURFACE_CURVE('',#5119,(#5124,#5135),.PCURVE_S1.);
#5119 = CIRCLE('',#5120,1.);
#5120 = AXIS2_PLACEMENT_3D('',#5121,#5122,#5123);
#5121 = CARTESIAN_POINT('',(8.75,-2.381569860407,1.375));
#5122 = DIRECTION('',(-1.,0.,0.));
#5123 = DIRECTION('',(0.,-1.,0.));
#5124 = PCURVE('',#4545,#5125);
#5125 = DEFINITIONAL_REPRESENTATION('',(#5126),#5134);
#5126 = ( BOUNDED_CURVE() B_SPLINE_CURVE(2,(#5127,#5128,#5129,#5130,
#5131,#5132,#5133),.UNSPECIFIED.,.T.,.F.) B_SPLINE_CURVE_WITH_KNOTS((1,2
    ,2,2,2,1),(-2.094395102393,0.,2.094395102393,4.188790204786,
6.28318530718,8.377580409573),.UNSPECIFIED.) CURVE() 
GEOMETRIC_REPRESENTATION_ITEM() RATIONAL_B_SPLINE_CURVE((1.,0.5,1.,0.5,
1.,0.5,1.)) REPRESENTATION_ITEM('') );
#5127 = CARTESIAN_POINT('',(-3.381569860407,1.375));
#5128 = CARTESIAN_POINT('',(-3.381569860407,3.107050807569));
#5129 = CARTESIAN_POINT('',(-1.881569860407,2.241025403784));
#5130 = CARTESIAN_POINT('',(-0.381569860407,1.375));
#5131 = CARTESIAN_POINT('',(-1.881569860407,0.508974596216));
#5132 = CARTESIAN_POINT('',(-3.381569860407,-0.357050807569));
#5133 = CARTESIAN_POINT('',(-3.381569860407,1.375));
#5134 = ( GEOMETRIC_REPRESENTATION_CONTEXT(2) 
PARAMETRIC_REPRESENTATION_CONTEXT() REPRESENTATION_CONTEXT('2D SPACE',''
  ) );
#5135 = PCURVE('',#4949,#5136);
#5136 = DEFINITIONAL_REPRESENTATION('',(#5137),#5141);
#5137 = LINE('',#5138,#5139);
#5138 = CARTESIAN_POINT('',(0.,-5.15));
#5139 = VECTOR('',#5140,1.);
#5140 = DIRECTION('',(1.,0.));
#5141 = ( GEOMETRIC_REPRESENTATION_CONTEXT(2) 
PARAMETRIC_REPRESENTATION_CONTEXT() REPRESENTATION_CONTEXT('2D SPACE',''
  ) );
#5142 = FACE_BOUND('',#5143,.T.);
#5143 = EDGE_LOOP('',(#5144));
#5144 = ORIENTED_EDGE('',*,*,#5145,.T.);
#5145 = EDGE_CURVE('',#5146,#5146,#5148,.T.);
#5146 = VERTEX_POINT('',#5147);
#5147 = CARTESIAN_POINT('',(8.75,-1.,0.));
#5148 = SURFACE_CURVE('',#5149,(#5154,#5165),.PCURVE_S1.);
#5149 = CIRCLE('',#5150,1.);
#5150 = AXIS2_PLACEMENT_3D('',#5151,#5152,#5153);
#5151 = CARTESIAN_POINT('',(8.75,0.,-0.));
#5152 = DIRECTION('',(-1.,0.,0.));
#5153 = DIRECTION('',(0.,-1.,0.));
#5154 = PCURVE('',#4545,#5155);
#5155 = DEFINITIONAL_REPRESENTATION('',(#5156),#5164);
#5156 = ( BOUNDED_CURVE() B_SPLINE_CURVE(2,(#5157,#5158,#5159,#5160,
#5161,#5162,#5163),.UNSPECIFIED.,.T.,.F.) B_SPLINE_CURVE_WITH_KNOTS((1,2
    ,2,2,2,1),(-2.094395102393,0.,2.094395102393,4.188790204786,
6.28318530718,8.377580409573),.UNSPECIFIED.) CURVE() 
GEOMETRIC_REPRESENTATION_ITEM() RATIONAL_B_SPLINE_CURVE((1.,0.5,1.,0.5,
1.,0.5,1.)) REPRESENTATION_ITEM('') );
#5157 = CARTESIAN_POINT('',(-1.,0.));
#5158 = CARTESIAN_POINT('',(-1.,1.732050807569));
#5159 = CARTESIAN_POINT('',(0.5,0.866025403784));
#5160 = CARTESIAN_POINT('',(2.,2.449293598295E-16));
#5161 = CARTESIAN_POINT('',(0.5,-0.866025403784));
#5162 = CARTESIAN_POINT('',(-1.,-1.732050807569));
#5163 = CARTESIAN_POINT('',(-1.,0.));
#5164 = ( GEOMETRIC_REPRESENTATION_CONTEXT(2) 
PARAMETRIC_REPRESENTATION_CONTEXT() REPRESENTATION_CONTEXT('2D SPACE',''
  ) );
#5165 = PCURVE('',#4879,#5166);
#5166 = DEFINITIONAL_REPRESENTATION('',(#5167),#5171);
#5167 = LINE('',#5168,#5169);
#5168 = CARTESIAN_POINT('',(0.,-5.15));
#5169 = VECTOR('',#5170,1.);
#5170 = DIRECTION('',(1.,0.));
#5171 = ( GEOMETRIC_REPRESENTATION_CONTEXT(2) 
PARAMETRIC_REPRESENTATION_CONTEXT() REPRESENTATION_CONTEXT('2D SPACE',''
  ) );
#5172 = FACE_BOUND('',#5173,.T.);
#5173 = EDGE_LOOP('',(#5174));
#5174 = ORIENTED_EDGE('',*,*,#5175,.T.);
#5175 = EDGE_CURVE('',#5176,#5176,#5178,.T.);
#5176 = VERTEX_POINT('',#5177);
#5177 = CARTESIAN_POINT('',(8.75,1.381569860407,1.375));
#5178 = SURFACE_CURVE('',#5179,(#5184,#5195),.PCURVE_S1.);
#5179 = CIRCLE('',#5180,1.);
#5180 = AXIS2_PLACEMENT_3D('',#5181,#5182,#5183);
#5181 = CARTESIAN_POINT('',(8.75,2.381569860407,1.375));
#5182 = DIRECTION('',(-1.,0.,0.));
#5183 = DIRECTION('',(0.,-1.,0.));
#5184 = PCURVE('',#4545,#5185);
#5185 = DEFINITIONAL_REPRESENTATION('',(#5186),#5194);
#5186 = ( BOUNDED_CURVE() B_SPLINE_CURVE(2,(#5187,#5188,#5189,#5190,
#5191,#5192,#5193),.UNSPECIFIED.,.T.,.F.) B_SPLINE_CURVE_WITH_KNOTS((1,2
    ,2,2,2,1),(-2.094395102393,0.,2.094395102393,4.188790204786,
6.28318530718,8.377580409573),.UNSPECIFIED.) CURVE() 
GEOMETRIC_REPRESENTATION_ITEM() RATIONAL_B_SPLINE_CURVE((1.,0.5,1.,0.5,
1.,0.5,1.)) REPRESENTATION_ITEM('') );
#5187 = CARTESIAN_POINT('',(1.381569860407,1.375));
#5188 = CARTESIAN_POINT('',(1.381569860407,3.107050807569));
#5189 = CARTESIAN_POINT('',(2.881569860407,2.241025403784));
#5190 = CARTESIAN_POINT('',(4.381569860407,1.375));
#5191 = CARTESIAN_POINT('',(2.881569860407,0.508974596216));
#5192 = CARTESIAN_POINT('',(1.381569860407,-0.357050807569));
#5193 = CARTESIAN_POINT('',(1.381569860407,1.375));
#5194 = ( GEOMETRIC_REPRESENTATION_CONTEXT(2) 
PARAMETRIC_REPRESENTATION_CONTEXT() REPRESENTATION_CONTEXT('2D SPACE',''
  ) );
#5195 = PCURVE('',#4844,#5196);
#5196 = DEFINITIONAL_REPRESENTATION('',(#5197),#5201);
#5197 = LINE('',#5198,#5199);
#5198 = CARTESIAN_POINT('',(0.,-5.15));
#5199 = VECTOR('',#5200,1.);
#5200 = DIRECTION('',(1.,0.));
#5201 = ( GEOMETRIC_REPRESENTATION_CONTEXT(2) 
PARAMETRIC_REPRESENTATION_CONTEXT() REPRESENTATION_CONTEXT('2D SPACE',''
  ) );
#5202 = FACE_BOUND('',#5203,.T.);
#5203 = EDGE_LOOP('',(#5204));
#5204 = ORIENTED_EDGE('',*,*,#5205,.T.);
#5205 = EDGE_CURVE('',#5206,#5206,#5208,.T.);
#5206 = VERTEX_POINT('',#5207);
#5207 = CARTESIAN_POINT('',(8.75,-1.,2.75));
#5208 = SURFACE_CURVE('',#5209,(#5214,#5225),.PCURVE_S1.);
#5209 = CIRCLE('',#5210,1.);
#5210 = AXIS2_PLACEMENT_3D('',#5211,#5212,#5213);
#5211 = CARTESIAN_POINT('',(8.75,3.6E-16,2.75));
#5212 = DIRECTION('',(-1.,0.,0.));
#5213 = DIRECTION('',(0.,-1.,0.));
#5214 = PCURVE('',#4545,#5215);
#5215 = DEFINITIONAL_REPRESENTATION('',(#5216),#5224);
#5216 = ( BOUNDED_CURVE() B_SPLINE_CURVE(2,(#5217,#5218,#5219,#5220,
#5221,#5222,#5223),.UNSPECIFIED.,.T.,.F.) B_SPLINE_CURVE_WITH_KNOTS((1,2
    ,2,2,2,1),(-2.094395102393,0.,2.094395102393,4.188790204786,
6.28318530718,8.377580409573),.UNSPECIFIED.) CURVE() 
GEOMETRIC_REPRESENTATION_ITEM() RATIONAL_B_SPLINE_CURVE((1.,0.5,1.,0.5,
1.,0.5,1.)) REPRESENTATION_ITEM('') );
#5217 = CARTESIAN_POINT('',(-1.,2.75));
#5218 = CARTESIAN_POINT('',(-1.,4.482050807569));
#5219 = CARTESIAN_POINT('',(0.5,3.616025403784));
#5220 = CARTESIAN_POINT('',(2.,2.75));
#5221 = CARTESIAN_POINT('',(0.5,1.883974596216));
#5222 = CARTESIAN_POINT('',(-1.,1.017949192431));
#5223 = CARTESIAN_POINT('',(-1.,2.75));
#5224 = ( GEOMETRIC_REPRESENTATION_CONTEXT(2) 
PARAMETRIC_REPRESENTATION_CONTEXT() REPRESENTATION_CONTEXT('2D SPACE',''
  ) );
#5225 = PCURVE('',#4914,#5226);
#5226 = DEFINITIONAL_REPRESENTATION('',(#5227),#5231);
#5227 = LINE('',#5228,#5229);
#5228 = CARTESIAN_POINT('',(0.,-5.15));
#5229 = VECTOR('',#5230,1.);
#5230 = DIRECTION('',(1.,0.));
#5231 = ( GEOMETRIC_REPRESENTATION_CONTEXT(2) 
PARAMETRIC_REPRESENTATION_CONTEXT() REPRESENTATION_CONTEXT('2D SPACE',''
  ) );
#5232 = ADVANCED_FACE('',(#5233),#4739,.F.);
#5233 = FACE_BOUND('',#5234,.F.);
#5234 = EDGE_LOOP('',(#5235,#5236,#5257,#5258));
#5235 = ORIENTED_EDGE('',*,*,#4718,.F.);
#5236 = ORIENTED_EDGE('',*,*,#5237,.T.);
#5237 = EDGE_CURVE('',#4719,#5086,#5238,.T.);
#5238 = SEAM_CURVE('',#5239,(#5243,#5250),.PCURVE_S1.);
#5239 = LINE('',#5240,#5241);
#5240 = CARTESIAN_POINT('',(3.6,1.381569860407,-1.375));
#5241 = VECTOR('',#5242,1.);
#5242 = DIRECTION('',(1.,0.,0.));
#5243 = PCURVE('',#4739,#5244);
#5244 = DEFINITIONAL_REPRESENTATION('',(#5245),#5249);
#5245 = LINE('',#5246,#5247);
#5246 = CARTESIAN_POINT('',(6.28318530718,0.));
#5247 = VECTOR('',#5248,1.);
#5248 = DIRECTION('',(0.,-1.));
#5249 = ( GEOMETRIC_REPRESENTATION_CONTEXT(2) 
PARAMETRIC_REPRESENTATION_CONTEXT() REPRESENTATION_CONTEXT('2D SPACE',''
  ) );
#5250 = PCURVE('',#4739,#5251);
#5251 = DEFINITIONAL_REPRESENTATION('',(#5252),#5256);
#5252 = LINE('',#5253,#5254);
#5253 = CARTESIAN_POINT('',(0.,0.));
#5254 = VECTOR('',#5255,1.);
#5255 = DIRECTION('',(0.,-1.));
#5256 = ( GEOMETRIC_REPRESENTATION_CONTEXT(2) 
PARAMETRIC_REPRESENTATION_CONTEXT() REPRESENTATION_CONTEXT('2D SPACE',''
  ) );
#5257 = ORIENTED_EDGE('',*,*,#5085,.T.);
#5258 = ORIENTED_EDGE('',*,*,#5237,.F.);
#5259 = ADVANCED_FACE('',(#5260),#4774,.F.);
#5260 = FACE_BOUND('',#5261,.F.);
#5261 = EDGE_LOOP('',(#5262,#5263,#5284,#5285));
#5262 = ORIENTED_EDGE('',*,*,#4753,.F.);
#5263 = ORIENTED_EDGE('',*,*,#5264,.T.);
#5264 = EDGE_CURVE('',#4754,#5026,#5265,.T.);
#5265 = SEAM_CURVE('',#5266,(#5270,#5277),.PCURVE_S1.);
#5266 = LINE('',#5267,#5268);
#5267 = CARTESIAN_POINT('',(3.6,-1.,-2.75));
#5268 = VECTOR('',#5269,1.);
#5269 = DIRECTION('',(1.,0.,0.));
#5270 = PCURVE('',#4774,#5271);
#5271 = DEFINITIONAL_REPRESENTATION('',(#5272),#5276);
#5272 = LINE('',#5273,#5274);
#5273 = CARTESIAN_POINT('',(6.28318530718,0.));
#5274 = VECTOR('',#5275,1.);
#5275 = DIRECTION('',(0.,-1.));
#5276 = ( GEOMETRIC_REPRESENTATION_CONTEXT(2) 
PARAMETRIC_REPRESENTATION_CONTEXT() REPRESENTATION_CONTEXT('2D SPACE',''
  ) );
#5277 = PCURVE('',#4774,#5278);
#5278 = DEFINITIONAL_REPRESENTATION('',(#5279),#5283);
#5279 = LINE('',#5280,#5281);
#5280 = CARTESIAN_POINT('',(0.,0.));
#5281 = VECTOR('',#5282,1.);
#5282 = DIRECTION('',(0.,-1.));
#5283 = ( GEOMETRIC_REPRESENTATION_CONTEXT(2) 
PARAMETRIC_REPRESENTATION_CONTEXT() REPRESENTATION_CONTEXT('2D SPACE',''
  ) );
#5284 = ORIENTED_EDGE('',*,*,#5025,.T.);
#5285 = ORIENTED_EDGE('',*,*,#5264,.F.);
#5286 = ADVANCED_FACE('',(#5287),#4809,.F.);
#5287 = FACE_BOUND('',#5288,.F.);
#5288 = EDGE_LOOP('',(#5289,#5290,#5311,#5312));
#5289 = ORIENTED_EDGE('',*,*,#4788,.F.);
#5290 = ORIENTED_EDGE('',*,*,#5291,.T.);
#5291 = EDGE_CURVE('',#4789,#5056,#5292,.T.);
#5292 = SEAM_CURVE('',#5293,(#5297,#5304),.PCURVE_S1.);
#5293 = LINE('',#5294,#5295);
#5294 = CARTESIAN_POINT('',(3.6,-3.381569860407,-1.375));
#5295 = VECTOR('',#5296,1.);
#5296 = DIRECTION('',(1.,0.,0.));
#5297 = PCURVE('',#4809,#5298);
#5298 = DEFINITIONAL_REPRESENTATION('',(#5299),#5303);
#5299 = LINE('',#5300,#5301);
#5300 = CARTESIAN_POINT('',(6.28318530718,0.));
#5301 = VECTOR('',#5302,1.);
#5302 = DIRECTION('',(0.,-1.));
#5303 = ( GEOMETRIC_REPRESENTATION_CONTEXT(2) 
PARAMETRIC_REPRESENTATION_CONTEXT() REPRESENTATION_CONTEXT('2D SPACE',''
  ) );
#5304 = PCURVE('',#4809,#5305);
#5305 = DEFINITIONAL_REPRESENTATION('',(#5306),#5310);
#5306 = LINE('',#5307,#5308);
#5307 = CARTESIAN_POINT('',(0.,0.));
#5308 = VECTOR('',#5309,1.);
#5309 = DIRECTION('',(0.,-1.));
#5310 = ( GEOMETRIC_REPRESENTATION_CONTEXT(2) 
PARAMETRIC_REPRESENTATION_CONTEXT() REPRESENTATION_CONTEXT('2D SPACE',''
  ) );
#5311 = ORIENTED_EDGE('',*,*,#5055,.T.);
#5312 = ORIENTED_EDGE('',*,*,#5291,.F.);
#5313 = ADVANCED_FACE('',(#5314),#4844,.F.);
#5314 = FACE_BOUND('',#5315,.F.);
#5315 = EDGE_LOOP('',(#5316,#5317,#5338,#5339));
#5316 = ORIENTED_EDGE('',*,*,#4823,.F.);
#5317 = ORIENTED_EDGE('',*,*,#5318,.T.);
#5318 = EDGE_CURVE('',#4824,#5176,#5319,.T.);
#5319 = SEAM_CURVE('',#5320,(#5324,#5331),.PCURVE_S1.);
#5320 = LINE('',#5321,#5322);
#5321 = CARTESIAN_POINT('',(3.6,1.381569860407,1.375));
#5322 = VECTOR('',#5323,1.);
#5323 = DIRECTION('',(1.,0.,0.));
#5324 = PCURVE('',#4844,#5325);
#5325 = DEFINITIONAL_REPRESENTATION('',(#5326),#5330);
#5326 = LINE('',#5327,#5328);
#5327 = CARTESIAN_POINT('',(6.28318530718,0.));
#5328 = VECTOR('',#5329,1.);
#5329 = DIRECTION('',(0.,-1.));
#5330 = ( GEOMETRIC_REPRESENTATION_CONTEXT(2) 
PARAMETRIC_REPRESENTATION_CONTEXT() REPRESENTATION_CONTEXT('2D SPACE',''
  ) );
#5331 = PCURVE('',#4844,#5332);
#5332 = DEFINITIONAL_REPRESENTATION('',(#5333),#5337);
#5333 = LINE('',#5334,#5335);
#5334 = CARTESIAN_POINT('',(0.,0.));
#5335 = VECTOR('',#5336,1.);
#5336 = DIRECTION('',(0.,-1.));
#5337 = ( GEOMETRIC_REPRESENTATION_CONTEXT(2) 
PARAMETRIC_REPRESENTATION_CONTEXT() REPRESENTATION_CONTEXT('2D SPACE',''
  ) );
#5338 = ORIENTED_EDGE('',*,*,#5175,.T.);
#5339 = ORIENTED_EDGE('',*,*,#5318,.F.);
#5340 = ADVANCED_FACE('',(#5341),#4879,.F.);
#5341 = FACE_BOUND('',#5342,.F.);
#5342 = EDGE_LOOP('',(#5343,#5344,#5365,#5366));
#5343 = ORIENTED_EDGE('',*,*,#4858,.F.);
#5344 = ORIENTED_EDGE('',*,*,#5345,.T.);
#5345 = EDGE_CURVE('',#4859,#5146,#5346,.T.);
#5346 = SEAM_CURVE('',#5347,(#5351,#5358),.PCURVE_S1.);
#5347 = LINE('',#5348,#5349);
#5348 = CARTESIAN_POINT('',(3.6,-1.,-0.));
#5349 = VECTOR('',#5350,1.);
#5350 = DIRECTION('',(1.,0.,0.));
#5351 = PCURVE('',#4879,#5352);
#5352 = DEFINITIONAL_REPRESENTATION('',(#5353),#5357);
#5353 = LINE('',#5354,#5355);
#5354 = CARTESIAN_POINT('',(6.28318530718,0.));
#5355 = VECTOR('',#5356,1.);
#5356 = DIRECTION('',(0.,-1.));
#5357 = ( GEOMETRIC_REPRESENTATION_CONTEXT(2) 
PARAMETRIC_REPRESENTATION_CONTEXT() REPRESENTATION_CONTEXT('2D SPACE',''
  ) );
#5358 = PCURVE('',#4879,#5359);
#5359 = DEFINITIONAL_REPRESENTATION('',(#5360),#5364);
#5360 = LINE('',#5361,#5362);
#5361 = CARTESIAN_POINT('',(0.,0.));
#5362 = VECTOR('',#5363,1.);
#5363 = DIRECTION('',(0.,-1.));
#5364 = ( GEOMETRIC_REPRESENTATION_CONTEXT(2) 
PARAMETRIC_REPRESENTATION_CONTEXT() REPRESENTATION_CONTEXT('2D SPACE',''
  ) );
#5365 = ORIENTED_EDGE('',*,*,#5145,.T.);
#5366 = ORIENTED_EDGE('',*,*,#5345,.F.);
#5367 = ADVANCED_FACE('',(#5368),#4914,.F.);
#5368 = FACE_BOUND('',#5369,.F.);
#5369 = EDGE_LOOP('',(#5370,#5371,#5392,#5393));
#5370 = ORIENTED_EDGE('',*,*,#4893,.F.);
#5371 = ORIENTED_EDGE('',*,*,#5372,.T.);
#5372 = EDGE_CURVE('',#4894,#5206,#5373,.T.);
#5373 = SEAM_CURVE('',#5374,(#5378,#5385),.PCURVE_S1.);
#5374 = LINE('',#5375,#5376);
#5375 = CARTESIAN_POINT('',(3.6,-1.,2.75));
#5376 = VECTOR('',#5377,1.);
#5377 = DIRECTION('',(1.,0.,0.));
#5378 = PCURVE('',#4914,#5379);
#5379 = DEFINITIONAL_REPRESENTATION('',(#5380),#5384);
#5380 = LINE('',#5381,#5382);
#5381 = CARTESIAN_POINT('',(6.28318530718,0.));
#5382 = VECTOR('',#5383,1.);
#5383 = DIRECTION('',(0.,-1.));
#5384 = ( GEOMETRIC_REPRESENTATION_CONTEXT(2) 
PARAMETRIC_REPRESENTATION_CONTEXT() REPRESENTATION_CONTEXT('2D SPACE',''
  ) );
#5385 = PCURVE('',#4914,#5386);
#5386 = DEFINITIONAL_REPRESENTATION('',(#5387),#5391);
#5387 = LINE('',#5388,#5389);
#5388 = CARTESIAN_POINT('',(0.,0.));
#5389 = VECTOR('',#5390,1.);
#5390 = DIRECTION('',(0.,-1.));
#5391 = ( GEOMETRIC_REPRESENTATION_CONTEXT(2) 
PARAMETRIC_REPRESENTATION_CONTEXT() REPRESENTATION_CONTEXT('2D SPACE',''
  ) );
#5392 = ORIENTED_EDGE('',*,*,#5205,.T.);
#5393 = ORIENTED_EDGE('',*,*,#5372,.F.);
#5394 = ADVANCED_FACE('',(#5395),#4949,.F.);
#5395 = FACE_BOUND('',#5396,.F.);
#5396 = EDGE_LOOP('',(#5397,#5398,#5419,#5420));
#5397 = ORIENTED_EDGE('',*,*,#4928,.F.);
#5398 = ORIENTED_EDGE('',*,*,#5399,.T.);
#5399 = EDGE_CURVE('',#4929,#5116,#5400,.T.);
#5400 = SEAM_CURVE('',#5401,(#5405,#5412),.PCURVE_S1.);
#5401 = LINE('',#5402,#5403);
#5402 = CARTESIAN_POINT('',(3.6,-3.381569860407,1.375));
#5403 = VECTOR('',#5404,1.);
#5404 = DIRECTION('',(1.,0.,0.));
#5405 = PCURVE('',#4949,#5406);
#5406 = DEFINITIONAL_REPRESENTATION('',(#5407),#5411);
#5407 = LINE('',#5408,#5409);
#5408 = CARTESIAN_POINT('',(6.28318530718,0.));
#5409 = VECTOR('',#5410,1.);
#5410 = DIRECTION('',(0.,-1.));
#5411 = ( GEOMETRIC_REPRESENTATION_CONTEXT(2) 
PARAMETRIC_REPRESENTATION_CONTEXT() REPRESENTATION_CONTEXT('2D SPACE',''
  ) );
#5412 = PCURVE('',#4949,#5413);
#5413 = DEFINITIONAL_REPRESENTATION('',(#5414),#5418);
#5414 = LINE('',#5415,#5416);
#5415 = CARTESIAN_POINT('',(0.,0.));
#5416 = VECTOR('',#5417,1.);
#5417 = DIRECTION('',(0.,-1.));
#5418 = ( GEOMETRIC_REPRESENTATION_CONTEXT(2) 
PARAMETRIC_REPRESENTATION_CONTEXT() REPRESENTATION_CONTEXT('2D SPACE',''
  ) );
#5419 = ORIENTED_EDGE('',*,*,#5115,.T.);
#5420 = ORIENTED_EDGE('',*,*,#5399,.F.);
#5421 = ( GEOMETRIC_REPRESENTATION_CONTEXT(3) 
GLOBAL_UNCERTAINTY_ASSIGNED_CONTEXT((#5425)) 
GLOBAL_UNIT_ASSIGNED_CONTEXT((#5422,#5423,#5424)) REPRESENTATION_CONTEXT
('Context #1','3D Context with UNIT and UNCERTAINTY') );
#5422 = ( LENGTH_UNIT() NAMED_UNIT(*) SI_UNIT(.MILLI.,.METRE.) );
#5423 = ( NAMED_UNIT(*) PLANE_ANGLE_UNIT() SI_UNIT($,.RADIAN.) );
#5424 = ( NAMED_UNIT(*) SI_UNIT($,.STERADIAN.) SOLID_ANGLE_UNIT() );
#5425 = UNCERTAINTY_MEASURE_WITH_UNIT(LENGTH_MEASURE(1.E-07),#5422,
  'distance_accuracy_value','confusion accuracy');
#5426 = CONTEXT_DEPENDENT_SHAPE_REPRESENTATION(#5427,#5429);
#5427 = ( REPRESENTATION_RELATIONSHIP('','',#4322,#10) 
REPRESENTATION_RELATIONSHIP_WITH_TRANSFORMATION(#5428) 
SHAPE_REPRESENTATION_RELATIONSHIP() );
#5428 = ITEM_DEFINED_TRANSFORMATION('','',#11,#23);
#5429 = PRODUCT_DEFINITION_SHAPE('Placement','Placement of an item',
  #5430);
#5430 = NEXT_ASSEMBLY_USAGE_OCCURRENCE('103','Body002','',#5,#4317,$);
#5431 = PRODUCT_RELATED_PRODUCT_CATEGORY('part',$,(#4319));
#5432 = SHAPE_DEFINITION_REPRESENTATION(#5433,#5439);
#5433 = PRODUCT_DEFINITION_SHAPE('','',#5434);
#5434 = PRODUCT_DEFINITION('design','',#5435,#5438);
#5435 = PRODUCT_DEFINITION_FORMATION('','',#5436);
#5436 = PRODUCT('Body004','Body004','',(#5437));
#5437 = PRODUCT_CONTEXT('',#2,'mechanical');
#5438 = PRODUCT_DEFINITION_CONTEXT('part definition',#2,'design');
#5439 = ADVANCED_BREP_SHAPE_REPRESENTATION('',(#11,#5440),#5456);
#5440 = MANIFOLD_SOLID_BREP('',#5441);
#5441 = CLOSED_SHELL('',(#5442));
#5442 = ADVANCED_FACE('',(#5443),#5447,.F.);
#5443 = FACE_BOUND('',#5444,.F.);
#5444 = VERTEX_LOOP('',#5445);
#5445 = VERTEX_POINT('',#5446);
#5446 = CARTESIAN_POINT('',(1.,6.,0.));
#5447 = SURFACE_OF_REVOLUTION('',#5448,#5453);
#5448 = CIRCLE('',#5449,0.5);
#5449 = AXIS2_PLACEMENT_3D('',#5450,#5451,#5452);
#5450 = CARTESIAN_POINT('',(0.5,6.,0.));
#5451 = DIRECTION('',(0.,0.,1.));
#5452 = DIRECTION('',(1.,0.,-0.));
#5453 = AXIS1_PLACEMENT('',#5454,#5455);
#5454 = CARTESIAN_POINT('',(0.,0.,0.));
#5455 = DIRECTION('',(1.,0.,0.));
#5456 = ( GEOMETRIC_REPRESENTATION_CONTEXT(3) 
GLOBAL_UNCERTAINTY_ASSIGNED_CONTEXT((#5460)) 
GLOBAL_UNIT_ASSIGNED_CONTEXT((#5457,#5458,#5459)) REPRESENTATION_CONTEXT
('Context #1','3D Context with UNIT and UNCERTAINTY') );
#5457 = ( LENGTH_UNIT() NAMED_UNIT(*) SI_UNIT(.MILLI.,.METRE.) );
#5458 = ( NAMED_UNIT(*) PLANE_ANGLE_UNIT() SI_UNIT($,.RADIAN.) );
#5459 = ( NAMED_UNIT(*) SI_UNIT($,.STERADIAN.) SOLID_ANGLE_UNIT() );
#5460 = UNCERTAINTY_MEASURE_WITH_UNIT(LENGTH_MEASURE(1.E-07),#5457,
  'distance_accuracy_value','confusion accuracy');
#5461 = CONTEXT_DEPENDENT_SHAPE_REPRESENTATION(#5462,#5464);
#5462 = ( REPRESENTATION_RELATIONSHIP('','',#5439,#10) 
REPRESENTATION_RELATIONSHIP_WITH_TRANSFORMATION(#5463) 
SHAPE_REPRESENTATION_RELATIONSHIP() );
#5463 = ITEM_DEFINED_TRANSFORMATION('','',#11,#27);
#5464 = PRODUCT_DEFINITION_SHAPE('Placement','Placement of an item',
  #5465);
#5465 = NEXT_ASSEMBLY_USAGE_OCCURRENCE('104','Body004','',#5,#5434,$);
#5466 = PRODUCT_RELATED_PRODUCT_CATEGORY('part',$,(#5436));
#5467 = SHAPE_DEFINITION_REPRESENTATION(#5468,#5474);
#5468 = PRODUCT_DEFINITION_SHAPE('','',#5469);
#5469 = PRODUCT_DEFINITION('design','',#5470,#5473);
#5470 = PRODUCT_DEFINITION_FORMATION('','',#5471);
#5471 = PRODUCT('Array','Array','',(#5472));
#5472 = PRODUCT_CONTEXT('',#2,'mechanical');
#5473 = PRODUCT_DEFINITION_CONTEXT('part definition',#2,'design');
#5474 = SHAPE_REPRESENTATION('',(#11,#5475,#5479,#5483,#5487,#5491,#5495
    ),#5499);
#5475 = AXIS2_PLACEMENT_3D('',#5476,#5477,#5478);
#5476 = CARTESIAN_POINT('',(0.,-1.375,-2.381569860407));
#5477 = DIRECTION('',(0.,0.866025403784,-0.5));
#5478 = DIRECTION('',(1.,0.,0.));
#5479 = AXIS2_PLACEMENT_3D('',#5480,#5481,#5482);
#5480 = CARTESIAN_POINT('',(0.,1.375,-2.381569860407));
#5481 = DIRECTION('',(-0.,0.866025403784,0.5));
#5482 = DIRECTION('',(1.,0.,0.));
#5483 = AXIS2_PLACEMENT_3D('',#5484,#5485,#5486);
#5484 = CARTESIAN_POINT('',(0.,2.75,1.998401444325E-15));
#5485 = DIRECTION('',(-0.,3.330669073875E-16,1.));
#5486 = DIRECTION('',(1.,0.,0.));
#5487 = AXIS2_PLACEMENT_3D('',#5488,#5489,#5490);
#5488 = CARTESIAN_POINT('',(0.,1.375,2.381569860407));
#5489 = DIRECTION('',(0.,-0.866025403784,0.5));
#5490 = DIRECTION('',(1.,0.,0.));
#5491 = AXIS2_PLACEMENT_3D('',#5492,#5493,#5494);
#5492 = CARTESIAN_POINT('',(0.,-1.375,2.381569860407));
#5493 = DIRECTION('',(0.,-0.866025403784,-0.5));
#5494 = DIRECTION('',(1.,0.,0.));
#5495 = AXIS2_PLACEMENT_3D('',#5496,#5497,#5498);
#5496 = CARTESIAN_POINT('',(0.,-2.75,-3.10862446895E-15));
#5497 = DIRECTION('',(0.,1.110223024625E-16,-1.));
#5498 = DIRECTION('',(1.,0.,0.));
#5499 = ( GEOMETRIC_REPRESENTATION_CONTEXT(3) 
GLOBAL_UNCERTAINTY_ASSIGNED_CONTEXT((#5503)) 
GLOBAL_UNIT_ASSIGNED_CONTEXT((#5500,#5501,#5502)) REPRESENTATION_CONTEXT
('Context #1','3D Context with UNIT and UNCERTAINTY') );
#5500 = ( LENGTH_UNIT() NAMED_UNIT(*) SI_UNIT(.MILLI.,.METRE.) );
#5501 = ( NAMED_UNIT(*) PLANE_ANGLE_UNIT() SI_UNIT($,.RADIAN.) );
#5502 = ( NAMED_UNIT(*) SI_UNIT($,.STERADIAN.) SOLID_ANGLE_UNIT() );
#5503 = UNCERTAINTY_MEASURE_WITH_UNIT(LENGTH_MEASURE(1.E-07),#5500,
  'distance_accuracy_value','confusion accuracy');
#5504 = CONTEXT_DEPENDENT_SHAPE_REPRESENTATION(#5505,#5507);
#5505 = ( REPRESENTATION_RELATIONSHIP('','',#5474,#10) 
REPRESENTATION_RELATIONSHIP_WITH_TRANSFORMATION(#5506) 
SHAPE_REPRESENTATION_RELATIONSHIP() );
#5506 = ITEM_DEFINED_TRANSFORMATION('','',#11,#31);
#5507 = PRODUCT_DEFINITION_SHAPE('Placement','Placement of an item',
  #5508);
#5508 = NEXT_ASSEMBLY_USAGE_OCCURRENCE('111','Array','',#5,#5469,$);
#5509 = PRODUCT_RELATED_PRODUCT_CATEGORY('part',$,(#5471));
#5510 = SHAPE_DEFINITION_REPRESENTATION(#5511,#5517);
#5511 = PRODUCT_DEFINITION_SHAPE('','',#5512);
#5512 = PRODUCT_DEFINITION('design','',#5513,#5516);
#5513 = PRODUCT_DEFINITION_FORMATION('','',#5514);
#5514 = PRODUCT('Body003','Body003','',(#5515));
#5515 = PRODUCT_CONTEXT('',#2,'mechanical');
#5516 = PRODUCT_DEFINITION_CONTEXT('part definition',#2,'design');
#5517 = ADVANCED_BREP_SHAPE_REPRESENTATION('',(#11,#5518),#6751);
#5518 = MANIFOLD_SOLID_BREP('',#5519);
#5519 = CLOSED_SHELL('',(#5520,#5917,#5993,#6046,#6323,#6373,#6426,#6454
    ,#6481,#6542,#6577,#6632,#6667,#6722));
#5520 = ADVANCED_FACE('',(#5521),#5535,.F.);
#5521 = FACE_BOUND('',#5522,.F.);
#5522 = EDGE_LOOP('',(#5523,#5558,#5655,#5678,#5705,#5706,#5798,#5826,
    #5858,#5887));
#5523 = ORIENTED_EDGE('',*,*,#5524,.F.);
#5524 = EDGE_CURVE('',#5525,#5527,#5529,.T.);
#5525 = VERTEX_POINT('',#5526);
#5526 = CARTESIAN_POINT('',(11.45,0.,0.4));
#5527 = VERTEX_POINT('',#5528);
#5528 = CARTESIAN_POINT('',(13.65,0.,0.4));
#5529 = SURFACE_CURVE('',#5530,(#5534,#5546),.PCURVE_S1.);
#5530 = LINE('',#5531,#5532);
#5531 = CARTESIAN_POINT('',(9.75,0.,0.4));
#5532 = VECTOR('',#5533,1.);
#5533 = DIRECTION('',(1.,0.,0.));
#5534 = PCURVE('',#5535,#5540);
#5535 = CYLINDRICAL_SURFACE('',#5536,0.4);
#5536 = AXIS2_PLACEMENT_3D('',#5537,#5538,#5539);
#5537 = CARTESIAN_POINT('',(9.75,0.,0.));
#5538 = DIRECTION('',(1.,0.,0.));
#5539 = DIRECTION('',(0.,1.,0.));
#5540 = DEFINITIONAL_REPRESENTATION('',(#5541),#5545);
#5541 = LINE('',#5542,#5543);
#5542 = CARTESIAN_POINT('',(1.570796326795,0.));
#5543 = VECTOR('',#5544,1.);
#5544 = DIRECTION('',(0.,1.));
#5545 = ( GEOMETRIC_REPRESENTATION_CONTEXT(2) 
PARAMETRIC_REPRESENTATION_CONTEXT() REPRESENTATION_CONTEXT('2D SPACE',''
  ) );
#5546 = PCURVE('',#5547,#5552);
#5547 = PLANE('',#5548);
#5548 = AXIS2_PLACEMENT_3D('',#5549,#5550,#5551);
#5549 = CARTESIAN_POINT('',(11.45,0.,20.973070119799));
#5550 = DIRECTION('',(0.,-1.,0.));
#5551 = DIRECTION('',(1.,0.,0.));
#5552 = DEFINITIONAL_REPRESENTATION('',(#5553),#5557);
#5553 = LINE('',#5554,#5555);
#5554 = CARTESIAN_POINT('',(-1.7,-20.57307011979));
#5555 = VECTOR('',#5556,1.);
#5556 = DIRECTION('',(1.,0.));
#5557 = ( GEOMETRIC_REPRESENTATION_CONTEXT(2) 
PARAMETRIC_REPRESENTATION_CONTEXT() REPRESENTATION_CONTEXT('2D SPACE',''
  ) );
#5558 = ORIENTED_EDGE('',*,*,#5559,.F.);
#5559 = EDGE_CURVE('',#5560,#5525,#5562,.T.);
#5560 = VERTEX_POINT('',#5561);
#5561 = CARTESIAN_POINT('',(10.65,0.4,0.));
#5562 = SURFACE_CURVE('',#5563,(#5590,#5620),.PCURVE_S1.);
#5563 = B_SPLINE_CURVE_WITH_KNOTS('',7,(#5564,#5565,#5566,#5567,#5568,
    #5569,#5570,#5571,#5572,#5573,#5574,#5575,#5576,#5577,#5578,#5579,
    #5580,#5581,#5582,#5583,#5584,#5585,#5586,#5587,#5588,#5589),
  .UNSPECIFIED.,.F.,.F.,(8,6,6,6,8),(0.,0.288794524564,0.653784496717,
    0.782229155498,1.),.UNSPECIFIED.);
#5564 = CARTESIAN_POINT('',(10.65,0.4,-5.E-17));
#5565 = CARTESIAN_POINT('',(10.65,0.4,3.616168067003E-02));
#5566 = CARTESIAN_POINT('',(10.652860852538,0.396185988791,
    7.236553411214E-02));
#5567 = CARTESIAN_POINT('',(10.658592769055,0.388541840623,
    0.107990465036));
#5568 = CARTESIAN_POINT('',(10.667267909283,0.377215796172,
    0.142424478246));
#5569 = CARTESIAN_POINT('',(10.6790194783,0.362506234351,0.175115937208)
  );
#5570 = CARTESIAN_POINT('',(10.694021508313,0.34483498889,0.205612912729
    ));
#5571 = CARTESIAN_POINT('',(10.735739130896,0.299271187984,
    0.268949959856));
#5572 = CARTESIAN_POINT('',(10.764436289504,0.269983430154,
    0.300185934155));
#5573 = CARTESIAN_POINT('',(10.798787744959,0.237966274896,
    0.326600189358));
#5574 = CARTESIAN_POINT('',(10.838993053035,0.204574744028,
    0.347904683491));
#5575 = CARTESIAN_POINT('',(10.885062539132,0.171248788244,
    0.364225894793));
#5576 = CARTESIAN_POINT('',(10.936741510881,0.139402973637,0.37614238907
    ));
#5577 = CARTESIAN_POINT('',(11.013395247251,0.100067069677,
    0.387427485913));
#5578 = CARTESIAN_POINT('',(11.033993886096,9.015617610318E-02,
    0.389926536541));
#5579 = CARTESIAN_POINT('',(11.055220936131,8.062726538859E-02,
    0.392022416658));
#5580 = CARTESIAN_POINT('',(11.077057149669,7.153188322804E-02,
    0.393754430375));
#5581 = CARTESIAN_POINT('',(11.099480672227,6.291956214831E-02,
    0.395164408589));
#5582 = CARTESIAN_POINT('',(11.122466986391,5.483771434989E-02,
    0.396295304123));
#5583 = CARTESIAN_POINT('',(11.185868889481,3.460519316519E-02,
    0.398706333068));
#5584 = CARTESIAN_POINT('',(11.227471639545,2.347506391075E-02,
    0.399550359012));
#5585 = CARTESIAN_POINT('',(11.270479621661,1.425614146866E-02,
    0.399909017153));
#5586 = CARTESIAN_POINT('',(11.3145639389,7.179822688837E-03,
    0.400000302575));
#5587 = CARTESIAN_POINT('',(11.359393959045,2.400017010664E-03,
    0.399999904019));
#5588 = CARTESIAN_POINT('',(11.404644425262,3.E-17,0.4));
#5589 = CARTESIAN_POINT('',(11.45,6.E-17,0.4));
#5590 = PCURVE('',#5535,#5591);
#5591 = DEFINITIONAL_REPRESENTATION('',(#5592),#5619);
#5592 = B_SPLINE_CURVE_WITH_KNOTS('',7,(#5593,#5594,#5595,#5596,#5597,
    #5598,#5599,#5600,#5601,#5602,#5603,#5604,#5605,#5606,#5607,#5608,
    #5609,#5610,#5611,#5612,#5613,#5614,#5615,#5616,#5617,#5618),
  .UNSPECIFIED.,.F.,.F.,(8,6,6,6,8),(0.,0.288794524564,0.653784496717,
    0.782229155498,1.),.UNSPECIFIED.);
#5593 = CARTESIAN_POINT('',(0.,0.9));
#5594 = CARTESIAN_POINT('',(9.040420167508E-02,0.9));
#5595 = CARTESIAN_POINT('',(0.180913892126,0.902860852538));
#5596 = CARTESIAN_POINT('',(0.271182847941,0.908592769055));
#5597 = CARTESIAN_POINT('',(0.360901212499,0.917267909283));
#5598 = CARTESIAN_POINT('',(0.449765672974,0.9290194783));
#5599 = CARTESIAN_POINT('',(0.537456111123,0.944021508313));
#5600 = CARTESIAN_POINT('',(0.732514459635,0.985739130896));
#5601 = CARTESIAN_POINT('',(0.838663401609,1.014436289504));
#5602 = CARTESIAN_POINT('',(0.94112477113,1.048787744959));
#5603 = CARTESIAN_POINT('',(1.038949312429,1.088993053035));
#5604 = CARTESIAN_POINT('',(1.130990586899,1.135062539132));
#5605 = CARTESIAN_POINT('',(1.215734032486,1.186741510881));
#5606 = CARTESIAN_POINT('',(1.318040763421,1.263395247251));
#5607 = CARTESIAN_POINT('',(1.343580044388,1.283993886096));
#5608 = CARTESIAN_POINT('',(1.367954555723,1.305220936131));
#5609 = CARTESIAN_POINT('',(1.391086572877,1.327057149669));
#5610 = CARTESIAN_POINT('',(1.412894085973,1.349480672227));
#5611 = CARTESIAN_POINT('',(1.433291381946,1.372466986391));
#5612 = CARTESIAN_POINT('',(1.484230559776,1.435868889481));
#5613 = CARTESIAN_POINT('',(1.512109212861,1.477471639545));
#5614 = CARTESIAN_POINT('',(1.53515728734,1.520479621661));
#5615 = CARTESIAN_POINT('',(1.552845396949,1.5645639389));
#5616 = CARTESIAN_POINT('',(1.564796713115,1.609393959045));
#5617 = CARTESIAN_POINT('',(1.570796326795,1.654644425262));
#5618 = CARTESIAN_POINT('',(1.570796326795,1.7));
#5619 = ( GEOMETRIC_REPRESENTATION_CONTEXT(2) 
PARAMETRIC_REPRESENTATION_CONTEXT() REPRESENTATION_CONTEXT('2D SPACE',''
  ) );
#5620 = PCURVE('',#5621,#5626);
#5621 = CYLINDRICAL_SURFACE('',#5622,1.);
#5622 = AXIS2_PLACEMENT_3D('',#5623,#5624,#5625);
#5623 = CARTESIAN_POINT('',(11.45,1.,20.973070119799));
#5624 = DIRECTION('',(0.,0.,1.));
#5625 = DIRECTION('',(1.,0.,0.));
#5626 = DEFINITIONAL_REPRESENTATION('',(#5627),#5654);
#5627 = B_SPLINE_CURVE_WITH_KNOTS('',7,(#5628,#5629,#5630,#5631,#5632,
    #5633,#5634,#5635,#5636,#5637,#5638,#5639,#5640,#5641,#5642,#5643,
    #5644,#5645,#5646,#5647,#5648,#5649,#5650,#5651,#5652,#5653),
  .UNSPECIFIED.,.F.,.F.,(8,6,6,6,8),(0.,0.288794524564,0.653784496717,
    0.782229155498,1.),.UNSPECIFIED.);
#5628 = CARTESIAN_POINT('',(3.785093762383,-20.97307011979));
#5629 = CARTESIAN_POINT('',(3.785093762383,-20.93690843912));
#5630 = CARTESIAN_POINT('',(3.789861326087,-20.90070458568));
#5631 = CARTESIAN_POINT('',(3.79941633267,-20.86507965476));
#5632 = CARTESIAN_POINT('',(3.813681567693,-20.83064564155));
#5633 = CARTESIAN_POINT('',(3.832500248448,-20.79795418259));
#5634 = CARTESIAN_POINT('',(3.855664231852,-20.76745720707));
#5635 = CARTESIAN_POINT('',(3.917441412001,-20.70412015994));
#5636 = CARTESIAN_POINT('',(3.958421557278,-20.67288418564));
#5637 = CARTESIAN_POINT('',(4.00530021254,-20.64646993044));
#5638 = CARTESIAN_POINT('',(4.057392462235,-20.6251654363));
#5639 = CARTESIAN_POINT('',(4.114018080017,-20.608844225));
#5640 = CARTESIAN_POINT('',(4.174536024982,-20.59692773072));
#5641 = CARTESIAN_POINT('',(4.260693489197,-20.58564263388));
#5642 = CARTESIAN_POINT('',(4.28354486823,-20.58314358325));
#5643 = CARTESIAN_POINT('',(4.306799359084,-20.58104770314));
#5644 = CARTESIAN_POINT('',(4.330437879248,-20.57931568942));
#5645 = CARTESIAN_POINT('',(4.354442893896,-20.57790571121));
#5646 = CARTESIAN_POINT('',(4.378798199648,-20.57677481567));
#5647 = CARTESIAN_POINT('',(4.445350105924,-20.57436378673));
#5648 = CARTESIAN_POINT('',(4.488367430573,-20.57351976078));
#5649 = CARTESIAN_POINT('',(4.532262197372,-20.57316110264));
#5650 = CARTESIAN_POINT('',(4.576800557482,-20.57306981722));
#5651 = CARTESIAN_POINT('',(4.621782927234,-20.57307021578));
#5652 = CARTESIAN_POINT('',(4.667033405646,-20.57307011979));
#5653 = CARTESIAN_POINT('',(4.712388980385,-20.57307011979));
#5654 = ( GEOMETRIC_REPRESENTATION_CONTEXT(2) 
PARAMETRIC_REPRESENTATION_CONTEXT() REPRESENTATION_CONTEXT('2D SPACE',''
  ) );
#5655 = ORIENTED_EDGE('',*,*,#5656,.F.);
#5656 = EDGE_CURVE('',#5657,#5560,#5659,.T.);
#5657 = VERTEX_POINT('',#5658);
#5658 = CARTESIAN_POINT('',(9.75,0.4,0.));
#5659 = SEAM_CURVE('',#5660,(#5664,#5671),.PCURVE_S1.);
#5660 = LINE('',#5661,#5662);
#5661 = CARTESIAN_POINT('',(9.75,0.4,0.));
#5662 = VECTOR('',#5663,1.);
#5663 = DIRECTION('',(1.,0.,0.));
#5664 = PCURVE('',#5535,#5665);
#5665 = DEFINITIONAL_REPRESENTATION('',(#5666),#5670);
#5666 = LINE('',#5667,#5668);
#5667 = CARTESIAN_POINT('',(0.,0.));
#5668 = VECTOR('',#5669,1.);
#5669 = DIRECTION('',(0.,1.));
#5670 = ( GEOMETRIC_REPRESENTATION_CONTEXT(2) 
PARAMETRIC_REPRESENTATION_CONTEXT() REPRESENTATION_CONTEXT('2D SPACE',''
  ) );
#5671 = PCURVE('',#5535,#5672);
#5672 = DEFINITIONAL_REPRESENTATION('',(#5673),#5677);
#5673 = LINE('',#5674,#5675);
#5674 = CARTESIAN_POINT('',(6.28318530718,0.));
#5675 = VECTOR('',#5676,1.);
#5676 = DIRECTION('',(0.,1.));
#5677 = ( GEOMETRIC_REPRESENTATION_CONTEXT(2) 
PARAMETRIC_REPRESENTATION_CONTEXT() REPRESENTATION_CONTEXT('2D SPACE',''
  ) );
#5678 = ORIENTED_EDGE('',*,*,#5679,.T.);
#5679 = EDGE_CURVE('',#5657,#5657,#5680,.T.);
#5680 = SURFACE_CURVE('',#5681,(#5686,#5693),.PCURVE_S1.);
#5681 = CIRCLE('',#5682,0.4);
#5682 = AXIS2_PLACEMENT_3D('',#5683,#5684,#5685);
#5683 = CARTESIAN_POINT('',(9.75,0.,0.));
#5684 = DIRECTION('',(1.,0.,0.));
#5685 = DIRECTION('',(0.,1.,0.));
#5686 = PCURVE('',#5535,#5687);
#5687 = DEFINITIONAL_REPRESENTATION('',(#5688),#5692);
#5688 = LINE('',#5689,#5690);
#5689 = CARTESIAN_POINT('',(0.,0.));
#5690 = VECTOR('',#5691,1.);
#5691 = DIRECTION('',(1.,0.));
#5692 = ( GEOMETRIC_REPRESENTATION_CONTEXT(2) 
PARAMETRIC_REPRESENTATION_CONTEXT() REPRESENTATION_CONTEXT('2D SPACE',''
  ) );
#5693 = PCURVE('',#5694,#5699);
#5694 = CONICAL_SURFACE('',#5695,0.,1.047197551197);
#5695 = AXIS2_PLACEMENT_3D('',#5696,#5697,#5698);
#5696 = CARTESIAN_POINT('',(9.519059892324,0.,0.));
#5697 = DIRECTION('',(1.,0.,0.));
#5698 = DIRECTION('',(0.,1.,0.));
#5699 = DEFINITIONAL_REPRESENTATION('',(#5700),#5704);
#5700 = LINE('',#5701,#5702);
#5701 = CARTESIAN_POINT('',(0.,0.230940107676));
#5702 = VECTOR('',#5703,1.);
#5703 = DIRECTION('',(1.,0.));
#5704 = ( GEOMETRIC_REPRESENTATION_CONTEXT(2) 
PARAMETRIC_REPRESENTATION_CONTEXT() REPRESENTATION_CONTEXT('2D SPACE',''
  ) );
#5705 = ORIENTED_EDGE('',*,*,#5656,.T.);
#5706 = ORIENTED_EDGE('',*,*,#5707,.F.);
#5707 = EDGE_CURVE('',#5708,#5560,#5710,.T.);
#5708 = VERTEX_POINT('',#5709);
#5709 = CARTESIAN_POINT('',(11.45,0.,-0.4));
#5710 = SURFACE_CURVE('',#5711,(#5738,#5768),.PCURVE_S1.);
#5711 = B_SPLINE_CURVE_WITH_KNOTS('',7,(#5712,#5713,#5714,#5715,#5716,
    #5717,#5718,#5719,#5720,#5721,#5722,#5723,#5724,#5725,#5726,#5727,
    #5728,#5729,#5730,#5731,#5732,#5733,#5734,#5735,#5736,#5737),
  .UNSPECIFIED.,.F.,.F.,(8,6,6,6,8),(0.,0.21529586161,0.343216172219,
    0.709233938165,1.),.UNSPECIFIED.);
#5712 = CARTESIAN_POINT('',(11.45,-4.E-17,-0.4));
#5713 = CARTESIAN_POINT('',(11.405148691365,-7.E-17,-0.4));
#5714 = CARTESIAN_POINT('',(11.36043363505,2.346953698413E-03,
    -0.399999888623));
#5715 = CARTESIAN_POINT('',(11.316145848237,7.014978106128E-03,
    -0.400000266842));
#5716 = CARTESIAN_POINT('',(11.272586353711,1.392233539331E-02,
    -0.399913059631));
#5717 = CARTESIAN_POINT('',(11.230062327795,2.292378565621E-02,
    -0.399571270879));
#5718 = CARTESIAN_POINT('',(11.188880763594,3.38035266393E-02,
    -0.398766610726));
#5719 = CARTESIAN_POINT('',(11.12584587891,5.367504697812E-02,
    -0.396452502702));
#5720 = CARTESIAN_POINT('',(11.102880431711,6.165711373144E-02,
    -0.395359738933));
#5721 = CARTESIAN_POINT('',(11.080470506126,7.017045786669E-02,
    -0.393994584083));
#5722 = CARTESIAN_POINT('',(11.058640654937,7.916839352719E-02,
    -0.392314521721));
#5723 = CARTESIAN_POINT('',(11.037412837606,8.860210825781E-02,
    -0.390278049235));
#5724 = CARTESIAN_POINT('',(11.01680647237,9.842075945717E-02,
    -0.387846088152));
#5725 = CARTESIAN_POINT('',(10.939704192154,0.137616038307,
    -0.376792382836));
#5726 = CARTESIAN_POINT('',(10.887603368608,0.169478114812,
    -0.365047097498));
#5727 = CARTESIAN_POINT('',(10.841135952082,0.202882492268,
    -0.348896228263));
#5728 = CARTESIAN_POINT('',(10.800565123032,0.236404528887,
    -0.327743308411));
#5729 = CARTESIAN_POINT('',(10.765885433183,0.268591943128,
    -0.301448627817));
#5730 = CARTESIAN_POINT('',(10.73689841999,0.29807558073,-0.270289968119
    ));
#5731 = CARTESIAN_POINT('',(10.694655386028,0.344089011073,
    -0.206894682765));
#5732 = CARTESIAN_POINT('',(10.679433418233,0.361988373385,
    -0.176262100912));
#5733 = CARTESIAN_POINT('',(10.667512290511,0.376896764935,
    -0.143390802139));
#5734 = CARTESIAN_POINT('',(10.658713750066,0.388380470073,
    -0.10874022833));
#5735 = CARTESIAN_POINT('',(10.6529010499,0.396132417052,
    -7.287310177274E-02));
#5736 = CARTESIAN_POINT('',(10.65,0.4,-3.641476376397E-02));
#5737 = CARTESIAN_POINT('',(10.65,0.4,-6.E-17));
#5738 = PCURVE('',#5535,#5739);
#5739 = DEFINITIONAL_REPRESENTATION('',(#5740),#5767);
#5740 = B_SPLINE_CURVE_WITH_KNOTS('',7,(#5741,#5742,#5743,#5744,#5745,
    #5746,#5747,#5748,#5749,#5750,#5751,#5752,#5753,#5754,#5755,#5756,
    #5757,#5758,#5759,#5760,#5761,#5762,#5763,#5764,#5765,#5766),
  .UNSPECIFIED.,.F.,.F.,(8,6,6,6,8),(0.,0.21529586161,0.343216172219,
    0.709233938165,1.),.UNSPECIFIED.);
#5741 = CARTESIAN_POINT('',(4.712388980385,1.7));
#5742 = CARTESIAN_POINT('',(4.712388980385,1.655148691365));
#5743 = CARTESIAN_POINT('',(4.71825582773,1.61043363505));
#5744 = CARTESIAN_POINT('',(4.729927736872,1.566145848237));
#5745 = CARTESIAN_POINT('',(4.747193755764,1.522586353711));
#5746 = CARTESIAN_POINT('',(4.769697898488,1.480062327795));
#5747 = CARTESIAN_POINT('',(4.796946714494,1.438880763594));
#5748 = CARTESIAN_POINT('',(4.846961238417,1.37584587891));
#5749 = CARTESIAN_POINT('',(4.86709854055,1.352880431711));
#5750 = CARTESIAN_POINT('',(4.888644242431,1.330470506126));
#5751 = CARTESIAN_POINT('',(4.911513307943,1.308640654937));
#5752 = CARTESIAN_POINT('',(4.935624204496,1.287412837606));
#5753 = CARTESIAN_POINT('',(4.960899484244,1.26680647237));
#5754 = CARTESIAN_POINT('',(5.062709794545,1.189704192154));
#5755 = CARTESIAN_POINT('',(5.147345217522,1.137603368608));
#5756 = CARTESIAN_POINT('',(5.239378840962,1.091135952082));
#5757 = CARTESIAN_POINT('',(5.337272939662,1.050565123032));
#5758 = CARTESIAN_POINT('',(5.439867242672,1.015885433183));
#5759 = CARTESIAN_POINT('',(5.546204896207,0.98689841999));
#5760 = CARTESIAN_POINT('',(5.742039615692,0.944655386028));
#5761 = CARTESIAN_POINT('',(5.830302032752,0.929433418233));
#5762 = CARTESIAN_POINT('',(5.919765615487,0.917512290511));
#5763 = CARTESIAN_POINT('',(6.010102537967,0.908713750066));
#5764 = CARTESIAN_POINT('',(6.101002494444,0.9029010499));
#5765 = CARTESIAN_POINT('',(6.19214839777,0.9));
#5766 = CARTESIAN_POINT('',(6.28318530718,0.9));
#5767 = ( GEOMETRIC_REPRESENTATION_CONTEXT(2) 
PARAMETRIC_REPRESENTATION_CONTEXT() REPRESENTATION_CONTEXT('2D SPACE',''
  ) );
#5768 = PCURVE('',#5621,#5769);
#5769 = DEFINITIONAL_REPRESENTATION('',(#5770),#5797);
#5770 = B_SPLINE_CURVE_WITH_KNOTS('',7,(#5771,#5772,#5773,#5774,#5775,
    #5776,#5777,#5778,#5779,#5780,#5781,#5782,#5783,#5784,#5785,#5786,
    #5787,#5788,#5789,#5790,#5791,#5792,#5793,#5794,#5795,#5796),
  .UNSPECIFIED.,.F.,.F.,(8,6,6,6,8),(0.,0.21529586161,0.343216172219,
    0.709233938165,1.),.UNSPECIFIED.);
#5771 = CARTESIAN_POINT('',(4.712388980385,-21.37307011979));
#5772 = CARTESIAN_POINT('',(4.66753767175,-21.37307011979));
#5773 = CARTESIAN_POINT('',(4.622822601986,-21.37307000842));
#5774 = CARTESIAN_POINT('',(4.578387487976,-21.37307038664));
#5775 = CARTESIAN_POINT('',(4.534389894444,-21.37298317943));
#5776 = CARTESIAN_POINT('',(4.491010664165,-21.37264139067));
#5777 = CARTESIAN_POINT('',(4.448463402406,-21.37183673052));
#5778 = CARTESIAN_POINT('',(4.382370482908,-21.3695226225));
#5779 = CARTESIAN_POINT('',(4.358067729248,-21.36842985873));
#5780 = CARTESIAN_POINT('',(4.334110637456,-21.36706470388));
#5781 = CARTESIAN_POINT('',(4.310515208802,-21.36538464152));
#5782 = CARTESIAN_POINT('',(4.287298780427,-21.36334816903));
#5783 = CARTESIAN_POINT('',(4.264480242785,-21.36091620795));
#5784 = CARTESIAN_POINT('',(4.177987286432,-21.34986250263));
#5785 = CARTESIAN_POINT('',(4.117104436746,-21.33811721729));
#5786 = CARTESIAN_POINT('',(4.060114557042,-21.32196634806));
#5787 = CARTESIAN_POINT('',(4.00766130243,-21.3008134282));
#5788 = CARTESIAN_POINT('',(3.960428413064,-21.27451874761));
#5789 = CARTESIAN_POINT('',(3.919106123139,-21.24336008791));
#5790 = CARTESIAN_POINT('',(3.856642456178,-21.17996480256));
#5791 = CARTESIAN_POINT('',(3.833162890734,-21.14933222071));
#5792 = CARTESIAN_POINT('',(3.814083403945,-21.11646092193));
#5793 = CARTESIAN_POINT('',(3.799618038496,-21.08181034812));
#5794 = CARTESIAN_POINT('',(3.789928293569,-21.04594322157));
#5795 = CARTESIAN_POINT('',(3.785093762383,-21.00948488356));
#5796 = CARTESIAN_POINT('',(3.785093762383,-20.97307011979));
#5797 = ( GEOMETRIC_REPRESENTATION_CONTEXT(2) 
PARAMETRIC_REPRESENTATION_CONTEXT() REPRESENTATION_CONTEXT('2D SPACE',''
  ) );
#5798 = ORIENTED_EDGE('',*,*,#5799,.T.);
#5799 = EDGE_CURVE('',#5708,#5800,#5802,.T.);
#5800 = VERTEX_POINT('',#5801);
#5801 = CARTESIAN_POINT('',(13.65,0.,-0.4));
#5802 = SURFACE_CURVE('',#5803,(#5807,#5814),.PCURVE_S1.);
#5803 = LINE('',#5804,#5805);
#5804 = CARTESIAN_POINT('',(9.75,0.,-0.4));
#5805 = VECTOR('',#5806,1.);
#5806 = DIRECTION('',(1.,0.,0.));
#5807 = PCURVE('',#5535,#5808);
#5808 = DEFINITIONAL_REPRESENTATION('',(#5809),#5813);
#5809 = LINE('',#5810,#5811);
#5810 = CARTESIAN_POINT('',(4.712388980385,0.));
#5811 = VECTOR('',#5812,1.);
#5812 = DIRECTION('',(0.,1.));
#5813 = ( GEOMETRIC_REPRESENTATION_CONTEXT(2) 
PARAMETRIC_REPRESENTATION_CONTEXT() REPRESENTATION_CONTEXT('2D SPACE',''
  ) );
#5814 = PCURVE('',#5815,#5820);
#5815 = PLANE('',#5816);
#5816 = AXIS2_PLACEMENT_3D('',#5817,#5818,#5819);
#5817 = CARTESIAN_POINT('',(11.45,0.,20.973070119799));
#5818 = DIRECTION('',(0.,-1.,0.));
#5819 = DIRECTION('',(1.,0.,0.));
#5820 = DEFINITIONAL_REPRESENTATION('',(#5821),#5825);
#5821 = LINE('',#5822,#5823);
#5822 = CARTESIAN_POINT('',(-1.7,-21.37307011979));
#5823 = VECTOR('',#5824,1.);
#5824 = DIRECTION('',(1.,0.));
#5825 = ( GEOMETRIC_REPRESENTATION_CONTEXT(2) 
PARAMETRIC_REPRESENTATION_CONTEXT() REPRESENTATION_CONTEXT('2D SPACE',''
  ) );
#5826 = ORIENTED_EDGE('',*,*,#5827,.F.);
#5827 = EDGE_CURVE('',#5828,#5800,#5830,.T.);
#5828 = VERTEX_POINT('',#5829);
#5829 = CARTESIAN_POINT('',(13.75,-0.1,-0.387298334621));
#5830 = SURFACE_CURVE('',#5831,(#5836,#5846),.PCURVE_S1.);
#5831 = ELLIPSE('',#5832,0.565685424949,0.4);
#5832 = AXIS2_PLACEMENT_3D('',#5833,#5834,#5835);
#5833 = CARTESIAN_POINT('',(13.65,0.,0.));
#5834 = DIRECTION('',(0.707106781187,0.707106781187,0.));
#5835 = DIRECTION('',(0.707106781187,-0.707106781187,0.));
#5836 = PCURVE('',#5535,#5837);
#5837 = DEFINITIONAL_REPRESENTATION('',(#5838),#5845);
#5838 = B_SPLINE_CURVE_WITH_KNOTS('',5,(#5839,#5840,#5841,#5842,#5843,
    #5844),.UNSPECIFIED.,.F.,.F.,(6,6),(1.318116071653,1.570796326795),
  .PIECEWISE_BEZIER_KNOTS.);
#5839 = CARTESIAN_POINT('',(4.459708725243,4.));
#5840 = CARTESIAN_POINT('',(4.510244776271,3.980427471598));
#5841 = CARTESIAN_POINT('',(4.560780827299,3.960535707083));
#5842 = CARTESIAN_POINT('',(4.611316878328,3.940428841177));
#5843 = CARTESIAN_POINT('',(4.661852929356,3.920214420411));
#5844 = CARTESIAN_POINT('',(4.712388980385,3.9));
#5845 = ( GEOMETRIC_REPRESENTATION_CONTEXT(2) 
PARAMETRIC_REPRESENTATION_CONTEXT() REPRESENTATION_CONTEXT('2D SPACE',''
  ) );
#5846 = PCURVE('',#5847,#5852);
#5847 = PLANE('',#5848);
#5848 = AXIS2_PLACEMENT_3D('',#5849,#5850,#5851);
#5849 = CARTESIAN_POINT('',(13.7,-5.E-02,-0.7));
#5850 = DIRECTION('',(0.707106781187,0.707106781187,0.));
#5851 = DIRECTION('',(-0.,0.,-1.));
#5852 = DEFINITIONAL_REPRESENTATION('',(#5853),#5857);
#5853 = ELLIPSE('',#5854,0.565685424949,0.4);
#5854 = AXIS2_PLACEMENT_2D('',#5855,#5856);
#5855 = CARTESIAN_POINT('',(-0.7,7.071067811866E-02));
#5856 = DIRECTION('',(-0.,-1.));
#5857 = ( GEOMETRIC_REPRESENTATION_CONTEXT(2) 
PARAMETRIC_REPRESENTATION_CONTEXT() REPRESENTATION_CONTEXT('2D SPACE',''
  ) );
#5858 = ORIENTED_EDGE('',*,*,#5859,.F.);
#5859 = EDGE_CURVE('',#5860,#5828,#5862,.T.);
#5860 = VERTEX_POINT('',#5861);
#5861 = CARTESIAN_POINT('',(13.75,-0.1,0.387298334621));
#5862 = SURFACE_CURVE('',#5863,(#5868,#5875),.PCURVE_S1.);
#5863 = CIRCLE('',#5864,0.4);
#5864 = AXIS2_PLACEMENT_3D('',#5865,#5866,#5867);
#5865 = CARTESIAN_POINT('',(13.75,0.,0.));
#5866 = DIRECTION('',(1.,0.,0.));
#5867 = DIRECTION('',(0.,1.,0.));
#5868 = PCURVE('',#5535,#5869);
#5869 = DEFINITIONAL_REPRESENTATION('',(#5870),#5874);
#5870 = LINE('',#5871,#5872);
#5871 = CARTESIAN_POINT('',(0.,4.));
#5872 = VECTOR('',#5873,1.);
#5873 = DIRECTION('',(1.,0.));
#5874 = ( GEOMETRIC_REPRESENTATION_CONTEXT(2) 
PARAMETRIC_REPRESENTATION_CONTEXT() REPRESENTATION_CONTEXT('2D SPACE',''
  ) );
#5875 = PCURVE('',#5876,#5881);
#5876 = PLANE('',#5877);
#5877 = AXIS2_PLACEMENT_3D('',#5878,#5879,#5880);
#5878 = CARTESIAN_POINT('',(13.75,0.,0.));
#5879 = DIRECTION('',(1.,0.,0.));
#5880 = DIRECTION('',(0.,1.,0.));
#5881 = DEFINITIONAL_REPRESENTATION('',(#5882),#5886);
#5882 = CIRCLE('',#5883,0.4);
#5883 = AXIS2_PLACEMENT_2D('',#5884,#5885);
#5884 = CARTESIAN_POINT('',(0.,0.));
#5885 = DIRECTION('',(1.,-0.));
#5886 = ( GEOMETRIC_REPRESENTATION_CONTEXT(2) 
PARAMETRIC_REPRESENTATION_CONTEXT() REPRESENTATION_CONTEXT('2D SPACE',''
  ) );
#5887 = ORIENTED_EDGE('',*,*,#5888,.F.);
#5888 = EDGE_CURVE('',#5527,#5860,#5889,.T.);
#5889 = SURFACE_CURVE('',#5890,(#5895,#5905),.PCURVE_S1.);
#5890 = ELLIPSE('',#5891,0.565685424949,0.4);
#5891 = AXIS2_PLACEMENT_3D('',#5892,#5893,#5894);
#5892 = CARTESIAN_POINT('',(13.65,0.,0.));
#5893 = DIRECTION('',(0.707106781187,0.707106781187,0.));
#5894 = DIRECTION('',(0.707106781187,-0.707106781187,0.));
#5895 = PCURVE('',#5535,#5896);
#5896 = DEFINITIONAL_REPRESENTATION('',(#5897),#5904);
#5897 = B_SPLINE_CURVE_WITH_KNOTS('',5,(#5898,#5899,#5900,#5901,#5902,
    #5903),.UNSPECIFIED.,.F.,.F.,(6,6),(4.712388980385,4.965069235527),
  .PIECEWISE_BEZIER_KNOTS.);
#5898 = CARTESIAN_POINT('',(1.570796326795,3.9));
#5899 = CARTESIAN_POINT('',(1.621332377823,3.920214420411));
#5900 = CARTESIAN_POINT('',(1.671868428852,3.940428841177));
#5901 = CARTESIAN_POINT('',(1.72240447988,3.960535707083));
#5902 = CARTESIAN_POINT('',(1.772940530909,3.980427471598));
#5903 = CARTESIAN_POINT('',(1.823476581937,4.));
#5904 = ( GEOMETRIC_REPRESENTATION_CONTEXT(2) 
PARAMETRIC_REPRESENTATION_CONTEXT() REPRESENTATION_CONTEXT('2D SPACE',''
  ) );
#5905 = PCURVE('',#5906,#5911);
#5906 = PLANE('',#5907);
#5907 = AXIS2_PLACEMENT_3D('',#5908,#5909,#5910);
#5908 = CARTESIAN_POINT('',(13.7,-5.E-02,0.4));
#5909 = DIRECTION('',(0.707106781187,0.707106781187,0.));
#5910 = DIRECTION('',(0.,-0.,1.));
#5911 = DEFINITIONAL_REPRESENTATION('',(#5912),#5916);
#5912 = ELLIPSE('',#5913,0.565685424949,0.4);
#5913 = AXIS2_PLACEMENT_2D('',#5914,#5915);
#5914 = CARTESIAN_POINT('',(-0.4,-7.071067811866E-02));
#5915 = DIRECTION('',(0.,1.));
#5916 = ( GEOMETRIC_REPRESENTATION_CONTEXT(2) 
PARAMETRIC_REPRESENTATION_CONTEXT() REPRESENTATION_CONTEXT('2D SPACE',''
  ) );
#5917 = ADVANCED_FACE('',(#5918),#5547,.F.);
#5918 = FACE_BOUND('',#5919,.F.);
#5919 = EDGE_LOOP('',(#5920,#5950,#5971,#5972));
#5920 = ORIENTED_EDGE('',*,*,#5921,.T.);
#5921 = EDGE_CURVE('',#5922,#5924,#5926,.T.);
#5922 = VERTEX_POINT('',#5923);
#5923 = CARTESIAN_POINT('',(13.65,0.,0.7));
#5924 = VERTEX_POINT('',#5925);
#5925 = CARTESIAN_POINT('',(11.45,0.,0.7));
#5926 = SURFACE_CURVE('',#5927,(#5931,#5938),.PCURVE_S1.);
#5927 = LINE('',#5928,#5929);
#5928 = CARTESIAN_POINT('',(13.75,0.,0.7));
#5929 = VECTOR('',#5930,1.);
#5930 = DIRECTION('',(-1.,-0.,-0.));
#5931 = PCURVE('',#5547,#5932);
#5932 = DEFINITIONAL_REPRESENTATION('',(#5933),#5937);
#5933 = LINE('',#5934,#5935);
#5934 = CARTESIAN_POINT('',(2.3,-20.27307011979));
#5935 = VECTOR('',#5936,1.);
#5936 = DIRECTION('',(-1.,0.));
#5937 = ( GEOMETRIC_REPRESENTATION_CONTEXT(2) 
PARAMETRIC_REPRESENTATION_CONTEXT() REPRESENTATION_CONTEXT('2D SPACE',''
  ) );
#5938 = PCURVE('',#5939,#5944);
#5939 = CYLINDRICAL_SURFACE('',#5940,0.7);
#5940 = AXIS2_PLACEMENT_3D('',#5941,#5942,#5943);
#5941 = CARTESIAN_POINT('',(13.75,0.,0.));
#5942 = DIRECTION('',(-1.,-0.,-0.));
#5943 = DIRECTION('',(0.,1.,0.));
#5944 = DEFINITIONAL_REPRESENTATION('',(#5945),#5949);
#5945 = LINE('',#5946,#5947);
#5946 = CARTESIAN_POINT('',(-1.570796326795,0.));
#5947 = VECTOR('',#5948,1.);
#5948 = DIRECTION('',(-0.,1.));
#5949 = ( GEOMETRIC_REPRESENTATION_CONTEXT(2) 
PARAMETRIC_REPRESENTATION_CONTEXT() REPRESENTATION_CONTEXT('2D SPACE',''
  ) );
#5950 = ORIENTED_EDGE('',*,*,#5951,.T.);
#5951 = EDGE_CURVE('',#5924,#5525,#5952,.T.);
#5952 = SURFACE_CURVE('',#5953,(#5957,#5964),.PCURVE_S1.);
#5953 = LINE('',#5954,#5955);
#5954 = CARTESIAN_POINT('',(11.45,0.,20.973070119799));
#5955 = VECTOR('',#5956,1.);
#5956 = DIRECTION('',(-0.,-0.,-1.));
#5957 = PCURVE('',#5547,#5958);
#5958 = DEFINITIONAL_REPRESENTATION('',(#5959),#5963);
#5959 = LINE('',#5960,#5961);
#5960 = CARTESIAN_POINT('',(0.,0.));
#5961 = VECTOR('',#5962,1.);
#5962 = DIRECTION('',(0.,-1.));
#5963 = ( GEOMETRIC_REPRESENTATION_CONTEXT(2) 
PARAMETRIC_REPRESENTATION_CONTEXT() REPRESENTATION_CONTEXT('2D SPACE',''
  ) );
#5964 = PCURVE('',#5621,#5965);
#5965 = DEFINITIONAL_REPRESENTATION('',(#5966),#5970);
#5966 = LINE('',#5967,#5968);
#5967 = CARTESIAN_POINT('',(4.712388980385,0.));
#5968 = VECTOR('',#5969,1.);
#5969 = DIRECTION('',(0.,-1.));
#5970 = ( GEOMETRIC_REPRESENTATION_CONTEXT(2) 
PARAMETRIC_REPRESENTATION_CONTEXT() REPRESENTATION_CONTEXT('2D SPACE',''
  ) );
#5971 = ORIENTED_EDGE('',*,*,#5524,.T.);
#5972 = ORIENTED_EDGE('',*,*,#5973,.T.);
#5973 = EDGE_CURVE('',#5527,#5922,#5974,.T.);
#5974 = SURFACE_CURVE('',#5975,(#5979,#5986),.PCURVE_S1.);
#5975 = LINE('',#5976,#5977);
#5976 = CARTESIAN_POINT('',(13.65,0.,0.4));
#5977 = VECTOR('',#5978,1.);
#5978 = DIRECTION('',(0.,0.,1.));
#5979 = PCURVE('',#5547,#5980);
#5980 = DEFINITIONAL_REPRESENTATION('',(#5981),#5985);
#5981 = LINE('',#5982,#5983);
#5982 = CARTESIAN_POINT('',(2.2,-20.57307011979));
#5983 = VECTOR('',#5984,1.);
#5984 = DIRECTION('',(0.,1.));
#5985 = ( GEOMETRIC_REPRESENTATION_CONTEXT(2) 
PARAMETRIC_REPRESENTATION_CONTEXT() REPRESENTATION_CONTEXT('2D SPACE',''
  ) );
#5986 = PCURVE('',#5906,#5987);
#5987 = DEFINITIONAL_REPRESENTATION('',(#5988),#5992);
#5988 = LINE('',#5989,#5990);
#5989 = CARTESIAN_POINT('',(0.,-7.071067811865E-02));
#5990 = VECTOR('',#5991,1.);
#5991 = DIRECTION('',(1.,0.));
#5992 = ( GEOMETRIC_REPRESENTATION_CONTEXT(2) 
PARAMETRIC_REPRESENTATION_CONTEXT() REPRESENTATION_CONTEXT('2D SPACE',''
  ) );
#5993 = ADVANCED_FACE('',(#5994),#5906,.T.);
#5994 = FACE_BOUND('',#5995,.T.);
#5995 = EDGE_LOOP('',(#5996,#5997,#5998,#6025));
#5996 = ORIENTED_EDGE('',*,*,#5888,.F.);
#5997 = ORIENTED_EDGE('',*,*,#5973,.T.);
#5998 = ORIENTED_EDGE('',*,*,#5999,.T.);
#5999 = EDGE_CURVE('',#5922,#6000,#6002,.T.);
#6000 = VERTEX_POINT('',#6001);
#6001 = CARTESIAN_POINT('',(13.75,-0.1,0.692820323028));
#6002 = SURFACE_CURVE('',#6003,(#6008,#6015),.PCURVE_S1.);
#6003 = ELLIPSE('',#6004,0.989949493661,0.7);
#6004 = AXIS2_PLACEMENT_3D('',#6005,#6006,#6007);
#6005 = CARTESIAN_POINT('',(13.65,0.,0.));
#6006 = DIRECTION('',(0.707106781187,0.707106781187,-0.));
#6007 = DIRECTION('',(-0.707106781187,0.707106781187,0.));
#6008 = PCURVE('',#5906,#6009);
#6009 = DEFINITIONAL_REPRESENTATION('',(#6010),#6014);
#6010 = ELLIPSE('',#6011,0.989949493661,0.7);
#6011 = AXIS2_PLACEMENT_2D('',#6012,#6013);
#6012 = CARTESIAN_POINT('',(-0.4,-7.071067811866E-02));
#6013 = DIRECTION('',(0.,-1.));
#6014 = ( GEOMETRIC_REPRESENTATION_CONTEXT(2) 
PARAMETRIC_REPRESENTATION_CONTEXT() REPRESENTATION_CONTEXT('2D SPACE',''
  ) );
#6015 = PCURVE('',#5939,#6016);
#6016 = DEFINITIONAL_REPRESENTATION('',(#6017),#6024);
#6017 = B_SPLINE_CURVE_WITH_KNOTS('',5,(#6018,#6019,#6020,#6021,#6022,
    #6023),.UNSPECIFIED.,.F.,.F.,(6,6),(1.570796326795,1.7141438957),
  .PIECEWISE_BEZIER_KNOTS.);
#6018 = CARTESIAN_POINT('',(-1.570796326795,1.E-01));
#6019 = CARTESIAN_POINT('',(-1.599465840576,7.993134035325E-02));
#6020 = CARTESIAN_POINT('',(-1.628135354357,5.986268069477E-02));
#6021 = CARTESIAN_POINT('',(-1.656804868138,3.982838621054E-02));
#6022 = CARTESIAN_POINT('',(-1.685474381919,1.986282179885E-02));
#6023 = CARTESIAN_POINT('',(-1.7141438957,1.78E-15));
#6024 = ( GEOMETRIC_REPRESENTATION_CONTEXT(2) 
PARAMETRIC_REPRESENTATION_CONTEXT() REPRESENTATION_CONTEXT('2D SPACE',''
  ) );
#6025 = ORIENTED_EDGE('',*,*,#6026,.F.);
#6026 = EDGE_CURVE('',#5860,#6000,#6027,.T.);
#6027 = SURFACE_CURVE('',#6028,(#6032,#6039),.PCURVE_S1.);
#6028 = LINE('',#6029,#6030);
#6029 = CARTESIAN_POINT('',(13.75,-0.1,0.4));
#6030 = VECTOR('',#6031,1.);
#6031 = DIRECTION('',(0.,0.,1.));
#6032 = PCURVE('',#5906,#6033);
#6033 = DEFINITIONAL_REPRESENTATION('',(#6034),#6038);
#6034 = LINE('',#6035,#6036);
#6035 = CARTESIAN_POINT('',(0.,7.071067811866E-02));
#6036 = VECTOR('',#6037,1.);
#6037 = DIRECTION('',(1.,0.));
#6038 = ( GEOMETRIC_REPRESENTATION_CONTEXT(2) 
PARAMETRIC_REPRESENTATION_CONTEXT() REPRESENTATION_CONTEXT('2D SPACE',''
  ) );
#6039 = PCURVE('',#5876,#6040);
#6040 = DEFINITIONAL_REPRESENTATION('',(#6041),#6045);
#6041 = LINE('',#6042,#6043);
#6042 = CARTESIAN_POINT('',(-0.1,0.4));
#6043 = VECTOR('',#6044,1.);
#6044 = DIRECTION('',(-0.,1.));
#6045 = ( GEOMETRIC_REPRESENTATION_CONTEXT(2) 
PARAMETRIC_REPRESENTATION_CONTEXT() REPRESENTATION_CONTEXT('2D SPACE',''
  ) );
#6046 = ADVANCED_FACE('',(#6047),#5621,.F.);
#6047 = FACE_BOUND('',#6048,.F.);
#6048 = EDGE_LOOP('',(#6049,#6050,#6175,#6300,#6321,#6322));
#6049 = ORIENTED_EDGE('',*,*,#5951,.F.);
#6050 = ORIENTED_EDGE('',*,*,#6051,.F.);
#6051 = EDGE_CURVE('',#6052,#5924,#6054,.T.);
#6052 = VERTEX_POINT('',#6053);
#6053 = CARTESIAN_POINT('',(10.496060798583,0.7,0.));
#6054 = SURFACE_CURVE('',#6055,(#6093,#6134),.PCURVE_S1.);
#6055 = B_SPLINE_CURVE_WITH_KNOTS('',6,(#6056,#6057,#6058,#6059,#6060,
    #6061,#6062,#6063,#6064,#6065,#6066,#6067,#6068,#6069,#6070,#6071,
    #6072,#6073,#6074,#6075,#6076,#6077,#6078,#6079,#6080,#6081,#6082,
    #6083,#6084,#6085,#6086,#6087,#6088,#6089,#6090,#6091,#6092),
  .UNSPECIFIED.,.F.,.F.,(7,5,5,5,5,5,5,7),(0.,0.254242346518,
    0.320322993621,0.445956792986,0.6084479482,0.665347826184,
    0.788732871404,1.),.UNSPECIFIED.);
#6056 = CARTESIAN_POINT('',(10.496060798583,0.7,-9.E-17));
#6057 = CARTESIAN_POINT('',(10.496060798583,0.7,6.537130346267E-02));
#6058 = CARTESIAN_POINT('',(10.49836513317,0.692674150284,0.130841485476
    ));
#6059 = CARTESIAN_POINT('',(10.502983710673,0.677980974926,
    0.195205502327));
#6060 = CARTESIAN_POINT('',(10.510301688601,0.656203688078,
    0.257273586513));
#6061 = CARTESIAN_POINT('',(10.521056205368,0.627918395544,0.31597117532
    ));
#6062 = CARTESIAN_POINT('',(10.540069533168,0.585126696648,
    0.384584223335));
#6063 = CARTESIAN_POINT('',(10.544282227168,0.575921075249,
    0.398443315584));
#6064 = CARTESIAN_POINT('',(10.548799838621,0.566355032807,0.41198892883
    ));
#6065 = CARTESIAN_POINT('',(10.553636453615,0.556448290281,0.42520406489
    ));
#6066 = CARTESIAN_POINT('',(10.558805689249,0.546222751344,0.43807285235
    ));
#6067 = CARTESIAN_POINT('',(10.574805926251,0.515701202377,
    0.474360415769));
#6068 = CARTESIAN_POINT('',(10.586545312101,0.494625461874,
    0.496846302207));
#6069 = CARTESIAN_POINT('',(10.599622679124,0.472651861128,
    0.517920789067));
#6070 = CARTESIAN_POINT('',(10.614108346012,0.449978913773,
    0.537505950608));
#6071 = CARTESIAN_POINT('',(10.630052255917,0.426817061735,
    0.555562484915));
#6072 = CARTESIAN_POINT('',(10.67001391716,0.373064126231,0.593463569277
    ));
#6073 = CARTESIAN_POINT('',(10.694999390541,0.342325472814,
    0.612251816586));
#6074 = CARTESIAN_POINT('',(10.722478629783,0.31161674472,0.628465204033
    ));
#6075 = CARTESIAN_POINT('',(10.752418570112,0.28139902486,0.642214596173
    ));
#6076 = CARTESIAN_POINT('',(10.784697005537,0.252111524579,
    0.653690603035));
#6077 = CARTESIAN_POINT('',(10.831135645328,0.21434874782,0.666454419652
    ));
#6078 = CARTESIAN_POINT('',(10.84344393094,0.204712693554,0.669517953993
    ));
#6079 = CARTESIAN_POINT('',(10.856009580897,0.19524951,0.672345783296));
#6080 = CARTESIAN_POINT('',(10.868825346825,0.185973185703,
    0.674949480594));
#6081 = CARTESIAN_POINT('',(10.881883619814,0.176896688951,
    0.677341088162));
#6082 = CARTESIAN_POINT('',(10.924001343496,0.148809184515,
    0.684286443022));
#6083 = CARTESIAN_POINT('',(10.953922157471,0.130586998857,0.68809993943
    ));
#6084 = CARTESIAN_POINT('',(10.984866958611,0.113480033417,0.69110208238
    ));
#6085 = CARTESIAN_POINT('',(11.016753266256,9.758916769797E-02,
    0.693423117422));
#6086 = CARTESIAN_POINT('',(11.049488539209,8.300155274986E-02,
    0.695188480278));
#6087 = CARTESIAN_POINT('',(11.140300775729,4.717010001433E-02,
    0.698778797072));
#6088 = CARTESIAN_POINT('',(11.199897406374,2.855539060815E-02,
    0.699753675184));
#6089 = CARTESIAN_POINT('',(11.261227458898,1.434694554879E-02,
    0.700000365333));
#6090 = CARTESIAN_POINT('',(11.323729077919,4.787294292236E-03,
    0.69999990252));
#6091 = CARTESIAN_POINT('',(11.386838136417,6.E-17,0.7));
#6092 = CARTESIAN_POINT('',(11.45,1.1E-16,0.7));
#6093 = PCURVE('',#5621,#6094);
#6094 = DEFINITIONAL_REPRESENTATION('',(#6095),#6133);
#6095 = B_SPLINE_CURVE_WITH_KNOTS('',6,(#6096,#6097,#6098,#6099,#6100,
    #6101,#6102,#6103,#6104,#6105,#6106,#6107,#6108,#6109,#6110,#6111,
    #6112,#6113,#6114,#6115,#6116,#6117,#6118,#6119,#6120,#6121,#6122,
    #6123,#6124,#6125,#6126,#6127,#6128,#6129,#6130,#6131,#6132),
  .UNSPECIFIED.,.F.,.F.,(7,5,5,5,5,5,5,7),(0.,0.254242346518,
    0.320322993621,0.445956792986,0.6084479482,0.665347826184,
    0.788732871404,1.),.UNSPECIFIED.);
#6096 = CARTESIAN_POINT('',(3.446285307605,-20.97307011979));
#6097 = CARTESIAN_POINT('',(3.446285307605,-20.90769881633));
#6098 = CARTESIAN_POINT('',(3.453964775244,-20.84222863432));
#6099 = CARTESIAN_POINT('',(3.469367931512,-20.77786461747));
#6100 = CARTESIAN_POINT('',(3.492334543838,-20.71579653328));
#6101 = CARTESIAN_POINT('',(3.522549642357,-20.65709894447));
#6102 = CARTESIAN_POINT('',(3.569375235021,-20.58848589646));
#6103 = CARTESIAN_POINT('',(3.579498394848,-20.57462680421));
#6104 = CARTESIAN_POINT('',(3.590076295134,-20.56108119096));
#6105 = CARTESIAN_POINT('',(3.60109910467,-20.5478660549));
#6106 = CARTESIAN_POINT('',(3.612555751032,-20.53499726744));
#6107 = CARTESIAN_POINT('',(3.647016925352,-20.49870970403));
#6108 = CARTESIAN_POINT('',(3.671133934319,-20.47622381759));
#6109 = CARTESIAN_POINT('',(3.696687749159,-20.45514933073));
#6110 = CARTESIAN_POINT('',(3.723570912432,-20.43556416919));
#6111 = CARTESIAN_POINT('',(3.751671194403,-20.41750763488));
#6112 = CARTESIAN_POINT('',(3.818651135017,-20.37960655052));
#6113 = CARTESIAN_POINT('',(3.858226906161,-20.36081830321));
#6114 = CARTESIAN_POINT('',(3.899361878748,-20.34460491576));
#6115 = CARTESIAN_POINT('',(3.941813644592,-20.33085552362));
#6116 = CARTESIAN_POINT('',(3.985334410501,-20.31937951676));
#6117 = CARTESIAN_POINT('',(4.045189022471,-20.30661570014));
#6118 = CARTESIAN_POINT('',(4.06081794429,-20.3035521658));
#6119 = CARTESIAN_POINT('',(4.076544251313,-20.3007243365));
#6120 = CARTESIAN_POINT('',(4.092360643828,-20.2981206392));
#6121 = CARTESIAN_POINT('',(4.108260543461,-20.29572903163));
#6122 = CARTESIAN_POINT('',(4.158884752627,-20.28878367677));
#6123 = CARTESIAN_POINT('',(4.193888010815,-20.28497018036));
#6124 = CARTESIAN_POINT('',(4.229199309602,-20.28196803741));
#6125 = CARTESIAN_POINT('',(4.264776597412,-20.27964700237));
#6126 = CARTESIAN_POINT('',(4.300581341899,-20.27788163952));
#6127 = CARTESIAN_POINT('',(4.398206929257,-20.27429132272));
#6128 = CARTESIAN_POINT('',(4.460476371779,-20.27331644461));
#6129 = CARTESIAN_POINT('',(4.523162688714,-20.27306975446));
#6130 = CARTESIAN_POINT('',(4.586118106676,-20.27307021727));
#6131 = CARTESIAN_POINT('',(4.649227116802,-20.27307011979));
#6132 = CARTESIAN_POINT('',(4.712388980385,-20.27307011979));
#6133 = ( GEOMETRIC_REPRESENTATION_CONTEXT(2) 
PARAMETRIC_REPRESENTATION_CONTEXT() REPRESENTATION_CONTEXT('2D SPACE',''
  ) );
#6134 = PCURVE('',#5939,#6135);
#6135 = DEFINITIONAL_REPRESENTATION('',(#6136),#6174);
#6136 = B_SPLINE_CURVE_WITH_KNOTS('',6,(#6137,#6138,#6139,#6140,#6141,
    #6142,#6143,#6144,#6145,#6146,#6147,#6148,#6149,#6150,#6151,#6152,
    #6153,#6154,#6155,#6156,#6157,#6158,#6159,#6160,#6161,#6162,#6163,
    #6164,#6165,#6166,#6167,#6168,#6169,#6170,#6171,#6172,#6173),
  .UNSPECIFIED.,.F.,.F.,(7,5,5,5,5,5,5,7),(0.,0.254242346518,
    0.320322993621,0.445956792986,0.6084479482,0.665347826184,
    0.788732871404,1.),.UNSPECIFIED.);
#6137 = CARTESIAN_POINT('',(0.,3.253939201417));
#6138 = CARTESIAN_POINT('',(-9.338757637525E-02,3.253939201417));
#6139 = CARTESIAN_POINT('',(-0.186916280507,3.25163486683));
#6140 = CARTESIAN_POINT('',(-0.280331527665,3.247016289327));
#6141 = CARTESIAN_POINT('',(-0.373418691104,3.239698311399));
#6142 = CARTESIAN_POINT('',(-0.465952039798,3.228943794632));
#6143 = CARTESIAN_POINT('',(-0.581471097791,3.209930466832));
#6144 = CARTESIAN_POINT('',(-0.605229579727,3.205717772832));
#6145 = CARTESIAN_POINT('',(-0.62890510343,3.201200161379));
#6146 = CARTESIAN_POINT('',(-0.652485594984,3.196363546385));
#6147 = CARTESIAN_POINT('',(-0.675957481451,3.191194310751));
#6148 = CARTESIAN_POINT('',(-0.743695756439,3.175194073749));
#6149 = CARTESIAN_POINT('',(-0.787659009204,3.163454687899));
#6150 = CARTESIAN_POINT('',(-0.831062846153,3.150377320876));
#6151 = CARTESIAN_POINT('',(-0.873780474315,3.135891653988));
#6152 = CARTESIAN_POINT('',(-0.915687265472,3.119947744083));
#6153 = CARTESIAN_POINT('',(-1.009646334623,3.07998608284));
#6154 = CARTESIAN_POINT('',(-1.061000680239,3.055000609459));
#6155 = CARTESIAN_POINT('',(-1.110471142323,3.027521370217));
#6156 = CARTESIAN_POINT('',(-1.157789016267,2.997581429888));
#6157 = CARTESIAN_POINT('',(-1.202675569805,2.965302994463));
#6158 = CARTESIAN_POINT('',(-1.259620626087,2.918864354672));
#6159 = CARTESIAN_POINT('',(-1.274063012442,2.90655606906));
#6160 = CARTESIAN_POINT('',(-1.288169391118,2.893990419103));
#6161 = CARTESIAN_POINT('',(-1.301930664687,2.881174653175));
#6162 = CARTESIAN_POINT('',(-1.31533812082,2.868116380186));
#6163 = CARTESIAN_POINT('',(-1.356671653671,2.825998656504));
#6164 = CARTESIAN_POINT('',(-1.383249909486,2.796077842529));
#6165 = CARTESIAN_POINT('',(-1.408044273439,2.765133041389));
#6166 = CARTESIAN_POINT('',(-1.430975155846,2.733246733744));
#6167 = CARTESIAN_POINT('',(-1.451962255897,2.700511460791));
#6168 = CARTESIAN_POINT('',(-1.503406368228,2.609699224271));
#6169 = CARTESIAN_POINT('',(-1.530004866947,2.550102593626));
#6170 = CARTESIAN_POINT('',(-1.5502997795,2.488772541102));
#6171 = CARTESIAN_POINT('',(-1.563957578546,2.426270922081));
#6172 = CARTESIAN_POINT('',(-1.570796326795,2.363161863583));
#6173 = CARTESIAN_POINT('',(-1.570796326795,2.3));
#6174 = ( GEOMETRIC_REPRESENTATION_CONTEXT(2) 
PARAMETRIC_REPRESENTATION_CONTEXT() REPRESENTATION_CONTEXT('2D SPACE',''
  ) );
#6175 = ORIENTED_EDGE('',*,*,#6176,.F.);
#6176 = EDGE_CURVE('',#6177,#6052,#6179,.T.);
#6177 = VERTEX_POINT('',#6178);
#6178 = CARTESIAN_POINT('',(11.45,0.,-0.7));
#6179 = SURFACE_CURVE('',#6180,(#6218,#6259),.PCURVE_S1.);
#6180 = B_SPLINE_CURVE_WITH_KNOTS('',6,(#6181,#6182,#6183,#6184,#6185,
    #6186,#6187,#6188,#6189,#6190,#6191,#6192,#6193,#6194,#6195,#6196,
    #6197,#6198,#6199,#6200,#6201,#6202,#6203,#6204,#6205,#6206,#6207,
    #6208,#6209,#6210,#6211,#6212,#6213,#6214,#6215,#6216,#6217),
  .UNSPECIFIED.,.F.,.F.,(7,5,5,5,5,5,5,7),(0.,0.207450025539,
    0.333373346943,0.388423150132,0.554344514813,0.67855216069,
    0.745316759846,1.),.UNSPECIFIED.);
#6181 = CARTESIAN_POINT('',(11.45,-6.E-17,-0.7));
#6182 = CARTESIAN_POINT('',(11.387983981972,-1.1E-16,-0.7));
#6183 = CARTESIAN_POINT('',(11.32601759856,4.615175118387E-03,
    -0.699999917208));
#6184 = CARTESIAN_POINT('',(11.264626739169,1.383172976066E-02,
    -0.700000311248));
#6185 = CARTESIAN_POINT('',(11.204345823698,2.753451336883E-02,
    -0.699771129097));
#6186 = CARTESIAN_POINT('',(11.145707818349,4.549774475496E-02,
    -0.698864713237));
#6187 = CARTESIAN_POINT('',(11.054932397981,8.061259995834E-02,
    -0.695470473435));
#6188 = CARTESIAN_POINT('',(11.021409914205,9.531925952726E-02,
    -0.693743115364));
#6189 = CARTESIAN_POINT('',(10.988761871637,0.111392233144,
    -0.691450465586));
#6190 = CARTESIAN_POINT('',(10.957086969715,0.128740114122,
    -0.688459643979));
#6191 = CARTESIAN_POINT('',(10.926473220358,0.147256614394,
    -0.684632223376));
#6192 = CARTESIAN_POINT('',(10.884111441484,0.175373214289,
    -0.677732830394));
#6193 = CARTESIAN_POINT('',(10.871444353859,0.184125170278,
    -0.675448376294));
#6194 = CARTESIAN_POINT('',(10.859003337138,0.193065598576,
    -0.672966844472));
#6195 = CARTESIAN_POINT('',(10.846795309505,0.202182849167,
    -0.670277294929));
#6196 = CARTESIAN_POINT('',(10.834826881979,0.211464381119,
    -0.667369181958));
#6197 = CARTESIAN_POINT('',(10.787772404503,0.249326175848,
    -0.654777883402));
#6198 = CARTESIAN_POINT('',(10.754630174648,0.279161304796,
    -0.643234315588));
#6199 = CARTESIAN_POINT('',(10.723921270213,0.309989813713,
    -0.62933407429));
#6200 = CARTESIAN_POINT('',(10.695777385476,0.341347146836,
    -0.612866728538));
#6201 = CARTESIAN_POINT('',(10.670232763073,0.372744342115,
    -0.59371462838));
#6202 = CARTESIAN_POINT('',(10.63003014817,0.426866051112,
    -0.555508563239));
#6203 = CARTESIAN_POINT('',(10.614266267157,0.449764126472,
    -0.537656276104));
#6204 = CARTESIAN_POINT('',(10.599927691629,0.472184814247,
    -0.518309943895));
#6205 = CARTESIAN_POINT('',(10.586966364216,0.493924677304,
    -0.497507450563));
#6206 = CARTESIAN_POINT('',(10.575314678498,0.51479162874,
    -0.475323620463));
#6207 = CARTESIAN_POINT('',(10.559289499445,0.545269612422,
    -0.439264729639));
#6208 = CARTESIAN_POINT('',(10.554040938421,0.555625653898,
    -0.426288746753));
#6209 = CARTESIAN_POINT('',(10.54913276273,0.565657559883,
    -0.412958233619));
#6210 = CARTESIAN_POINT('',(10.544550954987,0.575342643105,
    -0.399289507632));
#6211 = CARTESIAN_POINT('',(10.540280995588,0.584660490818,
    -0.385300071782));
#6212 = CARTESIAN_POINT('',(10.521151771521,0.627667181422,
    -0.316491780078));
#6213 = CARTESIAN_POINT('',(10.510353728876,0.656048856569,
    -0.257714342714));
#6214 = CARTESIAN_POINT('',(10.503008304126,0.677902692921,
    -0.195548294687));
#6215 = CARTESIAN_POINT('',(10.498373298918,0.692648205176,
    -0.131073686865));
#6216 = CARTESIAN_POINT('',(10.496060798583,0.7,-6.548695975823E-02));
#6217 = CARTESIAN_POINT('',(10.496060798583,0.7,-1.1E-16));
#6218 = PCURVE('',#5621,#6219);
#6219 = DEFINITIONAL_REPRESENTATION('',(#6220),#6258);
#6220 = B_SPLINE_CURVE_WITH_KNOTS('',6,(#6221,#6222,#6223,#6224,#6225,
    #6226,#6227,#6228,#6229,#6230,#6231,#6232,#6233,#6234,#6235,#6236,
    #6237,#6238,#6239,#6240,#6241,#6242,#6243,#6244,#6245,#6246,#6247,
    #6248,#6249,#6250,#6251,#6252,#6253,#6254,#6255,#6256,#6257),
  .UNSPECIFIED.,.F.,.F.,(7,5,5,5,5,5,5,7),(0.,0.207450025539,
    0.333373346943,0.388423150132,0.554344514813,0.67855216069,
    0.745316759846,1.),.UNSPECIFIED.);
#6221 = CARTESIAN_POINT('',(4.712388980385,-21.67307011979));
#6222 = CARTESIAN_POINT('',(4.650372962357,-21.67307011979));
#6223 = CARTESIAN_POINT('',(4.588406622672,-21.673070037));
#6224 = CARTESIAN_POINT('',(4.52658622578,-21.67307043104));
#6225 = CARTESIAN_POINT('',(4.465021353958,-21.67284124889));
#6226 = CARTESIAN_POINT('',(4.403851828176,-21.67193483303));
#6227 = CARTESIAN_POINT('',(4.306521308816,-21.66854059323));
#6228 = CARTESIAN_POINT('',(4.26995065916,-21.66681323516));
#6229 = CARTESIAN_POINT('',(4.233613194145,-21.66452058538));
#6230 = CARTESIAN_POINT('',(4.197549184741,-21.66152976377));
#6231 = CARTESIAN_POINT('',(4.16180276401,-21.65770234317));
#6232 = CARTESIAN_POINT('',(4.110959244275,-21.65080295019));
#6233 = CARTESIAN_POINT('',(4.095565448922,-21.64851849609));
#6234 = CARTESIAN_POINT('',(4.0802490928,-21.64603696427));
#6235 = CARTESIAN_POINT('',(4.065016066243,-21.64334741472));
#6236 = CARTESIAN_POINT('',(4.049872889966,-21.64043930175));
#6237 = CARTESIAN_POINT('',(3.989477200131,-21.6278480032));
#6238 = CARTESIAN_POINT('',(3.944952466691,-21.61630443538));
#6239 = CARTESIAN_POINT('',(3.901532933696,-21.60240419408));
#6240 = CARTESIAN_POINT('',(3.859475070507,-21.58593684833));
#6241 = CARTESIAN_POINT('',(3.819038340231,-21.56678474817));
#6242 = CARTESIAN_POINT('',(3.751618687089,-21.52857868303));
#6243 = CARTESIAN_POINT('',(3.723837096647,-21.5107263959));
#6244 = CARTESIAN_POINT('',(3.697244978232,-21.49138006369));
#6245 = CARTESIAN_POINT('',(3.671950866999,-21.47057757036));
#6246 = CARTESIAN_POINT('',(3.648058745517,-21.44839374026));
#6247 = CARTESIAN_POINT('',(3.613624549534,-21.41233484943));
#6248 = CARTESIAN_POINT('',(3.602015692525,-21.39935886655));
#6249 = CARTESIAN_POINT('',(3.590849071,-21.38602835341));
#6250 = CARTESIAN_POINT('',(3.580136160807,-21.37235962743));
#6251 = CARTESIAN_POINT('',(3.569887142693,-21.35837019158));
#6252 = CARTESIAN_POINT('',(3.522818016398,-21.28956189987));
#6253 = CARTESIAN_POINT('',(3.492497827024,-21.23078446251));
#6254 = CARTESIAN_POINT('',(3.469449998489,-21.16861841448));
#6255 = CARTESIAN_POINT('',(3.453991971814,-21.10414380666));
#6256 = CARTESIAN_POINT('',(3.446285307605,-21.03855707955));
#6257 = CARTESIAN_POINT('',(3.446285307605,-20.97307011979));
#6258 = ( GEOMETRIC_REPRESENTATION_CONTEXT(2) 
PARAMETRIC_REPRESENTATION_CONTEXT() REPRESENTATION_CONTEXT('2D SPACE',''
  ) );
#6259 = PCURVE('',#5939,#6260);
#6260 = DEFINITIONAL_REPRESENTATION('',(#6261),#6299);
#6261 = B_SPLINE_CURVE_WITH_KNOTS('',6,(#6262,#6263,#6264,#6265,#6266,
    #6267,#6268,#6269,#6270,#6271,#6272,#6273,#6274,#6275,#6276,#6277,
    #6278,#6279,#6280,#6281,#6282,#6283,#6284,#6285,#6286,#6287,#6288,
    #6289,#6290,#6291,#6292,#6293,#6294,#6295,#6296,#6297,#6298),
  .UNSPECIFIED.,.F.,.F.,(7,5,5,5,5,5,5,7),(0.,0.207450025539,
    0.333373346943,0.388423150132,0.554344514813,0.67855216069,
    0.745316759846,1.),.UNSPECIFIED.);
#6262 = CARTESIAN_POINT('',(-4.712388980385,2.3));
#6263 = CARTESIAN_POINT('',(-4.712388980385,2.362016018028));
#6264 = CARTESIAN_POINT('',(-4.718981876346,2.42398240144));
#6265 = CARTESIAN_POINT('',(-4.732149387474,2.485373260831));
#6266 = CARTESIAN_POINT('',(-4.751722295142,2.545654176302));
#6267 = CARTESIAN_POINT('',(-4.777389326856,2.604292181651));
#6268 = CARTESIAN_POINT('',(-4.827787211485,2.695067602019));
#6269 = CARTESIAN_POINT('',(-4.848936724952,2.728590085795));
#6270 = CARTESIAN_POINT('',(-4.872119004807,2.761238128363));
#6271 = CARTESIAN_POINT('',(-4.897248925558,2.792913030285));
#6272 = CARTESIAN_POINT('',(-4.924241923244,2.823526779642));
#6273 = CARTESIAN_POINT('',(-4.965600110084,2.865888558516));
#6274 = CARTESIAN_POINT('',(-4.978520427418,2.878555646141));
#6275 = CARTESIAN_POINT('',(-4.991772886155,2.890996662862));
#6276 = CARTESIAN_POINT('',(-5.00534963121,2.903204690495));
#6277 = CARTESIAN_POINT('',(-5.019242475539,2.915173118021));
#6278 = CARTESIAN_POINT('',(-5.076243304379,2.962227595497));
#6279 = CARTESIAN_POINT('',(-5.121891067814,2.995369825352));
#6280 = CARTESIAN_POINT('',(-5.170088856935,3.026078729787));
#6281 = CARTESIAN_POINT('',(-5.220537304527,3.054222614524));
#6282 = CARTESIAN_POINT('',(-5.272958929948,3.079767236927));
#6283 = CARTESIAN_POINT('',(-5.367599633947,3.11996985183));
#6284 = CARTESIAN_POINT('',(-5.409031407646,3.135733732843));
#6285 = CARTESIAN_POINT('',(-5.451256154231,3.150072308371));
#6286 = CARTESIAN_POINT('',(-5.494153241891,3.163033635784));
#6287 = CARTESIAN_POINT('',(-5.537599977281,3.174685321502));
#6288 = CARTESIAN_POINT('',(-5.605048386843,3.190710500555));
#6289 = CARTESIAN_POINT('',(-5.628755925273,3.195959061579));
#6290 = CARTESIAN_POINT('',(-5.652575163487,3.20086723727));
#6291 = CARTESIAN_POINT('',(-5.676492036099,3.205449045013));
#6292 = CARTESIAN_POINT('',(-5.700494038963,3.209719004412));
#6293 = CARTESIAN_POINT('',(-5.816412346263,3.228848228479));
#6294 = CARTESIAN_POINT('',(-5.909105521812,3.239646271124));
#6295 = CARTESIAN_POINT('',(-6.002356275172,3.246991695874));
#6296 = CARTESIAN_POINT('',(-6.095937311871,3.251626701082));
#6297 = CARTESIAN_POINT('',(-6.189632507525,3.253939201417));
#6298 = CARTESIAN_POINT('',(-6.28318530718,3.253939201417));
#6299 = ( GEOMETRIC_REPRESENTATION_CONTEXT(2) 
PARAMETRIC_REPRESENTATION_CONTEXT() REPRESENTATION_CONTEXT('2D SPACE',''
  ) );
#6300 = ORIENTED_EDGE('',*,*,#6301,.F.);
#6301 = EDGE_CURVE('',#5708,#6177,#6302,.T.);
#6302 = SURFACE_CURVE('',#6303,(#6307,#6314),.PCURVE_S1.);
#6303 = LINE('',#6304,#6305);
#6304 = CARTESIAN_POINT('',(11.45,0.,20.973070119799));
#6305 = VECTOR('',#6306,1.);
#6306 = DIRECTION('',(-0.,-0.,-1.));
#6307 = PCURVE('',#5621,#6308);
#6308 = DEFINITIONAL_REPRESENTATION('',(#6309),#6313);
#6309 = LINE('',#6310,#6311);
#6310 = CARTESIAN_POINT('',(4.712388980385,0.));
#6311 = VECTOR('',#6312,1.);
#6312 = DIRECTION('',(0.,-1.));
#6313 = ( GEOMETRIC_REPRESENTATION_CONTEXT(2) 
PARAMETRIC_REPRESENTATION_CONTEXT() REPRESENTATION_CONTEXT('2D SPACE',''
  ) );
#6314 = PCURVE('',#5815,#6315);
#6315 = DEFINITIONAL_REPRESENTATION('',(#6316),#6320);
#6316 = LINE('',#6317,#6318);
#6317 = CARTESIAN_POINT('',(0.,0.));
#6318 = VECTOR('',#6319,1.);
#6319 = DIRECTION('',(0.,-1.));
#6320 = ( GEOMETRIC_REPRESENTATION_CONTEXT(2) 
PARAMETRIC_REPRESENTATION_CONTEXT() REPRESENTATION_CONTEXT('2D SPACE',''
  ) );
#6321 = ORIENTED_EDGE('',*,*,#5707,.T.);
#6322 = ORIENTED_EDGE('',*,*,#5559,.T.);
#6323 = ADVANCED_FACE('',(#6324),#5876,.T.);
#6324 = FACE_BOUND('',#6325,.F.);
#6325 = EDGE_LOOP('',(#6326,#6350,#6351,#6352));
#6326 = ORIENTED_EDGE('',*,*,#6327,.F.);
#6327 = EDGE_CURVE('',#6000,#6328,#6330,.T.);
#6328 = VERTEX_POINT('',#6329);
#6329 = CARTESIAN_POINT('',(13.75,-0.1,-0.692820323028));
#6330 = SURFACE_CURVE('',#6331,(#6336,#6343),.PCURVE_S1.);
#6331 = CIRCLE('',#6332,0.7);
#6332 = AXIS2_PLACEMENT_3D('',#6333,#6334,#6335);
#6333 = CARTESIAN_POINT('',(13.75,0.,0.));
#6334 = DIRECTION('',(1.,0.,0.));
#6335 = DIRECTION('',(0.,1.,0.));
#6336 = PCURVE('',#5876,#6337);
#6337 = DEFINITIONAL_REPRESENTATION('',(#6338),#6342);
#6338 = CIRCLE('',#6339,0.7);
#6339 = AXIS2_PLACEMENT_2D('',#6340,#6341);
#6340 = CARTESIAN_POINT('',(0.,0.));
#6341 = DIRECTION('',(1.,-0.));
#6342 = ( GEOMETRIC_REPRESENTATION_CONTEXT(2) 
PARAMETRIC_REPRESENTATION_CONTEXT() REPRESENTATION_CONTEXT('2D SPACE',''
  ) );
#6343 = PCURVE('',#5939,#6344);
#6344 = DEFINITIONAL_REPRESENTATION('',(#6345),#6349);
#6345 = LINE('',#6346,#6347);
#6346 = CARTESIAN_POINT('',(-0.,0.));
#6347 = VECTOR('',#6348,1.);
#6348 = DIRECTION('',(-1.,0.));
#6349 = ( GEOMETRIC_REPRESENTATION_CONTEXT(2) 
PARAMETRIC_REPRESENTATION_CONTEXT() REPRESENTATION_CONTEXT('2D SPACE',''
  ) );
#6350 = ORIENTED_EDGE('',*,*,#6026,.F.);
#6351 = ORIENTED_EDGE('',*,*,#5859,.T.);
#6352 = ORIENTED_EDGE('',*,*,#6353,.F.);
#6353 = EDGE_CURVE('',#6328,#5828,#6354,.T.);
#6354 = SURFACE_CURVE('',#6355,(#6359,#6366),.PCURVE_S1.);
#6355 = LINE('',#6356,#6357);
#6356 = CARTESIAN_POINT('',(13.75,-0.1,-0.7));
#6357 = VECTOR('',#6358,1.);
#6358 = DIRECTION('',(0.,0.,1.));
#6359 = PCURVE('',#5876,#6360);
#6360 = DEFINITIONAL_REPRESENTATION('',(#6361),#6365);
#6361 = LINE('',#6362,#6363);
#6362 = CARTESIAN_POINT('',(-0.1,-0.7));
#6363 = VECTOR('',#6364,1.);
#6364 = DIRECTION('',(-0.,1.));
#6365 = ( GEOMETRIC_REPRESENTATION_CONTEXT(2) 
PARAMETRIC_REPRESENTATION_CONTEXT() REPRESENTATION_CONTEXT('2D SPACE',''
  ) );
#6366 = PCURVE('',#5847,#6367);
#6367 = DEFINITIONAL_REPRESENTATION('',(#6368),#6372);
#6368 = LINE('',#6369,#6370);
#6369 = CARTESIAN_POINT('',(-0.,-7.071067811866E-02));
#6370 = VECTOR('',#6371,1.);
#6371 = DIRECTION('',(-1.,0.));
#6372 = ( GEOMETRIC_REPRESENTATION_CONTEXT(2) 
PARAMETRIC_REPRESENTATION_CONTEXT() REPRESENTATION_CONTEXT('2D SPACE',''
  ) );
#6373 = ADVANCED_FACE('',(#6374),#5847,.T.);
#6374 = FACE_BOUND('',#6375,.F.);
#6375 = EDGE_LOOP('',(#6376,#6403,#6404,#6405));
#6376 = ORIENTED_EDGE('',*,*,#6377,.F.);
#6377 = EDGE_CURVE('',#6328,#6378,#6380,.T.);
#6378 = VERTEX_POINT('',#6379);
#6379 = CARTESIAN_POINT('',(13.65,0.,-0.7));
#6380 = SURFACE_CURVE('',#6381,(#6386,#6393),.PCURVE_S1.);
#6381 = ELLIPSE('',#6382,0.989949493661,0.7);
#6382 = AXIS2_PLACEMENT_3D('',#6383,#6384,#6385);
#6383 = CARTESIAN_POINT('',(13.65,0.,0.));
#6384 = DIRECTION('',(0.707106781187,0.707106781187,-0.));
#6385 = DIRECTION('',(-0.707106781187,0.707106781187,0.));
#6386 = PCURVE('',#5847,#6387);
#6387 = DEFINITIONAL_REPRESENTATION('',(#6388),#6392);
#6388 = ELLIPSE('',#6389,0.989949493661,0.7);
#6389 = AXIS2_PLACEMENT_2D('',#6390,#6391);
#6390 = CARTESIAN_POINT('',(-0.7,7.071067811866E-02));
#6391 = DIRECTION('',(-0.,1.));
#6392 = ( GEOMETRIC_REPRESENTATION_CONTEXT(2) 
PARAMETRIC_REPRESENTATION_CONTEXT() REPRESENTATION_CONTEXT('2D SPACE',''
  ) );
#6393 = PCURVE('',#5939,#6394);
#6394 = DEFINITIONAL_REPRESENTATION('',(#6395),#6402);
#6395 = B_SPLINE_CURVE_WITH_KNOTS('',5,(#6396,#6397,#6398,#6399,#6400,
    #6401),.UNSPECIFIED.,.F.,.F.,(6,6),(4.569041411479,4.712388980385),
  .PIECEWISE_BEZIER_KNOTS.);
#6396 = CARTESIAN_POINT('',(-4.569041411479,0.));
#6397 = CARTESIAN_POINT('',(-4.59771092526,1.986282179885E-02));
#6398 = CARTESIAN_POINT('',(-4.626380439041,3.982838621054E-02));
#6399 = CARTESIAN_POINT('',(-4.655049952823,5.986268069476E-02));
#6400 = CARTESIAN_POINT('',(-4.683719466604,7.993134035325E-02));
#6401 = CARTESIAN_POINT('',(-4.712388980385,1.E-01));
#6402 = ( GEOMETRIC_REPRESENTATION_CONTEXT(2) 
PARAMETRIC_REPRESENTATION_CONTEXT() REPRESENTATION_CONTEXT('2D SPACE',''
  ) );
#6403 = ORIENTED_EDGE('',*,*,#6353,.T.);
#6404 = ORIENTED_EDGE('',*,*,#5827,.T.);
#6405 = ORIENTED_EDGE('',*,*,#6406,.F.);
#6406 = EDGE_CURVE('',#6378,#5800,#6407,.T.);
#6407 = SURFACE_CURVE('',#6408,(#6412,#6419),.PCURVE_S1.);
#6408 = LINE('',#6409,#6410);
#6409 = CARTESIAN_POINT('',(13.65,0.,-0.7));
#6410 = VECTOR('',#6411,1.);
#6411 = DIRECTION('',(0.,0.,1.));
#6412 = PCURVE('',#5847,#6413);
#6413 = DEFINITIONAL_REPRESENTATION('',(#6414),#6418);
#6414 = LINE('',#6415,#6416);
#6415 = CARTESIAN_POINT('',(-0.,7.071067811865E-02));
#6416 = VECTOR('',#6417,1.);
#6417 = DIRECTION('',(-1.,0.));
#6418 = ( GEOMETRIC_REPRESENTATION_CONTEXT(2) 
PARAMETRIC_REPRESENTATION_CONTEXT() REPRESENTATION_CONTEXT('2D SPACE',''
  ) );
#6419 = PCURVE('',#5815,#6420);
#6420 = DEFINITIONAL_REPRESENTATION('',(#6421),#6425);
#6421 = LINE('',#6422,#6423);
#6422 = CARTESIAN_POINT('',(2.2,-21.67307011979));
#6423 = VECTOR('',#6424,1.);
#6424 = DIRECTION('',(0.,1.));
#6425 = ( GEOMETRIC_REPRESENTATION_CONTEXT(2) 
PARAMETRIC_REPRESENTATION_CONTEXT() REPRESENTATION_CONTEXT('2D SPACE',''
  ) );
#6426 = ADVANCED_FACE('',(#6427),#5694,.F.);
#6427 = FACE_BOUND('',#6428,.F.);
#6428 = EDGE_LOOP('',(#6429,#6452,#6453));
#6429 = ORIENTED_EDGE('',*,*,#6430,.T.);
#6430 = EDGE_CURVE('',#6431,#5657,#6433,.T.);
#6431 = VERTEX_POINT('',#6432);
#6432 = CARTESIAN_POINT('',(9.519059892324,0.,0.));
#6433 = SEAM_CURVE('',#6434,(#6438,#6445),.PCURVE_S1.);
#6434 = LINE('',#6435,#6436);
#6435 = CARTESIAN_POINT('',(9.519059892324,0.,0.));
#6436 = VECTOR('',#6437,1.);
#6437 = DIRECTION('',(0.5,0.866025403784,0.));
#6438 = PCURVE('',#5694,#6439);
#6439 = DEFINITIONAL_REPRESENTATION('',(#6440),#6444);
#6440 = LINE('',#6441,#6442);
#6441 = CARTESIAN_POINT('',(0.,0.));
#6442 = VECTOR('',#6443,1.);
#6443 = DIRECTION('',(0.,1.));
#6444 = ( GEOMETRIC_REPRESENTATION_CONTEXT(2) 
PARAMETRIC_REPRESENTATION_CONTEXT() REPRESENTATION_CONTEXT('2D SPACE',''
  ) );
#6445 = PCURVE('',#5694,#6446);
#6446 = DEFINITIONAL_REPRESENTATION('',(#6447),#6451);
#6447 = LINE('',#6448,#6449);
#6448 = CARTESIAN_POINT('',(6.28318530718,0.));
#6449 = VECTOR('',#6450,1.);
#6450 = DIRECTION('',(0.,1.));
#6451 = ( GEOMETRIC_REPRESENTATION_CONTEXT(2) 
PARAMETRIC_REPRESENTATION_CONTEXT() REPRESENTATION_CONTEXT('2D SPACE',''
  ) );
#6452 = ORIENTED_EDGE('',*,*,#5679,.F.);
#6453 = ORIENTED_EDGE('',*,*,#6430,.F.);
#6454 = ADVANCED_FACE('',(#6455),#5815,.F.);
#6455 = FACE_BOUND('',#6456,.F.);
#6456 = EDGE_LOOP('',(#6457,#6458,#6459,#6480));
#6457 = ORIENTED_EDGE('',*,*,#5799,.F.);
#6458 = ORIENTED_EDGE('',*,*,#6301,.T.);
#6459 = ORIENTED_EDGE('',*,*,#6460,.F.);
#6460 = EDGE_CURVE('',#6378,#6177,#6461,.T.);
#6461 = SURFACE_CURVE('',#6462,(#6466,#6473),.PCURVE_S1.);
#6462 = LINE('',#6463,#6464);
#6463 = CARTESIAN_POINT('',(13.75,0.,-0.7));
#6464 = VECTOR('',#6465,1.);
#6465 = DIRECTION('',(-1.,-0.,-0.));
#6466 = PCURVE('',#5815,#6467);
#6467 = DEFINITIONAL_REPRESENTATION('',(#6468),#6472);
#6468 = LINE('',#6469,#6470);
#6469 = CARTESIAN_POINT('',(2.3,-21.67307011979));
#6470 = VECTOR('',#6471,1.);
#6471 = DIRECTION('',(-1.,0.));
#6472 = ( GEOMETRIC_REPRESENTATION_CONTEXT(2) 
PARAMETRIC_REPRESENTATION_CONTEXT() REPRESENTATION_CONTEXT('2D SPACE',''
  ) );
#6473 = PCURVE('',#5939,#6474);
#6474 = DEFINITIONAL_REPRESENTATION('',(#6475),#6479);
#6475 = LINE('',#6476,#6477);
#6476 = CARTESIAN_POINT('',(-4.712388980385,0.));
#6477 = VECTOR('',#6478,1.);
#6478 = DIRECTION('',(-0.,1.));
#6479 = ( GEOMETRIC_REPRESENTATION_CONTEXT(2) 
PARAMETRIC_REPRESENTATION_CONTEXT() REPRESENTATION_CONTEXT('2D SPACE',''
  ) );
#6480 = ORIENTED_EDGE('',*,*,#6406,.T.);
#6481 = ADVANCED_FACE('',(#6482),#5939,.T.);
#6482 = FACE_BOUND('',#6483,.F.);
#6483 = EDGE_LOOP('',(#6484,#6485,#6486,#6487,#6488,#6489,#6490,#6513,
    #6540,#6541));
#6484 = ORIENTED_EDGE('',*,*,#5921,.F.);
#6485 = ORIENTED_EDGE('',*,*,#5999,.T.);
#6486 = ORIENTED_EDGE('',*,*,#6327,.T.);
#6487 = ORIENTED_EDGE('',*,*,#6377,.T.);
#6488 = ORIENTED_EDGE('',*,*,#6460,.T.);
#6489 = ORIENTED_EDGE('',*,*,#6176,.T.);
#6490 = ORIENTED_EDGE('',*,*,#6491,.T.);
#6491 = EDGE_CURVE('',#6052,#6492,#6494,.T.);
#6492 = VERTEX_POINT('',#6493);
#6493 = CARTESIAN_POINT('',(8.75,0.7,0.));
#6494 = SEAM_CURVE('',#6495,(#6499,#6506),.PCURVE_S1.);
#6495 = LINE('',#6496,#6497);
#6496 = CARTESIAN_POINT('',(13.75,0.7,0.));
#6497 = VECTOR('',#6498,1.);
#6498 = DIRECTION('',(-1.,0.,0.));
#6499 = PCURVE('',#5939,#6500);
#6500 = DEFINITIONAL_REPRESENTATION('',(#6501),#6505);
#6501 = LINE('',#6502,#6503);
#6502 = CARTESIAN_POINT('',(-0.,0.));
#6503 = VECTOR('',#6504,1.);
#6504 = DIRECTION('',(-0.,1.));
#6505 = ( GEOMETRIC_REPRESENTATION_CONTEXT(2) 
PARAMETRIC_REPRESENTATION_CONTEXT() REPRESENTATION_CONTEXT('2D SPACE',''
  ) );
#6506 = PCURVE('',#5939,#6507);
#6507 = DEFINITIONAL_REPRESENTATION('',(#6508),#6512);
#6508 = LINE('',#6509,#6510);
#6509 = CARTESIAN_POINT('',(-6.28318530718,0.));
#6510 = VECTOR('',#6511,1.);
#6511 = DIRECTION('',(-0.,1.));
#6512 = ( GEOMETRIC_REPRESENTATION_CONTEXT(2) 
PARAMETRIC_REPRESENTATION_CONTEXT() REPRESENTATION_CONTEXT('2D SPACE',''
  ) );
#6513 = ORIENTED_EDGE('',*,*,#6514,.F.);
#6514 = EDGE_CURVE('',#6492,#6492,#6515,.T.);
#6515 = SURFACE_CURVE('',#6516,(#6521,#6528),.PCURVE_S1.);
#6516 = CIRCLE('',#6517,0.7);
#6517 = AXIS2_PLACEMENT_3D('',#6518,#6519,#6520);
#6518 = CARTESIAN_POINT('',(8.75,0.,0.));
#6519 = DIRECTION('',(1.,0.,0.));
#6520 = DIRECTION('',(0.,1.,0.));
#6521 = PCURVE('',#5939,#6522);
#6522 = DEFINITIONAL_REPRESENTATION('',(#6523),#6527);
#6523 = LINE('',#6524,#6525);
#6524 = CARTESIAN_POINT('',(-0.,5.));
#6525 = VECTOR('',#6526,1.);
#6526 = DIRECTION('',(-1.,0.));
#6527 = ( GEOMETRIC_REPRESENTATION_CONTEXT(2) 
PARAMETRIC_REPRESENTATION_CONTEXT() REPRESENTATION_CONTEXT('2D SPACE',''
  ) );
#6528 = PCURVE('',#6529,#6534);
#6529 = PLANE('',#6530);
#6530 = AXIS2_PLACEMENT_3D('',#6531,#6532,#6533);
#6531 = CARTESIAN_POINT('',(8.75,0.,0.));
#6532 = DIRECTION('',(1.,0.,0.));
#6533 = DIRECTION('',(0.,1.,0.));
#6534 = DEFINITIONAL_REPRESENTATION('',(#6535),#6539);
#6535 = CIRCLE('',#6536,0.7);
#6536 = AXIS2_PLACEMENT_2D('',#6537,#6538);
#6537 = CARTESIAN_POINT('',(0.,0.));
#6538 = DIRECTION('',(1.,-0.));
#6539 = ( GEOMETRIC_REPRESENTATION_CONTEXT(2) 
PARAMETRIC_REPRESENTATION_CONTEXT() REPRESENTATION_CONTEXT('2D SPACE',''
  ) );
#6540 = ORIENTED_EDGE('',*,*,#6491,.F.);
#6541 = ORIENTED_EDGE('',*,*,#6051,.T.);
#6542 = ADVANCED_FACE('',(#6543,#6546),#6529,.T.);
#6543 = FACE_BOUND('',#6544,.F.);
#6544 = EDGE_LOOP('',(#6545));
#6545 = ORIENTED_EDGE('',*,*,#6514,.T.);
#6546 = FACE_BOUND('',#6547,.F.);
#6547 = EDGE_LOOP('',(#6548));
#6548 = ORIENTED_EDGE('',*,*,#6549,.F.);
#6549 = EDGE_CURVE('',#6550,#6550,#6552,.T.);
#6550 = VERTEX_POINT('',#6551);
#6551 = CARTESIAN_POINT('',(8.75,1.,0.));
#6552 = SURFACE_CURVE('',#6553,(#6558,#6565),.PCURVE_S1.);
#6553 = CIRCLE('',#6554,1.);
#6554 = AXIS2_PLACEMENT_3D('',#6555,#6556,#6557);
#6555 = CARTESIAN_POINT('',(8.75,0.,0.));
#6556 = DIRECTION('',(1.,0.,0.));
#6557 = DIRECTION('',(0.,1.,0.));
#6558 = PCURVE('',#6529,#6559);
#6559 = DEFINITIONAL_REPRESENTATION('',(#6560),#6564);
#6560 = CIRCLE('',#6561,1.);
#6561 = AXIS2_PLACEMENT_2D('',#6562,#6563);
#6562 = CARTESIAN_POINT('',(0.,0.));
#6563 = DIRECTION('',(1.,-0.));
#6564 = ( GEOMETRIC_REPRESENTATION_CONTEXT(2) 
PARAMETRIC_REPRESENTATION_CONTEXT() REPRESENTATION_CONTEXT('2D SPACE',''
  ) );
#6565 = PCURVE('',#6566,#6571);
#6566 = CYLINDRICAL_SURFACE('',#6567,1.);
#6567 = AXIS2_PLACEMENT_3D('',#6568,#6569,#6570);
#6568 = CARTESIAN_POINT('',(8.75,0.,0.));
#6569 = DIRECTION('',(-1.,-0.,-0.));
#6570 = DIRECTION('',(0.,1.,0.));
#6571 = DEFINITIONAL_REPRESENTATION('',(#6572),#6576);
#6572 = LINE('',#6573,#6574);
#6573 = CARTESIAN_POINT('',(-0.,0.));
#6574 = VECTOR('',#6575,1.);
#6575 = DIRECTION('',(-1.,0.));
#6576 = ( GEOMETRIC_REPRESENTATION_CONTEXT(2) 
PARAMETRIC_REPRESENTATION_CONTEXT() REPRESENTATION_CONTEXT('2D SPACE',''
  ) );
#6577 = ADVANCED_FACE('',(#6578),#6566,.T.);
#6578 = FACE_BOUND('',#6579,.F.);
#6579 = EDGE_LOOP('',(#6580,#6581,#6604,#6631));
#6580 = ORIENTED_EDGE('',*,*,#6549,.T.);
#6581 = ORIENTED_EDGE('',*,*,#6582,.T.);
#6582 = EDGE_CURVE('',#6550,#6583,#6585,.T.);
#6583 = VERTEX_POINT('',#6584);
#6584 = CARTESIAN_POINT('',(3.6,1.,0.));
#6585 = SEAM_CURVE('',#6586,(#6590,#6597),.PCURVE_S1.);
#6586 = LINE('',#6587,#6588);
#6587 = CARTESIAN_POINT('',(8.75,1.,0.));
#6588 = VECTOR('',#6589,1.);
#6589 = DIRECTION('',(-1.,0.,0.));
#6590 = PCURVE('',#6566,#6591);
#6591 = DEFINITIONAL_REPRESENTATION('',(#6592),#6596);
#6592 = LINE('',#6593,#6594);
#6593 = CARTESIAN_POINT('',(-0.,0.));
#6594 = VECTOR('',#6595,1.);
#6595 = DIRECTION('',(-0.,1.));
#6596 = ( GEOMETRIC_REPRESENTATION_CONTEXT(2) 
PARAMETRIC_REPRESENTATION_CONTEXT() REPRESENTATION_CONTEXT('2D SPACE',''
  ) );
#6597 = PCURVE('',#6566,#6598);
#6598 = DEFINITIONAL_REPRESENTATION('',(#6599),#6603);
#6599 = LINE('',#6600,#6601);
#6600 = CARTESIAN_POINT('',(-6.28318530718,0.));
#6601 = VECTOR('',#6602,1.);
#6602 = DIRECTION('',(-0.,1.));
#6603 = ( GEOMETRIC_REPRESENTATION_CONTEXT(2) 
PARAMETRIC_REPRESENTATION_CONTEXT() REPRESENTATION_CONTEXT('2D SPACE',''
  ) );
#6604 = ORIENTED_EDGE('',*,*,#6605,.F.);
#6605 = EDGE_CURVE('',#6583,#6583,#6606,.T.);
#6606 = SURFACE_CURVE('',#6607,(#6612,#6619),.PCURVE_S1.);
#6607 = CIRCLE('',#6608,1.);
#6608 = AXIS2_PLACEMENT_3D('',#6609,#6610,#6611);
#6609 = CARTESIAN_POINT('',(3.6,0.,0.));
#6610 = DIRECTION('',(1.,0.,0.));
#6611 = DIRECTION('',(0.,1.,0.));
#6612 = PCURVE('',#6566,#6613);
#6613 = DEFINITIONAL_REPRESENTATION('',(#6614),#6618);
#6614 = LINE('',#6615,#6616);
#6615 = CARTESIAN_POINT('',(-0.,5.15));
#6616 = VECTOR('',#6617,1.);
#6617 = DIRECTION('',(-1.,0.));
#6618 = ( GEOMETRIC_REPRESENTATION_CONTEXT(2) 
PARAMETRIC_REPRESENTATION_CONTEXT() REPRESENTATION_CONTEXT('2D SPACE',''
  ) );
#6619 = PCURVE('',#6620,#6625);
#6620 = PLANE('',#6621);
#6621 = AXIS2_PLACEMENT_3D('',#6622,#6623,#6624);
#6622 = CARTESIAN_POINT('',(3.6,0.,0.));
#6623 = DIRECTION('',(1.,0.,0.));
#6624 = DIRECTION('',(0.,1.,0.));
#6625 = DEFINITIONAL_REPRESENTATION('',(#6626),#6630);
#6626 = CIRCLE('',#6627,1.);
#6627 = AXIS2_PLACEMENT_2D('',#6628,#6629);
#6628 = CARTESIAN_POINT('',(0.,0.));
#6629 = DIRECTION('',(1.,0.));
#6630 = ( GEOMETRIC_REPRESENTATION_CONTEXT(2) 
PARAMETRIC_REPRESENTATION_CONTEXT() REPRESENTATION_CONTEXT('2D SPACE',''
  ) );
#6631 = ORIENTED_EDGE('',*,*,#6582,.F.);
#6632 = ADVANCED_FACE('',(#6633,#6636),#6620,.F.);
#6633 = FACE_BOUND('',#6634,.F.);
#6634 = EDGE_LOOP('',(#6635));
#6635 = ORIENTED_EDGE('',*,*,#6605,.T.);
#6636 = FACE_BOUND('',#6637,.F.);
#6637 = EDGE_LOOP('',(#6638));
#6638 = ORIENTED_EDGE('',*,*,#6639,.F.);
#6639 = EDGE_CURVE('',#6640,#6640,#6642,.T.);
#6640 = VERTEX_POINT('',#6641);
#6641 = CARTESIAN_POINT('',(3.6,0.7,0.));
#6642 = SURFACE_CURVE('',#6643,(#6648,#6655),.PCURVE_S1.);
#6643 = CIRCLE('',#6644,0.7);
#6644 = AXIS2_PLACEMENT_3D('',#6645,#6646,#6647);
#6645 = CARTESIAN_POINT('',(3.6,0.,0.));
#6646 = DIRECTION('',(1.,0.,0.));
#6647 = DIRECTION('',(0.,1.,0.));
#6648 = PCURVE('',#6620,#6649);
#6649 = DEFINITIONAL_REPRESENTATION('',(#6650),#6654);
#6650 = CIRCLE('',#6651,0.7);
#6651 = AXIS2_PLACEMENT_2D('',#6652,#6653);
#6652 = CARTESIAN_POINT('',(0.,0.));
#6653 = DIRECTION('',(1.,0.));
#6654 = ( GEOMETRIC_REPRESENTATION_CONTEXT(2) 
PARAMETRIC_REPRESENTATION_CONTEXT() REPRESENTATION_CONTEXT('2D SPACE',''
  ) );
#6655 = PCURVE('',#6656,#6661);
#6656 = CYLINDRICAL_SURFACE('',#6657,0.7);
#6657 = AXIS2_PLACEMENT_3D('',#6658,#6659,#6660);
#6658 = CARTESIAN_POINT('',(3.6,0.,0.));
#6659 = DIRECTION('',(-1.,-0.,-0.));
#6660 = DIRECTION('',(0.,1.,0.));
#6661 = DEFINITIONAL_REPRESENTATION('',(#6662),#6666);
#6662 = LINE('',#6663,#6664);
#6663 = CARTESIAN_POINT('',(-0.,0.));
#6664 = VECTOR('',#6665,1.);
#6665 = DIRECTION('',(-1.,0.));
#6666 = ( GEOMETRIC_REPRESENTATION_CONTEXT(2) 
PARAMETRIC_REPRESENTATION_CONTEXT() REPRESENTATION_CONTEXT('2D SPACE',''
  ) );
#6667 = ADVANCED_FACE('',(#6668),#6656,.T.);
#6668 = FACE_BOUND('',#6669,.F.);
#6669 = EDGE_LOOP('',(#6670,#6671,#6694,#6721));
#6670 = ORIENTED_EDGE('',*,*,#6639,.T.);
#6671 = ORIENTED_EDGE('',*,*,#6672,.T.);
#6672 = EDGE_CURVE('',#6640,#6673,#6675,.T.);
#6673 = VERTEX_POINT('',#6674);
#6674 = CARTESIAN_POINT('',(-4.3,0.7,0.));
#6675 = SEAM_CURVE('',#6676,(#6680,#6687),.PCURVE_S1.);
#6676 = LINE('',#6677,#6678);
#6677 = CARTESIAN_POINT('',(3.6,0.7,0.));
#6678 = VECTOR('',#6679,1.);
#6679 = DIRECTION('',(-1.,0.,0.));
#6680 = PCURVE('',#6656,#6681);
#6681 = DEFINITIONAL_REPRESENTATION('',(#6682),#6686);
#6682 = LINE('',#6683,#6684);
#6683 = CARTESIAN_POINT('',(-0.,0.));
#6684 = VECTOR('',#6685,1.);
#6685 = DIRECTION('',(-0.,1.));
#6686 = ( GEOMETRIC_REPRESENTATION_CONTEXT(2) 
PARAMETRIC_REPRESENTATION_CONTEXT() REPRESENTATION_CONTEXT('2D SPACE',''
  ) );
#6687 = PCURVE('',#6656,#6688);
#6688 = DEFINITIONAL_REPRESENTATION('',(#6689),#6693);
#6689 = LINE('',#6690,#6691);
#6690 = CARTESIAN_POINT('',(-6.28318530718,0.));
#6691 = VECTOR('',#6692,1.);
#6692 = DIRECTION('',(-0.,1.));
#6693 = ( GEOMETRIC_REPRESENTATION_CONTEXT(2) 
PARAMETRIC_REPRESENTATION_CONTEXT() REPRESENTATION_CONTEXT('2D SPACE',''
  ) );
#6694 = ORIENTED_EDGE('',*,*,#6695,.F.);
#6695 = EDGE_CURVE('',#6673,#6673,#6696,.T.);
#6696 = SURFACE_CURVE('',#6697,(#6702,#6709),.PCURVE_S1.);
#6697 = CIRCLE('',#6698,0.7);
#6698 = AXIS2_PLACEMENT_3D('',#6699,#6700,#6701);
#6699 = CARTESIAN_POINT('',(-4.3,0.,0.));
#6700 = DIRECTION('',(1.,0.,0.));
#6701 = DIRECTION('',(0.,1.,0.));
#6702 = PCURVE('',#6656,#6703);
#6703 = DEFINITIONAL_REPRESENTATION('',(#6704),#6708);
#6704 = LINE('',#6705,#6706);
#6705 = CARTESIAN_POINT('',(-0.,7.9));
#6706 = VECTOR('',#6707,1.);
#6707 = DIRECTION('',(-1.,0.));
#6708 = ( GEOMETRIC_REPRESENTATION_CONTEXT(2) 
PARAMETRIC_REPRESENTATION_CONTEXT() REPRESENTATION_CONTEXT('2D SPACE',''
  ) );
#6709 = PCURVE('',#6710,#6715);
#6710 = SPHERICAL_SURFACE('',#6711,0.7);
#6711 = AXIS2_PLACEMENT_3D('',#6712,#6713,#6714);
#6712 = CARTESIAN_POINT('',(-4.3,0.,0.));
#6713 = DIRECTION('',(-1.,-0.,-0.));
#6714 = DIRECTION('',(0.,1.,0.));
#6715 = DEFINITIONAL_REPRESENTATION('',(#6716),#6720);
#6716 = LINE('',#6717,#6718);
#6717 = CARTESIAN_POINT('',(-0.,0.));
#6718 = VECTOR('',#6719,1.);
#6719 = DIRECTION('',(-1.,0.));
#6720 = ( GEOMETRIC_REPRESENTATION_CONTEXT(2) 
PARAMETRIC_REPRESENTATION_CONTEXT() REPRESENTATION_CONTEXT('2D SPACE',''
  ) );
#6721 = ORIENTED_EDGE('',*,*,#6672,.F.);
#6722 = ADVANCED_FACE('',(#6723),#6710,.T.);
#6723 = FACE_BOUND('',#6724,.F.);
#6724 = EDGE_LOOP('',(#6725,#6726,#6750));
#6725 = ORIENTED_EDGE('',*,*,#6695,.T.);
#6726 = ORIENTED_EDGE('',*,*,#6727,.T.);
#6727 = EDGE_CURVE('',#6673,#6728,#6730,.T.);
#6728 = VERTEX_POINT('',#6729);
#6729 = CARTESIAN_POINT('',(-5.,0.,0.));
#6730 = SEAM_CURVE('',#6731,(#6736,#6743),.PCURVE_S1.);
#6731 = CIRCLE('',#6732,0.7);
#6732 = AXIS2_PLACEMENT_3D('',#6733,#6734,#6735);
#6733 = CARTESIAN_POINT('',(-4.3,0.,0.));
#6734 = DIRECTION('',(0.,0.,1.));
#6735 = DIRECTION('',(1.,0.,0.));
#6736 = PCURVE('',#6710,#6737);
#6737 = DEFINITIONAL_REPRESENTATION('',(#6738),#6742);
#6738 = LINE('',#6739,#6740);
#6739 = CARTESIAN_POINT('',(-0.,-1.570796326795));
#6740 = VECTOR('',#6741,1.);
#6741 = DIRECTION('',(-0.,1.));
#6742 = ( GEOMETRIC_REPRESENTATION_CONTEXT(2) 
PARAMETRIC_REPRESENTATION_CONTEXT() REPRESENTATION_CONTEXT('2D SPACE',''
  ) );
#6743 = PCURVE('',#6710,#6744);
#6744 = DEFINITIONAL_REPRESENTATION('',(#6745),#6749);
#6745 = LINE('',#6746,#6747);
#6746 = CARTESIAN_POINT('',(-6.28318530718,-1.570796326795));
#6747 = VECTOR('',#6748,1.);
#6748 = DIRECTION('',(-0.,1.));
#6749 = ( GEOMETRIC_REPRESENTATION_CONTEXT(2) 
PARAMETRIC_REPRESENTATION_CONTEXT() REPRESENTATION_CONTEXT('2D SPACE',''
  ) );
#6750 = ORIENTED_EDGE('',*,*,#6727,.F.);
#6751 = ( GEOMETRIC_REPRESENTATION_CONTEXT(3) 
GLOBAL_UNCERTAINTY_ASSIGNED_CONTEXT((#6755)) 
GLOBAL_UNIT_ASSIGNED_CONTEXT((#6752,#6753,#6754)) REPRESENTATION_CONTEXT
('Context #1','3D Context with UNIT and UNCERTAINTY') );
#6752 = ( LENGTH_UNIT() NAMED_UNIT(*) SI_UNIT(.MILLI.,.METRE.) );
#6753 = ( NAMED_UNIT(*) PLANE_ANGLE_UNIT() SI_UNIT($,.RADIAN.) );
#6754 = ( NAMED_UNIT(*) SI_UNIT($,.STERADIAN.) SOLID_ANGLE_UNIT() );
#6755 = UNCERTAINTY_MEASURE_WITH_UNIT(LENGTH_MEASURE(1.E-07),#6752,
  'distance_accuracy_value','confusion accuracy');
#6756 = CONTEXT_DEPENDENT_SHAPE_REPRESENTATION(#6757,#6759);
#6757 = ( REPRESENTATION_RELATIONSHIP('','',#5517,#5474) 
REPRESENTATION_RELATIONSHIP_WITH_TRANSFORMATION(#6758) 
SHAPE_REPRESENTATION_RELATIONSHIP() );
#6758 = ITEM_DEFINED_TRANSFORMATION('','',#11,#5475);
#6759 = PRODUCT_DEFINITION_SHAPE('Placement','Placement of an item',
  #6760);
#6760 = NEXT_ASSEMBLY_USAGE_OCCURRENCE('105','0','',#5469,#5512,$);
#6761 = PRODUCT_RELATED_PRODUCT_CATEGORY('part',$,(#5514));
#6762 = CONTEXT_DEPENDENT_SHAPE_REPRESENTATION(#6763,#6765);
#6763 = ( REPRESENTATION_RELATIONSHIP('','',#5517,#5474) 
REPRESENTATION_RELATIONSHIP_WITH_TRANSFORMATION(#6764) 
SHAPE_REPRESENTATION_RELATIONSHIP() );
#6764 = ITEM_DEFINED_TRANSFORMATION('','',#11,#5479);
#6765 = PRODUCT_DEFINITION_SHAPE('Placement','Placement of an item',
  #6766);
#6766 = NEXT_ASSEMBLY_USAGE_OCCURRENCE('106','1','',#5469,#5512,$);
#6767 = CONTEXT_DEPENDENT_SHAPE_REPRESENTATION(#6768,#6770);
#6768 = ( REPRESENTATION_RELATIONSHIP('','',#5517,#5474) 
REPRESENTATION_RELATIONSHIP_WITH_TRANSFORMATION(#6769) 
SHAPE_REPRESENTATION_RELATIONSHIP() );
#6769 = ITEM_DEFINED_TRANSFORMATION('','',#11,#5483);
#6770 = PRODUCT_DEFINITION_SHAPE('Placement','Placement of an item',
  #6771);
#6771 = NEXT_ASSEMBLY_USAGE_OCCURRENCE('107','2','',#5469,#5512,$);
#6772 = CONTEXT_DEPENDENT_SHAPE_REPRESENTATION(#6773,#6775);
#6773 = ( REPRESENTATION_RELATIONSHIP('','',#5517,#5474) 
REPRESENTATION_RELATIONSHIP_WITH_TRANSFORMATION(#6774) 
SHAPE_REPRESENTATION_RELATIONSHIP() );
#6774 = ITEM_DEFINED_TRANSFORMATION('','',#11,#5487);
#6775 = PRODUCT_DEFINITION_SHAPE('Placement','Placement of an item',
  #6776);
#6776 = NEXT_ASSEMBLY_USAGE_OCCURRENCE('108','3','',#5469,#5512,$);
#6777 = CONTEXT_DEPENDENT_SHAPE_REPRESENTATION(#6778,#6780);
#6778 = ( REPRESENTATION_RELATIONSHIP('','',#5517,#5474) 
REPRESENTATION_RELATIONSHIP_WITH_TRANSFORMATION(#6779) 
SHAPE_REPRESENTATION_RELATIONSHIP() );
#6779 = ITEM_DEFINED_TRANSFORMATION('','',#11,#5491);
#6780 = PRODUCT_DEFINITION_SHAPE('Placement','Placement of an item',
  #6781);
#6781 = NEXT_ASSEMBLY_USAGE_OCCURRENCE('109','4','',#5469,#5512,$);
#6782 = CONTEXT_DEPENDENT_SHAPE_REPRESENTATION(#6783,#6785);
#6783 = ( REPRESENTATION_RELATIONSHIP('','',#5517,#5474) 
REPRESENTATION_RELATIONSHIP_WITH_TRANSFORMATION(#6784) 
SHAPE_REPRESENTATION_RELATIONSHIP() );
#6784 = ITEM_DEFINED_TRANSFORMATION('','',#11,#5495);
#6785 = PRODUCT_DEFINITION_SHAPE('Placement','Placement of an item',
  #6786);
#6786 = NEXT_ASSEMBLY_USAGE_OCCURRENCE('110','5','',#5469,#5512,$);
#6787 = SHAPE_DEFINITION_REPRESENTATION(#6788,#6794);
#6788 = PRODUCT_DEFINITION_SHAPE('','',#6789);
#6789 = PRODUCT_DEFINITION('design','',#6790,#6793);
#6790 = PRODUCT_DEFINITION_FORMATION('','',#6791);
#6791 = PRODUCT('Body005','Body005','',(#6792));
#6792 = PRODUCT_CONTEXT('',#2,'mechanical');
#6793 = PRODUCT_DEFINITION_CONTEXT('part definition',#2,'design');
#6794 = ADVANCED_BREP_SHAPE_REPRESENTATION('',(#11,#6795),#8028);
#6795 = MANIFOLD_SOLID_BREP('',#6796);
#6796 = CLOSED_SHELL('',(#6797,#7194,#7270,#7323,#7600,#7650,#7703,#7731
    ,#7758,#7819,#7854,#7909,#7944,#7999));
#6797 = ADVANCED_FACE('',(#6798),#6812,.F.);
#6798 = FACE_BOUND('',#6799,.F.);
#6799 = EDGE_LOOP('',(#6800,#6835,#6932,#6955,#6982,#6983,#7075,#7103,
    #7135,#7164));
#6800 = ORIENTED_EDGE('',*,*,#6801,.F.);
#6801 = EDGE_CURVE('',#6802,#6804,#6806,.T.);
#6802 = VERTEX_POINT('',#6803);
#6803 = CARTESIAN_POINT('',(11.45,0.,0.4));
#6804 = VERTEX_POINT('',#6805);
#6805 = CARTESIAN_POINT('',(13.65,0.,0.4));
#6806 = SURFACE_CURVE('',#6807,(#6811,#6823),.PCURVE_S1.);
#6807 = LINE('',#6808,#6809);
#6808 = CARTESIAN_POINT('',(9.75,0.,0.4));
#6809 = VECTOR('',#6810,1.);
#6810 = DIRECTION('',(1.,0.,0.));
#6811 = PCURVE('',#6812,#6817);
#6812 = CYLINDRICAL_SURFACE('',#6813,0.4);
#6813 = AXIS2_PLACEMENT_3D('',#6814,#6815,#6816);
#6814 = CARTESIAN_POINT('',(9.75,0.,0.));
#6815 = DIRECTION('',(1.,0.,0.));
#6816 = DIRECTION('',(0.,1.,0.));
#6817 = DEFINITIONAL_REPRESENTATION('',(#6818),#6822);
#6818 = LINE('',#6819,#6820);
#6819 = CARTESIAN_POINT('',(1.570796326795,0.));
#6820 = VECTOR('',#6821,1.);
#6821 = DIRECTION('',(0.,1.));
#6822 = ( GEOMETRIC_REPRESENTATION_CONTEXT(2) 
PARAMETRIC_REPRESENTATION_CONTEXT() REPRESENTATION_CONTEXT('2D SPACE',''
  ) );
#6823 = PCURVE('',#6824,#6829);
#6824 = PLANE('',#6825);
#6825 = AXIS2_PLACEMENT_3D('',#6826,#6827,#6828);
#6826 = CARTESIAN_POINT('',(11.45,0.,20.973070119799));
#6827 = DIRECTION('',(0.,-1.,0.));
#6828 = DIRECTION('',(1.,0.,0.));
#6829 = DEFINITIONAL_REPRESENTATION('',(#6830),#6834);
#6830 = LINE('',#6831,#6832);
#6831 = CARTESIAN_POINT('',(-1.7,-20.57307011979));
#6832 = VECTOR('',#6833,1.);
#6833 = DIRECTION('',(1.,0.));
#6834 = ( GEOMETRIC_REPRESENTATION_CONTEXT(2) 
PARAMETRIC_REPRESENTATION_CONTEXT() REPRESENTATION_CONTEXT('2D SPACE',''
  ) );
#6835 = ORIENTED_EDGE('',*,*,#6836,.F.);
#6836 = EDGE_CURVE('',#6837,#6802,#6839,.T.);
#6837 = VERTEX_POINT('',#6838);
#6838 = CARTESIAN_POINT('',(10.65,0.4,0.));
#6839 = SURFACE_CURVE('',#6840,(#6867,#6897),.PCURVE_S1.);
#6840 = B_SPLINE_CURVE_WITH_KNOTS('',7,(#6841,#6842,#6843,#6844,#6845,
    #6846,#6847,#6848,#6849,#6850,#6851,#6852,#6853,#6854,#6855,#6856,
    #6857,#6858,#6859,#6860,#6861,#6862,#6863,#6864,#6865,#6866),
  .UNSPECIFIED.,.F.,.F.,(8,6,6,6,8),(0.,0.288794524564,0.653784496717,
    0.782229155498,1.),.UNSPECIFIED.);
#6841 = CARTESIAN_POINT('',(10.65,0.4,-5.E-17));
#6842 = CARTESIAN_POINT('',(10.65,0.4,3.616168067003E-02));
#6843 = CARTESIAN_POINT('',(10.652860852538,0.396185988791,
    7.236553411215E-02));
#6844 = CARTESIAN_POINT('',(10.658592769055,0.388541840623,
    0.107990465036));
#6845 = CARTESIAN_POINT('',(10.667267909283,0.377215796172,
    0.142424478246));
#6846 = CARTESIAN_POINT('',(10.6790194783,0.362506234351,0.175115937208)
  );
#6847 = CARTESIAN_POINT('',(10.694021508313,0.34483498889,0.205612912729
    ));
#6848 = CARTESIAN_POINT('',(10.735739130896,0.299271187984,
    0.268949959856));
#6849 = CARTESIAN_POINT('',(10.764436289504,0.269983430154,
    0.300185934156));
#6850 = CARTESIAN_POINT('',(10.798787744959,0.237966274896,
    0.326600189358));
#6851 = CARTESIAN_POINT('',(10.838993053035,0.204574744028,
    0.347904683491));
#6852 = CARTESIAN_POINT('',(10.885062539132,0.171248788244,
    0.364225894793));
#6853 = CARTESIAN_POINT('',(10.936741510881,0.139402973637,0.37614238907
    ));
#6854 = CARTESIAN_POINT('',(11.013395247251,0.100067069677,
    0.387427485913));
#6855 = CARTESIAN_POINT('',(11.033993886096,9.015617610318E-02,
    0.389926536541));
#6856 = CARTESIAN_POINT('',(11.055220936131,8.062726538859E-02,
    0.392022416658));
#6857 = CARTESIAN_POINT('',(11.077057149669,7.153188322804E-02,
    0.393754430375));
#6858 = CARTESIAN_POINT('',(11.099480672227,6.291956214832E-02,
    0.395164408589));
#6859 = CARTESIAN_POINT('',(11.122466986391,5.483771434988E-02,
    0.396295304123));
#6860 = CARTESIAN_POINT('',(11.185868889481,3.460519316519E-02,
    0.398706333068));
#6861 = CARTESIAN_POINT('',(11.227471639545,2.347506391075E-02,
    0.399550359012));
#6862 = CARTESIAN_POINT('',(11.270479621661,1.425614146866E-02,
    0.399909017153));
#6863 = CARTESIAN_POINT('',(11.3145639389,7.179822688834E-03,
    0.400000302575));
#6864 = CARTESIAN_POINT('',(11.359393959045,2.400017010666E-03,
    0.399999904019));
#6865 = CARTESIAN_POINT('',(11.404644425262,3.E-17,0.4));
#6866 = CARTESIAN_POINT('',(11.45,6.E-17,0.4));
#6867 = PCURVE('',#6812,#6868);
#6868 = DEFINITIONAL_REPRESENTATION('',(#6869),#6896);
#6869 = B_SPLINE_CURVE_WITH_KNOTS('',7,(#6870,#6871,#6872,#6873,#6874,
    #6875,#6876,#6877,#6878,#6879,#6880,#6881,#6882,#6883,#6884,#6885,
    #6886,#6887,#6888,#6889,#6890,#6891,#6892,#6893,#6894,#6895),
  .UNSPECIFIED.,.F.,.F.,(8,6,6,6,8),(0.,0.288794524564,0.653784496717,
    0.782229155498,1.),.UNSPECIFIED.);
#6870 = CARTESIAN_POINT('',(0.,0.9));
#6871 = CARTESIAN_POINT('',(9.040420167507E-02,0.9));
#6872 = CARTESIAN_POINT('',(0.180913892126,0.902860852538));
#6873 = CARTESIAN_POINT('',(0.271182847941,0.908592769055));
#6874 = CARTESIAN_POINT('',(0.360901212499,0.917267909283));
#6875 = CARTESIAN_POINT('',(0.449765672974,0.9290194783));
#6876 = CARTESIAN_POINT('',(0.537456111123,0.944021508313));
#6877 = CARTESIAN_POINT('',(0.732514459635,0.985739130896));
#6878 = CARTESIAN_POINT('',(0.838663401609,1.014436289504));
#6879 = CARTESIAN_POINT('',(0.94112477113,1.048787744959));
#6880 = CARTESIAN_POINT('',(1.03894931243,1.088993053035));
#6881 = CARTESIAN_POINT('',(1.130990586899,1.135062539132));
#6882 = CARTESIAN_POINT('',(1.215734032486,1.186741510881));
#6883 = CARTESIAN_POINT('',(1.318040763421,1.263395247251));
#6884 = CARTESIAN_POINT('',(1.343580044388,1.283993886096));
#6885 = CARTESIAN_POINT('',(1.367954555723,1.305220936131));
#6886 = CARTESIAN_POINT('',(1.391086572877,1.327057149669));
#6887 = CARTESIAN_POINT('',(1.412894085973,1.349480672227));
#6888 = CARTESIAN_POINT('',(1.433291381946,1.372466986391));
#6889 = CARTESIAN_POINT('',(1.484230559776,1.435868889481));
#6890 = CARTESIAN_POINT('',(1.512109212861,1.477471639545));
#6891 = CARTESIAN_POINT('',(1.53515728734,1.520479621661));
#6892 = CARTESIAN_POINT('',(1.552845396949,1.5645639389));
#6893 = CARTESIAN_POINT('',(1.564796713115,1.609393959045));
#6894 = CARTESIAN_POINT('',(1.570796326795,1.654644425262));
#6895 = CARTESIAN_POINT('',(1.570796326795,1.7));
#6896 = ( GEOMETRIC_REPRESENTATION_CONTEXT(2) 
PARAMETRIC_REPRESENTATION_CONTEXT() REPRESENTATION_CONTEXT('2D SPACE',''
  ) );
#6897 = PCURVE('',#6898,#6903);
#6898 = CYLINDRICAL_SURFACE('',#6899,1.);
#6899 = AXIS2_PLACEMENT_3D('',#6900,#6901,#6902);
#6900 = CARTESIAN_POINT('',(11.45,1.,20.973070119799));
#6901 = DIRECTION('',(0.,0.,1.));
#6902 = DIRECTION('',(1.,0.,0.));
#6903 = DEFINITIONAL_REPRESENTATION('',(#6904),#6931);
#6904 = B_SPLINE_CURVE_WITH_KNOTS('',7,(#6905,#6906,#6907,#6908,#6909,
    #6910,#6911,#6912,#6913,#6914,#6915,#6916,#6917,#6918,#6919,#6920,
    #6921,#6922,#6923,#6924,#6925,#6926,#6927,#6928,#6929,#6930),
  .UNSPECIFIED.,.F.,.F.,(8,6,6,6,8),(0.,0.288794524564,0.653784496717,
    0.782229155498,1.),.UNSPECIFIED.);
#6905 = CARTESIAN_POINT('',(3.785093762383,-20.97307011979));
#6906 = CARTESIAN_POINT('',(3.785093762383,-20.93690843912));
#6907 = CARTESIAN_POINT('',(3.789861326087,-20.90070458568));
#6908 = CARTESIAN_POINT('',(3.79941633267,-20.86507965476));
#6909 = CARTESIAN_POINT('',(3.813681567693,-20.83064564155));
#6910 = CARTESIAN_POINT('',(3.832500248448,-20.79795418259));
#6911 = CARTESIAN_POINT('',(3.855664231852,-20.76745720707));
#6912 = CARTESIAN_POINT('',(3.917441412001,-20.70412015994));
#6913 = CARTESIAN_POINT('',(3.958421557278,-20.67288418564));
#6914 = CARTESIAN_POINT('',(4.00530021254,-20.64646993044));
#6915 = CARTESIAN_POINT('',(4.057392462235,-20.6251654363));
#6916 = CARTESIAN_POINT('',(4.114018080017,-20.608844225));
#6917 = CARTESIAN_POINT('',(4.174536024982,-20.59692773072));
#6918 = CARTESIAN_POINT('',(4.260693489197,-20.58564263388));
#6919 = CARTESIAN_POINT('',(4.28354486823,-20.58314358325));
#6920 = CARTESIAN_POINT('',(4.306799359084,-20.58104770314));
#6921 = CARTESIAN_POINT('',(4.330437879248,-20.57931568942));
#6922 = CARTESIAN_POINT('',(4.354442893895,-20.57790571121));
#6923 = CARTESIAN_POINT('',(4.378798199648,-20.57677481567));
#6924 = CARTESIAN_POINT('',(4.445350105924,-20.57436378673));
#6925 = CARTESIAN_POINT('',(4.488367430573,-20.57351976078));
#6926 = CARTESIAN_POINT('',(4.532262197372,-20.57316110264));
#6927 = CARTESIAN_POINT('',(4.576800557482,-20.57306981722));
#6928 = CARTESIAN_POINT('',(4.621782927234,-20.57307021578));
#6929 = CARTESIAN_POINT('',(4.667033405646,-20.57307011979));
#6930 = CARTESIAN_POINT('',(4.712388980385,-20.57307011979));
#6931 = ( GEOMETRIC_REPRESENTATION_CONTEXT(2) 
PARAMETRIC_REPRESENTATION_CONTEXT() REPRESENTATION_CONTEXT('2D SPACE',''
  ) );
#6932 = ORIENTED_EDGE('',*,*,#6933,.F.);
#6933 = EDGE_CURVE('',#6934,#6837,#6936,.T.);
#6934 = VERTEX_POINT('',#6935);
#6935 = CARTESIAN_POINT('',(9.75,0.4,0.));
#6936 = SEAM_CURVE('',#6937,(#6941,#6948),.PCURVE_S1.);
#6937 = LINE('',#6938,#6939);
#6938 = CARTESIAN_POINT('',(9.75,0.4,0.));
#6939 = VECTOR('',#6940,1.);
#6940 = DIRECTION('',(1.,0.,0.));
#6941 = PCURVE('',#6812,#6942);
#6942 = DEFINITIONAL_REPRESENTATION('',(#6943),#6947);
#6943 = LINE('',#6944,#6945);
#6944 = CARTESIAN_POINT('',(0.,0.));
#6945 = VECTOR('',#6946,1.);
#6946 = DIRECTION('',(0.,1.));
#6947 = ( GEOMETRIC_REPRESENTATION_CONTEXT(2) 
PARAMETRIC_REPRESENTATION_CONTEXT() REPRESENTATION_CONTEXT('2D SPACE',''
  ) );
#6948 = PCURVE('',#6812,#6949);
#6949 = DEFINITIONAL_REPRESENTATION('',(#6950),#6954);
#6950 = LINE('',#6951,#6952);
#6951 = CARTESIAN_POINT('',(6.28318530718,0.));
#6952 = VECTOR('',#6953,1.);
#6953 = DIRECTION('',(0.,1.));
#6954 = ( GEOMETRIC_REPRESENTATION_CONTEXT(2) 
PARAMETRIC_REPRESENTATION_CONTEXT() REPRESENTATION_CONTEXT('2D SPACE',''
  ) );
#6955 = ORIENTED_EDGE('',*,*,#6956,.T.);
#6956 = EDGE_CURVE('',#6934,#6934,#6957,.T.);
#6957 = SURFACE_CURVE('',#6958,(#6963,#6970),.PCURVE_S1.);
#6958 = CIRCLE('',#6959,0.4);
#6959 = AXIS2_PLACEMENT_3D('',#6960,#6961,#6962);
#6960 = CARTESIAN_POINT('',(9.75,0.,0.));
#6961 = DIRECTION('',(1.,0.,0.));
#6962 = DIRECTION('',(0.,1.,0.));
#6963 = PCURVE('',#6812,#6964);
#6964 = DEFINITIONAL_REPRESENTATION('',(#6965),#6969);
#6965 = LINE('',#6966,#6967);
#6966 = CARTESIAN_POINT('',(0.,0.));
#6967 = VECTOR('',#6968,1.);
#6968 = DIRECTION('',(1.,0.));
#6969 = ( GEOMETRIC_REPRESENTATION_CONTEXT(2) 
PARAMETRIC_REPRESENTATION_CONTEXT() REPRESENTATION_CONTEXT('2D SPACE',''
  ) );
#6970 = PCURVE('',#6971,#6976);
#6971 = CONICAL_SURFACE('',#6972,0.,1.047197551197);
#6972 = AXIS2_PLACEMENT_3D('',#6973,#6974,#6975);
#6973 = CARTESIAN_POINT('',(9.519059892324,0.,0.));
#6974 = DIRECTION('',(1.,0.,0.));
#6975 = DIRECTION('',(0.,1.,0.));
#6976 = DEFINITIONAL_REPRESENTATION('',(#6977),#6981);
#6977 = LINE('',#6978,#6979);
#6978 = CARTESIAN_POINT('',(0.,0.230940107676));
#6979 = VECTOR('',#6980,1.);
#6980 = DIRECTION('',(1.,0.));
#6981 = ( GEOMETRIC_REPRESENTATION_CONTEXT(2) 
PARAMETRIC_REPRESENTATION_CONTEXT() REPRESENTATION_CONTEXT('2D SPACE',''
  ) );
#6982 = ORIENTED_EDGE('',*,*,#6933,.T.);
#6983 = ORIENTED_EDGE('',*,*,#6984,.F.);
#6984 = EDGE_CURVE('',#6985,#6837,#6987,.T.);
#6985 = VERTEX_POINT('',#6986);
#6986 = CARTESIAN_POINT('',(11.45,0.,-0.4));
#6987 = SURFACE_CURVE('',#6988,(#7015,#7045),.PCURVE_S1.);
#6988 = B_SPLINE_CURVE_WITH_KNOTS('',7,(#6989,#6990,#6991,#6992,#6993,
    #6994,#6995,#6996,#6997,#6998,#6999,#7000,#7001,#7002,#7003,#7004,
    #7005,#7006,#7007,#7008,#7009,#7010,#7011,#7012,#7013,#7014),
  .UNSPECIFIED.,.F.,.F.,(8,6,6,6,8),(0.,0.21529586161,0.343216172219,
    0.709233938165,1.),.UNSPECIFIED.);
#6989 = CARTESIAN_POINT('',(11.45,-4.E-17,-0.4));
#6990 = CARTESIAN_POINT('',(11.405148691365,-7.E-17,-0.4));
#6991 = CARTESIAN_POINT('',(11.36043363505,2.346953698414E-03,
    -0.399999888623));
#6992 = CARTESIAN_POINT('',(11.316145848237,7.014978106128E-03,
    -0.400000266842));
#6993 = CARTESIAN_POINT('',(11.272586353711,1.39223353933E-02,
    -0.399913059631));
#6994 = CARTESIAN_POINT('',(11.230062327795,2.292378565621E-02,
    -0.399571270879));
#6995 = CARTESIAN_POINT('',(11.188880763594,3.380352663931E-02,
    -0.398766610726));
#6996 = CARTESIAN_POINT('',(11.12584587891,5.367504697812E-02,
    -0.396452502702));
#6997 = CARTESIAN_POINT('',(11.102880431711,6.165711373144E-02,
    -0.395359738933));
#6998 = CARTESIAN_POINT('',(11.080470506126,7.017045786669E-02,
    -0.393994584083));
#6999 = CARTESIAN_POINT('',(11.058640654937,7.916839352719E-02,
    -0.392314521721));
#7000 = CARTESIAN_POINT('',(11.037412837606,8.860210825781E-02,
    -0.390278049235));
#7001 = CARTESIAN_POINT('',(11.01680647237,9.842075945717E-02,
    -0.387846088152));
#7002 = CARTESIAN_POINT('',(10.939704192154,0.137616038307,
    -0.376792382836));
#7003 = CARTESIAN_POINT('',(10.887603368609,0.169478114812,
    -0.365047097498));
#7004 = CARTESIAN_POINT('',(10.841135952082,0.202882492268,
    -0.348896228263));
#7005 = CARTESIAN_POINT('',(10.800565123032,0.236404528887,
    -0.327743308411));
#7006 = CARTESIAN_POINT('',(10.765885433183,0.268591943128,
    -0.301448627817));
#7007 = CARTESIAN_POINT('',(10.73689841999,0.29807558073,-0.270289968119
    ));
#7008 = CARTESIAN_POINT('',(10.694655386028,0.344089011073,
    -0.206894682765));
#7009 = CARTESIAN_POINT('',(10.679433418233,0.361988373385,
    -0.176262100912));
#7010 = CARTESIAN_POINT('',(10.667512290511,0.376896764935,
    -0.143390802139));
#7011 = CARTESIAN_POINT('',(10.658713750066,0.388380470073,
    -0.10874022833));
#7012 = CARTESIAN_POINT('',(10.6529010499,0.396132417052,
    -7.287310177266E-02));
#7013 = CARTESIAN_POINT('',(10.65,0.4,-3.641476376403E-02));
#7014 = CARTESIAN_POINT('',(10.65,0.4,-6.E-17));
#7015 = PCURVE('',#6812,#7016);
#7016 = DEFINITIONAL_REPRESENTATION('',(#7017),#7044);
#7017 = B_SPLINE_CURVE_WITH_KNOTS('',7,(#7018,#7019,#7020,#7021,#7022,
    #7023,#7024,#7025,#7026,#7027,#7028,#7029,#7030,#7031,#7032,#7033,
    #7034,#7035,#7036,#7037,#7038,#7039,#7040,#7041,#7042,#7043),
  .UNSPECIFIED.,.F.,.F.,(8,6,6,6,8),(0.,0.21529586161,0.343216172219,
    0.709233938165,1.),.UNSPECIFIED.);
#7018 = CARTESIAN_POINT('',(4.712388980385,1.7));
#7019 = CARTESIAN_POINT('',(4.712388980385,1.655148691365));
#7020 = CARTESIAN_POINT('',(4.71825582773,1.61043363505));
#7021 = CARTESIAN_POINT('',(4.729927736872,1.566145848237));
#7022 = CARTESIAN_POINT('',(4.747193755764,1.522586353711));
#7023 = CARTESIAN_POINT('',(4.769697898488,1.480062327795));
#7024 = CARTESIAN_POINT('',(4.796946714494,1.438880763594));
#7025 = CARTESIAN_POINT('',(4.846961238417,1.37584587891));
#7026 = CARTESIAN_POINT('',(4.86709854055,1.352880431711));
#7027 = CARTESIAN_POINT('',(4.888644242431,1.330470506126));
#7028 = CARTESIAN_POINT('',(4.911513307943,1.308640654937));
#7029 = CARTESIAN_POINT('',(4.935624204496,1.287412837606));
#7030 = CARTESIAN_POINT('',(4.960899484244,1.26680647237));
#7031 = CARTESIAN_POINT('',(5.062709794545,1.189704192154));
#7032 = CARTESIAN_POINT('',(5.147345217522,1.137603368609));
#7033 = CARTESIAN_POINT('',(5.239378840963,1.091135952082));
#7034 = CARTESIAN_POINT('',(5.337272939662,1.050565123032));
#7035 = CARTESIAN_POINT('',(5.439867242672,1.015885433183));
#7036 = CARTESIAN_POINT('',(5.546204896207,0.98689841999));
#7037 = CARTESIAN_POINT('',(5.742039615692,0.944655386028));
#7038 = CARTESIAN_POINT('',(5.830302032752,0.929433418233));
#7039 = CARTESIAN_POINT('',(5.919765615486,0.917512290511));
#7040 = CARTESIAN_POINT('',(6.010102537967,0.908713750066));
#7041 = CARTESIAN_POINT('',(6.101002494444,0.9029010499));
#7042 = CARTESIAN_POINT('',(6.19214839777,0.9));
#7043 = CARTESIAN_POINT('',(6.28318530718,0.9));
#7044 = ( GEOMETRIC_REPRESENTATION_CONTEXT(2) 
PARAMETRIC_REPRESENTATION_CONTEXT() REPRESENTATION_CONTEXT('2D SPACE',''
  ) );
#7045 = PCURVE('',#6898,#7046);
#7046 = DEFINITIONAL_REPRESENTATION('',(#7047),#7074);
#7047 = B_SPLINE_CURVE_WITH_KNOTS('',7,(#7048,#7049,#7050,#7051,#7052,
    #7053,#7054,#7055,#7056,#7057,#7058,#7059,#7060,#7061,#7062,#7063,
    #7064,#7065,#7066,#7067,#7068,#7069,#7070,#7071,#7072,#7073),
  .UNSPECIFIED.,.F.,.F.,(8,6,6,6,8),(0.,0.21529586161,0.343216172219,
    0.709233938165,1.),.UNSPECIFIED.);
#7048 = CARTESIAN_POINT('',(4.712388980385,-21.37307011979));
#7049 = CARTESIAN_POINT('',(4.66753767175,-21.37307011979));
#7050 = CARTESIAN_POINT('',(4.622822601986,-21.37307000842));
#7051 = CARTESIAN_POINT('',(4.578387487976,-21.37307038664));
#7052 = CARTESIAN_POINT('',(4.534389894444,-21.37298317943));
#7053 = CARTESIAN_POINT('',(4.491010664165,-21.37264139067));
#7054 = CARTESIAN_POINT('',(4.448463402406,-21.37183673052));
#7055 = CARTESIAN_POINT('',(4.382370482908,-21.3695226225));
#7056 = CARTESIAN_POINT('',(4.358067729248,-21.36842985873));
#7057 = CARTESIAN_POINT('',(4.334110637456,-21.36706470388));
#7058 = CARTESIAN_POINT('',(4.310515208802,-21.36538464152));
#7059 = CARTESIAN_POINT('',(4.287298780427,-21.36334816903));
#7060 = CARTESIAN_POINT('',(4.264480242785,-21.36091620795));
#7061 = CARTESIAN_POINT('',(4.177987286432,-21.34986250263));
#7062 = CARTESIAN_POINT('',(4.117104436746,-21.33811721729));
#7063 = CARTESIAN_POINT('',(4.060114557042,-21.32196634806));
#7064 = CARTESIAN_POINT('',(4.00766130243,-21.30081342821));
#7065 = CARTESIAN_POINT('',(3.960428413064,-21.27451874761));
#7066 = CARTESIAN_POINT('',(3.919106123139,-21.24336008791));
#7067 = CARTESIAN_POINT('',(3.856642456178,-21.17996480256));
#7068 = CARTESIAN_POINT('',(3.833162890734,-21.14933222071));
#7069 = CARTESIAN_POINT('',(3.814083403945,-21.11646092193));
#7070 = CARTESIAN_POINT('',(3.799618038496,-21.08181034812));
#7071 = CARTESIAN_POINT('',(3.789928293569,-21.04594322157));
#7072 = CARTESIAN_POINT('',(3.785093762383,-21.00948488356));
#7073 = CARTESIAN_POINT('',(3.785093762383,-20.97307011979));
#7074 = ( GEOMETRIC_REPRESENTATION_CONTEXT(2) 
PARAMETRIC_REPRESENTATION_CONTEXT() REPRESENTATION_CONTEXT('2D SPACE',''
  ) );
#7075 = ORIENTED_EDGE('',*,*,#7076,.T.);
#7076 = EDGE_CURVE('',#6985,#7077,#7079,.T.);
#7077 = VERTEX_POINT('',#7078);
#7078 = CARTESIAN_POINT('',(13.65,0.,-0.4));
#7079 = SURFACE_CURVE('',#7080,(#7084,#7091),.PCURVE_S1.);
#7080 = LINE('',#7081,#7082);
#7081 = CARTESIAN_POINT('',(9.75,0.,-0.4));
#7082 = VECTOR('',#7083,1.);
#7083 = DIRECTION('',(1.,0.,0.));
#7084 = PCURVE('',#6812,#7085);
#7085 = DEFINITIONAL_REPRESENTATION('',(#7086),#7090);
#7086 = LINE('',#7087,#7088);
#7087 = CARTESIAN_POINT('',(4.712388980385,0.));
#7088 = VECTOR('',#7089,1.);
#7089 = DIRECTION('',(0.,1.));
#7090 = ( GEOMETRIC_REPRESENTATION_CONTEXT(2) 
PARAMETRIC_REPRESENTATION_CONTEXT() REPRESENTATION_CONTEXT('2D SPACE',''
  ) );
#7091 = PCURVE('',#7092,#7097);
#7092 = PLANE('',#7093);
#7093 = AXIS2_PLACEMENT_3D('',#7094,#7095,#7096);
#7094 = CARTESIAN_POINT('',(11.45,0.,20.973070119799));
#7095 = DIRECTION('',(0.,-1.,0.));
#7096 = DIRECTION('',(1.,0.,0.));
#7097 = DEFINITIONAL_REPRESENTATION('',(#7098),#7102);
#7098 = LINE('',#7099,#7100);
#7099 = CARTESIAN_POINT('',(-1.7,-21.37307011979));
#7100 = VECTOR('',#7101,1.);
#7101 = DIRECTION('',(1.,0.));
#7102 = ( GEOMETRIC_REPRESENTATION_CONTEXT(2) 
PARAMETRIC_REPRESENTATION_CONTEXT() REPRESENTATION_CONTEXT('2D SPACE',''
  ) );
#7103 = ORIENTED_EDGE('',*,*,#7104,.F.);
#7104 = EDGE_CURVE('',#7105,#7077,#7107,.T.);
#7105 = VERTEX_POINT('',#7106);
#7106 = CARTESIAN_POINT('',(13.75,-0.1,-0.387298334621));
#7107 = SURFACE_CURVE('',#7108,(#7113,#7123),.PCURVE_S1.);
#7108 = ELLIPSE('',#7109,0.565685424949,0.4);
#7109 = AXIS2_PLACEMENT_3D('',#7110,#7111,#7112);
#7110 = CARTESIAN_POINT('',(13.65,0.,0.));
#7111 = DIRECTION('',(0.707106781187,0.707106781187,0.));
#7112 = DIRECTION('',(0.707106781187,-0.707106781187,0.));
#7113 = PCURVE('',#6812,#7114);
#7114 = DEFINITIONAL_REPRESENTATION('',(#7115),#7122);
#7115 = B_SPLINE_CURVE_WITH_KNOTS('',5,(#7116,#7117,#7118,#7119,#7120,
    #7121),.UNSPECIFIED.,.F.,.F.,(6,6),(1.318116071653,1.570796326795),
  .PIECEWISE_BEZIER_KNOTS.);
#7116 = CARTESIAN_POINT('',(4.459708725243,4.));
#7117 = CARTESIAN_POINT('',(4.510244776271,3.980427471598));
#7118 = CARTESIAN_POINT('',(4.560780827299,3.960535707083));
#7119 = CARTESIAN_POINT('',(4.611316878328,3.940428841177));
#7120 = CARTESIAN_POINT('',(4.661852929356,3.920214420411));
#7121 = CARTESIAN_POINT('',(4.712388980385,3.9));
#7122 = ( GEOMETRIC_REPRESENTATION_CONTEXT(2) 
PARAMETRIC_REPRESENTATION_CONTEXT() REPRESENTATION_CONTEXT('2D SPACE',''
  ) );
#7123 = PCURVE('',#7124,#7129);
#7124 = PLANE('',#7125);
#7125 = AXIS2_PLACEMENT_3D('',#7126,#7127,#7128);
#7126 = CARTESIAN_POINT('',(13.7,-5.E-02,-0.7));
#7127 = DIRECTION('',(0.707106781187,0.707106781187,0.));
#7128 = DIRECTION('',(-0.,0.,-1.));
#7129 = DEFINITIONAL_REPRESENTATION('',(#7130),#7134);
#7130 = ELLIPSE('',#7131,0.565685424949,0.4);
#7131 = AXIS2_PLACEMENT_2D('',#7132,#7133);
#7132 = CARTESIAN_POINT('',(-0.7,7.071067811866E-02));
#7133 = DIRECTION('',(-0.,-1.));
#7134 = ( GEOMETRIC_REPRESENTATION_CONTEXT(2) 
PARAMETRIC_REPRESENTATION_CONTEXT() REPRESENTATION_CONTEXT('2D SPACE',''
  ) );
#7135 = ORIENTED_EDGE('',*,*,#7136,.F.);
#7136 = EDGE_CURVE('',#7137,#7105,#7139,.T.);
#7137 = VERTEX_POINT('',#7138);
#7138 = CARTESIAN_POINT('',(13.75,-0.1,0.387298334621));
#7139 = SURFACE_CURVE('',#7140,(#7145,#7152),.PCURVE_S1.);
#7140 = CIRCLE('',#7141,0.4);
#7141 = AXIS2_PLACEMENT_3D('',#7142,#7143,#7144);
#7142 = CARTESIAN_POINT('',(13.75,0.,0.));
#7143 = DIRECTION('',(1.,0.,0.));
#7144 = DIRECTION('',(0.,1.,0.));
#7145 = PCURVE('',#6812,#7146);
#7146 = DEFINITIONAL_REPRESENTATION('',(#7147),#7151);
#7147 = LINE('',#7148,#7149);
#7148 = CARTESIAN_POINT('',(0.,4.));
#7149 = VECTOR('',#7150,1.);
#7150 = DIRECTION('',(1.,0.));
#7151 = ( GEOMETRIC_REPRESENTATION_CONTEXT(2) 
PARAMETRIC_REPRESENTATION_CONTEXT() REPRESENTATION_CONTEXT('2D SPACE',''
  ) );
#7152 = PCURVE('',#7153,#7158);
#7153 = PLANE('',#7154);
#7154 = AXIS2_PLACEMENT_3D('',#7155,#7156,#7157);
#7155 = CARTESIAN_POINT('',(13.75,0.,0.));
#7156 = DIRECTION('',(1.,0.,0.));
#7157 = DIRECTION('',(0.,1.,0.));
#7158 = DEFINITIONAL_REPRESENTATION('',(#7159),#7163);
#7159 = CIRCLE('',#7160,0.4);
#7160 = AXIS2_PLACEMENT_2D('',#7161,#7162);
#7161 = CARTESIAN_POINT('',(0.,0.));
#7162 = DIRECTION('',(1.,-0.));
#7163 = ( GEOMETRIC_REPRESENTATION_CONTEXT(2) 
PARAMETRIC_REPRESENTATION_CONTEXT() REPRESENTATION_CONTEXT('2D SPACE',''
  ) );
#7164 = ORIENTED_EDGE('',*,*,#7165,.F.);
#7165 = EDGE_CURVE('',#6804,#7137,#7166,.T.);
#7166 = SURFACE_CURVE('',#7167,(#7172,#7182),.PCURVE_S1.);
#7167 = ELLIPSE('',#7168,0.565685424949,0.4);
#7168 = AXIS2_PLACEMENT_3D('',#7169,#7170,#7171);
#7169 = CARTESIAN_POINT('',(13.65,0.,0.));
#7170 = DIRECTION('',(0.707106781187,0.707106781187,0.));
#7171 = DIRECTION('',(0.707106781187,-0.707106781187,0.));
#7172 = PCURVE('',#6812,#7173);
#7173 = DEFINITIONAL_REPRESENTATION('',(#7174),#7181);
#7174 = B_SPLINE_CURVE_WITH_KNOTS('',5,(#7175,#7176,#7177,#7178,#7179,
    #7180),.UNSPECIFIED.,.F.,.F.,(6,6),(4.712388980385,4.965069235527),
  .PIECEWISE_BEZIER_KNOTS.);
#7175 = CARTESIAN_POINT('',(1.570796326795,3.9));
#7176 = CARTESIAN_POINT('',(1.621332377823,3.920214420411));
#7177 = CARTESIAN_POINT('',(1.671868428852,3.940428841177));
#7178 = CARTESIAN_POINT('',(1.72240447988,3.960535707083));
#7179 = CARTESIAN_POINT('',(1.772940530909,3.980427471598));
#7180 = CARTESIAN_POINT('',(1.823476581937,4.));
#7181 = ( GEOMETRIC_REPRESENTATION_CONTEXT(2) 
PARAMETRIC_REPRESENTATION_CONTEXT() REPRESENTATION_CONTEXT('2D SPACE',''
  ) );
#7182 = PCURVE('',#7183,#7188);
#7183 = PLANE('',#7184);
#7184 = AXIS2_PLACEMENT_3D('',#7185,#7186,#7187);
#7185 = CARTESIAN_POINT('',(13.7,-5.E-02,0.4));
#7186 = DIRECTION('',(0.707106781187,0.707106781187,0.));
#7187 = DIRECTION('',(0.,-0.,1.));
#7188 = DEFINITIONAL_REPRESENTATION('',(#7189),#7193);
#7189 = ELLIPSE('',#7190,0.565685424949,0.4);
#7190 = AXIS2_PLACEMENT_2D('',#7191,#7192);
#7191 = CARTESIAN_POINT('',(-0.4,-7.071067811866E-02));
#7192 = DIRECTION('',(0.,1.));
#7193 = ( GEOMETRIC_REPRESENTATION_CONTEXT(2) 
PARAMETRIC_REPRESENTATION_CONTEXT() REPRESENTATION_CONTEXT('2D SPACE',''
  ) );
#7194 = ADVANCED_FACE('',(#7195),#6824,.F.);
#7195 = FACE_BOUND('',#7196,.F.);
#7196 = EDGE_LOOP('',(#7197,#7227,#7248,#7249));
#7197 = ORIENTED_EDGE('',*,*,#7198,.T.);
#7198 = EDGE_CURVE('',#7199,#7201,#7203,.T.);
#7199 = VERTEX_POINT('',#7200);
#7200 = CARTESIAN_POINT('',(13.65,0.,0.7));
#7201 = VERTEX_POINT('',#7202);
#7202 = CARTESIAN_POINT('',(11.45,0.,0.7));
#7203 = SURFACE_CURVE('',#7204,(#7208,#7215),.PCURVE_S1.);
#7204 = LINE('',#7205,#7206);
#7205 = CARTESIAN_POINT('',(13.75,0.,0.7));
#7206 = VECTOR('',#7207,1.);
#7207 = DIRECTION('',(-1.,-0.,-0.));
#7208 = PCURVE('',#6824,#7209);
#7209 = DEFINITIONAL_REPRESENTATION('',(#7210),#7214);
#7210 = LINE('',#7211,#7212);
#7211 = CARTESIAN_POINT('',(2.3,-20.27307011979));
#7212 = VECTOR('',#7213,1.);
#7213 = DIRECTION('',(-1.,0.));
#7214 = ( GEOMETRIC_REPRESENTATION_CONTEXT(2) 
PARAMETRIC_REPRESENTATION_CONTEXT() REPRESENTATION_CONTEXT('2D SPACE',''
  ) );
#7215 = PCURVE('',#7216,#7221);
#7216 = CYLINDRICAL_SURFACE('',#7217,0.7);
#7217 = AXIS2_PLACEMENT_3D('',#7218,#7219,#7220);
#7218 = CARTESIAN_POINT('',(13.75,0.,0.));
#7219 = DIRECTION('',(-1.,-0.,-0.));
#7220 = DIRECTION('',(0.,1.,0.));
#7221 = DEFINITIONAL_REPRESENTATION('',(#7222),#7226);
#7222 = LINE('',#7223,#7224);
#7223 = CARTESIAN_POINT('',(-1.570796326795,0.));
#7224 = VECTOR('',#7225,1.);
#7225 = DIRECTION('',(-0.,1.));
#7226 = ( GEOMETRIC_REPRESENTATION_CONTEXT(2) 
PARAMETRIC_REPRESENTATION_CONTEXT() REPRESENTATION_CONTEXT('2D SPACE',''
  ) );
#7227 = ORIENTED_EDGE('',*,*,#7228,.T.);
#7228 = EDGE_CURVE('',#7201,#6802,#7229,.T.);
#7229 = SURFACE_CURVE('',#7230,(#7234,#7241),.PCURVE_S1.);
#7230 = LINE('',#7231,#7232);
#7231 = CARTESIAN_POINT('',(11.45,0.,20.973070119799));
#7232 = VECTOR('',#7233,1.);
#7233 = DIRECTION('',(-0.,-0.,-1.));
#7234 = PCURVE('',#6824,#7235);
#7235 = DEFINITIONAL_REPRESENTATION('',(#7236),#7240);
#7236 = LINE('',#7237,#7238);
#7237 = CARTESIAN_POINT('',(0.,0.));
#7238 = VECTOR('',#7239,1.);
#7239 = DIRECTION('',(0.,-1.));
#7240 = ( GEOMETRIC_REPRESENTATION_CONTEXT(2) 
PARAMETRIC_REPRESENTATION_CONTEXT() REPRESENTATION_CONTEXT('2D SPACE',''
  ) );
#7241 = PCURVE('',#6898,#7242);
#7242 = DEFINITIONAL_REPRESENTATION('',(#7243),#7247);
#7243 = LINE('',#7244,#7245);
#7244 = CARTESIAN_POINT('',(4.712388980385,0.));
#7245 = VECTOR('',#7246,1.);
#7246 = DIRECTION('',(0.,-1.));
#7247 = ( GEOMETRIC_REPRESENTATION_CONTEXT(2) 
PARAMETRIC_REPRESENTATION_CONTEXT() REPRESENTATION_CONTEXT('2D SPACE',''
  ) );
#7248 = ORIENTED_EDGE('',*,*,#6801,.T.);
#7249 = ORIENTED_EDGE('',*,*,#7250,.T.);
#7250 = EDGE_CURVE('',#6804,#7199,#7251,.T.);
#7251 = SURFACE_CURVE('',#7252,(#7256,#7263),.PCURVE_S1.);
#7252 = LINE('',#7253,#7254);
#7253 = CARTESIAN_POINT('',(13.65,0.,0.4));
#7254 = VECTOR('',#7255,1.);
#7255 = DIRECTION('',(0.,0.,1.));
#7256 = PCURVE('',#6824,#7257);
#7257 = DEFINITIONAL_REPRESENTATION('',(#7258),#7262);
#7258 = LINE('',#7259,#7260);
#7259 = CARTESIAN_POINT('',(2.2,-20.57307011979));
#7260 = VECTOR('',#7261,1.);
#7261 = DIRECTION('',(0.,1.));
#7262 = ( GEOMETRIC_REPRESENTATION_CONTEXT(2) 
PARAMETRIC_REPRESENTATION_CONTEXT() REPRESENTATION_CONTEXT('2D SPACE',''
  ) );
#7263 = PCURVE('',#7183,#7264);
#7264 = DEFINITIONAL_REPRESENTATION('',(#7265),#7269);
#7265 = LINE('',#7266,#7267);
#7266 = CARTESIAN_POINT('',(0.,-7.071067811865E-02));
#7267 = VECTOR('',#7268,1.);
#7268 = DIRECTION('',(1.,0.));
#7269 = ( GEOMETRIC_REPRESENTATION_CONTEXT(2) 
PARAMETRIC_REPRESENTATION_CONTEXT() REPRESENTATION_CONTEXT('2D SPACE',''
  ) );
#7270 = ADVANCED_FACE('',(#7271),#7183,.T.);
#7271 = FACE_BOUND('',#7272,.T.);
#7272 = EDGE_LOOP('',(#7273,#7274,#7275,#7302));
#7273 = ORIENTED_EDGE('',*,*,#7165,.F.);
#7274 = ORIENTED_EDGE('',*,*,#7250,.T.);
#7275 = ORIENTED_EDGE('',*,*,#7276,.T.);
#7276 = EDGE_CURVE('',#7199,#7277,#7279,.T.);
#7277 = VERTEX_POINT('',#7278);
#7278 = CARTESIAN_POINT('',(13.75,-0.1,0.692820323028));
#7279 = SURFACE_CURVE('',#7280,(#7285,#7292),.PCURVE_S1.);
#7280 = ELLIPSE('',#7281,0.989949493661,0.7);
#7281 = AXIS2_PLACEMENT_3D('',#7282,#7283,#7284);
#7282 = CARTESIAN_POINT('',(13.65,0.,0.));
#7283 = DIRECTION('',(0.707106781187,0.707106781187,-0.));
#7284 = DIRECTION('',(-0.707106781187,0.707106781187,0.));
#7285 = PCURVE('',#7183,#7286);
#7286 = DEFINITIONAL_REPRESENTATION('',(#7287),#7291);
#7287 = ELLIPSE('',#7288,0.989949493661,0.7);
#7288 = AXIS2_PLACEMENT_2D('',#7289,#7290);
#7289 = CARTESIAN_POINT('',(-0.4,-7.071067811866E-02));
#7290 = DIRECTION('',(0.,-1.));
#7291 = ( GEOMETRIC_REPRESENTATION_CONTEXT(2) 
PARAMETRIC_REPRESENTATION_CONTEXT() REPRESENTATION_CONTEXT('2D SPACE',''
  ) );
#7292 = PCURVE('',#7216,#7293);
#7293 = DEFINITIONAL_REPRESENTATION('',(#7294),#7301);
#7294 = B_SPLINE_CURVE_WITH_KNOTS('',5,(#7295,#7296,#7297,#7298,#7299,
    #7300),.UNSPECIFIED.,.F.,.F.,(6,6),(1.570796326795,1.7141438957),
  .PIECEWISE_BEZIER_KNOTS.);
#7295 = CARTESIAN_POINT('',(-1.570796326795,1.E-01));
#7296 = CARTESIAN_POINT('',(-1.599465840576,7.993134035325E-02));
#7297 = CARTESIAN_POINT('',(-1.628135354357,5.986268069477E-02));
#7298 = CARTESIAN_POINT('',(-1.656804868138,3.982838621054E-02));
#7299 = CARTESIAN_POINT('',(-1.685474381919,1.986282179885E-02));
#7300 = CARTESIAN_POINT('',(-1.7141438957,1.78E-15));
#7301 = ( GEOMETRIC_REPRESENTATION_CONTEXT(2) 
PARAMETRIC_REPRESENTATION_CONTEXT() REPRESENTATION_CONTEXT('2D SPACE',''
  ) );
#7302 = ORIENTED_EDGE('',*,*,#7303,.F.);
#7303 = EDGE_CURVE('',#7137,#7277,#7304,.T.);
#7304 = SURFACE_CURVE('',#7305,(#7309,#7316),.PCURVE_S1.);
#7305 = LINE('',#7306,#7307);
#7306 = CARTESIAN_POINT('',(13.75,-0.1,0.4));
#7307 = VECTOR('',#7308,1.);
#7308 = DIRECTION('',(0.,0.,1.));
#7309 = PCURVE('',#7183,#7310);
#7310 = DEFINITIONAL_REPRESENTATION('',(#7311),#7315);
#7311 = LINE('',#7312,#7313);
#7312 = CARTESIAN_POINT('',(0.,7.071067811866E-02));
#7313 = VECTOR('',#7314,1.);
#7314 = DIRECTION('',(1.,0.));
#7315 = ( GEOMETRIC_REPRESENTATION_CONTEXT(2) 
PARAMETRIC_REPRESENTATION_CONTEXT() REPRESENTATION_CONTEXT('2D SPACE',''
  ) );
#7316 = PCURVE('',#7153,#7317);
#7317 = DEFINITIONAL_REPRESENTATION('',(#7318),#7322);
#7318 = LINE('',#7319,#7320);
#7319 = CARTESIAN_POINT('',(-0.1,0.4));
#7320 = VECTOR('',#7321,1.);
#7321 = DIRECTION('',(-0.,1.));
#7322 = ( GEOMETRIC_REPRESENTATION_CONTEXT(2) 
PARAMETRIC_REPRESENTATION_CONTEXT() REPRESENTATION_CONTEXT('2D SPACE',''
  ) );
#7323 = ADVANCED_FACE('',(#7324),#6898,.F.);
#7324 = FACE_BOUND('',#7325,.F.);
#7325 = EDGE_LOOP('',(#7326,#7327,#7452,#7577,#7598,#7599));
#7326 = ORIENTED_EDGE('',*,*,#7228,.F.);
#7327 = ORIENTED_EDGE('',*,*,#7328,.F.);
#7328 = EDGE_CURVE('',#7329,#7201,#7331,.T.);
#7329 = VERTEX_POINT('',#7330);
#7330 = CARTESIAN_POINT('',(10.496060798583,0.7,0.));
#7331 = SURFACE_CURVE('',#7332,(#7370,#7411),.PCURVE_S1.);
#7332 = B_SPLINE_CURVE_WITH_KNOTS('',6,(#7333,#7334,#7335,#7336,#7337,
    #7338,#7339,#7340,#7341,#7342,#7343,#7344,#7345,#7346,#7347,#7348,
    #7349,#7350,#7351,#7352,#7353,#7354,#7355,#7356,#7357,#7358,#7359,
    #7360,#7361,#7362,#7363,#7364,#7365,#7366,#7367,#7368,#7369),
  .UNSPECIFIED.,.F.,.F.,(7,5,5,5,5,5,5,7),(0.,0.254242346518,
    0.320322993621,0.445956792986,0.6084479482,0.665347826184,
    0.788732871404,1.),.UNSPECIFIED.);
#7333 = CARTESIAN_POINT('',(10.496060798583,0.7,-9.E-17));
#7334 = CARTESIAN_POINT('',(10.496060798583,0.7,6.537130346267E-02));
#7335 = CARTESIAN_POINT('',(10.49836513317,0.692674150284,0.130841485476
    ));
#7336 = CARTESIAN_POINT('',(10.502983710673,0.677980974926,
    0.195205502327));
#7337 = CARTESIAN_POINT('',(10.510301688601,0.656203688078,
    0.257273586513));
#7338 = CARTESIAN_POINT('',(10.521056205368,0.627918395544,0.31597117532
    ));
#7339 = CARTESIAN_POINT('',(10.540069533168,0.585126696648,
    0.384584223335));
#7340 = CARTESIAN_POINT('',(10.544282227168,0.575921075249,
    0.398443315584));
#7341 = CARTESIAN_POINT('',(10.548799838621,0.566355032807,0.41198892883
    ));
#7342 = CARTESIAN_POINT('',(10.553636453615,0.556448290281,0.42520406489
    ));
#7343 = CARTESIAN_POINT('',(10.558805689249,0.546222751344,0.43807285235
    ));
#7344 = CARTESIAN_POINT('',(10.574805926251,0.515701202377,
    0.474360415769));
#7345 = CARTESIAN_POINT('',(10.586545312101,0.494625461874,
    0.496846302207));
#7346 = CARTESIAN_POINT('',(10.599622679124,0.472651861128,
    0.517920789067));
#7347 = CARTESIAN_POINT('',(10.614108346012,0.449978913773,
    0.537505950608));
#7348 = CARTESIAN_POINT('',(10.630052255917,0.426817061735,
    0.555562484915));
#7349 = CARTESIAN_POINT('',(10.67001391716,0.373064126231,0.593463569277
    ));
#7350 = CARTESIAN_POINT('',(10.694999390541,0.342325472814,
    0.612251816586));
#7351 = CARTESIAN_POINT('',(10.722478629783,0.31161674472,0.628465204033
    ));
#7352 = CARTESIAN_POINT('',(10.752418570112,0.28139902486,0.642214596173
    ));
#7353 = CARTESIAN_POINT('',(10.784697005537,0.252111524579,
    0.653690603035));
#7354 = CARTESIAN_POINT('',(10.831135645328,0.21434874782,0.666454419652
    ));
#7355 = CARTESIAN_POINT('',(10.84344393094,0.204712693554,0.669517953993
    ));
#7356 = CARTESIAN_POINT('',(10.856009580897,0.19524951,0.672345783296));
#7357 = CARTESIAN_POINT('',(10.868825346825,0.185973185703,
    0.674949480594));
#7358 = CARTESIAN_POINT('',(10.881883619814,0.176896688951,
    0.677341088162));
#7359 = CARTESIAN_POINT('',(10.924001343496,0.148809184515,
    0.684286443022));
#7360 = CARTESIAN_POINT('',(10.953922157471,0.130586998857,0.68809993943
    ));
#7361 = CARTESIAN_POINT('',(10.984866958611,0.113480033417,0.69110208238
    ));
#7362 = CARTESIAN_POINT('',(11.016753266256,9.758916769797E-02,
    0.693423117422));
#7363 = CARTESIAN_POINT('',(11.049488539209,8.300155274986E-02,
    0.695188480278));
#7364 = CARTESIAN_POINT('',(11.140300775729,4.717010001433E-02,
    0.698778797072));
#7365 = CARTESIAN_POINT('',(11.199897406374,2.855539060815E-02,
    0.699753675184));
#7366 = CARTESIAN_POINT('',(11.261227458898,1.434694554879E-02,
    0.700000365333));
#7367 = CARTESIAN_POINT('',(11.323729077919,4.787294292236E-03,
    0.69999990252));
#7368 = CARTESIAN_POINT('',(11.386838136417,6.E-17,0.7));
#7369 = CARTESIAN_POINT('',(11.45,1.1E-16,0.7));
#7370 = PCURVE('',#6898,#7371);
#7371 = DEFINITIONAL_REPRESENTATION('',(#7372),#7410);
#7372 = B_SPLINE_CURVE_WITH_KNOTS('',6,(#7373,#7374,#7375,#7376,#7377,
    #7378,#7379,#7380,#7381,#7382,#7383,#7384,#7385,#7386,#7387,#7388,
    #7389,#7390,#7391,#7392,#7393,#7394,#7395,#7396,#7397,#7398,#7399,
    #7400,#7401,#7402,#7403,#7404,#7405,#7406,#7407,#7408,#7409),
  .UNSPECIFIED.,.F.,.F.,(7,5,5,5,5,5,5,7),(0.,0.254242346518,
    0.320322993621,0.445956792986,0.6084479482,0.665347826184,
    0.788732871404,1.),.UNSPECIFIED.);
#7373 = CARTESIAN_POINT('',(3.446285307605,-20.97307011979));
#7374 = CARTESIAN_POINT('',(3.446285307605,-20.90769881633));
#7375 = CARTESIAN_POINT('',(3.453964775244,-20.84222863432));
#7376 = CARTESIAN_POINT('',(3.469367931512,-20.77786461747));
#7377 = CARTESIAN_POINT('',(3.492334543838,-20.71579653328));
#7378 = CARTESIAN_POINT('',(3.522549642357,-20.65709894447));
#7379 = CARTESIAN_POINT('',(3.569375235021,-20.58848589646));
#7380 = CARTESIAN_POINT('',(3.579498394848,-20.57462680421));
#7381 = CARTESIAN_POINT('',(3.590076295134,-20.56108119096));
#7382 = CARTESIAN_POINT('',(3.60109910467,-20.5478660549));
#7383 = CARTESIAN_POINT('',(3.612555751032,-20.53499726744));
#7384 = CARTESIAN_POINT('',(3.647016925352,-20.49870970403));
#7385 = CARTESIAN_POINT('',(3.671133934319,-20.47622381759));
#7386 = CARTESIAN_POINT('',(3.696687749159,-20.45514933073));
#7387 = CARTESIAN_POINT('',(3.723570912432,-20.43556416919));
#7388 = CARTESIAN_POINT('',(3.751671194403,-20.41750763488));
#7389 = CARTESIAN_POINT('',(3.818651135017,-20.37960655052));
#7390 = CARTESIAN_POINT('',(3.858226906161,-20.36081830321));
#7391 = CARTESIAN_POINT('',(3.899361878748,-20.34460491576));
#7392 = CARTESIAN_POINT('',(3.941813644592,-20.33085552362));
#7393 = CARTESIAN_POINT('',(3.985334410501,-20.31937951676));
#7394 = CARTESIAN_POINT('',(4.045189022471,-20.30661570014));
#7395 = CARTESIAN_POINT('',(4.06081794429,-20.3035521658));
#7396 = CARTESIAN_POINT('',(4.076544251313,-20.3007243365));
#7397 = CARTESIAN_POINT('',(4.092360643828,-20.2981206392));
#7398 = CARTESIAN_POINT('',(4.108260543461,-20.29572903163));
#7399 = CARTESIAN_POINT('',(4.158884752627,-20.28878367677));
#7400 = CARTESIAN_POINT('',(4.193888010815,-20.28497018036));
#7401 = CARTESIAN_POINT('',(4.229199309602,-20.28196803741));
#7402 = CARTESIAN_POINT('',(4.264776597412,-20.27964700237));
#7403 = CARTESIAN_POINT('',(4.300581341899,-20.27788163952));
#7404 = CARTESIAN_POINT('',(4.398206929257,-20.27429132272));
#7405 = CARTESIAN_POINT('',(4.460476371779,-20.27331644461));
#7406 = CARTESIAN_POINT('',(4.523162688714,-20.27306975446));
#7407 = CARTESIAN_POINT('',(4.586118106676,-20.27307021727));
#7408 = CARTESIAN_POINT('',(4.649227116802,-20.27307011979));
#7409 = CARTESIAN_POINT('',(4.712388980385,-20.27307011979));
#7410 = ( GEOMETRIC_REPRESENTATION_CONTEXT(2) 
PARAMETRIC_REPRESENTATION_CONTEXT() REPRESENTATION_CONTEXT('2D SPACE',''
  ) );
#7411 = PCURVE('',#7216,#7412);
#7412 = DEFINITIONAL_REPRESENTATION('',(#7413),#7451);
#7413 = B_SPLINE_CURVE_WITH_KNOTS('',6,(#7414,#7415,#7416,#7417,#7418,
    #7419,#7420,#7421,#7422,#7423,#7424,#7425,#7426,#7427,#7428,#7429,
    #7430,#7431,#7432,#7433,#7434,#7435,#7436,#7437,#7438,#7439,#7440,
    #7441,#7442,#7443,#7444,#7445,#7446,#7447,#7448,#7449,#7450),
  .UNSPECIFIED.,.F.,.F.,(7,5,5,5,5,5,5,7),(0.,0.254242346518,
    0.320322993621,0.445956792986,0.6084479482,0.665347826184,
    0.788732871404,1.),.UNSPECIFIED.);
#7414 = CARTESIAN_POINT('',(0.,3.253939201417));
#7415 = CARTESIAN_POINT('',(-9.338757637525E-02,3.253939201417));
#7416 = CARTESIAN_POINT('',(-0.186916280507,3.25163486683));
#7417 = CARTESIAN_POINT('',(-0.280331527665,3.247016289327));
#7418 = CARTESIAN_POINT('',(-0.373418691104,3.239698311399));
#7419 = CARTESIAN_POINT('',(-0.465952039798,3.228943794632));
#7420 = CARTESIAN_POINT('',(-0.581471097791,3.209930466832));
#7421 = CARTESIAN_POINT('',(-0.605229579727,3.205717772832));
#7422 = CARTESIAN_POINT('',(-0.62890510343,3.201200161379));
#7423 = CARTESIAN_POINT('',(-0.652485594984,3.196363546385));
#7424 = CARTESIAN_POINT('',(-0.675957481451,3.191194310751));
#7425 = CARTESIAN_POINT('',(-0.743695756439,3.175194073749));
#7426 = CARTESIAN_POINT('',(-0.787659009204,3.163454687899));
#7427 = CARTESIAN_POINT('',(-0.831062846153,3.150377320876));
#7428 = CARTESIAN_POINT('',(-0.873780474315,3.135891653988));
#7429 = CARTESIAN_POINT('',(-0.915687265472,3.119947744083));
#7430 = CARTESIAN_POINT('',(-1.009646334623,3.07998608284));
#7431 = CARTESIAN_POINT('',(-1.061000680239,3.055000609459));
#7432 = CARTESIAN_POINT('',(-1.110471142323,3.027521370217));
#7433 = CARTESIAN_POINT('',(-1.157789016267,2.997581429888));
#7434 = CARTESIAN_POINT('',(-1.202675569805,2.965302994463));
#7435 = CARTESIAN_POINT('',(-1.259620626087,2.918864354672));
#7436 = CARTESIAN_POINT('',(-1.274063012442,2.90655606906));
#7437 = CARTESIAN_POINT('',(-1.288169391118,2.893990419103));
#7438 = CARTESIAN_POINT('',(-1.301930664687,2.881174653175));
#7439 = CARTESIAN_POINT('',(-1.31533812082,2.868116380186));
#7440 = CARTESIAN_POINT('',(-1.356671653671,2.825998656504));
#7441 = CARTESIAN_POINT('',(-1.383249909486,2.796077842529));
#7442 = CARTESIAN_POINT('',(-1.408044273439,2.765133041389));
#7443 = CARTESIAN_POINT('',(-1.430975155846,2.733246733744));
#7444 = CARTESIAN_POINT('',(-1.451962255897,2.700511460791));
#7445 = CARTESIAN_POINT('',(-1.503406368228,2.609699224271));
#7446 = CARTESIAN_POINT('',(-1.530004866947,2.550102593626));
#7447 = CARTESIAN_POINT('',(-1.5502997795,2.488772541102));
#7448 = CARTESIAN_POINT('',(-1.563957578546,2.426270922081));
#7449 = CARTESIAN_POINT('',(-1.570796326795,2.363161863583));
#7450 = CARTESIAN_POINT('',(-1.570796326795,2.3));
#7451 = ( GEOMETRIC_REPRESENTATION_CONTEXT(2) 
PARAMETRIC_REPRESENTATION_CONTEXT() REPRESENTATION_CONTEXT('2D SPACE',''
  ) );
#7452 = ORIENTED_EDGE('',*,*,#7453,.F.);
#7453 = EDGE_CURVE('',#7454,#7329,#7456,.T.);
#7454 = VERTEX_POINT('',#7455);
#7455 = CARTESIAN_POINT('',(11.45,0.,-0.7));
#7456 = SURFACE_CURVE('',#7457,(#7495,#7536),.PCURVE_S1.);
#7457 = B_SPLINE_CURVE_WITH_KNOTS('',6,(#7458,#7459,#7460,#7461,#7462,
    #7463,#7464,#7465,#7466,#7467,#7468,#7469,#7470,#7471,#7472,#7473,
    #7474,#7475,#7476,#7477,#7478,#7479,#7480,#7481,#7482,#7483,#7484,
    #7485,#7486,#7487,#7488,#7489,#7490,#7491,#7492,#7493,#7494),
  .UNSPECIFIED.,.F.,.F.,(7,5,5,5,5,5,5,7),(0.,0.207450025539,
    0.333373346943,0.388423150132,0.554344514813,0.67855216069,
    0.745316759846,1.),.UNSPECIFIED.);
#7458 = CARTESIAN_POINT('',(11.45,-6.E-17,-0.7));
#7459 = CARTESIAN_POINT('',(11.387983981972,-1.1E-16,-0.7));
#7460 = CARTESIAN_POINT('',(11.32601759856,4.615175118387E-03,
    -0.699999917208));
#7461 = CARTESIAN_POINT('',(11.264626739169,1.383172976066E-02,
    -0.700000311248));
#7462 = CARTESIAN_POINT('',(11.204345823698,2.753451336883E-02,
    -0.699771129097));
#7463 = CARTESIAN_POINT('',(11.145707818349,4.549774475496E-02,
    -0.698864713237));
#7464 = CARTESIAN_POINT('',(11.054932397981,8.061259995834E-02,
    -0.695470473435));
#7465 = CARTESIAN_POINT('',(11.021409914205,9.531925952726E-02,
    -0.693743115364));
#7466 = CARTESIAN_POINT('',(10.988761871637,0.111392233144,
    -0.691450465586));
#7467 = CARTESIAN_POINT('',(10.957086969715,0.128740114122,
    -0.688459643979));
#7468 = CARTESIAN_POINT('',(10.926473220358,0.147256614394,
    -0.684632223376));
#7469 = CARTESIAN_POINT('',(10.884111441484,0.175373214289,
    -0.677732830394));
#7470 = CARTESIAN_POINT('',(10.871444353859,0.184125170278,
    -0.675448376294));
#7471 = CARTESIAN_POINT('',(10.859003337138,0.193065598576,
    -0.672966844472));
#7472 = CARTESIAN_POINT('',(10.846795309505,0.202182849167,
    -0.670277294929));
#7473 = CARTESIAN_POINT('',(10.834826881979,0.211464381119,
    -0.667369181958));
#7474 = CARTESIAN_POINT('',(10.787772404503,0.249326175848,
    -0.654777883402));
#7475 = CARTESIAN_POINT('',(10.754630174648,0.279161304796,
    -0.643234315588));
#7476 = CARTESIAN_POINT('',(10.723921270213,0.309989813713,
    -0.62933407429));
#7477 = CARTESIAN_POINT('',(10.695777385476,0.341347146836,
    -0.612866728538));
#7478 = CARTESIAN_POINT('',(10.670232763073,0.372744342115,
    -0.59371462838));
#7479 = CARTESIAN_POINT('',(10.63003014817,0.426866051112,
    -0.555508563239));
#7480 = CARTESIAN_POINT('',(10.614266267157,0.449764126472,
    -0.537656276104));
#7481 = CARTESIAN_POINT('',(10.599927691629,0.472184814247,
    -0.518309943895));
#7482 = CARTESIAN_POINT('',(10.586966364216,0.493924677304,
    -0.497507450563));
#7483 = CARTESIAN_POINT('',(10.575314678498,0.51479162874,
    -0.475323620463));
#7484 = CARTESIAN_POINT('',(10.559289499445,0.545269612422,
    -0.439264729639));
#7485 = CARTESIAN_POINT('',(10.554040938421,0.555625653898,
    -0.426288746753));
#7486 = CARTESIAN_POINT('',(10.54913276273,0.565657559883,
    -0.412958233619));
#7487 = CARTESIAN_POINT('',(10.544550954987,0.575342643105,
    -0.399289507632));
#7488 = CARTESIAN_POINT('',(10.540280995588,0.584660490818,
    -0.385300071782));
#7489 = CARTESIAN_POINT('',(10.521151771521,0.627667181422,
    -0.316491780078));
#7490 = CARTESIAN_POINT('',(10.510353728876,0.656048856569,
    -0.257714342714));
#7491 = CARTESIAN_POINT('',(10.503008304126,0.677902692921,
    -0.195548294687));
#7492 = CARTESIAN_POINT('',(10.498373298918,0.692648205176,
    -0.131073686865));
#7493 = CARTESIAN_POINT('',(10.496060798583,0.7,-6.548695975823E-02));
#7494 = CARTESIAN_POINT('',(10.496060798583,0.7,-1.1E-16));
#7495 = PCURVE('',#6898,#7496);
#7496 = DEFINITIONAL_REPRESENTATION('',(#7497),#7535);
#7497 = B_SPLINE_CURVE_WITH_KNOTS('',6,(#7498,#7499,#7500,#7501,#7502,
    #7503,#7504,#7505,#7506,#7507,#7508,#7509,#7510,#7511,#7512,#7513,
    #7514,#7515,#7516,#7517,#7518,#7519,#7520,#7521,#7522,#7523,#7524,
    #7525,#7526,#7527,#7528,#7529,#7530,#7531,#7532,#7533,#7534),
  .UNSPECIFIED.,.F.,.F.,(7,5,5,5,5,5,5,7),(0.,0.207450025539,
    0.333373346943,0.388423150132,0.554344514813,0.67855216069,
    0.745316759846,1.),.UNSPECIFIED.);
#7498 = CARTESIAN_POINT('',(4.712388980385,-21.67307011979));
#7499 = CARTESIAN_POINT('',(4.650372962357,-21.67307011979));
#7500 = CARTESIAN_POINT('',(4.588406622672,-21.673070037));
#7501 = CARTESIAN_POINT('',(4.52658622578,-21.67307043104));
#7502 = CARTESIAN_POINT('',(4.465021353958,-21.67284124889));
#7503 = CARTESIAN_POINT('',(4.403851828176,-21.67193483303));
#7504 = CARTESIAN_POINT('',(4.306521308816,-21.66854059323));
#7505 = CARTESIAN_POINT('',(4.26995065916,-21.66681323516));
#7506 = CARTESIAN_POINT('',(4.233613194145,-21.66452058538));
#7507 = CARTESIAN_POINT('',(4.197549184741,-21.66152976377));
#7508 = CARTESIAN_POINT('',(4.16180276401,-21.65770234317));
#7509 = CARTESIAN_POINT('',(4.110959244275,-21.65080295019));
#7510 = CARTESIAN_POINT('',(4.095565448922,-21.64851849609));
#7511 = CARTESIAN_POINT('',(4.0802490928,-21.64603696427));
#7512 = CARTESIAN_POINT('',(4.065016066243,-21.64334741472));
#7513 = CARTESIAN_POINT('',(4.049872889966,-21.64043930175));
#7514 = CARTESIAN_POINT('',(3.989477200131,-21.6278480032));
#7515 = CARTESIAN_POINT('',(3.944952466691,-21.61630443538));
#7516 = CARTESIAN_POINT('',(3.901532933696,-21.60240419408));
#7517 = CARTESIAN_POINT('',(3.859475070507,-21.58593684833));
#7518 = CARTESIAN_POINT('',(3.819038340231,-21.56678474817));
#7519 = CARTESIAN_POINT('',(3.751618687089,-21.52857868303));
#7520 = CARTESIAN_POINT('',(3.723837096647,-21.5107263959));
#7521 = CARTESIAN_POINT('',(3.697244978232,-21.49138006369));
#7522 = CARTESIAN_POINT('',(3.671950866999,-21.47057757036));
#7523 = CARTESIAN_POINT('',(3.648058745517,-21.44839374026));
#7524 = CARTESIAN_POINT('',(3.613624549534,-21.41233484943));
#7525 = CARTESIAN_POINT('',(3.602015692525,-21.39935886655));
#7526 = CARTESIAN_POINT('',(3.590849071,-21.38602835341));
#7527 = CARTESIAN_POINT('',(3.580136160807,-21.37235962743));
#7528 = CARTESIAN_POINT('',(3.569887142693,-21.35837019158));
#7529 = CARTESIAN_POINT('',(3.522818016398,-21.28956189987));
#7530 = CARTESIAN_POINT('',(3.492497827024,-21.23078446251));
#7531 = CARTESIAN_POINT('',(3.469449998489,-21.16861841448));
#7532 = CARTESIAN_POINT('',(3.453991971814,-21.10414380666));
#7533 = CARTESIAN_POINT('',(3.446285307605,-21.03855707955));
#7534 = CARTESIAN_POINT('',(3.446285307605,-20.97307011979));
#7535 = ( GEOMETRIC_REPRESENTATION_CONTEXT(2) 
PARAMETRIC_REPRESENTATION_CONTEXT() REPRESENTATION_CONTEXT('2D SPACE',''
  ) );
#7536 = PCURVE('',#7216,#7537);
#7537 = DEFINITIONAL_REPRESENTATION('',(#7538),#7576);
#7538 = B_SPLINE_CURVE_WITH_KNOTS('',6,(#7539,#7540,#7541,#7542,#7543,
    #7544,#7545,#7546,#7547,#7548,#7549,#7550,#7551,#7552,#7553,#7554,
    #7555,#7556,#7557,#7558,#7559,#7560,#7561,#7562,#7563,#7564,#7565,
    #7566,#7567,#7568,#7569,#7570,#7571,#7572,#7573,#7574,#7575),
  .UNSPECIFIED.,.F.,.F.,(7,5,5,5,5,5,5,7),(0.,0.207450025539,
    0.333373346943,0.388423150132,0.554344514813,0.67855216069,
    0.745316759846,1.),.UNSPECIFIED.);
#7539 = CARTESIAN_POINT('',(-4.712388980385,2.3));
#7540 = CARTESIAN_POINT('',(-4.712388980385,2.362016018028));
#7541 = CARTESIAN_POINT('',(-4.718981876346,2.42398240144));
#7542 = CARTESIAN_POINT('',(-4.732149387474,2.485373260831));
#7543 = CARTESIAN_POINT('',(-4.751722295142,2.545654176302));
#7544 = CARTESIAN_POINT('',(-4.777389326856,2.604292181651));
#7545 = CARTESIAN_POINT('',(-4.827787211485,2.695067602019));
#7546 = CARTESIAN_POINT('',(-4.848936724952,2.728590085795));
#7547 = CARTESIAN_POINT('',(-4.872119004807,2.761238128363));
#7548 = CARTESIAN_POINT('',(-4.897248925558,2.792913030285));
#7549 = CARTESIAN_POINT('',(-4.924241923244,2.823526779642));
#7550 = CARTESIAN_POINT('',(-4.965600110084,2.865888558516));
#7551 = CARTESIAN_POINT('',(-4.978520427418,2.878555646141));
#7552 = CARTESIAN_POINT('',(-4.991772886155,2.890996662862));
#7553 = CARTESIAN_POINT('',(-5.00534963121,2.903204690495));
#7554 = CARTESIAN_POINT('',(-5.019242475539,2.915173118021));
#7555 = CARTESIAN_POINT('',(-5.076243304379,2.962227595497));
#7556 = CARTESIAN_POINT('',(-5.121891067814,2.995369825352));
#7557 = CARTESIAN_POINT('',(-5.170088856935,3.026078729787));
#7558 = CARTESIAN_POINT('',(-5.220537304527,3.054222614524));
#7559 = CARTESIAN_POINT('',(-5.272958929948,3.079767236927));
#7560 = CARTESIAN_POINT('',(-5.367599633947,3.11996985183));
#7561 = CARTESIAN_POINT('',(-5.409031407646,3.135733732843));
#7562 = CARTESIAN_POINT('',(-5.451256154231,3.150072308371));
#7563 = CARTESIAN_POINT('',(-5.494153241891,3.163033635784));
#7564 = CARTESIAN_POINT('',(-5.537599977281,3.174685321502));
#7565 = CARTESIAN_POINT('',(-5.605048386843,3.190710500555));
#7566 = CARTESIAN_POINT('',(-5.628755925273,3.195959061579));
#7567 = CARTESIAN_POINT('',(-5.652575163487,3.20086723727));
#7568 = CARTESIAN_POINT('',(-5.676492036099,3.205449045013));
#7569 = CARTESIAN_POINT('',(-5.700494038963,3.209719004412));
#7570 = CARTESIAN_POINT('',(-5.816412346263,3.228848228479));
#7571 = CARTESIAN_POINT('',(-5.909105521812,3.239646271124));
#7572 = CARTESIAN_POINT('',(-6.002356275172,3.246991695874));
#7573 = CARTESIAN_POINT('',(-6.095937311871,3.251626701082));
#7574 = CARTESIAN_POINT('',(-6.189632507525,3.253939201417));
#7575 = CARTESIAN_POINT('',(-6.28318530718,3.253939201417));
#7576 = ( GEOMETRIC_REPRESENTATION_CONTEXT(2) 
PARAMETRIC_REPRESENTATION_CONTEXT() REPRESENTATION_CONTEXT('2D SPACE',''
  ) );
#7577 = ORIENTED_EDGE('',*,*,#7578,.F.);
#7578 = EDGE_CURVE('',#6985,#7454,#7579,.T.);
#7579 = SURFACE_CURVE('',#7580,(#7584,#7591),.PCURVE_S1.);
#7580 = LINE('',#7581,#7582);
#7581 = CARTESIAN_POINT('',(11.45,0.,20.973070119799));
#7582 = VECTOR('',#7583,1.);
#7583 = DIRECTION('',(-0.,-0.,-1.));
#7584 = PCURVE('',#6898,#7585);
#7585 = DEFINITIONAL_REPRESENTATION('',(#7586),#7590);
#7586 = LINE('',#7587,#7588);
#7587 = CARTESIAN_POINT('',(4.712388980385,0.));
#7588 = VECTOR('',#7589,1.);
#7589 = DIRECTION('',(0.,-1.));
#7590 = ( GEOMETRIC_REPRESENTATION_CONTEXT(2) 
PARAMETRIC_REPRESENTATION_CONTEXT() REPRESENTATION_CONTEXT('2D SPACE',''
  ) );
#7591 = PCURVE('',#7092,#7592);
#7592 = DEFINITIONAL_REPRESENTATION('',(#7593),#7597);
#7593 = LINE('',#7594,#7595);
#7594 = CARTESIAN_POINT('',(0.,0.));
#7595 = VECTOR('',#7596,1.);
#7596 = DIRECTION('',(0.,-1.));
#7597 = ( GEOMETRIC_REPRESENTATION_CONTEXT(2) 
PARAMETRIC_REPRESENTATION_CONTEXT() REPRESENTATION_CONTEXT('2D SPACE',''
  ) );
#7598 = ORIENTED_EDGE('',*,*,#6984,.T.);
#7599 = ORIENTED_EDGE('',*,*,#6836,.T.);
#7600 = ADVANCED_FACE('',(#7601),#7153,.T.);
#7601 = FACE_BOUND('',#7602,.F.);
#7602 = EDGE_LOOP('',(#7603,#7627,#7628,#7629));
#7603 = ORIENTED_EDGE('',*,*,#7604,.F.);
#7604 = EDGE_CURVE('',#7277,#7605,#7607,.T.);
#7605 = VERTEX_POINT('',#7606);
#7606 = CARTESIAN_POINT('',(13.75,-0.1,-0.692820323028));
#7607 = SURFACE_CURVE('',#7608,(#7613,#7620),.PCURVE_S1.);
#7608 = CIRCLE('',#7609,0.7);
#7609 = AXIS2_PLACEMENT_3D('',#7610,#7611,#7612);
#7610 = CARTESIAN_POINT('',(13.75,0.,0.));
#7611 = DIRECTION('',(1.,0.,0.));
#7612 = DIRECTION('',(0.,1.,0.));
#7613 = PCURVE('',#7153,#7614);
#7614 = DEFINITIONAL_REPRESENTATION('',(#7615),#7619);
#7615 = CIRCLE('',#7616,0.7);
#7616 = AXIS2_PLACEMENT_2D('',#7617,#7618);
#7617 = CARTESIAN_POINT('',(0.,0.));
#7618 = DIRECTION('',(1.,-0.));
#7619 = ( GEOMETRIC_REPRESENTATION_CONTEXT(2) 
PARAMETRIC_REPRESENTATION_CONTEXT() REPRESENTATION_CONTEXT('2D SPACE',''
  ) );
#7620 = PCURVE('',#7216,#7621);
#7621 = DEFINITIONAL_REPRESENTATION('',(#7622),#7626);
#7622 = LINE('',#7623,#7624);
#7623 = CARTESIAN_POINT('',(-0.,0.));
#7624 = VECTOR('',#7625,1.);
#7625 = DIRECTION('',(-1.,0.));
#7626 = ( GEOMETRIC_REPRESENTATION_CONTEXT(2) 
PARAMETRIC_REPRESENTATION_CONTEXT() REPRESENTATION_CONTEXT('2D SPACE',''
  ) );
#7627 = ORIENTED_EDGE('',*,*,#7303,.F.);
#7628 = ORIENTED_EDGE('',*,*,#7136,.T.);
#7629 = ORIENTED_EDGE('',*,*,#7630,.F.);
#7630 = EDGE_CURVE('',#7605,#7105,#7631,.T.);
#7631 = SURFACE_CURVE('',#7632,(#7636,#7643),.PCURVE_S1.);
#7632 = LINE('',#7633,#7634);
#7633 = CARTESIAN_POINT('',(13.75,-0.1,-0.7));
#7634 = VECTOR('',#7635,1.);
#7635 = DIRECTION('',(0.,0.,1.));
#7636 = PCURVE('',#7153,#7637);
#7637 = DEFINITIONAL_REPRESENTATION('',(#7638),#7642);
#7638 = LINE('',#7639,#7640);
#7639 = CARTESIAN_POINT('',(-0.1,-0.7));
#7640 = VECTOR('',#7641,1.);
#7641 = DIRECTION('',(-0.,1.));
#7642 = ( GEOMETRIC_REPRESENTATION_CONTEXT(2) 
PARAMETRIC_REPRESENTATION_CONTEXT() REPRESENTATION_CONTEXT('2D SPACE',''
  ) );
#7643 = PCURVE('',#7124,#7644);
#7644 = DEFINITIONAL_REPRESENTATION('',(#7645),#7649);
#7645 = LINE('',#7646,#7647);
#7646 = CARTESIAN_POINT('',(-0.,-7.071067811866E-02));
#7647 = VECTOR('',#7648,1.);
#7648 = DIRECTION('',(-1.,0.));
#7649 = ( GEOMETRIC_REPRESENTATION_CONTEXT(2) 
PARAMETRIC_REPRESENTATION_CONTEXT() REPRESENTATION_CONTEXT('2D SPACE',''
  ) );
#7650 = ADVANCED_FACE('',(#7651),#7124,.T.);
#7651 = FACE_BOUND('',#7652,.F.);
#7652 = EDGE_LOOP('',(#7653,#7680,#7681,#7682));
#7653 = ORIENTED_EDGE('',*,*,#7654,.F.);
#7654 = EDGE_CURVE('',#7605,#7655,#7657,.T.);
#7655 = VERTEX_POINT('',#7656);
#7656 = CARTESIAN_POINT('',(13.65,0.,-0.7));
#7657 = SURFACE_CURVE('',#7658,(#7663,#7670),.PCURVE_S1.);
#7658 = ELLIPSE('',#7659,0.989949493661,0.7);
#7659 = AXIS2_PLACEMENT_3D('',#7660,#7661,#7662);
#7660 = CARTESIAN_POINT('',(13.65,0.,0.));
#7661 = DIRECTION('',(0.707106781187,0.707106781187,-0.));
#7662 = DIRECTION('',(-0.707106781187,0.707106781187,0.));
#7663 = PCURVE('',#7124,#7664);
#7664 = DEFINITIONAL_REPRESENTATION('',(#7665),#7669);
#7665 = ELLIPSE('',#7666,0.989949493661,0.7);
#7666 = AXIS2_PLACEMENT_2D('',#7667,#7668);
#7667 = CARTESIAN_POINT('',(-0.7,7.071067811866E-02));
#7668 = DIRECTION('',(-0.,1.));
#7669 = ( GEOMETRIC_REPRESENTATION_CONTEXT(2) 
PARAMETRIC_REPRESENTATION_CONTEXT() REPRESENTATION_CONTEXT('2D SPACE',''
  ) );
#7670 = PCURVE('',#7216,#7671);
#7671 = DEFINITIONAL_REPRESENTATION('',(#7672),#7679);
#7672 = B_SPLINE_CURVE_WITH_KNOTS('',5,(#7673,#7674,#7675,#7676,#7677,
    #7678),.UNSPECIFIED.,.F.,.F.,(6,6),(4.569041411479,4.712388980385),
  .PIECEWISE_BEZIER_KNOTS.);
#7673 = CARTESIAN_POINT('',(-4.569041411479,0.));
#7674 = CARTESIAN_POINT('',(-4.59771092526,1.986282179885E-02));
#7675 = CARTESIAN_POINT('',(-4.626380439041,3.982838621054E-02));
#7676 = CARTESIAN_POINT('',(-4.655049952823,5.986268069476E-02));
#7677 = CARTESIAN_POINT('',(-4.683719466604,7.993134035325E-02));
#7678 = CARTESIAN_POINT('',(-4.712388980385,1.E-01));
#7679 = ( GEOMETRIC_REPRESENTATION_CONTEXT(2) 
PARAMETRIC_REPRESENTATION_CONTEXT() REPRESENTATION_CONTEXT('2D SPACE',''
  ) );
#7680 = ORIENTED_EDGE('',*,*,#7630,.T.);
#7681 = ORIENTED_EDGE('',*,*,#7104,.T.);
#7682 = ORIENTED_EDGE('',*,*,#7683,.F.);
#7683 = EDGE_CURVE('',#7655,#7077,#7684,.T.);
#7684 = SURFACE_CURVE('',#7685,(#7689,#7696),.PCURVE_S1.);
#7685 = LINE('',#7686,#7687);
#7686 = CARTESIAN_POINT('',(13.65,0.,-0.7));
#7687 = VECTOR('',#7688,1.);
#7688 = DIRECTION('',(0.,0.,1.));
#7689 = PCURVE('',#7124,#7690);
#7690 = DEFINITIONAL_REPRESENTATION('',(#7691),#7695);
#7691 = LINE('',#7692,#7693);
#7692 = CARTESIAN_POINT('',(-0.,7.071067811865E-02));
#7693 = VECTOR('',#7694,1.);
#7694 = DIRECTION('',(-1.,0.));
#7695 = ( GEOMETRIC_REPRESENTATION_CONTEXT(2) 
PARAMETRIC_REPRESENTATION_CONTEXT() REPRESENTATION_CONTEXT('2D SPACE',''
  ) );
#7696 = PCURVE('',#7092,#7697);
#7697 = DEFINITIONAL_REPRESENTATION('',(#7698),#7702);
#7698 = LINE('',#7699,#7700);
#7699 = CARTESIAN_POINT('',(2.2,-21.67307011979));
#7700 = VECTOR('',#7701,1.);
#7701 = DIRECTION('',(0.,1.));
#7702 = ( GEOMETRIC_REPRESENTATION_CONTEXT(2) 
PARAMETRIC_REPRESENTATION_CONTEXT() REPRESENTATION_CONTEXT('2D SPACE',''
  ) );
#7703 = ADVANCED_FACE('',(#7704),#6971,.F.);
#7704 = FACE_BOUND('',#7705,.F.);
#7705 = EDGE_LOOP('',(#7706,#7729,#7730));
#7706 = ORIENTED_EDGE('',*,*,#7707,.T.);
#7707 = EDGE_CURVE('',#7708,#6934,#7710,.T.);
#7708 = VERTEX_POINT('',#7709);
#7709 = CARTESIAN_POINT('',(9.519059892324,0.,0.));
#7710 = SEAM_CURVE('',#7711,(#7715,#7722),.PCURVE_S1.);
#7711 = LINE('',#7712,#7713);
#7712 = CARTESIAN_POINT('',(9.519059892324,0.,0.));
#7713 = VECTOR('',#7714,1.);
#7714 = DIRECTION('',(0.5,0.866025403784,0.));
#7715 = PCURVE('',#6971,#7716);
#7716 = DEFINITIONAL_REPRESENTATION('',(#7717),#7721);
#7717 = LINE('',#7718,#7719);
#7718 = CARTESIAN_POINT('',(0.,0.));
#7719 = VECTOR('',#7720,1.);
#7720 = DIRECTION('',(0.,1.));
#7721 = ( GEOMETRIC_REPRESENTATION_CONTEXT(2) 
PARAMETRIC_REPRESENTATION_CONTEXT() REPRESENTATION_CONTEXT('2D SPACE',''
  ) );
#7722 = PCURVE('',#6971,#7723);
#7723 = DEFINITIONAL_REPRESENTATION('',(#7724),#7728);
#7724 = LINE('',#7725,#7726);
#7725 = CARTESIAN_POINT('',(6.28318530718,0.));
#7726 = VECTOR('',#7727,1.);
#7727 = DIRECTION('',(0.,1.));
#7728 = ( GEOMETRIC_REPRESENTATION_CONTEXT(2) 
PARAMETRIC_REPRESENTATION_CONTEXT() REPRESENTATION_CONTEXT('2D SPACE',''
  ) );
#7729 = ORIENTED_EDGE('',*,*,#6956,.F.);
#7730 = ORIENTED_EDGE('',*,*,#7707,.F.);
#7731 = ADVANCED_FACE('',(#7732),#7092,.F.);
#7732 = FACE_BOUND('',#7733,.F.);
#7733 = EDGE_LOOP('',(#7734,#7735,#7736,#7757));
#7734 = ORIENTED_EDGE('',*,*,#7076,.F.);
#7735 = ORIENTED_EDGE('',*,*,#7578,.T.);
#7736 = ORIENTED_EDGE('',*,*,#7737,.F.);
#7737 = EDGE_CURVE('',#7655,#7454,#7738,.T.);
#7738 = SURFACE_CURVE('',#7739,(#7743,#7750),.PCURVE_S1.);
#7739 = LINE('',#7740,#7741);
#7740 = CARTESIAN_POINT('',(13.75,0.,-0.7));
#7741 = VECTOR('',#7742,1.);
#7742 = DIRECTION('',(-1.,-0.,-0.));
#7743 = PCURVE('',#7092,#7744);
#7744 = DEFINITIONAL_REPRESENTATION('',(#7745),#7749);
#7745 = LINE('',#7746,#7747);
#7746 = CARTESIAN_POINT('',(2.3,-21.67307011979));
#7747 = VECTOR('',#7748,1.);
#7748 = DIRECTION('',(-1.,0.));
#7749 = ( GEOMETRIC_REPRESENTATION_CONTEXT(2) 
PARAMETRIC_REPRESENTATION_CONTEXT() REPRESENTATION_CONTEXT('2D SPACE',''
  ) );
#7750 = PCURVE('',#7216,#7751);
#7751 = DEFINITIONAL_REPRESENTATION('',(#7752),#7756);
#7752 = LINE('',#7753,#7754);
#7753 = CARTESIAN_POINT('',(-4.712388980385,0.));
#7754 = VECTOR('',#7755,1.);
#7755 = DIRECTION('',(-0.,1.));
#7756 = ( GEOMETRIC_REPRESENTATION_CONTEXT(2) 
PARAMETRIC_REPRESENTATION_CONTEXT() REPRESENTATION_CONTEXT('2D SPACE',''
  ) );
#7757 = ORIENTED_EDGE('',*,*,#7683,.T.);
#7758 = ADVANCED_FACE('',(#7759),#7216,.T.);
#7759 = FACE_BOUND('',#7760,.F.);
#7760 = EDGE_LOOP('',(#7761,#7762,#7763,#7764,#7765,#7766,#7767,#7790,
    #7817,#7818));
#7761 = ORIENTED_EDGE('',*,*,#7198,.F.);
#7762 = ORIENTED_EDGE('',*,*,#7276,.T.);
#7763 = ORIENTED_EDGE('',*,*,#7604,.T.);
#7764 = ORIENTED_EDGE('',*,*,#7654,.T.);
#7765 = ORIENTED_EDGE('',*,*,#7737,.T.);
#7766 = ORIENTED_EDGE('',*,*,#7453,.T.);
#7767 = ORIENTED_EDGE('',*,*,#7768,.T.);
#7768 = EDGE_CURVE('',#7329,#7769,#7771,.T.);
#7769 = VERTEX_POINT('',#7770);
#7770 = CARTESIAN_POINT('',(8.75,0.7,0.));
#7771 = SEAM_CURVE('',#7772,(#7776,#7783),.PCURVE_S1.);
#7772 = LINE('',#7773,#7774);
#7773 = CARTESIAN_POINT('',(13.75,0.7,0.));
#7774 = VECTOR('',#7775,1.);
#7775 = DIRECTION('',(-1.,0.,0.));
#7776 = PCURVE('',#7216,#7777);
#7777 = DEFINITIONAL_REPRESENTATION('',(#7778),#7782);
#7778 = LINE('',#7779,#7780);
#7779 = CARTESIAN_POINT('',(-0.,0.));
#7780 = VECTOR('',#7781,1.);
#7781 = DIRECTION('',(-0.,1.));
#7782 = ( GEOMETRIC_REPRESENTATION_CONTEXT(2) 
PARAMETRIC_REPRESENTATION_CONTEXT() REPRESENTATION_CONTEXT('2D SPACE',''
  ) );
#7783 = PCURVE('',#7216,#7784);
#7784 = DEFINITIONAL_REPRESENTATION('',(#7785),#7789);
#7785 = LINE('',#7786,#7787);
#7786 = CARTESIAN_POINT('',(-6.28318530718,0.));
#7787 = VECTOR('',#7788,1.);
#7788 = DIRECTION('',(-0.,1.));
#7789 = ( GEOMETRIC_REPRESENTATION_CONTEXT(2) 
PARAMETRIC_REPRESENTATION_CONTEXT() REPRESENTATION_CONTEXT('2D SPACE',''
  ) );
#7790 = ORIENTED_EDGE('',*,*,#7791,.F.);
#7791 = EDGE_CURVE('',#7769,#7769,#7792,.T.);
#7792 = SURFACE_CURVE('',#7793,(#7798,#7805),.PCURVE_S1.);
#7793 = CIRCLE('',#7794,0.7);
#7794 = AXIS2_PLACEMENT_3D('',#7795,#7796,#7797);
#7795 = CARTESIAN_POINT('',(8.75,0.,0.));
#7796 = DIRECTION('',(1.,0.,0.));
#7797 = DIRECTION('',(0.,1.,0.));
#7798 = PCURVE('',#7216,#7799);
#7799 = DEFINITIONAL_REPRESENTATION('',(#7800),#7804);
#7800 = LINE('',#7801,#7802);
#7801 = CARTESIAN_POINT('',(-0.,5.));
#7802 = VECTOR('',#7803,1.);
#7803 = DIRECTION('',(-1.,0.));
#7804 = ( GEOMETRIC_REPRESENTATION_CONTEXT(2) 
PARAMETRIC_REPRESENTATION_CONTEXT() REPRESENTATION_CONTEXT('2D SPACE',''
  ) );
#7805 = PCURVE('',#7806,#7811);
#7806 = PLANE('',#7807);
#7807 = AXIS2_PLACEMENT_3D('',#7808,#7809,#7810);
#7808 = CARTESIAN_POINT('',(8.75,0.,0.));
#7809 = DIRECTION('',(1.,0.,0.));
#7810 = DIRECTION('',(0.,1.,0.));
#7811 = DEFINITIONAL_REPRESENTATION('',(#7812),#7816);
#7812 = CIRCLE('',#7813,0.7);
#7813 = AXIS2_PLACEMENT_2D('',#7814,#7815);
#7814 = CARTESIAN_POINT('',(0.,0.));
#7815 = DIRECTION('',(1.,-0.));
#7816 = ( GEOMETRIC_REPRESENTATION_CONTEXT(2) 
PARAMETRIC_REPRESENTATION_CONTEXT() REPRESENTATION_CONTEXT('2D SPACE',''
  ) );
#7817 = ORIENTED_EDGE('',*,*,#7768,.F.);
#7818 = ORIENTED_EDGE('',*,*,#7328,.T.);
#7819 = ADVANCED_FACE('',(#7820,#7823),#7806,.T.);
#7820 = FACE_BOUND('',#7821,.F.);
#7821 = EDGE_LOOP('',(#7822));
#7822 = ORIENTED_EDGE('',*,*,#7791,.T.);
#7823 = FACE_BOUND('',#7824,.F.);
#7824 = EDGE_LOOP('',(#7825));
#7825 = ORIENTED_EDGE('',*,*,#7826,.F.);
#7826 = EDGE_CURVE('',#7827,#7827,#7829,.T.);
#7827 = VERTEX_POINT('',#7828);
#7828 = CARTESIAN_POINT('',(8.75,1.,0.));
#7829 = SURFACE_CURVE('',#7830,(#7835,#7842),.PCURVE_S1.);
#7830 = CIRCLE('',#7831,1.);
#7831 = AXIS2_PLACEMENT_3D('',#7832,#7833,#7834);
#7832 = CARTESIAN_POINT('',(8.75,0.,0.));
#7833 = DIRECTION('',(1.,0.,0.));
#7834 = DIRECTION('',(0.,1.,0.));
#7835 = PCURVE('',#7806,#7836);
#7836 = DEFINITIONAL_REPRESENTATION('',(#7837),#7841);
#7837 = CIRCLE('',#7838,1.);
#7838 = AXIS2_PLACEMENT_2D('',#7839,#7840);
#7839 = CARTESIAN_POINT('',(0.,0.));
#7840 = DIRECTION('',(1.,-0.));
#7841 = ( GEOMETRIC_REPRESENTATION_CONTEXT(2) 
PARAMETRIC_REPRESENTATION_CONTEXT() REPRESENTATION_CONTEXT('2D SPACE',''
  ) );
#7842 = PCURVE('',#7843,#7848);
#7843 = CYLINDRICAL_SURFACE('',#7844,1.);
#7844 = AXIS2_PLACEMENT_3D('',#7845,#7846,#7847);
#7845 = CARTESIAN_POINT('',(8.75,0.,0.));
#7846 = DIRECTION('',(-1.,-0.,-0.));
#7847 = DIRECTION('',(0.,1.,0.));
#7848 = DEFINITIONAL_REPRESENTATION('',(#7849),#7853);
#7849 = LINE('',#7850,#7851);
#7850 = CARTESIAN_POINT('',(-0.,0.));
#7851 = VECTOR('',#7852,1.);
#7852 = DIRECTION('',(-1.,0.));
#7853 = ( GEOMETRIC_REPRESENTATION_CONTEXT(2) 
PARAMETRIC_REPRESENTATION_CONTEXT() REPRESENTATION_CONTEXT('2D SPACE',''
  ) );
#7854 = ADVANCED_FACE('',(#7855),#7843,.T.);
#7855 = FACE_BOUND('',#7856,.F.);
#7856 = EDGE_LOOP('',(#7857,#7858,#7881,#7908));
#7857 = ORIENTED_EDGE('',*,*,#7826,.T.);
#7858 = ORIENTED_EDGE('',*,*,#7859,.T.);
#7859 = EDGE_CURVE('',#7827,#7860,#7862,.T.);
#7860 = VERTEX_POINT('',#7861);
#7861 = CARTESIAN_POINT('',(3.6,1.,0.));
#7862 = SEAM_CURVE('',#7863,(#7867,#7874),.PCURVE_S1.);
#7863 = LINE('',#7864,#7865);
#7864 = CARTESIAN_POINT('',(8.75,1.,0.));
#7865 = VECTOR('',#7866,1.);
#7866 = DIRECTION('',(-1.,0.,0.));
#7867 = PCURVE('',#7843,#7868);
#7868 = DEFINITIONAL_REPRESENTATION('',(#7869),#7873);
#7869 = LINE('',#7870,#7871);
#7870 = CARTESIAN_POINT('',(-0.,0.));
#7871 = VECTOR('',#7872,1.);
#7872 = DIRECTION('',(-0.,1.));
#7873 = ( GEOMETRIC_REPRESENTATION_CONTEXT(2) 
PARAMETRIC_REPRESENTATION_CONTEXT() REPRESENTATION_CONTEXT('2D SPACE',''
  ) );
#7874 = PCURVE('',#7843,#7875);
#7875 = DEFINITIONAL_REPRESENTATION('',(#7876),#7880);
#7876 = LINE('',#7877,#7878);
#7877 = CARTESIAN_POINT('',(-6.28318530718,0.));
#7878 = VECTOR('',#7879,1.);
#7879 = DIRECTION('',(-0.,1.));
#7880 = ( GEOMETRIC_REPRESENTATION_CONTEXT(2) 
PARAMETRIC_REPRESENTATION_CONTEXT() REPRESENTATION_CONTEXT('2D SPACE',''
  ) );
#7881 = ORIENTED_EDGE('',*,*,#7882,.F.);
#7882 = EDGE_CURVE('',#7860,#7860,#7883,.T.);
#7883 = SURFACE_CURVE('',#7884,(#7889,#7896),.PCURVE_S1.);
#7884 = CIRCLE('',#7885,1.);
#7885 = AXIS2_PLACEMENT_3D('',#7886,#7887,#7888);
#7886 = CARTESIAN_POINT('',(3.6,0.,0.));
#7887 = DIRECTION('',(1.,0.,0.));
#7888 = DIRECTION('',(0.,1.,0.));
#7889 = PCURVE('',#7843,#7890);
#7890 = DEFINITIONAL_REPRESENTATION('',(#7891),#7895);
#7891 = LINE('',#7892,#7893);
#7892 = CARTESIAN_POINT('',(-0.,5.15));
#7893 = VECTOR('',#7894,1.);
#7894 = DIRECTION('',(-1.,0.));
#7895 = ( GEOMETRIC_REPRESENTATION_CONTEXT(2) 
PARAMETRIC_REPRESENTATION_CONTEXT() REPRESENTATION_CONTEXT('2D SPACE',''
  ) );
#7896 = PCURVE('',#7897,#7902);
#7897 = PLANE('',#7898);
#7898 = AXIS2_PLACEMENT_3D('',#7899,#7900,#7901);
#7899 = CARTESIAN_POINT('',(3.6,0.,0.));
#7900 = DIRECTION('',(1.,0.,0.));
#7901 = DIRECTION('',(0.,1.,0.));
#7902 = DEFINITIONAL_REPRESENTATION('',(#7903),#7907);
#7903 = CIRCLE('',#7904,1.);
#7904 = AXIS2_PLACEMENT_2D('',#7905,#7906);
#7905 = CARTESIAN_POINT('',(0.,0.));
#7906 = DIRECTION('',(1.,0.));
#7907 = ( GEOMETRIC_REPRESENTATION_CONTEXT(2) 
PARAMETRIC_REPRESENTATION_CONTEXT() REPRESENTATION_CONTEXT('2D SPACE',''
  ) );
#7908 = ORIENTED_EDGE('',*,*,#7859,.F.);
#7909 = ADVANCED_FACE('',(#7910,#7913),#7897,.F.);
#7910 = FACE_BOUND('',#7911,.F.);
#7911 = EDGE_LOOP('',(#7912));
#7912 = ORIENTED_EDGE('',*,*,#7882,.T.);
#7913 = FACE_BOUND('',#7914,.F.);
#7914 = EDGE_LOOP('',(#7915));
#7915 = ORIENTED_EDGE('',*,*,#7916,.F.);
#7916 = EDGE_CURVE('',#7917,#7917,#7919,.T.);
#7917 = VERTEX_POINT('',#7918);
#7918 = CARTESIAN_POINT('',(3.6,0.7,0.));
#7919 = SURFACE_CURVE('',#7920,(#7925,#7932),.PCURVE_S1.);
#7920 = CIRCLE('',#7921,0.7);
#7921 = AXIS2_PLACEMENT_3D('',#7922,#7923,#7924);
#7922 = CARTESIAN_POINT('',(3.6,0.,0.));
#7923 = DIRECTION('',(1.,0.,0.));
#7924 = DIRECTION('',(0.,1.,0.));
#7925 = PCURVE('',#7897,#7926);
#7926 = DEFINITIONAL_REPRESENTATION('',(#7927),#7931);
#7927 = CIRCLE('',#7928,0.7);
#7928 = AXIS2_PLACEMENT_2D('',#7929,#7930);
#7929 = CARTESIAN_POINT('',(0.,0.));
#7930 = DIRECTION('',(1.,0.));
#7931 = ( GEOMETRIC_REPRESENTATION_CONTEXT(2) 
PARAMETRIC_REPRESENTATION_CONTEXT() REPRESENTATION_CONTEXT('2D SPACE',''
  ) );
#7932 = PCURVE('',#7933,#7938);
#7933 = CYLINDRICAL_SURFACE('',#7934,0.7);
#7934 = AXIS2_PLACEMENT_3D('',#7935,#7936,#7937);
#7935 = CARTESIAN_POINT('',(3.6,0.,0.));
#7936 = DIRECTION('',(-1.,-0.,-0.));
#7937 = DIRECTION('',(0.,1.,0.));
#7938 = DEFINITIONAL_REPRESENTATION('',(#7939),#7943);
#7939 = LINE('',#7940,#7941);
#7940 = CARTESIAN_POINT('',(-0.,0.));
#7941 = VECTOR('',#7942,1.);
#7942 = DIRECTION('',(-1.,0.));
#7943 = ( GEOMETRIC_REPRESENTATION_CONTEXT(2) 
PARAMETRIC_REPRESENTATION_CONTEXT() REPRESENTATION_CONTEXT('2D SPACE',''
  ) );
#7944 = ADVANCED_FACE('',(#7945),#7933,.T.);
#7945 = FACE_BOUND('',#7946,.F.);
#7946 = EDGE_LOOP('',(#7947,#7948,#7971,#7998));
#7947 = ORIENTED_EDGE('',*,*,#7916,.T.);
#7948 = ORIENTED_EDGE('',*,*,#7949,.T.);
#7949 = EDGE_CURVE('',#7917,#7950,#7952,.T.);
#7950 = VERTEX_POINT('',#7951);
#7951 = CARTESIAN_POINT('',(-4.3,0.7,0.));
#7952 = SEAM_CURVE('',#7953,(#7957,#7964),.PCURVE_S1.);
#7953 = LINE('',#7954,#7955);
#7954 = CARTESIAN_POINT('',(3.6,0.7,0.));
#7955 = VECTOR('',#7956,1.);
#7956 = DIRECTION('',(-1.,0.,0.));
#7957 = PCURVE('',#7933,#7958);
#7958 = DEFINITIONAL_REPRESENTATION('',(#7959),#7963);
#7959 = LINE('',#7960,#7961);
#7960 = CARTESIAN_POINT('',(-0.,0.));
#7961 = VECTOR('',#7962,1.);
#7962 = DIRECTION('',(-0.,1.));
#7963 = ( GEOMETRIC_REPRESENTATION_CONTEXT(2) 
PARAMETRIC_REPRESENTATION_CONTEXT() REPRESENTATION_CONTEXT('2D SPACE',''
  ) );
#7964 = PCURVE('',#7933,#7965);
#7965 = DEFINITIONAL_REPRESENTATION('',(#7966),#7970);
#7966 = LINE('',#7967,#7968);
#7967 = CARTESIAN_POINT('',(-6.28318530718,0.));
#7968 = VECTOR('',#7969,1.);
#7969 = DIRECTION('',(-0.,1.));
#7970 = ( GEOMETRIC_REPRESENTATION_CONTEXT(2) 
PARAMETRIC_REPRESENTATION_CONTEXT() REPRESENTATION_CONTEXT('2D SPACE',''
  ) );
#7971 = ORIENTED_EDGE('',*,*,#7972,.F.);
#7972 = EDGE_CURVE('',#7950,#7950,#7973,.T.);
#7973 = SURFACE_CURVE('',#7974,(#7979,#7986),.PCURVE_S1.);
#7974 = CIRCLE('',#7975,0.7);
#7975 = AXIS2_PLACEMENT_3D('',#7976,#7977,#7978);
#7976 = CARTESIAN_POINT('',(-4.3,0.,0.));
#7977 = DIRECTION('',(1.,0.,0.));
#7978 = DIRECTION('',(0.,1.,0.));
#7979 = PCURVE('',#7933,#7980);
#7980 = DEFINITIONAL_REPRESENTATION('',(#7981),#7985);
#7981 = LINE('',#7982,#7983);
#7982 = CARTESIAN_POINT('',(-0.,7.9));
#7983 = VECTOR('',#7984,1.);
#7984 = DIRECTION('',(-1.,0.));
#7985 = ( GEOMETRIC_REPRESENTATION_CONTEXT(2) 
PARAMETRIC_REPRESENTATION_CONTEXT() REPRESENTATION_CONTEXT('2D SPACE',''
  ) );
#7986 = PCURVE('',#7987,#7992);
#7987 = SPHERICAL_SURFACE('',#7988,0.7);
#7988 = AXIS2_PLACEMENT_3D('',#7989,#7990,#7991);
#7989 = CARTESIAN_POINT('',(-4.3,0.,0.));
#7990 = DIRECTION('',(-1.,-0.,-0.));
#7991 = DIRECTION('',(0.,1.,0.));
#7992 = DEFINITIONAL_REPRESENTATION('',(#7993),#7997);
#7993 = LINE('',#7994,#7995);
#7994 = CARTESIAN_POINT('',(-0.,0.));
#7995 = VECTOR('',#7996,1.);
#7996 = DIRECTION('',(-1.,0.));
#7997 = ( GEOMETRIC_REPRESENTATION_CONTEXT(2) 
PARAMETRIC_REPRESENTATION_CONTEXT() REPRESENTATION_CONTEXT('2D SPACE',''
  ) );
#7998 = ORIENTED_EDGE('',*,*,#7949,.F.);
#7999 = ADVANCED_FACE('',(#8000),#7987,.T.);
#8000 = FACE_BOUND('',#8001,.F.);
#8001 = EDGE_LOOP('',(#8002,#8003,#8027));
#8002 = ORIENTED_EDGE('',*,*,#7972,.T.);
#8003 = ORIENTED_EDGE('',*,*,#8004,.T.);
#8004 = EDGE_CURVE('',#7950,#8005,#8007,.T.);
#8005 = VERTEX_POINT('',#8006);
#8006 = CARTESIAN_POINT('',(-5.,0.,0.));
#8007 = SEAM_CURVE('',#8008,(#8013,#8020),.PCURVE_S1.);
#8008 = CIRCLE('',#8009,0.7);
#8009 = AXIS2_PLACEMENT_3D('',#8010,#8011,#8012);
#8010 = CARTESIAN_POINT('',(-4.3,0.,0.));
#8011 = DIRECTION('',(0.,0.,1.));
#8012 = DIRECTION('',(1.,0.,0.));
#8013 = PCURVE('',#7987,#8014);
#8014 = DEFINITIONAL_REPRESENTATION('',(#8015),#8019);
#8015 = LINE('',#8016,#8017);
#8016 = CARTESIAN_POINT('',(-0.,-1.570796326795));
#8017 = VECTOR('',#8018,1.);
#8018 = DIRECTION('',(-0.,1.));
#8019 = ( GEOMETRIC_REPRESENTATION_CONTEXT(2) 
PARAMETRIC_REPRESENTATION_CONTEXT() REPRESENTATION_CONTEXT('2D SPACE',''
  ) );
#8020 = PCURVE('',#7987,#8021);
#8021 = DEFINITIONAL_REPRESENTATION('',(#8022),#8026);
#8022 = LINE('',#8023,#8024);
#8023 = CARTESIAN_POINT('',(-6.28318530718,-1.570796326795));
#8024 = VECTOR('',#8025,1.);
#8025 = DIRECTION('',(-0.,1.));
#8026 = ( GEOMETRIC_REPRESENTATION_CONTEXT(2) 
PARAMETRIC_REPRESENTATION_CONTEXT() REPRESENTATION_CONTEXT('2D SPACE',''
  ) );
#8027 = ORIENTED_EDGE('',*,*,#8004,.F.);
#8028 = ( GEOMETRIC_REPRESENTATION_CONTEXT(3) 
GLOBAL_UNCERTAINTY_ASSIGNED_CONTEXT((#8032)) 
GLOBAL_UNIT_ASSIGNED_CONTEXT((#8029,#8030,#8031)) REPRESENTATION_CONTEXT
('Context #1','3D Context with UNIT and UNCERTAINTY') );
#8029 = ( LENGTH_UNIT() NAMED_UNIT(*) SI_UNIT(.MILLI.,.METRE.) );
#8030 = ( NAMED_UNIT(*) PLANE_ANGLE_UNIT() SI_UNIT($,.RADIAN.) );
#8031 = ( NAMED_UNIT(*) SI_UNIT($,.STERADIAN.) SOLID_ANGLE_UNIT() );
#8032 = UNCERTAINTY_MEASURE_WITH_UNIT(LENGTH_MEASURE(1.E-07),#8029,
  'distance_accuracy_value','confusion accuracy');
#8033 = CONTEXT_DEPENDENT_SHAPE_REPRESENTATION(#8034,#8036);
#8034 = ( REPRESENTATION_RELATIONSHIP('','',#6794,#10) 
REPRESENTATION_RELATIONSHIP_WITH_TRANSFORMATION(#8035) 
SHAPE_REPRESENTATION_RELATIONSHIP() );
#8035 = ITEM_DEFINED_TRANSFORMATION('','',#11,#35);
#8036 = PRODUCT_DEFINITION_SHAPE('Placement','Placement of an item',
  #8037);
#8037 = NEXT_ASSEMBLY_USAGE_OCCURRENCE('112','Body005','',#5,#6789,$);
#8038 = PRODUCT_RELATED_PRODUCT_CATEGORY('part',$,(#6791));
#8039 = MECHANICAL_DESIGN_GEOMETRIC_PRESENTATION_REPRESENTATION('',(
    #8040),#2715);
#8040 = STYLED_ITEM('color',(#8041),#53);
#8041 = PRESENTATION_STYLE_ASSIGNMENT((#8042,#8048));
#8042 = SURFACE_STYLE_USAGE(.BOTH.,#8043);
#8043 = SURFACE_SIDE_STYLE('',(#8044));
#8044 = SURFACE_STYLE_FILL_AREA(#8045);
#8045 = FILL_AREA_STYLE('',(#8046));
#8046 = FILL_AREA_STYLE_COLOUR('',#8047);
#8047 = COLOUR_RGB('',0.827450977613,0.827450977613,0.827450977613);
#8048 = CURVE_STYLE('',#8049,POSITIVE_LENGTH_MEASURE(0.1),#8050);
#8049 = DRAUGHTING_PRE_DEFINED_CURVE_FONT('continuous');
#8050 = COLOUR_RGB('',9.803921802644E-02,9.803921802644E-02,
  9.803921802644E-02);
#8051 = MECHANICAL_DESIGN_GEOMETRIC_PRESENTATION_REPRESENTATION('',(
    #8052),#5456);
#8052 = STYLED_ITEM('color',(#8053),#5440);
#8053 = PRESENTATION_STYLE_ASSIGNMENT((#8054,#8060));
#8054 = SURFACE_STYLE_USAGE(.BOTH.,#8055);
#8055 = SURFACE_SIDE_STYLE('',(#8056));
#8056 = SURFACE_STYLE_FILL_AREA(#8057);
#8057 = FILL_AREA_STYLE('',(#8058));
#8058 = FILL_AREA_STYLE_COLOUR('',#8059);
#8059 = COLOUR_RGB('',0.227450982423,0.227450982423,0.227450982423);
#8060 = CURVE_STYLE('',#8061,POSITIVE_LENGTH_MEASURE(0.1),#8050);
#8061 = DRAUGHTING_PRE_DEFINED_CURVE_FONT('continuous');
#8062 = MECHANICAL_DESIGN_GEOMETRIC_PRESENTATION_REPRESENTATION('',(
    #8063),#8028);
#8063 = STYLED_ITEM('color',(#8064),#6795);
#8064 = PRESENTATION_STYLE_ASSIGNMENT((#8065,#8070));
#8065 = SURFACE_STYLE_USAGE(.BOTH.,#8066);
#8066 = SURFACE_SIDE_STYLE('',(#8067));
#8067 = SURFACE_STYLE_FILL_AREA(#8068);
#8068 = FILL_AREA_STYLE('',(#8069));
#8069 = FILL_AREA_STYLE_COLOUR('',#8047);
#8070 = CURVE_STYLE('',#8071,POSITIVE_LENGTH_MEASURE(0.1),#8050);
#8071 = DRAUGHTING_PRE_DEFINED_CURVE_FONT('continuous');
#8072 = MECHANICAL_DESIGN_GEOMETRIC_PRESENTATION_REPRESENTATION('',(
    #8073),#5421);
#8073 = STYLED_ITEM('color',(#8074),#4323);
#8074 = PRESENTATION_STYLE_ASSIGNMENT((#8075,#8080));
#8075 = SURFACE_STYLE_USAGE(.BOTH.,#8076);
#8076 = SURFACE_SIDE_STYLE('',(#8077));
#8077 = SURFACE_STYLE_FILL_AREA(#8078);
#8078 = FILL_AREA_STYLE('',(#8079));
#8079 = FILL_AREA_STYLE_COLOUR('',#8059);
#8080 = CURVE_STYLE('',#8081,POSITIVE_LENGTH_MEASURE(0.1),#8050);
#8081 = DRAUGHTING_PRE_DEFINED_CURVE_FONT('continuous');
#8082 = MECHANICAL_DESIGN_GEOMETRIC_PRESENTATION_REPRESENTATION('',(
    #8083),#4304);
#8083 = STYLED_ITEM('color',(#8084),#2734);
#8084 = PRESENTATION_STYLE_ASSIGNMENT((#8085,#8090));
#8085 = SURFACE_STYLE_USAGE(.BOTH.,#8086);
#8086 = SURFACE_SIDE_STYLE('',(#8087));
#8087 = SURFACE_STYLE_FILL_AREA(#8088);
#8088 = FILL_AREA_STYLE('',(#8089));
#8089 = FILL_AREA_STYLE_COLOUR('',#8047);
#8090 = CURVE_STYLE('',#8091,POSITIVE_LENGTH_MEASURE(0.1),#8050);
#8091 = DRAUGHTING_PRE_DEFINED_CURVE_FONT('continuous');
#8092 = MECHANICAL_DESIGN_GEOMETRIC_PRESENTATION_REPRESENTATION('',(
    #8093),#6751);
#8093 = STYLED_ITEM('color',(#8094),#5518);
#8094 = PRESENTATION_STYLE_ASSIGNMENT((#8095,#8100));
#8095 = SURFACE_STYLE_USAGE(.BOTH.,#8096);
#8096 = SURFACE_SIDE_STYLE('',(#8097));
#8097 = SURFACE_STYLE_FILL_AREA(#8098);
#8098 = FILL_AREA_STYLE('',(#8099));
#8099 = FILL_AREA_STYLE_COLOUR('',#8047);
#8100 = CURVE_STYLE('',#8101,POSITIVE_LENGTH_MEASURE(0.1),#8050);
#8101 = DRAUGHTING_PRE_DEFINED_CURVE_FONT('continuous');
ENDSEC;
END-ISO-10303-21;
