ISO-10303-21;
HEADER;
/* Generated by software containing ST-Developer
 * from STEP Tools, Inc. (www.steptools.com) 
 */

FILE_DESCRIPTION(
/* description */ (''),
/* implementation_level */ '2;1');

FILE_NAME(
/* name */ 'DIN-rail.step',
/* time_stamp */ '2025-06-05T22:49:30+09:00',
/* author */ (''),
/* organization */ (''),
/* preprocessor_version */ 'ST-DEVELOPER v20.1',
/* originating_system */ 'Autodesk Translation Framework v14.10.0.0',
/* authorisation */ '');

FILE_SCHEMA (('AUTOMOTIVE_DESIGN { 1 0 10303 214 3 1 1 }'));
ENDSEC;

DATA;
#10=MECHANICAL_DESIGN_GEOMETRIC_PRESENTATION_REPRESENTATION('',(#13),#6327);
#11=SHAPE_REPRESENTATION_RELATIONSHIP('SRR','None',#6334,#12);
#12=ADVANCED_BREP_SHAPE_REPRESENTATION('',(#14),#6326);
#13=STYLED_ITEM('',(#6343),#14);
#14=MANIFOLD_SOLID_BREP('Body1',#3787);
#15=FACE_BOUND('',#412,.T.);
#16=FACE_BOUND('',#413,.T.);
#17=FACE_BOUND('',#414,.T.);
#18=FACE_BOUND('',#415,.T.);
#19=FACE_BOUND('',#416,.T.);
#20=FACE_BOUND('',#417,.T.);
#21=FACE_BOUND('',#418,.T.);
#22=FACE_BOUND('',#419,.T.);
#23=FACE_BOUND('',#420,.T.);
#24=FACE_BOUND('',#421,.T.);
#25=FACE_BOUND('',#422,.T.);
#26=FACE_BOUND('',#423,.T.);
#27=FACE_BOUND('',#424,.T.);
#28=FACE_BOUND('',#425,.T.);
#29=FACE_BOUND('',#426,.T.);
#30=FACE_BOUND('',#427,.T.);
#31=FACE_BOUND('',#428,.T.);
#32=FACE_BOUND('',#429,.T.);
#33=FACE_BOUND('',#430,.T.);
#34=FACE_BOUND('',#431,.T.);
#35=FACE_BOUND('',#432,.T.);
#36=FACE_BOUND('',#433,.T.);
#37=FACE_BOUND('',#434,.T.);
#38=FACE_BOUND('',#435,.T.);
#39=FACE_BOUND('',#436,.T.);
#40=FACE_BOUND('',#437,.T.);
#41=FACE_BOUND('',#438,.T.);
#42=FACE_BOUND('',#439,.T.);
#43=FACE_BOUND('',#440,.T.);
#44=FACE_BOUND('',#441,.T.);
#45=FACE_BOUND('',#442,.T.);
#46=FACE_BOUND('',#443,.T.);
#47=FACE_BOUND('',#444,.T.);
#48=FACE_BOUND('',#445,.T.);
#49=FACE_BOUND('',#446,.T.);
#50=FACE_BOUND('',#447,.T.);
#51=FACE_BOUND('',#448,.T.);
#52=FACE_BOUND('',#449,.T.);
#53=FACE_BOUND('',#450,.T.);
#54=FACE_BOUND('',#451,.T.);
#55=FACE_BOUND('',#453,.T.);
#56=FACE_BOUND('',#454,.T.);
#57=FACE_BOUND('',#455,.T.);
#58=FACE_BOUND('',#456,.T.);
#59=FACE_BOUND('',#457,.T.);
#60=FACE_BOUND('',#458,.T.);
#61=FACE_BOUND('',#459,.T.);
#62=FACE_BOUND('',#460,.T.);
#63=FACE_BOUND('',#461,.T.);
#64=FACE_BOUND('',#462,.T.);
#65=FACE_BOUND('',#463,.T.);
#66=FACE_BOUND('',#464,.T.);
#67=FACE_BOUND('',#465,.T.);
#68=FACE_BOUND('',#466,.T.);
#69=FACE_BOUND('',#467,.T.);
#70=FACE_BOUND('',#468,.T.);
#71=FACE_BOUND('',#469,.T.);
#72=FACE_BOUND('',#470,.T.);
#73=FACE_BOUND('',#471,.T.);
#74=FACE_BOUND('',#472,.T.);
#75=FACE_BOUND('',#473,.T.);
#76=FACE_BOUND('',#474,.T.);
#77=FACE_BOUND('',#475,.T.);
#78=FACE_BOUND('',#476,.T.);
#79=FACE_BOUND('',#477,.T.);
#80=FACE_BOUND('',#478,.T.);
#81=FACE_BOUND('',#479,.T.);
#82=FACE_BOUND('',#480,.T.);
#83=FACE_BOUND('',#481,.T.);
#84=FACE_BOUND('',#482,.T.);
#85=FACE_BOUND('',#483,.T.);
#86=FACE_BOUND('',#484,.T.);
#87=FACE_BOUND('',#485,.T.);
#88=FACE_BOUND('',#486,.T.);
#89=FACE_BOUND('',#487,.T.);
#90=FACE_BOUND('',#488,.T.);
#91=FACE_BOUND('',#489,.T.);
#92=FACE_BOUND('',#490,.T.);
#93=FACE_BOUND('',#491,.T.);
#94=FACE_BOUND('',#492,.T.);
#95=PLANE('',#3921);
#96=PLANE('',#3962);
#97=PLANE('',#4003);
#98=PLANE('',#4004);
#99=PLANE('',#4008);
#100=PLANE('',#4015);
#101=PLANE('',#4019);
#102=PLANE('',#4020);
#103=PLANE('',#4021);
#104=PLANE('',#4025);
#105=PLANE('',#4032);
#106=PLANE('',#4036);
#107=PLANE('',#4037);
#108=PLANE('',#4038);
#109=PLANE('',#4039);
#110=PLANE('',#4041);
#111=PLANE('',#4042);
#112=PLANE('',#4044);
#113=PLANE('',#4045);
#114=PLANE('',#4047);
#115=PLANE('',#4048);
#116=PLANE('',#4050);
#117=PLANE('',#4051);
#118=PLANE('',#4053);
#119=PLANE('',#4054);
#120=PLANE('',#4056);
#121=PLANE('',#4057);
#122=PLANE('',#4059);
#123=PLANE('',#4060);
#124=PLANE('',#4062);
#125=PLANE('',#4063);
#126=PLANE('',#4065);
#127=PLANE('',#4066);
#128=PLANE('',#4068);
#129=PLANE('',#4069);
#130=PLANE('',#4071);
#131=PLANE('',#4072);
#132=PLANE('',#4074);
#133=PLANE('',#4075);
#134=PLANE('',#4077);
#135=PLANE('',#4078);
#136=PLANE('',#4080);
#137=PLANE('',#4081);
#138=PLANE('',#4083);
#139=PLANE('',#4084);
#140=PLANE('',#4086);
#141=PLANE('',#4087);
#142=PLANE('',#4089);
#143=PLANE('',#4090);
#144=PLANE('',#4092);
#145=PLANE('',#4093);
#146=PLANE('',#4095);
#147=PLANE('',#4096);
#148=PLANE('',#4098);
#149=PLANE('',#4099);
#150=PLANE('',#4101);
#151=PLANE('',#4102);
#152=PLANE('',#4104);
#153=PLANE('',#4105);
#154=PLANE('',#4107);
#155=PLANE('',#4108);
#156=PLANE('',#4110);
#157=PLANE('',#4111);
#158=PLANE('',#4113);
#159=PLANE('',#4114);
#160=PLANE('',#4116);
#161=PLANE('',#4117);
#162=PLANE('',#4119);
#163=PLANE('',#4120);
#164=PLANE('',#4122);
#165=PLANE('',#4123);
#166=PLANE('',#4125);
#167=PLANE('',#4126);
#168=PLANE('',#4128);
#169=PLANE('',#4129);
#170=PLANE('',#4131);
#171=PLANE('',#4132);
#172=PLANE('',#4134);
#173=PLANE('',#4135);
#174=PLANE('',#4137);
#175=PLANE('',#4138);
#176=PLANE('',#4140);
#177=PLANE('',#4141);
#178=PLANE('',#4143);
#179=PLANE('',#4144);
#180=PLANE('',#4146);
#181=PLANE('',#4147);
#182=PLANE('',#4149);
#183=PLANE('',#4150);
#184=PLANE('',#4152);
#185=PLANE('',#4153);
#186=PLANE('',#4155);
#187=PLANE('',#4156);
#188=PLANE('',#4158);
#189=FACE_OUTER_BOUND('',#371,.T.);
#190=FACE_OUTER_BOUND('',#372,.T.);
#191=FACE_OUTER_BOUND('',#373,.T.);
#192=FACE_OUTER_BOUND('',#374,.T.);
#193=FACE_OUTER_BOUND('',#375,.T.);
#194=FACE_OUTER_BOUND('',#376,.T.);
#195=FACE_OUTER_BOUND('',#377,.T.);
#196=FACE_OUTER_BOUND('',#378,.T.);
#197=FACE_OUTER_BOUND('',#379,.T.);
#198=FACE_OUTER_BOUND('',#380,.T.);
#199=FACE_OUTER_BOUND('',#381,.T.);
#200=FACE_OUTER_BOUND('',#382,.T.);
#201=FACE_OUTER_BOUND('',#383,.T.);
#202=FACE_OUTER_BOUND('',#384,.T.);
#203=FACE_OUTER_BOUND('',#385,.T.);
#204=FACE_OUTER_BOUND('',#386,.T.);
#205=FACE_OUTER_BOUND('',#387,.T.);
#206=FACE_OUTER_BOUND('',#388,.T.);
#207=FACE_OUTER_BOUND('',#389,.T.);
#208=FACE_OUTER_BOUND('',#390,.T.);
#209=FACE_OUTER_BOUND('',#391,.T.);
#210=FACE_OUTER_BOUND('',#392,.T.);
#211=FACE_OUTER_BOUND('',#393,.T.);
#212=FACE_OUTER_BOUND('',#394,.T.);
#213=FACE_OUTER_BOUND('',#395,.T.);
#214=FACE_OUTER_BOUND('',#396,.T.);
#215=FACE_OUTER_BOUND('',#397,.T.);
#216=FACE_OUTER_BOUND('',#398,.T.);
#217=FACE_OUTER_BOUND('',#399,.T.);
#218=FACE_OUTER_BOUND('',#400,.T.);
#219=FACE_OUTER_BOUND('',#401,.T.);
#220=FACE_OUTER_BOUND('',#402,.T.);
#221=FACE_OUTER_BOUND('',#403,.T.);
#222=FACE_OUTER_BOUND('',#404,.T.);
#223=FACE_OUTER_BOUND('',#405,.T.);
#224=FACE_OUTER_BOUND('',#406,.T.);
#225=FACE_OUTER_BOUND('',#407,.T.);
#226=FACE_OUTER_BOUND('',#408,.T.);
#227=FACE_OUTER_BOUND('',#409,.T.);
#228=FACE_OUTER_BOUND('',#410,.T.);
#229=FACE_OUTER_BOUND('',#411,.T.);
#230=FACE_OUTER_BOUND('',#452,.T.);
#231=FACE_OUTER_BOUND('',#493,.T.);
#232=FACE_OUTER_BOUND('',#494,.T.);
#233=FACE_OUTER_BOUND('',#495,.T.);
#234=FACE_OUTER_BOUND('',#496,.T.);
#235=FACE_OUTER_BOUND('',#497,.T.);
#236=FACE_OUTER_BOUND('',#498,.T.);
#237=FACE_OUTER_BOUND('',#499,.T.);
#238=FACE_OUTER_BOUND('',#500,.T.);
#239=FACE_OUTER_BOUND('',#501,.T.);
#240=FACE_OUTER_BOUND('',#502,.T.);
#241=FACE_OUTER_BOUND('',#503,.T.);
#242=FACE_OUTER_BOUND('',#504,.T.);
#243=FACE_OUTER_BOUND('',#505,.T.);
#244=FACE_OUTER_BOUND('',#506,.T.);
#245=FACE_OUTER_BOUND('',#507,.T.);
#246=FACE_OUTER_BOUND('',#508,.T.);
#247=FACE_OUTER_BOUND('',#509,.T.);
#248=FACE_OUTER_BOUND('',#510,.T.);
#249=FACE_OUTER_BOUND('',#511,.T.);
#250=FACE_OUTER_BOUND('',#512,.T.);
#251=FACE_OUTER_BOUND('',#513,.T.);
#252=FACE_OUTER_BOUND('',#514,.T.);
#253=FACE_OUTER_BOUND('',#515,.T.);
#254=FACE_OUTER_BOUND('',#516,.T.);
#255=FACE_OUTER_BOUND('',#517,.T.);
#256=FACE_OUTER_BOUND('',#518,.T.);
#257=FACE_OUTER_BOUND('',#519,.T.);
#258=FACE_OUTER_BOUND('',#520,.T.);
#259=FACE_OUTER_BOUND('',#521,.T.);
#260=FACE_OUTER_BOUND('',#522,.T.);
#261=FACE_OUTER_BOUND('',#523,.T.);
#262=FACE_OUTER_BOUND('',#524,.T.);
#263=FACE_OUTER_BOUND('',#525,.T.);
#264=FACE_OUTER_BOUND('',#526,.T.);
#265=FACE_OUTER_BOUND('',#527,.T.);
#266=FACE_OUTER_BOUND('',#528,.T.);
#267=FACE_OUTER_BOUND('',#529,.T.);
#268=FACE_OUTER_BOUND('',#530,.T.);
#269=FACE_OUTER_BOUND('',#531,.T.);
#270=FACE_OUTER_BOUND('',#532,.T.);
#271=FACE_OUTER_BOUND('',#533,.T.);
#272=FACE_OUTER_BOUND('',#534,.T.);
#273=FACE_OUTER_BOUND('',#535,.T.);
#274=FACE_OUTER_BOUND('',#536,.T.);
#275=FACE_OUTER_BOUND('',#537,.T.);
#276=FACE_OUTER_BOUND('',#538,.T.);
#277=FACE_OUTER_BOUND('',#539,.T.);
#278=FACE_OUTER_BOUND('',#540,.T.);
#279=FACE_OUTER_BOUND('',#541,.T.);
#280=FACE_OUTER_BOUND('',#542,.T.);
#281=FACE_OUTER_BOUND('',#543,.T.);
#282=FACE_OUTER_BOUND('',#544,.T.);
#283=FACE_OUTER_BOUND('',#545,.T.);
#284=FACE_OUTER_BOUND('',#546,.T.);
#285=FACE_OUTER_BOUND('',#547,.T.);
#286=FACE_OUTER_BOUND('',#548,.T.);
#287=FACE_OUTER_BOUND('',#549,.T.);
#288=FACE_OUTER_BOUND('',#550,.T.);
#289=FACE_OUTER_BOUND('',#551,.T.);
#290=FACE_OUTER_BOUND('',#552,.T.);
#291=FACE_OUTER_BOUND('',#553,.T.);
#292=FACE_OUTER_BOUND('',#554,.T.);
#293=FACE_OUTER_BOUND('',#555,.T.);
#294=FACE_OUTER_BOUND('',#556,.T.);
#295=FACE_OUTER_BOUND('',#557,.T.);
#296=FACE_OUTER_BOUND('',#558,.T.);
#297=FACE_OUTER_BOUND('',#559,.T.);
#298=FACE_OUTER_BOUND('',#560,.T.);
#299=FACE_OUTER_BOUND('',#561,.T.);
#300=FACE_OUTER_BOUND('',#562,.T.);
#301=FACE_OUTER_BOUND('',#563,.T.);
#302=FACE_OUTER_BOUND('',#564,.T.);
#303=FACE_OUTER_BOUND('',#565,.T.);
#304=FACE_OUTER_BOUND('',#566,.T.);
#305=FACE_OUTER_BOUND('',#567,.T.);
#306=FACE_OUTER_BOUND('',#568,.T.);
#307=FACE_OUTER_BOUND('',#569,.T.);
#308=FACE_OUTER_BOUND('',#570,.T.);
#309=FACE_OUTER_BOUND('',#571,.T.);
#310=FACE_OUTER_BOUND('',#572,.T.);
#311=FACE_OUTER_BOUND('',#573,.T.);
#312=FACE_OUTER_BOUND('',#574,.T.);
#313=FACE_OUTER_BOUND('',#575,.T.);
#314=FACE_OUTER_BOUND('',#576,.T.);
#315=FACE_OUTER_BOUND('',#577,.T.);
#316=FACE_OUTER_BOUND('',#578,.T.);
#317=FACE_OUTER_BOUND('',#579,.T.);
#318=FACE_OUTER_BOUND('',#580,.T.);
#319=FACE_OUTER_BOUND('',#581,.T.);
#320=FACE_OUTER_BOUND('',#582,.T.);
#321=FACE_OUTER_BOUND('',#583,.T.);
#322=FACE_OUTER_BOUND('',#584,.T.);
#323=FACE_OUTER_BOUND('',#585,.T.);
#324=FACE_OUTER_BOUND('',#586,.T.);
#325=FACE_OUTER_BOUND('',#587,.T.);
#326=FACE_OUTER_BOUND('',#588,.T.);
#327=FACE_OUTER_BOUND('',#589,.T.);
#328=FACE_OUTER_BOUND('',#590,.T.);
#329=FACE_OUTER_BOUND('',#591,.T.);
#330=FACE_OUTER_BOUND('',#592,.T.);
#331=FACE_OUTER_BOUND('',#593,.T.);
#332=FACE_OUTER_BOUND('',#594,.T.);
#333=FACE_OUTER_BOUND('',#595,.T.);
#334=FACE_OUTER_BOUND('',#596,.T.);
#335=FACE_OUTER_BOUND('',#597,.T.);
#336=FACE_OUTER_BOUND('',#598,.T.);
#337=FACE_OUTER_BOUND('',#599,.T.);
#338=FACE_OUTER_BOUND('',#600,.T.);
#339=FACE_OUTER_BOUND('',#601,.T.);
#340=FACE_OUTER_BOUND('',#602,.T.);
#341=FACE_OUTER_BOUND('',#603,.T.);
#342=FACE_OUTER_BOUND('',#604,.T.);
#343=FACE_OUTER_BOUND('',#605,.T.);
#344=FACE_OUTER_BOUND('',#606,.T.);
#345=FACE_OUTER_BOUND('',#607,.T.);
#346=FACE_OUTER_BOUND('',#608,.T.);
#347=FACE_OUTER_BOUND('',#609,.T.);
#348=FACE_OUTER_BOUND('',#610,.T.);
#349=FACE_OUTER_BOUND('',#611,.T.);
#350=FACE_OUTER_BOUND('',#612,.T.);
#351=FACE_OUTER_BOUND('',#613,.T.);
#352=FACE_OUTER_BOUND('',#614,.T.);
#353=FACE_OUTER_BOUND('',#615,.T.);
#354=FACE_OUTER_BOUND('',#616,.T.);
#355=FACE_OUTER_BOUND('',#617,.T.);
#356=FACE_OUTER_BOUND('',#618,.T.);
#357=FACE_OUTER_BOUND('',#619,.T.);
#358=FACE_OUTER_BOUND('',#620,.T.);
#359=FACE_OUTER_BOUND('',#621,.T.);
#360=FACE_OUTER_BOUND('',#622,.T.);
#361=FACE_OUTER_BOUND('',#623,.T.);
#362=FACE_OUTER_BOUND('',#624,.T.);
#363=FACE_OUTER_BOUND('',#625,.T.);
#364=FACE_OUTER_BOUND('',#626,.T.);
#365=FACE_OUTER_BOUND('',#627,.T.);
#366=FACE_OUTER_BOUND('',#628,.T.);
#367=FACE_OUTER_BOUND('',#629,.T.);
#368=FACE_OUTER_BOUND('',#630,.T.);
#369=FACE_OUTER_BOUND('',#631,.T.);
#370=FACE_OUTER_BOUND('',#632,.T.);
#371=EDGE_LOOP('',(#2437,#2438,#2439,#2440));
#372=EDGE_LOOP('',(#2441,#2442,#2443,#2444));
#373=EDGE_LOOP('',(#2445,#2446,#2447,#2448));
#374=EDGE_LOOP('',(#2449,#2450,#2451,#2452));
#375=EDGE_LOOP('',(#2453,#2454,#2455,#2456));
#376=EDGE_LOOP('',(#2457,#2458,#2459,#2460));
#377=EDGE_LOOP('',(#2461,#2462,#2463,#2464));
#378=EDGE_LOOP('',(#2465,#2466,#2467,#2468));
#379=EDGE_LOOP('',(#2469,#2470,#2471,#2472));
#380=EDGE_LOOP('',(#2473,#2474,#2475,#2476));
#381=EDGE_LOOP('',(#2477,#2478,#2479,#2480));
#382=EDGE_LOOP('',(#2481,#2482,#2483,#2484));
#383=EDGE_LOOP('',(#2485,#2486,#2487,#2488));
#384=EDGE_LOOP('',(#2489,#2490,#2491,#2492));
#385=EDGE_LOOP('',(#2493,#2494,#2495,#2496));
#386=EDGE_LOOP('',(#2497,#2498,#2499,#2500));
#387=EDGE_LOOP('',(#2501,#2502,#2503,#2504));
#388=EDGE_LOOP('',(#2505,#2506,#2507,#2508));
#389=EDGE_LOOP('',(#2509,#2510,#2511,#2512));
#390=EDGE_LOOP('',(#2513,#2514,#2515,#2516));
#391=EDGE_LOOP('',(#2517,#2518,#2519,#2520));
#392=EDGE_LOOP('',(#2521,#2522,#2523,#2524));
#393=EDGE_LOOP('',(#2525,#2526,#2527,#2528));
#394=EDGE_LOOP('',(#2529,#2530,#2531,#2532));
#395=EDGE_LOOP('',(#2533,#2534,#2535,#2536));
#396=EDGE_LOOP('',(#2537,#2538,#2539,#2540));
#397=EDGE_LOOP('',(#2541,#2542,#2543,#2544));
#398=EDGE_LOOP('',(#2545,#2546,#2547,#2548));
#399=EDGE_LOOP('',(#2549,#2550,#2551,#2552));
#400=EDGE_LOOP('',(#2553,#2554,#2555,#2556));
#401=EDGE_LOOP('',(#2557,#2558,#2559,#2560));
#402=EDGE_LOOP('',(#2561,#2562,#2563,#2564));
#403=EDGE_LOOP('',(#2565,#2566,#2567,#2568));
#404=EDGE_LOOP('',(#2569,#2570,#2571,#2572));
#405=EDGE_LOOP('',(#2573,#2574,#2575,#2576));
#406=EDGE_LOOP('',(#2577,#2578,#2579,#2580));
#407=EDGE_LOOP('',(#2581,#2582,#2583,#2584));
#408=EDGE_LOOP('',(#2585,#2586,#2587,#2588));
#409=EDGE_LOOP('',(#2589,#2590,#2591,#2592));
#410=EDGE_LOOP('',(#2593,#2594,#2595,#2596));
#411=EDGE_LOOP('',(#2597,#2598,#2599,#2600));
#412=EDGE_LOOP('',(#2601,#2602,#2603,#2604));
#413=EDGE_LOOP('',(#2605,#2606,#2607,#2608));
#414=EDGE_LOOP('',(#2609,#2610,#2611,#2612));
#415=EDGE_LOOP('',(#2613,#2614,#2615,#2616));
#416=EDGE_LOOP('',(#2617,#2618,#2619,#2620));
#417=EDGE_LOOP('',(#2621,#2622,#2623,#2624));
#418=EDGE_LOOP('',(#2625,#2626,#2627,#2628));
#419=EDGE_LOOP('',(#2629,#2630,#2631,#2632));
#420=EDGE_LOOP('',(#2633,#2634,#2635,#2636));
#421=EDGE_LOOP('',(#2637,#2638,#2639,#2640));
#422=EDGE_LOOP('',(#2641,#2642,#2643,#2644));
#423=EDGE_LOOP('',(#2645,#2646,#2647,#2648));
#424=EDGE_LOOP('',(#2649,#2650,#2651,#2652));
#425=EDGE_LOOP('',(#2653,#2654,#2655,#2656));
#426=EDGE_LOOP('',(#2657,#2658,#2659,#2660));
#427=EDGE_LOOP('',(#2661,#2662,#2663,#2664));
#428=EDGE_LOOP('',(#2665,#2666,#2667,#2668));
#429=EDGE_LOOP('',(#2669,#2670,#2671,#2672));
#430=EDGE_LOOP('',(#2673,#2674,#2675,#2676));
#431=EDGE_LOOP('',(#2677,#2678,#2679,#2680));
#432=EDGE_LOOP('',(#2681,#2682,#2683,#2684));
#433=EDGE_LOOP('',(#2685,#2686,#2687,#2688));
#434=EDGE_LOOP('',(#2689,#2690,#2691,#2692));
#435=EDGE_LOOP('',(#2693,#2694,#2695,#2696));
#436=EDGE_LOOP('',(#2697,#2698,#2699,#2700));
#437=EDGE_LOOP('',(#2701,#2702,#2703,#2704));
#438=EDGE_LOOP('',(#2705,#2706,#2707,#2708));
#439=EDGE_LOOP('',(#2709,#2710,#2711,#2712));
#440=EDGE_LOOP('',(#2713,#2714,#2715,#2716));
#441=EDGE_LOOP('',(#2717,#2718,#2719,#2720));
#442=EDGE_LOOP('',(#2721,#2722,#2723,#2724));
#443=EDGE_LOOP('',(#2725,#2726,#2727,#2728));
#444=EDGE_LOOP('',(#2729,#2730,#2731,#2732));
#445=EDGE_LOOP('',(#2733,#2734,#2735,#2736));
#446=EDGE_LOOP('',(#2737,#2738,#2739,#2740));
#447=EDGE_LOOP('',(#2741,#2742,#2743,#2744));
#448=EDGE_LOOP('',(#2745,#2746,#2747,#2748));
#449=EDGE_LOOP('',(#2749,#2750,#2751,#2752));
#450=EDGE_LOOP('',(#2753,#2754,#2755,#2756));
#451=EDGE_LOOP('',(#2757,#2758,#2759,#2760));
#452=EDGE_LOOP('',(#2761,#2762,#2763,#2764));
#453=EDGE_LOOP('',(#2765,#2766,#2767,#2768));
#454=EDGE_LOOP('',(#2769,#2770,#2771,#2772));
#455=EDGE_LOOP('',(#2773,#2774,#2775,#2776));
#456=EDGE_LOOP('',(#2777,#2778,#2779,#2780));
#457=EDGE_LOOP('',(#2781,#2782,#2783,#2784));
#458=EDGE_LOOP('',(#2785,#2786,#2787,#2788));
#459=EDGE_LOOP('',(#2789,#2790,#2791,#2792));
#460=EDGE_LOOP('',(#2793,#2794,#2795,#2796));
#461=EDGE_LOOP('',(#2797,#2798,#2799,#2800));
#462=EDGE_LOOP('',(#2801,#2802,#2803,#2804));
#463=EDGE_LOOP('',(#2805,#2806,#2807,#2808));
#464=EDGE_LOOP('',(#2809,#2810,#2811,#2812));
#465=EDGE_LOOP('',(#2813,#2814,#2815,#2816));
#466=EDGE_LOOP('',(#2817,#2818,#2819,#2820));
#467=EDGE_LOOP('',(#2821,#2822,#2823,#2824));
#468=EDGE_LOOP('',(#2825,#2826,#2827,#2828));
#469=EDGE_LOOP('',(#2829,#2830,#2831,#2832));
#470=EDGE_LOOP('',(#2833,#2834,#2835,#2836));
#471=EDGE_LOOP('',(#2837,#2838,#2839,#2840));
#472=EDGE_LOOP('',(#2841,#2842,#2843,#2844));
#473=EDGE_LOOP('',(#2845,#2846,#2847,#2848));
#474=EDGE_LOOP('',(#2849,#2850,#2851,#2852));
#475=EDGE_LOOP('',(#2853,#2854,#2855,#2856));
#476=EDGE_LOOP('',(#2857,#2858,#2859,#2860));
#477=EDGE_LOOP('',(#2861,#2862,#2863,#2864));
#478=EDGE_LOOP('',(#2865,#2866,#2867,#2868));
#479=EDGE_LOOP('',(#2869,#2870,#2871,#2872));
#480=EDGE_LOOP('',(#2873,#2874,#2875,#2876));
#481=EDGE_LOOP('',(#2877,#2878,#2879,#2880));
#482=EDGE_LOOP('',(#2881,#2882,#2883,#2884));
#483=EDGE_LOOP('',(#2885,#2886,#2887,#2888));
#484=EDGE_LOOP('',(#2889,#2890,#2891,#2892));
#485=EDGE_LOOP('',(#2893,#2894,#2895,#2896));
#486=EDGE_LOOP('',(#2897,#2898,#2899,#2900));
#487=EDGE_LOOP('',(#2901,#2902,#2903,#2904));
#488=EDGE_LOOP('',(#2905,#2906,#2907,#2908));
#489=EDGE_LOOP('',(#2909,#2910,#2911,#2912));
#490=EDGE_LOOP('',(#2913,#2914,#2915,#2916));
#491=EDGE_LOOP('',(#2917,#2918,#2919,#2920));
#492=EDGE_LOOP('',(#2921,#2922,#2923,#2924));
#493=EDGE_LOOP('',(#2925,#2926,#2927,#2928));
#494=EDGE_LOOP('',(#2929,#2930,#2931,#2932));
#495=EDGE_LOOP('',(#2933,#2934,#2935,#2936));
#496=EDGE_LOOP('',(#2937,#2938,#2939,#2940));
#497=EDGE_LOOP('',(#2941,#2942,#2943,#2944));
#498=EDGE_LOOP('',(#2945,#2946,#2947,#2948));
#499=EDGE_LOOP('',(#2949,#2950,#2951,#2952));
#500=EDGE_LOOP('',(#2953,#2954,#2955,#2956));
#501=EDGE_LOOP('',(#2957,#2958,#2959,#2960));
#502=EDGE_LOOP('',(#2961,#2962,#2963,#2964));
#503=EDGE_LOOP('',(#2965,#2966,#2967,#2968));
#504=EDGE_LOOP('',(#2969,#2970,#2971,#2972));
#505=EDGE_LOOP('',(#2973,#2974,#2975,#2976));
#506=EDGE_LOOP('',(#2977,#2978,#2979,#2980));
#507=EDGE_LOOP('',(#2981,#2982,#2983,#2984));
#508=EDGE_LOOP('',(#2985,#2986,#2987,#2988));
#509=EDGE_LOOP('',(#2989,#2990,#2991,#2992));
#510=EDGE_LOOP('',(#2993,#2994,#2995,#2996));
#511=EDGE_LOOP('',(#2997,#2998,#2999,#3000,#3001,#3002,#3003,#3004,#3005,
#3006,#3007,#3008,#3009,#3010,#3011,#3012,#3013,#3014,#3015,#3016));
#512=EDGE_LOOP('',(#3017,#3018,#3019,#3020,#3021,#3022,#3023,#3024,#3025,
#3026,#3027,#3028,#3029,#3030,#3031,#3032,#3033,#3034,#3035,#3036));
#513=EDGE_LOOP('',(#3037,#3038,#3039,#3040));
#514=EDGE_LOOP('',(#3041,#3042,#3043,#3044));
#515=EDGE_LOOP('',(#3045,#3046,#3047,#3048));
#516=EDGE_LOOP('',(#3049,#3050,#3051,#3052));
#517=EDGE_LOOP('',(#3053,#3054,#3055,#3056));
#518=EDGE_LOOP('',(#3057,#3058,#3059,#3060));
#519=EDGE_LOOP('',(#3061,#3062,#3063,#3064));
#520=EDGE_LOOP('',(#3065,#3066,#3067,#3068));
#521=EDGE_LOOP('',(#3069,#3070,#3071,#3072));
#522=EDGE_LOOP('',(#3073,#3074,#3075,#3076));
#523=EDGE_LOOP('',(#3077,#3078,#3079,#3080));
#524=EDGE_LOOP('',(#3081,#3082,#3083,#3084));
#525=EDGE_LOOP('',(#3085,#3086,#3087,#3088));
#526=EDGE_LOOP('',(#3089,#3090,#3091,#3092));
#527=EDGE_LOOP('',(#3093,#3094,#3095,#3096));
#528=EDGE_LOOP('',(#3097,#3098,#3099,#3100));
#529=EDGE_LOOP('',(#3101,#3102,#3103,#3104));
#530=EDGE_LOOP('',(#3105,#3106,#3107,#3108));
#531=EDGE_LOOP('',(#3109,#3110,#3111,#3112));
#532=EDGE_LOOP('',(#3113,#3114,#3115,#3116));
#533=EDGE_LOOP('',(#3117,#3118,#3119,#3120));
#534=EDGE_LOOP('',(#3121,#3122,#3123,#3124));
#535=EDGE_LOOP('',(#3125,#3126,#3127,#3128));
#536=EDGE_LOOP('',(#3129,#3130,#3131,#3132));
#537=EDGE_LOOP('',(#3133,#3134,#3135,#3136));
#538=EDGE_LOOP('',(#3137,#3138,#3139,#3140));
#539=EDGE_LOOP('',(#3141,#3142,#3143,#3144));
#540=EDGE_LOOP('',(#3145,#3146,#3147,#3148));
#541=EDGE_LOOP('',(#3149,#3150,#3151,#3152));
#542=EDGE_LOOP('',(#3153,#3154,#3155,#3156));
#543=EDGE_LOOP('',(#3157,#3158,#3159,#3160));
#544=EDGE_LOOP('',(#3161,#3162,#3163,#3164));
#545=EDGE_LOOP('',(#3165,#3166,#3167,#3168));
#546=EDGE_LOOP('',(#3169,#3170,#3171,#3172));
#547=EDGE_LOOP('',(#3173,#3174,#3175,#3176));
#548=EDGE_LOOP('',(#3177,#3178,#3179,#3180));
#549=EDGE_LOOP('',(#3181,#3182,#3183,#3184));
#550=EDGE_LOOP('',(#3185,#3186,#3187,#3188));
#551=EDGE_LOOP('',(#3189,#3190,#3191,#3192));
#552=EDGE_LOOP('',(#3193,#3194,#3195,#3196));
#553=EDGE_LOOP('',(#3197,#3198,#3199,#3200));
#554=EDGE_LOOP('',(#3201,#3202,#3203,#3204));
#555=EDGE_LOOP('',(#3205,#3206,#3207,#3208));
#556=EDGE_LOOP('',(#3209,#3210,#3211,#3212));
#557=EDGE_LOOP('',(#3213,#3214,#3215,#3216));
#558=EDGE_LOOP('',(#3217,#3218,#3219,#3220));
#559=EDGE_LOOP('',(#3221,#3222,#3223,#3224));
#560=EDGE_LOOP('',(#3225,#3226,#3227,#3228));
#561=EDGE_LOOP('',(#3229,#3230,#3231,#3232));
#562=EDGE_LOOP('',(#3233,#3234,#3235,#3236));
#563=EDGE_LOOP('',(#3237,#3238,#3239,#3240));
#564=EDGE_LOOP('',(#3241,#3242,#3243,#3244));
#565=EDGE_LOOP('',(#3245,#3246,#3247,#3248));
#566=EDGE_LOOP('',(#3249,#3250,#3251,#3252));
#567=EDGE_LOOP('',(#3253,#3254,#3255,#3256));
#568=EDGE_LOOP('',(#3257,#3258,#3259,#3260));
#569=EDGE_LOOP('',(#3261,#3262,#3263,#3264));
#570=EDGE_LOOP('',(#3265,#3266,#3267,#3268));
#571=EDGE_LOOP('',(#3269,#3270,#3271,#3272));
#572=EDGE_LOOP('',(#3273,#3274,#3275,#3276));
#573=EDGE_LOOP('',(#3277,#3278,#3279,#3280));
#574=EDGE_LOOP('',(#3281,#3282,#3283,#3284));
#575=EDGE_LOOP('',(#3285,#3286,#3287,#3288));
#576=EDGE_LOOP('',(#3289,#3290,#3291,#3292));
#577=EDGE_LOOP('',(#3293,#3294,#3295,#3296));
#578=EDGE_LOOP('',(#3297,#3298,#3299,#3300));
#579=EDGE_LOOP('',(#3301,#3302,#3303,#3304));
#580=EDGE_LOOP('',(#3305,#3306,#3307,#3308));
#581=EDGE_LOOP('',(#3309,#3310,#3311,#3312));
#582=EDGE_LOOP('',(#3313,#3314,#3315,#3316));
#583=EDGE_LOOP('',(#3317,#3318,#3319,#3320));
#584=EDGE_LOOP('',(#3321,#3322,#3323,#3324));
#585=EDGE_LOOP('',(#3325,#3326,#3327,#3328));
#586=EDGE_LOOP('',(#3329,#3330,#3331,#3332));
#587=EDGE_LOOP('',(#3333,#3334,#3335,#3336));
#588=EDGE_LOOP('',(#3337,#3338,#3339,#3340));
#589=EDGE_LOOP('',(#3341,#3342,#3343,#3344));
#590=EDGE_LOOP('',(#3345,#3346,#3347,#3348));
#591=EDGE_LOOP('',(#3349,#3350,#3351,#3352));
#592=EDGE_LOOP('',(#3353,#3354,#3355,#3356));
#593=EDGE_LOOP('',(#3357,#3358,#3359,#3360));
#594=EDGE_LOOP('',(#3361,#3362,#3363,#3364));
#595=EDGE_LOOP('',(#3365,#3366,#3367,#3368));
#596=EDGE_LOOP('',(#3369,#3370,#3371,#3372));
#597=EDGE_LOOP('',(#3373,#3374,#3375,#3376));
#598=EDGE_LOOP('',(#3377,#3378,#3379,#3380));
#599=EDGE_LOOP('',(#3381,#3382,#3383,#3384));
#600=EDGE_LOOP('',(#3385,#3386,#3387,#3388));
#601=EDGE_LOOP('',(#3389,#3390,#3391,#3392));
#602=EDGE_LOOP('',(#3393,#3394,#3395,#3396));
#603=EDGE_LOOP('',(#3397,#3398,#3399,#3400));
#604=EDGE_LOOP('',(#3401,#3402,#3403,#3404));
#605=EDGE_LOOP('',(#3405,#3406,#3407,#3408));
#606=EDGE_LOOP('',(#3409,#3410,#3411,#3412));
#607=EDGE_LOOP('',(#3413,#3414,#3415,#3416));
#608=EDGE_LOOP('',(#3417,#3418,#3419,#3420));
#609=EDGE_LOOP('',(#3421,#3422,#3423,#3424));
#610=EDGE_LOOP('',(#3425,#3426,#3427,#3428));
#611=EDGE_LOOP('',(#3429,#3430,#3431,#3432));
#612=EDGE_LOOP('',(#3433,#3434,#3435,#3436));
#613=EDGE_LOOP('',(#3437,#3438,#3439,#3440));
#614=EDGE_LOOP('',(#3441,#3442,#3443,#3444));
#615=EDGE_LOOP('',(#3445,#3446,#3447,#3448));
#616=EDGE_LOOP('',(#3449,#3450,#3451,#3452));
#617=EDGE_LOOP('',(#3453,#3454,#3455,#3456));
#618=EDGE_LOOP('',(#3457,#3458,#3459,#3460));
#619=EDGE_LOOP('',(#3461,#3462,#3463,#3464));
#620=EDGE_LOOP('',(#3465,#3466,#3467,#3468));
#621=EDGE_LOOP('',(#3469,#3470,#3471,#3472));
#622=EDGE_LOOP('',(#3473,#3474,#3475,#3476));
#623=EDGE_LOOP('',(#3477,#3478,#3479,#3480));
#624=EDGE_LOOP('',(#3481,#3482,#3483,#3484));
#625=EDGE_LOOP('',(#3485,#3486,#3487,#3488));
#626=EDGE_LOOP('',(#3489,#3490,#3491,#3492));
#627=EDGE_LOOP('',(#3493,#3494,#3495,#3496));
#628=EDGE_LOOP('',(#3497,#3498,#3499,#3500));
#629=EDGE_LOOP('',(#3501,#3502,#3503,#3504));
#630=EDGE_LOOP('',(#3505,#3506,#3507,#3508));
#631=EDGE_LOOP('',(#3509,#3510,#3511,#3512));
#632=EDGE_LOOP('',(#3513,#3514,#3515,#3516));
#633=LINE('',#5247,#997);
#634=LINE('',#5250,#998);
#635=LINE('',#5256,#999);
#636=LINE('',#5259,#1000);
#637=LINE('',#5265,#1001);
#638=LINE('',#5268,#1002);
#639=LINE('',#5274,#1003);
#640=LINE('',#5277,#1004);
#641=LINE('',#5283,#1005);
#642=LINE('',#5286,#1006);
#643=LINE('',#5292,#1007);
#644=LINE('',#5295,#1008);
#645=LINE('',#5301,#1009);
#646=LINE('',#5304,#1010);
#647=LINE('',#5310,#1011);
#648=LINE('',#5313,#1012);
#649=LINE('',#5319,#1013);
#650=LINE('',#5322,#1014);
#651=LINE('',#5328,#1015);
#652=LINE('',#5331,#1016);
#653=LINE('',#5337,#1017);
#654=LINE('',#5340,#1018);
#655=LINE('',#5346,#1019);
#656=LINE('',#5349,#1020);
#657=LINE('',#5355,#1021);
#658=LINE('',#5358,#1022);
#659=LINE('',#5364,#1023);
#660=LINE('',#5367,#1024);
#661=LINE('',#5373,#1025);
#662=LINE('',#5376,#1026);
#663=LINE('',#5382,#1027);
#664=LINE('',#5385,#1028);
#665=LINE('',#5391,#1029);
#666=LINE('',#5394,#1030);
#667=LINE('',#5400,#1031);
#668=LINE('',#5403,#1032);
#669=LINE('',#5409,#1033);
#670=LINE('',#5412,#1034);
#671=LINE('',#5418,#1035);
#672=LINE('',#5421,#1036);
#673=LINE('',#5427,#1037);
#674=LINE('',#5430,#1038);
#675=LINE('',#5436,#1039);
#676=LINE('',#5439,#1040);
#677=LINE('',#5445,#1041);
#678=LINE('',#5448,#1042);
#679=LINE('',#5454,#1043);
#680=LINE('',#5457,#1044);
#681=LINE('',#5463,#1045);
#682=LINE('',#5466,#1046);
#683=LINE('',#5472,#1047);
#684=LINE('',#5475,#1048);
#685=LINE('',#5481,#1049);
#686=LINE('',#5484,#1050);
#687=LINE('',#5490,#1051);
#688=LINE('',#5493,#1052);
#689=LINE('',#5499,#1053);
#690=LINE('',#5502,#1054);
#691=LINE('',#5508,#1055);
#692=LINE('',#5511,#1056);
#693=LINE('',#5517,#1057);
#694=LINE('',#5520,#1058);
#695=LINE('',#5526,#1059);
#696=LINE('',#5529,#1060);
#697=LINE('',#5535,#1061);
#698=LINE('',#5538,#1062);
#699=LINE('',#5544,#1063);
#700=LINE('',#5547,#1064);
#701=LINE('',#5553,#1065);
#702=LINE('',#5556,#1066);
#703=LINE('',#5562,#1067);
#704=LINE('',#5565,#1068);
#705=LINE('',#5571,#1069);
#706=LINE('',#5574,#1070);
#707=LINE('',#5580,#1071);
#708=LINE('',#5583,#1072);
#709=LINE('',#5589,#1073);
#710=LINE('',#5592,#1074);
#711=LINE('',#5598,#1075);
#712=LINE('',#5601,#1076);
#713=LINE('',#5605,#1077);
#714=LINE('',#5607,#1078);
#715=LINE('',#5609,#1079);
#716=LINE('',#5610,#1080);
#717=LINE('',#5612,#1081);
#718=LINE('',#5615,#1082);
#719=LINE('',#5617,#1083);
#720=LINE('',#5620,#1084);
#721=LINE('',#5622,#1085);
#722=LINE('',#5625,#1086);
#723=LINE('',#5627,#1087);
#724=LINE('',#5630,#1088);
#725=LINE('',#5632,#1089);
#726=LINE('',#5635,#1090);
#727=LINE('',#5637,#1091);
#728=LINE('',#5640,#1092);
#729=LINE('',#5642,#1093);
#730=LINE('',#5645,#1094);
#731=LINE('',#5647,#1095);
#732=LINE('',#5650,#1096);
#733=LINE('',#5652,#1097);
#734=LINE('',#5655,#1098);
#735=LINE('',#5657,#1099);
#736=LINE('',#5660,#1100);
#737=LINE('',#5662,#1101);
#738=LINE('',#5665,#1102);
#739=LINE('',#5667,#1103);
#740=LINE('',#5670,#1104);
#741=LINE('',#5672,#1105);
#742=LINE('',#5675,#1106);
#743=LINE('',#5677,#1107);
#744=LINE('',#5680,#1108);
#745=LINE('',#5682,#1109);
#746=LINE('',#5685,#1110);
#747=LINE('',#5687,#1111);
#748=LINE('',#5690,#1112);
#749=LINE('',#5692,#1113);
#750=LINE('',#5695,#1114);
#751=LINE('',#5697,#1115);
#752=LINE('',#5700,#1116);
#753=LINE('',#5702,#1117);
#754=LINE('',#5705,#1118);
#755=LINE('',#5707,#1119);
#756=LINE('',#5710,#1120);
#757=LINE('',#5712,#1121);
#758=LINE('',#5715,#1122);
#759=LINE('',#5717,#1123);
#760=LINE('',#5720,#1124);
#761=LINE('',#5722,#1125);
#762=LINE('',#5725,#1126);
#763=LINE('',#5727,#1127);
#764=LINE('',#5730,#1128);
#765=LINE('',#5732,#1129);
#766=LINE('',#5735,#1130);
#767=LINE('',#5737,#1131);
#768=LINE('',#5740,#1132);
#769=LINE('',#5742,#1133);
#770=LINE('',#5745,#1134);
#771=LINE('',#5747,#1135);
#772=LINE('',#5750,#1136);
#773=LINE('',#5752,#1137);
#774=LINE('',#5755,#1138);
#775=LINE('',#5757,#1139);
#776=LINE('',#5760,#1140);
#777=LINE('',#5762,#1141);
#778=LINE('',#5765,#1142);
#779=LINE('',#5767,#1143);
#780=LINE('',#5770,#1144);
#781=LINE('',#5772,#1145);
#782=LINE('',#5775,#1146);
#783=LINE('',#5777,#1147);
#784=LINE('',#5780,#1148);
#785=LINE('',#5782,#1149);
#786=LINE('',#5785,#1150);
#787=LINE('',#5787,#1151);
#788=LINE('',#5790,#1152);
#789=LINE('',#5792,#1153);
#790=LINE('',#5795,#1154);
#791=LINE('',#5797,#1155);
#792=LINE('',#5800,#1156);
#793=LINE('',#5802,#1157);
#794=LINE('',#5805,#1158);
#795=LINE('',#5807,#1159);
#796=LINE('',#5810,#1160);
#797=LINE('',#5814,#1161);
#798=LINE('',#5816,#1162);
#799=LINE('',#5818,#1163);
#800=LINE('',#5819,#1164);
#801=LINE('',#5821,#1165);
#802=LINE('',#5824,#1166);
#803=LINE('',#5826,#1167);
#804=LINE('',#5829,#1168);
#805=LINE('',#5831,#1169);
#806=LINE('',#5834,#1170);
#807=LINE('',#5836,#1171);
#808=LINE('',#5839,#1172);
#809=LINE('',#5841,#1173);
#810=LINE('',#5844,#1174);
#811=LINE('',#5846,#1175);
#812=LINE('',#5849,#1176);
#813=LINE('',#5851,#1177);
#814=LINE('',#5854,#1178);
#815=LINE('',#5856,#1179);
#816=LINE('',#5859,#1180);
#817=LINE('',#5861,#1181);
#818=LINE('',#5864,#1182);
#819=LINE('',#5866,#1183);
#820=LINE('',#5869,#1184);
#821=LINE('',#5871,#1185);
#822=LINE('',#5874,#1186);
#823=LINE('',#5876,#1187);
#824=LINE('',#5879,#1188);
#825=LINE('',#5881,#1189);
#826=LINE('',#5884,#1190);
#827=LINE('',#5886,#1191);
#828=LINE('',#5889,#1192);
#829=LINE('',#5891,#1193);
#830=LINE('',#5894,#1194);
#831=LINE('',#5896,#1195);
#832=LINE('',#5899,#1196);
#833=LINE('',#5901,#1197);
#834=LINE('',#5904,#1198);
#835=LINE('',#5906,#1199);
#836=LINE('',#5909,#1200);
#837=LINE('',#5911,#1201);
#838=LINE('',#5914,#1202);
#839=LINE('',#5916,#1203);
#840=LINE('',#5919,#1204);
#841=LINE('',#5921,#1205);
#842=LINE('',#5924,#1206);
#843=LINE('',#5926,#1207);
#844=LINE('',#5929,#1208);
#845=LINE('',#5931,#1209);
#846=LINE('',#5934,#1210);
#847=LINE('',#5936,#1211);
#848=LINE('',#5939,#1212);
#849=LINE('',#5941,#1213);
#850=LINE('',#5944,#1214);
#851=LINE('',#5946,#1215);
#852=LINE('',#5949,#1216);
#853=LINE('',#5951,#1217);
#854=LINE('',#5954,#1218);
#855=LINE('',#5956,#1219);
#856=LINE('',#5959,#1220);
#857=LINE('',#5961,#1221);
#858=LINE('',#5964,#1222);
#859=LINE('',#5966,#1223);
#860=LINE('',#5969,#1224);
#861=LINE('',#5971,#1225);
#862=LINE('',#5974,#1226);
#863=LINE('',#5976,#1227);
#864=LINE('',#5979,#1228);
#865=LINE('',#5981,#1229);
#866=LINE('',#5984,#1230);
#867=LINE('',#5986,#1231);
#868=LINE('',#5989,#1232);
#869=LINE('',#5991,#1233);
#870=LINE('',#5994,#1234);
#871=LINE('',#5996,#1235);
#872=LINE('',#5999,#1236);
#873=LINE('',#6001,#1237);
#874=LINE('',#6004,#1238);
#875=LINE('',#6006,#1239);
#876=LINE('',#6009,#1240);
#877=LINE('',#6011,#1241);
#878=LINE('',#6014,#1242);
#879=LINE('',#6016,#1243);
#880=LINE('',#6019,#1244);
#881=LINE('',#6023,#1245);
#882=LINE('',#6025,#1246);
#883=LINE('',#6027,#1247);
#884=LINE('',#6028,#1248);
#885=LINE('',#6031,#1249);
#886=LINE('',#6033,#1250);
#887=LINE('',#6034,#1251);
#888=LINE('',#6039,#1252);
#889=LINE('',#6043,#1253);
#890=LINE('',#6045,#1254);
#891=LINE('',#6046,#1255);
#892=LINE('',#6054,#1256);
#893=LINE('',#6058,#1257);
#894=LINE('',#6060,#1258);
#895=LINE('',#6061,#1259);
#896=LINE('',#6066,#1260);
#897=LINE('',#6070,#1261);
#898=LINE('',#6072,#1262);
#899=LINE('',#6073,#1263);
#900=LINE('',#6076,#1264);
#901=LINE('',#6078,#1265);
#902=LINE('',#6079,#1266);
#903=LINE('',#6082,#1267);
#904=LINE('',#6084,#1268);
#905=LINE('',#6085,#1269);
#906=LINE('',#6090,#1270);
#907=LINE('',#6094,#1271);
#908=LINE('',#6096,#1272);
#909=LINE('',#6097,#1273);
#910=LINE('',#6105,#1274);
#911=LINE('',#6109,#1275);
#912=LINE('',#6111,#1276);
#913=LINE('',#6112,#1277);
#914=LINE('',#6117,#1278);
#915=LINE('',#6120,#1279);
#916=LINE('',#6121,#1280);
#917=LINE('',#6125,#1281);
#918=LINE('',#6127,#1282);
#919=LINE('',#6130,#1283);
#920=LINE('',#6132,#1284);
#921=LINE('',#6135,#1285);
#922=LINE('',#6137,#1286);
#923=LINE('',#6140,#1287);
#924=LINE('',#6142,#1288);
#925=LINE('',#6145,#1289);
#926=LINE('',#6147,#1290);
#927=LINE('',#6150,#1291);
#928=LINE('',#6152,#1292);
#929=LINE('',#6155,#1293);
#930=LINE('',#6157,#1294);
#931=LINE('',#6160,#1295);
#932=LINE('',#6162,#1296);
#933=LINE('',#6165,#1297);
#934=LINE('',#6167,#1298);
#935=LINE('',#6170,#1299);
#936=LINE('',#6172,#1300);
#937=LINE('',#6175,#1301);
#938=LINE('',#6177,#1302);
#939=LINE('',#6180,#1303);
#940=LINE('',#6182,#1304);
#941=LINE('',#6185,#1305);
#942=LINE('',#6187,#1306);
#943=LINE('',#6190,#1307);
#944=LINE('',#6192,#1308);
#945=LINE('',#6195,#1309);
#946=LINE('',#6197,#1310);
#947=LINE('',#6200,#1311);
#948=LINE('',#6202,#1312);
#949=LINE('',#6205,#1313);
#950=LINE('',#6207,#1314);
#951=LINE('',#6210,#1315);
#952=LINE('',#6212,#1316);
#953=LINE('',#6215,#1317);
#954=LINE('',#6217,#1318);
#955=LINE('',#6220,#1319);
#956=LINE('',#6222,#1320);
#957=LINE('',#6225,#1321);
#958=LINE('',#6227,#1322);
#959=LINE('',#6230,#1323);
#960=LINE('',#6232,#1324);
#961=LINE('',#6235,#1325);
#962=LINE('',#6237,#1326);
#963=LINE('',#6240,#1327);
#964=LINE('',#6242,#1328);
#965=LINE('',#6245,#1329);
#966=LINE('',#6247,#1330);
#967=LINE('',#6250,#1331);
#968=LINE('',#6252,#1332);
#969=LINE('',#6255,#1333);
#970=LINE('',#6257,#1334);
#971=LINE('',#6260,#1335);
#972=LINE('',#6262,#1336);
#973=LINE('',#6265,#1337);
#974=LINE('',#6267,#1338);
#975=LINE('',#6270,#1339);
#976=LINE('',#6272,#1340);
#977=LINE('',#6275,#1341);
#978=LINE('',#6277,#1342);
#979=LINE('',#6280,#1343);
#980=LINE('',#6282,#1344);
#981=LINE('',#6285,#1345);
#982=LINE('',#6287,#1346);
#983=LINE('',#6290,#1347);
#984=LINE('',#6292,#1348);
#985=LINE('',#6295,#1349);
#986=LINE('',#6297,#1350);
#987=LINE('',#6300,#1351);
#988=LINE('',#6302,#1352);
#989=LINE('',#6305,#1353);
#990=LINE('',#6307,#1354);
#991=LINE('',#6310,#1355);
#992=LINE('',#6312,#1356);
#993=LINE('',#6315,#1357);
#994=LINE('',#6317,#1358);
#995=LINE('',#6320,#1359);
#996=LINE('',#6322,#1360);
#997=VECTOR('',#4165,1000.);
#998=VECTOR('',#4168,1000.);
#999=VECTOR('',#4173,1000.);
#1000=VECTOR('',#4176,1000.);
#1001=VECTOR('',#4181,1000.);
#1002=VECTOR('',#4184,1000.);
#1003=VECTOR('',#4189,1000.);
#1004=VECTOR('',#4192,1000.);
#1005=VECTOR('',#4197,1000.);
#1006=VECTOR('',#4200,1000.);
#1007=VECTOR('',#4205,1000.);
#1008=VECTOR('',#4208,1000.);
#1009=VECTOR('',#4213,1000.);
#1010=VECTOR('',#4216,1000.);
#1011=VECTOR('',#4221,1000.);
#1012=VECTOR('',#4224,1000.);
#1013=VECTOR('',#4229,1000.);
#1014=VECTOR('',#4232,1000.);
#1015=VECTOR('',#4237,1000.);
#1016=VECTOR('',#4240,1000.);
#1017=VECTOR('',#4245,1000.);
#1018=VECTOR('',#4248,1000.);
#1019=VECTOR('',#4253,1000.);
#1020=VECTOR('',#4256,1000.);
#1021=VECTOR('',#4261,1000.);
#1022=VECTOR('',#4264,1000.);
#1023=VECTOR('',#4269,1000.);
#1024=VECTOR('',#4272,1000.);
#1025=VECTOR('',#4277,1000.);
#1026=VECTOR('',#4280,1000.);
#1027=VECTOR('',#4285,1000.);
#1028=VECTOR('',#4288,1000.);
#1029=VECTOR('',#4293,1000.);
#1030=VECTOR('',#4296,1000.);
#1031=VECTOR('',#4301,1000.);
#1032=VECTOR('',#4304,1000.);
#1033=VECTOR('',#4309,1000.);
#1034=VECTOR('',#4312,1000.);
#1035=VECTOR('',#4317,1000.);
#1036=VECTOR('',#4320,1000.);
#1037=VECTOR('',#4325,1000.);
#1038=VECTOR('',#4328,1000.);
#1039=VECTOR('',#4333,1000.);
#1040=VECTOR('',#4336,1000.);
#1041=VECTOR('',#4341,1000.);
#1042=VECTOR('',#4344,1000.);
#1043=VECTOR('',#4349,1000.);
#1044=VECTOR('',#4352,1000.);
#1045=VECTOR('',#4357,1000.);
#1046=VECTOR('',#4360,1000.);
#1047=VECTOR('',#4365,1000.);
#1048=VECTOR('',#4368,1000.);
#1049=VECTOR('',#4373,1000.);
#1050=VECTOR('',#4376,1000.);
#1051=VECTOR('',#4381,1000.);
#1052=VECTOR('',#4384,1000.);
#1053=VECTOR('',#4389,1000.);
#1054=VECTOR('',#4392,1000.);
#1055=VECTOR('',#4397,1000.);
#1056=VECTOR('',#4400,1000.);
#1057=VECTOR('',#4405,1000.);
#1058=VECTOR('',#4408,1000.);
#1059=VECTOR('',#4413,1000.);
#1060=VECTOR('',#4416,1000.);
#1061=VECTOR('',#4421,1000.);
#1062=VECTOR('',#4424,1000.);
#1063=VECTOR('',#4429,1000.);
#1064=VECTOR('',#4432,1000.);
#1065=VECTOR('',#4437,1000.);
#1066=VECTOR('',#4440,1000.);
#1067=VECTOR('',#4445,1000.);
#1068=VECTOR('',#4448,1000.);
#1069=VECTOR('',#4453,1000.);
#1070=VECTOR('',#4456,1000.);
#1071=VECTOR('',#4461,1000.);
#1072=VECTOR('',#4464,1000.);
#1073=VECTOR('',#4469,1000.);
#1074=VECTOR('',#4472,1000.);
#1075=VECTOR('',#4477,1000.);
#1076=VECTOR('',#4480,1000.);
#1077=VECTOR('',#4483,1000.);
#1078=VECTOR('',#4484,1000.);
#1079=VECTOR('',#4485,1000.);
#1080=VECTOR('',#4486,1000.);
#1081=VECTOR('',#4487,1000.);
#1082=VECTOR('',#4490,1000.);
#1083=VECTOR('',#4491,1000.);
#1084=VECTOR('',#4494,1000.);
#1085=VECTOR('',#4495,1000.);
#1086=VECTOR('',#4498,1000.);
#1087=VECTOR('',#4499,1000.);
#1088=VECTOR('',#4502,1000.);
#1089=VECTOR('',#4503,1000.);
#1090=VECTOR('',#4506,1000.);
#1091=VECTOR('',#4507,1000.);
#1092=VECTOR('',#4510,1000.);
#1093=VECTOR('',#4511,1000.);
#1094=VECTOR('',#4514,1000.);
#1095=VECTOR('',#4515,1000.);
#1096=VECTOR('',#4518,1000.);
#1097=VECTOR('',#4519,1000.);
#1098=VECTOR('',#4522,1000.);
#1099=VECTOR('',#4523,1000.);
#1100=VECTOR('',#4526,1000.);
#1101=VECTOR('',#4527,1000.);
#1102=VECTOR('',#4530,1000.);
#1103=VECTOR('',#4531,1000.);
#1104=VECTOR('',#4534,1000.);
#1105=VECTOR('',#4535,1000.);
#1106=VECTOR('',#4538,1000.);
#1107=VECTOR('',#4539,1000.);
#1108=VECTOR('',#4542,1000.);
#1109=VECTOR('',#4543,1000.);
#1110=VECTOR('',#4546,1000.);
#1111=VECTOR('',#4547,1000.);
#1112=VECTOR('',#4550,1000.);
#1113=VECTOR('',#4551,1000.);
#1114=VECTOR('',#4554,1000.);
#1115=VECTOR('',#4555,1000.);
#1116=VECTOR('',#4558,1000.);
#1117=VECTOR('',#4559,1000.);
#1118=VECTOR('',#4562,1000.);
#1119=VECTOR('',#4563,1000.);
#1120=VECTOR('',#4566,1000.);
#1121=VECTOR('',#4567,1000.);
#1122=VECTOR('',#4570,1000.);
#1123=VECTOR('',#4571,1000.);
#1124=VECTOR('',#4574,1000.);
#1125=VECTOR('',#4575,1000.);
#1126=VECTOR('',#4578,1000.);
#1127=VECTOR('',#4579,1000.);
#1128=VECTOR('',#4582,1000.);
#1129=VECTOR('',#4583,1000.);
#1130=VECTOR('',#4586,1000.);
#1131=VECTOR('',#4587,1000.);
#1132=VECTOR('',#4590,1000.);
#1133=VECTOR('',#4591,1000.);
#1134=VECTOR('',#4594,1000.);
#1135=VECTOR('',#4595,1000.);
#1136=VECTOR('',#4598,1000.);
#1137=VECTOR('',#4599,1000.);
#1138=VECTOR('',#4602,1000.);
#1139=VECTOR('',#4603,1000.);
#1140=VECTOR('',#4606,1000.);
#1141=VECTOR('',#4607,1000.);
#1142=VECTOR('',#4610,1000.);
#1143=VECTOR('',#4611,1000.);
#1144=VECTOR('',#4614,1000.);
#1145=VECTOR('',#4615,1000.);
#1146=VECTOR('',#4618,1000.);
#1147=VECTOR('',#4619,1000.);
#1148=VECTOR('',#4622,1000.);
#1149=VECTOR('',#4623,1000.);
#1150=VECTOR('',#4626,1000.);
#1151=VECTOR('',#4627,1000.);
#1152=VECTOR('',#4630,1000.);
#1153=VECTOR('',#4631,1000.);
#1154=VECTOR('',#4634,1000.);
#1155=VECTOR('',#4635,1000.);
#1156=VECTOR('',#4638,1000.);
#1157=VECTOR('',#4639,1000.);
#1158=VECTOR('',#4642,1000.);
#1159=VECTOR('',#4643,1000.);
#1160=VECTOR('',#4646,1000.);
#1161=VECTOR('',#4649,1000.);
#1162=VECTOR('',#4650,1000.);
#1163=VECTOR('',#4651,1000.);
#1164=VECTOR('',#4652,1000.);
#1165=VECTOR('',#4653,1000.);
#1166=VECTOR('',#4656,1000.);
#1167=VECTOR('',#4657,1000.);
#1168=VECTOR('',#4660,1000.);
#1169=VECTOR('',#4661,1000.);
#1170=VECTOR('',#4664,1000.);
#1171=VECTOR('',#4665,1000.);
#1172=VECTOR('',#4668,1000.);
#1173=VECTOR('',#4669,1000.);
#1174=VECTOR('',#4672,1000.);
#1175=VECTOR('',#4673,1000.);
#1176=VECTOR('',#4676,1000.);
#1177=VECTOR('',#4677,1000.);
#1178=VECTOR('',#4680,1000.);
#1179=VECTOR('',#4681,1000.);
#1180=VECTOR('',#4684,1000.);
#1181=VECTOR('',#4685,1000.);
#1182=VECTOR('',#4688,1000.);
#1183=VECTOR('',#4689,1000.);
#1184=VECTOR('',#4692,1000.);
#1185=VECTOR('',#4693,1000.);
#1186=VECTOR('',#4696,1000.);
#1187=VECTOR('',#4697,1000.);
#1188=VECTOR('',#4700,1000.);
#1189=VECTOR('',#4701,1000.);
#1190=VECTOR('',#4704,1000.);
#1191=VECTOR('',#4705,1000.);
#1192=VECTOR('',#4708,1000.);
#1193=VECTOR('',#4709,1000.);
#1194=VECTOR('',#4712,1000.);
#1195=VECTOR('',#4713,1000.);
#1196=VECTOR('',#4716,1000.);
#1197=VECTOR('',#4717,1000.);
#1198=VECTOR('',#4720,1000.);
#1199=VECTOR('',#4721,1000.);
#1200=VECTOR('',#4724,1000.);
#1201=VECTOR('',#4725,1000.);
#1202=VECTOR('',#4728,1000.);
#1203=VECTOR('',#4729,1000.);
#1204=VECTOR('',#4732,1000.);
#1205=VECTOR('',#4733,1000.);
#1206=VECTOR('',#4736,1000.);
#1207=VECTOR('',#4737,1000.);
#1208=VECTOR('',#4740,1000.);
#1209=VECTOR('',#4741,1000.);
#1210=VECTOR('',#4744,1000.);
#1211=VECTOR('',#4745,1000.);
#1212=VECTOR('',#4748,1000.);
#1213=VECTOR('',#4749,1000.);
#1214=VECTOR('',#4752,1000.);
#1215=VECTOR('',#4753,1000.);
#1216=VECTOR('',#4756,1000.);
#1217=VECTOR('',#4757,1000.);
#1218=VECTOR('',#4760,1000.);
#1219=VECTOR('',#4761,1000.);
#1220=VECTOR('',#4764,1000.);
#1221=VECTOR('',#4765,1000.);
#1222=VECTOR('',#4768,1000.);
#1223=VECTOR('',#4769,1000.);
#1224=VECTOR('',#4772,1000.);
#1225=VECTOR('',#4773,1000.);
#1226=VECTOR('',#4776,1000.);
#1227=VECTOR('',#4777,1000.);
#1228=VECTOR('',#4780,1000.);
#1229=VECTOR('',#4781,1000.);
#1230=VECTOR('',#4784,1000.);
#1231=VECTOR('',#4785,1000.);
#1232=VECTOR('',#4788,1000.);
#1233=VECTOR('',#4789,1000.);
#1234=VECTOR('',#4792,1000.);
#1235=VECTOR('',#4793,1000.);
#1236=VECTOR('',#4796,1000.);
#1237=VECTOR('',#4797,1000.);
#1238=VECTOR('',#4800,1000.);
#1239=VECTOR('',#4801,1000.);
#1240=VECTOR('',#4804,1000.);
#1241=VECTOR('',#4805,1000.);
#1242=VECTOR('',#4808,1000.);
#1243=VECTOR('',#4809,1000.);
#1244=VECTOR('',#4812,1000.);
#1245=VECTOR('',#4815,1000.);
#1246=VECTOR('',#4816,1000.);
#1247=VECTOR('',#4817,1000.);
#1248=VECTOR('',#4818,1000.);
#1249=VECTOR('',#4821,1000.);
#1250=VECTOR('',#4822,1000.);
#1251=VECTOR('',#4823,1000.);
#1252=VECTOR('',#4828,1000.);
#1253=VECTOR('',#4833,1000.);
#1254=VECTOR('',#4834,1000.);
#1255=VECTOR('',#4835,1000.);
#1256=VECTOR('',#4846,1000.);
#1257=VECTOR('',#4851,1000.);
#1258=VECTOR('',#4852,1000.);
#1259=VECTOR('',#4853,1000.);
#1260=VECTOR('',#4858,1000.);
#1261=VECTOR('',#4863,1000.);
#1262=VECTOR('',#4864,1000.);
#1263=VECTOR('',#4865,1000.);
#1264=VECTOR('',#4868,1000.);
#1265=VECTOR('',#4869,1000.);
#1266=VECTOR('',#4870,1000.);
#1267=VECTOR('',#4873,1000.);
#1268=VECTOR('',#4874,1000.);
#1269=VECTOR('',#4875,1000.);
#1270=VECTOR('',#4880,1000.);
#1271=VECTOR('',#4885,1000.);
#1272=VECTOR('',#4886,1000.);
#1273=VECTOR('',#4887,1000.);
#1274=VECTOR('',#4898,1000.);
#1275=VECTOR('',#4903,1000.);
#1276=VECTOR('',#4904,1000.);
#1277=VECTOR('',#4905,1000.);
#1278=VECTOR('',#4910,1000.);
#1279=VECTOR('',#4915,1000.);
#1280=VECTOR('',#4916,1000.);
#1281=VECTOR('',#4923,1000.);
#1282=VECTOR('',#4926,1000.);
#1283=VECTOR('',#4931,1000.);
#1284=VECTOR('',#4934,1000.);
#1285=VECTOR('',#4939,1000.);
#1286=VECTOR('',#4942,1000.);
#1287=VECTOR('',#4947,1000.);
#1288=VECTOR('',#4950,1000.);
#1289=VECTOR('',#4955,1000.);
#1290=VECTOR('',#4958,1000.);
#1291=VECTOR('',#4963,1000.);
#1292=VECTOR('',#4966,1000.);
#1293=VECTOR('',#4971,1000.);
#1294=VECTOR('',#4974,1000.);
#1295=VECTOR('',#4979,1000.);
#1296=VECTOR('',#4982,1000.);
#1297=VECTOR('',#4987,1000.);
#1298=VECTOR('',#4990,1000.);
#1299=VECTOR('',#4995,1000.);
#1300=VECTOR('',#4998,1000.);
#1301=VECTOR('',#5003,1000.);
#1302=VECTOR('',#5006,1000.);
#1303=VECTOR('',#5011,1000.);
#1304=VECTOR('',#5014,1000.);
#1305=VECTOR('',#5019,1000.);
#1306=VECTOR('',#5022,1000.);
#1307=VECTOR('',#5027,1000.);
#1308=VECTOR('',#5030,1000.);
#1309=VECTOR('',#5035,1000.);
#1310=VECTOR('',#5038,1000.);
#1311=VECTOR('',#5043,1000.);
#1312=VECTOR('',#5046,1000.);
#1313=VECTOR('',#5051,1000.);
#1314=VECTOR('',#5054,1000.);
#1315=VECTOR('',#5059,1000.);
#1316=VECTOR('',#5062,1000.);
#1317=VECTOR('',#5067,1000.);
#1318=VECTOR('',#5070,1000.);
#1319=VECTOR('',#5075,1000.);
#1320=VECTOR('',#5078,1000.);
#1321=VECTOR('',#5083,1000.);
#1322=VECTOR('',#5086,1000.);
#1323=VECTOR('',#5091,1000.);
#1324=VECTOR('',#5094,1000.);
#1325=VECTOR('',#5099,1000.);
#1326=VECTOR('',#5102,1000.);
#1327=VECTOR('',#5107,1000.);
#1328=VECTOR('',#5110,1000.);
#1329=VECTOR('',#5115,1000.);
#1330=VECTOR('',#5118,1000.);
#1331=VECTOR('',#5123,1000.);
#1332=VECTOR('',#5126,1000.);
#1333=VECTOR('',#5131,1000.);
#1334=VECTOR('',#5134,1000.);
#1335=VECTOR('',#5139,1000.);
#1336=VECTOR('',#5142,1000.);
#1337=VECTOR('',#5147,1000.);
#1338=VECTOR('',#5150,1000.);
#1339=VECTOR('',#5155,1000.);
#1340=VECTOR('',#5158,1000.);
#1341=VECTOR('',#5163,1000.);
#1342=VECTOR('',#5166,1000.);
#1343=VECTOR('',#5171,1000.);
#1344=VECTOR('',#5174,1000.);
#1345=VECTOR('',#5179,1000.);
#1346=VECTOR('',#5182,1000.);
#1347=VECTOR('',#5187,1000.);
#1348=VECTOR('',#5190,1000.);
#1349=VECTOR('',#5195,1000.);
#1350=VECTOR('',#5198,1000.);
#1351=VECTOR('',#5203,1000.);
#1352=VECTOR('',#5206,1000.);
#1353=VECTOR('',#5211,1000.);
#1354=VECTOR('',#5214,1000.);
#1355=VECTOR('',#5219,1000.);
#1356=VECTOR('',#5222,1000.);
#1357=VECTOR('',#5227,1000.);
#1358=VECTOR('',#5230,1000.);
#1359=VECTOR('',#5235,1000.);
#1360=VECTOR('',#5238,1000.);
#1361=CIRCLE('',#3802,3.15000000000015);
#1362=CIRCLE('',#3803,3.15000000000015);
#1363=CIRCLE('',#3805,3.15000000000015);
#1364=CIRCLE('',#3806,3.15000000000015);
#1365=CIRCLE('',#3808,3.15000000000015);
#1366=CIRCLE('',#3809,3.15000000000015);
#1367=CIRCLE('',#3811,3.15000000000015);
#1368=CIRCLE('',#3812,3.15000000000015);
#1369=CIRCLE('',#3814,3.15000000000015);
#1370=CIRCLE('',#3815,3.15000000000015);
#1371=CIRCLE('',#3817,3.15000000000015);
#1372=CIRCLE('',#3818,3.15000000000015);
#1373=CIRCLE('',#3820,3.15000000000015);
#1374=CIRCLE('',#3821,3.15000000000015);
#1375=CIRCLE('',#3823,3.15000000000015);
#1376=CIRCLE('',#3824,3.15000000000015);
#1377=CIRCLE('',#3826,3.15000000000015);
#1378=CIRCLE('',#3827,3.15000000000015);
#1379=CIRCLE('',#3829,3.15000000000015);
#1380=CIRCLE('',#3830,3.15000000000015);
#1381=CIRCLE('',#3832,3.15000000000018);
#1382=CIRCLE('',#3833,3.15000000000018);
#1383=CIRCLE('',#3835,3.15000000000018);
#1384=CIRCLE('',#3836,3.15000000000018);
#1385=CIRCLE('',#3838,3.15000000000018);
#1386=CIRCLE('',#3839,3.15000000000018);
#1387=CIRCLE('',#3841,3.15000000000018);
#1388=CIRCLE('',#3842,3.15000000000018);
#1389=CIRCLE('',#3844,3.15000000000018);
#1390=CIRCLE('',#3845,3.15000000000018);
#1391=CIRCLE('',#3847,3.15000000000018);
#1392=CIRCLE('',#3848,3.15000000000018);
#1393=CIRCLE('',#3850,3.15000000000018);
#1394=CIRCLE('',#3851,3.15000000000018);
#1395=CIRCLE('',#3853,3.15000000000017);
#1396=CIRCLE('',#3854,3.15000000000017);
#1397=CIRCLE('',#3856,3.15000000000017);
#1398=CIRCLE('',#3857,3.15000000000017);
#1399=CIRCLE('',#3859,3.15000000000018);
#1400=CIRCLE('',#3860,3.15000000000018);
#1401=CIRCLE('',#3862,3.15000000000017);
#1402=CIRCLE('',#3863,3.15000000000018);
#1403=CIRCLE('',#3865,3.15000000000017);
#1404=CIRCLE('',#3866,3.15000000000017);
#1405=CIRCLE('',#3868,3.15000000000018);
#1406=CIRCLE('',#3869,3.15000000000018);
#1407=CIRCLE('',#3871,3.15000000000018);
#1408=CIRCLE('',#3872,3.15000000000018);
#1409=CIRCLE('',#3874,3.15000000000018);
#1410=CIRCLE('',#3875,3.15000000000018);
#1411=CIRCLE('',#3877,3.15000000000018);
#1412=CIRCLE('',#3878,3.15000000000018);
#1413=CIRCLE('',#3880,3.15000000000018);
#1414=CIRCLE('',#3881,3.15000000000018);
#1415=CIRCLE('',#3883,3.15000000000018);
#1416=CIRCLE('',#3884,3.15000000000018);
#1417=CIRCLE('',#3886,3.15000000000018);
#1418=CIRCLE('',#3887,3.15000000000018);
#1419=CIRCLE('',#3889,3.15000000000018);
#1420=CIRCLE('',#3890,3.15000000000018);
#1421=CIRCLE('',#3892,3.15000000000015);
#1422=CIRCLE('',#3893,3.15000000000015);
#1423=CIRCLE('',#3895,3.15000000000015);
#1424=CIRCLE('',#3896,3.15000000000015);
#1425=CIRCLE('',#3898,3.15000000000015);
#1426=CIRCLE('',#3899,3.15000000000015);
#1427=CIRCLE('',#3901,3.15000000000015);
#1428=CIRCLE('',#3902,3.15000000000015);
#1429=CIRCLE('',#3904,3.15000000000015);
#1430=CIRCLE('',#3905,3.15000000000015);
#1431=CIRCLE('',#3907,3.15000000000015);
#1432=CIRCLE('',#3908,3.15000000000015);
#1433=CIRCLE('',#3910,3.15000000000015);
#1434=CIRCLE('',#3911,3.15000000000015);
#1435=CIRCLE('',#3913,3.15000000000015);
#1436=CIRCLE('',#3914,3.15000000000015);
#1437=CIRCLE('',#3916,3.15000000000015);
#1438=CIRCLE('',#3917,3.15000000000015);
#1439=CIRCLE('',#3919,3.15000000000015);
#1440=CIRCLE('',#3920,3.15000000000015);
#1441=CIRCLE('',#3922,3.15000000000015);
#1442=CIRCLE('',#3923,3.15000000000015);
#1443=CIRCLE('',#3924,3.15000000000015);
#1444=CIRCLE('',#3925,3.15000000000015);
#1445=CIRCLE('',#3926,3.15000000000015);
#1446=CIRCLE('',#3927,3.15000000000015);
#1447=CIRCLE('',#3928,3.15000000000015);
#1448=CIRCLE('',#3929,3.15000000000015);
#1449=CIRCLE('',#3930,3.15000000000015);
#1450=CIRCLE('',#3931,3.15000000000018);
#1451=CIRCLE('',#3932,3.15000000000018);
#1452=CIRCLE('',#3933,3.15000000000018);
#1453=CIRCLE('',#3934,3.15000000000018);
#1454=CIRCLE('',#3935,3.15000000000018);
#1455=CIRCLE('',#3936,3.15000000000018);
#1456=CIRCLE('',#3937,3.15000000000018);
#1457=CIRCLE('',#3938,3.15000000000017);
#1458=CIRCLE('',#3939,3.15000000000017);
#1459=CIRCLE('',#3940,3.15000000000018);
#1460=CIRCLE('',#3941,3.15000000000018);
#1461=CIRCLE('',#3942,3.15000000000017);
#1462=CIRCLE('',#3943,3.15000000000018);
#1463=CIRCLE('',#3944,3.15000000000018);
#1464=CIRCLE('',#3945,3.15000000000018);
#1465=CIRCLE('',#3946,3.15000000000018);
#1466=CIRCLE('',#3947,3.15000000000018);
#1467=CIRCLE('',#3948,3.15000000000018);
#1468=CIRCLE('',#3949,3.15000000000018);
#1469=CIRCLE('',#3950,3.15000000000018);
#1470=CIRCLE('',#3951,3.15000000000015);
#1471=CIRCLE('',#3952,3.15000000000015);
#1472=CIRCLE('',#3953,3.15000000000015);
#1473=CIRCLE('',#3954,3.15000000000015);
#1474=CIRCLE('',#3955,3.15000000000015);
#1475=CIRCLE('',#3956,3.15000000000015);
#1476=CIRCLE('',#3957,3.15000000000015);
#1477=CIRCLE('',#3958,3.15000000000015);
#1478=CIRCLE('',#3959,3.15000000000015);
#1479=CIRCLE('',#3960,3.15000000000015);
#1480=CIRCLE('',#3961,3.15000000000015);
#1481=CIRCLE('',#3963,3.15000000000015);
#1482=CIRCLE('',#3964,3.15000000000015);
#1483=CIRCLE('',#3965,3.15000000000015);
#1484=CIRCLE('',#3966,3.15000000000015);
#1485=CIRCLE('',#3967,3.15000000000015);
#1486=CIRCLE('',#3968,3.15000000000015);
#1487=CIRCLE('',#3969,3.15000000000015);
#1488=CIRCLE('',#3970,3.15000000000015);
#1489=CIRCLE('',#3971,3.15000000000015);
#1490=CIRCLE('',#3972,3.15000000000018);
#1491=CIRCLE('',#3973,3.15000000000018);
#1492=CIRCLE('',#3974,3.15000000000018);
#1493=CIRCLE('',#3975,3.15000000000018);
#1494=CIRCLE('',#3976,3.15000000000018);
#1495=CIRCLE('',#3977,3.15000000000018);
#1496=CIRCLE('',#3978,3.15000000000018);
#1497=CIRCLE('',#3979,3.15000000000017);
#1498=CIRCLE('',#3980,3.15000000000017);
#1499=CIRCLE('',#3981,3.15000000000018);
#1500=CIRCLE('',#3982,3.15000000000017);
#1501=CIRCLE('',#3983,3.15000000000017);
#1502=CIRCLE('',#3984,3.15000000000018);
#1503=CIRCLE('',#3985,3.15000000000018);
#1504=CIRCLE('',#3986,3.15000000000018);
#1505=CIRCLE('',#3987,3.15000000000018);
#1506=CIRCLE('',#3988,3.15000000000018);
#1507=CIRCLE('',#3989,3.15000000000018);
#1508=CIRCLE('',#3990,3.15000000000018);
#1509=CIRCLE('',#3991,3.15000000000018);
#1510=CIRCLE('',#3992,3.15000000000015);
#1511=CIRCLE('',#3993,3.15000000000015);
#1512=CIRCLE('',#3994,3.15000000000015);
#1513=CIRCLE('',#3995,3.15000000000015);
#1514=CIRCLE('',#3996,3.15000000000015);
#1515=CIRCLE('',#3997,3.15000000000015);
#1516=CIRCLE('',#3998,3.15000000000015);
#1517=CIRCLE('',#3999,3.15000000000015);
#1518=CIRCLE('',#4000,3.15000000000015);
#1519=CIRCLE('',#4001,3.15000000000015);
#1520=CIRCLE('',#4002,3.15000000000015);
#1521=CIRCLE('',#4006,1.);
#1522=CIRCLE('',#4007,1.);
#1523=CIRCLE('',#4010,0.499999999999996);
#1524=CIRCLE('',#4011,0.499999999999996);
#1525=CIRCLE('',#4013,0.499999999999996);
#1526=CIRCLE('',#4014,0.499999999999996);
#1527=CIRCLE('',#4017,1.);
#1528=CIRCLE('',#4018,1.);
#1529=CIRCLE('',#4023,0.500000000000004);
#1530=CIRCLE('',#4024,0.500000000000004);
#1531=CIRCLE('',#4027,0.999999999999998);
#1532=CIRCLE('',#4028,0.999999999999998);
#1533=CIRCLE('',#4030,0.999999999999998);
#1534=CIRCLE('',#4031,0.999999999999998);
#1535=CIRCLE('',#4034,0.5);
#1536=CIRCLE('',#4035,0.5);
#1537=VERTEX_POINT('',#5243);
#1538=VERTEX_POINT('',#5244);
#1539=VERTEX_POINT('',#5246);
#1540=VERTEX_POINT('',#5248);
#1541=VERTEX_POINT('',#5252);
#1542=VERTEX_POINT('',#5253);
#1543=VERTEX_POINT('',#5255);
#1544=VERTEX_POINT('',#5257);
#1545=VERTEX_POINT('',#5261);
#1546=VERTEX_POINT('',#5262);
#1547=VERTEX_POINT('',#5264);
#1548=VERTEX_POINT('',#5266);
#1549=VERTEX_POINT('',#5270);
#1550=VERTEX_POINT('',#5271);
#1551=VERTEX_POINT('',#5273);
#1552=VERTEX_POINT('',#5275);
#1553=VERTEX_POINT('',#5279);
#1554=VERTEX_POINT('',#5280);
#1555=VERTEX_POINT('',#5282);
#1556=VERTEX_POINT('',#5284);
#1557=VERTEX_POINT('',#5288);
#1558=VERTEX_POINT('',#5289);
#1559=VERTEX_POINT('',#5291);
#1560=VERTEX_POINT('',#5293);
#1561=VERTEX_POINT('',#5297);
#1562=VERTEX_POINT('',#5298);
#1563=VERTEX_POINT('',#5300);
#1564=VERTEX_POINT('',#5302);
#1565=VERTEX_POINT('',#5306);
#1566=VERTEX_POINT('',#5307);
#1567=VERTEX_POINT('',#5309);
#1568=VERTEX_POINT('',#5311);
#1569=VERTEX_POINT('',#5315);
#1570=VERTEX_POINT('',#5316);
#1571=VERTEX_POINT('',#5318);
#1572=VERTEX_POINT('',#5320);
#1573=VERTEX_POINT('',#5324);
#1574=VERTEX_POINT('',#5325);
#1575=VERTEX_POINT('',#5327);
#1576=VERTEX_POINT('',#5329);
#1577=VERTEX_POINT('',#5333);
#1578=VERTEX_POINT('',#5334);
#1579=VERTEX_POINT('',#5336);
#1580=VERTEX_POINT('',#5338);
#1581=VERTEX_POINT('',#5342);
#1582=VERTEX_POINT('',#5343);
#1583=VERTEX_POINT('',#5345);
#1584=VERTEX_POINT('',#5347);
#1585=VERTEX_POINT('',#5351);
#1586=VERTEX_POINT('',#5352);
#1587=VERTEX_POINT('',#5354);
#1588=VERTEX_POINT('',#5356);
#1589=VERTEX_POINT('',#5360);
#1590=VERTEX_POINT('',#5361);
#1591=VERTEX_POINT('',#5363);
#1592=VERTEX_POINT('',#5365);
#1593=VERTEX_POINT('',#5369);
#1594=VERTEX_POINT('',#5370);
#1595=VERTEX_POINT('',#5372);
#1596=VERTEX_POINT('',#5374);
#1597=VERTEX_POINT('',#5378);
#1598=VERTEX_POINT('',#5379);
#1599=VERTEX_POINT('',#5381);
#1600=VERTEX_POINT('',#5383);
#1601=VERTEX_POINT('',#5387);
#1602=VERTEX_POINT('',#5388);
#1603=VERTEX_POINT('',#5390);
#1604=VERTEX_POINT('',#5392);
#1605=VERTEX_POINT('',#5396);
#1606=VERTEX_POINT('',#5397);
#1607=VERTEX_POINT('',#5399);
#1608=VERTEX_POINT('',#5401);
#1609=VERTEX_POINT('',#5405);
#1610=VERTEX_POINT('',#5406);
#1611=VERTEX_POINT('',#5408);
#1612=VERTEX_POINT('',#5410);
#1613=VERTEX_POINT('',#5414);
#1614=VERTEX_POINT('',#5415);
#1615=VERTEX_POINT('',#5417);
#1616=VERTEX_POINT('',#5419);
#1617=VERTEX_POINT('',#5423);
#1618=VERTEX_POINT('',#5424);
#1619=VERTEX_POINT('',#5426);
#1620=VERTEX_POINT('',#5428);
#1621=VERTEX_POINT('',#5432);
#1622=VERTEX_POINT('',#5433);
#1623=VERTEX_POINT('',#5435);
#1624=VERTEX_POINT('',#5437);
#1625=VERTEX_POINT('',#5441);
#1626=VERTEX_POINT('',#5442);
#1627=VERTEX_POINT('',#5444);
#1628=VERTEX_POINT('',#5446);
#1629=VERTEX_POINT('',#5450);
#1630=VERTEX_POINT('',#5451);
#1631=VERTEX_POINT('',#5453);
#1632=VERTEX_POINT('',#5455);
#1633=VERTEX_POINT('',#5459);
#1634=VERTEX_POINT('',#5460);
#1635=VERTEX_POINT('',#5462);
#1636=VERTEX_POINT('',#5464);
#1637=VERTEX_POINT('',#5468);
#1638=VERTEX_POINT('',#5469);
#1639=VERTEX_POINT('',#5471);
#1640=VERTEX_POINT('',#5473);
#1641=VERTEX_POINT('',#5477);
#1642=VERTEX_POINT('',#5478);
#1643=VERTEX_POINT('',#5480);
#1644=VERTEX_POINT('',#5482);
#1645=VERTEX_POINT('',#5486);
#1646=VERTEX_POINT('',#5487);
#1647=VERTEX_POINT('',#5489);
#1648=VERTEX_POINT('',#5491);
#1649=VERTEX_POINT('',#5495);
#1650=VERTEX_POINT('',#5496);
#1651=VERTEX_POINT('',#5498);
#1652=VERTEX_POINT('',#5500);
#1653=VERTEX_POINT('',#5504);
#1654=VERTEX_POINT('',#5505);
#1655=VERTEX_POINT('',#5507);
#1656=VERTEX_POINT('',#5509);
#1657=VERTEX_POINT('',#5513);
#1658=VERTEX_POINT('',#5514);
#1659=VERTEX_POINT('',#5516);
#1660=VERTEX_POINT('',#5518);
#1661=VERTEX_POINT('',#5522);
#1662=VERTEX_POINT('',#5523);
#1663=VERTEX_POINT('',#5525);
#1664=VERTEX_POINT('',#5527);
#1665=VERTEX_POINT('',#5531);
#1666=VERTEX_POINT('',#5532);
#1667=VERTEX_POINT('',#5534);
#1668=VERTEX_POINT('',#5536);
#1669=VERTEX_POINT('',#5540);
#1670=VERTEX_POINT('',#5541);
#1671=VERTEX_POINT('',#5543);
#1672=VERTEX_POINT('',#5545);
#1673=VERTEX_POINT('',#5549);
#1674=VERTEX_POINT('',#5550);
#1675=VERTEX_POINT('',#5552);
#1676=VERTEX_POINT('',#5554);
#1677=VERTEX_POINT('',#5558);
#1678=VERTEX_POINT('',#5559);
#1679=VERTEX_POINT('',#5561);
#1680=VERTEX_POINT('',#5563);
#1681=VERTEX_POINT('',#5567);
#1682=VERTEX_POINT('',#5568);
#1683=VERTEX_POINT('',#5570);
#1684=VERTEX_POINT('',#5572);
#1685=VERTEX_POINT('',#5576);
#1686=VERTEX_POINT('',#5577);
#1687=VERTEX_POINT('',#5579);
#1688=VERTEX_POINT('',#5581);
#1689=VERTEX_POINT('',#5585);
#1690=VERTEX_POINT('',#5586);
#1691=VERTEX_POINT('',#5588);
#1692=VERTEX_POINT('',#5590);
#1693=VERTEX_POINT('',#5594);
#1694=VERTEX_POINT('',#5595);
#1695=VERTEX_POINT('',#5597);
#1696=VERTEX_POINT('',#5599);
#1697=VERTEX_POINT('',#5603);
#1698=VERTEX_POINT('',#5604);
#1699=VERTEX_POINT('',#5606);
#1700=VERTEX_POINT('',#5608);
#1701=VERTEX_POINT('',#5611);
#1702=VERTEX_POINT('',#5613);
#1703=VERTEX_POINT('',#5616);
#1704=VERTEX_POINT('',#5618);
#1705=VERTEX_POINT('',#5621);
#1706=VERTEX_POINT('',#5623);
#1707=VERTEX_POINT('',#5626);
#1708=VERTEX_POINT('',#5628);
#1709=VERTEX_POINT('',#5631);
#1710=VERTEX_POINT('',#5633);
#1711=VERTEX_POINT('',#5636);
#1712=VERTEX_POINT('',#5638);
#1713=VERTEX_POINT('',#5641);
#1714=VERTEX_POINT('',#5643);
#1715=VERTEX_POINT('',#5646);
#1716=VERTEX_POINT('',#5648);
#1717=VERTEX_POINT('',#5651);
#1718=VERTEX_POINT('',#5653);
#1719=VERTEX_POINT('',#5656);
#1720=VERTEX_POINT('',#5658);
#1721=VERTEX_POINT('',#5661);
#1722=VERTEX_POINT('',#5663);
#1723=VERTEX_POINT('',#5666);
#1724=VERTEX_POINT('',#5668);
#1725=VERTEX_POINT('',#5671);
#1726=VERTEX_POINT('',#5673);
#1727=VERTEX_POINT('',#5676);
#1728=VERTEX_POINT('',#5678);
#1729=VERTEX_POINT('',#5681);
#1730=VERTEX_POINT('',#5683);
#1731=VERTEX_POINT('',#5686);
#1732=VERTEX_POINT('',#5688);
#1733=VERTEX_POINT('',#5691);
#1734=VERTEX_POINT('',#5693);
#1735=VERTEX_POINT('',#5696);
#1736=VERTEX_POINT('',#5698);
#1737=VERTEX_POINT('',#5701);
#1738=VERTEX_POINT('',#5703);
#1739=VERTEX_POINT('',#5706);
#1740=VERTEX_POINT('',#5708);
#1741=VERTEX_POINT('',#5711);
#1742=VERTEX_POINT('',#5713);
#1743=VERTEX_POINT('',#5716);
#1744=VERTEX_POINT('',#5718);
#1745=VERTEX_POINT('',#5721);
#1746=VERTEX_POINT('',#5723);
#1747=VERTEX_POINT('',#5726);
#1748=VERTEX_POINT('',#5728);
#1749=VERTEX_POINT('',#5731);
#1750=VERTEX_POINT('',#5733);
#1751=VERTEX_POINT('',#5736);
#1752=VERTEX_POINT('',#5738);
#1753=VERTEX_POINT('',#5741);
#1754=VERTEX_POINT('',#5743);
#1755=VERTEX_POINT('',#5746);
#1756=VERTEX_POINT('',#5748);
#1757=VERTEX_POINT('',#5751);
#1758=VERTEX_POINT('',#5753);
#1759=VERTEX_POINT('',#5756);
#1760=VERTEX_POINT('',#5758);
#1761=VERTEX_POINT('',#5761);
#1762=VERTEX_POINT('',#5763);
#1763=VERTEX_POINT('',#5766);
#1764=VERTEX_POINT('',#5768);
#1765=VERTEX_POINT('',#5771);
#1766=VERTEX_POINT('',#5773);
#1767=VERTEX_POINT('',#5776);
#1768=VERTEX_POINT('',#5778);
#1769=VERTEX_POINT('',#5781);
#1770=VERTEX_POINT('',#5783);
#1771=VERTEX_POINT('',#5786);
#1772=VERTEX_POINT('',#5788);
#1773=VERTEX_POINT('',#5791);
#1774=VERTEX_POINT('',#5793);
#1775=VERTEX_POINT('',#5796);
#1776=VERTEX_POINT('',#5798);
#1777=VERTEX_POINT('',#5801);
#1778=VERTEX_POINT('',#5803);
#1779=VERTEX_POINT('',#5806);
#1780=VERTEX_POINT('',#5808);
#1781=VERTEX_POINT('',#5812);
#1782=VERTEX_POINT('',#5813);
#1783=VERTEX_POINT('',#5815);
#1784=VERTEX_POINT('',#5817);
#1785=VERTEX_POINT('',#5820);
#1786=VERTEX_POINT('',#5822);
#1787=VERTEX_POINT('',#5825);
#1788=VERTEX_POINT('',#5827);
#1789=VERTEX_POINT('',#5830);
#1790=VERTEX_POINT('',#5832);
#1791=VERTEX_POINT('',#5835);
#1792=VERTEX_POINT('',#5837);
#1793=VERTEX_POINT('',#5840);
#1794=VERTEX_POINT('',#5842);
#1795=VERTEX_POINT('',#5845);
#1796=VERTEX_POINT('',#5847);
#1797=VERTEX_POINT('',#5850);
#1798=VERTEX_POINT('',#5852);
#1799=VERTEX_POINT('',#5855);
#1800=VERTEX_POINT('',#5857);
#1801=VERTEX_POINT('',#5860);
#1802=VERTEX_POINT('',#5862);
#1803=VERTEX_POINT('',#5865);
#1804=VERTEX_POINT('',#5867);
#1805=VERTEX_POINT('',#5870);
#1806=VERTEX_POINT('',#5872);
#1807=VERTEX_POINT('',#5875);
#1808=VERTEX_POINT('',#5877);
#1809=VERTEX_POINT('',#5880);
#1810=VERTEX_POINT('',#5882);
#1811=VERTEX_POINT('',#5885);
#1812=VERTEX_POINT('',#5887);
#1813=VERTEX_POINT('',#5890);
#1814=VERTEX_POINT('',#5892);
#1815=VERTEX_POINT('',#5895);
#1816=VERTEX_POINT('',#5897);
#1817=VERTEX_POINT('',#5900);
#1818=VERTEX_POINT('',#5902);
#1819=VERTEX_POINT('',#5905);
#1820=VERTEX_POINT('',#5907);
#1821=VERTEX_POINT('',#5910);
#1822=VERTEX_POINT('',#5912);
#1823=VERTEX_POINT('',#5915);
#1824=VERTEX_POINT('',#5917);
#1825=VERTEX_POINT('',#5920);
#1826=VERTEX_POINT('',#5922);
#1827=VERTEX_POINT('',#5925);
#1828=VERTEX_POINT('',#5927);
#1829=VERTEX_POINT('',#5930);
#1830=VERTEX_POINT('',#5932);
#1831=VERTEX_POINT('',#5935);
#1832=VERTEX_POINT('',#5937);
#1833=VERTEX_POINT('',#5940);
#1834=VERTEX_POINT('',#5942);
#1835=VERTEX_POINT('',#5945);
#1836=VERTEX_POINT('',#5947);
#1837=VERTEX_POINT('',#5950);
#1838=VERTEX_POINT('',#5952);
#1839=VERTEX_POINT('',#5955);
#1840=VERTEX_POINT('',#5957);
#1841=VERTEX_POINT('',#5960);
#1842=VERTEX_POINT('',#5962);
#1843=VERTEX_POINT('',#5965);
#1844=VERTEX_POINT('',#5967);
#1845=VERTEX_POINT('',#5970);
#1846=VERTEX_POINT('',#5972);
#1847=VERTEX_POINT('',#5975);
#1848=VERTEX_POINT('',#5977);
#1849=VERTEX_POINT('',#5980);
#1850=VERTEX_POINT('',#5982);
#1851=VERTEX_POINT('',#5985);
#1852=VERTEX_POINT('',#5987);
#1853=VERTEX_POINT('',#5990);
#1854=VERTEX_POINT('',#5992);
#1855=VERTEX_POINT('',#5995);
#1856=VERTEX_POINT('',#5997);
#1857=VERTEX_POINT('',#6000);
#1858=VERTEX_POINT('',#6002);
#1859=VERTEX_POINT('',#6005);
#1860=VERTEX_POINT('',#6007);
#1861=VERTEX_POINT('',#6010);
#1862=VERTEX_POINT('',#6012);
#1863=VERTEX_POINT('',#6015);
#1864=VERTEX_POINT('',#6017);
#1865=VERTEX_POINT('',#6021);
#1866=VERTEX_POINT('',#6022);
#1867=VERTEX_POINT('',#6024);
#1868=VERTEX_POINT('',#6026);
#1869=VERTEX_POINT('',#6030);
#1870=VERTEX_POINT('',#6032);
#1871=VERTEX_POINT('',#6036);
#1872=VERTEX_POINT('',#6038);
#1873=VERTEX_POINT('',#6042);
#1874=VERTEX_POINT('',#6044);
#1875=VERTEX_POINT('',#6051);
#1876=VERTEX_POINT('',#6053);
#1877=VERTEX_POINT('',#6057);
#1878=VERTEX_POINT('',#6059);
#1879=VERTEX_POINT('',#6063);
#1880=VERTEX_POINT('',#6065);
#1881=VERTEX_POINT('',#6069);
#1882=VERTEX_POINT('',#6071);
#1883=VERTEX_POINT('',#6075);
#1884=VERTEX_POINT('',#6077);
#1885=VERTEX_POINT('',#6081);
#1886=VERTEX_POINT('',#6083);
#1887=VERTEX_POINT('',#6087);
#1888=VERTEX_POINT('',#6089);
#1889=VERTEX_POINT('',#6093);
#1890=VERTEX_POINT('',#6095);
#1891=VERTEX_POINT('',#6102);
#1892=VERTEX_POINT('',#6104);
#1893=VERTEX_POINT('',#6108);
#1894=VERTEX_POINT('',#6110);
#1895=VERTEX_POINT('',#6114);
#1896=VERTEX_POINT('',#6116);
#1897=EDGE_CURVE('',#1537,#1538,#1361,.T.);
#1898=EDGE_CURVE('',#1538,#1539,#633,.T.);
#1899=EDGE_CURVE('',#1540,#1539,#1362,.T.);
#1900=EDGE_CURVE('',#1537,#1540,#634,.T.);
#1901=EDGE_CURVE('',#1541,#1542,#1363,.T.);
#1902=EDGE_CURVE('',#1542,#1543,#635,.T.);
#1903=EDGE_CURVE('',#1544,#1543,#1364,.T.);
#1904=EDGE_CURVE('',#1541,#1544,#636,.T.);
#1905=EDGE_CURVE('',#1545,#1546,#1365,.T.);
#1906=EDGE_CURVE('',#1546,#1547,#637,.T.);
#1907=EDGE_CURVE('',#1548,#1547,#1366,.T.);
#1908=EDGE_CURVE('',#1545,#1548,#638,.T.);
#1909=EDGE_CURVE('',#1549,#1550,#1367,.T.);
#1910=EDGE_CURVE('',#1550,#1551,#639,.T.);
#1911=EDGE_CURVE('',#1552,#1551,#1368,.T.);
#1912=EDGE_CURVE('',#1549,#1552,#640,.T.);
#1913=EDGE_CURVE('',#1553,#1554,#1369,.T.);
#1914=EDGE_CURVE('',#1554,#1555,#641,.T.);
#1915=EDGE_CURVE('',#1556,#1555,#1370,.T.);
#1916=EDGE_CURVE('',#1553,#1556,#642,.T.);
#1917=EDGE_CURVE('',#1557,#1558,#1371,.T.);
#1918=EDGE_CURVE('',#1558,#1559,#643,.T.);
#1919=EDGE_CURVE('',#1560,#1559,#1372,.T.);
#1920=EDGE_CURVE('',#1557,#1560,#644,.T.);
#1921=EDGE_CURVE('',#1561,#1562,#1373,.T.);
#1922=EDGE_CURVE('',#1562,#1563,#645,.T.);
#1923=EDGE_CURVE('',#1564,#1563,#1374,.T.);
#1924=EDGE_CURVE('',#1561,#1564,#646,.T.);
#1925=EDGE_CURVE('',#1565,#1566,#1375,.T.);
#1926=EDGE_CURVE('',#1566,#1567,#647,.T.);
#1927=EDGE_CURVE('',#1568,#1567,#1376,.T.);
#1928=EDGE_CURVE('',#1565,#1568,#648,.T.);
#1929=EDGE_CURVE('',#1569,#1570,#1377,.T.);
#1930=EDGE_CURVE('',#1570,#1571,#649,.T.);
#1931=EDGE_CURVE('',#1572,#1571,#1378,.T.);
#1932=EDGE_CURVE('',#1569,#1572,#650,.T.);
#1933=EDGE_CURVE('',#1573,#1574,#1379,.T.);
#1934=EDGE_CURVE('',#1574,#1575,#651,.T.);
#1935=EDGE_CURVE('',#1576,#1575,#1380,.T.);
#1936=EDGE_CURVE('',#1573,#1576,#652,.T.);
#1937=EDGE_CURVE('',#1577,#1578,#1381,.T.);
#1938=EDGE_CURVE('',#1578,#1579,#653,.T.);
#1939=EDGE_CURVE('',#1580,#1579,#1382,.T.);
#1940=EDGE_CURVE('',#1577,#1580,#654,.T.);
#1941=EDGE_CURVE('',#1581,#1582,#1383,.T.);
#1942=EDGE_CURVE('',#1582,#1583,#655,.T.);
#1943=EDGE_CURVE('',#1584,#1583,#1384,.T.);
#1944=EDGE_CURVE('',#1581,#1584,#656,.T.);
#1945=EDGE_CURVE('',#1585,#1586,#1385,.T.);
#1946=EDGE_CURVE('',#1586,#1587,#657,.T.);
#1947=EDGE_CURVE('',#1588,#1587,#1386,.T.);
#1948=EDGE_CURVE('',#1585,#1588,#658,.T.);
#1949=EDGE_CURVE('',#1589,#1590,#1387,.T.);
#1950=EDGE_CURVE('',#1590,#1591,#659,.T.);
#1951=EDGE_CURVE('',#1592,#1591,#1388,.T.);
#1952=EDGE_CURVE('',#1589,#1592,#660,.T.);
#1953=EDGE_CURVE('',#1593,#1594,#1389,.T.);
#1954=EDGE_CURVE('',#1594,#1595,#661,.T.);
#1955=EDGE_CURVE('',#1596,#1595,#1390,.T.);
#1956=EDGE_CURVE('',#1593,#1596,#662,.T.);
#1957=EDGE_CURVE('',#1597,#1598,#1391,.T.);
#1958=EDGE_CURVE('',#1598,#1599,#663,.T.);
#1959=EDGE_CURVE('',#1600,#1599,#1392,.T.);
#1960=EDGE_CURVE('',#1597,#1600,#664,.T.);
#1961=EDGE_CURVE('',#1601,#1602,#1393,.T.);
#1962=EDGE_CURVE('',#1602,#1603,#665,.T.);
#1963=EDGE_CURVE('',#1604,#1603,#1394,.T.);
#1964=EDGE_CURVE('',#1601,#1604,#666,.T.);
#1965=EDGE_CURVE('',#1605,#1606,#1395,.T.);
#1966=EDGE_CURVE('',#1606,#1607,#667,.T.);
#1967=EDGE_CURVE('',#1608,#1607,#1396,.T.);
#1968=EDGE_CURVE('',#1605,#1608,#668,.T.);
#1969=EDGE_CURVE('',#1609,#1610,#1397,.T.);
#1970=EDGE_CURVE('',#1610,#1611,#669,.T.);
#1971=EDGE_CURVE('',#1612,#1611,#1398,.T.);
#1972=EDGE_CURVE('',#1609,#1612,#670,.T.);
#1973=EDGE_CURVE('',#1613,#1614,#1399,.T.);
#1974=EDGE_CURVE('',#1614,#1615,#671,.T.);
#1975=EDGE_CURVE('',#1616,#1615,#1400,.T.);
#1976=EDGE_CURVE('',#1613,#1616,#672,.T.);
#1977=EDGE_CURVE('',#1617,#1618,#1401,.T.);
#1978=EDGE_CURVE('',#1618,#1619,#673,.T.);
#1979=EDGE_CURVE('',#1620,#1619,#1402,.T.);
#1980=EDGE_CURVE('',#1617,#1620,#674,.T.);
#1981=EDGE_CURVE('',#1621,#1622,#1403,.T.);
#1982=EDGE_CURVE('',#1622,#1623,#675,.T.);
#1983=EDGE_CURVE('',#1624,#1623,#1404,.T.);
#1984=EDGE_CURVE('',#1621,#1624,#676,.T.);
#1985=EDGE_CURVE('',#1625,#1626,#1405,.T.);
#1986=EDGE_CURVE('',#1626,#1627,#677,.T.);
#1987=EDGE_CURVE('',#1628,#1627,#1406,.T.);
#1988=EDGE_CURVE('',#1625,#1628,#678,.T.);
#1989=EDGE_CURVE('',#1629,#1630,#1407,.T.);
#1990=EDGE_CURVE('',#1630,#1631,#679,.T.);
#1991=EDGE_CURVE('',#1632,#1631,#1408,.T.);
#1992=EDGE_CURVE('',#1629,#1632,#680,.T.);
#1993=EDGE_CURVE('',#1633,#1634,#1409,.T.);
#1994=EDGE_CURVE('',#1634,#1635,#681,.T.);
#1995=EDGE_CURVE('',#1636,#1635,#1410,.T.);
#1996=EDGE_CURVE('',#1633,#1636,#682,.T.);
#1997=EDGE_CURVE('',#1637,#1638,#1411,.T.);
#1998=EDGE_CURVE('',#1638,#1639,#683,.T.);
#1999=EDGE_CURVE('',#1640,#1639,#1412,.T.);
#2000=EDGE_CURVE('',#1637,#1640,#684,.T.);
#2001=EDGE_CURVE('',#1641,#1642,#1413,.T.);
#2002=EDGE_CURVE('',#1642,#1643,#685,.T.);
#2003=EDGE_CURVE('',#1644,#1643,#1414,.T.);
#2004=EDGE_CURVE('',#1641,#1644,#686,.T.);
#2005=EDGE_CURVE('',#1645,#1646,#1415,.T.);
#2006=EDGE_CURVE('',#1646,#1647,#687,.T.);
#2007=EDGE_CURVE('',#1648,#1647,#1416,.T.);
#2008=EDGE_CURVE('',#1645,#1648,#688,.T.);
#2009=EDGE_CURVE('',#1649,#1650,#1417,.T.);
#2010=EDGE_CURVE('',#1650,#1651,#689,.T.);
#2011=EDGE_CURVE('',#1652,#1651,#1418,.T.);
#2012=EDGE_CURVE('',#1649,#1652,#690,.T.);
#2013=EDGE_CURVE('',#1653,#1654,#1419,.T.);
#2014=EDGE_CURVE('',#1654,#1655,#691,.T.);
#2015=EDGE_CURVE('',#1656,#1655,#1420,.T.);
#2016=EDGE_CURVE('',#1653,#1656,#692,.T.);
#2017=EDGE_CURVE('',#1657,#1658,#1421,.T.);
#2018=EDGE_CURVE('',#1658,#1659,#693,.T.);
#2019=EDGE_CURVE('',#1660,#1659,#1422,.T.);
#2020=EDGE_CURVE('',#1657,#1660,#694,.T.);
#2021=EDGE_CURVE('',#1661,#1662,#1423,.T.);
#2022=EDGE_CURVE('',#1662,#1663,#695,.T.);
#2023=EDGE_CURVE('',#1664,#1663,#1424,.T.);
#2024=EDGE_CURVE('',#1661,#1664,#696,.T.);
#2025=EDGE_CURVE('',#1665,#1666,#1425,.T.);
#2026=EDGE_CURVE('',#1666,#1667,#697,.T.);
#2027=EDGE_CURVE('',#1668,#1667,#1426,.T.);
#2028=EDGE_CURVE('',#1665,#1668,#698,.T.);
#2029=EDGE_CURVE('',#1669,#1670,#1427,.T.);
#2030=EDGE_CURVE('',#1670,#1671,#699,.T.);
#2031=EDGE_CURVE('',#1672,#1671,#1428,.T.);
#2032=EDGE_CURVE('',#1669,#1672,#700,.T.);
#2033=EDGE_CURVE('',#1673,#1674,#1429,.T.);
#2034=EDGE_CURVE('',#1674,#1675,#701,.T.);
#2035=EDGE_CURVE('',#1676,#1675,#1430,.T.);
#2036=EDGE_CURVE('',#1673,#1676,#702,.T.);
#2037=EDGE_CURVE('',#1677,#1678,#1431,.T.);
#2038=EDGE_CURVE('',#1678,#1679,#703,.T.);
#2039=EDGE_CURVE('',#1680,#1679,#1432,.T.);
#2040=EDGE_CURVE('',#1677,#1680,#704,.T.);
#2041=EDGE_CURVE('',#1681,#1682,#1433,.T.);
#2042=EDGE_CURVE('',#1682,#1683,#705,.T.);
#2043=EDGE_CURVE('',#1684,#1683,#1434,.T.);
#2044=EDGE_CURVE('',#1681,#1684,#706,.T.);
#2045=EDGE_CURVE('',#1685,#1686,#1435,.T.);
#2046=EDGE_CURVE('',#1686,#1687,#707,.T.);
#2047=EDGE_CURVE('',#1688,#1687,#1436,.T.);
#2048=EDGE_CURVE('',#1685,#1688,#708,.T.);
#2049=EDGE_CURVE('',#1689,#1690,#1437,.T.);
#2050=EDGE_CURVE('',#1690,#1691,#709,.T.);
#2051=EDGE_CURVE('',#1692,#1691,#1438,.T.);
#2052=EDGE_CURVE('',#1689,#1692,#710,.T.);
#2053=EDGE_CURVE('',#1693,#1694,#1439,.T.);
#2054=EDGE_CURVE('',#1694,#1695,#711,.T.);
#2055=EDGE_CURVE('',#1696,#1695,#1440,.T.);
#2056=EDGE_CURVE('',#1693,#1696,#712,.T.);
#2057=EDGE_CURVE('',#1697,#1698,#713,.T.);
#2058=EDGE_CURVE('',#1699,#1698,#714,.T.);
#2059=EDGE_CURVE('',#1700,#1699,#715,.T.);
#2060=EDGE_CURVE('',#1700,#1697,#716,.T.);
#2061=EDGE_CURVE('',#1701,#1689,#717,.T.);
#2062=EDGE_CURVE('',#1702,#1701,#1441,.T.);
#2063=EDGE_CURVE('',#1690,#1702,#718,.T.);
#2064=EDGE_CURVE('',#1703,#1685,#719,.T.);
#2065=EDGE_CURVE('',#1704,#1703,#1442,.T.);
#2066=EDGE_CURVE('',#1686,#1704,#720,.T.);
#2067=EDGE_CURVE('',#1705,#1681,#721,.T.);
#2068=EDGE_CURVE('',#1706,#1705,#1443,.T.);
#2069=EDGE_CURVE('',#1682,#1706,#722,.T.);
#2070=EDGE_CURVE('',#1707,#1677,#723,.T.);
#2071=EDGE_CURVE('',#1708,#1707,#1444,.T.);
#2072=EDGE_CURVE('',#1678,#1708,#724,.T.);
#2073=EDGE_CURVE('',#1709,#1673,#725,.T.);
#2074=EDGE_CURVE('',#1710,#1709,#1445,.T.);
#2075=EDGE_CURVE('',#1674,#1710,#726,.T.);
#2076=EDGE_CURVE('',#1711,#1669,#727,.T.);
#2077=EDGE_CURVE('',#1712,#1711,#1446,.T.);
#2078=EDGE_CURVE('',#1670,#1712,#728,.T.);
#2079=EDGE_CURVE('',#1713,#1665,#729,.T.);
#2080=EDGE_CURVE('',#1714,#1713,#1447,.T.);
#2081=EDGE_CURVE('',#1666,#1714,#730,.T.);
#2082=EDGE_CURVE('',#1715,#1661,#731,.T.);
#2083=EDGE_CURVE('',#1716,#1715,#1448,.T.);
#2084=EDGE_CURVE('',#1662,#1716,#732,.T.);
#2085=EDGE_CURVE('',#1717,#1657,#733,.T.);
#2086=EDGE_CURVE('',#1718,#1717,#1449,.T.);
#2087=EDGE_CURVE('',#1658,#1718,#734,.T.);
#2088=EDGE_CURVE('',#1719,#1653,#735,.T.);
#2089=EDGE_CURVE('',#1720,#1719,#1450,.T.);
#2090=EDGE_CURVE('',#1654,#1720,#736,.T.);
#2091=EDGE_CURVE('',#1721,#1649,#737,.T.);
#2092=EDGE_CURVE('',#1722,#1721,#1451,.T.);
#2093=EDGE_CURVE('',#1650,#1722,#738,.T.);
#2094=EDGE_CURVE('',#1723,#1645,#739,.T.);
#2095=EDGE_CURVE('',#1724,#1723,#1452,.T.);
#2096=EDGE_CURVE('',#1646,#1724,#740,.T.);
#2097=EDGE_CURVE('',#1725,#1641,#741,.T.);
#2098=EDGE_CURVE('',#1726,#1725,#1453,.T.);
#2099=EDGE_CURVE('',#1642,#1726,#742,.T.);
#2100=EDGE_CURVE('',#1727,#1637,#743,.T.);
#2101=EDGE_CURVE('',#1728,#1727,#1454,.T.);
#2102=EDGE_CURVE('',#1638,#1728,#744,.T.);
#2103=EDGE_CURVE('',#1729,#1633,#745,.T.);
#2104=EDGE_CURVE('',#1730,#1729,#1455,.T.);
#2105=EDGE_CURVE('',#1634,#1730,#746,.T.);
#2106=EDGE_CURVE('',#1731,#1629,#747,.T.);
#2107=EDGE_CURVE('',#1732,#1731,#1456,.T.);
#2108=EDGE_CURVE('',#1630,#1732,#748,.T.);
#2109=EDGE_CURVE('',#1733,#1625,#749,.T.);
#2110=EDGE_CURVE('',#1734,#1733,#1457,.T.);
#2111=EDGE_CURVE('',#1626,#1734,#750,.T.);
#2112=EDGE_CURVE('',#1735,#1621,#751,.T.);
#2113=EDGE_CURVE('',#1736,#1735,#1458,.T.);
#2114=EDGE_CURVE('',#1622,#1736,#752,.T.);
#2115=EDGE_CURVE('',#1737,#1617,#753,.T.);
#2116=EDGE_CURVE('',#1738,#1737,#1459,.T.);
#2117=EDGE_CURVE('',#1618,#1738,#754,.T.);
#2118=EDGE_CURVE('',#1739,#1613,#755,.T.);
#2119=EDGE_CURVE('',#1740,#1739,#1460,.T.);
#2120=EDGE_CURVE('',#1614,#1740,#756,.T.);
#2121=EDGE_CURVE('',#1741,#1609,#757,.T.);
#2122=EDGE_CURVE('',#1742,#1741,#1461,.T.);
#2123=EDGE_CURVE('',#1610,#1742,#758,.T.);
#2124=EDGE_CURVE('',#1743,#1605,#759,.T.);
#2125=EDGE_CURVE('',#1744,#1743,#1462,.T.);
#2126=EDGE_CURVE('',#1606,#1744,#760,.T.);
#2127=EDGE_CURVE('',#1745,#1601,#761,.T.);
#2128=EDGE_CURVE('',#1746,#1745,#1463,.T.);
#2129=EDGE_CURVE('',#1602,#1746,#762,.T.);
#2130=EDGE_CURVE('',#1747,#1597,#763,.T.);
#2131=EDGE_CURVE('',#1748,#1747,#1464,.T.);
#2132=EDGE_CURVE('',#1598,#1748,#764,.T.);
#2133=EDGE_CURVE('',#1749,#1593,#765,.T.);
#2134=EDGE_CURVE('',#1750,#1749,#1465,.T.);
#2135=EDGE_CURVE('',#1594,#1750,#766,.T.);
#2136=EDGE_CURVE('',#1751,#1589,#767,.T.);
#2137=EDGE_CURVE('',#1752,#1751,#1466,.T.);
#2138=EDGE_CURVE('',#1590,#1752,#768,.T.);
#2139=EDGE_CURVE('',#1753,#1585,#769,.T.);
#2140=EDGE_CURVE('',#1754,#1753,#1467,.T.);
#2141=EDGE_CURVE('',#1586,#1754,#770,.T.);
#2142=EDGE_CURVE('',#1755,#1581,#771,.T.);
#2143=EDGE_CURVE('',#1756,#1755,#1468,.T.);
#2144=EDGE_CURVE('',#1582,#1756,#772,.T.);
#2145=EDGE_CURVE('',#1757,#1577,#773,.T.);
#2146=EDGE_CURVE('',#1758,#1757,#1469,.T.);
#2147=EDGE_CURVE('',#1578,#1758,#774,.T.);
#2148=EDGE_CURVE('',#1759,#1573,#775,.T.);
#2149=EDGE_CURVE('',#1760,#1759,#1470,.T.);
#2150=EDGE_CURVE('',#1574,#1760,#776,.T.);
#2151=EDGE_CURVE('',#1761,#1569,#777,.T.);
#2152=EDGE_CURVE('',#1762,#1761,#1471,.T.);
#2153=EDGE_CURVE('',#1570,#1762,#778,.T.);
#2154=EDGE_CURVE('',#1763,#1565,#779,.T.);
#2155=EDGE_CURVE('',#1764,#1763,#1472,.T.);
#2156=EDGE_CURVE('',#1566,#1764,#780,.T.);
#2157=EDGE_CURVE('',#1765,#1561,#781,.T.);
#2158=EDGE_CURVE('',#1766,#1765,#1473,.T.);
#2159=EDGE_CURVE('',#1562,#1766,#782,.T.);
#2160=EDGE_CURVE('',#1767,#1557,#783,.T.);
#2161=EDGE_CURVE('',#1768,#1767,#1474,.T.);
#2162=EDGE_CURVE('',#1558,#1768,#784,.T.);
#2163=EDGE_CURVE('',#1769,#1553,#785,.T.);
#2164=EDGE_CURVE('',#1770,#1769,#1475,.T.);
#2165=EDGE_CURVE('',#1554,#1770,#786,.T.);
#2166=EDGE_CURVE('',#1771,#1549,#787,.T.);
#2167=EDGE_CURVE('',#1772,#1771,#1476,.T.);
#2168=EDGE_CURVE('',#1550,#1772,#788,.T.);
#2169=EDGE_CURVE('',#1773,#1545,#789,.T.);
#2170=EDGE_CURVE('',#1774,#1773,#1477,.T.);
#2171=EDGE_CURVE('',#1546,#1774,#790,.T.);
#2172=EDGE_CURVE('',#1775,#1541,#791,.T.);
#2173=EDGE_CURVE('',#1776,#1775,#1478,.T.);
#2174=EDGE_CURVE('',#1542,#1776,#792,.T.);
#2175=EDGE_CURVE('',#1777,#1537,#793,.T.);
#2176=EDGE_CURVE('',#1778,#1777,#1479,.T.);
#2177=EDGE_CURVE('',#1538,#1778,#794,.T.);
#2178=EDGE_CURVE('',#1779,#1693,#795,.T.);
#2179=EDGE_CURVE('',#1780,#1779,#1480,.T.);
#2180=EDGE_CURVE('',#1694,#1780,#796,.T.);
#2181=EDGE_CURVE('',#1781,#1782,#797,.T.);
#2182=EDGE_CURVE('',#1783,#1782,#798,.T.);
#2183=EDGE_CURVE('',#1784,#1783,#799,.T.);
#2184=EDGE_CURVE('',#1784,#1781,#800,.T.);
#2185=EDGE_CURVE('',#1691,#1785,#801,.T.);
#2186=EDGE_CURVE('',#1785,#1786,#1481,.T.);
#2187=EDGE_CURVE('',#1786,#1692,#802,.T.);
#2188=EDGE_CURVE('',#1687,#1787,#803,.T.);
#2189=EDGE_CURVE('',#1787,#1788,#1482,.T.);
#2190=EDGE_CURVE('',#1788,#1688,#804,.T.);
#2191=EDGE_CURVE('',#1683,#1789,#805,.T.);
#2192=EDGE_CURVE('',#1789,#1790,#1483,.T.);
#2193=EDGE_CURVE('',#1790,#1684,#806,.T.);
#2194=EDGE_CURVE('',#1679,#1791,#807,.T.);
#2195=EDGE_CURVE('',#1791,#1792,#1484,.T.);
#2196=EDGE_CURVE('',#1792,#1680,#808,.T.);
#2197=EDGE_CURVE('',#1675,#1793,#809,.T.);
#2198=EDGE_CURVE('',#1793,#1794,#1485,.T.);
#2199=EDGE_CURVE('',#1794,#1676,#810,.T.);
#2200=EDGE_CURVE('',#1671,#1795,#811,.T.);
#2201=EDGE_CURVE('',#1795,#1796,#1486,.T.);
#2202=EDGE_CURVE('',#1796,#1672,#812,.T.);
#2203=EDGE_CURVE('',#1667,#1797,#813,.T.);
#2204=EDGE_CURVE('',#1797,#1798,#1487,.T.);
#2205=EDGE_CURVE('',#1798,#1668,#814,.T.);
#2206=EDGE_CURVE('',#1663,#1799,#815,.T.);
#2207=EDGE_CURVE('',#1799,#1800,#1488,.T.);
#2208=EDGE_CURVE('',#1800,#1664,#816,.T.);
#2209=EDGE_CURVE('',#1659,#1801,#817,.T.);
#2210=EDGE_CURVE('',#1801,#1802,#1489,.T.);
#2211=EDGE_CURVE('',#1802,#1660,#818,.T.);
#2212=EDGE_CURVE('',#1655,#1803,#819,.T.);
#2213=EDGE_CURVE('',#1803,#1804,#1490,.T.);
#2214=EDGE_CURVE('',#1804,#1656,#820,.T.);
#2215=EDGE_CURVE('',#1651,#1805,#821,.T.);
#2216=EDGE_CURVE('',#1805,#1806,#1491,.T.);
#2217=EDGE_CURVE('',#1806,#1652,#822,.T.);
#2218=EDGE_CURVE('',#1647,#1807,#823,.T.);
#2219=EDGE_CURVE('',#1807,#1808,#1492,.T.);
#2220=EDGE_CURVE('',#1808,#1648,#824,.T.);
#2221=EDGE_CURVE('',#1643,#1809,#825,.T.);
#2222=EDGE_CURVE('',#1809,#1810,#1493,.T.);
#2223=EDGE_CURVE('',#1810,#1644,#826,.T.);
#2224=EDGE_CURVE('',#1639,#1811,#827,.T.);
#2225=EDGE_CURVE('',#1811,#1812,#1494,.T.);
#2226=EDGE_CURVE('',#1812,#1640,#828,.T.);
#2227=EDGE_CURVE('',#1635,#1813,#829,.T.);
#2228=EDGE_CURVE('',#1813,#1814,#1495,.T.);
#2229=EDGE_CURVE('',#1814,#1636,#830,.T.);
#2230=EDGE_CURVE('',#1631,#1815,#831,.T.);
#2231=EDGE_CURVE('',#1815,#1816,#1496,.T.);
#2232=EDGE_CURVE('',#1816,#1632,#832,.T.);
#2233=EDGE_CURVE('',#1627,#1817,#833,.T.);
#2234=EDGE_CURVE('',#1817,#1818,#1497,.T.);
#2235=EDGE_CURVE('',#1818,#1628,#834,.T.);
#2236=EDGE_CURVE('',#1623,#1819,#835,.T.);
#2237=EDGE_CURVE('',#1819,#1820,#1498,.T.);
#2238=EDGE_CURVE('',#1820,#1624,#836,.T.);
#2239=EDGE_CURVE('',#1619,#1821,#837,.T.);
#2240=EDGE_CURVE('',#1821,#1822,#1499,.T.);
#2241=EDGE_CURVE('',#1822,#1620,#838,.T.);
#2242=EDGE_CURVE('',#1615,#1823,#839,.T.);
#2243=EDGE_CURVE('',#1823,#1824,#1500,.T.);
#2244=EDGE_CURVE('',#1824,#1616,#840,.T.);
#2245=EDGE_CURVE('',#1611,#1825,#841,.T.);
#2246=EDGE_CURVE('',#1825,#1826,#1501,.T.);
#2247=EDGE_CURVE('',#1826,#1612,#842,.T.);
#2248=EDGE_CURVE('',#1607,#1827,#843,.T.);
#2249=EDGE_CURVE('',#1827,#1828,#1502,.T.);
#2250=EDGE_CURVE('',#1828,#1608,#844,.T.);
#2251=EDGE_CURVE('',#1603,#1829,#845,.T.);
#2252=EDGE_CURVE('',#1829,#1830,#1503,.T.);
#2253=EDGE_CURVE('',#1830,#1604,#846,.T.);
#2254=EDGE_CURVE('',#1599,#1831,#847,.T.);
#2255=EDGE_CURVE('',#1831,#1832,#1504,.T.);
#2256=EDGE_CURVE('',#1832,#1600,#848,.T.);
#2257=EDGE_CURVE('',#1595,#1833,#849,.T.);
#2258=EDGE_CURVE('',#1833,#1834,#1505,.T.);
#2259=EDGE_CURVE('',#1834,#1596,#850,.T.);
#2260=EDGE_CURVE('',#1591,#1835,#851,.T.);
#2261=EDGE_CURVE('',#1835,#1836,#1506,.T.);
#2262=EDGE_CURVE('',#1836,#1592,#852,.T.);
#2263=EDGE_CURVE('',#1587,#1837,#853,.T.);
#2264=EDGE_CURVE('',#1837,#1838,#1507,.T.);
#2265=EDGE_CURVE('',#1838,#1588,#854,.T.);
#2266=EDGE_CURVE('',#1583,#1839,#855,.T.);
#2267=EDGE_CURVE('',#1839,#1840,#1508,.T.);
#2268=EDGE_CURVE('',#1840,#1584,#856,.T.);
#2269=EDGE_CURVE('',#1579,#1841,#857,.T.);
#2270=EDGE_CURVE('',#1841,#1842,#1509,.T.);
#2271=EDGE_CURVE('',#1842,#1580,#858,.T.);
#2272=EDGE_CURVE('',#1575,#1843,#859,.T.);
#2273=EDGE_CURVE('',#1843,#1844,#1510,.T.);
#2274=EDGE_CURVE('',#1844,#1576,#860,.T.);
#2275=EDGE_CURVE('',#1571,#1845,#861,.T.);
#2276=EDGE_CURVE('',#1845,#1846,#1511,.T.);
#2277=EDGE_CURVE('',#1846,#1572,#862,.T.);
#2278=EDGE_CURVE('',#1567,#1847,#863,.T.);
#2279=EDGE_CURVE('',#1847,#1848,#1512,.T.);
#2280=EDGE_CURVE('',#1848,#1568,#864,.T.);
#2281=EDGE_CURVE('',#1563,#1849,#865,.T.);
#2282=EDGE_CURVE('',#1849,#1850,#1513,.T.);
#2283=EDGE_CURVE('',#1850,#1564,#866,.T.);
#2284=EDGE_CURVE('',#1559,#1851,#867,.T.);
#2285=EDGE_CURVE('',#1851,#1852,#1514,.T.);
#2286=EDGE_CURVE('',#1852,#1560,#868,.T.);
#2287=EDGE_CURVE('',#1555,#1853,#869,.T.);
#2288=EDGE_CURVE('',#1853,#1854,#1515,.T.);
#2289=EDGE_CURVE('',#1854,#1556,#870,.T.);
#2290=EDGE_CURVE('',#1551,#1855,#871,.T.);
#2291=EDGE_CURVE('',#1855,#1856,#1516,.T.);
#2292=EDGE_CURVE('',#1856,#1552,#872,.T.);
#2293=EDGE_CURVE('',#1547,#1857,#873,.T.);
#2294=EDGE_CURVE('',#1857,#1858,#1517,.T.);
#2295=EDGE_CURVE('',#1858,#1548,#874,.T.);
#2296=EDGE_CURVE('',#1543,#1859,#875,.T.);
#2297=EDGE_CURVE('',#1859,#1860,#1518,.T.);
#2298=EDGE_CURVE('',#1860,#1544,#876,.T.);
#2299=EDGE_CURVE('',#1539,#1861,#877,.T.);
#2300=EDGE_CURVE('',#1861,#1862,#1519,.T.);
#2301=EDGE_CURVE('',#1862,#1540,#878,.T.);
#2302=EDGE_CURVE('',#1695,#1863,#879,.T.);
#2303=EDGE_CURVE('',#1863,#1864,#1520,.T.);
#2304=EDGE_CURVE('',#1864,#1696,#880,.T.);
#2305=EDGE_CURVE('',#1865,#1866,#881,.T.);
#2306=EDGE_CURVE('',#1867,#1866,#882,.T.);
#2307=EDGE_CURVE('',#1868,#1867,#883,.T.);
#2308=EDGE_CURVE('',#1868,#1865,#884,.T.);
#2309=EDGE_CURVE('',#1866,#1869,#885,.T.);
#2310=EDGE_CURVE('',#1870,#1869,#886,.T.);
#2311=EDGE_CURVE('',#1867,#1870,#887,.T.);
#2312=EDGE_CURVE('',#1869,#1871,#1521,.T.);
#2313=EDGE_CURVE('',#1872,#1871,#888,.T.);
#2314=EDGE_CURVE('',#1870,#1872,#1522,.T.);
#2315=EDGE_CURVE('',#1871,#1873,#889,.T.);
#2316=EDGE_CURVE('',#1874,#1873,#890,.T.);
#2317=EDGE_CURVE('',#1872,#1874,#891,.T.);
#2318=EDGE_CURVE('',#1873,#1697,#1523,.T.);
#2319=EDGE_CURVE('',#1874,#1700,#1524,.T.);
#2320=EDGE_CURVE('',#1698,#1875,#1525,.T.);
#2321=EDGE_CURVE('',#1876,#1875,#892,.T.);
#2322=EDGE_CURVE('',#1699,#1876,#1526,.T.);
#2323=EDGE_CURVE('',#1875,#1877,#893,.T.);
#2324=EDGE_CURVE('',#1878,#1877,#894,.T.);
#2325=EDGE_CURVE('',#1876,#1878,#895,.T.);
#2326=EDGE_CURVE('',#1877,#1879,#1527,.T.);
#2327=EDGE_CURVE('',#1880,#1879,#896,.T.);
#2328=EDGE_CURVE('',#1878,#1880,#1528,.T.);
#2329=EDGE_CURVE('',#1879,#1881,#897,.T.);
#2330=EDGE_CURVE('',#1882,#1881,#898,.T.);
#2331=EDGE_CURVE('',#1880,#1882,#899,.T.);
#2332=EDGE_CURVE('',#1881,#1883,#900,.T.);
#2333=EDGE_CURVE('',#1884,#1883,#901,.T.);
#2334=EDGE_CURVE('',#1882,#1884,#902,.T.);
#2335=EDGE_CURVE('',#1883,#1885,#903,.T.);
#2336=EDGE_CURVE('',#1886,#1885,#904,.T.);
#2337=EDGE_CURVE('',#1884,#1886,#905,.T.);
#2338=EDGE_CURVE('',#1885,#1887,#1529,.T.);
#2339=EDGE_CURVE('',#1888,#1887,#906,.T.);
#2340=EDGE_CURVE('',#1886,#1888,#1530,.T.);
#2341=EDGE_CURVE('',#1887,#1889,#907,.T.);
#2342=EDGE_CURVE('',#1890,#1889,#908,.T.);
#2343=EDGE_CURVE('',#1888,#1890,#909,.T.);
#2344=EDGE_CURVE('',#1889,#1781,#1531,.T.);
#2345=EDGE_CURVE('',#1890,#1784,#1532,.T.);
#2346=EDGE_CURVE('',#1782,#1891,#1533,.T.);
#2347=EDGE_CURVE('',#1892,#1891,#910,.T.);
#2348=EDGE_CURVE('',#1783,#1892,#1534,.T.);
#2349=EDGE_CURVE('',#1891,#1893,#911,.T.);
#2350=EDGE_CURVE('',#1894,#1893,#912,.T.);
#2351=EDGE_CURVE('',#1892,#1894,#913,.T.);
#2352=EDGE_CURVE('',#1893,#1895,#1535,.T.);
#2353=EDGE_CURVE('',#1896,#1895,#914,.T.);
#2354=EDGE_CURVE('',#1894,#1896,#1536,.T.);
#2355=EDGE_CURVE('',#1895,#1865,#915,.T.);
#2356=EDGE_CURVE('',#1896,#1868,#916,.T.);
#2357=EDGE_CURVE('',#1780,#1863,#917,.T.);
#2358=EDGE_CURVE('',#1779,#1864,#918,.T.);
#2359=EDGE_CURVE('',#1701,#1786,#919,.T.);
#2360=EDGE_CURVE('',#1702,#1785,#920,.T.);
#2361=EDGE_CURVE('',#1703,#1788,#921,.T.);
#2362=EDGE_CURVE('',#1704,#1787,#922,.T.);
#2363=EDGE_CURVE('',#1705,#1790,#923,.T.);
#2364=EDGE_CURVE('',#1706,#1789,#924,.T.);
#2365=EDGE_CURVE('',#1707,#1792,#925,.T.);
#2366=EDGE_CURVE('',#1708,#1791,#926,.T.);
#2367=EDGE_CURVE('',#1709,#1794,#927,.T.);
#2368=EDGE_CURVE('',#1710,#1793,#928,.T.);
#2369=EDGE_CURVE('',#1711,#1796,#929,.T.);
#2370=EDGE_CURVE('',#1712,#1795,#930,.T.);
#2371=EDGE_CURVE('',#1713,#1798,#931,.T.);
#2372=EDGE_CURVE('',#1714,#1797,#932,.T.);
#2373=EDGE_CURVE('',#1715,#1800,#933,.T.);
#2374=EDGE_CURVE('',#1716,#1799,#934,.T.);
#2375=EDGE_CURVE('',#1717,#1802,#935,.T.);
#2376=EDGE_CURVE('',#1718,#1801,#936,.T.);
#2377=EDGE_CURVE('',#1719,#1804,#937,.T.);
#2378=EDGE_CURVE('',#1720,#1803,#938,.T.);
#2379=EDGE_CURVE('',#1721,#1806,#939,.T.);
#2380=EDGE_CURVE('',#1722,#1805,#940,.T.);
#2381=EDGE_CURVE('',#1723,#1808,#941,.T.);
#2382=EDGE_CURVE('',#1724,#1807,#942,.T.);
#2383=EDGE_CURVE('',#1725,#1810,#943,.T.);
#2384=EDGE_CURVE('',#1726,#1809,#944,.T.);
#2385=EDGE_CURVE('',#1727,#1812,#945,.T.);
#2386=EDGE_CURVE('',#1728,#1811,#946,.T.);
#2387=EDGE_CURVE('',#1729,#1814,#947,.T.);
#2388=EDGE_CURVE('',#1730,#1813,#948,.T.);
#2389=EDGE_CURVE('',#1731,#1816,#949,.T.);
#2390=EDGE_CURVE('',#1732,#1815,#950,.T.);
#2391=EDGE_CURVE('',#1733,#1818,#951,.T.);
#2392=EDGE_CURVE('',#1734,#1817,#952,.T.);
#2393=EDGE_CURVE('',#1735,#1820,#953,.T.);
#2394=EDGE_CURVE('',#1736,#1819,#954,.T.);
#2395=EDGE_CURVE('',#1737,#1822,#955,.T.);
#2396=EDGE_CURVE('',#1738,#1821,#956,.T.);
#2397=EDGE_CURVE('',#1739,#1824,#957,.T.);
#2398=EDGE_CURVE('',#1740,#1823,#958,.T.);
#2399=EDGE_CURVE('',#1741,#1826,#959,.T.);
#2400=EDGE_CURVE('',#1742,#1825,#960,.T.);
#2401=EDGE_CURVE('',#1743,#1828,#961,.T.);
#2402=EDGE_CURVE('',#1744,#1827,#962,.T.);
#2403=EDGE_CURVE('',#1745,#1830,#963,.T.);
#2404=EDGE_CURVE('',#1746,#1829,#964,.T.);
#2405=EDGE_CURVE('',#1747,#1832,#965,.T.);
#2406=EDGE_CURVE('',#1748,#1831,#966,.T.);
#2407=EDGE_CURVE('',#1749,#1834,#967,.T.);
#2408=EDGE_CURVE('',#1750,#1833,#968,.T.);
#2409=EDGE_CURVE('',#1751,#1836,#969,.T.);
#2410=EDGE_CURVE('',#1752,#1835,#970,.T.);
#2411=EDGE_CURVE('',#1753,#1838,#971,.T.);
#2412=EDGE_CURVE('',#1754,#1837,#972,.T.);
#2413=EDGE_CURVE('',#1755,#1840,#973,.T.);
#2414=EDGE_CURVE('',#1756,#1839,#974,.T.);
#2415=EDGE_CURVE('',#1757,#1842,#975,.T.);
#2416=EDGE_CURVE('',#1758,#1841,#976,.T.);
#2417=EDGE_CURVE('',#1759,#1844,#977,.T.);
#2418=EDGE_CURVE('',#1760,#1843,#978,.T.);
#2419=EDGE_CURVE('',#1761,#1846,#979,.T.);
#2420=EDGE_CURVE('',#1762,#1845,#980,.T.);
#2421=EDGE_CURVE('',#1763,#1848,#981,.T.);
#2422=EDGE_CURVE('',#1764,#1847,#982,.T.);
#2423=EDGE_CURVE('',#1765,#1850,#983,.T.);
#2424=EDGE_CURVE('',#1766,#1849,#984,.T.);
#2425=EDGE_CURVE('',#1767,#1852,#985,.T.);
#2426=EDGE_CURVE('',#1768,#1851,#986,.T.);
#2427=EDGE_CURVE('',#1769,#1854,#987,.T.);
#2428=EDGE_CURVE('',#1770,#1853,#988,.T.);
#2429=EDGE_CURVE('',#1771,#1856,#989,.T.);
#2430=EDGE_CURVE('',#1772,#1855,#990,.T.);
#2431=EDGE_CURVE('',#1773,#1858,#991,.T.);
#2432=EDGE_CURVE('',#1774,#1857,#992,.T.);
#2433=EDGE_CURVE('',#1775,#1860,#993,.T.);
#2434=EDGE_CURVE('',#1776,#1859,#994,.T.);
#2435=EDGE_CURVE('',#1777,#1862,#995,.T.);
#2436=EDGE_CURVE('',#1778,#1861,#996,.T.);
#2437=ORIENTED_EDGE('',*,*,#1897,.T.);
#2438=ORIENTED_EDGE('',*,*,#1898,.T.);
#2439=ORIENTED_EDGE('',*,*,#1899,.F.);
#2440=ORIENTED_EDGE('',*,*,#1900,.F.);
#2441=ORIENTED_EDGE('',*,*,#1901,.T.);
#2442=ORIENTED_EDGE('',*,*,#1902,.T.);
#2443=ORIENTED_EDGE('',*,*,#1903,.F.);
#2444=ORIENTED_EDGE('',*,*,#1904,.F.);
#2445=ORIENTED_EDGE('',*,*,#1905,.T.);
#2446=ORIENTED_EDGE('',*,*,#1906,.T.);
#2447=ORIENTED_EDGE('',*,*,#1907,.F.);
#2448=ORIENTED_EDGE('',*,*,#1908,.F.);
#2449=ORIENTED_EDGE('',*,*,#1909,.T.);
#2450=ORIENTED_EDGE('',*,*,#1910,.T.);
#2451=ORIENTED_EDGE('',*,*,#1911,.F.);
#2452=ORIENTED_EDGE('',*,*,#1912,.F.);
#2453=ORIENTED_EDGE('',*,*,#1913,.T.);
#2454=ORIENTED_EDGE('',*,*,#1914,.T.);
#2455=ORIENTED_EDGE('',*,*,#1915,.F.);
#2456=ORIENTED_EDGE('',*,*,#1916,.F.);
#2457=ORIENTED_EDGE('',*,*,#1917,.T.);
#2458=ORIENTED_EDGE('',*,*,#1918,.T.);
#2459=ORIENTED_EDGE('',*,*,#1919,.F.);
#2460=ORIENTED_EDGE('',*,*,#1920,.F.);
#2461=ORIENTED_EDGE('',*,*,#1921,.T.);
#2462=ORIENTED_EDGE('',*,*,#1922,.T.);
#2463=ORIENTED_EDGE('',*,*,#1923,.F.);
#2464=ORIENTED_EDGE('',*,*,#1924,.F.);
#2465=ORIENTED_EDGE('',*,*,#1925,.T.);
#2466=ORIENTED_EDGE('',*,*,#1926,.T.);
#2467=ORIENTED_EDGE('',*,*,#1927,.F.);
#2468=ORIENTED_EDGE('',*,*,#1928,.F.);
#2469=ORIENTED_EDGE('',*,*,#1929,.T.);
#2470=ORIENTED_EDGE('',*,*,#1930,.T.);
#2471=ORIENTED_EDGE('',*,*,#1931,.F.);
#2472=ORIENTED_EDGE('',*,*,#1932,.F.);
#2473=ORIENTED_EDGE('',*,*,#1933,.T.);
#2474=ORIENTED_EDGE('',*,*,#1934,.T.);
#2475=ORIENTED_EDGE('',*,*,#1935,.F.);
#2476=ORIENTED_EDGE('',*,*,#1936,.F.);
#2477=ORIENTED_EDGE('',*,*,#1937,.T.);
#2478=ORIENTED_EDGE('',*,*,#1938,.T.);
#2479=ORIENTED_EDGE('',*,*,#1939,.F.);
#2480=ORIENTED_EDGE('',*,*,#1940,.F.);
#2481=ORIENTED_EDGE('',*,*,#1941,.T.);
#2482=ORIENTED_EDGE('',*,*,#1942,.T.);
#2483=ORIENTED_EDGE('',*,*,#1943,.F.);
#2484=ORIENTED_EDGE('',*,*,#1944,.F.);
#2485=ORIENTED_EDGE('',*,*,#1945,.T.);
#2486=ORIENTED_EDGE('',*,*,#1946,.T.);
#2487=ORIENTED_EDGE('',*,*,#1947,.F.);
#2488=ORIENTED_EDGE('',*,*,#1948,.F.);
#2489=ORIENTED_EDGE('',*,*,#1949,.T.);
#2490=ORIENTED_EDGE('',*,*,#1950,.T.);
#2491=ORIENTED_EDGE('',*,*,#1951,.F.);
#2492=ORIENTED_EDGE('',*,*,#1952,.F.);
#2493=ORIENTED_EDGE('',*,*,#1953,.T.);
#2494=ORIENTED_EDGE('',*,*,#1954,.T.);
#2495=ORIENTED_EDGE('',*,*,#1955,.F.);
#2496=ORIENTED_EDGE('',*,*,#1956,.F.);
#2497=ORIENTED_EDGE('',*,*,#1957,.T.);
#2498=ORIENTED_EDGE('',*,*,#1958,.T.);
#2499=ORIENTED_EDGE('',*,*,#1959,.F.);
#2500=ORIENTED_EDGE('',*,*,#1960,.F.);
#2501=ORIENTED_EDGE('',*,*,#1961,.T.);
#2502=ORIENTED_EDGE('',*,*,#1962,.T.);
#2503=ORIENTED_EDGE('',*,*,#1963,.F.);
#2504=ORIENTED_EDGE('',*,*,#1964,.F.);
#2505=ORIENTED_EDGE('',*,*,#1965,.T.);
#2506=ORIENTED_EDGE('',*,*,#1966,.T.);
#2507=ORIENTED_EDGE('',*,*,#1967,.F.);
#2508=ORIENTED_EDGE('',*,*,#1968,.F.);
#2509=ORIENTED_EDGE('',*,*,#1969,.T.);
#2510=ORIENTED_EDGE('',*,*,#1970,.T.);
#2511=ORIENTED_EDGE('',*,*,#1971,.F.);
#2512=ORIENTED_EDGE('',*,*,#1972,.F.);
#2513=ORIENTED_EDGE('',*,*,#1973,.T.);
#2514=ORIENTED_EDGE('',*,*,#1974,.T.);
#2515=ORIENTED_EDGE('',*,*,#1975,.F.);
#2516=ORIENTED_EDGE('',*,*,#1976,.F.);
#2517=ORIENTED_EDGE('',*,*,#1977,.T.);
#2518=ORIENTED_EDGE('',*,*,#1978,.T.);
#2519=ORIENTED_EDGE('',*,*,#1979,.F.);
#2520=ORIENTED_EDGE('',*,*,#1980,.F.);
#2521=ORIENTED_EDGE('',*,*,#1981,.T.);
#2522=ORIENTED_EDGE('',*,*,#1982,.T.);
#2523=ORIENTED_EDGE('',*,*,#1983,.F.);
#2524=ORIENTED_EDGE('',*,*,#1984,.F.);
#2525=ORIENTED_EDGE('',*,*,#1985,.T.);
#2526=ORIENTED_EDGE('',*,*,#1986,.T.);
#2527=ORIENTED_EDGE('',*,*,#1987,.F.);
#2528=ORIENTED_EDGE('',*,*,#1988,.F.);
#2529=ORIENTED_EDGE('',*,*,#1989,.T.);
#2530=ORIENTED_EDGE('',*,*,#1990,.T.);
#2531=ORIENTED_EDGE('',*,*,#1991,.F.);
#2532=ORIENTED_EDGE('',*,*,#1992,.F.);
#2533=ORIENTED_EDGE('',*,*,#1993,.T.);
#2534=ORIENTED_EDGE('',*,*,#1994,.T.);
#2535=ORIENTED_EDGE('',*,*,#1995,.F.);
#2536=ORIENTED_EDGE('',*,*,#1996,.F.);
#2537=ORIENTED_EDGE('',*,*,#1997,.T.);
#2538=ORIENTED_EDGE('',*,*,#1998,.T.);
#2539=ORIENTED_EDGE('',*,*,#1999,.F.);
#2540=ORIENTED_EDGE('',*,*,#2000,.F.);
#2541=ORIENTED_EDGE('',*,*,#2001,.T.);
#2542=ORIENTED_EDGE('',*,*,#2002,.T.);
#2543=ORIENTED_EDGE('',*,*,#2003,.F.);
#2544=ORIENTED_EDGE('',*,*,#2004,.F.);
#2545=ORIENTED_EDGE('',*,*,#2005,.T.);
#2546=ORIENTED_EDGE('',*,*,#2006,.T.);
#2547=ORIENTED_EDGE('',*,*,#2007,.F.);
#2548=ORIENTED_EDGE('',*,*,#2008,.F.);
#2549=ORIENTED_EDGE('',*,*,#2009,.T.);
#2550=ORIENTED_EDGE('',*,*,#2010,.T.);
#2551=ORIENTED_EDGE('',*,*,#2011,.F.);
#2552=ORIENTED_EDGE('',*,*,#2012,.F.);
#2553=ORIENTED_EDGE('',*,*,#2013,.T.);
#2554=ORIENTED_EDGE('',*,*,#2014,.T.);
#2555=ORIENTED_EDGE('',*,*,#2015,.F.);
#2556=ORIENTED_EDGE('',*,*,#2016,.F.);
#2557=ORIENTED_EDGE('',*,*,#2017,.T.);
#2558=ORIENTED_EDGE('',*,*,#2018,.T.);
#2559=ORIENTED_EDGE('',*,*,#2019,.F.);
#2560=ORIENTED_EDGE('',*,*,#2020,.F.);
#2561=ORIENTED_EDGE('',*,*,#2021,.T.);
#2562=ORIENTED_EDGE('',*,*,#2022,.T.);
#2563=ORIENTED_EDGE('',*,*,#2023,.F.);
#2564=ORIENTED_EDGE('',*,*,#2024,.F.);
#2565=ORIENTED_EDGE('',*,*,#2025,.T.);
#2566=ORIENTED_EDGE('',*,*,#2026,.T.);
#2567=ORIENTED_EDGE('',*,*,#2027,.F.);
#2568=ORIENTED_EDGE('',*,*,#2028,.F.);
#2569=ORIENTED_EDGE('',*,*,#2029,.T.);
#2570=ORIENTED_EDGE('',*,*,#2030,.T.);
#2571=ORIENTED_EDGE('',*,*,#2031,.F.);
#2572=ORIENTED_EDGE('',*,*,#2032,.F.);
#2573=ORIENTED_EDGE('',*,*,#2033,.T.);
#2574=ORIENTED_EDGE('',*,*,#2034,.T.);
#2575=ORIENTED_EDGE('',*,*,#2035,.F.);
#2576=ORIENTED_EDGE('',*,*,#2036,.F.);
#2577=ORIENTED_EDGE('',*,*,#2037,.T.);
#2578=ORIENTED_EDGE('',*,*,#2038,.T.);
#2579=ORIENTED_EDGE('',*,*,#2039,.F.);
#2580=ORIENTED_EDGE('',*,*,#2040,.F.);
#2581=ORIENTED_EDGE('',*,*,#2041,.T.);
#2582=ORIENTED_EDGE('',*,*,#2042,.T.);
#2583=ORIENTED_EDGE('',*,*,#2043,.F.);
#2584=ORIENTED_EDGE('',*,*,#2044,.F.);
#2585=ORIENTED_EDGE('',*,*,#2045,.T.);
#2586=ORIENTED_EDGE('',*,*,#2046,.T.);
#2587=ORIENTED_EDGE('',*,*,#2047,.F.);
#2588=ORIENTED_EDGE('',*,*,#2048,.F.);
#2589=ORIENTED_EDGE('',*,*,#2049,.T.);
#2590=ORIENTED_EDGE('',*,*,#2050,.T.);
#2591=ORIENTED_EDGE('',*,*,#2051,.F.);
#2592=ORIENTED_EDGE('',*,*,#2052,.F.);
#2593=ORIENTED_EDGE('',*,*,#2053,.T.);
#2594=ORIENTED_EDGE('',*,*,#2054,.T.);
#2595=ORIENTED_EDGE('',*,*,#2055,.F.);
#2596=ORIENTED_EDGE('',*,*,#2056,.F.);
#2597=ORIENTED_EDGE('',*,*,#2057,.T.);
#2598=ORIENTED_EDGE('',*,*,#2058,.F.);
#2599=ORIENTED_EDGE('',*,*,#2059,.F.);
#2600=ORIENTED_EDGE('',*,*,#2060,.T.);
#2601=ORIENTED_EDGE('',*,*,#2049,.F.);
#2602=ORIENTED_EDGE('',*,*,#2061,.F.);
#2603=ORIENTED_EDGE('',*,*,#2062,.F.);
#2604=ORIENTED_EDGE('',*,*,#2063,.F.);
#2605=ORIENTED_EDGE('',*,*,#2045,.F.);
#2606=ORIENTED_EDGE('',*,*,#2064,.F.);
#2607=ORIENTED_EDGE('',*,*,#2065,.F.);
#2608=ORIENTED_EDGE('',*,*,#2066,.F.);
#2609=ORIENTED_EDGE('',*,*,#2041,.F.);
#2610=ORIENTED_EDGE('',*,*,#2067,.F.);
#2611=ORIENTED_EDGE('',*,*,#2068,.F.);
#2612=ORIENTED_EDGE('',*,*,#2069,.F.);
#2613=ORIENTED_EDGE('',*,*,#2037,.F.);
#2614=ORIENTED_EDGE('',*,*,#2070,.F.);
#2615=ORIENTED_EDGE('',*,*,#2071,.F.);
#2616=ORIENTED_EDGE('',*,*,#2072,.F.);
#2617=ORIENTED_EDGE('',*,*,#2033,.F.);
#2618=ORIENTED_EDGE('',*,*,#2073,.F.);
#2619=ORIENTED_EDGE('',*,*,#2074,.F.);
#2620=ORIENTED_EDGE('',*,*,#2075,.F.);
#2621=ORIENTED_EDGE('',*,*,#2029,.F.);
#2622=ORIENTED_EDGE('',*,*,#2076,.F.);
#2623=ORIENTED_EDGE('',*,*,#2077,.F.);
#2624=ORIENTED_EDGE('',*,*,#2078,.F.);
#2625=ORIENTED_EDGE('',*,*,#2025,.F.);
#2626=ORIENTED_EDGE('',*,*,#2079,.F.);
#2627=ORIENTED_EDGE('',*,*,#2080,.F.);
#2628=ORIENTED_EDGE('',*,*,#2081,.F.);
#2629=ORIENTED_EDGE('',*,*,#2021,.F.);
#2630=ORIENTED_EDGE('',*,*,#2082,.F.);
#2631=ORIENTED_EDGE('',*,*,#2083,.F.);
#2632=ORIENTED_EDGE('',*,*,#2084,.F.);
#2633=ORIENTED_EDGE('',*,*,#2017,.F.);
#2634=ORIENTED_EDGE('',*,*,#2085,.F.);
#2635=ORIENTED_EDGE('',*,*,#2086,.F.);
#2636=ORIENTED_EDGE('',*,*,#2087,.F.);
#2637=ORIENTED_EDGE('',*,*,#2013,.F.);
#2638=ORIENTED_EDGE('',*,*,#2088,.F.);
#2639=ORIENTED_EDGE('',*,*,#2089,.F.);
#2640=ORIENTED_EDGE('',*,*,#2090,.F.);
#2641=ORIENTED_EDGE('',*,*,#2009,.F.);
#2642=ORIENTED_EDGE('',*,*,#2091,.F.);
#2643=ORIENTED_EDGE('',*,*,#2092,.F.);
#2644=ORIENTED_EDGE('',*,*,#2093,.F.);
#2645=ORIENTED_EDGE('',*,*,#2005,.F.);
#2646=ORIENTED_EDGE('',*,*,#2094,.F.);
#2647=ORIENTED_EDGE('',*,*,#2095,.F.);
#2648=ORIENTED_EDGE('',*,*,#2096,.F.);
#2649=ORIENTED_EDGE('',*,*,#2001,.F.);
#2650=ORIENTED_EDGE('',*,*,#2097,.F.);
#2651=ORIENTED_EDGE('',*,*,#2098,.F.);
#2652=ORIENTED_EDGE('',*,*,#2099,.F.);
#2653=ORIENTED_EDGE('',*,*,#1997,.F.);
#2654=ORIENTED_EDGE('',*,*,#2100,.F.);
#2655=ORIENTED_EDGE('',*,*,#2101,.F.);
#2656=ORIENTED_EDGE('',*,*,#2102,.F.);
#2657=ORIENTED_EDGE('',*,*,#1993,.F.);
#2658=ORIENTED_EDGE('',*,*,#2103,.F.);
#2659=ORIENTED_EDGE('',*,*,#2104,.F.);
#2660=ORIENTED_EDGE('',*,*,#2105,.F.);
#2661=ORIENTED_EDGE('',*,*,#1989,.F.);
#2662=ORIENTED_EDGE('',*,*,#2106,.F.);
#2663=ORIENTED_EDGE('',*,*,#2107,.F.);
#2664=ORIENTED_EDGE('',*,*,#2108,.F.);
#2665=ORIENTED_EDGE('',*,*,#1985,.F.);
#2666=ORIENTED_EDGE('',*,*,#2109,.F.);
#2667=ORIENTED_EDGE('',*,*,#2110,.F.);
#2668=ORIENTED_EDGE('',*,*,#2111,.F.);
#2669=ORIENTED_EDGE('',*,*,#1981,.F.);
#2670=ORIENTED_EDGE('',*,*,#2112,.F.);
#2671=ORIENTED_EDGE('',*,*,#2113,.F.);
#2672=ORIENTED_EDGE('',*,*,#2114,.F.);
#2673=ORIENTED_EDGE('',*,*,#1977,.F.);
#2674=ORIENTED_EDGE('',*,*,#2115,.F.);
#2675=ORIENTED_EDGE('',*,*,#2116,.F.);
#2676=ORIENTED_EDGE('',*,*,#2117,.F.);
#2677=ORIENTED_EDGE('',*,*,#1973,.F.);
#2678=ORIENTED_EDGE('',*,*,#2118,.F.);
#2679=ORIENTED_EDGE('',*,*,#2119,.F.);
#2680=ORIENTED_EDGE('',*,*,#2120,.F.);
#2681=ORIENTED_EDGE('',*,*,#1969,.F.);
#2682=ORIENTED_EDGE('',*,*,#2121,.F.);
#2683=ORIENTED_EDGE('',*,*,#2122,.F.);
#2684=ORIENTED_EDGE('',*,*,#2123,.F.);
#2685=ORIENTED_EDGE('',*,*,#1965,.F.);
#2686=ORIENTED_EDGE('',*,*,#2124,.F.);
#2687=ORIENTED_EDGE('',*,*,#2125,.F.);
#2688=ORIENTED_EDGE('',*,*,#2126,.F.);
#2689=ORIENTED_EDGE('',*,*,#1961,.F.);
#2690=ORIENTED_EDGE('',*,*,#2127,.F.);
#2691=ORIENTED_EDGE('',*,*,#2128,.F.);
#2692=ORIENTED_EDGE('',*,*,#2129,.F.);
#2693=ORIENTED_EDGE('',*,*,#1957,.F.);
#2694=ORIENTED_EDGE('',*,*,#2130,.F.);
#2695=ORIENTED_EDGE('',*,*,#2131,.F.);
#2696=ORIENTED_EDGE('',*,*,#2132,.F.);
#2697=ORIENTED_EDGE('',*,*,#1953,.F.);
#2698=ORIENTED_EDGE('',*,*,#2133,.F.);
#2699=ORIENTED_EDGE('',*,*,#2134,.F.);
#2700=ORIENTED_EDGE('',*,*,#2135,.F.);
#2701=ORIENTED_EDGE('',*,*,#1949,.F.);
#2702=ORIENTED_EDGE('',*,*,#2136,.F.);
#2703=ORIENTED_EDGE('',*,*,#2137,.F.);
#2704=ORIENTED_EDGE('',*,*,#2138,.F.);
#2705=ORIENTED_EDGE('',*,*,#1945,.F.);
#2706=ORIENTED_EDGE('',*,*,#2139,.F.);
#2707=ORIENTED_EDGE('',*,*,#2140,.F.);
#2708=ORIENTED_EDGE('',*,*,#2141,.F.);
#2709=ORIENTED_EDGE('',*,*,#1941,.F.);
#2710=ORIENTED_EDGE('',*,*,#2142,.F.);
#2711=ORIENTED_EDGE('',*,*,#2143,.F.);
#2712=ORIENTED_EDGE('',*,*,#2144,.F.);
#2713=ORIENTED_EDGE('',*,*,#1937,.F.);
#2714=ORIENTED_EDGE('',*,*,#2145,.F.);
#2715=ORIENTED_EDGE('',*,*,#2146,.F.);
#2716=ORIENTED_EDGE('',*,*,#2147,.F.);
#2717=ORIENTED_EDGE('',*,*,#1933,.F.);
#2718=ORIENTED_EDGE('',*,*,#2148,.F.);
#2719=ORIENTED_EDGE('',*,*,#2149,.F.);
#2720=ORIENTED_EDGE('',*,*,#2150,.F.);
#2721=ORIENTED_EDGE('',*,*,#1929,.F.);
#2722=ORIENTED_EDGE('',*,*,#2151,.F.);
#2723=ORIENTED_EDGE('',*,*,#2152,.F.);
#2724=ORIENTED_EDGE('',*,*,#2153,.F.);
#2725=ORIENTED_EDGE('',*,*,#1925,.F.);
#2726=ORIENTED_EDGE('',*,*,#2154,.F.);
#2727=ORIENTED_EDGE('',*,*,#2155,.F.);
#2728=ORIENTED_EDGE('',*,*,#2156,.F.);
#2729=ORIENTED_EDGE('',*,*,#1921,.F.);
#2730=ORIENTED_EDGE('',*,*,#2157,.F.);
#2731=ORIENTED_EDGE('',*,*,#2158,.F.);
#2732=ORIENTED_EDGE('',*,*,#2159,.F.);
#2733=ORIENTED_EDGE('',*,*,#1917,.F.);
#2734=ORIENTED_EDGE('',*,*,#2160,.F.);
#2735=ORIENTED_EDGE('',*,*,#2161,.F.);
#2736=ORIENTED_EDGE('',*,*,#2162,.F.);
#2737=ORIENTED_EDGE('',*,*,#1913,.F.);
#2738=ORIENTED_EDGE('',*,*,#2163,.F.);
#2739=ORIENTED_EDGE('',*,*,#2164,.F.);
#2740=ORIENTED_EDGE('',*,*,#2165,.F.);
#2741=ORIENTED_EDGE('',*,*,#1909,.F.);
#2742=ORIENTED_EDGE('',*,*,#2166,.F.);
#2743=ORIENTED_EDGE('',*,*,#2167,.F.);
#2744=ORIENTED_EDGE('',*,*,#2168,.F.);
#2745=ORIENTED_EDGE('',*,*,#1905,.F.);
#2746=ORIENTED_EDGE('',*,*,#2169,.F.);
#2747=ORIENTED_EDGE('',*,*,#2170,.F.);
#2748=ORIENTED_EDGE('',*,*,#2171,.F.);
#2749=ORIENTED_EDGE('',*,*,#1901,.F.);
#2750=ORIENTED_EDGE('',*,*,#2172,.F.);
#2751=ORIENTED_EDGE('',*,*,#2173,.F.);
#2752=ORIENTED_EDGE('',*,*,#2174,.F.);
#2753=ORIENTED_EDGE('',*,*,#1897,.F.);
#2754=ORIENTED_EDGE('',*,*,#2175,.F.);
#2755=ORIENTED_EDGE('',*,*,#2176,.F.);
#2756=ORIENTED_EDGE('',*,*,#2177,.F.);
#2757=ORIENTED_EDGE('',*,*,#2053,.F.);
#2758=ORIENTED_EDGE('',*,*,#2178,.F.);
#2759=ORIENTED_EDGE('',*,*,#2179,.F.);
#2760=ORIENTED_EDGE('',*,*,#2180,.F.);
#2761=ORIENTED_EDGE('',*,*,#2181,.T.);
#2762=ORIENTED_EDGE('',*,*,#2182,.F.);
#2763=ORIENTED_EDGE('',*,*,#2183,.F.);
#2764=ORIENTED_EDGE('',*,*,#2184,.T.);
#2765=ORIENTED_EDGE('',*,*,#2051,.T.);
#2766=ORIENTED_EDGE('',*,*,#2185,.T.);
#2767=ORIENTED_EDGE('',*,*,#2186,.T.);
#2768=ORIENTED_EDGE('',*,*,#2187,.T.);
#2769=ORIENTED_EDGE('',*,*,#2047,.T.);
#2770=ORIENTED_EDGE('',*,*,#2188,.T.);
#2771=ORIENTED_EDGE('',*,*,#2189,.T.);
#2772=ORIENTED_EDGE('',*,*,#2190,.T.);
#2773=ORIENTED_EDGE('',*,*,#2043,.T.);
#2774=ORIENTED_EDGE('',*,*,#2191,.T.);
#2775=ORIENTED_EDGE('',*,*,#2192,.T.);
#2776=ORIENTED_EDGE('',*,*,#2193,.T.);
#2777=ORIENTED_EDGE('',*,*,#2039,.T.);
#2778=ORIENTED_EDGE('',*,*,#2194,.T.);
#2779=ORIENTED_EDGE('',*,*,#2195,.T.);
#2780=ORIENTED_EDGE('',*,*,#2196,.T.);
#2781=ORIENTED_EDGE('',*,*,#2035,.T.);
#2782=ORIENTED_EDGE('',*,*,#2197,.T.);
#2783=ORIENTED_EDGE('',*,*,#2198,.T.);
#2784=ORIENTED_EDGE('',*,*,#2199,.T.);
#2785=ORIENTED_EDGE('',*,*,#2031,.T.);
#2786=ORIENTED_EDGE('',*,*,#2200,.T.);
#2787=ORIENTED_EDGE('',*,*,#2201,.T.);
#2788=ORIENTED_EDGE('',*,*,#2202,.T.);
#2789=ORIENTED_EDGE('',*,*,#2027,.T.);
#2790=ORIENTED_EDGE('',*,*,#2203,.T.);
#2791=ORIENTED_EDGE('',*,*,#2204,.T.);
#2792=ORIENTED_EDGE('',*,*,#2205,.T.);
#2793=ORIENTED_EDGE('',*,*,#2023,.T.);
#2794=ORIENTED_EDGE('',*,*,#2206,.T.);
#2795=ORIENTED_EDGE('',*,*,#2207,.T.);
#2796=ORIENTED_EDGE('',*,*,#2208,.T.);
#2797=ORIENTED_EDGE('',*,*,#2019,.T.);
#2798=ORIENTED_EDGE('',*,*,#2209,.T.);
#2799=ORIENTED_EDGE('',*,*,#2210,.T.);
#2800=ORIENTED_EDGE('',*,*,#2211,.T.);
#2801=ORIENTED_EDGE('',*,*,#2015,.T.);
#2802=ORIENTED_EDGE('',*,*,#2212,.T.);
#2803=ORIENTED_EDGE('',*,*,#2213,.T.);
#2804=ORIENTED_EDGE('',*,*,#2214,.T.);
#2805=ORIENTED_EDGE('',*,*,#2011,.T.);
#2806=ORIENTED_EDGE('',*,*,#2215,.T.);
#2807=ORIENTED_EDGE('',*,*,#2216,.T.);
#2808=ORIENTED_EDGE('',*,*,#2217,.T.);
#2809=ORIENTED_EDGE('',*,*,#2007,.T.);
#2810=ORIENTED_EDGE('',*,*,#2218,.T.);
#2811=ORIENTED_EDGE('',*,*,#2219,.T.);
#2812=ORIENTED_EDGE('',*,*,#2220,.T.);
#2813=ORIENTED_EDGE('',*,*,#2003,.T.);
#2814=ORIENTED_EDGE('',*,*,#2221,.T.);
#2815=ORIENTED_EDGE('',*,*,#2222,.T.);
#2816=ORIENTED_EDGE('',*,*,#2223,.T.);
#2817=ORIENTED_EDGE('',*,*,#1999,.T.);
#2818=ORIENTED_EDGE('',*,*,#2224,.T.);
#2819=ORIENTED_EDGE('',*,*,#2225,.T.);
#2820=ORIENTED_EDGE('',*,*,#2226,.T.);
#2821=ORIENTED_EDGE('',*,*,#1995,.T.);
#2822=ORIENTED_EDGE('',*,*,#2227,.T.);
#2823=ORIENTED_EDGE('',*,*,#2228,.T.);
#2824=ORIENTED_EDGE('',*,*,#2229,.T.);
#2825=ORIENTED_EDGE('',*,*,#1991,.T.);
#2826=ORIENTED_EDGE('',*,*,#2230,.T.);
#2827=ORIENTED_EDGE('',*,*,#2231,.T.);
#2828=ORIENTED_EDGE('',*,*,#2232,.T.);
#2829=ORIENTED_EDGE('',*,*,#1987,.T.);
#2830=ORIENTED_EDGE('',*,*,#2233,.T.);
#2831=ORIENTED_EDGE('',*,*,#2234,.T.);
#2832=ORIENTED_EDGE('',*,*,#2235,.T.);
#2833=ORIENTED_EDGE('',*,*,#1983,.T.);
#2834=ORIENTED_EDGE('',*,*,#2236,.T.);
#2835=ORIENTED_EDGE('',*,*,#2237,.T.);
#2836=ORIENTED_EDGE('',*,*,#2238,.T.);
#2837=ORIENTED_EDGE('',*,*,#1979,.T.);
#2838=ORIENTED_EDGE('',*,*,#2239,.T.);
#2839=ORIENTED_EDGE('',*,*,#2240,.T.);
#2840=ORIENTED_EDGE('',*,*,#2241,.T.);
#2841=ORIENTED_EDGE('',*,*,#1975,.T.);
#2842=ORIENTED_EDGE('',*,*,#2242,.T.);
#2843=ORIENTED_EDGE('',*,*,#2243,.T.);
#2844=ORIENTED_EDGE('',*,*,#2244,.T.);
#2845=ORIENTED_EDGE('',*,*,#1971,.T.);
#2846=ORIENTED_EDGE('',*,*,#2245,.T.);
#2847=ORIENTED_EDGE('',*,*,#2246,.T.);
#2848=ORIENTED_EDGE('',*,*,#2247,.T.);
#2849=ORIENTED_EDGE('',*,*,#1967,.T.);
#2850=ORIENTED_EDGE('',*,*,#2248,.T.);
#2851=ORIENTED_EDGE('',*,*,#2249,.T.);
#2852=ORIENTED_EDGE('',*,*,#2250,.T.);
#2853=ORIENTED_EDGE('',*,*,#1963,.T.);
#2854=ORIENTED_EDGE('',*,*,#2251,.T.);
#2855=ORIENTED_EDGE('',*,*,#2252,.T.);
#2856=ORIENTED_EDGE('',*,*,#2253,.T.);
#2857=ORIENTED_EDGE('',*,*,#1959,.T.);
#2858=ORIENTED_EDGE('',*,*,#2254,.T.);
#2859=ORIENTED_EDGE('',*,*,#2255,.T.);
#2860=ORIENTED_EDGE('',*,*,#2256,.T.);
#2861=ORIENTED_EDGE('',*,*,#1955,.T.);
#2862=ORIENTED_EDGE('',*,*,#2257,.T.);
#2863=ORIENTED_EDGE('',*,*,#2258,.T.);
#2864=ORIENTED_EDGE('',*,*,#2259,.T.);
#2865=ORIENTED_EDGE('',*,*,#1951,.T.);
#2866=ORIENTED_EDGE('',*,*,#2260,.T.);
#2867=ORIENTED_EDGE('',*,*,#2261,.T.);
#2868=ORIENTED_EDGE('',*,*,#2262,.T.);
#2869=ORIENTED_EDGE('',*,*,#1947,.T.);
#2870=ORIENTED_EDGE('',*,*,#2263,.T.);
#2871=ORIENTED_EDGE('',*,*,#2264,.T.);
#2872=ORIENTED_EDGE('',*,*,#2265,.T.);
#2873=ORIENTED_EDGE('',*,*,#1943,.T.);
#2874=ORIENTED_EDGE('',*,*,#2266,.T.);
#2875=ORIENTED_EDGE('',*,*,#2267,.T.);
#2876=ORIENTED_EDGE('',*,*,#2268,.T.);
#2877=ORIENTED_EDGE('',*,*,#1939,.T.);
#2878=ORIENTED_EDGE('',*,*,#2269,.T.);
#2879=ORIENTED_EDGE('',*,*,#2270,.T.);
#2880=ORIENTED_EDGE('',*,*,#2271,.T.);
#2881=ORIENTED_EDGE('',*,*,#1935,.T.);
#2882=ORIENTED_EDGE('',*,*,#2272,.T.);
#2883=ORIENTED_EDGE('',*,*,#2273,.T.);
#2884=ORIENTED_EDGE('',*,*,#2274,.T.);
#2885=ORIENTED_EDGE('',*,*,#1931,.T.);
#2886=ORIENTED_EDGE('',*,*,#2275,.T.);
#2887=ORIENTED_EDGE('',*,*,#2276,.T.);
#2888=ORIENTED_EDGE('',*,*,#2277,.T.);
#2889=ORIENTED_EDGE('',*,*,#1927,.T.);
#2890=ORIENTED_EDGE('',*,*,#2278,.T.);
#2891=ORIENTED_EDGE('',*,*,#2279,.T.);
#2892=ORIENTED_EDGE('',*,*,#2280,.T.);
#2893=ORIENTED_EDGE('',*,*,#1923,.T.);
#2894=ORIENTED_EDGE('',*,*,#2281,.T.);
#2895=ORIENTED_EDGE('',*,*,#2282,.T.);
#2896=ORIENTED_EDGE('',*,*,#2283,.T.);
#2897=ORIENTED_EDGE('',*,*,#1919,.T.);
#2898=ORIENTED_EDGE('',*,*,#2284,.T.);
#2899=ORIENTED_EDGE('',*,*,#2285,.T.);
#2900=ORIENTED_EDGE('',*,*,#2286,.T.);
#2901=ORIENTED_EDGE('',*,*,#1915,.T.);
#2902=ORIENTED_EDGE('',*,*,#2287,.T.);
#2903=ORIENTED_EDGE('',*,*,#2288,.T.);
#2904=ORIENTED_EDGE('',*,*,#2289,.T.);
#2905=ORIENTED_EDGE('',*,*,#1911,.T.);
#2906=ORIENTED_EDGE('',*,*,#2290,.T.);
#2907=ORIENTED_EDGE('',*,*,#2291,.T.);
#2908=ORIENTED_EDGE('',*,*,#2292,.T.);
#2909=ORIENTED_EDGE('',*,*,#1907,.T.);
#2910=ORIENTED_EDGE('',*,*,#2293,.T.);
#2911=ORIENTED_EDGE('',*,*,#2294,.T.);
#2912=ORIENTED_EDGE('',*,*,#2295,.T.);
#2913=ORIENTED_EDGE('',*,*,#1903,.T.);
#2914=ORIENTED_EDGE('',*,*,#2296,.T.);
#2915=ORIENTED_EDGE('',*,*,#2297,.T.);
#2916=ORIENTED_EDGE('',*,*,#2298,.T.);
#2917=ORIENTED_EDGE('',*,*,#1899,.T.);
#2918=ORIENTED_EDGE('',*,*,#2299,.T.);
#2919=ORIENTED_EDGE('',*,*,#2300,.T.);
#2920=ORIENTED_EDGE('',*,*,#2301,.T.);
#2921=ORIENTED_EDGE('',*,*,#2055,.T.);
#2922=ORIENTED_EDGE('',*,*,#2302,.T.);
#2923=ORIENTED_EDGE('',*,*,#2303,.T.);
#2924=ORIENTED_EDGE('',*,*,#2304,.T.);
#2925=ORIENTED_EDGE('',*,*,#2305,.T.);
#2926=ORIENTED_EDGE('',*,*,#2306,.F.);
#2927=ORIENTED_EDGE('',*,*,#2307,.F.);
#2928=ORIENTED_EDGE('',*,*,#2308,.T.);
#2929=ORIENTED_EDGE('',*,*,#2309,.T.);
#2930=ORIENTED_EDGE('',*,*,#2310,.F.);
#2931=ORIENTED_EDGE('',*,*,#2311,.F.);
#2932=ORIENTED_EDGE('',*,*,#2306,.T.);
#2933=ORIENTED_EDGE('',*,*,#2312,.T.);
#2934=ORIENTED_EDGE('',*,*,#2313,.F.);
#2935=ORIENTED_EDGE('',*,*,#2314,.F.);
#2936=ORIENTED_EDGE('',*,*,#2310,.T.);
#2937=ORIENTED_EDGE('',*,*,#2315,.T.);
#2938=ORIENTED_EDGE('',*,*,#2316,.F.);
#2939=ORIENTED_EDGE('',*,*,#2317,.F.);
#2940=ORIENTED_EDGE('',*,*,#2313,.T.);
#2941=ORIENTED_EDGE('',*,*,#2318,.T.);
#2942=ORIENTED_EDGE('',*,*,#2060,.F.);
#2943=ORIENTED_EDGE('',*,*,#2319,.F.);
#2944=ORIENTED_EDGE('',*,*,#2316,.T.);
#2945=ORIENTED_EDGE('',*,*,#2320,.T.);
#2946=ORIENTED_EDGE('',*,*,#2321,.F.);
#2947=ORIENTED_EDGE('',*,*,#2322,.F.);
#2948=ORIENTED_EDGE('',*,*,#2058,.T.);
#2949=ORIENTED_EDGE('',*,*,#2323,.T.);
#2950=ORIENTED_EDGE('',*,*,#2324,.F.);
#2951=ORIENTED_EDGE('',*,*,#2325,.F.);
#2952=ORIENTED_EDGE('',*,*,#2321,.T.);
#2953=ORIENTED_EDGE('',*,*,#2326,.T.);
#2954=ORIENTED_EDGE('',*,*,#2327,.F.);
#2955=ORIENTED_EDGE('',*,*,#2328,.F.);
#2956=ORIENTED_EDGE('',*,*,#2324,.T.);
#2957=ORIENTED_EDGE('',*,*,#2329,.T.);
#2958=ORIENTED_EDGE('',*,*,#2330,.F.);
#2959=ORIENTED_EDGE('',*,*,#2331,.F.);
#2960=ORIENTED_EDGE('',*,*,#2327,.T.);
#2961=ORIENTED_EDGE('',*,*,#2332,.T.);
#2962=ORIENTED_EDGE('',*,*,#2333,.F.);
#2963=ORIENTED_EDGE('',*,*,#2334,.F.);
#2964=ORIENTED_EDGE('',*,*,#2330,.T.);
#2965=ORIENTED_EDGE('',*,*,#2335,.T.);
#2966=ORIENTED_EDGE('',*,*,#2336,.F.);
#2967=ORIENTED_EDGE('',*,*,#2337,.F.);
#2968=ORIENTED_EDGE('',*,*,#2333,.T.);
#2969=ORIENTED_EDGE('',*,*,#2338,.T.);
#2970=ORIENTED_EDGE('',*,*,#2339,.F.);
#2971=ORIENTED_EDGE('',*,*,#2340,.F.);
#2972=ORIENTED_EDGE('',*,*,#2336,.T.);
#2973=ORIENTED_EDGE('',*,*,#2341,.T.);
#2974=ORIENTED_EDGE('',*,*,#2342,.F.);
#2975=ORIENTED_EDGE('',*,*,#2343,.F.);
#2976=ORIENTED_EDGE('',*,*,#2339,.T.);
#2977=ORIENTED_EDGE('',*,*,#2344,.T.);
#2978=ORIENTED_EDGE('',*,*,#2184,.F.);
#2979=ORIENTED_EDGE('',*,*,#2345,.F.);
#2980=ORIENTED_EDGE('',*,*,#2342,.T.);
#2981=ORIENTED_EDGE('',*,*,#2346,.T.);
#2982=ORIENTED_EDGE('',*,*,#2347,.F.);
#2983=ORIENTED_EDGE('',*,*,#2348,.F.);
#2984=ORIENTED_EDGE('',*,*,#2182,.T.);
#2985=ORIENTED_EDGE('',*,*,#2349,.T.);
#2986=ORIENTED_EDGE('',*,*,#2350,.F.);
#2987=ORIENTED_EDGE('',*,*,#2351,.F.);
#2988=ORIENTED_EDGE('',*,*,#2347,.T.);
#2989=ORIENTED_EDGE('',*,*,#2352,.T.);
#2990=ORIENTED_EDGE('',*,*,#2353,.F.);
#2991=ORIENTED_EDGE('',*,*,#2354,.F.);
#2992=ORIENTED_EDGE('',*,*,#2350,.T.);
#2993=ORIENTED_EDGE('',*,*,#2355,.T.);
#2994=ORIENTED_EDGE('',*,*,#2308,.F.);
#2995=ORIENTED_EDGE('',*,*,#2356,.F.);
#2996=ORIENTED_EDGE('',*,*,#2353,.T.);
#2997=ORIENTED_EDGE('',*,*,#2307,.T.);
#2998=ORIENTED_EDGE('',*,*,#2311,.T.);
#2999=ORIENTED_EDGE('',*,*,#2314,.T.);
#3000=ORIENTED_EDGE('',*,*,#2317,.T.);
#3001=ORIENTED_EDGE('',*,*,#2319,.T.);
#3002=ORIENTED_EDGE('',*,*,#2059,.T.);
#3003=ORIENTED_EDGE('',*,*,#2322,.T.);
#3004=ORIENTED_EDGE('',*,*,#2325,.T.);
#3005=ORIENTED_EDGE('',*,*,#2328,.T.);
#3006=ORIENTED_EDGE('',*,*,#2331,.T.);
#3007=ORIENTED_EDGE('',*,*,#2334,.T.);
#3008=ORIENTED_EDGE('',*,*,#2337,.T.);
#3009=ORIENTED_EDGE('',*,*,#2340,.T.);
#3010=ORIENTED_EDGE('',*,*,#2343,.T.);
#3011=ORIENTED_EDGE('',*,*,#2345,.T.);
#3012=ORIENTED_EDGE('',*,*,#2183,.T.);
#3013=ORIENTED_EDGE('',*,*,#2348,.T.);
#3014=ORIENTED_EDGE('',*,*,#2351,.T.);
#3015=ORIENTED_EDGE('',*,*,#2354,.T.);
#3016=ORIENTED_EDGE('',*,*,#2356,.T.);
#3017=ORIENTED_EDGE('',*,*,#2305,.F.);
#3018=ORIENTED_EDGE('',*,*,#2355,.F.);
#3019=ORIENTED_EDGE('',*,*,#2352,.F.);
#3020=ORIENTED_EDGE('',*,*,#2349,.F.);
#3021=ORIENTED_EDGE('',*,*,#2346,.F.);
#3022=ORIENTED_EDGE('',*,*,#2181,.F.);
#3023=ORIENTED_EDGE('',*,*,#2344,.F.);
#3024=ORIENTED_EDGE('',*,*,#2341,.F.);
#3025=ORIENTED_EDGE('',*,*,#2338,.F.);
#3026=ORIENTED_EDGE('',*,*,#2335,.F.);
#3027=ORIENTED_EDGE('',*,*,#2332,.F.);
#3028=ORIENTED_EDGE('',*,*,#2329,.F.);
#3029=ORIENTED_EDGE('',*,*,#2326,.F.);
#3030=ORIENTED_EDGE('',*,*,#2323,.F.);
#3031=ORIENTED_EDGE('',*,*,#2320,.F.);
#3032=ORIENTED_EDGE('',*,*,#2057,.F.);
#3033=ORIENTED_EDGE('',*,*,#2318,.F.);
#3034=ORIENTED_EDGE('',*,*,#2315,.F.);
#3035=ORIENTED_EDGE('',*,*,#2312,.F.);
#3036=ORIENTED_EDGE('',*,*,#2309,.F.);
#3037=ORIENTED_EDGE('',*,*,#2180,.T.);
#3038=ORIENTED_EDGE('',*,*,#2357,.T.);
#3039=ORIENTED_EDGE('',*,*,#2302,.F.);
#3040=ORIENTED_EDGE('',*,*,#2054,.F.);
#3041=ORIENTED_EDGE('',*,*,#2179,.T.);
#3042=ORIENTED_EDGE('',*,*,#2358,.T.);
#3043=ORIENTED_EDGE('',*,*,#2303,.F.);
#3044=ORIENTED_EDGE('',*,*,#2357,.F.);
#3045=ORIENTED_EDGE('',*,*,#2178,.T.);
#3046=ORIENTED_EDGE('',*,*,#2056,.T.);
#3047=ORIENTED_EDGE('',*,*,#2304,.F.);
#3048=ORIENTED_EDGE('',*,*,#2358,.F.);
#3049=ORIENTED_EDGE('',*,*,#2061,.T.);
#3050=ORIENTED_EDGE('',*,*,#2052,.T.);
#3051=ORIENTED_EDGE('',*,*,#2187,.F.);
#3052=ORIENTED_EDGE('',*,*,#2359,.F.);
#3053=ORIENTED_EDGE('',*,*,#2062,.T.);
#3054=ORIENTED_EDGE('',*,*,#2359,.T.);
#3055=ORIENTED_EDGE('',*,*,#2186,.F.);
#3056=ORIENTED_EDGE('',*,*,#2360,.F.);
#3057=ORIENTED_EDGE('',*,*,#2063,.T.);
#3058=ORIENTED_EDGE('',*,*,#2360,.T.);
#3059=ORIENTED_EDGE('',*,*,#2185,.F.);
#3060=ORIENTED_EDGE('',*,*,#2050,.F.);
#3061=ORIENTED_EDGE('',*,*,#2064,.T.);
#3062=ORIENTED_EDGE('',*,*,#2048,.T.);
#3063=ORIENTED_EDGE('',*,*,#2190,.F.);
#3064=ORIENTED_EDGE('',*,*,#2361,.F.);
#3065=ORIENTED_EDGE('',*,*,#2065,.T.);
#3066=ORIENTED_EDGE('',*,*,#2361,.T.);
#3067=ORIENTED_EDGE('',*,*,#2189,.F.);
#3068=ORIENTED_EDGE('',*,*,#2362,.F.);
#3069=ORIENTED_EDGE('',*,*,#2066,.T.);
#3070=ORIENTED_EDGE('',*,*,#2362,.T.);
#3071=ORIENTED_EDGE('',*,*,#2188,.F.);
#3072=ORIENTED_EDGE('',*,*,#2046,.F.);
#3073=ORIENTED_EDGE('',*,*,#2067,.T.);
#3074=ORIENTED_EDGE('',*,*,#2044,.T.);
#3075=ORIENTED_EDGE('',*,*,#2193,.F.);
#3076=ORIENTED_EDGE('',*,*,#2363,.F.);
#3077=ORIENTED_EDGE('',*,*,#2068,.T.);
#3078=ORIENTED_EDGE('',*,*,#2363,.T.);
#3079=ORIENTED_EDGE('',*,*,#2192,.F.);
#3080=ORIENTED_EDGE('',*,*,#2364,.F.);
#3081=ORIENTED_EDGE('',*,*,#2069,.T.);
#3082=ORIENTED_EDGE('',*,*,#2364,.T.);
#3083=ORIENTED_EDGE('',*,*,#2191,.F.);
#3084=ORIENTED_EDGE('',*,*,#2042,.F.);
#3085=ORIENTED_EDGE('',*,*,#2070,.T.);
#3086=ORIENTED_EDGE('',*,*,#2040,.T.);
#3087=ORIENTED_EDGE('',*,*,#2196,.F.);
#3088=ORIENTED_EDGE('',*,*,#2365,.F.);
#3089=ORIENTED_EDGE('',*,*,#2071,.T.);
#3090=ORIENTED_EDGE('',*,*,#2365,.T.);
#3091=ORIENTED_EDGE('',*,*,#2195,.F.);
#3092=ORIENTED_EDGE('',*,*,#2366,.F.);
#3093=ORIENTED_EDGE('',*,*,#2072,.T.);
#3094=ORIENTED_EDGE('',*,*,#2366,.T.);
#3095=ORIENTED_EDGE('',*,*,#2194,.F.);
#3096=ORIENTED_EDGE('',*,*,#2038,.F.);
#3097=ORIENTED_EDGE('',*,*,#2073,.T.);
#3098=ORIENTED_EDGE('',*,*,#2036,.T.);
#3099=ORIENTED_EDGE('',*,*,#2199,.F.);
#3100=ORIENTED_EDGE('',*,*,#2367,.F.);
#3101=ORIENTED_EDGE('',*,*,#2074,.T.);
#3102=ORIENTED_EDGE('',*,*,#2367,.T.);
#3103=ORIENTED_EDGE('',*,*,#2198,.F.);
#3104=ORIENTED_EDGE('',*,*,#2368,.F.);
#3105=ORIENTED_EDGE('',*,*,#2075,.T.);
#3106=ORIENTED_EDGE('',*,*,#2368,.T.);
#3107=ORIENTED_EDGE('',*,*,#2197,.F.);
#3108=ORIENTED_EDGE('',*,*,#2034,.F.);
#3109=ORIENTED_EDGE('',*,*,#2076,.T.);
#3110=ORIENTED_EDGE('',*,*,#2032,.T.);
#3111=ORIENTED_EDGE('',*,*,#2202,.F.);
#3112=ORIENTED_EDGE('',*,*,#2369,.F.);
#3113=ORIENTED_EDGE('',*,*,#2077,.T.);
#3114=ORIENTED_EDGE('',*,*,#2369,.T.);
#3115=ORIENTED_EDGE('',*,*,#2201,.F.);
#3116=ORIENTED_EDGE('',*,*,#2370,.F.);
#3117=ORIENTED_EDGE('',*,*,#2078,.T.);
#3118=ORIENTED_EDGE('',*,*,#2370,.T.);
#3119=ORIENTED_EDGE('',*,*,#2200,.F.);
#3120=ORIENTED_EDGE('',*,*,#2030,.F.);
#3121=ORIENTED_EDGE('',*,*,#2079,.T.);
#3122=ORIENTED_EDGE('',*,*,#2028,.T.);
#3123=ORIENTED_EDGE('',*,*,#2205,.F.);
#3124=ORIENTED_EDGE('',*,*,#2371,.F.);
#3125=ORIENTED_EDGE('',*,*,#2080,.T.);
#3126=ORIENTED_EDGE('',*,*,#2371,.T.);
#3127=ORIENTED_EDGE('',*,*,#2204,.F.);
#3128=ORIENTED_EDGE('',*,*,#2372,.F.);
#3129=ORIENTED_EDGE('',*,*,#2081,.T.);
#3130=ORIENTED_EDGE('',*,*,#2372,.T.);
#3131=ORIENTED_EDGE('',*,*,#2203,.F.);
#3132=ORIENTED_EDGE('',*,*,#2026,.F.);
#3133=ORIENTED_EDGE('',*,*,#2082,.T.);
#3134=ORIENTED_EDGE('',*,*,#2024,.T.);
#3135=ORIENTED_EDGE('',*,*,#2208,.F.);
#3136=ORIENTED_EDGE('',*,*,#2373,.F.);
#3137=ORIENTED_EDGE('',*,*,#2083,.T.);
#3138=ORIENTED_EDGE('',*,*,#2373,.T.);
#3139=ORIENTED_EDGE('',*,*,#2207,.F.);
#3140=ORIENTED_EDGE('',*,*,#2374,.F.);
#3141=ORIENTED_EDGE('',*,*,#2084,.T.);
#3142=ORIENTED_EDGE('',*,*,#2374,.T.);
#3143=ORIENTED_EDGE('',*,*,#2206,.F.);
#3144=ORIENTED_EDGE('',*,*,#2022,.F.);
#3145=ORIENTED_EDGE('',*,*,#2085,.T.);
#3146=ORIENTED_EDGE('',*,*,#2020,.T.);
#3147=ORIENTED_EDGE('',*,*,#2211,.F.);
#3148=ORIENTED_EDGE('',*,*,#2375,.F.);
#3149=ORIENTED_EDGE('',*,*,#2086,.T.);
#3150=ORIENTED_EDGE('',*,*,#2375,.T.);
#3151=ORIENTED_EDGE('',*,*,#2210,.F.);
#3152=ORIENTED_EDGE('',*,*,#2376,.F.);
#3153=ORIENTED_EDGE('',*,*,#2087,.T.);
#3154=ORIENTED_EDGE('',*,*,#2376,.T.);
#3155=ORIENTED_EDGE('',*,*,#2209,.F.);
#3156=ORIENTED_EDGE('',*,*,#2018,.F.);
#3157=ORIENTED_EDGE('',*,*,#2088,.T.);
#3158=ORIENTED_EDGE('',*,*,#2016,.T.);
#3159=ORIENTED_EDGE('',*,*,#2214,.F.);
#3160=ORIENTED_EDGE('',*,*,#2377,.F.);
#3161=ORIENTED_EDGE('',*,*,#2089,.T.);
#3162=ORIENTED_EDGE('',*,*,#2377,.T.);
#3163=ORIENTED_EDGE('',*,*,#2213,.F.);
#3164=ORIENTED_EDGE('',*,*,#2378,.F.);
#3165=ORIENTED_EDGE('',*,*,#2090,.T.);
#3166=ORIENTED_EDGE('',*,*,#2378,.T.);
#3167=ORIENTED_EDGE('',*,*,#2212,.F.);
#3168=ORIENTED_EDGE('',*,*,#2014,.F.);
#3169=ORIENTED_EDGE('',*,*,#2091,.T.);
#3170=ORIENTED_EDGE('',*,*,#2012,.T.);
#3171=ORIENTED_EDGE('',*,*,#2217,.F.);
#3172=ORIENTED_EDGE('',*,*,#2379,.F.);
#3173=ORIENTED_EDGE('',*,*,#2092,.T.);
#3174=ORIENTED_EDGE('',*,*,#2379,.T.);
#3175=ORIENTED_EDGE('',*,*,#2216,.F.);
#3176=ORIENTED_EDGE('',*,*,#2380,.F.);
#3177=ORIENTED_EDGE('',*,*,#2093,.T.);
#3178=ORIENTED_EDGE('',*,*,#2380,.T.);
#3179=ORIENTED_EDGE('',*,*,#2215,.F.);
#3180=ORIENTED_EDGE('',*,*,#2010,.F.);
#3181=ORIENTED_EDGE('',*,*,#2094,.T.);
#3182=ORIENTED_EDGE('',*,*,#2008,.T.);
#3183=ORIENTED_EDGE('',*,*,#2220,.F.);
#3184=ORIENTED_EDGE('',*,*,#2381,.F.);
#3185=ORIENTED_EDGE('',*,*,#2095,.T.);
#3186=ORIENTED_EDGE('',*,*,#2381,.T.);
#3187=ORIENTED_EDGE('',*,*,#2219,.F.);
#3188=ORIENTED_EDGE('',*,*,#2382,.F.);
#3189=ORIENTED_EDGE('',*,*,#2096,.T.);
#3190=ORIENTED_EDGE('',*,*,#2382,.T.);
#3191=ORIENTED_EDGE('',*,*,#2218,.F.);
#3192=ORIENTED_EDGE('',*,*,#2006,.F.);
#3193=ORIENTED_EDGE('',*,*,#2097,.T.);
#3194=ORIENTED_EDGE('',*,*,#2004,.T.);
#3195=ORIENTED_EDGE('',*,*,#2223,.F.);
#3196=ORIENTED_EDGE('',*,*,#2383,.F.);
#3197=ORIENTED_EDGE('',*,*,#2098,.T.);
#3198=ORIENTED_EDGE('',*,*,#2383,.T.);
#3199=ORIENTED_EDGE('',*,*,#2222,.F.);
#3200=ORIENTED_EDGE('',*,*,#2384,.F.);
#3201=ORIENTED_EDGE('',*,*,#2099,.T.);
#3202=ORIENTED_EDGE('',*,*,#2384,.T.);
#3203=ORIENTED_EDGE('',*,*,#2221,.F.);
#3204=ORIENTED_EDGE('',*,*,#2002,.F.);
#3205=ORIENTED_EDGE('',*,*,#2100,.T.);
#3206=ORIENTED_EDGE('',*,*,#2000,.T.);
#3207=ORIENTED_EDGE('',*,*,#2226,.F.);
#3208=ORIENTED_EDGE('',*,*,#2385,.F.);
#3209=ORIENTED_EDGE('',*,*,#2101,.T.);
#3210=ORIENTED_EDGE('',*,*,#2385,.T.);
#3211=ORIENTED_EDGE('',*,*,#2225,.F.);
#3212=ORIENTED_EDGE('',*,*,#2386,.F.);
#3213=ORIENTED_EDGE('',*,*,#2102,.T.);
#3214=ORIENTED_EDGE('',*,*,#2386,.T.);
#3215=ORIENTED_EDGE('',*,*,#2224,.F.);
#3216=ORIENTED_EDGE('',*,*,#1998,.F.);
#3217=ORIENTED_EDGE('',*,*,#2103,.T.);
#3218=ORIENTED_EDGE('',*,*,#1996,.T.);
#3219=ORIENTED_EDGE('',*,*,#2229,.F.);
#3220=ORIENTED_EDGE('',*,*,#2387,.F.);
#3221=ORIENTED_EDGE('',*,*,#2104,.T.);
#3222=ORIENTED_EDGE('',*,*,#2387,.T.);
#3223=ORIENTED_EDGE('',*,*,#2228,.F.);
#3224=ORIENTED_EDGE('',*,*,#2388,.F.);
#3225=ORIENTED_EDGE('',*,*,#2105,.T.);
#3226=ORIENTED_EDGE('',*,*,#2388,.T.);
#3227=ORIENTED_EDGE('',*,*,#2227,.F.);
#3228=ORIENTED_EDGE('',*,*,#1994,.F.);
#3229=ORIENTED_EDGE('',*,*,#2106,.T.);
#3230=ORIENTED_EDGE('',*,*,#1992,.T.);
#3231=ORIENTED_EDGE('',*,*,#2232,.F.);
#3232=ORIENTED_EDGE('',*,*,#2389,.F.);
#3233=ORIENTED_EDGE('',*,*,#2107,.T.);
#3234=ORIENTED_EDGE('',*,*,#2389,.T.);
#3235=ORIENTED_EDGE('',*,*,#2231,.F.);
#3236=ORIENTED_EDGE('',*,*,#2390,.F.);
#3237=ORIENTED_EDGE('',*,*,#2108,.T.);
#3238=ORIENTED_EDGE('',*,*,#2390,.T.);
#3239=ORIENTED_EDGE('',*,*,#2230,.F.);
#3240=ORIENTED_EDGE('',*,*,#1990,.F.);
#3241=ORIENTED_EDGE('',*,*,#2109,.T.);
#3242=ORIENTED_EDGE('',*,*,#1988,.T.);
#3243=ORIENTED_EDGE('',*,*,#2235,.F.);
#3244=ORIENTED_EDGE('',*,*,#2391,.F.);
#3245=ORIENTED_EDGE('',*,*,#2110,.T.);
#3246=ORIENTED_EDGE('',*,*,#2391,.T.);
#3247=ORIENTED_EDGE('',*,*,#2234,.F.);
#3248=ORIENTED_EDGE('',*,*,#2392,.F.);
#3249=ORIENTED_EDGE('',*,*,#2111,.T.);
#3250=ORIENTED_EDGE('',*,*,#2392,.T.);
#3251=ORIENTED_EDGE('',*,*,#2233,.F.);
#3252=ORIENTED_EDGE('',*,*,#1986,.F.);
#3253=ORIENTED_EDGE('',*,*,#2112,.T.);
#3254=ORIENTED_EDGE('',*,*,#1984,.T.);
#3255=ORIENTED_EDGE('',*,*,#2238,.F.);
#3256=ORIENTED_EDGE('',*,*,#2393,.F.);
#3257=ORIENTED_EDGE('',*,*,#2113,.T.);
#3258=ORIENTED_EDGE('',*,*,#2393,.T.);
#3259=ORIENTED_EDGE('',*,*,#2237,.F.);
#3260=ORIENTED_EDGE('',*,*,#2394,.F.);
#3261=ORIENTED_EDGE('',*,*,#2114,.T.);
#3262=ORIENTED_EDGE('',*,*,#2394,.T.);
#3263=ORIENTED_EDGE('',*,*,#2236,.F.);
#3264=ORIENTED_EDGE('',*,*,#1982,.F.);
#3265=ORIENTED_EDGE('',*,*,#2115,.T.);
#3266=ORIENTED_EDGE('',*,*,#1980,.T.);
#3267=ORIENTED_EDGE('',*,*,#2241,.F.);
#3268=ORIENTED_EDGE('',*,*,#2395,.F.);
#3269=ORIENTED_EDGE('',*,*,#2116,.T.);
#3270=ORIENTED_EDGE('',*,*,#2395,.T.);
#3271=ORIENTED_EDGE('',*,*,#2240,.F.);
#3272=ORIENTED_EDGE('',*,*,#2396,.F.);
#3273=ORIENTED_EDGE('',*,*,#2117,.T.);
#3274=ORIENTED_EDGE('',*,*,#2396,.T.);
#3275=ORIENTED_EDGE('',*,*,#2239,.F.);
#3276=ORIENTED_EDGE('',*,*,#1978,.F.);
#3277=ORIENTED_EDGE('',*,*,#2118,.T.);
#3278=ORIENTED_EDGE('',*,*,#1976,.T.);
#3279=ORIENTED_EDGE('',*,*,#2244,.F.);
#3280=ORIENTED_EDGE('',*,*,#2397,.F.);
#3281=ORIENTED_EDGE('',*,*,#2119,.T.);
#3282=ORIENTED_EDGE('',*,*,#2397,.T.);
#3283=ORIENTED_EDGE('',*,*,#2243,.F.);
#3284=ORIENTED_EDGE('',*,*,#2398,.F.);
#3285=ORIENTED_EDGE('',*,*,#2120,.T.);
#3286=ORIENTED_EDGE('',*,*,#2398,.T.);
#3287=ORIENTED_EDGE('',*,*,#2242,.F.);
#3288=ORIENTED_EDGE('',*,*,#1974,.F.);
#3289=ORIENTED_EDGE('',*,*,#2121,.T.);
#3290=ORIENTED_EDGE('',*,*,#1972,.T.);
#3291=ORIENTED_EDGE('',*,*,#2247,.F.);
#3292=ORIENTED_EDGE('',*,*,#2399,.F.);
#3293=ORIENTED_EDGE('',*,*,#2122,.T.);
#3294=ORIENTED_EDGE('',*,*,#2399,.T.);
#3295=ORIENTED_EDGE('',*,*,#2246,.F.);
#3296=ORIENTED_EDGE('',*,*,#2400,.F.);
#3297=ORIENTED_EDGE('',*,*,#2123,.T.);
#3298=ORIENTED_EDGE('',*,*,#2400,.T.);
#3299=ORIENTED_EDGE('',*,*,#2245,.F.);
#3300=ORIENTED_EDGE('',*,*,#1970,.F.);
#3301=ORIENTED_EDGE('',*,*,#2124,.T.);
#3302=ORIENTED_EDGE('',*,*,#1968,.T.);
#3303=ORIENTED_EDGE('',*,*,#2250,.F.);
#3304=ORIENTED_EDGE('',*,*,#2401,.F.);
#3305=ORIENTED_EDGE('',*,*,#2125,.T.);
#3306=ORIENTED_EDGE('',*,*,#2401,.T.);
#3307=ORIENTED_EDGE('',*,*,#2249,.F.);
#3308=ORIENTED_EDGE('',*,*,#2402,.F.);
#3309=ORIENTED_EDGE('',*,*,#2126,.T.);
#3310=ORIENTED_EDGE('',*,*,#2402,.T.);
#3311=ORIENTED_EDGE('',*,*,#2248,.F.);
#3312=ORIENTED_EDGE('',*,*,#1966,.F.);
#3313=ORIENTED_EDGE('',*,*,#2127,.T.);
#3314=ORIENTED_EDGE('',*,*,#1964,.T.);
#3315=ORIENTED_EDGE('',*,*,#2253,.F.);
#3316=ORIENTED_EDGE('',*,*,#2403,.F.);
#3317=ORIENTED_EDGE('',*,*,#2128,.T.);
#3318=ORIENTED_EDGE('',*,*,#2403,.T.);
#3319=ORIENTED_EDGE('',*,*,#2252,.F.);
#3320=ORIENTED_EDGE('',*,*,#2404,.F.);
#3321=ORIENTED_EDGE('',*,*,#2129,.T.);
#3322=ORIENTED_EDGE('',*,*,#2404,.T.);
#3323=ORIENTED_EDGE('',*,*,#2251,.F.);
#3324=ORIENTED_EDGE('',*,*,#1962,.F.);
#3325=ORIENTED_EDGE('',*,*,#2130,.T.);
#3326=ORIENTED_EDGE('',*,*,#1960,.T.);
#3327=ORIENTED_EDGE('',*,*,#2256,.F.);
#3328=ORIENTED_EDGE('',*,*,#2405,.F.);
#3329=ORIENTED_EDGE('',*,*,#2131,.T.);
#3330=ORIENTED_EDGE('',*,*,#2405,.T.);
#3331=ORIENTED_EDGE('',*,*,#2255,.F.);
#3332=ORIENTED_EDGE('',*,*,#2406,.F.);
#3333=ORIENTED_EDGE('',*,*,#2132,.T.);
#3334=ORIENTED_EDGE('',*,*,#2406,.T.);
#3335=ORIENTED_EDGE('',*,*,#2254,.F.);
#3336=ORIENTED_EDGE('',*,*,#1958,.F.);
#3337=ORIENTED_EDGE('',*,*,#2133,.T.);
#3338=ORIENTED_EDGE('',*,*,#1956,.T.);
#3339=ORIENTED_EDGE('',*,*,#2259,.F.);
#3340=ORIENTED_EDGE('',*,*,#2407,.F.);
#3341=ORIENTED_EDGE('',*,*,#2134,.T.);
#3342=ORIENTED_EDGE('',*,*,#2407,.T.);
#3343=ORIENTED_EDGE('',*,*,#2258,.F.);
#3344=ORIENTED_EDGE('',*,*,#2408,.F.);
#3345=ORIENTED_EDGE('',*,*,#2135,.T.);
#3346=ORIENTED_EDGE('',*,*,#2408,.T.);
#3347=ORIENTED_EDGE('',*,*,#2257,.F.);
#3348=ORIENTED_EDGE('',*,*,#1954,.F.);
#3349=ORIENTED_EDGE('',*,*,#2136,.T.);
#3350=ORIENTED_EDGE('',*,*,#1952,.T.);
#3351=ORIENTED_EDGE('',*,*,#2262,.F.);
#3352=ORIENTED_EDGE('',*,*,#2409,.F.);
#3353=ORIENTED_EDGE('',*,*,#2137,.T.);
#3354=ORIENTED_EDGE('',*,*,#2409,.T.);
#3355=ORIENTED_EDGE('',*,*,#2261,.F.);
#3356=ORIENTED_EDGE('',*,*,#2410,.F.);
#3357=ORIENTED_EDGE('',*,*,#2138,.T.);
#3358=ORIENTED_EDGE('',*,*,#2410,.T.);
#3359=ORIENTED_EDGE('',*,*,#2260,.F.);
#3360=ORIENTED_EDGE('',*,*,#1950,.F.);
#3361=ORIENTED_EDGE('',*,*,#2139,.T.);
#3362=ORIENTED_EDGE('',*,*,#1948,.T.);
#3363=ORIENTED_EDGE('',*,*,#2265,.F.);
#3364=ORIENTED_EDGE('',*,*,#2411,.F.);
#3365=ORIENTED_EDGE('',*,*,#2140,.T.);
#3366=ORIENTED_EDGE('',*,*,#2411,.T.);
#3367=ORIENTED_EDGE('',*,*,#2264,.F.);
#3368=ORIENTED_EDGE('',*,*,#2412,.F.);
#3369=ORIENTED_EDGE('',*,*,#2141,.T.);
#3370=ORIENTED_EDGE('',*,*,#2412,.T.);
#3371=ORIENTED_EDGE('',*,*,#2263,.F.);
#3372=ORIENTED_EDGE('',*,*,#1946,.F.);
#3373=ORIENTED_EDGE('',*,*,#2142,.T.);
#3374=ORIENTED_EDGE('',*,*,#1944,.T.);
#3375=ORIENTED_EDGE('',*,*,#2268,.F.);
#3376=ORIENTED_EDGE('',*,*,#2413,.F.);
#3377=ORIENTED_EDGE('',*,*,#2143,.T.);
#3378=ORIENTED_EDGE('',*,*,#2413,.T.);
#3379=ORIENTED_EDGE('',*,*,#2267,.F.);
#3380=ORIENTED_EDGE('',*,*,#2414,.F.);
#3381=ORIENTED_EDGE('',*,*,#2144,.T.);
#3382=ORIENTED_EDGE('',*,*,#2414,.T.);
#3383=ORIENTED_EDGE('',*,*,#2266,.F.);
#3384=ORIENTED_EDGE('',*,*,#1942,.F.);
#3385=ORIENTED_EDGE('',*,*,#2145,.T.);
#3386=ORIENTED_EDGE('',*,*,#1940,.T.);
#3387=ORIENTED_EDGE('',*,*,#2271,.F.);
#3388=ORIENTED_EDGE('',*,*,#2415,.F.);
#3389=ORIENTED_EDGE('',*,*,#2146,.T.);
#3390=ORIENTED_EDGE('',*,*,#2415,.T.);
#3391=ORIENTED_EDGE('',*,*,#2270,.F.);
#3392=ORIENTED_EDGE('',*,*,#2416,.F.);
#3393=ORIENTED_EDGE('',*,*,#2147,.T.);
#3394=ORIENTED_EDGE('',*,*,#2416,.T.);
#3395=ORIENTED_EDGE('',*,*,#2269,.F.);
#3396=ORIENTED_EDGE('',*,*,#1938,.F.);
#3397=ORIENTED_EDGE('',*,*,#2148,.T.);
#3398=ORIENTED_EDGE('',*,*,#1936,.T.);
#3399=ORIENTED_EDGE('',*,*,#2274,.F.);
#3400=ORIENTED_EDGE('',*,*,#2417,.F.);
#3401=ORIENTED_EDGE('',*,*,#2149,.T.);
#3402=ORIENTED_EDGE('',*,*,#2417,.T.);
#3403=ORIENTED_EDGE('',*,*,#2273,.F.);
#3404=ORIENTED_EDGE('',*,*,#2418,.F.);
#3405=ORIENTED_EDGE('',*,*,#2150,.T.);
#3406=ORIENTED_EDGE('',*,*,#2418,.T.);
#3407=ORIENTED_EDGE('',*,*,#2272,.F.);
#3408=ORIENTED_EDGE('',*,*,#1934,.F.);
#3409=ORIENTED_EDGE('',*,*,#2151,.T.);
#3410=ORIENTED_EDGE('',*,*,#1932,.T.);
#3411=ORIENTED_EDGE('',*,*,#2277,.F.);
#3412=ORIENTED_EDGE('',*,*,#2419,.F.);
#3413=ORIENTED_EDGE('',*,*,#2152,.T.);
#3414=ORIENTED_EDGE('',*,*,#2419,.T.);
#3415=ORIENTED_EDGE('',*,*,#2276,.F.);
#3416=ORIENTED_EDGE('',*,*,#2420,.F.);
#3417=ORIENTED_EDGE('',*,*,#2153,.T.);
#3418=ORIENTED_EDGE('',*,*,#2420,.T.);
#3419=ORIENTED_EDGE('',*,*,#2275,.F.);
#3420=ORIENTED_EDGE('',*,*,#1930,.F.);
#3421=ORIENTED_EDGE('',*,*,#2154,.T.);
#3422=ORIENTED_EDGE('',*,*,#1928,.T.);
#3423=ORIENTED_EDGE('',*,*,#2280,.F.);
#3424=ORIENTED_EDGE('',*,*,#2421,.F.);
#3425=ORIENTED_EDGE('',*,*,#2155,.T.);
#3426=ORIENTED_EDGE('',*,*,#2421,.T.);
#3427=ORIENTED_EDGE('',*,*,#2279,.F.);
#3428=ORIENTED_EDGE('',*,*,#2422,.F.);
#3429=ORIENTED_EDGE('',*,*,#2156,.T.);
#3430=ORIENTED_EDGE('',*,*,#2422,.T.);
#3431=ORIENTED_EDGE('',*,*,#2278,.F.);
#3432=ORIENTED_EDGE('',*,*,#1926,.F.);
#3433=ORIENTED_EDGE('',*,*,#2157,.T.);
#3434=ORIENTED_EDGE('',*,*,#1924,.T.);
#3435=ORIENTED_EDGE('',*,*,#2283,.F.);
#3436=ORIENTED_EDGE('',*,*,#2423,.F.);
#3437=ORIENTED_EDGE('',*,*,#2158,.T.);
#3438=ORIENTED_EDGE('',*,*,#2423,.T.);
#3439=ORIENTED_EDGE('',*,*,#2282,.F.);
#3440=ORIENTED_EDGE('',*,*,#2424,.F.);
#3441=ORIENTED_EDGE('',*,*,#2159,.T.);
#3442=ORIENTED_EDGE('',*,*,#2424,.T.);
#3443=ORIENTED_EDGE('',*,*,#2281,.F.);
#3444=ORIENTED_EDGE('',*,*,#1922,.F.);
#3445=ORIENTED_EDGE('',*,*,#2160,.T.);
#3446=ORIENTED_EDGE('',*,*,#1920,.T.);
#3447=ORIENTED_EDGE('',*,*,#2286,.F.);
#3448=ORIENTED_EDGE('',*,*,#2425,.F.);
#3449=ORIENTED_EDGE('',*,*,#2161,.T.);
#3450=ORIENTED_EDGE('',*,*,#2425,.T.);
#3451=ORIENTED_EDGE('',*,*,#2285,.F.);
#3452=ORIENTED_EDGE('',*,*,#2426,.F.);
#3453=ORIENTED_EDGE('',*,*,#2162,.T.);
#3454=ORIENTED_EDGE('',*,*,#2426,.T.);
#3455=ORIENTED_EDGE('',*,*,#2284,.F.);
#3456=ORIENTED_EDGE('',*,*,#1918,.F.);
#3457=ORIENTED_EDGE('',*,*,#2163,.T.);
#3458=ORIENTED_EDGE('',*,*,#1916,.T.);
#3459=ORIENTED_EDGE('',*,*,#2289,.F.);
#3460=ORIENTED_EDGE('',*,*,#2427,.F.);
#3461=ORIENTED_EDGE('',*,*,#2164,.T.);
#3462=ORIENTED_EDGE('',*,*,#2427,.T.);
#3463=ORIENTED_EDGE('',*,*,#2288,.F.);
#3464=ORIENTED_EDGE('',*,*,#2428,.F.);
#3465=ORIENTED_EDGE('',*,*,#2165,.T.);
#3466=ORIENTED_EDGE('',*,*,#2428,.T.);
#3467=ORIENTED_EDGE('',*,*,#2287,.F.);
#3468=ORIENTED_EDGE('',*,*,#1914,.F.);
#3469=ORIENTED_EDGE('',*,*,#2166,.T.);
#3470=ORIENTED_EDGE('',*,*,#1912,.T.);
#3471=ORIENTED_EDGE('',*,*,#2292,.F.);
#3472=ORIENTED_EDGE('',*,*,#2429,.F.);
#3473=ORIENTED_EDGE('',*,*,#2167,.T.);
#3474=ORIENTED_EDGE('',*,*,#2429,.T.);
#3475=ORIENTED_EDGE('',*,*,#2291,.F.);
#3476=ORIENTED_EDGE('',*,*,#2430,.F.);
#3477=ORIENTED_EDGE('',*,*,#2168,.T.);
#3478=ORIENTED_EDGE('',*,*,#2430,.T.);
#3479=ORIENTED_EDGE('',*,*,#2290,.F.);
#3480=ORIENTED_EDGE('',*,*,#1910,.F.);
#3481=ORIENTED_EDGE('',*,*,#2169,.T.);
#3482=ORIENTED_EDGE('',*,*,#1908,.T.);
#3483=ORIENTED_EDGE('',*,*,#2295,.F.);
#3484=ORIENTED_EDGE('',*,*,#2431,.F.);
#3485=ORIENTED_EDGE('',*,*,#2170,.T.);
#3486=ORIENTED_EDGE('',*,*,#2431,.T.);
#3487=ORIENTED_EDGE('',*,*,#2294,.F.);
#3488=ORIENTED_EDGE('',*,*,#2432,.F.);
#3489=ORIENTED_EDGE('',*,*,#2171,.T.);
#3490=ORIENTED_EDGE('',*,*,#2432,.T.);
#3491=ORIENTED_EDGE('',*,*,#2293,.F.);
#3492=ORIENTED_EDGE('',*,*,#1906,.F.);
#3493=ORIENTED_EDGE('',*,*,#2172,.T.);
#3494=ORIENTED_EDGE('',*,*,#1904,.T.);
#3495=ORIENTED_EDGE('',*,*,#2298,.F.);
#3496=ORIENTED_EDGE('',*,*,#2433,.F.);
#3497=ORIENTED_EDGE('',*,*,#2173,.T.);
#3498=ORIENTED_EDGE('',*,*,#2433,.T.);
#3499=ORIENTED_EDGE('',*,*,#2297,.F.);
#3500=ORIENTED_EDGE('',*,*,#2434,.F.);
#3501=ORIENTED_EDGE('',*,*,#2174,.T.);
#3502=ORIENTED_EDGE('',*,*,#2434,.T.);
#3503=ORIENTED_EDGE('',*,*,#2296,.F.);
#3504=ORIENTED_EDGE('',*,*,#1902,.F.);
#3505=ORIENTED_EDGE('',*,*,#2175,.T.);
#3506=ORIENTED_EDGE('',*,*,#1900,.T.);
#3507=ORIENTED_EDGE('',*,*,#2301,.F.);
#3508=ORIENTED_EDGE('',*,*,#2435,.F.);
#3509=ORIENTED_EDGE('',*,*,#2176,.T.);
#3510=ORIENTED_EDGE('',*,*,#2435,.T.);
#3511=ORIENTED_EDGE('',*,*,#2300,.F.);
#3512=ORIENTED_EDGE('',*,*,#2436,.F.);
#3513=ORIENTED_EDGE('',*,*,#2177,.T.);
#3514=ORIENTED_EDGE('',*,*,#2436,.T.);
#3515=ORIENTED_EDGE('',*,*,#2299,.F.);
#3516=ORIENTED_EDGE('',*,*,#1898,.F.);
#3517=CYLINDRICAL_SURFACE('',#3801,3.15000000000015);
#3518=CYLINDRICAL_SURFACE('',#3804,3.15000000000015);
#3519=CYLINDRICAL_SURFACE('',#3807,3.15000000000015);
#3520=CYLINDRICAL_SURFACE('',#3810,3.15000000000015);
#3521=CYLINDRICAL_SURFACE('',#3813,3.15000000000015);
#3522=CYLINDRICAL_SURFACE('',#3816,3.15000000000015);
#3523=CYLINDRICAL_SURFACE('',#3819,3.15000000000015);
#3524=CYLINDRICAL_SURFACE('',#3822,3.15000000000015);
#3525=CYLINDRICAL_SURFACE('',#3825,3.15000000000015);
#3526=CYLINDRICAL_SURFACE('',#3828,3.15000000000015);
#3527=CYLINDRICAL_SURFACE('',#3831,3.15000000000018);
#3528=CYLINDRICAL_SURFACE('',#3834,3.15000000000018);
#3529=CYLINDRICAL_SURFACE('',#3837,3.15000000000018);
#3530=CYLINDRICAL_SURFACE('',#3840,3.15000000000018);
#3531=CYLINDRICAL_SURFACE('',#3843,3.15000000000018);
#3532=CYLINDRICAL_SURFACE('',#3846,3.15000000000018);
#3533=CYLINDRICAL_SURFACE('',#3849,3.15000000000018);
#3534=CYLINDRICAL_SURFACE('',#3852,3.15000000000017);
#3535=CYLINDRICAL_SURFACE('',#3855,3.15000000000017);
#3536=CYLINDRICAL_SURFACE('',#3858,3.15000000000018);
#3537=CYLINDRICAL_SURFACE('',#3861,3.15000000000017);
#3538=CYLINDRICAL_SURFACE('',#3864,3.15000000000017);
#3539=CYLINDRICAL_SURFACE('',#3867,3.15000000000018);
#3540=CYLINDRICAL_SURFACE('',#3870,3.15000000000018);
#3541=CYLINDRICAL_SURFACE('',#3873,3.15000000000018);
#3542=CYLINDRICAL_SURFACE('',#3876,3.15000000000018);
#3543=CYLINDRICAL_SURFACE('',#3879,3.15000000000018);
#3544=CYLINDRICAL_SURFACE('',#3882,3.15000000000018);
#3545=CYLINDRICAL_SURFACE('',#3885,3.15000000000018);
#3546=CYLINDRICAL_SURFACE('',#3888,3.15000000000018);
#3547=CYLINDRICAL_SURFACE('',#3891,3.15000000000015);
#3548=CYLINDRICAL_SURFACE('',#3894,3.15000000000015);
#3549=CYLINDRICAL_SURFACE('',#3897,3.15000000000015);
#3550=CYLINDRICAL_SURFACE('',#3900,3.15000000000015);
#3551=CYLINDRICAL_SURFACE('',#3903,3.15000000000015);
#3552=CYLINDRICAL_SURFACE('',#3906,3.15000000000015);
#3553=CYLINDRICAL_SURFACE('',#3909,3.15000000000015);
#3554=CYLINDRICAL_SURFACE('',#3912,3.15000000000015);
#3555=CYLINDRICAL_SURFACE('',#3915,3.15000000000015);
#3556=CYLINDRICAL_SURFACE('',#3918,3.15000000000015);
#3557=CYLINDRICAL_SURFACE('',#4005,1.);
#3558=CYLINDRICAL_SURFACE('',#4009,0.499999999999996);
#3559=CYLINDRICAL_SURFACE('',#4012,0.499999999999996);
#3560=CYLINDRICAL_SURFACE('',#4016,1.);
#3561=CYLINDRICAL_SURFACE('',#4022,0.500000000000004);
#3562=CYLINDRICAL_SURFACE('',#4026,0.999999999999998);
#3563=CYLINDRICAL_SURFACE('',#4029,0.999999999999998);
#3564=CYLINDRICAL_SURFACE('',#4033,0.5);
#3565=CYLINDRICAL_SURFACE('',#4040,3.15000000000015);
#3566=CYLINDRICAL_SURFACE('',#4043,3.15000000000015);
#3567=CYLINDRICAL_SURFACE('',#4046,3.15000000000015);
#3568=CYLINDRICAL_SURFACE('',#4049,3.15000000000015);
#3569=CYLINDRICAL_SURFACE('',#4052,3.15000000000015);
#3570=CYLINDRICAL_SURFACE('',#4055,3.15000000000015);
#3571=CYLINDRICAL_SURFACE('',#4058,3.15000000000015);
#3572=CYLINDRICAL_SURFACE('',#4061,3.15000000000015);
#3573=CYLINDRICAL_SURFACE('',#4064,3.15000000000015);
#3574=CYLINDRICAL_SURFACE('',#4067,3.15000000000015);
#3575=CYLINDRICAL_SURFACE('',#4070,3.15000000000018);
#3576=CYLINDRICAL_SURFACE('',#4073,3.15000000000018);
#3577=CYLINDRICAL_SURFACE('',#4076,3.15000000000018);
#3578=CYLINDRICAL_SURFACE('',#4079,3.15000000000018);
#3579=CYLINDRICAL_SURFACE('',#4082,3.15000000000018);
#3580=CYLINDRICAL_SURFACE('',#4085,3.15000000000018);
#3581=CYLINDRICAL_SURFACE('',#4088,3.15000000000018);
#3582=CYLINDRICAL_SURFACE('',#4091,3.15000000000017);
#3583=CYLINDRICAL_SURFACE('',#4094,3.15000000000017);
#3584=CYLINDRICAL_SURFACE('',#4097,3.15000000000018);
#3585=CYLINDRICAL_SURFACE('',#4100,3.15000000000018);
#3586=CYLINDRICAL_SURFACE('',#4103,3.15000000000017);
#3587=CYLINDRICAL_SURFACE('',#4106,3.15000000000018);
#3588=CYLINDRICAL_SURFACE('',#4109,3.15000000000018);
#3589=CYLINDRICAL_SURFACE('',#4112,3.15000000000018);
#3590=CYLINDRICAL_SURFACE('',#4115,3.15000000000018);
#3591=CYLINDRICAL_SURFACE('',#4118,3.15000000000018);
#3592=CYLINDRICAL_SURFACE('',#4121,3.15000000000018);
#3593=CYLINDRICAL_SURFACE('',#4124,3.15000000000018);
#3594=CYLINDRICAL_SURFACE('',#4127,3.15000000000018);
#3595=CYLINDRICAL_SURFACE('',#4130,3.15000000000015);
#3596=CYLINDRICAL_SURFACE('',#4133,3.15000000000015);
#3597=CYLINDRICAL_SURFACE('',#4136,3.15000000000015);
#3598=CYLINDRICAL_SURFACE('',#4139,3.15000000000015);
#3599=CYLINDRICAL_SURFACE('',#4142,3.15000000000015);
#3600=CYLINDRICAL_SURFACE('',#4145,3.15000000000015);
#3601=CYLINDRICAL_SURFACE('',#4148,3.15000000000015);
#3602=CYLINDRICAL_SURFACE('',#4151,3.15000000000015);
#3603=CYLINDRICAL_SURFACE('',#4154,3.15000000000015);
#3604=CYLINDRICAL_SURFACE('',#4157,3.15000000000015);
#3605=ADVANCED_FACE('',(#189),#3517,.F.);
#3606=ADVANCED_FACE('',(#190),#3518,.F.);
#3607=ADVANCED_FACE('',(#191),#3519,.F.);
#3608=ADVANCED_FACE('',(#192),#3520,.F.);
#3609=ADVANCED_FACE('',(#193),#3521,.F.);
#3610=ADVANCED_FACE('',(#194),#3522,.F.);
#3611=ADVANCED_FACE('',(#195),#3523,.F.);
#3612=ADVANCED_FACE('',(#196),#3524,.F.);
#3613=ADVANCED_FACE('',(#197),#3525,.F.);
#3614=ADVANCED_FACE('',(#198),#3526,.F.);
#3615=ADVANCED_FACE('',(#199),#3527,.F.);
#3616=ADVANCED_FACE('',(#200),#3528,.F.);
#3617=ADVANCED_FACE('',(#201),#3529,.F.);
#3618=ADVANCED_FACE('',(#202),#3530,.F.);
#3619=ADVANCED_FACE('',(#203),#3531,.F.);
#3620=ADVANCED_FACE('',(#204),#3532,.F.);
#3621=ADVANCED_FACE('',(#205),#3533,.F.);
#3622=ADVANCED_FACE('',(#206),#3534,.F.);
#3623=ADVANCED_FACE('',(#207),#3535,.F.);
#3624=ADVANCED_FACE('',(#208),#3536,.F.);
#3625=ADVANCED_FACE('',(#209),#3537,.F.);
#3626=ADVANCED_FACE('',(#210),#3538,.F.);
#3627=ADVANCED_FACE('',(#211),#3539,.F.);
#3628=ADVANCED_FACE('',(#212),#3540,.F.);
#3629=ADVANCED_FACE('',(#213),#3541,.F.);
#3630=ADVANCED_FACE('',(#214),#3542,.F.);
#3631=ADVANCED_FACE('',(#215),#3543,.F.);
#3632=ADVANCED_FACE('',(#216),#3544,.F.);
#3633=ADVANCED_FACE('',(#217),#3545,.F.);
#3634=ADVANCED_FACE('',(#218),#3546,.F.);
#3635=ADVANCED_FACE('',(#219),#3547,.F.);
#3636=ADVANCED_FACE('',(#220),#3548,.F.);
#3637=ADVANCED_FACE('',(#221),#3549,.F.);
#3638=ADVANCED_FACE('',(#222),#3550,.F.);
#3639=ADVANCED_FACE('',(#223),#3551,.F.);
#3640=ADVANCED_FACE('',(#224),#3552,.F.);
#3641=ADVANCED_FACE('',(#225),#3553,.F.);
#3642=ADVANCED_FACE('',(#226),#3554,.F.);
#3643=ADVANCED_FACE('',(#227),#3555,.F.);
#3644=ADVANCED_FACE('',(#228),#3556,.F.);
#3645=ADVANCED_FACE('',(#229,#15,#16,#17,#18,#19,#20,#21,#22,#23,#24,#25,
#26,#27,#28,#29,#30,#31,#32,#33,#34,#35,#36,#37,#38,#39,#40,#41,#42,#43,
#44,#45,#46,#47,#48,#49,#50,#51,#52,#53,#54),#95,.F.);
#3646=ADVANCED_FACE('',(#230,#55,#56,#57,#58,#59,#60,#61,#62,#63,#64,#65,
#66,#67,#68,#69,#70,#71,#72,#73,#74,#75,#76,#77,#78,#79,#80,#81,#82,#83,
#84,#85,#86,#87,#88,#89,#90,#91,#92,#93,#94),#96,.F.);
#3647=ADVANCED_FACE('',(#231),#97,.F.);
#3648=ADVANCED_FACE('',(#232),#98,.F.);
#3649=ADVANCED_FACE('',(#233),#3557,.T.);
#3650=ADVANCED_FACE('',(#234),#99,.F.);
#3651=ADVANCED_FACE('',(#235),#3558,.F.);
#3652=ADVANCED_FACE('',(#236),#3559,.F.);
#3653=ADVANCED_FACE('',(#237),#100,.F.);
#3654=ADVANCED_FACE('',(#238),#3560,.T.);
#3655=ADVANCED_FACE('',(#239),#101,.F.);
#3656=ADVANCED_FACE('',(#240),#102,.F.);
#3657=ADVANCED_FACE('',(#241),#103,.F.);
#3658=ADVANCED_FACE('',(#242),#3561,.F.);
#3659=ADVANCED_FACE('',(#243),#104,.F.);
#3660=ADVANCED_FACE('',(#244),#3562,.T.);
#3661=ADVANCED_FACE('',(#245),#3563,.T.);
#3662=ADVANCED_FACE('',(#246),#105,.F.);
#3663=ADVANCED_FACE('',(#247),#3564,.F.);
#3664=ADVANCED_FACE('',(#248),#106,.F.);
#3665=ADVANCED_FACE('',(#249),#107,.F.);
#3666=ADVANCED_FACE('',(#250),#108,.T.);
#3667=ADVANCED_FACE('',(#251),#109,.T.);
#3668=ADVANCED_FACE('',(#252),#3565,.F.);
#3669=ADVANCED_FACE('',(#253),#110,.T.);
#3670=ADVANCED_FACE('',(#254),#111,.T.);
#3671=ADVANCED_FACE('',(#255),#3566,.F.);
#3672=ADVANCED_FACE('',(#256),#112,.T.);
#3673=ADVANCED_FACE('',(#257),#113,.T.);
#3674=ADVANCED_FACE('',(#258),#3567,.F.);
#3675=ADVANCED_FACE('',(#259),#114,.T.);
#3676=ADVANCED_FACE('',(#260),#115,.T.);
#3677=ADVANCED_FACE('',(#261),#3568,.F.);
#3678=ADVANCED_FACE('',(#262),#116,.T.);
#3679=ADVANCED_FACE('',(#263),#117,.T.);
#3680=ADVANCED_FACE('',(#264),#3569,.F.);
#3681=ADVANCED_FACE('',(#265),#118,.T.);
#3682=ADVANCED_FACE('',(#266),#119,.T.);
#3683=ADVANCED_FACE('',(#267),#3570,.F.);
#3684=ADVANCED_FACE('',(#268),#120,.T.);
#3685=ADVANCED_FACE('',(#269),#121,.T.);
#3686=ADVANCED_FACE('',(#270),#3571,.F.);
#3687=ADVANCED_FACE('',(#271),#122,.T.);
#3688=ADVANCED_FACE('',(#272),#123,.T.);
#3689=ADVANCED_FACE('',(#273),#3572,.F.);
#3690=ADVANCED_FACE('',(#274),#124,.T.);
#3691=ADVANCED_FACE('',(#275),#125,.T.);
#3692=ADVANCED_FACE('',(#276),#3573,.F.);
#3693=ADVANCED_FACE('',(#277),#126,.T.);
#3694=ADVANCED_FACE('',(#278),#127,.T.);
#3695=ADVANCED_FACE('',(#279),#3574,.F.);
#3696=ADVANCED_FACE('',(#280),#128,.T.);
#3697=ADVANCED_FACE('',(#281),#129,.T.);
#3698=ADVANCED_FACE('',(#282),#3575,.F.);
#3699=ADVANCED_FACE('',(#283),#130,.T.);
#3700=ADVANCED_FACE('',(#284),#131,.T.);
#3701=ADVANCED_FACE('',(#285),#3576,.F.);
#3702=ADVANCED_FACE('',(#286),#132,.T.);
#3703=ADVANCED_FACE('',(#287),#133,.T.);
#3704=ADVANCED_FACE('',(#288),#3577,.F.);
#3705=ADVANCED_FACE('',(#289),#134,.T.);
#3706=ADVANCED_FACE('',(#290),#135,.T.);
#3707=ADVANCED_FACE('',(#291),#3578,.F.);
#3708=ADVANCED_FACE('',(#292),#136,.T.);
#3709=ADVANCED_FACE('',(#293),#137,.T.);
#3710=ADVANCED_FACE('',(#294),#3579,.F.);
#3711=ADVANCED_FACE('',(#295),#138,.T.);
#3712=ADVANCED_FACE('',(#296),#139,.T.);
#3713=ADVANCED_FACE('',(#297),#3580,.F.);
#3714=ADVANCED_FACE('',(#298),#140,.T.);
#3715=ADVANCED_FACE('',(#299),#141,.T.);
#3716=ADVANCED_FACE('',(#300),#3581,.F.);
#3717=ADVANCED_FACE('',(#301),#142,.T.);
#3718=ADVANCED_FACE('',(#302),#143,.T.);
#3719=ADVANCED_FACE('',(#303),#3582,.F.);
#3720=ADVANCED_FACE('',(#304),#144,.T.);
#3721=ADVANCED_FACE('',(#305),#145,.T.);
#3722=ADVANCED_FACE('',(#306),#3583,.F.);
#3723=ADVANCED_FACE('',(#307),#146,.T.);
#3724=ADVANCED_FACE('',(#308),#147,.T.);
#3725=ADVANCED_FACE('',(#309),#3584,.F.);
#3726=ADVANCED_FACE('',(#310),#148,.T.);
#3727=ADVANCED_FACE('',(#311),#149,.T.);
#3728=ADVANCED_FACE('',(#312),#3585,.F.);
#3729=ADVANCED_FACE('',(#313),#150,.T.);
#3730=ADVANCED_FACE('',(#314),#151,.T.);
#3731=ADVANCED_FACE('',(#315),#3586,.F.);
#3732=ADVANCED_FACE('',(#316),#152,.T.);
#3733=ADVANCED_FACE('',(#317),#153,.T.);
#3734=ADVANCED_FACE('',(#318),#3587,.F.);
#3735=ADVANCED_FACE('',(#319),#154,.T.);
#3736=ADVANCED_FACE('',(#320),#155,.T.);
#3737=ADVANCED_FACE('',(#321),#3588,.F.);
#3738=ADVANCED_FACE('',(#322),#156,.T.);
#3739=ADVANCED_FACE('',(#323),#157,.T.);
#3740=ADVANCED_FACE('',(#324),#3589,.F.);
#3741=ADVANCED_FACE('',(#325),#158,.T.);
#3742=ADVANCED_FACE('',(#326),#159,.T.);
#3743=ADVANCED_FACE('',(#327),#3590,.F.);
#3744=ADVANCED_FACE('',(#328),#160,.T.);
#3745=ADVANCED_FACE('',(#329),#161,.T.);
#3746=ADVANCED_FACE('',(#330),#3591,.F.);
#3747=ADVANCED_FACE('',(#331),#162,.T.);
#3748=ADVANCED_FACE('',(#332),#163,.T.);
#3749=ADVANCED_FACE('',(#333),#3592,.F.);
#3750=ADVANCED_FACE('',(#334),#164,.T.);
#3751=ADVANCED_FACE('',(#335),#165,.T.);
#3752=ADVANCED_FACE('',(#336),#3593,.F.);
#3753=ADVANCED_FACE('',(#337),#166,.T.);
#3754=ADVANCED_FACE('',(#338),#167,.T.);
#3755=ADVANCED_FACE('',(#339),#3594,.F.);
#3756=ADVANCED_FACE('',(#340),#168,.T.);
#3757=ADVANCED_FACE('',(#341),#169,.T.);
#3758=ADVANCED_FACE('',(#342),#3595,.F.);
#3759=ADVANCED_FACE('',(#343),#170,.T.);
#3760=ADVANCED_FACE('',(#344),#171,.T.);
#3761=ADVANCED_FACE('',(#345),#3596,.F.);
#3762=ADVANCED_FACE('',(#346),#172,.T.);
#3763=ADVANCED_FACE('',(#347),#173,.T.);
#3764=ADVANCED_FACE('',(#348),#3597,.F.);
#3765=ADVANCED_FACE('',(#349),#174,.T.);
#3766=ADVANCED_FACE('',(#350),#175,.T.);
#3767=ADVANCED_FACE('',(#351),#3598,.F.);
#3768=ADVANCED_FACE('',(#352),#176,.T.);
#3769=ADVANCED_FACE('',(#353),#177,.T.);
#3770=ADVANCED_FACE('',(#354),#3599,.F.);
#3771=ADVANCED_FACE('',(#355),#178,.T.);
#3772=ADVANCED_FACE('',(#356),#179,.T.);
#3773=ADVANCED_FACE('',(#357),#3600,.F.);
#3774=ADVANCED_FACE('',(#358),#180,.T.);
#3775=ADVANCED_FACE('',(#359),#181,.T.);
#3776=ADVANCED_FACE('',(#360),#3601,.F.);
#3777=ADVANCED_FACE('',(#361),#182,.T.);
#3778=ADVANCED_FACE('',(#362),#183,.T.);
#3779=ADVANCED_FACE('',(#363),#3602,.F.);
#3780=ADVANCED_FACE('',(#364),#184,.T.);
#3781=ADVANCED_FACE('',(#365),#185,.T.);
#3782=ADVANCED_FACE('',(#366),#3603,.F.);
#3783=ADVANCED_FACE('',(#367),#186,.T.);
#3784=ADVANCED_FACE('',(#368),#187,.T.);
#3785=ADVANCED_FACE('',(#369),#3604,.F.);
#3786=ADVANCED_FACE('',(#370),#188,.T.);
#3787=CLOSED_SHELL('',(#3605,#3606,#3607,#3608,#3609,#3610,#3611,#3612,
#3613,#3614,#3615,#3616,#3617,#3618,#3619,#3620,#3621,#3622,#3623,#3624,
#3625,#3626,#3627,#3628,#3629,#3630,#3631,#3632,#3633,#3634,#3635,#3636,
#3637,#3638,#3639,#3640,#3641,#3642,#3643,#3644,#3645,#3646,#3647,#3648,
#3649,#3650,#3651,#3652,#3653,#3654,#3655,#3656,#3657,#3658,#3659,#3660,
#3661,#3662,#3663,#3664,#3665,#3666,#3667,#3668,#3669,#3670,#3671,#3672,
#3673,#3674,#3675,#3676,#3677,#3678,#3679,#3680,#3681,#3682,#3683,#3684,
#3685,#3686,#3687,#3688,#3689,#3690,#3691,#3692,#3693,#3694,#3695,#3696,
#3697,#3698,#3699,#3700,#3701,#3702,#3703,#3704,#3705,#3706,#3707,#3708,
#3709,#3710,#3711,#3712,#3713,#3714,#3715,#3716,#3717,#3718,#3719,#3720,
#3721,#3722,#3723,#3724,#3725,#3726,#3727,#3728,#3729,#3730,#3731,#3732,
#3733,#3734,#3735,#3736,#3737,#3738,#3739,#3740,#3741,#3742,#3743,#3744,
#3745,#3746,#3747,#3748,#3749,#3750,#3751,#3752,#3753,#3754,#3755,#3756,
#3757,#3758,#3759,#3760,#3761,#3762,#3763,#3764,#3765,#3766,#3767,#3768,
#3769,#3770,#3771,#3772,#3773,#3774,#3775,#3776,#3777,#3778,#3779,#3780,
#3781,#3782,#3783,#3784,#3785,#3786));
#3788=DERIVED_UNIT_ELEMENT(#3790,1.);
#3789=DERIVED_UNIT_ELEMENT(#6329,-3.);
#3790=(
MASS_UNIT()
NAMED_UNIT(*)
SI_UNIT(.KILO.,.GRAM.)
);
#3791=DERIVED_UNIT((#3788,#3789));
#3792=MEASURE_REPRESENTATION_ITEM('density measure',
POSITIVE_RATIO_MEASURE(7850.),#3791);
#3793=PROPERTY_DEFINITION_REPRESENTATION(#3798,#3795);
#3794=PROPERTY_DEFINITION_REPRESENTATION(#3799,#3796);
#3795=REPRESENTATION('material name',(#3797),#6326);
#3796=REPRESENTATION('density',(#3792),#6326);
#3797=DESCRIPTIVE_REPRESENTATION_ITEM('Steel','Steel');
#3798=PROPERTY_DEFINITION('material property','material name',#6336);
#3799=PROPERTY_DEFINITION('material property','density of part',#6336);
#3800=AXIS2_PLACEMENT_3D('',#5241,#4159,#4160);
#3801=AXIS2_PLACEMENT_3D('',#5242,#4161,#4162);
#3802=AXIS2_PLACEMENT_3D('',#5245,#4163,#4164);
#3803=AXIS2_PLACEMENT_3D('',#5249,#4166,#4167);
#3804=AXIS2_PLACEMENT_3D('',#5251,#4169,#4170);
#3805=AXIS2_PLACEMENT_3D('',#5254,#4171,#4172);
#3806=AXIS2_PLACEMENT_3D('',#5258,#4174,#4175);
#3807=AXIS2_PLACEMENT_3D('',#5260,#4177,#4178);
#3808=AXIS2_PLACEMENT_3D('',#5263,#4179,#4180);
#3809=AXIS2_PLACEMENT_3D('',#5267,#4182,#4183);
#3810=AXIS2_PLACEMENT_3D('',#5269,#4185,#4186);
#3811=AXIS2_PLACEMENT_3D('',#5272,#4187,#4188);
#3812=AXIS2_PLACEMENT_3D('',#5276,#4190,#4191);
#3813=AXIS2_PLACEMENT_3D('',#5278,#4193,#4194);
#3814=AXIS2_PLACEMENT_3D('',#5281,#4195,#4196);
#3815=AXIS2_PLACEMENT_3D('',#5285,#4198,#4199);
#3816=AXIS2_PLACEMENT_3D('',#5287,#4201,#4202);
#3817=AXIS2_PLACEMENT_3D('',#5290,#4203,#4204);
#3818=AXIS2_PLACEMENT_3D('',#5294,#4206,#4207);
#3819=AXIS2_PLACEMENT_3D('',#5296,#4209,#4210);
#3820=AXIS2_PLACEMENT_3D('',#5299,#4211,#4212);
#3821=AXIS2_PLACEMENT_3D('',#5303,#4214,#4215);
#3822=AXIS2_PLACEMENT_3D('',#5305,#4217,#4218);
#3823=AXIS2_PLACEMENT_3D('',#5308,#4219,#4220);
#3824=AXIS2_PLACEMENT_3D('',#5312,#4222,#4223);
#3825=AXIS2_PLACEMENT_3D('',#5314,#4225,#4226);
#3826=AXIS2_PLACEMENT_3D('',#5317,#4227,#4228);
#3827=AXIS2_PLACEMENT_3D('',#5321,#4230,#4231);
#3828=AXIS2_PLACEMENT_3D('',#5323,#4233,#4234);
#3829=AXIS2_PLACEMENT_3D('',#5326,#4235,#4236);
#3830=AXIS2_PLACEMENT_3D('',#5330,#4238,#4239);
#3831=AXIS2_PLACEMENT_3D('',#5332,#4241,#4242);
#3832=AXIS2_PLACEMENT_3D('',#5335,#4243,#4244);
#3833=AXIS2_PLACEMENT_3D('',#5339,#4246,#4247);
#3834=AXIS2_PLACEMENT_3D('',#5341,#4249,#4250);
#3835=AXIS2_PLACEMENT_3D('',#5344,#4251,#4252);
#3836=AXIS2_PLACEMENT_3D('',#5348,#4254,#4255);
#3837=AXIS2_PLACEMENT_3D('',#5350,#4257,#4258);
#3838=AXIS2_PLACEMENT_3D('',#5353,#4259,#4260);
#3839=AXIS2_PLACEMENT_3D('',#5357,#4262,#4263);
#3840=AXIS2_PLACEMENT_3D('',#5359,#4265,#4266);
#3841=AXIS2_PLACEMENT_3D('',#5362,#4267,#4268);
#3842=AXIS2_PLACEMENT_3D('',#5366,#4270,#4271);
#3843=AXIS2_PLACEMENT_3D('',#5368,#4273,#4274);
#3844=AXIS2_PLACEMENT_3D('',#5371,#4275,#4276);
#3845=AXIS2_PLACEMENT_3D('',#5375,#4278,#4279);
#3846=AXIS2_PLACEMENT_3D('',#5377,#4281,#4282);
#3847=AXIS2_PLACEMENT_3D('',#5380,#4283,#4284);
#3848=AXIS2_PLACEMENT_3D('',#5384,#4286,#4287);
#3849=AXIS2_PLACEMENT_3D('',#5386,#4289,#4290);
#3850=AXIS2_PLACEMENT_3D('',#5389,#4291,#4292);
#3851=AXIS2_PLACEMENT_3D('',#5393,#4294,#4295);
#3852=AXIS2_PLACEMENT_3D('',#5395,#4297,#4298);
#3853=AXIS2_PLACEMENT_3D('',#5398,#4299,#4300);
#3854=AXIS2_PLACEMENT_3D('',#5402,#4302,#4303);
#3855=AXIS2_PLACEMENT_3D('',#5404,#4305,#4306);
#3856=AXIS2_PLACEMENT_3D('',#5407,#4307,#4308);
#3857=AXIS2_PLACEMENT_3D('',#5411,#4310,#4311);
#3858=AXIS2_PLACEMENT_3D('',#5413,#4313,#4314);
#3859=AXIS2_PLACEMENT_3D('',#5416,#4315,#4316);
#3860=AXIS2_PLACEMENT_3D('',#5420,#4318,#4319);
#3861=AXIS2_PLACEMENT_3D('',#5422,#4321,#4322);
#3862=AXIS2_PLACEMENT_3D('',#5425,#4323,#4324);
#3863=AXIS2_PLACEMENT_3D('',#5429,#4326,#4327);
#3864=AXIS2_PLACEMENT_3D('',#5431,#4329,#4330);
#3865=AXIS2_PLACEMENT_3D('',#5434,#4331,#4332);
#3866=AXIS2_PLACEMENT_3D('',#5438,#4334,#4335);
#3867=AXIS2_PLACEMENT_3D('',#5440,#4337,#4338);
#3868=AXIS2_PLACEMENT_3D('',#5443,#4339,#4340);
#3869=AXIS2_PLACEMENT_3D('',#5447,#4342,#4343);
#3870=AXIS2_PLACEMENT_3D('',#5449,#4345,#4346);
#3871=AXIS2_PLACEMENT_3D('',#5452,#4347,#4348);
#3872=AXIS2_PLACEMENT_3D('',#5456,#4350,#4351);
#3873=AXIS2_PLACEMENT_3D('',#5458,#4353,#4354);
#3874=AXIS2_PLACEMENT_3D('',#5461,#4355,#4356);
#3875=AXIS2_PLACEMENT_3D('',#5465,#4358,#4359);
#3876=AXIS2_PLACEMENT_3D('',#5467,#4361,#4362);
#3877=AXIS2_PLACEMENT_3D('',#5470,#4363,#4364);
#3878=AXIS2_PLACEMENT_3D('',#5474,#4366,#4367);
#3879=AXIS2_PLACEMENT_3D('',#5476,#4369,#4370);
#3880=AXIS2_PLACEMENT_3D('',#5479,#4371,#4372);
#3881=AXIS2_PLACEMENT_3D('',#5483,#4374,#4375);
#3882=AXIS2_PLACEMENT_3D('',#5485,#4377,#4378);
#3883=AXIS2_PLACEMENT_3D('',#5488,#4379,#4380);
#3884=AXIS2_PLACEMENT_3D('',#5492,#4382,#4383);
#3885=AXIS2_PLACEMENT_3D('',#5494,#4385,#4386);
#3886=AXIS2_PLACEMENT_3D('',#5497,#4387,#4388);
#3887=AXIS2_PLACEMENT_3D('',#5501,#4390,#4391);
#3888=AXIS2_PLACEMENT_3D('',#5503,#4393,#4394);
#3889=AXIS2_PLACEMENT_3D('',#5506,#4395,#4396);
#3890=AXIS2_PLACEMENT_3D('',#5510,#4398,#4399);
#3891=AXIS2_PLACEMENT_3D('',#5512,#4401,#4402);
#3892=AXIS2_PLACEMENT_3D('',#5515,#4403,#4404);
#3893=AXIS2_PLACEMENT_3D('',#5519,#4406,#4407);
#3894=AXIS2_PLACEMENT_3D('',#5521,#4409,#4410);
#3895=AXIS2_PLACEMENT_3D('',#5524,#4411,#4412);
#3896=AXIS2_PLACEMENT_3D('',#5528,#4414,#4415);
#3897=AXIS2_PLACEMENT_3D('',#5530,#4417,#4418);
#3898=AXIS2_PLACEMENT_3D('',#5533,#4419,#4420);
#3899=AXIS2_PLACEMENT_3D('',#5537,#4422,#4423);
#3900=AXIS2_PLACEMENT_3D('',#5539,#4425,#4426);
#3901=AXIS2_PLACEMENT_3D('',#5542,#4427,#4428);
#3902=AXIS2_PLACEMENT_3D('',#5546,#4430,#4431);
#3903=AXIS2_PLACEMENT_3D('',#5548,#4433,#4434);
#3904=AXIS2_PLACEMENT_3D('',#5551,#4435,#4436);
#3905=AXIS2_PLACEMENT_3D('',#5555,#4438,#4439);
#3906=AXIS2_PLACEMENT_3D('',#5557,#4441,#4442);
#3907=AXIS2_PLACEMENT_3D('',#5560,#4443,#4444);
#3908=AXIS2_PLACEMENT_3D('',#5564,#4446,#4447);
#3909=AXIS2_PLACEMENT_3D('',#5566,#4449,#4450);
#3910=AXIS2_PLACEMENT_3D('',#5569,#4451,#4452);
#3911=AXIS2_PLACEMENT_3D('',#5573,#4454,#4455);
#3912=AXIS2_PLACEMENT_3D('',#5575,#4457,#4458);
#3913=AXIS2_PLACEMENT_3D('',#5578,#4459,#4460);
#3914=AXIS2_PLACEMENT_3D('',#5582,#4462,#4463);
#3915=AXIS2_PLACEMENT_3D('',#5584,#4465,#4466);
#3916=AXIS2_PLACEMENT_3D('',#5587,#4467,#4468);
#3917=AXIS2_PLACEMENT_3D('',#5591,#4470,#4471);
#3918=AXIS2_PLACEMENT_3D('',#5593,#4473,#4474);
#3919=AXIS2_PLACEMENT_3D('',#5596,#4475,#4476);
#3920=AXIS2_PLACEMENT_3D('',#5600,#4478,#4479);
#3921=AXIS2_PLACEMENT_3D('',#5602,#4481,#4482);
#3922=AXIS2_PLACEMENT_3D('',#5614,#4488,#4489);
#3923=AXIS2_PLACEMENT_3D('',#5619,#4492,#4493);
#3924=AXIS2_PLACEMENT_3D('',#5624,#4496,#4497);
#3925=AXIS2_PLACEMENT_3D('',#5629,#4500,#4501);
#3926=AXIS2_PLACEMENT_3D('',#5634,#4504,#4505);
#3927=AXIS2_PLACEMENT_3D('',#5639,#4508,#4509);
#3928=AXIS2_PLACEMENT_3D('',#5644,#4512,#4513);
#3929=AXIS2_PLACEMENT_3D('',#5649,#4516,#4517);
#3930=AXIS2_PLACEMENT_3D('',#5654,#4520,#4521);
#3931=AXIS2_PLACEMENT_3D('',#5659,#4524,#4525);
#3932=AXIS2_PLACEMENT_3D('',#5664,#4528,#4529);
#3933=AXIS2_PLACEMENT_3D('',#5669,#4532,#4533);
#3934=AXIS2_PLACEMENT_3D('',#5674,#4536,#4537);
#3935=AXIS2_PLACEMENT_3D('',#5679,#4540,#4541);
#3936=AXIS2_PLACEMENT_3D('',#5684,#4544,#4545);
#3937=AXIS2_PLACEMENT_3D('',#5689,#4548,#4549);
#3938=AXIS2_PLACEMENT_3D('',#5694,#4552,#4553);
#3939=AXIS2_PLACEMENT_3D('',#5699,#4556,#4557);
#3940=AXIS2_PLACEMENT_3D('',#5704,#4560,#4561);
#3941=AXIS2_PLACEMENT_3D('',#5709,#4564,#4565);
#3942=AXIS2_PLACEMENT_3D('',#5714,#4568,#4569);
#3943=AXIS2_PLACEMENT_3D('',#5719,#4572,#4573);
#3944=AXIS2_PLACEMENT_3D('',#5724,#4576,#4577);
#3945=AXIS2_PLACEMENT_3D('',#5729,#4580,#4581);
#3946=AXIS2_PLACEMENT_3D('',#5734,#4584,#4585);
#3947=AXIS2_PLACEMENT_3D('',#5739,#4588,#4589);
#3948=AXIS2_PLACEMENT_3D('',#5744,#4592,#4593);
#3949=AXIS2_PLACEMENT_3D('',#5749,#4596,#4597);
#3950=AXIS2_PLACEMENT_3D('',#5754,#4600,#4601);
#3951=AXIS2_PLACEMENT_3D('',#5759,#4604,#4605);
#3952=AXIS2_PLACEMENT_3D('',#5764,#4608,#4609);
#3953=AXIS2_PLACEMENT_3D('',#5769,#4612,#4613);
#3954=AXIS2_PLACEMENT_3D('',#5774,#4616,#4617);
#3955=AXIS2_PLACEMENT_3D('',#5779,#4620,#4621);
#3956=AXIS2_PLACEMENT_3D('',#5784,#4624,#4625);
#3957=AXIS2_PLACEMENT_3D('',#5789,#4628,#4629);
#3958=AXIS2_PLACEMENT_3D('',#5794,#4632,#4633);
#3959=AXIS2_PLACEMENT_3D('',#5799,#4636,#4637);
#3960=AXIS2_PLACEMENT_3D('',#5804,#4640,#4641);
#3961=AXIS2_PLACEMENT_3D('',#5809,#4644,#4645);
#3962=AXIS2_PLACEMENT_3D('',#5811,#4647,#4648);
#3963=AXIS2_PLACEMENT_3D('',#5823,#4654,#4655);
#3964=AXIS2_PLACEMENT_3D('',#5828,#4658,#4659);
#3965=AXIS2_PLACEMENT_3D('',#5833,#4662,#4663);
#3966=AXIS2_PLACEMENT_3D('',#5838,#4666,#4667);
#3967=AXIS2_PLACEMENT_3D('',#5843,#4670,#4671);
#3968=AXIS2_PLACEMENT_3D('',#5848,#4674,#4675);
#3969=AXIS2_PLACEMENT_3D('',#5853,#4678,#4679);
#3970=AXIS2_PLACEMENT_3D('',#5858,#4682,#4683);
#3971=AXIS2_PLACEMENT_3D('',#5863,#4686,#4687);
#3972=AXIS2_PLACEMENT_3D('',#5868,#4690,#4691);
#3973=AXIS2_PLACEMENT_3D('',#5873,#4694,#4695);
#3974=AXIS2_PLACEMENT_3D('',#5878,#4698,#4699);
#3975=AXIS2_PLACEMENT_3D('',#5883,#4702,#4703);
#3976=AXIS2_PLACEMENT_3D('',#5888,#4706,#4707);
#3977=AXIS2_PLACEMENT_3D('',#5893,#4710,#4711);
#3978=AXIS2_PLACEMENT_3D('',#5898,#4714,#4715);
#3979=AXIS2_PLACEMENT_3D('',#5903,#4718,#4719);
#3980=AXIS2_PLACEMENT_3D('',#5908,#4722,#4723);
#3981=AXIS2_PLACEMENT_3D('',#5913,#4726,#4727);
#3982=AXIS2_PLACEMENT_3D('',#5918,#4730,#4731);
#3983=AXIS2_PLACEMENT_3D('',#5923,#4734,#4735);
#3984=AXIS2_PLACEMENT_3D('',#5928,#4738,#4739);
#3985=AXIS2_PLACEMENT_3D('',#5933,#4742,#4743);
#3986=AXIS2_PLACEMENT_3D('',#5938,#4746,#4747);
#3987=AXIS2_PLACEMENT_3D('',#5943,#4750,#4751);
#3988=AXIS2_PLACEMENT_3D('',#5948,#4754,#4755);
#3989=AXIS2_PLACEMENT_3D('',#5953,#4758,#4759);
#3990=AXIS2_PLACEMENT_3D('',#5958,#4762,#4763);
#3991=AXIS2_PLACEMENT_3D('',#5963,#4766,#4767);
#3992=AXIS2_PLACEMENT_3D('',#5968,#4770,#4771);
#3993=AXIS2_PLACEMENT_3D('',#5973,#4774,#4775);
#3994=AXIS2_PLACEMENT_3D('',#5978,#4778,#4779);
#3995=AXIS2_PLACEMENT_3D('',#5983,#4782,#4783);
#3996=AXIS2_PLACEMENT_3D('',#5988,#4786,#4787);
#3997=AXIS2_PLACEMENT_3D('',#5993,#4790,#4791);
#3998=AXIS2_PLACEMENT_3D('',#5998,#4794,#4795);
#3999=AXIS2_PLACEMENT_3D('',#6003,#4798,#4799);
#4000=AXIS2_PLACEMENT_3D('',#6008,#4802,#4803);
#4001=AXIS2_PLACEMENT_3D('',#6013,#4806,#4807);
#4002=AXIS2_PLACEMENT_3D('',#6018,#4810,#4811);
#4003=AXIS2_PLACEMENT_3D('',#6020,#4813,#4814);
#4004=AXIS2_PLACEMENT_3D('',#6029,#4819,#4820);
#4005=AXIS2_PLACEMENT_3D('',#6035,#4824,#4825);
#4006=AXIS2_PLACEMENT_3D('',#6037,#4826,#4827);
#4007=AXIS2_PLACEMENT_3D('',#6040,#4829,#4830);
#4008=AXIS2_PLACEMENT_3D('',#6041,#4831,#4832);
#4009=AXIS2_PLACEMENT_3D('',#6047,#4836,#4837);
#4010=AXIS2_PLACEMENT_3D('',#6048,#4838,#4839);
#4011=AXIS2_PLACEMENT_3D('',#6049,#4840,#4841);
#4012=AXIS2_PLACEMENT_3D('',#6050,#4842,#4843);
#4013=AXIS2_PLACEMENT_3D('',#6052,#4844,#4845);
#4014=AXIS2_PLACEMENT_3D('',#6055,#4847,#4848);
#4015=AXIS2_PLACEMENT_3D('',#6056,#4849,#4850);
#4016=AXIS2_PLACEMENT_3D('',#6062,#4854,#4855);
#4017=AXIS2_PLACEMENT_3D('',#6064,#4856,#4857);
#4018=AXIS2_PLACEMENT_3D('',#6067,#4859,#4860);
#4019=AXIS2_PLACEMENT_3D('',#6068,#4861,#4862);
#4020=AXIS2_PLACEMENT_3D('',#6074,#4866,#4867);
#4021=AXIS2_PLACEMENT_3D('',#6080,#4871,#4872);
#4022=AXIS2_PLACEMENT_3D('',#6086,#4876,#4877);
#4023=AXIS2_PLACEMENT_3D('',#6088,#4878,#4879);
#4024=AXIS2_PLACEMENT_3D('',#6091,#4881,#4882);
#4025=AXIS2_PLACEMENT_3D('',#6092,#4883,#4884);
#4026=AXIS2_PLACEMENT_3D('',#6098,#4888,#4889);
#4027=AXIS2_PLACEMENT_3D('',#6099,#4890,#4891);
#4028=AXIS2_PLACEMENT_3D('',#6100,#4892,#4893);
#4029=AXIS2_PLACEMENT_3D('',#6101,#4894,#4895);
#4030=AXIS2_PLACEMENT_3D('',#6103,#4896,#4897);
#4031=AXIS2_PLACEMENT_3D('',#6106,#4899,#4900);
#4032=AXIS2_PLACEMENT_3D('',#6107,#4901,#4902);
#4033=AXIS2_PLACEMENT_3D('',#6113,#4906,#4907);
#4034=AXIS2_PLACEMENT_3D('',#6115,#4908,#4909);
#4035=AXIS2_PLACEMENT_3D('',#6118,#4911,#4912);
#4036=AXIS2_PLACEMENT_3D('',#6119,#4913,#4914);
#4037=AXIS2_PLACEMENT_3D('',#6122,#4917,#4918);
#4038=AXIS2_PLACEMENT_3D('',#6123,#4919,#4920);
#4039=AXIS2_PLACEMENT_3D('',#6124,#4921,#4922);
#4040=AXIS2_PLACEMENT_3D('',#6126,#4924,#4925);
#4041=AXIS2_PLACEMENT_3D('',#6128,#4927,#4928);
#4042=AXIS2_PLACEMENT_3D('',#6129,#4929,#4930);
#4043=AXIS2_PLACEMENT_3D('',#6131,#4932,#4933);
#4044=AXIS2_PLACEMENT_3D('',#6133,#4935,#4936);
#4045=AXIS2_PLACEMENT_3D('',#6134,#4937,#4938);
#4046=AXIS2_PLACEMENT_3D('',#6136,#4940,#4941);
#4047=AXIS2_PLACEMENT_3D('',#6138,#4943,#4944);
#4048=AXIS2_PLACEMENT_3D('',#6139,#4945,#4946);
#4049=AXIS2_PLACEMENT_3D('',#6141,#4948,#4949);
#4050=AXIS2_PLACEMENT_3D('',#6143,#4951,#4952);
#4051=AXIS2_PLACEMENT_3D('',#6144,#4953,#4954);
#4052=AXIS2_PLACEMENT_3D('',#6146,#4956,#4957);
#4053=AXIS2_PLACEMENT_3D('',#6148,#4959,#4960);
#4054=AXIS2_PLACEMENT_3D('',#6149,#4961,#4962);
#4055=AXIS2_PLACEMENT_3D('',#6151,#4964,#4965);
#4056=AXIS2_PLACEMENT_3D('',#6153,#4967,#4968);
#4057=AXIS2_PLACEMENT_3D('',#6154,#4969,#4970);
#4058=AXIS2_PLACEMENT_3D('',#6156,#4972,#4973);
#4059=AXIS2_PLACEMENT_3D('',#6158,#4975,#4976);
#4060=AXIS2_PLACEMENT_3D('',#6159,#4977,#4978);
#4061=AXIS2_PLACEMENT_3D('',#6161,#4980,#4981);
#4062=AXIS2_PLACEMENT_3D('',#6163,#4983,#4984);
#4063=AXIS2_PLACEMENT_3D('',#6164,#4985,#4986);
#4064=AXIS2_PLACEMENT_3D('',#6166,#4988,#4989);
#4065=AXIS2_PLACEMENT_3D('',#6168,#4991,#4992);
#4066=AXIS2_PLACEMENT_3D('',#6169,#4993,#4994);
#4067=AXIS2_PLACEMENT_3D('',#6171,#4996,#4997);
#4068=AXIS2_PLACEMENT_3D('',#6173,#4999,#5000);
#4069=AXIS2_PLACEMENT_3D('',#6174,#5001,#5002);
#4070=AXIS2_PLACEMENT_3D('',#6176,#5004,#5005);
#4071=AXIS2_PLACEMENT_3D('',#6178,#5007,#5008);
#4072=AXIS2_PLACEMENT_3D('',#6179,#5009,#5010);
#4073=AXIS2_PLACEMENT_3D('',#6181,#5012,#5013);
#4074=AXIS2_PLACEMENT_3D('',#6183,#5015,#5016);
#4075=AXIS2_PLACEMENT_3D('',#6184,#5017,#5018);
#4076=AXIS2_PLACEMENT_3D('',#6186,#5020,#5021);
#4077=AXIS2_PLACEMENT_3D('',#6188,#5023,#5024);
#4078=AXIS2_PLACEMENT_3D('',#6189,#5025,#5026);
#4079=AXIS2_PLACEMENT_3D('',#6191,#5028,#5029);
#4080=AXIS2_PLACEMENT_3D('',#6193,#5031,#5032);
#4081=AXIS2_PLACEMENT_3D('',#6194,#5033,#5034);
#4082=AXIS2_PLACEMENT_3D('',#6196,#5036,#5037);
#4083=AXIS2_PLACEMENT_3D('',#6198,#5039,#5040);
#4084=AXIS2_PLACEMENT_3D('',#6199,#5041,#5042);
#4085=AXIS2_PLACEMENT_3D('',#6201,#5044,#5045);
#4086=AXIS2_PLACEMENT_3D('',#6203,#5047,#5048);
#4087=AXIS2_PLACEMENT_3D('',#6204,#5049,#5050);
#4088=AXIS2_PLACEMENT_3D('',#6206,#5052,#5053);
#4089=AXIS2_PLACEMENT_3D('',#6208,#5055,#5056);
#4090=AXIS2_PLACEMENT_3D('',#6209,#5057,#5058);
#4091=AXIS2_PLACEMENT_3D('',#6211,#5060,#5061);
#4092=AXIS2_PLACEMENT_3D('',#6213,#5063,#5064);
#4093=AXIS2_PLACEMENT_3D('',#6214,#5065,#5066);
#4094=AXIS2_PLACEMENT_3D('',#6216,#5068,#5069);
#4095=AXIS2_PLACEMENT_3D('',#6218,#5071,#5072);
#4096=AXIS2_PLACEMENT_3D('',#6219,#5073,#5074);
#4097=AXIS2_PLACEMENT_3D('',#6221,#5076,#5077);
#4098=AXIS2_PLACEMENT_3D('',#6223,#5079,#5080);
#4099=AXIS2_PLACEMENT_3D('',#6224,#5081,#5082);
#4100=AXIS2_PLACEMENT_3D('',#6226,#5084,#5085);
#4101=AXIS2_PLACEMENT_3D('',#6228,#5087,#5088);
#4102=AXIS2_PLACEMENT_3D('',#6229,#5089,#5090);
#4103=AXIS2_PLACEMENT_3D('',#6231,#5092,#5093);
#4104=AXIS2_PLACEMENT_3D('',#6233,#5095,#5096);
#4105=AXIS2_PLACEMENT_3D('',#6234,#5097,#5098);
#4106=AXIS2_PLACEMENT_3D('',#6236,#5100,#5101);
#4107=AXIS2_PLACEMENT_3D('',#6238,#5103,#5104);
#4108=AXIS2_PLACEMENT_3D('',#6239,#5105,#5106);
#4109=AXIS2_PLACEMENT_3D('',#6241,#5108,#5109);
#4110=AXIS2_PLACEMENT_3D('',#6243,#5111,#5112);
#4111=AXIS2_PLACEMENT_3D('',#6244,#5113,#5114);
#4112=AXIS2_PLACEMENT_3D('',#6246,#5116,#5117);
#4113=AXIS2_PLACEMENT_3D('',#6248,#5119,#5120);
#4114=AXIS2_PLACEMENT_3D('',#6249,#5121,#5122);
#4115=AXIS2_PLACEMENT_3D('',#6251,#5124,#5125);
#4116=AXIS2_PLACEMENT_3D('',#6253,#5127,#5128);
#4117=AXIS2_PLACEMENT_3D('',#6254,#5129,#5130);
#4118=AXIS2_PLACEMENT_3D('',#6256,#5132,#5133);
#4119=AXIS2_PLACEMENT_3D('',#6258,#5135,#5136);
#4120=AXIS2_PLACEMENT_3D('',#6259,#5137,#5138);
#4121=AXIS2_PLACEMENT_3D('',#6261,#5140,#5141);
#4122=AXIS2_PLACEMENT_3D('',#6263,#5143,#5144);
#4123=AXIS2_PLACEMENT_3D('',#6264,#5145,#5146);
#4124=AXIS2_PLACEMENT_3D('',#6266,#5148,#5149);
#4125=AXIS2_PLACEMENT_3D('',#6268,#5151,#5152);
#4126=AXIS2_PLACEMENT_3D('',#6269,#5153,#5154);
#4127=AXIS2_PLACEMENT_3D('',#6271,#5156,#5157);
#4128=AXIS2_PLACEMENT_3D('',#6273,#5159,#5160);
#4129=AXIS2_PLACEMENT_3D('',#6274,#5161,#5162);
#4130=AXIS2_PLACEMENT_3D('',#6276,#5164,#5165);
#4131=AXIS2_PLACEMENT_3D('',#6278,#5167,#5168);
#4132=AXIS2_PLACEMENT_3D('',#6279,#5169,#5170);
#4133=AXIS2_PLACEMENT_3D('',#6281,#5172,#5173);
#4134=AXIS2_PLACEMENT_3D('',#6283,#5175,#5176);
#4135=AXIS2_PLACEMENT_3D('',#6284,#5177,#5178);
#4136=AXIS2_PLACEMENT_3D('',#6286,#5180,#5181);
#4137=AXIS2_PLACEMENT_3D('',#6288,#5183,#5184);
#4138=AXIS2_PLACEMENT_3D('',#6289,#5185,#5186);
#4139=AXIS2_PLACEMENT_3D('',#6291,#5188,#5189);
#4140=AXIS2_PLACEMENT_3D('',#6293,#5191,#5192);
#4141=AXIS2_PLACEMENT_3D('',#6294,#5193,#5194);
#4142=AXIS2_PLACEMENT_3D('',#6296,#5196,#5197);
#4143=AXIS2_PLACEMENT_3D('',#6298,#5199,#5200);
#4144=AXIS2_PLACEMENT_3D('',#6299,#5201,#5202);
#4145=AXIS2_PLACEMENT_3D('',#6301,#5204,#5205);
#4146=AXIS2_PLACEMENT_3D('',#6303,#5207,#5208);
#4147=AXIS2_PLACEMENT_3D('',#6304,#5209,#5210);
#4148=AXIS2_PLACEMENT_3D('',#6306,#5212,#5213);
#4149=AXIS2_PLACEMENT_3D('',#6308,#5215,#5216);
#4150=AXIS2_PLACEMENT_3D('',#6309,#5217,#5218);
#4151=AXIS2_PLACEMENT_3D('',#6311,#5220,#5221);
#4152=AXIS2_PLACEMENT_3D('',#6313,#5223,#5224);
#4153=AXIS2_PLACEMENT_3D('',#6314,#5225,#5226);
#4154=AXIS2_PLACEMENT_3D('',#6316,#5228,#5229);
#4155=AXIS2_PLACEMENT_3D('',#6318,#5231,#5232);
#4156=AXIS2_PLACEMENT_3D('',#6319,#5233,#5234);
#4157=AXIS2_PLACEMENT_3D('',#6321,#5236,#5237);
#4158=AXIS2_PLACEMENT_3D('',#6323,#5239,#5240);
#4159=DIRECTION('axis',(0.,0.,1.));
#4160=DIRECTION('refdir',(1.,0.,0.));
#4161=DIRECTION('center_axis',(-1.,0.,0.));
#4162=DIRECTION('ref_axis',(0.,0.,1.));
#4163=DIRECTION('center_axis',(1.,0.,0.));
#4164=DIRECTION('ref_axis',(0.,0.,1.));
#4165=DIRECTION('',(-1.,0.,0.));
#4166=DIRECTION('center_axis',(1.,0.,0.));
#4167=DIRECTION('ref_axis',(0.,0.,-1.));
#4168=DIRECTION('',(-1.,0.,0.));
#4169=DIRECTION('center_axis',(-1.,0.,0.));
#4170=DIRECTION('ref_axis',(0.,0.,1.));
#4171=DIRECTION('center_axis',(1.,0.,0.));
#4172=DIRECTION('ref_axis',(0.,0.,1.));
#4173=DIRECTION('',(-1.,0.,0.));
#4174=DIRECTION('center_axis',(1.,0.,0.));
#4175=DIRECTION('ref_axis',(0.,0.,-1.));
#4176=DIRECTION('',(-1.,0.,0.));
#4177=DIRECTION('center_axis',(-1.,0.,0.));
#4178=DIRECTION('ref_axis',(0.,0.,1.));
#4179=DIRECTION('center_axis',(1.,0.,0.));
#4180=DIRECTION('ref_axis',(0.,0.,1.));
#4181=DIRECTION('',(-1.,0.,0.));
#4182=DIRECTION('center_axis',(1.,0.,0.));
#4183=DIRECTION('ref_axis',(0.,0.,-1.));
#4184=DIRECTION('',(-1.,0.,0.));
#4185=DIRECTION('center_axis',(-1.,0.,0.));
#4186=DIRECTION('ref_axis',(0.,0.,1.));
#4187=DIRECTION('center_axis',(1.,0.,0.));
#4188=DIRECTION('ref_axis',(0.,0.,1.));
#4189=DIRECTION('',(-1.,0.,0.));
#4190=DIRECTION('center_axis',(1.,0.,0.));
#4191=DIRECTION('ref_axis',(0.,0.,-1.));
#4192=DIRECTION('',(-1.,0.,0.));
#4193=DIRECTION('center_axis',(-1.,0.,0.));
#4194=DIRECTION('ref_axis',(0.,0.,1.));
#4195=DIRECTION('center_axis',(1.,0.,0.));
#4196=DIRECTION('ref_axis',(0.,0.,1.));
#4197=DIRECTION('',(-1.,0.,0.));
#4198=DIRECTION('center_axis',(1.,0.,0.));
#4199=DIRECTION('ref_axis',(0.,0.,-1.));
#4200=DIRECTION('',(-1.,0.,0.));
#4201=DIRECTION('center_axis',(-1.,0.,0.));
#4202=DIRECTION('ref_axis',(0.,0.,1.));
#4203=DIRECTION('center_axis',(1.,0.,0.));
#4204=DIRECTION('ref_axis',(0.,0.,1.));
#4205=DIRECTION('',(-1.,0.,0.));
#4206=DIRECTION('center_axis',(1.,0.,0.));
#4207=DIRECTION('ref_axis',(0.,0.,-1.));
#4208=DIRECTION('',(-1.,0.,0.));
#4209=DIRECTION('center_axis',(-1.,0.,0.));
#4210=DIRECTION('ref_axis',(0.,0.,1.));
#4211=DIRECTION('center_axis',(1.,0.,0.));
#4212=DIRECTION('ref_axis',(0.,0.,1.));
#4213=DIRECTION('',(-1.,0.,0.));
#4214=DIRECTION('center_axis',(1.,0.,0.));
#4215=DIRECTION('ref_axis',(0.,0.,-1.));
#4216=DIRECTION('',(-1.,0.,0.));
#4217=DIRECTION('center_axis',(-1.,0.,0.));
#4218=DIRECTION('ref_axis',(0.,0.,1.));
#4219=DIRECTION('center_axis',(1.,0.,0.));
#4220=DIRECTION('ref_axis',(0.,0.,1.));
#4221=DIRECTION('',(-1.,0.,0.));
#4222=DIRECTION('center_axis',(1.,0.,0.));
#4223=DIRECTION('ref_axis',(0.,0.,-1.));
#4224=DIRECTION('',(-1.,0.,0.));
#4225=DIRECTION('center_axis',(-1.,0.,0.));
#4226=DIRECTION('ref_axis',(0.,0.,1.));
#4227=DIRECTION('center_axis',(1.,0.,0.));
#4228=DIRECTION('ref_axis',(0.,0.,1.));
#4229=DIRECTION('',(-1.,0.,0.));
#4230=DIRECTION('center_axis',(1.,0.,0.));
#4231=DIRECTION('ref_axis',(0.,0.,-1.));
#4232=DIRECTION('',(-1.,0.,0.));
#4233=DIRECTION('center_axis',(-1.,0.,0.));
#4234=DIRECTION('ref_axis',(0.,0.,1.));
#4235=DIRECTION('center_axis',(1.,0.,0.));
#4236=DIRECTION('ref_axis',(0.,0.,1.));
#4237=DIRECTION('',(-1.,0.,0.));
#4238=DIRECTION('center_axis',(1.,0.,0.));
#4239=DIRECTION('ref_axis',(0.,0.,-1.));
#4240=DIRECTION('',(-1.,0.,0.));
#4241=DIRECTION('center_axis',(-1.,0.,0.));
#4242=DIRECTION('ref_axis',(0.,0.,1.));
#4243=DIRECTION('center_axis',(1.,0.,0.));
#4244=DIRECTION('ref_axis',(0.,0.,1.));
#4245=DIRECTION('',(-1.,0.,0.));
#4246=DIRECTION('center_axis',(1.,0.,0.));
#4247=DIRECTION('ref_axis',(0.,0.,-1.));
#4248=DIRECTION('',(-1.,0.,0.));
#4249=DIRECTION('center_axis',(-1.,0.,0.));
#4250=DIRECTION('ref_axis',(0.,0.,1.));
#4251=DIRECTION('center_axis',(1.,0.,0.));
#4252=DIRECTION('ref_axis',(0.,0.,1.));
#4253=DIRECTION('',(-1.,0.,0.));
#4254=DIRECTION('center_axis',(1.,0.,0.));
#4255=DIRECTION('ref_axis',(0.,0.,-1.));
#4256=DIRECTION('',(-1.,0.,0.));
#4257=DIRECTION('center_axis',(-1.,0.,0.));
#4258=DIRECTION('ref_axis',(0.,0.,1.));
#4259=DIRECTION('center_axis',(1.,0.,0.));
#4260=DIRECTION('ref_axis',(0.,0.,1.));
#4261=DIRECTION('',(-1.,0.,0.));
#4262=DIRECTION('center_axis',(1.,0.,0.));
#4263=DIRECTION('ref_axis',(0.,0.,-1.));
#4264=DIRECTION('',(-1.,0.,0.));
#4265=DIRECTION('center_axis',(-1.,0.,0.));
#4266=DIRECTION('ref_axis',(0.,0.,1.));
#4267=DIRECTION('center_axis',(1.,0.,0.));
#4268=DIRECTION('ref_axis',(0.,0.,1.));
#4269=DIRECTION('',(-1.,0.,0.));
#4270=DIRECTION('center_axis',(1.,0.,0.));
#4271=DIRECTION('ref_axis',(0.,0.,-1.));
#4272=DIRECTION('',(-1.,0.,0.));
#4273=DIRECTION('center_axis',(-1.,0.,0.));
#4274=DIRECTION('ref_axis',(0.,0.,1.));
#4275=DIRECTION('center_axis',(1.,0.,0.));
#4276=DIRECTION('ref_axis',(0.,0.,1.));
#4277=DIRECTION('',(-1.,0.,0.));
#4278=DIRECTION('center_axis',(1.,0.,0.));
#4279=DIRECTION('ref_axis',(0.,0.,-1.));
#4280=DIRECTION('',(-1.,0.,0.));
#4281=DIRECTION('center_axis',(-1.,0.,0.));
#4282=DIRECTION('ref_axis',(0.,0.,1.));
#4283=DIRECTION('center_axis',(1.,0.,0.));
#4284=DIRECTION('ref_axis',(0.,0.,1.));
#4285=DIRECTION('',(-1.,0.,0.));
#4286=DIRECTION('center_axis',(1.,0.,0.));
#4287=DIRECTION('ref_axis',(0.,0.,-1.));
#4288=DIRECTION('',(-1.,0.,0.));
#4289=DIRECTION('center_axis',(-1.,0.,0.));
#4290=DIRECTION('ref_axis',(0.,0.,1.));
#4291=DIRECTION('center_axis',(1.,0.,0.));
#4292=DIRECTION('ref_axis',(0.,0.,1.));
#4293=DIRECTION('',(-1.,0.,0.));
#4294=DIRECTION('center_axis',(1.,0.,0.));
#4295=DIRECTION('ref_axis',(0.,0.,-1.));
#4296=DIRECTION('',(-1.,0.,0.));
#4297=DIRECTION('center_axis',(-1.,0.,0.));
#4298=DIRECTION('ref_axis',(0.,0.,1.));
#4299=DIRECTION('center_axis',(1.,0.,0.));
#4300=DIRECTION('ref_axis',(0.,0.,1.));
#4301=DIRECTION('',(-1.,0.,0.));
#4302=DIRECTION('center_axis',(1.,0.,0.));
#4303=DIRECTION('ref_axis',(0.,0.,-1.));
#4304=DIRECTION('',(-1.,0.,0.));
#4305=DIRECTION('center_axis',(-1.,0.,0.));
#4306=DIRECTION('ref_axis',(0.,0.,1.));
#4307=DIRECTION('center_axis',(1.,0.,0.));
#4308=DIRECTION('ref_axis',(0.,0.,1.));
#4309=DIRECTION('',(-1.,0.,0.));
#4310=DIRECTION('center_axis',(1.,0.,0.));
#4311=DIRECTION('ref_axis',(0.,0.,-1.));
#4312=DIRECTION('',(-1.,0.,0.));
#4313=DIRECTION('center_axis',(-1.,0.,0.));
#4314=DIRECTION('ref_axis',(0.,0.,1.));
#4315=DIRECTION('center_axis',(1.,0.,0.));
#4316=DIRECTION('ref_axis',(0.,0.,1.));
#4317=DIRECTION('',(-1.,0.,0.));
#4318=DIRECTION('center_axis',(1.,0.,0.));
#4319=DIRECTION('ref_axis',(0.,0.,-1.));
#4320=DIRECTION('',(-1.,0.,0.));
#4321=DIRECTION('center_axis',(-1.,0.,0.));
#4322=DIRECTION('ref_axis',(0.,0.,1.));
#4323=DIRECTION('center_axis',(1.,0.,0.));
#4324=DIRECTION('ref_axis',(0.,0.,1.));
#4325=DIRECTION('',(-1.,0.,0.));
#4326=DIRECTION('center_axis',(1.,0.,0.));
#4327=DIRECTION('ref_axis',(0.,0.,-1.));
#4328=DIRECTION('',(-1.,0.,0.));
#4329=DIRECTION('center_axis',(-1.,0.,0.));
#4330=DIRECTION('ref_axis',(0.,0.,1.));
#4331=DIRECTION('center_axis',(1.,0.,0.));
#4332=DIRECTION('ref_axis',(0.,0.,1.));
#4333=DIRECTION('',(-1.,0.,0.));
#4334=DIRECTION('center_axis',(1.,0.,0.));
#4335=DIRECTION('ref_axis',(0.,0.,-1.));
#4336=DIRECTION('',(-1.,0.,0.));
#4337=DIRECTION('center_axis',(-1.,0.,0.));
#4338=DIRECTION('ref_axis',(0.,0.,1.));
#4339=DIRECTION('center_axis',(1.,0.,0.));
#4340=DIRECTION('ref_axis',(0.,0.,1.));
#4341=DIRECTION('',(-1.,0.,0.));
#4342=DIRECTION('center_axis',(1.,0.,0.));
#4343=DIRECTION('ref_axis',(0.,0.,-1.));
#4344=DIRECTION('',(-1.,0.,0.));
#4345=DIRECTION('center_axis',(-1.,0.,0.));
#4346=DIRECTION('ref_axis',(0.,0.,1.));
#4347=DIRECTION('center_axis',(1.,0.,0.));
#4348=DIRECTION('ref_axis',(0.,0.,1.));
#4349=DIRECTION('',(-1.,0.,0.));
#4350=DIRECTION('center_axis',(1.,0.,0.));
#4351=DIRECTION('ref_axis',(0.,0.,-1.));
#4352=DIRECTION('',(-1.,0.,0.));
#4353=DIRECTION('center_axis',(-1.,0.,0.));
#4354=DIRECTION('ref_axis',(0.,0.,1.));
#4355=DIRECTION('center_axis',(1.,0.,0.));
#4356=DIRECTION('ref_axis',(0.,0.,1.));
#4357=DIRECTION('',(-1.,0.,0.));
#4358=DIRECTION('center_axis',(1.,0.,0.));
#4359=DIRECTION('ref_axis',(0.,0.,-1.));
#4360=DIRECTION('',(-1.,0.,0.));
#4361=DIRECTION('center_axis',(-1.,0.,0.));
#4362=DIRECTION('ref_axis',(0.,0.,1.));
#4363=DIRECTION('center_axis',(1.,0.,0.));
#4364=DIRECTION('ref_axis',(0.,0.,1.));
#4365=DIRECTION('',(-1.,0.,0.));
#4366=DIRECTION('center_axis',(1.,0.,0.));
#4367=DIRECTION('ref_axis',(0.,0.,-1.));
#4368=DIRECTION('',(-1.,0.,0.));
#4369=DIRECTION('center_axis',(-1.,0.,0.));
#4370=DIRECTION('ref_axis',(0.,0.,1.));
#4371=DIRECTION('center_axis',(1.,0.,0.));
#4372=DIRECTION('ref_axis',(0.,0.,1.));
#4373=DIRECTION('',(-1.,0.,0.));
#4374=DIRECTION('center_axis',(1.,0.,0.));
#4375=DIRECTION('ref_axis',(0.,0.,-1.));
#4376=DIRECTION('',(-1.,0.,0.));
#4377=DIRECTION('center_axis',(-1.,0.,0.));
#4378=DIRECTION('ref_axis',(0.,0.,1.));
#4379=DIRECTION('center_axis',(1.,0.,0.));
#4380=DIRECTION('ref_axis',(0.,0.,1.));
#4381=DIRECTION('',(-1.,0.,0.));
#4382=DIRECTION('center_axis',(1.,0.,0.));
#4383=DIRECTION('ref_axis',(0.,0.,-1.));
#4384=DIRECTION('',(-1.,0.,0.));
#4385=DIRECTION('center_axis',(-1.,0.,0.));
#4386=DIRECTION('ref_axis',(0.,0.,1.));
#4387=DIRECTION('center_axis',(1.,0.,0.));
#4388=DIRECTION('ref_axis',(0.,0.,1.));
#4389=DIRECTION('',(-1.,0.,0.));
#4390=DIRECTION('center_axis',(1.,0.,0.));
#4391=DIRECTION('ref_axis',(0.,0.,-1.));
#4392=DIRECTION('',(-1.,0.,0.));
#4393=DIRECTION('center_axis',(-1.,0.,0.));
#4394=DIRECTION('ref_axis',(0.,0.,1.));
#4395=DIRECTION('center_axis',(1.,0.,0.));
#4396=DIRECTION('ref_axis',(0.,0.,1.));
#4397=DIRECTION('',(-1.,0.,0.));
#4398=DIRECTION('center_axis',(1.,0.,0.));
#4399=DIRECTION('ref_axis',(0.,0.,-1.));
#4400=DIRECTION('',(-1.,0.,0.));
#4401=DIRECTION('center_axis',(-1.,0.,0.));
#4402=DIRECTION('ref_axis',(0.,0.,1.));
#4403=DIRECTION('center_axis',(1.,0.,0.));
#4404=DIRECTION('ref_axis',(0.,0.,1.));
#4405=DIRECTION('',(-1.,0.,0.));
#4406=DIRECTION('center_axis',(1.,0.,0.));
#4407=DIRECTION('ref_axis',(0.,0.,-1.));
#4408=DIRECTION('',(-1.,0.,0.));
#4409=DIRECTION('center_axis',(-1.,0.,0.));
#4410=DIRECTION('ref_axis',(0.,0.,1.));
#4411=DIRECTION('center_axis',(1.,0.,0.));
#4412=DIRECTION('ref_axis',(0.,0.,1.));
#4413=DIRECTION('',(-1.,0.,0.));
#4414=DIRECTION('center_axis',(1.,0.,0.));
#4415=DIRECTION('ref_axis',(0.,0.,-1.));
#4416=DIRECTION('',(-1.,0.,0.));
#4417=DIRECTION('center_axis',(-1.,0.,0.));
#4418=DIRECTION('ref_axis',(0.,0.,1.));
#4419=DIRECTION('center_axis',(1.,0.,0.));
#4420=DIRECTION('ref_axis',(0.,0.,1.));
#4421=DIRECTION('',(-1.,0.,0.));
#4422=DIRECTION('center_axis',(1.,0.,0.));
#4423=DIRECTION('ref_axis',(0.,0.,-1.));
#4424=DIRECTION('',(-1.,0.,0.));
#4425=DIRECTION('center_axis',(-1.,0.,0.));
#4426=DIRECTION('ref_axis',(0.,0.,1.));
#4427=DIRECTION('center_axis',(1.,0.,0.));
#4428=DIRECTION('ref_axis',(0.,0.,1.));
#4429=DIRECTION('',(-1.,0.,0.));
#4430=DIRECTION('center_axis',(1.,0.,0.));
#4431=DIRECTION('ref_axis',(0.,0.,-1.));
#4432=DIRECTION('',(-1.,0.,0.));
#4433=DIRECTION('center_axis',(-1.,0.,0.));
#4434=DIRECTION('ref_axis',(0.,0.,1.));
#4435=DIRECTION('center_axis',(1.,0.,0.));
#4436=DIRECTION('ref_axis',(0.,0.,1.));
#4437=DIRECTION('',(-1.,0.,0.));
#4438=DIRECTION('center_axis',(1.,0.,0.));
#4439=DIRECTION('ref_axis',(0.,0.,-1.));
#4440=DIRECTION('',(-1.,0.,0.));
#4441=DIRECTION('center_axis',(-1.,0.,0.));
#4442=DIRECTION('ref_axis',(0.,0.,1.));
#4443=DIRECTION('center_axis',(1.,0.,0.));
#4444=DIRECTION('ref_axis',(0.,0.,1.));
#4445=DIRECTION('',(-1.,0.,0.));
#4446=DIRECTION('center_axis',(1.,0.,0.));
#4447=DIRECTION('ref_axis',(0.,0.,-1.));
#4448=DIRECTION('',(-1.,0.,0.));
#4449=DIRECTION('center_axis',(-1.,0.,0.));
#4450=DIRECTION('ref_axis',(0.,0.,1.));
#4451=DIRECTION('center_axis',(1.,0.,0.));
#4452=DIRECTION('ref_axis',(0.,0.,1.));
#4453=DIRECTION('',(-1.,0.,0.));
#4454=DIRECTION('center_axis',(1.,0.,0.));
#4455=DIRECTION('ref_axis',(0.,0.,-1.));
#4456=DIRECTION('',(-1.,0.,0.));
#4457=DIRECTION('center_axis',(-1.,0.,0.));
#4458=DIRECTION('ref_axis',(0.,0.,1.));
#4459=DIRECTION('center_axis',(1.,0.,0.));
#4460=DIRECTION('ref_axis',(0.,0.,1.));
#4461=DIRECTION('',(-1.,0.,0.));
#4462=DIRECTION('center_axis',(1.,0.,0.));
#4463=DIRECTION('ref_axis',(0.,0.,-1.));
#4464=DIRECTION('',(-1.,0.,0.));
#4465=DIRECTION('center_axis',(-1.,0.,0.));
#4466=DIRECTION('ref_axis',(0.,0.,1.));
#4467=DIRECTION('center_axis',(1.,0.,0.));
#4468=DIRECTION('ref_axis',(0.,0.,1.));
#4469=DIRECTION('',(-1.,0.,0.));
#4470=DIRECTION('center_axis',(1.,0.,0.));
#4471=DIRECTION('ref_axis',(0.,0.,-1.));
#4472=DIRECTION('',(-1.,0.,0.));
#4473=DIRECTION('center_axis',(-1.,0.,0.));
#4474=DIRECTION('ref_axis',(0.,0.,1.));
#4475=DIRECTION('center_axis',(1.,0.,0.));
#4476=DIRECTION('ref_axis',(0.,0.,1.));
#4477=DIRECTION('',(-1.,0.,0.));
#4478=DIRECTION('center_axis',(1.,0.,0.));
#4479=DIRECTION('ref_axis',(0.,0.,-1.));
#4480=DIRECTION('',(-1.,0.,0.));
#4481=DIRECTION('center_axis',(-1.,0.,0.));
#4482=DIRECTION('ref_axis',(0.,0.,1.));
#4483=DIRECTION('',(0.,1.,0.));
#4484=DIRECTION('',(0.,0.,-1.));
#4485=DIRECTION('',(0.,1.,0.));
#4486=DIRECTION('',(0.,0.,-1.));
#4487=DIRECTION('',(0.,7.41334818793505E-17,1.));
#4488=DIRECTION('center_axis',(1.,0.,0.));
#4489=DIRECTION('ref_axis',(0.,0.,1.));
#4490=DIRECTION('',(0.,-7.41334818793505E-17,-1.));
#4491=DIRECTION('',(0.,7.41334818793505E-17,1.));
#4492=DIRECTION('center_axis',(1.,0.,0.));
#4493=DIRECTION('ref_axis',(0.,0.,1.));
#4494=DIRECTION('',(0.,-7.41334818793505E-17,-1.));
#4495=DIRECTION('',(0.,7.41334818793505E-17,1.));
#4496=DIRECTION('center_axis',(1.,0.,0.));
#4497=DIRECTION('ref_axis',(0.,0.,1.));
#4498=DIRECTION('',(0.,-7.41334818793505E-17,-1.));
#4499=DIRECTION('',(0.,7.41334818793505E-17,1.));
#4500=DIRECTION('center_axis',(1.,0.,0.));
#4501=DIRECTION('ref_axis',(0.,0.,1.));
#4502=DIRECTION('',(0.,-7.41334818793505E-17,-1.));
#4503=DIRECTION('',(0.,7.41334818793505E-17,1.));
#4504=DIRECTION('center_axis',(1.,0.,0.));
#4505=DIRECTION('ref_axis',(0.,0.,1.));
#4506=DIRECTION('',(0.,-7.41334818793505E-17,-1.));
#4507=DIRECTION('',(0.,7.41334818793505E-17,1.));
#4508=DIRECTION('center_axis',(1.,0.,0.));
#4509=DIRECTION('ref_axis',(0.,0.,1.));
#4510=DIRECTION('',(0.,-7.41334818793505E-17,-1.));
#4511=DIRECTION('',(0.,7.41334818793505E-17,1.));
#4512=DIRECTION('center_axis',(1.,0.,0.));
#4513=DIRECTION('ref_axis',(0.,0.,1.));
#4514=DIRECTION('',(0.,-7.41334818793505E-17,-1.));
#4515=DIRECTION('',(0.,7.41334818793505E-17,1.));
#4516=DIRECTION('center_axis',(1.,0.,0.));
#4517=DIRECTION('ref_axis',(0.,0.,1.));
#4518=DIRECTION('',(0.,-7.41334818793505E-17,-1.));
#4519=DIRECTION('',(0.,7.41334818793505E-17,1.));
#4520=DIRECTION('center_axis',(1.,0.,0.));
#4521=DIRECTION('ref_axis',(0.,0.,1.));
#4522=DIRECTION('',(0.,-7.41334818793505E-17,-1.));
#4523=DIRECTION('',(0.,7.41334818793505E-17,1.));
#4524=DIRECTION('center_axis',(1.,0.,0.));
#4525=DIRECTION('ref_axis',(0.,0.,1.));
#4526=DIRECTION('',(0.,-7.41334818793505E-17,-1.));
#4527=DIRECTION('',(0.,7.41334818793505E-17,1.));
#4528=DIRECTION('center_axis',(1.,0.,0.));
#4529=DIRECTION('ref_axis',(0.,0.,1.));
#4530=DIRECTION('',(0.,-7.41334818793505E-17,-1.));
#4531=DIRECTION('',(0.,7.41334818793505E-17,1.));
#4532=DIRECTION('center_axis',(1.,0.,0.));
#4533=DIRECTION('ref_axis',(0.,0.,1.));
#4534=DIRECTION('',(0.,-7.41334818793505E-17,-1.));
#4535=DIRECTION('',(0.,7.41334818793505E-17,1.));
#4536=DIRECTION('center_axis',(1.,0.,0.));
#4537=DIRECTION('ref_axis',(0.,0.,1.));
#4538=DIRECTION('',(0.,-7.41334818793505E-17,-1.));
#4539=DIRECTION('',(0.,7.41334818793505E-17,1.));
#4540=DIRECTION('center_axis',(1.,0.,0.));
#4541=DIRECTION('ref_axis',(0.,0.,1.));
#4542=DIRECTION('',(0.,-7.41334818793505E-17,-1.));
#4543=DIRECTION('',(0.,7.41334818793505E-17,1.));
#4544=DIRECTION('center_axis',(1.,0.,0.));
#4545=DIRECTION('ref_axis',(0.,0.,1.));
#4546=DIRECTION('',(0.,-7.41334818793505E-17,-1.));
#4547=DIRECTION('',(0.,7.41334818793505E-17,1.));
#4548=DIRECTION('center_axis',(1.,0.,0.));
#4549=DIRECTION('ref_axis',(0.,0.,1.));
#4550=DIRECTION('',(0.,-7.41334818793505E-17,-1.));
#4551=DIRECTION('',(0.,7.41334818793505E-17,1.));
#4552=DIRECTION('center_axis',(1.,0.,0.));
#4553=DIRECTION('ref_axis',(0.,0.,1.));
#4554=DIRECTION('',(0.,-7.41334818793505E-17,-1.));
#4555=DIRECTION('',(0.,7.41334818793505E-17,1.));
#4556=DIRECTION('center_axis',(1.,0.,0.));
#4557=DIRECTION('ref_axis',(0.,0.,1.));
#4558=DIRECTION('',(0.,-7.41334818793505E-17,-1.));
#4559=DIRECTION('',(0.,7.41334818793505E-17,1.));
#4560=DIRECTION('center_axis',(1.,0.,0.));
#4561=DIRECTION('ref_axis',(0.,0.,1.));
#4562=DIRECTION('',(0.,-7.41334818793505E-17,-1.));
#4563=DIRECTION('',(0.,7.41334818793505E-17,1.));
#4564=DIRECTION('center_axis',(1.,0.,0.));
#4565=DIRECTION('ref_axis',(0.,0.,1.));
#4566=DIRECTION('',(0.,-7.41334818793505E-17,-1.));
#4567=DIRECTION('',(0.,7.41334818793505E-17,1.));
#4568=DIRECTION('center_axis',(1.,0.,0.));
#4569=DIRECTION('ref_axis',(0.,0.,1.));
#4570=DIRECTION('',(0.,-7.41334818793505E-17,-1.));
#4571=DIRECTION('',(0.,7.41334818793505E-17,1.));
#4572=DIRECTION('center_axis',(1.,0.,0.));
#4573=DIRECTION('ref_axis',(0.,0.,1.));
#4574=DIRECTION('',(0.,-7.41334818793505E-17,-1.));
#4575=DIRECTION('',(0.,7.41334818793505E-17,1.));
#4576=DIRECTION('center_axis',(1.,0.,0.));
#4577=DIRECTION('ref_axis',(0.,0.,1.));
#4578=DIRECTION('',(0.,-7.41334818793505E-17,-1.));
#4579=DIRECTION('',(0.,7.41334818793505E-17,1.));
#4580=DIRECTION('center_axis',(1.,0.,0.));
#4581=DIRECTION('ref_axis',(0.,0.,1.));
#4582=DIRECTION('',(0.,-7.41334818793505E-17,-1.));
#4583=DIRECTION('',(0.,7.41334818793505E-17,1.));
#4584=DIRECTION('center_axis',(1.,0.,0.));
#4585=DIRECTION('ref_axis',(0.,0.,1.));
#4586=DIRECTION('',(0.,-7.41334818793505E-17,-1.));
#4587=DIRECTION('',(0.,7.41334818793505E-17,1.));
#4588=DIRECTION('center_axis',(1.,0.,0.));
#4589=DIRECTION('ref_axis',(0.,0.,1.));
#4590=DIRECTION('',(0.,-7.41334818793505E-17,-1.));
#4591=DIRECTION('',(0.,7.41334818793505E-17,1.));
#4592=DIRECTION('center_axis',(1.,0.,0.));
#4593=DIRECTION('ref_axis',(0.,0.,1.));
#4594=DIRECTION('',(0.,-7.41334818793505E-17,-1.));
#4595=DIRECTION('',(0.,7.41334818793505E-17,1.));
#4596=DIRECTION('center_axis',(1.,0.,0.));
#4597=DIRECTION('ref_axis',(0.,0.,1.));
#4598=DIRECTION('',(0.,-7.41334818793505E-17,-1.));
#4599=DIRECTION('',(0.,7.41334818793505E-17,1.));
#4600=DIRECTION('center_axis',(1.,0.,0.));
#4601=DIRECTION('ref_axis',(0.,0.,1.));
#4602=DIRECTION('',(0.,-7.41334818793505E-17,-1.));
#4603=DIRECTION('',(0.,7.41334818793505E-17,1.));
#4604=DIRECTION('center_axis',(1.,0.,0.));
#4605=DIRECTION('ref_axis',(0.,0.,1.));
#4606=DIRECTION('',(0.,-7.41334818793505E-17,-1.));
#4607=DIRECTION('',(0.,7.41334818793505E-17,1.));
#4608=DIRECTION('center_axis',(1.,0.,0.));
#4609=DIRECTION('ref_axis',(0.,0.,1.));
#4610=DIRECTION('',(0.,-7.41334818793505E-17,-1.));
#4611=DIRECTION('',(0.,7.41334818793505E-17,1.));
#4612=DIRECTION('center_axis',(1.,0.,0.));
#4613=DIRECTION('ref_axis',(0.,0.,1.));
#4614=DIRECTION('',(0.,-7.41334818793505E-17,-1.));
#4615=DIRECTION('',(0.,7.41334818793505E-17,1.));
#4616=DIRECTION('center_axis',(1.,0.,0.));
#4617=DIRECTION('ref_axis',(0.,0.,1.));
#4618=DIRECTION('',(0.,-7.41334818793505E-17,-1.));
#4619=DIRECTION('',(0.,7.41334818793505E-17,1.));
#4620=DIRECTION('center_axis',(1.,0.,0.));
#4621=DIRECTION('ref_axis',(0.,0.,1.));
#4622=DIRECTION('',(0.,-7.41334818793505E-17,-1.));
#4623=DIRECTION('',(0.,7.41334818793505E-17,1.));
#4624=DIRECTION('center_axis',(1.,0.,0.));
#4625=DIRECTION('ref_axis',(0.,0.,1.));
#4626=DIRECTION('',(0.,-7.41334818793505E-17,-1.));
#4627=DIRECTION('',(0.,7.41334818793505E-17,1.));
#4628=DIRECTION('center_axis',(1.,0.,0.));
#4629=DIRECTION('ref_axis',(0.,0.,1.));
#4630=DIRECTION('',(0.,-7.41334818793505E-17,-1.));
#4631=DIRECTION('',(0.,7.41334818793505E-17,1.));
#4632=DIRECTION('center_axis',(1.,0.,0.));
#4633=DIRECTION('ref_axis',(0.,0.,1.));
#4634=DIRECTION('',(0.,-7.41334818793505E-17,-1.));
#4635=DIRECTION('',(0.,7.41334818793505E-17,1.));
#4636=DIRECTION('center_axis',(1.,0.,0.));
#4637=DIRECTION('ref_axis',(0.,0.,1.));
#4638=DIRECTION('',(0.,-7.41334818793505E-17,-1.));
#4639=DIRECTION('',(0.,7.41334818793505E-17,1.));
#4640=DIRECTION('center_axis',(1.,0.,0.));
#4641=DIRECTION('ref_axis',(0.,0.,1.));
#4642=DIRECTION('',(0.,-7.41334818793505E-17,-1.));
#4643=DIRECTION('',(0.,7.41334818793505E-17,1.));
#4644=DIRECTION('center_axis',(1.,0.,0.));
#4645=DIRECTION('ref_axis',(0.,0.,1.));
#4646=DIRECTION('',(0.,-7.41334818793505E-17,-1.));
#4647=DIRECTION('center_axis',(1.,0.,0.));
#4648=DIRECTION('ref_axis',(0.,0.,-1.));
#4649=DIRECTION('',(0.,-1.,0.));
#4650=DIRECTION('',(0.,0.,-1.));
#4651=DIRECTION('',(0.,-1.,0.));
#4652=DIRECTION('',(0.,0.,-1.));
#4653=DIRECTION('',(0.,-7.41334818793505E-17,-1.));
#4654=DIRECTION('center_axis',(1.,0.,0.));
#4655=DIRECTION('ref_axis',(0.,0.,-1.));
#4656=DIRECTION('',(0.,7.41334818793505E-17,1.));
#4657=DIRECTION('',(0.,-7.41334818793505E-17,-1.));
#4658=DIRECTION('center_axis',(1.,0.,0.));
#4659=DIRECTION('ref_axis',(0.,0.,-1.));
#4660=DIRECTION('',(0.,7.41334818793505E-17,1.));
#4661=DIRECTION('',(0.,-7.41334818793505E-17,-1.));
#4662=DIRECTION('center_axis',(1.,0.,0.));
#4663=DIRECTION('ref_axis',(0.,0.,-1.));
#4664=DIRECTION('',(0.,7.41334818793505E-17,1.));
#4665=DIRECTION('',(0.,-7.41334818793505E-17,-1.));
#4666=DIRECTION('center_axis',(1.,0.,0.));
#4667=DIRECTION('ref_axis',(0.,0.,-1.));
#4668=DIRECTION('',(0.,7.41334818793505E-17,1.));
#4669=DIRECTION('',(0.,-7.41334818793505E-17,-1.));
#4670=DIRECTION('center_axis',(1.,0.,0.));
#4671=DIRECTION('ref_axis',(0.,0.,-1.));
#4672=DIRECTION('',(0.,7.41334818793505E-17,1.));
#4673=DIRECTION('',(0.,-7.41334818793505E-17,-1.));
#4674=DIRECTION('center_axis',(1.,0.,0.));
#4675=DIRECTION('ref_axis',(0.,0.,-1.));
#4676=DIRECTION('',(0.,7.41334818793505E-17,1.));
#4677=DIRECTION('',(0.,-7.41334818793505E-17,-1.));
#4678=DIRECTION('center_axis',(1.,0.,0.));
#4679=DIRECTION('ref_axis',(0.,0.,-1.));
#4680=DIRECTION('',(0.,7.41334818793505E-17,1.));
#4681=DIRECTION('',(0.,-7.41334818793505E-17,-1.));
#4682=DIRECTION('center_axis',(1.,0.,0.));
#4683=DIRECTION('ref_axis',(0.,0.,-1.));
#4684=DIRECTION('',(0.,7.41334818793505E-17,1.));
#4685=DIRECTION('',(0.,-7.41334818793505E-17,-1.));
#4686=DIRECTION('center_axis',(1.,0.,0.));
#4687=DIRECTION('ref_axis',(0.,0.,-1.));
#4688=DIRECTION('',(0.,7.41334818793505E-17,1.));
#4689=DIRECTION('',(0.,-7.41334818793505E-17,-1.));
#4690=DIRECTION('center_axis',(1.,0.,0.));
#4691=DIRECTION('ref_axis',(0.,0.,-1.));
#4692=DIRECTION('',(0.,7.41334818793505E-17,1.));
#4693=DIRECTION('',(0.,-7.41334818793505E-17,-1.));
#4694=DIRECTION('center_axis',(1.,0.,0.));
#4695=DIRECTION('ref_axis',(0.,0.,-1.));
#4696=DIRECTION('',(0.,7.41334818793505E-17,1.));
#4697=DIRECTION('',(0.,-7.41334818793505E-17,-1.));
#4698=DIRECTION('center_axis',(1.,0.,0.));
#4699=DIRECTION('ref_axis',(0.,0.,-1.));
#4700=DIRECTION('',(0.,7.41334818793505E-17,1.));
#4701=DIRECTION('',(0.,-7.41334818793505E-17,-1.));
#4702=DIRECTION('center_axis',(1.,0.,0.));
#4703=DIRECTION('ref_axis',(0.,0.,-1.));
#4704=DIRECTION('',(0.,7.41334818793505E-17,1.));
#4705=DIRECTION('',(0.,-7.41334818793505E-17,-1.));
#4706=DIRECTION('center_axis',(1.,0.,0.));
#4707=DIRECTION('ref_axis',(0.,0.,-1.));
#4708=DIRECTION('',(0.,7.41334818793505E-17,1.));
#4709=DIRECTION('',(0.,-7.41334818793505E-17,-1.));
#4710=DIRECTION('center_axis',(1.,0.,0.));
#4711=DIRECTION('ref_axis',(0.,0.,-1.));
#4712=DIRECTION('',(0.,7.41334818793505E-17,1.));
#4713=DIRECTION('',(0.,-7.41334818793505E-17,-1.));
#4714=DIRECTION('center_axis',(1.,0.,0.));
#4715=DIRECTION('ref_axis',(0.,0.,-1.));
#4716=DIRECTION('',(0.,7.41334818793505E-17,1.));
#4717=DIRECTION('',(0.,-7.41334818793505E-17,-1.));
#4718=DIRECTION('center_axis',(1.,0.,0.));
#4719=DIRECTION('ref_axis',(0.,0.,-1.));
#4720=DIRECTION('',(0.,7.41334818793505E-17,1.));
#4721=DIRECTION('',(0.,-7.41334818793505E-17,-1.));
#4722=DIRECTION('center_axis',(1.,0.,0.));
#4723=DIRECTION('ref_axis',(0.,0.,-1.));
#4724=DIRECTION('',(0.,7.41334818793505E-17,1.));
#4725=DIRECTION('',(0.,-7.41334818793505E-17,-1.));
#4726=DIRECTION('center_axis',(1.,0.,0.));
#4727=DIRECTION('ref_axis',(0.,0.,-1.));
#4728=DIRECTION('',(0.,7.41334818793505E-17,1.));
#4729=DIRECTION('',(0.,-7.41334818793505E-17,-1.));
#4730=DIRECTION('center_axis',(1.,0.,0.));
#4731=DIRECTION('ref_axis',(0.,0.,-1.));
#4732=DIRECTION('',(0.,7.41334818793505E-17,1.));
#4733=DIRECTION('',(0.,-7.41334818793505E-17,-1.));
#4734=DIRECTION('center_axis',(1.,0.,0.));
#4735=DIRECTION('ref_axis',(0.,0.,-1.));
#4736=DIRECTION('',(0.,7.41334818793505E-17,1.));
#4737=DIRECTION('',(0.,-7.41334818793505E-17,-1.));
#4738=DIRECTION('center_axis',(1.,0.,0.));
#4739=DIRECTION('ref_axis',(0.,0.,-1.));
#4740=DIRECTION('',(0.,7.41334818793505E-17,1.));
#4741=DIRECTION('',(0.,-7.41334818793505E-17,-1.));
#4742=DIRECTION('center_axis',(1.,0.,0.));
#4743=DIRECTION('ref_axis',(0.,0.,-1.));
#4744=DIRECTION('',(0.,7.41334818793505E-17,1.));
#4745=DIRECTION('',(0.,-7.41334818793505E-17,-1.));
#4746=DIRECTION('center_axis',(1.,0.,0.));
#4747=DIRECTION('ref_axis',(0.,0.,-1.));
#4748=DIRECTION('',(0.,7.41334818793505E-17,1.));
#4749=DIRECTION('',(0.,-7.41334818793505E-17,-1.));
#4750=DIRECTION('center_axis',(1.,0.,0.));
#4751=DIRECTION('ref_axis',(0.,0.,-1.));
#4752=DIRECTION('',(0.,7.41334818793505E-17,1.));
#4753=DIRECTION('',(0.,-7.41334818793505E-17,-1.));
#4754=DIRECTION('center_axis',(1.,0.,0.));
#4755=DIRECTION('ref_axis',(0.,0.,-1.));
#4756=DIRECTION('',(0.,7.41334818793505E-17,1.));
#4757=DIRECTION('',(0.,-7.41334818793505E-17,-1.));
#4758=DIRECTION('center_axis',(1.,0.,0.));
#4759=DIRECTION('ref_axis',(0.,0.,-1.));
#4760=DIRECTION('',(0.,7.41334818793505E-17,1.));
#4761=DIRECTION('',(0.,-7.41334818793505E-17,-1.));
#4762=DIRECTION('center_axis',(1.,0.,0.));
#4763=DIRECTION('ref_axis',(0.,0.,-1.));
#4764=DIRECTION('',(0.,7.41334818793505E-17,1.));
#4765=DIRECTION('',(0.,-7.41334818793505E-17,-1.));
#4766=DIRECTION('center_axis',(1.,0.,0.));
#4767=DIRECTION('ref_axis',(0.,0.,-1.));
#4768=DIRECTION('',(0.,7.41334818793505E-17,1.));
#4769=DIRECTION('',(0.,-7.41334818793505E-17,-1.));
#4770=DIRECTION('center_axis',(1.,0.,0.));
#4771=DIRECTION('ref_axis',(0.,0.,-1.));
#4772=DIRECTION('',(0.,7.41334818793505E-17,1.));
#4773=DIRECTION('',(0.,-7.41334818793505E-17,-1.));
#4774=DIRECTION('center_axis',(1.,0.,0.));
#4775=DIRECTION('ref_axis',(0.,0.,-1.));
#4776=DIRECTION('',(0.,7.41334818793505E-17,1.));
#4777=DIRECTION('',(0.,-7.41334818793505E-17,-1.));
#4778=DIRECTION('center_axis',(1.,0.,0.));
#4779=DIRECTION('ref_axis',(0.,0.,-1.));
#4780=DIRECTION('',(0.,7.41334818793505E-17,1.));
#4781=DIRECTION('',(0.,-7.41334818793505E-17,-1.));
#4782=DIRECTION('center_axis',(1.,0.,0.));
#4783=DIRECTION('ref_axis',(0.,0.,-1.));
#4784=DIRECTION('',(0.,7.41334818793505E-17,1.));
#4785=DIRECTION('',(0.,-7.41334818793505E-17,-1.));
#4786=DIRECTION('center_axis',(1.,0.,0.));
#4787=DIRECTION('ref_axis',(0.,0.,-1.));
#4788=DIRECTION('',(0.,7.41334818793505E-17,1.));
#4789=DIRECTION('',(0.,-7.41334818793505E-17,-1.));
#4790=DIRECTION('center_axis',(1.,0.,0.));
#4791=DIRECTION('ref_axis',(0.,0.,-1.));
#4792=DIRECTION('',(0.,7.41334818793505E-17,1.));
#4793=DIRECTION('',(0.,-7.41334818793505E-17,-1.));
#4794=DIRECTION('center_axis',(1.,0.,0.));
#4795=DIRECTION('ref_axis',(0.,0.,-1.));
#4796=DIRECTION('',(0.,7.41334818793505E-17,1.));
#4797=DIRECTION('',(0.,-7.41334818793505E-17,-1.));
#4798=DIRECTION('center_axis',(1.,0.,0.));
#4799=DIRECTION('ref_axis',(0.,0.,-1.));
#4800=DIRECTION('',(0.,7.41334818793505E-17,1.));
#4801=DIRECTION('',(0.,-7.41334818793505E-17,-1.));
#4802=DIRECTION('center_axis',(1.,0.,0.));
#4803=DIRECTION('ref_axis',(0.,0.,-1.));
#4804=DIRECTION('',(0.,7.41334818793505E-17,1.));
#4805=DIRECTION('',(0.,-7.41334818793505E-17,-1.));
#4806=DIRECTION('center_axis',(1.,0.,0.));
#4807=DIRECTION('ref_axis',(0.,0.,-1.));
#4808=DIRECTION('',(0.,7.41334818793505E-17,1.));
#4809=DIRECTION('',(0.,-7.41334818793505E-17,-1.));
#4810=DIRECTION('center_axis',(1.,0.,0.));
#4811=DIRECTION('ref_axis',(0.,0.,-1.));
#4812=DIRECTION('',(0.,7.41334818793505E-17,1.));
#4813=DIRECTION('center_axis',(0.,1.,0.));
#4814=DIRECTION('ref_axis',(0.,0.,1.));
#4815=DIRECTION('',(1.,0.,0.));
#4816=DIRECTION('',(0.,0.,-1.));
#4817=DIRECTION('',(1.,0.,0.));
#4818=DIRECTION('',(0.,0.,-1.));
#4819=DIRECTION('center_axis',(-1.,-2.16840434497101E-15,0.));
#4820=DIRECTION('ref_axis',(2.16840434497101E-15,-1.,0.));
#4821=DIRECTION('',(-2.16840434497101E-15,1.,0.));
#4822=DIRECTION('',(0.,0.,-1.));
#4823=DIRECTION('',(-2.16840434497101E-15,1.,0.));
#4824=DIRECTION('center_axis',(0.,0.,-1.));
#4825=DIRECTION('ref_axis',(-1.,0.,0.));
#4826=DIRECTION('center_axis',(0.,0.,1.));
#4827=DIRECTION('ref_axis',(1.,0.,0.));
#4828=DIRECTION('',(0.,0.,-1.));
#4829=DIRECTION('center_axis',(0.,0.,1.));
#4830=DIRECTION('ref_axis',(1.,0.,0.));
#4831=DIRECTION('center_axis',(-6.93889390390724E-16,-1.,0.));
#4832=DIRECTION('ref_axis',(1.,-6.93889390390724E-16,0.));
#4833=DIRECTION('',(-1.,6.93889390390724E-16,0.));
#4834=DIRECTION('',(0.,0.,-1.));
#4835=DIRECTION('',(-1.,6.93889390390724E-16,0.));
#4836=DIRECTION('center_axis',(0.,0.,-1.));
#4837=DIRECTION('ref_axis',(-1.,0.,0.));
#4838=DIRECTION('center_axis',(0.,0.,-1.));
#4839=DIRECTION('ref_axis',(-1.,0.,0.));
#4840=DIRECTION('center_axis',(0.,0.,-1.));
#4841=DIRECTION('ref_axis',(-1.,0.,0.));
#4842=DIRECTION('center_axis',(0.,0.,-1.));
#4843=DIRECTION('ref_axis',(-1.,0.,0.));
#4844=DIRECTION('center_axis',(0.,0.,-1.));
#4845=DIRECTION('ref_axis',(1.,0.,0.));
#4846=DIRECTION('',(0.,0.,-1.));
#4847=DIRECTION('center_axis',(0.,0.,-1.));
#4848=DIRECTION('ref_axis',(1.,0.,0.));
#4849=DIRECTION('center_axis',(-6.93889390390724E-16,1.,0.));
#4850=DIRECTION('ref_axis',(-1.,-6.93889390390724E-16,0.));
#4851=DIRECTION('',(1.,6.93889390390724E-16,0.));
#4852=DIRECTION('',(0.,0.,-1.));
#4853=DIRECTION('',(1.,6.93889390390724E-16,0.));
#4854=DIRECTION('center_axis',(0.,0.,-1.));
#4855=DIRECTION('ref_axis',(-1.,0.,0.));
#4856=DIRECTION('center_axis',(0.,0.,1.));
#4857=DIRECTION('ref_axis',(-1.,0.,0.));
#4858=DIRECTION('',(0.,0.,-1.));
#4859=DIRECTION('center_axis',(0.,0.,1.));
#4860=DIRECTION('ref_axis',(-1.,0.,0.));
#4861=DIRECTION('center_axis',(-1.,2.16840434497101E-15,0.));
#4862=DIRECTION('ref_axis',(-2.16840434497101E-15,-1.,0.));
#4863=DIRECTION('',(2.16840434497101E-15,1.,0.));
#4864=DIRECTION('',(0.,0.,-1.));
#4865=DIRECTION('',(2.16840434497101E-15,1.,0.));
#4866=DIRECTION('center_axis',(0.,-1.,0.));
#4867=DIRECTION('ref_axis',(0.,0.,-1.));
#4868=DIRECTION('',(-1.,0.,0.));
#4869=DIRECTION('',(0.,0.,-1.));
#4870=DIRECTION('',(-1.,0.,0.));
#4871=DIRECTION('center_axis',(1.,2.47817639425258E-15,0.));
#4872=DIRECTION('ref_axis',(-2.47817639425258E-15,1.,0.));
#4873=DIRECTION('',(2.47817639425258E-15,-1.,0.));
#4874=DIRECTION('',(0.,0.,-1.));
#4875=DIRECTION('',(2.47817639425258E-15,-1.,0.));
#4876=DIRECTION('center_axis',(0.,0.,-1.));
#4877=DIRECTION('ref_axis',(-1.,0.,0.));
#4878=DIRECTION('center_axis',(0.,0.,-1.));
#4879=DIRECTION('ref_axis',(1.,0.,0.));
#4880=DIRECTION('',(0.,0.,-1.));
#4881=DIRECTION('center_axis',(0.,0.,-1.));
#4882=DIRECTION('ref_axis',(1.,0.,0.));
#4883=DIRECTION('center_axis',(3.46944695195361E-16,-1.,0.));
#4884=DIRECTION('ref_axis',(1.,3.46944695195361E-16,0.));
#4885=DIRECTION('',(-1.,-3.46944695195361E-16,0.));
#4886=DIRECTION('',(0.,0.,-1.));
#4887=DIRECTION('',(-1.,-3.46944695195361E-16,0.));
#4888=DIRECTION('center_axis',(0.,0.,-1.));
#4889=DIRECTION('ref_axis',(-1.,0.,0.));
#4890=DIRECTION('center_axis',(0.,0.,1.));
#4891=DIRECTION('ref_axis',(1.,0.,0.));
#4892=DIRECTION('center_axis',(0.,0.,1.));
#4893=DIRECTION('ref_axis',(1.,0.,0.));
#4894=DIRECTION('center_axis',(0.,0.,-1.));
#4895=DIRECTION('ref_axis',(-1.,0.,0.));
#4896=DIRECTION('center_axis',(0.,0.,1.));
#4897=DIRECTION('ref_axis',(-1.,0.,0.));
#4898=DIRECTION('',(0.,0.,-1.));
#4899=DIRECTION('center_axis',(0.,0.,1.));
#4900=DIRECTION('ref_axis',(-1.,0.,0.));
#4901=DIRECTION('center_axis',(3.46944695195361E-16,1.,0.));
#4902=DIRECTION('ref_axis',(-1.,3.46944695195361E-16,0.));
#4903=DIRECTION('',(1.,-3.46944695195361E-16,0.));
#4904=DIRECTION('',(0.,0.,-1.));
#4905=DIRECTION('',(1.,-3.46944695195361E-16,0.));
#4906=DIRECTION('center_axis',(0.,0.,-1.));
#4907=DIRECTION('ref_axis',(-1.,0.,0.));
#4908=DIRECTION('center_axis',(0.,0.,-1.));
#4909=DIRECTION('ref_axis',(-1.,0.,0.));
#4910=DIRECTION('',(0.,0.,-1.));
#4911=DIRECTION('center_axis',(0.,0.,-1.));
#4912=DIRECTION('ref_axis',(-1.,0.,0.));
#4913=DIRECTION('center_axis',(1.,-2.47817639425258E-15,0.));
#4914=DIRECTION('ref_axis',(2.47817639425258E-15,1.,0.));
#4915=DIRECTION('',(-2.47817639425258E-15,-1.,0.));
#4916=DIRECTION('',(-2.47817639425258E-15,-1.,0.));
#4917=DIRECTION('center_axis',(0.,0.,-1.));
#4918=DIRECTION('ref_axis',(-1.,0.,0.));
#4919=DIRECTION('center_axis',(0.,0.,-1.));
#4920=DIRECTION('ref_axis',(-1.,0.,0.));
#4921=DIRECTION('center_axis',(0.,1.,-7.41334818793505E-17));
#4922=DIRECTION('ref_axis',(0.,7.41334818793505E-17,1.));
#4923=DIRECTION('',(-1.,0.,0.));
#4924=DIRECTION('center_axis',(-1.,0.,0.));
#4925=DIRECTION('ref_axis',(0.,1.16687841360164E-14,-1.));
#4926=DIRECTION('',(-1.,0.,0.));
#4927=DIRECTION('center_axis',(0.,-1.,7.41334818793505E-17));
#4928=DIRECTION('ref_axis',(0.,-7.41334818793505E-17,-1.));
#4929=DIRECTION('center_axis',(0.,-1.,7.41334818793505E-17));
#4930=DIRECTION('ref_axis',(0.,-7.41334818793505E-17,-1.));
#4931=DIRECTION('',(-1.,0.,0.));
#4932=DIRECTION('center_axis',(-1.,0.,0.));
#4933=DIRECTION('ref_axis',(0.,1.16687841360164E-14,-1.));
#4934=DIRECTION('',(-1.,0.,0.));
#4935=DIRECTION('center_axis',(0.,1.,-7.41334818793505E-17));
#4936=DIRECTION('ref_axis',(0.,7.41334818793505E-17,1.));
#4937=DIRECTION('center_axis',(0.,-1.,7.41334818793505E-17));
#4938=DIRECTION('ref_axis',(0.,-7.41334818793505E-17,-1.));
#4939=DIRECTION('',(-1.,0.,0.));
#4940=DIRECTION('center_axis',(-1.,0.,0.));
#4941=DIRECTION('ref_axis',(0.,1.16687841360164E-14,-1.));
#4942=DIRECTION('',(-1.,0.,0.));
#4943=DIRECTION('center_axis',(0.,1.,-7.41334818793505E-17));
#4944=DIRECTION('ref_axis',(0.,7.41334818793505E-17,1.));
#4945=DIRECTION('center_axis',(0.,-1.,7.41334818793505E-17));
#4946=DIRECTION('ref_axis',(0.,-7.41334818793505E-17,-1.));
#4947=DIRECTION('',(-1.,0.,0.));
#4948=DIRECTION('center_axis',(-1.,0.,0.));
#4949=DIRECTION('ref_axis',(0.,1.16687841360164E-14,-1.));
#4950=DIRECTION('',(-1.,0.,0.));
#4951=DIRECTION('center_axis',(0.,1.,-7.41334818793505E-17));
#4952=DIRECTION('ref_axis',(0.,7.41334818793505E-17,1.));
#4953=DIRECTION('center_axis',(0.,-1.,7.41334818793505E-17));
#4954=DIRECTION('ref_axis',(0.,-7.41334818793505E-17,-1.));
#4955=DIRECTION('',(-1.,0.,0.));
#4956=DIRECTION('center_axis',(-1.,0.,0.));
#4957=DIRECTION('ref_axis',(0.,1.16687841360164E-14,-1.));
#4958=DIRECTION('',(-1.,0.,0.));
#4959=DIRECTION('center_axis',(0.,1.,-7.41334818793505E-17));
#4960=DIRECTION('ref_axis',(0.,7.41334818793505E-17,1.));
#4961=DIRECTION('center_axis',(0.,-1.,7.41334818793505E-17));
#4962=DIRECTION('ref_axis',(0.,-7.41334818793505E-17,-1.));
#4963=DIRECTION('',(-1.,0.,0.));
#4964=DIRECTION('center_axis',(-1.,0.,0.));
#4965=DIRECTION('ref_axis',(0.,2.27710143822679E-14,-1.));
#4966=DIRECTION('',(-1.,0.,0.));
#4967=DIRECTION('center_axis',(0.,1.,-7.41334818793505E-17));
#4968=DIRECTION('ref_axis',(0.,7.41334818793505E-17,1.));
#4969=DIRECTION('center_axis',(0.,-1.,7.41334818793505E-17));
#4970=DIRECTION('ref_axis',(0.,-7.41334818793505E-17,-1.));
#4971=DIRECTION('',(-1.,0.,0.));
#4972=DIRECTION('center_axis',(-1.,0.,0.));
#4973=DIRECTION('ref_axis',(0.,2.27710143822679E-14,-1.));
#4974=DIRECTION('',(-1.,0.,0.));
#4975=DIRECTION('center_axis',(0.,1.,-7.41334818793505E-17));
#4976=DIRECTION('ref_axis',(0.,7.41334818793505E-17,1.));
#4977=DIRECTION('center_axis',(0.,-1.,7.41334818793505E-17));
#4978=DIRECTION('ref_axis',(0.,-7.41334818793505E-17,-1.));
#4979=DIRECTION('',(-1.,0.,0.));
#4980=DIRECTION('center_axis',(-1.,0.,0.));
#4981=DIRECTION('ref_axis',(0.,1.16687841360164E-14,-1.));
#4982=DIRECTION('',(-1.,0.,0.));
#4983=DIRECTION('center_axis',(0.,1.,-7.41334818793505E-17));
#4984=DIRECTION('ref_axis',(0.,7.41334818793505E-17,1.));
#4985=DIRECTION('center_axis',(0.,-1.,7.41334818793505E-17));
#4986=DIRECTION('ref_axis',(0.,-7.41334818793505E-17,-1.));
#4987=DIRECTION('',(-1.,0.,0.));
#4988=DIRECTION('center_axis',(-1.,0.,0.));
#4989=DIRECTION('ref_axis',(0.,1.22464679914735E-16,-1.));
#4990=DIRECTION('',(-1.,0.,0.));
#4991=DIRECTION('center_axis',(0.,1.,-7.41334818793505E-17));
#4992=DIRECTION('ref_axis',(0.,7.41334818793505E-17,1.));
#4993=DIRECTION('center_axis',(0.,-1.,7.41334818793505E-17));
#4994=DIRECTION('ref_axis',(0.,-7.41334818793505E-17,-1.));
#4995=DIRECTION('',(-1.,0.,0.));
#4996=DIRECTION('center_axis',(-1.,0.,0.));
#4997=DIRECTION('ref_axis',(0.,1.16687841360164E-14,-1.));
#4998=DIRECTION('',(-1.,0.,0.));
#4999=DIRECTION('center_axis',(0.,1.,-7.41334818793505E-17));
#5000=DIRECTION('ref_axis',(0.,7.41334818793505E-17,1.));
#5001=DIRECTION('center_axis',(0.,-1.,7.41334818793505E-17));
#5002=DIRECTION('ref_axis',(0.,-7.41334818793505E-17,-1.));
#5003=DIRECTION('',(-1.,0.,0.));
#5004=DIRECTION('center_axis',(-1.,0.,0.));
#5005=DIRECTION('ref_axis',(0.,1.16687841360164E-14,-1.));
#5006=DIRECTION('',(-1.,0.,0.));
#5007=DIRECTION('center_axis',(0.,1.,-7.41334818793505E-17));
#5008=DIRECTION('ref_axis',(0.,7.41334818793505E-17,1.));
#5009=DIRECTION('center_axis',(0.,-1.,7.41334818793505E-17));
#5010=DIRECTION('ref_axis',(0.,-7.41334818793505E-17,-1.));
#5011=DIRECTION('',(-1.,0.,0.));
#5012=DIRECTION('center_axis',(-1.,0.,0.));
#5013=DIRECTION('ref_axis',(0.,1.16687841360164E-14,-1.));
#5014=DIRECTION('',(-1.,0.,0.));
#5015=DIRECTION('center_axis',(0.,1.,-7.41334818793505E-17));
#5016=DIRECTION('ref_axis',(0.,7.41334818793505E-17,1.));
#5017=DIRECTION('center_axis',(0.,-1.,7.41334818793505E-17));
#5018=DIRECTION('ref_axis',(0.,-7.41334818793505E-17,-1.));
#5019=DIRECTION('',(-1.,0.,0.));
#5020=DIRECTION('center_axis',(-1.,0.,0.));
#5021=DIRECTION('ref_axis',(0.,1.16687841360164E-14,-1.));
#5022=DIRECTION('',(-1.,0.,0.));
#5023=DIRECTION('center_axis',(0.,1.,-7.41334818793505E-17));
#5024=DIRECTION('ref_axis',(0.,7.41334818793505E-17,1.));
#5025=DIRECTION('center_axis',(0.,-1.,7.41334818793505E-17));
#5026=DIRECTION('ref_axis',(0.,-7.41334818793505E-17,-1.));
#5027=DIRECTION('',(-1.,0.,0.));
#5028=DIRECTION('center_axis',(-1.,0.,0.));
#5029=DIRECTION('ref_axis',(0.,8.56015966706592E-15,-1.));
#5030=DIRECTION('',(-1.,0.,0.));
#5031=DIRECTION('center_axis',(0.,1.,-7.41334818793505E-17));
#5032=DIRECTION('ref_axis',(0.,7.41334818793505E-17,1.));
#5033=DIRECTION('center_axis',(0.,-1.,7.41334818793505E-17));
#5034=DIRECTION('ref_axis',(0.,-7.41334818793505E-17,-1.));
#5035=DIRECTION('',(-1.,0.,0.));
#5036=DIRECTION('center_axis',(-1.,0.,0.));
#5037=DIRECTION('ref_axis',(0.,1.16687841360164E-14,-1.));
#5038=DIRECTION('',(-1.,0.,0.));
#5039=DIRECTION('center_axis',(0.,1.,-7.41334818793505E-17));
#5040=DIRECTION('ref_axis',(0.,7.41334818793505E-17,1.));
#5041=DIRECTION('center_axis',(0.,-1.,7.41334818793505E-17));
#5042=DIRECTION('ref_axis',(0.,-7.41334818793505E-17,-1.));
#5043=DIRECTION('',(-1.,0.,0.));
#5044=DIRECTION('center_axis',(-1.,0.,0.));
#5045=DIRECTION('ref_axis',(0.,8.56015966706592E-15,-1.));
#5046=DIRECTION('',(-1.,0.,0.));
#5047=DIRECTION('center_axis',(0.,1.,-7.41334818793505E-17));
#5048=DIRECTION('ref_axis',(0.,7.41334818793505E-17,1.));
#5049=DIRECTION('center_axis',(0.,-1.,7.41334818793505E-17));
#5050=DIRECTION('ref_axis',(0.,-7.41334818793505E-17,-1.));
#5051=DIRECTION('',(-1.,0.,0.));
#5052=DIRECTION('center_axis',(-1.,0.,0.));
#5053=DIRECTION('ref_axis',(0.,8.56015966706592E-15,-1.));
#5054=DIRECTION('',(-1.,0.,0.));
#5055=DIRECTION('center_axis',(0.,1.,-7.41334818793505E-17));
#5056=DIRECTION('ref_axis',(0.,7.41334818793505E-17,1.));
#5057=DIRECTION('center_axis',(0.,-1.,7.41334818793505E-17));
#5058=DIRECTION('ref_axis',(0.,-7.41334818793505E-17,-1.));
#5059=DIRECTION('',(-1.,0.,0.));
#5060=DIRECTION('center_axis',(-1.,0.,0.));
#5061=DIRECTION('ref_axis',(0.,9.89242729661611E-15,-1.));
#5062=DIRECTION('',(-1.,0.,0.));
#5063=DIRECTION('center_axis',(0.,1.,-7.41334818793505E-17));
#5064=DIRECTION('ref_axis',(0.,7.41334818793505E-17,1.));
#5065=DIRECTION('center_axis',(0.,-1.,7.41334818793505E-17));
#5066=DIRECTION('ref_axis',(0.,-7.41334818793505E-17,-1.));
#5067=DIRECTION('',(-1.,0.,0.));
#5068=DIRECTION('center_axis',(-1.,0.,0.));
#5069=DIRECTION('ref_axis',(0.,9.44833808676605E-15,-1.));
#5070=DIRECTION('',(-1.,0.,0.));
#5071=DIRECTION('center_axis',(0.,1.,-7.41334818793505E-17));
#5072=DIRECTION('ref_axis',(0.,7.41334818793505E-17,1.));
#5073=DIRECTION('center_axis',(0.,-1.,7.41334818793505E-17));
#5074=DIRECTION('ref_axis',(0.,-7.41334818793505E-17,-1.));
#5075=DIRECTION('',(-1.,0.,0.));
#5076=DIRECTION('center_axis',(-1.,0.,0.));
#5077=DIRECTION('ref_axis',(0.,9.00424887691599E-15,-1.));
#5078=DIRECTION('',(-1.,0.,0.));
#5079=DIRECTION('center_axis',(0.,1.,-7.41334818793505E-17));
#5080=DIRECTION('ref_axis',(0.,7.41334818793505E-17,1.));
#5081=DIRECTION('center_axis',(0.,-1.,7.41334818793505E-17));
#5082=DIRECTION('ref_axis',(0.,-7.41334818793505E-17,-1.));
#5083=DIRECTION('',(-1.,0.,0.));
#5084=DIRECTION('center_axis',(-1.,0.,0.));
#5085=DIRECTION('ref_axis',(0.,9.44833808676605E-15,-1.));
#5086=DIRECTION('',(-1.,0.,0.));
#5087=DIRECTION('center_axis',(0.,1.,-7.41334818793505E-17));
#5088=DIRECTION('ref_axis',(0.,7.41334818793505E-17,1.));
#5089=DIRECTION('center_axis',(0.,-1.,7.41334818793505E-17));
#5090=DIRECTION('ref_axis',(0.,-7.41334818793505E-17,-1.));
#5091=DIRECTION('',(-1.,0.,0.));
#5092=DIRECTION('center_axis',(-1.,0.,0.));
#5093=DIRECTION('ref_axis',(0.,9.89242729661611E-15,-1.));
#5094=DIRECTION('',(-1.,0.,0.));
#5095=DIRECTION('center_axis',(0.,1.,-7.41334818793505E-17));
#5096=DIRECTION('ref_axis',(0.,7.41334818793505E-17,1.));
#5097=DIRECTION('center_axis',(0.,-1.,7.41334818793505E-17));
#5098=DIRECTION('ref_axis',(0.,-7.41334818793505E-17,-1.));
#5099=DIRECTION('',(-1.,0.,0.));
#5100=DIRECTION('center_axis',(-1.,0.,0.));
#5101=DIRECTION('ref_axis',(0.,8.56015966706592E-15,-1.));
#5102=DIRECTION('',(-1.,0.,0.));
#5103=DIRECTION('center_axis',(0.,1.,-7.41334818793505E-17));
#5104=DIRECTION('ref_axis',(0.,7.41334818793505E-17,1.));
#5105=DIRECTION('center_axis',(0.,-1.,7.41334818793505E-17));
#5106=DIRECTION('ref_axis',(0.,-7.41334818793505E-17,-1.));
#5107=DIRECTION('',(-1.,0.,0.));
#5108=DIRECTION('center_axis',(-1.,0.,0.));
#5109=DIRECTION('ref_axis',(0.,5.89562440796555E-15,-1.));
#5110=DIRECTION('',(-1.,0.,0.));
#5111=DIRECTION('center_axis',(0.,1.,-7.41334818793505E-17));
#5112=DIRECTION('ref_axis',(0.,7.41334818793505E-17,1.));
#5113=DIRECTION('center_axis',(0.,-1.,7.41334818793505E-17));
#5114=DIRECTION('ref_axis',(0.,-7.41334818793505E-17,-1.));
#5115=DIRECTION('',(-1.,0.,0.));
#5116=DIRECTION('center_axis',(-1.,0.,0.));
#5117=DIRECTION('ref_axis',(0.,8.56015966706592E-15,-1.));
#5118=DIRECTION('',(-1.,0.,0.));
#5119=DIRECTION('center_axis',(0.,1.,-7.41334818793505E-17));
#5120=DIRECTION('ref_axis',(0.,7.41334818793505E-17,1.));
#5121=DIRECTION('center_axis',(0.,-1.,7.41334818793505E-17));
#5122=DIRECTION('ref_axis',(0.,-7.41334818793505E-17,-1.));
#5123=DIRECTION('',(-1.,0.,0.));
#5124=DIRECTION('center_axis',(-1.,0.,0.));
#5125=DIRECTION('ref_axis',(0.,8.56015966706592E-15,-1.));
#5126=DIRECTION('',(-1.,0.,0.));
#5127=DIRECTION('center_axis',(0.,1.,-7.41334818793505E-17));
#5128=DIRECTION('ref_axis',(0.,7.41334818793505E-17,1.));
#5129=DIRECTION('center_axis',(0.,-1.,7.41334818793505E-17));
#5130=DIRECTION('ref_axis',(0.,-7.41334818793505E-17,-1.));
#5131=DIRECTION('',(-1.,0.,0.));
#5132=DIRECTION('center_axis',(-1.,0.,0.));
#5133=DIRECTION('ref_axis',(0.,5.89562440796555E-15,-1.));
#5134=DIRECTION('',(-1.,0.,0.));
#5135=DIRECTION('center_axis',(0.,1.,-7.41334818793505E-17));
#5136=DIRECTION('ref_axis',(0.,7.41334818793505E-17,1.));
#5137=DIRECTION('center_axis',(0.,-1.,7.41334818793505E-17));
#5138=DIRECTION('ref_axis',(0.,-7.41334818793505E-17,-1.));
#5139=DIRECTION('',(-1.,0.,0.));
#5140=DIRECTION('center_axis',(-1.,0.,0.));
#5141=DIRECTION('ref_axis',(0.,5.89562440796555E-15,-1.));
#5142=DIRECTION('',(-1.,0.,0.));
#5143=DIRECTION('center_axis',(0.,1.,-7.41334818793505E-17));
#5144=DIRECTION('ref_axis',(0.,7.41334818793505E-17,1.));
#5145=DIRECTION('center_axis',(0.,-1.,7.41334818793505E-17));
#5146=DIRECTION('ref_axis',(0.,-7.41334818793505E-17,-1.));
#5147=DIRECTION('',(-1.,0.,0.));
#5148=DIRECTION('center_axis',(-1.,0.,0.));
#5149=DIRECTION('ref_axis',(0.,5.89562440796555E-15,-1.));
#5150=DIRECTION('',(-1.,0.,0.));
#5151=DIRECTION('center_axis',(0.,1.,-7.41334818793505E-17));
#5152=DIRECTION('ref_axis',(0.,7.41334818793505E-17,1.));
#5153=DIRECTION('center_axis',(0.,-1.,7.41334818793505E-17));
#5154=DIRECTION('ref_axis',(0.,-7.41334818793505E-17,-1.));
#5155=DIRECTION('',(-1.,0.,0.));
#5156=DIRECTION('center_axis',(-1.,0.,0.));
#5157=DIRECTION('ref_axis',(0.,5.89562440796555E-15,-1.));
#5158=DIRECTION('',(-1.,0.,0.));
#5159=DIRECTION('center_axis',(0.,1.,-7.41334818793505E-17));
#5160=DIRECTION('ref_axis',(0.,7.41334818793505E-17,1.));
#5161=DIRECTION('center_axis',(0.,-1.,7.41334818793505E-17));
#5162=DIRECTION('ref_axis',(0.,-7.41334818793505E-17,-1.));
#5163=DIRECTION('',(-1.,0.,0.));
#5164=DIRECTION('center_axis',(-1.,0.,0.));
#5165=DIRECTION('ref_axis',(0.,1.16687841360164E-14,-1.));
#5166=DIRECTION('',(-1.,0.,0.));
#5167=DIRECTION('center_axis',(0.,1.,-7.41334818793505E-17));
#5168=DIRECTION('ref_axis',(0.,7.41334818793505E-17,1.));
#5169=DIRECTION('center_axis',(0.,-1.,7.41334818793505E-17));
#5170=DIRECTION('ref_axis',(0.,-7.41334818793505E-17,-1.));
#5171=DIRECTION('',(-1.,0.,0.));
#5172=DIRECTION('center_axis',(-1.,0.,0.));
#5173=DIRECTION('ref_axis',(0.,5.89562440796555E-15,-1.));
#5174=DIRECTION('',(-1.,0.,0.));
#5175=DIRECTION('center_axis',(0.,1.,-7.41334818793505E-17));
#5176=DIRECTION('ref_axis',(0.,7.41334818793505E-17,1.));
#5177=DIRECTION('center_axis',(0.,-1.,7.41334818793505E-17));
#5178=DIRECTION('ref_axis',(0.,-7.41334818793505E-17,-1.));
#5179=DIRECTION('',(-1.,0.,0.));
#5180=DIRECTION('center_axis',(-1.,0.,0.));
#5181=DIRECTION('ref_axis',(0.,5.89562440796555E-15,-1.));
#5182=DIRECTION('',(-1.,0.,0.));
#5183=DIRECTION('center_axis',(0.,1.,-7.41334818793505E-17));
#5184=DIRECTION('ref_axis',(0.,7.41334818793505E-17,1.));
#5185=DIRECTION('center_axis',(0.,-1.,7.41334818793505E-17));
#5186=DIRECTION('ref_axis',(0.,-7.41334818793505E-17,-1.));
#5187=DIRECTION('',(-1.,0.,0.));
#5188=DIRECTION('center_axis',(-1.,0.,0.));
#5189=DIRECTION('ref_axis',(0.,1.16687841360164E-14,-1.));
#5190=DIRECTION('',(-1.,0.,0.));
#5191=DIRECTION('center_axis',(0.,1.,-7.41334818793505E-17));
#5192=DIRECTION('ref_axis',(0.,7.41334818793505E-17,1.));
#5193=DIRECTION('center_axis',(0.,-1.,7.41334818793505E-17));
#5194=DIRECTION('ref_axis',(0.,-7.41334818793505E-17,-1.));
#5195=DIRECTION('',(-1.,0.,0.));
#5196=DIRECTION('center_axis',(-1.,0.,0.));
#5197=DIRECTION('ref_axis',(0.,1.16687841360164E-14,-1.));
#5198=DIRECTION('',(-1.,0.,0.));
#5199=DIRECTION('center_axis',(0.,1.,-7.41334818793505E-17));
#5200=DIRECTION('ref_axis',(0.,7.41334818793505E-17,1.));
#5201=DIRECTION('center_axis',(0.,-1.,7.41334818793505E-17));
#5202=DIRECTION('ref_axis',(0.,-7.41334818793505E-17,-1.));
#5203=DIRECTION('',(-1.,0.,0.));
#5204=DIRECTION('center_axis',(-1.,0.,0.));
#5205=DIRECTION('ref_axis',(0.,1.16687841360164E-14,-1.));
#5206=DIRECTION('',(-1.,0.,0.));
#5207=DIRECTION('center_axis',(0.,1.,-7.41334818793505E-17));
#5208=DIRECTION('ref_axis',(0.,7.41334818793505E-17,1.));
#5209=DIRECTION('center_axis',(0.,-1.,7.41334818793505E-17));
#5210=DIRECTION('ref_axis',(0.,-7.41334818793505E-17,-1.));
#5211=DIRECTION('',(-1.,0.,0.));
#5212=DIRECTION('center_axis',(-1.,0.,0.));
#5213=DIRECTION('ref_axis',(0.,1.22464679914735E-16,-1.));
#5214=DIRECTION('',(-1.,0.,0.));
#5215=DIRECTION('center_axis',(0.,1.,-7.41334818793505E-17));
#5216=DIRECTION('ref_axis',(0.,7.41334818793505E-17,1.));
#5217=DIRECTION('center_axis',(0.,-1.,7.41334818793505E-17));
#5218=DIRECTION('ref_axis',(0.,-7.41334818793505E-17,-1.));
#5219=DIRECTION('',(-1.,0.,0.));
#5220=DIRECTION('center_axis',(-1.,0.,0.));
#5221=DIRECTION('ref_axis',(0.,1.22464679914735E-16,-1.));
#5222=DIRECTION('',(-1.,0.,0.));
#5223=DIRECTION('center_axis',(0.,1.,-7.41334818793505E-17));
#5224=DIRECTION('ref_axis',(0.,7.41334818793505E-17,1.));
#5225=DIRECTION('center_axis',(0.,-1.,7.41334818793505E-17));
#5226=DIRECTION('ref_axis',(0.,-7.41334818793505E-17,-1.));
#5227=DIRECTION('',(-1.,0.,0.));
#5228=DIRECTION('center_axis',(-1.,0.,0.));
#5229=DIRECTION('ref_axis',(0.,1.22464679914735E-16,-1.));
#5230=DIRECTION('',(-1.,0.,0.));
#5231=DIRECTION('center_axis',(0.,1.,-7.41334818793505E-17));
#5232=DIRECTION('ref_axis',(0.,7.41334818793505E-17,1.));
#5233=DIRECTION('center_axis',(0.,-1.,7.41334818793505E-17));
#5234=DIRECTION('ref_axis',(0.,-7.41334818793505E-17,-1.));
#5235=DIRECTION('',(-1.,0.,0.));
#5236=DIRECTION('center_axis',(-1.,0.,0.));
#5237=DIRECTION('ref_axis',(0.,1.16687841360164E-14,-1.));
#5238=DIRECTION('',(-1.,0.,0.));
#5239=DIRECTION('center_axis',(0.,1.,-7.41334818793505E-17));
#5240=DIRECTION('ref_axis',(0.,7.41334818793505E-17,1.));
#5241=CARTESIAN_POINT('',(0.,0.,0.));
#5242=CARTESIAN_POINT('Origin',(7.5,4.49560012728776E-12,-481.65));
#5243=CARTESIAN_POINT('',(1.,3.15000000000485,-481.65));
#5244=CARTESIAN_POINT('',(1.,-3.1499999999955,-481.65));
#5245=CARTESIAN_POINT('Origin',(1.,4.49560012728776E-12,-481.65));
#5246=CARTESIAN_POINT('',(0.,-3.1499999999955,-481.65));
#5247=CARTESIAN_POINT('',(7.5,-3.1499999999955,-481.65));
#5248=CARTESIAN_POINT('',(3.68628738645072E-15,3.15000000000485,-481.65));
#5249=CARTESIAN_POINT('Origin',(0.,4.49560012728776E-12,-481.65));
#5250=CARTESIAN_POINT('',(7.5,3.15000000000485,-481.65));
#5251=CARTESIAN_POINT('Origin',(7.5,4.37578923441681E-12,-456.65));
#5252=CARTESIAN_POINT('',(1.,3.15000000000473,-456.65));
#5253=CARTESIAN_POINT('',(1.,-3.14999999999562,-456.65));
#5254=CARTESIAN_POINT('Origin',(1.,4.37578923441681E-12,-456.65));
#5255=CARTESIAN_POINT('',(0.,-3.14999999999562,-456.65));
#5256=CARTESIAN_POINT('',(7.5,-3.14999999999562,-456.65));
#5257=CARTESIAN_POINT('',(3.68628738645072E-15,3.15000000000473,-456.65));
#5258=CARTESIAN_POINT('Origin',(0.,4.37578923441681E-12,-456.65));
#5259=CARTESIAN_POINT('',(7.5,3.15000000000473,-456.65));
#5260=CARTESIAN_POINT('Origin',(7.5,4.25597834154586E-12,-431.65));
#5261=CARTESIAN_POINT('',(1.,3.15000000000461,-431.65));
#5262=CARTESIAN_POINT('',(1.,-3.14999999999574,-431.65));
#5263=CARTESIAN_POINT('Origin',(1.,4.25597834154586E-12,-431.65));
#5264=CARTESIAN_POINT('',(0.,-3.14999999999574,-431.65));
#5265=CARTESIAN_POINT('',(7.5,-3.14999999999574,-431.65));
#5266=CARTESIAN_POINT('',(3.68628738645072E-15,3.15000000000461,-431.65));
#5267=CARTESIAN_POINT('Origin',(0.,4.25597834154586E-12,-431.65));
#5268=CARTESIAN_POINT('',(7.5,3.15000000000461,-431.65));
#5269=CARTESIAN_POINT('Origin',(7.5,4.1361674486749E-12,-406.65));
#5270=CARTESIAN_POINT('',(1.,3.15000000000449,-406.65));
#5271=CARTESIAN_POINT('',(1.,-3.14999999999586,-406.65));
#5272=CARTESIAN_POINT('Origin',(1.,4.1361674486749E-12,-406.65));
#5273=CARTESIAN_POINT('',(0.,-3.14999999999586,-406.65));
#5274=CARTESIAN_POINT('',(7.5,-3.14999999999586,-406.65));
#5275=CARTESIAN_POINT('',(3.68628738645072E-15,3.15000000000449,-406.65));
#5276=CARTESIAN_POINT('Origin',(0.,4.1361674486749E-12,-406.65));
#5277=CARTESIAN_POINT('',(7.5,3.15000000000449,-406.65));
#5278=CARTESIAN_POINT('Origin',(7.5,4.01635655580395E-12,-381.65));
#5279=CARTESIAN_POINT('',(1.,3.15000000000437,-381.65));
#5280=CARTESIAN_POINT('',(1.,-3.14999999999598,-381.65));
#5281=CARTESIAN_POINT('Origin',(1.,4.01635655580395E-12,-381.65));
#5282=CARTESIAN_POINT('',(0.,-3.14999999999598,-381.65));
#5283=CARTESIAN_POINT('',(7.5,-3.14999999999598,-381.65));
#5284=CARTESIAN_POINT('',(3.68628738645072E-15,3.15000000000437,-381.65));
#5285=CARTESIAN_POINT('Origin',(0.,4.01635655580395E-12,-381.65));
#5286=CARTESIAN_POINT('',(7.5,3.15000000000437,-381.65));
#5287=CARTESIAN_POINT('Origin',(7.5,3.896545662933E-12,-356.65));
#5288=CARTESIAN_POINT('',(1.,3.15000000000425,-356.65));
#5289=CARTESIAN_POINT('',(1.,-3.1499999999961,-356.65));
#5290=CARTESIAN_POINT('Origin',(1.,3.896545662933E-12,-356.65));
#5291=CARTESIAN_POINT('',(0.,-3.1499999999961,-356.65));
#5292=CARTESIAN_POINT('',(7.5,-3.1499999999961,-356.65));
#5293=CARTESIAN_POINT('',(3.68628738645072E-15,3.15000000000425,-356.65));
#5294=CARTESIAN_POINT('Origin',(0.,3.896545662933E-12,-356.65));
#5295=CARTESIAN_POINT('',(7.5,3.15000000000425,-356.65));
#5296=CARTESIAN_POINT('Origin',(7.5,3.77673477006205E-12,-331.65));
#5297=CARTESIAN_POINT('',(1.,3.15000000000413,-331.65));
#5298=CARTESIAN_POINT('',(1.,-3.14999999999622,-331.65));
#5299=CARTESIAN_POINT('Origin',(1.,3.77673477006205E-12,-331.65));
#5300=CARTESIAN_POINT('',(0.,-3.14999999999622,-331.65));
#5301=CARTESIAN_POINT('',(7.5,-3.14999999999622,-331.65));
#5302=CARTESIAN_POINT('',(3.68628738645072E-15,3.15000000000413,-331.65));
#5303=CARTESIAN_POINT('Origin',(0.,3.77673477006205E-12,-331.65));
#5304=CARTESIAN_POINT('',(7.5,3.15000000000413,-331.65));
#5305=CARTESIAN_POINT('Origin',(7.5,3.6569238771911E-12,-306.65));
#5306=CARTESIAN_POINT('',(1.,3.15000000000401,-306.65));
#5307=CARTESIAN_POINT('',(1.,-3.14999999999634,-306.65));
#5308=CARTESIAN_POINT('Origin',(1.,3.6569238771911E-12,-306.65));
#5309=CARTESIAN_POINT('',(0.,-3.14999999999634,-306.65));
#5310=CARTESIAN_POINT('',(7.5,-3.14999999999634,-306.65));
#5311=CARTESIAN_POINT('',(3.68628738645072E-15,3.15000000000401,-306.65));
#5312=CARTESIAN_POINT('Origin',(0.,3.6569238771911E-12,-306.65));
#5313=CARTESIAN_POINT('',(7.5,3.15000000000401,-306.65));
#5314=CARTESIAN_POINT('Origin',(7.5,3.53711298432014E-12,-281.65));
#5315=CARTESIAN_POINT('',(1.,3.15000000000389,-281.65));
#5316=CARTESIAN_POINT('',(1.,-3.14999999999646,-281.65));
#5317=CARTESIAN_POINT('Origin',(1.,3.53711298432014E-12,-281.65));
#5318=CARTESIAN_POINT('',(0.,-3.14999999999646,-281.65));
#5319=CARTESIAN_POINT('',(7.5,-3.14999999999646,-281.65));
#5320=CARTESIAN_POINT('',(3.68628738645072E-15,3.15000000000389,-281.65));
#5321=CARTESIAN_POINT('Origin',(0.,3.53711298432014E-12,-281.65));
#5322=CARTESIAN_POINT('',(7.5,3.15000000000389,-281.65));
#5323=CARTESIAN_POINT('Origin',(7.5,3.41730209144919E-12,-256.65));
#5324=CARTESIAN_POINT('',(1.,3.15000000000377,-256.65));
#5325=CARTESIAN_POINT('',(1.,-3.14999999999658,-256.65));
#5326=CARTESIAN_POINT('Origin',(1.,3.41730209144919E-12,-256.65));
#5327=CARTESIAN_POINT('',(0.,-3.14999999999658,-256.65));
#5328=CARTESIAN_POINT('',(7.5,-3.14999999999658,-256.65));
#5329=CARTESIAN_POINT('',(3.68628738645072E-15,3.15000000000377,-256.65));
#5330=CARTESIAN_POINT('Origin',(0.,3.41730209144919E-12,-256.65));
#5331=CARTESIAN_POINT('',(7.5,3.15000000000377,-256.65));
#5332=CARTESIAN_POINT('Origin',(7.5,3.29749119857824E-12,-231.65));
#5333=CARTESIAN_POINT('',(1.,3.15000000000365,-231.65));
#5334=CARTESIAN_POINT('',(1.,-3.1499999999967,-231.65));
#5335=CARTESIAN_POINT('Origin',(1.,3.29749119857824E-12,-231.65));
#5336=CARTESIAN_POINT('',(0.,-3.1499999999967,-231.65));
#5337=CARTESIAN_POINT('',(7.5,-3.1499999999967,-231.65));
#5338=CARTESIAN_POINT('',(3.68628738645072E-15,3.15000000000365,-231.65));
#5339=CARTESIAN_POINT('Origin',(0.,3.29749119857824E-12,-231.65));
#5340=CARTESIAN_POINT('',(7.5,3.15000000000365,-231.65));
#5341=CARTESIAN_POINT('Origin',(7.5,3.17768030570729E-12,-206.65));
#5342=CARTESIAN_POINT('',(1.,3.15000000000353,-206.65));
#5343=CARTESIAN_POINT('',(1.,-3.14999999999682,-206.65));
#5344=CARTESIAN_POINT('Origin',(1.,3.17768030570729E-12,-206.65));
#5345=CARTESIAN_POINT('',(0.,-3.14999999999682,-206.65));
#5346=CARTESIAN_POINT('',(7.5,-3.14999999999682,-206.65));
#5347=CARTESIAN_POINT('',(3.68628738645072E-15,3.15000000000353,-206.65));
#5348=CARTESIAN_POINT('Origin',(0.,3.17768030570729E-12,-206.65));
#5349=CARTESIAN_POINT('',(7.5,3.15000000000353,-206.65));
#5350=CARTESIAN_POINT('Origin',(7.5,3.05786941283634E-12,-181.65));
#5351=CARTESIAN_POINT('',(1.,3.15000000000341,-181.65));
#5352=CARTESIAN_POINT('',(1.,-3.14999999999694,-181.65));
#5353=CARTESIAN_POINT('Origin',(1.,3.05786941283634E-12,-181.65));
#5354=CARTESIAN_POINT('',(0.,-3.14999999999694,-181.65));
#5355=CARTESIAN_POINT('',(7.5,-3.14999999999694,-181.65));
#5356=CARTESIAN_POINT('',(3.68628738645072E-15,3.15000000000341,-181.65));
#5357=CARTESIAN_POINT('Origin',(0.,3.05786941283634E-12,-181.65));
#5358=CARTESIAN_POINT('',(7.5,3.15000000000341,-181.65));
#5359=CARTESIAN_POINT('Origin',(7.5,2.93805851996538E-12,-156.65));
#5360=CARTESIAN_POINT('',(1.,3.15000000000329,-156.65));
#5361=CARTESIAN_POINT('',(1.,-3.14999999999706,-156.65));
#5362=CARTESIAN_POINT('Origin',(1.,2.93805851996538E-12,-156.65));
#5363=CARTESIAN_POINT('',(0.,-3.14999999999706,-156.65));
#5364=CARTESIAN_POINT('',(7.5,-3.14999999999706,-156.65));
#5365=CARTESIAN_POINT('',(3.68628738645072E-15,3.15000000000329,-156.65));
#5366=CARTESIAN_POINT('Origin',(0.,2.93805851996538E-12,-156.65));
#5367=CARTESIAN_POINT('',(7.5,3.15000000000329,-156.65));
#5368=CARTESIAN_POINT('Origin',(7.5,2.81824762709443E-12,-131.65));
#5369=CARTESIAN_POINT('',(1.,3.15000000000317,-131.65));
#5370=CARTESIAN_POINT('',(1.,-3.14999999999718,-131.65));
#5371=CARTESIAN_POINT('Origin',(1.,2.81824762709443E-12,-131.65));
#5372=CARTESIAN_POINT('',(0.,-3.14999999999718,-131.65));
#5373=CARTESIAN_POINT('',(7.5,-3.14999999999718,-131.65));
#5374=CARTESIAN_POINT('',(3.68628738645072E-15,3.15000000000317,-131.65));
#5375=CARTESIAN_POINT('Origin',(0.,2.81824762709443E-12,-131.65));
#5376=CARTESIAN_POINT('',(7.5,3.15000000000317,-131.65));
#5377=CARTESIAN_POINT('Origin',(7.5,2.69843673422348E-12,-106.65));
#5378=CARTESIAN_POINT('',(1.,3.15000000000305,-106.65));
#5379=CARTESIAN_POINT('',(1.,-3.1499999999973,-106.65));
#5380=CARTESIAN_POINT('Origin',(1.,2.69843673422348E-12,-106.65));
#5381=CARTESIAN_POINT('',(0.,-3.1499999999973,-106.65));
#5382=CARTESIAN_POINT('',(7.5,-3.1499999999973,-106.65));
#5383=CARTESIAN_POINT('',(3.68628738645072E-15,3.15000000000305,-106.65));
#5384=CARTESIAN_POINT('Origin',(0.,2.69843673422348E-12,-106.65));
#5385=CARTESIAN_POINT('',(7.5,3.15000000000305,-106.65));
#5386=CARTESIAN_POINT('Origin',(7.5,2.57862584135253E-12,-81.6500000000001));
#5387=CARTESIAN_POINT('',(1.,3.15000000000293,-81.6500000000001));
#5388=CARTESIAN_POINT('',(1.,-3.14999999999742,-81.6500000000001));
#5389=CARTESIAN_POINT('Origin',(1.,2.57862584135253E-12,-81.6500000000001));
#5390=CARTESIAN_POINT('',(0.,-3.14999999999742,-81.6500000000001));
#5391=CARTESIAN_POINT('',(7.5,-3.14999999999742,-81.6500000000001));
#5392=CARTESIAN_POINT('',(3.68628738645072E-15,3.15000000000293,-81.6500000000001));
#5393=CARTESIAN_POINT('Origin',(0.,2.57862584135253E-12,-81.6500000000001));
#5394=CARTESIAN_POINT('',(7.5,3.15000000000293,-81.6500000000001));
#5395=CARTESIAN_POINT('Origin',(7.5,2.45881494848158E-12,-56.65));
#5396=CARTESIAN_POINT('',(1.,3.15000000000281,-56.65));
#5397=CARTESIAN_POINT('',(1.,-3.14999999999754,-56.65));
#5398=CARTESIAN_POINT('Origin',(1.,2.45881494848158E-12,-56.65));
#5399=CARTESIAN_POINT('',(0.,-3.14999999999754,-56.65));
#5400=CARTESIAN_POINT('',(7.5,-3.14999999999754,-56.65));
#5401=CARTESIAN_POINT('',(3.68628738645072E-15,3.15000000000281,-56.65));
#5402=CARTESIAN_POINT('Origin',(0.,2.45881494848158E-12,-56.65));
#5403=CARTESIAN_POINT('',(7.5,3.15000000000281,-56.65));
#5404=CARTESIAN_POINT('Origin',(7.5,2.33900405561062E-12,-31.65));
#5405=CARTESIAN_POINT('',(1.,3.15000000000269,-31.65));
#5406=CARTESIAN_POINT('',(1.,-3.14999999999766,-31.65));
#5407=CARTESIAN_POINT('Origin',(1.,2.33900405561062E-12,-31.65));
#5408=CARTESIAN_POINT('',(0.,-3.14999999999766,-31.65));
#5409=CARTESIAN_POINT('',(7.5,-3.14999999999766,-31.65));
#5410=CARTESIAN_POINT('',(3.68628738645072E-15,3.15000000000269,-31.65));
#5411=CARTESIAN_POINT('Origin',(0.,2.33900405561062E-12,-31.65));
#5412=CARTESIAN_POINT('',(7.5,3.15000000000269,-31.65));
#5413=CARTESIAN_POINT('Origin',(7.5,2.21919316273967E-12,-6.64999999999999));
#5414=CARTESIAN_POINT('',(1.,3.15000000000257,-6.64999999999999));
#5415=CARTESIAN_POINT('',(1.,-3.14999999999778,-6.64999999999999));
#5416=CARTESIAN_POINT('Origin',(1.,2.21919316273967E-12,-6.64999999999999));
#5417=CARTESIAN_POINT('',(0.,-3.14999999999778,-6.64999999999999));
#5418=CARTESIAN_POINT('',(7.5,-3.14999999999778,-6.64999999999999));
#5419=CARTESIAN_POINT('',(3.68628738645072E-15,3.15000000000257,-6.64999999999999));
#5420=CARTESIAN_POINT('Origin',(0.,2.21919316273967E-12,-6.64999999999999));
#5421=CARTESIAN_POINT('',(7.5,3.15000000000257,-6.64999999999999));
#5422=CARTESIAN_POINT('Origin',(7.5,2.09938226986872E-12,18.35));
#5423=CARTESIAN_POINT('',(1.,3.15000000000245,18.35));
#5424=CARTESIAN_POINT('',(1.,-3.1499999999979,18.35));
#5425=CARTESIAN_POINT('Origin',(1.,2.09938226986872E-12,18.35));
#5426=CARTESIAN_POINT('',(0.,-3.1499999999979,18.35));
#5427=CARTESIAN_POINT('',(7.5,-3.1499999999979,18.35));
#5428=CARTESIAN_POINT('',(3.68628738645072E-15,3.15000000000245,18.35));
#5429=CARTESIAN_POINT('Origin',(0.,2.09938226986872E-12,18.35));
#5430=CARTESIAN_POINT('',(7.5,3.15000000000245,18.35));
#5431=CARTESIAN_POINT('Origin',(7.5,1.97957137699777E-12,43.35));
#5432=CARTESIAN_POINT('',(1.,3.15000000000233,43.35));
#5433=CARTESIAN_POINT('',(1.,-3.14999999999802,43.35));
#5434=CARTESIAN_POINT('Origin',(1.,1.97957137699777E-12,43.35));
#5435=CARTESIAN_POINT('',(0.,-3.14999999999802,43.35));
#5436=CARTESIAN_POINT('',(7.5,-3.14999999999802,43.35));
#5437=CARTESIAN_POINT('',(3.68628738645072E-15,3.15000000000233,43.35));
#5438=CARTESIAN_POINT('Origin',(0.,1.97957137699777E-12,43.35));
#5439=CARTESIAN_POINT('',(7.5,3.15000000000233,43.35));
#5440=CARTESIAN_POINT('Origin',(7.5,1.85976048412682E-12,68.35));
#5441=CARTESIAN_POINT('',(1.,3.15000000000221,68.35));
#5442=CARTESIAN_POINT('',(1.,-3.14999999999814,68.35));
#5443=CARTESIAN_POINT('Origin',(1.,1.85976048412682E-12,68.35));
#5444=CARTESIAN_POINT('',(0.,-3.14999999999814,68.35));
#5445=CARTESIAN_POINT('',(7.5,-3.14999999999814,68.35));
#5446=CARTESIAN_POINT('',(3.68628738645072E-15,3.15000000000221,68.35));
#5447=CARTESIAN_POINT('Origin',(0.,1.85976048412682E-12,68.35));
#5448=CARTESIAN_POINT('',(7.5,3.15000000000221,68.35));
#5449=CARTESIAN_POINT('Origin',(7.5,1.73994959125586E-12,93.35));
#5450=CARTESIAN_POINT('',(1.,3.15000000000209,93.35));
#5451=CARTESIAN_POINT('',(1.,-3.14999999999826,93.35));
#5452=CARTESIAN_POINT('Origin',(1.,1.73994959125586E-12,93.35));
#5453=CARTESIAN_POINT('',(0.,-3.14999999999826,93.35));
#5454=CARTESIAN_POINT('',(7.5,-3.14999999999826,93.35));
#5455=CARTESIAN_POINT('',(3.68628738645072E-15,3.15000000000209,93.35));
#5456=CARTESIAN_POINT('Origin',(0.,1.73994959125586E-12,93.35));
#5457=CARTESIAN_POINT('',(7.5,3.15000000000209,93.35));
#5458=CARTESIAN_POINT('Origin',(7.5,1.62013869838491E-12,118.35));
#5459=CARTESIAN_POINT('',(1.,3.15000000000197,118.35));
#5460=CARTESIAN_POINT('',(1.,-3.14999999999838,118.35));
#5461=CARTESIAN_POINT('Origin',(1.,1.62013869838491E-12,118.35));
#5462=CARTESIAN_POINT('',(0.,-3.14999999999838,118.35));
#5463=CARTESIAN_POINT('',(7.5,-3.14999999999838,118.35));
#5464=CARTESIAN_POINT('',(3.68628738645072E-15,3.15000000000197,118.35));
#5465=CARTESIAN_POINT('Origin',(0.,1.62013869838491E-12,118.35));
#5466=CARTESIAN_POINT('',(7.5,3.15000000000197,118.35));
#5467=CARTESIAN_POINT('Origin',(7.5,1.50032780551396E-12,143.35));
#5468=CARTESIAN_POINT('',(1.,3.15000000000185,143.35));
#5469=CARTESIAN_POINT('',(1.,-3.1499999999985,143.35));
#5470=CARTESIAN_POINT('Origin',(1.,1.50032780551396E-12,143.35));
#5471=CARTESIAN_POINT('',(0.,-3.1499999999985,143.35));
#5472=CARTESIAN_POINT('',(7.5,-3.1499999999985,143.35));
#5473=CARTESIAN_POINT('',(3.68628738645072E-15,3.15000000000185,143.35));
#5474=CARTESIAN_POINT('Origin',(0.,1.50032780551396E-12,143.35));
#5475=CARTESIAN_POINT('',(7.5,3.15000000000185,143.35));
#5476=CARTESIAN_POINT('Origin',(7.5,1.38051691264301E-12,168.35));
#5477=CARTESIAN_POINT('',(1.,3.15000000000173,168.35));
#5478=CARTESIAN_POINT('',(1.,-3.14999999999862,168.35));
#5479=CARTESIAN_POINT('Origin',(1.,1.38051691264301E-12,168.35));
#5480=CARTESIAN_POINT('',(0.,-3.14999999999862,168.35));
#5481=CARTESIAN_POINT('',(7.5,-3.14999999999862,168.35));
#5482=CARTESIAN_POINT('',(3.68628738645072E-15,3.15000000000173,168.35));
#5483=CARTESIAN_POINT('Origin',(0.,1.38051691264301E-12,168.35));
#5484=CARTESIAN_POINT('',(7.5,3.15000000000173,168.35));
#5485=CARTESIAN_POINT('Origin',(7.5,1.26070601977206E-12,193.35));
#5486=CARTESIAN_POINT('',(1.,3.15000000000161,193.35));
#5487=CARTESIAN_POINT('',(1.,-3.14999999999874,193.35));
#5488=CARTESIAN_POINT('Origin',(1.,1.26070601977206E-12,193.35));
#5489=CARTESIAN_POINT('',(0.,-3.14999999999874,193.35));
#5490=CARTESIAN_POINT('',(7.5,-3.14999999999874,193.35));
#5491=CARTESIAN_POINT('',(3.68628738645072E-15,3.15000000000161,193.35));
#5492=CARTESIAN_POINT('Origin',(0.,1.26070601977206E-12,193.35));
#5493=CARTESIAN_POINT('',(7.5,3.15000000000161,193.35));
#5494=CARTESIAN_POINT('Origin',(7.5,1.1408951269011E-12,218.35));
#5495=CARTESIAN_POINT('',(1.,3.15000000000149,218.35));
#5496=CARTESIAN_POINT('',(1.,-3.14999999999886,218.35));
#5497=CARTESIAN_POINT('Origin',(1.,1.1408951269011E-12,218.35));
#5498=CARTESIAN_POINT('',(0.,-3.14999999999886,218.35));
#5499=CARTESIAN_POINT('',(7.5,-3.14999999999886,218.35));
#5500=CARTESIAN_POINT('',(3.68628738645072E-15,3.15000000000149,218.35));
#5501=CARTESIAN_POINT('Origin',(0.,1.1408951269011E-12,218.35));
#5502=CARTESIAN_POINT('',(7.5,3.15000000000149,218.35));
#5503=CARTESIAN_POINT('Origin',(7.5,1.02108423403015E-12,243.35));
#5504=CARTESIAN_POINT('',(1.,3.15000000000137,243.35));
#5505=CARTESIAN_POINT('',(1.,-3.14999999999898,243.35));
#5506=CARTESIAN_POINT('Origin',(1.,1.02108423403015E-12,243.35));
#5507=CARTESIAN_POINT('',(0.,-3.14999999999898,243.35));
#5508=CARTESIAN_POINT('',(7.5,-3.14999999999898,243.35));
#5509=CARTESIAN_POINT('',(3.68628738645072E-15,3.15000000000137,243.35));
#5510=CARTESIAN_POINT('Origin',(0.,1.02108423403015E-12,243.35));
#5511=CARTESIAN_POINT('',(7.5,3.15000000000137,243.35));
#5512=CARTESIAN_POINT('Origin',(7.5,9.012733411592E-13,268.35));
#5513=CARTESIAN_POINT('',(1.,3.15000000000125,268.35));
#5514=CARTESIAN_POINT('',(1.,-3.1499999999991,268.35));
#5515=CARTESIAN_POINT('Origin',(1.,9.012733411592E-13,268.35));
#5516=CARTESIAN_POINT('',(0.,-3.1499999999991,268.35));
#5517=CARTESIAN_POINT('',(7.5,-3.1499999999991,268.35));
#5518=CARTESIAN_POINT('',(3.68628738645072E-15,3.15000000000125,268.35));
#5519=CARTESIAN_POINT('Origin',(0.,9.012733411592E-13,268.35));
#5520=CARTESIAN_POINT('',(7.5,3.15000000000125,268.35));
#5521=CARTESIAN_POINT('Origin',(7.5,7.81462448288248E-13,293.35));
#5522=CARTESIAN_POINT('',(1.,3.15000000000113,293.35));
#5523=CARTESIAN_POINT('',(1.,-3.14999999999922,293.35));
#5524=CARTESIAN_POINT('Origin',(1.,7.81462448288248E-13,293.35));
#5525=CARTESIAN_POINT('',(0.,-3.14999999999922,293.35));
#5526=CARTESIAN_POINT('',(7.5,-3.14999999999922,293.35));
#5527=CARTESIAN_POINT('',(3.68628738645072E-15,3.15000000000113,293.35));
#5528=CARTESIAN_POINT('Origin',(0.,7.81462448288248E-13,293.35));
#5529=CARTESIAN_POINT('',(7.5,3.15000000000113,293.35));
#5530=CARTESIAN_POINT('Origin',(7.5,6.61651555417296E-13,318.35));
#5531=CARTESIAN_POINT('',(1.,3.15000000000101,318.35));
#5532=CARTESIAN_POINT('',(1.,-3.14999999999934,318.35));
#5533=CARTESIAN_POINT('Origin',(1.,6.61651555417296E-13,318.35));
#5534=CARTESIAN_POINT('',(0.,-3.14999999999934,318.35));
#5535=CARTESIAN_POINT('',(7.5,-3.14999999999934,318.35));
#5536=CARTESIAN_POINT('',(3.68628738645072E-15,3.15000000000101,318.35));
#5537=CARTESIAN_POINT('Origin',(0.,6.61651555417296E-13,318.35));
#5538=CARTESIAN_POINT('',(7.5,3.15000000000101,318.35));
#5539=CARTESIAN_POINT('Origin',(7.5,5.41840662546344E-13,343.35));
#5540=CARTESIAN_POINT('',(1.,3.15000000000089,343.35));
#5541=CARTESIAN_POINT('',(1.,-3.14999999999946,343.35));
#5542=CARTESIAN_POINT('Origin',(1.,5.41840662546344E-13,343.35));
#5543=CARTESIAN_POINT('',(0.,-3.14999999999946,343.35));
#5544=CARTESIAN_POINT('',(7.5,-3.14999999999946,343.35));
#5545=CARTESIAN_POINT('',(3.68628738645072E-15,3.15000000000089,343.35));
#5546=CARTESIAN_POINT('Origin',(0.,5.41840662546344E-13,343.35));
#5547=CARTESIAN_POINT('',(7.5,3.15000000000089,343.35));
#5548=CARTESIAN_POINT('Origin',(7.5,4.22029769675392E-13,368.35));
#5549=CARTESIAN_POINT('',(1.,3.15000000000077,368.35));
#5550=CARTESIAN_POINT('',(1.,-3.14999999999958,368.35));
#5551=CARTESIAN_POINT('Origin',(1.,4.22029769675392E-13,368.35));
#5552=CARTESIAN_POINT('',(0.,-3.14999999999958,368.35));
#5553=CARTESIAN_POINT('',(7.5,-3.14999999999958,368.35));
#5554=CARTESIAN_POINT('',(3.68628738645072E-15,3.15000000000077,368.35));
#5555=CARTESIAN_POINT('Origin',(0.,4.22029769675392E-13,368.35));
#5556=CARTESIAN_POINT('',(7.5,3.15000000000077,368.35));
#5557=CARTESIAN_POINT('Origin',(7.5,3.0221887680444E-13,393.35));
#5558=CARTESIAN_POINT('',(1.,3.15000000000065,393.35));
#5559=CARTESIAN_POINT('',(1.,-3.1499999999997,393.35));
#5560=CARTESIAN_POINT('Origin',(1.,3.0221887680444E-13,393.35));
#5561=CARTESIAN_POINT('',(0.,-3.1499999999997,393.35));
#5562=CARTESIAN_POINT('',(7.5,-3.1499999999997,393.35));
#5563=CARTESIAN_POINT('',(3.68628738645072E-15,3.15000000000065,393.35));
#5564=CARTESIAN_POINT('Origin',(0.,3.0221887680444E-13,393.35));
#5565=CARTESIAN_POINT('',(7.5,3.15000000000065,393.35));
#5566=CARTESIAN_POINT('Origin',(7.5,1.82407983933488E-13,418.35));
#5567=CARTESIAN_POINT('',(1.,3.15000000000053,418.35));
#5568=CARTESIAN_POINT('',(1.,-3.14999999999982,418.35));
#5569=CARTESIAN_POINT('Origin',(1.,1.82407983933488E-13,418.35));
#5570=CARTESIAN_POINT('',(0.,-3.14999999999982,418.35));
#5571=CARTESIAN_POINT('',(7.5,-3.14999999999982,418.35));
#5572=CARTESIAN_POINT('',(3.68628738645072E-15,3.15000000000053,418.35));
#5573=CARTESIAN_POINT('Origin',(0.,1.82407983933488E-13,418.35));
#5574=CARTESIAN_POINT('',(7.5,3.15000000000053,418.35));
#5575=CARTESIAN_POINT('Origin',(7.5,6.25970910625356E-14,443.35));
#5576=CARTESIAN_POINT('',(1.,3.15000000000041,443.35));
#5577=CARTESIAN_POINT('',(1.,-3.14999999999994,443.35));
#5578=CARTESIAN_POINT('Origin',(1.,6.25970910625356E-14,443.35));
#5579=CARTESIAN_POINT('',(0.,-3.14999999999994,443.35));
#5580=CARTESIAN_POINT('',(7.5,-3.14999999999994,443.35));
#5581=CARTESIAN_POINT('',(3.68628738645072E-15,3.15000000000041,443.35));
#5582=CARTESIAN_POINT('Origin',(0.,6.25970910625356E-14,443.35));
#5583=CARTESIAN_POINT('',(7.5,3.15000000000041,443.35));
#5584=CARTESIAN_POINT('Origin',(7.5,-5.72138018084164E-14,468.35));
#5585=CARTESIAN_POINT('',(1.,3.15000000000029,468.35));
#5586=CARTESIAN_POINT('',(1.,-3.15000000000006,468.35));
#5587=CARTESIAN_POINT('Origin',(1.,-5.72138018084164E-14,468.35));
#5588=CARTESIAN_POINT('',(0.,-3.15000000000006,468.35));
#5589=CARTESIAN_POINT('',(7.5,-3.15000000000006,468.35));
#5590=CARTESIAN_POINT('',(3.68628738645072E-15,3.15000000000029,468.35));
#5591=CARTESIAN_POINT('Origin',(0.,-5.72138018084164E-14,468.35));
#5592=CARTESIAN_POINT('',(7.5,3.15000000000029,468.35));
#5593=CARTESIAN_POINT('Origin',(7.5,-1.77024694679368E-13,493.35));
#5594=CARTESIAN_POINT('',(1.,3.15000000000017,493.35));
#5595=CARTESIAN_POINT('',(1.,-3.15000000000018,493.35));
#5596=CARTESIAN_POINT('Origin',(1.,-1.77024694679368E-13,493.35));
#5597=CARTESIAN_POINT('',(0.,-3.15000000000018,493.35));
#5598=CARTESIAN_POINT('',(7.5,-3.15000000000018,493.35));
#5599=CARTESIAN_POINT('',(3.68628738645072E-15,3.15000000000017,493.35));
#5600=CARTESIAN_POINT('Origin',(0.,-1.77024694679368E-13,493.35));
#5601=CARTESIAN_POINT('',(7.5,3.15000000000017,493.35));
#5602=CARTESIAN_POINT('Origin',(1.,12.,500.));
#5603=CARTESIAN_POINT('',(1.,-12.,-500.));
#5604=CARTESIAN_POINT('',(1.,12.,-500.));
#5605=CARTESIAN_POINT('',(1.,12.,-500.));
#5606=CARTESIAN_POINT('',(1.,12.,500.));
#5607=CARTESIAN_POINT('',(1.,12.,500.));
#5608=CARTESIAN_POINT('',(1.,-12.,500.));
#5609=CARTESIAN_POINT('',(1.,12.,500.));
#5610=CARTESIAN_POINT('',(1.,-12.,500.));
#5611=CARTESIAN_POINT('',(1.,3.15000000000029,456.65));
#5612=CARTESIAN_POINT('',(1.,3.15000000000029,475.));
#5613=CARTESIAN_POINT('',(1.,-3.15000000000023,456.65));
#5614=CARTESIAN_POINT('Origin',(1.,-5.79302201859176E-14,456.65));
#5615=CARTESIAN_POINT('',(1.,-3.15000000000006,475.));
#5616=CARTESIAN_POINT('',(1.,3.15000000000041,431.65));
#5617=CARTESIAN_POINT('',(1.,3.15000000000041,450.));
#5618=CARTESIAN_POINT('',(1.,-3.15000000000011,431.65));
#5619=CARTESIAN_POINT('Origin',(1.,6.18806726850344E-14,431.65));
#5620=CARTESIAN_POINT('',(1.,-3.14999999999994,450.));
#5621=CARTESIAN_POINT('',(1.,3.15000000000053,406.65));
#5622=CARTESIAN_POINT('',(1.,3.15000000000053,425.));
#5623=CARTESIAN_POINT('',(1.,-3.14999999999999,406.65));
#5624=CARTESIAN_POINT('Origin',(1.,1.81691565555986E-13,406.65));
#5625=CARTESIAN_POINT('',(1.,-3.14999999999982,425.));
#5626=CARTESIAN_POINT('',(1.,3.15000000000065,381.65));
#5627=CARTESIAN_POINT('',(1.,3.15000000000065,400.));
#5628=CARTESIAN_POINT('',(1.,-3.14999999999987,381.65));
#5629=CARTESIAN_POINT('Origin',(1.,3.01502458426938E-13,381.65));
#5630=CARTESIAN_POINT('',(1.,-3.1499999999997,400.));
#5631=CARTESIAN_POINT('',(1.,3.15000000000077,356.65));
#5632=CARTESIAN_POINT('',(1.,3.15000000000077,375.));
#5633=CARTESIAN_POINT('',(1.,-3.14999999999975,356.65));
#5634=CARTESIAN_POINT('Origin',(1.,4.2131335129789E-13,356.65));
#5635=CARTESIAN_POINT('',(1.,-3.14999999999958,375.));
#5636=CARTESIAN_POINT('',(1.,3.15000000000089,331.65));
#5637=CARTESIAN_POINT('',(1.,3.15000000000089,350.));
#5638=CARTESIAN_POINT('',(1.,-3.14999999999963,331.65));
#5639=CARTESIAN_POINT('Origin',(1.,5.41124244168842E-13,331.65));
#5640=CARTESIAN_POINT('',(1.,-3.14999999999946,350.));
#5641=CARTESIAN_POINT('',(1.,3.15000000000101,306.65));
#5642=CARTESIAN_POINT('',(1.,3.15000000000101,325.));
#5643=CARTESIAN_POINT('',(1.,-3.14999999999951,306.65));
#5644=CARTESIAN_POINT('Origin',(1.,6.60935137039794E-13,306.65));
#5645=CARTESIAN_POINT('',(1.,-3.14999999999934,325.));
#5646=CARTESIAN_POINT('',(1.,3.15000000000113,281.65));
#5647=CARTESIAN_POINT('',(1.,3.15000000000113,300.));
#5648=CARTESIAN_POINT('',(1.,-3.1499999999994,281.65));
#5649=CARTESIAN_POINT('Origin',(1.,7.80746029910746E-13,281.65));
#5650=CARTESIAN_POINT('',(1.,-3.14999999999922,300.));
#5651=CARTESIAN_POINT('',(1.,3.15000000000125,256.65));
#5652=CARTESIAN_POINT('',(1.,3.15000000000125,275.));
#5653=CARTESIAN_POINT('',(1.,-3.14999999999928,256.65));
#5654=CARTESIAN_POINT('Origin',(1.,9.00556922781698E-13,256.65));
#5655=CARTESIAN_POINT('',(1.,-3.1499999999991,275.));
#5656=CARTESIAN_POINT('',(1.,3.15000000000137,231.65));
#5657=CARTESIAN_POINT('',(1.,3.15000000000137,250.));
#5658=CARTESIAN_POINT('',(1.,-3.14999999999916,231.65));
#5659=CARTESIAN_POINT('Origin',(1.,1.02036781565265E-12,231.65));
#5660=CARTESIAN_POINT('',(1.,-3.14999999999898,250.));
#5661=CARTESIAN_POINT('',(1.,3.15000000000149,206.65));
#5662=CARTESIAN_POINT('',(1.,3.15000000000149,225.));
#5663=CARTESIAN_POINT('',(1.,-3.14999999999904,206.65));
#5664=CARTESIAN_POINT('Origin',(1.,1.1401787085236E-12,206.65));
#5665=CARTESIAN_POINT('',(1.,-3.14999999999886,225.));
#5666=CARTESIAN_POINT('',(1.,3.15000000000161,181.65));
#5667=CARTESIAN_POINT('',(1.,3.15000000000161,200.));
#5668=CARTESIAN_POINT('',(1.,-3.14999999999892,181.65));
#5669=CARTESIAN_POINT('Origin',(1.,1.25998960139455E-12,181.65));
#5670=CARTESIAN_POINT('',(1.,-3.14999999999874,200.));
#5671=CARTESIAN_POINT('',(1.,3.15000000000173,156.65));
#5672=CARTESIAN_POINT('',(1.,3.15000000000173,175.));
#5673=CARTESIAN_POINT('',(1.,-3.1499999999988,156.65));
#5674=CARTESIAN_POINT('Origin',(1.,1.37980049426551E-12,156.65));
#5675=CARTESIAN_POINT('',(1.,-3.14999999999862,175.));
#5676=CARTESIAN_POINT('',(1.,3.15000000000185,131.65));
#5677=CARTESIAN_POINT('',(1.,3.15000000000185,150.));
#5678=CARTESIAN_POINT('',(1.,-3.14999999999868,131.65));
#5679=CARTESIAN_POINT('Origin',(1.,1.49961138713646E-12,131.65));
#5680=CARTESIAN_POINT('',(1.,-3.1499999999985,150.));
#5681=CARTESIAN_POINT('',(1.,3.15000000000197,106.65));
#5682=CARTESIAN_POINT('',(1.,3.15000000000197,125.));
#5683=CARTESIAN_POINT('',(1.,-3.14999999999856,106.65));
#5684=CARTESIAN_POINT('Origin',(1.,1.61942228000741E-12,106.65));
#5685=CARTESIAN_POINT('',(1.,-3.14999999999838,125.));
#5686=CARTESIAN_POINT('',(1.,3.15000000000209,81.65));
#5687=CARTESIAN_POINT('',(1.,3.15000000000209,100.));
#5688=CARTESIAN_POINT('',(1.,-3.14999999999844,81.6499999999999));
#5689=CARTESIAN_POINT('Origin',(1.,1.73923317287836E-12,81.65));
#5690=CARTESIAN_POINT('',(1.,-3.14999999999826,100.));
#5691=CARTESIAN_POINT('',(1.,3.15000000000221,56.65));
#5692=CARTESIAN_POINT('',(1.,3.15000000000221,75.));
#5693=CARTESIAN_POINT('',(1.,-3.14999999999832,56.6499999999999));
#5694=CARTESIAN_POINT('Origin',(1.,1.85904406574931E-12,56.65));
#5695=CARTESIAN_POINT('',(1.,-3.14999999999814,75.));
#5696=CARTESIAN_POINT('',(1.,3.15000000000233,31.65));
#5697=CARTESIAN_POINT('',(1.,3.15000000000233,50.));
#5698=CARTESIAN_POINT('',(1.,-3.1499999999982,31.65));
#5699=CARTESIAN_POINT('Origin',(1.,1.97885495862027E-12,31.65));
#5700=CARTESIAN_POINT('',(1.,-3.14999999999802,50.));
#5701=CARTESIAN_POINT('',(1.,3.15000000000245,6.64999999999999));
#5702=CARTESIAN_POINT('',(1.,3.15000000000245,25.));
#5703=CARTESIAN_POINT('',(1.,-3.14999999999808,6.64999999999993));
#5704=CARTESIAN_POINT('Origin',(1.,2.09866585149122E-12,6.64999999999999));
#5705=CARTESIAN_POINT('',(1.,-3.1499999999979,25.));
#5706=CARTESIAN_POINT('',(1.,3.15000000000257,-18.35));
#5707=CARTESIAN_POINT('',(1.,3.15000000000257,0.));
#5708=CARTESIAN_POINT('',(1.,-3.14999999999796,-18.35));
#5709=CARTESIAN_POINT('Origin',(1.,2.21847674436217E-12,-18.35));
#5710=CARTESIAN_POINT('',(1.,-3.14999999999778,0.));
#5711=CARTESIAN_POINT('',(1.,3.15000000000269,-43.35));
#5712=CARTESIAN_POINT('',(1.,3.15000000000269,-25.));
#5713=CARTESIAN_POINT('',(1.,-3.14999999999784,-43.3500000000001));
#5714=CARTESIAN_POINT('Origin',(1.,2.33828763723312E-12,-43.35));
#5715=CARTESIAN_POINT('',(1.,-3.14999999999766,-25.));
#5716=CARTESIAN_POINT('',(1.,3.15000000000281,-68.35));
#5717=CARTESIAN_POINT('',(1.,3.15000000000281,-50.));
#5718=CARTESIAN_POINT('',(1.,-3.14999999999772,-68.3500000000001));
#5719=CARTESIAN_POINT('Origin',(1.,2.45809853010407E-12,-68.35));
#5720=CARTESIAN_POINT('',(1.,-3.14999999999754,-50.));
#5721=CARTESIAN_POINT('',(1.,3.15000000000293,-93.3500000000001));
#5722=CARTESIAN_POINT('',(1.,3.15000000000293,-75.0000000000001));
#5723=CARTESIAN_POINT('',(1.,-3.1499999999976,-93.3500000000001));
#5724=CARTESIAN_POINT('Origin',(1.,2.57790942297503E-12,-93.3500000000001));
#5725=CARTESIAN_POINT('',(1.,-3.14999999999742,-75.0000000000001));
#5726=CARTESIAN_POINT('',(1.,3.15000000000305,-118.35));
#5727=CARTESIAN_POINT('',(1.,3.15000000000305,-100.));
#5728=CARTESIAN_POINT('',(1.,-3.14999999999748,-118.35));
#5729=CARTESIAN_POINT('Origin',(1.,2.69772031584598E-12,-118.35));
#5730=CARTESIAN_POINT('',(1.,-3.1499999999973,-100.));
#5731=CARTESIAN_POINT('',(1.,3.15000000000317,-143.35));
#5732=CARTESIAN_POINT('',(1.,3.15000000000317,-125.));
#5733=CARTESIAN_POINT('',(1.,-3.14999999999736,-143.35));
#5734=CARTESIAN_POINT('Origin',(1.,2.81753120871693E-12,-143.35));
#5735=CARTESIAN_POINT('',(1.,-3.14999999999718,-125.));
#5736=CARTESIAN_POINT('',(1.,3.15000000000329,-168.35));
#5737=CARTESIAN_POINT('',(1.,3.15000000000329,-150.));
#5738=CARTESIAN_POINT('',(1.,-3.14999999999724,-168.35));
#5739=CARTESIAN_POINT('Origin',(1.,2.93734210158788E-12,-168.35));
#5740=CARTESIAN_POINT('',(1.,-3.14999999999706,-150.));
#5741=CARTESIAN_POINT('',(1.,3.15000000000341,-193.35));
#5742=CARTESIAN_POINT('',(1.,3.15000000000341,-175.));
#5743=CARTESIAN_POINT('',(1.,-3.14999999999712,-193.35));
#5744=CARTESIAN_POINT('Origin',(1.,3.05715299445883E-12,-193.35));
#5745=CARTESIAN_POINT('',(1.,-3.14999999999694,-175.));
#5746=CARTESIAN_POINT('',(1.,3.15000000000353,-218.35));
#5747=CARTESIAN_POINT('',(1.,3.15000000000353,-200.));
#5748=CARTESIAN_POINT('',(1.,-3.149999999997,-218.35));
#5749=CARTESIAN_POINT('Origin',(1.,3.17696388732979E-12,-218.35));
#5750=CARTESIAN_POINT('',(1.,-3.14999999999682,-200.));
#5751=CARTESIAN_POINT('',(1.,3.15000000000365,-243.35));
#5752=CARTESIAN_POINT('',(1.,3.15000000000365,-225.));
#5753=CARTESIAN_POINT('',(1.,-3.14999999999688,-243.35));
#5754=CARTESIAN_POINT('Origin',(1.,3.29677478020074E-12,-243.35));
#5755=CARTESIAN_POINT('',(1.,-3.1499999999967,-225.));
#5756=CARTESIAN_POINT('',(1.,3.15000000000377,-268.35));
#5757=CARTESIAN_POINT('',(1.,3.15000000000377,-250.));
#5758=CARTESIAN_POINT('',(1.,-3.14999999999676,-268.35));
#5759=CARTESIAN_POINT('Origin',(1.,3.41658567307169E-12,-268.35));
#5760=CARTESIAN_POINT('',(1.,-3.14999999999658,-250.));
#5761=CARTESIAN_POINT('',(1.,3.15000000000389,-293.35));
#5762=CARTESIAN_POINT('',(1.,3.15000000000389,-275.));
#5763=CARTESIAN_POINT('',(1.,-3.14999999999664,-293.35));
#5764=CARTESIAN_POINT('Origin',(1.,3.53639656594264E-12,-293.35));
#5765=CARTESIAN_POINT('',(1.,-3.14999999999646,-275.));
#5766=CARTESIAN_POINT('',(1.,3.15000000000401,-318.35));
#5767=CARTESIAN_POINT('',(1.,3.15000000000401,-300.));
#5768=CARTESIAN_POINT('',(1.,-3.14999999999652,-318.35));
#5769=CARTESIAN_POINT('Origin',(1.,3.65620745881359E-12,-318.35));
#5770=CARTESIAN_POINT('',(1.,-3.14999999999634,-300.));
#5771=CARTESIAN_POINT('',(1.,3.15000000000413,-343.35));
#5772=CARTESIAN_POINT('',(1.,3.15000000000413,-325.));
#5773=CARTESIAN_POINT('',(1.,-3.1499999999964,-343.35));
#5774=CARTESIAN_POINT('Origin',(1.,3.77601835168455E-12,-343.35));
#5775=CARTESIAN_POINT('',(1.,-3.14999999999622,-325.));
#5776=CARTESIAN_POINT('',(1.,3.15000000000425,-368.35));
#5777=CARTESIAN_POINT('',(1.,3.15000000000425,-350.));
#5778=CARTESIAN_POINT('',(1.,-3.14999999999628,-368.35));
#5779=CARTESIAN_POINT('Origin',(1.,3.8958292445555E-12,-368.35));
#5780=CARTESIAN_POINT('',(1.,-3.1499999999961,-350.));
#5781=CARTESIAN_POINT('',(1.,3.15000000000437,-393.35));
#5782=CARTESIAN_POINT('',(1.,3.15000000000437,-375.));
#5783=CARTESIAN_POINT('',(1.,-3.14999999999616,-393.35));
#5784=CARTESIAN_POINT('Origin',(1.,4.01564013742645E-12,-393.35));
#5785=CARTESIAN_POINT('',(1.,-3.14999999999598,-375.));
#5786=CARTESIAN_POINT('',(1.,3.15000000000449,-418.35));
#5787=CARTESIAN_POINT('',(1.,3.15000000000449,-400.));
#5788=CARTESIAN_POINT('',(1.,-3.14999999999604,-418.35));
#5789=CARTESIAN_POINT('Origin',(1.,4.1354510302974E-12,-418.35));
#5790=CARTESIAN_POINT('',(1.,-3.14999999999586,-400.));
#5791=CARTESIAN_POINT('',(1.,3.15000000000461,-443.35));
#5792=CARTESIAN_POINT('',(1.,3.15000000000461,-425.));
#5793=CARTESIAN_POINT('',(1.,-3.14999999999592,-443.35));
#5794=CARTESIAN_POINT('Origin',(1.,4.25526192316835E-12,-443.35));
#5795=CARTESIAN_POINT('',(1.,-3.14999999999574,-425.));
#5796=CARTESIAN_POINT('',(1.,3.15000000000473,-468.35));
#5797=CARTESIAN_POINT('',(1.,3.15000000000473,-450.));
#5798=CARTESIAN_POINT('',(1.,-3.1499999999958,-468.35));
#5799=CARTESIAN_POINT('Origin',(1.,4.37507281603931E-12,-468.35));
#5800=CARTESIAN_POINT('',(1.,-3.14999999999562,-450.));
#5801=CARTESIAN_POINT('',(1.,3.15000000000485,-493.35));
#5802=CARTESIAN_POINT('',(1.,3.15000000000485,-475.));
#5803=CARTESIAN_POINT('',(1.,-3.14999999999568,-493.35));
#5804=CARTESIAN_POINT('Origin',(1.,4.49488370891026E-12,-493.35));
#5805=CARTESIAN_POINT('',(1.,-3.1499999999955,-475.));
#5806=CARTESIAN_POINT('',(1.,3.15000000000017,481.65));
#5807=CARTESIAN_POINT('',(1.,3.15000000000018,500.));
#5808=CARTESIAN_POINT('',(1.,-3.15000000000035,481.65));
#5809=CARTESIAN_POINT('Origin',(1.,-1.7774111305687E-13,481.65));
#5810=CARTESIAN_POINT('',(1.,-3.15000000000018,500.));
#5811=CARTESIAN_POINT('Origin',(3.68628738645072E-15,12.5,500.));
#5812=CARTESIAN_POINT('',(2.60208521396521E-15,12.5,-500.));
#5813=CARTESIAN_POINT('',(3.68628738645072E-15,-12.5,-500.));
#5814=CARTESIAN_POINT('',(3.68628738645072E-15,12.5,-500.));
#5815=CARTESIAN_POINT('',(3.68628738645072E-15,-12.5,500.));
#5816=CARTESIAN_POINT('',(3.68628738645072E-15,-12.5,500.));
#5817=CARTESIAN_POINT('',(2.60208521396521E-15,12.5,500.));
#5818=CARTESIAN_POINT('',(3.68628738645072E-15,12.5,500.));
#5819=CARTESIAN_POINT('',(2.60208521396521E-15,12.5,500.));
#5820=CARTESIAN_POINT('',(0.,-3.15000000000023,456.65));
#5821=CARTESIAN_POINT('',(0.,-3.15000000000006,468.35));
#5822=CARTESIAN_POINT('',(0.,3.15000000000029,456.65));
#5823=CARTESIAN_POINT('Origin',(0.,-5.79302201859176E-14,456.65));
#5824=CARTESIAN_POINT('',(0.,3.15000000000029,468.35));
#5825=CARTESIAN_POINT('',(0.,-3.15000000000011,431.65));
#5826=CARTESIAN_POINT('',(0.,-3.14999999999994,443.35));
#5827=CARTESIAN_POINT('',(0.,3.15000000000041,431.65));
#5828=CARTESIAN_POINT('Origin',(0.,6.18806726850344E-14,431.65));
#5829=CARTESIAN_POINT('',(0.,3.15000000000041,443.35));
#5830=CARTESIAN_POINT('',(0.,-3.14999999999999,406.65));
#5831=CARTESIAN_POINT('',(0.,-3.14999999999982,418.35));
#5832=CARTESIAN_POINT('',(0.,3.15000000000053,406.65));
#5833=CARTESIAN_POINT('Origin',(0.,1.81691565555986E-13,406.65));
#5834=CARTESIAN_POINT('',(0.,3.15000000000053,418.35));
#5835=CARTESIAN_POINT('',(0.,-3.14999999999987,381.65));
#5836=CARTESIAN_POINT('',(0.,-3.1499999999997,393.35));
#5837=CARTESIAN_POINT('',(0.,3.15000000000065,381.65));
#5838=CARTESIAN_POINT('Origin',(0.,3.01502458426938E-13,381.65));
#5839=CARTESIAN_POINT('',(0.,3.15000000000065,393.35));
#5840=CARTESIAN_POINT('',(0.,-3.14999999999975,356.65));
#5841=CARTESIAN_POINT('',(0.,-3.14999999999958,368.35));
#5842=CARTESIAN_POINT('',(0.,3.15000000000077,356.65));
#5843=CARTESIAN_POINT('Origin',(0.,4.2131335129789E-13,356.65));
#5844=CARTESIAN_POINT('',(0.,3.15000000000077,368.35));
#5845=CARTESIAN_POINT('',(0.,-3.14999999999963,331.65));
#5846=CARTESIAN_POINT('',(0.,-3.14999999999946,343.35));
#5847=CARTESIAN_POINT('',(0.,3.15000000000089,331.65));
#5848=CARTESIAN_POINT('Origin',(0.,5.41124244168842E-13,331.65));
#5849=CARTESIAN_POINT('',(0.,3.15000000000089,343.35));
#5850=CARTESIAN_POINT('',(0.,-3.14999999999951,306.65));
#5851=CARTESIAN_POINT('',(0.,-3.14999999999934,318.35));
#5852=CARTESIAN_POINT('',(0.,3.15000000000101,306.65));
#5853=CARTESIAN_POINT('Origin',(0.,6.60935137039794E-13,306.65));
#5854=CARTESIAN_POINT('',(0.,3.15000000000101,318.35));
#5855=CARTESIAN_POINT('',(0.,-3.1499999999994,281.65));
#5856=CARTESIAN_POINT('',(0.,-3.14999999999922,293.35));
#5857=CARTESIAN_POINT('',(0.,3.15000000000113,281.65));
#5858=CARTESIAN_POINT('Origin',(0.,7.80746029910746E-13,281.65));
#5859=CARTESIAN_POINT('',(0.,3.15000000000113,293.35));
#5860=CARTESIAN_POINT('',(0.,-3.14999999999928,256.65));
#5861=CARTESIAN_POINT('',(0.,-3.1499999999991,268.35));
#5862=CARTESIAN_POINT('',(0.,3.15000000000125,256.65));
#5863=CARTESIAN_POINT('Origin',(0.,9.00556922781698E-13,256.65));
#5864=CARTESIAN_POINT('',(0.,3.15000000000125,268.35));
#5865=CARTESIAN_POINT('',(0.,-3.14999999999916,231.65));
#5866=CARTESIAN_POINT('',(0.,-3.14999999999898,243.35));
#5867=CARTESIAN_POINT('',(0.,3.15000000000137,231.65));
#5868=CARTESIAN_POINT('Origin',(0.,1.02036781565265E-12,231.65));
#5869=CARTESIAN_POINT('',(0.,3.15000000000137,243.35));
#5870=CARTESIAN_POINT('',(0.,-3.14999999999904,206.65));
#5871=CARTESIAN_POINT('',(0.,-3.14999999999886,218.35));
#5872=CARTESIAN_POINT('',(0.,3.15000000000149,206.65));
#5873=CARTESIAN_POINT('Origin',(0.,1.1401787085236E-12,206.65));
#5874=CARTESIAN_POINT('',(0.,3.15000000000149,218.35));
#5875=CARTESIAN_POINT('',(0.,-3.14999999999892,181.65));
#5876=CARTESIAN_POINT('',(0.,-3.14999999999874,193.35));
#5877=CARTESIAN_POINT('',(0.,3.15000000000161,181.65));
#5878=CARTESIAN_POINT('Origin',(0.,1.25998960139455E-12,181.65));
#5879=CARTESIAN_POINT('',(0.,3.15000000000161,193.35));
#5880=CARTESIAN_POINT('',(0.,-3.1499999999988,156.65));
#5881=CARTESIAN_POINT('',(0.,-3.14999999999862,168.35));
#5882=CARTESIAN_POINT('',(0.,3.15000000000173,156.65));
#5883=CARTESIAN_POINT('Origin',(0.,1.37980049426551E-12,156.65));
#5884=CARTESIAN_POINT('',(0.,3.15000000000173,168.35));
#5885=CARTESIAN_POINT('',(0.,-3.14999999999868,131.65));
#5886=CARTESIAN_POINT('',(0.,-3.1499999999985,143.35));
#5887=CARTESIAN_POINT('',(0.,3.15000000000185,131.65));
#5888=CARTESIAN_POINT('Origin',(0.,1.49961138713646E-12,131.65));
#5889=CARTESIAN_POINT('',(0.,3.15000000000185,143.35));
#5890=CARTESIAN_POINT('',(0.,-3.14999999999856,106.65));
#5891=CARTESIAN_POINT('',(0.,-3.14999999999838,118.35));
#5892=CARTESIAN_POINT('',(0.,3.15000000000197,106.65));
#5893=CARTESIAN_POINT('Origin',(0.,1.61942228000741E-12,106.65));
#5894=CARTESIAN_POINT('',(0.,3.15000000000197,118.35));
#5895=CARTESIAN_POINT('',(0.,-3.14999999999844,81.6499999999999));
#5896=CARTESIAN_POINT('',(0.,-3.14999999999826,93.35));
#5897=CARTESIAN_POINT('',(0.,3.15000000000209,81.6499999999999));
#5898=CARTESIAN_POINT('Origin',(0.,1.73923317287836E-12,81.65));
#5899=CARTESIAN_POINT('',(0.,3.15000000000209,93.35));
#5900=CARTESIAN_POINT('',(0.,-3.14999999999832,56.6499999999999));
#5901=CARTESIAN_POINT('',(0.,-3.14999999999814,68.35));
#5902=CARTESIAN_POINT('',(0.,3.15000000000221,56.6499999999999));
#5903=CARTESIAN_POINT('Origin',(0.,1.85904406574931E-12,56.65));
#5904=CARTESIAN_POINT('',(0.,3.15000000000221,68.35));
#5905=CARTESIAN_POINT('',(0.,-3.1499999999982,31.65));
#5906=CARTESIAN_POINT('',(0.,-3.14999999999802,43.35));
#5907=CARTESIAN_POINT('',(0.,3.15000000000233,31.65));
#5908=CARTESIAN_POINT('Origin',(0.,1.97885495862027E-12,31.65));
#5909=CARTESIAN_POINT('',(0.,3.15000000000233,43.35));
#5910=CARTESIAN_POINT('',(0.,-3.14999999999808,6.64999999999993));
#5911=CARTESIAN_POINT('',(0.,-3.1499999999979,18.35));
#5912=CARTESIAN_POINT('',(0.,3.15000000000245,6.64999999999993));
#5913=CARTESIAN_POINT('Origin',(0.,2.09866585149122E-12,6.64999999999999));
#5914=CARTESIAN_POINT('',(0.,3.15000000000245,18.35));
#5915=CARTESIAN_POINT('',(0.,-3.14999999999796,-18.35));
#5916=CARTESIAN_POINT('',(0.,-3.14999999999778,-6.64999999999999));
#5917=CARTESIAN_POINT('',(0.,3.15000000000257,-18.35));
#5918=CARTESIAN_POINT('Origin',(0.,2.21847674436217E-12,-18.35));
#5919=CARTESIAN_POINT('',(0.,3.15000000000257,-6.64999999999999));
#5920=CARTESIAN_POINT('',(0.,-3.14999999999784,-43.3500000000001));
#5921=CARTESIAN_POINT('',(0.,-3.14999999999766,-31.65));
#5922=CARTESIAN_POINT('',(0.,3.15000000000269,-43.3500000000001));
#5923=CARTESIAN_POINT('Origin',(0.,2.33828763723312E-12,-43.35));
#5924=CARTESIAN_POINT('',(0.,3.15000000000269,-31.65));
#5925=CARTESIAN_POINT('',(0.,-3.14999999999772,-68.3500000000001));
#5926=CARTESIAN_POINT('',(0.,-3.14999999999754,-56.65));
#5927=CARTESIAN_POINT('',(0.,3.15000000000281,-68.3500000000001));
#5928=CARTESIAN_POINT('Origin',(0.,2.45809853010407E-12,-68.35));
#5929=CARTESIAN_POINT('',(0.,3.15000000000281,-56.65));
#5930=CARTESIAN_POINT('',(0.,-3.1499999999976,-93.3500000000001));
#5931=CARTESIAN_POINT('',(0.,-3.14999999999742,-81.6500000000001));
#5932=CARTESIAN_POINT('',(0.,3.15000000000293,-93.3500000000001));
#5933=CARTESIAN_POINT('Origin',(0.,2.57790942297503E-12,-93.3500000000001));
#5934=CARTESIAN_POINT('',(0.,3.15000000000293,-81.6500000000001));
#5935=CARTESIAN_POINT('',(0.,-3.14999999999748,-118.35));
#5936=CARTESIAN_POINT('',(0.,-3.1499999999973,-106.65));
#5937=CARTESIAN_POINT('',(0.,3.15000000000305,-118.35));
#5938=CARTESIAN_POINT('Origin',(0.,2.69772031584598E-12,-118.35));
#5939=CARTESIAN_POINT('',(0.,3.15000000000305,-106.65));
#5940=CARTESIAN_POINT('',(0.,-3.14999999999736,-143.35));
#5941=CARTESIAN_POINT('',(0.,-3.14999999999718,-131.65));
#5942=CARTESIAN_POINT('',(0.,3.15000000000317,-143.35));
#5943=CARTESIAN_POINT('Origin',(0.,2.81753120871693E-12,-143.35));
#5944=CARTESIAN_POINT('',(0.,3.15000000000317,-131.65));
#5945=CARTESIAN_POINT('',(0.,-3.14999999999724,-168.35));
#5946=CARTESIAN_POINT('',(0.,-3.14999999999706,-156.65));
#5947=CARTESIAN_POINT('',(0.,3.15000000000329,-168.35));
#5948=CARTESIAN_POINT('Origin',(0.,2.93734210158788E-12,-168.35));
#5949=CARTESIAN_POINT('',(0.,3.15000000000329,-156.65));
#5950=CARTESIAN_POINT('',(0.,-3.14999999999712,-193.35));
#5951=CARTESIAN_POINT('',(0.,-3.14999999999694,-181.65));
#5952=CARTESIAN_POINT('',(0.,3.15000000000341,-193.35));
#5953=CARTESIAN_POINT('Origin',(0.,3.05715299445883E-12,-193.35));
#5954=CARTESIAN_POINT('',(0.,3.15000000000341,-181.65));
#5955=CARTESIAN_POINT('',(0.,-3.149999999997,-218.35));
#5956=CARTESIAN_POINT('',(0.,-3.14999999999682,-206.65));
#5957=CARTESIAN_POINT('',(0.,3.15000000000353,-218.35));
#5958=CARTESIAN_POINT('Origin',(0.,3.17696388732979E-12,-218.35));
#5959=CARTESIAN_POINT('',(0.,3.15000000000353,-206.65));
#5960=CARTESIAN_POINT('',(0.,-3.14999999999688,-243.35));
#5961=CARTESIAN_POINT('',(0.,-3.1499999999967,-231.65));
#5962=CARTESIAN_POINT('',(0.,3.15000000000365,-243.35));
#5963=CARTESIAN_POINT('Origin',(0.,3.29677478020074E-12,-243.35));
#5964=CARTESIAN_POINT('',(0.,3.15000000000365,-231.65));
#5965=CARTESIAN_POINT('',(0.,-3.14999999999676,-268.35));
#5966=CARTESIAN_POINT('',(0.,-3.14999999999658,-256.65));
#5967=CARTESIAN_POINT('',(0.,3.15000000000377,-268.35));
#5968=CARTESIAN_POINT('Origin',(0.,3.41658567307169E-12,-268.35));
#5969=CARTESIAN_POINT('',(0.,3.15000000000377,-256.65));
#5970=CARTESIAN_POINT('',(0.,-3.14999999999664,-293.35));
#5971=CARTESIAN_POINT('',(0.,-3.14999999999646,-281.65));
#5972=CARTESIAN_POINT('',(0.,3.15000000000389,-293.35));
#5973=CARTESIAN_POINT('Origin',(0.,3.53639656594264E-12,-293.35));
#5974=CARTESIAN_POINT('',(0.,3.15000000000389,-281.65));
#5975=CARTESIAN_POINT('',(0.,-3.14999999999652,-318.35));
#5976=CARTESIAN_POINT('',(0.,-3.14999999999634,-306.65));
#5977=CARTESIAN_POINT('',(0.,3.15000000000401,-318.35));
#5978=CARTESIAN_POINT('Origin',(0.,3.65620745881359E-12,-318.35));
#5979=CARTESIAN_POINT('',(0.,3.15000000000401,-306.65));
#5980=CARTESIAN_POINT('',(0.,-3.1499999999964,-343.35));
#5981=CARTESIAN_POINT('',(0.,-3.14999999999622,-331.65));
#5982=CARTESIAN_POINT('',(0.,3.15000000000413,-343.35));
#5983=CARTESIAN_POINT('Origin',(0.,3.77601835168455E-12,-343.35));
#5984=CARTESIAN_POINT('',(0.,3.15000000000413,-331.65));
#5985=CARTESIAN_POINT('',(0.,-3.14999999999628,-368.35));
#5986=CARTESIAN_POINT('',(0.,-3.1499999999961,-356.65));
#5987=CARTESIAN_POINT('',(0.,3.15000000000425,-368.35));
#5988=CARTESIAN_POINT('Origin',(0.,3.8958292445555E-12,-368.35));
#5989=CARTESIAN_POINT('',(0.,3.15000000000425,-356.65));
#5990=CARTESIAN_POINT('',(0.,-3.14999999999616,-393.35));
#5991=CARTESIAN_POINT('',(0.,-3.14999999999598,-381.65));
#5992=CARTESIAN_POINT('',(0.,3.15000000000437,-393.35));
#5993=CARTESIAN_POINT('Origin',(0.,4.01564013742645E-12,-393.35));
#5994=CARTESIAN_POINT('',(0.,3.15000000000437,-381.65));
#5995=CARTESIAN_POINT('',(0.,-3.14999999999604,-418.35));
#5996=CARTESIAN_POINT('',(0.,-3.14999999999586,-406.65));
#5997=CARTESIAN_POINT('',(0.,3.15000000000449,-418.35));
#5998=CARTESIAN_POINT('Origin',(0.,4.1354510302974E-12,-418.35));
#5999=CARTESIAN_POINT('',(0.,3.15000000000449,-406.65));
#6000=CARTESIAN_POINT('',(0.,-3.14999999999592,-443.35));
#6001=CARTESIAN_POINT('',(0.,-3.14999999999574,-431.65));
#6002=CARTESIAN_POINT('',(0.,3.15000000000461,-443.35));
#6003=CARTESIAN_POINT('Origin',(0.,4.25526192316835E-12,-443.35));
#6004=CARTESIAN_POINT('',(0.,3.15000000000461,-431.65));
#6005=CARTESIAN_POINT('',(0.,-3.1499999999958,-468.35));
#6006=CARTESIAN_POINT('',(0.,-3.14999999999562,-456.65));
#6007=CARTESIAN_POINT('',(0.,3.15000000000473,-468.35));
#6008=CARTESIAN_POINT('Origin',(0.,4.37507281603931E-12,-468.35));
#6009=CARTESIAN_POINT('',(0.,3.15000000000473,-456.65));
#6010=CARTESIAN_POINT('',(0.,-3.14999999999568,-493.35));
#6011=CARTESIAN_POINT('',(0.,-3.1499999999955,-481.65));
#6012=CARTESIAN_POINT('',(0.,3.15000000000485,-493.35));
#6013=CARTESIAN_POINT('Origin',(0.,4.49488370891026E-12,-493.35));
#6014=CARTESIAN_POINT('',(0.,3.15000000000485,-481.65));
#6015=CARTESIAN_POINT('',(0.,-3.15000000000035,481.65));
#6016=CARTESIAN_POINT('',(0.,-3.15000000000018,493.35));
#6017=CARTESIAN_POINT('',(0.,3.15000000000017,481.65));
#6018=CARTESIAN_POINT('Origin',(0.,-1.7774111305687E-13,481.65));
#6019=CARTESIAN_POINT('',(0.,3.15000000000017,493.35));
#6020=CARTESIAN_POINT('Origin',(7.5,-17.5,500.));
#6021=CARTESIAN_POINT('',(6.49999999999999,-17.5,-500.));
#6022=CARTESIAN_POINT('',(7.5,-17.5,-500.));
#6023=CARTESIAN_POINT('',(7.5,-17.5,-500.));
#6024=CARTESIAN_POINT('',(7.5,-17.5,500.));
#6025=CARTESIAN_POINT('',(7.5,-17.5,500.));
#6026=CARTESIAN_POINT('',(6.49999999999999,-17.5,500.));
#6027=CARTESIAN_POINT('',(7.5,-17.5,500.));
#6028=CARTESIAN_POINT('',(6.49999999999999,-17.5,500.));
#6029=CARTESIAN_POINT('Origin',(7.5,-17.5,500.));
#6030=CARTESIAN_POINT('',(7.5,-13.5,-500.));
#6031=CARTESIAN_POINT('',(7.5,-17.5,-500.));
#6032=CARTESIAN_POINT('',(7.5,-13.5,500.));
#6033=CARTESIAN_POINT('',(7.5,-13.5,500.));
#6034=CARTESIAN_POINT('',(7.5,-17.5,500.));
#6035=CARTESIAN_POINT('Origin',(6.49999999999999,-13.5,500.));
#6036=CARTESIAN_POINT('',(6.49999999999999,-12.5,-500.));
#6037=CARTESIAN_POINT('Origin',(6.49999999999999,-13.5,-500.));
#6038=CARTESIAN_POINT('',(6.49999999999999,-12.5,500.));
#6039=CARTESIAN_POINT('',(6.49999999999999,-12.5,500.));
#6040=CARTESIAN_POINT('Origin',(6.49999999999999,-13.5,500.));
#6041=CARTESIAN_POINT('Origin',(6.49999999999999,-12.5,500.));
#6042=CARTESIAN_POINT('',(1.5,-12.5,-500.));
#6043=CARTESIAN_POINT('',(6.49999999999999,-12.5,-500.));
#6044=CARTESIAN_POINT('',(1.5,-12.5,500.));
#6045=CARTESIAN_POINT('',(1.5,-12.5,500.));
#6046=CARTESIAN_POINT('',(6.49999999999999,-12.5,500.));
#6047=CARTESIAN_POINT('Origin',(1.5,-12.,500.));
#6048=CARTESIAN_POINT('Origin',(1.5,-12.,-500.));
#6049=CARTESIAN_POINT('Origin',(1.5,-12.,500.));
#6050=CARTESIAN_POINT('Origin',(1.5,12.,500.));
#6051=CARTESIAN_POINT('',(1.5,12.5,-500.));
#6052=CARTESIAN_POINT('Origin',(1.5,12.,-500.));
#6053=CARTESIAN_POINT('',(1.5,12.5,500.));
#6054=CARTESIAN_POINT('',(1.5,12.5,500.));
#6055=CARTESIAN_POINT('Origin',(1.5,12.,500.));
#6056=CARTESIAN_POINT('Origin',(6.49999999999999,12.5,500.));
#6057=CARTESIAN_POINT('',(6.49999999999999,12.5,-500.));
#6058=CARTESIAN_POINT('',(6.49999999999999,12.5,-500.));
#6059=CARTESIAN_POINT('',(6.49999999999999,12.5,500.));
#6060=CARTESIAN_POINT('',(6.49999999999999,12.5,500.));
#6061=CARTESIAN_POINT('',(6.49999999999999,12.5,500.));
#6062=CARTESIAN_POINT('Origin',(6.49999999999999,13.5,500.));
#6063=CARTESIAN_POINT('',(7.5,13.5,-500.));
#6064=CARTESIAN_POINT('Origin',(6.49999999999999,13.5,-500.));
#6065=CARTESIAN_POINT('',(7.5,13.5,500.));
#6066=CARTESIAN_POINT('',(7.5,13.5,500.));
#6067=CARTESIAN_POINT('Origin',(6.49999999999999,13.5,500.));
#6068=CARTESIAN_POINT('Origin',(7.5,17.5,500.));
#6069=CARTESIAN_POINT('',(7.5,17.5,-500.));
#6070=CARTESIAN_POINT('',(7.5,17.5,-500.));
#6071=CARTESIAN_POINT('',(7.5,17.5,500.));
#6072=CARTESIAN_POINT('',(7.5,17.5,500.));
#6073=CARTESIAN_POINT('',(7.5,17.5,500.));
#6074=CARTESIAN_POINT('Origin',(7.5,17.5,500.));
#6075=CARTESIAN_POINT('',(6.49999999999999,17.5,-500.));
#6076=CARTESIAN_POINT('',(7.5,17.5,-500.));
#6077=CARTESIAN_POINT('',(6.49999999999999,17.5,500.));
#6078=CARTESIAN_POINT('',(6.49999999999999,17.5,500.));
#6079=CARTESIAN_POINT('',(7.5,17.5,500.));
#6080=CARTESIAN_POINT('Origin',(6.49999999999999,17.5,500.));
#6081=CARTESIAN_POINT('',(6.5,14.,-500.));
#6082=CARTESIAN_POINT('',(6.49999999999999,17.5,-500.));
#6083=CARTESIAN_POINT('',(6.5,14.,500.));
#6084=CARTESIAN_POINT('',(6.5,14.,500.));
#6085=CARTESIAN_POINT('',(6.49999999999999,17.5,500.));
#6086=CARTESIAN_POINT('Origin',(5.99999999999999,14.,500.));
#6087=CARTESIAN_POINT('',(6.,13.5,-500.));
#6088=CARTESIAN_POINT('Origin',(5.99999999999999,14.,-500.));
#6089=CARTESIAN_POINT('',(6.,13.5,500.));
#6090=CARTESIAN_POINT('',(6.,13.5,500.));
#6091=CARTESIAN_POINT('Origin',(5.99999999999999,14.,500.));
#6092=CARTESIAN_POINT('Origin',(6.,13.5,500.));
#6093=CARTESIAN_POINT('',(1.,13.5,-500.));
#6094=CARTESIAN_POINT('',(6.,13.5,-500.));
#6095=CARTESIAN_POINT('',(1.,13.5,500.));
#6096=CARTESIAN_POINT('',(1.,13.5,500.));
#6097=CARTESIAN_POINT('',(6.,13.5,500.));
#6098=CARTESIAN_POINT('Origin',(1.,12.5,500.));
#6099=CARTESIAN_POINT('Origin',(1.,12.5,-500.));
#6100=CARTESIAN_POINT('Origin',(1.,12.5,500.));
#6101=CARTESIAN_POINT('Origin',(1.,-12.5,500.));
#6102=CARTESIAN_POINT('',(1.,-13.5,-500.));
#6103=CARTESIAN_POINT('Origin',(1.,-12.5,-500.));
#6104=CARTESIAN_POINT('',(1.,-13.5,500.));
#6105=CARTESIAN_POINT('',(1.,-13.5,500.));
#6106=CARTESIAN_POINT('Origin',(1.,-12.5,500.));
#6107=CARTESIAN_POINT('Origin',(6.,-13.5,500.));
#6108=CARTESIAN_POINT('',(6.,-13.5,-500.));
#6109=CARTESIAN_POINT('',(6.,-13.5,-500.));
#6110=CARTESIAN_POINT('',(6.,-13.5,500.));
#6111=CARTESIAN_POINT('',(6.,-13.5,500.));
#6112=CARTESIAN_POINT('',(6.,-13.5,500.));
#6113=CARTESIAN_POINT('Origin',(6.,-14.,500.));
#6114=CARTESIAN_POINT('',(6.5,-14.,-500.));
#6115=CARTESIAN_POINT('Origin',(6.,-14.,-500.));
#6116=CARTESIAN_POINT('',(6.5,-14.,500.));
#6117=CARTESIAN_POINT('',(6.5,-14.,500.));
#6118=CARTESIAN_POINT('Origin',(6.,-14.,500.));
#6119=CARTESIAN_POINT('Origin',(6.49999999999999,-17.5,500.));
#6120=CARTESIAN_POINT('',(6.49999999999999,-17.5,-500.));
#6121=CARTESIAN_POINT('',(6.49999999999999,-17.5,500.));
#6122=CARTESIAN_POINT('Origin',(6.,-14.,500.));
#6123=CARTESIAN_POINT('Origin',(6.,-14.,-500.));
#6124=CARTESIAN_POINT('Origin',(7.5,-3.15000000000018,493.35));
#6125=CARTESIAN_POINT('',(7.5,-3.15000000000035,481.65));
#6126=CARTESIAN_POINT('Origin',(7.5,-1.7774111305687E-13,481.65));
#6127=CARTESIAN_POINT('',(7.5,3.15000000000017,481.65));
#6128=CARTESIAN_POINT('Origin',(7.5,3.15000000000017,493.35));
#6129=CARTESIAN_POINT('Origin',(7.5,3.15000000000029,468.35));
#6130=CARTESIAN_POINT('',(7.5,3.15000000000029,456.65));
#6131=CARTESIAN_POINT('Origin',(7.5,-5.79302201859176E-14,456.65));
#6132=CARTESIAN_POINT('',(7.5,-3.15000000000023,456.65));
#6133=CARTESIAN_POINT('Origin',(7.5,-3.15000000000006,468.35));
#6134=CARTESIAN_POINT('Origin',(7.5,3.15000000000041,443.35));
#6135=CARTESIAN_POINT('',(7.5,3.15000000000041,431.65));
#6136=CARTESIAN_POINT('Origin',(7.5,6.18806726850344E-14,431.65));
#6137=CARTESIAN_POINT('',(7.5,-3.15000000000011,431.65));
#6138=CARTESIAN_POINT('Origin',(7.5,-3.14999999999994,443.35));
#6139=CARTESIAN_POINT('Origin',(7.5,3.15000000000053,418.35));
#6140=CARTESIAN_POINT('',(7.5,3.15000000000053,406.65));
#6141=CARTESIAN_POINT('Origin',(7.5,1.81691565555986E-13,406.65));
#6142=CARTESIAN_POINT('',(7.5,-3.14999999999999,406.65));
#6143=CARTESIAN_POINT('Origin',(7.5,-3.14999999999982,418.35));
#6144=CARTESIAN_POINT('Origin',(7.5,3.15000000000065,393.35));
#6145=CARTESIAN_POINT('',(7.5,3.15000000000065,381.65));
#6146=CARTESIAN_POINT('Origin',(7.5,3.01502458426938E-13,381.65));
#6147=CARTESIAN_POINT('',(7.5,-3.14999999999987,381.65));
#6148=CARTESIAN_POINT('Origin',(7.5,-3.1499999999997,393.35));
#6149=CARTESIAN_POINT('Origin',(7.5,3.15000000000077,368.35));
#6150=CARTESIAN_POINT('',(7.5,3.15000000000077,356.65));
#6151=CARTESIAN_POINT('Origin',(7.5,4.2131335129789E-13,356.65));
#6152=CARTESIAN_POINT('',(7.5,-3.14999999999975,356.65));
#6153=CARTESIAN_POINT('Origin',(7.5,-3.14999999999958,368.35));
#6154=CARTESIAN_POINT('Origin',(7.5,3.15000000000089,343.35));
#6155=CARTESIAN_POINT('',(7.5,3.15000000000089,331.65));
#6156=CARTESIAN_POINT('Origin',(7.5,5.41124244168842E-13,331.65));
#6157=CARTESIAN_POINT('',(7.5,-3.14999999999963,331.65));
#6158=CARTESIAN_POINT('Origin',(7.5,-3.14999999999946,343.35));
#6159=CARTESIAN_POINT('Origin',(7.5,3.15000000000101,318.35));
#6160=CARTESIAN_POINT('',(7.5,3.15000000000101,306.65));
#6161=CARTESIAN_POINT('Origin',(7.5,6.60935137039794E-13,306.65));
#6162=CARTESIAN_POINT('',(7.5,-3.14999999999951,306.65));
#6163=CARTESIAN_POINT('Origin',(7.5,-3.14999999999934,318.35));
#6164=CARTESIAN_POINT('Origin',(7.5,3.15000000000113,293.35));
#6165=CARTESIAN_POINT('',(7.5,3.15000000000113,281.65));
#6166=CARTESIAN_POINT('Origin',(7.5,7.80746029910746E-13,281.65));
#6167=CARTESIAN_POINT('',(7.5,-3.1499999999994,281.65));
#6168=CARTESIAN_POINT('Origin',(7.5,-3.14999999999922,293.35));
#6169=CARTESIAN_POINT('Origin',(7.5,3.15000000000125,268.35));
#6170=CARTESIAN_POINT('',(7.5,3.15000000000125,256.65));
#6171=CARTESIAN_POINT('Origin',(7.5,9.00556922781698E-13,256.65));
#6172=CARTESIAN_POINT('',(7.5,-3.14999999999928,256.65));
#6173=CARTESIAN_POINT('Origin',(7.5,-3.1499999999991,268.35));
#6174=CARTESIAN_POINT('Origin',(7.5,3.15000000000137,243.35));
#6175=CARTESIAN_POINT('',(7.5,3.15000000000137,231.65));
#6176=CARTESIAN_POINT('Origin',(7.5,1.02036781565265E-12,231.65));
#6177=CARTESIAN_POINT('',(7.5,-3.14999999999916,231.65));
#6178=CARTESIAN_POINT('Origin',(7.5,-3.14999999999898,243.35));
#6179=CARTESIAN_POINT('Origin',(7.5,3.15000000000149,218.35));
#6180=CARTESIAN_POINT('',(7.5,3.15000000000149,206.65));
#6181=CARTESIAN_POINT('Origin',(7.5,1.1401787085236E-12,206.65));
#6182=CARTESIAN_POINT('',(7.5,-3.14999999999904,206.65));
#6183=CARTESIAN_POINT('Origin',(7.5,-3.14999999999886,218.35));
#6184=CARTESIAN_POINT('Origin',(7.5,3.15000000000161,193.35));
#6185=CARTESIAN_POINT('',(7.5,3.15000000000161,181.65));
#6186=CARTESIAN_POINT('Origin',(7.5,1.25998960139455E-12,181.65));
#6187=CARTESIAN_POINT('',(7.5,-3.14999999999892,181.65));
#6188=CARTESIAN_POINT('Origin',(7.5,-3.14999999999874,193.35));
#6189=CARTESIAN_POINT('Origin',(7.5,3.15000000000173,168.35));
#6190=CARTESIAN_POINT('',(7.5,3.15000000000173,156.65));
#6191=CARTESIAN_POINT('Origin',(7.5,1.37980049426551E-12,156.65));
#6192=CARTESIAN_POINT('',(7.5,-3.1499999999988,156.65));
#6193=CARTESIAN_POINT('Origin',(7.5,-3.14999999999862,168.35));
#6194=CARTESIAN_POINT('Origin',(7.5,3.15000000000185,143.35));
#6195=CARTESIAN_POINT('',(7.5,3.15000000000185,131.65));
#6196=CARTESIAN_POINT('Origin',(7.5,1.49961138713646E-12,131.65));
#6197=CARTESIAN_POINT('',(7.5,-3.14999999999868,131.65));
#6198=CARTESIAN_POINT('Origin',(7.5,-3.1499999999985,143.35));
#6199=CARTESIAN_POINT('Origin',(7.5,3.15000000000197,118.35));
#6200=CARTESIAN_POINT('',(7.5,3.15000000000197,106.65));
#6201=CARTESIAN_POINT('Origin',(7.5,1.61942228000741E-12,106.65));
#6202=CARTESIAN_POINT('',(7.5,-3.14999999999856,106.65));
#6203=CARTESIAN_POINT('Origin',(7.5,-3.14999999999838,118.35));
#6204=CARTESIAN_POINT('Origin',(7.5,3.15000000000209,93.35));
#6205=CARTESIAN_POINT('',(7.5,3.15000000000209,81.6499999999999));
#6206=CARTESIAN_POINT('Origin',(7.5,1.73923317287836E-12,81.65));
#6207=CARTESIAN_POINT('',(7.5,-3.14999999999844,81.6499999999999));
#6208=CARTESIAN_POINT('Origin',(7.5,-3.14999999999826,93.35));
#6209=CARTESIAN_POINT('Origin',(7.5,3.15000000000221,68.35));
#6210=CARTESIAN_POINT('',(7.5,3.15000000000221,56.6499999999999));
#6211=CARTESIAN_POINT('Origin',(7.5,1.85904406574931E-12,56.65));
#6212=CARTESIAN_POINT('',(7.5,-3.14999999999832,56.6499999999999));
#6213=CARTESIAN_POINT('Origin',(7.5,-3.14999999999814,68.35));
#6214=CARTESIAN_POINT('Origin',(7.5,3.15000000000233,43.35));
#6215=CARTESIAN_POINT('',(7.5,3.15000000000233,31.65));
#6216=CARTESIAN_POINT('Origin',(7.5,1.97885495862027E-12,31.65));
#6217=CARTESIAN_POINT('',(7.5,-3.1499999999982,31.65));
#6218=CARTESIAN_POINT('Origin',(7.5,-3.14999999999802,43.35));
#6219=CARTESIAN_POINT('Origin',(7.5,3.15000000000245,18.35));
#6220=CARTESIAN_POINT('',(7.5,3.15000000000245,6.64999999999993));
#6221=CARTESIAN_POINT('Origin',(7.5,2.09866585149122E-12,6.64999999999999));
#6222=CARTESIAN_POINT('',(7.5,-3.14999999999808,6.64999999999993));
#6223=CARTESIAN_POINT('Origin',(7.5,-3.1499999999979,18.35));
#6224=CARTESIAN_POINT('Origin',(7.5,3.15000000000257,-6.64999999999999));
#6225=CARTESIAN_POINT('',(7.5,3.15000000000257,-18.35));
#6226=CARTESIAN_POINT('Origin',(7.5,2.21847674436217E-12,-18.35));
#6227=CARTESIAN_POINT('',(7.5,-3.14999999999796,-18.35));
#6228=CARTESIAN_POINT('Origin',(7.5,-3.14999999999778,-6.64999999999999));
#6229=CARTESIAN_POINT('Origin',(7.5,3.15000000000269,-31.65));
#6230=CARTESIAN_POINT('',(7.5,3.15000000000269,-43.3500000000001));
#6231=CARTESIAN_POINT('Origin',(7.5,2.33828763723312E-12,-43.35));
#6232=CARTESIAN_POINT('',(7.5,-3.14999999999784,-43.3500000000001));
#6233=CARTESIAN_POINT('Origin',(7.5,-3.14999999999766,-31.65));
#6234=CARTESIAN_POINT('Origin',(7.5,3.15000000000281,-56.65));
#6235=CARTESIAN_POINT('',(7.5,3.15000000000281,-68.3500000000001));
#6236=CARTESIAN_POINT('Origin',(7.5,2.45809853010407E-12,-68.35));
#6237=CARTESIAN_POINT('',(7.5,-3.14999999999772,-68.3500000000001));
#6238=CARTESIAN_POINT('Origin',(7.5,-3.14999999999754,-56.65));
#6239=CARTESIAN_POINT('Origin',(7.5,3.15000000000293,-81.6500000000001));
#6240=CARTESIAN_POINT('',(7.5,3.15000000000293,-93.3500000000001));
#6241=CARTESIAN_POINT('Origin',(7.5,2.57790942297503E-12,-93.3500000000001));
#6242=CARTESIAN_POINT('',(7.5,-3.1499999999976,-93.3500000000001));
#6243=CARTESIAN_POINT('Origin',(7.5,-3.14999999999742,-81.6500000000001));
#6244=CARTESIAN_POINT('Origin',(7.5,3.15000000000305,-106.65));
#6245=CARTESIAN_POINT('',(7.5,3.15000000000305,-118.35));
#6246=CARTESIAN_POINT('Origin',(7.5,2.69772031584598E-12,-118.35));
#6247=CARTESIAN_POINT('',(7.5,-3.14999999999748,-118.35));
#6248=CARTESIAN_POINT('Origin',(7.5,-3.1499999999973,-106.65));
#6249=CARTESIAN_POINT('Origin',(7.5,3.15000000000317,-131.65));
#6250=CARTESIAN_POINT('',(7.5,3.15000000000317,-143.35));
#6251=CARTESIAN_POINT('Origin',(7.5,2.81753120871693E-12,-143.35));
#6252=CARTESIAN_POINT('',(7.5,-3.14999999999736,-143.35));
#6253=CARTESIAN_POINT('Origin',(7.5,-3.14999999999718,-131.65));
#6254=CARTESIAN_POINT('Origin',(7.5,3.15000000000329,-156.65));
#6255=CARTESIAN_POINT('',(7.5,3.15000000000329,-168.35));
#6256=CARTESIAN_POINT('Origin',(7.5,2.93734210158788E-12,-168.35));
#6257=CARTESIAN_POINT('',(7.5,-3.14999999999724,-168.35));
#6258=CARTESIAN_POINT('Origin',(7.5,-3.14999999999706,-156.65));
#6259=CARTESIAN_POINT('Origin',(7.5,3.15000000000341,-181.65));
#6260=CARTESIAN_POINT('',(7.5,3.15000000000341,-193.35));
#6261=CARTESIAN_POINT('Origin',(7.5,3.05715299445883E-12,-193.35));
#6262=CARTESIAN_POINT('',(7.5,-3.14999999999712,-193.35));
#6263=CARTESIAN_POINT('Origin',(7.5,-3.14999999999694,-181.65));
#6264=CARTESIAN_POINT('Origin',(7.5,3.15000000000353,-206.65));
#6265=CARTESIAN_POINT('',(7.5,3.15000000000353,-218.35));
#6266=CARTESIAN_POINT('Origin',(7.5,3.17696388732979E-12,-218.35));
#6267=CARTESIAN_POINT('',(7.5,-3.149999999997,-218.35));
#6268=CARTESIAN_POINT('Origin',(7.5,-3.14999999999682,-206.65));
#6269=CARTESIAN_POINT('Origin',(7.5,3.15000000000365,-231.65));
#6270=CARTESIAN_POINT('',(7.5,3.15000000000365,-243.35));
#6271=CARTESIAN_POINT('Origin',(7.5,3.29677478020074E-12,-243.35));
#6272=CARTESIAN_POINT('',(7.5,-3.14999999999688,-243.35));
#6273=CARTESIAN_POINT('Origin',(7.5,-3.1499999999967,-231.65));
#6274=CARTESIAN_POINT('Origin',(7.5,3.15000000000377,-256.65));
#6275=CARTESIAN_POINT('',(7.5,3.15000000000377,-268.35));
#6276=CARTESIAN_POINT('Origin',(7.5,3.41658567307169E-12,-268.35));
#6277=CARTESIAN_POINT('',(7.5,-3.14999999999676,-268.35));
#6278=CARTESIAN_POINT('Origin',(7.5,-3.14999999999658,-256.65));
#6279=CARTESIAN_POINT('Origin',(7.5,3.15000000000389,-281.65));
#6280=CARTESIAN_POINT('',(7.5,3.15000000000389,-293.35));
#6281=CARTESIAN_POINT('Origin',(7.5,3.53639656594264E-12,-293.35));
#6282=CARTESIAN_POINT('',(7.5,-3.14999999999664,-293.35));
#6283=CARTESIAN_POINT('Origin',(7.5,-3.14999999999646,-281.65));
#6284=CARTESIAN_POINT('Origin',(7.5,3.15000000000401,-306.65));
#6285=CARTESIAN_POINT('',(7.5,3.15000000000401,-318.35));
#6286=CARTESIAN_POINT('Origin',(7.5,3.65620745881359E-12,-318.35));
#6287=CARTESIAN_POINT('',(7.5,-3.14999999999652,-318.35));
#6288=CARTESIAN_POINT('Origin',(7.5,-3.14999999999634,-306.65));
#6289=CARTESIAN_POINT('Origin',(7.5,3.15000000000413,-331.65));
#6290=CARTESIAN_POINT('',(7.5,3.15000000000413,-343.35));
#6291=CARTESIAN_POINT('Origin',(7.5,3.77601835168455E-12,-343.35));
#6292=CARTESIAN_POINT('',(7.5,-3.1499999999964,-343.35));
#6293=CARTESIAN_POINT('Origin',(7.5,-3.14999999999622,-331.65));
#6294=CARTESIAN_POINT('Origin',(7.5,3.15000000000425,-356.65));
#6295=CARTESIAN_POINT('',(7.5,3.15000000000425,-368.35));
#6296=CARTESIAN_POINT('Origin',(7.5,3.8958292445555E-12,-368.35));
#6297=CARTESIAN_POINT('',(7.5,-3.14999999999628,-368.35));
#6298=CARTESIAN_POINT('Origin',(7.5,-3.1499999999961,-356.65));
#6299=CARTESIAN_POINT('Origin',(7.5,3.15000000000437,-381.65));
#6300=CARTESIAN_POINT('',(7.5,3.15000000000437,-393.35));
#6301=CARTESIAN_POINT('Origin',(7.5,4.01564013742645E-12,-393.35));
#6302=CARTESIAN_POINT('',(7.5,-3.14999999999616,-393.35));
#6303=CARTESIAN_POINT('Origin',(7.5,-3.14999999999598,-381.65));
#6304=CARTESIAN_POINT('Origin',(7.5,3.15000000000449,-406.65));
#6305=CARTESIAN_POINT('',(7.5,3.15000000000449,-418.35));
#6306=CARTESIAN_POINT('Origin',(7.5,4.1354510302974E-12,-418.35));
#6307=CARTESIAN_POINT('',(7.5,-3.14999999999604,-418.35));
#6308=CARTESIAN_POINT('Origin',(7.5,-3.14999999999586,-406.65));
#6309=CARTESIAN_POINT('Origin',(7.5,3.15000000000461,-431.65));
#6310=CARTESIAN_POINT('',(7.5,3.15000000000461,-443.35));
#6311=CARTESIAN_POINT('Origin',(7.5,4.25526192316835E-12,-443.35));
#6312=CARTESIAN_POINT('',(7.5,-3.14999999999592,-443.35));
#6313=CARTESIAN_POINT('Origin',(7.5,-3.14999999999574,-431.65));
#6314=CARTESIAN_POINT('Origin',(7.5,3.15000000000473,-456.65));
#6315=CARTESIAN_POINT('',(7.5,3.15000000000473,-468.35));
#6316=CARTESIAN_POINT('Origin',(7.5,4.37507281603931E-12,-468.35));
#6317=CARTESIAN_POINT('',(7.5,-3.1499999999958,-468.35));
#6318=CARTESIAN_POINT('Origin',(7.5,-3.14999999999562,-456.65));
#6319=CARTESIAN_POINT('Origin',(7.5,3.15000000000485,-481.65));
#6320=CARTESIAN_POINT('',(7.5,3.15000000000485,-493.35));
#6321=CARTESIAN_POINT('Origin',(7.5,4.49488370891026E-12,-493.35));
#6322=CARTESIAN_POINT('',(7.5,-3.14999999999568,-493.35));
#6323=CARTESIAN_POINT('Origin',(7.5,-3.1499999999955,-481.65));
#6324=UNCERTAINTY_MEASURE_WITH_UNIT(LENGTH_MEASURE(0.01),#6328,
'DISTANCE_ACCURACY_VALUE',
'Maximum model space distance between geometric entities at asserted c
onnectivities');
#6325=UNCERTAINTY_MEASURE_WITH_UNIT(LENGTH_MEASURE(0.01),#6328,
'DISTANCE_ACCURACY_VALUE',
'Maximum model space distance between geometric entities at asserted c
onnectivities');
#6326=(
GEOMETRIC_REPRESENTATION_CONTEXT(3)
GLOBAL_UNCERTAINTY_ASSIGNED_CONTEXT((#6324))
GLOBAL_UNIT_ASSIGNED_CONTEXT((#6328,#6330,#6331))
REPRESENTATION_CONTEXT('','3D')
);
#6327=(
GEOMETRIC_REPRESENTATION_CONTEXT(3)
GLOBAL_UNCERTAINTY_ASSIGNED_CONTEXT((#6325))
GLOBAL_UNIT_ASSIGNED_CONTEXT((#6328,#6330,#6331))
REPRESENTATION_CONTEXT('','3D')
);
#6328=(
LENGTH_UNIT()
NAMED_UNIT(*)
SI_UNIT(.MILLI.,.METRE.)
);
#6329=(
LENGTH_UNIT()
NAMED_UNIT(*)
SI_UNIT($,.METRE.)
);
#6330=(
NAMED_UNIT(*)
PLANE_ANGLE_UNIT()
SI_UNIT($,.RADIAN.)
);
#6331=(
NAMED_UNIT(*)
SI_UNIT($,.STERADIAN.)
SOLID_ANGLE_UNIT()
);
#6332=SHAPE_DEFINITION_REPRESENTATION(#6333,#6334);
#6333=PRODUCT_DEFINITION_SHAPE('',$,#6336);
#6334=SHAPE_REPRESENTATION('',(#3800),#6326);
#6335=PRODUCT_DEFINITION_CONTEXT('part definition',#6340,'design');
#6336=PRODUCT_DEFINITION('DIN 3 Rail 200mm','DIN 3 Rail 200mm v1',#6337,
#6335);
#6337=PRODUCT_DEFINITION_FORMATION('',$,#6342);
#6338=PRODUCT_RELATED_PRODUCT_CATEGORY('DIN 3 Rail 200mm v1',
'DIN 3 Rail 200mm v1',(#6342));
#6339=APPLICATION_PROTOCOL_DEFINITION('international standard',
'automotive_design',2009,#6340);
#6340=APPLICATION_CONTEXT(
'Core Data for Automotive Mechanical Design Process');
#6341=PRODUCT_CONTEXT('part definition',#6340,'mechanical');
#6342=PRODUCT('DIN 3 Rail 200mm','DIN 3 Rail 200mm v1',$,(#6341));
#6343=PRESENTATION_STYLE_ASSIGNMENT((#6344));
#6344=SURFACE_STYLE_USAGE(.BOTH.,#6345);
#6345=SURFACE_SIDE_STYLE('',(#6346));
#6346=SURFACE_STYLE_FILL_AREA(#6347);
#6347=FILL_AREA_STYLE('Steel - Satin',(#6348));
#6348=FILL_AREA_STYLE_COLOUR('Steel - Satin',#6349);
#6349=COLOUR_RGB('Steel - Satin',0.627450980392157,0.627450980392157,0.627450980392157);
ENDSEC;
END-ISO-10303-21;
