ISO-10303-21;
HEADER;
/* Generated by software containing ST-Developer
 * from STEP Tools, Inc. (www.steptools.com) 
 */

FILE_DESCRIPTION(
/* description */ (''),
/* implementation_level */ '2;1');

FILE_NAME(
/* name */ 'MB-L65D-M4.stp',
/* time_stamp */ '2024-05-16T13:50:59+09:00',
/* author */ ('ma.tanaka'),
/* organization */ (''),
/* preprocessor_version */ 'ST-DEVELOPER v19.2',
/* originating_system */ 'Autodesk Inventor 2023',
/* authorisation */ '');

FILE_SCHEMA (('CONFIG_CONTROL_DESIGN'));
ENDSEC;

DATA;
#10=MECHANICAL_DESIGN_GEOMETRIC_PRESENTATION_REPRESENTATION('',(#13),#15222);
#11=SHAPE_REPRESENTATION_RELATIONSHIP('SRR','None',#15229,#12);
#12=ADVANCED_BREP_SHAPE_REPRESENTATION('',(#14),#15221);
#13=STYLED_ITEM('',(#15238),#14);
#14=MANIFOLD_SOLID_BREP('\X2\30BD30EA30C330C9\X0\3',#8255);
#15=CONICAL_SURFACE('',#8659,0.825,1.02974425867665);
#16=CONICAL_SURFACE('',#8662,0.825,1.02974425867665);
#17=CONICAL_SURFACE('',#8665,0.825,1.02974425867665);
#18=CONICAL_SURFACE('',#8668,0.825,1.02974425867665);
#19=CONICAL_SURFACE('',#8671,0.825,1.02974425867665);
#20=CONICAL_SURFACE('',#8674,0.825,1.02974425867665);
#21=CONICAL_SURFACE('',#8677,0.825,1.02974425867665);
#22=CONICAL_SURFACE('',#8680,0.825,1.02974425867665);
#23=CONICAL_SURFACE('',#8686,3.95,0.785398163397439);
#24=SPHERICAL_SURFACE('',#8607,2.);
#25=SPHERICAL_SURFACE('',#8613,2.);
#26=SPHERICAL_SURFACE('',#8619,2.);
#27=SPHERICAL_SURFACE('',#8626,2.);
#28=(
BOUNDED_SURFACE()
B_SPLINE_SURFACE(2,2,((#14830,#14831,#14832,#14833,#14834,#14835,#14836,
#14837,#14838),(#14839,#14840,#14841,#14842,#14843,#14844,#14845,#14846,
#14847),(#14848,#14849,#14850,#14851,#14852,#14853,#14854,#14855,#14856)),
 .UNSPECIFIED.,.F.,.T.,.F.)
B_SPLINE_SURFACE_WITH_KNOTS((3,3),(3,2,2,2,3),(-0.317560429291521,0.360712720363525),
(-3.14159265358979,-1.5707963267949,0.,1.5707963267949,3.14159265358979),
 .UNSPECIFIED.)
GEOMETRIC_REPRESENTATION_ITEM()
RATIONAL_B_SPLINE_SURFACE(((1.,0.707106781186548,1.,0.707106781186548,1.,
0.707106781186548,1.,0.707106781186548,1.),(0.943042255229416,0.666831573618175,
0.943042255229416,0.666831573618175,0.943042255229416,0.666831573618175,
0.943042255229416,0.666831573618175,0.943042255229416),(1.,0.707106781186548,
1.,0.707106781186548,1.,0.707106781186548,1.,0.707106781186548,1.)))
REPRESENTATION_ITEM('')
SURFACE()
);
#29=TOROIDAL_SURFACE('',#8507,2.,1.);
#30=TOROIDAL_SURFACE('',#8521,2.,0.999999999999999);
#31=TOROIDAL_SURFACE('',#8535,2.,1.);
#32=TOROIDAL_SURFACE('',#8549,2.,1.);
#33=TOROIDAL_SURFACE('',#8575,2.45298686029344,1.5);
#34=CIRCLE('',#8483,1.);
#35=CIRCLE('',#8484,1.);
#36=CIRCLE('',#8487,2.);
#37=CIRCLE('',#8488,2.);
#38=CIRCLE('',#8489,2.);
#39=CIRCLE('',#8490,2.);
#40=CIRCLE('',#8491,2.15);
#41=CIRCLE('',#8492,1.);
#42=CIRCLE('',#8493,2.15);
#43=CIRCLE('',#8494,1.);
#44=CIRCLE('',#8495,2.15);
#45=CIRCLE('',#8496,1.);
#46=CIRCLE('',#8497,2.15);
#47=CIRCLE('',#8499,1.);
#48=CIRCLE('',#8502,1.);
#49=CIRCLE('',#8505,1.);
#50=CIRCLE('',#8508,1.);
#51=CIRCLE('',#8509,1.);
#52=CIRCLE('',#8510,1.);
#53=CIRCLE('',#8512,1.);
#54=CIRCLE('',#8514,1.);
#55=CIRCLE('',#8516,1.);
#56=CIRCLE('',#8519,5.);
#57=CIRCLE('',#8522,0.999999999999999);
#58=CIRCLE('',#8523,1.);
#59=CIRCLE('',#8524,1.);
#60=CIRCLE('',#8526,1.);
#61=CIRCLE('',#8528,1.);
#62=CIRCLE('',#8530,1.);
#63=CIRCLE('',#8533,5.);
#64=CIRCLE('',#8536,1.);
#65=CIRCLE('',#8537,1.);
#66=CIRCLE('',#8538,1.);
#67=CIRCLE('',#8540,1.);
#68=CIRCLE('',#8542,1.);
#69=CIRCLE('',#8544,1.);
#70=CIRCLE('',#8547,5.);
#71=CIRCLE('',#8550,1.);
#72=CIRCLE('',#8551,1.);
#73=CIRCLE('',#8552,1.);
#74=CIRCLE('',#8554,1.);
#75=CIRCLE('',#8556,1.);
#76=CIRCLE('',#8558,1.);
#77=CIRCLE('',#8561,5.);
#78=CIRCLE('',#8564,5.);
#79=CIRCLE('',#8567,5.);
#80=CIRCLE('',#8570,5.);
#81=CIRCLE('',#8573,5.);
#82=CIRCLE('',#8576,2.45298686029344);
#83=CIRCLE('',#8577,1.5);
#84=CIRCLE('',#8578,3.85645512975699);
#85=CIRCLE('',#8579,10.);
#86=CIRCLE('',#8580,4.);
#87=CIRCLE('',#8581,4.);
#88=CIRCLE('',#8584,2.);
#89=CIRCLE('',#8585,2.);
#90=CIRCLE('',#8589,2.);
#91=CIRCLE('',#8590,2.);
#92=CIRCLE('',#8593,2.);
#93=CIRCLE('',#8594,25.7);
#94=CIRCLE('',#8595,2.);
#95=CIRCLE('',#8596,2.);
#96=CIRCLE('',#8597,2.);
#97=CIRCLE('',#8598,2.);
#98=CIRCLE('',#8599,2.);
#99=CIRCLE('',#8600,2.);
#100=CIRCLE('',#8601,2.);
#101=CIRCLE('',#8603,2.);
#102=CIRCLE('',#8606,2.);
#103=CIRCLE('',#8608,2.);
#104=CIRCLE('',#8609,2.);
#105=CIRCLE('',#8610,2.);
#106=CIRCLE('',#8612,2.);
#107=CIRCLE('',#8614,2.);
#108=CIRCLE('',#8615,2.);
#109=CIRCLE('',#8616,2.);
#110=CIRCLE('',#8618,2.);
#111=CIRCLE('',#8620,2.);
#112=CIRCLE('',#8621,2.);
#113=CIRCLE('',#8622,2.);
#114=CIRCLE('',#8624,2.);
#115=CIRCLE('',#8627,2.);
#116=CIRCLE('',#8628,2.);
#117=CIRCLE('',#8629,2.);
#118=CIRCLE('',#8631,2.);
#119=CIRCLE('',#8638,7.5);
#120=CIRCLE('',#8639,1.65);
#121=CIRCLE('',#8640,1.65);
#122=CIRCLE('',#8641,1.65);
#123=CIRCLE('',#8642,1.65);
#124=CIRCLE('',#8643,1.65);
#125=CIRCLE('',#8644,1.65);
#126=CIRCLE('',#8645,1.65);
#127=CIRCLE('',#8646,1.65);
#128=CIRCLE('',#8648,2.);
#129=CIRCLE('',#8651,2.);
#130=CIRCLE('',#8654,2.);
#131=CIRCLE('',#8657,2.);
#132=CIRCLE('',#8660,1.65);
#133=CIRCLE('',#8663,1.65);
#134=CIRCLE('',#8666,1.65);
#135=CIRCLE('',#8669,1.65);
#136=CIRCLE('',#8672,1.65);
#137=CIRCLE('',#8675,1.65);
#138=CIRCLE('',#8678,1.65);
#139=CIRCLE('',#8681,1.65);
#140=CIRCLE('',#8684,7.5);
#141=CIRCLE('',#8687,4.);
#142=CIRCLE('',#8688,3.9);
#143=CIRCLE('',#8692,4.);
#144=CIRCLE('',#8693,4.);
#145=CIRCLE('',#8696,25.7);
#146=CIRCLE('',#8699,2.);
#147=CIRCLE('',#8702,25.7);
#148=CIRCLE('',#8705,2.);
#149=CIRCLE('',#8709,2.15);
#150=CIRCLE('',#8712,2.15);
#151=CIRCLE('',#8715,2.15);
#152=CIRCLE('',#8718,2.15);
#153=CYLINDRICAL_SURFACE('',#8482,1.);
#154=CYLINDRICAL_SURFACE('',#8498,1.);
#155=CYLINDRICAL_SURFACE('',#8501,1.);
#156=CYLINDRICAL_SURFACE('',#8504,1.);
#157=CYLINDRICAL_SURFACE('',#8511,1.);
#158=CYLINDRICAL_SURFACE('',#8513,1.);
#159=CYLINDRICAL_SURFACE('',#8515,1.);
#160=CYLINDRICAL_SURFACE('',#8525,1.);
#161=CYLINDRICAL_SURFACE('',#8527,1.);
#162=CYLINDRICAL_SURFACE('',#8529,1.);
#163=CYLINDRICAL_SURFACE('',#8539,1.);
#164=CYLINDRICAL_SURFACE('',#8541,1.);
#165=CYLINDRICAL_SURFACE('',#8543,1.);
#166=CYLINDRICAL_SURFACE('',#8553,1.);
#167=CYLINDRICAL_SURFACE('',#8555,1.);
#168=CYLINDRICAL_SURFACE('',#8557,1.);
#169=CYLINDRICAL_SURFACE('',#8563,5.);
#170=CYLINDRICAL_SURFACE('',#8566,5.);
#171=CYLINDRICAL_SURFACE('',#8569,5.);
#172=CYLINDRICAL_SURFACE('',#8572,5.);
#173=CYLINDRICAL_SURFACE('',#8583,2.);
#174=CYLINDRICAL_SURFACE('',#8588,2.);
#175=CYLINDRICAL_SURFACE('',#8602,2.);
#176=CYLINDRICAL_SURFACE('',#8605,2.);
#177=CYLINDRICAL_SURFACE('',#8611,2.);
#178=CYLINDRICAL_SURFACE('',#8617,2.);
#179=CYLINDRICAL_SURFACE('',#8623,2.);
#180=CYLINDRICAL_SURFACE('',#8625,2.);
#181=CYLINDRICAL_SURFACE('',#8630,2.);
#182=CYLINDRICAL_SURFACE('',#8632,2.);
#183=CYLINDRICAL_SURFACE('',#8633,2.);
#184=CYLINDRICAL_SURFACE('',#8634,2.);
#185=CYLINDRICAL_SURFACE('',#8647,2.);
#186=CYLINDRICAL_SURFACE('',#8650,2.);
#187=CYLINDRICAL_SURFACE('',#8653,2.);
#188=CYLINDRICAL_SURFACE('',#8656,2.);
#189=CYLINDRICAL_SURFACE('',#8661,1.65);
#190=CYLINDRICAL_SURFACE('',#8664,1.65);
#191=CYLINDRICAL_SURFACE('',#8667,1.65);
#192=CYLINDRICAL_SURFACE('',#8670,1.65);
#193=CYLINDRICAL_SURFACE('',#8673,1.65);
#194=CYLINDRICAL_SURFACE('',#8676,1.65);
#195=CYLINDRICAL_SURFACE('',#8679,1.65);
#196=CYLINDRICAL_SURFACE('',#8682,1.65);
#197=CYLINDRICAL_SURFACE('',#8683,7.5);
#198=CYLINDRICAL_SURFACE('',#8689,4.);
#199=CYLINDRICAL_SURFACE('',#8691,4.);
#200=CYLINDRICAL_SURFACE('',#8698,2.);
#201=CYLINDRICAL_SURFACE('',#8701,25.7);
#202=CYLINDRICAL_SURFACE('',#8704,2.);
#203=CYLINDRICAL_SURFACE('',#8708,2.15);
#204=CYLINDRICAL_SURFACE('',#8711,2.15);
#205=CYLINDRICAL_SURFACE('',#8714,2.15);
#206=CYLINDRICAL_SURFACE('',#8717,2.15);
#207=B_SPLINE_SURFACE_WITH_KNOTS('',3,1,((#10575,#10576),(#10577,#10578),
(#10579,#10580),(#10581,#10582),(#10583,#10584),(#10585,#10586),(#10587,
#10588),(#10589,#10590),(#10591,#10592),(#10593,#10594),(#10595,#10596),
(#10597,#10598),(#10599,#10600)),.UNSPECIFIED.,.T.,.F.,.F.,(4,3,3,3,4),
(2,2),(-4.,-3.,-2.,-1.,0.),(0.,20.4617620361212),.UNSPECIFIED.);
#208=B_SPLINE_SURFACE_WITH_KNOTS('',3,1,((#10616,#10617),(#10618,#10619),
(#10620,#10621),(#10622,#10623),(#10624,#10625),(#10626,#10627),(#10628,
#10629),(#10630,#10631),(#10632,#10633),(#10634,#10635),(#10636,#10637),
(#10638,#10639),(#10640,#10641)),.UNSPECIFIED.,.T.,.F.,.F.,(4,3,3,3,4),
(2,2),(0.,1.,2.,3.,4.),(0.,20.4617620361212),.UNSPECIFIED.);
#209=B_SPLINE_SURFACE_WITH_KNOTS('',3,1,((#10678,#10679),(#10680,#10681),
(#10682,#10683),(#10684,#10685),(#10686,#10687),(#10688,#10689),(#10690,
#10691)),.UNSPECIFIED.,.F.,.F.,.F.,(4,3,4),(2,2),(-6.,-5.,-4.),(0.,20.4617620361212),
 .UNSPECIFIED.);
#210=B_SPLINE_SURFACE_WITH_KNOTS('',3,1,((#10721,#10722),(#10723,#10724),
(#10725,#10726),(#10727,#10728)),.UNSPECIFIED.,.F.,.F.,.F.,(4,4),(2,2),
(-2.,-1.),(0.,20.4617620361212),.UNSPECIFIED.);
#211=B_SPLINE_SURFACE_WITH_KNOTS('',3,1,((#10871,#10872),(#10873,#10874),
(#10875,#10876),(#10877,#10878)),.UNSPECIFIED.,.F.,.F.,.F.,(4,4),(2,2),
(0.,0.189681154333186),(0.,20.4617620361212),.UNSPECIFIED.);
#212=B_SPLINE_SURFACE_WITH_KNOTS('',3,1,((#10887,#10888),(#10889,#10890),
(#10891,#10892),(#10893,#10894)),.UNSPECIFIED.,.F.,.F.,.F.,(4,4),(2,2),
(3.,4.),(0.,20.4617620361212),.UNSPECIFIED.);
#213=B_SPLINE_SURFACE_WITH_KNOTS('',3,1,((#10901,#10902),(#10903,#10904),
(#10905,#10906),(#10907,#10908)),.UNSPECIFIED.,.F.,.F.,.F.,(4,4),(2,2),
(2.,3.),(0.,20.4617620361212),.UNSPECIFIED.);
#214=B_SPLINE_SURFACE_WITH_KNOTS('',3,1,((#10915,#10916),(#10917,#10918),
(#10919,#10920),(#10921,#10922)),.UNSPECIFIED.,.F.,.F.,.F.,(4,4),(2,2),
(1.80958067941291,2.),(0.,20.4617620361212),.UNSPECIFIED.);
#215=B_SPLINE_SURFACE_WITH_KNOTS('',3,1,((#10929,#10930),(#10931,#10932),
(#10933,#10934),(#10935,#10936)),.UNSPECIFIED.,.F.,.F.,.F.,(4,4),(2,2),
(2.92016277462222,2.99089766853726),(0.,20.4617620361212),.UNSPECIFIED.);
#216=B_SPLINE_SURFACE_WITH_KNOTS('',3,1,((#10943,#10944),(#10945,#10946),
(#10947,#10948),(#10949,#10950)),.UNSPECIFIED.,.F.,.F.,.F.,(4,4),(2,2),
(3.,4.),(0.,20.4617620361212),.UNSPECIFIED.);
#217=B_SPLINE_SURFACE_WITH_KNOTS('',3,1,((#10959,#10960),(#10961,#10962),
(#10963,#10964),(#10965,#10966)),.UNSPECIFIED.,.F.,.F.,.F.,(4,4),(2,2),
(0.811828314263692,1.),(0.,20.4617620361212),.UNSPECIFIED.);
#218=B_SPLINE_SURFACE_WITH_KNOTS('',3,1,((#10973,#10974),(#10975,#10976),
(#10977,#10978),(#10979,#10980)),.UNSPECIFIED.,.F.,.F.,.F.,(4,4),(2,2),
(0.,0.811828314263692),(0.,20.4617620361212),.UNSPECIFIED.);
#219=B_SPLINE_SURFACE_WITH_KNOTS('',3,1,((#10987,#10988),(#10989,#10990),
(#10991,#10992),(#10993,#10994)),.UNSPECIFIED.,.F.,.F.,.F.,(4,4),(2,2),
(3.,4.),(0.,20.4617620361212),.UNSPECIFIED.);
#220=B_SPLINE_SURFACE_WITH_KNOTS('',3,1,((#11001,#11002),(#11003,#11004),
(#11005,#11006),(#11007,#11008)),.UNSPECIFIED.,.F.,.F.,.F.,(4,4),(2,2),
(4.,5.),(0.,20.4617620361212),.UNSPECIFIED.);
#221=B_SPLINE_SURFACE_WITH_KNOTS('',3,1,((#11015,#11016),(#11017,#11018),
(#11019,#11020),(#11021,#11022)),.UNSPECIFIED.,.F.,.F.,.F.,(4,4),(2,2),
(5.,6.),(0.,20.4617620361212),.UNSPECIFIED.);
#222=B_SPLINE_SURFACE_WITH_KNOTS('',3,1,((#11029,#11030),(#11031,#11032),
(#11033,#11034),(#11035,#11036)),.UNSPECIFIED.,.F.,.F.,.F.,(4,4),(2,2),
(6.,7.),(0.,20.4617620361212),.UNSPECIFIED.);
#223=B_SPLINE_SURFACE_WITH_KNOTS('',3,1,((#11043,#11044),(#11045,#11046),
(#11047,#11048),(#11049,#11050)),.UNSPECIFIED.,.F.,.F.,.F.,(4,4),(2,2),
(8.0073839106902,8.08065977043692),(0.,20.4617620361212),.UNSPECIFIED.);
#224=B_SPLINE_SURFACE_WITH_KNOTS('',3,1,((#11055,#11056),(#11057,#11058),
(#11059,#11060),(#11061,#11062)),.UNSPECIFIED.,.F.,.F.,.F.,(4,4),(2,2),
(1.18841798096821,2.),(0.,20.4617620361212),.UNSPECIFIED.);
#225=B_SPLINE_SURFACE_WITH_KNOTS('',3,1,((#11069,#11070),(#11071,#11072),
(#11073,#11074),(#11075,#11076)),.UNSPECIFIED.,.F.,.F.,.F.,(4,4),(2,2),
(1.,1.18841798096821),(0.,20.4617620361212),.UNSPECIFIED.);
#226=B_SPLINE_SURFACE_WITH_KNOTS('',3,1,((#11083,#11084),(#11085,#11086),
(#11087,#11088),(#11089,#11090)),.UNSPECIFIED.,.F.,.F.,.F.,(4,4),(2,2),
(2.,3.),(0.,20.4617620361212),.UNSPECIFIED.);
#227=B_SPLINE_SURFACE_WITH_KNOTS('',3,1,((#11128,#11129),(#11130,#11131),
(#11132,#11133),(#11134,#11135),(#11136,#11137),(#11138,#11139),(#11140,
#11141)),.UNSPECIFIED.,.F.,.F.,.F.,(4,3,4),(2,2),(-17.,-16.,-15.),(0.,20.4617620361212),
 .UNSPECIFIED.);
#228=B_SPLINE_SURFACE_WITH_KNOTS('',3,1,((#11177,#11178),(#11179,#11180),
(#11181,#11182),(#11183,#11184),(#11185,#11186),(#11187,#11188),(#11189,
#11190)),.UNSPECIFIED.,.F.,.F.,.F.,(4,3,4),(2,2),(-12.,-11.,-10.),(0.,20.4617620361212),
 .UNSPECIFIED.);
#229=B_SPLINE_SURFACE_WITH_KNOTS('',3,1,((#11226,#11227),(#11228,#11229),
(#11230,#11231),(#11232,#11233),(#11234,#11235),(#11236,#11237),(#11238,
#11239)),.UNSPECIFIED.,.F.,.F.,.F.,(4,3,4),(2,2),(-7.,-6.,-5.),(0.,20.4617620361212),
 .UNSPECIFIED.);
#230=B_SPLINE_SURFACE_WITH_KNOTS('',3,1,((#11257,#11258),(#11259,#11260),
(#11261,#11262),(#11263,#11264),(#11265,#11266),(#11267,#11268),(#11269,
#11270)),.UNSPECIFIED.,.F.,.F.,.F.,(4,3,4),(2,2),(-5.,-4.,-3.),(0.,20.4617620361212),
 .UNSPECIFIED.);
#231=B_SPLINE_SURFACE_WITH_KNOTS('',3,1,((#11326,#11327),(#11328,#11329),
(#11330,#11331),(#11332,#11333)),.UNSPECIFIED.,.F.,.F.,.F.,(4,4),(2,2),
(-8.,-7.),(0.,20.4617620361212),.UNSPECIFIED.);
#232=B_SPLINE_SURFACE_WITH_KNOTS('',3,1,((#11345,#11346),(#11347,#11348),
(#11349,#11350),(#11351,#11352),(#11353,#11354),(#11355,#11356),(#11357,
#11358),(#11359,#11360),(#11361,#11362),(#11363,#11364)),.UNSPECIFIED.,
 .F.,.F.,.F.,(4,3,3,4),(2,2),(-7.,-6.,-5.,-4.),(0.,20.4617620361212),
 .UNSPECIFIED.);
#233=B_SPLINE_SURFACE_WITH_KNOTS('',3,1,((#11394,#11395),(#11396,#11397),
(#11398,#11399),(#11400,#11401),(#11402,#11403),(#11404,#11405),(#11406,
#11407),(#11408,#11409),(#11410,#11411),(#11412,#11413)),.UNSPECIFIED.,
 .F.,.F.,.F.,(4,3,3,4),(2,2),(-3.,-2.,-1.,0.),(0.,20.4617620361212),
 .UNSPECIFIED.);
#234=B_SPLINE_SURFACE_WITH_KNOTS('',3,1,((#11443,#11444),(#11445,#11446),
(#11447,#11448),(#11449,#11450),(#11451,#11452),(#11453,#11454),(#11455,
#11456),(#11457,#11458),(#11459,#11460),(#11461,#11462)),.UNSPECIFIED.,
 .F.,.F.,.F.,(4,3,3,4),(2,2),(-16.,-15.,-14.,-13.),(0.,20.4617620361212),
 .UNSPECIFIED.);
#235=B_SPLINE_SURFACE_WITH_KNOTS('',3,1,((#11492,#11493),(#11494,#11495),
(#11496,#11497),(#11498,#11499),(#11500,#11501),(#11502,#11503),(#11504,
#11505),(#11506,#11507),(#11508,#11509),(#11510,#11511)),.UNSPECIFIED.,
 .F.,.F.,.F.,(4,3,3,4),(2,2),(-12.,-11.,-10.,-9.),(0.,20.4617620361212),
 .UNSPECIFIED.);
#236=B_SPLINE_SURFACE_WITH_KNOTS('',3,1,((#11558,#11559),(#11560,#11561),
(#11562,#11563),(#11564,#11565),(#11566,#11567),(#11568,#11569),(#11570,
#11571),(#11572,#11573),(#11574,#11575),(#11576,#11577),(#11578,#11579),
(#11580,#11581),(#11582,#11583)),.UNSPECIFIED.,.T.,.F.,.F.,(4,3,3,3,4),
(2,2),(0.,1.,2.,3.,4.),(0.,20.4617620361212),.UNSPECIFIED.);
#237=B_SPLINE_SURFACE_WITH_KNOTS('',3,1,((#11613,#11614),(#11615,#11616),
(#11617,#11618),(#11619,#11620),(#11621,#11622),(#11623,#11624),(#11625,
#11626),(#11627,#11628),(#11629,#11630),(#11631,#11632),(#11633,#11634),
(#11635,#11636),(#11637,#11638)),.UNSPECIFIED.,.T.,.F.,.F.,(4,3,3,3,4),
(2,2),(-4.,-3.,-2.,-1.,0.),(0.,20.4617620361212),.UNSPECIFIED.);
#238=B_SPLINE_SURFACE_WITH_KNOTS('',3,1,((#11742,#11743),(#11744,#11745),
(#11746,#11747),(#11748,#11749),(#11750,#11751),(#11752,#11753),(#11754,
#11755),(#11756,#11757),(#11758,#11759),(#11760,#11761)),.UNSPECIFIED.,
 .F.,.F.,.F.,(4,3,3,4),(2,2),(1.,2.,3.,4.),(0.,20.4617620361212),
 .UNSPECIFIED.);
#239=B_SPLINE_SURFACE_WITH_KNOTS('',3,1,((#11786,#11787),(#11788,#11789),
(#11790,#11791),(#11792,#11793),(#11794,#11795),(#11796,#11797),(#11798,
#11799),(#11800,#11801),(#11802,#11803),(#11804,#11805)),.UNSPECIFIED.,
 .F.,.F.,.F.,(4,3,3,4),(2,2),(-15.,-14.,-13.,-12.),(0.,20.4617620361212),
 .UNSPECIFIED.);
#240=B_SPLINE_SURFACE_WITH_KNOTS('',3,1,((#11822,#11823),(#11824,#11825),
(#11826,#11827),(#11828,#11829),(#11830,#11831),(#11832,#11833),(#11834,
#11835)),.UNSPECIFIED.,.F.,.F.,.F.,(4,3,4),(2,2),(-2.,-1.,0.),(0.,20.4617620361212),
 .UNSPECIFIED.);
#241=B_SPLINE_SURFACE_WITH_KNOTS('',3,1,((#11849,#11850),(#11851,#11852),
(#11853,#11854),(#11855,#11856)),.UNSPECIFIED.,.F.,.F.,.F.,(4,4),(2,2),
(0.,1.),(0.,20.4617620361212),.UNSPECIFIED.);
#242=B_SPLINE_SURFACE_WITH_KNOTS('',3,1,((#11861,#11862),(#11863,#11864),
(#11865,#11866),(#11867,#11868),(#11869,#11870),(#11871,#11872),(#11873,
#11874)),.UNSPECIFIED.,.F.,.F.,.F.,(4,3,4),(2,2),(-5.,-4.,-3.),(0.,20.4617620361212),
 .UNSPECIFIED.);
#243=B_SPLINE_SURFACE_WITH_KNOTS('',3,1,((#11888,#11889),(#11890,#11891),
(#11892,#11893),(#11894,#11895),(#11896,#11897),(#11898,#11899),(#11900,
#11901)),.UNSPECIFIED.,.F.,.F.,.F.,(4,3,4),(2,2),(-8.,-7.,-6.),(0.,20.4617620361212),
 .UNSPECIFIED.);
#244=B_SPLINE_SURFACE_WITH_KNOTS('',3,1,((#11911,#11912),(#11913,#11914),
(#11915,#11916),(#11917,#11918),(#11919,#11920),(#11921,#11922),(#11923,
#11924),(#11925,#11926),(#11927,#11928),(#11929,#11930)),.UNSPECIFIED.,
 .F.,.F.,.F.,(4,3,3,4),(2,2),(-11.,-10.,-9.,-8.),(0.,20.4617620361212),
 .UNSPECIFIED.);
#245=B_SPLINE_SURFACE_WITH_KNOTS('',3,1,((#11956,#11957),(#11958,#11959),
(#11960,#11961),(#11962,#11963),(#11964,#11965),(#11966,#11967),(#11968,
#11969)),.UNSPECIFIED.,.F.,.F.,.F.,(4,3,4),(2,2),(-5.,-4.,-3.),(0.,20.4617620361212),
 .UNSPECIFIED.);
#246=B_SPLINE_SURFACE_WITH_KNOTS('',3,1,((#11993,#11994),(#11995,#11996),
(#11997,#11998),(#11999,#12000),(#12001,#12002),(#12003,#12004),(#12005,
#12006)),.UNSPECIFIED.,.F.,.F.,.F.,(4,3,4),(2,2),(-2.,-1.,0.),(0.,20.4617620361212),
 .UNSPECIFIED.);
#247=B_SPLINE_SURFACE_WITH_KNOTS('',3,1,((#12048,#12049),(#12050,#12051),
(#12052,#12053),(#12054,#12055),(#12056,#12057),(#12058,#12059),(#12060,
#12061),(#12062,#12063),(#12064,#12065),(#12066,#12067),(#12068,#12069),
(#12070,#12071),(#12072,#12073)),.UNSPECIFIED.,.F.,.F.,.F.,(4,3,3,3,4),
(2,2),(-12.,-11.,-10.,-9.,-8.),(0.,20.4617620361212),.UNSPECIFIED.);
#248=B_SPLINE_SURFACE_WITH_KNOTS('',3,1,((#12106,#12107),(#12108,#12109),
(#12110,#12111),(#12112,#12113),(#12114,#12115),(#12116,#12117),(#12118,
#12119),(#12120,#12121),(#12122,#12123),(#12124,#12125),(#12126,#12127),
(#12128,#12129),(#12130,#12131)),.UNSPECIFIED.,.T.,.F.,.F.,(4,3,3,3,4),
(2,2),(-4.,-3.,-2.,-1.,0.),(0.,20.4617620361212),.UNSPECIFIED.);
#249=B_SPLINE_SURFACE_WITH_KNOTS('',3,1,((#12186,#12187),(#12188,#12189),
(#12190,#12191),(#12192,#12193)),.UNSPECIFIED.,.F.,.F.,.F.,(4,4),(2,2),
(1.,2.),(0.,20.4617620361212),.UNSPECIFIED.);
#250=B_SPLINE_SURFACE_WITH_KNOTS('',3,1,((#12204,#12205),(#12206,#12207),
(#12208,#12209),(#12210,#12211),(#12212,#12213),(#12214,#12215),(#12216,
#12217)),.UNSPECIFIED.,.F.,.F.,.F.,(4,3,4),(2,2),(3.,4.,5.),(0.,20.4617620361212),
 .UNSPECIFIED.);
#251=B_SPLINE_SURFACE_WITH_KNOTS('',3,1,((#12225,#12226),(#12227,#12228),
(#12229,#12230),(#12231,#12232),(#12233,#12234),(#12235,#12236),(#12237,
#12238),(#12239,#12240),(#12241,#12242),(#12243,#12244),(#12245,#12246),
(#12247,#12248),(#12249,#12250)),.UNSPECIFIED.,.T.,.F.,.F.,(4,3,3,3,4),
(2,2),(0.,1.,2.,3.,4.),(0.,20.4617620361212),.UNSPECIFIED.);
#252=B_SPLINE_SURFACE_WITH_KNOTS('',3,1,((#12280,#12281),(#12282,#12283),
(#12284,#12285),(#12286,#12287),(#12288,#12289),(#12290,#12291),(#12292,
#12293),(#12294,#12295),(#12296,#12297),(#12298,#12299),(#12300,#12301),
(#12302,#12303),(#12304,#12305)),.UNSPECIFIED.,.T.,.F.,.F.,(4,3,3,3,4),
(2,2),(-4.,-3.,-2.,-1.,0.),(0.,20.4617620361212),.UNSPECIFIED.);
#253=B_SPLINE_SURFACE_WITH_KNOTS('',3,1,((#12379,#12380),(#12381,#12382),
(#12383,#12384),(#12385,#12386),(#12387,#12388),(#12389,#12390),(#12391,
#12392),(#12393,#12394),(#12395,#12396),(#12397,#12398),(#12399,#12400),
(#12401,#12402),(#12403,#12404)),.UNSPECIFIED.,.T.,.F.,.F.,(4,3,3,3,4),
(2,2),(-4.,-3.,-2.,-1.,0.),(0.,20.4617620361212),.UNSPECIFIED.);
#254=B_SPLINE_SURFACE_WITH_KNOTS('',3,1,((#12426,#12427),(#12428,#12429),
(#12430,#12431),(#12432,#12433),(#12434,#12435),(#12436,#12437),(#12438,
#12439),(#12440,#12441),(#12442,#12443),(#12444,#12445),(#12446,#12447),
(#12448,#12449),(#12450,#12451)),.UNSPECIFIED.,.F.,.F.,.F.,(4,3,3,3,4),
(2,2),(-7.,-6.,-5.,-4.,-3.),(0.,20.4617620361212),.UNSPECIFIED.);
#255=B_SPLINE_SURFACE_WITH_KNOTS('',3,1,((#12531,#12532),(#12533,#12534),
(#12535,#12536),(#12537,#12538),(#12539,#12540),(#12541,#12542),(#12543,
#12544)),.UNSPECIFIED.,.F.,.F.,.F.,(4,3,4),(2,2),(0.,1.,2.),(0.,20.4617620361212),
 .UNSPECIFIED.);
#256=B_SPLINE_SURFACE_WITH_KNOTS('',3,1,((#12574,#12575),(#12576,#12577),
(#12578,#12579),(#12580,#12581),(#12582,#12583),(#12584,#12585),(#12586,
#12587)),.UNSPECIFIED.,.F.,.F.,.F.,(4,3,4),(2,2),(-10.,-9.,-8.),(0.,20.4617620361212),
 .UNSPECIFIED.);
#257=B_SPLINE_SURFACE_WITH_KNOTS('',3,1,((#12605,#12606),(#12607,#12608),
(#12609,#12610),(#12611,#12612)),.UNSPECIFIED.,.F.,.F.,.F.,(4,4),(2,2),
(-8.,-7.),(0.,20.4617620361212),.UNSPECIFIED.);
#258=B_SPLINE_SURFACE_WITH_KNOTS('',2,1,((#12698,#12699),(#12700,#12701),
(#12702,#12703),(#12704,#12705)),.UNSPECIFIED.,.F.,.F.,.F.,(3,1,3),(2,2),
(-2.,-1.,0.),(0.,20.4617620361212),.UNSPECIFIED.);
#259=B_SPLINE_SURFACE_WITH_KNOTS('',2,1,((#12723,#12724),(#12725,#12726),
(#12727,#12728),(#12729,#12730)),.UNSPECIFIED.,.F.,.F.,.F.,(3,1,3),(2,2),
(-2.,-1.,0.),(0.,20.4617620361212),.UNSPECIFIED.);
#260=B_SPLINE_SURFACE_WITH_KNOTS('',2,1,((#12763,#12764),(#12765,#12766),
(#12767,#12768),(#12769,#12770)),.UNSPECIFIED.,.F.,.F.,.F.,(3,1,3),(2,2),
(0.,1.,2.),(0.,20.4617620361212),.UNSPECIFIED.);
#261=B_SPLINE_SURFACE_WITH_KNOTS('',2,1,((#12788,#12789),(#12790,#12791),
(#12792,#12793),(#12794,#12795)),.UNSPECIFIED.,.F.,.F.,.F.,(3,1,3),(2,2),
(0.,1.,2.),(0.,20.4617620361212),.UNSPECIFIED.);
#262=B_SPLINE_SURFACE_WITH_KNOTS('',2,1,((#12816,#12817),(#12818,#12819),
(#12820,#12821),(#12822,#12823)),.UNSPECIFIED.,.F.,.F.,.F.,(3,1,3),(2,2),
(0.,1.,2.),(0.,20.4617620361212),.UNSPECIFIED.);
#263=B_SPLINE_SURFACE_WITH_KNOTS('',2,1,((#12841,#12842),(#12843,#12844),
(#12845,#12846),(#12847,#12848)),.UNSPECIFIED.,.F.,.F.,.F.,(3,1,3),(2,2),
(0.,1.,2.),(0.,20.4617620361212),.UNSPECIFIED.);
#264=B_SPLINE_SURFACE_WITH_KNOTS('',2,1,((#12869,#12870),(#12871,#12872),
(#12873,#12874),(#12875,#12876)),.UNSPECIFIED.,.F.,.F.,.F.,(3,1,3),(2,2),
(-2.,-1.,0.),(0.,20.4617620361212),.UNSPECIFIED.);
#265=B_SPLINE_SURFACE_WITH_KNOTS('',2,1,((#12891,#12892),(#12893,#12894),
(#12895,#12896),(#12897,#12898)),.UNSPECIFIED.,.F.,.F.,.F.,(3,1,3),(2,2),
(-2.,-1.,0.),(0.,20.4617620361212),.UNSPECIFIED.);
#266=B_SPLINE_SURFACE_WITH_KNOTS('',2,1,((#12913,#12914),(#12915,#12916),
(#12917,#12918),(#12919,#12920)),.UNSPECIFIED.,.F.,.F.,.F.,(3,1,3),(2,2),
(-2.,-1.,0.),(0.,20.4617620361212),.UNSPECIFIED.);
#267=B_SPLINE_SURFACE_WITH_KNOTS('',2,1,((#12941,#12942),(#12943,#12944),
(#12945,#12946),(#12947,#12948)),.UNSPECIFIED.,.F.,.F.,.F.,(3,1,3),(2,2),
(-2.,-1.,0.),(0.,20.4617620361212),.UNSPECIFIED.);
#268=B_SPLINE_SURFACE_WITH_KNOTS('',2,1,((#12960,#12961),(#12962,#12963),
(#12964,#12965),(#12966,#12967)),.UNSPECIFIED.,.F.,.F.,.F.,(3,1,3),(2,2),
(0.,1.,2.),(0.,20.4617620361212),.UNSPECIFIED.);
#269=B_SPLINE_SURFACE_WITH_KNOTS('',2,1,((#12982,#12983),(#12984,#12985),
(#12986,#12987),(#12988,#12989)),.UNSPECIFIED.,.F.,.F.,.F.,(3,1,3),(2,2),
(0.,1.,2.),(0.,20.4617620361212),.UNSPECIFIED.);
#270=B_SPLINE_SURFACE_WITH_KNOTS('',2,1,((#13013,#13014),(#13015,#13016),
(#13017,#13018),(#13019,#13020)),.UNSPECIFIED.,.F.,.F.,.F.,(3,1,3),(2,2),
(0.,1.,2.),(0.,20.4617620361212),.UNSPECIFIED.);
#271=B_SPLINE_SURFACE_WITH_KNOTS('',2,1,((#13035,#13036),(#13037,#13038),
(#13039,#13040),(#13041,#13042)),.UNSPECIFIED.,.F.,.F.,.F.,(3,1,3),(2,2),
(0.,1.,2.),(0.,20.4617620361212),.UNSPECIFIED.);
#272=B_SPLINE_SURFACE_WITH_KNOTS('',2,1,((#13229,#13230),(#13231,#13232),
(#13233,#13234),(#13235,#13236)),.UNSPECIFIED.,.F.,.F.,.F.,(3,1,3),(2,2),
(0.,1.,2.),(0.,20.4617620361212),.UNSPECIFIED.);
#273=B_SPLINE_SURFACE_WITH_KNOTS('',2,1,((#13254,#13255),(#13256,#13257),
(#13258,#13259),(#13260,#13261)),.UNSPECIFIED.,.F.,.F.,.F.,(3,1,3),(2,2),
(0.,1.,2.),(0.,20.4617620361212),.UNSPECIFIED.);
#274=B_SPLINE_SURFACE_WITH_KNOTS('',2,1,((#13282,#13283),(#13284,#13285),
(#13286,#13287),(#13288,#13289)),.UNSPECIFIED.,.F.,.F.,.F.,(3,1,3),(2,2),
(-2.,-1.,0.),(0.,20.4617620361212),.UNSPECIFIED.);
#275=B_SPLINE_SURFACE_WITH_KNOTS('',2,1,((#13304,#13305),(#13306,#13307),
(#13308,#13309),(#13310,#13311)),.UNSPECIFIED.,.F.,.F.,.F.,(3,1,3),(2,2),
(-2.,-1.,0.),(0.,20.4617620361212),.UNSPECIFIED.);
#276=B_SPLINE_SURFACE_WITH_KNOTS('',2,1,((#13326,#13327),(#13328,#13329),
(#13330,#13331),(#13332,#13333)),.UNSPECIFIED.,.F.,.F.,.F.,(3,1,3),(2,2),
(-2.,-1.,0.),(0.,20.4617620361212),.UNSPECIFIED.);
#277=B_SPLINE_SURFACE_WITH_KNOTS('',2,1,((#13348,#13349),(#13350,#13351),
(#13352,#13353),(#13354,#13355)),.UNSPECIFIED.,.F.,.F.,.F.,(3,1,3),(2,2),
(-2.,-1.,0.),(0.,20.4617620361212),.UNSPECIFIED.);
#278=B_SPLINE_SURFACE_WITH_KNOTS('',2,1,((#13367,#13368),(#13369,#13370),
(#13371,#13372),(#13373,#13374)),.UNSPECIFIED.,.F.,.F.,.F.,(3,1,3),(2,2),
(0.,1.,2.),(0.,20.4617620361212),.UNSPECIFIED.);
#279=B_SPLINE_SURFACE_WITH_KNOTS('',2,1,((#13389,#13390),(#13391,#13392),
(#13393,#13394),(#13395,#13396)),.UNSPECIFIED.,.F.,.F.,.F.,(3,1,3),(2,2),
(0.,1.,2.),(0.,20.4617620361212),.UNSPECIFIED.);
#280=B_SPLINE_SURFACE_WITH_KNOTS('',2,1,((#13578,#13579),(#13580,#13581),
(#13582,#13583),(#13584,#13585)),.UNSPECIFIED.,.F.,.F.,.F.,(3,1,3),(2,2),
(0.,1.,2.),(0.,20.4617620361212),.UNSPECIFIED.);
#281=B_SPLINE_SURFACE_WITH_KNOTS('',2,1,((#13594,#13595),(#13596,#13597),
(#13598,#13599),(#13600,#13601)),.UNSPECIFIED.,.F.,.F.,.F.,(3,1,3),(2,2),
(0.,1.,2.),(0.,20.4617620361212),.UNSPECIFIED.);
#282=B_SPLINE_SURFACE_WITH_KNOTS('',2,1,((#13608,#13609),(#13610,#13611),
(#13612,#13613),(#13614,#13615)),.UNSPECIFIED.,.F.,.F.,.F.,(3,1,3),(2,2),
(0.,1.,2.),(0.,20.4617620361212),.UNSPECIFIED.);
#283=B_SPLINE_SURFACE_WITH_KNOTS('',2,1,((#13622,#13623),(#13624,#13625),
(#13626,#13627),(#13628,#13629)),.UNSPECIFIED.,.F.,.F.,.F.,(3,1,3),(2,2),
(0.,1.,2.),(0.,20.4617620361212),.UNSPECIFIED.);
#284=B_SPLINE_SURFACE_WITH_KNOTS('',2,1,((#13636,#13637),(#13638,#13639),
(#13640,#13641),(#13642,#13643)),.UNSPECIFIED.,.F.,.F.,.F.,(3,1,3),(2,2),
(-2.,-1.,0.),(0.,20.4617620361212),.UNSPECIFIED.);
#285=B_SPLINE_SURFACE_WITH_KNOTS('',2,1,((#13652,#13653),(#13654,#13655),
(#13656,#13657),(#13658,#13659)),.UNSPECIFIED.,.F.,.F.,.F.,(3,1,3),(2,2),
(-2.,-1.,0.),(0.,20.4617620361212),.UNSPECIFIED.);
#286=B_SPLINE_SURFACE_WITH_KNOTS('',2,1,((#13666,#13667),(#13668,#13669),
(#13670,#13671),(#13672,#13673)),.UNSPECIFIED.,.F.,.F.,.F.,(3,1,3),(2,2),
(-2.,-1.,0.),(0.,20.4617620361212),.UNSPECIFIED.);
#287=B_SPLINE_SURFACE_WITH_KNOTS('',2,1,((#13680,#13681),(#13682,#13683),
(#13684,#13685),(#13686,#13687)),.UNSPECIFIED.,.F.,.F.,.F.,(3,1,3),(2,2),
(-2.,-1.,0.),(0.,20.4617620361212),.UNSPECIFIED.);
#288=B_SPLINE_SURFACE_WITH_KNOTS('',2,1,((#13694,#13695),(#13696,#13697),
(#13698,#13699),(#13700,#13701)),.UNSPECIFIED.,.F.,.F.,.F.,(3,1,3),(2,2),
(-2.,-1.,0.),(0.,20.4617620361212),.UNSPECIFIED.);
#289=B_SPLINE_SURFACE_WITH_KNOTS('',2,1,((#13708,#13709),(#13710,#13711),
(#13712,#13713),(#13714,#13715)),.UNSPECIFIED.,.F.,.F.,.F.,(3,1,3),(2,2),
(-2.,-1.,0.),(0.,20.4617620361212),.UNSPECIFIED.);
#290=B_SPLINE_SURFACE_WITH_KNOTS('',2,1,((#13722,#13723),(#13724,#13725),
(#13726,#13727),(#13728,#13729)),.UNSPECIFIED.,.F.,.F.,.F.,(3,1,3),(2,2),
(-2.,-1.,0.),(0.,20.4617620361212),.UNSPECIFIED.);
#291=B_SPLINE_SURFACE_WITH_KNOTS('',2,1,((#13736,#13737),(#13738,#13739),
(#13740,#13741),(#13742,#13743)),.UNSPECIFIED.,.F.,.F.,.F.,(3,1,3),(2,2),
(0.,1.,2.),(0.,20.4617620361212),.UNSPECIFIED.);
#292=B_SPLINE_SURFACE_WITH_KNOTS('',2,1,((#13750,#13751),(#13752,#13753),
(#13754,#13755),(#13756,#13757)),.UNSPECIFIED.,.F.,.F.,.F.,(3,1,3),(2,2),
(0.,1.,2.),(0.,20.4617620361212),.UNSPECIFIED.);
#293=B_SPLINE_SURFACE_WITH_KNOTS('',2,1,((#13764,#13765),(#13766,#13767),
(#13768,#13769),(#13770,#13771)),.UNSPECIFIED.,.F.,.F.,.F.,(3,1,3),(2,2),
(0.,1.,2.),(0.,20.4617620361212),.UNSPECIFIED.);
#294=B_SPLINE_SURFACE_WITH_KNOTS('',2,1,((#13776,#13777),(#13778,#13779),
(#13780,#13781),(#13782,#13783)),.UNSPECIFIED.,.F.,.F.,.F.,(3,1,3),(2,2),
(-2.,-1.,0.),(0.,20.4617620361212),.UNSPECIFIED.);
#295=B_SPLINE_SURFACE_WITH_KNOTS('',2,1,((#13790,#13791),(#13792,#13793),
(#13794,#13795),(#13796,#13797)),.UNSPECIFIED.,.F.,.F.,.F.,(3,1,3),(2,2),
(-2.,-1.,0.),(0.,20.4617620361212),.UNSPECIFIED.);
#296=B_SPLINE_SURFACE_WITH_KNOTS('',2,1,((#13804,#13805),(#13806,#13807),
(#13808,#13809),(#13810,#13811)),.UNSPECIFIED.,.F.,.F.,.F.,(3,1,3),(2,2),
(-2.,-1.,0.),(0.,20.4617620361212),.UNSPECIFIED.);
#297=B_SPLINE_SURFACE_WITH_KNOTS('',2,1,((#13818,#13819),(#13820,#13821),
(#13822,#13823),(#13824,#13825)),.UNSPECIFIED.,.F.,.F.,.F.,(3,1,3),(2,2),
(-2.,-1.,0.),(0.,20.4617620361212),.UNSPECIFIED.);
#298=B_SPLINE_SURFACE_WITH_KNOTS('',2,1,((#13832,#13833),(#13834,#13835),
(#13836,#13837),(#13838,#13839)),.UNSPECIFIED.,.F.,.F.,.F.,(3,1,3),(2,2),
(-2.,-1.,0.),(0.,20.4617620361212),.UNSPECIFIED.);
#299=B_SPLINE_SURFACE_WITH_KNOTS('',2,1,((#14018,#14019),(#14020,#14021),
(#14022,#14023),(#14024,#14025)),.UNSPECIFIED.,.F.,.F.,.F.,(3,1,3),(2,2),
(-2.,-1.,0.),(0.,20.4617620361212),.UNSPECIFIED.);
#300=B_SPLINE_SURFACE_WITH_KNOTS('',2,1,((#14032,#14033),(#14034,#14035),
(#14036,#14037),(#14038,#14039)),.UNSPECIFIED.,.F.,.F.,.F.,(3,1,3),(2,2),
(-2.,-1.,0.),(0.,20.4617620361212),.UNSPECIFIED.);
#301=B_SPLINE_SURFACE_WITH_KNOTS('',2,1,((#14046,#14047),(#14048,#14049),
(#14050,#14051),(#14052,#14053)),.UNSPECIFIED.,.F.,.F.,.F.,(3,1,3),(2,2),
(-2.,-1.,0.),(0.,20.4617620361212),.UNSPECIFIED.);
#302=B_SPLINE_SURFACE_WITH_KNOTS('',2,1,((#14060,#14061),(#14062,#14063),
(#14064,#14065),(#14066,#14067)),.UNSPECIFIED.,.F.,.F.,.F.,(3,1,3),(2,2),
(-2.,-1.,0.),(0.,20.4617620361212),.UNSPECIFIED.);
#303=B_SPLINE_SURFACE_WITH_KNOTS('',2,1,((#14074,#14075),(#14076,#14077),
(#14078,#14079),(#14080,#14081)),.UNSPECIFIED.,.F.,.F.,.F.,(3,1,3),(2,2),
(-2.,-1.,0.),(0.,20.4617620361212),.UNSPECIFIED.);
#304=B_SPLINE_SURFACE_WITH_KNOTS('',2,1,((#14088,#14089),(#14090,#14091),
(#14092,#14093),(#14094,#14095)),.UNSPECIFIED.,.F.,.F.,.F.,(3,1,3),(2,2),
(-2.,-1.,0.),(0.,20.4617620361212),.UNSPECIFIED.);
#305=B_SPLINE_SURFACE_WITH_KNOTS('',2,1,((#14110,#14111),(#14112,#14113),
(#14114,#14115),(#14116,#14117)),.UNSPECIFIED.,.F.,.F.,.F.,(3,1,3),(2,2),
(-2.,-1.,0.),(0.,20.4617620361212),.UNSPECIFIED.);
#306=B_SPLINE_SURFACE_WITH_KNOTS('',2,1,((#14124,#14125),(#14126,#14127),
(#14128,#14129),(#14130,#14131)),.UNSPECIFIED.,.F.,.F.,.F.,(3,1,3),(2,2),
(-2.,-1.,0.),(0.,20.4617620361212),.UNSPECIFIED.);
#307=B_SPLINE_SURFACE_WITH_KNOTS('',2,1,((#14138,#14139),(#14140,#14141),
(#14142,#14143),(#14144,#14145)),.UNSPECIFIED.,.F.,.F.,.F.,(3,1,3),(2,2),
(-2.,-1.,0.),(0.,20.4617620361212),.UNSPECIFIED.);
#308=B_SPLINE_SURFACE_WITH_KNOTS('',2,1,((#14152,#14153),(#14154,#14155),
(#14156,#14157),(#14158,#14159)),.UNSPECIFIED.,.F.,.F.,.F.,(3,1,3),(2,2),
(-2.,-1.,0.),(0.,20.4617620361212),.UNSPECIFIED.);
#309=B_SPLINE_SURFACE_WITH_KNOTS('',2,1,((#14166,#14167),(#14168,#14169),
(#14170,#14171),(#14172,#14173)),.UNSPECIFIED.,.F.,.F.,.F.,(3,1,3),(2,2),
(-2.,-1.,0.),(0.,20.4617620361212),.UNSPECIFIED.);
#310=B_SPLINE_SURFACE_WITH_KNOTS('',2,1,((#14180,#14181),(#14182,#14183),
(#14184,#14185),(#14186,#14187)),.UNSPECIFIED.,.F.,.F.,.F.,(3,1,3),(2,2),
(-2.,-1.,0.),(0.,20.4617620361212),.UNSPECIFIED.);
#311=B_SPLINE_SURFACE_WITH_KNOTS('',2,1,((#14194,#14195),(#14196,#14197),
(#14198,#14199),(#14200,#14201)),.UNSPECIFIED.,.F.,.F.,.F.,(3,1,3),(2,2),
(-2.,-1.,0.),(0.,20.4617620361212),.UNSPECIFIED.);
#312=FACE_BOUND('',#1062,.T.);
#313=FACE_BOUND('',#1082,.T.);
#314=FACE_BOUND('',#1139,.T.);
#315=FACE_BOUND('',#1141,.T.);
#316=FACE_BOUND('',#1167,.T.);
#317=FACE_BOUND('',#1176,.T.);
#318=FACE_BOUND('',#1178,.T.);
#319=FACE_BOUND('',#1203,.T.);
#320=FACE_BOUND('',#1240,.T.);
#321=FACE_BOUND('',#1241,.T.);
#322=FACE_BOUND('',#1283,.T.);
#323=FACE_BOUND('',#1285,.T.);
#324=FACE_BOUND('',#1348,.T.);
#325=FACE_BOUND('',#1351,.T.);
#326=FACE_BOUND('',#1352,.T.);
#327=FACE_BOUND('',#1353,.T.);
#328=FACE_BOUND('',#1354,.T.);
#329=FACE_BOUND('',#1355,.T.);
#330=FACE_BOUND('',#1356,.T.);
#331=FACE_BOUND('',#1357,.T.);
#332=FACE_BOUND('',#1358,.T.);
#333=FACE_BOUND('',#1359,.T.);
#334=FACE_BOUND('',#1360,.T.);
#335=FACE_BOUND('',#1361,.T.);
#336=FACE_BOUND('',#1362,.T.);
#337=FACE_BOUND('',#1363,.T.);
#338=FACE_BOUND('',#1364,.T.);
#339=FACE_BOUND('',#1365,.T.);
#340=FACE_BOUND('',#1366,.T.);
#341=FACE_BOUND('',#1367,.T.);
#342=FACE_BOUND('',#1368,.T.);
#343=FACE_BOUND('',#1369,.T.);
#344=FACE_BOUND('',#1370,.T.);
#345=FACE_BOUND('',#1371,.T.);
#346=FACE_BOUND('',#1372,.T.);
#347=FACE_BOUND('',#1373,.T.);
#348=FACE_BOUND('',#1374,.T.);
#349=FACE_BOUND('',#1375,.T.);
#350=FACE_BOUND('',#1376,.T.);
#351=FACE_BOUND('',#1377,.T.);
#352=FACE_BOUND('',#1378,.T.);
#353=FACE_BOUND('',#1379,.T.);
#354=FACE_BOUND('',#1392,.T.);
#355=FACE_BOUND('',#1395,.T.);
#356=FACE_BOUND('',#1399,.T.);
#357=FACE_BOUND('',#1404,.T.);
#358=FACE_BOUND('',#1474,.T.);
#359=FACE_BOUND('',#1475,.T.);
#360=FACE_BOUND('',#1476,.T.);
#361=FACE_BOUND('',#1477,.T.);
#362=FACE_BOUND('',#1478,.T.);
#363=FACE_BOUND('',#1479,.T.);
#364=FACE_BOUND('',#1480,.T.);
#365=FACE_BOUND('',#1481,.T.);
#366=FACE_BOUND('',#1482,.T.);
#367=FACE_BOUND('',#1515,.T.);
#368=FACE_BOUND('',#1540,.T.);
#369=B_SPLINE_CURVE_WITH_KNOTS('',3,(#10548,#10549,#10550,#10551,#10552,
#10553,#10554,#10555,#10556,#10557,#10558,#10559,#10560),.UNSPECIFIED.,
 .T.,.F.,(4,3,3,3,4),(-0.233455457110407,-0.175091592832805,-0.116727728555203,
-0.0583638642776017,0.),.UNSPECIFIED.);
#370=B_SPLINE_CURVE_WITH_KNOTS('',3,(#10562,#10563,#10564,#10565,#10566,
#10567,#10568,#10569,#10570,#10571,#10572,#10573,#10574),.UNSPECIFIED.,
 .T.,.F.,(4,3,3,3,4),(-0.115076513793614,-0.0863073853452105,-0.057538256896807,
-0.0287691284484035,0.),.UNSPECIFIED.);
#371=B_SPLINE_CURVE_WITH_KNOTS('',3,(#10602,#10603,#10604,#10605,#10606,
#10607,#10608,#10609,#10610,#10611,#10612,#10613,#10614),.UNSPECIFIED.,
 .T.,.F.,(4,3,3,3,4),(-4.,-3.,-2.,-1.,0.),.UNSPECIFIED.);
#372=B_SPLINE_CURVE_WITH_KNOTS('',3,(#10643,#10644,#10645,#10646,#10647,
#10648,#10649,#10650,#10651,#10652,#10653,#10654,#10655),.UNSPECIFIED.,
 .T.,.F.,(4,3,3,3,4),(-4.,-3.,-2.,-1.,0.),.UNSPECIFIED.);
#373=B_SPLINE_CURVE_WITH_KNOTS('',3,(#10693,#10694,#10695,#10696,#10697,
#10698,#10699),.UNSPECIFIED.,.F.,.F.,(4,3,4),(4.,5.,6.),.UNSPECIFIED.);
#374=B_SPLINE_CURVE_WITH_KNOTS('',3,(#10702,#10703,#10704,#10705,#10706,
#10707,#10708),.UNSPECIFIED.,.F.,.F.,(4,3,4),(-0.0830517561899212,-0.0415258780949606,
0.),.UNSPECIFIED.);
#375=B_SPLINE_CURVE_WITH_KNOTS('',3,(#10730,#10731,#10732,#10733),
 .UNSPECIFIED.,.F.,.F.,(4,4),(1.,2.),.UNSPECIFIED.);
#376=B_SPLINE_CURVE_WITH_KNOTS('',3,(#10736,#10737,#10738,#10739),
 .UNSPECIFIED.,.F.,.F.,(4,4),(-0.0171842166713448,0.),.UNSPECIFIED.);
#377=B_SPLINE_CURVE_WITH_KNOTS('',3,(#10789,#10790,#10791,#10792,#10793,
#10794),.UNSPECIFIED.,.F.,.F.,(4,2,4),(-0.00279563947670259,-0.00139897332682132,
0.),.UNSPECIFIED.);
#378=B_SPLINE_CURVE_WITH_KNOTS('',3,(#10796,#10797,#10798,#10799),
 .UNSPECIFIED.,.F.,.F.,(4,4),(-0.0294576653022575,0.),.UNSPECIFIED.);
#379=B_SPLINE_CURVE_WITH_KNOTS('',3,(#10801,#10802,#10803,#10804),
 .UNSPECIFIED.,.F.,.F.,(4,4),(-0.194662741293212,0.),.UNSPECIFIED.);
#380=B_SPLINE_CURVE_WITH_KNOTS('',3,(#10806,#10807,#10808,#10809),
 .UNSPECIFIED.,.F.,.F.,(4,4),(-0.287728465223561,0.),.UNSPECIFIED.);
#381=B_SPLINE_CURVE_WITH_KNOTS('',3,(#10811,#10812,#10813,#10814),
 .UNSPECIFIED.,.F.,.F.,(4,4),(-0.0293309586628544,0.),.UNSPECIFIED.);
#382=B_SPLINE_CURVE_WITH_KNOTS('',3,(#10816,#10817,#10818,#10819,#10820,
#10821),.UNSPECIFIED.,.F.,.F.,(4,2,4),(-0.00289450195801668,-0.001446116942444,
0.),.UNSPECIFIED.);
#383=B_SPLINE_CURVE_WITH_KNOTS('',3,(#10823,#10824,#10825,#10826),
 .UNSPECIFIED.,.F.,.F.,(4,4),(-0.0431247556833445,0.),.UNSPECIFIED.);
#384=B_SPLINE_CURVE_WITH_KNOTS('',3,(#10828,#10829,#10830,#10831),
 .UNSPECIFIED.,.F.,.F.,(4,4),(-0.161826464049896,0.),.UNSPECIFIED.);
#385=B_SPLINE_CURVE_WITH_KNOTS('',3,(#10833,#10834,#10835,#10836),
 .UNSPECIFIED.,.F.,.F.,(4,4),(-0.179670098250359,0.),.UNSPECIFIED.);
#386=B_SPLINE_CURVE_WITH_KNOTS('',3,(#10837,#10838,#10839,#10840),
 .UNSPECIFIED.,.F.,.F.,(4,4),(-0.0429864596105843,0.),.UNSPECIFIED.);
#387=B_SPLINE_CURVE_WITH_KNOTS('',3,(#10843,#10844,#10845,#10846),
 .UNSPECIFIED.,.F.,.F.,(4,4),(-0.221154545745526,0.),.UNSPECIFIED.);
#388=B_SPLINE_CURVE_WITH_KNOTS('',3,(#10848,#10849,#10850,#10851),
 .UNSPECIFIED.,.F.,.F.,(4,4),(-0.0290629832618575,0.),.UNSPECIFIED.);
#389=B_SPLINE_CURVE_WITH_KNOTS('',3,(#10853,#10854,#10855,#10856),
 .UNSPECIFIED.,.F.,.F.,(4,4),(-0.194479425043289,0.),.UNSPECIFIED.);
#390=B_SPLINE_CURVE_WITH_KNOTS('',3,(#10858,#10859,#10860,#10861),
 .UNSPECIFIED.,.F.,.F.,(4,4),(-0.287420428943466,0.),.UNSPECIFIED.);
#391=B_SPLINE_CURVE_WITH_KNOTS('',3,(#10863,#10864,#10865,#10866),
 .UNSPECIFIED.,.F.,.F.,(4,4),(-0.0290940317534119,-3.46944695195361E-18),
 .UNSPECIFIED.);
#392=B_SPLINE_CURVE_WITH_KNOTS('',3,(#10867,#10868,#10869,#10870),
 .UNSPECIFIED.,.F.,.F.,(4,4),(-0.149197540326616,0.),.UNSPECIFIED.);
#393=B_SPLINE_CURVE_WITH_KNOTS('',3,(#10881,#10882,#10883,#10884),
 .UNSPECIFIED.,.F.,.F.,(4,4),(-0.189681154333186,0.),.UNSPECIFIED.);
#394=B_SPLINE_CURVE_WITH_KNOTS('',3,(#10896,#10897,#10898,#10899),
 .UNSPECIFIED.,.F.,.F.,(4,4),(-4.,-3.),.UNSPECIFIED.);
#395=B_SPLINE_CURVE_WITH_KNOTS('',3,(#10910,#10911,#10912,#10913),
 .UNSPECIFIED.,.F.,.F.,(4,4),(-3.,-2.),.UNSPECIFIED.);
#396=B_SPLINE_CURVE_WITH_KNOTS('',3,(#10924,#10925,#10926,#10927),
 .UNSPECIFIED.,.F.,.F.,(4,4),(-2.,-1.80958067941291),.UNSPECIFIED.);
#397=B_SPLINE_CURVE_WITH_KNOTS('',3,(#10938,#10939,#10940,#10941),
 .UNSPECIFIED.,.F.,.F.,(4,4),(-2.99089766853726,-2.92016277462222),
 .UNSPECIFIED.);
#398=B_SPLINE_CURVE_WITH_KNOTS('',3,(#10953,#10954,#10955,#10956),
 .UNSPECIFIED.,.F.,.F.,(4,4),(-4.,-3.),.UNSPECIFIED.);
#399=B_SPLINE_CURVE_WITH_KNOTS('',3,(#10968,#10969,#10970,#10971),
 .UNSPECIFIED.,.F.,.F.,(4,4),(-1.,-0.811828314263692),.UNSPECIFIED.);
#400=B_SPLINE_CURVE_WITH_KNOTS('',3,(#10982,#10983,#10984,#10985),
 .UNSPECIFIED.,.F.,.F.,(4,4),(-0.811828314263692,0.),.UNSPECIFIED.);
#401=B_SPLINE_CURVE_WITH_KNOTS('',3,(#10996,#10997,#10998,#10999),
 .UNSPECIFIED.,.F.,.F.,(4,4),(-4.,-3.),.UNSPECIFIED.);
#402=B_SPLINE_CURVE_WITH_KNOTS('',3,(#11010,#11011,#11012,#11013),
 .UNSPECIFIED.,.F.,.F.,(4,4),(-5.,-4.),.UNSPECIFIED.);
#403=B_SPLINE_CURVE_WITH_KNOTS('',3,(#11024,#11025,#11026,#11027),
 .UNSPECIFIED.,.F.,.F.,(4,4),(-6.,-5.),.UNSPECIFIED.);
#404=B_SPLINE_CURVE_WITH_KNOTS('',3,(#11038,#11039,#11040,#11041),
 .UNSPECIFIED.,.F.,.F.,(4,4),(-7.,-6.),.UNSPECIFIED.);
#405=B_SPLINE_CURVE_WITH_KNOTS('',3,(#11051,#11052,#11053,#11054),
 .UNSPECIFIED.,.F.,.F.,(4,4),(-8.08065977043692,-8.0073839106902),
 .UNSPECIFIED.);
#406=B_SPLINE_CURVE_WITH_KNOTS('',3,(#11064,#11065,#11066,#11067),
 .UNSPECIFIED.,.F.,.F.,(4,4),(-2.,-1.18841798096821),.UNSPECIFIED.);
#407=B_SPLINE_CURVE_WITH_KNOTS('',3,(#11078,#11079,#11080,#11081),
 .UNSPECIFIED.,.F.,.F.,(4,4),(-1.18841798096821,-1.),.UNSPECIFIED.);
#408=B_SPLINE_CURVE_WITH_KNOTS('',3,(#11091,#11092,#11093,#11094),
 .UNSPECIFIED.,.F.,.F.,(4,4),(-3.,-2.),.UNSPECIFIED.);
#409=B_SPLINE_CURVE_WITH_KNOTS('',3,(#11143,#11144,#11145,#11146,#11147,
#11148,#11149),.UNSPECIFIED.,.F.,.F.,(4,3,4),(15.,16.,17.),
 .UNSPECIFIED.);
#410=B_SPLINE_CURVE_WITH_KNOTS('',3,(#11152,#11153,#11154,#11155,#11156,
#11157,#11158),.UNSPECIFIED.,.F.,.F.,(4,3,4),(-0.114393794589702,-0.0571968972948511,
0.),.UNSPECIFIED.);
#411=B_SPLINE_CURVE_WITH_KNOTS('',3,(#11192,#11193,#11194,#11195,#11196,
#11197,#11198),.UNSPECIFIED.,.F.,.F.,(4,3,4),(10.,11.,12.),
 .UNSPECIFIED.);
#412=B_SPLINE_CURVE_WITH_KNOTS('',3,(#11201,#11202,#11203,#11204,#11205,
#11206,#11207),.UNSPECIFIED.,.F.,.F.,(4,3,4),(-0.0920982864275759,-0.0460491432137879,
0.),.UNSPECIFIED.);
#413=B_SPLINE_CURVE_WITH_KNOTS('',3,(#11241,#11242,#11243,#11244,#11245,
#11246,#11247),.UNSPECIFIED.,.F.,.F.,(4,3,4),(5.,6.,7.),.UNSPECIFIED.);
#414=B_SPLINE_CURVE_WITH_KNOTS('',3,(#11250,#11251,#11252,#11253,#11254,
#11255,#11256),.UNSPECIFIED.,.F.,.F.,(4,3,4),(-0.156101849851326,-0.0780509249256632,
0.),.UNSPECIFIED.);
#415=B_SPLINE_CURVE_WITH_KNOTS('',3,(#11272,#11273,#11274,#11275,#11276,
#11277,#11278),.UNSPECIFIED.,.F.,.F.,(4,3,4),(3.,4.,5.),.UNSPECIFIED.);
#416=B_SPLINE_CURVE_WITH_KNOTS('',3,(#11281,#11282,#11283,#11284,#11285,
#11286,#11287),.UNSPECIFIED.,.F.,.F.,(4,3,4),(-0.0907721471887469,-0.0453860735943735,
0.),.UNSPECIFIED.);
#417=B_SPLINE_CURVE_WITH_KNOTS('',3,(#11335,#11336,#11337,#11338),
 .UNSPECIFIED.,.F.,.F.,(4,4),(7.,8.),.UNSPECIFIED.);
#418=B_SPLINE_CURVE_WITH_KNOTS('',3,(#11341,#11342,#11343,#11344),
 .UNSPECIFIED.,.F.,.F.,(4,4),(-0.0610362519523825,0.),.UNSPECIFIED.);
#419=B_SPLINE_CURVE_WITH_KNOTS('',3,(#11366,#11367,#11368,#11369,#11370,
#11371,#11372,#11373,#11374,#11375),.UNSPECIFIED.,.F.,.F.,(4,3,3,4),(4.,
5.,6.,7.),.UNSPECIFIED.);
#420=B_SPLINE_CURVE_WITH_KNOTS('',3,(#11378,#11379,#11380,#11381,#11382,
#11383,#11384,#11385,#11386,#11387),.UNSPECIFIED.,.F.,.F.,(4,3,3,4),(-0.0648743762679932,
-0.0432495841786621,-0.021624792089331,0.),.UNSPECIFIED.);
#421=B_SPLINE_CURVE_WITH_KNOTS('',3,(#11415,#11416,#11417,#11418,#11419,
#11420,#11421,#11422,#11423,#11424),.UNSPECIFIED.,.F.,.F.,(4,3,3,4),(0.,
1.,2.,3.),.UNSPECIFIED.);
#422=B_SPLINE_CURVE_WITH_KNOTS('',3,(#11427,#11428,#11429,#11430,#11431,
#11432,#11433,#11434,#11435,#11436),.UNSPECIFIED.,.F.,.F.,(4,3,3,4),(-0.269412488968947,
-0.179608325979298,-0.0898041629896491,0.),.UNSPECIFIED.);
#423=B_SPLINE_CURVE_WITH_KNOTS('',3,(#11464,#11465,#11466,#11467,#11468,
#11469,#11470,#11471,#11472,#11473),.UNSPECIFIED.,.F.,.F.,(4,3,3,4),(13.,
14.,15.,16.),.UNSPECIFIED.);
#424=B_SPLINE_CURVE_WITH_KNOTS('',3,(#11476,#11477,#11478,#11479,#11480,
#11481,#11482,#11483,#11484,#11485),.UNSPECIFIED.,.F.,.F.,(4,3,3,4),(-0.195344676354913,
-0.130229784236609,-0.0651148921183045,0.),.UNSPECIFIED.);
#425=B_SPLINE_CURVE_WITH_KNOTS('',3,(#11512,#11513,#11514,#11515,#11516,
#11517,#11518,#11519,#11520,#11521),.UNSPECIFIED.,.F.,.F.,(4,3,3,4),(9.,
10.,11.,12.),.UNSPECIFIED.);
#426=B_SPLINE_CURVE_WITH_KNOTS('',3,(#11522,#11523,#11524,#11525,#11526,
#11527,#11528,#11529,#11530,#11531),.UNSPECIFIED.,.F.,.F.,(4,3,3,4),(-0.381149782956538,
-0.254099855304359,-0.127049927652179,0.),.UNSPECIFIED.);
#427=B_SPLINE_CURVE_WITH_KNOTS('',3,(#11585,#11586,#11587,#11588,#11589,
#11590,#11591,#11592,#11593,#11594,#11595,#11596,#11597),.UNSPECIFIED.,
 .T.,.F.,(4,3,3,3,4),(-4.,-3.,-2.,-1.,0.),.UNSPECIFIED.);
#428=B_SPLINE_CURVE_WITH_KNOTS('',3,(#11600,#11601,#11602,#11603,#11604,
#11605,#11606,#11607,#11608,#11609,#11610,#11611,#11612),.UNSPECIFIED.,
 .T.,.F.,(4,3,3,3,4),(-0.324501507781058,-0.243376130835793,-0.162250753890529,
-0.0811253769452645,0.),.UNSPECIFIED.);
#429=B_SPLINE_CURVE_WITH_KNOTS('',3,(#11640,#11641,#11642,#11643,#11644,
#11645,#11646,#11647,#11648,#11649,#11650,#11651,#11652),.UNSPECIFIED.,
 .T.,.F.,(4,3,3,3,4),(-4.,-3.,-2.,-1.,0.),.UNSPECIFIED.);
#430=B_SPLINE_CURVE_WITH_KNOTS('',3,(#11655,#11656,#11657,#11658,#11659,
#11660,#11661,#11662,#11663,#11664,#11665,#11666,#11667),.UNSPECIFIED.,
 .T.,.F.,(4,3,3,3,4),(-0.179323600609775,-0.123073223347933,-0.0668228460860904,
-0.0105724688242481,0.0456779084375943),.UNSPECIFIED.);
#431=B_SPLINE_CURVE_WITH_KNOTS('',3,(#11674,#11675,#11676,#11677,#11678,
#11679,#11680),.UNSPECIFIED.,.F.,.F.,(4,3,4),(-0.215925517742086,-0.107962758871043,
0.),.UNSPECIFIED.);
#432=B_SPLINE_CURVE_WITH_KNOTS('',3,(#11684,#11685,#11686,#11687,#11688,
#11689,#11690,#11691,#11692,#11693),.UNSPECIFIED.,.F.,.F.,(4,3,3,4),(-0.0871019600257855,
-0.0580679733505237,-0.0290339866752619,0.),.UNSPECIFIED.);
#433=B_SPLINE_CURVE_WITH_KNOTS('',3,(#11697,#11698,#11699,#11700,#11701,
#11702,#11703,#11704,#11705,#11706),.UNSPECIFIED.,.F.,.F.,(4,3,3,4),(-0.149781440530202,
-0.0998542936868017,-0.0499271468434008,0.),.UNSPECIFIED.);
#434=B_SPLINE_CURVE_WITH_KNOTS('',3,(#11708,#11709,#11710,#11711,#11712,
#11713,#11714),.UNSPECIFIED.,.F.,.F.,(4,3,4),(-0.25931025422166,-0.12965512711083,
0.),.UNSPECIFIED.);
#435=B_SPLINE_CURVE_WITH_KNOTS('',3,(#11717,#11718,#11719,#11720,#11721,
#11722,#11723),.UNSPECIFIED.,.F.,.F.,(4,3,4),(-0.0185648394090648,-0.00928241970453241,
0.),.UNSPECIFIED.);
#436=B_SPLINE_CURVE_WITH_KNOTS('',3,(#11728,#11729,#11730,#11731,#11732,
#11733,#11734,#11735,#11736,#11737),.UNSPECIFIED.,.F.,.F.,(4,3,3,4),(-0.109547534312924,
-0.073031689541949,-0.0365158447709745,0.),.UNSPECIFIED.);
#437=B_SPLINE_CURVE_WITH_KNOTS('',3,(#11738,#11739,#11740,#11741),
 .UNSPECIFIED.,.F.,.F.,(4,4),(-0.0742363954781506,0.),.UNSPECIFIED.);
#438=B_SPLINE_CURVE_WITH_KNOTS('',3,(#11764,#11765,#11766,#11767,#11768,
#11769,#11770,#11771,#11772,#11773),.UNSPECIFIED.,.F.,.F.,(4,3,3,4),(1.,
2.,3.,4.),.UNSPECIFIED.);
#439=B_SPLINE_CURVE_WITH_KNOTS('',3,(#11807,#11808,#11809,#11810,#11811,
#11812,#11813,#11814,#11815,#11816),.UNSPECIFIED.,.F.,.F.,(4,3,3,4),(12.,
13.,14.,15.),.UNSPECIFIED.);
#440=B_SPLINE_CURVE_WITH_KNOTS('',3,(#11837,#11838,#11839,#11840,#11841,
#11842,#11843),.UNSPECIFIED.,.F.,.F.,(4,3,4),(0.,1.,2.),.UNSPECIFIED.);
#441=B_SPLINE_CURVE_WITH_KNOTS('',3,(#11857,#11858,#11859,#11860),
 .UNSPECIFIED.,.F.,.F.,(4,4),(0.,1.),.UNSPECIFIED.);
#442=B_SPLINE_CURVE_WITH_KNOTS('',3,(#11876,#11877,#11878,#11879,#11880,
#11881,#11882),.UNSPECIFIED.,.F.,.F.,(4,3,4),(3.,4.,5.),.UNSPECIFIED.);
#443=B_SPLINE_CURVE_WITH_KNOTS('',3,(#11903,#11904,#11905,#11906,#11907,
#11908,#11909),.UNSPECIFIED.,.F.,.F.,(4,3,4),(6.,7.,8.),.UNSPECIFIED.);
#444=B_SPLINE_CURVE_WITH_KNOTS('',3,(#11931,#11932,#11933,#11934,#11935,
#11936,#11937,#11938,#11939,#11940),.UNSPECIFIED.,.F.,.F.,(4,3,3,4),(8.,
9.,10.,11.),.UNSPECIFIED.);
#445=B_SPLINE_CURVE_WITH_KNOTS('',3,(#11971,#11972,#11973,#11974,#11975,
#11976,#11977),.UNSPECIFIED.,.F.,.F.,(4,3,4),(3.,4.,5.),.UNSPECIFIED.);
#446=B_SPLINE_CURVE_WITH_KNOTS('',3,(#11980,#11981,#11982,#11983,#11984,
#11985,#11986),.UNSPECIFIED.,.F.,.F.,(4,3,4),(-0.167064937464524,-0.0835324687322619,
0.),.UNSPECIFIED.);
#447=B_SPLINE_CURVE_WITH_KNOTS('',3,(#12008,#12009,#12010,#12011,#12012,
#12013,#12014),.UNSPECIFIED.,.F.,.F.,(4,3,4),(0.,1.,2.),.UNSPECIFIED.);
#448=B_SPLINE_CURVE_WITH_KNOTS('',3,(#12017,#12018,#12019,#12020,#12021,
#12022,#12023),.UNSPECIFIED.,.F.,.F.,(4,3,4),(-0.113789815307098,-0.056894907653549,
0.),.UNSPECIFIED.);
#449=B_SPLINE_CURVE_WITH_KNOTS('',3,(#12075,#12076,#12077,#12078,#12079,
#12080,#12081,#12082,#12083,#12084,#12085,#12086,#12087),.UNSPECIFIED.,
 .F.,.F.,(4,3,3,3,4),(8.,9.,10.,11.,12.),.UNSPECIFIED.);
#450=B_SPLINE_CURVE_WITH_KNOTS('',3,(#12090,#12091,#12092,#12093,#12094,
#12095,#12096,#12097,#12098,#12099,#12100,#12101,#12102),.UNSPECIFIED.,
 .F.,.F.,(4,3,3,3,4),(-0.305074376128212,-0.228805782096159,-0.152537188064106,
-0.0762685940320529,0.),.UNSPECIFIED.);
#451=B_SPLINE_CURVE_WITH_KNOTS('',3,(#12133,#12134,#12135,#12136,#12137,
#12138,#12139,#12140,#12141,#12142,#12143,#12144,#12145),.UNSPECIFIED.,
 .T.,.F.,(4,3,3,3,4),(-4.,-3.,-2.,-1.,0.),.UNSPECIFIED.);
#452=B_SPLINE_CURVE_WITH_KNOTS('',3,(#12148,#12149,#12150,#12151,#12152,
#12153,#12154,#12155,#12156,#12157,#12158,#12159,#12160),.UNSPECIFIED.,
 .T.,.F.,(4,3,3,3,4),(-0.650532277143395,-0.487899207857547,-0.325266138571698,
-0.162633069285849,0.),.UNSPECIFIED.);
#453=B_SPLINE_CURVE_WITH_KNOTS('',3,(#12165,#12166,#12167,#12168),
 .UNSPECIFIED.,.F.,.F.,(4,4),(-0.019526010540833,0.),.UNSPECIFIED.);
#454=B_SPLINE_CURVE_WITH_KNOTS('',3,(#12172,#12173,#12174,#12175,#12176,
#12177,#12178),.UNSPECIFIED.,.F.,.F.,(4,3,4),(-0.0139627708379654,-0.00698138541898272,
0.),.UNSPECIFIED.);
#455=B_SPLINE_CURVE_WITH_KNOTS('',3,(#12195,#12196,#12197,#12198),
 .UNSPECIFIED.,.F.,.F.,(4,4),(-2.,-1.),.UNSPECIFIED.);
#456=B_SPLINE_CURVE_WITH_KNOTS('',3,(#12218,#12219,#12220,#12221,#12222,
#12223,#12224),.UNSPECIFIED.,.F.,.F.,(4,3,4),(-5.,-4.,-3.),
 .UNSPECIFIED.);
#457=B_SPLINE_CURVE_WITH_KNOTS('',3,(#12252,#12253,#12254,#12255,#12256,
#12257,#12258,#12259,#12260,#12261,#12262,#12263,#12264),.UNSPECIFIED.,
 .T.,.F.,(4,3,3,3,4),(-4.,-3.,-2.,-1.,0.),.UNSPECIFIED.);
#458=B_SPLINE_CURVE_WITH_KNOTS('',3,(#12267,#12268,#12269,#12270,#12271,
#12272,#12273,#12274,#12275,#12276,#12277,#12278,#12279),.UNSPECIFIED.,
 .T.,.F.,(4,3,3,3,4),(-0.765692241015774,-0.574269180761831,-0.382846120507887,
-0.191423060253944,0.),.UNSPECIFIED.);
#459=B_SPLINE_CURVE_WITH_KNOTS('',3,(#12307,#12308,#12309,#12310,#12311,
#12312,#12313,#12314,#12315,#12316,#12317,#12318,#12319),.UNSPECIFIED.,
 .T.,.F.,(4,3,3,3,4),(-4.,-3.,-2.,-1.,0.),.UNSPECIFIED.);
#460=B_SPLINE_CURVE_WITH_KNOTS('',3,(#12322,#12323,#12324,#12325,#12326,
#12327,#12328,#12329,#12330,#12331,#12332,#12333,#12334),.UNSPECIFIED.,
 .T.,.F.,(4,3,3,3,4),(-0.319202379686684,-0.239401784765013,-0.159601189843342,
-0.0798005949216709,0.),.UNSPECIFIED.);
#461=B_SPLINE_CURVE_WITH_KNOTS('',3,(#12343,#12344,#12345,#12346,#12347,
#12348,#12349,#12350,#12351,#12352,#12353,#12354,#12355),.UNSPECIFIED.,
 .F.,.F.,(4,3,3,3,4),(-0.345167901039008,-0.258875925779256,-0.172583950519504,
-0.086291975259752,0.),.UNSPECIFIED.);
#462=B_SPLINE_CURVE_WITH_KNOTS('',3,(#12366,#12367,#12368,#12369,#12370,
#12371,#12372,#12373,#12374,#12375,#12376,#12377,#12378),.UNSPECIFIED.,
 .T.,.F.,(4,3,3,3,4),(-0.156143659923369,-0.117107744942527,-0.0780718299616844,
-0.0390359149808422,0.),.UNSPECIFIED.);
#463=B_SPLINE_CURVE_WITH_KNOTS('',3,(#12406,#12407,#12408,#12409,#12410,
#12411,#12412,#12413,#12414,#12415,#12416,#12417,#12418),.UNSPECIFIED.,
 .T.,.F.,(4,3,3,3,4),(-4.,-3.,-2.,-1.,0.),.UNSPECIFIED.);
#464=B_SPLINE_CURVE_WITH_KNOTS('',3,(#12453,#12454,#12455,#12456,#12457,
#12458,#12459,#12460,#12461,#12462,#12463,#12464,#12465),.UNSPECIFIED.,
 .F.,.F.,(4,3,3,3,4),(3.,4.,5.,6.,7.),.UNSPECIFIED.);
#465=B_SPLINE_CURVE_WITH_KNOTS('',3,(#12546,#12547,#12548,#12549,#12550,
#12551,#12552),.UNSPECIFIED.,.F.,.F.,(4,3,4),(0.,1.,2.),.UNSPECIFIED.);
#466=B_SPLINE_CURVE_WITH_KNOTS('',3,(#12554,#12555,#12556,#12557,#12558,
#12559,#12560),.UNSPECIFIED.,.F.,.F.,(4,3,4),(-0.019417364676992,-0.00970868233849599,
0.),.UNSPECIFIED.);
#467=B_SPLINE_CURVE_WITH_KNOTS('',3,(#12589,#12590,#12591,#12592,#12593,
#12594,#12595),.UNSPECIFIED.,.F.,.F.,(4,3,4),(8.,9.,10.),.UNSPECIFIED.);
#468=B_SPLINE_CURVE_WITH_KNOTS('',3,(#12598,#12599,#12600,#12601,#12602,
#12603,#12604),.UNSPECIFIED.,.F.,.F.,(4,3,4),(-0.0201414561917849,-0.0100707280958924,
0.),.UNSPECIFIED.);
#469=B_SPLINE_CURVE_WITH_KNOTS('',3,(#12614,#12615,#12616,#12617),
 .UNSPECIFIED.,.F.,.F.,(4,4),(7.,8.),.UNSPECIFIED.);
#470=B_SPLINE_CURVE_WITH_KNOTS('',3,(#12620,#12621,#12622,#12623),
 .UNSPECIFIED.,.F.,.F.,(4,4),(-0.00737032842394037,0.),.UNSPECIFIED.);
#471=B_SPLINE_CURVE_WITH_KNOTS('',2,(#12708,#12709,#12710,#12711),
 .UNSPECIFIED.,.F.,.F.,(3,1,3),(0.,1.,2.),.UNSPECIFIED.);
#472=B_SPLINE_CURVE_WITH_KNOTS('',3,(#12715,#12716,#12717,#12718,#12719,
#12720,#12721),.UNSPECIFIED.,.F.,.F.,(4,3,4),(-0.0471940250150319,-0.0235970125075159,
0.),.UNSPECIFIED.);
#473=B_SPLINE_CURVE_WITH_KNOTS('',2,(#12732,#12733,#12734,#12735),
 .UNSPECIFIED.,.F.,.F.,(3,1,3),(0.,1.,2.),.UNSPECIFIED.);
#474=B_SPLINE_CURVE_WITH_KNOTS('',3,(#12738,#12739,#12740,#12741,#12742,
#12743,#12744),.UNSPECIFIED.,.F.,.F.,(4,3,4),(-0.0556602543782437,-0.0278301271891218,
0.),.UNSPECIFIED.);
#475=B_SPLINE_CURVE_WITH_KNOTS('',2,(#12773,#12774,#12775,#12776),
 .UNSPECIFIED.,.F.,.F.,(3,1,3),(0.,1.,2.),.UNSPECIFIED.);
#476=B_SPLINE_CURVE_WITH_KNOTS('',3,(#12780,#12781,#12782,#12783,#12784,
#12785,#12786),.UNSPECIFIED.,.F.,.F.,(4,3,4),(-0.0379008960905897,-0.0189504480452948,
0.),.UNSPECIFIED.);
#477=B_SPLINE_CURVE_WITH_KNOTS('',2,(#12797,#12798,#12799,#12800),
 .UNSPECIFIED.,.F.,.F.,(3,1,3),(0.,1.,2.),.UNSPECIFIED.);
#478=B_SPLINE_CURVE_WITH_KNOTS('',3,(#12802,#12803,#12804,#12805,#12806,
#12807,#12808),.UNSPECIFIED.,.F.,.F.,(4,3,4),(-0.121514460682739,-0.0607572303413693,
0.),.UNSPECIFIED.);
#479=B_SPLINE_CURVE_WITH_KNOTS('',2,(#12826,#12827,#12828,#12829),
 .UNSPECIFIED.,.F.,.F.,(3,1,3),(0.,1.,2.),.UNSPECIFIED.);
#480=B_SPLINE_CURVE_WITH_KNOTS('',3,(#12833,#12834,#12835,#12836,#12837,
#12838,#12839),.UNSPECIFIED.,.F.,.F.,(4,3,4),(-0.01743368979909,-0.00871684489954499,
0.),.UNSPECIFIED.);
#481=B_SPLINE_CURVE_WITH_KNOTS('',2,(#12850,#12851,#12852,#12853),
 .UNSPECIFIED.,.F.,.F.,(3,1,3),(0.,1.,2.),.UNSPECIFIED.);
#482=B_SPLINE_CURVE_WITH_KNOTS('',3,(#12855,#12856,#12857,#12858,#12859,
#12860,#12861),.UNSPECIFIED.,.F.,.F.,(4,3,4),(-0.0404731541125123,-0.0202365770562561,
0.),.UNSPECIFIED.);
#483=B_SPLINE_CURVE_WITH_KNOTS('',2,(#12878,#12879,#12880,#12881),
 .UNSPECIFIED.,.F.,.F.,(3,1,3),(0.,1.,2.),.UNSPECIFIED.);
#484=B_SPLINE_CURVE_WITH_KNOTS('',3,(#12884,#12885,#12886,#12887,#12888,
#12889,#12890),.UNSPECIFIED.,.F.,.F.,(4,3,4),(-0.0617980018961357,-0.0308990009480679,
0.),.UNSPECIFIED.);
#485=B_SPLINE_CURVE_WITH_KNOTS('',2,(#12900,#12901,#12902,#12903),
 .UNSPECIFIED.,.F.,.F.,(3,1,3),(0.,1.,2.),.UNSPECIFIED.);
#486=B_SPLINE_CURVE_WITH_KNOTS('',3,(#12906,#12907,#12908,#12909,#12910,
#12911,#12912),.UNSPECIFIED.,.F.,.F.,(4,3,4),(-0.0886639102555482,-0.0443319551277741,
0.),.UNSPECIFIED.);
#487=B_SPLINE_CURVE_WITH_KNOTS('',2,(#12922,#12923,#12924,#12925),
 .UNSPECIFIED.,.F.,.F.,(3,1,3),(0.,1.,2.),.UNSPECIFIED.);
#488=B_SPLINE_CURVE_WITH_KNOTS('',3,(#12928,#12929,#12930,#12931,#12932,
#12933,#12934),.UNSPECIFIED.,.F.,.F.,(4,3,4),(-0.118817744675246,-0.059408872337623,
0.),.UNSPECIFIED.);
#489=B_SPLINE_CURVE_WITH_KNOTS('',2,(#12949,#12950,#12951,#12952),
 .UNSPECIFIED.,.F.,.F.,(3,1,3),(0.,1.,2.),.UNSPECIFIED.);
#490=B_SPLINE_CURVE_WITH_KNOTS('',3,(#12953,#12954,#12955,#12956,#12957,
#12958,#12959),.UNSPECIFIED.,.F.,.F.,(4,3,4),(-0.0529576740125621,-0.026478837006281,
0.),.UNSPECIFIED.);
#491=B_SPLINE_CURVE_WITH_KNOTS('',2,(#12969,#12970,#12971,#12972),
 .UNSPECIFIED.,.F.,.F.,(3,1,3),(0.,1.,2.),.UNSPECIFIED.);
#492=B_SPLINE_CURVE_WITH_KNOTS('',3,(#12975,#12976,#12977,#12978,#12979,
#12980,#12981),.UNSPECIFIED.,.F.,.F.,(4,3,4),(-0.0448561922118027,-0.0224280961059013,
0.),.UNSPECIFIED.);
#493=B_SPLINE_CURVE_WITH_KNOTS('',2,(#12991,#12992,#12993,#12994),
 .UNSPECIFIED.,.F.,.F.,(3,1,3),(0.,1.,2.),.UNSPECIFIED.);
#494=B_SPLINE_CURVE_WITH_KNOTS('',3,(#12997,#12998,#12999,#13000,#13001,
#13002,#13003),.UNSPECIFIED.,.F.,.F.,(4,3,4),(-0.028319804840522,-0.014159902420261,
0.),.UNSPECIFIED.);
#495=B_SPLINE_CURVE_WITH_KNOTS('',2,(#13022,#13023,#13024,#13025),
 .UNSPECIFIED.,.F.,.F.,(3,1,3),(0.,1.,2.),.UNSPECIFIED.);
#496=B_SPLINE_CURVE_WITH_KNOTS('',3,(#13028,#13029,#13030,#13031,#13032,
#13033,#13034),.UNSPECIFIED.,.F.,.F.,(4,3,4),(-0.0818408755729037,-0.0409204377864519,
0.),.UNSPECIFIED.);
#497=B_SPLINE_CURVE_WITH_KNOTS('',2,(#13044,#13045,#13046,#13047),
 .UNSPECIFIED.,.F.,.F.,(3,1,3),(0.,1.,2.),.UNSPECIFIED.);
#498=B_SPLINE_CURVE_WITH_KNOTS('',3,(#13050,#13051,#13052,#13053,#13054,
#13055,#13056),.UNSPECIFIED.,.F.,.F.,(4,3,4),(-0.0583818468955655,-0.0291909234477827,
0.),.UNSPECIFIED.);
#499=B_SPLINE_CURVE_WITH_KNOTS('',2,(#13239,#13240,#13241,#13242),
 .UNSPECIFIED.,.F.,.F.,(3,1,3),(0.,1.,2.),.UNSPECIFIED.);
#500=B_SPLINE_CURVE_WITH_KNOTS('',3,(#13246,#13247,#13248,#13249,#13250,
#13251,#13252),.UNSPECIFIED.,.F.,.F.,(4,3,4),(-0.091151830817535,-0.0455759154087675,
0.),.UNSPECIFIED.);
#501=B_SPLINE_CURVE_WITH_KNOTS('',2,(#13263,#13264,#13265,#13266),
 .UNSPECIFIED.,.F.,.F.,(3,1,3),(0.,1.,2.),.UNSPECIFIED.);
#502=B_SPLINE_CURVE_WITH_KNOTS('',3,(#13268,#13269,#13270,#13271,#13272,
#13273,#13274),.UNSPECIFIED.,.F.,.F.,(4,3,4),(-0.1323397040672,-0.0661698520336001,
0.),.UNSPECIFIED.);
#503=B_SPLINE_CURVE_WITH_KNOTS('',2,(#13291,#13292,#13293,#13294),
 .UNSPECIFIED.,.F.,.F.,(3,1,3),(0.,1.,2.),.UNSPECIFIED.);
#504=B_SPLINE_CURVE_WITH_KNOTS('',3,(#13297,#13298,#13299,#13300,#13301,
#13302,#13303),.UNSPECIFIED.,.F.,.F.,(4,3,4),(-0.0664627745583698,-0.0332313872791849,
0.),.UNSPECIFIED.);
#505=B_SPLINE_CURVE_WITH_KNOTS('',2,(#13313,#13314,#13315,#13316),
 .UNSPECIFIED.,.F.,.F.,(3,1,3),(0.,1.,2.),.UNSPECIFIED.);
#506=B_SPLINE_CURVE_WITH_KNOTS('',3,(#13319,#13320,#13321,#13322,#13323,
#13324,#13325),.UNSPECIFIED.,.F.,.F.,(4,3,4),(-0.0873666742212815,-0.0436833371106408,
0.),.UNSPECIFIED.);
#507=B_SPLINE_CURVE_WITH_KNOTS('',2,(#13335,#13336,#13337,#13338),
 .UNSPECIFIED.,.F.,.F.,(3,1,3),(0.,1.,2.),.UNSPECIFIED.);
#508=B_SPLINE_CURVE_WITH_KNOTS('',3,(#13341,#13342,#13343,#13344,#13345,
#13346,#13347),.UNSPECIFIED.,.F.,.F.,(4,3,4),(-0.100134954856106,-0.0500674774280528,
0.),.UNSPECIFIED.);
#509=B_SPLINE_CURVE_WITH_KNOTS('',2,(#13356,#13357,#13358,#13359),
 .UNSPECIFIED.,.F.,.F.,(3,1,3),(0.,1.,2.),.UNSPECIFIED.);
#510=B_SPLINE_CURVE_WITH_KNOTS('',3,(#13360,#13361,#13362,#13363,#13364,
#13365,#13366),.UNSPECIFIED.,.F.,.F.,(4,3,4),(-0.0522905203966096,-0.0261452601983048,
0.),.UNSPECIFIED.);
#511=B_SPLINE_CURVE_WITH_KNOTS('',2,(#13376,#13377,#13378,#13379),
 .UNSPECIFIED.,.F.,.F.,(3,1,3),(0.,1.,2.),.UNSPECIFIED.);
#512=B_SPLINE_CURVE_WITH_KNOTS('',3,(#13382,#13383,#13384,#13385,#13386,
#13387,#13388),.UNSPECIFIED.,.F.,.F.,(4,3,4),(-0.193279060367908,-0.0966395301839539,
0.),.UNSPECIFIED.);
#513=B_SPLINE_CURVE_WITH_KNOTS('',2,(#13398,#13399,#13400,#13401),
 .UNSPECIFIED.,.F.,.F.,(3,1,3),(0.,1.,2.),.UNSPECIFIED.);
#514=B_SPLINE_CURVE_WITH_KNOTS('',3,(#13404,#13405,#13406,#13407,#13408,
#13409,#13410),.UNSPECIFIED.,.F.,.F.,(4,3,4),(-0.0466215376558742,-0.0233107688279371,
0.),.UNSPECIFIED.);
#515=B_SPLINE_CURVE_WITH_KNOTS('',3,(#13424,#13425,#13426,#13427,#13428,
#13429,#13430),.UNSPECIFIED.,.F.,.F.,(4,3,4),(-0.0561074117986136,-0.0280537058993068,
0.),.UNSPECIFIED.);
#516=B_SPLINE_CURVE_WITH_KNOTS('',3,(#13432,#13433,#13434,#13435,#13436,
#13437,#13438),.UNSPECIFIED.,.F.,.F.,(4,3,4),(-0.0580540434691598,-0.0290270217345799,
0.),.UNSPECIFIED.);
#517=B_SPLINE_CURVE_WITH_KNOTS('',3,(#13440,#13441,#13442,#13443,#13444,
#13445,#13446),.UNSPECIFIED.,.F.,.F.,(4,3,4),(-0.0701824904780568,-0.0350912452390284,
0.),.UNSPECIFIED.);
#518=B_SPLINE_CURVE_WITH_KNOTS('',3,(#13448,#13449,#13450,#13451,#13452,
#13453,#13454),.UNSPECIFIED.,.F.,.F.,(4,3,4),(-0.0353947041767726,-0.0176973520883863,
0.),.UNSPECIFIED.);
#519=B_SPLINE_CURVE_WITH_KNOTS('',3,(#13456,#13457,#13458,#13459,#13460,
#13461,#13462),.UNSPECIFIED.,.F.,.F.,(4,3,4),(-0.0372082618489217,-0.0186041309244609,
0.),.UNSPECIFIED.);
#520=B_SPLINE_CURVE_WITH_KNOTS('',3,(#13464,#13465,#13466,#13467,#13468,
#13469,#13470),.UNSPECIFIED.,.F.,.F.,(4,3,4),(-0.160037631056123,-0.0800188155280616,
0.),.UNSPECIFIED.);
#521=B_SPLINE_CURVE_WITH_KNOTS('',3,(#13472,#13473,#13474,#13475,#13476,
#13477,#13478),.UNSPECIFIED.,.F.,.F.,(4,3,4),(-0.0223853910612895,-0.0111926955306447,
0.),.UNSPECIFIED.);
#522=B_SPLINE_CURVE_WITH_KNOTS('',3,(#13484,#13485,#13486,#13487,#13488,
#13489,#13490),.UNSPECIFIED.,.F.,.F.,(4,3,4),(-0.0186293770169463,-0.00931468850847317,
0.),.UNSPECIFIED.);
#523=B_SPLINE_CURVE_WITH_KNOTS('',3,(#13492,#13493,#13494,#13495,#13496,
#13497,#13498),.UNSPECIFIED.,.F.,.F.,(4,3,4),(-0.10422696302489,-0.0521134815124452,
0.),.UNSPECIFIED.);
#524=B_SPLINE_CURVE_WITH_KNOTS('',3,(#13500,#13501,#13502,#13503,#13504,
#13505,#13506),.UNSPECIFIED.,.F.,.F.,(4,3,4),(-0.0853664208741211,-0.0426832104370605,
0.),.UNSPECIFIED.);
#525=B_SPLINE_CURVE_WITH_KNOTS('',3,(#13508,#13509,#13510,#13511,#13512,
#13513,#13514),.UNSPECIFIED.,.F.,.F.,(4,3,4),(-0.0784087081706232,-0.0392043540853116,
0.),.UNSPECIFIED.);
#526=B_SPLINE_CURVE_WITH_KNOTS('',3,(#13515,#13516,#13517,#13518,#13519,
#13520,#13521),.UNSPECIFIED.,.F.,.F.,(4,3,4),(-0.0553894625889395,-0.0276947312944697,
0.),.UNSPECIFIED.);
#527=B_SPLINE_CURVE_WITH_KNOTS('',3,(#13524,#13525,#13526,#13527,#13528,
#13529,#13530),.UNSPECIFIED.,.F.,.F.,(4,3,4),(-0.0856014843338392,-0.0428007421669196,
0.),.UNSPECIFIED.);
#528=B_SPLINE_CURVE_WITH_KNOTS('',3,(#13532,#13533,#13534,#13535,#13536,
#13537,#13538),.UNSPECIFIED.,.F.,.F.,(4,3,4),(-0.0267514476557496,-0.0133757238278748,
0.),.UNSPECIFIED.);
#529=B_SPLINE_CURVE_WITH_KNOTS('',3,(#13540,#13541,#13542,#13543,#13544,
#13545,#13546),.UNSPECIFIED.,.F.,.F.,(4,3,4),(-0.0662309393245476,-0.0331154696622738,
0.),.UNSPECIFIED.);
#530=B_SPLINE_CURVE_WITH_KNOTS('',3,(#13548,#13549,#13550,#13551,#13552,
#13553,#13554),.UNSPECIFIED.,.F.,.F.,(4,3,4),(-0.0447612731559625,-0.0223806365779812,
0.),.UNSPECIFIED.);
#531=B_SPLINE_CURVE_WITH_KNOTS('',3,(#13556,#13557,#13558,#13559,#13560,
#13561,#13562),.UNSPECIFIED.,.F.,.F.,(4,3,4),(-0.0740410397740349,-0.0370205198870174,
0.),.UNSPECIFIED.);
#532=B_SPLINE_CURVE_WITH_KNOTS('',3,(#13564,#13565,#13566,#13567,#13568,
#13569,#13570),.UNSPECIFIED.,.F.,.F.,(4,3,4),(-0.0298651055263625,-0.0149325527631812,
0.),.UNSPECIFIED.);
#533=B_SPLINE_CURVE_WITH_KNOTS('',3,(#13571,#13572,#13573,#13574,#13575,
#13576,#13577),.UNSPECIFIED.,.F.,.F.,(4,3,4),(-0.0328272975232058,-0.0164136487616029,
0.),.UNSPECIFIED.);
#534=B_SPLINE_CURVE_WITH_KNOTS('',2,(#13588,#13589,#13590,#13591),
 .UNSPECIFIED.,.F.,.F.,(3,1,3),(0.,1.,2.),.UNSPECIFIED.);
#535=B_SPLINE_CURVE_WITH_KNOTS('',2,(#13603,#13604,#13605,#13606),
 .UNSPECIFIED.,.F.,.F.,(3,1,3),(0.,1.,2.),.UNSPECIFIED.);
#536=B_SPLINE_CURVE_WITH_KNOTS('',2,(#13617,#13618,#13619,#13620),
 .UNSPECIFIED.,.F.,.F.,(3,1,3),(0.,1.,2.),.UNSPECIFIED.);
#537=B_SPLINE_CURVE_WITH_KNOTS('',2,(#13631,#13632,#13633,#13634),
 .UNSPECIFIED.,.F.,.F.,(3,1,3),(0.,1.,2.),.UNSPECIFIED.);
#538=B_SPLINE_CURVE_WITH_KNOTS('',2,(#13646,#13647,#13648,#13649),
 .UNSPECIFIED.,.F.,.F.,(3,1,3),(0.,1.,2.),.UNSPECIFIED.);
#539=B_SPLINE_CURVE_WITH_KNOTS('',2,(#13661,#13662,#13663,#13664),
 .UNSPECIFIED.,.F.,.F.,(3,1,3),(0.,1.,2.),.UNSPECIFIED.);
#540=B_SPLINE_CURVE_WITH_KNOTS('',2,(#13675,#13676,#13677,#13678),
 .UNSPECIFIED.,.F.,.F.,(3,1,3),(0.,1.,2.),.UNSPECIFIED.);
#541=B_SPLINE_CURVE_WITH_KNOTS('',2,(#13689,#13690,#13691,#13692),
 .UNSPECIFIED.,.F.,.F.,(3,1,3),(0.,1.,2.),.UNSPECIFIED.);
#542=B_SPLINE_CURVE_WITH_KNOTS('',2,(#13703,#13704,#13705,#13706),
 .UNSPECIFIED.,.F.,.F.,(3,1,3),(0.,1.,2.),.UNSPECIFIED.);
#543=B_SPLINE_CURVE_WITH_KNOTS('',2,(#13717,#13718,#13719,#13720),
 .UNSPECIFIED.,.F.,.F.,(3,1,3),(0.,1.,2.),.UNSPECIFIED.);
#544=B_SPLINE_CURVE_WITH_KNOTS('',2,(#13731,#13732,#13733,#13734),
 .UNSPECIFIED.,.F.,.F.,(3,1,3),(0.,1.,2.),.UNSPECIFIED.);
#545=B_SPLINE_CURVE_WITH_KNOTS('',2,(#13745,#13746,#13747,#13748),
 .UNSPECIFIED.,.F.,.F.,(3,1,3),(0.,1.,2.),.UNSPECIFIED.);
#546=B_SPLINE_CURVE_WITH_KNOTS('',2,(#13759,#13760,#13761,#13762),
 .UNSPECIFIED.,.F.,.F.,(3,1,3),(0.,1.,2.),.UNSPECIFIED.);
#547=B_SPLINE_CURVE_WITH_KNOTS('',2,(#13772,#13773,#13774,#13775),
 .UNSPECIFIED.,.F.,.F.,(3,1,3),(0.,1.,2.),.UNSPECIFIED.);
#548=B_SPLINE_CURVE_WITH_KNOTS('',2,(#13785,#13786,#13787,#13788),
 .UNSPECIFIED.,.F.,.F.,(3,1,3),(0.,1.,2.),.UNSPECIFIED.);
#549=B_SPLINE_CURVE_WITH_KNOTS('',2,(#13799,#13800,#13801,#13802),
 .UNSPECIFIED.,.F.,.F.,(3,1,3),(0.,1.,2.),.UNSPECIFIED.);
#550=B_SPLINE_CURVE_WITH_KNOTS('',2,(#13813,#13814,#13815,#13816),
 .UNSPECIFIED.,.F.,.F.,(3,1,3),(0.,1.,2.),.UNSPECIFIED.);
#551=B_SPLINE_CURVE_WITH_KNOTS('',2,(#13827,#13828,#13829,#13830),
 .UNSPECIFIED.,.F.,.F.,(3,1,3),(0.,1.,2.),.UNSPECIFIED.);
#552=B_SPLINE_CURVE_WITH_KNOTS('',2,(#13841,#13842,#13843,#13844),
 .UNSPECIFIED.,.F.,.F.,(3,1,3),(0.,1.,2.),.UNSPECIFIED.);
#553=B_SPLINE_CURVE_WITH_KNOTS('',3,(#13880,#13881,#13882,#13883,#13884,
#13885,#13886),.UNSPECIFIED.,.F.,.F.,(4,3,4),(-0.0606826281661855,-0.0303413140830928,
0.),.UNSPECIFIED.);
#554=B_SPLINE_CURVE_WITH_KNOTS('',3,(#13888,#13889,#13890,#13891,#13892,
#13893,#13894),.UNSPECIFIED.,.F.,.F.,(4,3,4),(-0.0494412603565697,-0.0247206301782848,
0.),.UNSPECIFIED.);
#555=B_SPLINE_CURVE_WITH_KNOTS('',3,(#13896,#13897,#13898,#13899,#13900,
#13901,#13902),.UNSPECIFIED.,.F.,.F.,(4,3,4),(-0.0591225991857075,-0.0295612995928538,
0.),.UNSPECIFIED.);
#556=B_SPLINE_CURVE_WITH_KNOTS('',3,(#13904,#13905,#13906,#13907,#13908,
#13909,#13910),.UNSPECIFIED.,.F.,.F.,(4,3,4),(-0.0477573678218939,-0.023878683910947,
0.),.UNSPECIFIED.);
#557=B_SPLINE_CURVE_WITH_KNOTS('',3,(#13912,#13913,#13914,#13915,#13916,
#13917,#13918),.UNSPECIFIED.,.F.,.F.,(4,3,4),(-0.0136246606770294,-0.00681233033851468,
0.),.UNSPECIFIED.);
#558=B_SPLINE_CURVE_WITH_KNOTS('',3,(#13930,#13931,#13932,#13933,#13934,
#13935,#13936),.UNSPECIFIED.,.F.,.F.,(4,3,4),(-0.0280331046152249,-0.0140165523076125,
0.),.UNSPECIFIED.);
#559=B_SPLINE_CURVE_WITH_KNOTS('',3,(#13938,#13939,#13940,#13941,#13942,
#13943,#13944),.UNSPECIFIED.,.F.,.F.,(4,3,4),(-0.0290306218760772,-0.0145153109380386,
0.),.UNSPECIFIED.);
#560=B_SPLINE_CURVE_WITH_KNOTS('',3,(#13946,#13947,#13948,#13949,#13950,
#13951,#13952),.UNSPECIFIED.,.F.,.F.,(4,3,4),(-0.0450516920406233,-0.0225258460203116,
0.),.UNSPECIFIED.);
#561=B_SPLINE_CURVE_WITH_KNOTS('',3,(#13954,#13955,#13956,#13957,#13958,
#13959,#13960),.UNSPECIFIED.,.F.,.F.,(4,3,4),(-0.0405850964119496,-0.0202925482059748,
0.),.UNSPECIFIED.);
#562=B_SPLINE_CURVE_WITH_KNOTS('',3,(#13962,#13963,#13964,#13965,#13966,
#13967,#13968),.UNSPECIFIED.,.F.,.F.,(4,3,4),(-0.0391989965484336,-0.0195994982742168,
0.),.UNSPECIFIED.);
#563=B_SPLINE_CURVE_WITH_KNOTS('',3,(#13970,#13971,#13972,#13973,#13974,
#13975,#13976),.UNSPECIFIED.,.F.,.F.,(4,3,4),(-0.023480251371775,-0.0117401256858875,
0.),.UNSPECIFIED.);
#564=B_SPLINE_CURVE_WITH_KNOTS('',3,(#13978,#13979,#13980,#13981,#13982,
#13983,#13984),.UNSPECIFIED.,.F.,.F.,(4,3,4),(-0.0220262653854228,-0.0110131326927114,
0.),.UNSPECIFIED.);
#565=B_SPLINE_CURVE_WITH_KNOTS('',3,(#13989,#13990,#13991,#13992,#13993,
#13994,#13995),.UNSPECIFIED.,.F.,.F.,(4,3,4),(-0.0450343712911977,-0.0225171856455989,
0.),.UNSPECIFIED.);
#566=B_SPLINE_CURVE_WITH_KNOTS('',2,(#14027,#14028,#14029,#14030),
 .UNSPECIFIED.,.F.,.F.,(3,1,3),(0.,1.,2.),.UNSPECIFIED.);
#567=B_SPLINE_CURVE_WITH_KNOTS('',2,(#14041,#14042,#14043,#14044),
 .UNSPECIFIED.,.F.,.F.,(3,1,3),(0.,1.,2.),.UNSPECIFIED.);
#568=B_SPLINE_CURVE_WITH_KNOTS('',2,(#14055,#14056,#14057,#14058),
 .UNSPECIFIED.,.F.,.F.,(3,1,3),(0.,1.,2.),.UNSPECIFIED.);
#569=B_SPLINE_CURVE_WITH_KNOTS('',2,(#14069,#14070,#14071,#14072),
 .UNSPECIFIED.,.F.,.F.,(3,1,3),(0.,1.,2.),.UNSPECIFIED.);
#570=B_SPLINE_CURVE_WITH_KNOTS('',2,(#14083,#14084,#14085,#14086),
 .UNSPECIFIED.,.F.,.F.,(3,1,3),(0.,1.,2.),.UNSPECIFIED.);
#571=B_SPLINE_CURVE_WITH_KNOTS('',2,(#14097,#14098,#14099,#14100),
 .UNSPECIFIED.,.F.,.F.,(3,1,3),(0.,1.,2.),.UNSPECIFIED.);
#572=B_SPLINE_CURVE_WITH_KNOTS('',2,(#14119,#14120,#14121,#14122),
 .UNSPECIFIED.,.F.,.F.,(3,1,3),(0.,1.,2.),.UNSPECIFIED.);
#573=B_SPLINE_CURVE_WITH_KNOTS('',2,(#14133,#14134,#14135,#14136),
 .UNSPECIFIED.,.F.,.F.,(3,1,3),(0.,1.,2.),.UNSPECIFIED.);
#574=B_SPLINE_CURVE_WITH_KNOTS('',2,(#14147,#14148,#14149,#14150),
 .UNSPECIFIED.,.F.,.F.,(3,1,3),(0.,1.,2.),.UNSPECIFIED.);
#575=B_SPLINE_CURVE_WITH_KNOTS('',2,(#14161,#14162,#14163,#14164),
 .UNSPECIFIED.,.F.,.F.,(3,1,3),(0.,1.,2.),.UNSPECIFIED.);
#576=B_SPLINE_CURVE_WITH_KNOTS('',2,(#14175,#14176,#14177,#14178),
 .UNSPECIFIED.,.F.,.F.,(3,1,3),(0.,1.,2.),.UNSPECIFIED.);
#577=B_SPLINE_CURVE_WITH_KNOTS('',2,(#14189,#14190,#14191,#14192),
 .UNSPECIFIED.,.F.,.F.,(3,1,3),(0.,1.,2.),.UNSPECIFIED.);
#578=B_SPLINE_CURVE_WITH_KNOTS('',2,(#14202,#14203,#14204,#14205),
 .UNSPECIFIED.,.F.,.F.,(3,1,3),(0.,1.,2.),.UNSPECIFIED.);
#579=B_SPLINE_CURVE_WITH_KNOTS('',2,(#14323,#14324,#14325,#14326),
 .UNSPECIFIED.,.F.,.F.,(3,1,3),(0.,1.,2.),.UNSPECIFIED.);
#580=B_SPLINE_CURVE_WITH_KNOTS('',2,(#14328,#14329,#14330,#14331),
 .UNSPECIFIED.,.F.,.F.,(3,1,3),(0.,1.,2.),.UNSPECIFIED.);
#581=B_SPLINE_CURVE_WITH_KNOTS('',2,(#14333,#14334,#14335,#14336),
 .UNSPECIFIED.,.F.,.F.,(3,1,3),(0.,1.,2.),.UNSPECIFIED.);
#582=B_SPLINE_CURVE_WITH_KNOTS('',2,(#14338,#14339,#14340,#14341),
 .UNSPECIFIED.,.F.,.F.,(3,1,3),(0.,1.,2.),.UNSPECIFIED.);
#583=B_SPLINE_CURVE_WITH_KNOTS('',2,(#14343,#14344,#14345,#14346),
 .UNSPECIFIED.,.F.,.F.,(3,1,3),(0.,1.,2.),.UNSPECIFIED.);
#584=B_SPLINE_CURVE_WITH_KNOTS('',2,(#14348,#14349,#14350,#14351),
 .UNSPECIFIED.,.F.,.F.,(3,1,3),(0.,1.,2.),.UNSPECIFIED.);
#585=B_SPLINE_CURVE_WITH_KNOTS('',2,(#14353,#14354,#14355,#14356),
 .UNSPECIFIED.,.F.,.F.,(3,1,3),(0.,1.,2.),.UNSPECIFIED.);
#586=B_SPLINE_CURVE_WITH_KNOTS('',2,(#14357,#14358,#14359,#14360),
 .UNSPECIFIED.,.F.,.F.,(3,1,3),(0.,1.,2.),.UNSPECIFIED.);
#587=B_SPLINE_CURVE_WITH_KNOTS('',2,(#14383,#14384,#14385,#14386),
 .UNSPECIFIED.,.F.,.F.,(3,1,3),(0.,1.,2.),.UNSPECIFIED.);
#588=B_SPLINE_CURVE_WITH_KNOTS('',2,(#14388,#14389,#14390,#14391),
 .UNSPECIFIED.,.F.,.F.,(3,1,3),(0.,1.,2.),.UNSPECIFIED.);
#589=B_SPLINE_CURVE_WITH_KNOTS('',2,(#14393,#14394,#14395,#14396),
 .UNSPECIFIED.,.F.,.F.,(3,1,3),(0.,1.,2.),.UNSPECIFIED.);
#590=B_SPLINE_CURVE_WITH_KNOTS('',2,(#14398,#14399,#14400,#14401),
 .UNSPECIFIED.,.F.,.F.,(3,1,3),(0.,1.,2.),.UNSPECIFIED.);
#591=B_SPLINE_CURVE_WITH_KNOTS('',2,(#14403,#14404,#14405,#14406),
 .UNSPECIFIED.,.F.,.F.,(3,1,3),(0.,1.,2.),.UNSPECIFIED.);
#592=B_SPLINE_CURVE_WITH_KNOTS('',2,(#14408,#14409,#14410,#14411),
 .UNSPECIFIED.,.F.,.F.,(3,1,3),(0.,1.,2.),.UNSPECIFIED.);
#593=B_SPLINE_CURVE_WITH_KNOTS('',2,(#14413,#14414,#14415,#14416),
 .UNSPECIFIED.,.F.,.F.,(3,1,3),(0.,1.,2.),.UNSPECIFIED.);
#594=B_SPLINE_CURVE_WITH_KNOTS('',2,(#14417,#14418,#14419,#14420),
 .UNSPECIFIED.,.F.,.F.,(3,1,3),(0.,1.,2.),.UNSPECIFIED.);
#595=B_SPLINE_CURVE_WITH_KNOTS('',2,(#14457,#14458,#14459,#14460),
 .UNSPECIFIED.,.F.,.F.,(3,1,3),(0.,1.,2.),.UNSPECIFIED.);
#596=B_SPLINE_CURVE_WITH_KNOTS('',2,(#14462,#14463,#14464,#14465),
 .UNSPECIFIED.,.F.,.F.,(3,1,3),(0.,1.,2.),.UNSPECIFIED.);
#597=B_SPLINE_CURVE_WITH_KNOTS('',2,(#14467,#14468,#14469,#14470),
 .UNSPECIFIED.,.F.,.F.,(3,1,3),(0.,1.,2.),.UNSPECIFIED.);
#598=B_SPLINE_CURVE_WITH_KNOTS('',2,(#14472,#14473,#14474,#14475),
 .UNSPECIFIED.,.F.,.F.,(3,1,3),(0.,1.,2.),.UNSPECIFIED.);
#599=B_SPLINE_CURVE_WITH_KNOTS('',2,(#14477,#14478,#14479,#14480),
 .UNSPECIFIED.,.F.,.F.,(3,1,3),(0.,1.,2.),.UNSPECIFIED.);
#600=B_SPLINE_CURVE_WITH_KNOTS('',2,(#14481,#14482,#14483,#14484),
 .UNSPECIFIED.,.F.,.F.,(3,1,3),(0.,1.,2.),.UNSPECIFIED.);
#601=B_SPLINE_CURVE_WITH_KNOTS('',2,(#14489,#14490,#14491,#14492),
 .UNSPECIFIED.,.F.,.F.,(3,1,3),(0.,1.,2.),.UNSPECIFIED.);
#602=B_SPLINE_CURVE_WITH_KNOTS('',2,(#14494,#14495,#14496,#14497),
 .UNSPECIFIED.,.F.,.F.,(3,1,3),(0.,1.,2.),.UNSPECIFIED.);
#603=B_SPLINE_CURVE_WITH_KNOTS('',2,(#14499,#14500,#14501,#14502),
 .UNSPECIFIED.,.F.,.F.,(3,1,3),(0.,1.,2.),.UNSPECIFIED.);
#604=B_SPLINE_CURVE_WITH_KNOTS('',2,(#14504,#14505,#14506,#14507),
 .UNSPECIFIED.,.F.,.F.,(3,1,3),(0.,1.,2.),.UNSPECIFIED.);
#605=B_SPLINE_CURVE_WITH_KNOTS('',2,(#14509,#14510,#14511,#14512),
 .UNSPECIFIED.,.F.,.F.,(3,1,3),(0.,1.,2.),.UNSPECIFIED.);
#606=B_SPLINE_CURVE_WITH_KNOTS('',2,(#14513,#14514,#14515,#14516),
 .UNSPECIFIED.,.F.,.F.,(3,1,3),(0.,1.,2.),.UNSPECIFIED.);
#607=FACE_OUTER_BOUND('',#1047,.T.);
#608=FACE_OUTER_BOUND('',#1048,.T.);
#609=FACE_OUTER_BOUND('',#1049,.T.);
#610=FACE_OUTER_BOUND('',#1050,.T.);
#611=FACE_OUTER_BOUND('',#1051,.T.);
#612=FACE_OUTER_BOUND('',#1052,.T.);
#613=FACE_OUTER_BOUND('',#1053,.T.);
#614=FACE_OUTER_BOUND('',#1054,.T.);
#615=FACE_OUTER_BOUND('',#1055,.T.);
#616=FACE_OUTER_BOUND('',#1056,.T.);
#617=FACE_OUTER_BOUND('',#1057,.T.);
#618=FACE_OUTER_BOUND('',#1058,.T.);
#619=FACE_OUTER_BOUND('',#1059,.T.);
#620=FACE_OUTER_BOUND('',#1060,.T.);
#621=FACE_OUTER_BOUND('',#1061,.T.);
#622=FACE_OUTER_BOUND('',#1063,.T.);
#623=FACE_OUTER_BOUND('',#1064,.T.);
#624=FACE_OUTER_BOUND('',#1065,.T.);
#625=FACE_OUTER_BOUND('',#1066,.T.);
#626=FACE_OUTER_BOUND('',#1067,.T.);
#627=FACE_OUTER_BOUND('',#1068,.T.);
#628=FACE_OUTER_BOUND('',#1069,.T.);
#629=FACE_OUTER_BOUND('',#1070,.T.);
#630=FACE_OUTER_BOUND('',#1071,.T.);
#631=FACE_OUTER_BOUND('',#1072,.T.);
#632=FACE_OUTER_BOUND('',#1073,.T.);
#633=FACE_OUTER_BOUND('',#1074,.T.);
#634=FACE_OUTER_BOUND('',#1075,.T.);
#635=FACE_OUTER_BOUND('',#1076,.T.);
#636=FACE_OUTER_BOUND('',#1077,.T.);
#637=FACE_OUTER_BOUND('',#1078,.T.);
#638=FACE_OUTER_BOUND('',#1079,.T.);
#639=FACE_OUTER_BOUND('',#1080,.T.);
#640=FACE_OUTER_BOUND('',#1081,.T.);
#641=FACE_OUTER_BOUND('',#1083,.T.);
#642=FACE_OUTER_BOUND('',#1084,.T.);
#643=FACE_OUTER_BOUND('',#1085,.T.);
#644=FACE_OUTER_BOUND('',#1086,.T.);
#645=FACE_OUTER_BOUND('',#1087,.T.);
#646=FACE_OUTER_BOUND('',#1088,.T.);
#647=FACE_OUTER_BOUND('',#1089,.T.);
#648=FACE_OUTER_BOUND('',#1090,.T.);
#649=FACE_OUTER_BOUND('',#1091,.T.);
#650=FACE_OUTER_BOUND('',#1092,.T.);
#651=FACE_OUTER_BOUND('',#1093,.T.);
#652=FACE_OUTER_BOUND('',#1094,.T.);
#653=FACE_OUTER_BOUND('',#1095,.T.);
#654=FACE_OUTER_BOUND('',#1096,.T.);
#655=FACE_OUTER_BOUND('',#1097,.T.);
#656=FACE_OUTER_BOUND('',#1098,.T.);
#657=FACE_OUTER_BOUND('',#1099,.T.);
#658=FACE_OUTER_BOUND('',#1100,.T.);
#659=FACE_OUTER_BOUND('',#1101,.T.);
#660=FACE_OUTER_BOUND('',#1102,.T.);
#661=FACE_OUTER_BOUND('',#1103,.T.);
#662=FACE_OUTER_BOUND('',#1104,.T.);
#663=FACE_OUTER_BOUND('',#1105,.T.);
#664=FACE_OUTER_BOUND('',#1106,.T.);
#665=FACE_OUTER_BOUND('',#1107,.T.);
#666=FACE_OUTER_BOUND('',#1108,.T.);
#667=FACE_OUTER_BOUND('',#1109,.T.);
#668=FACE_OUTER_BOUND('',#1110,.T.);
#669=FACE_OUTER_BOUND('',#1111,.T.);
#670=FACE_OUTER_BOUND('',#1112,.T.);
#671=FACE_OUTER_BOUND('',#1113,.T.);
#672=FACE_OUTER_BOUND('',#1114,.T.);
#673=FACE_OUTER_BOUND('',#1115,.T.);
#674=FACE_OUTER_BOUND('',#1116,.T.);
#675=FACE_OUTER_BOUND('',#1117,.T.);
#676=FACE_OUTER_BOUND('',#1118,.T.);
#677=FACE_OUTER_BOUND('',#1119,.T.);
#678=FACE_OUTER_BOUND('',#1120,.T.);
#679=FACE_OUTER_BOUND('',#1121,.T.);
#680=FACE_OUTER_BOUND('',#1122,.T.);
#681=FACE_OUTER_BOUND('',#1123,.T.);
#682=FACE_OUTER_BOUND('',#1124,.T.);
#683=FACE_OUTER_BOUND('',#1125,.T.);
#684=FACE_OUTER_BOUND('',#1126,.T.);
#685=FACE_OUTER_BOUND('',#1127,.T.);
#686=FACE_OUTER_BOUND('',#1128,.T.);
#687=FACE_OUTER_BOUND('',#1129,.T.);
#688=FACE_OUTER_BOUND('',#1130,.T.);
#689=FACE_OUTER_BOUND('',#1131,.T.);
#690=FACE_OUTER_BOUND('',#1132,.T.);
#691=FACE_OUTER_BOUND('',#1133,.T.);
#692=FACE_OUTER_BOUND('',#1134,.T.);
#693=FACE_OUTER_BOUND('',#1135,.T.);
#694=FACE_OUTER_BOUND('',#1136,.T.);
#695=FACE_OUTER_BOUND('',#1137,.T.);
#696=FACE_OUTER_BOUND('',#1138,.T.);
#697=FACE_OUTER_BOUND('',#1140,.T.);
#698=FACE_OUTER_BOUND('',#1142,.T.);
#699=FACE_OUTER_BOUND('',#1143,.T.);
#700=FACE_OUTER_BOUND('',#1144,.T.);
#701=FACE_OUTER_BOUND('',#1145,.T.);
#702=FACE_OUTER_BOUND('',#1146,.T.);
#703=FACE_OUTER_BOUND('',#1147,.T.);
#704=FACE_OUTER_BOUND('',#1148,.T.);
#705=FACE_OUTER_BOUND('',#1149,.T.);
#706=FACE_OUTER_BOUND('',#1150,.T.);
#707=FACE_OUTER_BOUND('',#1151,.T.);
#708=FACE_OUTER_BOUND('',#1152,.T.);
#709=FACE_OUTER_BOUND('',#1153,.T.);
#710=FACE_OUTER_BOUND('',#1154,.T.);
#711=FACE_OUTER_BOUND('',#1155,.T.);
#712=FACE_OUTER_BOUND('',#1156,.T.);
#713=FACE_OUTER_BOUND('',#1157,.T.);
#714=FACE_OUTER_BOUND('',#1158,.T.);
#715=FACE_OUTER_BOUND('',#1159,.T.);
#716=FACE_OUTER_BOUND('',#1160,.T.);
#717=FACE_OUTER_BOUND('',#1161,.T.);
#718=FACE_OUTER_BOUND('',#1162,.T.);
#719=FACE_OUTER_BOUND('',#1163,.T.);
#720=FACE_OUTER_BOUND('',#1164,.T.);
#721=FACE_OUTER_BOUND('',#1165,.T.);
#722=FACE_OUTER_BOUND('',#1166,.T.);
#723=FACE_OUTER_BOUND('',#1168,.T.);
#724=FACE_OUTER_BOUND('',#1169,.T.);
#725=FACE_OUTER_BOUND('',#1170,.T.);
#726=FACE_OUTER_BOUND('',#1171,.T.);
#727=FACE_OUTER_BOUND('',#1172,.T.);
#728=FACE_OUTER_BOUND('',#1173,.T.);
#729=FACE_OUTER_BOUND('',#1174,.T.);
#730=FACE_OUTER_BOUND('',#1175,.T.);
#731=FACE_OUTER_BOUND('',#1177,.T.);
#732=FACE_OUTER_BOUND('',#1179,.T.);
#733=FACE_OUTER_BOUND('',#1180,.T.);
#734=FACE_OUTER_BOUND('',#1181,.T.);
#735=FACE_OUTER_BOUND('',#1182,.T.);
#736=FACE_OUTER_BOUND('',#1183,.T.);
#737=FACE_OUTER_BOUND('',#1184,.T.);
#738=FACE_OUTER_BOUND('',#1185,.T.);
#739=FACE_OUTER_BOUND('',#1186,.T.);
#740=FACE_OUTER_BOUND('',#1187,.T.);
#741=FACE_OUTER_BOUND('',#1188,.T.);
#742=FACE_OUTER_BOUND('',#1189,.T.);
#743=FACE_OUTER_BOUND('',#1190,.T.);
#744=FACE_OUTER_BOUND('',#1191,.T.);
#745=FACE_OUTER_BOUND('',#1192,.T.);
#746=FACE_OUTER_BOUND('',#1193,.T.);
#747=FACE_OUTER_BOUND('',#1194,.T.);
#748=FACE_OUTER_BOUND('',#1195,.T.);
#749=FACE_OUTER_BOUND('',#1196,.T.);
#750=FACE_OUTER_BOUND('',#1197,.T.);
#751=FACE_OUTER_BOUND('',#1198,.T.);
#752=FACE_OUTER_BOUND('',#1199,.T.);
#753=FACE_OUTER_BOUND('',#1200,.T.);
#754=FACE_OUTER_BOUND('',#1201,.T.);
#755=FACE_OUTER_BOUND('',#1202,.T.);
#756=FACE_OUTER_BOUND('',#1204,.T.);
#757=FACE_OUTER_BOUND('',#1205,.T.);
#758=FACE_OUTER_BOUND('',#1206,.T.);
#759=FACE_OUTER_BOUND('',#1207,.T.);
#760=FACE_OUTER_BOUND('',#1208,.T.);
#761=FACE_OUTER_BOUND('',#1209,.T.);
#762=FACE_OUTER_BOUND('',#1210,.T.);
#763=FACE_OUTER_BOUND('',#1211,.T.);
#764=FACE_OUTER_BOUND('',#1212,.T.);
#765=FACE_OUTER_BOUND('',#1213,.T.);
#766=FACE_OUTER_BOUND('',#1214,.T.);
#767=FACE_OUTER_BOUND('',#1215,.T.);
#768=FACE_OUTER_BOUND('',#1216,.T.);
#769=FACE_OUTER_BOUND('',#1217,.T.);
#770=FACE_OUTER_BOUND('',#1218,.T.);
#771=FACE_OUTER_BOUND('',#1219,.T.);
#772=FACE_OUTER_BOUND('',#1220,.T.);
#773=FACE_OUTER_BOUND('',#1221,.T.);
#774=FACE_OUTER_BOUND('',#1222,.T.);
#775=FACE_OUTER_BOUND('',#1223,.T.);
#776=FACE_OUTER_BOUND('',#1224,.T.);
#777=FACE_OUTER_BOUND('',#1225,.T.);
#778=FACE_OUTER_BOUND('',#1226,.T.);
#779=FACE_OUTER_BOUND('',#1227,.T.);
#780=FACE_OUTER_BOUND('',#1228,.T.);
#781=FACE_OUTER_BOUND('',#1229,.T.);
#782=FACE_OUTER_BOUND('',#1230,.T.);
#783=FACE_OUTER_BOUND('',#1231,.T.);
#784=FACE_OUTER_BOUND('',#1232,.T.);
#785=FACE_OUTER_BOUND('',#1233,.T.);
#786=FACE_OUTER_BOUND('',#1234,.T.);
#787=FACE_OUTER_BOUND('',#1235,.T.);
#788=FACE_OUTER_BOUND('',#1236,.T.);
#789=FACE_OUTER_BOUND('',#1237,.T.);
#790=FACE_OUTER_BOUND('',#1238,.T.);
#791=FACE_OUTER_BOUND('',#1239,.T.);
#792=FACE_OUTER_BOUND('',#1242,.T.);
#793=FACE_OUTER_BOUND('',#1243,.T.);
#794=FACE_OUTER_BOUND('',#1244,.T.);
#795=FACE_OUTER_BOUND('',#1245,.T.);
#796=FACE_OUTER_BOUND('',#1246,.T.);
#797=FACE_OUTER_BOUND('',#1247,.T.);
#798=FACE_OUTER_BOUND('',#1248,.T.);
#799=FACE_OUTER_BOUND('',#1249,.T.);
#800=FACE_OUTER_BOUND('',#1250,.T.);
#801=FACE_OUTER_BOUND('',#1251,.T.);
#802=FACE_OUTER_BOUND('',#1252,.T.);
#803=FACE_OUTER_BOUND('',#1253,.T.);
#804=FACE_OUTER_BOUND('',#1254,.T.);
#805=FACE_OUTER_BOUND('',#1255,.T.);
#806=FACE_OUTER_BOUND('',#1256,.T.);
#807=FACE_OUTER_BOUND('',#1257,.T.);
#808=FACE_OUTER_BOUND('',#1258,.T.);
#809=FACE_OUTER_BOUND('',#1259,.T.);
#810=FACE_OUTER_BOUND('',#1260,.T.);
#811=FACE_OUTER_BOUND('',#1261,.T.);
#812=FACE_OUTER_BOUND('',#1262,.T.);
#813=FACE_OUTER_BOUND('',#1263,.T.);
#814=FACE_OUTER_BOUND('',#1264,.T.);
#815=FACE_OUTER_BOUND('',#1265,.T.);
#816=FACE_OUTER_BOUND('',#1266,.T.);
#817=FACE_OUTER_BOUND('',#1267,.T.);
#818=FACE_OUTER_BOUND('',#1268,.T.);
#819=FACE_OUTER_BOUND('',#1269,.T.);
#820=FACE_OUTER_BOUND('',#1270,.T.);
#821=FACE_OUTER_BOUND('',#1271,.T.);
#822=FACE_OUTER_BOUND('',#1272,.T.);
#823=FACE_OUTER_BOUND('',#1273,.T.);
#824=FACE_OUTER_BOUND('',#1274,.T.);
#825=FACE_OUTER_BOUND('',#1275,.T.);
#826=FACE_OUTER_BOUND('',#1276,.T.);
#827=FACE_OUTER_BOUND('',#1277,.T.);
#828=FACE_OUTER_BOUND('',#1278,.T.);
#829=FACE_OUTER_BOUND('',#1279,.T.);
#830=FACE_OUTER_BOUND('',#1280,.T.);
#831=FACE_OUTER_BOUND('',#1281,.T.);
#832=FACE_OUTER_BOUND('',#1282,.T.);
#833=FACE_OUTER_BOUND('',#1284,.T.);
#834=FACE_OUTER_BOUND('',#1286,.T.);
#835=FACE_OUTER_BOUND('',#1287,.T.);
#836=FACE_OUTER_BOUND('',#1288,.T.);
#837=FACE_OUTER_BOUND('',#1289,.T.);
#838=FACE_OUTER_BOUND('',#1290,.T.);
#839=FACE_OUTER_BOUND('',#1291,.T.);
#840=FACE_OUTER_BOUND('',#1292,.T.);
#841=FACE_OUTER_BOUND('',#1293,.T.);
#842=FACE_OUTER_BOUND('',#1294,.T.);
#843=FACE_OUTER_BOUND('',#1295,.T.);
#844=FACE_OUTER_BOUND('',#1296,.T.);
#845=FACE_OUTER_BOUND('',#1297,.T.);
#846=FACE_OUTER_BOUND('',#1298,.T.);
#847=FACE_OUTER_BOUND('',#1299,.T.);
#848=FACE_OUTER_BOUND('',#1300,.T.);
#849=FACE_OUTER_BOUND('',#1301,.T.);
#850=FACE_OUTER_BOUND('',#1302,.T.);
#851=FACE_OUTER_BOUND('',#1303,.T.);
#852=FACE_OUTER_BOUND('',#1304,.T.);
#853=FACE_OUTER_BOUND('',#1305,.T.);
#854=FACE_OUTER_BOUND('',#1306,.T.);
#855=FACE_OUTER_BOUND('',#1307,.T.);
#856=FACE_OUTER_BOUND('',#1308,.T.);
#857=FACE_OUTER_BOUND('',#1309,.T.);
#858=FACE_OUTER_BOUND('',#1310,.T.);
#859=FACE_OUTER_BOUND('',#1311,.T.);
#860=FACE_OUTER_BOUND('',#1312,.T.);
#861=FACE_OUTER_BOUND('',#1313,.T.);
#862=FACE_OUTER_BOUND('',#1314,.T.);
#863=FACE_OUTER_BOUND('',#1315,.T.);
#864=FACE_OUTER_BOUND('',#1316,.T.);
#865=FACE_OUTER_BOUND('',#1317,.T.);
#866=FACE_OUTER_BOUND('',#1318,.T.);
#867=FACE_OUTER_BOUND('',#1319,.T.);
#868=FACE_OUTER_BOUND('',#1320,.T.);
#869=FACE_OUTER_BOUND('',#1321,.T.);
#870=FACE_OUTER_BOUND('',#1322,.T.);
#871=FACE_OUTER_BOUND('',#1323,.T.);
#872=FACE_OUTER_BOUND('',#1324,.T.);
#873=FACE_OUTER_BOUND('',#1325,.T.);
#874=FACE_OUTER_BOUND('',#1326,.T.);
#875=FACE_OUTER_BOUND('',#1327,.T.);
#876=FACE_OUTER_BOUND('',#1328,.T.);
#877=FACE_OUTER_BOUND('',#1329,.T.);
#878=FACE_OUTER_BOUND('',#1330,.T.);
#879=FACE_OUTER_BOUND('',#1331,.T.);
#880=FACE_OUTER_BOUND('',#1332,.T.);
#881=FACE_OUTER_BOUND('',#1333,.T.);
#882=FACE_OUTER_BOUND('',#1334,.T.);
#883=FACE_OUTER_BOUND('',#1335,.T.);
#884=FACE_OUTER_BOUND('',#1336,.T.);
#885=FACE_OUTER_BOUND('',#1337,.T.);
#886=FACE_OUTER_BOUND('',#1338,.T.);
#887=FACE_OUTER_BOUND('',#1339,.T.);
#888=FACE_OUTER_BOUND('',#1340,.T.);
#889=FACE_OUTER_BOUND('',#1341,.T.);
#890=FACE_OUTER_BOUND('',#1342,.T.);
#891=FACE_OUTER_BOUND('',#1343,.T.);
#892=FACE_OUTER_BOUND('',#1344,.T.);
#893=FACE_OUTER_BOUND('',#1345,.T.);
#894=FACE_OUTER_BOUND('',#1346,.T.);
#895=FACE_OUTER_BOUND('',#1347,.T.);
#896=FACE_OUTER_BOUND('',#1349,.T.);
#897=FACE_OUTER_BOUND('',#1350,.T.);
#898=FACE_OUTER_BOUND('',#1380,.T.);
#899=FACE_OUTER_BOUND('',#1381,.T.);
#900=FACE_OUTER_BOUND('',#1382,.T.);
#901=FACE_OUTER_BOUND('',#1383,.T.);
#902=FACE_OUTER_BOUND('',#1384,.T.);
#903=FACE_OUTER_BOUND('',#1385,.T.);
#904=FACE_OUTER_BOUND('',#1386,.T.);
#905=FACE_OUTER_BOUND('',#1387,.T.);
#906=FACE_OUTER_BOUND('',#1388,.T.);
#907=FACE_OUTER_BOUND('',#1389,.T.);
#908=FACE_OUTER_BOUND('',#1390,.T.);
#909=FACE_OUTER_BOUND('',#1391,.T.);
#910=FACE_OUTER_BOUND('',#1393,.T.);
#911=FACE_OUTER_BOUND('',#1394,.T.);
#912=FACE_OUTER_BOUND('',#1396,.T.);
#913=FACE_OUTER_BOUND('',#1397,.T.);
#914=FACE_OUTER_BOUND('',#1398,.T.);
#915=FACE_OUTER_BOUND('',#1400,.T.);
#916=FACE_OUTER_BOUND('',#1401,.T.);
#917=FACE_OUTER_BOUND('',#1402,.T.);
#918=FACE_OUTER_BOUND('',#1403,.T.);
#919=FACE_OUTER_BOUND('',#1405,.T.);
#920=FACE_OUTER_BOUND('',#1406,.T.);
#921=FACE_OUTER_BOUND('',#1407,.T.);
#922=FACE_OUTER_BOUND('',#1408,.T.);
#923=FACE_OUTER_BOUND('',#1409,.T.);
#924=FACE_OUTER_BOUND('',#1410,.T.);
#925=FACE_OUTER_BOUND('',#1411,.T.);
#926=FACE_OUTER_BOUND('',#1412,.T.);
#927=FACE_OUTER_BOUND('',#1413,.T.);
#928=FACE_OUTER_BOUND('',#1414,.T.);
#929=FACE_OUTER_BOUND('',#1415,.T.);
#930=FACE_OUTER_BOUND('',#1416,.T.);
#931=FACE_OUTER_BOUND('',#1417,.T.);
#932=FACE_OUTER_BOUND('',#1418,.T.);
#933=FACE_OUTER_BOUND('',#1419,.T.);
#934=FACE_OUTER_BOUND('',#1420,.T.);
#935=FACE_OUTER_BOUND('',#1421,.T.);
#936=FACE_OUTER_BOUND('',#1422,.T.);
#937=FACE_OUTER_BOUND('',#1423,.T.);
#938=FACE_OUTER_BOUND('',#1424,.T.);
#939=FACE_OUTER_BOUND('',#1425,.T.);
#940=FACE_OUTER_BOUND('',#1426,.T.);
#941=FACE_OUTER_BOUND('',#1427,.T.);
#942=FACE_OUTER_BOUND('',#1428,.T.);
#943=FACE_OUTER_BOUND('',#1429,.T.);
#944=FACE_OUTER_BOUND('',#1430,.T.);
#945=FACE_OUTER_BOUND('',#1431,.T.);
#946=FACE_OUTER_BOUND('',#1432,.T.);
#947=FACE_OUTER_BOUND('',#1433,.T.);
#948=FACE_OUTER_BOUND('',#1434,.T.);
#949=FACE_OUTER_BOUND('',#1435,.T.);
#950=FACE_OUTER_BOUND('',#1436,.T.);
#951=FACE_OUTER_BOUND('',#1437,.T.);
#952=FACE_OUTER_BOUND('',#1438,.T.);
#953=FACE_OUTER_BOUND('',#1439,.T.);
#954=FACE_OUTER_BOUND('',#1440,.T.);
#955=FACE_OUTER_BOUND('',#1441,.T.);
#956=FACE_OUTER_BOUND('',#1442,.T.);
#957=FACE_OUTER_BOUND('',#1443,.T.);
#958=FACE_OUTER_BOUND('',#1444,.T.);
#959=FACE_OUTER_BOUND('',#1445,.T.);
#960=FACE_OUTER_BOUND('',#1446,.T.);
#961=FACE_OUTER_BOUND('',#1447,.T.);
#962=FACE_OUTER_BOUND('',#1448,.T.);
#963=FACE_OUTER_BOUND('',#1449,.T.);
#964=FACE_OUTER_BOUND('',#1450,.T.);
#965=FACE_OUTER_BOUND('',#1451,.T.);
#966=FACE_OUTER_BOUND('',#1452,.T.);
#967=FACE_OUTER_BOUND('',#1453,.T.);
#968=FACE_OUTER_BOUND('',#1454,.T.);
#969=FACE_OUTER_BOUND('',#1455,.T.);
#970=FACE_OUTER_BOUND('',#1456,.T.);
#971=FACE_OUTER_BOUND('',#1457,.T.);
#972=FACE_OUTER_BOUND('',#1458,.T.);
#973=FACE_OUTER_BOUND('',#1459,.T.);
#974=FACE_OUTER_BOUND('',#1460,.T.);
#975=FACE_OUTER_BOUND('',#1461,.T.);
#976=FACE_OUTER_BOUND('',#1462,.T.);
#977=FACE_OUTER_BOUND('',#1463,.T.);
#978=FACE_OUTER_BOUND('',#1464,.T.);
#979=FACE_OUTER_BOUND('',#1465,.T.);
#980=FACE_OUTER_BOUND('',#1466,.T.);
#981=FACE_OUTER_BOUND('',#1467,.T.);
#982=FACE_OUTER_BOUND('',#1468,.T.);
#983=FACE_OUTER_BOUND('',#1469,.T.);
#984=FACE_OUTER_BOUND('',#1470,.T.);
#985=FACE_OUTER_BOUND('',#1471,.T.);
#986=FACE_OUTER_BOUND('',#1472,.T.);
#987=FACE_OUTER_BOUND('',#1473,.T.);
#988=FACE_OUTER_BOUND('',#1483,.T.);
#989=FACE_OUTER_BOUND('',#1484,.T.);
#990=FACE_OUTER_BOUND('',#1485,.T.);
#991=FACE_OUTER_BOUND('',#1486,.T.);
#992=FACE_OUTER_BOUND('',#1487,.T.);
#993=FACE_OUTER_BOUND('',#1488,.T.);
#994=FACE_OUTER_BOUND('',#1489,.T.);
#995=FACE_OUTER_BOUND('',#1490,.T.);
#996=FACE_OUTER_BOUND('',#1491,.T.);
#997=FACE_OUTER_BOUND('',#1492,.T.);
#998=FACE_OUTER_BOUND('',#1493,.T.);
#999=FACE_OUTER_BOUND('',#1494,.T.);
#1000=FACE_OUTER_BOUND('',#1495,.T.);
#1001=FACE_OUTER_BOUND('',#1496,.T.);
#1002=FACE_OUTER_BOUND('',#1497,.T.);
#1003=FACE_OUTER_BOUND('',#1498,.T.);
#1004=FACE_OUTER_BOUND('',#1499,.T.);
#1005=FACE_OUTER_BOUND('',#1500,.T.);
#1006=FACE_OUTER_BOUND('',#1501,.T.);
#1007=FACE_OUTER_BOUND('',#1502,.T.);
#1008=FACE_OUTER_BOUND('',#1503,.T.);
#1009=FACE_OUTER_BOUND('',#1504,.T.);
#1010=FACE_OUTER_BOUND('',#1505,.T.);
#1011=FACE_OUTER_BOUND('',#1506,.T.);
#1012=FACE_OUTER_BOUND('',#1507,.T.);
#1013=FACE_OUTER_BOUND('',#1508,.T.);
#1014=FACE_OUTER_BOUND('',#1509,.T.);
#1015=FACE_OUTER_BOUND('',#1510,.T.);
#1016=FACE_OUTER_BOUND('',#1511,.T.);
#1017=FACE_OUTER_BOUND('',#1512,.T.);
#1018=FACE_OUTER_BOUND('',#1513,.T.);
#1019=FACE_OUTER_BOUND('',#1514,.T.);
#1020=FACE_OUTER_BOUND('',#1516,.T.);
#1021=FACE_OUTER_BOUND('',#1517,.T.);
#1022=FACE_OUTER_BOUND('',#1518,.T.);
#1023=FACE_OUTER_BOUND('',#1519,.T.);
#1024=FACE_OUTER_BOUND('',#1520,.T.);
#1025=FACE_OUTER_BOUND('',#1521,.T.);
#1026=FACE_OUTER_BOUND('',#1522,.T.);
#1027=FACE_OUTER_BOUND('',#1523,.T.);
#1028=FACE_OUTER_BOUND('',#1524,.T.);
#1029=FACE_OUTER_BOUND('',#1525,.T.);
#1030=FACE_OUTER_BOUND('',#1526,.T.);
#1031=FACE_OUTER_BOUND('',#1527,.T.);
#1032=FACE_OUTER_BOUND('',#1528,.T.);
#1033=FACE_OUTER_BOUND('',#1529,.T.);
#1034=FACE_OUTER_BOUND('',#1530,.T.);
#1035=FACE_OUTER_BOUND('',#1531,.T.);
#1036=FACE_OUTER_BOUND('',#1532,.T.);
#1037=FACE_OUTER_BOUND('',#1533,.T.);
#1038=FACE_OUTER_BOUND('',#1534,.T.);
#1039=FACE_OUTER_BOUND('',#1535,.T.);
#1040=FACE_OUTER_BOUND('',#1536,.T.);
#1041=FACE_OUTER_BOUND('',#1537,.T.);
#1042=FACE_OUTER_BOUND('',#1538,.T.);
#1043=FACE_OUTER_BOUND('',#1539,.T.);
#1044=FACE_OUTER_BOUND('',#1541,.T.);
#1045=FACE_OUTER_BOUND('',#1542,.T.);
#1046=FACE_OUTER_BOUND('',#1543,.T.);
#1047=EDGE_LOOP('',(#5185,#5186,#5187,#5188,#5189,#5190,#5191,#5192,#5193,
#5194,#5195,#5196,#5197));
#1048=EDGE_LOOP('',(#5198,#5199,#5200,#5201));
#1049=EDGE_LOOP('',(#5202,#5203,#5204,#5205));
#1050=EDGE_LOOP('',(#5206,#5207,#5208,#5209));
#1051=EDGE_LOOP('',(#5210,#5211,#5212,#5213));
#1052=EDGE_LOOP('',(#5214,#5215,#5216,#5217));
#1053=EDGE_LOOP('',(#5218,#5219,#5220,#5221));
#1054=EDGE_LOOP('',(#5222,#5223,#5224,#5225));
#1055=EDGE_LOOP('',(#5226,#5227,#5228,#5229));
#1056=EDGE_LOOP('',(#5230,#5231,#5232,#5233));
#1057=EDGE_LOOP('',(#5234,#5235,#5236,#5237));
#1058=EDGE_LOOP('',(#5238,#5239,#5240,#5241));
#1059=EDGE_LOOP('',(#5242,#5243,#5244,#5245));
#1060=EDGE_LOOP('',(#5246,#5247,#5248,#5249));
#1061=EDGE_LOOP('',(#5250));
#1062=EDGE_LOOP('',(#5251));
#1063=EDGE_LOOP('',(#5252,#5253,#5254,#5255));
#1064=EDGE_LOOP('',(#5256,#5257,#5258,#5259));
#1065=EDGE_LOOP('',(#5260,#5261,#5262,#5263));
#1066=EDGE_LOOP('',(#5264,#5265,#5266,#5267));
#1067=EDGE_LOOP('',(#5268,#5269,#5270,#5271));
#1068=EDGE_LOOP('',(#5272,#5273,#5274,#5275));
#1069=EDGE_LOOP('',(#5276,#5277,#5278,#5279));
#1070=EDGE_LOOP('',(#5280,#5281,#5282,#5283));
#1071=EDGE_LOOP('',(#5284,#5285,#5286,#5287));
#1072=EDGE_LOOP('',(#5288,#5289,#5290,#5291));
#1073=EDGE_LOOP('',(#5292,#5293,#5294,#5295));
#1074=EDGE_LOOP('',(#5296,#5297,#5298,#5299));
#1075=EDGE_LOOP('',(#5300,#5301,#5302,#5303));
#1076=EDGE_LOOP('',(#5304,#5305,#5306,#5307));
#1077=EDGE_LOOP('',(#5308,#5309,#5310,#5311));
#1078=EDGE_LOOP('',(#5312,#5313,#5314,#5315));
#1079=EDGE_LOOP('',(#5316,#5317,#5318,#5319));
#1080=EDGE_LOOP('',(#5320,#5321,#5322,#5323,#5324,#5325,#5326,#5327,#5328,
#5329,#5330,#5331,#5332,#5333,#5334));
#1081=EDGE_LOOP('',(#5335,#5336,#5337,#5338,#5339,#5340,#5341,#5342,#5343,
#5344));
#1082=EDGE_LOOP('',(#5345,#5346,#5347,#5348,#5349,#5350));
#1083=EDGE_LOOP('',(#5351,#5352,#5353,#5354));
#1084=EDGE_LOOP('',(#5355,#5356,#5357,#5358));
#1085=EDGE_LOOP('',(#5359,#5360,#5361,#5362));
#1086=EDGE_LOOP('',(#5363,#5364,#5365,#5366));
#1087=EDGE_LOOP('',(#5367,#5368,#5369,#5370));
#1088=EDGE_LOOP('',(#5371,#5372,#5373,#5374));
#1089=EDGE_LOOP('',(#5375,#5376,#5377,#5378));
#1090=EDGE_LOOP('',(#5379,#5380,#5381,#5382));
#1091=EDGE_LOOP('',(#5383,#5384,#5385,#5386));
#1092=EDGE_LOOP('',(#5387,#5388,#5389,#5390));
#1093=EDGE_LOOP('',(#5391,#5392,#5393,#5394));
#1094=EDGE_LOOP('',(#5395,#5396,#5397,#5398));
#1095=EDGE_LOOP('',(#5399,#5400,#5401,#5402));
#1096=EDGE_LOOP('',(#5403,#5404,#5405,#5406));
#1097=EDGE_LOOP('',(#5407,#5408,#5409,#5410));
#1098=EDGE_LOOP('',(#5411,#5412,#5413,#5414));
#1099=EDGE_LOOP('',(#5415,#5416,#5417,#5418));
#1100=EDGE_LOOP('',(#5419,#5420,#5421,#5422));
#1101=EDGE_LOOP('',(#5423,#5424,#5425,#5426));
#1102=EDGE_LOOP('',(#5427,#5428,#5429,#5430));
#1103=EDGE_LOOP('',(#5431,#5432,#5433,#5434));
#1104=EDGE_LOOP('',(#5435,#5436,#5437,#5438));
#1105=EDGE_LOOP('',(#5439,#5440,#5441,#5442));
#1106=EDGE_LOOP('',(#5443,#5444,#5445,#5446));
#1107=EDGE_LOOP('',(#5447,#5448,#5449,#5450));
#1108=EDGE_LOOP('',(#5451,#5452,#5453,#5454));
#1109=EDGE_LOOP('',(#5455,#5456,#5457,#5458));
#1110=EDGE_LOOP('',(#5459,#5460,#5461,#5462));
#1111=EDGE_LOOP('',(#5463,#5464,#5465,#5466));
#1112=EDGE_LOOP('',(#5467,#5468,#5469,#5470));
#1113=EDGE_LOOP('',(#5471,#5472,#5473,#5474));
#1114=EDGE_LOOP('',(#5475,#5476,#5477,#5478));
#1115=EDGE_LOOP('',(#5479,#5480,#5481,#5482,#5483,#5484,#5485,#5486,#5487,
#5488,#5489,#5490,#5491,#5492,#5493,#5494));
#1116=EDGE_LOOP('',(#5495,#5496,#5497,#5498));
#1117=EDGE_LOOP('',(#5499,#5500,#5501,#5502));
#1118=EDGE_LOOP('',(#5503,#5504,#5505,#5506));
#1119=EDGE_LOOP('',(#5507,#5508,#5509,#5510));
#1120=EDGE_LOOP('',(#5511,#5512,#5513,#5514));
#1121=EDGE_LOOP('',(#5515,#5516,#5517,#5518));
#1122=EDGE_LOOP('',(#5519,#5520,#5521,#5522));
#1123=EDGE_LOOP('',(#5523,#5524,#5525,#5526));
#1124=EDGE_LOOP('',(#5527,#5528,#5529,#5530));
#1125=EDGE_LOOP('',(#5531,#5532,#5533,#5534));
#1126=EDGE_LOOP('',(#5535,#5536,#5537,#5538));
#1127=EDGE_LOOP('',(#5539,#5540,#5541,#5542));
#1128=EDGE_LOOP('',(#5543,#5544,#5545,#5546));
#1129=EDGE_LOOP('',(#5547,#5548,#5549,#5550));
#1130=EDGE_LOOP('',(#5551,#5552,#5553,#5554,#5555,#5556,#5557,#5558,#5559));
#1131=EDGE_LOOP('',(#5560,#5561,#5562,#5563));
#1132=EDGE_LOOP('',(#5564,#5565,#5566,#5567));
#1133=EDGE_LOOP('',(#5568,#5569,#5570,#5571));
#1134=EDGE_LOOP('',(#5572,#5573,#5574,#5575));
#1135=EDGE_LOOP('',(#5576,#5577,#5578,#5579));
#1136=EDGE_LOOP('',(#5580,#5581,#5582,#5583));
#1137=EDGE_LOOP('',(#5584,#5585,#5586,#5587));
#1138=EDGE_LOOP('',(#5588));
#1139=EDGE_LOOP('',(#5589));
#1140=EDGE_LOOP('',(#5590,#5591,#5592,#5593,#5594,#5595,#5596,#5597,#5598));
#1141=EDGE_LOOP('',(#5599,#5600,#5601));
#1142=EDGE_LOOP('',(#5602,#5603,#5604,#5605));
#1143=EDGE_LOOP('',(#5606,#5607,#5608,#5609));
#1144=EDGE_LOOP('',(#5610,#5611,#5612,#5613));
#1145=EDGE_LOOP('',(#5614,#5615,#5616,#5617));
#1146=EDGE_LOOP('',(#5618,#5619,#5620,#5621));
#1147=EDGE_LOOP('',(#5622,#5623,#5624,#5625));
#1148=EDGE_LOOP('',(#5626,#5627,#5628,#5629));
#1149=EDGE_LOOP('',(#5630,#5631,#5632,#5633));
#1150=EDGE_LOOP('',(#5634,#5635,#5636,#5637));
#1151=EDGE_LOOP('',(#5638,#5639,#5640,#5641));
#1152=EDGE_LOOP('',(#5642,#5643,#5644,#5645));
#1153=EDGE_LOOP('',(#5646,#5647,#5648,#5649));
#1154=EDGE_LOOP('',(#5650,#5651,#5652,#5653));
#1155=EDGE_LOOP('',(#5654,#5655,#5656,#5657));
#1156=EDGE_LOOP('',(#5658,#5659,#5660,#5661));
#1157=EDGE_LOOP('',(#5662,#5663,#5664,#5665));
#1158=EDGE_LOOP('',(#5666,#5667,#5668,#5669));
#1159=EDGE_LOOP('',(#5670,#5671,#5672,#5673));
#1160=EDGE_LOOP('',(#5674,#5675,#5676,#5677));
#1161=EDGE_LOOP('',(#5678,#5679,#5680,#5681));
#1162=EDGE_LOOP('',(#5682,#5683,#5684,#5685));
#1163=EDGE_LOOP('',(#5686,#5687,#5688,#5689));
#1164=EDGE_LOOP('',(#5690,#5691,#5692,#5693));
#1165=EDGE_LOOP('',(#5694,#5695,#5696,#5697));
#1166=EDGE_LOOP('',(#5698,#5699,#5700,#5701,#5702,#5703,#5704,#5705,#5706,
#5707,#5708));
#1167=EDGE_LOOP('',(#5709));
#1168=EDGE_LOOP('',(#5710,#5711,#5712,#5713));
#1169=EDGE_LOOP('',(#5714,#5715,#5716,#5717));
#1170=EDGE_LOOP('',(#5718,#5719,#5720,#5721));
#1171=EDGE_LOOP('',(#5722,#5723,#5724,#5725));
#1172=EDGE_LOOP('',(#5726,#5727,#5728,#5729));
#1173=EDGE_LOOP('',(#5730,#5731,#5732,#5733));
#1174=EDGE_LOOP('',(#5734,#5735,#5736,#5737));
#1175=EDGE_LOOP('',(#5738));
#1176=EDGE_LOOP('',(#5739));
#1177=EDGE_LOOP('',(#5740,#5741,#5742,#5743,#5744,#5745,#5746,#5747));
#1178=EDGE_LOOP('',(#5748));
#1179=EDGE_LOOP('',(#5749,#5750,#5751,#5752));
#1180=EDGE_LOOP('',(#5753,#5754,#5755,#5756));
#1181=EDGE_LOOP('',(#5757,#5758,#5759,#5760));
#1182=EDGE_LOOP('',(#5761,#5762,#5763,#5764));
#1183=EDGE_LOOP('',(#5765,#5766,#5767,#5768));
#1184=EDGE_LOOP('',(#5769,#5770,#5771,#5772));
#1185=EDGE_LOOP('',(#5773,#5774,#5775,#5776));
#1186=EDGE_LOOP('',(#5777,#5778,#5779,#5780));
#1187=EDGE_LOOP('',(#5781,#5782,#5783,#5784));
#1188=EDGE_LOOP('',(#5785,#5786,#5787,#5788));
#1189=EDGE_LOOP('',(#5789,#5790,#5791,#5792));
#1190=EDGE_LOOP('',(#5793,#5794,#5795,#5796));
#1191=EDGE_LOOP('',(#5797,#5798,#5799,#5800));
#1192=EDGE_LOOP('',(#5801,#5802,#5803,#5804));
#1193=EDGE_LOOP('',(#5805,#5806,#5807,#5808));
#1194=EDGE_LOOP('',(#5809,#5810,#5811,#5812));
#1195=EDGE_LOOP('',(#5813,#5814,#5815,#5816));
#1196=EDGE_LOOP('',(#5817,#5818,#5819,#5820));
#1197=EDGE_LOOP('',(#5821,#5822,#5823,#5824));
#1198=EDGE_LOOP('',(#5825,#5826,#5827,#5828));
#1199=EDGE_LOOP('',(#5829,#5830,#5831,#5832));
#1200=EDGE_LOOP('',(#5833,#5834,#5835,#5836));
#1201=EDGE_LOOP('',(#5837,#5838,#5839,#5840));
#1202=EDGE_LOOP('',(#5841,#5842,#5843,#5844,#5845,#5846,#5847,#5848,#5849,
#5850));
#1203=EDGE_LOOP('',(#5851,#5852,#5853,#5854));
#1204=EDGE_LOOP('',(#5855,#5856,#5857,#5858,#5859,#5860,#5861,#5862,#5863,
#5864));
#1205=EDGE_LOOP('',(#5865,#5866,#5867,#5868));
#1206=EDGE_LOOP('',(#5869,#5870,#5871,#5872));
#1207=EDGE_LOOP('',(#5873,#5874,#5875,#5876));
#1208=EDGE_LOOP('',(#5877,#5878,#5879,#5880));
#1209=EDGE_LOOP('',(#5881,#5882,#5883,#5884));
#1210=EDGE_LOOP('',(#5885,#5886,#5887,#5888));
#1211=EDGE_LOOP('',(#5889,#5890,#5891,#5892));
#1212=EDGE_LOOP('',(#5893,#5894,#5895,#5896));
#1213=EDGE_LOOP('',(#5897,#5898,#5899,#5900));
#1214=EDGE_LOOP('',(#5901,#5902,#5903,#5904));
#1215=EDGE_LOOP('',(#5905,#5906,#5907,#5908));
#1216=EDGE_LOOP('',(#5909,#5910,#5911,#5912));
#1217=EDGE_LOOP('',(#5913,#5914,#5915,#5916));
#1218=EDGE_LOOP('',(#5917,#5918,#5919,#5920));
#1219=EDGE_LOOP('',(#5921,#5922,#5923,#5924));
#1220=EDGE_LOOP('',(#5925,#5926,#5927,#5928));
#1221=EDGE_LOOP('',(#5929,#5930,#5931,#5932));
#1222=EDGE_LOOP('',(#5933,#5934,#5935,#5936));
#1223=EDGE_LOOP('',(#5937,#5938,#5939,#5940));
#1224=EDGE_LOOP('',(#5941,#5942,#5943,#5944));
#1225=EDGE_LOOP('',(#5945,#5946,#5947,#5948));
#1226=EDGE_LOOP('',(#5949,#5950,#5951,#5952));
#1227=EDGE_LOOP('',(#5953,#5954,#5955,#5956));
#1228=EDGE_LOOP('',(#5957,#5958,#5959,#5960));
#1229=EDGE_LOOP('',(#5961,#5962,#5963,#5964));
#1230=EDGE_LOOP('',(#5965,#5966,#5967,#5968));
#1231=EDGE_LOOP('',(#5969,#5970,#5971,#5972));
#1232=EDGE_LOOP('',(#5973,#5974,#5975,#5976));
#1233=EDGE_LOOP('',(#5977,#5978,#5979,#5980));
#1234=EDGE_LOOP('',(#5981,#5982,#5983,#5984));
#1235=EDGE_LOOP('',(#5985,#5986,#5987,#5988));
#1236=EDGE_LOOP('',(#5989,#5990,#5991,#5992));
#1237=EDGE_LOOP('',(#5993,#5994,#5995,#5996));
#1238=EDGE_LOOP('',(#5997,#5998,#5999,#6000));
#1239=EDGE_LOOP('',(#6001,#6002,#6003,#6004,#6005,#6006,#6007,#6008,#6009,
#6010));
#1240=EDGE_LOOP('',(#6011,#6012,#6013,#6014,#6015,#6016,#6017));
#1241=EDGE_LOOP('',(#6018,#6019,#6020,#6021,#6022,#6023,#6024));
#1242=EDGE_LOOP('',(#6025,#6026,#6027,#6028,#6029,#6030,#6031,#6032,#6033,
#6034,#6035,#6036,#6037));
#1243=EDGE_LOOP('',(#6038,#6039,#6040,#6041));
#1244=EDGE_LOOP('',(#6042,#6043,#6044,#6045));
#1245=EDGE_LOOP('',(#6046,#6047,#6048,#6049));
#1246=EDGE_LOOP('',(#6050,#6051,#6052,#6053));
#1247=EDGE_LOOP('',(#6054,#6055,#6056,#6057));
#1248=EDGE_LOOP('',(#6058,#6059,#6060,#6061));
#1249=EDGE_LOOP('',(#6062,#6063,#6064,#6065));
#1250=EDGE_LOOP('',(#6066,#6067,#6068,#6069));
#1251=EDGE_LOOP('',(#6070,#6071,#6072,#6073));
#1252=EDGE_LOOP('',(#6074,#6075,#6076,#6077));
#1253=EDGE_LOOP('',(#6078,#6079,#6080,#6081));
#1254=EDGE_LOOP('',(#6082,#6083,#6084,#6085));
#1255=EDGE_LOOP('',(#6086,#6087,#6088,#6089));
#1256=EDGE_LOOP('',(#6090,#6091,#6092,#6093));
#1257=EDGE_LOOP('',(#6094,#6095,#6096,#6097));
#1258=EDGE_LOOP('',(#6098,#6099,#6100,#6101));
#1259=EDGE_LOOP('',(#6102,#6103,#6104,#6105));
#1260=EDGE_LOOP('',(#6106,#6107,#6108,#6109));
#1261=EDGE_LOOP('',(#6110,#6111,#6112,#6113));
#1262=EDGE_LOOP('',(#6114,#6115,#6116,#6117,#6118,#6119));
#1263=EDGE_LOOP('',(#6120,#6121,#6122,#6123));
#1264=EDGE_LOOP('',(#6124,#6125,#6126,#6127));
#1265=EDGE_LOOP('',(#6128,#6129,#6130,#6131));
#1266=EDGE_LOOP('',(#6132,#6133,#6134,#6135));
#1267=EDGE_LOOP('',(#6136,#6137,#6138,#6139));
#1268=EDGE_LOOP('',(#6140,#6141,#6142,#6143));
#1269=EDGE_LOOP('',(#6144,#6145,#6146,#6147));
#1270=EDGE_LOOP('',(#6148,#6149,#6150,#6151));
#1271=EDGE_LOOP('',(#6152,#6153,#6154,#6155));
#1272=EDGE_LOOP('',(#6156,#6157,#6158,#6159));
#1273=EDGE_LOOP('',(#6160,#6161,#6162,#6163));
#1274=EDGE_LOOP('',(#6164,#6165,#6166,#6167));
#1275=EDGE_LOOP('',(#6168,#6169,#6170,#6171));
#1276=EDGE_LOOP('',(#6172,#6173,#6174,#6175));
#1277=EDGE_LOOP('',(#6176,#6177,#6178,#6179));
#1278=EDGE_LOOP('',(#6180,#6181,#6182,#6183));
#1279=EDGE_LOOP('',(#6184,#6185,#6186,#6187));
#1280=EDGE_LOOP('',(#6188,#6189,#6190,#6191));
#1281=EDGE_LOOP('',(#6192,#6193,#6194,#6195));
#1282=EDGE_LOOP('',(#6196,#6197,#6198,#6199,#6200,#6201,#6202));
#1283=EDGE_LOOP('',(#6203,#6204,#6205,#6206,#6207,#6208,#6209));
#1284=EDGE_LOOP('',(#6210,#6211,#6212,#6213,#6214,#6215,#6216,#6217,#6218,
#6219,#6220,#6221,#6222,#6223));
#1285=EDGE_LOOP('',(#6224,#6225,#6226,#6227,#6228,#6229,#6230));
#1286=EDGE_LOOP('',(#6231,#6232,#6233,#6234));
#1287=EDGE_LOOP('',(#6235,#6236,#6237,#6238));
#1288=EDGE_LOOP('',(#6239,#6240,#6241,#6242));
#1289=EDGE_LOOP('',(#6243,#6244,#6245,#6246));
#1290=EDGE_LOOP('',(#6247,#6248,#6249,#6250));
#1291=EDGE_LOOP('',(#6251,#6252,#6253,#6254));
#1292=EDGE_LOOP('',(#6255,#6256,#6257,#6258));
#1293=EDGE_LOOP('',(#6259,#6260,#6261,#6262));
#1294=EDGE_LOOP('',(#6263,#6264,#6265,#6266));
#1295=EDGE_LOOP('',(#6267,#6268,#6269,#6270));
#1296=EDGE_LOOP('',(#6271,#6272,#6273,#6274));
#1297=EDGE_LOOP('',(#6275,#6276,#6277,#6278));
#1298=EDGE_LOOP('',(#6279,#6280,#6281,#6282));
#1299=EDGE_LOOP('',(#6283,#6284,#6285,#6286));
#1300=EDGE_LOOP('',(#6287,#6288,#6289,#6290));
#1301=EDGE_LOOP('',(#6291,#6292,#6293,#6294));
#1302=EDGE_LOOP('',(#6295,#6296,#6297,#6298));
#1303=EDGE_LOOP('',(#6299,#6300,#6301,#6302));
#1304=EDGE_LOOP('',(#6303,#6304,#6305,#6306));
#1305=EDGE_LOOP('',(#6307,#6308,#6309,#6310));
#1306=EDGE_LOOP('',(#6311,#6312,#6313,#6314));
#1307=EDGE_LOOP('',(#6315,#6316,#6317,#6318));
#1308=EDGE_LOOP('',(#6319,#6320,#6321,#6322));
#1309=EDGE_LOOP('',(#6323,#6324,#6325,#6326));
#1310=EDGE_LOOP('',(#6327,#6328,#6329,#6330));
#1311=EDGE_LOOP('',(#6331,#6332,#6333,#6334));
#1312=EDGE_LOOP('',(#6335,#6336,#6337,#6338,#6339,#6340,#6341,#6342,#6343,
#6344,#6345,#6346,#6347,#6348,#6349,#6350,#6351,#6352,#6353,#6354));
#1313=EDGE_LOOP('',(#6355,#6356,#6357,#6358));
#1314=EDGE_LOOP('',(#6359,#6360,#6361,#6362));
#1315=EDGE_LOOP('',(#6363,#6364,#6365,#6366));
#1316=EDGE_LOOP('',(#6367,#6368,#6369,#6370));
#1317=EDGE_LOOP('',(#6371,#6372,#6373,#6374));
#1318=EDGE_LOOP('',(#6375,#6376,#6377,#6378));
#1319=EDGE_LOOP('',(#6379,#6380,#6381,#6382));
#1320=EDGE_LOOP('',(#6383,#6384,#6385,#6386));
#1321=EDGE_LOOP('',(#6387,#6388,#6389,#6390));
#1322=EDGE_LOOP('',(#6391,#6392,#6393,#6394));
#1323=EDGE_LOOP('',(#6395,#6396,#6397,#6398));
#1324=EDGE_LOOP('',(#6399,#6400,#6401,#6402));
#1325=EDGE_LOOP('',(#6403,#6404,#6405,#6406));
#1326=EDGE_LOOP('',(#6407,#6408,#6409,#6410));
#1327=EDGE_LOOP('',(#6411,#6412,#6413,#6414));
#1328=EDGE_LOOP('',(#6415,#6416,#6417,#6418));
#1329=EDGE_LOOP('',(#6419,#6420,#6421,#6422));
#1330=EDGE_LOOP('',(#6423,#6424,#6425,#6426));
#1331=EDGE_LOOP('',(#6427,#6428,#6429,#6430));
#1332=EDGE_LOOP('',(#6431,#6432,#6433,#6434));
#1333=EDGE_LOOP('',(#6435,#6436,#6437,#6438));
#1334=EDGE_LOOP('',(#6439,#6440,#6441,#6442));
#1335=EDGE_LOOP('',(#6443,#6444,#6445,#6446));
#1336=EDGE_LOOP('',(#6447,#6448,#6449,#6450));
#1337=EDGE_LOOP('',(#6451,#6452,#6453,#6454));
#1338=EDGE_LOOP('',(#6455,#6456,#6457,#6458));
#1339=EDGE_LOOP('',(#6459,#6460,#6461,#6462));
#1340=EDGE_LOOP('',(#6463,#6464,#6465,#6466));
#1341=EDGE_LOOP('',(#6467,#6468,#6469,#6470));
#1342=EDGE_LOOP('',(#6471,#6472,#6473,#6474));
#1343=EDGE_LOOP('',(#6475,#6476,#6477,#6478));
#1344=EDGE_LOOP('',(#6479,#6480,#6481,#6482));
#1345=EDGE_LOOP('',(#6483,#6484,#6485,#6486));
#1346=EDGE_LOOP('',(#6487,#6488,#6489,#6490));
#1347=EDGE_LOOP('',(#6491,#6492,#6493,#6494,#6495,#6496,#6497,#6498,#6499,
#6500,#6501));
#1348=EDGE_LOOP('',(#6502,#6503,#6504));
#1349=EDGE_LOOP('',(#6505,#6506,#6507));
#1350=EDGE_LOOP('',(#6508,#6509,#6510,#6511));
#1351=EDGE_LOOP('',(#6512,#6513,#6514,#6515,#6516,#6517,#6518,#6519,#6520,
#6521,#6522,#6523,#6524));
#1352=EDGE_LOOP('',(#6525));
#1353=EDGE_LOOP('',(#6526,#6527,#6528,#6529,#6530,#6531,#6532,#6533,#6534,
#6535,#6536,#6537,#6538,#6539,#6540));
#1354=EDGE_LOOP('',(#6541,#6542,#6543,#6544,#6545,#6546,#6547,#6548,#6549,
#6550));
#1355=EDGE_LOOP('',(#6551,#6552,#6553,#6554,#6555,#6556,#6557,#6558,#6559,
#6560,#6561,#6562,#6563,#6564,#6565,#6566));
#1356=EDGE_LOOP('',(#6567,#6568,#6569,#6570));
#1357=EDGE_LOOP('',(#6571,#6572,#6573,#6574,#6575,#6576,#6577,#6578,#6579));
#1358=EDGE_LOOP('',(#6580,#6581,#6582,#6583));
#1359=EDGE_LOOP('',(#6584));
#1360=EDGE_LOOP('',(#6585,#6586,#6587,#6588,#6589,#6590,#6591,#6592,#6593));
#1361=EDGE_LOOP('',(#6594,#6595,#6596,#6597,#6598,#6599,#6600,#6601,#6602,
#6603,#6604));
#1362=EDGE_LOOP('',(#6605,#6606,#6607,#6608));
#1363=EDGE_LOOP('',(#6609));
#1364=EDGE_LOOP('',(#6610,#6611,#6612,#6613,#6614,#6615,#6616,#6617));
#1365=EDGE_LOOP('',(#6618,#6619,#6620,#6621,#6622,#6623,#6624,#6625,#6626,
#6627));
#1366=EDGE_LOOP('',(#6628,#6629,#6630,#6631,#6632,#6633,#6634,#6635,#6636,
#6637));
#1367=EDGE_LOOP('',(#6638,#6639,#6640,#6641,#6642,#6643,#6644,#6645,#6646,
#6647,#6648,#6649,#6650));
#1368=EDGE_LOOP('',(#6651,#6652,#6653,#6654,#6655,#6656));
#1369=EDGE_LOOP('',(#6657,#6658,#6659,#6660));
#1370=EDGE_LOOP('',(#6661,#6662,#6663,#6664,#6665,#6666,#6667));
#1371=EDGE_LOOP('',(#6668,#6669,#6670,#6671,#6672,#6673,#6674,#6675,#6676,
#6677,#6678,#6679,#6680,#6681));
#1372=EDGE_LOOP('',(#6682,#6683,#6684,#6685));
#1373=EDGE_LOOP('',(#6686,#6687,#6688,#6689,#6690,#6691,#6692,#6693,#6694,
#6695,#6696,#6697,#6698,#6699,#6700,#6701,#6702,#6703,#6704,#6705));
#1374=EDGE_LOOP('',(#6706,#6707,#6708,#6709,#6710,#6711,#6712,#6713,#6714,
#6715,#6716));
#1375=EDGE_LOOP('',(#6717,#6718,#6719,#6720,#6721,#6722,#6723,#6724,#6725,
#6726));
#1376=EDGE_LOOP('',(#6727,#6728,#6729,#6730,#6731,#6732,#6733,#6734));
#1377=EDGE_LOOP('',(#6735,#6736,#6737,#6738,#6739,#6740,#6741,#6742,#6743,
#6744));
#1378=EDGE_LOOP('',(#6745,#6746,#6747,#6748,#6749,#6750,#6751,#6752));
#1379=EDGE_LOOP('',(#6753,#6754,#6755,#6756,#6757,#6758,#6759,#6760,#6761,
#6762));
#1380=EDGE_LOOP('',(#6763,#6764,#6765,#6766,#6767,#6768,#6769));
#1381=EDGE_LOOP('',(#6770,#6771,#6772,#6773,#6774,#6775,#6776));
#1382=EDGE_LOOP('',(#6777,#6778,#6779,#6780,#6781,#6782,#6783));
#1383=EDGE_LOOP('',(#6784,#6785,#6786,#6787));
#1384=EDGE_LOOP('',(#6788,#6789,#6790,#6791,#6792,#6793,#6794));
#1385=EDGE_LOOP('',(#6795));
#1386=EDGE_LOOP('',(#6796));
#1387=EDGE_LOOP('',(#6797));
#1388=EDGE_LOOP('',(#6798));
#1389=EDGE_LOOP('',(#6799,#6800,#6801,#6802,#6803,#6804));
#1390=EDGE_LOOP('',(#6805,#6806,#6807));
#1391=EDGE_LOOP('',(#6808));
#1392=EDGE_LOOP('',(#6809,#6810,#6811,#6812,#6813,#6814,#6815,#6816,#6817,
#6818));
#1393=EDGE_LOOP('',(#6819,#6820,#6821,#6822,#6823,#6824,#6825,#6826,#6827,
#6828));
#1394=EDGE_LOOP('',(#6829,#6830,#6831,#6832,#6833,#6834,#6835,#6836));
#1395=EDGE_LOOP('',(#6837,#6838,#6839,#6840,#6841,#6842));
#1396=EDGE_LOOP('',(#6843,#6844,#6845,#6846,#6847,#6848,#6849,#6850,#6851,
#6852));
#1397=EDGE_LOOP('',(#6853,#6854,#6855,#6856,#6857,#6858));
#1398=EDGE_LOOP('',(#6859,#6860,#6861,#6862,#6863,#6864,#6865,#6866));
#1399=EDGE_LOOP('',(#6867,#6868,#6869,#6870,#6871,#6872));
#1400=EDGE_LOOP('',(#6873,#6874,#6875,#6876,#6877,#6878));
#1401=EDGE_LOOP('',(#6879,#6880,#6881,#6882));
#1402=EDGE_LOOP('',(#6883,#6884,#6885,#6886));
#1403=EDGE_LOOP('',(#6887,#6888,#6889,#6890,#6891,#6892,#6893,#6894,#6895,
#6896,#6897,#6898,#6899,#6900,#6901,#6902));
#1404=EDGE_LOOP('',(#6903,#6904,#6905,#6906,#6907,#6908,#6909,#6910,#6911,
#6912,#6913,#6914,#6915,#6916,#6917,#6918));
#1405=EDGE_LOOP('',(#6919,#6920,#6921,#6922));
#1406=EDGE_LOOP('',(#6923,#6924,#6925,#6926));
#1407=EDGE_LOOP('',(#6927,#6928,#6929,#6930));
#1408=EDGE_LOOP('',(#6931,#6932,#6933,#6934));
#1409=EDGE_LOOP('',(#6935,#6936,#6937,#6938));
#1410=EDGE_LOOP('',(#6939,#6940,#6941,#6942));
#1411=EDGE_LOOP('',(#6943,#6944,#6945,#6946));
#1412=EDGE_LOOP('',(#6947,#6948,#6949,#6950));
#1413=EDGE_LOOP('',(#6951,#6952,#6953,#6954));
#1414=EDGE_LOOP('',(#6955,#6956,#6957,#6958));
#1415=EDGE_LOOP('',(#6959,#6960,#6961,#6962,#6963,#6964));
#1416=EDGE_LOOP('',(#6965,#6966,#6967,#6968,#6969,#6970));
#1417=EDGE_LOOP('',(#6971,#6972,#6973,#6974,#6975,#6976));
#1418=EDGE_LOOP('',(#6977,#6978,#6979,#6980));
#1419=EDGE_LOOP('',(#6981,#6982,#6983,#6984));
#1420=EDGE_LOOP('',(#6985,#6986,#6987,#6988));
#1421=EDGE_LOOP('',(#6989,#6990,#6991,#6992));
#1422=EDGE_LOOP('',(#6993,#6994,#6995,#6996,#6997,#6998));
#1423=EDGE_LOOP('',(#6999,#7000,#7001,#7002,#7003,#7004));
#1424=EDGE_LOOP('',(#7005,#7006,#7007,#7008,#7009,#7010));
#1425=EDGE_LOOP('',(#7011,#7012,#7013,#7014));
#1426=EDGE_LOOP('',(#7015,#7016,#7017,#7018));
#1427=EDGE_LOOP('',(#7019,#7020,#7021,#7022));
#1428=EDGE_LOOP('',(#7023,#7024,#7025,#7026));
#1429=EDGE_LOOP('',(#7027,#7028,#7029,#7030,#7031,#7032));
#1430=EDGE_LOOP('',(#7033,#7034,#7035,#7036,#7037,#7038));
#1431=EDGE_LOOP('',(#7039,#7040,#7041,#7042,#7043,#7044));
#1432=EDGE_LOOP('',(#7045,#7046,#7047,#7048));
#1433=EDGE_LOOP('',(#7049,#7050,#7051,#7052));
#1434=EDGE_LOOP('',(#7053,#7054,#7055,#7056));
#1435=EDGE_LOOP('',(#7057,#7058,#7059,#7060));
#1436=EDGE_LOOP('',(#7061,#7062,#7063,#7064,#7065,#7066));
#1437=EDGE_LOOP('',(#7067,#7068,#7069,#7070,#7071,#7072));
#1438=EDGE_LOOP('',(#7073,#7074,#7075,#7076,#7077,#7078));
#1439=EDGE_LOOP('',(#7079,#7080,#7081,#7082));
#1440=EDGE_LOOP('',(#7083,#7084,#7085,#7086));
#1441=EDGE_LOOP('',(#7087,#7088,#7089,#7090));
#1442=EDGE_LOOP('',(#7091,#7092,#7093,#7094));
#1443=EDGE_LOOP('',(#7095,#7096,#7097,#7098));
#1444=EDGE_LOOP('',(#7099,#7100,#7101,#7102));
#1445=EDGE_LOOP('',(#7103,#7104,#7105,#7106));
#1446=EDGE_LOOP('',(#7107,#7108,#7109,#7110));
#1447=EDGE_LOOP('',(#7111,#7112,#7113,#7114));
#1448=EDGE_LOOP('',(#7115,#7116,#7117,#7118,#7119));
#1449=EDGE_LOOP('',(#7120));
#1450=EDGE_LOOP('',(#7121,#7122,#7123,#7124));
#1451=EDGE_LOOP('',(#7125,#7126,#7127,#7128,#7129,#7130,#7131,#7132,#7133,
#7134));
#1452=EDGE_LOOP('',(#7135,#7136,#7137,#7138,#7139,#7140,#7141,#7142));
#1453=EDGE_LOOP('',(#7143,#7144,#7145,#7146));
#1454=EDGE_LOOP('',(#7147,#7148,#7149,#7150,#7151,#7152,#7153,#7154,#7155,
#7156));
#1455=EDGE_LOOP('',(#7157,#7158,#7159,#7160,#7161,#7162,#7163,#7164,#7165,
#7166,#7167,#7168,#7169,#7170,#7171,#7172,#7173,#7174,#7175,#7176,#7177,
#7178,#7179,#7180));
#1456=EDGE_LOOP('',(#7181,#7182,#7183,#7184));
#1457=EDGE_LOOP('',(#7185,#7186,#7187,#7188,#7189,#7190,#7191,#7192,#7193,
#7194,#7195,#7196));
#1458=EDGE_LOOP('',(#7197,#7198,#7199,#7200));
#1459=EDGE_LOOP('',(#7201,#7202,#7203));
#1460=EDGE_LOOP('',(#7204,#7205,#7206,#7207));
#1461=EDGE_LOOP('',(#7208,#7209,#7210));
#1462=EDGE_LOOP('',(#7211,#7212,#7213,#7214));
#1463=EDGE_LOOP('',(#7215,#7216,#7217));
#1464=EDGE_LOOP('',(#7218,#7219,#7220,#7221));
#1465=EDGE_LOOP('',(#7222,#7223,#7224,#7225));
#1466=EDGE_LOOP('',(#7226,#7227,#7228));
#1467=EDGE_LOOP('',(#7229,#7230,#7231,#7232));
#1468=EDGE_LOOP('',(#7233,#7234,#7235,#7236));
#1469=EDGE_LOOP('',(#7237,#7238,#7239,#7240));
#1470=EDGE_LOOP('',(#7241,#7242,#7243,#7244));
#1471=EDGE_LOOP('',(#7245,#7246,#7247,#7248));
#1472=EDGE_LOOP('',(#7249,#7250,#7251,#7252));
#1473=EDGE_LOOP('',(#7253,#7254,#7255,#7256));
#1474=EDGE_LOOP('',(#7257));
#1475=EDGE_LOOP('',(#7258));
#1476=EDGE_LOOP('',(#7259));
#1477=EDGE_LOOP('',(#7260));
#1478=EDGE_LOOP('',(#7261));
#1479=EDGE_LOOP('',(#7262));
#1480=EDGE_LOOP('',(#7263));
#1481=EDGE_LOOP('',(#7264));
#1482=EDGE_LOOP('',(#7265));
#1483=EDGE_LOOP('',(#7266,#7267,#7268,#7269));
#1484=EDGE_LOOP('',(#7270,#7271,#7272,#7273));
#1485=EDGE_LOOP('',(#7274,#7275,#7276,#7277));
#1486=EDGE_LOOP('',(#7278,#7279,#7280,#7281));
#1487=EDGE_LOOP('',(#7282,#7283,#7284,#7285));
#1488=EDGE_LOOP('',(#7286,#7287,#7288,#7289));
#1489=EDGE_LOOP('',(#7290,#7291,#7292,#7293));
#1490=EDGE_LOOP('',(#7294,#7295,#7296,#7297));
#1491=EDGE_LOOP('',(#7298,#7299,#7300));
#1492=EDGE_LOOP('',(#7301,#7302,#7303,#7304));
#1493=EDGE_LOOP('',(#7305,#7306,#7307));
#1494=EDGE_LOOP('',(#7308,#7309,#7310,#7311));
#1495=EDGE_LOOP('',(#7312,#7313,#7314));
#1496=EDGE_LOOP('',(#7315,#7316,#7317,#7318));
#1497=EDGE_LOOP('',(#7319,#7320,#7321));
#1498=EDGE_LOOP('',(#7322,#7323,#7324,#7325));
#1499=EDGE_LOOP('',(#7326,#7327,#7328));
#1500=EDGE_LOOP('',(#7329,#7330,#7331,#7332));
#1501=EDGE_LOOP('',(#7333,#7334,#7335));
#1502=EDGE_LOOP('',(#7336,#7337,#7338,#7339));
#1503=EDGE_LOOP('',(#7340,#7341,#7342));
#1504=EDGE_LOOP('',(#7343,#7344,#7345,#7346));
#1505=EDGE_LOOP('',(#7347,#7348,#7349));
#1506=EDGE_LOOP('',(#7350,#7351,#7352,#7353));
#1507=EDGE_LOOP('',(#7354,#7355,#7356,#7357));
#1508=EDGE_LOOP('',(#7358));
#1509=EDGE_LOOP('',(#7359,#7360,#7361,#7362));
#1510=EDGE_LOOP('',(#7363,#7364,#7365,#7366,#7367));
#1511=EDGE_LOOP('',(#7368,#7369,#7370,#7371,#7372));
#1512=EDGE_LOOP('',(#7373,#7374,#7375,#7376));
#1513=EDGE_LOOP('',(#7377,#7378,#7379,#7380,#7381));
#1514=EDGE_LOOP('',(#7382,#7383,#7384,#7385,#7386));
#1515=EDGE_LOOP('',(#7387));
#1516=EDGE_LOOP('',(#7388,#7389,#7390,#7391));
#1517=EDGE_LOOP('',(#7392,#7393,#7394,#7395));
#1518=EDGE_LOOP('',(#7396,#7397,#7398,#7399));
#1519=EDGE_LOOP('',(#7400,#7401,#7402,#7403,#7404,#7405));
#1520=EDGE_LOOP('',(#7406,#7407,#7408,#7409));
#1521=EDGE_LOOP('',(#7410,#7411,#7412,#7413,#7414));
#1522=EDGE_LOOP('',(#7415,#7416,#7417,#7418));
#1523=EDGE_LOOP('',(#7419,#7420,#7421,#7422));
#1524=EDGE_LOOP('',(#7423,#7424,#7425,#7426));
#1525=EDGE_LOOP('',(#7427,#7428,#7429,#7430));
#1526=EDGE_LOOP('',(#7431,#7432,#7433,#7434));
#1527=EDGE_LOOP('',(#7435,#7436,#7437,#7438));
#1528=EDGE_LOOP('',(#7439,#7440,#7441,#7442));
#1529=EDGE_LOOP('',(#7443,#7444,#7445,#7446));
#1530=EDGE_LOOP('',(#7447,#7448,#7449,#7450));
#1531=EDGE_LOOP('',(#7451,#7452,#7453,#7454,#7455,#7456,#7457,#7458,#7459,
#7460,#7461,#7462,#7463,#7464,#7465,#7466));
#1532=EDGE_LOOP('',(#7467,#7468,#7469,#7470));
#1533=EDGE_LOOP('',(#7471,#7472,#7473,#7474));
#1534=EDGE_LOOP('',(#7475,#7476,#7477,#7478));
#1535=EDGE_LOOP('',(#7479,#7480,#7481,#7482,#7483,#7484,#7485,#7486));
#1536=EDGE_LOOP('',(#7487,#7488,#7489,#7490,#7491,#7492,#7493,#7494));
#1537=EDGE_LOOP('',(#7495,#7496,#7497,#7498,#7499,#7500,#7501,#7502));
#1538=EDGE_LOOP('',(#7503,#7504,#7505,#7506));
#1539=EDGE_LOOP('',(#7507,#7508,#7509,#7510,#7511,#7512,#7513,#7514));
#1540=EDGE_LOOP('',(#7515,#7516,#7517,#7518,#7519,#7520,#7521,#7522,#7523,
#7524,#7525,#7526,#7527,#7528));
#1541=EDGE_LOOP('',(#7529,#7530,#7531,#7532,#7533,#7534,#7535,#7536,#7537,
#7538));
#1542=EDGE_LOOP('',(#7539,#7540,#7541,#7542,#7543,#7544,#7545,#7546,#7547,
#7548));
#1543=EDGE_LOOP('',(#7549,#7550,#7551,#7552));
#1544=LINE('',#10470,#2371);
#1545=LINE('',#10472,#2372);
#1546=LINE('',#10474,#2373);
#1547=LINE('',#10476,#2374);
#1548=LINE('',#10478,#2375);
#1549=LINE('',#10480,#2376);
#1550=LINE('',#10482,#2377);
#1551=LINE('',#10484,#2378);
#1552=LINE('',#10486,#2379);
#1553=LINE('',#10488,#2380);
#1554=LINE('',#10490,#2381);
#1555=LINE('',#10492,#2382);
#1556=LINE('',#10493,#2383);
#1557=LINE('',#10497,#2384);
#1558=LINE('',#10498,#2385);
#1559=LINE('',#10499,#2386);
#1560=LINE('',#10502,#2387);
#1561=LINE('',#10503,#2388);
#1562=LINE('',#10506,#2389);
#1563=LINE('',#10507,#2390);
#1564=LINE('',#10510,#2391);
#1565=LINE('',#10511,#2392);
#1566=LINE('',#10514,#2393);
#1567=LINE('',#10515,#2394);
#1568=LINE('',#10518,#2395);
#1569=LINE('',#10519,#2396);
#1570=LINE('',#10522,#2397);
#1571=LINE('',#10523,#2398);
#1572=LINE('',#10526,#2399);
#1573=LINE('',#10527,#2400);
#1574=LINE('',#10530,#2401);
#1575=LINE('',#10531,#2402);
#1576=LINE('',#10534,#2403);
#1577=LINE('',#10535,#2404);
#1578=LINE('',#10538,#2405);
#1579=LINE('',#10539,#2406);
#1580=LINE('',#10542,#2407);
#1581=LINE('',#10543,#2408);
#1582=LINE('',#10545,#2409);
#1583=LINE('',#10615,#2410);
#1584=LINE('',#10656,#2411);
#1585=LINE('',#10660,#2412);
#1586=LINE('',#10662,#2413);
#1587=LINE('',#10664,#2414);
#1588=LINE('',#10665,#2415);
#1589=LINE('',#10668,#2416);
#1590=LINE('',#10670,#2417);
#1591=LINE('',#10671,#2418);
#1592=LINE('',#10674,#2419);
#1593=LINE('',#10676,#2420);
#1594=LINE('',#10677,#2421);
#1595=LINE('',#10701,#2422);
#1596=LINE('',#10711,#2423);
#1597=LINE('',#10713,#2424);
#1598=LINE('',#10714,#2425);
#1599=LINE('',#10717,#2426);
#1600=LINE('',#10719,#2427);
#1601=LINE('',#10720,#2428);
#1602=LINE('',#10735,#2429);
#1603=LINE('',#10742,#2430);
#1604=LINE('',#10744,#2431);
#1605=LINE('',#10745,#2432);
#1606=LINE('',#10748,#2433);
#1607=LINE('',#10750,#2434);
#1608=LINE('',#10751,#2435);
#1609=LINE('',#10754,#2436);
#1610=LINE('',#10756,#2437);
#1611=LINE('',#10757,#2438);
#1612=LINE('',#10760,#2439);
#1613=LINE('',#10762,#2440);
#1614=LINE('',#10763,#2441);
#1615=LINE('',#10766,#2442);
#1616=LINE('',#10768,#2443);
#1617=LINE('',#10769,#2444);
#1618=LINE('',#10772,#2445);
#1619=LINE('',#10774,#2446);
#1620=LINE('',#10775,#2447);
#1621=LINE('',#10778,#2448);
#1622=LINE('',#10780,#2449);
#1623=LINE('',#10781,#2450);
#1624=LINE('',#10783,#2451);
#1625=LINE('',#10784,#2452);
#1626=LINE('',#10885,#2453);
#1627=LINE('',#10886,#2454);
#1628=LINE('',#10900,#2455);
#1629=LINE('',#10914,#2456);
#1630=LINE('',#10928,#2457);
#1631=LINE('',#10942,#2458);
#1632=LINE('',#10957,#2459);
#1633=LINE('',#10958,#2460);
#1634=LINE('',#10972,#2461);
#1635=LINE('',#10986,#2462);
#1636=LINE('',#11000,#2463);
#1637=LINE('',#11014,#2464);
#1638=LINE('',#11028,#2465);
#1639=LINE('',#11042,#2466);
#1640=LINE('',#11068,#2467);
#1641=LINE('',#11082,#2468);
#1642=LINE('',#11098,#2469);
#1643=LINE('',#11100,#2470);
#1644=LINE('',#11102,#2471);
#1645=LINE('',#11103,#2472);
#1646=LINE('',#11106,#2473);
#1647=LINE('',#11108,#2474);
#1648=LINE('',#11109,#2475);
#1649=LINE('',#11112,#2476);
#1650=LINE('',#11114,#2477);
#1651=LINE('',#11115,#2478);
#1652=LINE('',#11118,#2479);
#1653=LINE('',#11120,#2480);
#1654=LINE('',#11121,#2481);
#1655=LINE('',#11124,#2482);
#1656=LINE('',#11126,#2483);
#1657=LINE('',#11127,#2484);
#1658=LINE('',#11151,#2485);
#1659=LINE('',#11161,#2486);
#1660=LINE('',#11163,#2487);
#1661=LINE('',#11164,#2488);
#1662=LINE('',#11167,#2489);
#1663=LINE('',#11169,#2490);
#1664=LINE('',#11170,#2491);
#1665=LINE('',#11173,#2492);
#1666=LINE('',#11175,#2493);
#1667=LINE('',#11176,#2494);
#1668=LINE('',#11200,#2495);
#1669=LINE('',#11210,#2496);
#1670=LINE('',#11212,#2497);
#1671=LINE('',#11213,#2498);
#1672=LINE('',#11216,#2499);
#1673=LINE('',#11218,#2500);
#1674=LINE('',#11219,#2501);
#1675=LINE('',#11222,#2502);
#1676=LINE('',#11224,#2503);
#1677=LINE('',#11225,#2504);
#1678=LINE('',#11249,#2505);
#1679=LINE('',#11280,#2506);
#1680=LINE('',#11289,#2507);
#1681=LINE('',#11290,#2508);
#1682=LINE('',#11295,#2509);
#1683=LINE('',#11297,#2510);
#1684=LINE('',#11299,#2511);
#1685=LINE('',#11300,#2512);
#1686=LINE('',#11304,#2513);
#1687=LINE('',#11305,#2514);
#1688=LINE('',#11306,#2515);
#1689=LINE('',#11309,#2516);
#1690=LINE('',#11310,#2517);
#1691=LINE('',#11313,#2518);
#1692=LINE('',#11314,#2519);
#1693=LINE('',#11316,#2520);
#1694=LINE('',#11320,#2521);
#1695=LINE('',#11322,#2522);
#1696=LINE('',#11324,#2523);
#1697=LINE('',#11325,#2524);
#1698=LINE('',#11340,#2525);
#1699=LINE('',#11377,#2526);
#1700=LINE('',#11390,#2527);
#1701=LINE('',#11392,#2528);
#1702=LINE('',#11393,#2529);
#1703=LINE('',#11426,#2530);
#1704=LINE('',#11439,#2531);
#1705=LINE('',#11441,#2532);
#1706=LINE('',#11442,#2533);
#1707=LINE('',#11475,#2534);
#1708=LINE('',#11488,#2535);
#1709=LINE('',#11490,#2536);
#1710=LINE('',#11491,#2537);
#1711=LINE('',#11536,#2538);
#1712=LINE('',#11538,#2539);
#1713=LINE('',#11540,#2540);
#1714=LINE('',#11541,#2541);
#1715=LINE('',#11545,#2542);
#1716=LINE('',#11546,#2543);
#1717=LINE('',#11547,#2544);
#1718=LINE('',#11550,#2545);
#1719=LINE('',#11551,#2546);
#1720=LINE('',#11554,#2547);
#1721=LINE('',#11555,#2548);
#1722=LINE('',#11557,#2549);
#1723=LINE('',#11599,#2550);
#1724=LINE('',#11654,#2551);
#1725=LINE('',#11672,#2552);
#1726=LINE('',#11682,#2553);
#1727=LINE('',#11695,#2554);
#1728=LINE('',#11716,#2555);
#1729=LINE('',#11726,#2556);
#1730=LINE('',#11774,#2557);
#1731=LINE('',#11775,#2558);
#1732=LINE('',#11778,#2559);
#1733=LINE('',#11779,#2560);
#1734=LINE('',#11783,#2561);
#1735=LINE('',#11784,#2562);
#1736=LINE('',#11785,#2563);
#1737=LINE('',#11817,#2564);
#1738=LINE('',#11820,#2565);
#1739=LINE('',#11821,#2566);
#1740=LINE('',#11844,#2567);
#1741=LINE('',#11847,#2568);
#1742=LINE('',#11848,#2569);
#1743=LINE('',#11883,#2570);
#1744=LINE('',#11886,#2571);
#1745=LINE('',#11887,#2572);
#1746=LINE('',#11910,#2573);
#1747=LINE('',#11944,#2574);
#1748=LINE('',#11946,#2575);
#1749=LINE('',#11948,#2576);
#1750=LINE('',#11949,#2577);
#1751=LINE('',#11952,#2578);
#1752=LINE('',#11954,#2579);
#1753=LINE('',#11955,#2580);
#1754=LINE('',#11979,#2581);
#1755=LINE('',#11989,#2582);
#1756=LINE('',#11991,#2583);
#1757=LINE('',#11992,#2584);
#1758=LINE('',#12016,#2585);
#1759=LINE('',#12026,#2586);
#1760=LINE('',#12028,#2587);
#1761=LINE('',#12029,#2588);
#1762=LINE('',#12032,#2589);
#1763=LINE('',#12034,#2590);
#1764=LINE('',#12035,#2591);
#1765=LINE('',#12038,#2592);
#1766=LINE('',#12040,#2593);
#1767=LINE('',#12041,#2594);
#1768=LINE('',#12044,#2595);
#1769=LINE('',#12046,#2596);
#1770=LINE('',#12047,#2597);
#1771=LINE('',#12089,#2598);
#1772=LINE('',#12104,#2599);
#1773=LINE('',#12105,#2600);
#1774=LINE('',#12147,#2601);
#1775=LINE('',#12170,#2602);
#1776=LINE('',#12179,#2603);
#1777=LINE('',#12183,#2604);
#1778=LINE('',#12184,#2605);
#1779=LINE('',#12185,#2606);
#1780=LINE('',#12199,#2607);
#1781=LINE('',#12202,#2608);
#1782=LINE('',#12203,#2609);
#1783=LINE('',#12266,#2610);
#1784=LINE('',#12321,#2611);
#1785=LINE('',#12339,#2612);
#1786=LINE('',#12341,#2613);
#1787=LINE('',#12357,#2614);
#1788=LINE('',#12359,#2615);
#1789=LINE('',#12361,#2616);
#1790=LINE('',#12363,#2617);
#1791=LINE('',#12364,#2618);
#1792=LINE('',#12419,#2619);
#1793=LINE('',#12423,#2620);
#1794=LINE('',#12424,#2621);
#1795=LINE('',#12425,#2622);
#1796=LINE('',#12466,#2623);
#1797=LINE('',#12469,#2624);
#1798=LINE('',#12470,#2625);
#1799=LINE('',#12473,#2626);
#1800=LINE('',#12474,#2627);
#1801=LINE('',#12477,#2628);
#1802=LINE('',#12478,#2629);
#1803=LINE('',#12481,#2630);
#1804=LINE('',#12482,#2631);
#1805=LINE('',#12485,#2632);
#1806=LINE('',#12486,#2633);
#1807=LINE('',#12488,#2634);
#1808=LINE('',#12492,#2635);
#1809=LINE('',#12494,#2636);
#1810=LINE('',#12496,#2637);
#1811=LINE('',#12497,#2638);
#1812=LINE('',#12500,#2639);
#1813=LINE('',#12502,#2640);
#1814=LINE('',#12503,#2641);
#1815=LINE('',#12506,#2642);
#1816=LINE('',#12508,#2643);
#1817=LINE('',#12509,#2644);
#1818=LINE('',#12512,#2645);
#1819=LINE('',#12514,#2646);
#1820=LINE('',#12515,#2647);
#1821=LINE('',#12518,#2648);
#1822=LINE('',#12520,#2649);
#1823=LINE('',#12521,#2650);
#1824=LINE('',#12525,#2651);
#1825=LINE('',#12527,#2652);
#1826=LINE('',#12529,#2653);
#1827=LINE('',#12530,#2654);
#1828=LINE('',#12561,#2655);
#1829=LINE('',#12564,#2656);
#1830=LINE('',#12566,#2657);
#1831=LINE('',#12567,#2658);
#1832=LINE('',#12570,#2659);
#1833=LINE('',#12572,#2660);
#1834=LINE('',#12573,#2661);
#1835=LINE('',#12597,#2662);
#1836=LINE('',#12619,#2663);
#1837=LINE('',#12625,#2664);
#1838=LINE('',#12626,#2665);
#1839=LINE('',#12629,#2666);
#1840=LINE('',#12631,#2667);
#1841=LINE('',#12632,#2668);
#1842=LINE('',#12634,#2669);
#1843=LINE('',#12635,#2670);
#1844=LINE('',#12640,#2671);
#1845=LINE('',#12642,#2672);
#1846=LINE('',#12644,#2673);
#1847=LINE('',#12646,#2674);
#1848=LINE('',#12648,#2675);
#1849=LINE('',#12650,#2676);
#1850=LINE('',#12652,#2677);
#1851=LINE('',#12654,#2678);
#1852=LINE('',#12656,#2679);
#1853=LINE('',#12657,#2680);
#1854=LINE('',#12661,#2681);
#1855=LINE('',#12662,#2682);
#1856=LINE('',#12663,#2683);
#1857=LINE('',#12666,#2684);
#1858=LINE('',#12667,#2685);
#1859=LINE('',#12670,#2686);
#1860=LINE('',#12671,#2687);
#1861=LINE('',#12674,#2688);
#1862=LINE('',#12675,#2689);
#1863=LINE('',#12678,#2690);
#1864=LINE('',#12679,#2691);
#1865=LINE('',#12682,#2692);
#1866=LINE('',#12683,#2693);
#1867=LINE('',#12686,#2694);
#1868=LINE('',#12687,#2695);
#1869=LINE('',#12690,#2696);
#1870=LINE('',#12691,#2697);
#1871=LINE('',#12694,#2698);
#1872=LINE('',#12695,#2699);
#1873=LINE('',#12697,#2700);
#1874=LINE('',#12713,#2701);
#1875=LINE('',#12722,#2702);
#1876=LINE('',#12737,#2703);
#1877=LINE('',#12747,#2704);
#1878=LINE('',#12749,#2705);
#1879=LINE('',#12750,#2706);
#1880=LINE('',#12753,#2707);
#1881=LINE('',#12755,#2708);
#1882=LINE('',#12756,#2709);
#1883=LINE('',#12759,#2710);
#1884=LINE('',#12761,#2711);
#1885=LINE('',#12762,#2712);
#1886=LINE('',#12778,#2713);
#1887=LINE('',#12787,#2714);
#1888=LINE('',#12809,#2715);
#1889=LINE('',#12812,#2716);
#1890=LINE('',#12814,#2717);
#1891=LINE('',#12815,#2718);
#1892=LINE('',#12831,#2719);
#1893=LINE('',#12840,#2720);
#1894=LINE('',#12862,#2721);
#1895=LINE('',#12865,#2722);
#1896=LINE('',#12867,#2723);
#1897=LINE('',#12868,#2724);
#1898=LINE('',#12883,#2725);
#1899=LINE('',#12905,#2726);
#1900=LINE('',#12927,#2727);
#1901=LINE('',#12937,#2728);
#1902=LINE('',#12939,#2729);
#1903=LINE('',#12940,#2730);
#1904=LINE('',#12974,#2731);
#1905=LINE('',#12996,#2732);
#1906=LINE('',#13006,#2733);
#1907=LINE('',#13008,#2734);
#1908=LINE('',#13009,#2735);
#1909=LINE('',#13011,#2736);
#1910=LINE('',#13012,#2737);
#1911=LINE('',#13027,#2738);
#1912=LINE('',#13049,#2739);
#1913=LINE('',#13059,#2740);
#1914=LINE('',#13061,#2741);
#1915=LINE('',#13062,#2742);
#1916=LINE('',#13064,#2743);
#1917=LINE('',#13065,#2744);
#1918=LINE('',#13070,#2745);
#1919=LINE('',#13072,#2746);
#1920=LINE('',#13074,#2747);
#1921=LINE('',#13076,#2748);
#1922=LINE('',#13078,#2749);
#1923=LINE('',#13080,#2750);
#1924=LINE('',#13082,#2751);
#1925=LINE('',#13084,#2752);
#1926=LINE('',#13086,#2753);
#1927=LINE('',#13088,#2754);
#1928=LINE('',#13090,#2755);
#1929=LINE('',#13092,#2756);
#1930=LINE('',#13093,#2757);
#1931=LINE('',#13097,#2758);
#1932=LINE('',#13098,#2759);
#1933=LINE('',#13099,#2760);
#1934=LINE('',#13102,#2761);
#1935=LINE('',#13103,#2762);
#1936=LINE('',#13106,#2763);
#1937=LINE('',#13107,#2764);
#1938=LINE('',#13110,#2765);
#1939=LINE('',#13111,#2766);
#1940=LINE('',#13114,#2767);
#1941=LINE('',#13115,#2768);
#1942=LINE('',#13118,#2769);
#1943=LINE('',#13119,#2770);
#1944=LINE('',#13122,#2771);
#1945=LINE('',#13123,#2772);
#1946=LINE('',#13126,#2773);
#1947=LINE('',#13127,#2774);
#1948=LINE('',#13130,#2775);
#1949=LINE('',#13131,#2776);
#1950=LINE('',#13134,#2777);
#1951=LINE('',#13135,#2778);
#1952=LINE('',#13138,#2779);
#1953=LINE('',#13139,#2780);
#1954=LINE('',#13142,#2781);
#1955=LINE('',#13143,#2782);
#1956=LINE('',#13145,#2783);
#1957=LINE('',#13149,#2784);
#1958=LINE('',#13151,#2785);
#1959=LINE('',#13153,#2786);
#1960=LINE('',#13154,#2787);
#1961=LINE('',#13157,#2788);
#1962=LINE('',#13159,#2789);
#1963=LINE('',#13160,#2790);
#1964=LINE('',#13163,#2791);
#1965=LINE('',#13165,#2792);
#1966=LINE('',#13166,#2793);
#1967=LINE('',#13169,#2794);
#1968=LINE('',#13171,#2795);
#1969=LINE('',#13172,#2796);
#1970=LINE('',#13175,#2797);
#1971=LINE('',#13177,#2798);
#1972=LINE('',#13178,#2799);
#1973=LINE('',#13180,#2800);
#1974=LINE('',#13181,#2801);
#1975=LINE('',#13186,#2802);
#1976=LINE('',#13188,#2803);
#1977=LINE('',#13190,#2804);
#1978=LINE('',#13191,#2805);
#1979=LINE('',#13195,#2806);
#1980=LINE('',#13196,#2807);
#1981=LINE('',#13197,#2808);
#1982=LINE('',#13200,#2809);
#1983=LINE('',#13201,#2810);
#1984=LINE('',#13204,#2811);
#1985=LINE('',#13205,#2812);
#1986=LINE('',#13207,#2813);
#1987=LINE('',#13211,#2814);
#1988=LINE('',#13213,#2815);
#1989=LINE('',#13215,#2816);
#1990=LINE('',#13216,#2817);
#1991=LINE('',#13219,#2818);
#1992=LINE('',#13221,#2819);
#1993=LINE('',#13222,#2820);
#1994=LINE('',#13225,#2821);
#1995=LINE('',#13227,#2822);
#1996=LINE('',#13228,#2823);
#1997=LINE('',#13244,#2824);
#1998=LINE('',#13253,#2825);
#1999=LINE('',#13275,#2826);
#2000=LINE('',#13278,#2827);
#2001=LINE('',#13280,#2828);
#2002=LINE('',#13281,#2829);
#2003=LINE('',#13296,#2830);
#2004=LINE('',#13318,#2831);
#2005=LINE('',#13340,#2832);
#2006=LINE('',#13381,#2833);
#2007=LINE('',#13403,#2834);
#2008=LINE('',#13413,#2835);
#2009=LINE('',#13415,#2836);
#2010=LINE('',#13416,#2837);
#2011=LINE('',#13418,#2838);
#2012=LINE('',#13419,#2839);
#2013=LINE('',#13480,#2840);
#2014=LINE('',#13482,#2841);
#2015=LINE('',#13592,#2842);
#2016=LINE('',#13593,#2843);
#2017=LINE('',#13607,#2844);
#2018=LINE('',#13621,#2845);
#2019=LINE('',#13635,#2846);
#2020=LINE('',#13650,#2847);
#2021=LINE('',#13651,#2848);
#2022=LINE('',#13665,#2849);
#2023=LINE('',#13679,#2850);
#2024=LINE('',#13693,#2851);
#2025=LINE('',#13707,#2852);
#2026=LINE('',#13721,#2853);
#2027=LINE('',#13735,#2854);
#2028=LINE('',#13749,#2855);
#2029=LINE('',#13763,#2856);
#2030=LINE('',#13789,#2857);
#2031=LINE('',#13803,#2858);
#2032=LINE('',#13817,#2859);
#2033=LINE('',#13831,#2860);
#2034=LINE('',#13845,#2861);
#2035=LINE('',#13848,#2862);
#2036=LINE('',#13849,#2863);
#2037=LINE('',#13851,#2864);
#2038=LINE('',#13855,#2865);
#2039=LINE('',#13857,#2866);
#2040=LINE('',#13859,#2867);
#2041=LINE('',#13860,#2868);
#2042=LINE('',#13863,#2869);
#2043=LINE('',#13865,#2870);
#2044=LINE('',#13866,#2871);
#2045=LINE('',#13869,#2872);
#2046=LINE('',#13871,#2873);
#2047=LINE('',#13872,#2874);
#2048=LINE('',#13874,#2875);
#2049=LINE('',#13875,#2876);
#2050=LINE('',#13920,#2877);
#2051=LINE('',#13922,#2878);
#2052=LINE('',#13924,#2879);
#2053=LINE('',#13926,#2880);
#2054=LINE('',#13928,#2881);
#2055=LINE('',#13986,#2882);
#2056=LINE('',#13988,#2883);
#2057=LINE('',#13999,#2884);
#2058=LINE('',#14000,#2885);
#2059=LINE('',#14001,#2886);
#2060=LINE('',#14004,#2887);
#2061=LINE('',#14005,#2888);
#2062=LINE('',#14008,#2889);
#2063=LINE('',#14009,#2890);
#2064=LINE('',#14012,#2891);
#2065=LINE('',#14013,#2892);
#2066=LINE('',#14016,#2893);
#2067=LINE('',#14017,#2894);
#2068=LINE('',#14031,#2895);
#2069=LINE('',#14045,#2896);
#2070=LINE('',#14059,#2897);
#2071=LINE('',#14073,#2898);
#2072=LINE('',#14087,#2899);
#2073=LINE('',#14101,#2900);
#2074=LINE('',#14104,#2901);
#2075=LINE('',#14105,#2902);
#2076=LINE('',#14108,#2903);
#2077=LINE('',#14109,#2904);
#2078=LINE('',#14123,#2905);
#2079=LINE('',#14137,#2906);
#2080=LINE('',#14151,#2907);
#2081=LINE('',#14165,#2908);
#2082=LINE('',#14179,#2909);
#2083=LINE('',#14193,#2910);
#2084=LINE('',#14209,#2911);
#2085=LINE('',#14211,#2912);
#2086=LINE('',#14213,#2913);
#2087=LINE('',#14214,#2914);
#2088=LINE('',#14217,#2915);
#2089=LINE('',#14219,#2916);
#2090=LINE('',#14220,#2917);
#2091=LINE('',#14223,#2918);
#2092=LINE('',#14225,#2919);
#2093=LINE('',#14226,#2920);
#2094=LINE('',#14229,#2921);
#2095=LINE('',#14231,#2922);
#2096=LINE('',#14232,#2923);
#2097=LINE('',#14235,#2924);
#2098=LINE('',#14237,#2925);
#2099=LINE('',#14238,#2926);
#2100=LINE('',#14242,#2927);
#2101=LINE('',#14244,#2928);
#2102=LINE('',#14246,#2929);
#2103=LINE('',#14247,#2930);
#2104=LINE('',#14250,#2931);
#2105=LINE('',#14252,#2932);
#2106=LINE('',#14253,#2933);
#2107=LINE('',#14256,#2934);
#2108=LINE('',#14258,#2935);
#2109=LINE('',#14259,#2936);
#2110=LINE('',#14262,#2937);
#2111=LINE('',#14264,#2938);
#2112=LINE('',#14265,#2939);
#2113=LINE('',#14268,#2940);
#2114=LINE('',#14270,#2941);
#2115=LINE('',#14271,#2942);
#2116=LINE('',#14274,#2943);
#2117=LINE('',#14276,#2944);
#2118=LINE('',#14277,#2945);
#2119=LINE('',#14279,#2946);
#2120=LINE('',#14280,#2947);
#2121=LINE('',#14283,#2948);
#2122=LINE('',#14285,#2949);
#2123=LINE('',#14286,#2950);
#2124=LINE('',#14288,#2951);
#2125=LINE('',#14289,#2952);
#2126=LINE('',#14295,#2953);
#2127=LINE('',#14297,#2954);
#2128=LINE('',#14299,#2955);
#2129=LINE('',#14300,#2956);
#2130=LINE('',#14303,#2957);
#2131=LINE('',#14305,#2958);
#2132=LINE('',#14307,#2959);
#2133=LINE('',#14309,#2960);
#2134=LINE('',#14311,#2961);
#2135=LINE('',#14313,#2962);
#2136=LINE('',#14315,#2963);
#2137=LINE('',#14317,#2964);
#2138=LINE('',#14319,#2965);
#2139=LINE('',#14320,#2966);
#2140=LINE('',#14363,#2967);
#2141=LINE('',#14365,#2968);
#2142=LINE('',#14367,#2969);
#2143=LINE('',#14369,#2970);
#2144=LINE('',#14371,#2971);
#2145=LINE('',#14373,#2972);
#2146=LINE('',#14375,#2973);
#2147=LINE('',#14377,#2974);
#2148=LINE('',#14379,#2975);
#2149=LINE('',#14380,#2976);
#2150=LINE('',#14423,#2977);
#2151=LINE('',#14425,#2978);
#2152=LINE('',#14427,#2979);
#2153=LINE('',#14429,#2980);
#2154=LINE('',#14431,#2981);
#2155=LINE('',#14433,#2982);
#2156=LINE('',#14435,#2983);
#2157=LINE('',#14437,#2984);
#2158=LINE('',#14439,#2985);
#2159=LINE('',#14440,#2986);
#2160=LINE('',#14524,#2987);
#2161=LINE('',#14527,#2988);
#2162=LINE('',#14530,#2989);
#2163=LINE('',#14532,#2990);
#2164=LINE('',#14533,#2991);
#2165=LINE('',#14537,#2992);
#2166=LINE('',#14539,#2993);
#2167=LINE('',#14541,#2994);
#2168=LINE('',#14545,#2995);
#2169=LINE('',#14547,#2996);
#2170=LINE('',#14549,#2997);
#2171=LINE('',#14553,#2998);
#2172=LINE('',#14555,#2999);
#2173=LINE('',#14557,#3000);
#2174=LINE('',#14561,#3001);
#2175=LINE('',#14563,#3002);
#2176=LINE('',#14565,#3003);
#2177=LINE('',#14568,#3004);
#2178=LINE('',#14572,#3005);
#2179=LINE('',#14576,#3006);
#2180=LINE('',#14580,#3007);
#2181=LINE('',#14584,#3008);
#2182=LINE('',#14588,#3009);
#2183=LINE('',#14592,#3010);
#2184=LINE('',#14596,#3011);
#2185=LINE('',#14599,#3012);
#2186=LINE('',#14602,#3013);
#2187=LINE('',#14603,#3014);
#2188=LINE('',#14606,#3015);
#2189=LINE('',#14609,#3016);
#2190=LINE('',#14612,#3017);
#2191=LINE('',#14613,#3018);
#2192=LINE('',#14616,#3019);
#2193=LINE('',#14619,#3020);
#2194=LINE('',#14622,#3021);
#2195=LINE('',#14623,#3022);
#2196=LINE('',#14634,#3023);
#2197=LINE('',#14635,#3024);
#2198=LINE('',#14639,#3025);
#2199=LINE('',#14643,#3026);
#2200=LINE('',#14646,#3027);
#2201=LINE('',#14648,#3028);
#2202=LINE('',#14650,#3029);
#2203=LINE('',#14651,#3030);
#2204=LINE('',#14654,#3031);
#2205=LINE('',#14656,#3032);
#2206=LINE('',#14659,#3033);
#2207=LINE('',#14662,#3034);
#2208=LINE('',#14664,#3035);
#2209=LINE('',#14665,#3036);
#2210=LINE('',#14676,#3037);
#2211=LINE('',#14677,#3038);
#2212=LINE('',#14681,#3039);
#2213=LINE('',#14685,#3040);
#2214=LINE('',#14688,#3041);
#2215=LINE('',#14690,#3042);
#2216=LINE('',#14692,#3043);
#2217=LINE('',#14693,#3044);
#2218=LINE('',#14696,#3045);
#2219=LINE('',#14698,#3046);
#2220=LINE('',#14701,#3047);
#2221=LINE('',#14704,#3048);
#2222=LINE('',#14706,#3049);
#2223=LINE('',#14707,#3050);
#2224=LINE('',#14718,#3051);
#2225=LINE('',#14719,#3052);
#2226=LINE('',#14723,#3053);
#2227=LINE('',#14727,#3054);
#2228=LINE('',#14730,#3055);
#2229=LINE('',#14732,#3056);
#2230=LINE('',#14734,#3057);
#2231=LINE('',#14735,#3058);
#2232=LINE('',#14738,#3059);
#2233=LINE('',#14740,#3060);
#2234=LINE('',#14743,#3061);
#2235=LINE('',#14746,#3062);
#2236=LINE('',#14748,#3063);
#2237=LINE('',#14749,#3064);
#2238=LINE('',#14760,#3065);
#2239=LINE('',#14761,#3066);
#2240=LINE('',#14765,#3067);
#2241=LINE('',#14769,#3068);
#2242=LINE('',#14772,#3069);
#2243=LINE('',#14774,#3070);
#2244=LINE('',#14776,#3071);
#2245=LINE('',#14777,#3072);
#2246=LINE('',#14780,#3073);
#2247=LINE('',#14782,#3074);
#2248=LINE('',#14785,#3075);
#2249=LINE('',#14788,#3076);
#2250=LINE('',#14790,#3077);
#2251=LINE('',#14791,#3078);
#2252=LINE('',#14794,#3079);
#2253=LINE('',#14797,#3080);
#2254=LINE('',#14799,#3081);
#2255=LINE('',#14802,#3082);
#2256=LINE('',#14805,#3083);
#2257=LINE('',#14807,#3084);
#2258=LINE('',#14810,#3085);
#2259=LINE('',#14813,#3086);
#2260=LINE('',#14815,#3087);
#2261=LINE('',#14818,#3088);
#2262=LINE('',#14821,#3089);
#2263=LINE('',#14823,#3090);
#2264=LINE('',#14868,#3091);
#2265=LINE('',#14871,#3092);
#2266=LINE('',#14873,#3093);
#2267=LINE('',#14875,#3094);
#2268=LINE('',#14877,#3095);
#2269=LINE('',#14878,#3096);
#2270=LINE('',#14880,#3097);
#2271=LINE('',#14881,#3098);
#2272=LINE('',#14887,#3099);
#2273=LINE('',#14890,#3100);
#2274=LINE('',#14893,#3101);
#2275=LINE('',#14895,#3102);
#2276=LINE('',#14896,#3103);
#2277=LINE('',#14897,#3104);
#2278=LINE('',#14902,#3105);
#2279=LINE('',#14904,#3106);
#2280=LINE('',#14908,#3107);
#2281=LINE('',#14912,#3108);
#2282=LINE('',#14916,#3109);
#2283=LINE('',#14920,#3110);
#2284=LINE('',#14924,#3111);
#2285=LINE('',#14928,#3112);
#2286=LINE('',#14932,#3113);
#2287=LINE('',#14934,#3114);
#2288=LINE('',#14936,#3115);
#2289=LINE('',#14940,#3116);
#2290=LINE('',#14942,#3117);
#2291=LINE('',#14944,#3118);
#2292=LINE('',#14945,#3119);
#2293=LINE('',#14946,#3120);
#2294=LINE('',#14960,#3121);
#2295=LINE('',#14961,#3122);
#2296=LINE('',#14971,#3123);
#2297=LINE('',#14983,#3124);
#2298=LINE('',#14984,#3125);
#2299=LINE('',#14986,#3126);
#2300=LINE('',#14987,#3127);
#2301=LINE('',#14997,#3128);
#2302=LINE('',#14999,#3129);
#2303=LINE('',#15000,#3130);
#2304=LINE('',#15002,#3131);
#2305=LINE('',#15004,#3132);
#2306=LINE('',#15005,#3133);
#2307=LINE('',#15007,#3134);
#2308=LINE('',#15009,#3135);
#2309=LINE('',#15031,#3136);
#2310=LINE('',#15034,#3137);
#2311=LINE('',#15037,#3138);
#2312=LINE('',#15038,#3139);
#2313=LINE('',#15041,#3140);
#2314=LINE('',#15044,#3141);
#2315=LINE('',#15046,#3142);
#2316=LINE('',#15049,#3143);
#2317=LINE('',#15053,#3144);
#2318=LINE('',#15054,#3145);
#2319=LINE('',#15057,#3146);
#2320=LINE('',#15060,#3147);
#2321=LINE('',#15062,#3148);
#2322=LINE('',#15067,#3149);
#2323=LINE('',#15069,#3150);
#2324=LINE('',#15074,#3151);
#2325=LINE('',#15076,#3152);
#2326=LINE('',#15081,#3153);
#2327=LINE('',#15083,#3154);
#2328=LINE('',#15088,#3155);
#2329=LINE('',#15090,#3156);
#2330=LINE('',#15095,#3157);
#2331=LINE('',#15097,#3158);
#2332=LINE('',#15102,#3159);
#2333=LINE('',#15104,#3160);
#2334=LINE('',#15109,#3161);
#2335=LINE('',#15111,#3162);
#2336=LINE('',#15116,#3163);
#2337=LINE('',#15118,#3164);
#2338=LINE('',#15121,#3165);
#2339=LINE('',#15128,#3166);
#2340=LINE('',#15131,#3167);
#2341=LINE('',#15134,#3168);
#2342=LINE('',#15136,#3169);
#2343=LINE('',#15138,#3170);
#2344=LINE('',#15139,#3171);
#2345=LINE('',#15145,#3172);
#2346=LINE('',#15147,#3173);
#2347=LINE('',#15149,#3174);
#2348=LINE('',#15150,#3175);
#2349=LINE('',#15154,#3176);
#2350=LINE('',#15158,#3177);
#2351=LINE('',#15162,#3178);
#2352=LINE('',#15163,#3179);
#2353=LINE('',#15166,#3180);
#2354=LINE('',#15170,#3181);
#2355=LINE('',#15171,#3182);
#2356=LINE('',#15174,#3183);
#2357=LINE('',#15177,#3184);
#2358=LINE('',#15180,#3185);
#2359=LINE('',#15181,#3186);
#2360=LINE('',#15186,#3187);
#2361=LINE('',#15187,#3188);
#2362=LINE('',#15190,#3189);
#2363=LINE('',#15193,#3190);
#2364=LINE('',#15196,#3191);
#2365=LINE('',#15199,#3192);
#2366=LINE('',#15205,#3193);
#2367=LINE('',#15207,#3194);
#2368=LINE('',#15209,#3195);
#2369=LINE('',#15211,#3196);
#2370=LINE('',#15215,#3197);
#2371=VECTOR('',#8735,10.);
#2372=VECTOR('',#8736,10.);
#2373=VECTOR('',#8737,10.);
#2374=VECTOR('',#8738,10.);
#2375=VECTOR('',#8739,10.);
#2376=VECTOR('',#8740,10.);
#2377=VECTOR('',#8741,10.);
#2378=VECTOR('',#8742,10.);
#2379=VECTOR('',#8743,10.);
#2380=VECTOR('',#8744,10.);
#2381=VECTOR('',#8745,10.);
#2382=VECTOR('',#8746,10.);
#2383=VECTOR('',#8747,10.);
#2384=VECTOR('',#8750,10.);
#2385=VECTOR('',#8751,10.);
#2386=VECTOR('',#8752,10.);
#2387=VECTOR('',#8755,10.);
#2388=VECTOR('',#8756,10.);
#2389=VECTOR('',#8759,10.);
#2390=VECTOR('',#8760,10.);
#2391=VECTOR('',#8763,10.);
#2392=VECTOR('',#8764,10.);
#2393=VECTOR('',#8767,10.);
#2394=VECTOR('',#8768,10.);
#2395=VECTOR('',#8771,10.);
#2396=VECTOR('',#8772,10.);
#2397=VECTOR('',#8775,10.);
#2398=VECTOR('',#8776,10.);
#2399=VECTOR('',#8779,10.);
#2400=VECTOR('',#8780,10.);
#2401=VECTOR('',#8783,10.);
#2402=VECTOR('',#8784,10.);
#2403=VECTOR('',#8787,10.);
#2404=VECTOR('',#8788,10.);
#2405=VECTOR('',#8791,10.);
#2406=VECTOR('',#8792,10.);
#2407=VECTOR('',#8795,10.);
#2408=VECTOR('',#8796,10.);
#2409=VECTOR('',#8799,10.);
#2410=VECTOR('',#8802,10.);
#2411=VECTOR('',#8803,10.);
#2412=VECTOR('',#8806,10.);
#2413=VECTOR('',#8807,10.);
#2414=VECTOR('',#8808,10.);
#2415=VECTOR('',#8809,10.);
#2416=VECTOR('',#8812,10.);
#2417=VECTOR('',#8813,10.);
#2418=VECTOR('',#8814,10.);
#2419=VECTOR('',#8817,10.);
#2420=VECTOR('',#8818,10.);
#2421=VECTOR('',#8819,10.);
#2422=VECTOR('',#8820,10.);
#2423=VECTOR('',#8823,10.);
#2424=VECTOR('',#8824,10.);
#2425=VECTOR('',#8825,10.);
#2426=VECTOR('',#8828,10.);
#2427=VECTOR('',#8829,10.);
#2428=VECTOR('',#8830,10.);
#2429=VECTOR('',#8831,10.);
#2430=VECTOR('',#8834,10.);
#2431=VECTOR('',#8835,10.);
#2432=VECTOR('',#8836,10.);
#2433=VECTOR('',#8839,10.);
#2434=VECTOR('',#8840,10.);
#2435=VECTOR('',#8841,10.);
#2436=VECTOR('',#8844,10.);
#2437=VECTOR('',#8845,10.);
#2438=VECTOR('',#8846,10.);
#2439=VECTOR('',#8849,10.);
#2440=VECTOR('',#8850,10.);
#2441=VECTOR('',#8851,10.);
#2442=VECTOR('',#8854,10.);
#2443=VECTOR('',#8855,10.);
#2444=VECTOR('',#8856,10.);
#2445=VECTOR('',#8859,10.);
#2446=VECTOR('',#8860,10.);
#2447=VECTOR('',#8861,10.);
#2448=VECTOR('',#8864,10.);
#2449=VECTOR('',#8865,10.);
#2450=VECTOR('',#8866,10.);
#2451=VECTOR('',#8869,10.);
#2452=VECTOR('',#8870,10.);
#2453=VECTOR('',#8875,10.);
#2454=VECTOR('',#8876,10.);
#2455=VECTOR('',#8877,10.);
#2456=VECTOR('',#8878,10.);
#2457=VECTOR('',#8879,10.);
#2458=VECTOR('',#8880,10.);
#2459=VECTOR('',#8881,10.);
#2460=VECTOR('',#8882,10.);
#2461=VECTOR('',#8883,10.);
#2462=VECTOR('',#8884,10.);
#2463=VECTOR('',#8885,10.);
#2464=VECTOR('',#8886,10.);
#2465=VECTOR('',#8887,10.);
#2466=VECTOR('',#8888,10.);
#2467=VECTOR('',#8889,10.);
#2468=VECTOR('',#8890,10.);
#2469=VECTOR('',#8893,10.);
#2470=VECTOR('',#8894,10.);
#2471=VECTOR('',#8895,10.);
#2472=VECTOR('',#8896,10.);
#2473=VECTOR('',#8899,10.);
#2474=VECTOR('',#8900,10.);
#2475=VECTOR('',#8901,10.);
#2476=VECTOR('',#8904,10.);
#2477=VECTOR('',#8905,10.);
#2478=VECTOR('',#8906,10.);
#2479=VECTOR('',#8909,10.);
#2480=VECTOR('',#8910,10.);
#2481=VECTOR('',#8911,10.);
#2482=VECTOR('',#8914,10.);
#2483=VECTOR('',#8915,10.);
#2484=VECTOR('',#8916,10.);
#2485=VECTOR('',#8917,10.);
#2486=VECTOR('',#8920,10.);
#2487=VECTOR('',#8921,10.);
#2488=VECTOR('',#8922,10.);
#2489=VECTOR('',#8925,10.);
#2490=VECTOR('',#8926,10.);
#2491=VECTOR('',#8927,10.);
#2492=VECTOR('',#8930,10.);
#2493=VECTOR('',#8931,10.);
#2494=VECTOR('',#8932,10.);
#2495=VECTOR('',#8933,10.);
#2496=VECTOR('',#8936,10.);
#2497=VECTOR('',#8937,10.);
#2498=VECTOR('',#8938,10.);
#2499=VECTOR('',#8941,10.);
#2500=VECTOR('',#8942,10.);
#2501=VECTOR('',#8943,10.);
#2502=VECTOR('',#8946,10.);
#2503=VECTOR('',#8947,10.);
#2504=VECTOR('',#8948,10.);
#2505=VECTOR('',#8949,10.);
#2506=VECTOR('',#8950,10.);
#2507=VECTOR('',#8953,10.);
#2508=VECTOR('',#8954,10.);
#2509=VECTOR('',#8959,10.);
#2510=VECTOR('',#8960,10.);
#2511=VECTOR('',#8961,10.);
#2512=VECTOR('',#8962,10.);
#2513=VECTOR('',#8965,10.);
#2514=VECTOR('',#8966,10.);
#2515=VECTOR('',#8967,10.);
#2516=VECTOR('',#8970,10.);
#2517=VECTOR('',#8971,10.);
#2518=VECTOR('',#8974,10.);
#2519=VECTOR('',#8975,10.);
#2520=VECTOR('',#8978,10.);
#2521=VECTOR('',#8981,10.);
#2522=VECTOR('',#8982,10.);
#2523=VECTOR('',#8983,10.);
#2524=VECTOR('',#8984,10.);
#2525=VECTOR('',#8985,10.);
#2526=VECTOR('',#8986,10.);
#2527=VECTOR('',#8989,10.);
#2528=VECTOR('',#8990,10.);
#2529=VECTOR('',#8991,10.);
#2530=VECTOR('',#8992,10.);
#2531=VECTOR('',#8995,10.);
#2532=VECTOR('',#8996,10.);
#2533=VECTOR('',#8997,10.);
#2534=VECTOR('',#8998,10.);
#2535=VECTOR('',#9001,10.);
#2536=VECTOR('',#9002,10.);
#2537=VECTOR('',#9003,10.);
#2538=VECTOR('',#9008,10.);
#2539=VECTOR('',#9009,10.);
#2540=VECTOR('',#9010,10.);
#2541=VECTOR('',#9011,10.);
#2542=VECTOR('',#9014,10.);
#2543=VECTOR('',#9015,10.);
#2544=VECTOR('',#9016,10.);
#2545=VECTOR('',#9019,10.);
#2546=VECTOR('',#9020,10.);
#2547=VECTOR('',#9023,10.);
#2548=VECTOR('',#9024,10.);
#2549=VECTOR('',#9027,10.);
#2550=VECTOR('',#9028,10.);
#2551=VECTOR('',#9029,10.);
#2552=VECTOR('',#9034,10.);
#2553=VECTOR('',#9035,10.);
#2554=VECTOR('',#9036,10.);
#2555=VECTOR('',#9037,10.);
#2556=VECTOR('',#9038,10.);
#2557=VECTOR('',#9039,10.);
#2558=VECTOR('',#9040,10.);
#2559=VECTOR('',#9043,10.);
#2560=VECTOR('',#9044,10.);
#2561=VECTOR('',#9047,10.);
#2562=VECTOR('',#9048,10.);
#2563=VECTOR('',#9049,10.);
#2564=VECTOR('',#9050,10.);
#2565=VECTOR('',#9053,10.);
#2566=VECTOR('',#9054,10.);
#2567=VECTOR('',#9055,10.);
#2568=VECTOR('',#9058,10.);
#2569=VECTOR('',#9059,10.);
#2570=VECTOR('',#9060,10.);
#2571=VECTOR('',#9063,10.);
#2572=VECTOR('',#9064,10.);
#2573=VECTOR('',#9065,10.);
#2574=VECTOR('',#9068,10.);
#2575=VECTOR('',#9069,10.);
#2576=VECTOR('',#9070,10.);
#2577=VECTOR('',#9071,10.);
#2578=VECTOR('',#9074,10.);
#2579=VECTOR('',#9075,10.);
#2580=VECTOR('',#9076,10.);
#2581=VECTOR('',#9077,10.);
#2582=VECTOR('',#9080,10.);
#2583=VECTOR('',#9081,10.);
#2584=VECTOR('',#9082,10.);
#2585=VECTOR('',#9083,10.);
#2586=VECTOR('',#9086,10.);
#2587=VECTOR('',#9087,10.);
#2588=VECTOR('',#9088,10.);
#2589=VECTOR('',#9091,10.);
#2590=VECTOR('',#9092,10.);
#2591=VECTOR('',#9093,10.);
#2592=VECTOR('',#9096,10.);
#2593=VECTOR('',#9097,10.);
#2594=VECTOR('',#9098,10.);
#2595=VECTOR('',#9101,10.);
#2596=VECTOR('',#9102,10.);
#2597=VECTOR('',#9103,10.);
#2598=VECTOR('',#9104,10.);
#2599=VECTOR('',#9107,10.);
#2600=VECTOR('',#9108,10.);
#2601=VECTOR('',#9109,10.);
#2602=VECTOR('',#9114,10.);
#2603=VECTOR('',#9115,10.);
#2604=VECTOR('',#9118,10.);
#2605=VECTOR('',#9119,10.);
#2606=VECTOR('',#9120,10.);
#2607=VECTOR('',#9121,10.);
#2608=VECTOR('',#9124,10.);
#2609=VECTOR('',#9125,10.);
#2610=VECTOR('',#9126,10.);
#2611=VECTOR('',#9127,10.);
#2612=VECTOR('',#9132,10.);
#2613=VECTOR('',#9133,10.);
#2614=VECTOR('',#9134,10.);
#2615=VECTOR('',#9135,10.);
#2616=VECTOR('',#9136,10.);
#2617=VECTOR('',#9137,10.);
#2618=VECTOR('',#9138,10.);
#2619=VECTOR('',#9139,10.);
#2620=VECTOR('',#9142,10.);
#2621=VECTOR('',#9143,10.);
#2622=VECTOR('',#9144,10.);
#2623=VECTOR('',#9145,10.);
#2624=VECTOR('',#9148,10.);
#2625=VECTOR('',#9149,10.);
#2626=VECTOR('',#9152,10.);
#2627=VECTOR('',#9153,10.);
#2628=VECTOR('',#9156,10.);
#2629=VECTOR('',#9157,10.);
#2630=VECTOR('',#9160,10.);
#2631=VECTOR('',#9161,10.);
#2632=VECTOR('',#9164,10.);
#2633=VECTOR('',#9165,10.);
#2634=VECTOR('',#9168,10.);
#2635=VECTOR('',#9171,10.);
#2636=VECTOR('',#9172,10.);
#2637=VECTOR('',#9173,10.);
#2638=VECTOR('',#9174,10.);
#2639=VECTOR('',#9177,10.);
#2640=VECTOR('',#9178,10.);
#2641=VECTOR('',#9179,10.);
#2642=VECTOR('',#9182,10.);
#2643=VECTOR('',#9183,10.);
#2644=VECTOR('',#9184,10.);
#2645=VECTOR('',#9187,10.);
#2646=VECTOR('',#9188,10.);
#2647=VECTOR('',#9189,10.);
#2648=VECTOR('',#9192,10.);
#2649=VECTOR('',#9193,10.);
#2650=VECTOR('',#9194,10.);
#2651=VECTOR('',#9197,10.);
#2652=VECTOR('',#9198,10.);
#2653=VECTOR('',#9199,10.);
#2654=VECTOR('',#9200,10.);
#2655=VECTOR('',#9201,10.);
#2656=VECTOR('',#9204,10.);
#2657=VECTOR('',#9205,10.);
#2658=VECTOR('',#9206,10.);
#2659=VECTOR('',#9209,10.);
#2660=VECTOR('',#9210,10.);
#2661=VECTOR('',#9211,10.);
#2662=VECTOR('',#9212,10.);
#2663=VECTOR('',#9213,10.);
#2664=VECTOR('',#9216,10.);
#2665=VECTOR('',#9217,10.);
#2666=VECTOR('',#9220,10.);
#2667=VECTOR('',#9221,10.);
#2668=VECTOR('',#9222,10.);
#2669=VECTOR('',#9225,10.);
#2670=VECTOR('',#9226,10.);
#2671=VECTOR('',#9231,10.);
#2672=VECTOR('',#9232,10.);
#2673=VECTOR('',#9233,10.);
#2674=VECTOR('',#9234,10.);
#2675=VECTOR('',#9235,10.);
#2676=VECTOR('',#9236,10.);
#2677=VECTOR('',#9237,10.);
#2678=VECTOR('',#9238,10.);
#2679=VECTOR('',#9239,10.);
#2680=VECTOR('',#9240,10.);
#2681=VECTOR('',#9243,10.);
#2682=VECTOR('',#9244,10.);
#2683=VECTOR('',#9245,10.);
#2684=VECTOR('',#9248,10.);
#2685=VECTOR('',#9249,10.);
#2686=VECTOR('',#9252,10.);
#2687=VECTOR('',#9253,10.);
#2688=VECTOR('',#9256,10.);
#2689=VECTOR('',#9257,10.);
#2690=VECTOR('',#9260,10.);
#2691=VECTOR('',#9261,10.);
#2692=VECTOR('',#9264,10.);
#2693=VECTOR('',#9265,10.);
#2694=VECTOR('',#9268,10.);
#2695=VECTOR('',#9269,10.);
#2696=VECTOR('',#9272,10.);
#2697=VECTOR('',#9273,10.);
#2698=VECTOR('',#9276,10.);
#2699=VECTOR('',#9277,10.);
#2700=VECTOR('',#9280,10.);
#2701=VECTOR('',#9281,10.);
#2702=VECTOR('',#9282,10.);
#2703=VECTOR('',#9283,10.);
#2704=VECTOR('',#9286,10.);
#2705=VECTOR('',#9287,10.);
#2706=VECTOR('',#9288,10.);
#2707=VECTOR('',#9291,10.);
#2708=VECTOR('',#9292,10.);
#2709=VECTOR('',#9293,10.);
#2710=VECTOR('',#9296,10.);
#2711=VECTOR('',#9297,10.);
#2712=VECTOR('',#9298,10.);
#2713=VECTOR('',#9299,10.);
#2714=VECTOR('',#9300,10.);
#2715=VECTOR('',#9301,10.);
#2716=VECTOR('',#9304,10.);
#2717=VECTOR('',#9305,10.);
#2718=VECTOR('',#9306,10.);
#2719=VECTOR('',#9307,10.);
#2720=VECTOR('',#9308,10.);
#2721=VECTOR('',#9309,10.);
#2722=VECTOR('',#9312,10.);
#2723=VECTOR('',#9313,10.);
#2724=VECTOR('',#9314,10.);
#2725=VECTOR('',#9315,10.);
#2726=VECTOR('',#9316,10.);
#2727=VECTOR('',#9317,10.);
#2728=VECTOR('',#9320,10.);
#2729=VECTOR('',#9321,10.);
#2730=VECTOR('',#9322,10.);
#2731=VECTOR('',#9323,10.);
#2732=VECTOR('',#9324,10.);
#2733=VECTOR('',#9327,10.);
#2734=VECTOR('',#9328,10.);
#2735=VECTOR('',#9329,10.);
#2736=VECTOR('',#9332,10.);
#2737=VECTOR('',#9333,10.);
#2738=VECTOR('',#9334,10.);
#2739=VECTOR('',#9335,10.);
#2740=VECTOR('',#9338,10.);
#2741=VECTOR('',#9339,10.);
#2742=VECTOR('',#9340,10.);
#2743=VECTOR('',#9343,10.);
#2744=VECTOR('',#9344,10.);
#2745=VECTOR('',#9349,10.);
#2746=VECTOR('',#9350,10.);
#2747=VECTOR('',#9351,10.);
#2748=VECTOR('',#9352,10.);
#2749=VECTOR('',#9353,10.);
#2750=VECTOR('',#9354,10.);
#2751=VECTOR('',#9355,10.);
#2752=VECTOR('',#9356,10.);
#2753=VECTOR('',#9357,10.);
#2754=VECTOR('',#9358,10.);
#2755=VECTOR('',#9359,10.);
#2756=VECTOR('',#9360,10.);
#2757=VECTOR('',#9361,10.);
#2758=VECTOR('',#9364,10.);
#2759=VECTOR('',#9365,10.);
#2760=VECTOR('',#9366,10.);
#2761=VECTOR('',#9369,10.);
#2762=VECTOR('',#9370,10.);
#2763=VECTOR('',#9373,10.);
#2764=VECTOR('',#9374,10.);
#2765=VECTOR('',#9377,10.);
#2766=VECTOR('',#9378,10.);
#2767=VECTOR('',#9381,10.);
#2768=VECTOR('',#9382,10.);
#2769=VECTOR('',#9385,10.);
#2770=VECTOR('',#9386,10.);
#2771=VECTOR('',#9389,10.);
#2772=VECTOR('',#9390,10.);
#2773=VECTOR('',#9393,10.);
#2774=VECTOR('',#9394,10.);
#2775=VECTOR('',#9397,10.);
#2776=VECTOR('',#9398,10.);
#2777=VECTOR('',#9401,10.);
#2778=VECTOR('',#9402,10.);
#2779=VECTOR('',#9405,10.);
#2780=VECTOR('',#9406,10.);
#2781=VECTOR('',#9409,10.);
#2782=VECTOR('',#9410,10.);
#2783=VECTOR('',#9413,10.);
#2784=VECTOR('',#9416,10.);
#2785=VECTOR('',#9417,10.);
#2786=VECTOR('',#9418,10.);
#2787=VECTOR('',#9419,10.);
#2788=VECTOR('',#9422,10.);
#2789=VECTOR('',#9423,10.);
#2790=VECTOR('',#9424,10.);
#2791=VECTOR('',#9427,10.);
#2792=VECTOR('',#9428,10.);
#2793=VECTOR('',#9429,10.);
#2794=VECTOR('',#9432,10.);
#2795=VECTOR('',#9433,10.);
#2796=VECTOR('',#9434,10.);
#2797=VECTOR('',#9437,10.);
#2798=VECTOR('',#9438,10.);
#2799=VECTOR('',#9439,10.);
#2800=VECTOR('',#9442,10.);
#2801=VECTOR('',#9443,10.);
#2802=VECTOR('',#9448,10.);
#2803=VECTOR('',#9449,10.);
#2804=VECTOR('',#9450,10.);
#2805=VECTOR('',#9451,10.);
#2806=VECTOR('',#9454,10.);
#2807=VECTOR('',#9455,10.);
#2808=VECTOR('',#9456,10.);
#2809=VECTOR('',#9459,10.);
#2810=VECTOR('',#9460,10.);
#2811=VECTOR('',#9463,10.);
#2812=VECTOR('',#9464,10.);
#2813=VECTOR('',#9467,10.);
#2814=VECTOR('',#9470,10.);
#2815=VECTOR('',#9471,10.);
#2816=VECTOR('',#9472,10.);
#2817=VECTOR('',#9473,10.);
#2818=VECTOR('',#9476,10.);
#2819=VECTOR('',#9477,10.);
#2820=VECTOR('',#9478,10.);
#2821=VECTOR('',#9481,10.);
#2822=VECTOR('',#9482,10.);
#2823=VECTOR('',#9483,10.);
#2824=VECTOR('',#9484,10.);
#2825=VECTOR('',#9485,10.);
#2826=VECTOR('',#9486,10.);
#2827=VECTOR('',#9489,10.);
#2828=VECTOR('',#9490,10.);
#2829=VECTOR('',#9491,10.);
#2830=VECTOR('',#9492,10.);
#2831=VECTOR('',#9493,10.);
#2832=VECTOR('',#9494,10.);
#2833=VECTOR('',#9495,10.);
#2834=VECTOR('',#9496,10.);
#2835=VECTOR('',#9499,10.);
#2836=VECTOR('',#9500,10.);
#2837=VECTOR('',#9501,10.);
#2838=VECTOR('',#9504,10.);
#2839=VECTOR('',#9505,10.);
#2840=VECTOR('',#9510,10.);
#2841=VECTOR('',#9511,10.);
#2842=VECTOR('',#9512,10.);
#2843=VECTOR('',#9513,10.);
#2844=VECTOR('',#9514,10.);
#2845=VECTOR('',#9515,10.);
#2846=VECTOR('',#9516,10.);
#2847=VECTOR('',#9517,10.);
#2848=VECTOR('',#9518,10.);
#2849=VECTOR('',#9519,10.);
#2850=VECTOR('',#9520,10.);
#2851=VECTOR('',#9521,10.);
#2852=VECTOR('',#9522,10.);
#2853=VECTOR('',#9523,10.);
#2854=VECTOR('',#9524,10.);
#2855=VECTOR('',#9525,10.);
#2856=VECTOR('',#9526,10.);
#2857=VECTOR('',#9527,10.);
#2858=VECTOR('',#9528,10.);
#2859=VECTOR('',#9529,10.);
#2860=VECTOR('',#9530,10.);
#2861=VECTOR('',#9531,10.);
#2862=VECTOR('',#9534,10.);
#2863=VECTOR('',#9535,10.);
#2864=VECTOR('',#9538,10.);
#2865=VECTOR('',#9541,10.);
#2866=VECTOR('',#9542,10.);
#2867=VECTOR('',#9543,10.);
#2868=VECTOR('',#9544,10.);
#2869=VECTOR('',#9547,10.);
#2870=VECTOR('',#9548,10.);
#2871=VECTOR('',#9549,10.);
#2872=VECTOR('',#9552,10.);
#2873=VECTOR('',#9553,10.);
#2874=VECTOR('',#9554,10.);
#2875=VECTOR('',#9557,10.);
#2876=VECTOR('',#9558,10.);
#2877=VECTOR('',#9563,10.);
#2878=VECTOR('',#9564,10.);
#2879=VECTOR('',#9565,10.);
#2880=VECTOR('',#9566,10.);
#2881=VECTOR('',#9567,10.);
#2882=VECTOR('',#9568,10.);
#2883=VECTOR('',#9569,10.);
#2884=VECTOR('',#9572,10.);
#2885=VECTOR('',#9573,10.);
#2886=VECTOR('',#9574,10.);
#2887=VECTOR('',#9577,10.);
#2888=VECTOR('',#9578,10.);
#2889=VECTOR('',#9581,10.);
#2890=VECTOR('',#9582,10.);
#2891=VECTOR('',#9585,10.);
#2892=VECTOR('',#9586,10.);
#2893=VECTOR('',#9589,10.);
#2894=VECTOR('',#9590,10.);
#2895=VECTOR('',#9591,10.);
#2896=VECTOR('',#9592,10.);
#2897=VECTOR('',#9593,10.);
#2898=VECTOR('',#9594,10.);
#2899=VECTOR('',#9595,10.);
#2900=VECTOR('',#9596,10.);
#2901=VECTOR('',#9599,10.);
#2902=VECTOR('',#9600,10.);
#2903=VECTOR('',#9603,10.);
#2904=VECTOR('',#9604,10.);
#2905=VECTOR('',#9605,10.);
#2906=VECTOR('',#9606,10.);
#2907=VECTOR('',#9607,10.);
#2908=VECTOR('',#9608,10.);
#2909=VECTOR('',#9609,10.);
#2910=VECTOR('',#9610,10.);
#2911=VECTOR('',#9613,10.);
#2912=VECTOR('',#9614,10.);
#2913=VECTOR('',#9615,10.);
#2914=VECTOR('',#9616,10.);
#2915=VECTOR('',#9619,10.);
#2916=VECTOR('',#9620,10.);
#2917=VECTOR('',#9621,10.);
#2918=VECTOR('',#9624,10.);
#2919=VECTOR('',#9625,10.);
#2920=VECTOR('',#9626,10.);
#2921=VECTOR('',#9629,10.);
#2922=VECTOR('',#9630,10.);
#2923=VECTOR('',#9631,10.);
#2924=VECTOR('',#9634,10.);
#2925=VECTOR('',#9635,10.);
#2926=VECTOR('',#9636,10.);
#2927=VECTOR('',#9639,10.);
#2928=VECTOR('',#9640,10.);
#2929=VECTOR('',#9641,10.);
#2930=VECTOR('',#9642,10.);
#2931=VECTOR('',#9645,10.);
#2932=VECTOR('',#9646,10.);
#2933=VECTOR('',#9647,10.);
#2934=VECTOR('',#9650,10.);
#2935=VECTOR('',#9651,10.);
#2936=VECTOR('',#9652,10.);
#2937=VECTOR('',#9655,10.);
#2938=VECTOR('',#9656,10.);
#2939=VECTOR('',#9657,10.);
#2940=VECTOR('',#9660,10.);
#2941=VECTOR('',#9661,10.);
#2942=VECTOR('',#9662,10.);
#2943=VECTOR('',#9665,10.);
#2944=VECTOR('',#9666,10.);
#2945=VECTOR('',#9667,10.);
#2946=VECTOR('',#9670,10.);
#2947=VECTOR('',#9671,10.);
#2948=VECTOR('',#9674,10.);
#2949=VECTOR('',#9675,10.);
#2950=VECTOR('',#9676,10.);
#2951=VECTOR('',#9679,10.);
#2952=VECTOR('',#9680,10.);
#2953=VECTOR('',#9687,10.);
#2954=VECTOR('',#9688,10.);
#2955=VECTOR('',#9689,10.);
#2956=VECTOR('',#9690,10.);
#2957=VECTOR('',#9691,10.);
#2958=VECTOR('',#9692,10.);
#2959=VECTOR('',#9693,10.);
#2960=VECTOR('',#9694,10.);
#2961=VECTOR('',#9695,10.);
#2962=VECTOR('',#9696,10.);
#2963=VECTOR('',#9697,10.);
#2964=VECTOR('',#9698,10.);
#2965=VECTOR('',#9699,10.);
#2966=VECTOR('',#9700,10.);
#2967=VECTOR('',#9701,10.);
#2968=VECTOR('',#9702,10.);
#2969=VECTOR('',#9703,10.);
#2970=VECTOR('',#9704,10.);
#2971=VECTOR('',#9705,10.);
#2972=VECTOR('',#9706,10.);
#2973=VECTOR('',#9707,10.);
#2974=VECTOR('',#9708,10.);
#2975=VECTOR('',#9709,10.);
#2976=VECTOR('',#9710,10.);
#2977=VECTOR('',#9711,10.);
#2978=VECTOR('',#9712,10.);
#2979=VECTOR('',#9713,10.);
#2980=VECTOR('',#9714,10.);
#2981=VECTOR('',#9715,10.);
#2982=VECTOR('',#9716,10.);
#2983=VECTOR('',#9717,10.);
#2984=VECTOR('',#9718,10.);
#2985=VECTOR('',#9719,10.);
#2986=VECTOR('',#9720,10.);
#2987=VECTOR('',#9761,10.);
#2988=VECTOR('',#9764,10.);
#2989=VECTOR('',#9767,10.);
#2990=VECTOR('',#9768,10.);
#2991=VECTOR('',#9769,10.);
#2992=VECTOR('',#9772,10.);
#2993=VECTOR('',#9773,10.);
#2994=VECTOR('',#9774,10.);
#2995=VECTOR('',#9777,10.);
#2996=VECTOR('',#9778,10.);
#2997=VECTOR('',#9779,10.);
#2998=VECTOR('',#9782,10.);
#2999=VECTOR('',#9783,10.);
#3000=VECTOR('',#9784,10.);
#3001=VECTOR('',#9787,10.);
#3002=VECTOR('',#9788,10.);
#3003=VECTOR('',#9789,10.);
#3004=VECTOR('',#9792,10.);
#3005=VECTOR('',#9795,10.);
#3006=VECTOR('',#9798,10.);
#3007=VECTOR('',#9801,10.);
#3008=VECTOR('',#9804,10.);
#3009=VECTOR('',#9807,10.);
#3010=VECTOR('',#9810,10.);
#3011=VECTOR('',#9815,10.);
#3012=VECTOR('',#9818,10.);
#3013=VECTOR('',#9821,10.);
#3014=VECTOR('',#9822,10.);
#3015=VECTOR('',#9825,10.);
#3016=VECTOR('',#9828,10.);
#3017=VECTOR('',#9831,10.);
#3018=VECTOR('',#9832,10.);
#3019=VECTOR('',#9835,10.);
#3020=VECTOR('',#9838,10.);
#3021=VECTOR('',#9841,10.);
#3022=VECTOR('',#9842,10.);
#3023=VECTOR('',#9855,10.);
#3024=VECTOR('',#9856,10.);
#3025=VECTOR('',#9861,10.);
#3026=VECTOR('',#9866,10.);
#3027=VECTOR('',#9869,10.);
#3028=VECTOR('',#9870,10.);
#3029=VECTOR('',#9871,10.);
#3030=VECTOR('',#9872,10.);
#3031=VECTOR('',#9875,10.);
#3032=VECTOR('',#9876,10.);
#3033=VECTOR('',#9879,10.);
#3034=VECTOR('',#9882,10.);
#3035=VECTOR('',#9883,10.);
#3036=VECTOR('',#9884,10.);
#3037=VECTOR('',#9897,10.);
#3038=VECTOR('',#9898,10.);
#3039=VECTOR('',#9903,10.);
#3040=VECTOR('',#9908,10.);
#3041=VECTOR('',#9911,10.);
#3042=VECTOR('',#9912,10.);
#3043=VECTOR('',#9913,10.);
#3044=VECTOR('',#9914,10.);
#3045=VECTOR('',#9917,10.);
#3046=VECTOR('',#9918,10.);
#3047=VECTOR('',#9921,10.);
#3048=VECTOR('',#9924,10.);
#3049=VECTOR('',#9925,10.);
#3050=VECTOR('',#9926,10.);
#3051=VECTOR('',#9939,10.);
#3052=VECTOR('',#9940,10.);
#3053=VECTOR('',#9945,10.);
#3054=VECTOR('',#9950,10.);
#3055=VECTOR('',#9953,10.);
#3056=VECTOR('',#9954,10.);
#3057=VECTOR('',#9955,10.);
#3058=VECTOR('',#9956,10.);
#3059=VECTOR('',#9959,10.);
#3060=VECTOR('',#9960,10.);
#3061=VECTOR('',#9963,10.);
#3062=VECTOR('',#9966,10.);
#3063=VECTOR('',#9967,10.);
#3064=VECTOR('',#9968,10.);
#3065=VECTOR('',#9981,10.);
#3066=VECTOR('',#9982,10.);
#3067=VECTOR('',#9987,10.);
#3068=VECTOR('',#9992,10.);
#3069=VECTOR('',#9995,10.);
#3070=VECTOR('',#9996,10.);
#3071=VECTOR('',#9997,10.);
#3072=VECTOR('',#9998,10.);
#3073=VECTOR('',#10001,10.);
#3074=VECTOR('',#10002,10.);
#3075=VECTOR('',#10005,10.);
#3076=VECTOR('',#10008,10.);
#3077=VECTOR('',#10009,10.);
#3078=VECTOR('',#10010,10.);
#3079=VECTOR('',#10013,10.);
#3080=VECTOR('',#10016,10.);
#3081=VECTOR('',#10019,10.);
#3082=VECTOR('',#10022,10.);
#3083=VECTOR('',#10025,10.);
#3084=VECTOR('',#10028,10.);
#3085=VECTOR('',#10031,10.);
#3086=VECTOR('',#10034,10.);
#3087=VECTOR('',#10037,10.);
#3088=VECTOR('',#10040,10.);
#3089=VECTOR('',#10043,10.);
#3090=VECTOR('',#10046,10.);
#3091=VECTOR('',#10067,10.);
#3092=VECTOR('',#10070,10.);
#3093=VECTOR('',#10073,10.);
#3094=VECTOR('',#10074,10.);
#3095=VECTOR('',#10075,10.);
#3096=VECTOR('',#10076,10.);
#3097=VECTOR('',#10079,10.);
#3098=VECTOR('',#10080,10.);
#3099=VECTOR('',#10085,10.);
#3100=VECTOR('',#10088,10.);
#3101=VECTOR('',#10091,10.);
#3102=VECTOR('',#10092,10.);
#3103=VECTOR('',#10093,10.);
#3104=VECTOR('',#10094,10.);
#3105=VECTOR('',#10099,10.);
#3106=VECTOR('',#10100,10.);
#3107=VECTOR('',#10103,10.);
#3108=VECTOR('',#10106,10.);
#3109=VECTOR('',#10109,10.);
#3110=VECTOR('',#10112,10.);
#3111=VECTOR('',#10115,10.);
#3112=VECTOR('',#10118,10.);
#3113=VECTOR('',#10121,10.);
#3114=VECTOR('',#10122,10.);
#3115=VECTOR('',#10125,10.);
#3116=VECTOR('',#10130,10.);
#3117=VECTOR('',#10133,10.);
#3118=VECTOR('',#10134,10.);
#3119=VECTOR('',#10135,10.);
#3120=VECTOR('',#10136,10.);
#3121=VECTOR('',#10153,10.);
#3122=VECTOR('',#10154,10.);
#3123=VECTOR('',#10167,10.);
#3124=VECTOR('',#10180,10.);
#3125=VECTOR('',#10181,10.);
#3126=VECTOR('',#10184,10.);
#3127=VECTOR('',#10185,10.);
#3128=VECTOR('',#10198,10.);
#3129=VECTOR('',#10201,10.);
#3130=VECTOR('',#10202,10.);
#3131=VECTOR('',#10205,10.);
#3132=VECTOR('',#10208,10.);
#3133=VECTOR('',#10209,10.);
#3134=VECTOR('',#10212,10.);
#3135=VECTOR('',#10215,10.);
#3136=VECTOR('',#10238,10.);
#3137=VECTOR('',#10241,10.);
#3138=VECTOR('',#10244,10.);
#3139=VECTOR('',#10245,10.);
#3140=VECTOR('',#10248,10.);
#3141=VECTOR('',#10251,10.);
#3142=VECTOR('',#10254,10.);
#3143=VECTOR('',#10257,10.);
#3144=VECTOR('',#10262,10.);
#3145=VECTOR('',#10263,10.);
#3146=VECTOR('',#10266,10.);
#3147=VECTOR('',#10269,10.);
#3148=VECTOR('',#10272,10.);
#3149=VECTOR('',#10277,0.825);
#3150=VECTOR('',#10280,1.65);
#3151=VECTOR('',#10285,0.825);
#3152=VECTOR('',#10288,1.65);
#3153=VECTOR('',#10293,0.825);
#3154=VECTOR('',#10296,1.65);
#3155=VECTOR('',#10301,0.825);
#3156=VECTOR('',#10304,1.65);
#3157=VECTOR('',#10309,0.825);
#3158=VECTOR('',#10312,1.65);
#3159=VECTOR('',#10317,0.825);
#3160=VECTOR('',#10320,1.65);
#3161=VECTOR('',#10325,0.825);
#3162=VECTOR('',#10328,1.65);
#3163=VECTOR('',#10333,0.825);
#3164=VECTOR('',#10336,1.65);
#3165=VECTOR('',#10339,7.5);
#3166=VECTOR('',#10348,3.95);
#3167=VECTOR('',#10353,4.);
#3168=VECTOR('',#10356,10.);
#3169=VECTOR('',#10357,10.);
#3170=VECTOR('',#10358,10.);
#3171=VECTOR('',#10359,10.);
#3172=VECTOR('',#10366,10.);
#3173=VECTOR('',#10369,10.);
#3174=VECTOR('',#10370,10.);
#3175=VECTOR('',#10371,10.);
#3176=VECTOR('',#10376,10.);
#3177=VECTOR('',#10381,10.);
#3178=VECTOR('',#10386,10.);
#3179=VECTOR('',#10387,10.);
#3180=VECTOR('',#10390,10.);
#3181=VECTOR('',#10395,10.);
#3182=VECTOR('',#10396,10.);
#3183=VECTOR('',#10399,10.);
#3184=VECTOR('',#10404,10.);
#3185=VECTOR('',#10407,10.);
#3186=VECTOR('',#10408,10.);
#3187=VECTOR('',#10415,10.);
#3188=VECTOR('',#10416,10.);
#3189=VECTOR('',#10419,10.);
#3190=VECTOR('',#10424,10.);
#3191=VECTOR('',#10427,10.);
#3192=VECTOR('',#10432,10.);
#3193=VECTOR('',#10443,10.);
#3194=VECTOR('',#10446,10.);
#3195=VECTOR('',#10449,10.);
#3196=VECTOR('',#10452,10.);
#3197=VECTOR('',#10459,10.);
#3198=VERTEX_POINT('',#10468);
#3199=VERTEX_POINT('',#10469);
#3200=VERTEX_POINT('',#10471);
#3201=VERTEX_POINT('',#10473);
#3202=VERTEX_POINT('',#10475);
#3203=VERTEX_POINT('',#10477);
#3204=VERTEX_POINT('',#10479);
#3205=VERTEX_POINT('',#10481);
#3206=VERTEX_POINT('',#10483);
#3207=VERTEX_POINT('',#10485);
#3208=VERTEX_POINT('',#10487);
#3209=VERTEX_POINT('',#10489);
#3210=VERTEX_POINT('',#10491);
#3211=VERTEX_POINT('',#10495);
#3212=VERTEX_POINT('',#10496);
#3213=VERTEX_POINT('',#10501);
#3214=VERTEX_POINT('',#10505);
#3215=VERTEX_POINT('',#10509);
#3216=VERTEX_POINT('',#10513);
#3217=VERTEX_POINT('',#10517);
#3218=VERTEX_POINT('',#10521);
#3219=VERTEX_POINT('',#10525);
#3220=VERTEX_POINT('',#10529);
#3221=VERTEX_POINT('',#10533);
#3222=VERTEX_POINT('',#10537);
#3223=VERTEX_POINT('',#10541);
#3224=VERTEX_POINT('',#10547);
#3225=VERTEX_POINT('',#10561);
#3226=VERTEX_POINT('',#10601);
#3227=VERTEX_POINT('',#10642);
#3228=VERTEX_POINT('',#10658);
#3229=VERTEX_POINT('',#10659);
#3230=VERTEX_POINT('',#10661);
#3231=VERTEX_POINT('',#10663);
#3232=VERTEX_POINT('',#10667);
#3233=VERTEX_POINT('',#10669);
#3234=VERTEX_POINT('',#10673);
#3235=VERTEX_POINT('',#10675);
#3236=VERTEX_POINT('',#10692);
#3237=VERTEX_POINT('',#10700);
#3238=VERTEX_POINT('',#10710);
#3239=VERTEX_POINT('',#10712);
#3240=VERTEX_POINT('',#10716);
#3241=VERTEX_POINT('',#10718);
#3242=VERTEX_POINT('',#10729);
#3243=VERTEX_POINT('',#10734);
#3244=VERTEX_POINT('',#10741);
#3245=VERTEX_POINT('',#10743);
#3246=VERTEX_POINT('',#10747);
#3247=VERTEX_POINT('',#10749);
#3248=VERTEX_POINT('',#10753);
#3249=VERTEX_POINT('',#10755);
#3250=VERTEX_POINT('',#10759);
#3251=VERTEX_POINT('',#10761);
#3252=VERTEX_POINT('',#10765);
#3253=VERTEX_POINT('',#10767);
#3254=VERTEX_POINT('',#10771);
#3255=VERTEX_POINT('',#10773);
#3256=VERTEX_POINT('',#10777);
#3257=VERTEX_POINT('',#10779);
#3258=VERTEX_POINT('',#10787);
#3259=VERTEX_POINT('',#10788);
#3260=VERTEX_POINT('',#10795);
#3261=VERTEX_POINT('',#10800);
#3262=VERTEX_POINT('',#10805);
#3263=VERTEX_POINT('',#10810);
#3264=VERTEX_POINT('',#10815);
#3265=VERTEX_POINT('',#10822);
#3266=VERTEX_POINT('',#10827);
#3267=VERTEX_POINT('',#10832);
#3268=VERTEX_POINT('',#10841);
#3269=VERTEX_POINT('',#10842);
#3270=VERTEX_POINT('',#10847);
#3271=VERTEX_POINT('',#10852);
#3272=VERTEX_POINT('',#10857);
#3273=VERTEX_POINT('',#10862);
#3274=VERTEX_POINT('',#10879);
#3275=VERTEX_POINT('',#10880);
#3276=VERTEX_POINT('',#10895);
#3277=VERTEX_POINT('',#10909);
#3278=VERTEX_POINT('',#10923);
#3279=VERTEX_POINT('',#10937);
#3280=VERTEX_POINT('',#10951);
#3281=VERTEX_POINT('',#10952);
#3282=VERTEX_POINT('',#10967);
#3283=VERTEX_POINT('',#10981);
#3284=VERTEX_POINT('',#10995);
#3285=VERTEX_POINT('',#11009);
#3286=VERTEX_POINT('',#11023);
#3287=VERTEX_POINT('',#11037);
#3288=VERTEX_POINT('',#11063);
#3289=VERTEX_POINT('',#11077);
#3290=VERTEX_POINT('',#11096);
#3291=VERTEX_POINT('',#11097);
#3292=VERTEX_POINT('',#11099);
#3293=VERTEX_POINT('',#11101);
#3294=VERTEX_POINT('',#11105);
#3295=VERTEX_POINT('',#11107);
#3296=VERTEX_POINT('',#11111);
#3297=VERTEX_POINT('',#11113);
#3298=VERTEX_POINT('',#11117);
#3299=VERTEX_POINT('',#11119);
#3300=VERTEX_POINT('',#11123);
#3301=VERTEX_POINT('',#11125);
#3302=VERTEX_POINT('',#11142);
#3303=VERTEX_POINT('',#11150);
#3304=VERTEX_POINT('',#11160);
#3305=VERTEX_POINT('',#11162);
#3306=VERTEX_POINT('',#11166);
#3307=VERTEX_POINT('',#11168);
#3308=VERTEX_POINT('',#11172);
#3309=VERTEX_POINT('',#11174);
#3310=VERTEX_POINT('',#11191);
#3311=VERTEX_POINT('',#11199);
#3312=VERTEX_POINT('',#11209);
#3313=VERTEX_POINT('',#11211);
#3314=VERTEX_POINT('',#11215);
#3315=VERTEX_POINT('',#11217);
#3316=VERTEX_POINT('',#11221);
#3317=VERTEX_POINT('',#11223);
#3318=VERTEX_POINT('',#11240);
#3319=VERTEX_POINT('',#11248);
#3320=VERTEX_POINT('',#11271);
#3321=VERTEX_POINT('',#11279);
#3322=VERTEX_POINT('',#11293);
#3323=VERTEX_POINT('',#11294);
#3324=VERTEX_POINT('',#11296);
#3325=VERTEX_POINT('',#11298);
#3326=VERTEX_POINT('',#11302);
#3327=VERTEX_POINT('',#11303);
#3328=VERTEX_POINT('',#11308);
#3329=VERTEX_POINT('',#11312);
#3330=VERTEX_POINT('',#11318);
#3331=VERTEX_POINT('',#11319);
#3332=VERTEX_POINT('',#11321);
#3333=VERTEX_POINT('',#11323);
#3334=VERTEX_POINT('',#11334);
#3335=VERTEX_POINT('',#11339);
#3336=VERTEX_POINT('',#11365);
#3337=VERTEX_POINT('',#11376);
#3338=VERTEX_POINT('',#11389);
#3339=VERTEX_POINT('',#11391);
#3340=VERTEX_POINT('',#11414);
#3341=VERTEX_POINT('',#11425);
#3342=VERTEX_POINT('',#11438);
#3343=VERTEX_POINT('',#11440);
#3344=VERTEX_POINT('',#11463);
#3345=VERTEX_POINT('',#11474);
#3346=VERTEX_POINT('',#11487);
#3347=VERTEX_POINT('',#11489);
#3348=VERTEX_POINT('',#11534);
#3349=VERTEX_POINT('',#11535);
#3350=VERTEX_POINT('',#11537);
#3351=VERTEX_POINT('',#11539);
#3352=VERTEX_POINT('',#11543);
#3353=VERTEX_POINT('',#11544);
#3354=VERTEX_POINT('',#11549);
#3355=VERTEX_POINT('',#11553);
#3356=VERTEX_POINT('',#11584);
#3357=VERTEX_POINT('',#11598);
#3358=VERTEX_POINT('',#11639);
#3359=VERTEX_POINT('',#11653);
#3360=VERTEX_POINT('',#11670);
#3361=VERTEX_POINT('',#11671);
#3362=VERTEX_POINT('',#11673);
#3363=VERTEX_POINT('',#11681);
#3364=VERTEX_POINT('',#11683);
#3365=VERTEX_POINT('',#11694);
#3366=VERTEX_POINT('',#11696);
#3367=VERTEX_POINT('',#11707);
#3368=VERTEX_POINT('',#11715);
#3369=VERTEX_POINT('',#11724);
#3370=VERTEX_POINT('',#11725);
#3371=VERTEX_POINT('',#11727);
#3372=VERTEX_POINT('',#11762);
#3373=VERTEX_POINT('',#11763);
#3374=VERTEX_POINT('',#11777);
#3375=VERTEX_POINT('',#11781);
#3376=VERTEX_POINT('',#11782);
#3377=VERTEX_POINT('',#11806);
#3378=VERTEX_POINT('',#11819);
#3379=VERTEX_POINT('',#11836);
#3380=VERTEX_POINT('',#11846);
#3381=VERTEX_POINT('',#11875);
#3382=VERTEX_POINT('',#11885);
#3383=VERTEX_POINT('',#11902);
#3384=VERTEX_POINT('',#11942);
#3385=VERTEX_POINT('',#11943);
#3386=VERTEX_POINT('',#11945);
#3387=VERTEX_POINT('',#11947);
#3388=VERTEX_POINT('',#11951);
#3389=VERTEX_POINT('',#11953);
#3390=VERTEX_POINT('',#11970);
#3391=VERTEX_POINT('',#11978);
#3392=VERTEX_POINT('',#11988);
#3393=VERTEX_POINT('',#11990);
#3394=VERTEX_POINT('',#12007);
#3395=VERTEX_POINT('',#12015);
#3396=VERTEX_POINT('',#12025);
#3397=VERTEX_POINT('',#12027);
#3398=VERTEX_POINT('',#12031);
#3399=VERTEX_POINT('',#12033);
#3400=VERTEX_POINT('',#12037);
#3401=VERTEX_POINT('',#12039);
#3402=VERTEX_POINT('',#12043);
#3403=VERTEX_POINT('',#12045);
#3404=VERTEX_POINT('',#12074);
#3405=VERTEX_POINT('',#12088);
#3406=VERTEX_POINT('',#12132);
#3407=VERTEX_POINT('',#12146);
#3408=VERTEX_POINT('',#12163);
#3409=VERTEX_POINT('',#12164);
#3410=VERTEX_POINT('',#12169);
#3411=VERTEX_POINT('',#12171);
#3412=VERTEX_POINT('',#12181);
#3413=VERTEX_POINT('',#12182);
#3414=VERTEX_POINT('',#12194);
#3415=VERTEX_POINT('',#12201);
#3416=VERTEX_POINT('',#12251);
#3417=VERTEX_POINT('',#12265);
#3418=VERTEX_POINT('',#12306);
#3419=VERTEX_POINT('',#12320);
#3420=VERTEX_POINT('',#12337);
#3421=VERTEX_POINT('',#12338);
#3422=VERTEX_POINT('',#12340);
#3423=VERTEX_POINT('',#12342);
#3424=VERTEX_POINT('',#12356);
#3425=VERTEX_POINT('',#12358);
#3426=VERTEX_POINT('',#12360);
#3427=VERTEX_POINT('',#12362);
#3428=VERTEX_POINT('',#12365);
#3429=VERTEX_POINT('',#12405);
#3430=VERTEX_POINT('',#12421);
#3431=VERTEX_POINT('',#12422);
#3432=VERTEX_POINT('',#12452);
#3433=VERTEX_POINT('',#12468);
#3434=VERTEX_POINT('',#12472);
#3435=VERTEX_POINT('',#12476);
#3436=VERTEX_POINT('',#12480);
#3437=VERTEX_POINT('',#12484);
#3438=VERTEX_POINT('',#12490);
#3439=VERTEX_POINT('',#12491);
#3440=VERTEX_POINT('',#12493);
#3441=VERTEX_POINT('',#12495);
#3442=VERTEX_POINT('',#12499);
#3443=VERTEX_POINT('',#12501);
#3444=VERTEX_POINT('',#12505);
#3445=VERTEX_POINT('',#12507);
#3446=VERTEX_POINT('',#12511);
#3447=VERTEX_POINT('',#12513);
#3448=VERTEX_POINT('',#12517);
#3449=VERTEX_POINT('',#12519);
#3450=VERTEX_POINT('',#12523);
#3451=VERTEX_POINT('',#12524);
#3452=VERTEX_POINT('',#12526);
#3453=VERTEX_POINT('',#12528);
#3454=VERTEX_POINT('',#12545);
#3455=VERTEX_POINT('',#12553);
#3456=VERTEX_POINT('',#12563);
#3457=VERTEX_POINT('',#12565);
#3458=VERTEX_POINT('',#12569);
#3459=VERTEX_POINT('',#12571);
#3460=VERTEX_POINT('',#12588);
#3461=VERTEX_POINT('',#12596);
#3462=VERTEX_POINT('',#12613);
#3463=VERTEX_POINT('',#12618);
#3464=VERTEX_POINT('',#12628);
#3465=VERTEX_POINT('',#12630);
#3466=VERTEX_POINT('',#12638);
#3467=VERTEX_POINT('',#12639);
#3468=VERTEX_POINT('',#12641);
#3469=VERTEX_POINT('',#12643);
#3470=VERTEX_POINT('',#12645);
#3471=VERTEX_POINT('',#12647);
#3472=VERTEX_POINT('',#12649);
#3473=VERTEX_POINT('',#12651);
#3474=VERTEX_POINT('',#12653);
#3475=VERTEX_POINT('',#12655);
#3476=VERTEX_POINT('',#12659);
#3477=VERTEX_POINT('',#12660);
#3478=VERTEX_POINT('',#12665);
#3479=VERTEX_POINT('',#12669);
#3480=VERTEX_POINT('',#12673);
#3481=VERTEX_POINT('',#12677);
#3482=VERTEX_POINT('',#12681);
#3483=VERTEX_POINT('',#12685);
#3484=VERTEX_POINT('',#12689);
#3485=VERTEX_POINT('',#12693);
#3486=VERTEX_POINT('',#12706);
#3487=VERTEX_POINT('',#12707);
#3488=VERTEX_POINT('',#12712);
#3489=VERTEX_POINT('',#12714);
#3490=VERTEX_POINT('',#12731);
#3491=VERTEX_POINT('',#12736);
#3492=VERTEX_POINT('',#12746);
#3493=VERTEX_POINT('',#12748);
#3494=VERTEX_POINT('',#12752);
#3495=VERTEX_POINT('',#12754);
#3496=VERTEX_POINT('',#12758);
#3497=VERTEX_POINT('',#12760);
#3498=VERTEX_POINT('',#12771);
#3499=VERTEX_POINT('',#12772);
#3500=VERTEX_POINT('',#12777);
#3501=VERTEX_POINT('',#12779);
#3502=VERTEX_POINT('',#12796);
#3503=VERTEX_POINT('',#12801);
#3504=VERTEX_POINT('',#12811);
#3505=VERTEX_POINT('',#12813);
#3506=VERTEX_POINT('',#12824);
#3507=VERTEX_POINT('',#12825);
#3508=VERTEX_POINT('',#12830);
#3509=VERTEX_POINT('',#12832);
#3510=VERTEX_POINT('',#12849);
#3511=VERTEX_POINT('',#12854);
#3512=VERTEX_POINT('',#12864);
#3513=VERTEX_POINT('',#12866);
#3514=VERTEX_POINT('',#12877);
#3515=VERTEX_POINT('',#12882);
#3516=VERTEX_POINT('',#12899);
#3517=VERTEX_POINT('',#12904);
#3518=VERTEX_POINT('',#12921);
#3519=VERTEX_POINT('',#12926);
#3520=VERTEX_POINT('',#12936);
#3521=VERTEX_POINT('',#12938);
#3522=VERTEX_POINT('',#12968);
#3523=VERTEX_POINT('',#12973);
#3524=VERTEX_POINT('',#12990);
#3525=VERTEX_POINT('',#12995);
#3526=VERTEX_POINT('',#13005);
#3527=VERTEX_POINT('',#13007);
#3528=VERTEX_POINT('',#13021);
#3529=VERTEX_POINT('',#13026);
#3530=VERTEX_POINT('',#13043);
#3531=VERTEX_POINT('',#13048);
#3532=VERTEX_POINT('',#13058);
#3533=VERTEX_POINT('',#13060);
#3534=VERTEX_POINT('',#13068);
#3535=VERTEX_POINT('',#13069);
#3536=VERTEX_POINT('',#13071);
#3537=VERTEX_POINT('',#13073);
#3538=VERTEX_POINT('',#13075);
#3539=VERTEX_POINT('',#13077);
#3540=VERTEX_POINT('',#13079);
#3541=VERTEX_POINT('',#13081);
#3542=VERTEX_POINT('',#13083);
#3543=VERTEX_POINT('',#13085);
#3544=VERTEX_POINT('',#13087);
#3545=VERTEX_POINT('',#13089);
#3546=VERTEX_POINT('',#13091);
#3547=VERTEX_POINT('',#13095);
#3548=VERTEX_POINT('',#13096);
#3549=VERTEX_POINT('',#13101);
#3550=VERTEX_POINT('',#13105);
#3551=VERTEX_POINT('',#13109);
#3552=VERTEX_POINT('',#13113);
#3553=VERTEX_POINT('',#13117);
#3554=VERTEX_POINT('',#13121);
#3555=VERTEX_POINT('',#13125);
#3556=VERTEX_POINT('',#13129);
#3557=VERTEX_POINT('',#13133);
#3558=VERTEX_POINT('',#13137);
#3559=VERTEX_POINT('',#13141);
#3560=VERTEX_POINT('',#13147);
#3561=VERTEX_POINT('',#13148);
#3562=VERTEX_POINT('',#13150);
#3563=VERTEX_POINT('',#13152);
#3564=VERTEX_POINT('',#13156);
#3565=VERTEX_POINT('',#13158);
#3566=VERTEX_POINT('',#13162);
#3567=VERTEX_POINT('',#13164);
#3568=VERTEX_POINT('',#13168);
#3569=VERTEX_POINT('',#13170);
#3570=VERTEX_POINT('',#13174);
#3571=VERTEX_POINT('',#13176);
#3572=VERTEX_POINT('',#13184);
#3573=VERTEX_POINT('',#13185);
#3574=VERTEX_POINT('',#13187);
#3575=VERTEX_POINT('',#13189);
#3576=VERTEX_POINT('',#13193);
#3577=VERTEX_POINT('',#13194);
#3578=VERTEX_POINT('',#13199);
#3579=VERTEX_POINT('',#13203);
#3580=VERTEX_POINT('',#13209);
#3581=VERTEX_POINT('',#13210);
#3582=VERTEX_POINT('',#13212);
#3583=VERTEX_POINT('',#13214);
#3584=VERTEX_POINT('',#13218);
#3585=VERTEX_POINT('',#13220);
#3586=VERTEX_POINT('',#13224);
#3587=VERTEX_POINT('',#13226);
#3588=VERTEX_POINT('',#13237);
#3589=VERTEX_POINT('',#13238);
#3590=VERTEX_POINT('',#13243);
#3591=VERTEX_POINT('',#13245);
#3592=VERTEX_POINT('',#13262);
#3593=VERTEX_POINT('',#13267);
#3594=VERTEX_POINT('',#13277);
#3595=VERTEX_POINT('',#13279);
#3596=VERTEX_POINT('',#13290);
#3597=VERTEX_POINT('',#13295);
#3598=VERTEX_POINT('',#13312);
#3599=VERTEX_POINT('',#13317);
#3600=VERTEX_POINT('',#13334);
#3601=VERTEX_POINT('',#13339);
#3602=VERTEX_POINT('',#13375);
#3603=VERTEX_POINT('',#13380);
#3604=VERTEX_POINT('',#13397);
#3605=VERTEX_POINT('',#13402);
#3606=VERTEX_POINT('',#13412);
#3607=VERTEX_POINT('',#13414);
#3608=VERTEX_POINT('',#13422);
#3609=VERTEX_POINT('',#13423);
#3610=VERTEX_POINT('',#13431);
#3611=VERTEX_POINT('',#13439);
#3612=VERTEX_POINT('',#13447);
#3613=VERTEX_POINT('',#13455);
#3614=VERTEX_POINT('',#13463);
#3615=VERTEX_POINT('',#13471);
#3616=VERTEX_POINT('',#13479);
#3617=VERTEX_POINT('',#13481);
#3618=VERTEX_POINT('',#13483);
#3619=VERTEX_POINT('',#13491);
#3620=VERTEX_POINT('',#13499);
#3621=VERTEX_POINT('',#13507);
#3622=VERTEX_POINT('',#13522);
#3623=VERTEX_POINT('',#13523);
#3624=VERTEX_POINT('',#13531);
#3625=VERTEX_POINT('',#13539);
#3626=VERTEX_POINT('',#13547);
#3627=VERTEX_POINT('',#13555);
#3628=VERTEX_POINT('',#13563);
#3629=VERTEX_POINT('',#13586);
#3630=VERTEX_POINT('',#13587);
#3631=VERTEX_POINT('',#13602);
#3632=VERTEX_POINT('',#13616);
#3633=VERTEX_POINT('',#13630);
#3634=VERTEX_POINT('',#13644);
#3635=VERTEX_POINT('',#13645);
#3636=VERTEX_POINT('',#13660);
#3637=VERTEX_POINT('',#13674);
#3638=VERTEX_POINT('',#13688);
#3639=VERTEX_POINT('',#13702);
#3640=VERTEX_POINT('',#13716);
#3641=VERTEX_POINT('',#13730);
#3642=VERTEX_POINT('',#13744);
#3643=VERTEX_POINT('',#13758);
#3644=VERTEX_POINT('',#13784);
#3645=VERTEX_POINT('',#13798);
#3646=VERTEX_POINT('',#13812);
#3647=VERTEX_POINT('',#13826);
#3648=VERTEX_POINT('',#13840);
#3649=VERTEX_POINT('',#13847);
#3650=VERTEX_POINT('',#13853);
#3651=VERTEX_POINT('',#13854);
#3652=VERTEX_POINT('',#13856);
#3653=VERTEX_POINT('',#13858);
#3654=VERTEX_POINT('',#13862);
#3655=VERTEX_POINT('',#13864);
#3656=VERTEX_POINT('',#13868);
#3657=VERTEX_POINT('',#13870);
#3658=VERTEX_POINT('',#13878);
#3659=VERTEX_POINT('',#13879);
#3660=VERTEX_POINT('',#13887);
#3661=VERTEX_POINT('',#13895);
#3662=VERTEX_POINT('',#13903);
#3663=VERTEX_POINT('',#13911);
#3664=VERTEX_POINT('',#13919);
#3665=VERTEX_POINT('',#13921);
#3666=VERTEX_POINT('',#13923);
#3667=VERTEX_POINT('',#13925);
#3668=VERTEX_POINT('',#13927);
#3669=VERTEX_POINT('',#13929);
#3670=VERTEX_POINT('',#13937);
#3671=VERTEX_POINT('',#13945);
#3672=VERTEX_POINT('',#13953);
#3673=VERTEX_POINT('',#13961);
#3674=VERTEX_POINT('',#13969);
#3675=VERTEX_POINT('',#13977);
#3676=VERTEX_POINT('',#13985);
#3677=VERTEX_POINT('',#13987);
#3678=VERTEX_POINT('',#13997);
#3679=VERTEX_POINT('',#13998);
#3680=VERTEX_POINT('',#14003);
#3681=VERTEX_POINT('',#14007);
#3682=VERTEX_POINT('',#14011);
#3683=VERTEX_POINT('',#14015);
#3684=VERTEX_POINT('',#14026);
#3685=VERTEX_POINT('',#14040);
#3686=VERTEX_POINT('',#14054);
#3687=VERTEX_POINT('',#14068);
#3688=VERTEX_POINT('',#14082);
#3689=VERTEX_POINT('',#14096);
#3690=VERTEX_POINT('',#14103);
#3691=VERTEX_POINT('',#14107);
#3692=VERTEX_POINT('',#14118);
#3693=VERTEX_POINT('',#14132);
#3694=VERTEX_POINT('',#14146);
#3695=VERTEX_POINT('',#14160);
#3696=VERTEX_POINT('',#14174);
#3697=VERTEX_POINT('',#14188);
#3698=VERTEX_POINT('',#14207);
#3699=VERTEX_POINT('',#14208);
#3700=VERTEX_POINT('',#14210);
#3701=VERTEX_POINT('',#14212);
#3702=VERTEX_POINT('',#14216);
#3703=VERTEX_POINT('',#14218);
#3704=VERTEX_POINT('',#14222);
#3705=VERTEX_POINT('',#14224);
#3706=VERTEX_POINT('',#14228);
#3707=VERTEX_POINT('',#14230);
#3708=VERTEX_POINT('',#14234);
#3709=VERTEX_POINT('',#14236);
#3710=VERTEX_POINT('',#14240);
#3711=VERTEX_POINT('',#14241);
#3712=VERTEX_POINT('',#14243);
#3713=VERTEX_POINT('',#14245);
#3714=VERTEX_POINT('',#14249);
#3715=VERTEX_POINT('',#14251);
#3716=VERTEX_POINT('',#14255);
#3717=VERTEX_POINT('',#14257);
#3718=VERTEX_POINT('',#14261);
#3719=VERTEX_POINT('',#14263);
#3720=VERTEX_POINT('',#14267);
#3721=VERTEX_POINT('',#14269);
#3722=VERTEX_POINT('',#14273);
#3723=VERTEX_POINT('',#14275);
#3724=VERTEX_POINT('',#14282);
#3725=VERTEX_POINT('',#14284);
#3726=VERTEX_POINT('',#14293);
#3727=VERTEX_POINT('',#14294);
#3728=VERTEX_POINT('',#14296);
#3729=VERTEX_POINT('',#14298);
#3730=VERTEX_POINT('',#14301);
#3731=VERTEX_POINT('',#14302);
#3732=VERTEX_POINT('',#14304);
#3733=VERTEX_POINT('',#14306);
#3734=VERTEX_POINT('',#14308);
#3735=VERTEX_POINT('',#14310);
#3736=VERTEX_POINT('',#14312);
#3737=VERTEX_POINT('',#14314);
#3738=VERTEX_POINT('',#14316);
#3739=VERTEX_POINT('',#14318);
#3740=VERTEX_POINT('',#14321);
#3741=VERTEX_POINT('',#14322);
#3742=VERTEX_POINT('',#14327);
#3743=VERTEX_POINT('',#14332);
#3744=VERTEX_POINT('',#14337);
#3745=VERTEX_POINT('',#14342);
#3746=VERTEX_POINT('',#14347);
#3747=VERTEX_POINT('',#14352);
#3748=VERTEX_POINT('',#14361);
#3749=VERTEX_POINT('',#14362);
#3750=VERTEX_POINT('',#14364);
#3751=VERTEX_POINT('',#14366);
#3752=VERTEX_POINT('',#14368);
#3753=VERTEX_POINT('',#14370);
#3754=VERTEX_POINT('',#14372);
#3755=VERTEX_POINT('',#14374);
#3756=VERTEX_POINT('',#14376);
#3757=VERTEX_POINT('',#14378);
#3758=VERTEX_POINT('',#14381);
#3759=VERTEX_POINT('',#14382);
#3760=VERTEX_POINT('',#14387);
#3761=VERTEX_POINT('',#14392);
#3762=VERTEX_POINT('',#14397);
#3763=VERTEX_POINT('',#14402);
#3764=VERTEX_POINT('',#14407);
#3765=VERTEX_POINT('',#14412);
#3766=VERTEX_POINT('',#14421);
#3767=VERTEX_POINT('',#14422);
#3768=VERTEX_POINT('',#14424);
#3769=VERTEX_POINT('',#14426);
#3770=VERTEX_POINT('',#14428);
#3771=VERTEX_POINT('',#14430);
#3772=VERTEX_POINT('',#14432);
#3773=VERTEX_POINT('',#14434);
#3774=VERTEX_POINT('',#14436);
#3775=VERTEX_POINT('',#14438);
#3776=VERTEX_POINT('',#14455);
#3777=VERTEX_POINT('',#14456);
#3778=VERTEX_POINT('',#14461);
#3779=VERTEX_POINT('',#14466);
#3780=VERTEX_POINT('',#14471);
#3781=VERTEX_POINT('',#14476);
#3782=VERTEX_POINT('',#14487);
#3783=VERTEX_POINT('',#14488);
#3784=VERTEX_POINT('',#14493);
#3785=VERTEX_POINT('',#14498);
#3786=VERTEX_POINT('',#14503);
#3787=VERTEX_POINT('',#14508);
#3788=VERTEX_POINT('',#14520);
#3789=VERTEX_POINT('',#14521);
#3790=VERTEX_POINT('',#14523);
#3791=VERTEX_POINT('',#14525);
#3792=VERTEX_POINT('',#14529);
#3793=VERTEX_POINT('',#14531);
#3794=VERTEX_POINT('',#14535);
#3795=VERTEX_POINT('',#14536);
#3796=VERTEX_POINT('',#14538);
#3797=VERTEX_POINT('',#14540);
#3798=VERTEX_POINT('',#14542);
#3799=VERTEX_POINT('',#14544);
#3800=VERTEX_POINT('',#14546);
#3801=VERTEX_POINT('',#14548);
#3802=VERTEX_POINT('',#14550);
#3803=VERTEX_POINT('',#14552);
#3804=VERTEX_POINT('',#14554);
#3805=VERTEX_POINT('',#14556);
#3806=VERTEX_POINT('',#14558);
#3807=VERTEX_POINT('',#14560);
#3808=VERTEX_POINT('',#14562);
#3809=VERTEX_POINT('',#14564);
#3810=VERTEX_POINT('',#14567);
#3811=VERTEX_POINT('',#14569);
#3812=VERTEX_POINT('',#14571);
#3813=VERTEX_POINT('',#14573);
#3814=VERTEX_POINT('',#14575);
#3815=VERTEX_POINT('',#14577);
#3816=VERTEX_POINT('',#14579);
#3817=VERTEX_POINT('',#14581);
#3818=VERTEX_POINT('',#14583);
#3819=VERTEX_POINT('',#14585);
#3820=VERTEX_POINT('',#14587);
#3821=VERTEX_POINT('',#14589);
#3822=VERTEX_POINT('',#14591);
#3823=VERTEX_POINT('',#14595);
#3824=VERTEX_POINT('',#14597);
#3825=VERTEX_POINT('',#14601);
#3826=VERTEX_POINT('',#14605);
#3827=VERTEX_POINT('',#14607);
#3828=VERTEX_POINT('',#14611);
#3829=VERTEX_POINT('',#14615);
#3830=VERTEX_POINT('',#14617);
#3831=VERTEX_POINT('',#14621);
#3832=VERTEX_POINT('',#14625);
#3833=VERTEX_POINT('',#14627);
#3834=VERTEX_POINT('',#14631);
#3835=VERTEX_POINT('',#14632);
#3836=VERTEX_POINT('',#14637);
#3837=VERTEX_POINT('',#14641);
#3838=VERTEX_POINT('',#14645);
#3839=VERTEX_POINT('',#14647);
#3840=VERTEX_POINT('',#14649);
#3841=VERTEX_POINT('',#14653);
#3842=VERTEX_POINT('',#14655);
#3843=VERTEX_POINT('',#14657);
#3844=VERTEX_POINT('',#14661);
#3845=VERTEX_POINT('',#14663);
#3846=VERTEX_POINT('',#14667);
#3847=VERTEX_POINT('',#14669);
#3848=VERTEX_POINT('',#14673);
#3849=VERTEX_POINT('',#14674);
#3850=VERTEX_POINT('',#14679);
#3851=VERTEX_POINT('',#14683);
#3852=VERTEX_POINT('',#14687);
#3853=VERTEX_POINT('',#14689);
#3854=VERTEX_POINT('',#14691);
#3855=VERTEX_POINT('',#14695);
#3856=VERTEX_POINT('',#14697);
#3857=VERTEX_POINT('',#14699);
#3858=VERTEX_POINT('',#14703);
#3859=VERTEX_POINT('',#14705);
#3860=VERTEX_POINT('',#14709);
#3861=VERTEX_POINT('',#14711);
#3862=VERTEX_POINT('',#14715);
#3863=VERTEX_POINT('',#14716);
#3864=VERTEX_POINT('',#14721);
#3865=VERTEX_POINT('',#14725);
#3866=VERTEX_POINT('',#14729);
#3867=VERTEX_POINT('',#14731);
#3868=VERTEX_POINT('',#14733);
#3869=VERTEX_POINT('',#14737);
#3870=VERTEX_POINT('',#14739);
#3871=VERTEX_POINT('',#14741);
#3872=VERTEX_POINT('',#14745);
#3873=VERTEX_POINT('',#14747);
#3874=VERTEX_POINT('',#14751);
#3875=VERTEX_POINT('',#14753);
#3876=VERTEX_POINT('',#14757);
#3877=VERTEX_POINT('',#14758);
#3878=VERTEX_POINT('',#14763);
#3879=VERTEX_POINT('',#14767);
#3880=VERTEX_POINT('',#14771);
#3881=VERTEX_POINT('',#14773);
#3882=VERTEX_POINT('',#14775);
#3883=VERTEX_POINT('',#14779);
#3884=VERTEX_POINT('',#14781);
#3885=VERTEX_POINT('',#14783);
#3886=VERTEX_POINT('',#14787);
#3887=VERTEX_POINT('',#14789);
#3888=VERTEX_POINT('',#14793);
#3889=VERTEX_POINT('',#14795);
#3890=VERTEX_POINT('',#14801);
#3891=VERTEX_POINT('',#14803);
#3892=VERTEX_POINT('',#14809);
#3893=VERTEX_POINT('',#14811);
#3894=VERTEX_POINT('',#14817);
#3895=VERTEX_POINT('',#14819);
#3896=VERTEX_POINT('',#14825);
#3897=VERTEX_POINT('',#14827);
#3898=VERTEX_POINT('',#14857);
#3899=VERTEX_POINT('',#14859);
#3900=VERTEX_POINT('',#14864);
#3901=VERTEX_POINT('',#14865);
#3902=VERTEX_POINT('',#14867);
#3903=VERTEX_POINT('',#14869);
#3904=VERTEX_POINT('',#14874);
#3905=VERTEX_POINT('',#14876);
#3906=VERTEX_POINT('',#14883);
#3907=VERTEX_POINT('',#14884);
#3908=VERTEX_POINT('',#14886);
#3909=VERTEX_POINT('',#14888);
#3910=VERTEX_POINT('',#14892);
#3911=VERTEX_POINT('',#14894);
#3912=VERTEX_POINT('',#14899);
#3913=VERTEX_POINT('',#14901);
#3914=VERTEX_POINT('',#14903);
#3915=VERTEX_POINT('',#14905);
#3916=VERTEX_POINT('',#14907);
#3917=VERTEX_POINT('',#14909);
#3918=VERTEX_POINT('',#14911);
#3919=VERTEX_POINT('',#14913);
#3920=VERTEX_POINT('',#14915);
#3921=VERTEX_POINT('',#14917);
#3922=VERTEX_POINT('',#14919);
#3923=VERTEX_POINT('',#14921);
#3924=VERTEX_POINT('',#14923);
#3925=VERTEX_POINT('',#14925);
#3926=VERTEX_POINT('',#14927);
#3927=VERTEX_POINT('',#14929);
#3928=VERTEX_POINT('',#14931);
#3929=VERTEX_POINT('',#14933);
#3930=VERTEX_POINT('',#14938);
#3931=VERTEX_POINT('',#14943);
#3932=VERTEX_POINT('',#14950);
#3933=VERTEX_POINT('',#14951);
#3934=VERTEX_POINT('',#14953);
#3935=VERTEX_POINT('',#14957);
#3936=VERTEX_POINT('',#14958);
#3937=VERTEX_POINT('',#14963);
#3938=VERTEX_POINT('',#14964);
#3939=VERTEX_POINT('',#14969);
#3940=VERTEX_POINT('',#14973);
#3941=VERTEX_POINT('',#14974);
#3942=VERTEX_POINT('',#14976);
#3943=VERTEX_POINT('',#14980);
#3944=VERTEX_POINT('',#14981);
#3945=VERTEX_POINT('',#14989);
#3946=VERTEX_POINT('',#14991);
#3947=VERTEX_POINT('',#14995);
#3948=VERTEX_POINT('',#15011);
#3949=VERTEX_POINT('',#15013);
#3950=VERTEX_POINT('',#15015);
#3951=VERTEX_POINT('',#15017);
#3952=VERTEX_POINT('',#15019);
#3953=VERTEX_POINT('',#15021);
#3954=VERTEX_POINT('',#15023);
#3955=VERTEX_POINT('',#15025);
#3956=VERTEX_POINT('',#15027);
#3957=VERTEX_POINT('',#15030);
#3958=VERTEX_POINT('',#15032);
#3959=VERTEX_POINT('',#15036);
#3960=VERTEX_POINT('',#15040);
#3961=VERTEX_POINT('',#15042);
#3962=VERTEX_POINT('',#15048);
#3963=VERTEX_POINT('',#15052);
#3964=VERTEX_POINT('',#15056);
#3965=VERTEX_POINT('',#15058);
#3966=VERTEX_POINT('',#15064);
#3967=VERTEX_POINT('',#15066);
#3968=VERTEX_POINT('',#15071);
#3969=VERTEX_POINT('',#15073);
#3970=VERTEX_POINT('',#15078);
#3971=VERTEX_POINT('',#15080);
#3972=VERTEX_POINT('',#15085);
#3973=VERTEX_POINT('',#15087);
#3974=VERTEX_POINT('',#15092);
#3975=VERTEX_POINT('',#15094);
#3976=VERTEX_POINT('',#15099);
#3977=VERTEX_POINT('',#15101);
#3978=VERTEX_POINT('',#15106);
#3979=VERTEX_POINT('',#15108);
#3980=VERTEX_POINT('',#15113);
#3981=VERTEX_POINT('',#15115);
#3982=VERTEX_POINT('',#15120);
#3983=VERTEX_POINT('',#15125);
#3984=VERTEX_POINT('',#15127);
#3985=VERTEX_POINT('',#15133);
#3986=VERTEX_POINT('',#15135);
#3987=VERTEX_POINT('',#15137);
#3988=VERTEX_POINT('',#15141);
#3989=VERTEX_POINT('',#15143);
#3990=VERTEX_POINT('',#15148);
#3991=VERTEX_POINT('',#15152);
#3992=VERTEX_POINT('',#15157);
#3993=VERTEX_POINT('',#15161);
#3994=VERTEX_POINT('',#15165);
#3995=VERTEX_POINT('',#15169);
#3996=VERTEX_POINT('',#15173);
#3997=VERTEX_POINT('',#15179);
#3998=VERTEX_POINT('',#15185);
#3999=VERTEX_POINT('',#15189);
#4000=VERTEX_POINT('',#15195);
#4001=EDGE_CURVE('',#3198,#3199,#1544,.T.);
#4002=EDGE_CURVE('',#3200,#3198,#1545,.T.);
#4003=EDGE_CURVE('',#3201,#3200,#1546,.T.);
#4004=EDGE_CURVE('',#3202,#3201,#1547,.T.);
#4005=EDGE_CURVE('',#3203,#3202,#1548,.T.);
#4006=EDGE_CURVE('',#3204,#3203,#1549,.T.);
#4007=EDGE_CURVE('',#3205,#3204,#1550,.T.);
#4008=EDGE_CURVE('',#3206,#3205,#1551,.T.);
#4009=EDGE_CURVE('',#3207,#3206,#1552,.T.);
#4010=EDGE_CURVE('',#3208,#3207,#1553,.T.);
#4011=EDGE_CURVE('',#3209,#3208,#1554,.T.);
#4012=EDGE_CURVE('',#3210,#3209,#1555,.T.);
#4013=EDGE_CURVE('',#3199,#3210,#1556,.T.);
#4014=EDGE_CURVE('',#3211,#3212,#1557,.T.);
#4015=EDGE_CURVE('',#3205,#3211,#1558,.T.);
#4016=EDGE_CURVE('',#3204,#3212,#1559,.T.);
#4017=EDGE_CURVE('',#3212,#3213,#1560,.T.);
#4018=EDGE_CURVE('',#3203,#3213,#1561,.T.);
#4019=EDGE_CURVE('',#3213,#3214,#1562,.T.);
#4020=EDGE_CURVE('',#3202,#3214,#1563,.T.);
#4021=EDGE_CURVE('',#3214,#3215,#1564,.T.);
#4022=EDGE_CURVE('',#3201,#3215,#1565,.T.);
#4023=EDGE_CURVE('',#3215,#3216,#1566,.T.);
#4024=EDGE_CURVE('',#3200,#3216,#1567,.T.);
#4025=EDGE_CURVE('',#3216,#3217,#1568,.T.);
#4026=EDGE_CURVE('',#3198,#3217,#1569,.T.);
#4027=EDGE_CURVE('',#3217,#3218,#1570,.T.);
#4028=EDGE_CURVE('',#3199,#3218,#1571,.T.);
#4029=EDGE_CURVE('',#3218,#3219,#1572,.T.);
#4030=EDGE_CURVE('',#3210,#3219,#1573,.T.);
#4031=EDGE_CURVE('',#3219,#3220,#1574,.T.);
#4032=EDGE_CURVE('',#3209,#3220,#1575,.T.);
#4033=EDGE_CURVE('',#3220,#3221,#1576,.T.);
#4034=EDGE_CURVE('',#3208,#3221,#1577,.T.);
#4035=EDGE_CURVE('',#3221,#3222,#1578,.T.);
#4036=EDGE_CURVE('',#3207,#3222,#1579,.T.);
#4037=EDGE_CURVE('',#3222,#3223,#1580,.T.);
#4038=EDGE_CURVE('',#3206,#3223,#1581,.T.);
#4039=EDGE_CURVE('',#3223,#3211,#1582,.T.);
#4040=EDGE_CURVE('',#3224,#3224,#369,.T.);
#4041=EDGE_CURVE('',#3225,#3225,#370,.T.);
#4042=EDGE_CURVE('',#3226,#3226,#371,.T.);
#4043=EDGE_CURVE('',#3225,#3226,#1583,.T.);
#4044=EDGE_CURVE('',#3227,#3227,#372,.T.);
#4045=EDGE_CURVE('',#3224,#3227,#1584,.T.);
#4046=EDGE_CURVE('',#3228,#3229,#1585,.T.);
#4047=EDGE_CURVE('',#3230,#3228,#1586,.T.);
#4048=EDGE_CURVE('',#3230,#3231,#1587,.T.);
#4049=EDGE_CURVE('',#3231,#3229,#1588,.T.);
#4050=EDGE_CURVE('',#3232,#3228,#1589,.T.);
#4051=EDGE_CURVE('',#3233,#3232,#1590,.T.);
#4052=EDGE_CURVE('',#3233,#3230,#1591,.T.);
#4053=EDGE_CURVE('',#3234,#3232,#1592,.T.);
#4054=EDGE_CURVE('',#3235,#3234,#1593,.T.);
#4055=EDGE_CURVE('',#3235,#3233,#1594,.T.);
#4056=EDGE_CURVE('',#3236,#3234,#373,.T.);
#4057=EDGE_CURVE('',#3237,#3236,#1595,.T.);
#4058=EDGE_CURVE('',#3237,#3235,#374,.T.);
#4059=EDGE_CURVE('',#3238,#3236,#1596,.T.);
#4060=EDGE_CURVE('',#3239,#3238,#1597,.T.);
#4061=EDGE_CURVE('',#3239,#3237,#1598,.T.);
#4062=EDGE_CURVE('',#3240,#3238,#1599,.T.);
#4063=EDGE_CURVE('',#3241,#3240,#1600,.T.);
#4064=EDGE_CURVE('',#3241,#3239,#1601,.T.);
#4065=EDGE_CURVE('',#3242,#3240,#375,.T.);
#4066=EDGE_CURVE('',#3243,#3242,#1602,.T.);
#4067=EDGE_CURVE('',#3243,#3241,#376,.T.);
#4068=EDGE_CURVE('',#3244,#3242,#1603,.T.);
#4069=EDGE_CURVE('',#3245,#3244,#1604,.T.);
#4070=EDGE_CURVE('',#3245,#3243,#1605,.T.);
#4071=EDGE_CURVE('',#3246,#3244,#1606,.T.);
#4072=EDGE_CURVE('',#3247,#3246,#1607,.T.);
#4073=EDGE_CURVE('',#3247,#3245,#1608,.T.);
#4074=EDGE_CURVE('',#3248,#3246,#1609,.T.);
#4075=EDGE_CURVE('',#3249,#3248,#1610,.T.);
#4076=EDGE_CURVE('',#3249,#3247,#1611,.T.);
#4077=EDGE_CURVE('',#3250,#3248,#1612,.T.);
#4078=EDGE_CURVE('',#3251,#3250,#1613,.T.);
#4079=EDGE_CURVE('',#3251,#3249,#1614,.T.);
#4080=EDGE_CURVE('',#3252,#3250,#1615,.T.);
#4081=EDGE_CURVE('',#3253,#3252,#1616,.T.);
#4082=EDGE_CURVE('',#3253,#3251,#1617,.T.);
#4083=EDGE_CURVE('',#3254,#3252,#1618,.T.);
#4084=EDGE_CURVE('',#3255,#3254,#1619,.T.);
#4085=EDGE_CURVE('',#3255,#3253,#1620,.T.);
#4086=EDGE_CURVE('',#3256,#3254,#1621,.T.);
#4087=EDGE_CURVE('',#3257,#3256,#1622,.T.);
#4088=EDGE_CURVE('',#3257,#3255,#1623,.T.);
#4089=EDGE_CURVE('',#3229,#3256,#1624,.T.);
#4090=EDGE_CURVE('',#3231,#3257,#1625,.T.);
#4091=EDGE_CURVE('',#3258,#3259,#377,.T.);
#4092=EDGE_CURVE('',#3260,#3258,#378,.T.);
#4093=EDGE_CURVE('',#3261,#3260,#379,.T.);
#4094=EDGE_CURVE('',#3262,#3261,#380,.T.);
#4095=EDGE_CURVE('',#3263,#3262,#381,.T.);
#4096=EDGE_CURVE('',#3264,#3263,#382,.T.);
#4097=EDGE_CURVE('',#3265,#3264,#383,.T.);
#4098=EDGE_CURVE('',#3266,#3265,#384,.T.);
#4099=EDGE_CURVE('',#3267,#3266,#385,.T.);
#4100=EDGE_CURVE('',#3259,#3267,#386,.T.);
#4101=EDGE_CURVE('',#3268,#3269,#387,.T.);
#4102=EDGE_CURVE('',#3270,#3268,#388,.T.);
#4103=EDGE_CURVE('',#3271,#3270,#389,.T.);
#4104=EDGE_CURVE('',#3272,#3271,#390,.T.);
#4105=EDGE_CURVE('',#3273,#3272,#391,.T.);
#4106=EDGE_CURVE('',#3269,#3273,#392,.T.);
#4107=EDGE_CURVE('',#3274,#3275,#393,.T.);
#4108=EDGE_CURVE('',#3263,#3274,#1626,.T.);
#4109=EDGE_CURVE('',#3262,#3275,#1627,.T.);
#4110=EDGE_CURVE('',#3275,#3276,#394,.T.);
#4111=EDGE_CURVE('',#3261,#3276,#1628,.T.);
#4112=EDGE_CURVE('',#3276,#3277,#395,.T.);
#4113=EDGE_CURVE('',#3260,#3277,#1629,.T.);
#4114=EDGE_CURVE('',#3277,#3278,#396,.T.);
#4115=EDGE_CURVE('',#3258,#3278,#1630,.T.);
#4116=EDGE_CURVE('',#3278,#3279,#397,.T.);
#4117=EDGE_CURVE('',#3259,#3279,#1631,.T.);
#4118=EDGE_CURVE('',#3280,#3281,#398,.T.);
#4119=EDGE_CURVE('',#3271,#3280,#1632,.T.);
#4120=EDGE_CURVE('',#3270,#3281,#1633,.T.);
#4121=EDGE_CURVE('',#3281,#3282,#399,.T.);
#4122=EDGE_CURVE('',#3268,#3282,#1634,.T.);
#4123=EDGE_CURVE('',#3282,#3283,#400,.T.);
#4124=EDGE_CURVE('',#3269,#3283,#1635,.T.);
#4125=EDGE_CURVE('',#3279,#3284,#401,.T.);
#4126=EDGE_CURVE('',#3267,#3284,#1636,.T.);
#4127=EDGE_CURVE('',#3284,#3285,#402,.T.);
#4128=EDGE_CURVE('',#3266,#3285,#1637,.T.);
#4129=EDGE_CURVE('',#3285,#3286,#403,.T.);
#4130=EDGE_CURVE('',#3265,#3286,#1638,.T.);
#4131=EDGE_CURVE('',#3286,#3287,#404,.T.);
#4132=EDGE_CURVE('',#3264,#3287,#1639,.T.);
#4133=EDGE_CURVE('',#3287,#3274,#405,.T.);
#4134=EDGE_CURVE('',#3283,#3288,#406,.T.);
#4135=EDGE_CURVE('',#3273,#3288,#1640,.T.);
#4136=EDGE_CURVE('',#3288,#3289,#407,.T.);
#4137=EDGE_CURVE('',#3272,#3289,#1641,.T.);
#4138=EDGE_CURVE('',#3289,#3280,#408,.T.);
#4139=EDGE_CURVE('',#3290,#3291,#1642,.T.);
#4140=EDGE_CURVE('',#3292,#3290,#1643,.T.);
#4141=EDGE_CURVE('',#3292,#3293,#1644,.T.);
#4142=EDGE_CURVE('',#3293,#3291,#1645,.T.);
#4143=EDGE_CURVE('',#3294,#3290,#1646,.T.);
#4144=EDGE_CURVE('',#3295,#3294,#1647,.T.);
#4145=EDGE_CURVE('',#3295,#3292,#1648,.T.);
#4146=EDGE_CURVE('',#3296,#3294,#1649,.T.);
#4147=EDGE_CURVE('',#3297,#3296,#1650,.T.);
#4148=EDGE_CURVE('',#3297,#3295,#1651,.T.);
#4149=EDGE_CURVE('',#3298,#3296,#1652,.T.);
#4150=EDGE_CURVE('',#3299,#3298,#1653,.T.);
#4151=EDGE_CURVE('',#3299,#3297,#1654,.T.);
#4152=EDGE_CURVE('',#3300,#3298,#1655,.T.);
#4153=EDGE_CURVE('',#3301,#3300,#1656,.T.);
#4154=EDGE_CURVE('',#3301,#3299,#1657,.T.);
#4155=EDGE_CURVE('',#3302,#3300,#409,.T.);
#4156=EDGE_CURVE('',#3303,#3302,#1658,.T.);
#4157=EDGE_CURVE('',#3303,#3301,#410,.T.);
#4158=EDGE_CURVE('',#3304,#3302,#1659,.T.);
#4159=EDGE_CURVE('',#3305,#3304,#1660,.T.);
#4160=EDGE_CURVE('',#3305,#3303,#1661,.T.);
#4161=EDGE_CURVE('',#3306,#3304,#1662,.T.);
#4162=EDGE_CURVE('',#3307,#3306,#1663,.T.);
#4163=EDGE_CURVE('',#3307,#3305,#1664,.T.);
#4164=EDGE_CURVE('',#3308,#3306,#1665,.T.);
#4165=EDGE_CURVE('',#3309,#3308,#1666,.T.);
#4166=EDGE_CURVE('',#3309,#3307,#1667,.T.);
#4167=EDGE_CURVE('',#3310,#3308,#411,.T.);
#4168=EDGE_CURVE('',#3311,#3310,#1668,.T.);
#4169=EDGE_CURVE('',#3311,#3309,#412,.T.);
#4170=EDGE_CURVE('',#3312,#3310,#1669,.T.);
#4171=EDGE_CURVE('',#3313,#3312,#1670,.T.);
#4172=EDGE_CURVE('',#3313,#3311,#1671,.T.);
#4173=EDGE_CURVE('',#3314,#3312,#1672,.T.);
#4174=EDGE_CURVE('',#3315,#3314,#1673,.T.);
#4175=EDGE_CURVE('',#3315,#3313,#1674,.T.);
#4176=EDGE_CURVE('',#3316,#3314,#1675,.T.);
#4177=EDGE_CURVE('',#3317,#3316,#1676,.T.);
#4178=EDGE_CURVE('',#3317,#3315,#1677,.T.);
#4179=EDGE_CURVE('',#3318,#3316,#413,.T.);
#4180=EDGE_CURVE('',#3319,#3318,#1678,.T.);
#4181=EDGE_CURVE('',#3319,#3317,#414,.T.);
#4182=EDGE_CURVE('',#3320,#3318,#415,.T.);
#4183=EDGE_CURVE('',#3321,#3320,#1679,.T.);
#4184=EDGE_CURVE('',#3321,#3319,#416,.T.);
#4185=EDGE_CURVE('',#3291,#3320,#1680,.T.);
#4186=EDGE_CURVE('',#3293,#3321,#1681,.T.);
#4187=EDGE_CURVE('',#3322,#3323,#1682,.T.);
#4188=EDGE_CURVE('',#3324,#3322,#1683,.T.);
#4189=EDGE_CURVE('',#3325,#3324,#1684,.T.);
#4190=EDGE_CURVE('',#3323,#3325,#1685,.T.);
#4191=EDGE_CURVE('',#3326,#3327,#1686,.T.);
#4192=EDGE_CURVE('',#3324,#3326,#1687,.T.);
#4193=EDGE_CURVE('',#3322,#3327,#1688,.T.);
#4194=EDGE_CURVE('',#3327,#3328,#1689,.T.);
#4195=EDGE_CURVE('',#3323,#3328,#1690,.T.);
#4196=EDGE_CURVE('',#3328,#3329,#1691,.T.);
#4197=EDGE_CURVE('',#3325,#3329,#1692,.T.);
#4198=EDGE_CURVE('',#3329,#3326,#1693,.T.);
#4199=EDGE_CURVE('',#3330,#3331,#1694,.T.);
#4200=EDGE_CURVE('',#3332,#3330,#1695,.T.);
#4201=EDGE_CURVE('',#3332,#3333,#1696,.T.);
#4202=EDGE_CURVE('',#3333,#3331,#1697,.T.);
#4203=EDGE_CURVE('',#3334,#3330,#417,.T.);
#4204=EDGE_CURVE('',#3335,#3334,#1698,.T.);
#4205=EDGE_CURVE('',#3335,#3332,#418,.T.);
#4206=EDGE_CURVE('',#3336,#3334,#419,.T.);
#4207=EDGE_CURVE('',#3337,#3336,#1699,.T.);
#4208=EDGE_CURVE('',#3337,#3335,#420,.T.);
#4209=EDGE_CURVE('',#3338,#3336,#1700,.T.);
#4210=EDGE_CURVE('',#3339,#3338,#1701,.T.);
#4211=EDGE_CURVE('',#3339,#3337,#1702,.T.);
#4212=EDGE_CURVE('',#3340,#3338,#421,.T.);
#4213=EDGE_CURVE('',#3341,#3340,#1703,.T.);
#4214=EDGE_CURVE('',#3341,#3339,#422,.T.);
#4215=EDGE_CURVE('',#3342,#3340,#1704,.T.);
#4216=EDGE_CURVE('',#3343,#3342,#1705,.T.);
#4217=EDGE_CURVE('',#3343,#3341,#1706,.T.);
#4218=EDGE_CURVE('',#3344,#3342,#423,.T.);
#4219=EDGE_CURVE('',#3345,#3344,#1707,.T.);
#4220=EDGE_CURVE('',#3345,#3343,#424,.T.);
#4221=EDGE_CURVE('',#3346,#3344,#1708,.T.);
#4222=EDGE_CURVE('',#3347,#3346,#1709,.T.);
#4223=EDGE_CURVE('',#3347,#3345,#1710,.T.);
#4224=EDGE_CURVE('',#3331,#3346,#425,.T.);
#4225=EDGE_CURVE('',#3333,#3347,#426,.T.);
#4226=EDGE_CURVE('',#3348,#3349,#1711,.T.);
#4227=EDGE_CURVE('',#3350,#3348,#1712,.T.);
#4228=EDGE_CURVE('',#3351,#3350,#1713,.T.);
#4229=EDGE_CURVE('',#3349,#3351,#1714,.T.);
#4230=EDGE_CURVE('',#3352,#3353,#1715,.T.);
#4231=EDGE_CURVE('',#3350,#3352,#1716,.T.);
#4232=EDGE_CURVE('',#3348,#3353,#1717,.T.);
#4233=EDGE_CURVE('',#3353,#3354,#1718,.T.);
#4234=EDGE_CURVE('',#3349,#3354,#1719,.T.);
#4235=EDGE_CURVE('',#3354,#3355,#1720,.T.);
#4236=EDGE_CURVE('',#3351,#3355,#1721,.T.);
#4237=EDGE_CURVE('',#3355,#3352,#1722,.T.);
#4238=EDGE_CURVE('',#3356,#3356,#427,.T.);
#4239=EDGE_CURVE('',#3357,#3356,#1723,.T.);
#4240=EDGE_CURVE('',#3357,#3357,#428,.T.);
#4241=EDGE_CURVE('',#3358,#3358,#429,.T.);
#4242=EDGE_CURVE('',#3359,#3358,#1724,.T.);
#4243=EDGE_CURVE('',#3359,#3359,#430,.T.);
#4244=EDGE_CURVE('',#3360,#3361,#1725,.T.);
#4245=EDGE_CURVE('',#3362,#3360,#431,.T.);
#4246=EDGE_CURVE('',#3363,#3362,#1726,.T.);
#4247=EDGE_CURVE('',#3364,#3363,#432,.T.);
#4248=EDGE_CURVE('',#3365,#3364,#1727,.T.);
#4249=EDGE_CURVE('',#3366,#3365,#433,.T.);
#4250=EDGE_CURVE('',#3367,#3366,#434,.T.);
#4251=EDGE_CURVE('',#3368,#3367,#1728,.T.);
#4252=EDGE_CURVE('',#3361,#3368,#435,.T.);
#4253=EDGE_CURVE('',#3369,#3370,#1729,.T.);
#4254=EDGE_CURVE('',#3371,#3369,#436,.T.);
#4255=EDGE_CURVE('',#3370,#3371,#437,.T.);
#4256=EDGE_CURVE('',#3372,#3373,#438,.T.);
#4257=EDGE_CURVE('',#3371,#3372,#1730,.T.);
#4258=EDGE_CURVE('',#3369,#3373,#1731,.T.);
#4259=EDGE_CURVE('',#3373,#3374,#1732,.T.);
#4260=EDGE_CURVE('',#3370,#3374,#1733,.T.);
#4261=EDGE_CURVE('',#3375,#3376,#1734,.T.);
#4262=EDGE_CURVE('',#3365,#3375,#1735,.T.);
#4263=EDGE_CURVE('',#3364,#3376,#1736,.T.);
#4264=EDGE_CURVE('',#3376,#3377,#439,.T.);
#4265=EDGE_CURVE('',#3363,#3377,#1737,.T.);
#4266=EDGE_CURVE('',#3377,#3378,#1738,.T.);
#4267=EDGE_CURVE('',#3362,#3378,#1739,.T.);
#4268=EDGE_CURVE('',#3378,#3379,#440,.T.);
#4269=EDGE_CURVE('',#3360,#3379,#1740,.T.);
#4270=EDGE_CURVE('',#3379,#3380,#1741,.T.);
#4271=EDGE_CURVE('',#3361,#3380,#1742,.T.);
#4272=EDGE_CURVE('',#3374,#3372,#441,.T.);
#4273=EDGE_CURVE('',#3380,#3381,#442,.T.);
#4274=EDGE_CURVE('',#3368,#3381,#1743,.T.);
#4275=EDGE_CURVE('',#3381,#3382,#1744,.T.);
#4276=EDGE_CURVE('',#3367,#3382,#1745,.T.);
#4277=EDGE_CURVE('',#3382,#3383,#443,.T.);
#4278=EDGE_CURVE('',#3366,#3383,#1746,.T.);
#4279=EDGE_CURVE('',#3383,#3375,#444,.T.);
#4280=EDGE_CURVE('',#3384,#3385,#1747,.T.);
#4281=EDGE_CURVE('',#3386,#3384,#1748,.T.);
#4282=EDGE_CURVE('',#3386,#3387,#1749,.T.);
#4283=EDGE_CURVE('',#3387,#3385,#1750,.T.);
#4284=EDGE_CURVE('',#3388,#3384,#1751,.T.);
#4285=EDGE_CURVE('',#3389,#3388,#1752,.T.);
#4286=EDGE_CURVE('',#3389,#3386,#1753,.T.);
#4287=EDGE_CURVE('',#3390,#3388,#445,.T.);
#4288=EDGE_CURVE('',#3391,#3390,#1754,.T.);
#4289=EDGE_CURVE('',#3391,#3389,#446,.T.);
#4290=EDGE_CURVE('',#3392,#3390,#1755,.T.);
#4291=EDGE_CURVE('',#3393,#3392,#1756,.T.);
#4292=EDGE_CURVE('',#3393,#3391,#1757,.T.);
#4293=EDGE_CURVE('',#3394,#3392,#447,.T.);
#4294=EDGE_CURVE('',#3395,#3394,#1758,.T.);
#4295=EDGE_CURVE('',#3395,#3393,#448,.T.);
#4296=EDGE_CURVE('',#3396,#3394,#1759,.T.);
#4297=EDGE_CURVE('',#3397,#3396,#1760,.T.);
#4298=EDGE_CURVE('',#3397,#3395,#1761,.T.);
#4299=EDGE_CURVE('',#3398,#3396,#1762,.T.);
#4300=EDGE_CURVE('',#3399,#3398,#1763,.T.);
#4301=EDGE_CURVE('',#3399,#3397,#1764,.T.);
#4302=EDGE_CURVE('',#3400,#3398,#1765,.T.);
#4303=EDGE_CURVE('',#3401,#3400,#1766,.T.);
#4304=EDGE_CURVE('',#3401,#3399,#1767,.T.);
#4305=EDGE_CURVE('',#3402,#3400,#1768,.T.);
#4306=EDGE_CURVE('',#3403,#3402,#1769,.T.);
#4307=EDGE_CURVE('',#3403,#3401,#1770,.T.);
#4308=EDGE_CURVE('',#3404,#3402,#449,.T.);
#4309=EDGE_CURVE('',#3405,#3404,#1771,.T.);
#4310=EDGE_CURVE('',#3405,#3403,#450,.T.);
#4311=EDGE_CURVE('',#3385,#3404,#1772,.T.);
#4312=EDGE_CURVE('',#3387,#3405,#1773,.T.);
#4313=EDGE_CURVE('',#3406,#3406,#451,.T.);
#4314=EDGE_CURVE('',#3407,#3406,#1774,.T.);
#4315=EDGE_CURVE('',#3407,#3407,#452,.T.);
#4316=EDGE_CURVE('',#3408,#3409,#453,.T.);
#4317=EDGE_CURVE('',#3410,#3408,#1775,.T.);
#4318=EDGE_CURVE('',#3411,#3410,#454,.T.);
#4319=EDGE_CURVE('',#3409,#3411,#1776,.T.);
#4320=EDGE_CURVE('',#3412,#3413,#1777,.T.);
#4321=EDGE_CURVE('',#3410,#3412,#1778,.T.);
#4322=EDGE_CURVE('',#3408,#3413,#1779,.T.);
#4323=EDGE_CURVE('',#3413,#3414,#455,.T.);
#4324=EDGE_CURVE('',#3409,#3414,#1780,.T.);
#4325=EDGE_CURVE('',#3414,#3415,#1781,.T.);
#4326=EDGE_CURVE('',#3411,#3415,#1782,.T.);
#4327=EDGE_CURVE('',#3415,#3412,#456,.T.);
#4328=EDGE_CURVE('',#3416,#3416,#457,.T.);
#4329=EDGE_CURVE('',#3417,#3416,#1783,.T.);
#4330=EDGE_CURVE('',#3417,#3417,#458,.T.);
#4331=EDGE_CURVE('',#3418,#3418,#459,.T.);
#4332=EDGE_CURVE('',#3419,#3418,#1784,.T.);
#4333=EDGE_CURVE('',#3419,#3419,#460,.T.);
#4334=EDGE_CURVE('',#3420,#3421,#1785,.T.);
#4335=EDGE_CURVE('',#3422,#3420,#1786,.T.);
#4336=EDGE_CURVE('',#3423,#3422,#461,.T.);
#4337=EDGE_CURVE('',#3424,#3423,#1787,.T.);
#4338=EDGE_CURVE('',#3425,#3424,#1788,.T.);
#4339=EDGE_CURVE('',#3426,#3425,#1789,.T.);
#4340=EDGE_CURVE('',#3427,#3426,#1790,.T.);
#4341=EDGE_CURVE('',#3421,#3427,#1791,.T.);
#4342=EDGE_CURVE('',#3428,#3428,#462,.T.);
#4343=EDGE_CURVE('',#3429,#3429,#463,.T.);
#4344=EDGE_CURVE('',#3428,#3429,#1792,.T.);
#4345=EDGE_CURVE('',#3430,#3431,#1793,.T.);
#4346=EDGE_CURVE('',#3424,#3430,#1794,.T.);
#4347=EDGE_CURVE('',#3423,#3431,#1795,.T.);
#4348=EDGE_CURVE('',#3431,#3432,#464,.T.);
#4349=EDGE_CURVE('',#3422,#3432,#1796,.T.);
#4350=EDGE_CURVE('',#3432,#3433,#1797,.T.);
#4351=EDGE_CURVE('',#3420,#3433,#1798,.T.);
#4352=EDGE_CURVE('',#3433,#3434,#1799,.T.);
#4353=EDGE_CURVE('',#3421,#3434,#1800,.T.);
#4354=EDGE_CURVE('',#3434,#3435,#1801,.T.);
#4355=EDGE_CURVE('',#3427,#3435,#1802,.T.);
#4356=EDGE_CURVE('',#3435,#3436,#1803,.T.);
#4357=EDGE_CURVE('',#3426,#3436,#1804,.T.);
#4358=EDGE_CURVE('',#3436,#3437,#1805,.T.);
#4359=EDGE_CURVE('',#3425,#3437,#1806,.T.);
#4360=EDGE_CURVE('',#3437,#3430,#1807,.T.);
#4361=EDGE_CURVE('',#3438,#3439,#1808,.T.);
#4362=EDGE_CURVE('',#3440,#3438,#1809,.T.);
#4363=EDGE_CURVE('',#3440,#3441,#1810,.T.);
#4364=EDGE_CURVE('',#3441,#3439,#1811,.T.);
#4365=EDGE_CURVE('',#3442,#3438,#1812,.T.);
#4366=EDGE_CURVE('',#3443,#3442,#1813,.T.);
#4367=EDGE_CURVE('',#3443,#3440,#1814,.T.);
#4368=EDGE_CURVE('',#3444,#3442,#1815,.T.);
#4369=EDGE_CURVE('',#3445,#3444,#1816,.T.);
#4370=EDGE_CURVE('',#3445,#3443,#1817,.T.);
#4371=EDGE_CURVE('',#3446,#3444,#1818,.T.);
#4372=EDGE_CURVE('',#3447,#3446,#1819,.T.);
#4373=EDGE_CURVE('',#3447,#3445,#1820,.T.);
#4374=EDGE_CURVE('',#3448,#3446,#1821,.T.);
#4375=EDGE_CURVE('',#3449,#3448,#1822,.T.);
#4376=EDGE_CURVE('',#3449,#3447,#1823,.T.);
#4377=EDGE_CURVE('',#3450,#3451,#1824,.T.);
#4378=EDGE_CURVE('',#3452,#3450,#1825,.T.);
#4379=EDGE_CURVE('',#3452,#3453,#1826,.T.);
#4380=EDGE_CURVE('',#3453,#3451,#1827,.T.);
#4381=EDGE_CURVE('',#3451,#3454,#465,.T.);
#4382=EDGE_CURVE('',#3453,#3455,#466,.T.);
#4383=EDGE_CURVE('',#3455,#3454,#1828,.T.);
#4384=EDGE_CURVE('',#3456,#3448,#1829,.T.);
#4385=EDGE_CURVE('',#3457,#3456,#1830,.T.);
#4386=EDGE_CURVE('',#3457,#3449,#1831,.T.);
#4387=EDGE_CURVE('',#3458,#3456,#1832,.T.);
#4388=EDGE_CURVE('',#3459,#3458,#1833,.T.);
#4389=EDGE_CURVE('',#3459,#3457,#1834,.T.);
#4390=EDGE_CURVE('',#3460,#3458,#467,.T.);
#4391=EDGE_CURVE('',#3461,#3460,#1835,.T.);
#4392=EDGE_CURVE('',#3461,#3459,#468,.T.);
#4393=EDGE_CURVE('',#3462,#3460,#469,.T.);
#4394=EDGE_CURVE('',#3463,#3462,#1836,.T.);
#4395=EDGE_CURVE('',#3463,#3461,#470,.T.);
#4396=EDGE_CURVE('',#3439,#3462,#1837,.T.);
#4397=EDGE_CURVE('',#3441,#3463,#1838,.T.);
#4398=EDGE_CURVE('',#3464,#3450,#1839,.T.);
#4399=EDGE_CURVE('',#3465,#3464,#1840,.T.);
#4400=EDGE_CURVE('',#3465,#3452,#1841,.T.);
#4401=EDGE_CURVE('',#3454,#3464,#1842,.T.);
#4402=EDGE_CURVE('',#3455,#3465,#1843,.T.);
#4403=EDGE_CURVE('',#3466,#3467,#1844,.T.);
#4404=EDGE_CURVE('',#3468,#3466,#1845,.T.);
#4405=EDGE_CURVE('',#3469,#3468,#1846,.T.);
#4406=EDGE_CURVE('',#3470,#3469,#1847,.T.);
#4407=EDGE_CURVE('',#3471,#3470,#1848,.T.);
#4408=EDGE_CURVE('',#3472,#3471,#1849,.T.);
#4409=EDGE_CURVE('',#3473,#3472,#1850,.T.);
#4410=EDGE_CURVE('',#3474,#3473,#1851,.T.);
#4411=EDGE_CURVE('',#3475,#3474,#1852,.T.);
#4412=EDGE_CURVE('',#3467,#3475,#1853,.T.);
#4413=EDGE_CURVE('',#3476,#3477,#1854,.T.);
#4414=EDGE_CURVE('',#3471,#3476,#1855,.T.);
#4415=EDGE_CURVE('',#3470,#3477,#1856,.T.);
#4416=EDGE_CURVE('',#3477,#3478,#1857,.T.);
#4417=EDGE_CURVE('',#3469,#3478,#1858,.T.);
#4418=EDGE_CURVE('',#3478,#3479,#1859,.T.);
#4419=EDGE_CURVE('',#3468,#3479,#1860,.T.);
#4420=EDGE_CURVE('',#3479,#3480,#1861,.T.);
#4421=EDGE_CURVE('',#3466,#3480,#1862,.T.);
#4422=EDGE_CURVE('',#3480,#3481,#1863,.T.);
#4423=EDGE_CURVE('',#3467,#3481,#1864,.T.);
#4424=EDGE_CURVE('',#3481,#3482,#1865,.T.);
#4425=EDGE_CURVE('',#3475,#3482,#1866,.T.);
#4426=EDGE_CURVE('',#3482,#3483,#1867,.T.);
#4427=EDGE_CURVE('',#3474,#3483,#1868,.T.);
#4428=EDGE_CURVE('',#3483,#3484,#1869,.T.);
#4429=EDGE_CURVE('',#3473,#3484,#1870,.T.);
#4430=EDGE_CURVE('',#3484,#3485,#1871,.T.);
#4431=EDGE_CURVE('',#3472,#3485,#1872,.T.);
#4432=EDGE_CURVE('',#3485,#3476,#1873,.T.);
#4433=EDGE_CURVE('',#3486,#3487,#471,.T.);
#4434=EDGE_CURVE('',#3488,#3486,#1874,.T.);
#4435=EDGE_CURVE('',#3488,#3489,#472,.T.);
#4436=EDGE_CURVE('',#3489,#3487,#1875,.T.);
#4437=EDGE_CURVE('',#3490,#3486,#473,.T.);
#4438=EDGE_CURVE('',#3491,#3490,#1876,.T.);
#4439=EDGE_CURVE('',#3491,#3488,#474,.T.);
#4440=EDGE_CURVE('',#3492,#3490,#1877,.T.);
#4441=EDGE_CURVE('',#3493,#3492,#1878,.T.);
#4442=EDGE_CURVE('',#3493,#3491,#1879,.T.);
#4443=EDGE_CURVE('',#3494,#3492,#1880,.T.);
#4444=EDGE_CURVE('',#3495,#3494,#1881,.T.);
#4445=EDGE_CURVE('',#3495,#3493,#1882,.T.);
#4446=EDGE_CURVE('',#3496,#3494,#1883,.T.);
#4447=EDGE_CURVE('',#3497,#3496,#1884,.T.);
#4448=EDGE_CURVE('',#3497,#3495,#1885,.T.);
#4449=EDGE_CURVE('',#3498,#3499,#475,.T.);
#4450=EDGE_CURVE('',#3500,#3498,#1886,.T.);
#4451=EDGE_CURVE('',#3500,#3501,#476,.T.);
#4452=EDGE_CURVE('',#3501,#3499,#1887,.T.);
#4453=EDGE_CURVE('',#3499,#3502,#477,.T.);
#4454=EDGE_CURVE('',#3501,#3503,#478,.T.);
#4455=EDGE_CURVE('',#3503,#3502,#1888,.T.);
#4456=EDGE_CURVE('',#3502,#3504,#1889,.T.);
#4457=EDGE_CURVE('',#3503,#3505,#1890,.T.);
#4458=EDGE_CURVE('',#3505,#3504,#1891,.T.);
#4459=EDGE_CURVE('',#3506,#3507,#479,.T.);
#4460=EDGE_CURVE('',#3508,#3506,#1892,.T.);
#4461=EDGE_CURVE('',#3508,#3509,#480,.T.);
#4462=EDGE_CURVE('',#3509,#3507,#1893,.T.);
#4463=EDGE_CURVE('',#3507,#3510,#481,.T.);
#4464=EDGE_CURVE('',#3509,#3511,#482,.T.);
#4465=EDGE_CURVE('',#3511,#3510,#1894,.T.);
#4466=EDGE_CURVE('',#3510,#3512,#1895,.T.);
#4467=EDGE_CURVE('',#3511,#3513,#1896,.T.);
#4468=EDGE_CURVE('',#3513,#3512,#1897,.T.);
#4469=EDGE_CURVE('',#3514,#3496,#483,.T.);
#4470=EDGE_CURVE('',#3515,#3514,#1898,.T.);
#4471=EDGE_CURVE('',#3515,#3497,#484,.T.);
#4472=EDGE_CURVE('',#3516,#3514,#485,.T.);
#4473=EDGE_CURVE('',#3517,#3516,#1899,.T.);
#4474=EDGE_CURVE('',#3517,#3515,#486,.T.);
#4475=EDGE_CURVE('',#3518,#3516,#487,.T.);
#4476=EDGE_CURVE('',#3519,#3518,#1900,.T.);
#4477=EDGE_CURVE('',#3519,#3517,#488,.T.);
#4478=EDGE_CURVE('',#3520,#3518,#1901,.T.);
#4479=EDGE_CURVE('',#3521,#3520,#1902,.T.);
#4480=EDGE_CURVE('',#3521,#3519,#1903,.T.);
#4481=EDGE_CURVE('',#3487,#3520,#489,.T.);
#4482=EDGE_CURVE('',#3489,#3521,#490,.T.);
#4483=EDGE_CURVE('',#3522,#3498,#491,.T.);
#4484=EDGE_CURVE('',#3523,#3522,#1904,.T.);
#4485=EDGE_CURVE('',#3523,#3500,#492,.T.);
#4486=EDGE_CURVE('',#3524,#3522,#493,.T.);
#4487=EDGE_CURVE('',#3525,#3524,#1905,.T.);
#4488=EDGE_CURVE('',#3525,#3523,#494,.T.);
#4489=EDGE_CURVE('',#3526,#3524,#1906,.T.);
#4490=EDGE_CURVE('',#3527,#3526,#1907,.T.);
#4491=EDGE_CURVE('',#3527,#3525,#1908,.T.);
#4492=EDGE_CURVE('',#3504,#3526,#1909,.T.);
#4493=EDGE_CURVE('',#3505,#3527,#1910,.T.);
#4494=EDGE_CURVE('',#3528,#3506,#495,.T.);
#4495=EDGE_CURVE('',#3529,#3528,#1911,.T.);
#4496=EDGE_CURVE('',#3529,#3508,#496,.T.);
#4497=EDGE_CURVE('',#3530,#3528,#497,.T.);
#4498=EDGE_CURVE('',#3531,#3530,#1912,.T.);
#4499=EDGE_CURVE('',#3531,#3529,#498,.T.);
#4500=EDGE_CURVE('',#3532,#3530,#1913,.T.);
#4501=EDGE_CURVE('',#3533,#3532,#1914,.T.);
#4502=EDGE_CURVE('',#3533,#3531,#1915,.T.);
#4503=EDGE_CURVE('',#3512,#3532,#1916,.T.);
#4504=EDGE_CURVE('',#3513,#3533,#1917,.T.);
#4505=EDGE_CURVE('',#3534,#3535,#1918,.T.);
#4506=EDGE_CURVE('',#3536,#3534,#1919,.T.);
#4507=EDGE_CURVE('',#3537,#3536,#1920,.T.);
#4508=EDGE_CURVE('',#3538,#3537,#1921,.T.);
#4509=EDGE_CURVE('',#3539,#3538,#1922,.T.);
#4510=EDGE_CURVE('',#3540,#3539,#1923,.T.);
#4511=EDGE_CURVE('',#3541,#3540,#1924,.T.);
#4512=EDGE_CURVE('',#3542,#3541,#1925,.T.);
#4513=EDGE_CURVE('',#3543,#3542,#1926,.T.);
#4514=EDGE_CURVE('',#3544,#3543,#1927,.T.);
#4515=EDGE_CURVE('',#3545,#3544,#1928,.T.);
#4516=EDGE_CURVE('',#3546,#3545,#1929,.T.);
#4517=EDGE_CURVE('',#3535,#3546,#1930,.T.);
#4518=EDGE_CURVE('',#3547,#3548,#1931,.T.);
#4519=EDGE_CURVE('',#3541,#3547,#1932,.T.);
#4520=EDGE_CURVE('',#3540,#3548,#1933,.T.);
#4521=EDGE_CURVE('',#3548,#3549,#1934,.T.);
#4522=EDGE_CURVE('',#3539,#3549,#1935,.T.);
#4523=EDGE_CURVE('',#3549,#3550,#1936,.T.);
#4524=EDGE_CURVE('',#3538,#3550,#1937,.T.);
#4525=EDGE_CURVE('',#3550,#3551,#1938,.T.);
#4526=EDGE_CURVE('',#3537,#3551,#1939,.T.);
#4527=EDGE_CURVE('',#3551,#3552,#1940,.T.);
#4528=EDGE_CURVE('',#3536,#3552,#1941,.T.);
#4529=EDGE_CURVE('',#3552,#3553,#1942,.T.);
#4530=EDGE_CURVE('',#3534,#3553,#1943,.T.);
#4531=EDGE_CURVE('',#3553,#3554,#1944,.T.);
#4532=EDGE_CURVE('',#3535,#3554,#1945,.T.);
#4533=EDGE_CURVE('',#3554,#3555,#1946,.T.);
#4534=EDGE_CURVE('',#3546,#3555,#1947,.T.);
#4535=EDGE_CURVE('',#3555,#3556,#1948,.T.);
#4536=EDGE_CURVE('',#3545,#3556,#1949,.T.);
#4537=EDGE_CURVE('',#3556,#3557,#1950,.T.);
#4538=EDGE_CURVE('',#3544,#3557,#1951,.T.);
#4539=EDGE_CURVE('',#3557,#3558,#1952,.T.);
#4540=EDGE_CURVE('',#3543,#3558,#1953,.T.);
#4541=EDGE_CURVE('',#3558,#3559,#1954,.T.);
#4542=EDGE_CURVE('',#3542,#3559,#1955,.T.);
#4543=EDGE_CURVE('',#3559,#3547,#1956,.T.);
#4544=EDGE_CURVE('',#3560,#3561,#1957,.T.);
#4545=EDGE_CURVE('',#3562,#3560,#1958,.T.);
#4546=EDGE_CURVE('',#3562,#3563,#1959,.T.);
#4547=EDGE_CURVE('',#3563,#3561,#1960,.T.);
#4548=EDGE_CURVE('',#3564,#3560,#1961,.T.);
#4549=EDGE_CURVE('',#3565,#3564,#1962,.T.);
#4550=EDGE_CURVE('',#3565,#3562,#1963,.T.);
#4551=EDGE_CURVE('',#3566,#3564,#1964,.T.);
#4552=EDGE_CURVE('',#3567,#3566,#1965,.T.);
#4553=EDGE_CURVE('',#3567,#3565,#1966,.T.);
#4554=EDGE_CURVE('',#3568,#3566,#1967,.T.);
#4555=EDGE_CURVE('',#3569,#3568,#1968,.T.);
#4556=EDGE_CURVE('',#3569,#3567,#1969,.T.);
#4557=EDGE_CURVE('',#3570,#3568,#1970,.T.);
#4558=EDGE_CURVE('',#3571,#3570,#1971,.T.);
#4559=EDGE_CURVE('',#3571,#3569,#1972,.T.);
#4560=EDGE_CURVE('',#3561,#3570,#1973,.T.);
#4561=EDGE_CURVE('',#3563,#3571,#1974,.T.);
#4562=EDGE_CURVE('',#3572,#3573,#1975,.T.);
#4563=EDGE_CURVE('',#3574,#3572,#1976,.T.);
#4564=EDGE_CURVE('',#3575,#3574,#1977,.T.);
#4565=EDGE_CURVE('',#3573,#3575,#1978,.T.);
#4566=EDGE_CURVE('',#3576,#3577,#1979,.T.);
#4567=EDGE_CURVE('',#3574,#3576,#1980,.T.);
#4568=EDGE_CURVE('',#3572,#3577,#1981,.T.);
#4569=EDGE_CURVE('',#3577,#3578,#1982,.T.);
#4570=EDGE_CURVE('',#3573,#3578,#1983,.T.);
#4571=EDGE_CURVE('',#3578,#3579,#1984,.T.);
#4572=EDGE_CURVE('',#3575,#3579,#1985,.T.);
#4573=EDGE_CURVE('',#3579,#3576,#1986,.T.);
#4574=EDGE_CURVE('',#3580,#3581,#1987,.T.);
#4575=EDGE_CURVE('',#3582,#3580,#1988,.T.);
#4576=EDGE_CURVE('',#3582,#3583,#1989,.T.);
#4577=EDGE_CURVE('',#3583,#3581,#1990,.T.);
#4578=EDGE_CURVE('',#3584,#3580,#1991,.T.);
#4579=EDGE_CURVE('',#3585,#3584,#1992,.T.);
#4580=EDGE_CURVE('',#3585,#3582,#1993,.T.);
#4581=EDGE_CURVE('',#3586,#3584,#1994,.T.);
#4582=EDGE_CURVE('',#3587,#3586,#1995,.T.);
#4583=EDGE_CURVE('',#3587,#3585,#1996,.T.);
#4584=EDGE_CURVE('',#3588,#3589,#499,.T.);
#4585=EDGE_CURVE('',#3590,#3588,#1997,.T.);
#4586=EDGE_CURVE('',#3590,#3591,#500,.T.);
#4587=EDGE_CURVE('',#3591,#3589,#1998,.T.);
#4588=EDGE_CURVE('',#3589,#3592,#501,.T.);
#4589=EDGE_CURVE('',#3591,#3593,#502,.T.);
#4590=EDGE_CURVE('',#3593,#3592,#1999,.T.);
#4591=EDGE_CURVE('',#3592,#3594,#2000,.T.);
#4592=EDGE_CURVE('',#3593,#3595,#2001,.T.);
#4593=EDGE_CURVE('',#3595,#3594,#2002,.T.);
#4594=EDGE_CURVE('',#3596,#3586,#503,.T.);
#4595=EDGE_CURVE('',#3597,#3596,#2003,.T.);
#4596=EDGE_CURVE('',#3597,#3587,#504,.T.);
#4597=EDGE_CURVE('',#3598,#3596,#505,.T.);
#4598=EDGE_CURVE('',#3599,#3598,#2004,.T.);
#4599=EDGE_CURVE('',#3599,#3597,#506,.T.);
#4600=EDGE_CURVE('',#3600,#3598,#507,.T.);
#4601=EDGE_CURVE('',#3601,#3600,#2005,.T.);
#4602=EDGE_CURVE('',#3601,#3599,#508,.T.);
#4603=EDGE_CURVE('',#3581,#3600,#509,.T.);
#4604=EDGE_CURVE('',#3583,#3601,#510,.T.);
#4605=EDGE_CURVE('',#3602,#3588,#511,.T.);
#4606=EDGE_CURVE('',#3603,#3602,#2006,.T.);
#4607=EDGE_CURVE('',#3603,#3590,#512,.T.);
#4608=EDGE_CURVE('',#3604,#3602,#513,.T.);
#4609=EDGE_CURVE('',#3605,#3604,#2007,.T.);
#4610=EDGE_CURVE('',#3605,#3603,#514,.T.);
#4611=EDGE_CURVE('',#3606,#3604,#2008,.T.);
#4612=EDGE_CURVE('',#3607,#3606,#2009,.T.);
#4613=EDGE_CURVE('',#3607,#3605,#2010,.T.);
#4614=EDGE_CURVE('',#3594,#3606,#2011,.T.);
#4615=EDGE_CURVE('',#3595,#3607,#2012,.T.);
#4616=EDGE_CURVE('',#3608,#3609,#515,.T.);
#4617=EDGE_CURVE('',#3610,#3608,#516,.T.);
#4618=EDGE_CURVE('',#3611,#3610,#517,.T.);
#4619=EDGE_CURVE('',#3612,#3611,#518,.T.);
#4620=EDGE_CURVE('',#3613,#3612,#519,.T.);
#4621=EDGE_CURVE('',#3614,#3613,#520,.T.);
#4622=EDGE_CURVE('',#3615,#3614,#521,.T.);
#4623=EDGE_CURVE('',#3616,#3615,#2013,.T.);
#4624=EDGE_CURVE('',#3617,#3616,#2014,.T.);
#4625=EDGE_CURVE('',#3618,#3617,#522,.T.);
#4626=EDGE_CURVE('',#3619,#3618,#523,.T.);
#4627=EDGE_CURVE('',#3620,#3619,#524,.T.);
#4628=EDGE_CURVE('',#3621,#3620,#525,.T.);
#4629=EDGE_CURVE('',#3609,#3621,#526,.T.);
#4630=EDGE_CURVE('',#3622,#3623,#527,.T.);
#4631=EDGE_CURVE('',#3624,#3622,#528,.T.);
#4632=EDGE_CURVE('',#3625,#3624,#529,.T.);
#4633=EDGE_CURVE('',#3626,#3625,#530,.T.);
#4634=EDGE_CURVE('',#3627,#3626,#531,.T.);
#4635=EDGE_CURVE('',#3628,#3627,#532,.T.);
#4636=EDGE_CURVE('',#3623,#3628,#533,.T.);
#4637=EDGE_CURVE('',#3629,#3630,#534,.T.);
#4638=EDGE_CURVE('',#3626,#3629,#2015,.T.);
#4639=EDGE_CURVE('',#3625,#3630,#2016,.T.);
#4640=EDGE_CURVE('',#3630,#3631,#535,.T.);
#4641=EDGE_CURVE('',#3624,#3631,#2017,.T.);
#4642=EDGE_CURVE('',#3631,#3632,#536,.T.);
#4643=EDGE_CURVE('',#3622,#3632,#2018,.T.);
#4644=EDGE_CURVE('',#3632,#3633,#537,.T.);
#4645=EDGE_CURVE('',#3623,#3633,#2019,.T.);
#4646=EDGE_CURVE('',#3634,#3635,#538,.T.);
#4647=EDGE_CURVE('',#3615,#3634,#2020,.T.);
#4648=EDGE_CURVE('',#3614,#3635,#2021,.T.);
#4649=EDGE_CURVE('',#3635,#3636,#539,.T.);
#4650=EDGE_CURVE('',#3613,#3636,#2022,.T.);
#4651=EDGE_CURVE('',#3636,#3637,#540,.T.);
#4652=EDGE_CURVE('',#3612,#3637,#2023,.T.);
#4653=EDGE_CURVE('',#3637,#3638,#541,.T.);
#4654=EDGE_CURVE('',#3611,#3638,#2024,.T.);
#4655=EDGE_CURVE('',#3638,#3639,#542,.T.);
#4656=EDGE_CURVE('',#3610,#3639,#2025,.T.);
#4657=EDGE_CURVE('',#3639,#3640,#543,.T.);
#4658=EDGE_CURVE('',#3608,#3640,#2026,.T.);
#4659=EDGE_CURVE('',#3640,#3641,#544,.T.);
#4660=EDGE_CURVE('',#3609,#3641,#2027,.T.);
#4661=EDGE_CURVE('',#3642,#3629,#545,.T.);
#4662=EDGE_CURVE('',#3627,#3642,#2028,.T.);
#4663=EDGE_CURVE('',#3643,#3642,#546,.T.);
#4664=EDGE_CURVE('',#3628,#3643,#2029,.T.);
#4665=EDGE_CURVE('',#3633,#3643,#547,.T.);
#4666=EDGE_CURVE('',#3641,#3644,#548,.T.);
#4667=EDGE_CURVE('',#3621,#3644,#2030,.T.);
#4668=EDGE_CURVE('',#3644,#3645,#549,.T.);
#4669=EDGE_CURVE('',#3620,#3645,#2031,.T.);
#4670=EDGE_CURVE('',#3645,#3646,#550,.T.);
#4671=EDGE_CURVE('',#3619,#3646,#2032,.T.);
#4672=EDGE_CURVE('',#3646,#3647,#551,.T.);
#4673=EDGE_CURVE('',#3618,#3647,#2033,.T.);
#4674=EDGE_CURVE('',#3647,#3648,#552,.T.);
#4675=EDGE_CURVE('',#3617,#3648,#2034,.T.);
#4676=EDGE_CURVE('',#3648,#3649,#2035,.T.);
#4677=EDGE_CURVE('',#3616,#3649,#2036,.T.);
#4678=EDGE_CURVE('',#3649,#3634,#2037,.T.);
#4679=EDGE_CURVE('',#3650,#3651,#2038,.T.);
#4680=EDGE_CURVE('',#3652,#3650,#2039,.T.);
#4681=EDGE_CURVE('',#3652,#3653,#2040,.T.);
#4682=EDGE_CURVE('',#3653,#3651,#2041,.T.);
#4683=EDGE_CURVE('',#3654,#3650,#2042,.T.);
#4684=EDGE_CURVE('',#3655,#3654,#2043,.T.);
#4685=EDGE_CURVE('',#3655,#3652,#2044,.T.);
#4686=EDGE_CURVE('',#3656,#3654,#2045,.T.);
#4687=EDGE_CURVE('',#3657,#3656,#2046,.T.);
#4688=EDGE_CURVE('',#3657,#3655,#2047,.T.);
#4689=EDGE_CURVE('',#3651,#3656,#2048,.T.);
#4690=EDGE_CURVE('',#3653,#3657,#2049,.T.);
#4691=EDGE_CURVE('',#3658,#3659,#553,.T.);
#4692=EDGE_CURVE('',#3660,#3658,#554,.T.);
#4693=EDGE_CURVE('',#3661,#3660,#555,.T.);
#4694=EDGE_CURVE('',#3662,#3661,#556,.T.);
#4695=EDGE_CURVE('',#3663,#3662,#557,.T.);
#4696=EDGE_CURVE('',#3664,#3663,#2050,.T.);
#4697=EDGE_CURVE('',#3665,#3664,#2051,.T.);
#4698=EDGE_CURVE('',#3666,#3665,#2052,.T.);
#4699=EDGE_CURVE('',#3667,#3666,#2053,.T.);
#4700=EDGE_CURVE('',#3668,#3667,#2054,.T.);
#4701=EDGE_CURVE('',#3669,#3668,#558,.T.);
#4702=EDGE_CURVE('',#3670,#3669,#559,.T.);
#4703=EDGE_CURVE('',#3671,#3670,#560,.T.);
#4704=EDGE_CURVE('',#3672,#3671,#561,.T.);
#4705=EDGE_CURVE('',#3673,#3672,#562,.T.);
#4706=EDGE_CURVE('',#3674,#3673,#563,.T.);
#4707=EDGE_CURVE('',#3675,#3674,#564,.T.);
#4708=EDGE_CURVE('',#3676,#3675,#2055,.T.);
#4709=EDGE_CURVE('',#3677,#3676,#2056,.T.);
#4710=EDGE_CURVE('',#3659,#3677,#565,.T.);
#4711=EDGE_CURVE('',#3678,#3679,#2057,.T.);
#4712=EDGE_CURVE('',#3668,#3678,#2058,.T.);
#4713=EDGE_CURVE('',#3667,#3679,#2059,.T.);
#4714=EDGE_CURVE('',#3679,#3680,#2060,.T.);
#4715=EDGE_CURVE('',#3666,#3680,#2061,.T.);
#4716=EDGE_CURVE('',#3680,#3681,#2062,.T.);
#4717=EDGE_CURVE('',#3665,#3681,#2063,.T.);
#4718=EDGE_CURVE('',#3681,#3682,#2064,.T.);
#4719=EDGE_CURVE('',#3664,#3682,#2065,.T.);
#4720=EDGE_CURVE('',#3682,#3683,#2066,.T.);
#4721=EDGE_CURVE('',#3663,#3683,#2067,.T.);
#4722=EDGE_CURVE('',#3683,#3684,#566,.T.);
#4723=EDGE_CURVE('',#3662,#3684,#2068,.T.);
#4724=EDGE_CURVE('',#3684,#3685,#567,.T.);
#4725=EDGE_CURVE('',#3661,#3685,#2069,.T.);
#4726=EDGE_CURVE('',#3685,#3686,#568,.T.);
#4727=EDGE_CURVE('',#3660,#3686,#2070,.T.);
#4728=EDGE_CURVE('',#3686,#3687,#569,.T.);
#4729=EDGE_CURVE('',#3658,#3687,#2071,.T.);
#4730=EDGE_CURVE('',#3687,#3688,#570,.T.);
#4731=EDGE_CURVE('',#3659,#3688,#2072,.T.);
#4732=EDGE_CURVE('',#3688,#3689,#571,.T.);
#4733=EDGE_CURVE('',#3677,#3689,#2073,.T.);
#4734=EDGE_CURVE('',#3689,#3690,#2074,.T.);
#4735=EDGE_CURVE('',#3676,#3690,#2075,.T.);
#4736=EDGE_CURVE('',#3690,#3691,#2076,.T.);
#4737=EDGE_CURVE('',#3675,#3691,#2077,.T.);
#4738=EDGE_CURVE('',#3691,#3692,#572,.T.);
#4739=EDGE_CURVE('',#3674,#3692,#2078,.T.);
#4740=EDGE_CURVE('',#3692,#3693,#573,.T.);
#4741=EDGE_CURVE('',#3673,#3693,#2079,.T.);
#4742=EDGE_CURVE('',#3693,#3694,#574,.T.);
#4743=EDGE_CURVE('',#3672,#3694,#2080,.T.);
#4744=EDGE_CURVE('',#3694,#3695,#575,.T.);
#4745=EDGE_CURVE('',#3671,#3695,#2081,.T.);
#4746=EDGE_CURVE('',#3695,#3696,#576,.T.);
#4747=EDGE_CURVE('',#3670,#3696,#2082,.T.);
#4748=EDGE_CURVE('',#3696,#3697,#577,.T.);
#4749=EDGE_CURVE('',#3669,#3697,#2083,.T.);
#4750=EDGE_CURVE('',#3697,#3678,#578,.T.);
#4751=EDGE_CURVE('',#3698,#3699,#2084,.T.);
#4752=EDGE_CURVE('',#3700,#3698,#2085,.T.);
#4753=EDGE_CURVE('',#3700,#3701,#2086,.T.);
#4754=EDGE_CURVE('',#3701,#3699,#2087,.T.);
#4755=EDGE_CURVE('',#3702,#3698,#2088,.T.);
#4756=EDGE_CURVE('',#3703,#3702,#2089,.T.);
#4757=EDGE_CURVE('',#3703,#3700,#2090,.T.);
#4758=EDGE_CURVE('',#3704,#3702,#2091,.T.);
#4759=EDGE_CURVE('',#3705,#3704,#2092,.T.);
#4760=EDGE_CURVE('',#3705,#3703,#2093,.T.);
#4761=EDGE_CURVE('',#3706,#3704,#2094,.T.);
#4762=EDGE_CURVE('',#3707,#3706,#2095,.T.);
#4763=EDGE_CURVE('',#3707,#3705,#2096,.T.);
#4764=EDGE_CURVE('',#3708,#3706,#2097,.T.);
#4765=EDGE_CURVE('',#3709,#3708,#2098,.T.);
#4766=EDGE_CURVE('',#3709,#3707,#2099,.T.);
#4767=EDGE_CURVE('',#3710,#3711,#2100,.T.);
#4768=EDGE_CURVE('',#3712,#3710,#2101,.T.);
#4769=EDGE_CURVE('',#3712,#3713,#2102,.T.);
#4770=EDGE_CURVE('',#3713,#3711,#2103,.T.);
#4771=EDGE_CURVE('',#3714,#3708,#2104,.T.);
#4772=EDGE_CURVE('',#3715,#3714,#2105,.T.);
#4773=EDGE_CURVE('',#3715,#3709,#2106,.T.);
#4774=EDGE_CURVE('',#3716,#3714,#2107,.T.);
#4775=EDGE_CURVE('',#3717,#3716,#2108,.T.);
#4776=EDGE_CURVE('',#3717,#3715,#2109,.T.);
#4777=EDGE_CURVE('',#3718,#3716,#2110,.T.);
#4778=EDGE_CURVE('',#3719,#3718,#2111,.T.);
#4779=EDGE_CURVE('',#3719,#3717,#2112,.T.);
#4780=EDGE_CURVE('',#3720,#3718,#2113,.T.);
#4781=EDGE_CURVE('',#3721,#3720,#2114,.T.);
#4782=EDGE_CURVE('',#3721,#3719,#2115,.T.);
#4783=EDGE_CURVE('',#3722,#3720,#2116,.T.);
#4784=EDGE_CURVE('',#3723,#3722,#2117,.T.);
#4785=EDGE_CURVE('',#3723,#3721,#2118,.T.);
#4786=EDGE_CURVE('',#3699,#3722,#2119,.T.);
#4787=EDGE_CURVE('',#3701,#3723,#2120,.T.);
#4788=EDGE_CURVE('',#3724,#3710,#2121,.T.);
#4789=EDGE_CURVE('',#3725,#3724,#2122,.T.);
#4790=EDGE_CURVE('',#3725,#3712,#2123,.T.);
#4791=EDGE_CURVE('',#3711,#3724,#2124,.T.);
#4792=EDGE_CURVE('',#3713,#3725,#2125,.T.);
#4793=EDGE_CURVE('',#3726,#3727,#2126,.T.);
#4794=EDGE_CURVE('',#3726,#3728,#2127,.T.);
#4795=EDGE_CURVE('',#3729,#3728,#2128,.T.);
#4796=EDGE_CURVE('',#3727,#3729,#2129,.T.);
#4797=EDGE_CURVE('',#3730,#3731,#2130,.T.);
#4798=EDGE_CURVE('',#3731,#3732,#2131,.T.);
#4799=EDGE_CURVE('',#3732,#3733,#2132,.T.);
#4800=EDGE_CURVE('',#3733,#3734,#2133,.T.);
#4801=EDGE_CURVE('',#3734,#3735,#2134,.T.);
#4802=EDGE_CURVE('',#3735,#3736,#2135,.T.);
#4803=EDGE_CURVE('',#3736,#3737,#2136,.T.);
#4804=EDGE_CURVE('',#3737,#3738,#2137,.T.);
#4805=EDGE_CURVE('',#3738,#3739,#2138,.T.);
#4806=EDGE_CURVE('',#3739,#3730,#2139,.T.);
#4807=EDGE_CURVE('',#3740,#3741,#579,.T.);
#4808=EDGE_CURVE('',#3741,#3742,#580,.T.);
#4809=EDGE_CURVE('',#3742,#3743,#581,.T.);
#4810=EDGE_CURVE('',#3743,#3744,#582,.T.);
#4811=EDGE_CURVE('',#3744,#3745,#583,.T.);
#4812=EDGE_CURVE('',#3745,#3746,#584,.T.);
#4813=EDGE_CURVE('',#3746,#3747,#585,.T.);
#4814=EDGE_CURVE('',#3747,#3740,#586,.T.);
#4815=EDGE_CURVE('',#3748,#3749,#2140,.T.);
#4816=EDGE_CURVE('',#3749,#3750,#2141,.T.);
#4817=EDGE_CURVE('',#3750,#3751,#2142,.T.);
#4818=EDGE_CURVE('',#3751,#3752,#2143,.T.);
#4819=EDGE_CURVE('',#3752,#3753,#2144,.T.);
#4820=EDGE_CURVE('',#3753,#3754,#2145,.T.);
#4821=EDGE_CURVE('',#3754,#3755,#2146,.T.);
#4822=EDGE_CURVE('',#3755,#3756,#2147,.T.);
#4823=EDGE_CURVE('',#3756,#3757,#2148,.T.);
#4824=EDGE_CURVE('',#3757,#3748,#2149,.T.);
#4825=EDGE_CURVE('',#3758,#3759,#587,.T.);
#4826=EDGE_CURVE('',#3759,#3760,#588,.T.);
#4827=EDGE_CURVE('',#3760,#3761,#589,.T.);
#4828=EDGE_CURVE('',#3761,#3762,#590,.T.);
#4829=EDGE_CURVE('',#3762,#3763,#591,.T.);
#4830=EDGE_CURVE('',#3763,#3764,#592,.T.);
#4831=EDGE_CURVE('',#3764,#3765,#593,.T.);
#4832=EDGE_CURVE('',#3765,#3758,#594,.T.);
#4833=EDGE_CURVE('',#3766,#3767,#2150,.T.);
#4834=EDGE_CURVE('',#3767,#3768,#2151,.T.);
#4835=EDGE_CURVE('',#3768,#3769,#2152,.T.);
#4836=EDGE_CURVE('',#3769,#3770,#2153,.T.);
#4837=EDGE_CURVE('',#3770,#3771,#2154,.T.);
#4838=EDGE_CURVE('',#3771,#3772,#2155,.T.);
#4839=EDGE_CURVE('',#3772,#3773,#2156,.T.);
#4840=EDGE_CURVE('',#3773,#3774,#2157,.T.);
#4841=EDGE_CURVE('',#3774,#3775,#2158,.T.);
#4842=EDGE_CURVE('',#3775,#3766,#2159,.T.);
#4843=EDGE_CURVE('',#3776,#3777,#595,.T.);
#4844=EDGE_CURVE('',#3778,#3776,#596,.T.);
#4845=EDGE_CURVE('',#3779,#3778,#597,.T.);
#4846=EDGE_CURVE('',#3780,#3779,#598,.T.);
#4847=EDGE_CURVE('',#3781,#3780,#599,.T.);
#4848=EDGE_CURVE('',#3777,#3781,#600,.T.);
#4849=EDGE_CURVE('',#3782,#3783,#601,.T.);
#4850=EDGE_CURVE('',#3783,#3784,#602,.T.);
#4851=EDGE_CURVE('',#3784,#3785,#603,.T.);
#4852=EDGE_CURVE('',#3785,#3786,#604,.T.);
#4853=EDGE_CURVE('',#3786,#3787,#605,.T.);
#4854=EDGE_CURVE('',#3787,#3782,#606,.T.);
#4855=EDGE_CURVE('',#3788,#3789,#34,.T.);
#4856=EDGE_CURVE('',#3789,#3790,#2160,.T.);
#4857=EDGE_CURVE('',#3790,#3791,#35,.F.);
#4858=EDGE_CURVE('',#3791,#3788,#2161,.T.);
#4859=EDGE_CURVE('',#3792,#3789,#2162,.T.);
#4860=EDGE_CURVE('',#3792,#3793,#2163,.T.);
#4861=EDGE_CURVE('',#3793,#3790,#2164,.T.);
#4862=EDGE_CURVE('',#3794,#3795,#2165,.T.);
#4863=EDGE_CURVE('',#3796,#3794,#2166,.T.);
#4864=EDGE_CURVE('',#3797,#3796,#2167,.T.);
#4865=EDGE_CURVE('',#3798,#3797,#36,.T.);
#4866=EDGE_CURVE('',#3799,#3798,#2168,.T.);
#4867=EDGE_CURVE('',#3800,#3799,#2169,.T.);
#4868=EDGE_CURVE('',#3801,#3800,#2170,.T.);
#4869=EDGE_CURVE('',#3802,#3801,#37,.T.);
#4870=EDGE_CURVE('',#3803,#3802,#2171,.T.);
#4871=EDGE_CURVE('',#3804,#3803,#2172,.T.);
#4872=EDGE_CURVE('',#3805,#3804,#2173,.T.);
#4873=EDGE_CURVE('',#3806,#3805,#38,.T.);
#4874=EDGE_CURVE('',#3807,#3806,#2174,.T.);
#4875=EDGE_CURVE('',#3808,#3807,#2175,.T.);
#4876=EDGE_CURVE('',#3809,#3808,#2176,.T.);
#4877=EDGE_CURVE('',#3795,#3809,#39,.T.);
#4878=EDGE_CURVE('',#3788,#3810,#2177,.T.);
#4879=EDGE_CURVE('',#3810,#3811,#40,.T.);
#4880=EDGE_CURVE('',#3811,#3812,#2178,.T.);
#4881=EDGE_CURVE('',#3813,#3812,#41,.T.);
#4882=EDGE_CURVE('',#3813,#3814,#2179,.T.);
#4883=EDGE_CURVE('',#3814,#3815,#42,.T.);
#4884=EDGE_CURVE('',#3815,#3816,#2180,.T.);
#4885=EDGE_CURVE('',#3817,#3816,#43,.T.);
#4886=EDGE_CURVE('',#3817,#3818,#2181,.T.);
#4887=EDGE_CURVE('',#3818,#3819,#44,.T.);
#4888=EDGE_CURVE('',#3819,#3820,#2182,.T.);
#4889=EDGE_CURVE('',#3821,#3820,#45,.T.);
#4890=EDGE_CURVE('',#3821,#3822,#2183,.T.);
#4891=EDGE_CURVE('',#3822,#3792,#46,.T.);
#4892=EDGE_CURVE('',#3812,#3823,#2184,.T.);
#4893=EDGE_CURVE('',#3823,#3824,#47,.F.);
#4894=EDGE_CURVE('',#3824,#3813,#2185,.T.);
#4895=EDGE_CURVE('',#3811,#3825,#2186,.T.);
#4896=EDGE_CURVE('',#3825,#3823,#2187,.T.);
#4897=EDGE_CURVE('',#3816,#3826,#2188,.T.);
#4898=EDGE_CURVE('',#3826,#3827,#48,.F.);
#4899=EDGE_CURVE('',#3827,#3817,#2189,.T.);
#4900=EDGE_CURVE('',#3815,#3828,#2190,.T.);
#4901=EDGE_CURVE('',#3828,#3826,#2191,.T.);
#4902=EDGE_CURVE('',#3820,#3829,#2192,.T.);
#4903=EDGE_CURVE('',#3829,#3830,#49,.F.);
#4904=EDGE_CURVE('',#3830,#3821,#2193,.T.);
#4905=EDGE_CURVE('',#3830,#3831,#2194,.T.);
#4906=EDGE_CURVE('',#3822,#3831,#2195,.T.);
#4907=EDGE_CURVE('',#3832,#3809,#50,.T.);
#4908=EDGE_CURVE('',#3833,#3832,#51,.F.);
#4909=EDGE_CURVE('',#3795,#3833,#52,.T.);
#4910=EDGE_CURVE('',#3834,#3835,#53,.T.);
#4911=EDGE_CURVE('',#3835,#3833,#2196,.T.);
#4912=EDGE_CURVE('',#3832,#3834,#2197,.T.);
#4913=EDGE_CURVE('',#3836,#3794,#54,.T.);
#4914=EDGE_CURVE('',#3833,#3836,#2198,.T.);
#4915=EDGE_CURVE('',#3808,#3837,#55,.T.);
#4916=EDGE_CURVE('',#3837,#3832,#2199,.T.);
#4917=EDGE_CURVE('',#3838,#3835,#2200,.T.);
#4918=EDGE_CURVE('',#3839,#3838,#2201,.T.);
#4919=EDGE_CURVE('',#3840,#3839,#2202,.T.);
#4920=EDGE_CURVE('',#3836,#3840,#2203,.T.);
#4921=EDGE_CURVE('',#3834,#3841,#2204,.T.);
#4922=EDGE_CURVE('',#3842,#3841,#2205,.T.);
#4923=EDGE_CURVE('',#3842,#3843,#56,.T.);
#4924=EDGE_CURVE('',#3838,#3843,#2206,.T.);
#4925=EDGE_CURVE('',#3844,#3837,#2207,.T.);
#4926=EDGE_CURVE('',#3845,#3844,#2208,.T.);
#4927=EDGE_CURVE('',#3841,#3845,#2209,.T.);
#4928=EDGE_CURVE('',#3846,#3797,#57,.T.);
#4929=EDGE_CURVE('',#3847,#3846,#58,.F.);
#4930=EDGE_CURVE('',#3798,#3847,#59,.T.);
#4931=EDGE_CURVE('',#3848,#3849,#60,.T.);
#4932=EDGE_CURVE('',#3849,#3847,#2210,.T.);
#4933=EDGE_CURVE('',#3846,#3848,#2211,.T.);
#4934=EDGE_CURVE('',#3850,#3799,#61,.T.);
#4935=EDGE_CURVE('',#3847,#3850,#2212,.T.);
#4936=EDGE_CURVE('',#3796,#3851,#62,.T.);
#4937=EDGE_CURVE('',#3851,#3846,#2213,.T.);
#4938=EDGE_CURVE('',#3852,#3849,#2214,.T.);
#4939=EDGE_CURVE('',#3853,#3852,#2215,.T.);
#4940=EDGE_CURVE('',#3854,#3853,#2216,.T.);
#4941=EDGE_CURVE('',#3850,#3854,#2217,.T.);
#4942=EDGE_CURVE('',#3848,#3855,#2218,.T.);
#4943=EDGE_CURVE('',#3856,#3855,#2219,.T.);
#4944=EDGE_CURVE('',#3856,#3857,#63,.T.);
#4945=EDGE_CURVE('',#3852,#3857,#2220,.T.);
#4946=EDGE_CURVE('',#3858,#3851,#2221,.T.);
#4947=EDGE_CURVE('',#3859,#3858,#2222,.T.);
#4948=EDGE_CURVE('',#3855,#3859,#2223,.T.);
#4949=EDGE_CURVE('',#3860,#3801,#64,.T.);
#4950=EDGE_CURVE('',#3861,#3860,#65,.F.);
#4951=EDGE_CURVE('',#3802,#3861,#66,.T.);
#4952=EDGE_CURVE('',#3862,#3863,#67,.T.);
#4953=EDGE_CURVE('',#3863,#3861,#2224,.T.);
#4954=EDGE_CURVE('',#3860,#3862,#2225,.T.);
#4955=EDGE_CURVE('',#3864,#3803,#68,.T.);
#4956=EDGE_CURVE('',#3861,#3864,#2226,.T.);
#4957=EDGE_CURVE('',#3800,#3865,#69,.T.);
#4958=EDGE_CURVE('',#3865,#3860,#2227,.T.);
#4959=EDGE_CURVE('',#3866,#3863,#2228,.T.);
#4960=EDGE_CURVE('',#3867,#3866,#2229,.T.);
#4961=EDGE_CURVE('',#3868,#3867,#2230,.T.);
#4962=EDGE_CURVE('',#3864,#3868,#2231,.T.);
#4963=EDGE_CURVE('',#3862,#3869,#2232,.T.);
#4964=EDGE_CURVE('',#3870,#3869,#2233,.T.);
#4965=EDGE_CURVE('',#3870,#3871,#70,.T.);
#4966=EDGE_CURVE('',#3866,#3871,#2234,.T.);
#4967=EDGE_CURVE('',#3872,#3865,#2235,.T.);
#4968=EDGE_CURVE('',#3873,#3872,#2236,.T.);
#4969=EDGE_CURVE('',#3869,#3873,#2237,.T.);
#4970=EDGE_CURVE('',#3874,#3805,#71,.T.);
#4971=EDGE_CURVE('',#3875,#3874,#72,.F.);
#4972=EDGE_CURVE('',#3806,#3875,#73,.T.);
#4973=EDGE_CURVE('',#3876,#3877,#74,.T.);
#4974=EDGE_CURVE('',#3877,#3875,#2238,.T.);
#4975=EDGE_CURVE('',#3874,#3876,#2239,.T.);
#4976=EDGE_CURVE('',#3878,#3807,#75,.T.);
#4977=EDGE_CURVE('',#3875,#3878,#2240,.T.);
#4978=EDGE_CURVE('',#3804,#3879,#76,.T.);
#4979=EDGE_CURVE('',#3879,#3874,#2241,.T.);
#4980=EDGE_CURVE('',#3880,#3877,#2242,.T.);
#4981=EDGE_CURVE('',#3881,#3880,#2243,.T.);
#4982=EDGE_CURVE('',#3882,#3881,#2244,.T.);
#4983=EDGE_CURVE('',#3878,#3882,#2245,.T.);
#4984=EDGE_CURVE('',#3876,#3883,#2246,.T.);
#4985=EDGE_CURVE('',#3884,#3883,#2247,.T.);
#4986=EDGE_CURVE('',#3884,#3885,#77,.T.);
#4987=EDGE_CURVE('',#3880,#3885,#2248,.T.);
#4988=EDGE_CURVE('',#3886,#3879,#2249,.T.);
#4989=EDGE_CURVE('',#3887,#3886,#2250,.T.);
#4990=EDGE_CURVE('',#3883,#3887,#2251,.T.);
#4991=EDGE_CURVE('',#3856,#3888,#2252,.T.);
#4992=EDGE_CURVE('',#3888,#3889,#78,.T.);
#4993=EDGE_CURVE('',#3889,#3857,#2253,.T.);
#4994=EDGE_CURVE('',#3853,#3889,#2254,.T.);
#4995=EDGE_CURVE('',#3870,#3890,#2255,.T.);
#4996=EDGE_CURVE('',#3890,#3891,#79,.T.);
#4997=EDGE_CURVE('',#3891,#3871,#2256,.T.);
#4998=EDGE_CURVE('',#3867,#3891,#2257,.T.);
#4999=EDGE_CURVE('',#3884,#3892,#2258,.T.);
#5000=EDGE_CURVE('',#3892,#3893,#80,.T.);
#5001=EDGE_CURVE('',#3893,#3885,#2259,.T.);
#5002=EDGE_CURVE('',#3881,#3893,#2260,.T.);
#5003=EDGE_CURVE('',#3842,#3894,#2261,.T.);
#5004=EDGE_CURVE('',#3894,#3895,#81,.T.);
#5005=EDGE_CURVE('',#3895,#3843,#2262,.T.);
#5006=EDGE_CURVE('',#3839,#3895,#2263,.T.);
#5007=EDGE_CURVE('',#3896,#3896,#82,.T.);
#5008=EDGE_CURVE('',#3896,#3897,#83,.T.);
#5009=EDGE_CURVE('',#3897,#3897,#84,.T.);
#5010=EDGE_CURVE('',#3897,#3898,#85,.T.);
#5011=EDGE_CURVE('',#3898,#3899,#86,.T.);
#5012=EDGE_CURVE('',#3899,#3898,#87,.T.);
#5013=EDGE_CURVE('',#3900,#3901,#88,.T.);
#5014=EDGE_CURVE('',#3901,#3902,#2264,.T.);
#5015=EDGE_CURVE('',#3902,#3903,#89,.T.);
#5016=EDGE_CURVE('',#3903,#3900,#2265,.T.);
#5017=EDGE_CURVE('',#3903,#3858,#2266,.T.);
#5018=EDGE_CURVE('',#3840,#3904,#2267,.T.);
#5019=EDGE_CURVE('',#3905,#3904,#2268,.T.);
#5020=EDGE_CURVE('',#3905,#3900,#2269,.T.);
#5021=EDGE_CURVE('',#3854,#3902,#2270,.T.);
#5022=EDGE_CURVE('',#3888,#3859,#2271,.T.);
#5023=EDGE_CURVE('',#3906,#3907,#90,.T.);
#5024=EDGE_CURVE('',#3907,#3908,#2272,.T.);
#5025=EDGE_CURVE('',#3908,#3909,#91,.T.);
#5026=EDGE_CURVE('',#3909,#3906,#2273,.T.);
#5027=EDGE_CURVE('',#3907,#3910,#2274,.T.);
#5028=EDGE_CURVE('',#3911,#3910,#2275,.T.);
#5029=EDGE_CURVE('',#3911,#3886,#2276,.T.);
#5030=EDGE_CURVE('',#3868,#3908,#2277,.T.);
#5031=EDGE_CURVE('',#3912,#3905,#92,.T.);
#5032=EDGE_CURVE('',#3913,#3912,#2278,.T.);
#5033=EDGE_CURVE('',#3913,#3914,#2279,.T.);
#5034=EDGE_CURVE('',#3914,#3915,#93,.T.);
#5035=EDGE_CURVE('',#3915,#3916,#2280,.T.);
#5036=EDGE_CURVE('',#3916,#3917,#94,.T.);
#5037=EDGE_CURVE('',#3917,#3918,#2281,.T.);
#5038=EDGE_CURVE('',#3919,#3918,#95,.F.);
#5039=EDGE_CURVE('',#3919,#3920,#2282,.T.);
#5040=EDGE_CURVE('',#3921,#3920,#96,.F.);
#5041=EDGE_CURVE('',#3921,#3922,#2283,.T.);
#5042=EDGE_CURVE('',#3923,#3922,#97,.F.);
#5043=EDGE_CURVE('',#3923,#3924,#2284,.T.);
#5044=EDGE_CURVE('',#3925,#3924,#98,.F.);
#5045=EDGE_CURVE('',#3925,#3926,#2285,.T.);
#5046=EDGE_CURVE('',#3926,#3927,#99,.T.);
#5047=EDGE_CURVE('',#3927,#3928,#2286,.T.);
#5048=EDGE_CURVE('',#3929,#3928,#2287,.T.);
#5049=EDGE_CURVE('',#3910,#3929,#100,.T.);
#5050=EDGE_CURVE('',#3901,#3906,#2288,.T.);
#5051=EDGE_CURVE('',#3904,#3930,#101,.T.);
#5052=EDGE_CURVE('',#3930,#3912,#2289,.T.);
#5053=EDGE_CURVE('',#3930,#3844,#2290,.T.);
#5054=EDGE_CURVE('',#3882,#3931,#2291,.T.);
#5055=EDGE_CURVE('',#3929,#3931,#2292,.T.);
#5056=EDGE_CURVE('',#3928,#3913,#2293,.T.);
#5057=EDGE_CURVE('',#3931,#3911,#102,.T.);
#5058=EDGE_CURVE('',#3932,#3933,#103,.F.);
#5059=EDGE_CURVE('',#3934,#3932,#104,.F.);
#5060=EDGE_CURVE('',#3933,#3934,#105,.F.);
#5061=EDGE_CURVE('',#3935,#3936,#106,.T.);
#5062=EDGE_CURVE('',#3936,#3934,#2294,.T.);
#5063=EDGE_CURVE('',#3932,#3935,#2295,.T.);
#5064=EDGE_CURVE('',#3937,#3938,#107,.F.);
#5065=EDGE_CURVE('',#3727,#3937,#108,.F.);
#5066=EDGE_CURVE('',#3938,#3727,#109,.F.);
#5067=EDGE_CURVE('',#3939,#3726,#110,.T.);
#5068=EDGE_CURVE('',#3937,#3939,#2296,.T.);
#5069=EDGE_CURVE('',#3940,#3941,#111,.F.);
#5070=EDGE_CURVE('',#3942,#3940,#112,.F.);
#5071=EDGE_CURVE('',#3941,#3942,#113,.F.);
#5072=EDGE_CURVE('',#3943,#3944,#114,.T.);
#5073=EDGE_CURVE('',#3944,#3942,#2297,.T.);
#5074=EDGE_CURVE('',#3940,#3943,#2298,.T.);
#5075=EDGE_CURVE('',#3933,#3941,#2299,.T.);
#5076=EDGE_CURVE('',#3942,#3932,#2300,.T.);
#5077=EDGE_CURVE('',#3729,#3945,#115,.F.);
#5078=EDGE_CURVE('',#3946,#3729,#116,.F.);
#5079=EDGE_CURVE('',#3945,#3946,#117,.F.);
#5080=EDGE_CURVE('',#3728,#3947,#118,.T.);
#5081=EDGE_CURVE('',#3947,#3946,#2301,.T.);
#5082=EDGE_CURVE('',#3941,#3945,#2302,.T.);
#5083=EDGE_CURVE('',#3946,#3940,#2303,.T.);
#5084=EDGE_CURVE('',#3945,#3938,#2304,.T.);
#5085=EDGE_CURVE('',#3938,#3933,#2305,.T.);
#5086=EDGE_CURVE('',#3934,#3937,#2306,.T.);
#5087=EDGE_CURVE('',#3944,#3935,#2307,.T.);
#5088=EDGE_CURVE('',#3947,#3943,#2308,.T.);
#5089=EDGE_CURVE('',#3948,#3948,#119,.T.);
#5090=EDGE_CURVE('',#3949,#3949,#120,.T.);
#5091=EDGE_CURVE('',#3950,#3950,#121,.T.);
#5092=EDGE_CURVE('',#3951,#3951,#122,.T.);
#5093=EDGE_CURVE('',#3952,#3952,#123,.T.);
#5094=EDGE_CURVE('',#3953,#3953,#124,.T.);
#5095=EDGE_CURVE('',#3954,#3954,#125,.T.);
#5096=EDGE_CURVE('',#3955,#3955,#126,.T.);
#5097=EDGE_CURVE('',#3956,#3956,#127,.T.);
#5098=EDGE_CURVE('',#3920,#3957,#2309,.T.);
#5099=EDGE_CURVE('',#3957,#3958,#128,.F.);
#5100=EDGE_CURVE('',#3958,#3921,#2310,.T.);
#5101=EDGE_CURVE('',#3959,#3919,#2311,.T.);
#5102=EDGE_CURVE('',#3959,#3957,#2312,.T.);
#5103=EDGE_CURVE('',#3922,#3960,#2313,.T.);
#5104=EDGE_CURVE('',#3960,#3961,#129,.F.);
#5105=EDGE_CURVE('',#3961,#3923,#2314,.T.);
#5106=EDGE_CURVE('',#3958,#3960,#2315,.T.);
#5107=EDGE_CURVE('',#3918,#3962,#2316,.T.);
#5108=EDGE_CURVE('',#3962,#3959,#130,.F.);
#5109=EDGE_CURVE('',#3963,#3917,#2317,.T.);
#5110=EDGE_CURVE('',#3963,#3962,#2318,.T.);
#5111=EDGE_CURVE('',#3924,#3964,#2319,.T.);
#5112=EDGE_CURVE('',#3964,#3965,#131,.F.);
#5113=EDGE_CURVE('',#3965,#3925,#2320,.T.);
#5114=EDGE_CURVE('',#3961,#3964,#2321,.T.);
#5115=EDGE_CURVE('',#3966,#3966,#132,.T.);
#5116=EDGE_CURVE('',#3966,#3967,#2322,.T.);
#5117=EDGE_CURVE('',#3956,#3966,#2323,.T.);
#5118=EDGE_CURVE('',#3968,#3968,#133,.T.);
#5119=EDGE_CURVE('',#3968,#3969,#2324,.T.);
#5120=EDGE_CURVE('',#3955,#3968,#2325,.T.);
#5121=EDGE_CURVE('',#3970,#3970,#134,.T.);
#5122=EDGE_CURVE('',#3970,#3971,#2326,.T.);
#5123=EDGE_CURVE('',#3954,#3970,#2327,.T.);
#5124=EDGE_CURVE('',#3972,#3972,#135,.T.);
#5125=EDGE_CURVE('',#3972,#3973,#2328,.T.);
#5126=EDGE_CURVE('',#3953,#3972,#2329,.T.);
#5127=EDGE_CURVE('',#3974,#3974,#136,.T.);
#5128=EDGE_CURVE('',#3974,#3975,#2330,.T.);
#5129=EDGE_CURVE('',#3952,#3974,#2331,.T.);
#5130=EDGE_CURVE('',#3976,#3976,#137,.T.);
#5131=EDGE_CURVE('',#3976,#3977,#2332,.T.);
#5132=EDGE_CURVE('',#3951,#3976,#2333,.T.);
#5133=EDGE_CURVE('',#3978,#3978,#138,.T.);
#5134=EDGE_CURVE('',#3978,#3979,#2334,.T.);
#5135=EDGE_CURVE('',#3950,#3978,#2335,.T.);
#5136=EDGE_CURVE('',#3980,#3980,#139,.T.);
#5137=EDGE_CURVE('',#3980,#3981,#2336,.T.);
#5138=EDGE_CURVE('',#3949,#3980,#2337,.T.);
#5139=EDGE_CURVE('',#3948,#3982,#2338,.T.);
#5140=EDGE_CURVE('',#3982,#3982,#140,.T.);
#5141=EDGE_CURVE('',#3983,#3983,#141,.T.);
#5142=EDGE_CURVE('',#3983,#3984,#2339,.T.);
#5143=EDGE_CURVE('',#3984,#3984,#142,.T.);
#5144=EDGE_CURVE('',#3899,#3983,#2340,.T.);
#5145=EDGE_CURVE('',#3927,#3985,#2341,.T.);
#5146=EDGE_CURVE('',#3986,#3985,#2342,.T.);
#5147=EDGE_CURVE('',#3987,#3986,#2343,.T.);
#5148=EDGE_CURVE('',#3987,#3928,#2344,.T.);
#5149=EDGE_CURVE('',#3988,#3987,#143,.T.);
#5150=EDGE_CURVE('',#3989,#3986,#144,.T.);
#5151=EDGE_CURVE('',#3988,#3989,#2345,.T.);
#5152=EDGE_CURVE('',#3913,#3988,#2346,.T.);
#5153=EDGE_CURVE('',#3990,#3989,#2347,.T.);
#5154=EDGE_CURVE('',#3914,#3990,#2348,.T.);
#5155=EDGE_CURVE('',#3990,#3991,#145,.T.);
#5156=EDGE_CURVE('',#3991,#3985,#2349,.T.);
#5157=EDGE_CURVE('',#3916,#3992,#2350,.T.);
#5158=EDGE_CURVE('',#3992,#3963,#146,.T.);
#5159=EDGE_CURVE('',#3915,#3993,#2351,.T.);
#5160=EDGE_CURVE('',#3993,#3992,#2352,.T.);
#5161=EDGE_CURVE('',#3991,#3994,#2353,.T.);
#5162=EDGE_CURVE('',#3994,#3993,#147,.T.);
#5163=EDGE_CURVE('',#3985,#3995,#2354,.T.);
#5164=EDGE_CURVE('',#3995,#3994,#2355,.T.);
#5165=EDGE_CURVE('',#3996,#3926,#2356,.T.);
#5166=EDGE_CURVE('',#3996,#3995,#148,.T.);
#5167=EDGE_CURVE('',#3965,#3996,#2357,.T.);
#5168=EDGE_CURVE('',#3791,#3997,#2358,.T.);
#5169=EDGE_CURVE('',#3810,#3997,#2359,.T.);
#5170=EDGE_CURVE('',#3831,#3793,#149,.T.);
#5171=EDGE_CURVE('',#3819,#3998,#2360,.T.);
#5172=EDGE_CURVE('',#3998,#3829,#2361,.T.);
#5173=EDGE_CURVE('',#3818,#3999,#2362,.T.);
#5174=EDGE_CURVE('',#3999,#3998,#150,.T.);
#5175=EDGE_CURVE('',#3827,#3999,#2363,.T.);
#5176=EDGE_CURVE('',#3814,#4000,#2364,.T.);
#5177=EDGE_CURVE('',#4000,#3828,#151,.T.);
#5178=EDGE_CURVE('',#3824,#4000,#2365,.T.);
#5179=EDGE_CURVE('',#3997,#3825,#152,.T.);
#5180=EDGE_CURVE('',#3894,#3845,#2366,.T.);
#5181=EDGE_CURVE('',#3890,#3873,#2367,.T.);
#5182=EDGE_CURVE('',#3909,#3872,#2368,.T.);
#5183=EDGE_CURVE('',#3892,#3887,#2369,.T.);
#5184=EDGE_CURVE('',#3936,#3939,#2370,.T.);
#5185=ORIENTED_EDGE('',*,*,#4001,.F.);
#5186=ORIENTED_EDGE('',*,*,#4002,.F.);
#5187=ORIENTED_EDGE('',*,*,#4003,.F.);
#5188=ORIENTED_EDGE('',*,*,#4004,.F.);
#5189=ORIENTED_EDGE('',*,*,#4005,.F.);
#5190=ORIENTED_EDGE('',*,*,#4006,.F.);
#5191=ORIENTED_EDGE('',*,*,#4007,.F.);
#5192=ORIENTED_EDGE('',*,*,#4008,.F.);
#5193=ORIENTED_EDGE('',*,*,#4009,.F.);
#5194=ORIENTED_EDGE('',*,*,#4010,.F.);
#5195=ORIENTED_EDGE('',*,*,#4011,.F.);
#5196=ORIENTED_EDGE('',*,*,#4012,.F.);
#5197=ORIENTED_EDGE('',*,*,#4013,.F.);
#5198=ORIENTED_EDGE('',*,*,#4014,.F.);
#5199=ORIENTED_EDGE('',*,*,#4015,.F.);
#5200=ORIENTED_EDGE('',*,*,#4007,.T.);
#5201=ORIENTED_EDGE('',*,*,#4016,.T.);
#5202=ORIENTED_EDGE('',*,*,#4017,.F.);
#5203=ORIENTED_EDGE('',*,*,#4016,.F.);
#5204=ORIENTED_EDGE('',*,*,#4006,.T.);
#5205=ORIENTED_EDGE('',*,*,#4018,.T.);
#5206=ORIENTED_EDGE('',*,*,#4019,.F.);
#5207=ORIENTED_EDGE('',*,*,#4018,.F.);
#5208=ORIENTED_EDGE('',*,*,#4005,.T.);
#5209=ORIENTED_EDGE('',*,*,#4020,.T.);
#5210=ORIENTED_EDGE('',*,*,#4021,.F.);
#5211=ORIENTED_EDGE('',*,*,#4020,.F.);
#5212=ORIENTED_EDGE('',*,*,#4004,.T.);
#5213=ORIENTED_EDGE('',*,*,#4022,.T.);
#5214=ORIENTED_EDGE('',*,*,#4023,.F.);
#5215=ORIENTED_EDGE('',*,*,#4022,.F.);
#5216=ORIENTED_EDGE('',*,*,#4003,.T.);
#5217=ORIENTED_EDGE('',*,*,#4024,.T.);
#5218=ORIENTED_EDGE('',*,*,#4025,.F.);
#5219=ORIENTED_EDGE('',*,*,#4024,.F.);
#5220=ORIENTED_EDGE('',*,*,#4002,.T.);
#5221=ORIENTED_EDGE('',*,*,#4026,.T.);
#5222=ORIENTED_EDGE('',*,*,#4027,.F.);
#5223=ORIENTED_EDGE('',*,*,#4026,.F.);
#5224=ORIENTED_EDGE('',*,*,#4001,.T.);
#5225=ORIENTED_EDGE('',*,*,#4028,.T.);
#5226=ORIENTED_EDGE('',*,*,#4029,.F.);
#5227=ORIENTED_EDGE('',*,*,#4028,.F.);
#5228=ORIENTED_EDGE('',*,*,#4013,.T.);
#5229=ORIENTED_EDGE('',*,*,#4030,.T.);
#5230=ORIENTED_EDGE('',*,*,#4031,.F.);
#5231=ORIENTED_EDGE('',*,*,#4030,.F.);
#5232=ORIENTED_EDGE('',*,*,#4012,.T.);
#5233=ORIENTED_EDGE('',*,*,#4032,.T.);
#5234=ORIENTED_EDGE('',*,*,#4033,.F.);
#5235=ORIENTED_EDGE('',*,*,#4032,.F.);
#5236=ORIENTED_EDGE('',*,*,#4011,.T.);
#5237=ORIENTED_EDGE('',*,*,#4034,.T.);
#5238=ORIENTED_EDGE('',*,*,#4035,.F.);
#5239=ORIENTED_EDGE('',*,*,#4034,.F.);
#5240=ORIENTED_EDGE('',*,*,#4010,.T.);
#5241=ORIENTED_EDGE('',*,*,#4036,.T.);
#5242=ORIENTED_EDGE('',*,*,#4037,.F.);
#5243=ORIENTED_EDGE('',*,*,#4036,.F.);
#5244=ORIENTED_EDGE('',*,*,#4009,.T.);
#5245=ORIENTED_EDGE('',*,*,#4038,.T.);
#5246=ORIENTED_EDGE('',*,*,#4039,.F.);
#5247=ORIENTED_EDGE('',*,*,#4038,.F.);
#5248=ORIENTED_EDGE('',*,*,#4008,.T.);
#5249=ORIENTED_EDGE('',*,*,#4015,.T.);
#5250=ORIENTED_EDGE('',*,*,#4040,.F.);
#5251=ORIENTED_EDGE('',*,*,#4041,.F.);
#5252=ORIENTED_EDGE('',*,*,#4042,.F.);
#5253=ORIENTED_EDGE('',*,*,#4043,.F.);
#5254=ORIENTED_EDGE('',*,*,#4041,.T.);
#5255=ORIENTED_EDGE('',*,*,#4043,.T.);
#5256=ORIENTED_EDGE('',*,*,#4044,.F.);
#5257=ORIENTED_EDGE('',*,*,#4045,.F.);
#5258=ORIENTED_EDGE('',*,*,#4040,.T.);
#5259=ORIENTED_EDGE('',*,*,#4045,.T.);
#5260=ORIENTED_EDGE('',*,*,#4046,.F.);
#5261=ORIENTED_EDGE('',*,*,#4047,.F.);
#5262=ORIENTED_EDGE('',*,*,#4048,.T.);
#5263=ORIENTED_EDGE('',*,*,#4049,.T.);
#5264=ORIENTED_EDGE('',*,*,#4050,.F.);
#5265=ORIENTED_EDGE('',*,*,#4051,.F.);
#5266=ORIENTED_EDGE('',*,*,#4052,.T.);
#5267=ORIENTED_EDGE('',*,*,#4047,.T.);
#5268=ORIENTED_EDGE('',*,*,#4053,.F.);
#5269=ORIENTED_EDGE('',*,*,#4054,.F.);
#5270=ORIENTED_EDGE('',*,*,#4055,.T.);
#5271=ORIENTED_EDGE('',*,*,#4051,.T.);
#5272=ORIENTED_EDGE('',*,*,#4056,.F.);
#5273=ORIENTED_EDGE('',*,*,#4057,.F.);
#5274=ORIENTED_EDGE('',*,*,#4058,.T.);
#5275=ORIENTED_EDGE('',*,*,#4054,.T.);
#5276=ORIENTED_EDGE('',*,*,#4059,.F.);
#5277=ORIENTED_EDGE('',*,*,#4060,.F.);
#5278=ORIENTED_EDGE('',*,*,#4061,.T.);
#5279=ORIENTED_EDGE('',*,*,#4057,.T.);
#5280=ORIENTED_EDGE('',*,*,#4062,.F.);
#5281=ORIENTED_EDGE('',*,*,#4063,.F.);
#5282=ORIENTED_EDGE('',*,*,#4064,.T.);
#5283=ORIENTED_EDGE('',*,*,#4060,.T.);
#5284=ORIENTED_EDGE('',*,*,#4065,.F.);
#5285=ORIENTED_EDGE('',*,*,#4066,.F.);
#5286=ORIENTED_EDGE('',*,*,#4067,.T.);
#5287=ORIENTED_EDGE('',*,*,#4063,.T.);
#5288=ORIENTED_EDGE('',*,*,#4068,.F.);
#5289=ORIENTED_EDGE('',*,*,#4069,.F.);
#5290=ORIENTED_EDGE('',*,*,#4070,.T.);
#5291=ORIENTED_EDGE('',*,*,#4066,.T.);
#5292=ORIENTED_EDGE('',*,*,#4071,.F.);
#5293=ORIENTED_EDGE('',*,*,#4072,.F.);
#5294=ORIENTED_EDGE('',*,*,#4073,.T.);
#5295=ORIENTED_EDGE('',*,*,#4069,.T.);
#5296=ORIENTED_EDGE('',*,*,#4074,.F.);
#5297=ORIENTED_EDGE('',*,*,#4075,.F.);
#5298=ORIENTED_EDGE('',*,*,#4076,.T.);
#5299=ORIENTED_EDGE('',*,*,#4072,.T.);
#5300=ORIENTED_EDGE('',*,*,#4077,.F.);
#5301=ORIENTED_EDGE('',*,*,#4078,.F.);
#5302=ORIENTED_EDGE('',*,*,#4079,.T.);
#5303=ORIENTED_EDGE('',*,*,#4075,.T.);
#5304=ORIENTED_EDGE('',*,*,#4080,.F.);
#5305=ORIENTED_EDGE('',*,*,#4081,.F.);
#5306=ORIENTED_EDGE('',*,*,#4082,.T.);
#5307=ORIENTED_EDGE('',*,*,#4078,.T.);
#5308=ORIENTED_EDGE('',*,*,#4083,.F.);
#5309=ORIENTED_EDGE('',*,*,#4084,.F.);
#5310=ORIENTED_EDGE('',*,*,#4085,.T.);
#5311=ORIENTED_EDGE('',*,*,#4081,.T.);
#5312=ORIENTED_EDGE('',*,*,#4086,.F.);
#5313=ORIENTED_EDGE('',*,*,#4087,.F.);
#5314=ORIENTED_EDGE('',*,*,#4088,.T.);
#5315=ORIENTED_EDGE('',*,*,#4084,.T.);
#5316=ORIENTED_EDGE('',*,*,#4089,.F.);
#5317=ORIENTED_EDGE('',*,*,#4049,.F.);
#5318=ORIENTED_EDGE('',*,*,#4090,.T.);
#5319=ORIENTED_EDGE('',*,*,#4087,.T.);
#5320=ORIENTED_EDGE('',*,*,#4070,.F.);
#5321=ORIENTED_EDGE('',*,*,#4073,.F.);
#5322=ORIENTED_EDGE('',*,*,#4076,.F.);
#5323=ORIENTED_EDGE('',*,*,#4079,.F.);
#5324=ORIENTED_EDGE('',*,*,#4082,.F.);
#5325=ORIENTED_EDGE('',*,*,#4085,.F.);
#5326=ORIENTED_EDGE('',*,*,#4088,.F.);
#5327=ORIENTED_EDGE('',*,*,#4090,.F.);
#5328=ORIENTED_EDGE('',*,*,#4048,.F.);
#5329=ORIENTED_EDGE('',*,*,#4052,.F.);
#5330=ORIENTED_EDGE('',*,*,#4055,.F.);
#5331=ORIENTED_EDGE('',*,*,#4058,.F.);
#5332=ORIENTED_EDGE('',*,*,#4061,.F.);
#5333=ORIENTED_EDGE('',*,*,#4064,.F.);
#5334=ORIENTED_EDGE('',*,*,#4067,.F.);
#5335=ORIENTED_EDGE('',*,*,#4091,.F.);
#5336=ORIENTED_EDGE('',*,*,#4092,.F.);
#5337=ORIENTED_EDGE('',*,*,#4093,.F.);
#5338=ORIENTED_EDGE('',*,*,#4094,.F.);
#5339=ORIENTED_EDGE('',*,*,#4095,.F.);
#5340=ORIENTED_EDGE('',*,*,#4096,.F.);
#5341=ORIENTED_EDGE('',*,*,#4097,.F.);
#5342=ORIENTED_EDGE('',*,*,#4098,.F.);
#5343=ORIENTED_EDGE('',*,*,#4099,.F.);
#5344=ORIENTED_EDGE('',*,*,#4100,.F.);
#5345=ORIENTED_EDGE('',*,*,#4101,.F.);
#5346=ORIENTED_EDGE('',*,*,#4102,.F.);
#5347=ORIENTED_EDGE('',*,*,#4103,.F.);
#5348=ORIENTED_EDGE('',*,*,#4104,.F.);
#5349=ORIENTED_EDGE('',*,*,#4105,.F.);
#5350=ORIENTED_EDGE('',*,*,#4106,.F.);
#5351=ORIENTED_EDGE('',*,*,#4107,.F.);
#5352=ORIENTED_EDGE('',*,*,#4108,.F.);
#5353=ORIENTED_EDGE('',*,*,#4095,.T.);
#5354=ORIENTED_EDGE('',*,*,#4109,.T.);
#5355=ORIENTED_EDGE('',*,*,#4110,.F.);
#5356=ORIENTED_EDGE('',*,*,#4109,.F.);
#5357=ORIENTED_EDGE('',*,*,#4094,.T.);
#5358=ORIENTED_EDGE('',*,*,#4111,.T.);
#5359=ORIENTED_EDGE('',*,*,#4112,.F.);
#5360=ORIENTED_EDGE('',*,*,#4111,.F.);
#5361=ORIENTED_EDGE('',*,*,#4093,.T.);
#5362=ORIENTED_EDGE('',*,*,#4113,.T.);
#5363=ORIENTED_EDGE('',*,*,#4114,.F.);
#5364=ORIENTED_EDGE('',*,*,#4113,.F.);
#5365=ORIENTED_EDGE('',*,*,#4092,.T.);
#5366=ORIENTED_EDGE('',*,*,#4115,.T.);
#5367=ORIENTED_EDGE('',*,*,#4116,.F.);
#5368=ORIENTED_EDGE('',*,*,#4115,.F.);
#5369=ORIENTED_EDGE('',*,*,#4091,.T.);
#5370=ORIENTED_EDGE('',*,*,#4117,.T.);
#5371=ORIENTED_EDGE('',*,*,#4118,.F.);
#5372=ORIENTED_EDGE('',*,*,#4119,.F.);
#5373=ORIENTED_EDGE('',*,*,#4103,.T.);
#5374=ORIENTED_EDGE('',*,*,#4120,.T.);
#5375=ORIENTED_EDGE('',*,*,#4121,.F.);
#5376=ORIENTED_EDGE('',*,*,#4120,.F.);
#5377=ORIENTED_EDGE('',*,*,#4102,.T.);
#5378=ORIENTED_EDGE('',*,*,#4122,.T.);
#5379=ORIENTED_EDGE('',*,*,#4123,.F.);
#5380=ORIENTED_EDGE('',*,*,#4122,.F.);
#5381=ORIENTED_EDGE('',*,*,#4101,.T.);
#5382=ORIENTED_EDGE('',*,*,#4124,.T.);
#5383=ORIENTED_EDGE('',*,*,#4125,.F.);
#5384=ORIENTED_EDGE('',*,*,#4117,.F.);
#5385=ORIENTED_EDGE('',*,*,#4100,.T.);
#5386=ORIENTED_EDGE('',*,*,#4126,.T.);
#5387=ORIENTED_EDGE('',*,*,#4127,.F.);
#5388=ORIENTED_EDGE('',*,*,#4126,.F.);
#5389=ORIENTED_EDGE('',*,*,#4099,.T.);
#5390=ORIENTED_EDGE('',*,*,#4128,.T.);
#5391=ORIENTED_EDGE('',*,*,#4129,.F.);
#5392=ORIENTED_EDGE('',*,*,#4128,.F.);
#5393=ORIENTED_EDGE('',*,*,#4098,.T.);
#5394=ORIENTED_EDGE('',*,*,#4130,.T.);
#5395=ORIENTED_EDGE('',*,*,#4131,.F.);
#5396=ORIENTED_EDGE('',*,*,#4130,.F.);
#5397=ORIENTED_EDGE('',*,*,#4097,.T.);
#5398=ORIENTED_EDGE('',*,*,#4132,.T.);
#5399=ORIENTED_EDGE('',*,*,#4133,.F.);
#5400=ORIENTED_EDGE('',*,*,#4132,.F.);
#5401=ORIENTED_EDGE('',*,*,#4096,.T.);
#5402=ORIENTED_EDGE('',*,*,#4108,.T.);
#5403=ORIENTED_EDGE('',*,*,#4134,.F.);
#5404=ORIENTED_EDGE('',*,*,#4124,.F.);
#5405=ORIENTED_EDGE('',*,*,#4106,.T.);
#5406=ORIENTED_EDGE('',*,*,#4135,.T.);
#5407=ORIENTED_EDGE('',*,*,#4136,.F.);
#5408=ORIENTED_EDGE('',*,*,#4135,.F.);
#5409=ORIENTED_EDGE('',*,*,#4105,.T.);
#5410=ORIENTED_EDGE('',*,*,#4137,.T.);
#5411=ORIENTED_EDGE('',*,*,#4138,.F.);
#5412=ORIENTED_EDGE('',*,*,#4137,.F.);
#5413=ORIENTED_EDGE('',*,*,#4104,.T.);
#5414=ORIENTED_EDGE('',*,*,#4119,.T.);
#5415=ORIENTED_EDGE('',*,*,#4139,.F.);
#5416=ORIENTED_EDGE('',*,*,#4140,.F.);
#5417=ORIENTED_EDGE('',*,*,#4141,.T.);
#5418=ORIENTED_EDGE('',*,*,#4142,.T.);
#5419=ORIENTED_EDGE('',*,*,#4143,.F.);
#5420=ORIENTED_EDGE('',*,*,#4144,.F.);
#5421=ORIENTED_EDGE('',*,*,#4145,.T.);
#5422=ORIENTED_EDGE('',*,*,#4140,.T.);
#5423=ORIENTED_EDGE('',*,*,#4146,.F.);
#5424=ORIENTED_EDGE('',*,*,#4147,.F.);
#5425=ORIENTED_EDGE('',*,*,#4148,.T.);
#5426=ORIENTED_EDGE('',*,*,#4144,.T.);
#5427=ORIENTED_EDGE('',*,*,#4149,.F.);
#5428=ORIENTED_EDGE('',*,*,#4150,.F.);
#5429=ORIENTED_EDGE('',*,*,#4151,.T.);
#5430=ORIENTED_EDGE('',*,*,#4147,.T.);
#5431=ORIENTED_EDGE('',*,*,#4152,.F.);
#5432=ORIENTED_EDGE('',*,*,#4153,.F.);
#5433=ORIENTED_EDGE('',*,*,#4154,.T.);
#5434=ORIENTED_EDGE('',*,*,#4150,.T.);
#5435=ORIENTED_EDGE('',*,*,#4155,.F.);
#5436=ORIENTED_EDGE('',*,*,#4156,.F.);
#5437=ORIENTED_EDGE('',*,*,#4157,.T.);
#5438=ORIENTED_EDGE('',*,*,#4153,.T.);
#5439=ORIENTED_EDGE('',*,*,#4158,.F.);
#5440=ORIENTED_EDGE('',*,*,#4159,.F.);
#5441=ORIENTED_EDGE('',*,*,#4160,.T.);
#5442=ORIENTED_EDGE('',*,*,#4156,.T.);
#5443=ORIENTED_EDGE('',*,*,#4161,.F.);
#5444=ORIENTED_EDGE('',*,*,#4162,.F.);
#5445=ORIENTED_EDGE('',*,*,#4163,.T.);
#5446=ORIENTED_EDGE('',*,*,#4159,.T.);
#5447=ORIENTED_EDGE('',*,*,#4164,.F.);
#5448=ORIENTED_EDGE('',*,*,#4165,.F.);
#5449=ORIENTED_EDGE('',*,*,#4166,.T.);
#5450=ORIENTED_EDGE('',*,*,#4162,.T.);
#5451=ORIENTED_EDGE('',*,*,#4167,.F.);
#5452=ORIENTED_EDGE('',*,*,#4168,.F.);
#5453=ORIENTED_EDGE('',*,*,#4169,.T.);
#5454=ORIENTED_EDGE('',*,*,#4165,.T.);
#5455=ORIENTED_EDGE('',*,*,#4170,.F.);
#5456=ORIENTED_EDGE('',*,*,#4171,.F.);
#5457=ORIENTED_EDGE('',*,*,#4172,.T.);
#5458=ORIENTED_EDGE('',*,*,#4168,.T.);
#5459=ORIENTED_EDGE('',*,*,#4173,.F.);
#5460=ORIENTED_EDGE('',*,*,#4174,.F.);
#5461=ORIENTED_EDGE('',*,*,#4175,.T.);
#5462=ORIENTED_EDGE('',*,*,#4171,.T.);
#5463=ORIENTED_EDGE('',*,*,#4176,.F.);
#5464=ORIENTED_EDGE('',*,*,#4177,.F.);
#5465=ORIENTED_EDGE('',*,*,#4178,.T.);
#5466=ORIENTED_EDGE('',*,*,#4174,.T.);
#5467=ORIENTED_EDGE('',*,*,#4179,.F.);
#5468=ORIENTED_EDGE('',*,*,#4180,.F.);
#5469=ORIENTED_EDGE('',*,*,#4181,.T.);
#5470=ORIENTED_EDGE('',*,*,#4177,.T.);
#5471=ORIENTED_EDGE('',*,*,#4182,.F.);
#5472=ORIENTED_EDGE('',*,*,#4183,.F.);
#5473=ORIENTED_EDGE('',*,*,#4184,.T.);
#5474=ORIENTED_EDGE('',*,*,#4180,.T.);
#5475=ORIENTED_EDGE('',*,*,#4185,.F.);
#5476=ORIENTED_EDGE('',*,*,#4142,.F.);
#5477=ORIENTED_EDGE('',*,*,#4186,.T.);
#5478=ORIENTED_EDGE('',*,*,#4183,.T.);
#5479=ORIENTED_EDGE('',*,*,#4166,.F.);
#5480=ORIENTED_EDGE('',*,*,#4169,.F.);
#5481=ORIENTED_EDGE('',*,*,#4172,.F.);
#5482=ORIENTED_EDGE('',*,*,#4175,.F.);
#5483=ORIENTED_EDGE('',*,*,#4178,.F.);
#5484=ORIENTED_EDGE('',*,*,#4181,.F.);
#5485=ORIENTED_EDGE('',*,*,#4184,.F.);
#5486=ORIENTED_EDGE('',*,*,#4186,.F.);
#5487=ORIENTED_EDGE('',*,*,#4141,.F.);
#5488=ORIENTED_EDGE('',*,*,#4145,.F.);
#5489=ORIENTED_EDGE('',*,*,#4148,.F.);
#5490=ORIENTED_EDGE('',*,*,#4151,.F.);
#5491=ORIENTED_EDGE('',*,*,#4154,.F.);
#5492=ORIENTED_EDGE('',*,*,#4157,.F.);
#5493=ORIENTED_EDGE('',*,*,#4160,.F.);
#5494=ORIENTED_EDGE('',*,*,#4163,.F.);
#5495=ORIENTED_EDGE('',*,*,#4187,.F.);
#5496=ORIENTED_EDGE('',*,*,#4188,.F.);
#5497=ORIENTED_EDGE('',*,*,#4189,.F.);
#5498=ORIENTED_EDGE('',*,*,#4190,.F.);
#5499=ORIENTED_EDGE('',*,*,#4191,.F.);
#5500=ORIENTED_EDGE('',*,*,#4192,.F.);
#5501=ORIENTED_EDGE('',*,*,#4188,.T.);
#5502=ORIENTED_EDGE('',*,*,#4193,.T.);
#5503=ORIENTED_EDGE('',*,*,#4194,.F.);
#5504=ORIENTED_EDGE('',*,*,#4193,.F.);
#5505=ORIENTED_EDGE('',*,*,#4187,.T.);
#5506=ORIENTED_EDGE('',*,*,#4195,.T.);
#5507=ORIENTED_EDGE('',*,*,#4196,.F.);
#5508=ORIENTED_EDGE('',*,*,#4195,.F.);
#5509=ORIENTED_EDGE('',*,*,#4190,.T.);
#5510=ORIENTED_EDGE('',*,*,#4197,.T.);
#5511=ORIENTED_EDGE('',*,*,#4198,.F.);
#5512=ORIENTED_EDGE('',*,*,#4197,.F.);
#5513=ORIENTED_EDGE('',*,*,#4189,.T.);
#5514=ORIENTED_EDGE('',*,*,#4192,.T.);
#5515=ORIENTED_EDGE('',*,*,#4199,.F.);
#5516=ORIENTED_EDGE('',*,*,#4200,.F.);
#5517=ORIENTED_EDGE('',*,*,#4201,.T.);
#5518=ORIENTED_EDGE('',*,*,#4202,.T.);
#5519=ORIENTED_EDGE('',*,*,#4203,.F.);
#5520=ORIENTED_EDGE('',*,*,#4204,.F.);
#5521=ORIENTED_EDGE('',*,*,#4205,.T.);
#5522=ORIENTED_EDGE('',*,*,#4200,.T.);
#5523=ORIENTED_EDGE('',*,*,#4206,.F.);
#5524=ORIENTED_EDGE('',*,*,#4207,.F.);
#5525=ORIENTED_EDGE('',*,*,#4208,.T.);
#5526=ORIENTED_EDGE('',*,*,#4204,.T.);
#5527=ORIENTED_EDGE('',*,*,#4209,.F.);
#5528=ORIENTED_EDGE('',*,*,#4210,.F.);
#5529=ORIENTED_EDGE('',*,*,#4211,.T.);
#5530=ORIENTED_EDGE('',*,*,#4207,.T.);
#5531=ORIENTED_EDGE('',*,*,#4212,.F.);
#5532=ORIENTED_EDGE('',*,*,#4213,.F.);
#5533=ORIENTED_EDGE('',*,*,#4214,.T.);
#5534=ORIENTED_EDGE('',*,*,#4210,.T.);
#5535=ORIENTED_EDGE('',*,*,#4215,.F.);
#5536=ORIENTED_EDGE('',*,*,#4216,.F.);
#5537=ORIENTED_EDGE('',*,*,#4217,.T.);
#5538=ORIENTED_EDGE('',*,*,#4213,.T.);
#5539=ORIENTED_EDGE('',*,*,#4218,.F.);
#5540=ORIENTED_EDGE('',*,*,#4219,.F.);
#5541=ORIENTED_EDGE('',*,*,#4220,.T.);
#5542=ORIENTED_EDGE('',*,*,#4216,.T.);
#5543=ORIENTED_EDGE('',*,*,#4221,.F.);
#5544=ORIENTED_EDGE('',*,*,#4222,.F.);
#5545=ORIENTED_EDGE('',*,*,#4223,.T.);
#5546=ORIENTED_EDGE('',*,*,#4219,.T.);
#5547=ORIENTED_EDGE('',*,*,#4224,.F.);
#5548=ORIENTED_EDGE('',*,*,#4202,.F.);
#5549=ORIENTED_EDGE('',*,*,#4225,.T.);
#5550=ORIENTED_EDGE('',*,*,#4222,.T.);
#5551=ORIENTED_EDGE('',*,*,#4214,.F.);
#5552=ORIENTED_EDGE('',*,*,#4217,.F.);
#5553=ORIENTED_EDGE('',*,*,#4220,.F.);
#5554=ORIENTED_EDGE('',*,*,#4223,.F.);
#5555=ORIENTED_EDGE('',*,*,#4225,.F.);
#5556=ORIENTED_EDGE('',*,*,#4201,.F.);
#5557=ORIENTED_EDGE('',*,*,#4205,.F.);
#5558=ORIENTED_EDGE('',*,*,#4208,.F.);
#5559=ORIENTED_EDGE('',*,*,#4211,.F.);
#5560=ORIENTED_EDGE('',*,*,#4226,.F.);
#5561=ORIENTED_EDGE('',*,*,#4227,.F.);
#5562=ORIENTED_EDGE('',*,*,#4228,.F.);
#5563=ORIENTED_EDGE('',*,*,#4229,.F.);
#5564=ORIENTED_EDGE('',*,*,#4230,.F.);
#5565=ORIENTED_EDGE('',*,*,#4231,.F.);
#5566=ORIENTED_EDGE('',*,*,#4227,.T.);
#5567=ORIENTED_EDGE('',*,*,#4232,.T.);
#5568=ORIENTED_EDGE('',*,*,#4233,.F.);
#5569=ORIENTED_EDGE('',*,*,#4232,.F.);
#5570=ORIENTED_EDGE('',*,*,#4226,.T.);
#5571=ORIENTED_EDGE('',*,*,#4234,.T.);
#5572=ORIENTED_EDGE('',*,*,#4235,.F.);
#5573=ORIENTED_EDGE('',*,*,#4234,.F.);
#5574=ORIENTED_EDGE('',*,*,#4229,.T.);
#5575=ORIENTED_EDGE('',*,*,#4236,.T.);
#5576=ORIENTED_EDGE('',*,*,#4237,.F.);
#5577=ORIENTED_EDGE('',*,*,#4236,.F.);
#5578=ORIENTED_EDGE('',*,*,#4228,.T.);
#5579=ORIENTED_EDGE('',*,*,#4231,.T.);
#5580=ORIENTED_EDGE('',*,*,#4238,.F.);
#5581=ORIENTED_EDGE('',*,*,#4239,.F.);
#5582=ORIENTED_EDGE('',*,*,#4240,.T.);
#5583=ORIENTED_EDGE('',*,*,#4239,.T.);
#5584=ORIENTED_EDGE('',*,*,#4241,.F.);
#5585=ORIENTED_EDGE('',*,*,#4242,.F.);
#5586=ORIENTED_EDGE('',*,*,#4243,.T.);
#5587=ORIENTED_EDGE('',*,*,#4242,.T.);
#5588=ORIENTED_EDGE('',*,*,#4240,.F.);
#5589=ORIENTED_EDGE('',*,*,#4243,.F.);
#5590=ORIENTED_EDGE('',*,*,#4244,.F.);
#5591=ORIENTED_EDGE('',*,*,#4245,.F.);
#5592=ORIENTED_EDGE('',*,*,#4246,.F.);
#5593=ORIENTED_EDGE('',*,*,#4247,.F.);
#5594=ORIENTED_EDGE('',*,*,#4248,.F.);
#5595=ORIENTED_EDGE('',*,*,#4249,.F.);
#5596=ORIENTED_EDGE('',*,*,#4250,.F.);
#5597=ORIENTED_EDGE('',*,*,#4251,.F.);
#5598=ORIENTED_EDGE('',*,*,#4252,.F.);
#5599=ORIENTED_EDGE('',*,*,#4253,.F.);
#5600=ORIENTED_EDGE('',*,*,#4254,.F.);
#5601=ORIENTED_EDGE('',*,*,#4255,.F.);
#5602=ORIENTED_EDGE('',*,*,#4256,.F.);
#5603=ORIENTED_EDGE('',*,*,#4257,.F.);
#5604=ORIENTED_EDGE('',*,*,#4254,.T.);
#5605=ORIENTED_EDGE('',*,*,#4258,.T.);
#5606=ORIENTED_EDGE('',*,*,#4259,.F.);
#5607=ORIENTED_EDGE('',*,*,#4258,.F.);
#5608=ORIENTED_EDGE('',*,*,#4253,.T.);
#5609=ORIENTED_EDGE('',*,*,#4260,.T.);
#5610=ORIENTED_EDGE('',*,*,#4261,.F.);
#5611=ORIENTED_EDGE('',*,*,#4262,.F.);
#5612=ORIENTED_EDGE('',*,*,#4248,.T.);
#5613=ORIENTED_EDGE('',*,*,#4263,.T.);
#5614=ORIENTED_EDGE('',*,*,#4264,.F.);
#5615=ORIENTED_EDGE('',*,*,#4263,.F.);
#5616=ORIENTED_EDGE('',*,*,#4247,.T.);
#5617=ORIENTED_EDGE('',*,*,#4265,.T.);
#5618=ORIENTED_EDGE('',*,*,#4266,.F.);
#5619=ORIENTED_EDGE('',*,*,#4265,.F.);
#5620=ORIENTED_EDGE('',*,*,#4246,.T.);
#5621=ORIENTED_EDGE('',*,*,#4267,.T.);
#5622=ORIENTED_EDGE('',*,*,#4268,.F.);
#5623=ORIENTED_EDGE('',*,*,#4267,.F.);
#5624=ORIENTED_EDGE('',*,*,#4245,.T.);
#5625=ORIENTED_EDGE('',*,*,#4269,.T.);
#5626=ORIENTED_EDGE('',*,*,#4270,.F.);
#5627=ORIENTED_EDGE('',*,*,#4269,.F.);
#5628=ORIENTED_EDGE('',*,*,#4244,.T.);
#5629=ORIENTED_EDGE('',*,*,#4271,.T.);
#5630=ORIENTED_EDGE('',*,*,#4272,.F.);
#5631=ORIENTED_EDGE('',*,*,#4260,.F.);
#5632=ORIENTED_EDGE('',*,*,#4255,.T.);
#5633=ORIENTED_EDGE('',*,*,#4257,.T.);
#5634=ORIENTED_EDGE('',*,*,#4273,.F.);
#5635=ORIENTED_EDGE('',*,*,#4271,.F.);
#5636=ORIENTED_EDGE('',*,*,#4252,.T.);
#5637=ORIENTED_EDGE('',*,*,#4274,.T.);
#5638=ORIENTED_EDGE('',*,*,#4275,.F.);
#5639=ORIENTED_EDGE('',*,*,#4274,.F.);
#5640=ORIENTED_EDGE('',*,*,#4251,.T.);
#5641=ORIENTED_EDGE('',*,*,#4276,.T.);
#5642=ORIENTED_EDGE('',*,*,#4277,.F.);
#5643=ORIENTED_EDGE('',*,*,#4276,.F.);
#5644=ORIENTED_EDGE('',*,*,#4250,.T.);
#5645=ORIENTED_EDGE('',*,*,#4278,.T.);
#5646=ORIENTED_EDGE('',*,*,#4279,.F.);
#5647=ORIENTED_EDGE('',*,*,#4278,.F.);
#5648=ORIENTED_EDGE('',*,*,#4249,.T.);
#5649=ORIENTED_EDGE('',*,*,#4262,.T.);
#5650=ORIENTED_EDGE('',*,*,#4280,.F.);
#5651=ORIENTED_EDGE('',*,*,#4281,.F.);
#5652=ORIENTED_EDGE('',*,*,#4282,.T.);
#5653=ORIENTED_EDGE('',*,*,#4283,.T.);
#5654=ORIENTED_EDGE('',*,*,#4284,.F.);
#5655=ORIENTED_EDGE('',*,*,#4285,.F.);
#5656=ORIENTED_EDGE('',*,*,#4286,.T.);
#5657=ORIENTED_EDGE('',*,*,#4281,.T.);
#5658=ORIENTED_EDGE('',*,*,#4287,.F.);
#5659=ORIENTED_EDGE('',*,*,#4288,.F.);
#5660=ORIENTED_EDGE('',*,*,#4289,.T.);
#5661=ORIENTED_EDGE('',*,*,#4285,.T.);
#5662=ORIENTED_EDGE('',*,*,#4290,.F.);
#5663=ORIENTED_EDGE('',*,*,#4291,.F.);
#5664=ORIENTED_EDGE('',*,*,#4292,.T.);
#5665=ORIENTED_EDGE('',*,*,#4288,.T.);
#5666=ORIENTED_EDGE('',*,*,#4293,.F.);
#5667=ORIENTED_EDGE('',*,*,#4294,.F.);
#5668=ORIENTED_EDGE('',*,*,#4295,.T.);
#5669=ORIENTED_EDGE('',*,*,#4291,.T.);
#5670=ORIENTED_EDGE('',*,*,#4296,.F.);
#5671=ORIENTED_EDGE('',*,*,#4297,.F.);
#5672=ORIENTED_EDGE('',*,*,#4298,.T.);
#5673=ORIENTED_EDGE('',*,*,#4294,.T.);
#5674=ORIENTED_EDGE('',*,*,#4299,.F.);
#5675=ORIENTED_EDGE('',*,*,#4300,.F.);
#5676=ORIENTED_EDGE('',*,*,#4301,.T.);
#5677=ORIENTED_EDGE('',*,*,#4297,.T.);
#5678=ORIENTED_EDGE('',*,*,#4302,.F.);
#5679=ORIENTED_EDGE('',*,*,#4303,.F.);
#5680=ORIENTED_EDGE('',*,*,#4304,.T.);
#5681=ORIENTED_EDGE('',*,*,#4300,.T.);
#5682=ORIENTED_EDGE('',*,*,#4305,.F.);
#5683=ORIENTED_EDGE('',*,*,#4306,.F.);
#5684=ORIENTED_EDGE('',*,*,#4307,.T.);
#5685=ORIENTED_EDGE('',*,*,#4303,.T.);
#5686=ORIENTED_EDGE('',*,*,#4308,.F.);
#5687=ORIENTED_EDGE('',*,*,#4309,.F.);
#5688=ORIENTED_EDGE('',*,*,#4310,.T.);
#5689=ORIENTED_EDGE('',*,*,#4306,.T.);
#5690=ORIENTED_EDGE('',*,*,#4311,.F.);
#5691=ORIENTED_EDGE('',*,*,#4283,.F.);
#5692=ORIENTED_EDGE('',*,*,#4312,.T.);
#5693=ORIENTED_EDGE('',*,*,#4309,.T.);
#5694=ORIENTED_EDGE('',*,*,#4313,.F.);
#5695=ORIENTED_EDGE('',*,*,#4314,.F.);
#5696=ORIENTED_EDGE('',*,*,#4315,.T.);
#5697=ORIENTED_EDGE('',*,*,#4314,.T.);
#5698=ORIENTED_EDGE('',*,*,#4298,.F.);
#5699=ORIENTED_EDGE('',*,*,#4301,.F.);
#5700=ORIENTED_EDGE('',*,*,#4304,.F.);
#5701=ORIENTED_EDGE('',*,*,#4307,.F.);
#5702=ORIENTED_EDGE('',*,*,#4310,.F.);
#5703=ORIENTED_EDGE('',*,*,#4312,.F.);
#5704=ORIENTED_EDGE('',*,*,#4282,.F.);
#5705=ORIENTED_EDGE('',*,*,#4286,.F.);
#5706=ORIENTED_EDGE('',*,*,#4289,.F.);
#5707=ORIENTED_EDGE('',*,*,#4292,.F.);
#5708=ORIENTED_EDGE('',*,*,#4295,.F.);
#5709=ORIENTED_EDGE('',*,*,#4315,.F.);
#5710=ORIENTED_EDGE('',*,*,#4316,.F.);
#5711=ORIENTED_EDGE('',*,*,#4317,.F.);
#5712=ORIENTED_EDGE('',*,*,#4318,.F.);
#5713=ORIENTED_EDGE('',*,*,#4319,.F.);
#5714=ORIENTED_EDGE('',*,*,#4320,.F.);
#5715=ORIENTED_EDGE('',*,*,#4321,.F.);
#5716=ORIENTED_EDGE('',*,*,#4317,.T.);
#5717=ORIENTED_EDGE('',*,*,#4322,.T.);
#5718=ORIENTED_EDGE('',*,*,#4323,.F.);
#5719=ORIENTED_EDGE('',*,*,#4322,.F.);
#5720=ORIENTED_EDGE('',*,*,#4316,.T.);
#5721=ORIENTED_EDGE('',*,*,#4324,.T.);
#5722=ORIENTED_EDGE('',*,*,#4325,.F.);
#5723=ORIENTED_EDGE('',*,*,#4324,.F.);
#5724=ORIENTED_EDGE('',*,*,#4319,.T.);
#5725=ORIENTED_EDGE('',*,*,#4326,.T.);
#5726=ORIENTED_EDGE('',*,*,#4327,.F.);
#5727=ORIENTED_EDGE('',*,*,#4326,.F.);
#5728=ORIENTED_EDGE('',*,*,#4318,.T.);
#5729=ORIENTED_EDGE('',*,*,#4321,.T.);
#5730=ORIENTED_EDGE('',*,*,#4328,.F.);
#5731=ORIENTED_EDGE('',*,*,#4329,.F.);
#5732=ORIENTED_EDGE('',*,*,#4330,.T.);
#5733=ORIENTED_EDGE('',*,*,#4329,.T.);
#5734=ORIENTED_EDGE('',*,*,#4331,.F.);
#5735=ORIENTED_EDGE('',*,*,#4332,.F.);
#5736=ORIENTED_EDGE('',*,*,#4333,.T.);
#5737=ORIENTED_EDGE('',*,*,#4332,.T.);
#5738=ORIENTED_EDGE('',*,*,#4330,.F.);
#5739=ORIENTED_EDGE('',*,*,#4333,.F.);
#5740=ORIENTED_EDGE('',*,*,#4334,.F.);
#5741=ORIENTED_EDGE('',*,*,#4335,.F.);
#5742=ORIENTED_EDGE('',*,*,#4336,.F.);
#5743=ORIENTED_EDGE('',*,*,#4337,.F.);
#5744=ORIENTED_EDGE('',*,*,#4338,.F.);
#5745=ORIENTED_EDGE('',*,*,#4339,.F.);
#5746=ORIENTED_EDGE('',*,*,#4340,.F.);
#5747=ORIENTED_EDGE('',*,*,#4341,.F.);
#5748=ORIENTED_EDGE('',*,*,#4342,.F.);
#5749=ORIENTED_EDGE('',*,*,#4343,.F.);
#5750=ORIENTED_EDGE('',*,*,#4344,.F.);
#5751=ORIENTED_EDGE('',*,*,#4342,.T.);
#5752=ORIENTED_EDGE('',*,*,#4344,.T.);
#5753=ORIENTED_EDGE('',*,*,#4345,.F.);
#5754=ORIENTED_EDGE('',*,*,#4346,.F.);
#5755=ORIENTED_EDGE('',*,*,#4337,.T.);
#5756=ORIENTED_EDGE('',*,*,#4347,.T.);
#5757=ORIENTED_EDGE('',*,*,#4348,.F.);
#5758=ORIENTED_EDGE('',*,*,#4347,.F.);
#5759=ORIENTED_EDGE('',*,*,#4336,.T.);
#5760=ORIENTED_EDGE('',*,*,#4349,.T.);
#5761=ORIENTED_EDGE('',*,*,#4350,.F.);
#5762=ORIENTED_EDGE('',*,*,#4349,.F.);
#5763=ORIENTED_EDGE('',*,*,#4335,.T.);
#5764=ORIENTED_EDGE('',*,*,#4351,.T.);
#5765=ORIENTED_EDGE('',*,*,#4352,.F.);
#5766=ORIENTED_EDGE('',*,*,#4351,.F.);
#5767=ORIENTED_EDGE('',*,*,#4334,.T.);
#5768=ORIENTED_EDGE('',*,*,#4353,.T.);
#5769=ORIENTED_EDGE('',*,*,#4354,.F.);
#5770=ORIENTED_EDGE('',*,*,#4353,.F.);
#5771=ORIENTED_EDGE('',*,*,#4341,.T.);
#5772=ORIENTED_EDGE('',*,*,#4355,.T.);
#5773=ORIENTED_EDGE('',*,*,#4356,.F.);
#5774=ORIENTED_EDGE('',*,*,#4355,.F.);
#5775=ORIENTED_EDGE('',*,*,#4340,.T.);
#5776=ORIENTED_EDGE('',*,*,#4357,.T.);
#5777=ORIENTED_EDGE('',*,*,#4358,.F.);
#5778=ORIENTED_EDGE('',*,*,#4357,.F.);
#5779=ORIENTED_EDGE('',*,*,#4339,.T.);
#5780=ORIENTED_EDGE('',*,*,#4359,.T.);
#5781=ORIENTED_EDGE('',*,*,#4360,.F.);
#5782=ORIENTED_EDGE('',*,*,#4359,.F.);
#5783=ORIENTED_EDGE('',*,*,#4338,.T.);
#5784=ORIENTED_EDGE('',*,*,#4346,.T.);
#5785=ORIENTED_EDGE('',*,*,#4361,.F.);
#5786=ORIENTED_EDGE('',*,*,#4362,.F.);
#5787=ORIENTED_EDGE('',*,*,#4363,.T.);
#5788=ORIENTED_EDGE('',*,*,#4364,.T.);
#5789=ORIENTED_EDGE('',*,*,#4365,.F.);
#5790=ORIENTED_EDGE('',*,*,#4366,.F.);
#5791=ORIENTED_EDGE('',*,*,#4367,.T.);
#5792=ORIENTED_EDGE('',*,*,#4362,.T.);
#5793=ORIENTED_EDGE('',*,*,#4368,.F.);
#5794=ORIENTED_EDGE('',*,*,#4369,.F.);
#5795=ORIENTED_EDGE('',*,*,#4370,.T.);
#5796=ORIENTED_EDGE('',*,*,#4366,.T.);
#5797=ORIENTED_EDGE('',*,*,#4371,.F.);
#5798=ORIENTED_EDGE('',*,*,#4372,.F.);
#5799=ORIENTED_EDGE('',*,*,#4373,.T.);
#5800=ORIENTED_EDGE('',*,*,#4369,.T.);
#5801=ORIENTED_EDGE('',*,*,#4374,.F.);
#5802=ORIENTED_EDGE('',*,*,#4375,.F.);
#5803=ORIENTED_EDGE('',*,*,#4376,.T.);
#5804=ORIENTED_EDGE('',*,*,#4372,.T.);
#5805=ORIENTED_EDGE('',*,*,#4377,.F.);
#5806=ORIENTED_EDGE('',*,*,#4378,.F.);
#5807=ORIENTED_EDGE('',*,*,#4379,.T.);
#5808=ORIENTED_EDGE('',*,*,#4380,.T.);
#5809=ORIENTED_EDGE('',*,*,#4381,.F.);
#5810=ORIENTED_EDGE('',*,*,#4380,.F.);
#5811=ORIENTED_EDGE('',*,*,#4382,.T.);
#5812=ORIENTED_EDGE('',*,*,#4383,.T.);
#5813=ORIENTED_EDGE('',*,*,#4384,.F.);
#5814=ORIENTED_EDGE('',*,*,#4385,.F.);
#5815=ORIENTED_EDGE('',*,*,#4386,.T.);
#5816=ORIENTED_EDGE('',*,*,#4375,.T.);
#5817=ORIENTED_EDGE('',*,*,#4387,.F.);
#5818=ORIENTED_EDGE('',*,*,#4388,.F.);
#5819=ORIENTED_EDGE('',*,*,#4389,.T.);
#5820=ORIENTED_EDGE('',*,*,#4385,.T.);
#5821=ORIENTED_EDGE('',*,*,#4390,.F.);
#5822=ORIENTED_EDGE('',*,*,#4391,.F.);
#5823=ORIENTED_EDGE('',*,*,#4392,.T.);
#5824=ORIENTED_EDGE('',*,*,#4388,.T.);
#5825=ORIENTED_EDGE('',*,*,#4393,.F.);
#5826=ORIENTED_EDGE('',*,*,#4394,.F.);
#5827=ORIENTED_EDGE('',*,*,#4395,.T.);
#5828=ORIENTED_EDGE('',*,*,#4391,.T.);
#5829=ORIENTED_EDGE('',*,*,#4396,.F.);
#5830=ORIENTED_EDGE('',*,*,#4364,.F.);
#5831=ORIENTED_EDGE('',*,*,#4397,.T.);
#5832=ORIENTED_EDGE('',*,*,#4394,.T.);
#5833=ORIENTED_EDGE('',*,*,#4398,.F.);
#5834=ORIENTED_EDGE('',*,*,#4399,.F.);
#5835=ORIENTED_EDGE('',*,*,#4400,.T.);
#5836=ORIENTED_EDGE('',*,*,#4378,.T.);
#5837=ORIENTED_EDGE('',*,*,#4401,.F.);
#5838=ORIENTED_EDGE('',*,*,#4383,.F.);
#5839=ORIENTED_EDGE('',*,*,#4402,.T.);
#5840=ORIENTED_EDGE('',*,*,#4399,.T.);
#5841=ORIENTED_EDGE('',*,*,#4386,.F.);
#5842=ORIENTED_EDGE('',*,*,#4389,.F.);
#5843=ORIENTED_EDGE('',*,*,#4392,.F.);
#5844=ORIENTED_EDGE('',*,*,#4395,.F.);
#5845=ORIENTED_EDGE('',*,*,#4397,.F.);
#5846=ORIENTED_EDGE('',*,*,#4363,.F.);
#5847=ORIENTED_EDGE('',*,*,#4367,.F.);
#5848=ORIENTED_EDGE('',*,*,#4370,.F.);
#5849=ORIENTED_EDGE('',*,*,#4373,.F.);
#5850=ORIENTED_EDGE('',*,*,#4376,.F.);
#5851=ORIENTED_EDGE('',*,*,#4400,.F.);
#5852=ORIENTED_EDGE('',*,*,#4402,.F.);
#5853=ORIENTED_EDGE('',*,*,#4382,.F.);
#5854=ORIENTED_EDGE('',*,*,#4379,.F.);
#5855=ORIENTED_EDGE('',*,*,#4403,.F.);
#5856=ORIENTED_EDGE('',*,*,#4404,.F.);
#5857=ORIENTED_EDGE('',*,*,#4405,.F.);
#5858=ORIENTED_EDGE('',*,*,#4406,.F.);
#5859=ORIENTED_EDGE('',*,*,#4407,.F.);
#5860=ORIENTED_EDGE('',*,*,#4408,.F.);
#5861=ORIENTED_EDGE('',*,*,#4409,.F.);
#5862=ORIENTED_EDGE('',*,*,#4410,.F.);
#5863=ORIENTED_EDGE('',*,*,#4411,.F.);
#5864=ORIENTED_EDGE('',*,*,#4412,.F.);
#5865=ORIENTED_EDGE('',*,*,#4413,.F.);
#5866=ORIENTED_EDGE('',*,*,#4414,.F.);
#5867=ORIENTED_EDGE('',*,*,#4407,.T.);
#5868=ORIENTED_EDGE('',*,*,#4415,.T.);
#5869=ORIENTED_EDGE('',*,*,#4416,.F.);
#5870=ORIENTED_EDGE('',*,*,#4415,.F.);
#5871=ORIENTED_EDGE('',*,*,#4406,.T.);
#5872=ORIENTED_EDGE('',*,*,#4417,.T.);
#5873=ORIENTED_EDGE('',*,*,#4418,.F.);
#5874=ORIENTED_EDGE('',*,*,#4417,.F.);
#5875=ORIENTED_EDGE('',*,*,#4405,.T.);
#5876=ORIENTED_EDGE('',*,*,#4419,.T.);
#5877=ORIENTED_EDGE('',*,*,#4420,.F.);
#5878=ORIENTED_EDGE('',*,*,#4419,.F.);
#5879=ORIENTED_EDGE('',*,*,#4404,.T.);
#5880=ORIENTED_EDGE('',*,*,#4421,.T.);
#5881=ORIENTED_EDGE('',*,*,#4422,.F.);
#5882=ORIENTED_EDGE('',*,*,#4421,.F.);
#5883=ORIENTED_EDGE('',*,*,#4403,.T.);
#5884=ORIENTED_EDGE('',*,*,#4423,.T.);
#5885=ORIENTED_EDGE('',*,*,#4424,.F.);
#5886=ORIENTED_EDGE('',*,*,#4423,.F.);
#5887=ORIENTED_EDGE('',*,*,#4412,.T.);
#5888=ORIENTED_EDGE('',*,*,#4425,.T.);
#5889=ORIENTED_EDGE('',*,*,#4426,.F.);
#5890=ORIENTED_EDGE('',*,*,#4425,.F.);
#5891=ORIENTED_EDGE('',*,*,#4411,.T.);
#5892=ORIENTED_EDGE('',*,*,#4427,.T.);
#5893=ORIENTED_EDGE('',*,*,#4428,.F.);
#5894=ORIENTED_EDGE('',*,*,#4427,.F.);
#5895=ORIENTED_EDGE('',*,*,#4410,.T.);
#5896=ORIENTED_EDGE('',*,*,#4429,.T.);
#5897=ORIENTED_EDGE('',*,*,#4430,.F.);
#5898=ORIENTED_EDGE('',*,*,#4429,.F.);
#5899=ORIENTED_EDGE('',*,*,#4409,.T.);
#5900=ORIENTED_EDGE('',*,*,#4431,.T.);
#5901=ORIENTED_EDGE('',*,*,#4432,.F.);
#5902=ORIENTED_EDGE('',*,*,#4431,.F.);
#5903=ORIENTED_EDGE('',*,*,#4408,.T.);
#5904=ORIENTED_EDGE('',*,*,#4414,.T.);
#5905=ORIENTED_EDGE('',*,*,#4433,.F.);
#5906=ORIENTED_EDGE('',*,*,#4434,.F.);
#5907=ORIENTED_EDGE('',*,*,#4435,.T.);
#5908=ORIENTED_EDGE('',*,*,#4436,.T.);
#5909=ORIENTED_EDGE('',*,*,#4437,.F.);
#5910=ORIENTED_EDGE('',*,*,#4438,.F.);
#5911=ORIENTED_EDGE('',*,*,#4439,.T.);
#5912=ORIENTED_EDGE('',*,*,#4434,.T.);
#5913=ORIENTED_EDGE('',*,*,#4440,.F.);
#5914=ORIENTED_EDGE('',*,*,#4441,.F.);
#5915=ORIENTED_EDGE('',*,*,#4442,.T.);
#5916=ORIENTED_EDGE('',*,*,#4438,.T.);
#5917=ORIENTED_EDGE('',*,*,#4443,.F.);
#5918=ORIENTED_EDGE('',*,*,#4444,.F.);
#5919=ORIENTED_EDGE('',*,*,#4445,.T.);
#5920=ORIENTED_EDGE('',*,*,#4441,.T.);
#5921=ORIENTED_EDGE('',*,*,#4446,.F.);
#5922=ORIENTED_EDGE('',*,*,#4447,.F.);
#5923=ORIENTED_EDGE('',*,*,#4448,.T.);
#5924=ORIENTED_EDGE('',*,*,#4444,.T.);
#5925=ORIENTED_EDGE('',*,*,#4449,.F.);
#5926=ORIENTED_EDGE('',*,*,#4450,.F.);
#5927=ORIENTED_EDGE('',*,*,#4451,.T.);
#5928=ORIENTED_EDGE('',*,*,#4452,.T.);
#5929=ORIENTED_EDGE('',*,*,#4453,.F.);
#5930=ORIENTED_EDGE('',*,*,#4452,.F.);
#5931=ORIENTED_EDGE('',*,*,#4454,.T.);
#5932=ORIENTED_EDGE('',*,*,#4455,.T.);
#5933=ORIENTED_EDGE('',*,*,#4456,.F.);
#5934=ORIENTED_EDGE('',*,*,#4455,.F.);
#5935=ORIENTED_EDGE('',*,*,#4457,.T.);
#5936=ORIENTED_EDGE('',*,*,#4458,.T.);
#5937=ORIENTED_EDGE('',*,*,#4459,.F.);
#5938=ORIENTED_EDGE('',*,*,#4460,.F.);
#5939=ORIENTED_EDGE('',*,*,#4461,.T.);
#5940=ORIENTED_EDGE('',*,*,#4462,.T.);
#5941=ORIENTED_EDGE('',*,*,#4463,.F.);
#5942=ORIENTED_EDGE('',*,*,#4462,.F.);
#5943=ORIENTED_EDGE('',*,*,#4464,.T.);
#5944=ORIENTED_EDGE('',*,*,#4465,.T.);
#5945=ORIENTED_EDGE('',*,*,#4466,.F.);
#5946=ORIENTED_EDGE('',*,*,#4465,.F.);
#5947=ORIENTED_EDGE('',*,*,#4467,.T.);
#5948=ORIENTED_EDGE('',*,*,#4468,.T.);
#5949=ORIENTED_EDGE('',*,*,#4469,.F.);
#5950=ORIENTED_EDGE('',*,*,#4470,.F.);
#5951=ORIENTED_EDGE('',*,*,#4471,.T.);
#5952=ORIENTED_EDGE('',*,*,#4447,.T.);
#5953=ORIENTED_EDGE('',*,*,#4472,.F.);
#5954=ORIENTED_EDGE('',*,*,#4473,.F.);
#5955=ORIENTED_EDGE('',*,*,#4474,.T.);
#5956=ORIENTED_EDGE('',*,*,#4470,.T.);
#5957=ORIENTED_EDGE('',*,*,#4475,.F.);
#5958=ORIENTED_EDGE('',*,*,#4476,.F.);
#5959=ORIENTED_EDGE('',*,*,#4477,.T.);
#5960=ORIENTED_EDGE('',*,*,#4473,.T.);
#5961=ORIENTED_EDGE('',*,*,#4478,.F.);
#5962=ORIENTED_EDGE('',*,*,#4479,.F.);
#5963=ORIENTED_EDGE('',*,*,#4480,.T.);
#5964=ORIENTED_EDGE('',*,*,#4476,.T.);
#5965=ORIENTED_EDGE('',*,*,#4481,.F.);
#5966=ORIENTED_EDGE('',*,*,#4436,.F.);
#5967=ORIENTED_EDGE('',*,*,#4482,.T.);
#5968=ORIENTED_EDGE('',*,*,#4479,.T.);
#5969=ORIENTED_EDGE('',*,*,#4483,.F.);
#5970=ORIENTED_EDGE('',*,*,#4484,.F.);
#5971=ORIENTED_EDGE('',*,*,#4485,.T.);
#5972=ORIENTED_EDGE('',*,*,#4450,.T.);
#5973=ORIENTED_EDGE('',*,*,#4486,.F.);
#5974=ORIENTED_EDGE('',*,*,#4487,.F.);
#5975=ORIENTED_EDGE('',*,*,#4488,.T.);
#5976=ORIENTED_EDGE('',*,*,#4484,.T.);
#5977=ORIENTED_EDGE('',*,*,#4489,.F.);
#5978=ORIENTED_EDGE('',*,*,#4490,.F.);
#5979=ORIENTED_EDGE('',*,*,#4491,.T.);
#5980=ORIENTED_EDGE('',*,*,#4487,.T.);
#5981=ORIENTED_EDGE('',*,*,#4492,.F.);
#5982=ORIENTED_EDGE('',*,*,#4458,.F.);
#5983=ORIENTED_EDGE('',*,*,#4493,.T.);
#5984=ORIENTED_EDGE('',*,*,#4490,.T.);
#5985=ORIENTED_EDGE('',*,*,#4494,.F.);
#5986=ORIENTED_EDGE('',*,*,#4495,.F.);
#5987=ORIENTED_EDGE('',*,*,#4496,.T.);
#5988=ORIENTED_EDGE('',*,*,#4460,.T.);
#5989=ORIENTED_EDGE('',*,*,#4497,.F.);
#5990=ORIENTED_EDGE('',*,*,#4498,.F.);
#5991=ORIENTED_EDGE('',*,*,#4499,.T.);
#5992=ORIENTED_EDGE('',*,*,#4495,.T.);
#5993=ORIENTED_EDGE('',*,*,#4500,.F.);
#5994=ORIENTED_EDGE('',*,*,#4501,.F.);
#5995=ORIENTED_EDGE('',*,*,#4502,.T.);
#5996=ORIENTED_EDGE('',*,*,#4498,.T.);
#5997=ORIENTED_EDGE('',*,*,#4503,.F.);
#5998=ORIENTED_EDGE('',*,*,#4468,.F.);
#5999=ORIENTED_EDGE('',*,*,#4504,.T.);
#6000=ORIENTED_EDGE('',*,*,#4501,.T.);
#6001=ORIENTED_EDGE('',*,*,#4471,.F.);
#6002=ORIENTED_EDGE('',*,*,#4474,.F.);
#6003=ORIENTED_EDGE('',*,*,#4477,.F.);
#6004=ORIENTED_EDGE('',*,*,#4480,.F.);
#6005=ORIENTED_EDGE('',*,*,#4482,.F.);
#6006=ORIENTED_EDGE('',*,*,#4435,.F.);
#6007=ORIENTED_EDGE('',*,*,#4439,.F.);
#6008=ORIENTED_EDGE('',*,*,#4442,.F.);
#6009=ORIENTED_EDGE('',*,*,#4445,.F.);
#6010=ORIENTED_EDGE('',*,*,#4448,.F.);
#6011=ORIENTED_EDGE('',*,*,#4496,.F.);
#6012=ORIENTED_EDGE('',*,*,#4499,.F.);
#6013=ORIENTED_EDGE('',*,*,#4502,.F.);
#6014=ORIENTED_EDGE('',*,*,#4504,.F.);
#6015=ORIENTED_EDGE('',*,*,#4467,.F.);
#6016=ORIENTED_EDGE('',*,*,#4464,.F.);
#6017=ORIENTED_EDGE('',*,*,#4461,.F.);
#6018=ORIENTED_EDGE('',*,*,#4485,.F.);
#6019=ORIENTED_EDGE('',*,*,#4488,.F.);
#6020=ORIENTED_EDGE('',*,*,#4491,.F.);
#6021=ORIENTED_EDGE('',*,*,#4493,.F.);
#6022=ORIENTED_EDGE('',*,*,#4457,.F.);
#6023=ORIENTED_EDGE('',*,*,#4454,.F.);
#6024=ORIENTED_EDGE('',*,*,#4451,.F.);
#6025=ORIENTED_EDGE('',*,*,#4505,.F.);
#6026=ORIENTED_EDGE('',*,*,#4506,.F.);
#6027=ORIENTED_EDGE('',*,*,#4507,.F.);
#6028=ORIENTED_EDGE('',*,*,#4508,.F.);
#6029=ORIENTED_EDGE('',*,*,#4509,.F.);
#6030=ORIENTED_EDGE('',*,*,#4510,.F.);
#6031=ORIENTED_EDGE('',*,*,#4511,.F.);
#6032=ORIENTED_EDGE('',*,*,#4512,.F.);
#6033=ORIENTED_EDGE('',*,*,#4513,.F.);
#6034=ORIENTED_EDGE('',*,*,#4514,.F.);
#6035=ORIENTED_EDGE('',*,*,#4515,.F.);
#6036=ORIENTED_EDGE('',*,*,#4516,.F.);
#6037=ORIENTED_EDGE('',*,*,#4517,.F.);
#6038=ORIENTED_EDGE('',*,*,#4518,.F.);
#6039=ORIENTED_EDGE('',*,*,#4519,.F.);
#6040=ORIENTED_EDGE('',*,*,#4511,.T.);
#6041=ORIENTED_EDGE('',*,*,#4520,.T.);
#6042=ORIENTED_EDGE('',*,*,#4521,.F.);
#6043=ORIENTED_EDGE('',*,*,#4520,.F.);
#6044=ORIENTED_EDGE('',*,*,#4510,.T.);
#6045=ORIENTED_EDGE('',*,*,#4522,.T.);
#6046=ORIENTED_EDGE('',*,*,#4523,.F.);
#6047=ORIENTED_EDGE('',*,*,#4522,.F.);
#6048=ORIENTED_EDGE('',*,*,#4509,.T.);
#6049=ORIENTED_EDGE('',*,*,#4524,.T.);
#6050=ORIENTED_EDGE('',*,*,#4525,.F.);
#6051=ORIENTED_EDGE('',*,*,#4524,.F.);
#6052=ORIENTED_EDGE('',*,*,#4508,.T.);
#6053=ORIENTED_EDGE('',*,*,#4526,.T.);
#6054=ORIENTED_EDGE('',*,*,#4527,.F.);
#6055=ORIENTED_EDGE('',*,*,#4526,.F.);
#6056=ORIENTED_EDGE('',*,*,#4507,.T.);
#6057=ORIENTED_EDGE('',*,*,#4528,.T.);
#6058=ORIENTED_EDGE('',*,*,#4529,.F.);
#6059=ORIENTED_EDGE('',*,*,#4528,.F.);
#6060=ORIENTED_EDGE('',*,*,#4506,.T.);
#6061=ORIENTED_EDGE('',*,*,#4530,.T.);
#6062=ORIENTED_EDGE('',*,*,#4531,.F.);
#6063=ORIENTED_EDGE('',*,*,#4530,.F.);
#6064=ORIENTED_EDGE('',*,*,#4505,.T.);
#6065=ORIENTED_EDGE('',*,*,#4532,.T.);
#6066=ORIENTED_EDGE('',*,*,#4533,.F.);
#6067=ORIENTED_EDGE('',*,*,#4532,.F.);
#6068=ORIENTED_EDGE('',*,*,#4517,.T.);
#6069=ORIENTED_EDGE('',*,*,#4534,.T.);
#6070=ORIENTED_EDGE('',*,*,#4535,.F.);
#6071=ORIENTED_EDGE('',*,*,#4534,.F.);
#6072=ORIENTED_EDGE('',*,*,#4516,.T.);
#6073=ORIENTED_EDGE('',*,*,#4536,.T.);
#6074=ORIENTED_EDGE('',*,*,#4537,.F.);
#6075=ORIENTED_EDGE('',*,*,#4536,.F.);
#6076=ORIENTED_EDGE('',*,*,#4515,.T.);
#6077=ORIENTED_EDGE('',*,*,#4538,.T.);
#6078=ORIENTED_EDGE('',*,*,#4539,.F.);
#6079=ORIENTED_EDGE('',*,*,#4538,.F.);
#6080=ORIENTED_EDGE('',*,*,#4514,.T.);
#6081=ORIENTED_EDGE('',*,*,#4540,.T.);
#6082=ORIENTED_EDGE('',*,*,#4541,.F.);
#6083=ORIENTED_EDGE('',*,*,#4540,.F.);
#6084=ORIENTED_EDGE('',*,*,#4513,.T.);
#6085=ORIENTED_EDGE('',*,*,#4542,.T.);
#6086=ORIENTED_EDGE('',*,*,#4543,.F.);
#6087=ORIENTED_EDGE('',*,*,#4542,.F.);
#6088=ORIENTED_EDGE('',*,*,#4512,.T.);
#6089=ORIENTED_EDGE('',*,*,#4519,.T.);
#6090=ORIENTED_EDGE('',*,*,#4544,.F.);
#6091=ORIENTED_EDGE('',*,*,#4545,.F.);
#6092=ORIENTED_EDGE('',*,*,#4546,.T.);
#6093=ORIENTED_EDGE('',*,*,#4547,.T.);
#6094=ORIENTED_EDGE('',*,*,#4548,.F.);
#6095=ORIENTED_EDGE('',*,*,#4549,.F.);
#6096=ORIENTED_EDGE('',*,*,#4550,.T.);
#6097=ORIENTED_EDGE('',*,*,#4545,.T.);
#6098=ORIENTED_EDGE('',*,*,#4551,.F.);
#6099=ORIENTED_EDGE('',*,*,#4552,.F.);
#6100=ORIENTED_EDGE('',*,*,#4553,.T.);
#6101=ORIENTED_EDGE('',*,*,#4549,.T.);
#6102=ORIENTED_EDGE('',*,*,#4554,.F.);
#6103=ORIENTED_EDGE('',*,*,#4555,.F.);
#6104=ORIENTED_EDGE('',*,*,#4556,.T.);
#6105=ORIENTED_EDGE('',*,*,#4552,.T.);
#6106=ORIENTED_EDGE('',*,*,#4557,.F.);
#6107=ORIENTED_EDGE('',*,*,#4558,.F.);
#6108=ORIENTED_EDGE('',*,*,#4559,.T.);
#6109=ORIENTED_EDGE('',*,*,#4555,.T.);
#6110=ORIENTED_EDGE('',*,*,#4560,.F.);
#6111=ORIENTED_EDGE('',*,*,#4547,.F.);
#6112=ORIENTED_EDGE('',*,*,#4561,.T.);
#6113=ORIENTED_EDGE('',*,*,#4558,.T.);
#6114=ORIENTED_EDGE('',*,*,#4556,.F.);
#6115=ORIENTED_EDGE('',*,*,#4559,.F.);
#6116=ORIENTED_EDGE('',*,*,#4561,.F.);
#6117=ORIENTED_EDGE('',*,*,#4546,.F.);
#6118=ORIENTED_EDGE('',*,*,#4550,.F.);
#6119=ORIENTED_EDGE('',*,*,#4553,.F.);
#6120=ORIENTED_EDGE('',*,*,#4562,.F.);
#6121=ORIENTED_EDGE('',*,*,#4563,.F.);
#6122=ORIENTED_EDGE('',*,*,#4564,.F.);
#6123=ORIENTED_EDGE('',*,*,#4565,.F.);
#6124=ORIENTED_EDGE('',*,*,#4566,.F.);
#6125=ORIENTED_EDGE('',*,*,#4567,.F.);
#6126=ORIENTED_EDGE('',*,*,#4563,.T.);
#6127=ORIENTED_EDGE('',*,*,#4568,.T.);
#6128=ORIENTED_EDGE('',*,*,#4569,.F.);
#6129=ORIENTED_EDGE('',*,*,#4568,.F.);
#6130=ORIENTED_EDGE('',*,*,#4562,.T.);
#6131=ORIENTED_EDGE('',*,*,#4570,.T.);
#6132=ORIENTED_EDGE('',*,*,#4571,.F.);
#6133=ORIENTED_EDGE('',*,*,#4570,.F.);
#6134=ORIENTED_EDGE('',*,*,#4565,.T.);
#6135=ORIENTED_EDGE('',*,*,#4572,.T.);
#6136=ORIENTED_EDGE('',*,*,#4573,.F.);
#6137=ORIENTED_EDGE('',*,*,#4572,.F.);
#6138=ORIENTED_EDGE('',*,*,#4564,.T.);
#6139=ORIENTED_EDGE('',*,*,#4567,.T.);
#6140=ORIENTED_EDGE('',*,*,#4574,.F.);
#6141=ORIENTED_EDGE('',*,*,#4575,.F.);
#6142=ORIENTED_EDGE('',*,*,#4576,.T.);
#6143=ORIENTED_EDGE('',*,*,#4577,.T.);
#6144=ORIENTED_EDGE('',*,*,#4578,.F.);
#6145=ORIENTED_EDGE('',*,*,#4579,.F.);
#6146=ORIENTED_EDGE('',*,*,#4580,.T.);
#6147=ORIENTED_EDGE('',*,*,#4575,.T.);
#6148=ORIENTED_EDGE('',*,*,#4581,.F.);
#6149=ORIENTED_EDGE('',*,*,#4582,.F.);
#6150=ORIENTED_EDGE('',*,*,#4583,.T.);
#6151=ORIENTED_EDGE('',*,*,#4579,.T.);
#6152=ORIENTED_EDGE('',*,*,#4584,.F.);
#6153=ORIENTED_EDGE('',*,*,#4585,.F.);
#6154=ORIENTED_EDGE('',*,*,#4586,.T.);
#6155=ORIENTED_EDGE('',*,*,#4587,.T.);
#6156=ORIENTED_EDGE('',*,*,#4588,.F.);
#6157=ORIENTED_EDGE('',*,*,#4587,.F.);
#6158=ORIENTED_EDGE('',*,*,#4589,.T.);
#6159=ORIENTED_EDGE('',*,*,#4590,.T.);
#6160=ORIENTED_EDGE('',*,*,#4591,.F.);
#6161=ORIENTED_EDGE('',*,*,#4590,.F.);
#6162=ORIENTED_EDGE('',*,*,#4592,.T.);
#6163=ORIENTED_EDGE('',*,*,#4593,.T.);
#6164=ORIENTED_EDGE('',*,*,#4594,.F.);
#6165=ORIENTED_EDGE('',*,*,#4595,.F.);
#6166=ORIENTED_EDGE('',*,*,#4596,.T.);
#6167=ORIENTED_EDGE('',*,*,#4582,.T.);
#6168=ORIENTED_EDGE('',*,*,#4597,.F.);
#6169=ORIENTED_EDGE('',*,*,#4598,.F.);
#6170=ORIENTED_EDGE('',*,*,#4599,.T.);
#6171=ORIENTED_EDGE('',*,*,#4595,.T.);
#6172=ORIENTED_EDGE('',*,*,#4600,.F.);
#6173=ORIENTED_EDGE('',*,*,#4601,.F.);
#6174=ORIENTED_EDGE('',*,*,#4602,.T.);
#6175=ORIENTED_EDGE('',*,*,#4598,.T.);
#6176=ORIENTED_EDGE('',*,*,#4603,.F.);
#6177=ORIENTED_EDGE('',*,*,#4577,.F.);
#6178=ORIENTED_EDGE('',*,*,#4604,.T.);
#6179=ORIENTED_EDGE('',*,*,#4601,.T.);
#6180=ORIENTED_EDGE('',*,*,#4605,.F.);
#6181=ORIENTED_EDGE('',*,*,#4606,.F.);
#6182=ORIENTED_EDGE('',*,*,#4607,.T.);
#6183=ORIENTED_EDGE('',*,*,#4585,.T.);
#6184=ORIENTED_EDGE('',*,*,#4608,.F.);
#6185=ORIENTED_EDGE('',*,*,#4609,.F.);
#6186=ORIENTED_EDGE('',*,*,#4610,.T.);
#6187=ORIENTED_EDGE('',*,*,#4606,.T.);
#6188=ORIENTED_EDGE('',*,*,#4611,.F.);
#6189=ORIENTED_EDGE('',*,*,#4612,.F.);
#6190=ORIENTED_EDGE('',*,*,#4613,.T.);
#6191=ORIENTED_EDGE('',*,*,#4609,.T.);
#6192=ORIENTED_EDGE('',*,*,#4614,.F.);
#6193=ORIENTED_EDGE('',*,*,#4593,.F.);
#6194=ORIENTED_EDGE('',*,*,#4615,.T.);
#6195=ORIENTED_EDGE('',*,*,#4612,.T.);
#6196=ORIENTED_EDGE('',*,*,#4596,.F.);
#6197=ORIENTED_EDGE('',*,*,#4599,.F.);
#6198=ORIENTED_EDGE('',*,*,#4602,.F.);
#6199=ORIENTED_EDGE('',*,*,#4604,.F.);
#6200=ORIENTED_EDGE('',*,*,#4576,.F.);
#6201=ORIENTED_EDGE('',*,*,#4580,.F.);
#6202=ORIENTED_EDGE('',*,*,#4583,.F.);
#6203=ORIENTED_EDGE('',*,*,#4607,.F.);
#6204=ORIENTED_EDGE('',*,*,#4610,.F.);
#6205=ORIENTED_EDGE('',*,*,#4613,.F.);
#6206=ORIENTED_EDGE('',*,*,#4615,.F.);
#6207=ORIENTED_EDGE('',*,*,#4592,.F.);
#6208=ORIENTED_EDGE('',*,*,#4589,.F.);
#6209=ORIENTED_EDGE('',*,*,#4586,.F.);
#6210=ORIENTED_EDGE('',*,*,#4616,.F.);
#6211=ORIENTED_EDGE('',*,*,#4617,.F.);
#6212=ORIENTED_EDGE('',*,*,#4618,.F.);
#6213=ORIENTED_EDGE('',*,*,#4619,.F.);
#6214=ORIENTED_EDGE('',*,*,#4620,.F.);
#6215=ORIENTED_EDGE('',*,*,#4621,.F.);
#6216=ORIENTED_EDGE('',*,*,#4622,.F.);
#6217=ORIENTED_EDGE('',*,*,#4623,.F.);
#6218=ORIENTED_EDGE('',*,*,#4624,.F.);
#6219=ORIENTED_EDGE('',*,*,#4625,.F.);
#6220=ORIENTED_EDGE('',*,*,#4626,.F.);
#6221=ORIENTED_EDGE('',*,*,#4627,.F.);
#6222=ORIENTED_EDGE('',*,*,#4628,.F.);
#6223=ORIENTED_EDGE('',*,*,#4629,.F.);
#6224=ORIENTED_EDGE('',*,*,#4630,.F.);
#6225=ORIENTED_EDGE('',*,*,#4631,.F.);
#6226=ORIENTED_EDGE('',*,*,#4632,.F.);
#6227=ORIENTED_EDGE('',*,*,#4633,.F.);
#6228=ORIENTED_EDGE('',*,*,#4634,.F.);
#6229=ORIENTED_EDGE('',*,*,#4635,.F.);
#6230=ORIENTED_EDGE('',*,*,#4636,.F.);
#6231=ORIENTED_EDGE('',*,*,#4637,.F.);
#6232=ORIENTED_EDGE('',*,*,#4638,.F.);
#6233=ORIENTED_EDGE('',*,*,#4633,.T.);
#6234=ORIENTED_EDGE('',*,*,#4639,.T.);
#6235=ORIENTED_EDGE('',*,*,#4640,.F.);
#6236=ORIENTED_EDGE('',*,*,#4639,.F.);
#6237=ORIENTED_EDGE('',*,*,#4632,.T.);
#6238=ORIENTED_EDGE('',*,*,#4641,.T.);
#6239=ORIENTED_EDGE('',*,*,#4642,.F.);
#6240=ORIENTED_EDGE('',*,*,#4641,.F.);
#6241=ORIENTED_EDGE('',*,*,#4631,.T.);
#6242=ORIENTED_EDGE('',*,*,#4643,.T.);
#6243=ORIENTED_EDGE('',*,*,#4644,.F.);
#6244=ORIENTED_EDGE('',*,*,#4643,.F.);
#6245=ORIENTED_EDGE('',*,*,#4630,.T.);
#6246=ORIENTED_EDGE('',*,*,#4645,.T.);
#6247=ORIENTED_EDGE('',*,*,#4646,.F.);
#6248=ORIENTED_EDGE('',*,*,#4647,.F.);
#6249=ORIENTED_EDGE('',*,*,#4622,.T.);
#6250=ORIENTED_EDGE('',*,*,#4648,.T.);
#6251=ORIENTED_EDGE('',*,*,#4649,.F.);
#6252=ORIENTED_EDGE('',*,*,#4648,.F.);
#6253=ORIENTED_EDGE('',*,*,#4621,.T.);
#6254=ORIENTED_EDGE('',*,*,#4650,.T.);
#6255=ORIENTED_EDGE('',*,*,#4651,.F.);
#6256=ORIENTED_EDGE('',*,*,#4650,.F.);
#6257=ORIENTED_EDGE('',*,*,#4620,.T.);
#6258=ORIENTED_EDGE('',*,*,#4652,.T.);
#6259=ORIENTED_EDGE('',*,*,#4653,.F.);
#6260=ORIENTED_EDGE('',*,*,#4652,.F.);
#6261=ORIENTED_EDGE('',*,*,#4619,.T.);
#6262=ORIENTED_EDGE('',*,*,#4654,.T.);
#6263=ORIENTED_EDGE('',*,*,#4655,.F.);
#6264=ORIENTED_EDGE('',*,*,#4654,.F.);
#6265=ORIENTED_EDGE('',*,*,#4618,.T.);
#6266=ORIENTED_EDGE('',*,*,#4656,.T.);
#6267=ORIENTED_EDGE('',*,*,#4657,.F.);
#6268=ORIENTED_EDGE('',*,*,#4656,.F.);
#6269=ORIENTED_EDGE('',*,*,#4617,.T.);
#6270=ORIENTED_EDGE('',*,*,#4658,.T.);
#6271=ORIENTED_EDGE('',*,*,#4659,.F.);
#6272=ORIENTED_EDGE('',*,*,#4658,.F.);
#6273=ORIENTED_EDGE('',*,*,#4616,.T.);
#6274=ORIENTED_EDGE('',*,*,#4660,.T.);
#6275=ORIENTED_EDGE('',*,*,#4661,.F.);
#6276=ORIENTED_EDGE('',*,*,#4662,.F.);
#6277=ORIENTED_EDGE('',*,*,#4634,.T.);
#6278=ORIENTED_EDGE('',*,*,#4638,.T.);
#6279=ORIENTED_EDGE('',*,*,#4663,.F.);
#6280=ORIENTED_EDGE('',*,*,#4664,.F.);
#6281=ORIENTED_EDGE('',*,*,#4635,.T.);
#6282=ORIENTED_EDGE('',*,*,#4662,.T.);
#6283=ORIENTED_EDGE('',*,*,#4665,.F.);
#6284=ORIENTED_EDGE('',*,*,#4645,.F.);
#6285=ORIENTED_EDGE('',*,*,#4636,.T.);
#6286=ORIENTED_EDGE('',*,*,#4664,.T.);
#6287=ORIENTED_EDGE('',*,*,#4666,.F.);
#6288=ORIENTED_EDGE('',*,*,#4660,.F.);
#6289=ORIENTED_EDGE('',*,*,#4629,.T.);
#6290=ORIENTED_EDGE('',*,*,#4667,.T.);
#6291=ORIENTED_EDGE('',*,*,#4668,.F.);
#6292=ORIENTED_EDGE('',*,*,#4667,.F.);
#6293=ORIENTED_EDGE('',*,*,#4628,.T.);
#6294=ORIENTED_EDGE('',*,*,#4669,.T.);
#6295=ORIENTED_EDGE('',*,*,#4670,.F.);
#6296=ORIENTED_EDGE('',*,*,#4669,.F.);
#6297=ORIENTED_EDGE('',*,*,#4627,.T.);
#6298=ORIENTED_EDGE('',*,*,#4671,.T.);
#6299=ORIENTED_EDGE('',*,*,#4672,.F.);
#6300=ORIENTED_EDGE('',*,*,#4671,.F.);
#6301=ORIENTED_EDGE('',*,*,#4626,.T.);
#6302=ORIENTED_EDGE('',*,*,#4673,.T.);
#6303=ORIENTED_EDGE('',*,*,#4674,.F.);
#6304=ORIENTED_EDGE('',*,*,#4673,.F.);
#6305=ORIENTED_EDGE('',*,*,#4625,.T.);
#6306=ORIENTED_EDGE('',*,*,#4675,.T.);
#6307=ORIENTED_EDGE('',*,*,#4676,.F.);
#6308=ORIENTED_EDGE('',*,*,#4675,.F.);
#6309=ORIENTED_EDGE('',*,*,#4624,.T.);
#6310=ORIENTED_EDGE('',*,*,#4677,.T.);
#6311=ORIENTED_EDGE('',*,*,#4678,.F.);
#6312=ORIENTED_EDGE('',*,*,#4677,.F.);
#6313=ORIENTED_EDGE('',*,*,#4623,.T.);
#6314=ORIENTED_EDGE('',*,*,#4647,.T.);
#6315=ORIENTED_EDGE('',*,*,#4679,.F.);
#6316=ORIENTED_EDGE('',*,*,#4680,.F.);
#6317=ORIENTED_EDGE('',*,*,#4681,.T.);
#6318=ORIENTED_EDGE('',*,*,#4682,.T.);
#6319=ORIENTED_EDGE('',*,*,#4683,.F.);
#6320=ORIENTED_EDGE('',*,*,#4684,.F.);
#6321=ORIENTED_EDGE('',*,*,#4685,.T.);
#6322=ORIENTED_EDGE('',*,*,#4680,.T.);
#6323=ORIENTED_EDGE('',*,*,#4686,.F.);
#6324=ORIENTED_EDGE('',*,*,#4687,.F.);
#6325=ORIENTED_EDGE('',*,*,#4688,.T.);
#6326=ORIENTED_EDGE('',*,*,#4684,.T.);
#6327=ORIENTED_EDGE('',*,*,#4689,.F.);
#6328=ORIENTED_EDGE('',*,*,#4682,.F.);
#6329=ORIENTED_EDGE('',*,*,#4690,.T.);
#6330=ORIENTED_EDGE('',*,*,#4687,.T.);
#6331=ORIENTED_EDGE('',*,*,#4688,.F.);
#6332=ORIENTED_EDGE('',*,*,#4690,.F.);
#6333=ORIENTED_EDGE('',*,*,#4681,.F.);
#6334=ORIENTED_EDGE('',*,*,#4685,.F.);
#6335=ORIENTED_EDGE('',*,*,#4691,.F.);
#6336=ORIENTED_EDGE('',*,*,#4692,.F.);
#6337=ORIENTED_EDGE('',*,*,#4693,.F.);
#6338=ORIENTED_EDGE('',*,*,#4694,.F.);
#6339=ORIENTED_EDGE('',*,*,#4695,.F.);
#6340=ORIENTED_EDGE('',*,*,#4696,.F.);
#6341=ORIENTED_EDGE('',*,*,#4697,.F.);
#6342=ORIENTED_EDGE('',*,*,#4698,.F.);
#6343=ORIENTED_EDGE('',*,*,#4699,.F.);
#6344=ORIENTED_EDGE('',*,*,#4700,.F.);
#6345=ORIENTED_EDGE('',*,*,#4701,.F.);
#6346=ORIENTED_EDGE('',*,*,#4702,.F.);
#6347=ORIENTED_EDGE('',*,*,#4703,.F.);
#6348=ORIENTED_EDGE('',*,*,#4704,.F.);
#6349=ORIENTED_EDGE('',*,*,#4705,.F.);
#6350=ORIENTED_EDGE('',*,*,#4706,.F.);
#6351=ORIENTED_EDGE('',*,*,#4707,.F.);
#6352=ORIENTED_EDGE('',*,*,#4708,.F.);
#6353=ORIENTED_EDGE('',*,*,#4709,.F.);
#6354=ORIENTED_EDGE('',*,*,#4710,.F.);
#6355=ORIENTED_EDGE('',*,*,#4711,.F.);
#6356=ORIENTED_EDGE('',*,*,#4712,.F.);
#6357=ORIENTED_EDGE('',*,*,#4700,.T.);
#6358=ORIENTED_EDGE('',*,*,#4713,.T.);
#6359=ORIENTED_EDGE('',*,*,#4714,.F.);
#6360=ORIENTED_EDGE('',*,*,#4713,.F.);
#6361=ORIENTED_EDGE('',*,*,#4699,.T.);
#6362=ORIENTED_EDGE('',*,*,#4715,.T.);
#6363=ORIENTED_EDGE('',*,*,#4716,.F.);
#6364=ORIENTED_EDGE('',*,*,#4715,.F.);
#6365=ORIENTED_EDGE('',*,*,#4698,.T.);
#6366=ORIENTED_EDGE('',*,*,#4717,.T.);
#6367=ORIENTED_EDGE('',*,*,#4718,.F.);
#6368=ORIENTED_EDGE('',*,*,#4717,.F.);
#6369=ORIENTED_EDGE('',*,*,#4697,.T.);
#6370=ORIENTED_EDGE('',*,*,#4719,.T.);
#6371=ORIENTED_EDGE('',*,*,#4720,.F.);
#6372=ORIENTED_EDGE('',*,*,#4719,.F.);
#6373=ORIENTED_EDGE('',*,*,#4696,.T.);
#6374=ORIENTED_EDGE('',*,*,#4721,.T.);
#6375=ORIENTED_EDGE('',*,*,#4722,.F.);
#6376=ORIENTED_EDGE('',*,*,#4721,.F.);
#6377=ORIENTED_EDGE('',*,*,#4695,.T.);
#6378=ORIENTED_EDGE('',*,*,#4723,.T.);
#6379=ORIENTED_EDGE('',*,*,#4724,.F.);
#6380=ORIENTED_EDGE('',*,*,#4723,.F.);
#6381=ORIENTED_EDGE('',*,*,#4694,.T.);
#6382=ORIENTED_EDGE('',*,*,#4725,.T.);
#6383=ORIENTED_EDGE('',*,*,#4726,.F.);
#6384=ORIENTED_EDGE('',*,*,#4725,.F.);
#6385=ORIENTED_EDGE('',*,*,#4693,.T.);
#6386=ORIENTED_EDGE('',*,*,#4727,.T.);
#6387=ORIENTED_EDGE('',*,*,#4728,.F.);
#6388=ORIENTED_EDGE('',*,*,#4727,.F.);
#6389=ORIENTED_EDGE('',*,*,#4692,.T.);
#6390=ORIENTED_EDGE('',*,*,#4729,.T.);
#6391=ORIENTED_EDGE('',*,*,#4730,.F.);
#6392=ORIENTED_EDGE('',*,*,#4729,.F.);
#6393=ORIENTED_EDGE('',*,*,#4691,.T.);
#6394=ORIENTED_EDGE('',*,*,#4731,.T.);
#6395=ORIENTED_EDGE('',*,*,#4732,.F.);
#6396=ORIENTED_EDGE('',*,*,#4731,.F.);
#6397=ORIENTED_EDGE('',*,*,#4710,.T.);
#6398=ORIENTED_EDGE('',*,*,#4733,.T.);
#6399=ORIENTED_EDGE('',*,*,#4734,.F.);
#6400=ORIENTED_EDGE('',*,*,#4733,.F.);
#6401=ORIENTED_EDGE('',*,*,#4709,.T.);
#6402=ORIENTED_EDGE('',*,*,#4735,.T.);
#6403=ORIENTED_EDGE('',*,*,#4736,.F.);
#6404=ORIENTED_EDGE('',*,*,#4735,.F.);
#6405=ORIENTED_EDGE('',*,*,#4708,.T.);
#6406=ORIENTED_EDGE('',*,*,#4737,.T.);
#6407=ORIENTED_EDGE('',*,*,#4738,.F.);
#6408=ORIENTED_EDGE('',*,*,#4737,.F.);
#6409=ORIENTED_EDGE('',*,*,#4707,.T.);
#6410=ORIENTED_EDGE('',*,*,#4739,.T.);
#6411=ORIENTED_EDGE('',*,*,#4740,.F.);
#6412=ORIENTED_EDGE('',*,*,#4739,.F.);
#6413=ORIENTED_EDGE('',*,*,#4706,.T.);
#6414=ORIENTED_EDGE('',*,*,#4741,.T.);
#6415=ORIENTED_EDGE('',*,*,#4742,.F.);
#6416=ORIENTED_EDGE('',*,*,#4741,.F.);
#6417=ORIENTED_EDGE('',*,*,#4705,.T.);
#6418=ORIENTED_EDGE('',*,*,#4743,.T.);
#6419=ORIENTED_EDGE('',*,*,#4744,.F.);
#6420=ORIENTED_EDGE('',*,*,#4743,.F.);
#6421=ORIENTED_EDGE('',*,*,#4704,.T.);
#6422=ORIENTED_EDGE('',*,*,#4745,.T.);
#6423=ORIENTED_EDGE('',*,*,#4746,.F.);
#6424=ORIENTED_EDGE('',*,*,#4745,.F.);
#6425=ORIENTED_EDGE('',*,*,#4703,.T.);
#6426=ORIENTED_EDGE('',*,*,#4747,.T.);
#6427=ORIENTED_EDGE('',*,*,#4748,.F.);
#6428=ORIENTED_EDGE('',*,*,#4747,.F.);
#6429=ORIENTED_EDGE('',*,*,#4702,.T.);
#6430=ORIENTED_EDGE('',*,*,#4749,.T.);
#6431=ORIENTED_EDGE('',*,*,#4750,.F.);
#6432=ORIENTED_EDGE('',*,*,#4749,.F.);
#6433=ORIENTED_EDGE('',*,*,#4701,.T.);
#6434=ORIENTED_EDGE('',*,*,#4712,.T.);
#6435=ORIENTED_EDGE('',*,*,#4751,.F.);
#6436=ORIENTED_EDGE('',*,*,#4752,.F.);
#6437=ORIENTED_EDGE('',*,*,#4753,.T.);
#6438=ORIENTED_EDGE('',*,*,#4754,.T.);
#6439=ORIENTED_EDGE('',*,*,#4755,.F.);
#6440=ORIENTED_EDGE('',*,*,#4756,.F.);
#6441=ORIENTED_EDGE('',*,*,#4757,.T.);
#6442=ORIENTED_EDGE('',*,*,#4752,.T.);
#6443=ORIENTED_EDGE('',*,*,#4758,.F.);
#6444=ORIENTED_EDGE('',*,*,#4759,.F.);
#6445=ORIENTED_EDGE('',*,*,#4760,.T.);
#6446=ORIENTED_EDGE('',*,*,#4756,.T.);
#6447=ORIENTED_EDGE('',*,*,#4761,.F.);
#6448=ORIENTED_EDGE('',*,*,#4762,.F.);
#6449=ORIENTED_EDGE('',*,*,#4763,.T.);
#6450=ORIENTED_EDGE('',*,*,#4759,.T.);
#6451=ORIENTED_EDGE('',*,*,#4764,.F.);
#6452=ORIENTED_EDGE('',*,*,#4765,.F.);
#6453=ORIENTED_EDGE('',*,*,#4766,.T.);
#6454=ORIENTED_EDGE('',*,*,#4762,.T.);
#6455=ORIENTED_EDGE('',*,*,#4767,.F.);
#6456=ORIENTED_EDGE('',*,*,#4768,.F.);
#6457=ORIENTED_EDGE('',*,*,#4769,.T.);
#6458=ORIENTED_EDGE('',*,*,#4770,.T.);
#6459=ORIENTED_EDGE('',*,*,#4771,.F.);
#6460=ORIENTED_EDGE('',*,*,#4772,.F.);
#6461=ORIENTED_EDGE('',*,*,#4773,.T.);
#6462=ORIENTED_EDGE('',*,*,#4765,.T.);
#6463=ORIENTED_EDGE('',*,*,#4774,.F.);
#6464=ORIENTED_EDGE('',*,*,#4775,.F.);
#6465=ORIENTED_EDGE('',*,*,#4776,.T.);
#6466=ORIENTED_EDGE('',*,*,#4772,.T.);
#6467=ORIENTED_EDGE('',*,*,#4777,.F.);
#6468=ORIENTED_EDGE('',*,*,#4778,.F.);
#6469=ORIENTED_EDGE('',*,*,#4779,.T.);
#6470=ORIENTED_EDGE('',*,*,#4775,.T.);
#6471=ORIENTED_EDGE('',*,*,#4780,.F.);
#6472=ORIENTED_EDGE('',*,*,#4781,.F.);
#6473=ORIENTED_EDGE('',*,*,#4782,.T.);
#6474=ORIENTED_EDGE('',*,*,#4778,.T.);
#6475=ORIENTED_EDGE('',*,*,#4783,.F.);
#6476=ORIENTED_EDGE('',*,*,#4784,.F.);
#6477=ORIENTED_EDGE('',*,*,#4785,.T.);
#6478=ORIENTED_EDGE('',*,*,#4781,.T.);
#6479=ORIENTED_EDGE('',*,*,#4786,.F.);
#6480=ORIENTED_EDGE('',*,*,#4754,.F.);
#6481=ORIENTED_EDGE('',*,*,#4787,.T.);
#6482=ORIENTED_EDGE('',*,*,#4784,.T.);
#6483=ORIENTED_EDGE('',*,*,#4788,.F.);
#6484=ORIENTED_EDGE('',*,*,#4789,.F.);
#6485=ORIENTED_EDGE('',*,*,#4790,.T.);
#6486=ORIENTED_EDGE('',*,*,#4768,.T.);
#6487=ORIENTED_EDGE('',*,*,#4791,.F.);
#6488=ORIENTED_EDGE('',*,*,#4770,.F.);
#6489=ORIENTED_EDGE('',*,*,#4792,.T.);
#6490=ORIENTED_EDGE('',*,*,#4789,.T.);
#6491=ORIENTED_EDGE('',*,*,#4773,.F.);
#6492=ORIENTED_EDGE('',*,*,#4776,.F.);
#6493=ORIENTED_EDGE('',*,*,#4779,.F.);
#6494=ORIENTED_EDGE('',*,*,#4782,.F.);
#6495=ORIENTED_EDGE('',*,*,#4785,.F.);
#6496=ORIENTED_EDGE('',*,*,#4787,.F.);
#6497=ORIENTED_EDGE('',*,*,#4753,.F.);
#6498=ORIENTED_EDGE('',*,*,#4757,.F.);
#6499=ORIENTED_EDGE('',*,*,#4760,.F.);
#6500=ORIENTED_EDGE('',*,*,#4763,.F.);
#6501=ORIENTED_EDGE('',*,*,#4766,.F.);
#6502=ORIENTED_EDGE('',*,*,#4790,.F.);
#6503=ORIENTED_EDGE('',*,*,#4792,.F.);
#6504=ORIENTED_EDGE('',*,*,#4769,.F.);
#6505=ORIENTED_EDGE('',*,*,#4767,.T.);
#6506=ORIENTED_EDGE('',*,*,#4791,.T.);
#6507=ORIENTED_EDGE('',*,*,#4788,.T.);
#6508=ORIENTED_EDGE('',*,*,#4793,.F.);
#6509=ORIENTED_EDGE('',*,*,#4794,.T.);
#6510=ORIENTED_EDGE('',*,*,#4795,.F.);
#6511=ORIENTED_EDGE('',*,*,#4796,.F.);
#6512=ORIENTED_EDGE('',*,*,#4014,.T.);
#6513=ORIENTED_EDGE('',*,*,#4017,.T.);
#6514=ORIENTED_EDGE('',*,*,#4019,.T.);
#6515=ORIENTED_EDGE('',*,*,#4021,.T.);
#6516=ORIENTED_EDGE('',*,*,#4023,.T.);
#6517=ORIENTED_EDGE('',*,*,#4025,.T.);
#6518=ORIENTED_EDGE('',*,*,#4027,.T.);
#6519=ORIENTED_EDGE('',*,*,#4029,.T.);
#6520=ORIENTED_EDGE('',*,*,#4031,.T.);
#6521=ORIENTED_EDGE('',*,*,#4033,.T.);
#6522=ORIENTED_EDGE('',*,*,#4035,.T.);
#6523=ORIENTED_EDGE('',*,*,#4037,.T.);
#6524=ORIENTED_EDGE('',*,*,#4039,.T.);
#6525=ORIENTED_EDGE('',*,*,#4044,.T.);
#6526=ORIENTED_EDGE('',*,*,#4046,.T.);
#6527=ORIENTED_EDGE('',*,*,#4089,.T.);
#6528=ORIENTED_EDGE('',*,*,#4086,.T.);
#6529=ORIENTED_EDGE('',*,*,#4083,.T.);
#6530=ORIENTED_EDGE('',*,*,#4080,.T.);
#6531=ORIENTED_EDGE('',*,*,#4077,.T.);
#6532=ORIENTED_EDGE('',*,*,#4074,.T.);
#6533=ORIENTED_EDGE('',*,*,#4071,.T.);
#6534=ORIENTED_EDGE('',*,*,#4068,.T.);
#6535=ORIENTED_EDGE('',*,*,#4065,.T.);
#6536=ORIENTED_EDGE('',*,*,#4062,.T.);
#6537=ORIENTED_EDGE('',*,*,#4059,.T.);
#6538=ORIENTED_EDGE('',*,*,#4056,.T.);
#6539=ORIENTED_EDGE('',*,*,#4053,.T.);
#6540=ORIENTED_EDGE('',*,*,#4050,.T.);
#6541=ORIENTED_EDGE('',*,*,#4107,.T.);
#6542=ORIENTED_EDGE('',*,*,#4110,.T.);
#6543=ORIENTED_EDGE('',*,*,#4112,.T.);
#6544=ORIENTED_EDGE('',*,*,#4114,.T.);
#6545=ORIENTED_EDGE('',*,*,#4116,.T.);
#6546=ORIENTED_EDGE('',*,*,#4125,.T.);
#6547=ORIENTED_EDGE('',*,*,#4127,.T.);
#6548=ORIENTED_EDGE('',*,*,#4129,.T.);
#6549=ORIENTED_EDGE('',*,*,#4131,.T.);
#6550=ORIENTED_EDGE('',*,*,#4133,.T.);
#6551=ORIENTED_EDGE('',*,*,#4139,.T.);
#6552=ORIENTED_EDGE('',*,*,#4185,.T.);
#6553=ORIENTED_EDGE('',*,*,#4182,.T.);
#6554=ORIENTED_EDGE('',*,*,#4179,.T.);
#6555=ORIENTED_EDGE('',*,*,#4176,.T.);
#6556=ORIENTED_EDGE('',*,*,#4173,.T.);
#6557=ORIENTED_EDGE('',*,*,#4170,.T.);
#6558=ORIENTED_EDGE('',*,*,#4167,.T.);
#6559=ORIENTED_EDGE('',*,*,#4164,.T.);
#6560=ORIENTED_EDGE('',*,*,#4161,.T.);
#6561=ORIENTED_EDGE('',*,*,#4158,.T.);
#6562=ORIENTED_EDGE('',*,*,#4155,.T.);
#6563=ORIENTED_EDGE('',*,*,#4152,.T.);
#6564=ORIENTED_EDGE('',*,*,#4149,.T.);
#6565=ORIENTED_EDGE('',*,*,#4146,.T.);
#6566=ORIENTED_EDGE('',*,*,#4143,.T.);
#6567=ORIENTED_EDGE('',*,*,#4191,.T.);
#6568=ORIENTED_EDGE('',*,*,#4194,.T.);
#6569=ORIENTED_EDGE('',*,*,#4196,.T.);
#6570=ORIENTED_EDGE('',*,*,#4198,.T.);
#6571=ORIENTED_EDGE('',*,*,#4199,.T.);
#6572=ORIENTED_EDGE('',*,*,#4224,.T.);
#6573=ORIENTED_EDGE('',*,*,#4221,.T.);
#6574=ORIENTED_EDGE('',*,*,#4218,.T.);
#6575=ORIENTED_EDGE('',*,*,#4215,.T.);
#6576=ORIENTED_EDGE('',*,*,#4212,.T.);
#6577=ORIENTED_EDGE('',*,*,#4209,.T.);
#6578=ORIENTED_EDGE('',*,*,#4206,.T.);
#6579=ORIENTED_EDGE('',*,*,#4203,.T.);
#6580=ORIENTED_EDGE('',*,*,#4230,.T.);
#6581=ORIENTED_EDGE('',*,*,#4233,.T.);
#6582=ORIENTED_EDGE('',*,*,#4235,.T.);
#6583=ORIENTED_EDGE('',*,*,#4237,.T.);
#6584=ORIENTED_EDGE('',*,*,#4238,.T.);
#6585=ORIENTED_EDGE('',*,*,#4261,.T.);
#6586=ORIENTED_EDGE('',*,*,#4264,.T.);
#6587=ORIENTED_EDGE('',*,*,#4266,.T.);
#6588=ORIENTED_EDGE('',*,*,#4268,.T.);
#6589=ORIENTED_EDGE('',*,*,#4270,.T.);
#6590=ORIENTED_EDGE('',*,*,#4273,.T.);
#6591=ORIENTED_EDGE('',*,*,#4275,.T.);
#6592=ORIENTED_EDGE('',*,*,#4277,.T.);
#6593=ORIENTED_EDGE('',*,*,#4279,.T.);
#6594=ORIENTED_EDGE('',*,*,#4280,.T.);
#6595=ORIENTED_EDGE('',*,*,#4311,.T.);
#6596=ORIENTED_EDGE('',*,*,#4308,.T.);
#6597=ORIENTED_EDGE('',*,*,#4305,.T.);
#6598=ORIENTED_EDGE('',*,*,#4302,.T.);
#6599=ORIENTED_EDGE('',*,*,#4299,.T.);
#6600=ORIENTED_EDGE('',*,*,#4296,.T.);
#6601=ORIENTED_EDGE('',*,*,#4293,.T.);
#6602=ORIENTED_EDGE('',*,*,#4290,.T.);
#6603=ORIENTED_EDGE('',*,*,#4287,.T.);
#6604=ORIENTED_EDGE('',*,*,#4284,.T.);
#6605=ORIENTED_EDGE('',*,*,#4320,.T.);
#6606=ORIENTED_EDGE('',*,*,#4323,.T.);
#6607=ORIENTED_EDGE('',*,*,#4325,.T.);
#6608=ORIENTED_EDGE('',*,*,#4327,.T.);
#6609=ORIENTED_EDGE('',*,*,#4328,.T.);
#6610=ORIENTED_EDGE('',*,*,#4345,.T.);
#6611=ORIENTED_EDGE('',*,*,#4348,.T.);
#6612=ORIENTED_EDGE('',*,*,#4350,.T.);
#6613=ORIENTED_EDGE('',*,*,#4352,.T.);
#6614=ORIENTED_EDGE('',*,*,#4354,.T.);
#6615=ORIENTED_EDGE('',*,*,#4356,.T.);
#6616=ORIENTED_EDGE('',*,*,#4358,.T.);
#6617=ORIENTED_EDGE('',*,*,#4360,.T.);
#6618=ORIENTED_EDGE('',*,*,#4413,.T.);
#6619=ORIENTED_EDGE('',*,*,#4416,.T.);
#6620=ORIENTED_EDGE('',*,*,#4418,.T.);
#6621=ORIENTED_EDGE('',*,*,#4420,.T.);
#6622=ORIENTED_EDGE('',*,*,#4422,.T.);
#6623=ORIENTED_EDGE('',*,*,#4424,.T.);
#6624=ORIENTED_EDGE('',*,*,#4426,.T.);
#6625=ORIENTED_EDGE('',*,*,#4428,.T.);
#6626=ORIENTED_EDGE('',*,*,#4430,.T.);
#6627=ORIENTED_EDGE('',*,*,#4432,.T.);
#6628=ORIENTED_EDGE('',*,*,#4433,.T.);
#6629=ORIENTED_EDGE('',*,*,#4481,.T.);
#6630=ORIENTED_EDGE('',*,*,#4478,.T.);
#6631=ORIENTED_EDGE('',*,*,#4475,.T.);
#6632=ORIENTED_EDGE('',*,*,#4472,.T.);
#6633=ORIENTED_EDGE('',*,*,#4469,.T.);
#6634=ORIENTED_EDGE('',*,*,#4446,.T.);
#6635=ORIENTED_EDGE('',*,*,#4443,.T.);
#6636=ORIENTED_EDGE('',*,*,#4440,.T.);
#6637=ORIENTED_EDGE('',*,*,#4437,.T.);
#6638=ORIENTED_EDGE('',*,*,#4518,.T.);
#6639=ORIENTED_EDGE('',*,*,#4521,.T.);
#6640=ORIENTED_EDGE('',*,*,#4523,.T.);
#6641=ORIENTED_EDGE('',*,*,#4525,.T.);
#6642=ORIENTED_EDGE('',*,*,#4527,.T.);
#6643=ORIENTED_EDGE('',*,*,#4529,.T.);
#6644=ORIENTED_EDGE('',*,*,#4531,.T.);
#6645=ORIENTED_EDGE('',*,*,#4533,.T.);
#6646=ORIENTED_EDGE('',*,*,#4535,.T.);
#6647=ORIENTED_EDGE('',*,*,#4537,.T.);
#6648=ORIENTED_EDGE('',*,*,#4539,.T.);
#6649=ORIENTED_EDGE('',*,*,#4541,.T.);
#6650=ORIENTED_EDGE('',*,*,#4543,.T.);
#6651=ORIENTED_EDGE('',*,*,#4544,.T.);
#6652=ORIENTED_EDGE('',*,*,#4560,.T.);
#6653=ORIENTED_EDGE('',*,*,#4557,.T.);
#6654=ORIENTED_EDGE('',*,*,#4554,.T.);
#6655=ORIENTED_EDGE('',*,*,#4551,.T.);
#6656=ORIENTED_EDGE('',*,*,#4548,.T.);
#6657=ORIENTED_EDGE('',*,*,#4566,.T.);
#6658=ORIENTED_EDGE('',*,*,#4569,.T.);
#6659=ORIENTED_EDGE('',*,*,#4571,.T.);
#6660=ORIENTED_EDGE('',*,*,#4573,.T.);
#6661=ORIENTED_EDGE('',*,*,#4574,.T.);
#6662=ORIENTED_EDGE('',*,*,#4603,.T.);
#6663=ORIENTED_EDGE('',*,*,#4600,.T.);
#6664=ORIENTED_EDGE('',*,*,#4597,.T.);
#6665=ORIENTED_EDGE('',*,*,#4594,.T.);
#6666=ORIENTED_EDGE('',*,*,#4581,.T.);
#6667=ORIENTED_EDGE('',*,*,#4578,.T.);
#6668=ORIENTED_EDGE('',*,*,#4646,.T.);
#6669=ORIENTED_EDGE('',*,*,#4649,.T.);
#6670=ORIENTED_EDGE('',*,*,#4651,.T.);
#6671=ORIENTED_EDGE('',*,*,#4653,.T.);
#6672=ORIENTED_EDGE('',*,*,#4655,.T.);
#6673=ORIENTED_EDGE('',*,*,#4657,.T.);
#6674=ORIENTED_EDGE('',*,*,#4659,.T.);
#6675=ORIENTED_EDGE('',*,*,#4666,.T.);
#6676=ORIENTED_EDGE('',*,*,#4668,.T.);
#6677=ORIENTED_EDGE('',*,*,#4670,.T.);
#6678=ORIENTED_EDGE('',*,*,#4672,.T.);
#6679=ORIENTED_EDGE('',*,*,#4674,.T.);
#6680=ORIENTED_EDGE('',*,*,#4676,.T.);
#6681=ORIENTED_EDGE('',*,*,#4678,.T.);
#6682=ORIENTED_EDGE('',*,*,#4679,.T.);
#6683=ORIENTED_EDGE('',*,*,#4689,.T.);
#6684=ORIENTED_EDGE('',*,*,#4686,.T.);
#6685=ORIENTED_EDGE('',*,*,#4683,.T.);
#6686=ORIENTED_EDGE('',*,*,#4711,.T.);
#6687=ORIENTED_EDGE('',*,*,#4714,.T.);
#6688=ORIENTED_EDGE('',*,*,#4716,.T.);
#6689=ORIENTED_EDGE('',*,*,#4718,.T.);
#6690=ORIENTED_EDGE('',*,*,#4720,.T.);
#6691=ORIENTED_EDGE('',*,*,#4722,.T.);
#6692=ORIENTED_EDGE('',*,*,#4724,.T.);
#6693=ORIENTED_EDGE('',*,*,#4726,.T.);
#6694=ORIENTED_EDGE('',*,*,#4728,.T.);
#6695=ORIENTED_EDGE('',*,*,#4730,.T.);
#6696=ORIENTED_EDGE('',*,*,#4732,.T.);
#6697=ORIENTED_EDGE('',*,*,#4734,.T.);
#6698=ORIENTED_EDGE('',*,*,#4736,.T.);
#6699=ORIENTED_EDGE('',*,*,#4738,.T.);
#6700=ORIENTED_EDGE('',*,*,#4740,.T.);
#6701=ORIENTED_EDGE('',*,*,#4742,.T.);
#6702=ORIENTED_EDGE('',*,*,#4744,.T.);
#6703=ORIENTED_EDGE('',*,*,#4746,.T.);
#6704=ORIENTED_EDGE('',*,*,#4748,.T.);
#6705=ORIENTED_EDGE('',*,*,#4750,.T.);
#6706=ORIENTED_EDGE('',*,*,#4751,.T.);
#6707=ORIENTED_EDGE('',*,*,#4786,.T.);
#6708=ORIENTED_EDGE('',*,*,#4783,.T.);
#6709=ORIENTED_EDGE('',*,*,#4780,.T.);
#6710=ORIENTED_EDGE('',*,*,#4777,.T.);
#6711=ORIENTED_EDGE('',*,*,#4774,.T.);
#6712=ORIENTED_EDGE('',*,*,#4771,.T.);
#6713=ORIENTED_EDGE('',*,*,#4764,.T.);
#6714=ORIENTED_EDGE('',*,*,#4761,.T.);
#6715=ORIENTED_EDGE('',*,*,#4758,.T.);
#6716=ORIENTED_EDGE('',*,*,#4755,.T.);
#6717=ORIENTED_EDGE('',*,*,#4797,.T.);
#6718=ORIENTED_EDGE('',*,*,#4798,.T.);
#6719=ORIENTED_EDGE('',*,*,#4799,.T.);
#6720=ORIENTED_EDGE('',*,*,#4800,.T.);
#6721=ORIENTED_EDGE('',*,*,#4801,.T.);
#6722=ORIENTED_EDGE('',*,*,#4802,.T.);
#6723=ORIENTED_EDGE('',*,*,#4803,.T.);
#6724=ORIENTED_EDGE('',*,*,#4804,.T.);
#6725=ORIENTED_EDGE('',*,*,#4805,.T.);
#6726=ORIENTED_EDGE('',*,*,#4806,.T.);
#6727=ORIENTED_EDGE('',*,*,#4807,.T.);
#6728=ORIENTED_EDGE('',*,*,#4808,.T.);
#6729=ORIENTED_EDGE('',*,*,#4809,.T.);
#6730=ORIENTED_EDGE('',*,*,#4810,.T.);
#6731=ORIENTED_EDGE('',*,*,#4811,.T.);
#6732=ORIENTED_EDGE('',*,*,#4812,.T.);
#6733=ORIENTED_EDGE('',*,*,#4813,.T.);
#6734=ORIENTED_EDGE('',*,*,#4814,.T.);
#6735=ORIENTED_EDGE('',*,*,#4815,.T.);
#6736=ORIENTED_EDGE('',*,*,#4816,.T.);
#6737=ORIENTED_EDGE('',*,*,#4817,.T.);
#6738=ORIENTED_EDGE('',*,*,#4818,.T.);
#6739=ORIENTED_EDGE('',*,*,#4819,.T.);
#6740=ORIENTED_EDGE('',*,*,#4820,.T.);
#6741=ORIENTED_EDGE('',*,*,#4821,.T.);
#6742=ORIENTED_EDGE('',*,*,#4822,.T.);
#6743=ORIENTED_EDGE('',*,*,#4823,.T.);
#6744=ORIENTED_EDGE('',*,*,#4824,.T.);
#6745=ORIENTED_EDGE('',*,*,#4825,.T.);
#6746=ORIENTED_EDGE('',*,*,#4826,.T.);
#6747=ORIENTED_EDGE('',*,*,#4827,.T.);
#6748=ORIENTED_EDGE('',*,*,#4828,.T.);
#6749=ORIENTED_EDGE('',*,*,#4829,.T.);
#6750=ORIENTED_EDGE('',*,*,#4830,.T.);
#6751=ORIENTED_EDGE('',*,*,#4831,.T.);
#6752=ORIENTED_EDGE('',*,*,#4832,.T.);
#6753=ORIENTED_EDGE('',*,*,#4833,.T.);
#6754=ORIENTED_EDGE('',*,*,#4834,.T.);
#6755=ORIENTED_EDGE('',*,*,#4835,.T.);
#6756=ORIENTED_EDGE('',*,*,#4836,.T.);
#6757=ORIENTED_EDGE('',*,*,#4837,.T.);
#6758=ORIENTED_EDGE('',*,*,#4838,.T.);
#6759=ORIENTED_EDGE('',*,*,#4839,.T.);
#6760=ORIENTED_EDGE('',*,*,#4840,.T.);
#6761=ORIENTED_EDGE('',*,*,#4841,.T.);
#6762=ORIENTED_EDGE('',*,*,#4842,.T.);
#6763=ORIENTED_EDGE('',*,*,#4584,.T.);
#6764=ORIENTED_EDGE('',*,*,#4588,.T.);
#6765=ORIENTED_EDGE('',*,*,#4591,.T.);
#6766=ORIENTED_EDGE('',*,*,#4614,.T.);
#6767=ORIENTED_EDGE('',*,*,#4611,.T.);
#6768=ORIENTED_EDGE('',*,*,#4608,.T.);
#6769=ORIENTED_EDGE('',*,*,#4605,.T.);
#6770=ORIENTED_EDGE('',*,*,#4459,.T.);
#6771=ORIENTED_EDGE('',*,*,#4463,.T.);
#6772=ORIENTED_EDGE('',*,*,#4466,.T.);
#6773=ORIENTED_EDGE('',*,*,#4503,.T.);
#6774=ORIENTED_EDGE('',*,*,#4500,.T.);
#6775=ORIENTED_EDGE('',*,*,#4497,.T.);
#6776=ORIENTED_EDGE('',*,*,#4494,.T.);
#6777=ORIENTED_EDGE('',*,*,#4449,.T.);
#6778=ORIENTED_EDGE('',*,*,#4453,.T.);
#6779=ORIENTED_EDGE('',*,*,#4456,.T.);
#6780=ORIENTED_EDGE('',*,*,#4492,.T.);
#6781=ORIENTED_EDGE('',*,*,#4489,.T.);
#6782=ORIENTED_EDGE('',*,*,#4486,.T.);
#6783=ORIENTED_EDGE('',*,*,#4483,.T.);
#6784=ORIENTED_EDGE('',*,*,#4377,.T.);
#6785=ORIENTED_EDGE('',*,*,#4381,.T.);
#6786=ORIENTED_EDGE('',*,*,#4401,.T.);
#6787=ORIENTED_EDGE('',*,*,#4398,.T.);
#6788=ORIENTED_EDGE('',*,*,#4637,.T.);
#6789=ORIENTED_EDGE('',*,*,#4640,.T.);
#6790=ORIENTED_EDGE('',*,*,#4642,.T.);
#6791=ORIENTED_EDGE('',*,*,#4644,.T.);
#6792=ORIENTED_EDGE('',*,*,#4665,.T.);
#6793=ORIENTED_EDGE('',*,*,#4663,.T.);
#6794=ORIENTED_EDGE('',*,*,#4661,.T.);
#6795=ORIENTED_EDGE('',*,*,#4331,.T.);
#6796=ORIENTED_EDGE('',*,*,#4313,.T.);
#6797=ORIENTED_EDGE('',*,*,#4343,.T.);
#6798=ORIENTED_EDGE('',*,*,#4241,.T.);
#6799=ORIENTED_EDGE('',*,*,#4118,.T.);
#6800=ORIENTED_EDGE('',*,*,#4121,.T.);
#6801=ORIENTED_EDGE('',*,*,#4123,.T.);
#6802=ORIENTED_EDGE('',*,*,#4134,.T.);
#6803=ORIENTED_EDGE('',*,*,#4136,.T.);
#6804=ORIENTED_EDGE('',*,*,#4138,.T.);
#6805=ORIENTED_EDGE('',*,*,#4256,.T.);
#6806=ORIENTED_EDGE('',*,*,#4259,.T.);
#6807=ORIENTED_EDGE('',*,*,#4272,.T.);
#6808=ORIENTED_EDGE('',*,*,#4042,.T.);
#6809=ORIENTED_EDGE('',*,*,#4361,.T.);
#6810=ORIENTED_EDGE('',*,*,#4396,.T.);
#6811=ORIENTED_EDGE('',*,*,#4393,.T.);
#6812=ORIENTED_EDGE('',*,*,#4390,.T.);
#6813=ORIENTED_EDGE('',*,*,#4387,.T.);
#6814=ORIENTED_EDGE('',*,*,#4384,.T.);
#6815=ORIENTED_EDGE('',*,*,#4374,.T.);
#6816=ORIENTED_EDGE('',*,*,#4371,.T.);
#6817=ORIENTED_EDGE('',*,*,#4368,.T.);
#6818=ORIENTED_EDGE('',*,*,#4365,.T.);
#6819=ORIENTED_EDGE('',*,*,#4806,.F.);
#6820=ORIENTED_EDGE('',*,*,#4805,.F.);
#6821=ORIENTED_EDGE('',*,*,#4804,.F.);
#6822=ORIENTED_EDGE('',*,*,#4803,.F.);
#6823=ORIENTED_EDGE('',*,*,#4802,.F.);
#6824=ORIENTED_EDGE('',*,*,#4801,.F.);
#6825=ORIENTED_EDGE('',*,*,#4800,.F.);
#6826=ORIENTED_EDGE('',*,*,#4799,.F.);
#6827=ORIENTED_EDGE('',*,*,#4798,.F.);
#6828=ORIENTED_EDGE('',*,*,#4797,.F.);
#6829=ORIENTED_EDGE('',*,*,#4814,.F.);
#6830=ORIENTED_EDGE('',*,*,#4813,.F.);
#6831=ORIENTED_EDGE('',*,*,#4812,.F.);
#6832=ORIENTED_EDGE('',*,*,#4811,.F.);
#6833=ORIENTED_EDGE('',*,*,#4810,.F.);
#6834=ORIENTED_EDGE('',*,*,#4809,.F.);
#6835=ORIENTED_EDGE('',*,*,#4808,.F.);
#6836=ORIENTED_EDGE('',*,*,#4807,.F.);
#6837=ORIENTED_EDGE('',*,*,#4843,.F.);
#6838=ORIENTED_EDGE('',*,*,#4844,.F.);
#6839=ORIENTED_EDGE('',*,*,#4845,.F.);
#6840=ORIENTED_EDGE('',*,*,#4846,.F.);
#6841=ORIENTED_EDGE('',*,*,#4847,.F.);
#6842=ORIENTED_EDGE('',*,*,#4848,.F.);
#6843=ORIENTED_EDGE('',*,*,#4824,.F.);
#6844=ORIENTED_EDGE('',*,*,#4823,.F.);
#6845=ORIENTED_EDGE('',*,*,#4822,.F.);
#6846=ORIENTED_EDGE('',*,*,#4821,.F.);
#6847=ORIENTED_EDGE('',*,*,#4820,.F.);
#6848=ORIENTED_EDGE('',*,*,#4819,.F.);
#6849=ORIENTED_EDGE('',*,*,#4818,.F.);
#6850=ORIENTED_EDGE('',*,*,#4817,.F.);
#6851=ORIENTED_EDGE('',*,*,#4816,.F.);
#6852=ORIENTED_EDGE('',*,*,#4815,.F.);
#6853=ORIENTED_EDGE('',*,*,#4849,.T.);
#6854=ORIENTED_EDGE('',*,*,#4850,.T.);
#6855=ORIENTED_EDGE('',*,*,#4851,.T.);
#6856=ORIENTED_EDGE('',*,*,#4852,.T.);
#6857=ORIENTED_EDGE('',*,*,#4853,.T.);
#6858=ORIENTED_EDGE('',*,*,#4854,.T.);
#6859=ORIENTED_EDGE('',*,*,#4832,.F.);
#6860=ORIENTED_EDGE('',*,*,#4831,.F.);
#6861=ORIENTED_EDGE('',*,*,#4830,.F.);
#6862=ORIENTED_EDGE('',*,*,#4829,.F.);
#6863=ORIENTED_EDGE('',*,*,#4828,.F.);
#6864=ORIENTED_EDGE('',*,*,#4827,.F.);
#6865=ORIENTED_EDGE('',*,*,#4826,.F.);
#6866=ORIENTED_EDGE('',*,*,#4825,.F.);
#6867=ORIENTED_EDGE('',*,*,#4854,.F.);
#6868=ORIENTED_EDGE('',*,*,#4853,.F.);
#6869=ORIENTED_EDGE('',*,*,#4852,.F.);
#6870=ORIENTED_EDGE('',*,*,#4851,.F.);
#6871=ORIENTED_EDGE('',*,*,#4850,.F.);
#6872=ORIENTED_EDGE('',*,*,#4849,.F.);
#6873=ORIENTED_EDGE('',*,*,#4848,.T.);
#6874=ORIENTED_EDGE('',*,*,#4847,.T.);
#6875=ORIENTED_EDGE('',*,*,#4846,.T.);
#6876=ORIENTED_EDGE('',*,*,#4845,.T.);
#6877=ORIENTED_EDGE('',*,*,#4844,.T.);
#6878=ORIENTED_EDGE('',*,*,#4843,.T.);
#6879=ORIENTED_EDGE('',*,*,#4855,.T.);
#6880=ORIENTED_EDGE('',*,*,#4856,.T.);
#6881=ORIENTED_EDGE('',*,*,#4857,.T.);
#6882=ORIENTED_EDGE('',*,*,#4858,.T.);
#6883=ORIENTED_EDGE('',*,*,#4856,.F.);
#6884=ORIENTED_EDGE('',*,*,#4859,.F.);
#6885=ORIENTED_EDGE('',*,*,#4860,.T.);
#6886=ORIENTED_EDGE('',*,*,#4861,.T.);
#6887=ORIENTED_EDGE('',*,*,#4862,.F.);
#6888=ORIENTED_EDGE('',*,*,#4863,.F.);
#6889=ORIENTED_EDGE('',*,*,#4864,.F.);
#6890=ORIENTED_EDGE('',*,*,#4865,.F.);
#6891=ORIENTED_EDGE('',*,*,#4866,.F.);
#6892=ORIENTED_EDGE('',*,*,#4867,.F.);
#6893=ORIENTED_EDGE('',*,*,#4868,.F.);
#6894=ORIENTED_EDGE('',*,*,#4869,.F.);
#6895=ORIENTED_EDGE('',*,*,#4870,.F.);
#6896=ORIENTED_EDGE('',*,*,#4871,.F.);
#6897=ORIENTED_EDGE('',*,*,#4872,.F.);
#6898=ORIENTED_EDGE('',*,*,#4873,.F.);
#6899=ORIENTED_EDGE('',*,*,#4874,.F.);
#6900=ORIENTED_EDGE('',*,*,#4875,.F.);
#6901=ORIENTED_EDGE('',*,*,#4876,.F.);
#6902=ORIENTED_EDGE('',*,*,#4877,.F.);
#6903=ORIENTED_EDGE('',*,*,#4855,.F.);
#6904=ORIENTED_EDGE('',*,*,#4878,.T.);
#6905=ORIENTED_EDGE('',*,*,#4879,.T.);
#6906=ORIENTED_EDGE('',*,*,#4880,.T.);
#6907=ORIENTED_EDGE('',*,*,#4881,.F.);
#6908=ORIENTED_EDGE('',*,*,#4882,.T.);
#6909=ORIENTED_EDGE('',*,*,#4883,.T.);
#6910=ORIENTED_EDGE('',*,*,#4884,.T.);
#6911=ORIENTED_EDGE('',*,*,#4885,.F.);
#6912=ORIENTED_EDGE('',*,*,#4886,.T.);
#6913=ORIENTED_EDGE('',*,*,#4887,.T.);
#6914=ORIENTED_EDGE('',*,*,#4888,.T.);
#6915=ORIENTED_EDGE('',*,*,#4889,.F.);
#6916=ORIENTED_EDGE('',*,*,#4890,.T.);
#6917=ORIENTED_EDGE('',*,*,#4891,.T.);
#6918=ORIENTED_EDGE('',*,*,#4859,.T.);
#6919=ORIENTED_EDGE('',*,*,#4881,.T.);
#6920=ORIENTED_EDGE('',*,*,#4892,.T.);
#6921=ORIENTED_EDGE('',*,*,#4893,.T.);
#6922=ORIENTED_EDGE('',*,*,#4894,.T.);
#6923=ORIENTED_EDGE('',*,*,#4892,.F.);
#6924=ORIENTED_EDGE('',*,*,#4880,.F.);
#6925=ORIENTED_EDGE('',*,*,#4895,.T.);
#6926=ORIENTED_EDGE('',*,*,#4896,.T.);
#6927=ORIENTED_EDGE('',*,*,#4885,.T.);
#6928=ORIENTED_EDGE('',*,*,#4897,.T.);
#6929=ORIENTED_EDGE('',*,*,#4898,.T.);
#6930=ORIENTED_EDGE('',*,*,#4899,.T.);
#6931=ORIENTED_EDGE('',*,*,#4897,.F.);
#6932=ORIENTED_EDGE('',*,*,#4884,.F.);
#6933=ORIENTED_EDGE('',*,*,#4900,.T.);
#6934=ORIENTED_EDGE('',*,*,#4901,.T.);
#6935=ORIENTED_EDGE('',*,*,#4889,.T.);
#6936=ORIENTED_EDGE('',*,*,#4902,.T.);
#6937=ORIENTED_EDGE('',*,*,#4903,.T.);
#6938=ORIENTED_EDGE('',*,*,#4904,.T.);
#6939=ORIENTED_EDGE('',*,*,#4904,.F.);
#6940=ORIENTED_EDGE('',*,*,#4905,.T.);
#6941=ORIENTED_EDGE('',*,*,#4906,.F.);
#6942=ORIENTED_EDGE('',*,*,#4890,.F.);
#6943=ORIENTED_EDGE('',*,*,#4907,.F.);
#6944=ORIENTED_EDGE('',*,*,#4908,.F.);
#6945=ORIENTED_EDGE('',*,*,#4909,.F.);
#6946=ORIENTED_EDGE('',*,*,#4877,.T.);
#6947=ORIENTED_EDGE('',*,*,#4910,.T.);
#6948=ORIENTED_EDGE('',*,*,#4911,.T.);
#6949=ORIENTED_EDGE('',*,*,#4908,.T.);
#6950=ORIENTED_EDGE('',*,*,#4912,.T.);
#6951=ORIENTED_EDGE('',*,*,#4913,.T.);
#6952=ORIENTED_EDGE('',*,*,#4862,.T.);
#6953=ORIENTED_EDGE('',*,*,#4909,.T.);
#6954=ORIENTED_EDGE('',*,*,#4914,.T.);
#6955=ORIENTED_EDGE('',*,*,#4915,.T.);
#6956=ORIENTED_EDGE('',*,*,#4916,.T.);
#6957=ORIENTED_EDGE('',*,*,#4907,.T.);
#6958=ORIENTED_EDGE('',*,*,#4876,.T.);
#6959=ORIENTED_EDGE('',*,*,#4914,.F.);
#6960=ORIENTED_EDGE('',*,*,#4911,.F.);
#6961=ORIENTED_EDGE('',*,*,#4917,.F.);
#6962=ORIENTED_EDGE('',*,*,#4918,.F.);
#6963=ORIENTED_EDGE('',*,*,#4919,.F.);
#6964=ORIENTED_EDGE('',*,*,#4920,.F.);
#6965=ORIENTED_EDGE('',*,*,#4910,.F.);
#6966=ORIENTED_EDGE('',*,*,#4921,.T.);
#6967=ORIENTED_EDGE('',*,*,#4922,.F.);
#6968=ORIENTED_EDGE('',*,*,#4923,.T.);
#6969=ORIENTED_EDGE('',*,*,#4924,.F.);
#6970=ORIENTED_EDGE('',*,*,#4917,.T.);
#6971=ORIENTED_EDGE('',*,*,#4912,.F.);
#6972=ORIENTED_EDGE('',*,*,#4916,.F.);
#6973=ORIENTED_EDGE('',*,*,#4925,.F.);
#6974=ORIENTED_EDGE('',*,*,#4926,.F.);
#6975=ORIENTED_EDGE('',*,*,#4927,.F.);
#6976=ORIENTED_EDGE('',*,*,#4921,.F.);
#6977=ORIENTED_EDGE('',*,*,#4928,.F.);
#6978=ORIENTED_EDGE('',*,*,#4929,.F.);
#6979=ORIENTED_EDGE('',*,*,#4930,.F.);
#6980=ORIENTED_EDGE('',*,*,#4865,.T.);
#6981=ORIENTED_EDGE('',*,*,#4931,.T.);
#6982=ORIENTED_EDGE('',*,*,#4932,.T.);
#6983=ORIENTED_EDGE('',*,*,#4929,.T.);
#6984=ORIENTED_EDGE('',*,*,#4933,.T.);
#6985=ORIENTED_EDGE('',*,*,#4934,.T.);
#6986=ORIENTED_EDGE('',*,*,#4866,.T.);
#6987=ORIENTED_EDGE('',*,*,#4930,.T.);
#6988=ORIENTED_EDGE('',*,*,#4935,.T.);
#6989=ORIENTED_EDGE('',*,*,#4936,.T.);
#6990=ORIENTED_EDGE('',*,*,#4937,.T.);
#6991=ORIENTED_EDGE('',*,*,#4928,.T.);
#6992=ORIENTED_EDGE('',*,*,#4864,.T.);
#6993=ORIENTED_EDGE('',*,*,#4935,.F.);
#6994=ORIENTED_EDGE('',*,*,#4932,.F.);
#6995=ORIENTED_EDGE('',*,*,#4938,.F.);
#6996=ORIENTED_EDGE('',*,*,#4939,.F.);
#6997=ORIENTED_EDGE('',*,*,#4940,.F.);
#6998=ORIENTED_EDGE('',*,*,#4941,.F.);
#6999=ORIENTED_EDGE('',*,*,#4931,.F.);
#7000=ORIENTED_EDGE('',*,*,#4942,.T.);
#7001=ORIENTED_EDGE('',*,*,#4943,.F.);
#7002=ORIENTED_EDGE('',*,*,#4944,.T.);
#7003=ORIENTED_EDGE('',*,*,#4945,.F.);
#7004=ORIENTED_EDGE('',*,*,#4938,.T.);
#7005=ORIENTED_EDGE('',*,*,#4933,.F.);
#7006=ORIENTED_EDGE('',*,*,#4937,.F.);
#7007=ORIENTED_EDGE('',*,*,#4946,.F.);
#7008=ORIENTED_EDGE('',*,*,#4947,.F.);
#7009=ORIENTED_EDGE('',*,*,#4948,.F.);
#7010=ORIENTED_EDGE('',*,*,#4942,.F.);
#7011=ORIENTED_EDGE('',*,*,#4949,.F.);
#7012=ORIENTED_EDGE('',*,*,#4950,.F.);
#7013=ORIENTED_EDGE('',*,*,#4951,.F.);
#7014=ORIENTED_EDGE('',*,*,#4869,.T.);
#7015=ORIENTED_EDGE('',*,*,#4952,.T.);
#7016=ORIENTED_EDGE('',*,*,#4953,.T.);
#7017=ORIENTED_EDGE('',*,*,#4950,.T.);
#7018=ORIENTED_EDGE('',*,*,#4954,.T.);
#7019=ORIENTED_EDGE('',*,*,#4955,.T.);
#7020=ORIENTED_EDGE('',*,*,#4870,.T.);
#7021=ORIENTED_EDGE('',*,*,#4951,.T.);
#7022=ORIENTED_EDGE('',*,*,#4956,.T.);
#7023=ORIENTED_EDGE('',*,*,#4957,.T.);
#7024=ORIENTED_EDGE('',*,*,#4958,.T.);
#7025=ORIENTED_EDGE('',*,*,#4949,.T.);
#7026=ORIENTED_EDGE('',*,*,#4868,.T.);
#7027=ORIENTED_EDGE('',*,*,#4956,.F.);
#7028=ORIENTED_EDGE('',*,*,#4953,.F.);
#7029=ORIENTED_EDGE('',*,*,#4959,.F.);
#7030=ORIENTED_EDGE('',*,*,#4960,.F.);
#7031=ORIENTED_EDGE('',*,*,#4961,.F.);
#7032=ORIENTED_EDGE('',*,*,#4962,.F.);
#7033=ORIENTED_EDGE('',*,*,#4952,.F.);
#7034=ORIENTED_EDGE('',*,*,#4963,.T.);
#7035=ORIENTED_EDGE('',*,*,#4964,.F.);
#7036=ORIENTED_EDGE('',*,*,#4965,.T.);
#7037=ORIENTED_EDGE('',*,*,#4966,.F.);
#7038=ORIENTED_EDGE('',*,*,#4959,.T.);
#7039=ORIENTED_EDGE('',*,*,#4954,.F.);
#7040=ORIENTED_EDGE('',*,*,#4958,.F.);
#7041=ORIENTED_EDGE('',*,*,#4967,.F.);
#7042=ORIENTED_EDGE('',*,*,#4968,.F.);
#7043=ORIENTED_EDGE('',*,*,#4969,.F.);
#7044=ORIENTED_EDGE('',*,*,#4963,.F.);
#7045=ORIENTED_EDGE('',*,*,#4970,.F.);
#7046=ORIENTED_EDGE('',*,*,#4971,.F.);
#7047=ORIENTED_EDGE('',*,*,#4972,.F.);
#7048=ORIENTED_EDGE('',*,*,#4873,.T.);
#7049=ORIENTED_EDGE('',*,*,#4973,.T.);
#7050=ORIENTED_EDGE('',*,*,#4974,.T.);
#7051=ORIENTED_EDGE('',*,*,#4971,.T.);
#7052=ORIENTED_EDGE('',*,*,#4975,.T.);
#7053=ORIENTED_EDGE('',*,*,#4976,.T.);
#7054=ORIENTED_EDGE('',*,*,#4874,.T.);
#7055=ORIENTED_EDGE('',*,*,#4972,.T.);
#7056=ORIENTED_EDGE('',*,*,#4977,.T.);
#7057=ORIENTED_EDGE('',*,*,#4978,.T.);
#7058=ORIENTED_EDGE('',*,*,#4979,.T.);
#7059=ORIENTED_EDGE('',*,*,#4970,.T.);
#7060=ORIENTED_EDGE('',*,*,#4872,.T.);
#7061=ORIENTED_EDGE('',*,*,#4977,.F.);
#7062=ORIENTED_EDGE('',*,*,#4974,.F.);
#7063=ORIENTED_EDGE('',*,*,#4980,.F.);
#7064=ORIENTED_EDGE('',*,*,#4981,.F.);
#7065=ORIENTED_EDGE('',*,*,#4982,.F.);
#7066=ORIENTED_EDGE('',*,*,#4983,.F.);
#7067=ORIENTED_EDGE('',*,*,#4973,.F.);
#7068=ORIENTED_EDGE('',*,*,#4984,.T.);
#7069=ORIENTED_EDGE('',*,*,#4985,.F.);
#7070=ORIENTED_EDGE('',*,*,#4986,.T.);
#7071=ORIENTED_EDGE('',*,*,#4987,.F.);
#7072=ORIENTED_EDGE('',*,*,#4980,.T.);
#7073=ORIENTED_EDGE('',*,*,#4975,.F.);
#7074=ORIENTED_EDGE('',*,*,#4979,.F.);
#7075=ORIENTED_EDGE('',*,*,#4988,.F.);
#7076=ORIENTED_EDGE('',*,*,#4989,.F.);
#7077=ORIENTED_EDGE('',*,*,#4990,.F.);
#7078=ORIENTED_EDGE('',*,*,#4984,.F.);
#7079=ORIENTED_EDGE('',*,*,#4944,.F.);
#7080=ORIENTED_EDGE('',*,*,#4991,.T.);
#7081=ORIENTED_EDGE('',*,*,#4992,.T.);
#7082=ORIENTED_EDGE('',*,*,#4993,.T.);
#7083=ORIENTED_EDGE('',*,*,#4993,.F.);
#7084=ORIENTED_EDGE('',*,*,#4994,.F.);
#7085=ORIENTED_EDGE('',*,*,#4939,.T.);
#7086=ORIENTED_EDGE('',*,*,#4945,.T.);
#7087=ORIENTED_EDGE('',*,*,#4965,.F.);
#7088=ORIENTED_EDGE('',*,*,#4995,.T.);
#7089=ORIENTED_EDGE('',*,*,#4996,.T.);
#7090=ORIENTED_EDGE('',*,*,#4997,.T.);
#7091=ORIENTED_EDGE('',*,*,#4997,.F.);
#7092=ORIENTED_EDGE('',*,*,#4998,.F.);
#7093=ORIENTED_EDGE('',*,*,#4960,.T.);
#7094=ORIENTED_EDGE('',*,*,#4966,.T.);
#7095=ORIENTED_EDGE('',*,*,#4986,.F.);
#7096=ORIENTED_EDGE('',*,*,#4999,.T.);
#7097=ORIENTED_EDGE('',*,*,#5000,.T.);
#7098=ORIENTED_EDGE('',*,*,#5001,.T.);
#7099=ORIENTED_EDGE('',*,*,#5001,.F.);
#7100=ORIENTED_EDGE('',*,*,#5002,.F.);
#7101=ORIENTED_EDGE('',*,*,#4981,.T.);
#7102=ORIENTED_EDGE('',*,*,#4987,.T.);
#7103=ORIENTED_EDGE('',*,*,#4923,.F.);
#7104=ORIENTED_EDGE('',*,*,#5003,.T.);
#7105=ORIENTED_EDGE('',*,*,#5004,.T.);
#7106=ORIENTED_EDGE('',*,*,#5005,.T.);
#7107=ORIENTED_EDGE('',*,*,#5005,.F.);
#7108=ORIENTED_EDGE('',*,*,#5006,.F.);
#7109=ORIENTED_EDGE('',*,*,#4918,.T.);
#7110=ORIENTED_EDGE('',*,*,#4924,.T.);
#7111=ORIENTED_EDGE('',*,*,#5007,.T.);
#7112=ORIENTED_EDGE('',*,*,#5008,.T.);
#7113=ORIENTED_EDGE('',*,*,#5009,.T.);
#7114=ORIENTED_EDGE('',*,*,#5008,.F.);
#7115=ORIENTED_EDGE('',*,*,#5009,.F.);
#7116=ORIENTED_EDGE('',*,*,#5010,.T.);
#7117=ORIENTED_EDGE('',*,*,#5011,.T.);
#7118=ORIENTED_EDGE('',*,*,#5012,.T.);
#7119=ORIENTED_EDGE('',*,*,#5010,.F.);
#7120=ORIENTED_EDGE('',*,*,#5007,.F.);
#7121=ORIENTED_EDGE('',*,*,#5013,.T.);
#7122=ORIENTED_EDGE('',*,*,#5014,.T.);
#7123=ORIENTED_EDGE('',*,*,#5015,.T.);
#7124=ORIENTED_EDGE('',*,*,#5016,.T.);
#7125=ORIENTED_EDGE('',*,*,#5016,.F.);
#7126=ORIENTED_EDGE('',*,*,#5017,.T.);
#7127=ORIENTED_EDGE('',*,*,#4946,.T.);
#7128=ORIENTED_EDGE('',*,*,#4936,.F.);
#7129=ORIENTED_EDGE('',*,*,#4863,.T.);
#7130=ORIENTED_EDGE('',*,*,#4913,.F.);
#7131=ORIENTED_EDGE('',*,*,#4920,.T.);
#7132=ORIENTED_EDGE('',*,*,#5018,.T.);
#7133=ORIENTED_EDGE('',*,*,#5019,.F.);
#7134=ORIENTED_EDGE('',*,*,#5020,.T.);
#7135=ORIENTED_EDGE('',*,*,#5015,.F.);
#7136=ORIENTED_EDGE('',*,*,#5021,.F.);
#7137=ORIENTED_EDGE('',*,*,#4940,.T.);
#7138=ORIENTED_EDGE('',*,*,#4994,.T.);
#7139=ORIENTED_EDGE('',*,*,#4992,.F.);
#7140=ORIENTED_EDGE('',*,*,#5022,.T.);
#7141=ORIENTED_EDGE('',*,*,#4947,.T.);
#7142=ORIENTED_EDGE('',*,*,#5017,.F.);
#7143=ORIENTED_EDGE('',*,*,#5023,.T.);
#7144=ORIENTED_EDGE('',*,*,#5024,.T.);
#7145=ORIENTED_EDGE('',*,*,#5025,.T.);
#7146=ORIENTED_EDGE('',*,*,#5026,.T.);
#7147=ORIENTED_EDGE('',*,*,#5024,.F.);
#7148=ORIENTED_EDGE('',*,*,#5027,.T.);
#7149=ORIENTED_EDGE('',*,*,#5028,.F.);
#7150=ORIENTED_EDGE('',*,*,#5029,.T.);
#7151=ORIENTED_EDGE('',*,*,#4988,.T.);
#7152=ORIENTED_EDGE('',*,*,#4978,.F.);
#7153=ORIENTED_EDGE('',*,*,#4871,.T.);
#7154=ORIENTED_EDGE('',*,*,#4955,.F.);
#7155=ORIENTED_EDGE('',*,*,#4962,.T.);
#7156=ORIENTED_EDGE('',*,*,#5030,.T.);
#7157=ORIENTED_EDGE('',*,*,#5013,.F.);
#7158=ORIENTED_EDGE('',*,*,#5020,.F.);
#7159=ORIENTED_EDGE('',*,*,#5031,.F.);
#7160=ORIENTED_EDGE('',*,*,#5032,.F.);
#7161=ORIENTED_EDGE('',*,*,#5033,.T.);
#7162=ORIENTED_EDGE('',*,*,#5034,.T.);
#7163=ORIENTED_EDGE('',*,*,#5035,.T.);
#7164=ORIENTED_EDGE('',*,*,#5036,.T.);
#7165=ORIENTED_EDGE('',*,*,#5037,.T.);
#7166=ORIENTED_EDGE('',*,*,#5038,.F.);
#7167=ORIENTED_EDGE('',*,*,#5039,.T.);
#7168=ORIENTED_EDGE('',*,*,#5040,.F.);
#7169=ORIENTED_EDGE('',*,*,#5041,.T.);
#7170=ORIENTED_EDGE('',*,*,#5042,.F.);
#7171=ORIENTED_EDGE('',*,*,#5043,.T.);
#7172=ORIENTED_EDGE('',*,*,#5044,.F.);
#7173=ORIENTED_EDGE('',*,*,#5045,.T.);
#7174=ORIENTED_EDGE('',*,*,#5046,.T.);
#7175=ORIENTED_EDGE('',*,*,#5047,.T.);
#7176=ORIENTED_EDGE('',*,*,#5048,.F.);
#7177=ORIENTED_EDGE('',*,*,#5049,.F.);
#7178=ORIENTED_EDGE('',*,*,#5027,.F.);
#7179=ORIENTED_EDGE('',*,*,#5023,.F.);
#7180=ORIENTED_EDGE('',*,*,#5050,.F.);
#7181=ORIENTED_EDGE('',*,*,#5031,.T.);
#7182=ORIENTED_EDGE('',*,*,#5019,.T.);
#7183=ORIENTED_EDGE('',*,*,#5051,.T.);
#7184=ORIENTED_EDGE('',*,*,#5052,.T.);
#7185=ORIENTED_EDGE('',*,*,#5052,.F.);
#7186=ORIENTED_EDGE('',*,*,#5053,.T.);
#7187=ORIENTED_EDGE('',*,*,#4925,.T.);
#7188=ORIENTED_EDGE('',*,*,#4915,.F.);
#7189=ORIENTED_EDGE('',*,*,#4875,.T.);
#7190=ORIENTED_EDGE('',*,*,#4976,.F.);
#7191=ORIENTED_EDGE('',*,*,#4983,.T.);
#7192=ORIENTED_EDGE('',*,*,#5054,.T.);
#7193=ORIENTED_EDGE('',*,*,#5055,.F.);
#7194=ORIENTED_EDGE('',*,*,#5048,.T.);
#7195=ORIENTED_EDGE('',*,*,#5056,.T.);
#7196=ORIENTED_EDGE('',*,*,#5032,.T.);
#7197=ORIENTED_EDGE('',*,*,#5049,.T.);
#7198=ORIENTED_EDGE('',*,*,#5055,.T.);
#7199=ORIENTED_EDGE('',*,*,#5057,.T.);
#7200=ORIENTED_EDGE('',*,*,#5028,.T.);
#7201=ORIENTED_EDGE('',*,*,#5058,.F.);
#7202=ORIENTED_EDGE('',*,*,#5059,.F.);
#7203=ORIENTED_EDGE('',*,*,#5060,.F.);
#7204=ORIENTED_EDGE('',*,*,#5061,.T.);
#7205=ORIENTED_EDGE('',*,*,#5062,.T.);
#7206=ORIENTED_EDGE('',*,*,#5059,.T.);
#7207=ORIENTED_EDGE('',*,*,#5063,.T.);
#7208=ORIENTED_EDGE('',*,*,#5064,.F.);
#7209=ORIENTED_EDGE('',*,*,#5065,.F.);
#7210=ORIENTED_EDGE('',*,*,#5066,.F.);
#7211=ORIENTED_EDGE('',*,*,#5067,.T.);
#7212=ORIENTED_EDGE('',*,*,#4793,.T.);
#7213=ORIENTED_EDGE('',*,*,#5065,.T.);
#7214=ORIENTED_EDGE('',*,*,#5068,.T.);
#7215=ORIENTED_EDGE('',*,*,#5069,.F.);
#7216=ORIENTED_EDGE('',*,*,#5070,.F.);
#7217=ORIENTED_EDGE('',*,*,#5071,.F.);
#7218=ORIENTED_EDGE('',*,*,#5072,.T.);
#7219=ORIENTED_EDGE('',*,*,#5073,.T.);
#7220=ORIENTED_EDGE('',*,*,#5070,.T.);
#7221=ORIENTED_EDGE('',*,*,#5074,.T.);
#7222=ORIENTED_EDGE('',*,*,#5058,.T.);
#7223=ORIENTED_EDGE('',*,*,#5075,.T.);
#7224=ORIENTED_EDGE('',*,*,#5071,.T.);
#7225=ORIENTED_EDGE('',*,*,#5076,.T.);
#7226=ORIENTED_EDGE('',*,*,#5077,.F.);
#7227=ORIENTED_EDGE('',*,*,#5078,.F.);
#7228=ORIENTED_EDGE('',*,*,#5079,.F.);
#7229=ORIENTED_EDGE('',*,*,#5080,.T.);
#7230=ORIENTED_EDGE('',*,*,#5081,.T.);
#7231=ORIENTED_EDGE('',*,*,#5078,.T.);
#7232=ORIENTED_EDGE('',*,*,#4795,.T.);
#7233=ORIENTED_EDGE('',*,*,#5069,.T.);
#7234=ORIENTED_EDGE('',*,*,#5082,.T.);
#7235=ORIENTED_EDGE('',*,*,#5079,.T.);
#7236=ORIENTED_EDGE('',*,*,#5083,.T.);
#7237=ORIENTED_EDGE('',*,*,#5077,.T.);
#7238=ORIENTED_EDGE('',*,*,#5084,.T.);
#7239=ORIENTED_EDGE('',*,*,#5066,.T.);
#7240=ORIENTED_EDGE('',*,*,#4796,.T.);
#7241=ORIENTED_EDGE('',*,*,#5064,.T.);
#7242=ORIENTED_EDGE('',*,*,#5085,.T.);
#7243=ORIENTED_EDGE('',*,*,#5060,.T.);
#7244=ORIENTED_EDGE('',*,*,#5086,.T.);
#7245=ORIENTED_EDGE('',*,*,#5063,.F.);
#7246=ORIENTED_EDGE('',*,*,#5076,.F.);
#7247=ORIENTED_EDGE('',*,*,#5073,.F.);
#7248=ORIENTED_EDGE('',*,*,#5087,.T.);
#7249=ORIENTED_EDGE('',*,*,#5074,.F.);
#7250=ORIENTED_EDGE('',*,*,#5083,.F.);
#7251=ORIENTED_EDGE('',*,*,#5081,.F.);
#7252=ORIENTED_EDGE('',*,*,#5088,.T.);
#7253=ORIENTED_EDGE('',*,*,#5075,.F.);
#7254=ORIENTED_EDGE('',*,*,#5085,.F.);
#7255=ORIENTED_EDGE('',*,*,#5084,.F.);
#7256=ORIENTED_EDGE('',*,*,#5082,.F.);
#7257=ORIENTED_EDGE('',*,*,#5089,.T.);
#7258=ORIENTED_EDGE('',*,*,#5090,.T.);
#7259=ORIENTED_EDGE('',*,*,#5091,.T.);
#7260=ORIENTED_EDGE('',*,*,#5092,.T.);
#7261=ORIENTED_EDGE('',*,*,#5093,.T.);
#7262=ORIENTED_EDGE('',*,*,#5094,.T.);
#7263=ORIENTED_EDGE('',*,*,#5095,.T.);
#7264=ORIENTED_EDGE('',*,*,#5096,.T.);
#7265=ORIENTED_EDGE('',*,*,#5097,.T.);
#7266=ORIENTED_EDGE('',*,*,#5040,.T.);
#7267=ORIENTED_EDGE('',*,*,#5098,.T.);
#7268=ORIENTED_EDGE('',*,*,#5099,.T.);
#7269=ORIENTED_EDGE('',*,*,#5100,.T.);
#7270=ORIENTED_EDGE('',*,*,#5098,.F.);
#7271=ORIENTED_EDGE('',*,*,#5039,.F.);
#7272=ORIENTED_EDGE('',*,*,#5101,.F.);
#7273=ORIENTED_EDGE('',*,*,#5102,.T.);
#7274=ORIENTED_EDGE('',*,*,#5042,.T.);
#7275=ORIENTED_EDGE('',*,*,#5103,.T.);
#7276=ORIENTED_EDGE('',*,*,#5104,.T.);
#7277=ORIENTED_EDGE('',*,*,#5105,.T.);
#7278=ORIENTED_EDGE('',*,*,#5100,.F.);
#7279=ORIENTED_EDGE('',*,*,#5106,.T.);
#7280=ORIENTED_EDGE('',*,*,#5103,.F.);
#7281=ORIENTED_EDGE('',*,*,#5041,.F.);
#7282=ORIENTED_EDGE('',*,*,#5038,.T.);
#7283=ORIENTED_EDGE('',*,*,#5107,.T.);
#7284=ORIENTED_EDGE('',*,*,#5108,.T.);
#7285=ORIENTED_EDGE('',*,*,#5101,.T.);
#7286=ORIENTED_EDGE('',*,*,#5107,.F.);
#7287=ORIENTED_EDGE('',*,*,#5037,.F.);
#7288=ORIENTED_EDGE('',*,*,#5109,.F.);
#7289=ORIENTED_EDGE('',*,*,#5110,.T.);
#7290=ORIENTED_EDGE('',*,*,#5044,.T.);
#7291=ORIENTED_EDGE('',*,*,#5111,.T.);
#7292=ORIENTED_EDGE('',*,*,#5112,.T.);
#7293=ORIENTED_EDGE('',*,*,#5113,.T.);
#7294=ORIENTED_EDGE('',*,*,#5105,.F.);
#7295=ORIENTED_EDGE('',*,*,#5114,.T.);
#7296=ORIENTED_EDGE('',*,*,#5111,.F.);
#7297=ORIENTED_EDGE('',*,*,#5043,.F.);
#7298=ORIENTED_EDGE('',*,*,#5115,.T.);
#7299=ORIENTED_EDGE('',*,*,#5116,.T.);
#7300=ORIENTED_EDGE('',*,*,#5116,.F.);
#7301=ORIENTED_EDGE('',*,*,#5097,.F.);
#7302=ORIENTED_EDGE('',*,*,#5117,.T.);
#7303=ORIENTED_EDGE('',*,*,#5115,.F.);
#7304=ORIENTED_EDGE('',*,*,#5117,.F.);
#7305=ORIENTED_EDGE('',*,*,#5118,.T.);
#7306=ORIENTED_EDGE('',*,*,#5119,.T.);
#7307=ORIENTED_EDGE('',*,*,#5119,.F.);
#7308=ORIENTED_EDGE('',*,*,#5096,.F.);
#7309=ORIENTED_EDGE('',*,*,#5120,.T.);
#7310=ORIENTED_EDGE('',*,*,#5118,.F.);
#7311=ORIENTED_EDGE('',*,*,#5120,.F.);
#7312=ORIENTED_EDGE('',*,*,#5121,.T.);
#7313=ORIENTED_EDGE('',*,*,#5122,.T.);
#7314=ORIENTED_EDGE('',*,*,#5122,.F.);
#7315=ORIENTED_EDGE('',*,*,#5095,.F.);
#7316=ORIENTED_EDGE('',*,*,#5123,.T.);
#7317=ORIENTED_EDGE('',*,*,#5121,.F.);
#7318=ORIENTED_EDGE('',*,*,#5123,.F.);
#7319=ORIENTED_EDGE('',*,*,#5124,.T.);
#7320=ORIENTED_EDGE('',*,*,#5125,.T.);
#7321=ORIENTED_EDGE('',*,*,#5125,.F.);
#7322=ORIENTED_EDGE('',*,*,#5094,.F.);
#7323=ORIENTED_EDGE('',*,*,#5126,.T.);
#7324=ORIENTED_EDGE('',*,*,#5124,.F.);
#7325=ORIENTED_EDGE('',*,*,#5126,.F.);
#7326=ORIENTED_EDGE('',*,*,#5127,.T.);
#7327=ORIENTED_EDGE('',*,*,#5128,.T.);
#7328=ORIENTED_EDGE('',*,*,#5128,.F.);
#7329=ORIENTED_EDGE('',*,*,#5093,.F.);
#7330=ORIENTED_EDGE('',*,*,#5129,.T.);
#7331=ORIENTED_EDGE('',*,*,#5127,.F.);
#7332=ORIENTED_EDGE('',*,*,#5129,.F.);
#7333=ORIENTED_EDGE('',*,*,#5130,.T.);
#7334=ORIENTED_EDGE('',*,*,#5131,.T.);
#7335=ORIENTED_EDGE('',*,*,#5131,.F.);
#7336=ORIENTED_EDGE('',*,*,#5092,.F.);
#7337=ORIENTED_EDGE('',*,*,#5132,.T.);
#7338=ORIENTED_EDGE('',*,*,#5130,.F.);
#7339=ORIENTED_EDGE('',*,*,#5132,.F.);
#7340=ORIENTED_EDGE('',*,*,#5133,.T.);
#7341=ORIENTED_EDGE('',*,*,#5134,.T.);
#7342=ORIENTED_EDGE('',*,*,#5134,.F.);
#7343=ORIENTED_EDGE('',*,*,#5091,.F.);
#7344=ORIENTED_EDGE('',*,*,#5135,.T.);
#7345=ORIENTED_EDGE('',*,*,#5133,.F.);
#7346=ORIENTED_EDGE('',*,*,#5135,.F.);
#7347=ORIENTED_EDGE('',*,*,#5136,.T.);
#7348=ORIENTED_EDGE('',*,*,#5137,.T.);
#7349=ORIENTED_EDGE('',*,*,#5137,.F.);
#7350=ORIENTED_EDGE('',*,*,#5090,.F.);
#7351=ORIENTED_EDGE('',*,*,#5138,.T.);
#7352=ORIENTED_EDGE('',*,*,#5136,.F.);
#7353=ORIENTED_EDGE('',*,*,#5138,.F.);
#7354=ORIENTED_EDGE('',*,*,#5089,.F.);
#7355=ORIENTED_EDGE('',*,*,#5139,.T.);
#7356=ORIENTED_EDGE('',*,*,#5140,.F.);
#7357=ORIENTED_EDGE('',*,*,#5139,.F.);
#7358=ORIENTED_EDGE('',*,*,#5140,.T.);
#7359=ORIENTED_EDGE('',*,*,#5141,.F.);
#7360=ORIENTED_EDGE('',*,*,#5142,.T.);
#7361=ORIENTED_EDGE('',*,*,#5143,.F.);
#7362=ORIENTED_EDGE('',*,*,#5142,.F.);
#7363=ORIENTED_EDGE('',*,*,#5012,.F.);
#7364=ORIENTED_EDGE('',*,*,#5144,.T.);
#7365=ORIENTED_EDGE('',*,*,#5141,.T.);
#7366=ORIENTED_EDGE('',*,*,#5144,.F.);
#7367=ORIENTED_EDGE('',*,*,#5011,.F.);
#7368=ORIENTED_EDGE('',*,*,#5145,.T.);
#7369=ORIENTED_EDGE('',*,*,#5146,.F.);
#7370=ORIENTED_EDGE('',*,*,#5147,.F.);
#7371=ORIENTED_EDGE('',*,*,#5148,.T.);
#7372=ORIENTED_EDGE('',*,*,#5047,.F.);
#7373=ORIENTED_EDGE('',*,*,#5149,.T.);
#7374=ORIENTED_EDGE('',*,*,#5147,.T.);
#7375=ORIENTED_EDGE('',*,*,#5150,.F.);
#7376=ORIENTED_EDGE('',*,*,#5151,.F.);
#7377=ORIENTED_EDGE('',*,*,#5033,.F.);
#7378=ORIENTED_EDGE('',*,*,#5152,.T.);
#7379=ORIENTED_EDGE('',*,*,#5151,.T.);
#7380=ORIENTED_EDGE('',*,*,#5153,.F.);
#7381=ORIENTED_EDGE('',*,*,#5154,.F.);
#7382=ORIENTED_EDGE('',*,*,#5155,.F.);
#7383=ORIENTED_EDGE('',*,*,#5153,.T.);
#7384=ORIENTED_EDGE('',*,*,#5150,.T.);
#7385=ORIENTED_EDGE('',*,*,#5146,.T.);
#7386=ORIENTED_EDGE('',*,*,#5156,.F.);
#7387=ORIENTED_EDGE('',*,*,#5143,.T.);
#7388=ORIENTED_EDGE('',*,*,#5056,.F.);
#7389=ORIENTED_EDGE('',*,*,#5148,.F.);
#7390=ORIENTED_EDGE('',*,*,#5149,.F.);
#7391=ORIENTED_EDGE('',*,*,#5152,.F.);
#7392=ORIENTED_EDGE('',*,*,#5036,.F.);
#7393=ORIENTED_EDGE('',*,*,#5157,.T.);
#7394=ORIENTED_EDGE('',*,*,#5158,.T.);
#7395=ORIENTED_EDGE('',*,*,#5109,.T.);
#7396=ORIENTED_EDGE('',*,*,#5035,.F.);
#7397=ORIENTED_EDGE('',*,*,#5159,.T.);
#7398=ORIENTED_EDGE('',*,*,#5160,.T.);
#7399=ORIENTED_EDGE('',*,*,#5157,.F.);
#7400=ORIENTED_EDGE('',*,*,#5155,.T.);
#7401=ORIENTED_EDGE('',*,*,#5161,.T.);
#7402=ORIENTED_EDGE('',*,*,#5162,.T.);
#7403=ORIENTED_EDGE('',*,*,#5159,.F.);
#7404=ORIENTED_EDGE('',*,*,#5034,.F.);
#7405=ORIENTED_EDGE('',*,*,#5154,.T.);
#7406=ORIENTED_EDGE('',*,*,#5156,.T.);
#7407=ORIENTED_EDGE('',*,*,#5163,.T.);
#7408=ORIENTED_EDGE('',*,*,#5164,.T.);
#7409=ORIENTED_EDGE('',*,*,#5161,.F.);
#7410=ORIENTED_EDGE('',*,*,#5046,.F.);
#7411=ORIENTED_EDGE('',*,*,#5165,.F.);
#7412=ORIENTED_EDGE('',*,*,#5166,.T.);
#7413=ORIENTED_EDGE('',*,*,#5163,.F.);
#7414=ORIENTED_EDGE('',*,*,#5145,.F.);
#7415=ORIENTED_EDGE('',*,*,#5113,.F.);
#7416=ORIENTED_EDGE('',*,*,#5167,.T.);
#7417=ORIENTED_EDGE('',*,*,#5165,.T.);
#7418=ORIENTED_EDGE('',*,*,#5045,.F.);
#7419=ORIENTED_EDGE('',*,*,#4858,.F.);
#7420=ORIENTED_EDGE('',*,*,#5168,.T.);
#7421=ORIENTED_EDGE('',*,*,#5169,.F.);
#7422=ORIENTED_EDGE('',*,*,#4878,.F.);
#7423=ORIENTED_EDGE('',*,*,#4891,.F.);
#7424=ORIENTED_EDGE('',*,*,#4906,.T.);
#7425=ORIENTED_EDGE('',*,*,#5170,.T.);
#7426=ORIENTED_EDGE('',*,*,#4860,.F.);
#7427=ORIENTED_EDGE('',*,*,#4902,.F.);
#7428=ORIENTED_EDGE('',*,*,#4888,.F.);
#7429=ORIENTED_EDGE('',*,*,#5171,.T.);
#7430=ORIENTED_EDGE('',*,*,#5172,.T.);
#7431=ORIENTED_EDGE('',*,*,#4887,.F.);
#7432=ORIENTED_EDGE('',*,*,#5173,.T.);
#7433=ORIENTED_EDGE('',*,*,#5174,.T.);
#7434=ORIENTED_EDGE('',*,*,#5171,.F.);
#7435=ORIENTED_EDGE('',*,*,#4899,.F.);
#7436=ORIENTED_EDGE('',*,*,#5175,.T.);
#7437=ORIENTED_EDGE('',*,*,#5173,.F.);
#7438=ORIENTED_EDGE('',*,*,#4886,.F.);
#7439=ORIENTED_EDGE('',*,*,#4883,.F.);
#7440=ORIENTED_EDGE('',*,*,#5176,.T.);
#7441=ORIENTED_EDGE('',*,*,#5177,.T.);
#7442=ORIENTED_EDGE('',*,*,#4900,.F.);
#7443=ORIENTED_EDGE('',*,*,#4894,.F.);
#7444=ORIENTED_EDGE('',*,*,#5178,.T.);
#7445=ORIENTED_EDGE('',*,*,#5176,.F.);
#7446=ORIENTED_EDGE('',*,*,#4882,.F.);
#7447=ORIENTED_EDGE('',*,*,#4879,.F.);
#7448=ORIENTED_EDGE('',*,*,#5169,.T.);
#7449=ORIENTED_EDGE('',*,*,#5179,.T.);
#7450=ORIENTED_EDGE('',*,*,#4895,.F.);
#7451=ORIENTED_EDGE('',*,*,#5179,.F.);
#7452=ORIENTED_EDGE('',*,*,#5168,.F.);
#7453=ORIENTED_EDGE('',*,*,#4857,.F.);
#7454=ORIENTED_EDGE('',*,*,#4861,.F.);
#7455=ORIENTED_EDGE('',*,*,#5170,.F.);
#7456=ORIENTED_EDGE('',*,*,#4905,.F.);
#7457=ORIENTED_EDGE('',*,*,#4903,.F.);
#7458=ORIENTED_EDGE('',*,*,#5172,.F.);
#7459=ORIENTED_EDGE('',*,*,#5174,.F.);
#7460=ORIENTED_EDGE('',*,*,#5175,.F.);
#7461=ORIENTED_EDGE('',*,*,#4898,.F.);
#7462=ORIENTED_EDGE('',*,*,#4901,.F.);
#7463=ORIENTED_EDGE('',*,*,#5177,.F.);
#7464=ORIENTED_EDGE('',*,*,#5178,.F.);
#7465=ORIENTED_EDGE('',*,*,#4893,.F.);
#7466=ORIENTED_EDGE('',*,*,#4896,.F.);
#7467=ORIENTED_EDGE('',*,*,#4991,.F.);
#7468=ORIENTED_EDGE('',*,*,#4943,.T.);
#7469=ORIENTED_EDGE('',*,*,#4948,.T.);
#7470=ORIENTED_EDGE('',*,*,#5022,.F.);
#7471=ORIENTED_EDGE('',*,*,#5003,.F.);
#7472=ORIENTED_EDGE('',*,*,#4922,.T.);
#7473=ORIENTED_EDGE('',*,*,#4927,.T.);
#7474=ORIENTED_EDGE('',*,*,#5180,.F.);
#7475=ORIENTED_EDGE('',*,*,#4995,.F.);
#7476=ORIENTED_EDGE('',*,*,#4964,.T.);
#7477=ORIENTED_EDGE('',*,*,#4969,.T.);
#7478=ORIENTED_EDGE('',*,*,#5181,.F.);
#7479=ORIENTED_EDGE('',*,*,#5025,.F.);
#7480=ORIENTED_EDGE('',*,*,#5030,.F.);
#7481=ORIENTED_EDGE('',*,*,#4961,.T.);
#7482=ORIENTED_EDGE('',*,*,#4998,.T.);
#7483=ORIENTED_EDGE('',*,*,#4996,.F.);
#7484=ORIENTED_EDGE('',*,*,#5181,.T.);
#7485=ORIENTED_EDGE('',*,*,#4968,.T.);
#7486=ORIENTED_EDGE('',*,*,#5182,.F.);
#7487=ORIENTED_EDGE('',*,*,#5057,.F.);
#7488=ORIENTED_EDGE('',*,*,#5054,.F.);
#7489=ORIENTED_EDGE('',*,*,#4982,.T.);
#7490=ORIENTED_EDGE('',*,*,#5002,.T.);
#7491=ORIENTED_EDGE('',*,*,#5000,.F.);
#7492=ORIENTED_EDGE('',*,*,#5183,.T.);
#7493=ORIENTED_EDGE('',*,*,#4989,.T.);
#7494=ORIENTED_EDGE('',*,*,#5029,.F.);
#7495=ORIENTED_EDGE('',*,*,#5051,.F.);
#7496=ORIENTED_EDGE('',*,*,#5018,.F.);
#7497=ORIENTED_EDGE('',*,*,#4919,.T.);
#7498=ORIENTED_EDGE('',*,*,#5006,.T.);
#7499=ORIENTED_EDGE('',*,*,#5004,.F.);
#7500=ORIENTED_EDGE('',*,*,#5180,.T.);
#7501=ORIENTED_EDGE('',*,*,#4926,.T.);
#7502=ORIENTED_EDGE('',*,*,#5053,.F.);
#7503=ORIENTED_EDGE('',*,*,#4999,.F.);
#7504=ORIENTED_EDGE('',*,*,#4985,.T.);
#7505=ORIENTED_EDGE('',*,*,#4990,.T.);
#7506=ORIENTED_EDGE('',*,*,#5183,.F.);
#7507=ORIENTED_EDGE('',*,*,#5061,.F.);
#7508=ORIENTED_EDGE('',*,*,#5087,.F.);
#7509=ORIENTED_EDGE('',*,*,#5072,.F.);
#7510=ORIENTED_EDGE('',*,*,#5088,.F.);
#7511=ORIENTED_EDGE('',*,*,#5080,.F.);
#7512=ORIENTED_EDGE('',*,*,#4794,.F.);
#7513=ORIENTED_EDGE('',*,*,#5067,.F.);
#7514=ORIENTED_EDGE('',*,*,#5184,.F.);
#7515=ORIENTED_EDGE('',*,*,#5158,.F.);
#7516=ORIENTED_EDGE('',*,*,#5160,.F.);
#7517=ORIENTED_EDGE('',*,*,#5162,.F.);
#7518=ORIENTED_EDGE('',*,*,#5164,.F.);
#7519=ORIENTED_EDGE('',*,*,#5166,.F.);
#7520=ORIENTED_EDGE('',*,*,#5167,.F.);
#7521=ORIENTED_EDGE('',*,*,#5112,.F.);
#7522=ORIENTED_EDGE('',*,*,#5114,.F.);
#7523=ORIENTED_EDGE('',*,*,#5104,.F.);
#7524=ORIENTED_EDGE('',*,*,#5106,.F.);
#7525=ORIENTED_EDGE('',*,*,#5099,.F.);
#7526=ORIENTED_EDGE('',*,*,#5102,.F.);
#7527=ORIENTED_EDGE('',*,*,#5108,.F.);
#7528=ORIENTED_EDGE('',*,*,#5110,.F.);
#7529=ORIENTED_EDGE('',*,*,#4842,.F.);
#7530=ORIENTED_EDGE('',*,*,#4841,.F.);
#7531=ORIENTED_EDGE('',*,*,#4840,.F.);
#7532=ORIENTED_EDGE('',*,*,#4839,.F.);
#7533=ORIENTED_EDGE('',*,*,#4838,.F.);
#7534=ORIENTED_EDGE('',*,*,#4837,.F.);
#7535=ORIENTED_EDGE('',*,*,#4836,.F.);
#7536=ORIENTED_EDGE('',*,*,#4835,.F.);
#7537=ORIENTED_EDGE('',*,*,#4834,.F.);
#7538=ORIENTED_EDGE('',*,*,#4833,.F.);
#7539=ORIENTED_EDGE('',*,*,#5014,.F.);
#7540=ORIENTED_EDGE('',*,*,#5050,.T.);
#7541=ORIENTED_EDGE('',*,*,#5026,.F.);
#7542=ORIENTED_EDGE('',*,*,#5182,.T.);
#7543=ORIENTED_EDGE('',*,*,#4967,.T.);
#7544=ORIENTED_EDGE('',*,*,#4957,.F.);
#7545=ORIENTED_EDGE('',*,*,#4867,.T.);
#7546=ORIENTED_EDGE('',*,*,#4934,.F.);
#7547=ORIENTED_EDGE('',*,*,#4941,.T.);
#7548=ORIENTED_EDGE('',*,*,#5021,.T.);
#7549=ORIENTED_EDGE('',*,*,#5062,.F.);
#7550=ORIENTED_EDGE('',*,*,#5184,.T.);
#7551=ORIENTED_EDGE('',*,*,#5068,.F.);
#7552=ORIENTED_EDGE('',*,*,#5086,.F.);
#7553=PLANE('',#8278);
#7554=PLANE('',#8279);
#7555=PLANE('',#8280);
#7556=PLANE('',#8281);
#7557=PLANE('',#8282);
#7558=PLANE('',#8283);
#7559=PLANE('',#8284);
#7560=PLANE('',#8285);
#7561=PLANE('',#8286);
#7562=PLANE('',#8287);
#7563=PLANE('',#8288);
#7564=PLANE('',#8289);
#7565=PLANE('',#8290);
#7566=PLANE('',#8291);
#7567=PLANE('',#8292);
#7568=PLANE('',#8293);
#7569=PLANE('',#8294);
#7570=PLANE('',#8295);
#7571=PLANE('',#8296);
#7572=PLANE('',#8297);
#7573=PLANE('',#8298);
#7574=PLANE('',#8299);
#7575=PLANE('',#8300);
#7576=PLANE('',#8301);
#7577=PLANE('',#8302);
#7578=PLANE('',#8303);
#7579=PLANE('',#8304);
#7580=PLANE('',#8305);
#7581=PLANE('',#8306);
#7582=PLANE('',#8307);
#7583=PLANE('',#8308);
#7584=PLANE('',#8309);
#7585=PLANE('',#8310);
#7586=PLANE('',#8311);
#7587=PLANE('',#8312);
#7588=PLANE('',#8313);
#7589=PLANE('',#8314);
#7590=PLANE('',#8315);
#7591=PLANE('',#8316);
#7592=PLANE('',#8317);
#7593=PLANE('',#8318);
#7594=PLANE('',#8319);
#7595=PLANE('',#8320);
#7596=PLANE('',#8321);
#7597=PLANE('',#8322);
#7598=PLANE('',#8323);
#7599=PLANE('',#8324);
#7600=PLANE('',#8325);
#7601=PLANE('',#8326);
#7602=PLANE('',#8327);
#7603=PLANE('',#8328);
#7604=PLANE('',#8329);
#7605=PLANE('',#8330);
#7606=PLANE('',#8331);
#7607=PLANE('',#8332);
#7608=PLANE('',#8333);
#7609=PLANE('',#8334);
#7610=PLANE('',#8335);
#7611=PLANE('',#8336);
#7612=PLANE('',#8337);
#7613=PLANE('',#8338);
#7614=PLANE('',#8339);
#7615=PLANE('',#8340);
#7616=PLANE('',#8341);
#7617=PLANE('',#8342);
#7618=PLANE('',#8343);
#7619=PLANE('',#8344);
#7620=PLANE('',#8345);
#7621=PLANE('',#8346);
#7622=PLANE('',#8347);
#7623=PLANE('',#8348);
#7624=PLANE('',#8349);
#7625=PLANE('',#8350);
#7626=PLANE('',#8351);
#7627=PLANE('',#8352);
#7628=PLANE('',#8353);
#7629=PLANE('',#8354);
#7630=PLANE('',#8355);
#7631=PLANE('',#8356);
#7632=PLANE('',#8357);
#7633=PLANE('',#8358);
#7634=PLANE('',#8359);
#7635=PLANE('',#8360);
#7636=PLANE('',#8361);
#7637=PLANE('',#8362);
#7638=PLANE('',#8363);
#7639=PLANE('',#8364);
#7640=PLANE('',#8365);
#7641=PLANE('',#8366);
#7642=PLANE('',#8367);
#7643=PLANE('',#8368);
#7644=PLANE('',#8369);
#7645=PLANE('',#8370);
#7646=PLANE('',#8371);
#7647=PLANE('',#8372);
#7648=PLANE('',#8373);
#7649=PLANE('',#8374);
#7650=PLANE('',#8375);
#7651=PLANE('',#8376);
#7652=PLANE('',#8377);
#7653=PLANE('',#8378);
#7654=PLANE('',#8379);
#7655=PLANE('',#8380);
#7656=PLANE('',#8381);
#7657=PLANE('',#8382);
#7658=PLANE('',#8383);
#7659=PLANE('',#8384);
#7660=PLANE('',#8385);
#7661=PLANE('',#8386);
#7662=PLANE('',#8387);
#7663=PLANE('',#8388);
#7664=PLANE('',#8389);
#7665=PLANE('',#8390);
#7666=PLANE('',#8391);
#7667=PLANE('',#8392);
#7668=PLANE('',#8393);
#7669=PLANE('',#8394);
#7670=PLANE('',#8395);
#7671=PLANE('',#8396);
#7672=PLANE('',#8397);
#7673=PLANE('',#8398);
#7674=PLANE('',#8399);
#7675=PLANE('',#8400);
#7676=PLANE('',#8401);
#7677=PLANE('',#8402);
#7678=PLANE('',#8403);
#7679=PLANE('',#8404);
#7680=PLANE('',#8405);
#7681=PLANE('',#8406);
#7682=PLANE('',#8407);
#7683=PLANE('',#8408);
#7684=PLANE('',#8409);
#7685=PLANE('',#8410);
#7686=PLANE('',#8411);
#7687=PLANE('',#8412);
#7688=PLANE('',#8413);
#7689=PLANE('',#8414);
#7690=PLANE('',#8415);
#7691=PLANE('',#8416);
#7692=PLANE('',#8417);
#7693=PLANE('',#8418);
#7694=PLANE('',#8419);
#7695=PLANE('',#8420);
#7696=PLANE('',#8421);
#7697=PLANE('',#8422);
#7698=PLANE('',#8423);
#7699=PLANE('',#8424);
#7700=PLANE('',#8425);
#7701=PLANE('',#8426);
#7702=PLANE('',#8427);
#7703=PLANE('',#8428);
#7704=PLANE('',#8429);
#7705=PLANE('',#8430);
#7706=PLANE('',#8431);
#7707=PLANE('',#8432);
#7708=PLANE('',#8433);
#7709=PLANE('',#8434);
#7710=PLANE('',#8435);
#7711=PLANE('',#8436);
#7712=PLANE('',#8437);
#7713=PLANE('',#8438);
#7714=PLANE('',#8439);
#7715=PLANE('',#8440);
#7716=PLANE('',#8441);
#7717=PLANE('',#8442);
#7718=PLANE('',#8443);
#7719=PLANE('',#8444);
#7720=PLANE('',#8445);
#7721=PLANE('',#8446);
#7722=PLANE('',#8447);
#7723=PLANE('',#8448);
#7724=PLANE('',#8449);
#7725=PLANE('',#8450);
#7726=PLANE('',#8451);
#7727=PLANE('',#8452);
#7728=PLANE('',#8453);
#7729=PLANE('',#8454);
#7730=PLANE('',#8455);
#7731=PLANE('',#8456);
#7732=PLANE('',#8457);
#7733=PLANE('',#8458);
#7734=PLANE('',#8459);
#7735=PLANE('',#8460);
#7736=PLANE('',#8461);
#7737=PLANE('',#8462);
#7738=PLANE('',#8463);
#7739=PLANE('',#8464);
#7740=PLANE('',#8465);
#7741=PLANE('',#8466);
#7742=PLANE('',#8467);
#7743=PLANE('',#8468);
#7744=PLANE('',#8469);
#7745=PLANE('',#8470);
#7746=PLANE('',#8471);
#7747=PLANE('',#8472);
#7748=PLANE('',#8473);
#7749=PLANE('',#8474);
#7750=PLANE('',#8475);
#7751=PLANE('',#8476);
#7752=PLANE('',#8477);
#7753=PLANE('',#8478);
#7754=PLANE('',#8479);
#7755=PLANE('',#8480);
#7756=PLANE('',#8481);
#7757=PLANE('',#8485);
#7758=PLANE('',#8486);
#7759=PLANE('',#8500);
#7760=PLANE('',#8503);
#7761=PLANE('',#8506);
#7762=PLANE('',#8517);
#7763=PLANE('',#8518);
#7764=PLANE('',#8520);
#7765=PLANE('',#8531);
#7766=PLANE('',#8532);
#7767=PLANE('',#8534);
#7768=PLANE('',#8545);
#7769=PLANE('',#8546);
#7770=PLANE('',#8548);
#7771=PLANE('',#8559);
#7772=PLANE('',#8560);
#7773=PLANE('',#8562);
#7774=PLANE('',#8565);
#7775=PLANE('',#8568);
#7776=PLANE('',#8571);
#7777=PLANE('',#8574);
#7778=PLANE('',#8582);
#7779=PLANE('',#8586);
#7780=PLANE('',#8587);
#7781=PLANE('',#8591);
#7782=PLANE('',#8592);
#7783=PLANE('',#8604);
#7784=PLANE('',#8635);
#7785=PLANE('',#8636);
#7786=PLANE('',#8637);
#7787=PLANE('',#8649);
#7788=PLANE('',#8652);
#7789=PLANE('',#8655);
#7790=PLANE('',#8658);
#7791=PLANE('',#8685);
#7792=PLANE('',#8690);
#7793=PLANE('',#8694);
#7794=PLANE('',#8695);
#7795=PLANE('',#8697);
#7796=PLANE('',#8700);
#7797=PLANE('',#8703);
#7798=PLANE('',#8706);
#7799=PLANE('',#8707);
#7800=PLANE('',#8710);
#7801=PLANE('',#8713);
#7802=PLANE('',#8716);
#7803=PLANE('',#8719);
#7804=PLANE('',#8720);
#7805=PLANE('',#8721);
#7806=PLANE('',#8722);
#7807=PLANE('',#8723);
#7808=PLANE('',#8724);
#7809=PLANE('',#8725);
#7810=PLANE('',#8726);
#7811=PLANE('',#8727);
#7812=PLANE('',#8728);
#7813=PLANE('',#8729);
#7814=PLANE('',#8730);
#7815=ADVANCED_FACE('',(#607),#7553,.T.);
#7816=ADVANCED_FACE('',(#608),#7554,.F.);
#7817=ADVANCED_FACE('',(#609),#7555,.F.);
#7818=ADVANCED_FACE('',(#610),#7556,.F.);
#7819=ADVANCED_FACE('',(#611),#7557,.F.);
#7820=ADVANCED_FACE('',(#612),#7558,.F.);
#7821=ADVANCED_FACE('',(#613),#7559,.F.);
#7822=ADVANCED_FACE('',(#614),#7560,.F.);
#7823=ADVANCED_FACE('',(#615),#7561,.F.);
#7824=ADVANCED_FACE('',(#616),#7562,.F.);
#7825=ADVANCED_FACE('',(#617),#7563,.F.);
#7826=ADVANCED_FACE('',(#618),#7564,.F.);
#7827=ADVANCED_FACE('',(#619),#7565,.F.);
#7828=ADVANCED_FACE('',(#620),#7566,.F.);
#7829=ADVANCED_FACE('',(#621,#312),#7567,.T.);
#7830=ADVANCED_FACE('',(#622),#207,.T.);
#7831=ADVANCED_FACE('',(#623),#208,.F.);
#7832=ADVANCED_FACE('',(#624),#7568,.F.);
#7833=ADVANCED_FACE('',(#625),#7569,.F.);
#7834=ADVANCED_FACE('',(#626),#7570,.F.);
#7835=ADVANCED_FACE('',(#627),#209,.F.);
#7836=ADVANCED_FACE('',(#628),#7571,.F.);
#7837=ADVANCED_FACE('',(#629),#7572,.F.);
#7838=ADVANCED_FACE('',(#630),#210,.F.);
#7839=ADVANCED_FACE('',(#631),#7573,.F.);
#7840=ADVANCED_FACE('',(#632),#7574,.F.);
#7841=ADVANCED_FACE('',(#633),#7575,.F.);
#7842=ADVANCED_FACE('',(#634),#7576,.F.);
#7843=ADVANCED_FACE('',(#635),#7577,.F.);
#7844=ADVANCED_FACE('',(#636),#7578,.F.);
#7845=ADVANCED_FACE('',(#637),#7579,.F.);
#7846=ADVANCED_FACE('',(#638),#7580,.F.);
#7847=ADVANCED_FACE('',(#639),#7581,.T.);
#7848=ADVANCED_FACE('',(#640,#313),#7582,.T.);
#7849=ADVANCED_FACE('',(#641),#211,.F.);
#7850=ADVANCED_FACE('',(#642),#212,.F.);
#7851=ADVANCED_FACE('',(#643),#213,.F.);
#7852=ADVANCED_FACE('',(#644),#214,.F.);
#7853=ADVANCED_FACE('',(#645),#215,.F.);
#7854=ADVANCED_FACE('',(#646),#216,.F.);
#7855=ADVANCED_FACE('',(#647),#217,.F.);
#7856=ADVANCED_FACE('',(#648),#218,.F.);
#7857=ADVANCED_FACE('',(#649),#219,.F.);
#7858=ADVANCED_FACE('',(#650),#220,.F.);
#7859=ADVANCED_FACE('',(#651),#221,.F.);
#7860=ADVANCED_FACE('',(#652),#222,.F.);
#7861=ADVANCED_FACE('',(#653),#223,.F.);
#7862=ADVANCED_FACE('',(#654),#224,.F.);
#7863=ADVANCED_FACE('',(#655),#225,.F.);
#7864=ADVANCED_FACE('',(#656),#226,.F.);
#7865=ADVANCED_FACE('',(#657),#7583,.F.);
#7866=ADVANCED_FACE('',(#658),#7584,.F.);
#7867=ADVANCED_FACE('',(#659),#7585,.F.);
#7868=ADVANCED_FACE('',(#660),#7586,.F.);
#7869=ADVANCED_FACE('',(#661),#7587,.F.);
#7870=ADVANCED_FACE('',(#662),#227,.F.);
#7871=ADVANCED_FACE('',(#663),#7588,.F.);
#7872=ADVANCED_FACE('',(#664),#7589,.F.);
#7873=ADVANCED_FACE('',(#665),#7590,.F.);
#7874=ADVANCED_FACE('',(#666),#228,.F.);
#7875=ADVANCED_FACE('',(#667),#7591,.F.);
#7876=ADVANCED_FACE('',(#668),#7592,.F.);
#7877=ADVANCED_FACE('',(#669),#7593,.F.);
#7878=ADVANCED_FACE('',(#670),#229,.F.);
#7879=ADVANCED_FACE('',(#671),#230,.F.);
#7880=ADVANCED_FACE('',(#672),#7594,.F.);
#7881=ADVANCED_FACE('',(#673),#7595,.T.);
#7882=ADVANCED_FACE('',(#674),#7596,.T.);
#7883=ADVANCED_FACE('',(#675),#7597,.F.);
#7884=ADVANCED_FACE('',(#676),#7598,.F.);
#7885=ADVANCED_FACE('',(#677),#7599,.F.);
#7886=ADVANCED_FACE('',(#678),#7600,.F.);
#7887=ADVANCED_FACE('',(#679),#7601,.F.);
#7888=ADVANCED_FACE('',(#680),#231,.F.);
#7889=ADVANCED_FACE('',(#681),#232,.F.);
#7890=ADVANCED_FACE('',(#682),#7602,.F.);
#7891=ADVANCED_FACE('',(#683),#233,.F.);
#7892=ADVANCED_FACE('',(#684),#7603,.F.);
#7893=ADVANCED_FACE('',(#685),#234,.F.);
#7894=ADVANCED_FACE('',(#686),#7604,.F.);
#7895=ADVANCED_FACE('',(#687),#235,.F.);
#7896=ADVANCED_FACE('',(#688),#7605,.T.);
#7897=ADVANCED_FACE('',(#689),#7606,.T.);
#7898=ADVANCED_FACE('',(#690),#7607,.F.);
#7899=ADVANCED_FACE('',(#691),#7608,.F.);
#7900=ADVANCED_FACE('',(#692),#7609,.F.);
#7901=ADVANCED_FACE('',(#693),#7610,.F.);
#7902=ADVANCED_FACE('',(#694),#236,.F.);
#7903=ADVANCED_FACE('',(#695),#237,.T.);
#7904=ADVANCED_FACE('',(#696,#314),#7611,.T.);
#7905=ADVANCED_FACE('',(#697,#315),#7612,.T.);
#7906=ADVANCED_FACE('',(#698),#238,.T.);
#7907=ADVANCED_FACE('',(#699),#7613,.T.);
#7908=ADVANCED_FACE('',(#700),#7614,.F.);
#7909=ADVANCED_FACE('',(#701),#239,.F.);
#7910=ADVANCED_FACE('',(#702),#7615,.F.);
#7911=ADVANCED_FACE('',(#703),#240,.F.);
#7912=ADVANCED_FACE('',(#704),#7616,.F.);
#7913=ADVANCED_FACE('',(#705),#241,.T.);
#7914=ADVANCED_FACE('',(#706),#242,.F.);
#7915=ADVANCED_FACE('',(#707),#7617,.F.);
#7916=ADVANCED_FACE('',(#708),#243,.F.);
#7917=ADVANCED_FACE('',(#709),#244,.F.);
#7918=ADVANCED_FACE('',(#710),#7618,.F.);
#7919=ADVANCED_FACE('',(#711),#7619,.F.);
#7920=ADVANCED_FACE('',(#712),#245,.F.);
#7921=ADVANCED_FACE('',(#713),#7620,.F.);
#7922=ADVANCED_FACE('',(#714),#246,.F.);
#7923=ADVANCED_FACE('',(#715),#7621,.F.);
#7924=ADVANCED_FACE('',(#716),#7622,.F.);
#7925=ADVANCED_FACE('',(#717),#7623,.F.);
#7926=ADVANCED_FACE('',(#718),#7624,.F.);
#7927=ADVANCED_FACE('',(#719),#247,.F.);
#7928=ADVANCED_FACE('',(#720),#7625,.F.);
#7929=ADVANCED_FACE('',(#721),#248,.T.);
#7930=ADVANCED_FACE('',(#722,#316),#7626,.T.);
#7931=ADVANCED_FACE('',(#723),#7627,.T.);
#7932=ADVANCED_FACE('',(#724),#7628,.F.);
#7933=ADVANCED_FACE('',(#725),#249,.F.);
#7934=ADVANCED_FACE('',(#726),#7629,.F.);
#7935=ADVANCED_FACE('',(#727),#250,.F.);
#7936=ADVANCED_FACE('',(#728),#251,.F.);
#7937=ADVANCED_FACE('',(#729),#252,.T.);
#7938=ADVANCED_FACE('',(#730,#317),#7630,.T.);
#7939=ADVANCED_FACE('',(#731,#318),#7631,.T.);
#7940=ADVANCED_FACE('',(#732),#253,.T.);
#7941=ADVANCED_FACE('',(#733),#7632,.F.);
#7942=ADVANCED_FACE('',(#734),#254,.F.);
#7943=ADVANCED_FACE('',(#735),#7633,.F.);
#7944=ADVANCED_FACE('',(#736),#7634,.F.);
#7945=ADVANCED_FACE('',(#737),#7635,.F.);
#7946=ADVANCED_FACE('',(#738),#7636,.F.);
#7947=ADVANCED_FACE('',(#739),#7637,.F.);
#7948=ADVANCED_FACE('',(#740),#7638,.F.);
#7949=ADVANCED_FACE('',(#741),#7639,.F.);
#7950=ADVANCED_FACE('',(#742),#7640,.F.);
#7951=ADVANCED_FACE('',(#743),#7641,.F.);
#7952=ADVANCED_FACE('',(#744),#7642,.F.);
#7953=ADVANCED_FACE('',(#745),#7643,.F.);
#7954=ADVANCED_FACE('',(#746),#7644,.T.);
#7955=ADVANCED_FACE('',(#747),#255,.T.);
#7956=ADVANCED_FACE('',(#748),#7645,.F.);
#7957=ADVANCED_FACE('',(#749),#7646,.F.);
#7958=ADVANCED_FACE('',(#750),#256,.F.);
#7959=ADVANCED_FACE('',(#751),#257,.F.);
#7960=ADVANCED_FACE('',(#752),#7647,.F.);
#7961=ADVANCED_FACE('',(#753),#7648,.T.);
#7962=ADVANCED_FACE('',(#754),#7649,.T.);
#7963=ADVANCED_FACE('',(#755,#319),#7650,.T.);
#7964=ADVANCED_FACE('',(#756),#7651,.T.);
#7965=ADVANCED_FACE('',(#757),#7652,.F.);
#7966=ADVANCED_FACE('',(#758),#7653,.F.);
#7967=ADVANCED_FACE('',(#759),#7654,.F.);
#7968=ADVANCED_FACE('',(#760),#7655,.F.);
#7969=ADVANCED_FACE('',(#761),#7656,.F.);
#7970=ADVANCED_FACE('',(#762),#7657,.F.);
#7971=ADVANCED_FACE('',(#763),#7658,.F.);
#7972=ADVANCED_FACE('',(#764),#7659,.F.);
#7973=ADVANCED_FACE('',(#765),#7660,.F.);
#7974=ADVANCED_FACE('',(#766),#7661,.F.);
#7975=ADVANCED_FACE('',(#767),#258,.F.);
#7976=ADVANCED_FACE('',(#768),#259,.F.);
#7977=ADVANCED_FACE('',(#769),#7662,.F.);
#7978=ADVANCED_FACE('',(#770),#7663,.F.);
#7979=ADVANCED_FACE('',(#771),#7664,.F.);
#7980=ADVANCED_FACE('',(#772),#260,.T.);
#7981=ADVANCED_FACE('',(#773),#261,.T.);
#7982=ADVANCED_FACE('',(#774),#7665,.T.);
#7983=ADVANCED_FACE('',(#775),#262,.T.);
#7984=ADVANCED_FACE('',(#776),#263,.T.);
#7985=ADVANCED_FACE('',(#777),#7666,.T.);
#7986=ADVANCED_FACE('',(#778),#264,.F.);
#7987=ADVANCED_FACE('',(#779),#265,.F.);
#7988=ADVANCED_FACE('',(#780),#266,.F.);
#7989=ADVANCED_FACE('',(#781),#7667,.F.);
#7990=ADVANCED_FACE('',(#782),#267,.F.);
#7991=ADVANCED_FACE('',(#783),#268,.T.);
#7992=ADVANCED_FACE('',(#784),#269,.T.);
#7993=ADVANCED_FACE('',(#785),#7668,.T.);
#7994=ADVANCED_FACE('',(#786),#7669,.T.);
#7995=ADVANCED_FACE('',(#787),#270,.T.);
#7996=ADVANCED_FACE('',(#788),#271,.T.);
#7997=ADVANCED_FACE('',(#789),#7670,.T.);
#7998=ADVANCED_FACE('',(#790),#7671,.T.);
#7999=ADVANCED_FACE('',(#791,#320,#321),#7672,.T.);
#8000=ADVANCED_FACE('',(#792),#7673,.T.);
#8001=ADVANCED_FACE('',(#793),#7674,.F.);
#8002=ADVANCED_FACE('',(#794),#7675,.F.);
#8003=ADVANCED_FACE('',(#795),#7676,.F.);
#8004=ADVANCED_FACE('',(#796),#7677,.F.);
#8005=ADVANCED_FACE('',(#797),#7678,.F.);
#8006=ADVANCED_FACE('',(#798),#7679,.F.);
#8007=ADVANCED_FACE('',(#799),#7680,.F.);
#8008=ADVANCED_FACE('',(#800),#7681,.F.);
#8009=ADVANCED_FACE('',(#801),#7682,.F.);
#8010=ADVANCED_FACE('',(#802),#7683,.F.);
#8011=ADVANCED_FACE('',(#803),#7684,.F.);
#8012=ADVANCED_FACE('',(#804),#7685,.F.);
#8013=ADVANCED_FACE('',(#805),#7686,.F.);
#8014=ADVANCED_FACE('',(#806),#7687,.F.);
#8015=ADVANCED_FACE('',(#807),#7688,.F.);
#8016=ADVANCED_FACE('',(#808),#7689,.F.);
#8017=ADVANCED_FACE('',(#809),#7690,.F.);
#8018=ADVANCED_FACE('',(#810),#7691,.F.);
#8019=ADVANCED_FACE('',(#811),#7692,.F.);
#8020=ADVANCED_FACE('',(#812),#7693,.T.);
#8021=ADVANCED_FACE('',(#813),#7694,.T.);
#8022=ADVANCED_FACE('',(#814),#7695,.F.);
#8023=ADVANCED_FACE('',(#815),#7696,.F.);
#8024=ADVANCED_FACE('',(#816),#7697,.F.);
#8025=ADVANCED_FACE('',(#817),#7698,.F.);
#8026=ADVANCED_FACE('',(#818),#7699,.F.);
#8027=ADVANCED_FACE('',(#819),#7700,.F.);
#8028=ADVANCED_FACE('',(#820),#7701,.F.);
#8029=ADVANCED_FACE('',(#821),#272,.T.);
#8030=ADVANCED_FACE('',(#822),#273,.T.);
#8031=ADVANCED_FACE('',(#823),#7702,.T.);
#8032=ADVANCED_FACE('',(#824),#274,.F.);
#8033=ADVANCED_FACE('',(#825),#275,.F.);
#8034=ADVANCED_FACE('',(#826),#276,.F.);
#8035=ADVANCED_FACE('',(#827),#277,.F.);
#8036=ADVANCED_FACE('',(#828),#278,.T.);
#8037=ADVANCED_FACE('',(#829),#279,.T.);
#8038=ADVANCED_FACE('',(#830),#7703,.T.);
#8039=ADVANCED_FACE('',(#831),#7704,.T.);
#8040=ADVANCED_FACE('',(#832,#322),#7705,.T.);
#8041=ADVANCED_FACE('',(#833,#323),#7706,.T.);
#8042=ADVANCED_FACE('',(#834),#280,.T.);
#8043=ADVANCED_FACE('',(#835),#281,.T.);
#8044=ADVANCED_FACE('',(#836),#282,.T.);
#8045=ADVANCED_FACE('',(#837),#283,.T.);
#8046=ADVANCED_FACE('',(#838),#284,.F.);
#8047=ADVANCED_FACE('',(#839),#285,.F.);
#8048=ADVANCED_FACE('',(#840),#286,.F.);
#8049=ADVANCED_FACE('',(#841),#287,.F.);
#8050=ADVANCED_FACE('',(#842),#288,.F.);
#8051=ADVANCED_FACE('',(#843),#289,.F.);
#8052=ADVANCED_FACE('',(#844),#290,.F.);
#8053=ADVANCED_FACE('',(#845),#291,.T.);
#8054=ADVANCED_FACE('',(#846),#292,.T.);
#8055=ADVANCED_FACE('',(#847),#293,.T.);
#8056=ADVANCED_FACE('',(#848),#294,.F.);
#8057=ADVANCED_FACE('',(#849),#295,.F.);
#8058=ADVANCED_FACE('',(#850),#296,.F.);
#8059=ADVANCED_FACE('',(#851),#297,.F.);
#8060=ADVANCED_FACE('',(#852),#298,.F.);
#8061=ADVANCED_FACE('',(#853),#7707,.F.);
#8062=ADVANCED_FACE('',(#854),#7708,.F.);
#8063=ADVANCED_FACE('',(#855),#7709,.F.);
#8064=ADVANCED_FACE('',(#856),#7710,.F.);
#8065=ADVANCED_FACE('',(#857),#7711,.F.);
#8066=ADVANCED_FACE('',(#858),#7712,.F.);
#8067=ADVANCED_FACE('',(#859),#7713,.T.);
#8068=ADVANCED_FACE('',(#860),#7714,.T.);
#8069=ADVANCED_FACE('',(#861),#7715,.F.);
#8070=ADVANCED_FACE('',(#862),#7716,.F.);
#8071=ADVANCED_FACE('',(#863),#7717,.F.);
#8072=ADVANCED_FACE('',(#864),#7718,.F.);
#8073=ADVANCED_FACE('',(#865),#7719,.F.);
#8074=ADVANCED_FACE('',(#866),#299,.F.);
#8075=ADVANCED_FACE('',(#867),#300,.F.);
#8076=ADVANCED_FACE('',(#868),#301,.F.);
#8077=ADVANCED_FACE('',(#869),#302,.F.);
#8078=ADVANCED_FACE('',(#870),#303,.F.);
#8079=ADVANCED_FACE('',(#871),#304,.F.);
#8080=ADVANCED_FACE('',(#872),#7720,.F.);
#8081=ADVANCED_FACE('',(#873),#7721,.F.);
#8082=ADVANCED_FACE('',(#874),#305,.F.);
#8083=ADVANCED_FACE('',(#875),#306,.F.);
#8084=ADVANCED_FACE('',(#876),#307,.F.);
#8085=ADVANCED_FACE('',(#877),#308,.F.);
#8086=ADVANCED_FACE('',(#878),#309,.F.);
#8087=ADVANCED_FACE('',(#879),#310,.F.);
#8088=ADVANCED_FACE('',(#880),#311,.F.);
#8089=ADVANCED_FACE('',(#881),#7722,.F.);
#8090=ADVANCED_FACE('',(#882),#7723,.F.);
#8091=ADVANCED_FACE('',(#883),#7724,.F.);
#8092=ADVANCED_FACE('',(#884),#7725,.F.);
#8093=ADVANCED_FACE('',(#885),#7726,.F.);
#8094=ADVANCED_FACE('',(#886),#7727,.T.);
#8095=ADVANCED_FACE('',(#887),#7728,.F.);
#8096=ADVANCED_FACE('',(#888),#7729,.F.);
#8097=ADVANCED_FACE('',(#889),#7730,.F.);
#8098=ADVANCED_FACE('',(#890),#7731,.F.);
#8099=ADVANCED_FACE('',(#891),#7732,.F.);
#8100=ADVANCED_FACE('',(#892),#7733,.F.);
#8101=ADVANCED_FACE('',(#893),#7734,.T.);
#8102=ADVANCED_FACE('',(#894),#7735,.T.);
#8103=ADVANCED_FACE('',(#895,#324),#7736,.T.);
#8104=ADVANCED_FACE('',(#896),#7737,.T.);
#8105=ADVANCED_FACE('',(#897,#325,#326,#327,#328,#329,#330,#331,#332,#333,
#334,#335,#336,#337,#338,#339,#340,#341,#342,#343,#344,#345,#346,#347,#348,
#349,#350,#351,#352,#353),#7738,.T.);
#8106=ADVANCED_FACE('',(#898),#7739,.T.);
#8107=ADVANCED_FACE('',(#899),#7740,.T.);
#8108=ADVANCED_FACE('',(#900),#7741,.T.);
#8109=ADVANCED_FACE('',(#901),#7742,.T.);
#8110=ADVANCED_FACE('',(#902),#7743,.T.);
#8111=ADVANCED_FACE('',(#903),#7744,.T.);
#8112=ADVANCED_FACE('',(#904),#7745,.T.);
#8113=ADVANCED_FACE('',(#905),#7746,.T.);
#8114=ADVANCED_FACE('',(#906),#7747,.T.);
#8115=ADVANCED_FACE('',(#907),#7748,.T.);
#8116=ADVANCED_FACE('',(#908),#7749,.T.);
#8117=ADVANCED_FACE('',(#909,#354),#7750,.T.);
#8118=ADVANCED_FACE('',(#910),#7751,.T.);
#8119=ADVANCED_FACE('',(#911,#355),#7752,.T.);
#8120=ADVANCED_FACE('',(#912),#7753,.T.);
#8121=ADVANCED_FACE('',(#913),#7754,.T.);
#8122=ADVANCED_FACE('',(#914,#356),#7755,.T.);
#8123=ADVANCED_FACE('',(#915),#7756,.T.);
#8124=ADVANCED_FACE('',(#916),#153,.T.);
#8125=ADVANCED_FACE('',(#917),#7757,.F.);
#8126=ADVANCED_FACE('',(#918,#357),#7758,.F.);
#8127=ADVANCED_FACE('',(#919),#154,.T.);
#8128=ADVANCED_FACE('',(#920),#7759,.F.);
#8129=ADVANCED_FACE('',(#921),#155,.T.);
#8130=ADVANCED_FACE('',(#922),#7760,.F.);
#8131=ADVANCED_FACE('',(#923),#156,.T.);
#8132=ADVANCED_FACE('',(#924),#7761,.F.);
#8133=ADVANCED_FACE('',(#925),#29,.F.);
#8134=ADVANCED_FACE('',(#926),#157,.T.);
#8135=ADVANCED_FACE('',(#927),#158,.F.);
#8136=ADVANCED_FACE('',(#928),#159,.F.);
#8137=ADVANCED_FACE('',(#929),#7762,.F.);
#8138=ADVANCED_FACE('',(#930),#7763,.F.);
#8139=ADVANCED_FACE('',(#931),#7764,.F.);
#8140=ADVANCED_FACE('',(#932),#30,.F.);
#8141=ADVANCED_FACE('',(#933),#160,.T.);
#8142=ADVANCED_FACE('',(#934),#161,.F.);
#8143=ADVANCED_FACE('',(#935),#162,.F.);
#8144=ADVANCED_FACE('',(#936),#7765,.F.);
#8145=ADVANCED_FACE('',(#937),#7766,.F.);
#8146=ADVANCED_FACE('',(#938),#7767,.F.);
#8147=ADVANCED_FACE('',(#939),#31,.F.);
#8148=ADVANCED_FACE('',(#940),#163,.T.);
#8149=ADVANCED_FACE('',(#941),#164,.F.);
#8150=ADVANCED_FACE('',(#942),#165,.F.);
#8151=ADVANCED_FACE('',(#943),#7768,.F.);
#8152=ADVANCED_FACE('',(#944),#7769,.F.);
#8153=ADVANCED_FACE('',(#945),#7770,.F.);
#8154=ADVANCED_FACE('',(#946),#32,.F.);
#8155=ADVANCED_FACE('',(#947),#166,.T.);
#8156=ADVANCED_FACE('',(#948),#167,.F.);
#8157=ADVANCED_FACE('',(#949),#168,.F.);
#8158=ADVANCED_FACE('',(#950),#7771,.F.);
#8159=ADVANCED_FACE('',(#951),#7772,.F.);
#8160=ADVANCED_FACE('',(#952),#7773,.F.);
#8161=ADVANCED_FACE('',(#953),#169,.F.);
#8162=ADVANCED_FACE('',(#954),#7774,.F.);
#8163=ADVANCED_FACE('',(#955),#170,.F.);
#8164=ADVANCED_FACE('',(#956),#7775,.F.);
#8165=ADVANCED_FACE('',(#957),#171,.F.);
#8166=ADVANCED_FACE('',(#958),#7776,.F.);
#8167=ADVANCED_FACE('',(#959),#172,.F.);
#8168=ADVANCED_FACE('',(#960),#7777,.F.);
#8169=ADVANCED_FACE('',(#961),#33,.T.);
#8170=ADVANCED_FACE('',(#962),#28,.F.);
#8171=ADVANCED_FACE('',(#963),#7778,.T.);
#8172=ADVANCED_FACE('',(#964),#173,.T.);
#8173=ADVANCED_FACE('',(#965),#7779,.T.);
#8174=ADVANCED_FACE('',(#966),#7780,.F.);
#8175=ADVANCED_FACE('',(#967),#174,.T.);
#8176=ADVANCED_FACE('',(#968),#7781,.T.);
#8177=ADVANCED_FACE('',(#969),#7782,.T.);
#8178=ADVANCED_FACE('',(#970),#175,.T.);
#8179=ADVANCED_FACE('',(#971),#7783,.T.);
#8180=ADVANCED_FACE('',(#972),#176,.T.);
#8181=ADVANCED_FACE('',(#973),#24,.T.);
#8182=ADVANCED_FACE('',(#974),#177,.T.);
#8183=ADVANCED_FACE('',(#975),#25,.T.);
#8184=ADVANCED_FACE('',(#976),#178,.T.);
#8185=ADVANCED_FACE('',(#977),#26,.T.);
#8186=ADVANCED_FACE('',(#978),#179,.T.);
#8187=ADVANCED_FACE('',(#979),#180,.T.);
#8188=ADVANCED_FACE('',(#980),#27,.T.);
#8189=ADVANCED_FACE('',(#981),#181,.T.);
#8190=ADVANCED_FACE('',(#982),#182,.T.);
#8191=ADVANCED_FACE('',(#983),#183,.T.);
#8192=ADVANCED_FACE('',(#984),#184,.T.);
#8193=ADVANCED_FACE('',(#985),#7784,.T.);
#8194=ADVANCED_FACE('',(#986),#7785,.T.);
#8195=ADVANCED_FACE('',(#987,#358,#359,#360,#361,#362,#363,#364,#365,#366),
#7786,.T.);
#8196=ADVANCED_FACE('',(#988),#185,.T.);
#8197=ADVANCED_FACE('',(#989),#7787,.F.);
#8198=ADVANCED_FACE('',(#990),#186,.T.);
#8199=ADVANCED_FACE('',(#991),#7788,.F.);
#8200=ADVANCED_FACE('',(#992),#187,.T.);
#8201=ADVANCED_FACE('',(#993),#7789,.F.);
#8202=ADVANCED_FACE('',(#994),#188,.T.);
#8203=ADVANCED_FACE('',(#995),#7790,.F.);
#8204=ADVANCED_FACE('',(#996),#15,.F.);
#8205=ADVANCED_FACE('',(#997),#189,.F.);
#8206=ADVANCED_FACE('',(#998),#16,.F.);
#8207=ADVANCED_FACE('',(#999),#190,.F.);
#8208=ADVANCED_FACE('',(#1000),#17,.F.);
#8209=ADVANCED_FACE('',(#1001),#191,.F.);
#8210=ADVANCED_FACE('',(#1002),#18,.F.);
#8211=ADVANCED_FACE('',(#1003),#192,.F.);
#8212=ADVANCED_FACE('',(#1004),#19,.F.);
#8213=ADVANCED_FACE('',(#1005),#193,.F.);
#8214=ADVANCED_FACE('',(#1006),#20,.F.);
#8215=ADVANCED_FACE('',(#1007),#194,.F.);
#8216=ADVANCED_FACE('',(#1008),#21,.F.);
#8217=ADVANCED_FACE('',(#1009),#195,.F.);
#8218=ADVANCED_FACE('',(#1010),#22,.F.);
#8219=ADVANCED_FACE('',(#1011),#196,.F.);
#8220=ADVANCED_FACE('',(#1012),#197,.F.);
#8221=ADVANCED_FACE('',(#1013),#7791,.T.);
#8222=ADVANCED_FACE('',(#1014),#23,.T.);
#8223=ADVANCED_FACE('',(#1015),#198,.T.);
#8224=ADVANCED_FACE('',(#1016),#7792,.T.);
#8225=ADVANCED_FACE('',(#1017),#199,.T.);
#8226=ADVANCED_FACE('',(#1018),#7793,.T.);
#8227=ADVANCED_FACE('',(#1019,#367),#7794,.T.);
#8228=ADVANCED_FACE('',(#1020),#7795,.F.);
#8229=ADVANCED_FACE('',(#1021),#200,.T.);
#8230=ADVANCED_FACE('',(#1022),#7796,.F.);
#8231=ADVANCED_FACE('',(#1023),#201,.T.);
#8232=ADVANCED_FACE('',(#1024),#7797,.F.);
#8233=ADVANCED_FACE('',(#1025),#202,.T.);
#8234=ADVANCED_FACE('',(#1026),#7798,.F.);
#8235=ADVANCED_FACE('',(#1027),#7799,.F.);
#8236=ADVANCED_FACE('',(#1028),#203,.F.);
#8237=ADVANCED_FACE('',(#1029),#7800,.F.);
#8238=ADVANCED_FACE('',(#1030),#204,.F.);
#8239=ADVANCED_FACE('',(#1031),#7801,.F.);
#8240=ADVANCED_FACE('',(#1032),#205,.F.);
#8241=ADVANCED_FACE('',(#1033),#7802,.F.);
#8242=ADVANCED_FACE('',(#1034),#206,.F.);
#8243=ADVANCED_FACE('',(#1035),#7803,.T.);
#8244=ADVANCED_FACE('',(#1036),#7804,.F.);
#8245=ADVANCED_FACE('',(#1037),#7805,.F.);
#8246=ADVANCED_FACE('',(#1038),#7806,.F.);
#8247=ADVANCED_FACE('',(#1039),#7807,.F.);
#8248=ADVANCED_FACE('',(#1040),#7808,.F.);
#8249=ADVANCED_FACE('',(#1041),#7809,.F.);
#8250=ADVANCED_FACE('',(#1042),#7810,.F.);
#8251=ADVANCED_FACE('',(#1043,#368),#7811,.F.);
#8252=ADVANCED_FACE('',(#1044),#7812,.T.);
#8253=ADVANCED_FACE('',(#1045),#7813,.T.);
#8254=ADVANCED_FACE('',(#1046),#7814,.T.);
#8255=CLOSED_SHELL('',(#7815,#7816,#7817,#7818,#7819,#7820,#7821,#7822,
#7823,#7824,#7825,#7826,#7827,#7828,#7829,#7830,#7831,#7832,#7833,#7834,
#7835,#7836,#7837,#7838,#7839,#7840,#7841,#7842,#7843,#7844,#7845,#7846,
#7847,#7848,#7849,#7850,#7851,#7852,#7853,#7854,#7855,#7856,#7857,#7858,
#7859,#7860,#7861,#7862,#7863,#7864,#7865,#7866,#7867,#7868,#7869,#7870,
#7871,#7872,#7873,#7874,#7875,#7876,#7877,#7878,#7879,#7880,#7881,#7882,
#7883,#7884,#7885,#7886,#7887,#7888,#7889,#7890,#7891,#7892,#7893,#7894,
#7895,#7896,#7897,#7898,#7899,#7900,#7901,#7902,#7903,#7904,#7905,#7906,
#7907,#7908,#7909,#7910,#7911,#7912,#7913,#7914,#7915,#7916,#7917,#7918,
#7919,#7920,#7921,#7922,#7923,#7924,#7925,#7926,#7927,#7928,#7929,#7930,
#7931,#7932,#7933,#7934,#7935,#7936,#7937,#7938,#7939,#7940,#7941,#7942,
#7943,#7944,#7945,#7946,#7947,#7948,#7949,#7950,#7951,#7952,#7953,#7954,
#7955,#7956,#7957,#7958,#7959,#7960,#7961,#7962,#7963,#7964,#7965,#7966,
#7967,#7968,#7969,#7970,#7971,#7972,#7973,#7974,#7975,#7976,#7977,#7978,
#7979,#7980,#7981,#7982,#7983,#7984,#7985,#7986,#7987,#7988,#7989,#7990,
#7991,#7992,#7993,#7994,#7995,#7996,#7997,#7998,#7999,#8000,#8001,#8002,
#8003,#8004,#8005,#8006,#8007,#8008,#8009,#8010,#8011,#8012,#8013,#8014,
#8015,#8016,#8017,#8018,#8019,#8020,#8021,#8022,#8023,#8024,#8025,#8026,
#8027,#8028,#8029,#8030,#8031,#8032,#8033,#8034,#8035,#8036,#8037,#8038,
#8039,#8040,#8041,#8042,#8043,#8044,#8045,#8046,#8047,#8048,#8049,#8050,
#8051,#8052,#8053,#8054,#8055,#8056,#8057,#8058,#8059,#8060,#8061,#8062,
#8063,#8064,#8065,#8066,#8067,#8068,#8069,#8070,#8071,#8072,#8073,#8074,
#8075,#8076,#8077,#8078,#8079,#8080,#8081,#8082,#8083,#8084,#8085,#8086,
#8087,#8088,#8089,#8090,#8091,#8092,#8093,#8094,#8095,#8096,#8097,#8098,
#8099,#8100,#8101,#8102,#8103,#8104,#8105,#8106,#8107,#8108,#8109,#8110,
#8111,#8112,#8113,#8114,#8115,#8116,#8117,#8118,#8119,#8120,#8121,#8122,
#8123,#8124,#8125,#8126,#8127,#8128,#8129,#8130,#8131,#8132,#8133,#8134,
#8135,#8136,#8137,#8138,#8139,#8140,#8141,#8142,#8143,#8144,#8145,#8146,
#8147,#8148,#8149,#8150,#8151,#8152,#8153,#8154,#8155,#8156,#8157,#8158,
#8159,#8160,#8161,#8162,#8163,#8164,#8165,#8166,#8167,#8168,#8169,#8170,
#8171,#8172,#8173,#8174,#8175,#8176,#8177,#8178,#8179,#8180,#8181,#8182,
#8183,#8184,#8185,#8186,#8187,#8188,#8189,#8190,#8191,#8192,#8193,#8194,
#8195,#8196,#8197,#8198,#8199,#8200,#8201,#8202,#8203,#8204,#8205,#8206,
#8207,#8208,#8209,#8210,#8211,#8212,#8213,#8214,#8215,#8216,#8217,#8218,
#8219,#8220,#8221,#8222,#8223,#8224,#8225,#8226,#8227,#8228,#8229,#8230,
#8231,#8232,#8233,#8234,#8235,#8236,#8237,#8238,#8239,#8240,#8241,#8242,
#8243,#8244,#8245,#8246,#8247,#8248,#8249,#8250,#8251,#8252,#8253,#8254));
#8256=DERIVED_UNIT_ELEMENT(#8259,1.);
#8257=DERIVED_UNIT_ELEMENT(#15224,-3.);
#8258=DIMENSIONAL_EXPONENTS(0.,1.,0.,0.,0.,0.,0.);
#8259=(
CONVERSION_BASED_UNIT('gram',#8261)
MASS_UNIT()
NAMED_UNIT(#8258)
);
#8260=(
MASS_UNIT()
NAMED_UNIT(*)
SI_UNIT(.KILO.,.GRAM.)
);
#8261=MASS_MEASURE_WITH_UNIT(MASS_MEASURE(0.001),#8260);
#8262=DERIVED_UNIT((#8256,#8257));
#8263=MEASURE_REPRESENTATION_ITEM('density measure',
POSITIVE_RATIO_MEASURE(1.),#8262);
#8264=PROPERTY_DEFINITION_REPRESENTATION(#8269,#8266);
#8265=PROPERTY_DEFINITION_REPRESENTATION(#8270,#8267);
#8266=REPRESENTATION('material name',(#8268),#15221);
#8267=REPRESENTATION('density',(#8263),#15221);
#8268=DESCRIPTIVE_REPRESENTATION_ITEM('\X2\4E00822C\X0\','\X2\4E00822C\X0\');
#8269=PROPERTY_DEFINITION('material property','material name',#15231);
#8270=PROPERTY_DEFINITION('material property','density of part',#15231);
#8271=DATE_TIME_ROLE('creation_date');
#8272=CC_DESIGN_DATE_AND_TIME_ASSIGNMENT(#8273,#8271,(#15231));
#8273=DATE_AND_TIME(#8274,#8275);
#8274=CALENDAR_DATE(2024,16,5);
#8275=LOCAL_TIME(0,0,0.,#8276);
#8276=COORDINATED_UNIVERSAL_TIME_OFFSET(0,0,.BEHIND.);
#8277=AXIS2_PLACEMENT_3D('',#10466,#8731,#8732);
#8278=AXIS2_PLACEMENT_3D('',#10467,#8733,#8734);
#8279=AXIS2_PLACEMENT_3D('',#10494,#8748,#8749);
#8280=AXIS2_PLACEMENT_3D('',#10500,#8753,#8754);
#8281=AXIS2_PLACEMENT_3D('',#10504,#8757,#8758);
#8282=AXIS2_PLACEMENT_3D('',#10508,#8761,#8762);
#8283=AXIS2_PLACEMENT_3D('',#10512,#8765,#8766);
#8284=AXIS2_PLACEMENT_3D('',#10516,#8769,#8770);
#8285=AXIS2_PLACEMENT_3D('',#10520,#8773,#8774);
#8286=AXIS2_PLACEMENT_3D('',#10524,#8777,#8778);
#8287=AXIS2_PLACEMENT_3D('',#10528,#8781,#8782);
#8288=AXIS2_PLACEMENT_3D('',#10532,#8785,#8786);
#8289=AXIS2_PLACEMENT_3D('',#10536,#8789,#8790);
#8290=AXIS2_PLACEMENT_3D('',#10540,#8793,#8794);
#8291=AXIS2_PLACEMENT_3D('',#10544,#8797,#8798);
#8292=AXIS2_PLACEMENT_3D('',#10546,#8800,#8801);
#8293=AXIS2_PLACEMENT_3D('',#10657,#8804,#8805);
#8294=AXIS2_PLACEMENT_3D('',#10666,#8810,#8811);
#8295=AXIS2_PLACEMENT_3D('',#10672,#8815,#8816);
#8296=AXIS2_PLACEMENT_3D('',#10709,#8821,#8822);
#8297=AXIS2_PLACEMENT_3D('',#10715,#8826,#8827);
#8298=AXIS2_PLACEMENT_3D('',#10740,#8832,#8833);
#8299=AXIS2_PLACEMENT_3D('',#10746,#8837,#8838);
#8300=AXIS2_PLACEMENT_3D('',#10752,#8842,#8843);
#8301=AXIS2_PLACEMENT_3D('',#10758,#8847,#8848);
#8302=AXIS2_PLACEMENT_3D('',#10764,#8852,#8853);
#8303=AXIS2_PLACEMENT_3D('',#10770,#8857,#8858);
#8304=AXIS2_PLACEMENT_3D('',#10776,#8862,#8863);
#8305=AXIS2_PLACEMENT_3D('',#10782,#8867,#8868);
#8306=AXIS2_PLACEMENT_3D('',#10785,#8871,#8872);
#8307=AXIS2_PLACEMENT_3D('',#10786,#8873,#8874);
#8308=AXIS2_PLACEMENT_3D('',#11095,#8891,#8892);
#8309=AXIS2_PLACEMENT_3D('',#11104,#8897,#8898);
#8310=AXIS2_PLACEMENT_3D('',#11110,#8902,#8903);
#8311=AXIS2_PLACEMENT_3D('',#11116,#8907,#8908);
#8312=AXIS2_PLACEMENT_3D('',#11122,#8912,#8913);
#8313=AXIS2_PLACEMENT_3D('',#11159,#8918,#8919);
#8314=AXIS2_PLACEMENT_3D('',#11165,#8923,#8924);
#8315=AXIS2_PLACEMENT_3D('',#11171,#8928,#8929);
#8316=AXIS2_PLACEMENT_3D('',#11208,#8934,#8935);
#8317=AXIS2_PLACEMENT_3D('',#11214,#8939,#8940);
#8318=AXIS2_PLACEMENT_3D('',#11220,#8944,#8945);
#8319=AXIS2_PLACEMENT_3D('',#11288,#8951,#8952);
#8320=AXIS2_PLACEMENT_3D('',#11291,#8955,#8956);
#8321=AXIS2_PLACEMENT_3D('',#11292,#8957,#8958);
#8322=AXIS2_PLACEMENT_3D('',#11301,#8963,#8964);
#8323=AXIS2_PLACEMENT_3D('',#11307,#8968,#8969);
#8324=AXIS2_PLACEMENT_3D('',#11311,#8972,#8973);
#8325=AXIS2_PLACEMENT_3D('',#11315,#8976,#8977);
#8326=AXIS2_PLACEMENT_3D('',#11317,#8979,#8980);
#8327=AXIS2_PLACEMENT_3D('',#11388,#8987,#8988);
#8328=AXIS2_PLACEMENT_3D('',#11437,#8993,#8994);
#8329=AXIS2_PLACEMENT_3D('',#11486,#8999,#9000);
#8330=AXIS2_PLACEMENT_3D('',#11532,#9004,#9005);
#8331=AXIS2_PLACEMENT_3D('',#11533,#9006,#9007);
#8332=AXIS2_PLACEMENT_3D('',#11542,#9012,#9013);
#8333=AXIS2_PLACEMENT_3D('',#11548,#9017,#9018);
#8334=AXIS2_PLACEMENT_3D('',#11552,#9021,#9022);
#8335=AXIS2_PLACEMENT_3D('',#11556,#9025,#9026);
#8336=AXIS2_PLACEMENT_3D('',#11668,#9030,#9031);
#8337=AXIS2_PLACEMENT_3D('',#11669,#9032,#9033);
#8338=AXIS2_PLACEMENT_3D('',#11776,#9041,#9042);
#8339=AXIS2_PLACEMENT_3D('',#11780,#9045,#9046);
#8340=AXIS2_PLACEMENT_3D('',#11818,#9051,#9052);
#8341=AXIS2_PLACEMENT_3D('',#11845,#9056,#9057);
#8342=AXIS2_PLACEMENT_3D('',#11884,#9061,#9062);
#8343=AXIS2_PLACEMENT_3D('',#11941,#9066,#9067);
#8344=AXIS2_PLACEMENT_3D('',#11950,#9072,#9073);
#8345=AXIS2_PLACEMENT_3D('',#11987,#9078,#9079);
#8346=AXIS2_PLACEMENT_3D('',#12024,#9084,#9085);
#8347=AXIS2_PLACEMENT_3D('',#12030,#9089,#9090);
#8348=AXIS2_PLACEMENT_3D('',#12036,#9094,#9095);
#8349=AXIS2_PLACEMENT_3D('',#12042,#9099,#9100);
#8350=AXIS2_PLACEMENT_3D('',#12103,#9105,#9106);
#8351=AXIS2_PLACEMENT_3D('',#12161,#9110,#9111);
#8352=AXIS2_PLACEMENT_3D('',#12162,#9112,#9113);
#8353=AXIS2_PLACEMENT_3D('',#12180,#9116,#9117);
#8354=AXIS2_PLACEMENT_3D('',#12200,#9122,#9123);
#8355=AXIS2_PLACEMENT_3D('',#12335,#9128,#9129);
#8356=AXIS2_PLACEMENT_3D('',#12336,#9130,#9131);
#8357=AXIS2_PLACEMENT_3D('',#12420,#9140,#9141);
#8358=AXIS2_PLACEMENT_3D('',#12467,#9146,#9147);
#8359=AXIS2_PLACEMENT_3D('',#12471,#9150,#9151);
#8360=AXIS2_PLACEMENT_3D('',#12475,#9154,#9155);
#8361=AXIS2_PLACEMENT_3D('',#12479,#9158,#9159);
#8362=AXIS2_PLACEMENT_3D('',#12483,#9162,#9163);
#8363=AXIS2_PLACEMENT_3D('',#12487,#9166,#9167);
#8364=AXIS2_PLACEMENT_3D('',#12489,#9169,#9170);
#8365=AXIS2_PLACEMENT_3D('',#12498,#9175,#9176);
#8366=AXIS2_PLACEMENT_3D('',#12504,#9180,#9181);
#8367=AXIS2_PLACEMENT_3D('',#12510,#9185,#9186);
#8368=AXIS2_PLACEMENT_3D('',#12516,#9190,#9191);
#8369=AXIS2_PLACEMENT_3D('',#12522,#9195,#9196);
#8370=AXIS2_PLACEMENT_3D('',#12562,#9202,#9203);
#8371=AXIS2_PLACEMENT_3D('',#12568,#9207,#9208);
#8372=AXIS2_PLACEMENT_3D('',#12624,#9214,#9215);
#8373=AXIS2_PLACEMENT_3D('',#12627,#9218,#9219);
#8374=AXIS2_PLACEMENT_3D('',#12633,#9223,#9224);
#8375=AXIS2_PLACEMENT_3D('',#12636,#9227,#9228);
#8376=AXIS2_PLACEMENT_3D('',#12637,#9229,#9230);
#8377=AXIS2_PLACEMENT_3D('',#12658,#9241,#9242);
#8378=AXIS2_PLACEMENT_3D('',#12664,#9246,#9247);
#8379=AXIS2_PLACEMENT_3D('',#12668,#9250,#9251);
#8380=AXIS2_PLACEMENT_3D('',#12672,#9254,#9255);
#8381=AXIS2_PLACEMENT_3D('',#12676,#9258,#9259);
#8382=AXIS2_PLACEMENT_3D('',#12680,#9262,#9263);
#8383=AXIS2_PLACEMENT_3D('',#12684,#9266,#9267);
#8384=AXIS2_PLACEMENT_3D('',#12688,#9270,#9271);
#8385=AXIS2_PLACEMENT_3D('',#12692,#9274,#9275);
#8386=AXIS2_PLACEMENT_3D('',#12696,#9278,#9279);
#8387=AXIS2_PLACEMENT_3D('',#12745,#9284,#9285);
#8388=AXIS2_PLACEMENT_3D('',#12751,#9289,#9290);
#8389=AXIS2_PLACEMENT_3D('',#12757,#9294,#9295);
#8390=AXIS2_PLACEMENT_3D('',#12810,#9302,#9303);
#8391=AXIS2_PLACEMENT_3D('',#12863,#9310,#9311);
#8392=AXIS2_PLACEMENT_3D('',#12935,#9318,#9319);
#8393=AXIS2_PLACEMENT_3D('',#13004,#9325,#9326);
#8394=AXIS2_PLACEMENT_3D('',#13010,#9330,#9331);
#8395=AXIS2_PLACEMENT_3D('',#13057,#9336,#9337);
#8396=AXIS2_PLACEMENT_3D('',#13063,#9341,#9342);
#8397=AXIS2_PLACEMENT_3D('',#13066,#9345,#9346);
#8398=AXIS2_PLACEMENT_3D('',#13067,#9347,#9348);
#8399=AXIS2_PLACEMENT_3D('',#13094,#9362,#9363);
#8400=AXIS2_PLACEMENT_3D('',#13100,#9367,#9368);
#8401=AXIS2_PLACEMENT_3D('',#13104,#9371,#9372);
#8402=AXIS2_PLACEMENT_3D('',#13108,#9375,#9376);
#8403=AXIS2_PLACEMENT_3D('',#13112,#9379,#9380);
#8404=AXIS2_PLACEMENT_3D('',#13116,#9383,#9384);
#8405=AXIS2_PLACEMENT_3D('',#13120,#9387,#9388);
#8406=AXIS2_PLACEMENT_3D('',#13124,#9391,#9392);
#8407=AXIS2_PLACEMENT_3D('',#13128,#9395,#9396);
#8408=AXIS2_PLACEMENT_3D('',#13132,#9399,#9400);
#8409=AXIS2_PLACEMENT_3D('',#13136,#9403,#9404);
#8410=AXIS2_PLACEMENT_3D('',#13140,#9407,#9408);
#8411=AXIS2_PLACEMENT_3D('',#13144,#9411,#9412);
#8412=AXIS2_PLACEMENT_3D('',#13146,#9414,#9415);
#8413=AXIS2_PLACEMENT_3D('',#13155,#9420,#9421);
#8414=AXIS2_PLACEMENT_3D('',#13161,#9425,#9426);
#8415=AXIS2_PLACEMENT_3D('',#13167,#9430,#9431);
#8416=AXIS2_PLACEMENT_3D('',#13173,#9435,#9436);
#8417=AXIS2_PLACEMENT_3D('',#13179,#9440,#9441);
#8418=AXIS2_PLACEMENT_3D('',#13182,#9444,#9445);
#8419=AXIS2_PLACEMENT_3D('',#13183,#9446,#9447);
#8420=AXIS2_PLACEMENT_3D('',#13192,#9452,#9453);
#8421=AXIS2_PLACEMENT_3D('',#13198,#9457,#9458);
#8422=AXIS2_PLACEMENT_3D('',#13202,#9461,#9462);
#8423=AXIS2_PLACEMENT_3D('',#13206,#9465,#9466);
#8424=AXIS2_PLACEMENT_3D('',#13208,#9468,#9469);
#8425=AXIS2_PLACEMENT_3D('',#13217,#9474,#9475);
#8426=AXIS2_PLACEMENT_3D('',#13223,#9479,#9480);
#8427=AXIS2_PLACEMENT_3D('',#13276,#9487,#9488);
#8428=AXIS2_PLACEMENT_3D('',#13411,#9497,#9498);
#8429=AXIS2_PLACEMENT_3D('',#13417,#9502,#9503);
#8430=AXIS2_PLACEMENT_3D('',#13420,#9506,#9507);
#8431=AXIS2_PLACEMENT_3D('',#13421,#9508,#9509);
#8432=AXIS2_PLACEMENT_3D('',#13846,#9532,#9533);
#8433=AXIS2_PLACEMENT_3D('',#13850,#9536,#9537);
#8434=AXIS2_PLACEMENT_3D('',#13852,#9539,#9540);
#8435=AXIS2_PLACEMENT_3D('',#13861,#9545,#9546);
#8436=AXIS2_PLACEMENT_3D('',#13867,#9550,#9551);
#8437=AXIS2_PLACEMENT_3D('',#13873,#9555,#9556);
#8438=AXIS2_PLACEMENT_3D('',#13876,#9559,#9560);
#8439=AXIS2_PLACEMENT_3D('',#13877,#9561,#9562);
#8440=AXIS2_PLACEMENT_3D('',#13996,#9570,#9571);
#8441=AXIS2_PLACEMENT_3D('',#14002,#9575,#9576);
#8442=AXIS2_PLACEMENT_3D('',#14006,#9579,#9580);
#8443=AXIS2_PLACEMENT_3D('',#14010,#9583,#9584);
#8444=AXIS2_PLACEMENT_3D('',#14014,#9587,#9588);
#8445=AXIS2_PLACEMENT_3D('',#14102,#9597,#9598);
#8446=AXIS2_PLACEMENT_3D('',#14106,#9601,#9602);
#8447=AXIS2_PLACEMENT_3D('',#14206,#9611,#9612);
#8448=AXIS2_PLACEMENT_3D('',#14215,#9617,#9618);
#8449=AXIS2_PLACEMENT_3D('',#14221,#9622,#9623);
#8450=AXIS2_PLACEMENT_3D('',#14227,#9627,#9628);
#8451=AXIS2_PLACEMENT_3D('',#14233,#9632,#9633);
#8452=AXIS2_PLACEMENT_3D('',#14239,#9637,#9638);
#8453=AXIS2_PLACEMENT_3D('',#14248,#9643,#9644);
#8454=AXIS2_PLACEMENT_3D('',#14254,#9648,#9649);
#8455=AXIS2_PLACEMENT_3D('',#14260,#9653,#9654);
#8456=AXIS2_PLACEMENT_3D('',#14266,#9658,#9659);
#8457=AXIS2_PLACEMENT_3D('',#14272,#9663,#9664);
#8458=AXIS2_PLACEMENT_3D('',#14278,#9668,#9669);
#8459=AXIS2_PLACEMENT_3D('',#14281,#9672,#9673);
#8460=AXIS2_PLACEMENT_3D('',#14287,#9677,#9678);
#8461=AXIS2_PLACEMENT_3D('',#14290,#9681,#9682);
#8462=AXIS2_PLACEMENT_3D('',#14291,#9683,#9684);
#8463=AXIS2_PLACEMENT_3D('',#14292,#9685,#9686);
#8464=AXIS2_PLACEMENT_3D('',#14441,#9721,#9722);
#8465=AXIS2_PLACEMENT_3D('',#14442,#9723,#9724);
#8466=AXIS2_PLACEMENT_3D('',#14443,#9725,#9726);
#8467=AXIS2_PLACEMENT_3D('',#14444,#9727,#9728);
#8468=AXIS2_PLACEMENT_3D('',#14445,#9729,#9730);
#8469=AXIS2_PLACEMENT_3D('',#14446,#9731,#9732);
#8470=AXIS2_PLACEMENT_3D('',#14447,#9733,#9734);
#8471=AXIS2_PLACEMENT_3D('',#14448,#9735,#9736);
#8472=AXIS2_PLACEMENT_3D('',#14449,#9737,#9738);
#8473=AXIS2_PLACEMENT_3D('',#14450,#9739,#9740);
#8474=AXIS2_PLACEMENT_3D('',#14451,#9741,#9742);
#8475=AXIS2_PLACEMENT_3D('',#14452,#9743,#9744);
#8476=AXIS2_PLACEMENT_3D('',#14453,#9745,#9746);
#8477=AXIS2_PLACEMENT_3D('',#14454,#9747,#9748);
#8478=AXIS2_PLACEMENT_3D('',#14485,#9749,#9750);
#8479=AXIS2_PLACEMENT_3D('',#14486,#9751,#9752);
#8480=AXIS2_PLACEMENT_3D('',#14517,#9753,#9754);
#8481=AXIS2_PLACEMENT_3D('',#14518,#9755,#9756);
#8482=AXIS2_PLACEMENT_3D('',#14519,#9757,#9758);
#8483=AXIS2_PLACEMENT_3D('',#14522,#9759,#9760);
#8484=AXIS2_PLACEMENT_3D('',#14526,#9762,#9763);
#8485=AXIS2_PLACEMENT_3D('',#14528,#9765,#9766);
#8486=AXIS2_PLACEMENT_3D('',#14534,#9770,#9771);
#8487=AXIS2_PLACEMENT_3D('',#14543,#9775,#9776);
#8488=AXIS2_PLACEMENT_3D('',#14551,#9780,#9781);
#8489=AXIS2_PLACEMENT_3D('',#14559,#9785,#9786);
#8490=AXIS2_PLACEMENT_3D('',#14566,#9790,#9791);
#8491=AXIS2_PLACEMENT_3D('',#14570,#9793,#9794);
#8492=AXIS2_PLACEMENT_3D('',#14574,#9796,#9797);
#8493=AXIS2_PLACEMENT_3D('',#14578,#9799,#9800);
#8494=AXIS2_PLACEMENT_3D('',#14582,#9802,#9803);
#8495=AXIS2_PLACEMENT_3D('',#14586,#9805,#9806);
#8496=AXIS2_PLACEMENT_3D('',#14590,#9808,#9809);
#8497=AXIS2_PLACEMENT_3D('',#14593,#9811,#9812);
#8498=AXIS2_PLACEMENT_3D('',#14594,#9813,#9814);
#8499=AXIS2_PLACEMENT_3D('',#14598,#9816,#9817);
#8500=AXIS2_PLACEMENT_3D('',#14600,#9819,#9820);
#8501=AXIS2_PLACEMENT_3D('',#14604,#9823,#9824);
#8502=AXIS2_PLACEMENT_3D('',#14608,#9826,#9827);
#8503=AXIS2_PLACEMENT_3D('',#14610,#9829,#9830);
#8504=AXIS2_PLACEMENT_3D('',#14614,#9833,#9834);
#8505=AXIS2_PLACEMENT_3D('',#14618,#9836,#9837);
#8506=AXIS2_PLACEMENT_3D('',#14620,#9839,#9840);
#8507=AXIS2_PLACEMENT_3D('',#14624,#9843,#9844);
#8508=AXIS2_PLACEMENT_3D('',#14626,#9845,#9846);
#8509=AXIS2_PLACEMENT_3D('',#14628,#9847,#9848);
#8510=AXIS2_PLACEMENT_3D('',#14629,#9849,#9850);
#8511=AXIS2_PLACEMENT_3D('',#14630,#9851,#9852);
#8512=AXIS2_PLACEMENT_3D('',#14633,#9853,#9854);
#8513=AXIS2_PLACEMENT_3D('',#14636,#9857,#9858);
#8514=AXIS2_PLACEMENT_3D('',#14638,#9859,#9860);
#8515=AXIS2_PLACEMENT_3D('',#14640,#9862,#9863);
#8516=AXIS2_PLACEMENT_3D('',#14642,#9864,#9865);
#8517=AXIS2_PLACEMENT_3D('',#14644,#9867,#9868);
#8518=AXIS2_PLACEMENT_3D('',#14652,#9873,#9874);
#8519=AXIS2_PLACEMENT_3D('',#14658,#9877,#9878);
#8520=AXIS2_PLACEMENT_3D('',#14660,#9880,#9881);
#8521=AXIS2_PLACEMENT_3D('',#14666,#9885,#9886);
#8522=AXIS2_PLACEMENT_3D('',#14668,#9887,#9888);
#8523=AXIS2_PLACEMENT_3D('',#14670,#9889,#9890);
#8524=AXIS2_PLACEMENT_3D('',#14671,#9891,#9892);
#8525=AXIS2_PLACEMENT_3D('',#14672,#9893,#9894);
#8526=AXIS2_PLACEMENT_3D('',#14675,#9895,#9896);
#8527=AXIS2_PLACEMENT_3D('',#14678,#9899,#9900);
#8528=AXIS2_PLACEMENT_3D('',#14680,#9901,#9902);
#8529=AXIS2_PLACEMENT_3D('',#14682,#9904,#9905);
#8530=AXIS2_PLACEMENT_3D('',#14684,#9906,#9907);
#8531=AXIS2_PLACEMENT_3D('',#14686,#9909,#9910);
#8532=AXIS2_PLACEMENT_3D('',#14694,#9915,#9916);
#8533=AXIS2_PLACEMENT_3D('',#14700,#9919,#9920);
#8534=AXIS2_PLACEMENT_3D('',#14702,#9922,#9923);
#8535=AXIS2_PLACEMENT_3D('',#14708,#9927,#9928);
#8536=AXIS2_PLACEMENT_3D('',#14710,#9929,#9930);
#8537=AXIS2_PLACEMENT_3D('',#14712,#9931,#9932);
#8538=AXIS2_PLACEMENT_3D('',#14713,#9933,#9934);
#8539=AXIS2_PLACEMENT_3D('',#14714,#9935,#9936);
#8540=AXIS2_PLACEMENT_3D('',#14717,#9937,#9938);
#8541=AXIS2_PLACEMENT_3D('',#14720,#9941,#9942);
#8542=AXIS2_PLACEMENT_3D('',#14722,#9943,#9944);
#8543=AXIS2_PLACEMENT_3D('',#14724,#9946,#9947);
#8544=AXIS2_PLACEMENT_3D('',#14726,#9948,#9949);
#8545=AXIS2_PLACEMENT_3D('',#14728,#9951,#9952);
#8546=AXIS2_PLACEMENT_3D('',#14736,#9957,#9958);
#8547=AXIS2_PLACEMENT_3D('',#14742,#9961,#9962);
#8548=AXIS2_PLACEMENT_3D('',#14744,#9964,#9965);
#8549=AXIS2_PLACEMENT_3D('',#14750,#9969,#9970);
#8550=AXIS2_PLACEMENT_3D('',#14752,#9971,#9972);
#8551=AXIS2_PLACEMENT_3D('',#14754,#9973,#9974);
#8552=AXIS2_PLACEMENT_3D('',#14755,#9975,#9976);
#8553=AXIS2_PLACEMENT_3D('',#14756,#9977,#9978);
#8554=AXIS2_PLACEMENT_3D('',#14759,#9979,#9980);
#8555=AXIS2_PLACEMENT_3D('',#14762,#9983,#9984);
#8556=AXIS2_PLACEMENT_3D('',#14764,#9985,#9986);
#8557=AXIS2_PLACEMENT_3D('',#14766,#9988,#9989);
#8558=AXIS2_PLACEMENT_3D('',#14768,#9990,#9991);
#8559=AXIS2_PLACEMENT_3D('',#14770,#9993,#9994);
#8560=AXIS2_PLACEMENT_3D('',#14778,#9999,#10000);
#8561=AXIS2_PLACEMENT_3D('',#14784,#10003,#10004);
#8562=AXIS2_PLACEMENT_3D('',#14786,#10006,#10007);
#8563=AXIS2_PLACEMENT_3D('',#14792,#10011,#10012);
#8564=AXIS2_PLACEMENT_3D('',#14796,#10014,#10015);
#8565=AXIS2_PLACEMENT_3D('',#14798,#10017,#10018);
#8566=AXIS2_PLACEMENT_3D('',#14800,#10020,#10021);
#8567=AXIS2_PLACEMENT_3D('',#14804,#10023,#10024);
#8568=AXIS2_PLACEMENT_3D('',#14806,#10026,#10027);
#8569=AXIS2_PLACEMENT_3D('',#14808,#10029,#10030);
#8570=AXIS2_PLACEMENT_3D('',#14812,#10032,#10033);
#8571=AXIS2_PLACEMENT_3D('',#14814,#10035,#10036);
#8572=AXIS2_PLACEMENT_3D('',#14816,#10038,#10039);
#8573=AXIS2_PLACEMENT_3D('',#14820,#10041,#10042);
#8574=AXIS2_PLACEMENT_3D('',#14822,#10044,#10045);
#8575=AXIS2_PLACEMENT_3D('',#14824,#10047,#10048);
#8576=AXIS2_PLACEMENT_3D('',#14826,#10049,#10050);
#8577=AXIS2_PLACEMENT_3D('',#14828,#10051,#10052);
#8578=AXIS2_PLACEMENT_3D('',#14829,#10053,#10054);
#8579=AXIS2_PLACEMENT_3D('',#14858,#10055,#10056);
#8580=AXIS2_PLACEMENT_3D('',#14860,#10057,#10058);
#8581=AXIS2_PLACEMENT_3D('',#14861,#10059,#10060);
#8582=AXIS2_PLACEMENT_3D('',#14862,#10061,#10062);
#8583=AXIS2_PLACEMENT_3D('',#14863,#10063,#10064);
#8584=AXIS2_PLACEMENT_3D('',#14866,#10065,#10066);
#8585=AXIS2_PLACEMENT_3D('',#14870,#10068,#10069);
#8586=AXIS2_PLACEMENT_3D('',#14872,#10071,#10072);
#8587=AXIS2_PLACEMENT_3D('',#14879,#10077,#10078);
#8588=AXIS2_PLACEMENT_3D('',#14882,#10081,#10082);
#8589=AXIS2_PLACEMENT_3D('',#14885,#10083,#10084);
#8590=AXIS2_PLACEMENT_3D('',#14889,#10086,#10087);
#8591=AXIS2_PLACEMENT_3D('',#14891,#10089,#10090);
#8592=AXIS2_PLACEMENT_3D('',#14898,#10095,#10096);
#8593=AXIS2_PLACEMENT_3D('',#14900,#10097,#10098);
#8594=AXIS2_PLACEMENT_3D('',#14906,#10101,#10102);
#8595=AXIS2_PLACEMENT_3D('',#14910,#10104,#10105);
#8596=AXIS2_PLACEMENT_3D('',#14914,#10107,#10108);
#8597=AXIS2_PLACEMENT_3D('',#14918,#10110,#10111);
#8598=AXIS2_PLACEMENT_3D('',#14922,#10113,#10114);
#8599=AXIS2_PLACEMENT_3D('',#14926,#10116,#10117);
#8600=AXIS2_PLACEMENT_3D('',#14930,#10119,#10120);
#8601=AXIS2_PLACEMENT_3D('',#14935,#10123,#10124);
#8602=AXIS2_PLACEMENT_3D('',#14937,#10126,#10127);
#8603=AXIS2_PLACEMENT_3D('',#14939,#10128,#10129);
#8604=AXIS2_PLACEMENT_3D('',#14941,#10131,#10132);
#8605=AXIS2_PLACEMENT_3D('',#14947,#10137,#10138);
#8606=AXIS2_PLACEMENT_3D('',#14948,#10139,#10140);
#8607=AXIS2_PLACEMENT_3D('',#14949,#10141,#10142);
#8608=AXIS2_PLACEMENT_3D('',#14952,#10143,#10144);
#8609=AXIS2_PLACEMENT_3D('',#14954,#10145,#10146);
#8610=AXIS2_PLACEMENT_3D('',#14955,#10147,#10148);
#8611=AXIS2_PLACEMENT_3D('',#14956,#10149,#10150);
#8612=AXIS2_PLACEMENT_3D('',#14959,#10151,#10152);
#8613=AXIS2_PLACEMENT_3D('',#14962,#10155,#10156);
#8614=AXIS2_PLACEMENT_3D('',#14965,#10157,#10158);
#8615=AXIS2_PLACEMENT_3D('',#14966,#10159,#10160);
#8616=AXIS2_PLACEMENT_3D('',#14967,#10161,#10162);
#8617=AXIS2_PLACEMENT_3D('',#14968,#10163,#10164);
#8618=AXIS2_PLACEMENT_3D('',#14970,#10165,#10166);
#8619=AXIS2_PLACEMENT_3D('',#14972,#10168,#10169);
#8620=AXIS2_PLACEMENT_3D('',#14975,#10170,#10171);
#8621=AXIS2_PLACEMENT_3D('',#14977,#10172,#10173);
#8622=AXIS2_PLACEMENT_3D('',#14978,#10174,#10175);
#8623=AXIS2_PLACEMENT_3D('',#14979,#10176,#10177);
#8624=AXIS2_PLACEMENT_3D('',#14982,#10178,#10179);
#8625=AXIS2_PLACEMENT_3D('',#14985,#10182,#10183);
#8626=AXIS2_PLACEMENT_3D('',#14988,#10186,#10187);
#8627=AXIS2_PLACEMENT_3D('',#14990,#10188,#10189);
#8628=AXIS2_PLACEMENT_3D('',#14992,#10190,#10191);
#8629=AXIS2_PLACEMENT_3D('',#14993,#10192,#10193);
#8630=AXIS2_PLACEMENT_3D('',#14994,#10194,#10195);
#8631=AXIS2_PLACEMENT_3D('',#14996,#10196,#10197);
#8632=AXIS2_PLACEMENT_3D('',#14998,#10199,#10200);
#8633=AXIS2_PLACEMENT_3D('',#15001,#10203,#10204);
#8634=AXIS2_PLACEMENT_3D('',#15003,#10206,#10207);
#8635=AXIS2_PLACEMENT_3D('',#15006,#10210,#10211);
#8636=AXIS2_PLACEMENT_3D('',#15008,#10213,#10214);
#8637=AXIS2_PLACEMENT_3D('',#15010,#10216,#10217);
#8638=AXIS2_PLACEMENT_3D('',#15012,#10218,#10219);
#8639=AXIS2_PLACEMENT_3D('',#15014,#10220,#10221);
#8640=AXIS2_PLACEMENT_3D('',#15016,#10222,#10223);
#8641=AXIS2_PLACEMENT_3D('',#15018,#10224,#10225);
#8642=AXIS2_PLACEMENT_3D('',#15020,#10226,#10227);
#8643=AXIS2_PLACEMENT_3D('',#15022,#10228,#10229);
#8644=AXIS2_PLACEMENT_3D('',#15024,#10230,#10231);
#8645=AXIS2_PLACEMENT_3D('',#15026,#10232,#10233);
#8646=AXIS2_PLACEMENT_3D('',#15028,#10234,#10235);
#8647=AXIS2_PLACEMENT_3D('',#15029,#10236,#10237);
#8648=AXIS2_PLACEMENT_3D('',#15033,#10239,#10240);
#8649=AXIS2_PLACEMENT_3D('',#15035,#10242,#10243);
#8650=AXIS2_PLACEMENT_3D('',#15039,#10246,#10247);
#8651=AXIS2_PLACEMENT_3D('',#15043,#10249,#10250);
#8652=AXIS2_PLACEMENT_3D('',#15045,#10252,#10253);
#8653=AXIS2_PLACEMENT_3D('',#15047,#10255,#10256);
#8654=AXIS2_PLACEMENT_3D('',#15050,#10258,#10259);
#8655=AXIS2_PLACEMENT_3D('',#15051,#10260,#10261);
#8656=AXIS2_PLACEMENT_3D('',#15055,#10264,#10265);
#8657=AXIS2_PLACEMENT_3D('',#15059,#10267,#10268);
#8658=AXIS2_PLACEMENT_3D('',#15061,#10270,#10271);
#8659=AXIS2_PLACEMENT_3D('',#15063,#10273,#10274);
#8660=AXIS2_PLACEMENT_3D('',#15065,#10275,#10276);
#8661=AXIS2_PLACEMENT_3D('',#15068,#10278,#10279);
#8662=AXIS2_PLACEMENT_3D('',#15070,#10281,#10282);
#8663=AXIS2_PLACEMENT_3D('',#15072,#10283,#10284);
#8664=AXIS2_PLACEMENT_3D('',#15075,#10286,#10287);
#8665=AXIS2_PLACEMENT_3D('',#15077,#10289,#10290);
#8666=AXIS2_PLACEMENT_3D('',#15079,#10291,#10292);
#8667=AXIS2_PLACEMENT_3D('',#15082,#10294,#10295);
#8668=AXIS2_PLACEMENT_3D('',#15084,#10297,#10298);
#8669=AXIS2_PLACEMENT_3D('',#15086,#10299,#10300);
#8670=AXIS2_PLACEMENT_3D('',#15089,#10302,#10303);
#8671=AXIS2_PLACEMENT_3D('',#15091,#10305,#10306);
#8672=AXIS2_PLACEMENT_3D('',#15093,#10307,#10308);
#8673=AXIS2_PLACEMENT_3D('',#15096,#10310,#10311);
#8674=AXIS2_PLACEMENT_3D('',#15098,#10313,#10314);
#8675=AXIS2_PLACEMENT_3D('',#15100,#10315,#10316);
#8676=AXIS2_PLACEMENT_3D('',#15103,#10318,#10319);
#8677=AXIS2_PLACEMENT_3D('',#15105,#10321,#10322);
#8678=AXIS2_PLACEMENT_3D('',#15107,#10323,#10324);
#8679=AXIS2_PLACEMENT_3D('',#15110,#10326,#10327);
#8680=AXIS2_PLACEMENT_3D('',#15112,#10329,#10330);
#8681=AXIS2_PLACEMENT_3D('',#15114,#10331,#10332);
#8682=AXIS2_PLACEMENT_3D('',#15117,#10334,#10335);
#8683=AXIS2_PLACEMENT_3D('',#15119,#10337,#10338);
#8684=AXIS2_PLACEMENT_3D('',#15122,#10340,#10341);
#8685=AXIS2_PLACEMENT_3D('',#15123,#10342,#10343);
#8686=AXIS2_PLACEMENT_3D('',#15124,#10344,#10345);
#8687=AXIS2_PLACEMENT_3D('',#15126,#10346,#10347);
#8688=AXIS2_PLACEMENT_3D('',#15129,#10349,#10350);
#8689=AXIS2_PLACEMENT_3D('',#15130,#10351,#10352);
#8690=AXIS2_PLACEMENT_3D('',#15132,#10354,#10355);
#8691=AXIS2_PLACEMENT_3D('',#15140,#10360,#10361);
#8692=AXIS2_PLACEMENT_3D('',#15142,#10362,#10363);
#8693=AXIS2_PLACEMENT_3D('',#15144,#10364,#10365);
#8694=AXIS2_PLACEMENT_3D('',#15146,#10367,#10368);
#8695=AXIS2_PLACEMENT_3D('',#15151,#10372,#10373);
#8696=AXIS2_PLACEMENT_3D('',#15153,#10374,#10375);
#8697=AXIS2_PLACEMENT_3D('',#15155,#10377,#10378);
#8698=AXIS2_PLACEMENT_3D('',#15156,#10379,#10380);
#8699=AXIS2_PLACEMENT_3D('',#15159,#10382,#10383);
#8700=AXIS2_PLACEMENT_3D('',#15160,#10384,#10385);
#8701=AXIS2_PLACEMENT_3D('',#15164,#10388,#10389);
#8702=AXIS2_PLACEMENT_3D('',#15167,#10391,#10392);
#8703=AXIS2_PLACEMENT_3D('',#15168,#10393,#10394);
#8704=AXIS2_PLACEMENT_3D('',#15172,#10397,#10398);
#8705=AXIS2_PLACEMENT_3D('',#15175,#10400,#10401);
#8706=AXIS2_PLACEMENT_3D('',#15176,#10402,#10403);
#8707=AXIS2_PLACEMENT_3D('',#15178,#10405,#10406);
#8708=AXIS2_PLACEMENT_3D('',#15182,#10409,#10410);
#8709=AXIS2_PLACEMENT_3D('',#15183,#10411,#10412);
#8710=AXIS2_PLACEMENT_3D('',#15184,#10413,#10414);
#8711=AXIS2_PLACEMENT_3D('',#15188,#10417,#10418);
#8712=AXIS2_PLACEMENT_3D('',#15191,#10420,#10421);
#8713=AXIS2_PLACEMENT_3D('',#15192,#10422,#10423);
#8714=AXIS2_PLACEMENT_3D('',#15194,#10425,#10426);
#8715=AXIS2_PLACEMENT_3D('',#15197,#10428,#10429);
#8716=AXIS2_PLACEMENT_3D('',#15198,#10430,#10431);
#8717=AXIS2_PLACEMENT_3D('',#15200,#10433,#10434);
#8718=AXIS2_PLACEMENT_3D('',#15201,#10435,#10436);
#8719=AXIS2_PLACEMENT_3D('',#15202,#10437,#10438);
#8720=AXIS2_PLACEMENT_3D('',#15203,#10439,#10440);
#8721=AXIS2_PLACEMENT_3D('',#15204,#10441,#10442);
#8722=AXIS2_PLACEMENT_3D('',#15206,#10444,#10445);
#8723=AXIS2_PLACEMENT_3D('',#15208,#10447,#10448);
#8724=AXIS2_PLACEMENT_3D('',#15210,#10450,#10451);
#8725=AXIS2_PLACEMENT_3D('',#15212,#10453,#10454);
#8726=AXIS2_PLACEMENT_3D('',#15213,#10455,#10456);
#8727=AXIS2_PLACEMENT_3D('',#15214,#10457,#10458);
#8728=AXIS2_PLACEMENT_3D('',#15216,#10460,#10461);
#8729=AXIS2_PLACEMENT_3D('',#15217,#10462,#10463);
#8730=AXIS2_PLACEMENT_3D('',#15218,#10464,#10465);
#8731=DIRECTION('axis',(0.,0.,1.));
#8732=DIRECTION('refdir',(1.,0.,0.));
#8733=DIRECTION('center_axis',(1.36642833800019E-16,-1.,0.));
#8734=DIRECTION('ref_axis',(1.,1.36642833800019E-16,0.));
#8735=DIRECTION('',(0.,0.,1.));
#8736=DIRECTION('',(-1.,-1.36642833800019E-16,0.));
#8737=DIRECTION('',(0.,0.,-1.));
#8738=DIRECTION('',(1.,1.36642833800019E-16,0.));
#8739=DIRECTION('',(0.351571405736517,4.8039713162894E-17,0.936161068763517));
#8740=DIRECTION('',(0.363427668211292,4.96597864657242E-17,-0.931622418138648));
#8741=DIRECTION('',(1.,1.36642833800019E-16,0.));
#8742=DIRECTION('',(0.,0.,1.));
#8743=DIRECTION('',(-1.,-1.36642833800019E-16,0.));
#8744=DIRECTION('',(0.,0.,-1.));
#8745=DIRECTION('',(-0.357767090278159,-4.8886309055995E-17,0.933810852964293));
#8746=DIRECTION('',(-1.,-1.36642833800019E-16,0.));
#8747=DIRECTION('',(-0.360016483962486,-4.91936725833533E-17,-0.932945942311391));
#8748=DIRECTION('center_axis',(0.,0.,1.));
#8749=DIRECTION('ref_axis',(1.,0.,0.));
#8750=DIRECTION('',(1.,1.36642833800019E-16,0.));
#8751=DIRECTION('',(1.35646067853941E-16,-1.,0.));
#8752=DIRECTION('',(1.35646067853941E-16,-1.,0.));
#8753=DIRECTION('center_axis',(0.931622418138649,1.26370917745088E-16,0.363427668211292));
#8754=DIRECTION('ref_axis',(0.363427668211292,0.,-0.931622418138648));
#8755=DIRECTION('',(0.363427668211292,4.96597864657242E-17,-0.931622418138648));
#8756=DIRECTION('',(1.35646067853941E-16,-1.,0.));
#8757=DIRECTION('center_axis',(-0.936161068763517,-1.26986567855714E-16,
0.351571405736517));
#8758=DIRECTION('ref_axis',(0.351571405736517,0.,0.936161068763517));
#8759=DIRECTION('',(0.351571405736517,4.8039713162894E-17,0.936161068763517));
#8760=DIRECTION('',(1.35646067853941E-16,-1.,0.));
#8761=DIRECTION('center_axis',(0.,0.,1.));
#8762=DIRECTION('ref_axis',(1.,0.,0.));
#8763=DIRECTION('',(1.,1.36642833800019E-16,0.));
#8764=DIRECTION('',(1.35646067853941E-16,-1.,0.));
#8765=DIRECTION('center_axis',(1.,1.35646067853941E-16,0.));
#8766=DIRECTION('ref_axis',(0.,0.,-1.));
#8767=DIRECTION('',(0.,0.,-1.));
#8768=DIRECTION('',(1.35646067853941E-16,-1.,0.));
#8769=DIRECTION('center_axis',(0.,0.,-1.));
#8770=DIRECTION('ref_axis',(-1.,0.,0.));
#8771=DIRECTION('',(-1.,-1.36642833800019E-16,0.));
#8772=DIRECTION('',(1.35646067853941E-16,-1.,0.));
#8773=DIRECTION('center_axis',(-1.,-1.35646067853941E-16,0.));
#8774=DIRECTION('ref_axis',(0.,0.,1.));
#8775=DIRECTION('',(0.,0.,1.));
#8776=DIRECTION('',(1.35646067853941E-16,-1.,0.));
#8777=DIRECTION('center_axis',(0.932945942311391,1.2655044859483E-16,-0.360016483962486));
#8778=DIRECTION('ref_axis',(-0.360016483962486,0.,-0.932945942311391));
#8779=DIRECTION('',(-0.360016483962486,-4.91936725833533E-17,-0.932945942311391));
#8780=DIRECTION('',(1.35646067853941E-16,-1.,0.));
#8781=DIRECTION('center_axis',(0.,0.,-1.));
#8782=DIRECTION('ref_axis',(-1.,0.,0.));
#8783=DIRECTION('',(-1.,-1.36642833800019E-16,0.));
#8784=DIRECTION('',(1.35646067853941E-16,-1.,0.));
#8785=DIRECTION('center_axis',(-0.933810852964292,-1.26667770323941E-16,
-0.357767090278159));
#8786=DIRECTION('ref_axis',(-0.357767090278159,0.,0.933810852964293));
#8787=DIRECTION('',(-0.357767090278159,-4.8886309055995E-17,0.933810852964293));
#8788=DIRECTION('',(1.35646067853941E-16,-1.,0.));
#8789=DIRECTION('center_axis',(1.,1.35646067853941E-16,0.));
#8790=DIRECTION('ref_axis',(0.,0.,-1.));
#8791=DIRECTION('',(0.,0.,-1.));
#8792=DIRECTION('',(1.35646067853941E-16,-1.,0.));
#8793=DIRECTION('center_axis',(0.,0.,-1.));
#8794=DIRECTION('ref_axis',(-1.,0.,0.));
#8795=DIRECTION('',(-1.,-1.36642833800019E-16,0.));
#8796=DIRECTION('',(1.35646067853941E-16,-1.,0.));
#8797=DIRECTION('center_axis',(-1.,-1.35646067853941E-16,0.));
#8798=DIRECTION('ref_axis',(0.,0.,1.));
#8799=DIRECTION('',(0.,0.,1.));
#8800=DIRECTION('center_axis',(1.36642833800019E-16,-1.,0.));
#8801=DIRECTION('ref_axis',(1.,1.36642833800019E-16,0.));
#8802=DIRECTION('',(1.35646067853941E-16,-1.,0.));
#8803=DIRECTION('',(1.35646067853941E-16,-1.,0.));
#8804=DIRECTION('center_axis',(-1.,-1.36642218664744E-16,0.));
#8805=DIRECTION('ref_axis',(0.,0.,1.));
#8806=DIRECTION('',(0.,0.,1.));
#8807=DIRECTION('',(1.36642218664744E-16,-1.,0.));
#8808=DIRECTION('',(0.,0.,1.));
#8809=DIRECTION('',(1.36642218664744E-16,-1.,0.));
#8810=DIRECTION('center_axis',(0.,0.,-1.));
#8811=DIRECTION('ref_axis',(-1.,0.,0.));
#8812=DIRECTION('',(-1.,-1.36642833800019E-16,0.));
#8813=DIRECTION('',(1.36642218664744E-16,-1.,0.));
#8814=DIRECTION('',(-1.,-1.36642833800019E-16,0.));
#8815=DIRECTION('center_axis',(-1.,-1.36642218664744E-16,0.));
#8816=DIRECTION('ref_axis',(0.,0.,1.));
#8817=DIRECTION('',(0.,0.,1.));
#8818=DIRECTION('',(1.36642218664744E-16,-1.,0.));
#8819=DIRECTION('',(0.,0.,1.));
#8820=DIRECTION('',(1.36642218664744E-16,-1.,0.));
#8821=DIRECTION('center_axis',(1.,1.36642218664744E-16,0.));
#8822=DIRECTION('ref_axis',(0.,0.,-1.));
#8823=DIRECTION('',(0.,0.,-1.));
#8824=DIRECTION('',(1.36642218664744E-16,-1.,0.));
#8825=DIRECTION('',(0.,0.,-1.));
#8826=DIRECTION('center_axis',(0.,0.,1.));
#8827=DIRECTION('ref_axis',(1.,0.,0.));
#8828=DIRECTION('',(1.,1.36642833800019E-16,0.));
#8829=DIRECTION('',(1.36642218664744E-16,-1.,0.));
#8830=DIRECTION('',(1.,1.36642833800019E-16,0.));
#8831=DIRECTION('',(1.36642218664744E-16,-1.,0.));
#8832=DIRECTION('center_axis',(1.,1.36642218664744E-16,0.));
#8833=DIRECTION('ref_axis',(0.,0.,-1.));
#8834=DIRECTION('',(0.,0.,-1.));
#8835=DIRECTION('',(1.36642218664744E-16,-1.,0.));
#8836=DIRECTION('',(0.,0.,-1.));
#8837=DIRECTION('center_axis',(0.,0.,-1.));
#8838=DIRECTION('ref_axis',(-1.,0.,0.));
#8839=DIRECTION('',(-1.,-1.36642833800019E-16,0.));
#8840=DIRECTION('',(1.36642218664744E-16,-1.,0.));
#8841=DIRECTION('',(-1.,-1.36642833800019E-16,0.));
#8842=DIRECTION('center_axis',(1.,1.36642218664744E-16,0.));
#8843=DIRECTION('ref_axis',(0.,0.,-1.));
#8844=DIRECTION('',(0.,0.,-1.));
#8845=DIRECTION('',(1.36642218664744E-16,-1.,0.));
#8846=DIRECTION('',(0.,0.,-1.));
#8847=DIRECTION('center_axis',(0.,0.,1.));
#8848=DIRECTION('ref_axis',(1.,0.,0.));
#8849=DIRECTION('',(1.,1.36642833800019E-16,0.));
#8850=DIRECTION('',(1.36642218664744E-16,-1.,0.));
#8851=DIRECTION('',(1.,1.36642833800019E-16,0.));
#8852=DIRECTION('center_axis',(1.,1.36642218664744E-16,0.));
#8853=DIRECTION('ref_axis',(0.,0.,-1.));
#8854=DIRECTION('',(0.,0.,-1.));
#8855=DIRECTION('',(1.36642218664744E-16,-1.,0.));
#8856=DIRECTION('',(0.,0.,-1.));
#8857=DIRECTION('center_axis',(0.,0.,1.));
#8858=DIRECTION('ref_axis',(1.,0.,0.));
#8859=DIRECTION('',(1.,1.36642833800019E-16,0.));
#8860=DIRECTION('',(1.36642218664744E-16,-1.,0.));
#8861=DIRECTION('',(1.,1.36642833800019E-16,0.));
#8862=DIRECTION('center_axis',(-1.,-1.36642218664744E-16,0.));
#8863=DIRECTION('ref_axis',(0.,0.,1.));
#8864=DIRECTION('',(0.,0.,1.));
#8865=DIRECTION('',(1.36642218664744E-16,-1.,0.));
#8866=DIRECTION('',(0.,0.,1.));
#8867=DIRECTION('center_axis',(0.,0.,1.));
#8868=DIRECTION('ref_axis',(1.,0.,0.));
#8869=DIRECTION('',(1.,1.36642833800019E-16,0.));
#8870=DIRECTION('',(1.,1.36642833800019E-16,0.));
#8871=DIRECTION('center_axis',(1.36642833800019E-16,-1.,0.));
#8872=DIRECTION('ref_axis',(1.,1.36642833800019E-16,0.));
#8873=DIRECTION('center_axis',(1.36642833800019E-16,-1.,0.));
#8874=DIRECTION('ref_axis',(1.,1.36642833800019E-16,0.));
#8875=DIRECTION('',(1.35646067853941E-16,-1.,0.));
#8876=DIRECTION('',(1.35646067853941E-16,-1.,0.));
#8877=DIRECTION('',(1.35646067853941E-16,-1.,0.));
#8878=DIRECTION('',(1.35646067853941E-16,-1.,0.));
#8879=DIRECTION('',(1.35646067853941E-16,-1.,0.));
#8880=DIRECTION('',(1.35646067853941E-16,-1.,0.));
#8881=DIRECTION('',(1.35646067853941E-16,-1.,0.));
#8882=DIRECTION('',(1.35646067853941E-16,-1.,0.));
#8883=DIRECTION('',(1.35646067853941E-16,-1.,0.));
#8884=DIRECTION('',(1.35646067853941E-16,-1.,0.));
#8885=DIRECTION('',(1.35646067853941E-16,-1.,0.));
#8886=DIRECTION('',(1.35646067853941E-16,-1.,0.));
#8887=DIRECTION('',(1.35646067853941E-16,-1.,0.));
#8888=DIRECTION('',(1.35646067853941E-16,-1.,0.));
#8889=DIRECTION('',(1.35646067853941E-16,-1.,0.));
#8890=DIRECTION('',(1.35646067853941E-16,-1.,0.));
#8891=DIRECTION('center_axis',(1.,1.35646067853941E-16,0.));
#8892=DIRECTION('ref_axis',(0.,0.,-1.));
#8893=DIRECTION('',(0.,0.,-1.));
#8894=DIRECTION('',(1.35646067853941E-16,-1.,0.));
#8895=DIRECTION('',(0.,0.,-1.));
#8896=DIRECTION('',(1.35646067853941E-16,-1.,0.));
#8897=DIRECTION('center_axis',(0.,0.,1.));
#8898=DIRECTION('ref_axis',(1.,0.,0.));
#8899=DIRECTION('',(1.,1.36642833800019E-16,0.));
#8900=DIRECTION('',(1.35646067853941E-16,-1.,0.));
#8901=DIRECTION('',(1.,1.36642833800019E-16,0.));
#8902=DIRECTION('center_axis',(-1.,-1.35646067853941E-16,0.));
#8903=DIRECTION('ref_axis',(0.,0.,1.));
#8904=DIRECTION('',(0.,0.,1.));
#8905=DIRECTION('',(1.35646067853941E-16,-1.,0.));
#8906=DIRECTION('',(0.,0.,1.));
#8907=DIRECTION('center_axis',(0.,0.,-1.));
#8908=DIRECTION('ref_axis',(-1.,0.,0.));
#8909=DIRECTION('',(-1.,-1.36642833800019E-16,0.));
#8910=DIRECTION('',(1.35646067853941E-16,-1.,0.));
#8911=DIRECTION('',(-1.,-1.36642833800019E-16,0.));
#8912=DIRECTION('center_axis',(1.,1.35646067853941E-16,0.));
#8913=DIRECTION('ref_axis',(0.,0.,-1.));
#8914=DIRECTION('',(0.,0.,-1.));
#8915=DIRECTION('',(1.35646067853941E-16,-1.,0.));
#8916=DIRECTION('',(0.,0.,-1.));
#8917=DIRECTION('',(1.35646067853941E-16,-1.,0.));
#8918=DIRECTION('center_axis',(-1.,-1.35646067853941E-16,0.));
#8919=DIRECTION('ref_axis',(0.,0.,1.));
#8920=DIRECTION('',(0.,0.,1.));
#8921=DIRECTION('',(1.35646067853941E-16,-1.,0.));
#8922=DIRECTION('',(0.,0.,1.));
#8923=DIRECTION('center_axis',(0.,0.,-1.));
#8924=DIRECTION('ref_axis',(-1.,0.,0.));
#8925=DIRECTION('',(-1.,-1.36642833800019E-16,0.));
#8926=DIRECTION('',(1.35646067853941E-16,-1.,0.));
#8927=DIRECTION('',(-1.,-1.36642833800019E-16,0.));
#8928=DIRECTION('center_axis',(1.,1.35646067853941E-16,0.));
#8929=DIRECTION('ref_axis',(0.,0.,-1.));
#8930=DIRECTION('',(0.,0.,-1.));
#8931=DIRECTION('',(1.35646067853941E-16,-1.,0.));
#8932=DIRECTION('',(0.,0.,-1.));
#8933=DIRECTION('',(1.35646067853941E-16,-1.,0.));
#8934=DIRECTION('center_axis',(-1.,-1.35646067853941E-16,0.));
#8935=DIRECTION('ref_axis',(0.,0.,1.));
#8936=DIRECTION('',(0.,0.,1.));
#8937=DIRECTION('',(1.35646067853941E-16,-1.,0.));
#8938=DIRECTION('',(0.,0.,1.));
#8939=DIRECTION('center_axis',(0.,0.,-1.));
#8940=DIRECTION('ref_axis',(-1.,0.,0.));
#8941=DIRECTION('',(-1.,-1.36642833800019E-16,0.));
#8942=DIRECTION('',(1.35646067853941E-16,-1.,0.));
#8943=DIRECTION('',(-1.,-1.36642833800019E-16,0.));
#8944=DIRECTION('center_axis',(1.,1.35646067853941E-16,0.));
#8945=DIRECTION('ref_axis',(0.,0.,-1.));
#8946=DIRECTION('',(0.,0.,-1.));
#8947=DIRECTION('',(1.35646067853941E-16,-1.,0.));
#8948=DIRECTION('',(0.,0.,-1.));
#8949=DIRECTION('',(1.35646067853941E-16,-1.,0.));
#8950=DIRECTION('',(1.35646067853941E-16,-1.,0.));
#8951=DIRECTION('center_axis',(0.,0.,1.));
#8952=DIRECTION('ref_axis',(1.,0.,0.));
#8953=DIRECTION('',(1.,1.36642833800019E-16,0.));
#8954=DIRECTION('',(1.,1.36642833800019E-16,0.));
#8955=DIRECTION('center_axis',(1.36642833800019E-16,-1.,0.));
#8956=DIRECTION('ref_axis',(1.,1.36642833800019E-16,0.));
#8957=DIRECTION('center_axis',(1.36642833800019E-16,-1.,0.));
#8958=DIRECTION('ref_axis',(1.,1.36642833800019E-16,0.));
#8959=DIRECTION('',(0.,0.,-1.));
#8960=DIRECTION('',(1.,1.36642833800019E-16,0.));
#8961=DIRECTION('',(0.,0.,1.));
#8962=DIRECTION('',(-1.,-1.36642833800019E-16,0.));
#8963=DIRECTION('center_axis',(0.,0.,1.));
#8964=DIRECTION('ref_axis',(1.,0.,0.));
#8965=DIRECTION('',(1.,1.36642833800019E-16,0.));
#8966=DIRECTION('',(1.35646067853941E-16,-1.,0.));
#8967=DIRECTION('',(1.35646067853941E-16,-1.,0.));
#8968=DIRECTION('center_axis',(1.,1.35646067853941E-16,0.));
#8969=DIRECTION('ref_axis',(0.,0.,-1.));
#8970=DIRECTION('',(0.,0.,-1.));
#8971=DIRECTION('',(1.35646067853941E-16,-1.,0.));
#8972=DIRECTION('center_axis',(0.,0.,-1.));
#8973=DIRECTION('ref_axis',(-1.,0.,0.));
#8974=DIRECTION('',(-1.,-1.36642833800019E-16,0.));
#8975=DIRECTION('',(1.35646067853941E-16,-1.,0.));
#8976=DIRECTION('center_axis',(-1.,-1.35646067853941E-16,0.));
#8977=DIRECTION('ref_axis',(0.,0.,1.));
#8978=DIRECTION('',(0.,0.,1.));
#8979=DIRECTION('center_axis',(0.,0.,1.));
#8980=DIRECTION('ref_axis',(1.,0.,0.));
#8981=DIRECTION('',(1.,1.36642833800019E-16,0.));
#8982=DIRECTION('',(1.35646067853941E-16,-1.,0.));
#8983=DIRECTION('',(1.,1.36642833800019E-16,0.));
#8984=DIRECTION('',(1.35646067853941E-16,-1.,0.));
#8985=DIRECTION('',(1.35646067853941E-16,-1.,0.));
#8986=DIRECTION('',(1.35646067853941E-16,-1.,0.));
#8987=DIRECTION('center_axis',(0.223431033647753,3.03075411508593E-17,0.974719740850208));
#8988=DIRECTION('ref_axis',(0.974719740850208,0.,-0.223431033647753));
#8989=DIRECTION('',(0.974719740850208,1.33188467550593E-16,-0.223431033647753));
#8990=DIRECTION('',(1.35646067853941E-16,-1.,0.));
#8991=DIRECTION('',(0.974719740850208,1.33188467550593E-16,-0.223431033647753));
#8992=DIRECTION('',(1.35646067853941E-16,-1.,0.));
#8993=DIRECTION('center_axis',(0.,0.,-1.));
#8994=DIRECTION('ref_axis',(-1.,0.,0.));
#8995=DIRECTION('',(-1.,-1.36642833800019E-16,0.));
#8996=DIRECTION('',(1.35646067853941E-16,-1.,0.));
#8997=DIRECTION('',(-1.,-1.36642833800019E-16,0.));
#8998=DIRECTION('',(1.35646067853941E-16,-1.,0.));
#8999=DIRECTION('center_axis',(-0.225474588627695,-3.05847413483317E-17,
-0.974249049208246));
#9000=DIRECTION('ref_axis',(-0.974249049208246,0.,0.225474588627694));
#9001=DIRECTION('',(-0.974249049208246,-1.33124150910789E-16,0.225474588627694));
#9002=DIRECTION('',(1.35646067853941E-16,-1.,0.));
#9003=DIRECTION('',(-0.974249049208246,-1.33124150910789E-16,0.225474588627694));
#9004=DIRECTION('center_axis',(1.36642833800019E-16,-1.,0.));
#9005=DIRECTION('ref_axis',(1.,1.36642833800019E-16,0.));
#9006=DIRECTION('center_axis',(1.36642833800019E-16,-1.,0.));
#9007=DIRECTION('ref_axis',(1.,1.36642833800019E-16,0.));
#9008=DIRECTION('',(0.,0.,-1.));
#9009=DIRECTION('',(1.,1.36642833800019E-16,0.));
#9010=DIRECTION('',(0.,0.,1.));
#9011=DIRECTION('',(-1.,-1.36642833800019E-16,0.));
#9012=DIRECTION('center_axis',(0.,0.,1.));
#9013=DIRECTION('ref_axis',(1.,0.,0.));
#9014=DIRECTION('',(1.,1.36642833800019E-16,0.));
#9015=DIRECTION('',(1.35646067853941E-16,-1.,0.));
#9016=DIRECTION('',(1.35646067853941E-16,-1.,0.));
#9017=DIRECTION('center_axis',(1.,1.35646067853941E-16,0.));
#9018=DIRECTION('ref_axis',(0.,0.,-1.));
#9019=DIRECTION('',(0.,0.,-1.));
#9020=DIRECTION('',(1.35646067853941E-16,-1.,0.));
#9021=DIRECTION('center_axis',(0.,0.,-1.));
#9022=DIRECTION('ref_axis',(-1.,0.,0.));
#9023=DIRECTION('',(-1.,-1.36642833800019E-16,0.));
#9024=DIRECTION('',(1.35646067853941E-16,-1.,0.));
#9025=DIRECTION('center_axis',(-1.,-1.35646067853941E-16,0.));
#9026=DIRECTION('ref_axis',(0.,0.,1.));
#9027=DIRECTION('',(0.,0.,1.));
#9028=DIRECTION('',(1.36324298193211E-16,-1.,0.));
#9029=DIRECTION('',(1.36324298193211E-16,-1.,0.));
#9030=DIRECTION('center_axis',(1.36642833800019E-16,-1.,0.));
#9031=DIRECTION('ref_axis',(1.,1.36642833800019E-16,0.));
#9032=DIRECTION('center_axis',(1.36642833800019E-16,-1.,0.));
#9033=DIRECTION('ref_axis',(1.,1.36642833800019E-16,0.));
#9034=DIRECTION('',(0.,0.,-1.));
#9035=DIRECTION('',(-1.,-1.36642833800019E-16,0.));
#9036=DIRECTION('',(0.992384975231886,1.35602295236247E-16,0.123174920069016));
#9037=DIRECTION('',(0.,0.,-1.));
#9038=DIRECTION('',(-3.58303647714876E-14,-4.89596257846445E-30,1.));
#9039=DIRECTION('',(1.35646067853941E-16,-1.,0.));
#9040=DIRECTION('',(1.35646067853941E-16,-1.,0.));
#9041=DIRECTION('center_axis',(1.,1.35646067853941E-16,3.58303647714876E-14));
#9042=DIRECTION('ref_axis',(3.58303647714876E-14,0.,-1.));
#9043=DIRECTION('',(-3.58303647714876E-14,-4.89596257846445E-30,1.));
#9044=DIRECTION('',(1.35646067853941E-16,-1.,0.));
#9045=DIRECTION('center_axis',(-0.123174920069016,-1.67081935655855E-17,
0.992384975231886));
#9046=DIRECTION('ref_axis',(0.992384975231886,0.,0.123174920069016));
#9047=DIRECTION('',(0.992384975231886,1.35602295236247E-16,0.123174920069016));
#9048=DIRECTION('',(1.35646067853941E-16,-1.,0.));
#9049=DIRECTION('',(1.35646067853941E-16,-1.,0.));
#9050=DIRECTION('',(1.35646067853941E-16,-1.,0.));
#9051=DIRECTION('center_axis',(0.,0.,-1.));
#9052=DIRECTION('ref_axis',(-1.,0.,0.));
#9053=DIRECTION('',(-1.,-1.36642833800019E-16,0.));
#9054=DIRECTION('',(1.35646067853941E-16,-1.,0.));
#9055=DIRECTION('',(1.35646067853941E-16,-1.,0.));
#9056=DIRECTION('center_axis',(1.,1.35646067853941E-16,0.));
#9057=DIRECTION('ref_axis',(0.,0.,-1.));
#9058=DIRECTION('',(0.,0.,-1.));
#9059=DIRECTION('',(1.35646067853941E-16,-1.,0.));
#9060=DIRECTION('',(1.35646067853941E-16,-1.,0.));
#9061=DIRECTION('center_axis',(1.,1.35646067853941E-16,0.));
#9062=DIRECTION('ref_axis',(0.,0.,-1.));
#9063=DIRECTION('',(0.,0.,-1.));
#9064=DIRECTION('',(1.35646067853941E-16,-1.,0.));
#9065=DIRECTION('',(1.35646067853941E-16,-1.,0.));
#9066=DIRECTION('center_axis',(0.,0.,-1.));
#9067=DIRECTION('ref_axis',(-1.,0.,0.));
#9068=DIRECTION('',(-1.,-1.36642833800019E-16,0.));
#9069=DIRECTION('',(1.35646067853941E-16,-1.,0.));
#9070=DIRECTION('',(-1.,-1.36642833800019E-16,0.));
#9071=DIRECTION('',(1.35646067853941E-16,-1.,0.));
#9072=DIRECTION('center_axis',(-1.,-1.35646067853941E-16,0.));
#9073=DIRECTION('ref_axis',(0.,0.,1.));
#9074=DIRECTION('',(0.,0.,1.));
#9075=DIRECTION('',(1.35646067853941E-16,-1.,0.));
#9076=DIRECTION('',(0.,0.,1.));
#9077=DIRECTION('',(1.35646067853941E-16,-1.,0.));
#9078=DIRECTION('center_axis',(0.,0.,1.));
#9079=DIRECTION('ref_axis',(1.,0.,0.));
#9080=DIRECTION('',(1.,1.36642833800019E-16,0.));
#9081=DIRECTION('',(1.35646067853941E-16,-1.,0.));
#9082=DIRECTION('',(1.,1.36642833800019E-16,0.));
#9083=DIRECTION('',(1.35646067853941E-16,-1.,0.));
#9084=DIRECTION('center_axis',(1.,1.35646067853941E-16,0.));
#9085=DIRECTION('ref_axis',(0.,0.,-1.));
#9086=DIRECTION('',(0.,0.,-1.));
#9087=DIRECTION('',(1.35646067853941E-16,-1.,0.));
#9088=DIRECTION('',(0.,0.,-1.));
#9089=DIRECTION('center_axis',(0.,0.,1.));
#9090=DIRECTION('ref_axis',(1.,0.,0.));
#9091=DIRECTION('',(1.,1.36642833800019E-16,0.));
#9092=DIRECTION('',(1.35646067853941E-16,-1.,0.));
#9093=DIRECTION('',(1.,1.36642833800019E-16,0.));
#9094=DIRECTION('center_axis',(-1.,-1.35646067853941E-16,0.));
#9095=DIRECTION('ref_axis',(0.,0.,1.));
#9096=DIRECTION('',(0.,0.,1.));
#9097=DIRECTION('',(1.35646067853941E-16,-1.,0.));
#9098=DIRECTION('',(0.,0.,1.));
#9099=DIRECTION('center_axis',(0.,0.,1.));
#9100=DIRECTION('ref_axis',(1.,0.,0.));
#9101=DIRECTION('',(1.,1.36642833800019E-16,0.));
#9102=DIRECTION('',(1.35646067853941E-16,-1.,0.));
#9103=DIRECTION('',(1.,1.36642833800019E-16,0.));
#9104=DIRECTION('',(1.35646067853941E-16,-1.,0.));
#9105=DIRECTION('center_axis',(1.,1.35646067853941E-16,0.));
#9106=DIRECTION('ref_axis',(0.,0.,-1.));
#9107=DIRECTION('',(0.,0.,-1.));
#9108=DIRECTION('',(0.,0.,-1.));
#9109=DIRECTION('',(1.35646067853941E-16,-1.,0.));
#9110=DIRECTION('center_axis',(1.36642833800019E-16,-1.,0.));
#9111=DIRECTION('ref_axis',(1.,1.36642833800019E-16,0.));
#9112=DIRECTION('center_axis',(1.36642833800019E-16,-1.,0.));
#9113=DIRECTION('ref_axis',(1.,1.36642833800019E-16,0.));
#9114=DIRECTION('',(-1.,-1.36642833800019E-16,0.));
#9115=DIRECTION('',(1.,1.36642833800019E-16,0.));
#9116=DIRECTION('center_axis',(0.,0.,-1.));
#9117=DIRECTION('ref_axis',(-1.,0.,0.));
#9118=DIRECTION('',(-1.,-1.36642833800019E-16,0.));
#9119=DIRECTION('',(1.35646067853941E-16,-1.,0.));
#9120=DIRECTION('',(1.35646067853941E-16,-1.,0.));
#9121=DIRECTION('',(1.35646067853941E-16,-1.,0.));
#9122=DIRECTION('center_axis',(0.,0.,1.));
#9123=DIRECTION('ref_axis',(1.,0.,0.));
#9124=DIRECTION('',(1.,1.36642833800019E-16,0.));
#9125=DIRECTION('',(1.35646067853941E-16,-1.,0.));
#9126=DIRECTION('',(1.35646067853941E-16,-1.,0.));
#9127=DIRECTION('',(1.35646067853941E-16,-1.,0.));
#9128=DIRECTION('center_axis',(1.36642833800019E-16,-1.,0.));
#9129=DIRECTION('ref_axis',(1.,1.36642833800019E-16,0.));
#9130=DIRECTION('center_axis',(1.36642833800019E-16,-1.,0.));
#9131=DIRECTION('ref_axis',(1.,1.36642833800019E-16,0.));
#9132=DIRECTION('',(0.,0.,-1.));
#9133=DIRECTION('',(-1.,-1.36642833800019E-16,0.));
#9134=DIRECTION('',(1.,1.36642833800019E-16,0.));
#9135=DIRECTION('',(0.,0.,-1.));
#9136=DIRECTION('',(1.,1.36642833800019E-16,0.));
#9137=DIRECTION('',(0.,0.,1.));
#9138=DIRECTION('',(-1.,-1.36642833800019E-16,0.));
#9139=DIRECTION('',(1.37002528532481E-16,-1.,0.));
#9140=DIRECTION('center_axis',(0.,0.,1.));
#9141=DIRECTION('ref_axis',(1.,0.,0.));
#9142=DIRECTION('',(1.,1.36642833800019E-16,0.));
#9143=DIRECTION('',(1.37002528532481E-16,-1.,0.));
#9144=DIRECTION('',(1.37002528532481E-16,-1.,0.));
#9145=DIRECTION('',(1.37002528532481E-16,-1.,0.));
#9146=DIRECTION('center_axis',(0.,0.,-1.));
#9147=DIRECTION('ref_axis',(-1.,0.,0.));
#9148=DIRECTION('',(-1.,-1.36642833800019E-16,0.));
#9149=DIRECTION('',(1.37002528532481E-16,-1.,0.));
#9150=DIRECTION('center_axis',(1.,1.37002528532481E-16,0.));
#9151=DIRECTION('ref_axis',(0.,0.,-1.));
#9152=DIRECTION('',(0.,0.,-1.));
#9153=DIRECTION('',(1.37002528532481E-16,-1.,0.));
#9154=DIRECTION('center_axis',(0.,0.,-1.));
#9155=DIRECTION('ref_axis',(-1.,0.,0.));
#9156=DIRECTION('',(-1.,-1.36642833800019E-16,0.));
#9157=DIRECTION('',(1.37002528532481E-16,-1.,0.));
#9158=DIRECTION('center_axis',(-1.,-1.37002528532481E-16,0.));
#9159=DIRECTION('ref_axis',(0.,0.,1.));
#9160=DIRECTION('',(0.,0.,1.));
#9161=DIRECTION('',(1.37002528532481E-16,-1.,0.));
#9162=DIRECTION('center_axis',(0.,0.,1.));
#9163=DIRECTION('ref_axis',(1.,0.,0.));
#9164=DIRECTION('',(1.,1.36642833800019E-16,0.));
#9165=DIRECTION('',(1.37002528532481E-16,-1.,0.));
#9166=DIRECTION('center_axis',(1.,1.37002528532481E-16,0.));
#9167=DIRECTION('ref_axis',(0.,0.,-1.));
#9168=DIRECTION('',(0.,0.,-1.));
#9169=DIRECTION('center_axis',(-1.,-1.35646067853941E-16,0.));
#9170=DIRECTION('ref_axis',(0.,0.,1.));
#9171=DIRECTION('',(0.,0.,1.));
#9172=DIRECTION('',(1.35646067853941E-16,-1.,0.));
#9173=DIRECTION('',(0.,0.,1.));
#9174=DIRECTION('',(1.35646067853941E-16,-1.,0.));
#9175=DIRECTION('center_axis',(0.,0.,-1.));
#9176=DIRECTION('ref_axis',(-1.,0.,0.));
#9177=DIRECTION('',(-1.,-1.36642833800019E-16,0.));
#9178=DIRECTION('',(1.35646067853941E-16,-1.,0.));
#9179=DIRECTION('',(-1.,-1.36642833800019E-16,0.));
#9180=DIRECTION('center_axis',(1.,1.35646067853941E-16,0.));
#9181=DIRECTION('ref_axis',(0.,0.,-1.));
#9182=DIRECTION('',(0.,0.,-1.));
#9183=DIRECTION('',(1.35646067853941E-16,-1.,0.));
#9184=DIRECTION('',(0.,0.,-1.));
#9185=DIRECTION('center_axis',(0.,0.,-1.));
#9186=DIRECTION('ref_axis',(-1.,0.,0.));
#9187=DIRECTION('',(-1.,-1.36642833800019E-16,0.));
#9188=DIRECTION('',(1.35646067853941E-16,-1.,0.));
#9189=DIRECTION('',(-1.,-1.36642833800019E-16,0.));
#9190=DIRECTION('center_axis',(-0.886367841153464,-1.20232312324654E-16,
-0.462981695284973));
#9191=DIRECTION('ref_axis',(-0.462981695284973,0.,0.886367841153464));
#9192=DIRECTION('',(-0.462981695284973,-6.32631308412758E-17,0.886367841153464));
#9193=DIRECTION('',(1.35646067853941E-16,-1.,0.));
#9194=DIRECTION('',(-0.462981695284973,-6.32631308412758E-17,0.886367841153464));
#9195=DIRECTION('center_axis',(0.,0.,-1.));
#9196=DIRECTION('ref_axis',(-1.,0.,0.));
#9197=DIRECTION('',(1.,1.36642833800019E-16,0.));
#9198=DIRECTION('',(1.35646067853941E-16,-1.,0.));
#9199=DIRECTION('',(1.,1.36642833800019E-16,0.));
#9200=DIRECTION('',(1.35646067853941E-16,-1.,0.));
#9201=DIRECTION('',(1.35646067853941E-16,-1.,0.));
#9202=DIRECTION('center_axis',(0.,0.,-1.));
#9203=DIRECTION('ref_axis',(-1.,0.,0.));
#9204=DIRECTION('',(-1.,-1.36642833800019E-16,0.));
#9205=DIRECTION('',(1.35646067853941E-16,-1.,0.));
#9206=DIRECTION('',(-1.,-1.36642833800019E-16,0.));
#9207=DIRECTION('center_axis',(0.867883601853081,1.17724997946286E-16,0.49676760525876));
#9208=DIRECTION('ref_axis',(0.49676760525876,0.,-0.867883601853081));
#9209=DIRECTION('',(0.49676760525876,6.78797333226063E-17,-0.867883601853081));
#9210=DIRECTION('',(1.35646067853941E-16,-1.,0.));
#9211=DIRECTION('',(0.49676760525876,6.78797333226063E-17,-0.867883601853081));
#9212=DIRECTION('',(1.35646067853941E-16,-1.,0.));
#9213=DIRECTION('',(1.35646067853941E-16,-1.,0.));
#9214=DIRECTION('center_axis',(0.,0.,1.));
#9215=DIRECTION('ref_axis',(1.,0.,0.));
#9216=DIRECTION('',(1.,1.36642833800019E-16,0.));
#9217=DIRECTION('',(1.,1.36642833800019E-16,0.));
#9218=DIRECTION('center_axis',(-1.,-1.35646067853941E-16,0.));
#9219=DIRECTION('ref_axis',(0.,0.,1.));
#9220=DIRECTION('',(0.,0.,-1.));
#9221=DIRECTION('',(1.35646067853941E-16,-1.,0.));
#9222=DIRECTION('',(0.,0.,-1.));
#9223=DIRECTION('center_axis',(0.,0.,1.));
#9224=DIRECTION('ref_axis',(1.,0.,0.));
#9225=DIRECTION('',(-1.,-1.36642833800019E-16,0.));
#9226=DIRECTION('',(-1.,-1.36642833800019E-16,0.));
#9227=DIRECTION('center_axis',(1.36642833800019E-16,-1.,0.));
#9228=DIRECTION('ref_axis',(1.,1.36642833800019E-16,0.));
#9229=DIRECTION('center_axis',(1.36642833800019E-16,-1.,0.));
#9230=DIRECTION('ref_axis',(1.,1.36642833800019E-16,0.));
#9231=DIRECTION('',(-1.,-1.36642833800019E-16,0.));
#9232=DIRECTION('',(0.446127292859285,6.09600975318237E-17,-0.89496951823291));
#9233=DIRECTION('',(1.,1.36642833800019E-16,0.));
#9234=DIRECTION('',(-0.435714081848804,-5.95372068703941E-17,0.900085128684312));
#9235=DIRECTION('',(0.453840171692379,6.20140071523339E-17,0.891083104181777));
#9236=DIRECTION('',(-1.,-1.36642833800019E-16,0.));
#9237=DIRECTION('',(-0.465359652486232,-6.3588061651911E-17,-0.885121683068432));
#9238=DIRECTION('',(1.,1.36642833800019E-16,0.));
#9239=DIRECTION('',(-0.44793527772034,-6.12071457067059E-17,-0.894065985805076));
#9240=DIRECTION('',(0.435923837869426,5.95658685274585E-17,-0.899983559614947));
#9241=DIRECTION('center_axis',(-0.891083104181777,-1.20871919213342E-16,
0.453840171692379));
#9242=DIRECTION('ref_axis',(0.453840171692379,0.,0.891083104181777));
#9243=DIRECTION('',(0.453840171692379,6.20140071523339E-17,0.891083104181777));
#9244=DIRECTION('',(1.35646067853941E-16,-1.,0.));
#9245=DIRECTION('',(1.35646067853941E-16,-1.,0.));
#9246=DIRECTION('center_axis',(-0.900085128684312,-1.22093008439836E-16,
-0.435714081848804));
#9247=DIRECTION('ref_axis',(-0.435714081848804,0.,0.900085128684312));
#9248=DIRECTION('',(-0.435714081848804,-5.95372068703941E-17,0.900085128684312));
#9249=DIRECTION('',(1.35646067853941E-16,-1.,0.));
#9250=DIRECTION('center_axis',(0.,0.,1.));
#9251=DIRECTION('ref_axis',(1.,0.,0.));
#9252=DIRECTION('',(1.,1.36642833800019E-16,0.));
#9253=DIRECTION('',(1.35646067853941E-16,-1.,0.));
#9254=DIRECTION('center_axis',(0.89496951823291,1.2139909599743E-16,0.446127292859285));
#9255=DIRECTION('ref_axis',(0.446127292859285,0.,-0.89496951823291));
#9256=DIRECTION('',(0.446127292859285,6.09600975318237E-17,-0.89496951823291));
#9257=DIRECTION('',(1.35646067853941E-16,-1.,0.));
#9258=DIRECTION('center_axis',(0.,0.,-1.));
#9259=DIRECTION('ref_axis',(-1.,0.,0.));
#9260=DIRECTION('',(-1.,-1.36642833800019E-16,0.));
#9261=DIRECTION('',(1.35646067853941E-16,-1.,0.));
#9262=DIRECTION('center_axis',(0.899983559614947,1.22079230994961E-16,0.435923837869426));
#9263=DIRECTION('ref_axis',(0.435923837869426,0.,-0.899983559614947));
#9264=DIRECTION('',(0.435923837869426,5.95658685274585E-17,-0.899983559614947));
#9265=DIRECTION('',(1.35646067853941E-16,-1.,0.));
#9266=DIRECTION('center_axis',(0.894065985805076,1.21276535376416E-16,-0.44793527772034));
#9267=DIRECTION('ref_axis',(-0.44793527772034,0.,-0.894065985805076));
#9268=DIRECTION('',(-0.44793527772034,-6.12071457067059E-17,-0.894065985805076));
#9269=DIRECTION('',(1.35646067853941E-16,-1.,0.));
#9270=DIRECTION('center_axis',(0.,0.,1.));
#9271=DIRECTION('ref_axis',(1.,0.,0.));
#9272=DIRECTION('',(1.,1.36642833800019E-16,0.));
#9273=DIRECTION('',(1.35646067853941E-16,-1.,0.));
#9274=DIRECTION('center_axis',(0.885121683068432,1.20063275880495E-16,-0.465359652486232));
#9275=DIRECTION('ref_axis',(-0.465359652486232,0.,-0.885121683068432));
#9276=DIRECTION('',(-0.465359652486232,-6.3588061651911E-17,-0.885121683068432));
#9277=DIRECTION('',(1.35646067853941E-16,-1.,0.));
#9278=DIRECTION('center_axis',(0.,0.,-1.));
#9279=DIRECTION('ref_axis',(-1.,0.,0.));
#9280=DIRECTION('',(-1.,-1.36642833800019E-16,0.));
#9281=DIRECTION('',(1.35646067853941E-16,-1.,0.));
#9282=DIRECTION('',(1.35646067853941E-16,-1.,0.));
#9283=DIRECTION('',(1.35646067853941E-16,-1.,0.));
#9284=DIRECTION('center_axis',(0.,0.,1.));
#9285=DIRECTION('ref_axis',(1.,0.,0.));
#9286=DIRECTION('',(1.,1.36642833800019E-16,0.));
#9287=DIRECTION('',(1.35646067853941E-16,-1.,0.));
#9288=DIRECTION('',(1.,1.36642833800019E-16,0.));
#9289=DIRECTION('center_axis',(-1.,-1.35646067853941E-16,0.));
#9290=DIRECTION('ref_axis',(0.,0.,1.));
#9291=DIRECTION('',(0.,0.,1.));
#9292=DIRECTION('',(1.35646067853941E-16,-1.,0.));
#9293=DIRECTION('',(0.,0.,1.));
#9294=DIRECTION('center_axis',(0.,0.,-1.));
#9295=DIRECTION('ref_axis',(-1.,0.,0.));
#9296=DIRECTION('',(-1.,-1.36642833800019E-16,0.));
#9297=DIRECTION('',(1.35646067853941E-16,-1.,0.));
#9298=DIRECTION('',(-1.,-1.36642833800019E-16,0.));
#9299=DIRECTION('',(1.35646067853941E-16,-1.,0.));
#9300=DIRECTION('',(1.35646067853941E-16,-1.,0.));
#9301=DIRECTION('',(1.35646067853941E-16,-1.,0.));
#9302=DIRECTION('center_axis',(0.,0.,1.));
#9303=DIRECTION('ref_axis',(1.,0.,0.));
#9304=DIRECTION('',(-1.,-1.36642833800019E-16,0.));
#9305=DIRECTION('',(-1.,-1.36642833800019E-16,0.));
#9306=DIRECTION('',(1.35646067853941E-16,-1.,0.));
#9307=DIRECTION('',(1.35646067853941E-16,-1.,0.));
#9308=DIRECTION('',(1.35646067853941E-16,-1.,0.));
#9309=DIRECTION('',(1.35646067853941E-16,-1.,0.));
#9310=DIRECTION('center_axis',(0.,0.,1.));
#9311=DIRECTION('ref_axis',(1.,0.,0.));
#9312=DIRECTION('',(-1.,-1.36642833800019E-16,0.));
#9313=DIRECTION('',(-1.,-1.36642833800019E-16,0.));
#9314=DIRECTION('',(1.35646067853941E-16,-1.,0.));
#9315=DIRECTION('',(1.35646067853941E-16,-1.,0.));
#9316=DIRECTION('',(1.35646067853941E-16,-1.,0.));
#9317=DIRECTION('',(1.35646067853941E-16,-1.,0.));
#9318=DIRECTION('center_axis',(1.,1.35646067853941E-16,0.));
#9319=DIRECTION('ref_axis',(0.,0.,-1.));
#9320=DIRECTION('',(0.,0.,-1.));
#9321=DIRECTION('',(1.35646067853941E-16,-1.,0.));
#9322=DIRECTION('',(0.,0.,-1.));
#9323=DIRECTION('',(1.35646067853941E-16,-1.,0.));
#9324=DIRECTION('',(1.35646067853941E-16,-1.,0.));
#9325=DIRECTION('center_axis',(0.,0.,-1.));
#9326=DIRECTION('ref_axis',(-1.,0.,0.));
#9327=DIRECTION('',(1.,1.36642833800019E-16,0.));
#9328=DIRECTION('',(1.35646067853941E-16,-1.,0.));
#9329=DIRECTION('',(1.,1.36642833800019E-16,0.));
#9330=DIRECTION('center_axis',(-1.,-1.35646067853941E-16,0.));
#9331=DIRECTION('ref_axis',(0.,0.,1.));
#9332=DIRECTION('',(0.,0.,-1.));
#9333=DIRECTION('',(0.,0.,-1.));
#9334=DIRECTION('',(1.35646067853941E-16,-1.,0.));
#9335=DIRECTION('',(1.35646067853941E-16,-1.,0.));
#9336=DIRECTION('center_axis',(0.,0.,-1.));
#9337=DIRECTION('ref_axis',(-1.,0.,0.));
#9338=DIRECTION('',(1.,1.36642833800019E-16,0.));
#9339=DIRECTION('',(1.35646067853941E-16,-1.,0.));
#9340=DIRECTION('',(1.,1.36642833800019E-16,0.));
#9341=DIRECTION('center_axis',(-1.,-1.35646067853941E-16,0.));
#9342=DIRECTION('ref_axis',(0.,0.,1.));
#9343=DIRECTION('',(0.,0.,-1.));
#9344=DIRECTION('',(0.,0.,-1.));
#9345=DIRECTION('center_axis',(1.36642833800019E-16,-1.,0.));
#9346=DIRECTION('ref_axis',(1.,1.36642833800019E-16,0.));
#9347=DIRECTION('center_axis',(1.36642833800019E-16,-1.,0.));
#9348=DIRECTION('ref_axis',(1.,1.36642833800019E-16,0.));
#9349=DIRECTION('',(0.,0.,1.));
#9350=DIRECTION('',(-1.,-1.36642833800019E-16,0.));
#9351=DIRECTION('',(0.,0.,-1.));
#9352=DIRECTION('',(1.,1.36642833800019E-16,0.));
#9353=DIRECTION('',(0.351571405736517,4.8039713162894E-17,0.936161068763517));
#9354=DIRECTION('',(0.363427668211292,4.96597864657242E-17,-0.931622418138648));
#9355=DIRECTION('',(1.,1.36642833800019E-16,0.));
#9356=DIRECTION('',(0.,0.,1.));
#9357=DIRECTION('',(-1.,-1.36642833800019E-16,0.));
#9358=DIRECTION('',(0.,0.,-1.));
#9359=DIRECTION('',(-0.357767090278159,-4.8886309055995E-17,0.933810852964293));
#9360=DIRECTION('',(-1.,-1.36642833800019E-16,0.));
#9361=DIRECTION('',(-0.360016483962486,-4.91936725833533E-17,-0.932945942311391));
#9362=DIRECTION('center_axis',(0.,0.,1.));
#9363=DIRECTION('ref_axis',(1.,0.,0.));
#9364=DIRECTION('',(1.,1.36642833800019E-16,0.));
#9365=DIRECTION('',(1.35646067853941E-16,-1.,0.));
#9366=DIRECTION('',(1.35646067853941E-16,-1.,0.));
#9367=DIRECTION('center_axis',(0.931622418138649,1.26370917745088E-16,0.363427668211292));
#9368=DIRECTION('ref_axis',(0.363427668211292,0.,-0.931622418138648));
#9369=DIRECTION('',(0.363427668211292,4.96597864657242E-17,-0.931622418138648));
#9370=DIRECTION('',(1.35646067853941E-16,-1.,0.));
#9371=DIRECTION('center_axis',(-0.936161068763517,-1.26986567855714E-16,
0.351571405736517));
#9372=DIRECTION('ref_axis',(0.351571405736517,0.,0.936161068763517));
#9373=DIRECTION('',(0.351571405736517,4.8039713162894E-17,0.936161068763517));
#9374=DIRECTION('',(1.35646067853941E-16,-1.,0.));
#9375=DIRECTION('center_axis',(0.,0.,1.));
#9376=DIRECTION('ref_axis',(1.,0.,0.));
#9377=DIRECTION('',(1.,1.36642833800019E-16,0.));
#9378=DIRECTION('',(1.35646067853941E-16,-1.,0.));
#9379=DIRECTION('center_axis',(1.,1.35646067853941E-16,0.));
#9380=DIRECTION('ref_axis',(0.,0.,-1.));
#9381=DIRECTION('',(0.,0.,-1.));
#9382=DIRECTION('',(1.35646067853941E-16,-1.,0.));
#9383=DIRECTION('center_axis',(0.,0.,-1.));
#9384=DIRECTION('ref_axis',(-1.,0.,0.));
#9385=DIRECTION('',(-1.,-1.36642833800019E-16,0.));
#9386=DIRECTION('',(1.35646067853941E-16,-1.,0.));
#9387=DIRECTION('center_axis',(-1.,-1.35646067853941E-16,0.));
#9388=DIRECTION('ref_axis',(0.,0.,1.));
#9389=DIRECTION('',(0.,0.,1.));
#9390=DIRECTION('',(1.35646067853941E-16,-1.,0.));
#9391=DIRECTION('center_axis',(0.932945942311391,1.2655044859483E-16,-0.360016483962486));
#9392=DIRECTION('ref_axis',(-0.360016483962486,0.,-0.932945942311391));
#9393=DIRECTION('',(-0.360016483962486,-4.91936725833533E-17,-0.932945942311391));
#9394=DIRECTION('',(1.35646067853941E-16,-1.,0.));
#9395=DIRECTION('center_axis',(0.,0.,-1.));
#9396=DIRECTION('ref_axis',(-1.,0.,0.));
#9397=DIRECTION('',(-1.,-1.36642833800019E-16,0.));
#9398=DIRECTION('',(1.35646067853941E-16,-1.,0.));
#9399=DIRECTION('center_axis',(-0.933810852964292,-1.26667770323941E-16,
-0.357767090278159));
#9400=DIRECTION('ref_axis',(-0.357767090278159,0.,0.933810852964293));
#9401=DIRECTION('',(-0.357767090278159,-4.8886309055995E-17,0.933810852964293));
#9402=DIRECTION('',(1.35646067853941E-16,-1.,0.));
#9403=DIRECTION('center_axis',(1.,1.35646067853941E-16,0.));
#9404=DIRECTION('ref_axis',(0.,0.,-1.));
#9405=DIRECTION('',(0.,0.,-1.));
#9406=DIRECTION('',(1.35646067853941E-16,-1.,0.));
#9407=DIRECTION('center_axis',(0.,0.,-1.));
#9408=DIRECTION('ref_axis',(-1.,0.,0.));
#9409=DIRECTION('',(-1.,-1.36642833800019E-16,0.));
#9410=DIRECTION('',(1.35646067853941E-16,-1.,0.));
#9411=DIRECTION('center_axis',(-1.,-1.35646067853941E-16,0.));
#9412=DIRECTION('ref_axis',(0.,0.,1.));
#9413=DIRECTION('',(0.,0.,1.));
#9414=DIRECTION('center_axis',(0.,0.,1.));
#9415=DIRECTION('ref_axis',(1.,0.,0.));
#9416=DIRECTION('',(1.,1.36642833800019E-16,0.));
#9417=DIRECTION('',(1.37002528532481E-16,-1.,0.));
#9418=DIRECTION('',(1.,1.36642833800019E-16,0.));
#9419=DIRECTION('',(1.37002528532481E-16,-1.,0.));
#9420=DIRECTION('center_axis',(1.,1.37002528532481E-16,0.));
#9421=DIRECTION('ref_axis',(0.,0.,-1.));
#9422=DIRECTION('',(0.,0.,-1.));
#9423=DIRECTION('',(1.37002528532481E-16,-1.,0.));
#9424=DIRECTION('',(0.,0.,-1.));
#9425=DIRECTION('center_axis',(0.,0.,1.));
#9426=DIRECTION('ref_axis',(1.,0.,0.));
#9427=DIRECTION('',(1.,1.36642833800019E-16,0.));
#9428=DIRECTION('',(1.37002528532481E-16,-1.,0.));
#9429=DIRECTION('',(1.,1.36642833800019E-16,0.));
#9430=DIRECTION('center_axis',(-1.,-1.37002528532481E-16,0.));
#9431=DIRECTION('ref_axis',(0.,0.,1.));
#9432=DIRECTION('',(0.,0.,1.));
#9433=DIRECTION('',(1.37002528532481E-16,-1.,0.));
#9434=DIRECTION('',(0.,0.,1.));
#9435=DIRECTION('center_axis',(0.,0.,-1.));
#9436=DIRECTION('ref_axis',(-1.,0.,0.));
#9437=DIRECTION('',(-1.,-1.36642833800019E-16,0.));
#9438=DIRECTION('',(1.37002528532481E-16,-1.,0.));
#9439=DIRECTION('',(-1.,-1.36642833800019E-16,0.));
#9440=DIRECTION('center_axis',(1.,1.37002528532481E-16,0.));
#9441=DIRECTION('ref_axis',(0.,0.,-1.));
#9442=DIRECTION('',(0.,0.,-1.));
#9443=DIRECTION('',(0.,0.,-1.));
#9444=DIRECTION('center_axis',(1.36642833800019E-16,-1.,0.));
#9445=DIRECTION('ref_axis',(1.,1.36642833800019E-16,0.));
#9446=DIRECTION('center_axis',(1.36642833800019E-16,-1.,0.));
#9447=DIRECTION('ref_axis',(1.,1.36642833800019E-16,0.));
#9448=DIRECTION('',(0.,0.,1.));
#9449=DIRECTION('',(-1.,-1.36642833800019E-16,0.));
#9450=DIRECTION('',(0.,0.,-1.));
#9451=DIRECTION('',(1.,1.36642833800019E-16,0.));
#9452=DIRECTION('center_axis',(0.,0.,-1.));
#9453=DIRECTION('ref_axis',(-1.,0.,0.));
#9454=DIRECTION('',(-1.,-1.36642833800019E-16,0.));
#9455=DIRECTION('',(1.35646067853941E-16,-1.,0.));
#9456=DIRECTION('',(1.35646067853941E-16,-1.,0.));
#9457=DIRECTION('center_axis',(-1.,-1.35646067853941E-16,0.));
#9458=DIRECTION('ref_axis',(0.,0.,1.));
#9459=DIRECTION('',(0.,0.,1.));
#9460=DIRECTION('',(1.35646067853941E-16,-1.,0.));
#9461=DIRECTION('center_axis',(0.,0.,1.));
#9462=DIRECTION('ref_axis',(1.,0.,0.));
#9463=DIRECTION('',(1.,1.36642833800019E-16,0.));
#9464=DIRECTION('',(1.35646067853941E-16,-1.,0.));
#9465=DIRECTION('center_axis',(1.,1.35646067853941E-16,0.));
#9466=DIRECTION('ref_axis',(0.,0.,-1.));
#9467=DIRECTION('',(0.,0.,-1.));
#9468=DIRECTION('center_axis',(0.,0.,1.));
#9469=DIRECTION('ref_axis',(1.,0.,0.));
#9470=DIRECTION('',(1.,1.36642833800019E-16,0.));
#9471=DIRECTION('',(1.35646067853941E-16,-1.,0.));
#9472=DIRECTION('',(1.,1.36642833800019E-16,0.));
#9473=DIRECTION('',(1.35646067853941E-16,-1.,0.));
#9474=DIRECTION('center_axis',(-1.,-1.35646067853941E-16,0.));
#9475=DIRECTION('ref_axis',(0.,0.,1.));
#9476=DIRECTION('',(0.,0.,1.));
#9477=DIRECTION('',(1.35646067853941E-16,-1.,0.));
#9478=DIRECTION('',(0.,0.,1.));
#9479=DIRECTION('center_axis',(0.,0.,-1.));
#9480=DIRECTION('ref_axis',(-1.,0.,0.));
#9481=DIRECTION('',(-1.,-1.36642833800019E-16,0.));
#9482=DIRECTION('',(1.35646067853941E-16,-1.,0.));
#9483=DIRECTION('',(-1.,-1.36642833800019E-16,0.));
#9484=DIRECTION('',(1.35646067853941E-16,-1.,0.));
#9485=DIRECTION('',(1.35646067853941E-16,-1.,0.));
#9486=DIRECTION('',(1.35646067853941E-16,-1.,0.));
#9487=DIRECTION('center_axis',(0.,0.,1.));
#9488=DIRECTION('ref_axis',(1.,0.,0.));
#9489=DIRECTION('',(-1.,-1.36642833800019E-16,0.));
#9490=DIRECTION('',(-1.,-1.36642833800019E-16,0.));
#9491=DIRECTION('',(1.35646067853941E-16,-1.,0.));
#9492=DIRECTION('',(1.35646067853941E-16,-1.,0.));
#9493=DIRECTION('',(1.35646067853941E-16,-1.,0.));
#9494=DIRECTION('',(1.35646067853941E-16,-1.,0.));
#9495=DIRECTION('',(1.35646067853941E-16,-1.,0.));
#9496=DIRECTION('',(1.35646067853941E-16,-1.,0.));
#9497=DIRECTION('center_axis',(0.,0.,-1.));
#9498=DIRECTION('ref_axis',(-1.,0.,0.));
#9499=DIRECTION('',(1.,1.36642833800019E-16,0.));
#9500=DIRECTION('',(1.35646067853941E-16,-1.,0.));
#9501=DIRECTION('',(1.,1.36642833800019E-16,0.));
#9502=DIRECTION('center_axis',(-1.,-1.35646067853941E-16,0.));
#9503=DIRECTION('ref_axis',(0.,0.,1.));
#9504=DIRECTION('',(0.,0.,-1.));
#9505=DIRECTION('',(0.,0.,-1.));
#9506=DIRECTION('center_axis',(1.36642833800019E-16,-1.,0.));
#9507=DIRECTION('ref_axis',(1.,1.36642833800019E-16,0.));
#9508=DIRECTION('center_axis',(1.36642833800019E-16,-1.,0.));
#9509=DIRECTION('ref_axis',(1.,1.36642833800019E-16,0.));
#9510=DIRECTION('',(-1.,-1.36642833800019E-16,0.));
#9511=DIRECTION('',(0.,0.,-1.));
#9512=DIRECTION('',(1.36324298193211E-16,-1.,0.));
#9513=DIRECTION('',(1.36324298193211E-16,-1.,0.));
#9514=DIRECTION('',(1.36324298193211E-16,-1.,0.));
#9515=DIRECTION('',(1.36324298193211E-16,-1.,0.));
#9516=DIRECTION('',(1.36324298193211E-16,-1.,0.));
#9517=DIRECTION('',(1.36324298193211E-16,-1.,0.));
#9518=DIRECTION('',(1.36324298193211E-16,-1.,0.));
#9519=DIRECTION('',(1.36324298193211E-16,-1.,0.));
#9520=DIRECTION('',(1.36324298193211E-16,-1.,0.));
#9521=DIRECTION('',(1.36324298193211E-16,-1.,0.));
#9522=DIRECTION('',(1.36324298193211E-16,-1.,0.));
#9523=DIRECTION('',(1.36324298193211E-16,-1.,0.));
#9524=DIRECTION('',(1.36324298193211E-16,-1.,0.));
#9525=DIRECTION('',(1.36324298193211E-16,-1.,0.));
#9526=DIRECTION('',(1.36324298193211E-16,-1.,0.));
#9527=DIRECTION('',(1.36324298193211E-16,-1.,0.));
#9528=DIRECTION('',(1.36324298193211E-16,-1.,0.));
#9529=DIRECTION('',(1.36324298193211E-16,-1.,0.));
#9530=DIRECTION('',(1.36324298193211E-16,-1.,0.));
#9531=DIRECTION('',(1.36324298193211E-16,-1.,0.));
#9532=DIRECTION('center_axis',(1.,1.36324298193211E-16,0.));
#9533=DIRECTION('ref_axis',(0.,0.,-1.));
#9534=DIRECTION('',(0.,0.,-1.));
#9535=DIRECTION('',(1.36324298193211E-16,-1.,0.));
#9536=DIRECTION('center_axis',(0.,0.,-1.));
#9537=DIRECTION('ref_axis',(-1.,0.,0.));
#9538=DIRECTION('',(-1.,-1.36642833800019E-16,0.));
#9539=DIRECTION('center_axis',(1.,1.35646067853941E-16,0.));
#9540=DIRECTION('ref_axis',(0.,0.,-1.));
#9541=DIRECTION('',(0.,0.,-1.));
#9542=DIRECTION('',(1.35646067853941E-16,-1.,0.));
#9543=DIRECTION('',(0.,0.,-1.));
#9544=DIRECTION('',(1.35646067853941E-16,-1.,0.));
#9545=DIRECTION('center_axis',(0.,0.,1.));
#9546=DIRECTION('ref_axis',(1.,0.,0.));
#9547=DIRECTION('',(1.,1.36642833800019E-16,0.));
#9548=DIRECTION('',(1.35646067853941E-16,-1.,0.));
#9549=DIRECTION('',(1.,1.36642833800019E-16,0.));
#9550=DIRECTION('center_axis',(-1.,-1.35646067853941E-16,0.));
#9551=DIRECTION('ref_axis',(0.,0.,1.));
#9552=DIRECTION('',(0.,0.,1.));
#9553=DIRECTION('',(1.35646067853941E-16,-1.,0.));
#9554=DIRECTION('',(0.,0.,1.));
#9555=DIRECTION('center_axis',(0.,0.,-1.));
#9556=DIRECTION('ref_axis',(-1.,0.,0.));
#9557=DIRECTION('',(-1.,-1.36642833800019E-16,0.));
#9558=DIRECTION('',(-1.,-1.36642833800019E-16,0.));
#9559=DIRECTION('center_axis',(1.36642833800019E-16,-1.,0.));
#9560=DIRECTION('ref_axis',(1.,1.36642833800019E-16,0.));
#9561=DIRECTION('center_axis',(1.36642833800019E-16,-1.,0.));
#9562=DIRECTION('ref_axis',(1.,1.36642833800019E-16,0.));
#9563=DIRECTION('',(0.,0.,-1.));
#9564=DIRECTION('',(-1.,-1.36642833800019E-16,0.));
#9565=DIRECTION('',(0.,0.,-1.));
#9566=DIRECTION('',(1.,1.36642833800019E-16,0.));
#9567=DIRECTION('',(0.,0.,1.));
#9568=DIRECTION('',(1.,1.36642833800019E-16,0.));
#9569=DIRECTION('',(0.,0.,1.));
#9570=DIRECTION('center_axis',(-1.,-1.36324298193211E-16,0.));
#9571=DIRECTION('ref_axis',(0.,0.,1.));
#9572=DIRECTION('',(0.,0.,1.));
#9573=DIRECTION('',(1.36324298193211E-16,-1.,0.));
#9574=DIRECTION('',(1.36324298193211E-16,-1.,0.));
#9575=DIRECTION('center_axis',(0.,0.,1.));
#9576=DIRECTION('ref_axis',(1.,0.,0.));
#9577=DIRECTION('',(1.,1.36642833800019E-16,0.));
#9578=DIRECTION('',(1.36324298193211E-16,-1.,0.));
#9579=DIRECTION('center_axis',(1.,1.36324298193211E-16,0.));
#9580=DIRECTION('ref_axis',(0.,0.,-1.));
#9581=DIRECTION('',(0.,0.,-1.));
#9582=DIRECTION('',(1.36324298193211E-16,-1.,0.));
#9583=DIRECTION('center_axis',(0.,0.,-1.));
#9584=DIRECTION('ref_axis',(-1.,0.,0.));
#9585=DIRECTION('',(-1.,-1.36642833800019E-16,0.));
#9586=DIRECTION('',(1.36324298193211E-16,-1.,0.));
#9587=DIRECTION('center_axis',(1.,1.36324298193211E-16,0.));
#9588=DIRECTION('ref_axis',(0.,0.,-1.));
#9589=DIRECTION('',(0.,0.,-1.));
#9590=DIRECTION('',(1.36324298193211E-16,-1.,0.));
#9591=DIRECTION('',(1.36324298193211E-16,-1.,0.));
#9592=DIRECTION('',(1.36324298193211E-16,-1.,0.));
#9593=DIRECTION('',(1.36324298193211E-16,-1.,0.));
#9594=DIRECTION('',(1.36324298193211E-16,-1.,0.));
#9595=DIRECTION('',(1.36324298193211E-16,-1.,0.));
#9596=DIRECTION('',(1.36324298193211E-16,-1.,0.));
#9597=DIRECTION('center_axis',(-1.,-1.36324298193211E-16,0.));
#9598=DIRECTION('ref_axis',(0.,0.,1.));
#9599=DIRECTION('',(0.,0.,1.));
#9600=DIRECTION('',(1.36324298193211E-16,-1.,0.));
#9601=DIRECTION('center_axis',(0.,0.,1.));
#9602=DIRECTION('ref_axis',(1.,0.,0.));
#9603=DIRECTION('',(1.,1.36642833800019E-16,0.));
#9604=DIRECTION('',(1.36324298193211E-16,-1.,0.));
#9605=DIRECTION('',(1.36324298193211E-16,-1.,0.));
#9606=DIRECTION('',(1.36324298193211E-16,-1.,0.));
#9607=DIRECTION('',(1.36324298193211E-16,-1.,0.));
#9608=DIRECTION('',(1.36324298193211E-16,-1.,0.));
#9609=DIRECTION('',(1.36324298193211E-16,-1.,0.));
#9610=DIRECTION('',(1.36324298193211E-16,-1.,0.));
#9611=DIRECTION('center_axis',(-0.798189150333231,-1.08271219646381E-16,
0.602406905911871));
#9612=DIRECTION('ref_axis',(0.602406905911871,0.,0.798189150333231));
#9613=DIRECTION('',(0.602406905911871,8.23145867244997E-17,0.798189150333231));
#9614=DIRECTION('',(1.35646067853941E-16,-1.,0.));
#9615=DIRECTION('',(0.602406905911871,8.23145867244997E-17,0.798189150333231));
#9616=DIRECTION('',(1.35646067853941E-16,-1.,0.));
#9617=DIRECTION('center_axis',(-1.,-1.35646067853941E-16,0.));
#9618=DIRECTION('ref_axis',(0.,0.,1.));
#9619=DIRECTION('',(0.,0.,1.));
#9620=DIRECTION('',(1.35646067853941E-16,-1.,0.));
#9621=DIRECTION('',(0.,0.,1.));
#9622=DIRECTION('center_axis',(0.,0.,-1.));
#9623=DIRECTION('ref_axis',(-1.,0.,0.));
#9624=DIRECTION('',(-1.,-1.36642833800019E-16,0.));
#9625=DIRECTION('',(1.35646067853941E-16,-1.,0.));
#9626=DIRECTION('',(-1.,-1.36642833800019E-16,0.));
#9627=DIRECTION('center_axis',(-1.,-1.35646067853941E-16,0.));
#9628=DIRECTION('ref_axis',(0.,0.,1.));
#9629=DIRECTION('',(0.,0.,1.));
#9630=DIRECTION('',(1.35646067853941E-16,-1.,0.));
#9631=DIRECTION('',(0.,0.,1.));
#9632=DIRECTION('center_axis',(0.,0.,-1.));
#9633=DIRECTION('ref_axis',(-1.,0.,0.));
#9634=DIRECTION('',(-1.,-1.36642833800019E-16,0.));
#9635=DIRECTION('',(1.35646067853941E-16,-1.,0.));
#9636=DIRECTION('',(-1.,-1.36642833800019E-16,0.));
#9637=DIRECTION('center_axis',(1.,1.35646067853941E-16,0.));
#9638=DIRECTION('ref_axis',(0.,0.,-1.));
#9639=DIRECTION('',(0.,0.,1.));
#9640=DIRECTION('',(1.35646067853941E-16,-1.,0.));
#9641=DIRECTION('',(0.,0.,1.));
#9642=DIRECTION('',(1.35646067853941E-16,-1.,0.));
#9643=DIRECTION('center_axis',(1.,1.35646067853941E-16,0.));
#9644=DIRECTION('ref_axis',(0.,0.,-1.));
#9645=DIRECTION('',(0.,0.,-1.));
#9646=DIRECTION('',(1.35646067853941E-16,-1.,0.));
#9647=DIRECTION('',(0.,0.,-1.));
#9648=DIRECTION('center_axis',(0.,0.,-1.));
#9649=DIRECTION('ref_axis',(-1.,0.,0.));
#9650=DIRECTION('',(-1.,-1.36642833800019E-16,0.));
#9651=DIRECTION('',(1.35646067853941E-16,-1.,0.));
#9652=DIRECTION('',(-1.,-1.36642833800019E-16,0.));
#9653=DIRECTION('center_axis',(1.,1.35646067853941E-16,0.));
#9654=DIRECTION('ref_axis',(0.,0.,-1.));
#9655=DIRECTION('',(0.,0.,-1.));
#9656=DIRECTION('',(1.35646067853941E-16,-1.,0.));
#9657=DIRECTION('',(0.,0.,-1.));
#9658=DIRECTION('center_axis',(0.,0.,1.));
#9659=DIRECTION('ref_axis',(1.,0.,0.));
#9660=DIRECTION('',(1.,1.36642833800019E-16,0.));
#9661=DIRECTION('',(1.35646067853941E-16,-1.,0.));
#9662=DIRECTION('',(1.,1.36642833800019E-16,0.));
#9663=DIRECTION('center_axis',(1.,1.35646067853941E-16,0.));
#9664=DIRECTION('ref_axis',(0.,0.,-1.));
#9665=DIRECTION('',(0.,0.,-1.));
#9666=DIRECTION('',(1.35646067853941E-16,-1.,0.));
#9667=DIRECTION('',(0.,0.,-1.));
#9668=DIRECTION('center_axis',(0.,0.,1.));
#9669=DIRECTION('ref_axis',(1.,0.,0.));
#9670=DIRECTION('',(1.,1.36642833800019E-16,0.));
#9671=DIRECTION('',(1.,1.36642833800019E-16,0.));
#9672=DIRECTION('center_axis',(0.,0.,-1.));
#9673=DIRECTION('ref_axis',(-1.,0.,0.));
#9674=DIRECTION('',(1.,1.36642833800019E-16,0.));
#9675=DIRECTION('',(1.35646067853941E-16,-1.,0.));
#9676=DIRECTION('',(1.,1.36642833800019E-16,0.));
#9677=DIRECTION('center_axis',(-0.799002219895933,-1.08381509335453E-16,
0.601328074017314));
#9678=DIRECTION('ref_axis',(0.601328074017314,0.,0.799002219895933));
#9679=DIRECTION('',(-0.601328074017314,-8.21671720772335E-17,-0.799002219895933));
#9680=DIRECTION('',(-0.601328074017314,-8.21671720772335E-17,-0.799002219895933));
#9681=DIRECTION('center_axis',(1.36642833800019E-16,-1.,0.));
#9682=DIRECTION('ref_axis',(1.,1.36642833800019E-16,0.));
#9683=DIRECTION('center_axis',(1.36642833800019E-16,-1.,0.));
#9684=DIRECTION('ref_axis',(1.,1.36642833800019E-16,0.));
#9685=DIRECTION('center_axis',(1.36642833800019E-16,-1.,0.));
#9686=DIRECTION('ref_axis',(1.,1.36642833800019E-16,0.));
#9687=DIRECTION('',(0.,0.,1.));
#9688=DIRECTION('',(1.,1.36642833800019E-16,0.));
#9689=DIRECTION('',(0.,0.,-1.));
#9690=DIRECTION('',(1.,1.36642833800019E-16,0.));
#9691=DIRECTION('',(-1.,0.,0.));
#9692=DIRECTION('',(-0.456554296231785,0.,0.889695551631174));
#9693=DIRECTION('',(0.,0.,-1.));
#9694=DIRECTION('',(-1.,0.,0.));
#9695=DIRECTION('',(0.,0.,1.));
#9696=DIRECTION('',(1.,0.,0.));
#9697=DIRECTION('',(0.453406386913823,0.,-0.891303903450306));
#9698=DIRECTION('',(0.,0.,1.));
#9699=DIRECTION('',(1.,0.,0.));
#9700=DIRECTION('',(0.,0.,-1.));
#9701=DIRECTION('',(-1.,0.,0.));
#9702=DIRECTION('',(0.,0.,-1.));
#9703=DIRECTION('',(1.,0.,0.));
#9704=DIRECTION('',(0.,0.,-1.));
#9705=DIRECTION('',(-1.,0.,0.));
#9706=DIRECTION('',(0.,0.,-1.));
#9707=DIRECTION('',(-1.,0.,0.));
#9708=DIRECTION('',(0.,0.,1.));
#9709=DIRECTION('',(1.,0.,0.));
#9710=DIRECTION('',(0.,0.,-1.));
#9711=DIRECTION('',(-1.,0.,0.));
#9712=DIRECTION('',(0.,0.,-1.));
#9713=DIRECTION('',(1.,0.,0.));
#9714=DIRECTION('',(0.,0.,-1.));
#9715=DIRECTION('',(-1.,0.,0.));
#9716=DIRECTION('',(0.,0.,-1.));
#9717=DIRECTION('',(-1.,0.,0.));
#9718=DIRECTION('',(0.,0.,1.));
#9719=DIRECTION('',(1.,0.,0.));
#9720=DIRECTION('',(0.,0.,-1.));
#9721=DIRECTION('center_axis',(1.36642833800019E-16,-1.,0.));
#9722=DIRECTION('ref_axis',(1.,1.36642833800019E-16,0.));
#9723=DIRECTION('center_axis',(1.36642833800019E-16,-1.,0.));
#9724=DIRECTION('ref_axis',(1.,1.36642833800019E-16,0.));
#9725=DIRECTION('center_axis',(1.36642833800019E-16,-1.,0.));
#9726=DIRECTION('ref_axis',(1.,1.36642833800019E-16,0.));
#9727=DIRECTION('center_axis',(1.36642833800019E-16,-1.,0.));
#9728=DIRECTION('ref_axis',(1.,1.36642833800019E-16,0.));
#9729=DIRECTION('center_axis',(1.36642833800019E-16,-1.,0.));
#9730=DIRECTION('ref_axis',(1.,1.36642833800019E-16,0.));
#9731=DIRECTION('center_axis',(1.36642833800019E-16,-1.,0.));
#9732=DIRECTION('ref_axis',(1.,1.36642833800019E-16,0.));
#9733=DIRECTION('center_axis',(1.36642833800019E-16,-1.,0.));
#9734=DIRECTION('ref_axis',(1.,1.36642833800019E-16,0.));
#9735=DIRECTION('center_axis',(1.36642833800019E-16,-1.,0.));
#9736=DIRECTION('ref_axis',(1.,1.36642833800019E-16,0.));
#9737=DIRECTION('center_axis',(1.36642833800019E-16,-1.,0.));
#9738=DIRECTION('ref_axis',(1.,1.36642833800019E-16,0.));
#9739=DIRECTION('center_axis',(1.36642833800019E-16,-1.,0.));
#9740=DIRECTION('ref_axis',(1.,1.36642833800019E-16,0.));
#9741=DIRECTION('center_axis',(1.36642833800019E-16,-1.,0.));
#9742=DIRECTION('ref_axis',(1.,1.36642833800019E-16,0.));
#9743=DIRECTION('center_axis',(1.36642833800019E-16,-1.,0.));
#9744=DIRECTION('ref_axis',(1.,1.36642833800019E-16,0.));
#9745=DIRECTION('center_axis',(1.36642833800019E-16,-1.,0.));
#9746=DIRECTION('ref_axis',(1.,1.36642833800019E-16,0.));
#9747=DIRECTION('center_axis',(1.36642833800019E-16,-1.,0.));
#9748=DIRECTION('ref_axis',(1.,1.36642833800019E-16,0.));
#9749=DIRECTION('center_axis',(1.36642833800019E-16,-1.,0.));
#9750=DIRECTION('ref_axis',(1.,1.36642833800019E-16,0.));
#9751=DIRECTION('center_axis',(1.36642833800019E-16,-1.,0.));
#9752=DIRECTION('ref_axis',(1.,1.36642833800019E-16,0.));
#9753=DIRECTION('center_axis',(1.36642833800019E-16,-1.,0.));
#9754=DIRECTION('ref_axis',(1.,1.36642833800019E-16,0.));
#9755=DIRECTION('center_axis',(1.36642833800019E-16,-1.,0.));
#9756=DIRECTION('ref_axis',(1.,1.36642833800019E-16,0.));
#9757=DIRECTION('center_axis',(0.,0.,1.));
#9758=DIRECTION('ref_axis',(0.707106781186548,0.707106781186548,0.));
#9759=DIRECTION('center_axis',(0.,0.,1.));
#9760=DIRECTION('ref_axis',(0.707106781186548,0.707106781186548,0.));
#9761=DIRECTION('',(0.,0.,1.));
#9762=DIRECTION('center_axis',(0.,0.,1.));
#9763=DIRECTION('ref_axis',(0.707106781186548,0.707106781186548,0.));
#9764=DIRECTION('',(0.,0.,-1.));
#9765=DIRECTION('center_axis',(-6.07445257581104E-17,-1.,0.));
#9766=DIRECTION('ref_axis',(1.,-6.07445257581104E-17,0.));
#9767=DIRECTION('',(1.,-6.07445257581104E-17,0.));
#9768=DIRECTION('',(0.,0.,1.));
#9769=DIRECTION('',(1.,-6.07445257581104E-17,0.));
#9770=DIRECTION('center_axis',(0.,0.,1.));
#9771=DIRECTION('ref_axis',(1.,0.,0.));
#9772=DIRECTION('',(1.,0.,0.));
#9773=DIRECTION('',(1.36642833800019E-16,-1.,0.));
#9774=DIRECTION('',(-1.,1.58603289232165E-16,0.));
#9775=DIRECTION('center_axis',(0.,0.,-1.));
#9776=DIRECTION('ref_axis',(0.707106781186548,-0.707106781186548,0.));
#9777=DIRECTION('',(-2.77555756156289E-16,-1.,0.));
#9778=DIRECTION('',(-1.,0.,0.));
#9779=DIRECTION('',(3.1720657846433E-16,1.,0.));
#9780=DIRECTION('center_axis',(0.,0.,-1.));
#9781=DIRECTION('ref_axis',(-0.707106781186548,-0.707106781186547,0.));
#9782=DIRECTION('',(-1.,7.93016446160826E-17,0.));
#9783=DIRECTION('',(-1.36642833800019E-16,1.,0.));
#9784=DIRECTION('',(1.,-2.9738116731031E-16,0.));
#9785=DIRECTION('center_axis',(0.,0.,-1.));
#9786=DIRECTION('ref_axis',(-0.707106781186547,0.707106781186548,0.));
#9787=DIRECTION('',(-7.93016446160826E-17,1.,0.));
#9788=DIRECTION('',(1.,1.36642833800019E-16,0.));
#9789=DIRECTION('',(-3.76682811926392E-16,-1.,0.));
#9790=DIRECTION('center_axis',(0.,0.,-1.));
#9791=DIRECTION('ref_axis',(0.707106781186548,0.707106781186547,0.));
#9792=DIRECTION('',(-8.55096016441092E-16,-1.,0.));
#9793=DIRECTION('center_axis',(0.,0.,1.));
#9794=DIRECTION('ref_axis',(1.,0.,0.));
#9795=DIRECTION('',(8.55096016441092E-16,1.,0.));
#9796=DIRECTION('center_axis',(0.,0.,1.));
#9797=DIRECTION('ref_axis',(-0.707106781186547,0.707106781186548,0.));
#9798=DIRECTION('',(1.,-6.07445257581104E-17,0.));
#9799=DIRECTION('center_axis',(0.,0.,1.));
#9800=DIRECTION('ref_axis',(0.,1.,0.));
#9801=DIRECTION('',(-1.,6.07445257581104E-17,0.));
#9802=DIRECTION('center_axis',(0.,0.,1.));
#9803=DIRECTION('ref_axis',(-0.707106781186548,-0.707106781186548,0.));
#9804=DIRECTION('',(8.55096016441092E-16,1.,0.));
#9805=DIRECTION('center_axis',(0.,0.,1.));
#9806=DIRECTION('ref_axis',(-1.,2.06553120860495E-15,0.));
#9807=DIRECTION('',(-8.55096016441092E-16,-1.,0.));
#9808=DIRECTION('center_axis',(0.,0.,1.));
#9809=DIRECTION('ref_axis',(0.707106781186548,-0.707106781186548,0.));
#9810=DIRECTION('',(-1.,6.07445257581104E-17,0.));
#9811=DIRECTION('center_axis',(0.,0.,1.));
#9812=DIRECTION('ref_axis',(0.,-1.,0.));
#9813=DIRECTION('center_axis',(0.,0.,1.));
#9814=DIRECTION('ref_axis',(-0.707106781186547,0.707106781186548,0.));
#9815=DIRECTION('',(0.,0.,1.));
#9816=DIRECTION('center_axis',(0.,0.,1.));
#9817=DIRECTION('ref_axis',(-0.707106781186547,0.707106781186548,0.));
#9818=DIRECTION('',(0.,0.,-1.));
#9819=DIRECTION('center_axis',(1.,-8.55096016441092E-16,0.));
#9820=DIRECTION('ref_axis',(8.55096016441092E-16,1.,0.));
#9821=DIRECTION('',(0.,0.,1.));
#9822=DIRECTION('',(8.55096016441092E-16,1.,0.));
#9823=DIRECTION('center_axis',(0.,0.,1.));
#9824=DIRECTION('ref_axis',(-0.707106781186548,-0.707106781186548,0.));
#9825=DIRECTION('',(0.,0.,1.));
#9826=DIRECTION('center_axis',(0.,0.,1.));
#9827=DIRECTION('ref_axis',(-0.707106781186548,-0.707106781186548,0.));
#9828=DIRECTION('',(0.,0.,-1.));
#9829=DIRECTION('center_axis',(6.07445257581104E-17,1.,0.));
#9830=DIRECTION('ref_axis',(-1.,6.07445257581104E-17,0.));
#9831=DIRECTION('',(0.,0.,1.));
#9832=DIRECTION('',(-1.,6.07445257581104E-17,0.));
#9833=DIRECTION('center_axis',(0.,0.,1.));
#9834=DIRECTION('ref_axis',(0.707106781186548,-0.707106781186548,0.));
#9835=DIRECTION('',(0.,0.,1.));
#9836=DIRECTION('center_axis',(0.,0.,1.));
#9837=DIRECTION('ref_axis',(0.707106781186548,-0.707106781186548,0.));
#9838=DIRECTION('',(0.,0.,-1.));
#9839=DIRECTION('center_axis',(6.07445257581104E-17,1.,0.));
#9840=DIRECTION('ref_axis',(-1.,6.07445257581104E-17,0.));
#9841=DIRECTION('',(-1.,6.07445257581104E-17,0.));
#9842=DIRECTION('',(0.,0.,1.));
#9843=DIRECTION('center_axis',(0.,0.,1.));
#9844=DIRECTION('ref_axis',(1.,0.,0.));
#9845=DIRECTION('center_axis',(0.,1.,0.));
#9846=DIRECTION('ref_axis',(-1.,0.,0.));
#9847=DIRECTION('center_axis',(0.,0.,1.));
#9848=DIRECTION('ref_axis',(0.,1.,0.));
#9849=DIRECTION('center_axis',(1.,0.,0.));
#9850=DIRECTION('ref_axis',(0.,0.,1.));
#9851=DIRECTION('center_axis',(0.,0.,1.));
#9852=DIRECTION('ref_axis',(0.707106781186547,0.707106781186548,0.));
#9853=DIRECTION('center_axis',(0.,0.,1.));
#9854=DIRECTION('ref_axis',(0.707106781186547,0.707106781186548,0.));
#9855=DIRECTION('',(0.,0.,1.));
#9856=DIRECTION('',(0.,0.,-1.));
#9857=DIRECTION('center_axis',(1.,0.,0.));
#9858=DIRECTION('ref_axis',(0.,-0.707106781186547,0.707106781186548));
#9859=DIRECTION('center_axis',(-1.,-1.36642833800019E-16,0.));
#9860=DIRECTION('ref_axis',(0.,-0.707106781186547,0.707106781186548));
#9861=DIRECTION('',(-1.,0.,0.));
#9862=DIRECTION('center_axis',(-3.76682811926392E-16,-1.,0.));
#9863=DIRECTION('ref_axis',(-0.707106781186548,3.92523114670943E-16,0.707106781186548));
#9864=DIRECTION('center_axis',(1.36642833800019E-16,-1.,0.));
#9865=DIRECTION('ref_axis',(-0.707106781186548,3.92523114670943E-16,0.707106781186548));
#9866=DIRECTION('',(3.76682811926392E-16,1.,0.));
#9867=DIRECTION('center_axis',(0.,-1.,0.));
#9868=DIRECTION('ref_axis',(1.,0.,0.));
#9869=DIRECTION('',(1.,0.,0.));
#9870=DIRECTION('',(0.,0.,1.));
#9871=DIRECTION('',(1.,0.,0.));
#9872=DIRECTION('',(0.,0.,-1.));
#9873=DIRECTION('center_axis',(0.,0.,1.));
#9874=DIRECTION('ref_axis',(1.,0.,0.));
#9875=DIRECTION('',(-3.76682811926392E-16,-1.,0.));
#9876=DIRECTION('',(1.,-2.29701315439688E-16,0.));
#9877=DIRECTION('center_axis',(0.,0.,-1.));
#9878=DIRECTION('ref_axis',(-0.707106781186547,-0.707106781186547,0.));
#9879=DIRECTION('',(-3.0626842058625E-16,-1.,0.));
#9880=DIRECTION('center_axis',(-1.,3.76682811926392E-16,0.));
#9881=DIRECTION('ref_axis',(-3.76682811926392E-16,-1.,0.));
#9882=DIRECTION('',(0.,0.,1.));
#9883=DIRECTION('',(-3.76682811926392E-16,-1.,0.));
#9884=DIRECTION('',(0.,0.,-1.));
#9885=DIRECTION('center_axis',(0.,0.,1.));
#9886=DIRECTION('ref_axis',(1.,0.,0.));
#9887=DIRECTION('center_axis',(1.,0.,0.));
#9888=DIRECTION('ref_axis',(0.,1.,0.));
#9889=DIRECTION('center_axis',(0.,0.,1.));
#9890=DIRECTION('ref_axis',(1.,0.,0.));
#9891=DIRECTION('center_axis',(0.,-1.,0.));
#9892=DIRECTION('ref_axis',(0.,0.,1.));
#9893=DIRECTION('center_axis',(0.,0.,1.));
#9894=DIRECTION('ref_axis',(0.707106781186547,-0.707106781186548,0.));
#9895=DIRECTION('center_axis',(0.,0.,1.));
#9896=DIRECTION('ref_axis',(0.707106781186547,-0.707106781186548,0.));
#9897=DIRECTION('',(0.,0.,1.));
#9898=DIRECTION('',(0.,0.,-1.));
#9899=DIRECTION('center_axis',(-2.77555756156289E-16,-1.,0.));
#9900=DIRECTION('ref_axis',(-0.707106781186547,0.,0.707106781186548));
#9901=DIRECTION('center_axis',(0.,1.,0.));
#9902=DIRECTION('ref_axis',(-0.707106781186547,0.,0.707106781186548));
#9903=DIRECTION('',(2.77555756156289E-16,1.,0.));
#9904=DIRECTION('center_axis',(-1.,1.58603289232165E-16,0.));
#9905=DIRECTION('ref_axis',(3.92523114670944E-16,0.707106781186547,0.707106781186548));
#9906=DIRECTION('center_axis',(-1.,-1.36642833800019E-16,0.));
#9907=DIRECTION('ref_axis',(3.92523114670944E-16,0.707106781186547,0.707106781186548));
#9908=DIRECTION('',(1.,-1.58603289232165E-16,0.));
#9909=DIRECTION('center_axis',(-1.,2.77555756156289E-16,0.));
#9910=DIRECTION('ref_axis',(-2.77555756156289E-16,-1.,0.));
#9911=DIRECTION('',(-2.77555756156289E-16,-1.,0.));
#9912=DIRECTION('',(0.,0.,1.));
#9913=DIRECTION('',(-2.77555756156289E-16,-1.,0.));
#9914=DIRECTION('',(0.,0.,-1.));
#9915=DIRECTION('center_axis',(0.,0.,1.));
#9916=DIRECTION('ref_axis',(1.,0.,0.));
#9917=DIRECTION('',(-1.,1.58603289232165E-16,0.));
#9918=DIRECTION('',(-3.0626842058625E-16,-1.,0.));
#9919=DIRECTION('center_axis',(0.,0.,-1.));
#9920=DIRECTION('ref_axis',(-0.707106781186547,0.707106781186547,0.));
#9921=DIRECTION('',(-1.,3.0626842058625E-16,0.));
#9922=DIRECTION('center_axis',(1.58603289232165E-16,1.,0.));
#9923=DIRECTION('ref_axis',(-1.,1.58603289232165E-16,0.));
#9924=DIRECTION('',(0.,0.,1.));
#9925=DIRECTION('',(-1.,1.58603289232165E-16,0.));
#9926=DIRECTION('',(0.,0.,-1.));
#9927=DIRECTION('center_axis',(0.,0.,1.));
#9928=DIRECTION('ref_axis',(1.,0.,0.));
#9929=DIRECTION('center_axis',(0.,-1.,0.));
#9930=DIRECTION('ref_axis',(1.,0.,0.));
#9931=DIRECTION('center_axis',(0.,0.,1.));
#9932=DIRECTION('ref_axis',(0.,-1.,0.));
#9933=DIRECTION('center_axis',(-1.,0.,0.));
#9934=DIRECTION('ref_axis',(0.,0.,1.));
#9935=DIRECTION('center_axis',(0.,0.,1.));
#9936=DIRECTION('ref_axis',(-0.707106781186548,-0.707106781186547,0.));
#9937=DIRECTION('center_axis',(0.,0.,1.));
#9938=DIRECTION('ref_axis',(-0.707106781186548,-0.707106781186547,0.));
#9939=DIRECTION('',(0.,0.,1.));
#9940=DIRECTION('',(0.,0.,-1.));
#9941=DIRECTION('center_axis',(-1.,7.93016446160826E-17,0.));
#9942=DIRECTION('ref_axis',(0.,0.707106781186547,0.707106781186548));
#9943=DIRECTION('center_axis',(1.,1.36642833800019E-16,0.));
#9944=DIRECTION('ref_axis',(0.,0.707106781186547,0.707106781186548));
#9945=DIRECTION('',(1.,-7.93016446160826E-17,0.));
#9946=DIRECTION('center_axis',(3.1720657846433E-16,1.,0.));
#9947=DIRECTION('ref_axis',(0.707106781186548,-3.92523114670943E-16,0.707106781186548));
#9948=DIRECTION('center_axis',(0.,1.,0.));
#9949=DIRECTION('ref_axis',(0.707106781186548,-3.92523114670943E-16,0.707106781186548));
#9950=DIRECTION('',(-3.1720657846433E-16,-1.,0.));
#9951=DIRECTION('center_axis',(7.93016446160826E-17,1.,0.));
#9952=DIRECTION('ref_axis',(-1.,7.93016446160826E-17,0.));
#9953=DIRECTION('',(-1.,7.93016446160826E-17,0.));
#9954=DIRECTION('',(0.,0.,1.));
#9955=DIRECTION('',(-1.,7.93016446160826E-17,0.));
#9956=DIRECTION('',(0.,0.,-1.));
#9957=DIRECTION('center_axis',(0.,0.,1.));
#9958=DIRECTION('ref_axis',(1.,0.,0.));
#9959=DIRECTION('',(3.1720657846433E-16,1.,0.));
#9960=DIRECTION('',(-1.,3.0626842058625E-16,0.));
#9961=DIRECTION('center_axis',(0.,0.,-1.));
#9962=DIRECTION('ref_axis',(0.707106781186547,0.707106781186547,0.));
#9963=DIRECTION('',(1.53134210293125E-16,1.,0.));
#9964=DIRECTION('center_axis',(1.,-3.1720657846433E-16,0.));
#9965=DIRECTION('ref_axis',(3.1720657846433E-16,1.,0.));
#9966=DIRECTION('',(0.,0.,1.));
#9967=DIRECTION('',(3.1720657846433E-16,1.,0.));
#9968=DIRECTION('',(0.,0.,-1.));
#9969=DIRECTION('center_axis',(0.,0.,1.));
#9970=DIRECTION('ref_axis',(1.,0.,0.));
#9971=DIRECTION('center_axis',(-1.,0.,0.));
#9972=DIRECTION('ref_axis',(0.,-1.,0.));
#9973=DIRECTION('center_axis',(0.,0.,1.));
#9974=DIRECTION('ref_axis',(-1.,0.,0.));
#9975=DIRECTION('center_axis',(0.,1.,0.));
#9976=DIRECTION('ref_axis',(0.,0.,1.));
#9977=DIRECTION('center_axis',(0.,0.,1.));
#9978=DIRECTION('ref_axis',(-0.707106781186547,0.707106781186548,0.));
#9979=DIRECTION('center_axis',(0.,0.,1.));
#9980=DIRECTION('ref_axis',(-0.707106781186547,0.707106781186548,0.));
#9981=DIRECTION('',(0.,0.,1.));
#9982=DIRECTION('',(0.,0.,-1.));
#9983=DIRECTION('center_axis',(-7.93016446160826E-17,1.,0.));
#9984=DIRECTION('ref_axis',(0.707106781186547,0.,0.707106781186548));
#9985=DIRECTION('center_axis',(1.36642833800019E-16,-1.,0.));
#9986=DIRECTION('ref_axis',(0.707106781186547,0.,0.707106781186548));
#9987=DIRECTION('',(7.93016446160826E-17,-1.,0.));
#9988=DIRECTION('center_axis',(1.,-2.9738116731031E-16,0.));
#9989=DIRECTION('ref_axis',(-3.92523114670944E-16,-0.707106781186547,0.707106781186548));
#9990=DIRECTION('center_axis',(1.,1.36642833800019E-16,0.));
#9991=DIRECTION('ref_axis',(-3.92523114670944E-16,-0.707106781186547,0.707106781186548));
#9992=DIRECTION('',(-1.,2.9738116731031E-16,0.));
#9993=DIRECTION('center_axis',(1.,7.93016446160826E-17,0.));
#9994=DIRECTION('ref_axis',(-7.93016446160826E-17,1.,0.));
#9995=DIRECTION('',(-7.93016446160826E-17,1.,0.));
#9996=DIRECTION('',(0.,0.,1.));
#9997=DIRECTION('',(-7.93016446160826E-17,1.,0.));
#9998=DIRECTION('',(0.,0.,-1.));
#9999=DIRECTION('center_axis',(0.,0.,1.));
#10000=DIRECTION('ref_axis',(1.,0.,0.));
#10001=DIRECTION('',(1.,-2.9738116731031E-16,0.));
#10002=DIRECTION('',(1.53134210293125E-16,1.,0.));
#10003=DIRECTION('center_axis',(0.,0.,-1.));
#10004=DIRECTION('ref_axis',(0.707106781186547,-0.707106781186547,0.));
#10005=DIRECTION('',(1.,-2.29701315439688E-16,0.));
#10006=DIRECTION('center_axis',(-2.9738116731031E-16,-1.,0.));
#10007=DIRECTION('ref_axis',(1.,-2.9738116731031E-16,0.));
#10008=DIRECTION('',(0.,0.,1.));
#10009=DIRECTION('',(1.,-2.9738116731031E-16,0.));
#10010=DIRECTION('',(0.,0.,-1.));
#10011=DIRECTION('center_axis',(0.,0.,1.));
#10012=DIRECTION('ref_axis',(-0.707106781186547,0.707106781186547,0.));
#10013=DIRECTION('',(0.,0.,-1.));
#10014=DIRECTION('center_axis',(0.,0.,-1.));
#10015=DIRECTION('ref_axis',(-0.707106781186547,0.707106781186547,0.));
#10016=DIRECTION('',(0.,0.,1.));
#10017=DIRECTION('center_axis',(3.0626842058625E-16,1.,0.));
#10018=DIRECTION('ref_axis',(-1.,3.0626842058625E-16,0.));
#10019=DIRECTION('',(-1.,3.0626842058625E-16,0.));
#10020=DIRECTION('center_axis',(0.,0.,1.));
#10021=DIRECTION('ref_axis',(0.707106781186547,0.707106781186547,0.));
#10022=DIRECTION('',(0.,0.,-1.));
#10023=DIRECTION('center_axis',(0.,0.,-1.));
#10024=DIRECTION('ref_axis',(0.707106781186547,0.707106781186547,0.));
#10025=DIRECTION('',(0.,0.,1.));
#10026=DIRECTION('center_axis',(1.,-1.53134210293125E-16,0.));
#10027=DIRECTION('ref_axis',(1.53134210293125E-16,1.,0.));
#10028=DIRECTION('',(1.53134210293125E-16,1.,0.));
#10029=DIRECTION('center_axis',(0.,0.,1.));
#10030=DIRECTION('ref_axis',(0.707106781186547,-0.707106781186547,0.));
#10031=DIRECTION('',(0.,0.,-1.));
#10032=DIRECTION('center_axis',(0.,0.,-1.));
#10033=DIRECTION('ref_axis',(0.707106781186547,-0.707106781186547,0.));
#10034=DIRECTION('',(0.,0.,1.));
#10035=DIRECTION('center_axis',(-2.29701315439688E-16,-1.,0.));
#10036=DIRECTION('ref_axis',(1.,-2.29701315439688E-16,0.));
#10037=DIRECTION('',(1.,-2.29701315439688E-16,0.));
#10038=DIRECTION('center_axis',(0.,0.,1.));
#10039=DIRECTION('ref_axis',(-0.707106781186547,-0.707106781186547,0.));
#10040=DIRECTION('',(0.,0.,-1.));
#10041=DIRECTION('center_axis',(0.,0.,-1.));
#10042=DIRECTION('ref_axis',(-0.707106781186547,-0.707106781186547,0.));
#10043=DIRECTION('',(0.,0.,1.));
#10044=DIRECTION('center_axis',(-1.,3.0626842058625E-16,0.));
#10045=DIRECTION('ref_axis',(-3.0626842058625E-16,-1.,0.));
#10046=DIRECTION('',(-3.0626842058625E-16,-1.,0.));
#10047=DIRECTION('center_axis',(0.,0.,1.));
#10048=DIRECTION('ref_axis',(1.,0.,0.));
#10049=DIRECTION('center_axis',(0.,0.,-1.));
#10050=DIRECTION('ref_axis',(-0.917060074385124,-0.398749068925246,0.));
#10051=DIRECTION('center_axis',(0.,-1.,0.));
#10052=DIRECTION('ref_axis',(-1.,0.,0.));
#10053=DIRECTION('center_axis',(0.,0.,1.));
#10054=DIRECTION('ref_axis',(-0.917060074385124,-0.398749068925245,0.));
#10055=DIRECTION('center_axis',(0.,-1.,0.));
#10056=DIRECTION('ref_axis',(-1.,0.,0.));
#10057=DIRECTION('center_axis',(0.,0.,1.));
#10058=DIRECTION('ref_axis',(1.,0.,0.));
#10059=DIRECTION('center_axis',(0.,0.,1.));
#10060=DIRECTION('ref_axis',(1.,0.,0.));
#10061=DIRECTION('center_axis',(0.,0.,1.));
#10062=DIRECTION('ref_axis',(1.,0.,0.));
#10063=DIRECTION('center_axis',(0.,0.,1.));
#10064=DIRECTION('ref_axis',(-0.707106781186548,0.707106781186548,0.));
#10065=DIRECTION('center_axis',(0.,0.,-1.));
#10066=DIRECTION('ref_axis',(-0.707106781186548,0.707106781186548,0.));
#10067=DIRECTION('',(0.,0.,-1.));
#10068=DIRECTION('center_axis',(0.,0.,1.));
#10069=DIRECTION('ref_axis',(-0.707106781186548,0.707106781186548,0.));
#10070=DIRECTION('',(0.,0.,1.));
#10071=DIRECTION('center_axis',(-1.,-1.36642833800019E-16,0.));
#10072=DIRECTION('ref_axis',(1.36642833800019E-16,-1.,0.));
#10073=DIRECTION('',(1.36642833800019E-16,-1.,0.));
#10074=DIRECTION('',(1.36642833800019E-16,-1.,0.));
#10075=DIRECTION('',(0.,0.,-1.));
#10076=DIRECTION('',(-1.36642833800019E-16,1.,0.));
#10077=DIRECTION('center_axis',(0.,0.,1.));
#10078=DIRECTION('ref_axis',(1.,0.,0.));
#10079=DIRECTION('',(-1.,0.,0.));
#10080=DIRECTION('',(-3.0626842058625E-16,-1.,0.));
#10081=DIRECTION('center_axis',(0.,0.,1.));
#10082=DIRECTION('ref_axis',(0.707106781186548,0.707106781186548,0.));
#10083=DIRECTION('center_axis',(0.,0.,-1.));
#10084=DIRECTION('ref_axis',(0.707106781186548,0.707106781186548,0.));
#10085=DIRECTION('',(0.,0.,-1.));
#10086=DIRECTION('center_axis',(0.,0.,1.));
#10087=DIRECTION('ref_axis',(0.707106781186548,0.707106781186548,0.));
#10088=DIRECTION('',(0.,0.,1.));
#10089=DIRECTION('center_axis',(1.,1.36642833800019E-16,0.));
#10090=DIRECTION('ref_axis',(-1.36642833800019E-16,1.,0.));
#10091=DIRECTION('',(1.36642833800019E-16,-1.,0.));
#10092=DIRECTION('',(0.,0.,1.));
#10093=DIRECTION('',(-1.36642833800019E-16,1.,0.));
#10094=DIRECTION('',(-1.36642833800019E-16,1.,0.));
#10095=DIRECTION('center_axis',(0.,0.,1.));
#10096=DIRECTION('ref_axis',(1.,0.,0.));
#10097=DIRECTION('center_axis',(0.,0.,-1.));
#10098=DIRECTION('ref_axis',(-0.707106781186548,-0.707106781186548,0.));
#10099=DIRECTION('',(-1.,-1.36642833800019E-16,0.));
#10100=DIRECTION('',(-0.398749068925246,0.917060074385124,0.));
#10101=DIRECTION('center_axis',(0.,0.,-1.));
#10102=DIRECTION('ref_axis',(0.536622808952802,0.84382223300385,0.));
#10103=DIRECTION('',(-0.398749068925246,-0.917060074385124,0.));
#10104=DIRECTION('center_axis',(0.,0.,-1.));
#10105=DIRECTION('ref_axis',(0.,1.,0.));
#10106=DIRECTION('',(-1.,-1.38777878078145E-16,0.));
#10107=DIRECTION('center_axis',(0.,0.,-1.));
#10108=DIRECTION('ref_axis',(-0.707106781186548,-0.707106781186548,0.));
#10109=DIRECTION('',(-1.38777878078145E-16,1.,0.));
#10110=DIRECTION('center_axis',(0.,0.,-1.));
#10111=DIRECTION('ref_axis',(-0.707106781186548,0.707106781186548,0.));
#10112=DIRECTION('',(1.,0.,0.));
#10113=DIRECTION('center_axis',(0.,0.,-1.));
#10114=DIRECTION('ref_axis',(0.707106781186546,0.707106781186549,0.));
#10115=DIRECTION('',(0.,-1.,0.));
#10116=DIRECTION('center_axis',(0.,0.,-1.));
#10117=DIRECTION('ref_axis',(0.707106781186548,-0.707106781186548,0.));
#10118=DIRECTION('',(-1.,-1.38777878078145E-16,0.));
#10119=DIRECTION('center_axis',(0.,0.,-1.));
#10120=DIRECTION('ref_axis',(0.917060074385124,0.398749068925246,0.));
#10121=DIRECTION('',(0.398749068925247,-0.917060074385124,0.));
#10122=DIRECTION('',(-1.,-1.36642833800019E-16,0.));
#10123=DIRECTION('center_axis',(0.,0.,-1.));
#10124=DIRECTION('ref_axis',(0.707106781186548,-0.707106781186548,0.));
#10125=DIRECTION('',(1.,0.,0.));
#10126=DIRECTION('center_axis',(0.,0.,1.));
#10127=DIRECTION('ref_axis',(-0.707106781186548,-0.707106781186548,0.));
#10128=DIRECTION('center_axis',(0.,0.,1.));
#10129=DIRECTION('ref_axis',(-0.707106781186548,-0.707106781186548,0.));
#10130=DIRECTION('',(0.,0.,1.));
#10131=DIRECTION('center_axis',(1.36642833800019E-16,-1.,0.));
#10132=DIRECTION('ref_axis',(1.,1.36642833800019E-16,0.));
#10133=DIRECTION('',(1.,1.36642833800019E-16,0.));
#10134=DIRECTION('',(1.,1.36642833800019E-16,0.));
#10135=DIRECTION('',(0.,0.,-1.));
#10136=DIRECTION('',(-1.,-1.36642833800019E-16,0.));
#10137=DIRECTION('center_axis',(0.,0.,1.));
#10138=DIRECTION('ref_axis',(0.707106781186548,-0.707106781186548,0.));
#10139=DIRECTION('center_axis',(0.,0.,1.));
#10140=DIRECTION('ref_axis',(0.707106781186548,-0.707106781186548,0.));
#10141=DIRECTION('center_axis',(-0.816496580927726,-0.408248290463863,-0.408248290463863));
#10142=DIRECTION('ref_axis',(-0.577350269189626,0.577350269189626,0.577350269189626));
#10143=DIRECTION('center_axis',(-1.,0.,0.));
#10144=DIRECTION('ref_axis',(0.,1.,0.));
#10145=DIRECTION('center_axis',(0.,0.,1.));
#10146=DIRECTION('ref_axis',(-1.,0.,0.));
#10147=DIRECTION('center_axis',(0.,1.,0.));
#10148=DIRECTION('ref_axis',(0.,0.,1.));
#10149=DIRECTION('center_axis',(0.,0.,1.));
#10150=DIRECTION('ref_axis',(-0.707106781186548,0.707106781186548,0.));
#10151=DIRECTION('center_axis',(0.,0.,1.));
#10152=DIRECTION('ref_axis',(-0.707106781186548,0.707106781186548,0.));
#10153=DIRECTION('',(0.,0.,1.));
#10154=DIRECTION('',(0.,0.,-1.));
#10155=DIRECTION('center_axis',(-0.816496580927726,0.408248290463864,-0.408248290463862));
#10156=DIRECTION('ref_axis',(-0.577350269189626,-0.577350269189626,0.577350269189625));
#10157=DIRECTION('center_axis',(0.,-1.,0.));
#10158=DIRECTION('ref_axis',(-1.,0.,0.));
#10159=DIRECTION('center_axis',(0.,0.,1.));
#10160=DIRECTION('ref_axis',(0.,-1.,0.));
#10161=DIRECTION('center_axis',(-1.,0.,0.));
#10162=DIRECTION('ref_axis',(0.,0.,1.));
#10163=DIRECTION('center_axis',(0.,0.,1.));
#10164=DIRECTION('ref_axis',(-0.707106781186548,-0.707106781186548,0.));
#10165=DIRECTION('center_axis',(0.,0.,1.));
#10166=DIRECTION('ref_axis',(-0.707106781186548,-0.707106781186548,0.));
#10167=DIRECTION('',(0.,0.,-1.));
#10168=DIRECTION('center_axis',(0.408248290463862,0.408248290463862,-0.816496580927727));
#10169=DIRECTION('ref_axis',(0.577350269189627,0.577350269189625,0.577350269189625));
#10170=DIRECTION('center_axis',(0.,1.,0.));
#10171=DIRECTION('ref_axis',(1.,0.,0.));
#10172=DIRECTION('center_axis',(0.,0.,1.));
#10173=DIRECTION('ref_axis',(0.,1.,0.));
#10174=DIRECTION('center_axis',(1.,0.,0.));
#10175=DIRECTION('ref_axis',(0.,0.,1.));
#10176=DIRECTION('center_axis',(0.,0.,1.));
#10177=DIRECTION('ref_axis',(0.707106781186548,0.707106781186548,0.));
#10178=DIRECTION('center_axis',(0.,0.,1.));
#10179=DIRECTION('ref_axis',(0.707106781186548,0.707106781186548,0.));
#10180=DIRECTION('',(0.,0.,1.));
#10181=DIRECTION('',(0.,0.,-1.));
#10182=DIRECTION('center_axis',(-1.,0.,0.));
#10183=DIRECTION('ref_axis',(0.,0.707106781186548,0.707106781186547));
#10184=DIRECTION('',(1.,0.,0.));
#10185=DIRECTION('',(-1.,0.,0.));
#10186=DIRECTION('center_axis',(-0.816496580927725,-0.408248290463865,0.408248290463863));
#10187=DIRECTION('ref_axis',(0.577350269189625,-0.577350269189627,0.577350269189625));
#10188=DIRECTION('center_axis',(1.,0.,0.));
#10189=DIRECTION('ref_axis',(0.,-1.,0.));
#10190=DIRECTION('center_axis',(0.,0.,1.));
#10191=DIRECTION('ref_axis',(1.,0.,0.));
#10192=DIRECTION('center_axis',(0.,-1.,0.));
#10193=DIRECTION('ref_axis',(0.,0.,1.));
#10194=DIRECTION('center_axis',(0.,0.,1.));
#10195=DIRECTION('ref_axis',(0.707106781186548,-0.707106781186548,0.));
#10196=DIRECTION('center_axis',(0.,0.,1.));
#10197=DIRECTION('ref_axis',(0.707106781186548,-0.707106781186548,0.));
#10198=DIRECTION('',(0.,0.,1.));
#10199=DIRECTION('center_axis',(-1.36642833800019E-16,1.,0.));
#10200=DIRECTION('ref_axis',(0.707106781186548,0.,0.707106781186547));
#10201=DIRECTION('',(1.36642833800019E-16,-1.,0.));
#10202=DIRECTION('',(-1.36642833800019E-16,1.,0.));
#10203=DIRECTION('center_axis',(1.,1.36642833800019E-16,0.));
#10204=DIRECTION('ref_axis',(0.,-0.707106781186548,0.707106781186547));
#10205=DIRECTION('',(-1.,-1.36642833800019E-16,0.));
#10206=DIRECTION('center_axis',(1.36642833800019E-16,-1.,0.));
#10207=DIRECTION('ref_axis',(-0.707106781186548,0.,0.707106781186547));
#10208=DIRECTION('',(-1.36642833800019E-16,1.,0.));
#10209=DIRECTION('',(1.36642833800019E-16,-1.,0.));
#10210=DIRECTION('center_axis',(0.,1.,0.));
#10211=DIRECTION('ref_axis',(-1.,0.,0.));
#10212=DIRECTION('',(-1.,0.,0.));
#10213=DIRECTION('center_axis',(1.,1.36642833800019E-16,0.));
#10214=DIRECTION('ref_axis',(-1.36642833800019E-16,1.,0.));
#10215=DIRECTION('',(-1.36642833800019E-16,1.,0.));
#10216=DIRECTION('center_axis',(0.,0.,1.));
#10217=DIRECTION('ref_axis',(1.,0.,0.));
#10218=DIRECTION('center_axis',(0.,0.,-1.));
#10219=DIRECTION('ref_axis',(1.,0.,0.));
#10220=DIRECTION('center_axis',(0.,0.,-1.));
#10221=DIRECTION('ref_axis',(1.,0.,0.));
#10222=DIRECTION('center_axis',(0.,0.,-1.));
#10223=DIRECTION('ref_axis',(1.,0.,0.));
#10224=DIRECTION('center_axis',(0.,0.,-1.));
#10225=DIRECTION('ref_axis',(1.,0.,0.));
#10226=DIRECTION('center_axis',(0.,0.,-1.));
#10227=DIRECTION('ref_axis',(1.,0.,0.));
#10228=DIRECTION('center_axis',(0.,0.,-1.));
#10229=DIRECTION('ref_axis',(1.,0.,0.));
#10230=DIRECTION('center_axis',(0.,0.,-1.));
#10231=DIRECTION('ref_axis',(1.,0.,0.));
#10232=DIRECTION('center_axis',(0.,0.,-1.));
#10233=DIRECTION('ref_axis',(1.,0.,0.));
#10234=DIRECTION('center_axis',(0.,0.,-1.));
#10235=DIRECTION('ref_axis',(1.,0.,0.));
#10236=DIRECTION('center_axis',(0.,0.,1.));
#10237=DIRECTION('ref_axis',(-0.707106781186548,0.707106781186548,0.));
#10238=DIRECTION('',(0.,0.,1.));
#10239=DIRECTION('center_axis',(0.,0.,1.));
#10240=DIRECTION('ref_axis',(-0.707106781186548,0.707106781186548,0.));
#10241=DIRECTION('',(0.,0.,-1.));
#10242=DIRECTION('center_axis',(1.,1.38777878078145E-16,0.));
#10243=DIRECTION('ref_axis',(-1.38777878078145E-16,1.,0.));
#10244=DIRECTION('',(0.,0.,-1.));
#10245=DIRECTION('',(-1.38777878078145E-16,1.,0.));
#10246=DIRECTION('center_axis',(0.,0.,1.));
#10247=DIRECTION('ref_axis',(0.707106781186546,0.707106781186549,0.));
#10248=DIRECTION('',(0.,0.,1.));
#10249=DIRECTION('center_axis',(0.,0.,1.));
#10250=DIRECTION('ref_axis',(0.707106781186546,0.707106781186549,0.));
#10251=DIRECTION('',(0.,0.,-1.));
#10252=DIRECTION('center_axis',(0.,-1.,0.));
#10253=DIRECTION('ref_axis',(1.,0.,0.));
#10254=DIRECTION('',(1.,0.,0.));
#10255=DIRECTION('center_axis',(0.,0.,1.));
#10256=DIRECTION('ref_axis',(-0.707106781186548,-0.707106781186548,0.));
#10257=DIRECTION('',(0.,0.,1.));
#10258=DIRECTION('center_axis',(0.,0.,1.));
#10259=DIRECTION('ref_axis',(-0.707106781186548,-0.707106781186548,0.));
#10260=DIRECTION('center_axis',(-1.38777878078145E-16,1.,0.));
#10261=DIRECTION('ref_axis',(-1.,-1.38777878078145E-16,0.));
#10262=DIRECTION('',(0.,0.,-1.));
#10263=DIRECTION('',(-1.,-1.38777878078145E-16,0.));
#10264=DIRECTION('center_axis',(0.,0.,1.));
#10265=DIRECTION('ref_axis',(0.707106781186548,-0.707106781186548,0.));
#10266=DIRECTION('',(0.,0.,1.));
#10267=DIRECTION('center_axis',(0.,0.,1.));
#10268=DIRECTION('ref_axis',(0.707106781186548,-0.707106781186548,0.));
#10269=DIRECTION('',(0.,0.,-1.));
#10270=DIRECTION('center_axis',(-1.,0.,0.));
#10271=DIRECTION('ref_axis',(0.,-1.,0.));
#10272=DIRECTION('',(0.,-1.,0.));
#10273=DIRECTION('center_axis',(0.,0.,1.));
#10274=DIRECTION('ref_axis',(1.,0.,0.));
#10275=DIRECTION('center_axis',(0.,0.,1.));
#10276=DIRECTION('ref_axis',(1.,0.,0.));
#10277=DIRECTION('',(0.857167300702112,1.04972719113862E-16,-0.515038074910054));
#10278=DIRECTION('center_axis',(0.,0.,1.));
#10279=DIRECTION('ref_axis',(1.,0.,0.));
#10280=DIRECTION('',(0.,0.,-1.));
#10281=DIRECTION('center_axis',(0.,0.,1.));
#10282=DIRECTION('ref_axis',(1.,0.,0.));
#10283=DIRECTION('center_axis',(0.,0.,1.));
#10284=DIRECTION('ref_axis',(1.,0.,0.));
#10285=DIRECTION('',(0.857167300702112,1.04972719113862E-16,-0.515038074910054));
#10286=DIRECTION('center_axis',(0.,0.,1.));
#10287=DIRECTION('ref_axis',(1.,0.,0.));
#10288=DIRECTION('',(0.,0.,-1.));
#10289=DIRECTION('center_axis',(0.,0.,1.));
#10290=DIRECTION('ref_axis',(1.,0.,0.));
#10291=DIRECTION('center_axis',(0.,0.,1.));
#10292=DIRECTION('ref_axis',(1.,0.,0.));
#10293=DIRECTION('',(0.857167300702112,1.04972719113862E-16,-0.515038074910054));
#10294=DIRECTION('center_axis',(0.,0.,1.));
#10295=DIRECTION('ref_axis',(1.,0.,0.));
#10296=DIRECTION('',(0.,0.,-1.));
#10297=DIRECTION('center_axis',(0.,0.,1.));
#10298=DIRECTION('ref_axis',(1.,0.,0.));
#10299=DIRECTION('center_axis',(0.,0.,1.));
#10300=DIRECTION('ref_axis',(1.,0.,0.));
#10301=DIRECTION('',(0.857167300702112,1.04972719113862E-16,-0.515038074910054));
#10302=DIRECTION('center_axis',(0.,0.,1.));
#10303=DIRECTION('ref_axis',(1.,0.,0.));
#10304=DIRECTION('',(0.,0.,-1.));
#10305=DIRECTION('center_axis',(0.,0.,1.));
#10306=DIRECTION('ref_axis',(1.,0.,0.));
#10307=DIRECTION('center_axis',(0.,0.,1.));
#10308=DIRECTION('ref_axis',(1.,0.,0.));
#10309=DIRECTION('',(0.857167300702112,1.04972719113862E-16,-0.515038074910054));
#10310=DIRECTION('center_axis',(0.,0.,1.));
#10311=DIRECTION('ref_axis',(1.,0.,0.));
#10312=DIRECTION('',(0.,0.,-1.));
#10313=DIRECTION('center_axis',(0.,0.,1.));
#10314=DIRECTION('ref_axis',(1.,0.,0.));
#10315=DIRECTION('center_axis',(0.,0.,1.));
#10316=DIRECTION('ref_axis',(1.,0.,0.));
#10317=DIRECTION('',(0.857167300702112,1.04972719113862E-16,-0.515038074910054));
#10318=DIRECTION('center_axis',(0.,0.,1.));
#10319=DIRECTION('ref_axis',(1.,0.,0.));
#10320=DIRECTION('',(0.,0.,-1.));
#10321=DIRECTION('center_axis',(0.,0.,1.));
#10322=DIRECTION('ref_axis',(1.,0.,0.));
#10323=DIRECTION('center_axis',(0.,0.,1.));
#10324=DIRECTION('ref_axis',(1.,0.,0.));
#10325=DIRECTION('',(0.857167300702112,1.04972719113862E-16,-0.515038074910054));
#10326=DIRECTION('center_axis',(0.,0.,1.));
#10327=DIRECTION('ref_axis',(1.,0.,0.));
#10328=DIRECTION('',(0.,0.,-1.));
#10329=DIRECTION('center_axis',(0.,0.,1.));
#10330=DIRECTION('ref_axis',(1.,0.,0.));
#10331=DIRECTION('center_axis',(0.,0.,1.));
#10332=DIRECTION('ref_axis',(1.,0.,0.));
#10333=DIRECTION('',(0.857167300702112,1.04972719113862E-16,-0.515038074910054));
#10334=DIRECTION('center_axis',(0.,0.,1.));
#10335=DIRECTION('ref_axis',(1.,0.,0.));
#10336=DIRECTION('',(0.,0.,-1.));
#10337=DIRECTION('center_axis',(0.,0.,1.));
#10338=DIRECTION('ref_axis',(1.,0.,0.));
#10339=DIRECTION('',(0.,0.,-1.));
#10340=DIRECTION('center_axis',(0.,0.,1.));
#10341=DIRECTION('ref_axis',(1.,0.,0.));
#10342=DIRECTION('center_axis',(0.,0.,1.));
#10343=DIRECTION('ref_axis',(1.,0.,0.));
#10344=DIRECTION('center_axis',(0.,0.,1.));
#10345=DIRECTION('ref_axis',(0.917060074385124,0.398749068925245,0.));
#10346=DIRECTION('center_axis',(0.,0.,1.));
#10347=DIRECTION('ref_axis',(1.,0.,0.));
#10348=DIRECTION('',(0.648459397353155,0.28195817062886,-0.707106781186554));
#10349=DIRECTION('center_axis',(0.,0.,-1.));
#10350=DIRECTION('ref_axis',(0.917060074385124,0.398749068925245,0.));
#10351=DIRECTION('center_axis',(0.,0.,1.));
#10352=DIRECTION('ref_axis',(0.917060074385125,0.398749068925245,0.));
#10353=DIRECTION('',(0.,0.,-1.));
#10354=DIRECTION('center_axis',(0.917060074385124,0.398749068925247,0.));
#10355=DIRECTION('ref_axis',(-0.398749068925247,0.917060074385124,0.));
#10356=DIRECTION('',(0.,0.,1.));
#10357=DIRECTION('',(-0.398749068925247,0.917060074385124,0.));
#10358=DIRECTION('',(0.,0.,1.));
#10359=DIRECTION('',(-0.398749068925247,0.917060074385124,0.));
#10360=DIRECTION('center_axis',(0.,0.,1.));
#10361=DIRECTION('ref_axis',(-0.917060074385123,-0.398749068925249,0.));
#10362=DIRECTION('center_axis',(0.,0.,1.));
#10363=DIRECTION('ref_axis',(-0.917060074385123,-0.398749068925249,0.));
#10364=DIRECTION('center_axis',(0.,0.,1.));
#10365=DIRECTION('ref_axis',(-0.917060074385123,-0.398749068925249,0.));
#10366=DIRECTION('',(0.,0.,1.));
#10367=DIRECTION('center_axis',(-0.917060074385124,-0.398749068925246,0.));
#10368=DIRECTION('ref_axis',(0.398749068925246,-0.917060074385124,0.));
#10369=DIRECTION('',(0.398749068925246,-0.917060074385124,0.));
#10370=DIRECTION('',(0.398749068925246,-0.917060074385124,0.));
#10371=DIRECTION('',(0.,0.,1.));
#10372=DIRECTION('center_axis',(0.,0.,1.));
#10373=DIRECTION('ref_axis',(1.,0.,0.));
#10374=DIRECTION('center_axis',(0.,0.,1.));
#10375=DIRECTION('ref_axis',(0.536622808952802,0.84382223300385,0.));
#10376=DIRECTION('',(0.398749068925246,-0.917060074385124,0.));
#10377=DIRECTION('center_axis',(0.,0.,1.));
#10378=DIRECTION('ref_axis',(1.,0.,0.));
#10379=DIRECTION('center_axis',(0.,0.,1.));
#10380=DIRECTION('ref_axis',(0.,1.,0.));
#10381=DIRECTION('',(0.,0.,1.));
#10382=DIRECTION('center_axis',(0.,0.,-1.));
#10383=DIRECTION('ref_axis',(0.,1.,0.));
#10384=DIRECTION('center_axis',(-0.917060074385124,0.398749068925246,0.));
#10385=DIRECTION('ref_axis',(-0.398749068925246,-0.917060074385124,0.));
#10386=DIRECTION('',(0.,0.,1.));
#10387=DIRECTION('',(-0.398749068925246,-0.917060074385124,0.));
#10388=DIRECTION('center_axis',(0.,0.,1.));
#10389=DIRECTION('ref_axis',(0.536622808952802,0.84382223300385,0.));
#10390=DIRECTION('',(0.,0.,1.));
#10391=DIRECTION('center_axis',(0.,0.,-1.));
#10392=DIRECTION('ref_axis',(0.536622808952802,0.84382223300385,0.));
#10393=DIRECTION('center_axis',(0.917060074385124,0.398749068925246,0.));
#10394=DIRECTION('ref_axis',(-0.398749068925246,0.917060074385124,0.));
#10395=DIRECTION('',(0.,0.,1.));
#10396=DIRECTION('',(-0.398749068925246,0.917060074385124,0.));
#10397=DIRECTION('center_axis',(0.,0.,1.));
#10398=DIRECTION('ref_axis',(0.917060074385124,0.398749068925246,0.));
#10399=DIRECTION('',(0.,0.,-1.));
#10400=DIRECTION('center_axis',(0.,0.,-1.));
#10401=DIRECTION('ref_axis',(0.917060074385124,0.398749068925246,0.));
#10402=DIRECTION('center_axis',(-1.38777878078145E-16,1.,0.));
#10403=DIRECTION('ref_axis',(-1.,-1.38777878078145E-16,0.));
#10404=DIRECTION('',(-1.,-1.38777878078145E-16,0.));
#10405=DIRECTION('center_axis',(-1.,8.55096016441092E-16,0.));
#10406=DIRECTION('ref_axis',(-8.55096016441092E-16,-1.,0.));
#10407=DIRECTION('',(-8.55096016441092E-16,-1.,0.));
#10408=DIRECTION('',(0.,0.,1.));
#10409=DIRECTION('center_axis',(0.,0.,1.));
#10410=DIRECTION('ref_axis',(0.,-1.,0.));
#10411=DIRECTION('center_axis',(0.,0.,1.));
#10412=DIRECTION('ref_axis',(0.,-1.,0.));
#10413=DIRECTION('center_axis',(-1.,8.55096016441092E-16,0.));
#10414=DIRECTION('ref_axis',(-8.55096016441092E-16,-1.,0.));
#10415=DIRECTION('',(0.,0.,1.));
#10416=DIRECTION('',(-8.55096016441092E-16,-1.,0.));
#10417=DIRECTION('center_axis',(0.,0.,1.));
#10418=DIRECTION('ref_axis',(-1.,2.06553120860495E-15,0.));
#10419=DIRECTION('',(0.,0.,1.));
#10420=DIRECTION('center_axis',(0.,0.,1.));
#10421=DIRECTION('ref_axis',(-1.,2.06553120860495E-15,0.));
#10422=DIRECTION('center_axis',(1.,-8.55096016441092E-16,0.));
#10423=DIRECTION('ref_axis',(8.55096016441092E-16,1.,0.));
#10424=DIRECTION('',(8.55096016441092E-16,1.,0.));
#10425=DIRECTION('center_axis',(0.,0.,1.));
#10426=DIRECTION('ref_axis',(0.,1.,0.));
#10427=DIRECTION('',(0.,0.,1.));
#10428=DIRECTION('center_axis',(0.,0.,1.));
#10429=DIRECTION('ref_axis',(0.,1.,0.));
#10430=DIRECTION('center_axis',(-6.07445257581104E-17,-1.,0.));
#10431=DIRECTION('ref_axis',(1.,-6.07445257581104E-17,0.));
#10432=DIRECTION('',(1.,-6.07445257581104E-17,0.));
#10433=DIRECTION('center_axis',(0.,0.,1.));
#10434=DIRECTION('ref_axis',(1.,0.,0.));
#10435=DIRECTION('center_axis',(0.,0.,1.));
#10436=DIRECTION('ref_axis',(1.,0.,0.));
#10437=DIRECTION('center_axis',(0.,0.,-1.));
#10438=DIRECTION('ref_axis',(-1.,0.,0.));
#10439=DIRECTION('center_axis',(-1.,3.0626842058625E-16,0.));
#10440=DIRECTION('ref_axis',(-3.0626842058625E-16,-1.,0.));
#10441=DIRECTION('center_axis',(-2.29701315439688E-16,-1.,0.));
#10442=DIRECTION('ref_axis',(1.,-2.29701315439688E-16,0.));
#10443=DIRECTION('',(1.,-2.29701315439688E-16,0.));
#10444=DIRECTION('center_axis',(3.0626842058625E-16,1.,0.));
#10445=DIRECTION('ref_axis',(-1.,3.0626842058625E-16,0.));
#10446=DIRECTION('',(-1.,3.0626842058625E-16,0.));
#10447=DIRECTION('center_axis',(0.,0.,1.));
#10448=DIRECTION('ref_axis',(1.,0.,0.));
#10449=DIRECTION('',(-1.,0.,0.));
#10450=DIRECTION('center_axis',(0.,0.,1.));
#10451=DIRECTION('ref_axis',(1.,0.,0.));
#10452=DIRECTION('',(1.53134210293125E-16,1.,0.));
#10453=DIRECTION('center_axis',(0.,0.,1.));
#10454=DIRECTION('ref_axis',(1.,0.,0.));
#10455=DIRECTION('center_axis',(1.,-1.53134210293125E-16,0.));
#10456=DIRECTION('ref_axis',(1.53134210293125E-16,1.,0.));
#10457=DIRECTION('center_axis',(0.,0.,1.));
#10458=DIRECTION('ref_axis',(1.,0.,0.));
#10459=DIRECTION('',(1.36642833800019E-16,-1.,0.));
#10460=DIRECTION('center_axis',(1.36642833800019E-16,-1.,0.));
#10461=DIRECTION('ref_axis',(1.,1.36642833800019E-16,0.));
#10462=DIRECTION('center_axis',(0.,1.,0.));
#10463=DIRECTION('ref_axis',(-1.,0.,0.));
#10464=DIRECTION('center_axis',(-1.,-1.36642833800019E-16,0.));
#10465=DIRECTION('ref_axis',(1.36642833800019E-16,-1.,0.));
#10466=CARTESIAN_POINT('',(0.,0.,0.));
#10467=CARTESIAN_POINT('Origin',(-32.5,-32.499,0.));
#10468=CARTESIAN_POINT('',(5.99943273905997,-32.499,10.3534034729004));
#10469=CARTESIAN_POINT('',(5.99943273905997,-32.499,12.5069691130949));
#10470=CARTESIAN_POINT('',(5.99943273905997,-32.499,5.1767017364502));
#10471=CARTESIAN_POINT('',(6.28914100486224,-32.499,10.3534034729004));
#10472=CARTESIAN_POINT('',(-13.1054294975689,-32.499,10.3534034729004));
#10473=CARTESIAN_POINT('',(6.28914100486224,-32.499,12.8534034729004));
#10474=CARTESIAN_POINT('',(6.28914100486224,-32.499,6.4267017364502));
#10475=CARTESIAN_POINT('',(5.88800648298218,-32.499,12.8534034729004));
#10476=CARTESIAN_POINT('',(-13.3059967585089,-32.499,12.8534034729004));
#10477=CARTESIAN_POINT('',(5.36531604538088,-32.499,11.4615882378923));
#10478=CARTESIAN_POINT('',(1.1390313366832,-32.499,0.207876629848435));
#10479=CARTESIAN_POINT('',(4.82236628849271,-32.499,12.8534034729004));
#10480=CARTESIAN_POINT('',(4.5335391038028,-32.499,13.5937925620122));
#10481=CARTESIAN_POINT('',(4.42933549432739,-32.499,12.8534034729004));
#10482=CARTESIAN_POINT('',(-14.0353322528363,-32.499,12.8534034729004));
#10483=CARTESIAN_POINT('',(4.42933549432739,-32.499,10.3534034729004));
#10484=CARTESIAN_POINT('',(4.42933549432739,-32.499,5.1767017364502));
#10485=CARTESIAN_POINT('',(4.69878444084279,-32.499,10.3534034729004));
#10486=CARTESIAN_POINT('',(-13.9006077795786,-32.499,10.3534034729004));
#10487=CARTESIAN_POINT('',(4.69878444084279,-32.499,12.5069691130949));
#10488=CARTESIAN_POINT('',(4.69878444084279,-32.499,6.25348455654744));
#10489=CARTESIAN_POINT('',(5.25996758508914,-32.499,11.042220328654));
#10490=CARTESIAN_POINT('',(4.68791078928658,-32.499,12.5353505213084));
#10491=CARTESIAN_POINT('',(5.43419773095624,-32.499,11.042220328654));
#10492=CARTESIAN_POINT('',(-13.5329011345219,-32.499,11.042220328654));
#10493=CARTESIAN_POINT('',(1.40404616261816,-32.499,0.598494221455333));
#10494=CARTESIAN_POINT('Origin',(4.42933549432738,69.8088101806059,12.8534034729004));
#10495=CARTESIAN_POINT('',(4.42933549432739,-32.5,12.8534034729004));
#10496=CARTESIAN_POINT('',(4.82236628849271,-32.5,12.8534034729004));
#10497=CARTESIAN_POINT('',(-14.0353322528363,-32.5,12.8534034729004));
#10498=CARTESIAN_POINT('',(4.42933549432738,69.8088101806059,12.8534034729004));
#10499=CARTESIAN_POINT('',(4.8223662884927,69.8088101806059,12.8534034729004));
#10500=CARTESIAN_POINT('Origin',(4.8223662884927,69.8088101806059,12.8534034729004));
#10501=CARTESIAN_POINT('',(5.36531604538088,-32.5,11.4615882378923));
#10502=CARTESIAN_POINT('',(4.53353910380279,-32.5,13.5937925620122));
#10503=CARTESIAN_POINT('',(5.36531604538087,69.8088101806059,11.4615882378923));
#10504=CARTESIAN_POINT('Origin',(5.36531604538087,69.8088101806059,11.4615882378923));
#10505=CARTESIAN_POINT('',(5.88800648298218,-32.5,12.8534034729004));
#10506=CARTESIAN_POINT('',(1.1390313366832,-32.5,0.207876629848435));
#10507=CARTESIAN_POINT('',(5.88800648298216,69.8088101806059,12.8534034729004));
#10508=CARTESIAN_POINT('Origin',(5.88800648298216,69.8088101806059,12.8534034729004));
#10509=CARTESIAN_POINT('',(6.28914100486224,-32.5,12.8534034729004));
#10510=CARTESIAN_POINT('',(-13.3059967585089,-32.5,12.8534034729004));
#10511=CARTESIAN_POINT('',(6.28914100486223,69.8088101806059,12.8534034729004));
#10512=CARTESIAN_POINT('Origin',(6.28914100486223,69.8088101806059,12.8534034729004));
#10513=CARTESIAN_POINT('',(6.28914100486224,-32.5,10.3534034729004));
#10514=CARTESIAN_POINT('',(6.28914100486224,-32.5,6.4267017364502));
#10515=CARTESIAN_POINT('',(6.28914100486223,69.8088101806059,10.3534034729004));
#10516=CARTESIAN_POINT('Origin',(6.28914100486223,69.8088101806059,10.3534034729004));
#10517=CARTESIAN_POINT('',(5.99943273905997,-32.5,10.3534034729004));
#10518=CARTESIAN_POINT('',(-13.1054294975689,-32.5,10.3534034729004));
#10519=CARTESIAN_POINT('',(5.99943273905996,69.8088101806059,10.3534034729004));
#10520=CARTESIAN_POINT('Origin',(5.99943273905996,69.8088101806059,10.3534034729004));
#10521=CARTESIAN_POINT('',(5.99943273905997,-32.5,12.5069691130949));
#10522=CARTESIAN_POINT('',(5.99943273905997,-32.5,5.1767017364502));
#10523=CARTESIAN_POINT('',(5.99943273905996,69.8088101806059,12.5069691130949));
#10524=CARTESIAN_POINT('Origin',(5.99943273905996,69.8088101806059,12.5069691130949));
#10525=CARTESIAN_POINT('',(5.43419773095625,-32.5,11.042220328654));
#10526=CARTESIAN_POINT('',(1.40404616261816,-32.5,0.598494221455332));
#10527=CARTESIAN_POINT('',(5.43419773095623,69.8088101806059,11.042220328654));
#10528=CARTESIAN_POINT('Origin',(5.43419773095623,69.8088101806059,11.042220328654));
#10529=CARTESIAN_POINT('',(5.25996758508914,-32.5,11.042220328654));
#10530=CARTESIAN_POINT('',(-13.5329011345219,-32.5,11.042220328654));
#10531=CARTESIAN_POINT('',(5.25996758508913,69.8088101806059,11.042220328654));
#10532=CARTESIAN_POINT('Origin',(5.25996758508913,69.8088101806059,11.042220328654));
#10533=CARTESIAN_POINT('',(4.69878444084279,-32.5,12.5069691130949));
#10534=CARTESIAN_POINT('',(4.68791078928658,-32.5,12.5353505213084));
#10535=CARTESIAN_POINT('',(4.69878444084278,69.8088101806059,12.5069691130949));
#10536=CARTESIAN_POINT('Origin',(4.69878444084278,69.8088101806059,12.5069691130949));
#10537=CARTESIAN_POINT('',(4.69878444084279,-32.5,10.3534034729004));
#10538=CARTESIAN_POINT('',(4.69878444084279,-32.5,6.25348455654744));
#10539=CARTESIAN_POINT('',(4.69878444084278,69.8088101806059,10.3534034729004));
#10540=CARTESIAN_POINT('Origin',(4.69878444084278,69.8088101806059,10.3534034729004));
#10541=CARTESIAN_POINT('',(4.42933549432739,-32.5,10.3534034729004));
#10542=CARTESIAN_POINT('',(-13.9006077795786,-32.5,10.3534034729004));
#10543=CARTESIAN_POINT('',(4.42933549432738,69.8088101806059,10.3534034729004));
#10544=CARTESIAN_POINT('Origin',(4.42933549432738,69.8088101806059,10.3534034729004));
#10545=CARTESIAN_POINT('',(4.42933549432739,-32.5,5.1767017364502));
#10546=CARTESIAN_POINT('Origin',(-32.5,-32.499,0.));
#10547=CARTESIAN_POINT('',(8.50748067860596,-32.499,16.6935968714349));
#10548=CARTESIAN_POINT('Ctrl Pts',(8.50748067860596,-32.499,16.6935968714349));
#10549=CARTESIAN_POINT('Ctrl Pts',(8.50748067860596,-32.499,16.827412368704));
#10550=CARTESIAN_POINT('Ctrl Pts',(8.61653775801297,-32.499,16.9364394379075));
#10551=CARTESIAN_POINT('Ctrl Pts',(8.75158367362427,-32.499,16.9364394379075));
#10552=CARTESIAN_POINT('Ctrl Pts',(8.88539917089334,-32.499,16.9364394379075));
#10553=CARTESIAN_POINT('Ctrl Pts',(8.99442624009684,-32.499,16.827412368704));
#10554=CARTESIAN_POINT('Ctrl Pts',(8.99442624009684,-32.499,16.6935968714349));
#10555=CARTESIAN_POINT('Ctrl Pts',(8.99442624009685,-32.499,16.5585509558236));
#10556=CARTESIAN_POINT('Ctrl Pts',(8.88539917089334,-32.499,16.4494938764167));
#10557=CARTESIAN_POINT('Ctrl Pts',(8.75158367362427,-32.499,16.4494938764167));
#10558=CARTESIAN_POINT('Ctrl Pts',(8.61653775801297,-32.499,16.4494938764166));
#10559=CARTESIAN_POINT('Ctrl Pts',(8.50748067860596,-32.499,16.5585509558236));
#10560=CARTESIAN_POINT('Ctrl Pts',(8.50748067860596,-32.499,16.6935968714349));
#10561=CARTESIAN_POINT('',(8.94857064919595,-32.499,16.6935968714349));
#10562=CARTESIAN_POINT('Ctrl Pts',(8.94857064919595,-32.499,16.6935968714349));
#10563=CARTESIAN_POINT('Ctrl Pts',(8.94857064919595,-32.499,16.8026239406385));
#10564=CARTESIAN_POINT('Ctrl Pts',(8.86064075303124,-32.499,16.8906138572101));
#10565=CARTESIAN_POINT('Ctrl Pts',(8.75158367362427,-32.499,16.8906138572101));
#10566=CARTESIAN_POINT('Ctrl Pts',(8.64192639014791,-32.499,16.8906138572101));
#10567=CARTESIAN_POINT('Ctrl Pts',(8.55333626950687,-32.499,16.8026239406385));
#10568=CARTESIAN_POINT('Ctrl Pts',(8.55333626950688,-32.499,16.6935968714349));
#10569=CARTESIAN_POINT('Ctrl Pts',(8.55333626950687,-32.499,16.5833093736857));
#10570=CARTESIAN_POINT('Ctrl Pts',(8.64192639014789,-32.499,16.4953494673176));
#10571=CARTESIAN_POINT('Ctrl Pts',(8.75158367362427,-32.499,16.4953494673175));
#10572=CARTESIAN_POINT('Ctrl Pts',(8.86064075303123,-32.499,16.4953494673175));
#10573=CARTESIAN_POINT('Ctrl Pts',(8.94857064919595,-32.499,16.5833093736857));
#10574=CARTESIAN_POINT('Ctrl Pts',(8.94857064919595,-32.499,16.6935968714349));
#10575=CARTESIAN_POINT('Ctrl Pts',(8.94857064919594,69.8088101806059,16.6935968714349));
#10576=CARTESIAN_POINT('Ctrl Pts',(8.94857064919596,-134.808810180606,16.6935968714349));
#10577=CARTESIAN_POINT('Ctrl Pts',(8.94857064919594,69.8088101806059,16.8026239406385));
#10578=CARTESIAN_POINT('Ctrl Pts',(8.94857064919596,-134.808810180606,16.8026239406385));
#10579=CARTESIAN_POINT('Ctrl Pts',(8.86064075303123,69.8088101806059,16.8906138572101));
#10580=CARTESIAN_POINT('Ctrl Pts',(8.86064075303125,-134.808810180606,16.8906138572101));
#10581=CARTESIAN_POINT('Ctrl Pts',(8.75158367362426,69.8088101806059,16.8906138572101));
#10582=CARTESIAN_POINT('Ctrl Pts',(8.75158367362429,-134.808810180606,16.8906138572101));
#10583=CARTESIAN_POINT('Ctrl Pts',(8.64192639014789,69.8088101806059,16.8906138572101));
#10584=CARTESIAN_POINT('Ctrl Pts',(8.64192639014792,-134.808810180606,16.8906138572101));
#10585=CARTESIAN_POINT('Ctrl Pts',(8.55333626950686,69.8088101806059,16.8026239406385));
#10586=CARTESIAN_POINT('Ctrl Pts',(8.55333626950689,-134.808810180606,16.8026239406385));
#10587=CARTESIAN_POINT('Ctrl Pts',(8.55333626950686,69.8088101806059,16.6935968714349));
#10588=CARTESIAN_POINT('Ctrl Pts',(8.55333626950689,-134.808810180606,16.6935968714349));
#10589=CARTESIAN_POINT('Ctrl Pts',(8.55333626950686,69.8088101806059,16.5833093736857));
#10590=CARTESIAN_POINT('Ctrl Pts',(8.55333626950689,-134.808810180606,16.5833093736857));
#10591=CARTESIAN_POINT('Ctrl Pts',(8.64192639014788,69.8088101806059,16.4953494673176));
#10592=CARTESIAN_POINT('Ctrl Pts',(8.64192639014791,-134.808810180606,16.4953494673176));
#10593=CARTESIAN_POINT('Ctrl Pts',(8.75158367362426,69.8088101806059,16.4953494673175));
#10594=CARTESIAN_POINT('Ctrl Pts',(8.75158367362429,-134.808810180606,16.4953494673175));
#10595=CARTESIAN_POINT('Ctrl Pts',(8.86064075303122,69.8088101806059,16.4953494673175));
#10596=CARTESIAN_POINT('Ctrl Pts',(8.86064075303125,-134.808810180606,16.4953494673175));
#10597=CARTESIAN_POINT('Ctrl Pts',(8.94857064919594,69.8088101806059,16.5833093736857));
#10598=CARTESIAN_POINT('Ctrl Pts',(8.94857064919596,-134.808810180606,16.5833093736857));
#10599=CARTESIAN_POINT('Ctrl Pts',(8.94857064919594,69.8088101806059,16.6935968714349));
#10600=CARTESIAN_POINT('Ctrl Pts',(8.94857064919596,-134.808810180606,16.6935968714349));
#10601=CARTESIAN_POINT('',(8.94857064919595,-32.5,16.6935968714349));
#10602=CARTESIAN_POINT('Ctrl Pts',(8.94857064919595,-32.5,16.6935968714349));
#10603=CARTESIAN_POINT('Ctrl Pts',(8.94857064919595,-32.5,16.8026239406385));
#10604=CARTESIAN_POINT('Ctrl Pts',(8.86064075303124,-32.5,16.8906138572101));
#10605=CARTESIAN_POINT('Ctrl Pts',(8.75158367362427,-32.5,16.8906138572101));
#10606=CARTESIAN_POINT('Ctrl Pts',(8.64192639014791,-32.5,16.8906138572101));
#10607=CARTESIAN_POINT('Ctrl Pts',(8.55333626950687,-32.5,16.8026239406385));
#10608=CARTESIAN_POINT('Ctrl Pts',(8.55333626950688,-32.5,16.6935968714349));
#10609=CARTESIAN_POINT('Ctrl Pts',(8.55333626950687,-32.5,16.5833093736857));
#10610=CARTESIAN_POINT('Ctrl Pts',(8.6419263901479,-32.5,16.4953494673176));
#10611=CARTESIAN_POINT('Ctrl Pts',(8.75158367362427,-32.5,16.4953494673175));
#10612=CARTESIAN_POINT('Ctrl Pts',(8.86064075303123,-32.5,16.4953494673175));
#10613=CARTESIAN_POINT('Ctrl Pts',(8.94857064919595,-32.5,16.5833093736857));
#10614=CARTESIAN_POINT('Ctrl Pts',(8.94857064919595,-32.5,16.6935968714349));
#10615=CARTESIAN_POINT('',(8.94857064919594,69.8088101806059,16.6935968714349));
#10616=CARTESIAN_POINT('Ctrl Pts',(8.50748067860595,69.8088101806059,16.6935968714349));
#10617=CARTESIAN_POINT('Ctrl Pts',(8.50748067860598,-134.808810180606,16.6935968714349));
#10618=CARTESIAN_POINT('Ctrl Pts',(8.50748067860595,69.8088101806059,16.5585509558236));
#10619=CARTESIAN_POINT('Ctrl Pts',(8.50748067860598,-134.808810180606,16.5585509558236));
#10620=CARTESIAN_POINT('Ctrl Pts',(8.61653775801295,69.8088101806059,16.4494938764166));
#10621=CARTESIAN_POINT('Ctrl Pts',(8.61653775801298,-134.808810180606,16.4494938764166));
#10622=CARTESIAN_POINT('Ctrl Pts',(8.75158367362426,69.8088101806059,16.4494938764167));
#10623=CARTESIAN_POINT('Ctrl Pts',(8.75158367362429,-134.808810180606,16.4494938764167));
#10624=CARTESIAN_POINT('Ctrl Pts',(8.88539917089333,69.8088101806059,16.4494938764167));
#10625=CARTESIAN_POINT('Ctrl Pts',(8.88539917089336,-134.808810180606,16.4494938764167));
#10626=CARTESIAN_POINT('Ctrl Pts',(8.99442624009683,69.8088101806059,16.5585509558236));
#10627=CARTESIAN_POINT('Ctrl Pts',(8.99442624009686,-134.808810180606,16.5585509558236));
#10628=CARTESIAN_POINT('Ctrl Pts',(8.99442624009683,69.8088101806059,16.6935968714349));
#10629=CARTESIAN_POINT('Ctrl Pts',(8.99442624009686,-134.808810180606,16.6935968714349));
#10630=CARTESIAN_POINT('Ctrl Pts',(8.99442624009683,69.8088101806059,16.827412368704));
#10631=CARTESIAN_POINT('Ctrl Pts',(8.99442624009686,-134.808810180606,16.827412368704));
#10632=CARTESIAN_POINT('Ctrl Pts',(8.88539917089333,69.8088101806059,16.9364394379075));
#10633=CARTESIAN_POINT('Ctrl Pts',(8.88539917089336,-134.808810180606,16.9364394379075));
#10634=CARTESIAN_POINT('Ctrl Pts',(8.75158367362426,69.8088101806059,16.9364394379075));
#10635=CARTESIAN_POINT('Ctrl Pts',(8.75158367362429,-134.808810180606,16.9364394379075));
#10636=CARTESIAN_POINT('Ctrl Pts',(8.61653775801295,69.8088101806059,16.9364394379075));
#10637=CARTESIAN_POINT('Ctrl Pts',(8.61653775801298,-134.808810180606,16.9364394379075));
#10638=CARTESIAN_POINT('Ctrl Pts',(8.50748067860595,69.8088101806059,16.827412368704));
#10639=CARTESIAN_POINT('Ctrl Pts',(8.50748067860598,-134.808810180606,16.827412368704));
#10640=CARTESIAN_POINT('Ctrl Pts',(8.50748067860595,69.8088101806059,16.6935968714349));
#10641=CARTESIAN_POINT('Ctrl Pts',(8.50748067860598,-134.808810180606,16.6935968714349));
#10642=CARTESIAN_POINT('',(8.50748067860597,-32.5,16.6935968714349));
#10643=CARTESIAN_POINT('Ctrl Pts',(8.50748067860597,-32.5,16.6935968714349));
#10644=CARTESIAN_POINT('Ctrl Pts',(8.50748067860597,-32.5,16.827412368704));
#10645=CARTESIAN_POINT('Ctrl Pts',(8.61653775801297,-32.5,16.9364394379075));
#10646=CARTESIAN_POINT('Ctrl Pts',(8.75158367362427,-32.5,16.9364394379075));
#10647=CARTESIAN_POINT('Ctrl Pts',(8.88539917089334,-32.5,16.9364394379075));
#10648=CARTESIAN_POINT('Ctrl Pts',(8.99442624009684,-32.5,16.827412368704));
#10649=CARTESIAN_POINT('Ctrl Pts',(8.99442624009684,-32.5,16.6935968714349));
#10650=CARTESIAN_POINT('Ctrl Pts',(8.99442624009685,-32.5,16.5585509558236));
#10651=CARTESIAN_POINT('Ctrl Pts',(8.88539917089334,-32.5,16.4494938764167));
#10652=CARTESIAN_POINT('Ctrl Pts',(8.75158367362427,-32.5,16.4494938764167));
#10653=CARTESIAN_POINT('Ctrl Pts',(8.61653775801297,-32.5,16.4494938764166));
#10654=CARTESIAN_POINT('Ctrl Pts',(8.50748067860597,-32.5,16.5585509558236));
#10655=CARTESIAN_POINT('Ctrl Pts',(8.50748067860597,-32.5,16.6935968714349));
#10656=CARTESIAN_POINT('',(8.50748067860595,69.8088101806059,16.6935968714349));
#10657=CARTESIAN_POINT('Origin',(-0.692417286702015,69.8088101806059,16.2503461661952));
#10658=CARTESIAN_POINT('',(-0.692417286702001,-32.5,16.2503461661952));
#10659=CARTESIAN_POINT('',(-0.692417286702001,-32.5,16.4607176925141));
#10660=CARTESIAN_POINT('',(-0.692417286702,-32.5,8.12517308309759));
#10661=CARTESIAN_POINT('',(-0.692417286702001,-32.499,16.2503461661952));
#10662=CARTESIAN_POINT('',(-0.692417286702015,69.8088101806059,16.2503461661952));
#10663=CARTESIAN_POINT('',(-0.692417286702001,-32.499,16.4607176925141));
#10664=CARTESIAN_POINT('',(-0.692417286702001,-32.499,8.12517308309759));
#10665=CARTESIAN_POINT('',(-0.692417286702015,69.8088101806059,16.4607176925141));
#10666=CARTESIAN_POINT('Origin',(-0.487837729652614,69.8088101806059,16.2503461661952));
#10667=CARTESIAN_POINT('',(-0.4878377296526,-32.5,16.2503461661952));
#10668=CARTESIAN_POINT('',(-16.4939188648263,-32.5,16.2503461661952));
#10669=CARTESIAN_POINT('',(-0.4878377296526,-32.499,16.2503461661952));
#10670=CARTESIAN_POINT('',(-0.487837729652614,69.8088101806059,16.2503461661952));
#10671=CARTESIAN_POINT('',(-16.4939188648263,-32.499,16.2503461661952));
#10672=CARTESIAN_POINT('Origin',(-0.487837729652614,69.8088101806059,15.2561381354647));
#10673=CARTESIAN_POINT('',(-0.4878377296526,-32.5,15.2561381354647));
#10674=CARTESIAN_POINT('',(-0.4878377296526,-32.5,7.62806906773237));
#10675=CARTESIAN_POINT('',(-0.4878377296526,-32.499,15.2561381354647));
#10676=CARTESIAN_POINT('',(-0.487837729652614,69.8088101806059,15.2561381354647));
#10677=CARTESIAN_POINT('',(-0.4878377296526,-32.499,7.62806906773237));
#10678=CARTESIAN_POINT('Ctrl Pts',(-0.487837729652614,69.8088101806059,
15.2561381354647));
#10679=CARTESIAN_POINT('Ctrl Pts',(-0.487837729652586,-134.808810180606,
15.2561381354647));
#10680=CARTESIAN_POINT('Ctrl Pts',(-0.487837729652614,69.8088101806059,
15.0746364248832));
#10681=CARTESIAN_POINT('Ctrl Pts',(-0.487837729652586,-134.808810180606,
15.0746364248832));
#10682=CARTESIAN_POINT('Ctrl Pts',(-0.433039098117889,69.8088101806059,
14.9334084073572));
#10683=CARTESIAN_POINT('Ctrl Pts',(-0.433039098117862,-134.808810180606,
14.9334084073572));
#10684=CARTESIAN_POINT('Ctrl Pts',(-0.182393878743317,69.8088101806059,
14.9334084073572));
#10685=CARTESIAN_POINT('Ctrl Pts',(-0.182393878743289,-134.808810180606,
14.9334084073572));
#10686=CARTESIAN_POINT('Ctrl Pts',(-0.156465062945946,69.8088101806059,
14.9334084073572));
#10687=CARTESIAN_POINT('Ctrl Pts',(-0.156465062945918,-134.808810180606,
14.9334084073572));
#10688=CARTESIAN_POINT('Ctrl Pts',(-0.0843805542129823,69.8088101806059,
14.9449023152859));
#10689=CARTESIAN_POINT('Ctrl Pts',(-0.0843805542129543,-134.808810180606,
14.9449023152859));
#10690=CARTESIAN_POINT('Ctrl Pts',(0.00793083165821097,69.8088101806059,
14.9536352844954));
#10691=CARTESIAN_POINT('Ctrl Pts',(0.00793083165823893,-134.808810180606,
14.9536352844954));
#10692=CARTESIAN_POINT('',(0.00793083165822495,-32.5,14.9536352844954));
#10693=CARTESIAN_POINT('Ctrl Pts',(0.00793083165822495,-32.5,14.9536352844954));
#10694=CARTESIAN_POINT('Ctrl Pts',(-0.0843805542129683,-32.5,14.9449023152859));
#10695=CARTESIAN_POINT('Ctrl Pts',(-0.156465062945932,-32.5,14.9334084073572));
#10696=CARTESIAN_POINT('Ctrl Pts',(-0.182393878743303,-32.5,14.9334084073572));
#10697=CARTESIAN_POINT('Ctrl Pts',(-0.433039098117876,-32.5,14.9334084073572));
#10698=CARTESIAN_POINT('Ctrl Pts',(-0.4878377296526,-32.5,15.0746364248832));
#10699=CARTESIAN_POINT('Ctrl Pts',(-0.4878377296526,-32.5,15.2561381354647));
#10700=CARTESIAN_POINT('',(0.00793083165822495,-32.499,14.9536352844954));
#10701=CARTESIAN_POINT('',(0.00793083165821097,69.8088101806059,14.9536352844954));
#10702=CARTESIAN_POINT('Ctrl Pts',(0.00793083165822495,-32.499,14.9536352844954));
#10703=CARTESIAN_POINT('Ctrl Pts',(-0.0843805542129683,-32.499,14.9449023152859));
#10704=CARTESIAN_POINT('Ctrl Pts',(-0.156465062945932,-32.499,14.9334084073572));
#10705=CARTESIAN_POINT('Ctrl Pts',(-0.182393878743303,-32.499,14.9334084073572));
#10706=CARTESIAN_POINT('Ctrl Pts',(-0.433039098117876,-32.499,14.9334084073572));
#10707=CARTESIAN_POINT('Ctrl Pts',(-0.4878377296526,-32.499,15.0746364248832));
#10708=CARTESIAN_POINT('Ctrl Pts',(-0.4878377296526,-32.499,15.2561381354647));
#10709=CARTESIAN_POINT('Origin',(0.00793083165821097,69.8088101806059,15.1524228722753));
#10710=CARTESIAN_POINT('',(0.00793083165822495,-32.5,15.1524228722753));
#10711=CARTESIAN_POINT('',(0.00793083165822527,-32.5,7.57621143613763));
#10712=CARTESIAN_POINT('',(0.00793083165822495,-32.499,15.1524228722753));
#10713=CARTESIAN_POINT('',(0.00793083165821097,69.8088101806059,15.1524228722753));
#10714=CARTESIAN_POINT('',(0.00793083165822495,-32.499,7.57621143613763));
#10715=CARTESIAN_POINT('Origin',(-0.0814395542730002,69.8088101806059,15.1524228722753));
#10716=CARTESIAN_POINT('',(-0.0814395542729862,-32.5,15.1524228722753));
#10717=CARTESIAN_POINT('',(-16.2907197771365,-32.5,15.1524228722753));
#10718=CARTESIAN_POINT('',(-0.0814395542729862,-32.499,15.1524228722753));
#10719=CARTESIAN_POINT('',(-0.0814395542730002,69.8088101806059,15.1524228722753));
#10720=CARTESIAN_POINT('',(-16.2907197771365,-32.499,15.1524228722753));
#10721=CARTESIAN_POINT('Ctrl Pts',(-0.0814395542730002,69.8088101806059,
15.1524228722753));
#10722=CARTESIAN_POINT('Ctrl Pts',(-0.0814395542729722,-134.808810180606,
15.1524228722753));
#10723=CARTESIAN_POINT('Ctrl Pts',(-0.133417226681614,69.8088101806059,
15.1524228722753));
#10724=CARTESIAN_POINT('Ctrl Pts',(-0.133417226681586,-134.808810180606,
15.1524228722753));
#10725=CARTESIAN_POINT('Ctrl Pts',(-0.234251510338064,69.8088101806059,
15.1524228722753));
#10726=CARTESIAN_POINT('Ctrl Pts',(-0.234251510338036,-134.808810180606,
15.1524228722753));
#10727=CARTESIAN_POINT('Ctrl Pts',(-0.234251510338064,69.8088101806059,
15.2705730433334));
#10728=CARTESIAN_POINT('Ctrl Pts',(-0.234251510338036,-134.808810180606,
15.2705730433334));
#10729=CARTESIAN_POINT('',(-0.23425151033805,-32.5,15.2705730433334));
#10730=CARTESIAN_POINT('Ctrl Pts',(-0.23425151033805,-32.5,15.2705730433334));
#10731=CARTESIAN_POINT('Ctrl Pts',(-0.23425151033805,-32.5,15.1524228722753));
#10732=CARTESIAN_POINT('Ctrl Pts',(-0.1334172266816,-32.5,15.1524228722753));
#10733=CARTESIAN_POINT('Ctrl Pts',(-0.0814395542729862,-32.5,15.1524228722753));
#10734=CARTESIAN_POINT('',(-0.23425151033805,-32.499,15.2705730433334));
#10735=CARTESIAN_POINT('',(-0.234251510338064,69.8088101806059,15.2705730433334));
#10736=CARTESIAN_POINT('Ctrl Pts',(-0.23425151033805,-32.499,15.2705730433334));
#10737=CARTESIAN_POINT('Ctrl Pts',(-0.23425151033805,-32.499,15.1524228722753));
#10738=CARTESIAN_POINT('Ctrl Pts',(-0.1334172266816,-32.499,15.1524228722753));
#10739=CARTESIAN_POINT('Ctrl Pts',(-0.0814395542729862,-32.499,15.1524228722753));
#10740=CARTESIAN_POINT('Origin',(-0.234251510338064,69.8088101806059,16.2503461661952));
#10741=CARTESIAN_POINT('',(-0.23425151033805,-32.5,16.2503461661952));
#10742=CARTESIAN_POINT('',(-0.23425151033805,-32.5,8.12517308309759));
#10743=CARTESIAN_POINT('',(-0.23425151033805,-32.499,16.2503461661952));
#10744=CARTESIAN_POINT('',(-0.234251510338064,69.8088101806059,16.2503461661952));
#10745=CARTESIAN_POINT('',(-0.23425151033805,-32.499,8.12517308309759));
#10746=CARTESIAN_POINT('Origin',(0.00793083165821097,69.8088101806059,16.2503461661952));
#10747=CARTESIAN_POINT('',(0.00793083165822495,-32.5,16.2503461661952));
#10748=CARTESIAN_POINT('',(-16.2460345841709,-32.5,16.2503461661952));
#10749=CARTESIAN_POINT('',(0.00793083165822495,-32.499,16.2503461661952));
#10750=CARTESIAN_POINT('',(0.00793083165821097,69.8088101806059,16.2503461661952));
#10751=CARTESIAN_POINT('',(-16.2460345841709,-32.499,16.2503461661952));
#10752=CARTESIAN_POINT('Origin',(0.00793083165821097,69.8088101806059,16.4607176925141));
#10753=CARTESIAN_POINT('',(0.00793083165822495,-32.5,16.4607176925141));
#10754=CARTESIAN_POINT('',(0.00793083165822527,-32.5,8.23035884625706));
#10755=CARTESIAN_POINT('',(0.00793083165822495,-32.499,16.4607176925141));
#10756=CARTESIAN_POINT('',(0.00793083165821097,69.8088101806059,16.4607176925141));
#10757=CARTESIAN_POINT('',(0.00793083165822495,-32.499,8.23035884625706));
#10758=CARTESIAN_POINT('Origin',(-0.234251510338064,69.8088101806059,16.4607176925141));
#10759=CARTESIAN_POINT('',(-0.23425151033805,-32.5,16.4607176925141));
#10760=CARTESIAN_POINT('',(-16.367125755169,-32.5,16.4607176925141));
#10761=CARTESIAN_POINT('',(-0.23425151033805,-32.499,16.4607176925141));
#10762=CARTESIAN_POINT('',(-0.234251510338064,69.8088101806059,16.4607176925141));
#10763=CARTESIAN_POINT('',(-16.367125755169,-32.499,16.4607176925141));
#10764=CARTESIAN_POINT('Origin',(-0.234251510338064,69.8088101806059,16.881460745152));
#10765=CARTESIAN_POINT('',(-0.23425151033805,-32.5,16.881460745152));
#10766=CARTESIAN_POINT('',(-0.23425151033805,-32.5,8.440730372576));
#10767=CARTESIAN_POINT('',(-0.23425151033805,-32.499,16.881460745152));
#10768=CARTESIAN_POINT('',(-0.234251510338064,69.8088101806059,16.881460745152));
#10769=CARTESIAN_POINT('',(-0.23425151033805,-32.499,8.440730372576));
#10770=CARTESIAN_POINT('Origin',(-0.487837729652614,69.8088101806059,16.881460745152));
#10771=CARTESIAN_POINT('',(-0.4878377296526,-32.5,16.881460745152));
#10772=CARTESIAN_POINT('',(-16.4939188648263,-32.5,16.881460745152));
#10773=CARTESIAN_POINT('',(-0.4878377296526,-32.499,16.881460745152));
#10774=CARTESIAN_POINT('',(-0.487837729652614,69.8088101806059,16.881460745152));
#10775=CARTESIAN_POINT('',(-16.4939188648263,-32.499,16.881460745152));
#10776=CARTESIAN_POINT('Origin',(-0.487837729652614,69.8088101806059,16.4607176925141));
#10777=CARTESIAN_POINT('',(-0.4878377296526,-32.5,16.4607176925141));
#10778=CARTESIAN_POINT('',(-0.4878377296526,-32.5,8.23035884625706));
#10779=CARTESIAN_POINT('',(-0.4878377296526,-32.499,16.4607176925141));
#10780=CARTESIAN_POINT('',(-0.487837729652614,69.8088101806059,16.4607176925141));
#10781=CARTESIAN_POINT('',(-0.4878377296526,-32.499,8.23035884625706));
#10782=CARTESIAN_POINT('Origin',(-0.692417286702015,69.8088101806059,16.4607176925141));
#10783=CARTESIAN_POINT('',(-16.596208643351,-32.5,16.4607176925141));
#10784=CARTESIAN_POINT('',(-16.596208643351,-32.499,16.4607176925141));
#10785=CARTESIAN_POINT('Origin',(-32.5,-32.499,0.));
#10786=CARTESIAN_POINT('Origin',(-32.5,-32.499,0.));
#10787=CARTESIAN_POINT('',(-7.30789584732702,-32.499,17.1307601870188));
#10788=CARTESIAN_POINT('',(-7.28265796853365,-32.499,17.1187514239828));
#10789=CARTESIAN_POINT('Ctrl Pts',(-7.30789584732702,-32.499,17.1307601870188));
#10790=CARTESIAN_POINT('Ctrl Pts',(-7.30362938138051,-32.499,17.1288970052402));
#10791=CARTESIAN_POINT('Ctrl Pts',(-7.29939415570965,-32.499,17.1269651397255));
#10792=CARTESIAN_POINT('Ctrl Pts',(-7.29097936285889,-32.499,17.1229612349786));
#10793=CARTESIAN_POINT('Ctrl Pts',(-7.28680194930202,-32.499,17.1208899449524));
#10794=CARTESIAN_POINT('Ctrl Pts',(-7.28265796853365,-32.499,17.1187514239828));
#10795=CARTESIAN_POINT('',(-7.51607043579135,-32.499,17.3319011955388));
#10796=CARTESIAN_POINT('Ctrl Pts',(-7.51607043579135,-32.499,17.3319011955388));
#10797=CARTESIAN_POINT('Ctrl Pts',(-7.43020681713449,-32.499,17.2875693581856));
#10798=CARTESIAN_POINT('Ctrl Pts',(-7.36082182115706,-32.499,17.2189288701177));
#10799=CARTESIAN_POINT('Ctrl Pts',(-7.30789584732702,-32.499,17.1307601870188));
#10800=CARTESIAN_POINT('',(-9.15667164520251,-32.499,16.1579897256391));
#10801=CARTESIAN_POINT('Ctrl Pts',(-9.15667164520251,-32.499,16.1579897256391));
#10802=CARTESIAN_POINT('Ctrl Pts',(-8.70150232763456,-32.499,17.0391593132988));
#10803=CARTESIAN_POINT('Ctrl Pts',(-7.96698906312463,-32.499,17.5648029721428));
#10804=CARTESIAN_POINT('Ctrl Pts',(-7.51607043579135,-32.499,17.3319011955388));
#10805=CARTESIAN_POINT('',(-9.16436193990271,-32.499,14.140579096025));
#10806=CARTESIAN_POINT('Ctrl Pts',(-9.16436193990271,-32.499,14.140579096025));
#10807=CARTESIAN_POINT('Ctrl Pts',(-9.61529558734283,-32.499,14.3735109128428));
#10808=CARTESIAN_POINT('Ctrl Pts',(-9.61182594266365,-32.499,15.2767300173383));
#10809=CARTESIAN_POINT('Ctrl Pts',(-9.15667164520251,-32.499,16.1579897256391));
#10810=CARTESIAN_POINT('',(-8.88101402686775,-32.499,14.0871785027526));
#10811=CARTESIAN_POINT('Ctrl Pts',(-8.88101402686775,-32.499,14.0871785027526));
#10812=CARTESIAN_POINT('Ctrl Pts',(-8.98310429317889,-32.499,14.0795187629339));
#10813=CARTESIAN_POINT('Ctrl Pts',(-9.078834023191,-32.499,14.0964020181925));
#10814=CARTESIAN_POINT('Ctrl Pts',(-9.16436193990271,-32.499,14.140579096025));
#10815=CARTESIAN_POINT('',(-8.85576282418453,-32.499,14.0730458840993));
#10816=CARTESIAN_POINT('Ctrl Pts',(-8.85576282418453,-32.499,14.0730458840993));
#10817=CARTESIAN_POINT('Ctrl Pts',(-8.86005247741639,-32.499,14.075261280481));
#10818=CARTESIAN_POINT('Ctrl Pts',(-8.8643039889893,-32.499,14.0775478175393));
#10819=CARTESIAN_POINT('Ctrl Pts',(-8.87272334357812,-32.499,14.082260028918));
#10820=CARTESIAN_POINT('Ctrl Pts',(-8.87688911706029,-32.499,14.0846842539713));
#10821=CARTESIAN_POINT('Ctrl Pts',(-8.88101402686775,-32.499,14.0871785027526));
#10822=CARTESIAN_POINT('',(-8.4377807102658,-32.499,14.0586709966376));
#10823=CARTESIAN_POINT('Ctrl Pts',(-8.4377807102658,-32.499,14.0586709966376));
#10824=CARTESIAN_POINT('Ctrl Pts',(-8.59785513557041,-32.499,14.00765365074));
#10825=CARTESIAN_POINT('Ctrl Pts',(-8.73855797453565,-32.499,14.012515303702));
#10826=CARTESIAN_POINT('Ctrl Pts',(-8.85576282418453,-32.499,14.0730458840993));
#10827=CARTESIAN_POINT('',(-7.30927701901081,-32.499,15.2034702283763));
#10828=CARTESIAN_POINT('Ctrl Pts',(-7.30927701901081,-32.499,15.2034702283763));
#10829=CARTESIAN_POINT('Ctrl Pts',(-7.60858378331066,-32.499,14.6238531585726));
#10830=CARTESIAN_POINT('Ctrl Pts',(-8.04107583060674,-32.499,14.1851940144636));
#10831=CARTESIAN_POINT('Ctrl Pts',(-8.4377807102658,-32.499,14.0586709966376));
#10832=CARTESIAN_POINT('',(-7.02865160637052,-32.499,16.7868085634102));
#10833=CARTESIAN_POINT('Ctrl Pts',(-7.02865160637052,-32.499,16.7868085634102));
#10834=CARTESIAN_POINT('Ctrl Pts',(-6.90409425687169,-32.499,16.3960757142415));
#10835=CARTESIAN_POINT('Ctrl Pts',(-7.01429172401052,-32.499,15.7745944105983));
#10836=CARTESIAN_POINT('Ctrl Pts',(-7.30927701901081,-32.499,15.2034702283763));
#10837=CARTESIAN_POINT('Ctrl Pts',(-7.28265796853365,-32.499,17.1187514239828));
#10838=CARTESIAN_POINT('Ctrl Pts',(-7.16492794032406,-32.499,17.0579207415508));
#10839=CARTESIAN_POINT('Ctrl Pts',(-7.07945888084384,-32.499,16.9462827846454));
#10840=CARTESIAN_POINT('Ctrl Pts',(-7.02865160637052,-32.499,16.7868085634102));
#10841=CARTESIAN_POINT('',(-8.88350145812708,-32.499,14.0886941323711));
#10842=CARTESIAN_POINT('',(-7.52527545848022,-32.499,15.3150781750782));
#10843=CARTESIAN_POINT('Ctrl Pts',(-8.88350145812708,-32.499,14.0886941323711));
#10844=CARTESIAN_POINT('Ctrl Pts',(-8.44742928833762,-32.499,14.1197738591392));
#10845=CARTESIAN_POINT('Ctrl Pts',(-7.89440128494349,-32.499,14.6003856716593));
#10846=CARTESIAN_POINT('Ctrl Pts',(-7.52527545848022,-32.499,15.3150781750782));
#10847=CARTESIAN_POINT('',(-9.16413266993208,-32.499,14.1422194030958));
#10848=CARTESIAN_POINT('Ctrl Pts',(-9.16413266993208,-32.499,14.1422194030958));
#10849=CARTESIAN_POINT('Ctrl Pts',(-9.07937014058504,-32.499,14.0984376649194));
#10850=CARTESIAN_POINT('Ctrl Pts',(-8.98457755248133,-32.499,14.0814902390412));
#10851=CARTESIAN_POINT('Ctrl Pts',(-8.88350145812708,-32.499,14.0886941323711));
#10852=CARTESIAN_POINT('',(-9.15645005784397,-32.499,16.1576146374754));
#10853=CARTESIAN_POINT('Ctrl Pts',(-9.15645005784397,-32.499,16.1576146374754));
#10854=CARTESIAN_POINT('Ctrl Pts',(-9.61114965570722,-32.499,15.2772353085036));
#10855=CARTESIAN_POINT('Ctrl Pts',(-9.61461583420792,-32.499,14.3749185207958));
#10856=CARTESIAN_POINT('Ctrl Pts',(-9.16413266993208,-32.499,14.1422194030958));
#10857=CARTESIAN_POINT('',(-7.51748781067997,-32.499,17.330353368644));
#10858=CARTESIAN_POINT('Ctrl Pts',(-7.51748781067997,-32.499,17.330353368644));
#10859=CARTESIAN_POINT('Ctrl Pts',(-7.96795596985409,-32.499,17.5630224761405));
#10860=CARTESIAN_POINT('Ctrl Pts',(-8.70173545487897,-32.499,17.0379039358368));
#10861=CARTESIAN_POINT('Ctrl Pts',(-9.15645005784397,-32.499,16.1576146374754));
#10862=CARTESIAN_POINT('',(-7.31119375377252,-32.499,17.1321840562223));
#10863=CARTESIAN_POINT('Ctrl Pts',(-7.31119375377252,-32.499,17.1321840562223));
#10864=CARTESIAN_POINT('Ctrl Pts',(-7.36385314734206,-32.499,17.2189326252755));
#10865=CARTESIAN_POINT('Ctrl Pts',(-7.43261150963792,-32.499,17.2865312885616));
#10866=CARTESIAN_POINT('Ctrl Pts',(-7.51748781067997,-32.499,17.330353368644));
#10867=CARTESIAN_POINT('Ctrl Pts',(-7.52527545848022,-32.499,15.3150781750782));
#10868=CARTESIAN_POINT('Ctrl Pts',(-7.15623726292265,-32.499,16.029578208399));
#10869=CARTESIAN_POINT('Ctrl Pts',(-7.08437136275367,-32.499,16.7585276861743));
#10870=CARTESIAN_POINT('Ctrl Pts',(-7.31119375377252,-32.499,17.1321840562223));
#10871=CARTESIAN_POINT('Ctrl Pts',(-9.16436193990272,69.8088101806059,14.140579096025));
#10872=CARTESIAN_POINT('Ctrl Pts',(-9.1643619399027,-134.808810180606,14.140579096025));
#10873=CARTESIAN_POINT('Ctrl Pts',(-9.07883402319101,69.8088101806059,14.0964020181925));
#10874=CARTESIAN_POINT('Ctrl Pts',(-9.07883402319099,-134.808810180606,
14.0964020181925));
#10875=CARTESIAN_POINT('Ctrl Pts',(-8.9831042931789,69.8088101806059,14.0795187629339));
#10876=CARTESIAN_POINT('Ctrl Pts',(-8.98310429317887,-134.808810180606,
14.0795187629339));
#10877=CARTESIAN_POINT('Ctrl Pts',(-8.88101402686777,69.8088101806059,14.0871785027526));
#10878=CARTESIAN_POINT('Ctrl Pts',(-8.88101402686774,-134.808810180606,
14.0871785027526));
#10879=CARTESIAN_POINT('',(-8.88101402686775,-32.5,14.0871785027526));
#10880=CARTESIAN_POINT('',(-9.16436193990271,-32.5,14.140579096025));
#10881=CARTESIAN_POINT('Ctrl Pts',(-8.88101402686775,-32.5,14.0871785027526));
#10882=CARTESIAN_POINT('Ctrl Pts',(-8.98310429317889,-32.5,14.0795187629339));
#10883=CARTESIAN_POINT('Ctrl Pts',(-9.078834023191,-32.5,14.0964020181925));
#10884=CARTESIAN_POINT('Ctrl Pts',(-9.16436193990271,-32.5,14.140579096025));
#10885=CARTESIAN_POINT('',(-8.88101402686777,69.8088101806059,14.0871785027526));
#10886=CARTESIAN_POINT('',(-9.16436193990272,69.8088101806059,14.140579096025));
#10887=CARTESIAN_POINT('Ctrl Pts',(-9.15667164520252,69.8088101806059,16.1579897256391));
#10888=CARTESIAN_POINT('Ctrl Pts',(-9.15667164520249,-134.808810180606,
16.1579897256391));
#10889=CARTESIAN_POINT('Ctrl Pts',(-9.61182594266366,69.8088101806059,15.2767300173383));
#10890=CARTESIAN_POINT('Ctrl Pts',(-9.61182594266363,-134.808810180606,
15.2767300173383));
#10891=CARTESIAN_POINT('Ctrl Pts',(-9.61529558734284,69.8088101806059,14.3735109128428));
#10892=CARTESIAN_POINT('Ctrl Pts',(-9.61529558734282,-134.808810180606,
14.3735109128428));
#10893=CARTESIAN_POINT('Ctrl Pts',(-9.16436193990272,69.8088101806059,14.140579096025));
#10894=CARTESIAN_POINT('Ctrl Pts',(-9.1643619399027,-134.808810180606,14.140579096025));
#10895=CARTESIAN_POINT('',(-9.15667164520251,-32.5,16.1579897256391));
#10896=CARTESIAN_POINT('Ctrl Pts',(-9.16436193990271,-32.5,14.140579096025));
#10897=CARTESIAN_POINT('Ctrl Pts',(-9.61529558734283,-32.5,14.3735109128428));
#10898=CARTESIAN_POINT('Ctrl Pts',(-9.61182594266365,-32.5,15.2767300173383));
#10899=CARTESIAN_POINT('Ctrl Pts',(-9.15667164520251,-32.5,16.1579897256391));
#10900=CARTESIAN_POINT('',(-9.15667164520252,69.8088101806059,16.1579897256391));
#10901=CARTESIAN_POINT('Ctrl Pts',(-7.51607043579137,69.8088101806059,17.3319011955388));
#10902=CARTESIAN_POINT('Ctrl Pts',(-7.51607043579134,-134.808810180606,
17.3319011955388));
#10903=CARTESIAN_POINT('Ctrl Pts',(-7.96698906312464,69.8088101806059,17.5648029721428));
#10904=CARTESIAN_POINT('Ctrl Pts',(-7.96698906312462,-134.808810180606,
17.5648029721428));
#10905=CARTESIAN_POINT('Ctrl Pts',(-8.70150232763457,69.8088101806059,17.0391593132988));
#10906=CARTESIAN_POINT('Ctrl Pts',(-8.70150232763454,-134.808810180606,
17.0391593132988));
#10907=CARTESIAN_POINT('Ctrl Pts',(-9.15667164520252,69.8088101806059,16.1579897256391));
#10908=CARTESIAN_POINT('Ctrl Pts',(-9.15667164520249,-134.808810180606,
16.1579897256391));
#10909=CARTESIAN_POINT('',(-7.51607043579135,-32.5,17.3319011955388));
#10910=CARTESIAN_POINT('Ctrl Pts',(-9.15667164520251,-32.5,16.1579897256391));
#10911=CARTESIAN_POINT('Ctrl Pts',(-8.70150232763455,-32.5,17.0391593132988));
#10912=CARTESIAN_POINT('Ctrl Pts',(-7.96698906312463,-32.5,17.5648029721428));
#10913=CARTESIAN_POINT('Ctrl Pts',(-7.51607043579135,-32.5,17.3319011955388));
#10914=CARTESIAN_POINT('',(-7.51607043579137,69.8088101806059,17.3319011955388));
#10915=CARTESIAN_POINT('Ctrl Pts',(-7.30789584732703,69.8088101806059,17.1307601870188));
#10916=CARTESIAN_POINT('Ctrl Pts',(-7.30789584732701,-134.808810180606,
17.1307601870188));
#10917=CARTESIAN_POINT('Ctrl Pts',(-7.36082182115707,69.8088101806059,17.2189288701177));
#10918=CARTESIAN_POINT('Ctrl Pts',(-7.36082182115704,-134.808810180606,
17.2189288701177));
#10919=CARTESIAN_POINT('Ctrl Pts',(-7.43020681713451,69.8088101806059,17.2875693581856));
#10920=CARTESIAN_POINT('Ctrl Pts',(-7.43020681713448,-134.808810180606,
17.2875693581856));
#10921=CARTESIAN_POINT('Ctrl Pts',(-7.51607043579137,69.8088101806059,17.3319011955388));
#10922=CARTESIAN_POINT('Ctrl Pts',(-7.51607043579134,-134.808810180606,
17.3319011955388));
#10923=CARTESIAN_POINT('',(-7.30789584732702,-32.5,17.1307601870188));
#10924=CARTESIAN_POINT('Ctrl Pts',(-7.51607043579135,-32.5,17.3319011955388));
#10925=CARTESIAN_POINT('Ctrl Pts',(-7.43020681713449,-32.5,17.2875693581856));
#10926=CARTESIAN_POINT('Ctrl Pts',(-7.36082182115706,-32.5,17.2189288701177));
#10927=CARTESIAN_POINT('Ctrl Pts',(-7.30789584732702,-32.5,17.1307601870188));
#10928=CARTESIAN_POINT('',(-7.30789584732703,69.8088101806059,17.1307601870188));
#10929=CARTESIAN_POINT('Ctrl Pts',(-7.28265796853366,69.8088101806059,17.1187514239828));
#10930=CARTESIAN_POINT('Ctrl Pts',(-7.28265796853364,-134.808810180606,
17.1187514239828));
#10931=CARTESIAN_POINT('Ctrl Pts',(-7.29095480944558,69.8088101806059,17.1230330481658));
#10932=CARTESIAN_POINT('Ctrl Pts',(-7.29095480944555,-134.808810180606,
17.1230330481658));
#10933=CARTESIAN_POINT('Ctrl Pts',(-7.29936786940551,69.8088101806059,17.1270359868797));
#10934=CARTESIAN_POINT('Ctrl Pts',(-7.29936786940549,-134.808810180606,
17.1270359868797));
#10935=CARTESIAN_POINT('Ctrl Pts',(-7.30789584732704,69.8088101806059,17.1307601870188));
#10936=CARTESIAN_POINT('Ctrl Pts',(-7.30789584732701,-134.808810180606,
17.1307601870188));
#10937=CARTESIAN_POINT('',(-7.28265796853365,-32.5,17.1187514239828));
#10938=CARTESIAN_POINT('Ctrl Pts',(-7.30789584732702,-32.5,17.1307601870188));
#10939=CARTESIAN_POINT('Ctrl Pts',(-7.2993678694055,-32.5,17.1270359868797));
#10940=CARTESIAN_POINT('Ctrl Pts',(-7.29095480944557,-32.5,17.1230330481658));
#10941=CARTESIAN_POINT('Ctrl Pts',(-7.28265796853365,-32.5,17.1187514239828));
#10942=CARTESIAN_POINT('',(-7.28265796853366,69.8088101806059,17.1187514239828));
#10943=CARTESIAN_POINT('Ctrl Pts',(-9.16413266993209,69.8088101806059,14.1422194030958));
#10944=CARTESIAN_POINT('Ctrl Pts',(-9.16413266993207,-134.808810180606,
14.1422194030958));
#10945=CARTESIAN_POINT('Ctrl Pts',(-9.61461583420794,69.8088101806059,14.3749185207958));
#10946=CARTESIAN_POINT('Ctrl Pts',(-9.61461583420791,-134.808810180606,
14.3749185207958));
#10947=CARTESIAN_POINT('Ctrl Pts',(-9.61114965570724,69.8088101806059,15.2772353085036));
#10948=CARTESIAN_POINT('Ctrl Pts',(-9.61114965570721,-134.808810180606,
15.2772353085036));
#10949=CARTESIAN_POINT('Ctrl Pts',(-9.15645005784398,69.8088101806059,16.1576146374754));
#10950=CARTESIAN_POINT('Ctrl Pts',(-9.15645005784395,-134.808810180606,
16.1576146374754));
#10951=CARTESIAN_POINT('',(-9.15645005784397,-32.5,16.1576146374754));
#10952=CARTESIAN_POINT('',(-9.16413266993208,-32.5,14.1422194030958));
#10953=CARTESIAN_POINT('Ctrl Pts',(-9.15645005784397,-32.5,16.1576146374754));
#10954=CARTESIAN_POINT('Ctrl Pts',(-9.61114965570722,-32.5,15.2772353085036));
#10955=CARTESIAN_POINT('Ctrl Pts',(-9.61461583420792,-32.5,14.3749185207958));
#10956=CARTESIAN_POINT('Ctrl Pts',(-9.16413266993208,-32.5,14.1422194030958));
#10957=CARTESIAN_POINT('',(-9.15645005784398,69.8088101806059,16.1576146374754));
#10958=CARTESIAN_POINT('',(-9.16413266993209,69.8088101806059,14.1422194030958));
#10959=CARTESIAN_POINT('Ctrl Pts',(-8.88350145812709,69.8088101806059,14.0886941323711));
#10960=CARTESIAN_POINT('Ctrl Pts',(-8.88350145812707,-134.808810180606,
14.0886941323711));
#10961=CARTESIAN_POINT('Ctrl Pts',(-8.98457755248135,69.8088101806059,14.0814902390412));
#10962=CARTESIAN_POINT('Ctrl Pts',(-8.98457755248132,-134.808810180606,
14.0814902390412));
#10963=CARTESIAN_POINT('Ctrl Pts',(-9.07937014058506,69.8088101806059,14.0984376649194));
#10964=CARTESIAN_POINT('Ctrl Pts',(-9.07937014058503,-134.808810180606,
14.0984376649194));
#10965=CARTESIAN_POINT('Ctrl Pts',(-9.16413266993209,69.8088101806059,14.1422194030958));
#10966=CARTESIAN_POINT('Ctrl Pts',(-9.16413266993207,-134.808810180606,
14.1422194030958));
#10967=CARTESIAN_POINT('',(-8.88350145812708,-32.5,14.0886941323711));
#10968=CARTESIAN_POINT('Ctrl Pts',(-9.16413266993208,-32.5,14.1422194030958));
#10969=CARTESIAN_POINT('Ctrl Pts',(-9.07937014058504,-32.5,14.0984376649194));
#10970=CARTESIAN_POINT('Ctrl Pts',(-8.98457755248133,-32.5,14.0814902390412));
#10971=CARTESIAN_POINT('Ctrl Pts',(-8.88350145812708,-32.5,14.0886941323711));
#10972=CARTESIAN_POINT('',(-8.88350145812709,69.8088101806059,14.0886941323711));
#10973=CARTESIAN_POINT('Ctrl Pts',(-7.52527545848023,69.8088101806059,15.3150781750782));
#10974=CARTESIAN_POINT('Ctrl Pts',(-7.52527545848021,-134.808810180606,
15.3150781750782));
#10975=CARTESIAN_POINT('Ctrl Pts',(-7.8944012849435,69.8088101806059,14.6003856716593));
#10976=CARTESIAN_POINT('Ctrl Pts',(-7.89440128494348,-134.808810180606,
14.6003856716593));
#10977=CARTESIAN_POINT('Ctrl Pts',(-8.44742928833763,69.8088101806059,14.1197738591392));
#10978=CARTESIAN_POINT('Ctrl Pts',(-8.4474292883376,-134.808810180606,14.1197738591392));
#10979=CARTESIAN_POINT('Ctrl Pts',(-8.88350145812709,69.8088101806059,14.0886941323711));
#10980=CARTESIAN_POINT('Ctrl Pts',(-8.88350145812707,-134.808810180606,
14.0886941323711));
#10981=CARTESIAN_POINT('',(-7.52527545848022,-32.5,15.3150781750782));
#10982=CARTESIAN_POINT('Ctrl Pts',(-8.88350145812708,-32.5,14.0886941323711));
#10983=CARTESIAN_POINT('Ctrl Pts',(-8.44742928833762,-32.5,14.1197738591392));
#10984=CARTESIAN_POINT('Ctrl Pts',(-7.89440128494349,-32.5,14.6003856716593));
#10985=CARTESIAN_POINT('Ctrl Pts',(-7.52527545848022,-32.5,15.3150781750782));
#10986=CARTESIAN_POINT('',(-7.52527545848023,69.8088101806059,15.3150781750782));
#10987=CARTESIAN_POINT('Ctrl Pts',(-7.02865160637054,69.8088101806059,16.7868085634102));
#10988=CARTESIAN_POINT('Ctrl Pts',(-7.02865160637051,-134.808810180606,
16.7868085634102));
#10989=CARTESIAN_POINT('Ctrl Pts',(-7.07945888084386,69.8088101806059,16.9462827846454));
#10990=CARTESIAN_POINT('Ctrl Pts',(-7.07945888084383,-134.808810180606,
16.9462827846454));
#10991=CARTESIAN_POINT('Ctrl Pts',(-7.16492794032408,69.8088101806059,17.0579207415508));
#10992=CARTESIAN_POINT('Ctrl Pts',(-7.16492794032405,-134.808810180606,
17.0579207415508));
#10993=CARTESIAN_POINT('Ctrl Pts',(-7.28265796853366,69.8088101806059,17.1187514239828));
#10994=CARTESIAN_POINT('Ctrl Pts',(-7.28265796853364,-134.808810180606,
17.1187514239828));
#10995=CARTESIAN_POINT('',(-7.02865160637052,-32.5,16.7868085634102));
#10996=CARTESIAN_POINT('Ctrl Pts',(-7.28265796853365,-32.5,17.1187514239828));
#10997=CARTESIAN_POINT('Ctrl Pts',(-7.16492794032406,-32.5,17.0579207415508));
#10998=CARTESIAN_POINT('Ctrl Pts',(-7.07945888084384,-32.5,16.9462827846454));
#10999=CARTESIAN_POINT('Ctrl Pts',(-7.02865160637052,-32.5,16.7868085634102));
#11000=CARTESIAN_POINT('',(-7.02865160637054,69.8088101806059,16.7868085634102));
#11001=CARTESIAN_POINT('Ctrl Pts',(-7.30927701901082,69.8088101806059,15.2034702283763));
#11002=CARTESIAN_POINT('Ctrl Pts',(-7.30927701901079,-134.808810180606,
15.2034702283763));
#11003=CARTESIAN_POINT('Ctrl Pts',(-7.01429172401054,69.8088101806059,15.7745944105983));
#11004=CARTESIAN_POINT('Ctrl Pts',(-7.01429172401051,-134.808810180606,
15.7745944105983));
#11005=CARTESIAN_POINT('Ctrl Pts',(-6.90409425687171,69.8088101806059,16.3960757142415));
#11006=CARTESIAN_POINT('Ctrl Pts',(-6.90409425687168,-134.808810180606,
16.3960757142415));
#11007=CARTESIAN_POINT('Ctrl Pts',(-7.02865160637054,69.8088101806059,16.7868085634102));
#11008=CARTESIAN_POINT('Ctrl Pts',(-7.02865160637051,-134.808810180606,
16.7868085634102));
#11009=CARTESIAN_POINT('',(-7.30927701901081,-32.5,15.2034702283763));
#11010=CARTESIAN_POINT('Ctrl Pts',(-7.02865160637052,-32.5,16.7868085634102));
#11011=CARTESIAN_POINT('Ctrl Pts',(-6.90409425687169,-32.5,16.3960757142415));
#11012=CARTESIAN_POINT('Ctrl Pts',(-7.01429172401052,-32.5,15.7745944105983));
#11013=CARTESIAN_POINT('Ctrl Pts',(-7.30927701901081,-32.5,15.2034702283763));
#11014=CARTESIAN_POINT('',(-7.30927701901082,69.8088101806059,15.2034702283763));
#11015=CARTESIAN_POINT('Ctrl Pts',(-8.43778071026582,69.8088101806059,14.0586709966376));
#11016=CARTESIAN_POINT('Ctrl Pts',(-8.43778071026579,-134.808810180606,
14.0586709966376));
#11017=CARTESIAN_POINT('Ctrl Pts',(-8.04107583060675,69.8088101806059,14.1851940144636));
#11018=CARTESIAN_POINT('Ctrl Pts',(-8.04107583060672,-134.808810180606,
14.1851940144636));
#11019=CARTESIAN_POINT('Ctrl Pts',(-7.60858378331068,69.8088101806059,14.6238531585726));
#11020=CARTESIAN_POINT('Ctrl Pts',(-7.60858378331065,-134.808810180606,
14.6238531585726));
#11021=CARTESIAN_POINT('Ctrl Pts',(-7.30927701901082,69.8088101806059,15.2034702283763));
#11022=CARTESIAN_POINT('Ctrl Pts',(-7.30927701901079,-134.808810180606,
15.2034702283763));
#11023=CARTESIAN_POINT('',(-8.4377807102658,-32.5,14.0586709966376));
#11024=CARTESIAN_POINT('Ctrl Pts',(-7.30927701901081,-32.5,15.2034702283763));
#11025=CARTESIAN_POINT('Ctrl Pts',(-7.60858378331066,-32.5,14.6238531585726));
#11026=CARTESIAN_POINT('Ctrl Pts',(-8.04107583060674,-32.5,14.1851940144636));
#11027=CARTESIAN_POINT('Ctrl Pts',(-8.4377807102658,-32.5,14.0586709966376));
#11028=CARTESIAN_POINT('',(-8.43778071026582,69.8088101806059,14.0586709966376));
#11029=CARTESIAN_POINT('Ctrl Pts',(-8.85576282418454,69.8088101806059,14.0730458840993));
#11030=CARTESIAN_POINT('Ctrl Pts',(-8.85576282418452,-134.808810180606,
14.0730458840993));
#11031=CARTESIAN_POINT('Ctrl Pts',(-8.73855797453567,69.8088101806059,14.012515303702));
#11032=CARTESIAN_POINT('Ctrl Pts',(-8.73855797453564,-134.808810180606,
14.012515303702));
#11033=CARTESIAN_POINT('Ctrl Pts',(-8.59785513557042,69.8088101806059,14.00765365074));
#11034=CARTESIAN_POINT('Ctrl Pts',(-8.59785513557039,-134.808810180606,
14.00765365074));
#11035=CARTESIAN_POINT('Ctrl Pts',(-8.43778071026582,69.8088101806059,14.0586709966376));
#11036=CARTESIAN_POINT('Ctrl Pts',(-8.43778071026579,-134.808810180606,
14.0586709966376));
#11037=CARTESIAN_POINT('',(-8.85576282418453,-32.5,14.0730458840993));
#11038=CARTESIAN_POINT('Ctrl Pts',(-8.4377807102658,-32.5,14.0586709966376));
#11039=CARTESIAN_POINT('Ctrl Pts',(-8.59785513557041,-32.5,14.00765365074));
#11040=CARTESIAN_POINT('Ctrl Pts',(-8.73855797453565,-32.5,14.012515303702));
#11041=CARTESIAN_POINT('Ctrl Pts',(-8.85576282418453,-32.5,14.0730458840993));
#11042=CARTESIAN_POINT('',(-8.85576282418454,69.8088101806059,14.0730458840993));
#11043=CARTESIAN_POINT('Ctrl Pts',(-8.88101402686777,69.8088101806059,14.0871785027526));
#11044=CARTESIAN_POINT('Ctrl Pts',(-8.88101402686774,-134.808810180606,
14.0871785027526));
#11045=CARTESIAN_POINT('Ctrl Pts',(-8.87276851241115,69.8088101806059,14.0821926084314));
#11046=CARTESIAN_POINT('Ctrl Pts',(-8.87276851241112,-134.808810180606,
14.0821926084314));
#11047=CARTESIAN_POINT('Ctrl Pts',(-8.86435111030906,69.8088101806059,14.0774813144189));
#11048=CARTESIAN_POINT('Ctrl Pts',(-8.86435111030903,-134.808810180606,
14.0774813144189));
#11049=CARTESIAN_POINT('Ctrl Pts',(-8.85576282418454,69.8088101806059,14.0730458840993));
#11050=CARTESIAN_POINT('Ctrl Pts',(-8.85576282418452,-134.808810180606,
14.0730458840993));
#11051=CARTESIAN_POINT('Ctrl Pts',(-8.85576282418453,-32.5,14.0730458840993));
#11052=CARTESIAN_POINT('Ctrl Pts',(-8.86435111030905,-32.5,14.0774813144189));
#11053=CARTESIAN_POINT('Ctrl Pts',(-8.87276851241113,-32.5,14.0821926084314));
#11054=CARTESIAN_POINT('Ctrl Pts',(-8.88101402686775,-32.5,14.0871785027526));
#11055=CARTESIAN_POINT('Ctrl Pts',(-7.31119375377254,69.8088101806059,17.1321840562223));
#11056=CARTESIAN_POINT('Ctrl Pts',(-7.31119375377251,-134.808810180606,
17.1321840562223));
#11057=CARTESIAN_POINT('Ctrl Pts',(-7.08437136275368,69.8088101806059,16.7585276861743));
#11058=CARTESIAN_POINT('Ctrl Pts',(-7.08437136275366,-134.808810180606,
16.7585276861743));
#11059=CARTESIAN_POINT('Ctrl Pts',(-7.15623726292266,69.8088101806059,16.029578208399));
#11060=CARTESIAN_POINT('Ctrl Pts',(-7.15623726292264,-134.808810180606,
16.029578208399));
#11061=CARTESIAN_POINT('Ctrl Pts',(-7.52527545848023,69.8088101806059,15.3150781750782));
#11062=CARTESIAN_POINT('Ctrl Pts',(-7.52527545848021,-134.808810180606,
15.3150781750782));
#11063=CARTESIAN_POINT('',(-7.31119375377252,-32.5,17.1321840562223));
#11064=CARTESIAN_POINT('Ctrl Pts',(-7.52527545848022,-32.5,15.3150781750782));
#11065=CARTESIAN_POINT('Ctrl Pts',(-7.15623726292265,-32.5,16.029578208399));
#11066=CARTESIAN_POINT('Ctrl Pts',(-7.08437136275367,-32.5,16.7585276861743));
#11067=CARTESIAN_POINT('Ctrl Pts',(-7.31119375377252,-32.5,17.1321840562223));
#11068=CARTESIAN_POINT('',(-7.31119375377253,69.8088101806059,17.1321840562223));
#11069=CARTESIAN_POINT('Ctrl Pts',(-7.51748781067998,69.8088101806059,17.330353368644));
#11070=CARTESIAN_POINT('Ctrl Pts',(-7.51748781067996,-134.808810180606,
17.330353368644));
#11071=CARTESIAN_POINT('Ctrl Pts',(-7.43261150963793,69.8088101806059,17.2865312885616));
#11072=CARTESIAN_POINT('Ctrl Pts',(-7.43261150963791,-134.808810180606,
17.2865312885616));
#11073=CARTESIAN_POINT('Ctrl Pts',(-7.36385314734207,69.8088101806059,17.2189326252755));
#11074=CARTESIAN_POINT('Ctrl Pts',(-7.36385314734204,-134.808810180606,
17.2189326252755));
#11075=CARTESIAN_POINT('Ctrl Pts',(-7.31119375377254,69.8088101806059,17.1321840562223));
#11076=CARTESIAN_POINT('Ctrl Pts',(-7.31119375377251,-134.808810180606,
17.1321840562223));
#11077=CARTESIAN_POINT('',(-7.51748781067997,-32.5,17.330353368644));
#11078=CARTESIAN_POINT('Ctrl Pts',(-7.31119375377252,-32.5,17.1321840562223));
#11079=CARTESIAN_POINT('Ctrl Pts',(-7.36385314734206,-32.5,17.2189326252755));
#11080=CARTESIAN_POINT('Ctrl Pts',(-7.43261150963792,-32.5,17.2865312885616));
#11081=CARTESIAN_POINT('Ctrl Pts',(-7.51748781067997,-32.5,17.330353368644));
#11082=CARTESIAN_POINT('',(-7.51748781067998,69.8088101806059,17.330353368644));
#11083=CARTESIAN_POINT('Ctrl Pts',(-9.15645005784398,69.8088101806059,16.1576146374754));
#11084=CARTESIAN_POINT('Ctrl Pts',(-9.15645005784395,-134.808810180606,
16.1576146374754));
#11085=CARTESIAN_POINT('Ctrl Pts',(-8.70173545487898,69.8088101806059,17.0379039358368));
#11086=CARTESIAN_POINT('Ctrl Pts',(-8.70173545487896,-134.808810180606,
17.0379039358368));
#11087=CARTESIAN_POINT('Ctrl Pts',(-7.9679559698541,69.8088101806059,17.5630224761405));
#11088=CARTESIAN_POINT('Ctrl Pts',(-7.96795596985407,-134.808810180606,
17.5630224761405));
#11089=CARTESIAN_POINT('Ctrl Pts',(-7.51748781067998,69.8088101806059,17.330353368644));
#11090=CARTESIAN_POINT('Ctrl Pts',(-7.51748781067996,-134.808810180606,
17.330353368644));
#11091=CARTESIAN_POINT('Ctrl Pts',(-7.51748781067997,-32.5,17.330353368644));
#11092=CARTESIAN_POINT('Ctrl Pts',(-7.96795596985409,-32.5,17.5630224761405));
#11093=CARTESIAN_POINT('Ctrl Pts',(-8.70173545487897,-32.5,17.0379039358368));
#11094=CARTESIAN_POINT('Ctrl Pts',(-9.15645005784397,-32.5,16.1576146374754));
#11095=CARTESIAN_POINT('Origin',(5.45046129201458,69.8088101806059,16.4607176925141));
#11096=CARTESIAN_POINT('',(5.4504612920146,-32.5,16.4607176925141));
#11097=CARTESIAN_POINT('',(5.4504612920146,-32.5,16.2474951968656));
#11098=CARTESIAN_POINT('',(5.4504612920146,-32.5,8.23035884625706));
#11099=CARTESIAN_POINT('',(5.4504612920146,-32.499,16.4607176925141));
#11100=CARTESIAN_POINT('',(5.45046129201458,69.8088101806059,16.4607176925141));
#11101=CARTESIAN_POINT('',(5.4504612920146,-32.499,16.2474951968656));
#11102=CARTESIAN_POINT('',(5.4504612920146,-32.499,8.23035884625706));
#11103=CARTESIAN_POINT('',(5.45046129201458,69.8088101806059,16.2474951968656));
#11104=CARTESIAN_POINT('Origin',(5.2114000111791,69.8088101806059,16.4607176925141));
#11105=CARTESIAN_POINT('',(5.21140001117911,-32.5,16.4607176925141));
#11106=CARTESIAN_POINT('',(-13.6442999944104,-32.5,16.4607176925141));
#11107=CARTESIAN_POINT('',(5.21140001117911,-32.499,16.4607176925141));
#11108=CARTESIAN_POINT('',(5.2114000111791,69.8088101806059,16.4607176925141));
#11109=CARTESIAN_POINT('',(-13.6442999944104,-32.499,16.4607176925141));
#11110=CARTESIAN_POINT('Origin',(5.2114000111791,69.8088101806059,14.9536352844954));
#11111=CARTESIAN_POINT('',(5.21140001117911,-32.5,14.9536352844954));
#11112=CARTESIAN_POINT('',(5.21140001117911,-32.5,7.47681764224772));
#11113=CARTESIAN_POINT('',(5.21140001117911,-32.499,14.9536352844954));
#11114=CARTESIAN_POINT('',(5.2114000111791,69.8088101806059,14.9536352844954));
#11115=CARTESIAN_POINT('',(5.21140001117911,-32.499,7.47681764224772));
#11116=CARTESIAN_POINT('Origin',(5.46498623049366,69.8088101806059,14.9536352844954));
#11117=CARTESIAN_POINT('',(5.46498623049367,-32.5,14.9536352844954));
#11118=CARTESIAN_POINT('',(-13.5175068847532,-32.5,14.9536352844954));
#11119=CARTESIAN_POINT('',(5.46498623049367,-32.499,14.9536352844954));
#11120=CARTESIAN_POINT('',(5.46498623049366,69.8088101806059,14.9536352844954));
#11121=CARTESIAN_POINT('',(-13.5175068847532,-32.499,14.9536352844954));
#11122=CARTESIAN_POINT('Origin',(5.46498623049366,69.8088101806059,15.774894512633));
#11123=CARTESIAN_POINT('',(5.46498623049367,-32.5,15.774894512633));
#11124=CARTESIAN_POINT('',(5.46498623049367,-32.5,7.88744725631649));
#11125=CARTESIAN_POINT('',(5.46498623049367,-32.499,15.774894512633));
#11126=CARTESIAN_POINT('',(5.46498623049366,69.8088101806059,15.774894512633));
#11127=CARTESIAN_POINT('',(5.46498623049367,-32.499,7.88744725631649));
#11128=CARTESIAN_POINT('Ctrl Pts',(5.46498623049366,69.8088101806059,15.774894512633));
#11129=CARTESIAN_POINT('Ctrl Pts',(5.46498623049369,-134.808810180606,15.774894512633));
#11130=CARTESIAN_POINT('Ctrl Pts',(5.46498623049366,69.8088101806059,16.1840536267318));
#11131=CARTESIAN_POINT('Ctrl Pts',(5.46498623049369,-134.808810180606,16.1840536267318));
#11132=CARTESIAN_POINT('Ctrl Pts',(5.71857244980824,69.8088101806059,16.276365012603));
#11133=CARTESIAN_POINT('Ctrl Pts',(5.71857244980826,-134.808810180606,16.276365012603));
#11134=CARTESIAN_POINT('Ctrl Pts',(5.86256140605335,69.8088101806059,16.276365012603));
#11135=CARTESIAN_POINT('Ctrl Pts',(5.86256140605338,-134.808810180606,16.276365012603));
#11136=CARTESIAN_POINT('Ctrl Pts',(6.04994511651492,69.8088101806059,16.276365012603));
#11137=CARTESIAN_POINT('Ctrl Pts',(6.04994511651495,-134.808810180606,16.276365012603));
#11138=CARTESIAN_POINT('Ctrl Pts',(6.09886174816966,69.8088101806059,16.1235530565379));
#11139=CARTESIAN_POINT('Ctrl Pts',(6.09886174816968,-134.808810180606,16.1235530565379));
#11140=CARTESIAN_POINT('Ctrl Pts',(6.09886174816966,69.8088101806059,15.9967599468806));
#11141=CARTESIAN_POINT('Ctrl Pts',(6.09886174816968,-134.808810180606,15.9967599468806));
#11142=CARTESIAN_POINT('',(6.09886174816967,-32.5,15.9967599468806));
#11143=CARTESIAN_POINT('Ctrl Pts',(6.09886174816967,-32.5,15.9967599468806));
#11144=CARTESIAN_POINT('Ctrl Pts',(6.09886174816967,-32.5,16.1235530565379));
#11145=CARTESIAN_POINT('Ctrl Pts',(6.04994511651493,-32.5,16.276365012603));
#11146=CARTESIAN_POINT('Ctrl Pts',(5.86256140605336,-32.5,16.276365012603));
#11147=CARTESIAN_POINT('Ctrl Pts',(5.71857244980825,-32.5,16.276365012603));
#11148=CARTESIAN_POINT('Ctrl Pts',(5.46498623049367,-32.5,16.1840536267318));
#11149=CARTESIAN_POINT('Ctrl Pts',(5.46498623049367,-32.5,15.774894512633));
#11150=CARTESIAN_POINT('',(6.09886174816967,-32.499,15.9967599468806));
#11151=CARTESIAN_POINT('',(6.09886174816966,69.8088101806059,15.9967599468806));
#11152=CARTESIAN_POINT('Ctrl Pts',(6.09886174816967,-32.499,15.9967599468806));
#11153=CARTESIAN_POINT('Ctrl Pts',(6.09886174816967,-32.499,16.1235530565379));
#11154=CARTESIAN_POINT('Ctrl Pts',(6.04994511651493,-32.499,16.276365012603));
#11155=CARTESIAN_POINT('Ctrl Pts',(5.86256140605336,-32.499,16.276365012603));
#11156=CARTESIAN_POINT('Ctrl Pts',(5.71857244980825,-32.499,16.276365012603));
#11157=CARTESIAN_POINT('Ctrl Pts',(5.46498623049367,-32.499,16.1840536267318));
#11158=CARTESIAN_POINT('Ctrl Pts',(5.46498623049367,-32.499,15.774894512633));
#11159=CARTESIAN_POINT('Origin',(6.09886174816966,69.8088101806059,14.9536352844954));
#11160=CARTESIAN_POINT('',(6.09886174816967,-32.5,14.9536352844954));
#11161=CARTESIAN_POINT('',(6.09886174816967,-32.5,7.47681764224772));
#11162=CARTESIAN_POINT('',(6.09886174816967,-32.499,14.9536352844954));
#11163=CARTESIAN_POINT('',(6.09886174816966,69.8088101806059,14.9536352844954));
#11164=CARTESIAN_POINT('',(6.09886174816967,-32.499,7.47681764224772));
#11165=CARTESIAN_POINT('Origin',(6.35244796748422,69.8088101806059,14.9536352844954));
#11166=CARTESIAN_POINT('',(6.35244796748423,-32.5,14.9536352844954));
#11167=CARTESIAN_POINT('',(-13.0737760162579,-32.5,14.9536352844954));
#11168=CARTESIAN_POINT('',(6.35244796748423,-32.499,14.9536352844954));
#11169=CARTESIAN_POINT('',(6.35244796748422,69.8088101806059,14.9536352844954));
#11170=CARTESIAN_POINT('',(-13.0737760162579,-32.499,14.9536352844954));
#11171=CARTESIAN_POINT('Origin',(6.35244796748422,69.8088101806059,15.8728178065529));
#11172=CARTESIAN_POINT('',(6.35244796748423,-32.5,15.8728178065529));
#11173=CARTESIAN_POINT('',(6.35244796748423,-32.5,7.93640890327645));
#11174=CARTESIAN_POINT('',(6.35244796748423,-32.499,15.8728178065529));
#11175=CARTESIAN_POINT('',(6.35244796748422,69.8088101806059,15.8728178065529));
#11176=CARTESIAN_POINT('',(6.35244796748423,-32.499,7.93640890327645));
#11177=CARTESIAN_POINT('Ctrl Pts',(6.35244796748422,69.8088101806059,15.8728178065529));
#11178=CARTESIAN_POINT('Ctrl Pts',(6.35244796748425,-134.808810180606,15.8728178065529));
#11179=CARTESIAN_POINT('Ctrl Pts',(6.35244796748422,69.8088101806059,16.0746364248831));
#11180=CARTESIAN_POINT('Ctrl Pts',(6.35244796748425,-134.808810180606,16.0746364248831));
#11181=CARTESIAN_POINT('Ctrl Pts',(6.49367598501019,69.8088101806059,16.276365012603));
#11182=CARTESIAN_POINT('Ctrl Pts',(6.49367598501021,-134.808810180606,16.276365012603));
#11183=CARTESIAN_POINT('Ctrl Pts',(6.70698851126909,69.8088101806059,16.276365012603));
#11184=CARTESIAN_POINT('Ctrl Pts',(6.70698851126911,-134.808810180606,16.276365012603));
#11185=CARTESIAN_POINT('Ctrl Pts',(6.92306197624719,69.8088101806059,16.276365012603));
#11186=CARTESIAN_POINT('Ctrl Pts',(6.92306197624722,-134.808810180606,16.276365012603));
#11187=CARTESIAN_POINT('Ctrl Pts',(6.98650354638103,69.8088101806059,16.135136995077));
#11188=CARTESIAN_POINT('Ctrl Pts',(6.98650354638106,-134.808810180606,16.135136995077));
#11189=CARTESIAN_POINT('Ctrl Pts',(6.98650354638103,69.8088101806059,15.9276164380876));
#11190=CARTESIAN_POINT('Ctrl Pts',(6.98650354638106,-134.808810180606,15.9276164380876));
#11191=CARTESIAN_POINT('',(6.98650354638105,-32.5,15.9276164380876));
#11192=CARTESIAN_POINT('Ctrl Pts',(6.98650354638105,-32.5,15.9276164380876));
#11193=CARTESIAN_POINT('Ctrl Pts',(6.98650354638105,-32.5,16.135136995077));
#11194=CARTESIAN_POINT('Ctrl Pts',(6.92306197624721,-32.5,16.276365012603));
#11195=CARTESIAN_POINT('Ctrl Pts',(6.7069885112691,-32.5,16.276365012603));
#11196=CARTESIAN_POINT('Ctrl Pts',(6.4936759850102,-32.5,16.276365012603));
#11197=CARTESIAN_POINT('Ctrl Pts',(6.35244796748423,-32.5,16.0746364248831));
#11198=CARTESIAN_POINT('Ctrl Pts',(6.35244796748423,-32.5,15.8728178065529));
#11199=CARTESIAN_POINT('',(6.98650354638105,-32.499,15.9276164380876));
#11200=CARTESIAN_POINT('',(6.98650354638103,69.8088101806059,15.9276164380876));
#11201=CARTESIAN_POINT('Ctrl Pts',(6.98650354638105,-32.499,15.9276164380876));
#11202=CARTESIAN_POINT('Ctrl Pts',(6.98650354638105,-32.499,16.135136995077));
#11203=CARTESIAN_POINT('Ctrl Pts',(6.92306197624721,-32.499,16.276365012603));
#11204=CARTESIAN_POINT('Ctrl Pts',(6.7069885112691,-32.499,16.276365012603));
#11205=CARTESIAN_POINT('Ctrl Pts',(6.4936759850102,-32.499,16.276365012603));
#11206=CARTESIAN_POINT('Ctrl Pts',(6.35244796748423,-32.499,16.0746364248831));
#11207=CARTESIAN_POINT('Ctrl Pts',(6.35244796748423,-32.499,15.8728178065529));
#11208=CARTESIAN_POINT('Origin',(6.98650354638103,69.8088101806059,14.9536352844954));
#11209=CARTESIAN_POINT('',(6.98650354638105,-32.5,14.9536352844954));
#11210=CARTESIAN_POINT('',(6.98650354638105,-32.5,7.47681764224772));
#11211=CARTESIAN_POINT('',(6.98650354638105,-32.499,14.9536352844954));
#11212=CARTESIAN_POINT('',(6.98650354638103,69.8088101806059,14.9536352844954));
#11213=CARTESIAN_POINT('',(6.98650354638105,-32.499,7.47681764224772));
#11214=CARTESIAN_POINT('Origin',(7.2400897656956,69.8088101806059,14.9536352844954));
#11215=CARTESIAN_POINT('',(7.24008976569561,-32.5,14.9536352844954));
#11216=CARTESIAN_POINT('',(-12.6299551171522,-32.5,14.9536352844954));
#11217=CARTESIAN_POINT('',(7.24008976569561,-32.499,14.9536352844954));
#11218=CARTESIAN_POINT('',(7.2400897656956,69.8088101806059,14.9536352844954));
#11219=CARTESIAN_POINT('',(-12.6299551171522,-32.499,14.9536352844954));
#11220=CARTESIAN_POINT('Origin',(7.2400897656956,69.8088101806059,15.9967599468806));
#11221=CARTESIAN_POINT('',(7.24008976569561,-32.5,15.9967599468806));
#11222=CARTESIAN_POINT('',(7.24008976569561,-32.5,7.99837997344031));
#11223=CARTESIAN_POINT('',(7.24008976569561,-32.499,15.9967599468806));
#11224=CARTESIAN_POINT('',(7.2400897656956,69.8088101806059,15.9967599468806));
#11225=CARTESIAN_POINT('',(7.24008976569561,-32.499,7.99837997344031));
#11226=CARTESIAN_POINT('Ctrl Pts',(7.2400897656956,69.8088101806059,15.9967599468806));
#11227=CARTESIAN_POINT('Ctrl Pts',(7.24008976569563,-134.808810180606,15.9967599468806));
#11228=CARTESIAN_POINT('Ctrl Pts',(7.2400897656956,69.8088101806059,16.420413989255));
#11229=CARTESIAN_POINT('Ctrl Pts',(7.24008976569563,-134.808810180606,16.420413989255));
#11230=CARTESIAN_POINT('Ctrl Pts',(6.93464591478627,69.8088101806059,16.5039323855097));
#11231=CARTESIAN_POINT('Ctrl Pts',(6.9346459147863,-134.808810180606,16.5039323855097));
#11232=CARTESIAN_POINT('Ctrl Pts',(6.77319102012211,69.8088101806059,16.5039323855097));
#11233=CARTESIAN_POINT('Ctrl Pts',(6.77319102012214,-134.808810180606,16.5039323855097));
#11234=CARTESIAN_POINT('Ctrl Pts',(6.53983167794577,69.8088101806059,16.5039323855097));
#11235=CARTESIAN_POINT('Ctrl Pts',(6.5398316779458,-134.808810180606,16.5039323855097));
#11236=CARTESIAN_POINT('Ctrl Pts',(6.43887735347545,69.8088101806059,16.4002171223202));
#11237=CARTESIAN_POINT('Ctrl Pts',(6.43887735347548,-134.808810180606,16.4002171223202));
#11238=CARTESIAN_POINT('Ctrl Pts',(6.31217427442858,69.8088101806059,16.2589891047943));
#11239=CARTESIAN_POINT('Ctrl Pts',(6.31217427442861,-134.808810180606,16.2589891047943));
#11240=CARTESIAN_POINT('',(6.3121742744286,-32.5,16.2589891047943));
#11241=CARTESIAN_POINT('Ctrl Pts',(6.3121742744286,-32.5,16.2589891047943));
#11242=CARTESIAN_POINT('Ctrl Pts',(6.43887735347547,-32.5,16.4002171223202));
#11243=CARTESIAN_POINT('Ctrl Pts',(6.53983167794578,-32.5,16.5039323855097));
#11244=CARTESIAN_POINT('Ctrl Pts',(6.77319102012212,-32.5,16.5039323855097));
#11245=CARTESIAN_POINT('Ctrl Pts',(6.93464591478629,-32.5,16.5039323855097));
#11246=CARTESIAN_POINT('Ctrl Pts',(7.24008976569561,-32.5,16.420413989255));
#11247=CARTESIAN_POINT('Ctrl Pts',(7.24008976569561,-32.5,15.9967599468806));
#11248=CARTESIAN_POINT('',(6.3121742744286,-32.499,16.2589891047943));
#11249=CARTESIAN_POINT('',(6.31217427442858,69.8088101806059,16.2589891047943));
#11250=CARTESIAN_POINT('Ctrl Pts',(6.3121742744286,-32.499,16.2589891047943));
#11251=CARTESIAN_POINT('Ctrl Pts',(6.43887735347547,-32.499,16.4002171223202));
#11252=CARTESIAN_POINT('Ctrl Pts',(6.53983167794578,-32.499,16.5039323855097));
#11253=CARTESIAN_POINT('Ctrl Pts',(6.77319102012212,-32.499,16.5039323855097));
#11254=CARTESIAN_POINT('Ctrl Pts',(6.93464591478629,-32.499,16.5039323855097));
#11255=CARTESIAN_POINT('Ctrl Pts',(7.24008976569561,-32.499,16.420413989255));
#11256=CARTESIAN_POINT('Ctrl Pts',(7.24008976569561,-32.499,15.9967599468806));
#11257=CARTESIAN_POINT('Ctrl Pts',(6.31217427442858,69.8088101806059,16.2589891047943));
#11258=CARTESIAN_POINT('Ctrl Pts',(6.31217427442861,-134.808810180606,16.2589891047943));
#11259=CARTESIAN_POINT('Ctrl Pts',(6.26877952021215,69.8088101806059,16.3397165521264));
#11260=CARTESIAN_POINT('Ctrl Pts',(6.26877952021218,-134.808810180606,16.3397165521264));
#11261=CARTESIAN_POINT('Ctrl Pts',(6.18235013422092,69.8088101806059,16.5039323855097));
#11262=CARTESIAN_POINT('Ctrl Pts',(6.18235013422094,-134.808810180606,16.5039323855097));
#11263=CARTESIAN_POINT('Ctrl Pts',(5.91147803770812,69.8088101806059,16.5039323855097));
#11264=CARTESIAN_POINT('Ctrl Pts',(5.91147803770815,-134.808810180606,16.5039323855097));
#11265=CARTESIAN_POINT('Ctrl Pts',(5.6406059411953,69.8088101806059,16.5039323855097));
#11266=CARTESIAN_POINT('Ctrl Pts',(5.64060594119533,-134.808810180606,16.5039323855097));
#11267=CARTESIAN_POINT('Ctrl Pts',(5.51096186220845,69.8088101806059,16.3282226441977));
#11268=CARTESIAN_POINT('Ctrl Pts',(5.51096186220848,-134.808810180606,16.3282226441977));
#11269=CARTESIAN_POINT('Ctrl Pts',(5.45634329189455,69.8088101806059,16.2474951968656));
#11270=CARTESIAN_POINT('Ctrl Pts',(5.45634329189458,-134.808810180606,16.2474951968656));
#11271=CARTESIAN_POINT('',(5.45634329189457,-32.5,16.2474951968656));
#11272=CARTESIAN_POINT('Ctrl Pts',(5.45634329189457,-32.5,16.2474951968656));
#11273=CARTESIAN_POINT('Ctrl Pts',(5.51096186220847,-32.5,16.3282226441977));
#11274=CARTESIAN_POINT('Ctrl Pts',(5.64060594119532,-32.5,16.5039323855097));
#11275=CARTESIAN_POINT('Ctrl Pts',(5.91147803770814,-32.5,16.5039323855097));
#11276=CARTESIAN_POINT('Ctrl Pts',(6.18235013422093,-32.5,16.5039323855097));
#11277=CARTESIAN_POINT('Ctrl Pts',(6.26877952021217,-32.5,16.3397165521264));
#11278=CARTESIAN_POINT('Ctrl Pts',(6.3121742744286,-32.5,16.2589891047943));
#11279=CARTESIAN_POINT('',(5.45634329189457,-32.499,16.2474951968656));
#11280=CARTESIAN_POINT('',(5.45634329189455,69.8088101806059,16.2474951968656));
#11281=CARTESIAN_POINT('Ctrl Pts',(5.45634329189457,-32.499,16.2474951968656));
#11282=CARTESIAN_POINT('Ctrl Pts',(5.51096186220846,-32.499,16.3282226441977));
#11283=CARTESIAN_POINT('Ctrl Pts',(5.64060594119532,-32.499,16.5039323855097));
#11284=CARTESIAN_POINT('Ctrl Pts',(5.91147803770814,-32.499,16.5039323855097));
#11285=CARTESIAN_POINT('Ctrl Pts',(6.18235013422093,-32.499,16.5039323855097));
#11286=CARTESIAN_POINT('Ctrl Pts',(6.26877952021217,-32.499,16.3397165521264));
#11287=CARTESIAN_POINT('Ctrl Pts',(6.3121742744286,-32.499,16.2589891047943));
#11288=CARTESIAN_POINT('Origin',(5.45046129201458,69.8088101806059,16.2474951968656));
#11289=CARTESIAN_POINT('',(-13.5247693539927,-32.5,16.2474951968656));
#11290=CARTESIAN_POINT('',(-13.5247693539927,-32.499,16.2474951968656));
#11291=CARTESIAN_POINT('Origin',(-32.5,-32.499,0.));
#11292=CARTESIAN_POINT('Origin',(-32.5,-32.499,0.));
#11293=CARTESIAN_POINT('',(3.60399349296295,-32.499,16.9670798556496));
#11294=CARTESIAN_POINT('',(3.60399349296295,-32.499,16.678951892142));
#11295=CARTESIAN_POINT('',(3.60399349296295,-32.499,8.48353992782479));
#11296=CARTESIAN_POINT('',(3.35040727364841,-32.499,16.9670798556496));
#11297=CARTESIAN_POINT('',(-14.5747963631758,-32.499,16.9670798556496));
#11298=CARTESIAN_POINT('',(3.35040727364841,-32.499,16.678951892142));
#11299=CARTESIAN_POINT('',(3.35040727364841,-32.499,8.339475946071));
#11300=CARTESIAN_POINT('',(-14.4480032535185,-32.499,16.678951892142));
#11301=CARTESIAN_POINT('Origin',(3.3504072736484,69.8088101806059,16.9670798556496));
#11302=CARTESIAN_POINT('',(3.35040727364841,-32.5,16.9670798556496));
#11303=CARTESIAN_POINT('',(3.60399349296295,-32.5,16.9670798556496));
#11304=CARTESIAN_POINT('',(-14.5747963631758,-32.5,16.9670798556496));
#11305=CARTESIAN_POINT('',(3.3504072736484,69.8088101806059,16.9670798556496));
#11306=CARTESIAN_POINT('',(3.60399349296293,69.8088101806059,16.9670798556496));
#11307=CARTESIAN_POINT('Origin',(3.60399349296293,69.8088101806059,16.9670798556496));
#11308=CARTESIAN_POINT('',(3.60399349296295,-32.5,16.678951892142));
#11309=CARTESIAN_POINT('',(3.60399349296295,-32.5,8.48353992782479));
#11310=CARTESIAN_POINT('',(3.60399349296293,69.8088101806059,16.678951892142));
#11311=CARTESIAN_POINT('Origin',(3.60399349296293,69.8088101806059,16.678951892142));
#11312=CARTESIAN_POINT('',(3.35040727364841,-32.5,16.678951892142));
#11313=CARTESIAN_POINT('',(-14.4480032535185,-32.5,16.678951892142));
#11314=CARTESIAN_POINT('',(3.3504072736484,69.8088101806059,16.678951892142));
#11315=CARTESIAN_POINT('Origin',(3.3504072736484,69.8088101806059,16.678951892142));
#11316=CARTESIAN_POINT('',(3.35040727364841,-32.5,8.339475946071));
#11317=CARTESIAN_POINT('Origin',(1.58058553425706,69.8088101806059,15.6221725871783));
#11318=CARTESIAN_POINT('',(1.58058553425707,-32.5,15.6221725871783));
#11319=CARTESIAN_POINT('',(1.84281469217076,-32.5,15.6221725871783));
#11320=CARTESIAN_POINT('',(-15.4597072328715,-32.5,15.6221725871783));
#11321=CARTESIAN_POINT('',(1.58058553425707,-32.499,15.6221725871783));
#11322=CARTESIAN_POINT('',(1.58058553425706,69.8088101806059,15.6221725871783));
#11323=CARTESIAN_POINT('',(1.84281469217076,-32.499,15.6221725871783));
#11324=CARTESIAN_POINT('',(-15.4597072328715,-32.499,15.6221725871783));
#11325=CARTESIAN_POINT('',(1.84281469217074,69.8088101806059,15.6221725871783));
#11326=CARTESIAN_POINT('Ctrl Pts',(1.58058553425706,69.8088101806059,15.6221725871783));
#11327=CARTESIAN_POINT('Ctrl Pts',(1.58058553425708,-134.808810180606,15.6221725871783));
#11328=CARTESIAN_POINT('Ctrl Pts',(1.58058553425706,69.8088101806059,15.4290869380576));
#11329=CARTESIAN_POINT('Ctrl Pts',(1.58058553425708,-134.808810180606,15.4290869380576));
#11330=CARTESIAN_POINT('Ctrl Pts',(1.61515728865355,69.8088101806059,15.2561381354647));
#11331=CARTESIAN_POINT('Ctrl Pts',(1.61515728865358,-134.808810180606,15.2561381354647));
#11332=CARTESIAN_POINT('Ctrl Pts',(1.79077699935518,69.8088101806059,15.0976242407406));
#11333=CARTESIAN_POINT('Ctrl Pts',(1.79077699935521,-134.808810180606,15.0976242407406));
#11334=CARTESIAN_POINT('',(1.79077699935519,-32.5,15.0976242407406));
#11335=CARTESIAN_POINT('Ctrl Pts',(1.79077699935519,-32.5,15.0976242407406));
#11336=CARTESIAN_POINT('Ctrl Pts',(1.61515728865357,-32.5,15.2561381354647));
#11337=CARTESIAN_POINT('Ctrl Pts',(1.58058553425707,-32.5,15.4290869380576));
#11338=CARTESIAN_POINT('Ctrl Pts',(1.58058553425707,-32.5,15.6221725871783));
#11339=CARTESIAN_POINT('',(1.79077699935519,-32.499,15.0976242407406));
#11340=CARTESIAN_POINT('',(1.79077699935518,69.8088101806059,15.0976242407406));
#11341=CARTESIAN_POINT('Ctrl Pts',(1.79077699935519,-32.499,15.0976242407406));
#11342=CARTESIAN_POINT('Ctrl Pts',(1.61515728865357,-32.499,15.2561381354647));
#11343=CARTESIAN_POINT('Ctrl Pts',(1.58058553425707,-32.499,15.4290869380576));
#11344=CARTESIAN_POINT('Ctrl Pts',(1.58058553425707,-32.499,15.6221725871783));
#11345=CARTESIAN_POINT('Ctrl Pts',(1.79077699935518,69.8088101806059,15.0976242407406));
#11346=CARTESIAN_POINT('Ctrl Pts',(1.79077699935521,-134.808810180606,15.0976242407406));
#11347=CARTESIAN_POINT('Ctrl Pts',(1.88308838522637,69.8088101806059,15.0141358546893));
#11348=CARTESIAN_POINT('Ctrl Pts',(1.8830883852264,-134.808810180606,15.0141358546893));
#11349=CARTESIAN_POINT('Ctrl Pts',(2.03289932094452,69.8088101806059,14.8988366529607));
#11350=CARTESIAN_POINT('Ctrl Pts',(2.03289932094454,-134.808810180606,14.8988366529607));
#11351=CARTESIAN_POINT('Ctrl Pts',(2.41624966005981,69.8088101806059,14.8988366529607));
#11352=CARTESIAN_POINT('Ctrl Pts',(2.41624966005984,-134.808810180606,14.8988366529607));
#11353=CARTESIAN_POINT('Ctrl Pts',(2.77061014262387,69.8088101806059,14.8988366529607));
#11354=CARTESIAN_POINT('Ctrl Pts',(2.7706101426239,-134.808810180606,14.8988366529607));
#11355=CARTESIAN_POINT('Ctrl Pts',(3.22610501087906,69.8088101806059,15.0342727012171));
#11356=CARTESIAN_POINT('Ctrl Pts',(3.22610501087909,-134.808810180606,15.0342727012171));
#11357=CARTESIAN_POINT('Ctrl Pts',(3.22610501087907,69.8088101806059,15.524159262648));
#11358=CARTESIAN_POINT('Ctrl Pts',(3.2261050108791,-134.808810180606,15.524159262648));
#11359=CARTESIAN_POINT('Ctrl Pts',(3.22610501087908,69.8088101806059,15.8526809600251));
#11360=CARTESIAN_POINT('Ctrl Pts',(3.2261050108791,-134.808810180606,15.8526809600251));
#11361=CARTESIAN_POINT('Ctrl Pts',(3.02422637214188,69.8088101806059,16.0141358546893));
#11362=CARTESIAN_POINT('Ctrl Pts',(3.02422637214191,-134.808810180606,16.0141358546893));
#11363=CARTESIAN_POINT('Ctrl Pts',(2.75629527556906,69.8088101806059,16.0774873942127));
#11364=CARTESIAN_POINT('Ctrl Pts',(2.75629527556909,-134.808810180606,16.0774873942127));
#11365=CARTESIAN_POINT('',(2.75629527556908,-32.5,16.0774873942127));
#11366=CARTESIAN_POINT('Ctrl Pts',(2.75629527556908,-32.5,16.0774873942127));
#11367=CARTESIAN_POINT('Ctrl Pts',(3.0242263721419,-32.5,16.0141358546893));
#11368=CARTESIAN_POINT('Ctrl Pts',(3.22610501087909,-32.5,15.8526809600251));
#11369=CARTESIAN_POINT('Ctrl Pts',(3.22610501087909,-32.5,15.524159262648));
#11370=CARTESIAN_POINT('Ctrl Pts',(3.22610501087907,-32.5,15.0342727012171));
#11371=CARTESIAN_POINT('Ctrl Pts',(2.77061014262389,-32.5,14.8988366529607));
#11372=CARTESIAN_POINT('Ctrl Pts',(2.41624966005982,-32.5,14.8988366529607));
#11373=CARTESIAN_POINT('Ctrl Pts',(2.03289932094453,-32.5,14.8988366529607));
#11374=CARTESIAN_POINT('Ctrl Pts',(1.88308838522638,-32.5,15.0141358546893));
#11375=CARTESIAN_POINT('Ctrl Pts',(1.79077699935519,-32.5,15.0976242407406));
#11376=CARTESIAN_POINT('',(2.75629527556908,-32.499,16.0774873942127));
#11377=CARTESIAN_POINT('',(2.75629527556906,69.8088101806059,16.0774873942127));
#11378=CARTESIAN_POINT('Ctrl Pts',(2.75629527556908,-32.499,16.0774873942127));
#11379=CARTESIAN_POINT('Ctrl Pts',(3.0242263721419,-32.499,16.0141358546893));
#11380=CARTESIAN_POINT('Ctrl Pts',(3.22610501087909,-32.499,15.8526809600251));
#11381=CARTESIAN_POINT('Ctrl Pts',(3.22610501087909,-32.499,15.524159262648));
#11382=CARTESIAN_POINT('Ctrl Pts',(3.22610501087907,-32.499,15.0342727012171));
#11383=CARTESIAN_POINT('Ctrl Pts',(2.77061014262389,-32.499,14.8988366529607));
#11384=CARTESIAN_POINT('Ctrl Pts',(2.41624966005982,-32.499,14.8988366529607));
#11385=CARTESIAN_POINT('Ctrl Pts',(2.03289932094453,-32.499,14.8988366529607));
#11386=CARTESIAN_POINT('Ctrl Pts',(1.88308838522638,-32.499,15.0141358546893));
#11387=CARTESIAN_POINT('Ctrl Pts',(1.79077699935519,-32.499,15.0976242407406));
#11388=CARTESIAN_POINT('Origin',(2.16545438966788,69.8088101806059,16.2129234424691));
#11389=CARTESIAN_POINT('',(2.1654543896679,-32.5,16.2129234424691));
#11390=CARTESIAN_POINT('',(-12.5365517049724,-32.5,19.5830043803557));
#11391=CARTESIAN_POINT('',(2.1654543896679,-32.499,16.2129234424691));
#11392=CARTESIAN_POINT('',(2.16545438966788,69.8088101806059,16.2129234424691));
#11393=CARTESIAN_POINT('',(-12.5365517049724,-32.499,19.5830043803557));
#11394=CARTESIAN_POINT('Ctrl Pts',(2.16545438966788,69.8088101806059,16.2129234424691));
#11395=CARTESIAN_POINT('Ctrl Pts',(2.16545438966791,-134.808810180606,16.2129234424691));
#11396=CARTESIAN_POINT('Ctrl Pts',(2.04445324928015,69.8088101806059,16.2417932582065));
#11397=CARTESIAN_POINT('Ctrl Pts',(2.04445324928018,-134.808810180606,16.2417932582065));
#11398=CARTESIAN_POINT('Ctrl Pts',(1.92060113956285,69.8088101806059,16.2993528284603));
#11399=CARTESIAN_POINT('Ctrl Pts',(1.92060113956288,-134.808810180606,16.2993528284603));
#11400=CARTESIAN_POINT('Ctrl Pts',(1.92060113956285,69.8088101806059,16.4751526003828));
#11401=CARTESIAN_POINT('Ctrl Pts',(1.92060113956288,-134.808810180606,16.4751526003828));
#11402=CARTESIAN_POINT('Ctrl Pts',(1.92060113956286,69.8088101806059,16.7893294205016));
#11403=CARTESIAN_POINT('Ctrl Pts',(1.92060113956289,-134.808810180606,16.7893294205016));
#11404=CARTESIAN_POINT('Ctrl Pts',(2.21746207227996,69.8088101806059,16.8382460521564));
#11405=CARTESIAN_POINT('Ctrl Pts',(2.21746207227999,-134.808810180606,16.8382460521564));
#11406=CARTESIAN_POINT('Ctrl Pts',(2.39311179318507,69.8088101806059,16.8382460521564));
#11407=CARTESIAN_POINT('Ctrl Pts',(2.3931117931851,-134.808810180606,16.8382460521564));
#11408=CARTESIAN_POINT('Ctrl Pts',(2.62665119658223,69.8088101806059,16.8382460521564));
#11409=CARTESIAN_POINT('Ctrl Pts',(2.62665119658225,-134.808810180606,16.8382460521564));
#11410=CARTESIAN_POINT('Ctrl Pts',(2.89161128301159,69.8088101806059,16.7373817582965));
#11411=CARTESIAN_POINT('Ctrl Pts',(2.89161128301162,-134.808810180606,16.7373817582965));
#11412=CARTESIAN_POINT('Ctrl Pts',(2.90616623169415,69.8088101806059,16.4175029995185));
#11413=CARTESIAN_POINT('Ctrl Pts',(2.90616623169417,-134.808810180606,16.4175029995185));
#11414=CARTESIAN_POINT('',(2.90616623169416,-32.5,16.4175029995185));
#11415=CARTESIAN_POINT('Ctrl Pts',(2.90616623169416,-32.5,16.4175029995185));
#11416=CARTESIAN_POINT('Ctrl Pts',(2.8916112830116,-32.5,16.7373817582965));
#11417=CARTESIAN_POINT('Ctrl Pts',(2.62665119658224,-32.5,16.8382460521564));
#11418=CARTESIAN_POINT('Ctrl Pts',(2.39311179318508,-32.5,16.8382460521564));
#11419=CARTESIAN_POINT('Ctrl Pts',(2.21746207227997,-32.5,16.8382460521564));
#11420=CARTESIAN_POINT('Ctrl Pts',(1.92060113956288,-32.5,16.7893294205016));
#11421=CARTESIAN_POINT('Ctrl Pts',(1.92060113956287,-32.5,16.4751526003828));
#11422=CARTESIAN_POINT('Ctrl Pts',(1.92060113956286,-32.5,16.2993528284603));
#11423=CARTESIAN_POINT('Ctrl Pts',(2.04445324928016,-32.5,16.2417932582065));
#11424=CARTESIAN_POINT('Ctrl Pts',(2.1654543896679,-32.5,16.2129234424691));
#11425=CARTESIAN_POINT('',(2.90616623169416,-32.499,16.4175029995185));
#11426=CARTESIAN_POINT('',(2.90616623169415,69.8088101806059,16.4175029995185));
#11427=CARTESIAN_POINT('Ctrl Pts',(2.90616623169416,-32.499,16.4175029995185));
#11428=CARTESIAN_POINT('Ctrl Pts',(2.8916112830116,-32.499,16.7373817582965));
#11429=CARTESIAN_POINT('Ctrl Pts',(2.62665119658224,-32.499,16.8382460521564));
#11430=CARTESIAN_POINT('Ctrl Pts',(2.39311179318508,-32.499,16.8382460521564));
#11431=CARTESIAN_POINT('Ctrl Pts',(2.21746207227997,-32.499,16.8382460521564));
#11432=CARTESIAN_POINT('Ctrl Pts',(1.92060113956288,-32.499,16.7893294205016));
#11433=CARTESIAN_POINT('Ctrl Pts',(1.92060113956287,-32.499,16.4751526003828));
#11434=CARTESIAN_POINT('Ctrl Pts',(1.92060113956286,-32.499,16.2993528284603));
#11435=CARTESIAN_POINT('Ctrl Pts',(2.04445324928016,-32.499,16.2417932582065));
#11436=CARTESIAN_POINT('Ctrl Pts',(2.1654543896679,-32.499,16.2129234424691));
#11437=CARTESIAN_POINT('Origin',(3.16836537940435,69.8088101806059,16.4175029995185));
#11438=CARTESIAN_POINT('',(3.16836537940436,-32.5,16.4175029995185));
#11439=CARTESIAN_POINT('',(-14.6658173102978,-32.5,16.4175029995185));
#11440=CARTESIAN_POINT('',(3.16836537940436,-32.499,16.4175029995185));
#11441=CARTESIAN_POINT('',(3.16836537940435,69.8088101806059,16.4175029995185));
#11442=CARTESIAN_POINT('',(-14.6658173102978,-32.499,16.4175029995185));
#11443=CARTESIAN_POINT('Ctrl Pts',(3.16836537940435,69.8088101806059,16.4175029995185));
#11444=CARTESIAN_POINT('Ctrl Pts',(3.16836537940437,-134.808810180606,16.4175029995185));
#11445=CARTESIAN_POINT('Ctrl Pts',(3.15681145106872,69.8088101806059,16.6451303928322));
#11446=CARTESIAN_POINT('Ctrl Pts',(3.15681145106875,-134.808810180606,16.6451303928322));
#11447=CARTESIAN_POINT('Ctrl Pts',(3.08472694233576,69.8088101806059,17.0773673533988));
#11448=CARTESIAN_POINT('Ctrl Pts',(3.08472694233579,-134.808810180606,17.0773673533988));
#11449=CARTESIAN_POINT('Ctrl Pts',(2.36148103872857,69.8088101806059,17.0773673533988));
#11450=CARTESIAN_POINT('Ctrl Pts',(2.36148103872859,-134.808810180606,17.0773673533988));
#11451=CARTESIAN_POINT('Ctrl Pts',(1.860100569369,69.8088101806059,17.0773673533988));
#11452=CARTESIAN_POINT('Ctrl Pts',(1.86010056936902,-134.808810180606,17.0773673533988));
#11453=CARTESIAN_POINT('Ctrl Pts',(1.64972904305004,69.8088101806059,16.7604596047643));
#11454=CARTESIAN_POINT('Ctrl Pts',(1.64972904305007,-134.808810180606,16.7604596047643));
#11455=CARTESIAN_POINT('Ctrl Pts',(1.64972904305004,69.8088101806059,16.4376998664533));
#11456=CARTESIAN_POINT('Ctrl Pts',(1.64972904305007,-134.808810180606,16.4376998664533));
#11457=CARTESIAN_POINT('Ctrl Pts',(1.64972904305004,69.8088101806059,16.0774873942127));
#11458=CARTESIAN_POINT('Ctrl Pts',(1.64972904305007,-134.808810180606,16.0774873942127));
#11459=CARTESIAN_POINT('Ctrl Pts',(1.95511287355241,69.8088101806059,15.9824150696223));
#11460=CARTESIAN_POINT('Ctrl Pts',(1.95511287355244,-134.808810180606,15.9824150696223));
#11461=CARTESIAN_POINT('Ctrl Pts',(2.09060894221575,69.8088101806059,15.9506942845554));
#11462=CARTESIAN_POINT('Ctrl Pts',(2.09060894221578,-134.808810180606,15.9506942845554));
#11463=CARTESIAN_POINT('',(2.09060894221576,-32.5,15.9506942845554));
#11464=CARTESIAN_POINT('Ctrl Pts',(2.09060894221576,-32.5,15.9506942845554));
#11465=CARTESIAN_POINT('Ctrl Pts',(1.95511287355242,-32.5,15.9824150696223));
#11466=CARTESIAN_POINT('Ctrl Pts',(1.64972904305006,-32.5,16.0774873942127));
#11467=CARTESIAN_POINT('Ctrl Pts',(1.64972904305006,-32.5,16.4376998664533));
#11468=CARTESIAN_POINT('Ctrl Pts',(1.64972904305005,-32.5,16.7604596047643));
#11469=CARTESIAN_POINT('Ctrl Pts',(1.86010056936901,-32.5,17.0773673533988));
#11470=CARTESIAN_POINT('Ctrl Pts',(2.36148103872858,-32.5,17.0773673533988));
#11471=CARTESIAN_POINT('Ctrl Pts',(3.08472694233577,-32.5,17.0773673533988));
#11472=CARTESIAN_POINT('Ctrl Pts',(3.15681145106874,-32.5,16.6451303928322));
#11473=CARTESIAN_POINT('Ctrl Pts',(3.16836537940436,-32.5,16.4175029995185));
#11474=CARTESIAN_POINT('',(2.09060894221576,-32.499,15.9506942845554));
#11475=CARTESIAN_POINT('',(2.09060894221575,69.8088101806059,15.9506942845554));
#11476=CARTESIAN_POINT('Ctrl Pts',(2.09060894221576,-32.499,15.9506942845554));
#11477=CARTESIAN_POINT('Ctrl Pts',(1.95511287355242,-32.499,15.9824150696223));
#11478=CARTESIAN_POINT('Ctrl Pts',(1.64972904305006,-32.499,16.0774873942127));
#11479=CARTESIAN_POINT('Ctrl Pts',(1.64972904305006,-32.499,16.4376998664533));
#11480=CARTESIAN_POINT('Ctrl Pts',(1.64972904305005,-32.499,16.7604596047643));
#11481=CARTESIAN_POINT('Ctrl Pts',(1.86010056936901,-32.499,17.0773673533988));
#11482=CARTESIAN_POINT('Ctrl Pts',(2.36148103872858,-32.499,17.0773673533988));
#11483=CARTESIAN_POINT('Ctrl Pts',(3.08472694233577,-32.499,17.0773673533988));
#11484=CARTESIAN_POINT('Ctrl Pts',(3.15681145106874,-32.499,16.6451303928322));
#11485=CARTESIAN_POINT('Ctrl Pts',(3.16836537940436,-32.499,16.4175029995185));
#11486=CARTESIAN_POINT('Origin',(2.5141129335728,69.8088101806059,15.8526809600251));
#11487=CARTESIAN_POINT('',(2.51411293357282,-32.5,15.8526809600251));
#11488=CARTESIAN_POINT('',(-12.3617394043709,-32.5,19.2954625456063));
#11489=CARTESIAN_POINT('',(2.51411293357282,-32.499,15.8526809600251));
#11490=CARTESIAN_POINT('',(2.5141129335728,69.8088101806059,15.8526809600251));
#11491=CARTESIAN_POINT('',(-12.3617394043709,-32.499,19.2954625456063));
#11492=CARTESIAN_POINT('Ctrl Pts',(2.5141129335728,69.8088101806059,15.8526809600251));
#11493=CARTESIAN_POINT('Ctrl Pts',(2.51411293357283,-134.808810180606,15.8526809600251));
#11494=CARTESIAN_POINT('Ctrl Pts',(2.8543086000994,69.8088101806059,15.771953512693));
#11495=CARTESIAN_POINT('Ctrl Pts',(2.85430860009943,-134.808810180606,15.771953512693));
#11496=CARTESIAN_POINT('Ctrl Pts',(2.95508286334891,69.8088101806059,15.7028100039));
#11497=CARTESIAN_POINT('Ctrl Pts',(2.95508286334893,-134.808810180606,15.7028100039));
#11498=CARTESIAN_POINT('Ctrl Pts',(2.95508286334891,69.8088101806059,15.4866465083115));
#11499=CARTESIAN_POINT('Ctrl Pts',(2.95508286334894,-134.808810180606,15.4866465083115));
#11500=CARTESIAN_POINT('Ctrl Pts',(2.95508286334891,69.8088101806059,15.1898455960013));
#11501=CARTESIAN_POINT('Ctrl Pts',(2.95508286334894,-134.808810180606,15.1898455960013));
#11502=CARTESIAN_POINT('Ctrl Pts',(2.61503724783966,69.8088101806059,15.138077995017));
#11503=CARTESIAN_POINT('Ctrl Pts',(2.61503724783968,-134.808810180606,15.138077995017));
#11504=CARTESIAN_POINT('Ctrl Pts',(2.41333867032329,69.8088101806059,15.138077995017));
#11505=CARTESIAN_POINT('Ctrl Pts',(2.41333867032332,-134.808810180606,15.138077995017));
#11506=CARTESIAN_POINT('Ctrl Pts',(2.14816851246962,69.8088101806059,15.138077995017));
#11507=CARTESIAN_POINT('Ctrl Pts',(2.14816851246965,-134.808810180606,15.138077995017));
#11508=CARTESIAN_POINT('Ctrl Pts',(1.84281469217074,69.8088101806059,15.2474951968656));
#11509=CARTESIAN_POINT('Ctrl Pts',(1.84281469217077,-134.808810180606,15.2474951968656));
#11510=CARTESIAN_POINT('Ctrl Pts',(1.84281469217074,69.8088101806059,15.6221725871783));
#11511=CARTESIAN_POINT('Ctrl Pts',(1.84281469217077,-134.808810180606,15.6221725871783));
#11512=CARTESIAN_POINT('Ctrl Pts',(1.84281469217076,-32.5,15.6221725871783));
#11513=CARTESIAN_POINT('Ctrl Pts',(1.84281469217076,-32.5,15.2474951968656));
#11514=CARTESIAN_POINT('Ctrl Pts',(2.14816851246963,-32.5,15.138077995017));
#11515=CARTESIAN_POINT('Ctrl Pts',(2.41333867032331,-32.5,15.138077995017));
#11516=CARTESIAN_POINT('Ctrl Pts',(2.61503724783967,-32.5,15.138077995017));
#11517=CARTESIAN_POINT('Ctrl Pts',(2.95508286334893,-32.5,15.1898455960013));
#11518=CARTESIAN_POINT('Ctrl Pts',(2.95508286334893,-32.5,15.4866465083115));
#11519=CARTESIAN_POINT('Ctrl Pts',(2.95508286334892,-32.5,15.7028100039));
#11520=CARTESIAN_POINT('Ctrl Pts',(2.85430860009941,-32.5,15.771953512693));
#11521=CARTESIAN_POINT('Ctrl Pts',(2.51411293357282,-32.5,15.8526809600251));
#11522=CARTESIAN_POINT('Ctrl Pts',(1.84281469217076,-32.499,15.6221725871783));
#11523=CARTESIAN_POINT('Ctrl Pts',(1.84281469217076,-32.499,15.2474951968656));
#11524=CARTESIAN_POINT('Ctrl Pts',(2.14816851246963,-32.499,15.138077995017));
#11525=CARTESIAN_POINT('Ctrl Pts',(2.41333867032331,-32.499,15.138077995017));
#11526=CARTESIAN_POINT('Ctrl Pts',(2.61503724783967,-32.499,15.138077995017));
#11527=CARTESIAN_POINT('Ctrl Pts',(2.95508286334893,-32.499,15.1898455960013));
#11528=CARTESIAN_POINT('Ctrl Pts',(2.95508286334893,-32.499,15.4866465083115));
#11529=CARTESIAN_POINT('Ctrl Pts',(2.95508286334892,-32.499,15.7028100039));
#11530=CARTESIAN_POINT('Ctrl Pts',(2.85430860009941,-32.499,15.771953512693));
#11531=CARTESIAN_POINT('Ctrl Pts',(2.51411293357282,-32.499,15.8526809600251));
#11532=CARTESIAN_POINT('Origin',(-32.5,-32.499,0.));
#11533=CARTESIAN_POINT('Origin',(-32.5,-32.499,0.));
#11534=CARTESIAN_POINT('',(3.60261302360339,-32.499,16.4607176925141));
#11535=CARTESIAN_POINT('',(3.60261302360339,-32.499,14.9536352844954));
#11536=CARTESIAN_POINT('',(3.60261302360339,-32.499,8.23035884625706));
#11537=CARTESIAN_POINT('',(3.34902680428883,-32.499,16.4607176925141));
#11538=CARTESIAN_POINT('',(-14.5754865978556,-32.499,16.4607176925141));
#11539=CARTESIAN_POINT('',(3.34902680428883,-32.499,14.9536352844954));
#11540=CARTESIAN_POINT('',(3.34902680428883,-32.499,7.47681764224772));
#11541=CARTESIAN_POINT('',(-14.4486934881983,-32.499,14.9536352844954));
#11542=CARTESIAN_POINT('Origin',(3.34902680428882,69.8088101806059,16.4607176925141));
#11543=CARTESIAN_POINT('',(3.34902680428883,-32.5,16.4607176925141));
#11544=CARTESIAN_POINT('',(3.60261302360339,-32.5,16.4607176925141));
#11545=CARTESIAN_POINT('',(-14.5754865978556,-32.5,16.4607176925141));
#11546=CARTESIAN_POINT('',(3.34902680428882,69.8088101806059,16.4607176925141));
#11547=CARTESIAN_POINT('',(3.60261302360338,69.8088101806059,16.4607176925141));
#11548=CARTESIAN_POINT('Origin',(3.60261302360338,69.8088101806059,16.4607176925141));
#11549=CARTESIAN_POINT('',(3.60261302360339,-32.5,14.9536352844954));
#11550=CARTESIAN_POINT('',(3.60261302360339,-32.5,8.23035884625706));
#11551=CARTESIAN_POINT('',(3.60261302360338,69.8088101806059,14.9536352844954));
#11552=CARTESIAN_POINT('Origin',(3.60261302360338,69.8088101806059,14.9536352844954));
#11553=CARTESIAN_POINT('',(3.34902680428883,-32.5,14.9536352844954));
#11554=CARTESIAN_POINT('',(-14.4486934881983,-32.5,14.9536352844954));
#11555=CARTESIAN_POINT('',(3.34902680428882,69.8088101806059,14.9536352844954));
#11556=CARTESIAN_POINT('Origin',(3.34902680428882,69.8088101806059,14.9536352844954));
#11557=CARTESIAN_POINT('',(3.34902680428883,-32.5,7.47681764224772));
#11558=CARTESIAN_POINT('Ctrl Pts',(0.696154827816885,69.8088101806059,16.5039323855097));
#11559=CARTESIAN_POINT('Ctrl Pts',(0.696154827816913,-134.808810180606,
16.5039323855097));
#11560=CARTESIAN_POINT('Ctrl Pts',(0.214911204985148,69.8088101806059,16.5039323855097));
#11561=CARTESIAN_POINT('Ctrl Pts',(0.214911204985176,-134.808810180606,
16.5039323855097));
#11562=CARTESIAN_POINT('Ctrl Pts',(-0.00419329054333128,69.8088101806059,
16.0976242407405));
#11563=CARTESIAN_POINT('Ctrl Pts',(-0.00419329054330338,-134.808810180606,
16.0976242407405));
#11564=CARTESIAN_POINT('Ctrl Pts',(-0.00419329054333128,69.8088101806059,
15.7086019731696));
#11565=CARTESIAN_POINT('Ctrl Pts',(-0.00419329054330338,-134.808810180606,
15.7086019731696));
#11566=CARTESIAN_POINT('Ctrl Pts',(-0.00419329054333128,69.8088101806059,
15.3195797055986));
#11567=CARTESIAN_POINT('Ctrl Pts',(-0.00419329054330338,-134.808810180606,
15.3195797055986));
#11568=CARTESIAN_POINT('Ctrl Pts',(0.214911204985135,69.8088101806059,14.9132715608294));
#11569=CARTESIAN_POINT('Ctrl Pts',(0.214911204985163,-134.808810180606,
14.9132715608294));
#11570=CARTESIAN_POINT('Ctrl Pts',(0.696154827816885,69.8088101806059,14.9132715608294));
#11571=CARTESIAN_POINT('Ctrl Pts',(0.696154827816913,-134.808810180606,
14.9132715608294));
#11572=CARTESIAN_POINT('Ctrl Pts',(1.17730842003823,69.8088101806059,14.9132715608294));
#11573=CARTESIAN_POINT('Ctrl Pts',(1.17730842003826,-134.808810180606,14.9132715608294));
#11574=CARTESIAN_POINT('Ctrl Pts',(1.39632288495631,69.8088101806059,15.3195797055986));
#11575=CARTESIAN_POINT('Ctrl Pts',(1.39632288495634,-134.808810180606,15.3195797055986));
#11576=CARTESIAN_POINT('Ctrl Pts',(1.39632288495632,69.8088101806059,15.7086019731696));
#11577=CARTESIAN_POINT('Ctrl Pts',(1.39632288495634,-134.808810180606,15.7086019731696));
#11578=CARTESIAN_POINT('Ctrl Pts',(1.39632288495632,69.8088101806059,16.0976242407405));
#11579=CARTESIAN_POINT('Ctrl Pts',(1.39632288495634,-134.808810180606,16.0976242407405));
#11580=CARTESIAN_POINT('Ctrl Pts',(1.17730842003823,69.8088101806059,16.5039323855097));
#11581=CARTESIAN_POINT('Ctrl Pts',(1.17730842003826,-134.808810180606,16.5039323855097));
#11582=CARTESIAN_POINT('Ctrl Pts',(0.696154827816885,69.8088101806059,16.5039323855097));
#11583=CARTESIAN_POINT('Ctrl Pts',(0.696154827816913,-134.808810180606,
16.5039323855097));
#11584=CARTESIAN_POINT('',(0.696154827816899,-32.5,16.5039323855097));
#11585=CARTESIAN_POINT('Ctrl Pts',(0.696154827816899,-32.5,16.5039323855097));
#11586=CARTESIAN_POINT('Ctrl Pts',(1.17730842003825,-32.5,16.5039323855097));
#11587=CARTESIAN_POINT('Ctrl Pts',(1.39632288495633,-32.5,16.0976242407405));
#11588=CARTESIAN_POINT('Ctrl Pts',(1.39632288495633,-32.5,15.7086019731696));
#11589=CARTESIAN_POINT('Ctrl Pts',(1.39632288495632,-32.5,15.3195797055986));
#11590=CARTESIAN_POINT('Ctrl Pts',(1.17730842003825,-32.5,14.9132715608294));
#11591=CARTESIAN_POINT('Ctrl Pts',(0.696154827816899,-32.5,14.9132715608294));
#11592=CARTESIAN_POINT('Ctrl Pts',(0.214911204985149,-32.5,14.9132715608294));
#11593=CARTESIAN_POINT('Ctrl Pts',(-0.00419329054331733,-32.5,15.3195797055986));
#11594=CARTESIAN_POINT('Ctrl Pts',(-0.00419329054331733,-32.5,15.7086019731696));
#11595=CARTESIAN_POINT('Ctrl Pts',(-0.00419329054331733,-32.5,16.0976242407405));
#11596=CARTESIAN_POINT('Ctrl Pts',(0.214911204985162,-32.5,16.5039323855097));
#11597=CARTESIAN_POINT('Ctrl Pts',(0.696154827816899,-32.5,16.5039323855097));
#11598=CARTESIAN_POINT('',(0.696154827816899,-32.499,16.5039323855097));
#11599=CARTESIAN_POINT('',(0.696154827816885,69.8088101806059,16.5039323855097));
#11600=CARTESIAN_POINT('Ctrl Pts',(0.696154827816899,-32.499,16.5039323855097));
#11601=CARTESIAN_POINT('Ctrl Pts',(1.17730842003825,-32.499,16.5039323855097));
#11602=CARTESIAN_POINT('Ctrl Pts',(1.39632288495633,-32.499,16.0976242407405));
#11603=CARTESIAN_POINT('Ctrl Pts',(1.39632288495633,-32.499,15.7086019731696));
#11604=CARTESIAN_POINT('Ctrl Pts',(1.39632288495632,-32.499,15.3195797055986));
#11605=CARTESIAN_POINT('Ctrl Pts',(1.17730842003825,-32.499,14.9132715608294));
#11606=CARTESIAN_POINT('Ctrl Pts',(0.696154827816899,-32.499,14.9132715608294));
#11607=CARTESIAN_POINT('Ctrl Pts',(0.214911204985149,-32.499,14.9132715608294));
#11608=CARTESIAN_POINT('Ctrl Pts',(-0.00419329054331733,-32.499,15.3195797055986));
#11609=CARTESIAN_POINT('Ctrl Pts',(-0.00419329054331733,-32.499,15.7086019731696));
#11610=CARTESIAN_POINT('Ctrl Pts',(-0.00419329054331744,-32.499,16.0976242407405));
#11611=CARTESIAN_POINT('Ctrl Pts',(0.214911204985162,-32.499,16.5039323855097));
#11612=CARTESIAN_POINT('Ctrl Pts',(0.696154827816899,-32.499,16.5039323855097));
#11613=CARTESIAN_POINT('Ctrl Pts',(0.696154827816885,69.8088101806059,15.132195995137));
#11614=CARTESIAN_POINT('Ctrl Pts',(0.696154827816913,-134.808810180606,
15.132195995137));
#11615=CARTESIAN_POINT('Ctrl Pts',(1.05924827959048,69.8088101806059,15.132195995137));
#11616=CARTESIAN_POINT('Ctrl Pts',(1.05924827959051,-134.808810180606,15.132195995137));
#11617=CARTESIAN_POINT('Ctrl Pts',(1.13409372704261,69.8088101806059,15.5068733854497));
#11618=CARTESIAN_POINT('Ctrl Pts',(1.13409372704264,-134.808810180606,15.5068733854497));
#11619=CARTESIAN_POINT('Ctrl Pts',(1.13409372704261,69.8088101806059,15.7086019731696));
#11620=CARTESIAN_POINT('Ctrl Pts',(1.13409372704264,-134.808810180606,15.7086019731696));
#11621=CARTESIAN_POINT('Ctrl Pts',(1.13409372704261,69.8088101806059,15.9103305608894));
#11622=CARTESIAN_POINT('Ctrl Pts',(1.13409372704264,-134.808810180606,15.9103305608894));
#11623=CARTESIAN_POINT('Ctrl Pts',(1.05924827959048,69.8088101806059,16.2849179205917));
#11624=CARTESIAN_POINT('Ctrl Pts',(1.05924827959051,-134.808810180606,16.2849179205917));
#11625=CARTESIAN_POINT('Ctrl Pts',(0.696154827816885,69.8088101806059,16.2849179205917));
#11626=CARTESIAN_POINT('Ctrl Pts',(0.696154827816913,-134.808810180606,
16.2849179205917));
#11627=CARTESIAN_POINT('Ctrl Pts',(0.333061376043301,69.8088101806059,16.2849179205917));
#11628=CARTESIAN_POINT('Ctrl Pts',(0.333061376043329,-134.808810180606,
16.2849179205917));
#11629=CARTESIAN_POINT('Ctrl Pts',(0.258035867370351,69.8088101806059,15.9103305608894));
#11630=CARTESIAN_POINT('Ctrl Pts',(0.258035867370379,-134.808810180606,
15.9103305608894));
#11631=CARTESIAN_POINT('Ctrl Pts',(0.258035867370351,69.8088101806059,15.7086019731696));
#11632=CARTESIAN_POINT('Ctrl Pts',(0.258035867370379,-134.808810180606,
15.7086019731696));
#11633=CARTESIAN_POINT('Ctrl Pts',(0.258035867370356,69.8088101806059,15.5068733854497));
#11634=CARTESIAN_POINT('Ctrl Pts',(0.258035867370384,-134.808810180606,
15.5068733854497));
#11635=CARTESIAN_POINT('Ctrl Pts',(0.333061376043301,69.8088101806059,15.132195995137));
#11636=CARTESIAN_POINT('Ctrl Pts',(0.333061376043329,-134.808810180606,
15.132195995137));
#11637=CARTESIAN_POINT('Ctrl Pts',(0.696154827816885,69.8088101806059,15.132195995137));
#11638=CARTESIAN_POINT('Ctrl Pts',(0.696154827816913,-134.808810180606,
15.132195995137));
#11639=CARTESIAN_POINT('',(0.696154827816899,-32.5,15.132195995137));
#11640=CARTESIAN_POINT('Ctrl Pts',(0.696154827816899,-32.5,15.132195995137));
#11641=CARTESIAN_POINT('Ctrl Pts',(1.0592482795905,-32.5,15.132195995137));
#11642=CARTESIAN_POINT('Ctrl Pts',(1.13409372704263,-32.5,15.5068733854497));
#11643=CARTESIAN_POINT('Ctrl Pts',(1.13409372704263,-32.5,15.7086019731696));
#11644=CARTESIAN_POINT('Ctrl Pts',(1.13409372704263,-32.5,15.9103305608894));
#11645=CARTESIAN_POINT('Ctrl Pts',(1.05924827959049,-32.5,16.2849179205917));
#11646=CARTESIAN_POINT('Ctrl Pts',(0.696154827816899,-32.5,16.2849179205917));
#11647=CARTESIAN_POINT('Ctrl Pts',(0.333061376043315,-32.5,16.2849179205917));
#11648=CARTESIAN_POINT('Ctrl Pts',(0.258035867370365,-32.5,15.9103305608894));
#11649=CARTESIAN_POINT('Ctrl Pts',(0.258035867370365,-32.5,15.7086019731696));
#11650=CARTESIAN_POINT('Ctrl Pts',(0.25803586737037,-32.5,15.5068733854497));
#11651=CARTESIAN_POINT('Ctrl Pts',(0.333061376043315,-32.5,15.132195995137));
#11652=CARTESIAN_POINT('Ctrl Pts',(0.696154827816899,-32.5,15.132195995137));
#11653=CARTESIAN_POINT('',(0.696154827816899,-32.499,15.132195995137));
#11654=CARTESIAN_POINT('',(0.696154827816885,69.8088101806059,15.132195995137));
#11655=CARTESIAN_POINT('Ctrl Pts',(0.696154827816899,-32.499,15.132195995137));
#11656=CARTESIAN_POINT('Ctrl Pts',(1.0592482795905,-32.499,15.132195995137));
#11657=CARTESIAN_POINT('Ctrl Pts',(1.13409372704263,-32.499,15.5068733854497));
#11658=CARTESIAN_POINT('Ctrl Pts',(1.13409372704263,-32.499,15.7086019731696));
#11659=CARTESIAN_POINT('Ctrl Pts',(1.13409372704263,-32.499,15.9103305608894));
#11660=CARTESIAN_POINT('Ctrl Pts',(1.05924827959049,-32.499,16.2849179205917));
#11661=CARTESIAN_POINT('Ctrl Pts',(0.696154827816899,-32.499,16.2849179205917));
#11662=CARTESIAN_POINT('Ctrl Pts',(0.333061376043315,-32.499,16.2849179205917));
#11663=CARTESIAN_POINT('Ctrl Pts',(0.258035867370365,-32.499,15.9103305608894));
#11664=CARTESIAN_POINT('Ctrl Pts',(0.258035867370365,-32.499,15.7086019731696));
#11665=CARTESIAN_POINT('Ctrl Pts',(0.25803586737037,-32.499,15.5068733854497));
#11666=CARTESIAN_POINT('Ctrl Pts',(0.333061376043315,-32.499,15.132195995137));
#11667=CARTESIAN_POINT('Ctrl Pts',(0.696154827816899,-32.499,15.132195995137));
#11668=CARTESIAN_POINT('Origin',(-32.5,-32.499,0.));
#11669=CARTESIAN_POINT('Origin',(-32.5,-32.499,0.));
#11670=CARTESIAN_POINT('',(8.61101588057463,-32.499,16.0832793634823));
#11671=CARTESIAN_POINT('',(8.61101588057463,-32.499,15.2158644424091));
#11672=CARTESIAN_POINT('',(8.61101588057463,-32.499,8.04163968174113));
#11673=CARTESIAN_POINT('',(7.42951416999306,-32.499,16.0025519161502));
#11674=CARTESIAN_POINT('Ctrl Pts',(7.42951416999306,-32.499,16.0025519161502));
#11675=CARTESIAN_POINT('Ctrl Pts',(7.44109810853217,-32.499,16.3627043679838));
#11676=CARTESIAN_POINT('Ctrl Pts',(7.68015938936762,-32.499,16.5039323855097));
#11677=CARTESIAN_POINT('Ctrl Pts',(8.05198581035078,-32.499,16.5039323855097));
#11678=CARTESIAN_POINT('Ctrl Pts',(8.17298695073848,-32.499,16.5039323855097));
#11679=CARTESIAN_POINT('Ctrl Pts',(8.61101588057463,-32.499,16.4693606311132));
#11680=CARTESIAN_POINT('Ctrl Pts',(8.61101588057463,-32.499,16.0832793634823));
#11681=CARTESIAN_POINT('',(7.66305357339021,-32.499,16.0025519161502));
#11682=CARTESIAN_POINT('',(-12.4184732133049,-32.499,16.0025519161502));
#11683=CARTESIAN_POINT('',(8.23054652099237,-32.499,15.8699668372233));
#11684=CARTESIAN_POINT('Ctrl Pts',(8.23054652099237,-32.499,15.8699668372233));
#11685=CARTESIAN_POINT('Ctrl Pts',(8.29104709118624,-32.499,15.8757588064929));
#11686=CARTESIAN_POINT('Ctrl Pts',(8.36313159991921,-32.499,15.8987466223503));
#11687=CARTESIAN_POINT('Ctrl Pts',(8.36313159991921,-32.499,16.0486175784754));
#11688=CARTESIAN_POINT('Ctrl Pts',(8.36313159991921,-32.499,16.2071314731996));
#11689=CARTESIAN_POINT('Ctrl Pts',(8.24801245941144,-32.499,16.2935608591908));
#11690=CARTESIAN_POINT('Ctrl Pts',(8.00877111735516,-32.499,16.2935608591908));
#11691=CARTESIAN_POINT('Ctrl Pts',(7.72061314364409,-32.499,16.2935608591908));
#11692=CARTESIAN_POINT('Ctrl Pts',(7.68015938936764,-32.499,16.1178511178788));
#11693=CARTESIAN_POINT('Ctrl Pts',(7.66305357339021,-32.499,16.0025519161502));
#11694=CARTESIAN_POINT('',(7.81274446829449,-32.499,15.8181092056286));
#11695=CARTESIAN_POINT('',(-13.0045926910635,-32.499,13.2342592838233));
#11696=CARTESIAN_POINT('',(8.37195459973913,-32.499,15.1552738416048));
#11697=CARTESIAN_POINT('Ctrl Pts',(8.37195459973913,-32.499,15.1552738416048));
#11698=CARTESIAN_POINT('Ctrl Pts',(8.273761213988,-32.499,15.0486175784754));
#11699=CARTESIAN_POINT('Ctrl Pts',(8.12112931914377,-32.499,14.9103305608894));
#11700=CARTESIAN_POINT('Ctrl Pts',(7.82726940677356,-32.499,14.9103305608894));
#11701=CARTESIAN_POINT('Ctrl Pts',(7.5505153103808,-32.499,14.9103305608894));
#11702=CARTESIAN_POINT('Ctrl Pts',(7.35466872254093,-32.499,15.0861303328119));
#11703=CARTESIAN_POINT('Ctrl Pts',(7.35466872254094,-32.499,15.345508521396));
#11704=CARTESIAN_POINT('Ctrl Pts',(7.35466872254094,-32.499,15.4723016310532));
#11705=CARTESIAN_POINT('Ctrl Pts',(7.39200141565657,-32.499,15.7662515740339));
#11706=CARTESIAN_POINT('Ctrl Pts',(7.81274446829449,-32.499,15.8181092056286));
#11707=CARTESIAN_POINT('',(8.77817271389796,-32.499,14.9536352844954));
#11708=CARTESIAN_POINT('Ctrl Pts',(8.77817271389796,-32.499,14.9536352844954));
#11709=CARTESIAN_POINT('Ctrl Pts',(8.73495802090233,-32.499,14.9420513459563));
#11710=CARTESIAN_POINT('Ctrl Pts',(8.69744526656588,-32.499,14.9247654687581));
#11711=CARTESIAN_POINT('Ctrl Pts',(8.63988569631198,-32.499,14.9247654687581));
#11712=CARTESIAN_POINT('Ctrl Pts',(8.41516929273475,-32.499,14.9247654687581));
#11713=CARTESIAN_POINT('Ctrl Pts',(8.38041747711746,-32.499,15.0400646704867));
#11714=CARTESIAN_POINT('Ctrl Pts',(8.37195459973913,-32.499,15.1552738416048));
#11715=CARTESIAN_POINT('',(8.77817271389796,-32.499,15.138077995017));
#11716=CARTESIAN_POINT('',(8.77817271389796,-32.499,7.5690389975085));
#11717=CARTESIAN_POINT('Ctrl Pts',(8.61101588057463,-32.499,15.2158644424091));
#11718=CARTESIAN_POINT('Ctrl Pts',(8.61101588057463,-32.499,15.1524228722753));
#11719=CARTESIAN_POINT('Ctrl Pts',(8.64282669625196,-32.499,15.1264940564779));
#11720=CARTESIAN_POINT('Ctrl Pts',(8.6946843278467,-32.499,15.1264940564779));
#11721=CARTESIAN_POINT('Ctrl Pts',(8.71767214370409,-32.499,15.1264940564779));
#11722=CARTESIAN_POINT('Ctrl Pts',(8.74930289816061,-32.499,15.132195995137));
#11723=CARTESIAN_POINT('Ctrl Pts',(8.77817271389796,-32.499,15.138077995017));
#11724=CARTESIAN_POINT('',(8.35742966126005,-32.499,15.4751526003828));
#11725=CARTESIAN_POINT('',(8.35742966126004,-32.499,15.7230368810382));
#11726=CARTESIAN_POINT('',(8.35742966126032,-32.499,7.86151844051985));
#11727=CARTESIAN_POINT('',(7.93962760856215,-32.499,15.6279645564479));
#11728=CARTESIAN_POINT('Ctrl Pts',(7.93962760856215,-32.499,15.6279645564479));
#11729=CARTESIAN_POINT('Ctrl Pts',(7.81568546823446,-32.499,15.6105886486392));
#11730=CARTESIAN_POINT('Ctrl Pts',(7.61689788045458,-32.499,15.5731659249131));
#11731=CARTESIAN_POINT('Ctrl Pts',(7.6168978804546,-32.499,15.382931245122));
#11732=CARTESIAN_POINT('Ctrl Pts',(7.61689788045461,-32.499,15.2187154117387));
#11733=CARTESIAN_POINT('Ctrl Pts',(7.70038626650588,-32.499,15.1207020872083));
#11734=CARTESIAN_POINT('Ctrl Pts',(7.89053091568659,-32.499,15.1207020872083));
#11735=CARTESIAN_POINT('Ctrl Pts',(8.12683125780287,-32.499,15.1207020872083));
#11736=CARTESIAN_POINT('Ctrl Pts',(8.35742966126005,-32.499,15.2735140432734));
#11737=CARTESIAN_POINT('Ctrl Pts',(8.35742966126005,-32.499,15.4751526003828));
#11738=CARTESIAN_POINT('Ctrl Pts',(8.35742966126004,-32.499,15.7230368810382));
#11739=CARTESIAN_POINT('Ctrl Pts',(8.31697590698361,-32.499,15.6913160959713));
#11740=CARTESIAN_POINT('Ctrl Pts',(8.25371439807058,-32.499,15.6682382495035));
#11741=CARTESIAN_POINT('Ctrl Pts',(7.93962760856215,-32.499,15.6279645564479));
#11742=CARTESIAN_POINT('Ctrl Pts',(7.93962760856214,69.8088101806059,15.6279645564479));
#11743=CARTESIAN_POINT('Ctrl Pts',(7.93962760856217,-134.808810180606,15.6279645564479));
#11744=CARTESIAN_POINT('Ctrl Pts',(7.81568546823445,69.8088101806059,15.6105886486392));
#11745=CARTESIAN_POINT('Ctrl Pts',(7.81568546823447,-134.808810180606,15.6105886486392));
#11746=CARTESIAN_POINT('Ctrl Pts',(7.61689788045456,69.8088101806059,15.5731659249131));
#11747=CARTESIAN_POINT('Ctrl Pts',(7.61689788045459,-134.808810180606,15.5731659249131));
#11748=CARTESIAN_POINT('Ctrl Pts',(7.61689788045458,69.8088101806059,15.382931245122));
#11749=CARTESIAN_POINT('Ctrl Pts',(7.61689788045461,-134.808810180606,15.382931245122));
#11750=CARTESIAN_POINT('Ctrl Pts',(7.6168978804546,69.8088101806059,15.2187154117387));
#11751=CARTESIAN_POINT('Ctrl Pts',(7.61689788045463,-134.808810180606,15.2187154117387));
#11752=CARTESIAN_POINT('Ctrl Pts',(7.70038626650586,69.8088101806059,15.1207020872083));
#11753=CARTESIAN_POINT('Ctrl Pts',(7.70038626650589,-134.808810180606,15.1207020872083));
#11754=CARTESIAN_POINT('Ctrl Pts',(7.89053091568658,69.8088101806059,15.1207020872083));
#11755=CARTESIAN_POINT('Ctrl Pts',(7.89053091568661,-134.808810180606,15.1207020872083));
#11756=CARTESIAN_POINT('Ctrl Pts',(8.12683125780286,69.8088101806059,15.1207020872083));
#11757=CARTESIAN_POINT('Ctrl Pts',(8.12683125780289,-134.808810180606,15.1207020872083));
#11758=CARTESIAN_POINT('Ctrl Pts',(8.35742966126004,69.8088101806059,15.2735140432734));
#11759=CARTESIAN_POINT('Ctrl Pts',(8.35742966126007,-134.808810180606,15.2735140432734));
#11760=CARTESIAN_POINT('Ctrl Pts',(8.35742966126003,69.8088101806059,15.4751526003828));
#11761=CARTESIAN_POINT('Ctrl Pts',(8.35742966126006,-134.808810180606,15.4751526003828));
#11762=CARTESIAN_POINT('',(7.93962760856215,-32.5,15.6279645564479));
#11763=CARTESIAN_POINT('',(8.35742966126005,-32.5,15.4751526003828));
#11764=CARTESIAN_POINT('Ctrl Pts',(7.93962760856215,-32.5,15.6279645564479));
#11765=CARTESIAN_POINT('Ctrl Pts',(7.81568546823446,-32.5,15.6105886486392));
#11766=CARTESIAN_POINT('Ctrl Pts',(7.61689788045458,-32.5,15.5731659249131));
#11767=CARTESIAN_POINT('Ctrl Pts',(7.6168978804546,-32.5,15.382931245122));
#11768=CARTESIAN_POINT('Ctrl Pts',(7.61689788045461,-32.5,15.2187154117387));
#11769=CARTESIAN_POINT('Ctrl Pts',(7.70038626650588,-32.5,15.1207020872083));
#11770=CARTESIAN_POINT('Ctrl Pts',(7.89053091568659,-32.5,15.1207020872083));
#11771=CARTESIAN_POINT('Ctrl Pts',(8.12683125780287,-32.5,15.1207020872083));
#11772=CARTESIAN_POINT('Ctrl Pts',(8.35742966126006,-32.5,15.2735140432734));
#11773=CARTESIAN_POINT('Ctrl Pts',(8.35742966126005,-32.5,15.4751526003828));
#11774=CARTESIAN_POINT('',(7.93962760856214,69.8088101806059,15.6279645564479));
#11775=CARTESIAN_POINT('',(8.35742966126003,69.8088101806059,15.4751526003828));
#11776=CARTESIAN_POINT('Origin',(8.35742966126002,69.8088101806059,15.7230368810382));
#11777=CARTESIAN_POINT('',(8.35742966126004,-32.5,15.7230368810382));
#11778=CARTESIAN_POINT('',(8.35742966126032,-32.5,7.86151844051985));
#11779=CARTESIAN_POINT('',(8.35742966126002,69.8088101806059,15.7230368810382));
#11780=CARTESIAN_POINT('Origin',(7.81274446829447,69.8088101806059,15.8181092056286));
#11781=CARTESIAN_POINT('',(7.81274446829449,-32.5,15.8181092056286));
#11782=CARTESIAN_POINT('',(8.23054652099238,-32.5,15.8699668372233));
#11783=CARTESIAN_POINT('',(-13.0045926910635,-32.5,13.2342592838233));
#11784=CARTESIAN_POINT('',(7.81274446829447,69.8088101806059,15.8181092056286));
#11785=CARTESIAN_POINT('',(8.23054652099236,69.8088101806059,15.8699668372233));
#11786=CARTESIAN_POINT('Ctrl Pts',(7.6630535733902,69.8088101806059,16.0025519161502));
#11787=CARTESIAN_POINT('Ctrl Pts',(7.66305357339023,-134.808810180606,16.0025519161502));
#11788=CARTESIAN_POINT('Ctrl Pts',(7.68015938936763,69.8088101806059,16.1178511178788));
#11789=CARTESIAN_POINT('Ctrl Pts',(7.68015938936765,-134.808810180606,16.1178511178788));
#11790=CARTESIAN_POINT('Ctrl Pts',(7.72061314364408,69.8088101806059,16.2935608591908));
#11791=CARTESIAN_POINT('Ctrl Pts',(7.7206131436441,-134.808810180606,16.2935608591908));
#11792=CARTESIAN_POINT('Ctrl Pts',(8.00877111735514,69.8088101806059,16.2935608591908));
#11793=CARTESIAN_POINT('Ctrl Pts',(8.00877111735517,-134.808810180606,16.2935608591908));
#11794=CARTESIAN_POINT('Ctrl Pts',(8.24801245941142,69.8088101806059,16.2935608591908));
#11795=CARTESIAN_POINT('Ctrl Pts',(8.24801245941145,-134.808810180606,16.2935608591908));
#11796=CARTESIAN_POINT('Ctrl Pts',(8.3631315999192,69.8088101806059,16.2071314731996));
#11797=CARTESIAN_POINT('Ctrl Pts',(8.36313159991923,-134.808810180606,16.2071314731996));
#11798=CARTESIAN_POINT('Ctrl Pts',(8.3631315999192,69.8088101806059,16.0486175784754));
#11799=CARTESIAN_POINT('Ctrl Pts',(8.36313159991923,-134.808810180606,16.0486175784754));
#11800=CARTESIAN_POINT('Ctrl Pts',(8.3631315999192,69.8088101806059,15.8987466223503));
#11801=CARTESIAN_POINT('Ctrl Pts',(8.36313159991923,-134.808810180606,15.8987466223503));
#11802=CARTESIAN_POINT('Ctrl Pts',(8.29104709118623,69.8088101806059,15.8757588064929));
#11803=CARTESIAN_POINT('Ctrl Pts',(8.29104709118626,-134.808810180606,15.8757588064929));
#11804=CARTESIAN_POINT('Ctrl Pts',(8.23054652099236,69.8088101806059,15.8699668372233));
#11805=CARTESIAN_POINT('Ctrl Pts',(8.23054652099239,-134.808810180606,15.8699668372233));
#11806=CARTESIAN_POINT('',(7.66305357339021,-32.5,16.0025519161502));
#11807=CARTESIAN_POINT('Ctrl Pts',(8.23054652099238,-32.5,15.8699668372233));
#11808=CARTESIAN_POINT('Ctrl Pts',(8.29104709118624,-32.5,15.8757588064929));
#11809=CARTESIAN_POINT('Ctrl Pts',(8.36313159991922,-32.5,15.8987466223503));
#11810=CARTESIAN_POINT('Ctrl Pts',(8.36313159991922,-32.5,16.0486175784754));
#11811=CARTESIAN_POINT('Ctrl Pts',(8.36313159991922,-32.5,16.2071314731996));
#11812=CARTESIAN_POINT('Ctrl Pts',(8.24801245941144,-32.5,16.2935608591908));
#11813=CARTESIAN_POINT('Ctrl Pts',(8.00877111735516,-32.5,16.2935608591908));
#11814=CARTESIAN_POINT('Ctrl Pts',(7.72061314364409,-32.5,16.2935608591908));
#11815=CARTESIAN_POINT('Ctrl Pts',(7.68015938936764,-32.5,16.1178511178788));
#11816=CARTESIAN_POINT('Ctrl Pts',(7.66305357339021,-32.5,16.0025519161502));
#11817=CARTESIAN_POINT('',(7.6630535733902,69.8088101806059,16.0025519161502));
#11818=CARTESIAN_POINT('Origin',(7.6630535733902,69.8088101806059,16.0025519161502));
#11819=CARTESIAN_POINT('',(7.42951416999306,-32.5,16.0025519161502));
#11820=CARTESIAN_POINT('',(-12.4184732133049,-32.5,16.0025519161502));
#11821=CARTESIAN_POINT('',(7.42951416999304,69.8088101806059,16.0025519161502));
#11822=CARTESIAN_POINT('Ctrl Pts',(8.61101588057461,69.8088101806059,16.0832793634823));
#11823=CARTESIAN_POINT('Ctrl Pts',(8.61101588057464,-134.808810180606,16.0832793634823));
#11824=CARTESIAN_POINT('Ctrl Pts',(8.61101588057461,69.8088101806059,16.4693606311132));
#11825=CARTESIAN_POINT('Ctrl Pts',(8.61101588057464,-134.808810180606,16.4693606311132));
#11826=CARTESIAN_POINT('Ctrl Pts',(8.17298695073847,69.8088101806059,16.5039323855097));
#11827=CARTESIAN_POINT('Ctrl Pts',(8.1729869507385,-134.808810180606,16.5039323855097));
#11828=CARTESIAN_POINT('Ctrl Pts',(8.05198581035076,69.8088101806059,16.5039323855097));
#11829=CARTESIAN_POINT('Ctrl Pts',(8.05198581035079,-134.808810180606,16.5039323855097));
#11830=CARTESIAN_POINT('Ctrl Pts',(7.68015938936761,69.8088101806059,16.5039323855097));
#11831=CARTESIAN_POINT('Ctrl Pts',(7.68015938936764,-134.808810180606,16.5039323855097));
#11832=CARTESIAN_POINT('Ctrl Pts',(7.44109810853216,69.8088101806059,16.3627043679838));
#11833=CARTESIAN_POINT('Ctrl Pts',(7.44109810853218,-134.808810180606,16.3627043679838));
#11834=CARTESIAN_POINT('Ctrl Pts',(7.42951416999304,69.8088101806059,16.0025519161502));
#11835=CARTESIAN_POINT('Ctrl Pts',(7.42951416999307,-134.808810180606,16.0025519161502));
#11836=CARTESIAN_POINT('',(8.61101588057463,-32.5,16.0832793634823));
#11837=CARTESIAN_POINT('Ctrl Pts',(7.42951416999306,-32.5,16.0025519161502));
#11838=CARTESIAN_POINT('Ctrl Pts',(7.44109810853217,-32.5,16.3627043679838));
#11839=CARTESIAN_POINT('Ctrl Pts',(7.68015938936762,-32.5,16.5039323855097));
#11840=CARTESIAN_POINT('Ctrl Pts',(8.05198581035078,-32.5,16.5039323855097));
#11841=CARTESIAN_POINT('Ctrl Pts',(8.17298695073848,-32.5,16.5039323855097));
#11842=CARTESIAN_POINT('Ctrl Pts',(8.61101588057463,-32.5,16.4693606311132));
#11843=CARTESIAN_POINT('Ctrl Pts',(8.61101588057463,-32.5,16.0832793634823));
#11844=CARTESIAN_POINT('',(8.61101588057461,69.8088101806059,16.0832793634823));
#11845=CARTESIAN_POINT('Origin',(8.61101588057461,69.8088101806059,16.0832793634823));
#11846=CARTESIAN_POINT('',(8.61101588057463,-32.5,15.2158644424091));
#11847=CARTESIAN_POINT('',(8.61101588057463,-32.5,8.04163968174113));
#11848=CARTESIAN_POINT('',(8.61101588057461,69.8088101806059,15.2158644424091));
#11849=CARTESIAN_POINT('Ctrl Pts',(8.35742966126002,69.8088101806059,15.7230368810382));
#11850=CARTESIAN_POINT('Ctrl Pts',(8.35742966126005,-134.808810180606,15.7230368810382));
#11851=CARTESIAN_POINT('Ctrl Pts',(8.3169759069836,69.8088101806059,15.6913160959713));
#11852=CARTESIAN_POINT('Ctrl Pts',(8.31697590698363,-134.808810180606,15.6913160959713));
#11853=CARTESIAN_POINT('Ctrl Pts',(8.25371439807057,69.8088101806059,15.6682382495035));
#11854=CARTESIAN_POINT('Ctrl Pts',(8.25371439807059,-134.808810180606,15.6682382495035));
#11855=CARTESIAN_POINT('Ctrl Pts',(7.93962760856214,69.8088101806059,15.6279645564479));
#11856=CARTESIAN_POINT('Ctrl Pts',(7.93962760856217,-134.808810180606,15.6279645564479));
#11857=CARTESIAN_POINT('Ctrl Pts',(8.35742966126004,-32.5,15.7230368810382));
#11858=CARTESIAN_POINT('Ctrl Pts',(8.31697590698361,-32.5,15.6913160959713));
#11859=CARTESIAN_POINT('Ctrl Pts',(8.25371439807058,-32.5,15.6682382495035));
#11860=CARTESIAN_POINT('Ctrl Pts',(7.93962760856215,-32.5,15.6279645564479));
#11861=CARTESIAN_POINT('Ctrl Pts',(8.77817271389795,69.8088101806059,15.138077995017));
#11862=CARTESIAN_POINT('Ctrl Pts',(8.77817271389798,-134.808810180606,15.138077995017));
#11863=CARTESIAN_POINT('Ctrl Pts',(8.74930289816059,69.8088101806059,15.132195995137));
#11864=CARTESIAN_POINT('Ctrl Pts',(8.74930289816062,-134.808810180606,15.132195995137));
#11865=CARTESIAN_POINT('Ctrl Pts',(8.71767214370408,69.8088101806059,15.1264940564779));
#11866=CARTESIAN_POINT('Ctrl Pts',(8.71767214370411,-134.808810180606,15.1264940564779));
#11867=CARTESIAN_POINT('Ctrl Pts',(8.69468432784669,69.8088101806059,15.1264940564779));
#11868=CARTESIAN_POINT('Ctrl Pts',(8.69468432784672,-134.808810180606,15.1264940564779));
#11869=CARTESIAN_POINT('Ctrl Pts',(8.64282669625195,69.8088101806059,15.1264940564779));
#11870=CARTESIAN_POINT('Ctrl Pts',(8.64282669625198,-134.808810180606,15.1264940564779));
#11871=CARTESIAN_POINT('Ctrl Pts',(8.61101588057461,69.8088101806059,15.1524228722753));
#11872=CARTESIAN_POINT('Ctrl Pts',(8.61101588057464,-134.808810180606,15.1524228722753));
#11873=CARTESIAN_POINT('Ctrl Pts',(8.61101588057461,69.8088101806059,15.2158644424091));
#11874=CARTESIAN_POINT('Ctrl Pts',(8.61101588057464,-134.808810180606,15.2158644424091));
#11875=CARTESIAN_POINT('',(8.77817271389796,-32.5,15.138077995017));
#11876=CARTESIAN_POINT('Ctrl Pts',(8.61101588057463,-32.5,15.2158644424091));
#11877=CARTESIAN_POINT('Ctrl Pts',(8.61101588057463,-32.5,15.1524228722753));
#11878=CARTESIAN_POINT('Ctrl Pts',(8.64282669625196,-32.5,15.1264940564779));
#11879=CARTESIAN_POINT('Ctrl Pts',(8.69468432784671,-32.5,15.1264940564779));
#11880=CARTESIAN_POINT('Ctrl Pts',(8.7176721437041,-32.5,15.1264940564779));
#11881=CARTESIAN_POINT('Ctrl Pts',(8.74930289816061,-32.5,15.132195995137));
#11882=CARTESIAN_POINT('Ctrl Pts',(8.77817271389796,-32.5,15.138077995017));
#11883=CARTESIAN_POINT('',(8.77817271389795,69.8088101806059,15.138077995017));
#11884=CARTESIAN_POINT('Origin',(8.77817271389795,69.8088101806059,15.138077995017));
#11885=CARTESIAN_POINT('',(8.77817271389796,-32.5,14.9536352844954));
#11886=CARTESIAN_POINT('',(8.77817271389796,-32.5,7.5690389975085));
#11887=CARTESIAN_POINT('',(8.77817271389795,69.8088101806059,14.9536352844954));
#11888=CARTESIAN_POINT('Ctrl Pts',(8.37195459973912,69.8088101806059,15.1552738416048));
#11889=CARTESIAN_POINT('Ctrl Pts',(8.37195459973915,-134.808810180606,15.1552738416048));
#11890=CARTESIAN_POINT('Ctrl Pts',(8.38041747711745,69.8088101806059,15.0400646704867));
#11891=CARTESIAN_POINT('Ctrl Pts',(8.38041747711748,-134.808810180606,15.0400646704867));
#11892=CARTESIAN_POINT('Ctrl Pts',(8.41516929273474,69.8088101806059,14.9247654687581));
#11893=CARTESIAN_POINT('Ctrl Pts',(8.41516929273477,-134.808810180606,14.9247654687581));
#11894=CARTESIAN_POINT('Ctrl Pts',(8.63988569631197,69.8088101806059,14.9247654687581));
#11895=CARTESIAN_POINT('Ctrl Pts',(8.639885696312,-134.808810180606,14.9247654687581));
#11896=CARTESIAN_POINT('Ctrl Pts',(8.69744526656586,69.8088101806059,14.9247654687581));
#11897=CARTESIAN_POINT('Ctrl Pts',(8.69744526656589,-134.808810180606,14.9247654687581));
#11898=CARTESIAN_POINT('Ctrl Pts',(8.73495802090232,69.8088101806059,14.9420513459563));
#11899=CARTESIAN_POINT('Ctrl Pts',(8.73495802090235,-134.808810180606,14.9420513459563));
#11900=CARTESIAN_POINT('Ctrl Pts',(8.77817271389795,69.8088101806059,14.9536352844954));
#11901=CARTESIAN_POINT('Ctrl Pts',(8.77817271389798,-134.808810180606,14.9536352844954));
#11902=CARTESIAN_POINT('',(8.37195459973914,-32.5,15.1552738416048));
#11903=CARTESIAN_POINT('Ctrl Pts',(8.77817271389796,-32.5,14.9536352844954));
#11904=CARTESIAN_POINT('Ctrl Pts',(8.73495802090233,-32.5,14.9420513459563));
#11905=CARTESIAN_POINT('Ctrl Pts',(8.69744526656588,-32.5,14.9247654687581));
#11906=CARTESIAN_POINT('Ctrl Pts',(8.63988569631198,-32.5,14.9247654687581));
#11907=CARTESIAN_POINT('Ctrl Pts',(8.41516929273475,-32.5,14.9247654687581));
#11908=CARTESIAN_POINT('Ctrl Pts',(8.38041747711746,-32.5,15.0400646704867));
#11909=CARTESIAN_POINT('Ctrl Pts',(8.37195459973914,-32.5,15.1552738416048));
#11910=CARTESIAN_POINT('',(8.37195459973912,69.8088101806059,15.1552738416048));
#11911=CARTESIAN_POINT('Ctrl Pts',(7.81274446829447,69.8088101806059,15.8181092056286));
#11912=CARTESIAN_POINT('Ctrl Pts',(7.8127444682945,-134.808810180606,15.8181092056286));
#11913=CARTESIAN_POINT('Ctrl Pts',(7.39200141565655,69.8088101806059,15.7662515740339));
#11914=CARTESIAN_POINT('Ctrl Pts',(7.39200141565658,-134.808810180606,15.7662515740339));
#11915=CARTESIAN_POINT('Ctrl Pts',(7.35466872254093,69.8088101806059,15.4723016310532));
#11916=CARTESIAN_POINT('Ctrl Pts',(7.35466872254096,-134.808810180606,15.4723016310532));
#11917=CARTESIAN_POINT('Ctrl Pts',(7.35466872254093,69.8088101806059,15.345508521396));
#11918=CARTESIAN_POINT('Ctrl Pts',(7.35466872254095,-134.808810180606,15.345508521396));
#11919=CARTESIAN_POINT('Ctrl Pts',(7.35466872254092,69.8088101806059,15.0861303328119));
#11920=CARTESIAN_POINT('Ctrl Pts',(7.35466872254095,-134.808810180606,15.0861303328119));
#11921=CARTESIAN_POINT('Ctrl Pts',(7.55051531038078,69.8088101806059,14.9103305608894));
#11922=CARTESIAN_POINT('Ctrl Pts',(7.55051531038081,-134.808810180606,14.9103305608894));
#11923=CARTESIAN_POINT('Ctrl Pts',(7.82726940677354,69.8088101806059,14.9103305608894));
#11924=CARTESIAN_POINT('Ctrl Pts',(7.82726940677357,-134.808810180606,14.9103305608894));
#11925=CARTESIAN_POINT('Ctrl Pts',(8.12112931914375,69.8088101806059,14.9103305608894));
#11926=CARTESIAN_POINT('Ctrl Pts',(8.12112931914378,-134.808810180606,14.9103305608894));
#11927=CARTESIAN_POINT('Ctrl Pts',(8.27376121398799,69.8088101806059,15.0486175784754));
#11928=CARTESIAN_POINT('Ctrl Pts',(8.27376121398802,-134.808810180606,15.0486175784754));
#11929=CARTESIAN_POINT('Ctrl Pts',(8.37195459973912,69.8088101806059,15.1552738416048));
#11930=CARTESIAN_POINT('Ctrl Pts',(8.37195459973915,-134.808810180606,15.1552738416048));
#11931=CARTESIAN_POINT('Ctrl Pts',(8.37195459973914,-32.5,15.1552738416048));
#11932=CARTESIAN_POINT('Ctrl Pts',(8.273761213988,-32.5,15.0486175784754));
#11933=CARTESIAN_POINT('Ctrl Pts',(8.12112931914377,-32.5,14.9103305608894));
#11934=CARTESIAN_POINT('Ctrl Pts',(7.82726940677356,-32.5,14.9103305608894));
#11935=CARTESIAN_POINT('Ctrl Pts',(7.5505153103808,-32.5,14.9103305608894));
#11936=CARTESIAN_POINT('Ctrl Pts',(7.35466872254094,-32.5,15.0861303328119));
#11937=CARTESIAN_POINT('Ctrl Pts',(7.35466872254094,-32.5,15.345508521396));
#11938=CARTESIAN_POINT('Ctrl Pts',(7.35466872254094,-32.5,15.4723016310532));
#11939=CARTESIAN_POINT('Ctrl Pts',(7.39200141565657,-32.5,15.7662515740339));
#11940=CARTESIAN_POINT('Ctrl Pts',(7.81274446829449,-32.5,15.8181092056286));
#11941=CARTESIAN_POINT('Origin',(4.78945655040245,69.8088101806059,15.1235530565379));
#11942=CARTESIAN_POINT('',(4.78945655040246,-32.5,15.1235530565379));
#11943=CARTESIAN_POINT('',(4.78357455052252,-32.5,15.1235530565379));
#11944=CARTESIAN_POINT('',(-13.8552717247988,-32.5,15.1235530565379));
#11945=CARTESIAN_POINT('',(4.78945655040246,-32.499,15.1235530565379));
#11946=CARTESIAN_POINT('',(4.78945655040245,69.8088101806059,15.1235530565379));
#11947=CARTESIAN_POINT('',(4.78357455052252,-32.499,15.1235530565379));
#11948=CARTESIAN_POINT('',(-13.8552717247988,-32.499,15.1235530565379));
#11949=CARTESIAN_POINT('',(4.7835745505225,69.8088101806059,15.1235530565379));
#11950=CARTESIAN_POINT('Origin',(4.78945655040245,69.8088101806059,15.0602015170145));
#11951=CARTESIAN_POINT('',(4.78945655040246,-32.5,15.0602015170145));
#11952=CARTESIAN_POINT('',(4.78945655040246,-32.5,7.53010075850724));
#11953=CARTESIAN_POINT('',(4.78945655040246,-32.499,15.0602015170145));
#11954=CARTESIAN_POINT('',(4.78945655040245,69.8088101806059,15.0602015170145));
#11955=CARTESIAN_POINT('',(4.78945655040246,-32.499,7.53010075850724));
#11956=CARTESIAN_POINT('Ctrl Pts',(4.78945655040245,69.8088101806059,15.0602015170145));
#11957=CARTESIAN_POINT('Ctrl Pts',(4.78945655040247,-134.808810180606,15.0602015170145));
#11958=CARTESIAN_POINT('Ctrl Pts',(4.78945655040245,69.8088101806059,14.8815507757625));
#11959=CARTESIAN_POINT('Ctrl Pts',(4.78945655040247,-134.808810180606,14.8815507757625));
#11960=CARTESIAN_POINT('Ctrl Pts',(4.79809948900158,69.8088101806059,14.5299512319176));
#11961=CARTESIAN_POINT('Ctrl Pts',(4.79809948900161,-134.808810180606,14.5299512319176));
#11962=CARTESIAN_POINT('Ctrl Pts',(4.36007055916544,69.8088101806059,14.5299512319176));
#11963=CARTESIAN_POINT('Ctrl Pts',(4.36007055916547,-134.808810180606,14.5299512319176));
#11964=CARTESIAN_POINT('Ctrl Pts',(4.29938992775078,69.8088101806059,14.5299512319176));
#11965=CARTESIAN_POINT('Ctrl Pts',(4.2993899277508,-134.808810180606,14.5299512319176));
#11966=CARTESIAN_POINT('Ctrl Pts',(4.06603058557443,69.8088101806059,14.5299512319176));
#11967=CARTESIAN_POINT('Ctrl Pts',(4.06603058557446,-134.808810180606,14.5299512319176));
#11968=CARTESIAN_POINT('Ctrl Pts',(4.02005495385965,69.8088101806059,14.7691025433634));
#11969=CARTESIAN_POINT('Ctrl Pts',(4.02005495385967,-134.808810180606,14.7691025433634));
#11970=CARTESIAN_POINT('',(4.02005495385966,-32.5,14.7691025433634));
#11971=CARTESIAN_POINT('Ctrl Pts',(4.02005495385966,-32.5,14.7691025433634));
#11972=CARTESIAN_POINT('Ctrl Pts',(4.06603058557444,-32.5,14.5299512319176));
#11973=CARTESIAN_POINT('Ctrl Pts',(4.29938992775079,-32.5,14.5299512319176));
#11974=CARTESIAN_POINT('Ctrl Pts',(4.36007055916545,-32.5,14.5299512319176));
#11975=CARTESIAN_POINT('Ctrl Pts',(4.7980994890016,-32.5,14.5299512319176));
#11976=CARTESIAN_POINT('Ctrl Pts',(4.78945655040246,-32.5,14.8815507757625));
#11977=CARTESIAN_POINT('Ctrl Pts',(4.78945655040246,-32.5,15.0602015170145));
#11978=CARTESIAN_POINT('',(4.02005495385966,-32.499,14.7691025433634));
#11979=CARTESIAN_POINT('',(4.02005495385965,69.8088101806059,14.7691025433634));
#11980=CARTESIAN_POINT('Ctrl Pts',(4.02005495385966,-32.499,14.7691025433634));
#11981=CARTESIAN_POINT('Ctrl Pts',(4.06603058557444,-32.499,14.5299512319176));
#11982=CARTESIAN_POINT('Ctrl Pts',(4.29938992775079,-32.499,14.5299512319176));
#11983=CARTESIAN_POINT('Ctrl Pts',(4.36007055916545,-32.499,14.5299512319176));
#11984=CARTESIAN_POINT('Ctrl Pts',(4.7980994890016,-32.499,14.5299512319176));
#11985=CARTESIAN_POINT('Ctrl Pts',(4.78945655040246,-32.499,14.8815507757625));
#11986=CARTESIAN_POINT('Ctrl Pts',(4.78945655040246,-32.499,15.0602015170145));
#11987=CARTESIAN_POINT('Origin',(3.76646873454506,69.8088101806059,14.7691025433634));
#11988=CARTESIAN_POINT('',(3.76646873454507,-32.5,14.7691025433634));
#11989=CARTESIAN_POINT('',(-14.3667656327275,-32.5,14.7691025433634));
#11990=CARTESIAN_POINT('',(3.76646873454507,-32.499,14.7691025433634));
#11991=CARTESIAN_POINT('',(3.76646873454506,69.8088101806059,14.7691025433634));
#11992=CARTESIAN_POINT('',(-14.3667656327275,-32.499,14.7691025433634));
#11993=CARTESIAN_POINT('Ctrl Pts',(3.76646873454506,69.8088101806059,14.7691025433634));
#11994=CARTESIAN_POINT('Ctrl Pts',(3.76646873454509,-134.808810180606,14.7691025433634));
#11995=CARTESIAN_POINT('Ctrl Pts',(3.81538536619987,69.8088101806059,14.3686163780673));
#11996=CARTESIAN_POINT('Ctrl Pts',(3.81538536619989,-134.808810180606,14.3686163780673));
#11997=CARTESIAN_POINT('Ctrl Pts',(4.16404391010478,69.8088101806059,14.3195797055986));
#11998=CARTESIAN_POINT('Ctrl Pts',(4.16404391010481,-134.808810180606,14.3195797055986));
#11999=CARTESIAN_POINT('Ctrl Pts',(4.34260462074636,69.8088101806059,14.3195797055986));
#12000=CARTESIAN_POINT('Ctrl Pts',(4.34260462074639,-134.808810180606,14.3195797055986));
#12001=CARTESIAN_POINT('Ctrl Pts',(5.04028183099786,69.8088101806059,14.3195797055986));
#12002=CARTESIAN_POINT('Ctrl Pts',(5.04028183099789,-134.808810180606,14.3195797055986));
#12003=CARTESIAN_POINT('Ctrl Pts',(5.04304276971701,69.8088101806059,14.8614139292346));
#12004=CARTESIAN_POINT('Ctrl Pts',(5.04304276971704,-134.808810180606,14.8614139292346));
#12005=CARTESIAN_POINT('Ctrl Pts',(5.04304276971701,69.8088101806059,15.0774873942127));
#12006=CARTESIAN_POINT('Ctrl Pts',(5.04304276971704,-134.808810180606,15.0774873942127));
#12007=CARTESIAN_POINT('',(5.04304276971703,-32.5,15.0774873942127));
#12008=CARTESIAN_POINT('Ctrl Pts',(5.04304276971703,-32.5,15.0774873942127));
#12009=CARTESIAN_POINT('Ctrl Pts',(5.04304276971703,-32.5,14.8614139292346));
#12010=CARTESIAN_POINT('Ctrl Pts',(5.04028183099788,-32.5,14.3195797055986));
#12011=CARTESIAN_POINT('Ctrl Pts',(4.34260462074637,-32.5,14.3195797055986));
#12012=CARTESIAN_POINT('Ctrl Pts',(4.16404391010479,-32.5,14.3195797055986));
#12013=CARTESIAN_POINT('Ctrl Pts',(3.81538536619988,-32.5,14.3686163780673));
#12014=CARTESIAN_POINT('Ctrl Pts',(3.76646873454507,-32.5,14.7691025433634));
#12015=CARTESIAN_POINT('',(5.04304276971703,-32.499,15.0774873942127));
#12016=CARTESIAN_POINT('',(5.04304276971701,69.8088101806059,15.0774873942127));
#12017=CARTESIAN_POINT('Ctrl Pts',(5.04304276971703,-32.499,15.0774873942127));
#12018=CARTESIAN_POINT('Ctrl Pts',(5.04304276971703,-32.499,14.8614139292346));
#12019=CARTESIAN_POINT('Ctrl Pts',(5.04028183099788,-32.499,14.3195797055986));
#12020=CARTESIAN_POINT('Ctrl Pts',(4.34260462074637,-32.499,14.3195797055986));
#12021=CARTESIAN_POINT('Ctrl Pts',(4.16404391010479,-32.499,14.3195797055986));
#12022=CARTESIAN_POINT('Ctrl Pts',(3.81538536619988,-32.499,14.3686163780673));
#12023=CARTESIAN_POINT('Ctrl Pts',(3.76646873454507,-32.499,14.7691025433634));
#12024=CARTESIAN_POINT('Origin',(5.04304276971701,69.8088101806059,16.4607176925141));
#12025=CARTESIAN_POINT('',(5.04304276971703,-32.5,16.4607176925141));
#12026=CARTESIAN_POINT('',(5.04304276971703,-32.5,8.23035884625706));
#12027=CARTESIAN_POINT('',(5.04304276971703,-32.499,16.4607176925141));
#12028=CARTESIAN_POINT('',(5.04304276971701,69.8088101806059,16.4607176925141));
#12029=CARTESIAN_POINT('',(5.04304276971703,-32.499,8.23035884625706));
#12030=CARTESIAN_POINT('Origin',(4.80380142766071,69.8088101806059,16.4607176925141));
#12031=CARTESIAN_POINT('',(4.80380142766072,-32.5,16.4607176925141));
#12032=CARTESIAN_POINT('',(-13.8480992861696,-32.5,16.4607176925141));
#12033=CARTESIAN_POINT('',(4.80380142766072,-32.499,16.4607176925141));
#12034=CARTESIAN_POINT('',(4.80380142766071,69.8088101806059,16.4607176925141));
#12035=CARTESIAN_POINT('',(-13.8480992861696,-32.499,16.4607176925141));
#12036=CARTESIAN_POINT('Origin',(4.80380142766071,69.8088101806059,16.2474951968656));
#12037=CARTESIAN_POINT('',(4.80380142766072,-32.5,16.2474951968656));
#12038=CARTESIAN_POINT('',(4.80380142766072,-32.5,8.1237475984328));
#12039=CARTESIAN_POINT('',(4.80380142766072,-32.499,16.2474951968656));
#12040=CARTESIAN_POINT('',(4.80380142766071,69.8088101806059,16.2474951968656));
#12041=CARTESIAN_POINT('',(4.80380142766072,-32.499,8.1237475984328));
#12042=CARTESIAN_POINT('Origin',(4.79809948900158,69.8088101806059,16.2474951968656));
#12043=CARTESIAN_POINT('',(4.7980994890016,-32.5,16.2474951968656));
#12044=CARTESIAN_POINT('',(-13.8509502554992,-32.5,16.2474951968656));
#12045=CARTESIAN_POINT('',(4.7980994890016,-32.499,16.2474951968656));
#12046=CARTESIAN_POINT('',(4.79809948900158,69.8088101806059,16.2474951968656));
#12047=CARTESIAN_POINT('',(-13.8509502554992,-32.499,16.2474951968656));
#12048=CARTESIAN_POINT('Ctrl Pts',(4.79809948900158,69.8088101806059,16.2474951968656));
#12049=CARTESIAN_POINT('Ctrl Pts',(4.79809948900161,-134.808810180606,16.2474951968656));
#12050=CARTESIAN_POINT('Ctrl Pts',(4.73759891880773,69.8088101806059,16.3339245828568));
#12051=CARTESIAN_POINT('Ctrl Pts',(4.73759891880775,-134.808810180606,16.3339245828568));
#12052=CARTESIAN_POINT('Ctrl Pts',(4.62229971707912,69.8088101806059,16.5039323855097));
#12053=CARTESIAN_POINT('Ctrl Pts',(4.62229971707914,-134.808810180606,16.5039323855097));
#12054=CARTESIAN_POINT('Ctrl Pts',(4.34848662062635,69.8088101806059,16.5039323855097));
#12055=CARTESIAN_POINT('Ctrl Pts',(4.34848662062638,-134.808810180606,16.5039323855097));
#12056=CARTESIAN_POINT('Ctrl Pts',(3.94797044512667,69.8088101806059,16.5039323855097));
#12057=CARTESIAN_POINT('Ctrl Pts',(3.9479704451267,-134.808810180606,16.5039323855097));
#12058=CARTESIAN_POINT('Ctrl Pts',(3.7203130416095,69.8088101806059,16.175500718743));
#12059=CARTESIAN_POINT('Ctrl Pts',(3.72031304160953,-134.808810180606,16.175500718743));
#12060=CARTESIAN_POINT('Ctrl Pts',(3.7203130416095,69.8088101806059,15.7518166661652));
#12061=CARTESIAN_POINT('Ctrl Pts',(3.72031304160953,-134.808810180606,15.7518166661652));
#12062=CARTESIAN_POINT('Ctrl Pts',(3.7203130416095,69.8088101806059,15.3916642143316));
#12063=CARTESIAN_POINT('Ctrl Pts',(3.72031304160953,-134.808810180606,15.3916642143316));
#12064=CARTESIAN_POINT('Ctrl Pts',(3.87018399773458,69.8088101806059,14.9103305608894));
#12065=CARTESIAN_POINT('Ctrl Pts',(3.8701839977346,-134.808810180606,14.9103305608894));
#12066=CARTESIAN_POINT('Ctrl Pts',(4.3830583750228,69.8088101806059,14.9103305608894));
#12067=CARTESIAN_POINT('Ctrl Pts',(4.38305837502283,-134.808810180606,14.9103305608894));
#12068=CARTESIAN_POINT('Ctrl Pts',(4.58478696274267,69.8088101806059,14.9103305608894));
#12069=CARTESIAN_POINT('Ctrl Pts',(4.58478696274269,-134.808810180606,14.9103305608894));
#12070=CARTESIAN_POINT('Ctrl Pts',(4.7173720416695,69.8088101806059,15.0054028854798));
#12071=CARTESIAN_POINT('Ctrl Pts',(4.71737204166952,-134.808810180606,15.0054028854798));
#12072=CARTESIAN_POINT('Ctrl Pts',(4.7835745505225,69.8088101806059,15.1120591486092));
#12073=CARTESIAN_POINT('Ctrl Pts',(4.78357455052253,-134.808810180606,15.1120591486092));
#12074=CARTESIAN_POINT('',(4.78357455052252,-32.5,15.1120591486092));
#12075=CARTESIAN_POINT('Ctrl Pts',(4.78357455052252,-32.5,15.1120591486092));
#12076=CARTESIAN_POINT('Ctrl Pts',(4.71737204166951,-32.5,15.0054028854798));
#12077=CARTESIAN_POINT('Ctrl Pts',(4.58478696274268,-32.5,14.9103305608894));
#12078=CARTESIAN_POINT('Ctrl Pts',(4.38305837502281,-32.5,14.9103305608894));
#12079=CARTESIAN_POINT('Ctrl Pts',(3.87018399773459,-32.5,14.9103305608894));
#12080=CARTESIAN_POINT('Ctrl Pts',(3.72031304160951,-32.5,15.3916642143316));
#12081=CARTESIAN_POINT('Ctrl Pts',(3.72031304160951,-32.5,15.7518166661652));
#12082=CARTESIAN_POINT('Ctrl Pts',(3.72031304160951,-32.5,16.175500718743));
#12083=CARTESIAN_POINT('Ctrl Pts',(3.94797044512669,-32.5,16.5039323855097));
#12084=CARTESIAN_POINT('Ctrl Pts',(4.34848662062636,-32.5,16.5039323855097));
#12085=CARTESIAN_POINT('Ctrl Pts',(4.62229971707913,-32.5,16.5039323855097));
#12086=CARTESIAN_POINT('Ctrl Pts',(4.73759891880774,-32.5,16.3339245828568));
#12087=CARTESIAN_POINT('Ctrl Pts',(4.7980994890016,-32.5,16.2474951968656));
#12088=CARTESIAN_POINT('',(4.78357455052252,-32.499,15.1120591486092));
#12089=CARTESIAN_POINT('',(4.7835745505225,69.8088101806059,15.1120591486092));
#12090=CARTESIAN_POINT('Ctrl Pts',(4.78357455052252,-32.499,15.1120591486092));
#12091=CARTESIAN_POINT('Ctrl Pts',(4.71737204166951,-32.499,15.0054028854798));
#12092=CARTESIAN_POINT('Ctrl Pts',(4.58478696274268,-32.499,14.9103305608894));
#12093=CARTESIAN_POINT('Ctrl Pts',(4.38305837502281,-32.499,14.9103305608894));
#12094=CARTESIAN_POINT('Ctrl Pts',(3.87018399773459,-32.499,14.9103305608894));
#12095=CARTESIAN_POINT('Ctrl Pts',(3.72031304160951,-32.499,15.3916642143316));
#12096=CARTESIAN_POINT('Ctrl Pts',(3.72031304160951,-32.499,15.7518166661652));
#12097=CARTESIAN_POINT('Ctrl Pts',(3.72031304160951,-32.499,16.175500718743));
#12098=CARTESIAN_POINT('Ctrl Pts',(3.94797044512669,-32.499,16.5039323855097));
#12099=CARTESIAN_POINT('Ctrl Pts',(4.34848662062636,-32.499,16.5039323855097));
#12100=CARTESIAN_POINT('Ctrl Pts',(4.62229971707913,-32.499,16.5039323855097));
#12101=CARTESIAN_POINT('Ctrl Pts',(4.73759891880774,-32.499,16.3339245828568));
#12102=CARTESIAN_POINT('Ctrl Pts',(4.7980994890016,-32.499,16.2474951968656));
#12103=CARTESIAN_POINT('Origin',(4.7835745505225,69.8088101806059,15.1235530565379));
#12104=CARTESIAN_POINT('',(4.78357455052252,-32.5,7.56177652826896));
#12105=CARTESIAN_POINT('',(4.78357455052252,-32.499,7.56177652826896));
#12106=CARTESIAN_POINT('Ctrl Pts',(4.38876031368197,69.8088101806059,15.1293450258075));
#12107=CARTESIAN_POINT('Ctrl Pts',(4.388760313682,-134.808810180606,15.1293450258075));
#12108=CARTESIAN_POINT('Ctrl Pts',(4.55021520834616,69.8088101806059,15.1293450258075));
#12109=CARTESIAN_POINT('Ctrl Pts',(4.55021520834619,-134.808810180606,15.1293450258075));
#12110=CARTESIAN_POINT('Ctrl Pts',(4.80086042772073,69.8088101806059,15.2360012889369));
#12111=CARTESIAN_POINT('Ctrl Pts',(4.80086042772076,-134.808810180606,15.2360012889369));
#12112=CARTESIAN_POINT('Ctrl Pts',(4.80086042772074,69.8088101806059,15.6365174644366));
#12113=CARTESIAN_POINT('Ctrl Pts',(4.80086042772077,-134.808810180606,15.6365174644366));
#12114=CARTESIAN_POINT('Ctrl Pts',(4.80086042772074,69.8088101806059,15.8815507757624));
#12115=CARTESIAN_POINT('Ctrl Pts',(4.80086042772077,-134.808810180606,15.8815507757624));
#12116=CARTESIAN_POINT('Ctrl Pts',(4.76058673466512,69.8088101806059,16.276365012603));
#12117=CARTESIAN_POINT('Ctrl Pts',(4.76058673466515,-134.808810180606,16.276365012603));
#12118=CARTESIAN_POINT('Ctrl Pts',(4.39464231356192,69.8088101806059,16.276365012603));
#12119=CARTESIAN_POINT('Ctrl Pts',(4.39464231356194,-134.808810180606,16.276365012603));
#12120=CARTESIAN_POINT('Ctrl Pts',(4.00258901544059,69.8088101806059,16.276365012603));
#12121=CARTESIAN_POINT('Ctrl Pts',(4.00258901544062,-134.808810180606,16.276365012603));
#12122=CARTESIAN_POINT('Ctrl Pts',(3.98254219952319,69.8088101806059,15.9045385916198));
#12123=CARTESIAN_POINT('Ctrl Pts',(3.98254219952321,-134.808810180606,15.9045385916198));
#12124=CARTESIAN_POINT('Ctrl Pts',(3.98254219952319,69.8088101806059,15.7114529424991));
#12125=CARTESIAN_POINT('Ctrl Pts',(3.98254219952321,-134.808810180606,15.7114529424991));
#12126=CARTESIAN_POINT('Ctrl Pts',(3.98254219952318,69.8088101806059,15.3800802757925));
#12127=CARTESIAN_POINT('Ctrl Pts',(3.98254219952321,-134.808810180606,15.3800802757925));
#12128=CARTESIAN_POINT('Ctrl Pts',(4.11218627851003,69.8088101806059,15.1293450258075));
#12129=CARTESIAN_POINT('Ctrl Pts',(4.11218627851006,-134.808810180606,15.1293450258075));
#12130=CARTESIAN_POINT('Ctrl Pts',(4.38876031368197,69.8088101806059,15.1293450258075));
#12131=CARTESIAN_POINT('Ctrl Pts',(4.388760313682,-134.808810180606,15.1293450258075));
#12132=CARTESIAN_POINT('',(4.38876031368199,-32.5,15.1293450258075));
#12133=CARTESIAN_POINT('Ctrl Pts',(4.38876031368199,-32.5,15.1293450258075));
#12134=CARTESIAN_POINT('Ctrl Pts',(4.55021520834618,-32.5,15.1293450258075));
#12135=CARTESIAN_POINT('Ctrl Pts',(4.80086042772075,-32.5,15.2360012889369));
#12136=CARTESIAN_POINT('Ctrl Pts',(4.80086042772076,-32.5,15.6365174644366));
#12137=CARTESIAN_POINT('Ctrl Pts',(4.80086042772076,-32.5,15.8815507757624));
#12138=CARTESIAN_POINT('Ctrl Pts',(4.76058673466513,-32.5,16.276365012603));
#12139=CARTESIAN_POINT('Ctrl Pts',(4.39464231356193,-32.5,16.276365012603));
#12140=CARTESIAN_POINT('Ctrl Pts',(4.0025890154406,-32.5,16.276365012603));
#12141=CARTESIAN_POINT('Ctrl Pts',(3.9825421995232,-32.5,15.9045385916198));
#12142=CARTESIAN_POINT('Ctrl Pts',(3.9825421995232,-32.5,15.7114529424991));
#12143=CARTESIAN_POINT('Ctrl Pts',(3.98254219952319,-32.5,15.3800802757925));
#12144=CARTESIAN_POINT('Ctrl Pts',(4.11218627851005,-32.5,15.1293450258075));
#12145=CARTESIAN_POINT('Ctrl Pts',(4.38876031368199,-32.5,15.1293450258075));
#12146=CARTESIAN_POINT('',(4.38876031368199,-32.499,15.1293450258075));
#12147=CARTESIAN_POINT('',(4.38876031368197,69.8088101806059,15.1293450258075));
#12148=CARTESIAN_POINT('Ctrl Pts',(4.38876031368199,-32.499,15.1293450258075));
#12149=CARTESIAN_POINT('Ctrl Pts',(4.55021520834618,-32.499,15.1293450258075));
#12150=CARTESIAN_POINT('Ctrl Pts',(4.80086042772075,-32.499,15.2360012889369));
#12151=CARTESIAN_POINT('Ctrl Pts',(4.80086042772076,-32.499,15.6365174644366));
#12152=CARTESIAN_POINT('Ctrl Pts',(4.80086042772076,-32.499,15.8815507757624));
#12153=CARTESIAN_POINT('Ctrl Pts',(4.76058673466513,-32.499,16.276365012603));
#12154=CARTESIAN_POINT('Ctrl Pts',(4.39464231356193,-32.499,16.276365012603));
#12155=CARTESIAN_POINT('Ctrl Pts',(4.0025890154406,-32.499,16.276365012603));
#12156=CARTESIAN_POINT('Ctrl Pts',(3.9825421995232,-32.499,15.9045385916198));
#12157=CARTESIAN_POINT('Ctrl Pts',(3.9825421995232,-32.499,15.7114529424991));
#12158=CARTESIAN_POINT('Ctrl Pts',(3.98254219952319,-32.499,15.3800802757925));
#12159=CARTESIAN_POINT('Ctrl Pts',(4.11218627851005,-32.499,15.1293450258075));
#12160=CARTESIAN_POINT('Ctrl Pts',(4.38876031368199,-32.499,15.1293450258075));
#12161=CARTESIAN_POINT('Origin',(-32.5,-32.499,0.));
#12162=CARTESIAN_POINT('Origin',(-32.5,-32.499,0.));
#12163=CARTESIAN_POINT('',(-8.33251992159766,-32.499,14.0031221100161));
#12164=CARTESIAN_POINT('',(-8.15837071086602,-32.499,14.0916222000467));
#12165=CARTESIAN_POINT('Ctrl Pts',(-8.33251992159766,-32.499,14.0031221100161));
#12166=CARTESIAN_POINT('Ctrl Pts',(-8.27478029012296,-32.499,14.0267701503498));
#12167=CARTESIAN_POINT('Ctrl Pts',(-8.21653048518928,-32.499,14.0567503436156));
#12168=CARTESIAN_POINT('Ctrl Pts',(-8.15837071086602,-32.499,14.0916222000467));
#12169=CARTESIAN_POINT('',(8.9176601396227,-32.499,14.0031221100161));
#12170=CARTESIAN_POINT('',(-11.7911699301886,-32.499,14.0031221100161));
#12171=CARTESIAN_POINT('',(8.9176601396227,-32.499,14.0916222000467));
#12172=CARTESIAN_POINT('Ctrl Pts',(8.9176601396227,-32.499,14.0916222000467));
#12173=CARTESIAN_POINT('Ctrl Pts',(8.94211845545008,-32.499,14.0916222000467));
#12174=CARTESIAN_POINT('Ctrl Pts',(8.96192518973973,-32.499,14.0718154657571));
#12175=CARTESIAN_POINT('Ctrl Pts',(8.96192518973973,-32.499,14.0473871601332));
#12176=CARTESIAN_POINT('Ctrl Pts',(8.96192518973973,-32.499,14.0229288443058));
#12177=CARTESIAN_POINT('Ctrl Pts',(8.94211845545008,-32.499,14.0031221100161));
#12178=CARTESIAN_POINT('Ctrl Pts',(8.9176601396227,-32.499,14.0031221100161));
#12179=CARTESIAN_POINT('',(-20.329185355433,-32.499,14.0916222000467));
#12180=CARTESIAN_POINT('Origin',(8.91766013962269,69.8088101806059,14.0031221100161));
#12181=CARTESIAN_POINT('',(8.9176601396227,-32.5,14.0031221100161));
#12182=CARTESIAN_POINT('',(-8.33251992159766,-32.5,14.0031221100161));
#12183=CARTESIAN_POINT('',(-11.7911699301886,-32.5,14.0031221100161));
#12184=CARTESIAN_POINT('',(8.91766013962269,69.8088101806059,14.0031221100161));
#12185=CARTESIAN_POINT('',(-8.33251992159768,69.8088101806059,14.0031221100161));
#12186=CARTESIAN_POINT('Ctrl Pts',(-8.15837071086603,69.8088101806059,14.0916222000467));
#12187=CARTESIAN_POINT('Ctrl Pts',(-8.158370710866,-134.808810180606,14.0916222000467));
#12188=CARTESIAN_POINT('Ctrl Pts',(-8.2165304851893,69.8088101806059,14.0567503436156));
#12189=CARTESIAN_POINT('Ctrl Pts',(-8.21653048518927,-134.808810180606,
14.0567503436156));
#12190=CARTESIAN_POINT('Ctrl Pts',(-8.27478029012297,69.8088101806059,14.0267701503498));
#12191=CARTESIAN_POINT('Ctrl Pts',(-8.27478029012294,-134.808810180606,
14.0267701503498));
#12192=CARTESIAN_POINT('Ctrl Pts',(-8.33251992159768,69.8088101806059,14.0031221100161));
#12193=CARTESIAN_POINT('Ctrl Pts',(-8.33251992159765,-134.808810180606,
14.0031221100161));
#12194=CARTESIAN_POINT('',(-8.15837071086602,-32.5,14.0916222000467));
#12195=CARTESIAN_POINT('Ctrl Pts',(-8.33251992159766,-32.5,14.0031221100161));
#12196=CARTESIAN_POINT('Ctrl Pts',(-8.27478029012296,-32.5,14.0267701503498));
#12197=CARTESIAN_POINT('Ctrl Pts',(-8.21653048518928,-32.5,14.0567503436156));
#12198=CARTESIAN_POINT('Ctrl Pts',(-8.15837071086602,-32.5,14.0916222000467));
#12199=CARTESIAN_POINT('',(-8.15837071086603,69.8088101806059,14.0916222000467));
#12200=CARTESIAN_POINT('Origin',(-8.15837071086603,69.8088101806059,14.0916222000467));
#12201=CARTESIAN_POINT('',(8.9176601396227,-32.5,14.0916222000467));
#12202=CARTESIAN_POINT('',(-20.329185355433,-32.5,14.0916222000467));
#12203=CARTESIAN_POINT('',(8.91766013962269,69.8088101806059,14.0916222000467));
#12204=CARTESIAN_POINT('Ctrl Pts',(8.91766013962269,69.8088101806059,14.0031221100161));
#12205=CARTESIAN_POINT('Ctrl Pts',(8.91766013962271,-134.808810180606,14.0031221100161));
#12206=CARTESIAN_POINT('Ctrl Pts',(8.94211845545007,69.8088101806059,14.0031221100161));
#12207=CARTESIAN_POINT('Ctrl Pts',(8.9421184554501,-134.808810180606,14.0031221100161));
#12208=CARTESIAN_POINT('Ctrl Pts',(8.96192518973972,69.8088101806059,14.0229288443058));
#12209=CARTESIAN_POINT('Ctrl Pts',(8.96192518973974,-134.808810180606,14.0229288443058));
#12210=CARTESIAN_POINT('Ctrl Pts',(8.96192518973972,69.8088101806059,14.0473871601332));
#12211=CARTESIAN_POINT('Ctrl Pts',(8.96192518973974,-134.808810180606,14.0473871601332));
#12212=CARTESIAN_POINT('Ctrl Pts',(8.96192518973972,69.8088101806059,14.0718154657571));
#12213=CARTESIAN_POINT('Ctrl Pts',(8.96192518973974,-134.808810180606,14.0718154657571));
#12214=CARTESIAN_POINT('Ctrl Pts',(8.94211845545007,69.8088101806059,14.0916222000467));
#12215=CARTESIAN_POINT('Ctrl Pts',(8.9421184554501,-134.808810180606,14.0916222000467));
#12216=CARTESIAN_POINT('Ctrl Pts',(8.91766013962269,69.8088101806059,14.0916222000467));
#12217=CARTESIAN_POINT('Ctrl Pts',(8.91766013962271,-134.808810180606,14.0916222000467));
#12218=CARTESIAN_POINT('Ctrl Pts',(8.9176601396227,-32.5,14.0916222000467));
#12219=CARTESIAN_POINT('Ctrl Pts',(8.94211845545009,-32.5,14.0916222000467));
#12220=CARTESIAN_POINT('Ctrl Pts',(8.96192518973973,-32.5,14.0718154657571));
#12221=CARTESIAN_POINT('Ctrl Pts',(8.96192518973973,-32.5,14.0473871601332));
#12222=CARTESIAN_POINT('Ctrl Pts',(8.96192518973973,-32.5,14.0229288443058));
#12223=CARTESIAN_POINT('Ctrl Pts',(8.94211845545009,-32.5,14.0031221100161));
#12224=CARTESIAN_POINT('Ctrl Pts',(8.9176601396227,-32.5,14.0031221100161));
#12225=CARTESIAN_POINT('Ctrl Pts',(-3.1094090639062,69.8088101806059,14.8988366529607));
#12226=CARTESIAN_POINT('Ctrl Pts',(-3.10940906390617,-134.808810180606,
14.8988366529607));
#12227=CARTESIAN_POINT('Ctrl Pts',(-2.33706646742342,69.8088101806059,14.8988366529607));
#12228=CARTESIAN_POINT('Ctrl Pts',(-2.33706646742339,-134.808810180606,
14.8988366529607));
#12229=CARTESIAN_POINT('Ctrl Pts',(-2.1007661253071,69.8088101806059,15.5414451398462));
#12230=CARTESIAN_POINT('Ctrl Pts',(-2.10076612530707,-134.808810180606,
15.5414451398462));
#12231=CARTESIAN_POINT('Ctrl Pts',(-2.1007661253071,69.8088101806059,15.9881170082815));
#12232=CARTESIAN_POINT('Ctrl Pts',(-2.10076612530707,-134.808810180606,
15.9881170082815));
#12233=CARTESIAN_POINT('Ctrl Pts',(-2.1007661253071,69.8088101806059,16.4347888767167));
#12234=CARTESIAN_POINT('Ctrl Pts',(-2.10076612530707,-134.808810180606,
16.4347888767167));
#12235=CARTESIAN_POINT('Ctrl Pts',(-2.33706646742342,69.8088101806059,17.0773673533988));
#12236=CARTESIAN_POINT('Ctrl Pts',(-2.33706646742339,-134.808810180606,
17.0773673533988));
#12237=CARTESIAN_POINT('Ctrl Pts',(-3.1094090639062,69.8088101806059,17.0773673533988));
#12238=CARTESIAN_POINT('Ctrl Pts',(-3.10940906390617,-134.808810180606,
17.0773673533988));
#12239=CARTESIAN_POINT('Ctrl Pts',(-3.88166162977857,69.8088101806059,17.0773673533988));
#12240=CARTESIAN_POINT('Ctrl Pts',(-3.88166162977855,-134.808810180606,
17.0773673533988));
#12241=CARTESIAN_POINT('Ctrl Pts',(-4.11805200250531,69.8088101806059,16.4347888767167));
#12242=CARTESIAN_POINT('Ctrl Pts',(-4.11805200250528,-134.808810180606,
16.4347888767167));
#12243=CARTESIAN_POINT('Ctrl Pts',(-4.1180520025053,69.8088101806059,15.9881170082815));
#12244=CARTESIAN_POINT('Ctrl Pts',(-4.11805200250527,-134.808810180606,
15.9881170082815));
#12245=CARTESIAN_POINT('Ctrl Pts',(-4.1180520025053,69.8088101806059,15.5414451398462));
#12246=CARTESIAN_POINT('Ctrl Pts',(-4.11805200250527,-134.808810180606,
15.5414451398462));
#12247=CARTESIAN_POINT('Ctrl Pts',(-3.88166162977857,69.8088101806059,14.8988366529607));
#12248=CARTESIAN_POINT('Ctrl Pts',(-3.88166162977855,-134.808810180606,
14.8988366529607));
#12249=CARTESIAN_POINT('Ctrl Pts',(-3.1094090639062,69.8088101806059,14.8988366529607));
#12250=CARTESIAN_POINT('Ctrl Pts',(-3.10940906390617,-134.808810180606,
14.8988366529607));
#12251=CARTESIAN_POINT('',(-3.10940906390619,-32.5,14.8988366529607));
#12252=CARTESIAN_POINT('Ctrl Pts',(-3.10940906390619,-32.5,14.8988366529607));
#12253=CARTESIAN_POINT('Ctrl Pts',(-3.88166162977856,-32.5,14.8988366529607));
#12254=CARTESIAN_POINT('Ctrl Pts',(-4.11805200250529,-32.5,15.5414451398462));
#12255=CARTESIAN_POINT('Ctrl Pts',(-4.11805200250529,-32.5,15.9881170082815));
#12256=CARTESIAN_POINT('Ctrl Pts',(-4.11805200250529,-32.5,16.4347888767167));
#12257=CARTESIAN_POINT('Ctrl Pts',(-3.88166162977856,-32.5,17.0773673533988));
#12258=CARTESIAN_POINT('Ctrl Pts',(-3.10940906390619,-32.5,17.0773673533988));
#12259=CARTESIAN_POINT('Ctrl Pts',(-2.3370664674234,-32.5,17.0773673533988));
#12260=CARTESIAN_POINT('Ctrl Pts',(-2.10076612530708,-32.5,16.4347888767167));
#12261=CARTESIAN_POINT('Ctrl Pts',(-2.10076612530709,-32.5,15.9881170082815));
#12262=CARTESIAN_POINT('Ctrl Pts',(-2.10076612530709,-32.5,15.5414451398462));
#12263=CARTESIAN_POINT('Ctrl Pts',(-2.3370664674234,-32.5,14.8988366529607));
#12264=CARTESIAN_POINT('Ctrl Pts',(-3.10940906390619,-32.5,14.8988366529607));
#12265=CARTESIAN_POINT('',(-3.10940906390619,-32.499,14.8988366529607));
#12266=CARTESIAN_POINT('',(-3.1094090639062,69.8088101806059,14.8988366529607));
#12267=CARTESIAN_POINT('Ctrl Pts',(-3.10940906390619,-32.499,14.8988366529607));
#12268=CARTESIAN_POINT('Ctrl Pts',(-3.88166162977856,-32.499,14.8988366529607));
#12269=CARTESIAN_POINT('Ctrl Pts',(-4.11805200250529,-32.499,15.5414451398462));
#12270=CARTESIAN_POINT('Ctrl Pts',(-4.11805200250529,-32.499,15.9881170082815));
#12271=CARTESIAN_POINT('Ctrl Pts',(-4.11805200250529,-32.499,16.4347888767167));
#12272=CARTESIAN_POINT('Ctrl Pts',(-3.88166162977856,-32.499,17.0773673533988));
#12273=CARTESIAN_POINT('Ctrl Pts',(-3.10940906390619,-32.499,17.0773673533988));
#12274=CARTESIAN_POINT('Ctrl Pts',(-2.3370664674234,-32.499,17.0773673533988));
#12275=CARTESIAN_POINT('Ctrl Pts',(-2.10076612530708,-32.499,16.4347888767167));
#12276=CARTESIAN_POINT('Ctrl Pts',(-2.10076612530709,-32.499,15.9881170082815));
#12277=CARTESIAN_POINT('Ctrl Pts',(-2.10076612530709,-32.499,15.5414451398462));
#12278=CARTESIAN_POINT('Ctrl Pts',(-2.3370664674234,-32.499,14.8988366529607));
#12279=CARTESIAN_POINT('Ctrl Pts',(-3.10940906390619,-32.499,14.8988366529607));
#12280=CARTESIAN_POINT('Ctrl Pts',(-3.1094090639062,69.8088101806059,16.8296031135573));
#12281=CARTESIAN_POINT('Ctrl Pts',(-3.10940906390617,-134.808810180606,
16.8296031135573));
#12282=CARTESIAN_POINT('Ctrl Pts',(-3.55893190167103,69.8088101806059,16.8296031135573));
#12283=CARTESIAN_POINT('Ctrl Pts',(-3.558931901671,-134.808810180606,16.8296031135573));
#12284=CARTESIAN_POINT('Ctrl Pts',(-3.82989402879423,69.8088101806059,16.4751526003828));
#12285=CARTESIAN_POINT('Ctrl Pts',(-3.82989402879421,-134.808810180606,
16.4751526003828));
#12286=CARTESIAN_POINT('Ctrl Pts',(-3.82989402879424,69.8088101806059,15.9881170082815));
#12287=CARTESIAN_POINT('Ctrl Pts',(-3.82989402879421,-134.808810180606,
15.9881170082815));
#12288=CARTESIAN_POINT('Ctrl Pts',(-3.82989402879424,69.8088101806059,15.5010814161802));
#12289=CARTESIAN_POINT('Ctrl Pts',(-3.82989402879421,-134.808810180606,
15.5010814161802));
#12290=CARTESIAN_POINT('Ctrl Pts',(-3.55893190167103,69.8088101806059,15.1467209336161));
#12291=CARTESIAN_POINT('Ctrl Pts',(-3.558931901671,-134.808810180606,15.1467209336161));
#12292=CARTESIAN_POINT('Ctrl Pts',(-3.1094090639062,69.8088101806059,15.1467209336161));
#12293=CARTESIAN_POINT('Ctrl Pts',(-3.10940906390617,-134.808810180606,
15.1467209336161));
#12294=CARTESIAN_POINT('Ctrl Pts',(-2.65979619553097,69.8088101806059,15.1467209336161));
#12295=CARTESIAN_POINT('Ctrl Pts',(-2.65979619553094,-134.808810180606,
15.1467209336161));
#12296=CARTESIAN_POINT('Ctrl Pts',(-2.38904413983202,69.8088101806059,15.5010814161802));
#12297=CARTESIAN_POINT('Ctrl Pts',(-2.38904413983199,-134.808810180606,
15.5010814161802));
#12298=CARTESIAN_POINT('Ctrl Pts',(-2.38904413983204,69.8088101806059,15.9881170082815));
#12299=CARTESIAN_POINT('Ctrl Pts',(-2.38904413983201,-134.808810180606,
15.9881170082815));
#12300=CARTESIAN_POINT('Ctrl Pts',(-2.38904413983205,69.8088101806059,16.4751526003828));
#12301=CARTESIAN_POINT('Ctrl Pts',(-2.38904413983202,-134.808810180606,
16.4751526003828));
#12302=CARTESIAN_POINT('Ctrl Pts',(-2.65979619553097,69.8088101806059,16.8296031135573));
#12303=CARTESIAN_POINT('Ctrl Pts',(-2.65979619553094,-134.808810180606,
16.8296031135573));
#12304=CARTESIAN_POINT('Ctrl Pts',(-3.1094090639062,69.8088101806059,16.8296031135573));
#12305=CARTESIAN_POINT('Ctrl Pts',(-3.10940906390617,-134.808810180606,
16.8296031135573));
#12306=CARTESIAN_POINT('',(-3.10940906390619,-32.5,16.8296031135573));
#12307=CARTESIAN_POINT('Ctrl Pts',(-3.10940906390619,-32.5,16.8296031135573));
#12308=CARTESIAN_POINT('Ctrl Pts',(-3.55893190167101,-32.5,16.8296031135573));
#12309=CARTESIAN_POINT('Ctrl Pts',(-3.82989402879422,-32.5,16.4751526003828));
#12310=CARTESIAN_POINT('Ctrl Pts',(-3.82989402879423,-32.5,15.9881170082815));
#12311=CARTESIAN_POINT('Ctrl Pts',(-3.82989402879423,-32.5,15.5010814161802));
#12312=CARTESIAN_POINT('Ctrl Pts',(-3.55893190167101,-32.5,15.1467209336161));
#12313=CARTESIAN_POINT('Ctrl Pts',(-3.10940906390619,-32.5,15.1467209336161));
#12314=CARTESIAN_POINT('Ctrl Pts',(-2.65979619553095,-32.5,15.1467209336161));
#12315=CARTESIAN_POINT('Ctrl Pts',(-2.38904413983201,-32.5,15.5010814161802));
#12316=CARTESIAN_POINT('Ctrl Pts',(-2.38904413983202,-32.5,15.9881170082815));
#12317=CARTESIAN_POINT('Ctrl Pts',(-2.38904413983204,-32.5,16.4751526003828));
#12318=CARTESIAN_POINT('Ctrl Pts',(-2.65979619553096,-32.5,16.8296031135573));
#12319=CARTESIAN_POINT('Ctrl Pts',(-3.10940906390619,-32.5,16.8296031135573));
#12320=CARTESIAN_POINT('',(-3.10940906390619,-32.499,16.8296031135573));
#12321=CARTESIAN_POINT('',(-3.1094090639062,69.8088101806059,16.8296031135573));
#12322=CARTESIAN_POINT('Ctrl Pts',(-3.10940906390619,-32.499,16.8296031135573));
#12323=CARTESIAN_POINT('Ctrl Pts',(-3.55893190167101,-32.499,16.8296031135573));
#12324=CARTESIAN_POINT('Ctrl Pts',(-3.82989402879422,-32.499,16.4751526003828));
#12325=CARTESIAN_POINT('Ctrl Pts',(-3.82989402879423,-32.499,15.9881170082815));
#12326=CARTESIAN_POINT('Ctrl Pts',(-3.82989402879423,-32.499,15.5010814161802));
#12327=CARTESIAN_POINT('Ctrl Pts',(-3.55893190167101,-32.499,15.1467209336161));
#12328=CARTESIAN_POINT('Ctrl Pts',(-3.10940906390619,-32.499,15.1467209336161));
#12329=CARTESIAN_POINT('Ctrl Pts',(-2.65979619553095,-32.499,15.1467209336161));
#12330=CARTESIAN_POINT('Ctrl Pts',(-2.38904413983201,-32.499,15.5010814161802));
#12331=CARTESIAN_POINT('Ctrl Pts',(-2.38904413983202,-32.499,15.9881170082815));
#12332=CARTESIAN_POINT('Ctrl Pts',(-2.38904413983204,-32.499,16.4751526003828));
#12333=CARTESIAN_POINT('Ctrl Pts',(-2.65979619553096,-32.499,16.8296031135573));
#12334=CARTESIAN_POINT('Ctrl Pts',(-3.10940906390619,-32.499,16.8296031135573));
#12335=CARTESIAN_POINT('Origin',(-32.5,-32.499,0.));
#12336=CARTESIAN_POINT('Origin',(-32.5,-32.499,0.));
#12337=CARTESIAN_POINT('',(-1.74106382652552,-32.499,15.1120591486092));
#12338=CARTESIAN_POINT('',(-1.74106382652552,-32.499,14.3570024293247));
#12339=CARTESIAN_POINT('',(-1.74106382652552,-32.499,7.55602957430462));
#12340=CARTESIAN_POINT('',(-1.73536188786807,-32.499,15.1120591486092));
#12341=CARTESIAN_POINT('',(-17.117680943934,-32.499,15.1120591486092));
#12342=CARTESIAN_POINT('',(-1.74970676512463,-32.499,16.2474951968656));
#12343=CARTESIAN_POINT('Ctrl Pts',(-1.74970676512463,-32.499,16.2474951968656));
#12344=CARTESIAN_POINT('Ctrl Pts',(-1.68920619493076,-32.499,16.3339245828568));
#12345=CARTESIAN_POINT('Ctrl Pts',(-1.57390699320219,-32.499,16.5039323855097));
#12346=CARTESIAN_POINT('Ctrl Pts',(-1.30021393756328,-32.499,16.5039323855097));
#12347=CARTESIAN_POINT('Ctrl Pts',(-0.899577721249747,-32.499,16.5039323855097));
#12348=CARTESIAN_POINT('Ctrl Pts',(-0.671920317732546,-32.499,16.175500718743));
#12349=CARTESIAN_POINT('Ctrl Pts',(-0.671920317732546,-32.499,15.7518166661652));
#12350=CARTESIAN_POINT('Ctrl Pts',(-0.671920317732546,-32.499,15.3916642143316));
#12351=CARTESIAN_POINT('Ctrl Pts',(-0.821791273857624,-32.499,14.9103305608894));
#12352=CARTESIAN_POINT('Ctrl Pts',(-1.33478569195977,-32.499,14.9103305608894));
#12353=CARTESIAN_POINT('Ctrl Pts',(-1.53648426947612,-32.499,14.9103305608894));
#12354=CARTESIAN_POINT('Ctrl Pts',(-1.66906934840295,-32.499,15.0054028854798));
#12355=CARTESIAN_POINT('Ctrl Pts',(-1.73536188786807,-32.499,15.1120591486092));
#12356=CARTESIAN_POINT('',(-1.75549873439419,-32.499,16.2474951968656));
#12357=CARTESIAN_POINT('',(-17.1277493671971,-32.499,16.2474951968656));
#12358=CARTESIAN_POINT('',(-1.75549873439419,-32.499,16.4607176925141));
#12359=CARTESIAN_POINT('',(-1.75549873439419,-32.499,8.23035884625706));
#12360=CARTESIAN_POINT('',(-1.99465004584007,-32.499,16.4607176925141));
#12361=CARTESIAN_POINT('',(-17.24732502292,-32.499,16.4607176925141));
#12362=CARTESIAN_POINT('',(-1.99465004584007,-32.499,14.3570024293247));
#12363=CARTESIAN_POINT('',(-1.99465004584007,-32.499,7.17850121466235));
#12364=CARTESIAN_POINT('',(-17.1205319132628,-32.499,14.3570024293247));
#12365=CARTESIAN_POINT('',(-1.34054765102584,-32.499,15.1293450258075));
#12366=CARTESIAN_POINT('Ctrl Pts',(-1.34054765102584,-32.499,15.1293450258075));
#12367=CARTESIAN_POINT('Ctrl Pts',(-1.06388358524349,-32.499,15.1293450258075));
#12368=CARTESIAN_POINT('Ctrl Pts',(-0.934149475646229,-32.499,15.3800802757925));
#12369=CARTESIAN_POINT('Ctrl Pts',(-0.934149475646233,-32.499,15.7114529424991));
#12370=CARTESIAN_POINT('Ctrl Pts',(-0.934149475646233,-32.499,15.9045385916198));
#12371=CARTESIAN_POINT('Ctrl Pts',(-0.95437635278445,-32.499,16.276365012603));
#12372=CARTESIAN_POINT('Ctrl Pts',(-1.34624958968499,-32.499,16.276365012603));
#12373=CARTESIAN_POINT('Ctrl Pts',(-1.71237407200898,-32.499,16.276365012603));
#12374=CARTESIAN_POINT('Ctrl Pts',(-1.75264776506461,-32.499,15.8815507757624));
#12375=CARTESIAN_POINT('Ctrl Pts',(-1.75264776506461,-32.499,15.6365174644366));
#12376=CARTESIAN_POINT('Ctrl Pts',(-1.75264776506462,-32.499,15.2360012889369));
#12377=CARTESIAN_POINT('Ctrl Pts',(-1.50191251507962,-32.499,15.1293450258075));
#12378=CARTESIAN_POINT('Ctrl Pts',(-1.34054765102584,-32.499,15.1293450258075));
#12379=CARTESIAN_POINT('Ctrl Pts',(-1.34054765102586,69.8088101806059,15.1293450258075));
#12380=CARTESIAN_POINT('Ctrl Pts',(-1.34054765102583,-134.808810180606,
15.1293450258075));
#12381=CARTESIAN_POINT('Ctrl Pts',(-1.06388358524351,69.8088101806059,15.1293450258075));
#12382=CARTESIAN_POINT('Ctrl Pts',(-1.06388358524348,-134.808810180606,
15.1293450258075));
#12383=CARTESIAN_POINT('Ctrl Pts',(-0.934149475646243,69.8088101806059,
15.3800802757925));
#12384=CARTESIAN_POINT('Ctrl Pts',(-0.934149475646215,-134.808810180606,
15.3800802757925));
#12385=CARTESIAN_POINT('Ctrl Pts',(-0.934149475646247,69.8088101806059,
15.7114529424991));
#12386=CARTESIAN_POINT('Ctrl Pts',(-0.934149475646219,-134.808810180606,
15.7114529424991));
#12387=CARTESIAN_POINT('Ctrl Pts',(-0.934149475646247,69.8088101806059,
15.9045385916198));
#12388=CARTESIAN_POINT('Ctrl Pts',(-0.934149475646219,-134.808810180606,
15.9045385916198));
#12389=CARTESIAN_POINT('Ctrl Pts',(-0.954376352784464,69.8088101806059,
16.276365012603));
#12390=CARTESIAN_POINT('Ctrl Pts',(-0.954376352784436,-134.808810180606,
16.276365012603));
#12391=CARTESIAN_POINT('Ctrl Pts',(-1.346249589685,69.8088101806059,16.276365012603));
#12392=CARTESIAN_POINT('Ctrl Pts',(-1.34624958968497,-134.808810180606,
16.276365012603));
#12393=CARTESIAN_POINT('Ctrl Pts',(-1.71237407200899,69.8088101806059,16.276365012603));
#12394=CARTESIAN_POINT('Ctrl Pts',(-1.71237407200896,-134.808810180606,
16.276365012603));
#12395=CARTESIAN_POINT('Ctrl Pts',(-1.75264776506462,69.8088101806059,15.8815507757624));
#12396=CARTESIAN_POINT('Ctrl Pts',(-1.75264776506459,-134.808810180606,
15.8815507757624));
#12397=CARTESIAN_POINT('Ctrl Pts',(-1.75264776506463,69.8088101806059,15.6365174644366));
#12398=CARTESIAN_POINT('Ctrl Pts',(-1.7526477650646,-134.808810180606,15.6365174644366));
#12399=CARTESIAN_POINT('Ctrl Pts',(-1.75264776506463,69.8088101806059,15.2360012889369));
#12400=CARTESIAN_POINT('Ctrl Pts',(-1.7526477650646,-134.808810180606,15.2360012889369));
#12401=CARTESIAN_POINT('Ctrl Pts',(-1.50191251507963,69.8088101806059,15.1293450258075));
#12402=CARTESIAN_POINT('Ctrl Pts',(-1.5019125150796,-134.808810180606,15.1293450258075));
#12403=CARTESIAN_POINT('Ctrl Pts',(-1.34054765102586,69.8088101806059,15.1293450258075));
#12404=CARTESIAN_POINT('Ctrl Pts',(-1.34054765102583,-134.808810180606,
15.1293450258075));
#12405=CARTESIAN_POINT('',(-1.34054765102584,-32.5,15.1293450258075));
#12406=CARTESIAN_POINT('Ctrl Pts',(-1.34054765102584,-32.5,15.1293450258075));
#12407=CARTESIAN_POINT('Ctrl Pts',(-1.06388358524349,-32.5,15.1293450258075));
#12408=CARTESIAN_POINT('Ctrl Pts',(-0.934149475646229,-32.5,15.3800802757925));
#12409=CARTESIAN_POINT('Ctrl Pts',(-0.934149475646233,-32.5,15.7114529424991));
#12410=CARTESIAN_POINT('Ctrl Pts',(-0.934149475646233,-32.5,15.9045385916198));
#12411=CARTESIAN_POINT('Ctrl Pts',(-0.95437635278445,-32.5,16.276365012603));
#12412=CARTESIAN_POINT('Ctrl Pts',(-1.34624958968499,-32.5,16.276365012603));
#12413=CARTESIAN_POINT('Ctrl Pts',(-1.71237407200898,-32.5,16.276365012603));
#12414=CARTESIAN_POINT('Ctrl Pts',(-1.75264776506461,-32.5,15.8815507757624));
#12415=CARTESIAN_POINT('Ctrl Pts',(-1.75264776506461,-32.5,15.6365174644366));
#12416=CARTESIAN_POINT('Ctrl Pts',(-1.75264776506462,-32.5,15.2360012889369));
#12417=CARTESIAN_POINT('Ctrl Pts',(-1.50191251507962,-32.5,15.1293450258075));
#12418=CARTESIAN_POINT('Ctrl Pts',(-1.34054765102584,-32.5,15.1293450258075));
#12419=CARTESIAN_POINT('',(-1.34054765102586,69.8088101806059,15.1293450258075));
#12420=CARTESIAN_POINT('Origin',(-1.7554987343942,69.8088101806059,16.2474951968656));
#12421=CARTESIAN_POINT('',(-1.75549873439419,-32.5,16.2474951968656));
#12422=CARTESIAN_POINT('',(-1.74970676512463,-32.5,16.2474951968656));
#12423=CARTESIAN_POINT('',(-17.1277493671971,-32.5,16.2474951968656));
#12424=CARTESIAN_POINT('',(-1.7554987343942,69.8088101806059,16.2474951968656));
#12425=CARTESIAN_POINT('',(-1.74970676512464,69.8088101806059,16.2474951968656));
#12426=CARTESIAN_POINT('Ctrl Pts',(-1.73536188786809,69.8088101806059,15.1120591486092));
#12427=CARTESIAN_POINT('Ctrl Pts',(-1.73536188786806,-134.808810180606,
15.1120591486092));
#12428=CARTESIAN_POINT('Ctrl Pts',(-1.66906934840296,69.8088101806059,15.0054028854798));
#12429=CARTESIAN_POINT('Ctrl Pts',(-1.66906934840294,-134.808810180606,
15.0054028854798));
#12430=CARTESIAN_POINT('Ctrl Pts',(-1.53648426947613,69.8088101806059,14.9103305608894));
#12431=CARTESIAN_POINT('Ctrl Pts',(-1.53648426947611,-134.808810180606,
14.9103305608894));
#12432=CARTESIAN_POINT('Ctrl Pts',(-1.33478569195978,69.8088101806059,14.9103305608894));
#12433=CARTESIAN_POINT('Ctrl Pts',(-1.33478569195975,-134.808810180606,
14.9103305608894));
#12434=CARTESIAN_POINT('Ctrl Pts',(-0.821791273857638,69.8088101806059,
14.9103305608894));
#12435=CARTESIAN_POINT('Ctrl Pts',(-0.82179127385761,-134.808810180606,
14.9103305608894));
#12436=CARTESIAN_POINT('Ctrl Pts',(-0.67192031773256,69.8088101806059,15.3916642143316));
#12437=CARTESIAN_POINT('Ctrl Pts',(-0.671920317732532,-134.808810180606,
15.3916642143316));
#12438=CARTESIAN_POINT('Ctrl Pts',(-0.67192031773256,69.8088101806059,15.7518166661652));
#12439=CARTESIAN_POINT('Ctrl Pts',(-0.671920317732532,-134.808810180606,
15.7518166661652));
#12440=CARTESIAN_POINT('Ctrl Pts',(-0.67192031773256,69.8088101806059,16.175500718743));
#12441=CARTESIAN_POINT('Ctrl Pts',(-0.671920317732532,-134.808810180606,
16.175500718743));
#12442=CARTESIAN_POINT('Ctrl Pts',(-0.899577721249761,69.8088101806059,
16.5039323855097));
#12443=CARTESIAN_POINT('Ctrl Pts',(-0.899577721249733,-134.808810180606,
16.5039323855097));
#12444=CARTESIAN_POINT('Ctrl Pts',(-1.30021393756329,69.8088101806059,16.5039323855097));
#12445=CARTESIAN_POINT('Ctrl Pts',(-1.30021393756326,-134.808810180606,
16.5039323855097));
#12446=CARTESIAN_POINT('Ctrl Pts',(-1.5739069932022,69.8088101806059,16.5039323855097));
#12447=CARTESIAN_POINT('Ctrl Pts',(-1.57390699320218,-134.808810180606,
16.5039323855097));
#12448=CARTESIAN_POINT('Ctrl Pts',(-1.68920619493078,69.8088101806059,16.3339245828568));
#12449=CARTESIAN_POINT('Ctrl Pts',(-1.68920619493075,-134.808810180606,
16.3339245828568));
#12450=CARTESIAN_POINT('Ctrl Pts',(-1.74970676512464,69.8088101806059,16.2474951968656));
#12451=CARTESIAN_POINT('Ctrl Pts',(-1.74970676512462,-134.808810180606,
16.2474951968656));
#12452=CARTESIAN_POINT('',(-1.73536188786807,-32.5,15.1120591486092));
#12453=CARTESIAN_POINT('Ctrl Pts',(-1.74970676512463,-32.5,16.2474951968656));
#12454=CARTESIAN_POINT('Ctrl Pts',(-1.68920619493076,-32.5,16.3339245828568));
#12455=CARTESIAN_POINT('Ctrl Pts',(-1.57390699320219,-32.5,16.5039323855097));
#12456=CARTESIAN_POINT('Ctrl Pts',(-1.30021393756328,-32.5,16.5039323855097));
#12457=CARTESIAN_POINT('Ctrl Pts',(-0.899577721249747,-32.5,16.5039323855097));
#12458=CARTESIAN_POINT('Ctrl Pts',(-0.671920317732546,-32.5,16.175500718743));
#12459=CARTESIAN_POINT('Ctrl Pts',(-0.671920317732546,-32.5,15.7518166661652));
#12460=CARTESIAN_POINT('Ctrl Pts',(-0.671920317732546,-32.5,15.3916642143316));
#12461=CARTESIAN_POINT('Ctrl Pts',(-0.821791273857624,-32.5,14.9103305608894));
#12462=CARTESIAN_POINT('Ctrl Pts',(-1.33478569195977,-32.5,14.9103305608894));
#12463=CARTESIAN_POINT('Ctrl Pts',(-1.53648426947612,-32.5,14.9103305608894));
#12464=CARTESIAN_POINT('Ctrl Pts',(-1.66906934840295,-32.5,15.0054028854798));
#12465=CARTESIAN_POINT('Ctrl Pts',(-1.73536188786807,-32.5,15.1120591486092));
#12466=CARTESIAN_POINT('',(-1.73536188786809,69.8088101806059,15.1120591486092));
#12467=CARTESIAN_POINT('Origin',(-1.73536188786809,69.8088101806059,15.1120591486092));
#12468=CARTESIAN_POINT('',(-1.74106382652552,-32.5,15.1120591486092));
#12469=CARTESIAN_POINT('',(-17.117680943934,-32.5,15.1120591486092));
#12470=CARTESIAN_POINT('',(-1.74106382652553,69.8088101806059,15.1120591486092));
#12471=CARTESIAN_POINT('Origin',(-1.74106382652553,69.8088101806059,15.1120591486092));
#12472=CARTESIAN_POINT('',(-1.74106382652552,-32.5,14.3570024293247));
#12473=CARTESIAN_POINT('',(-1.74106382652551,-32.5,7.55602957430462));
#12474=CARTESIAN_POINT('',(-1.74106382652553,69.8088101806059,14.3570024293247));
#12475=CARTESIAN_POINT('Origin',(-1.74106382652553,69.8088101806059,14.3570024293247));
#12476=CARTESIAN_POINT('',(-1.99465004584007,-32.5,14.3570024293247));
#12477=CARTESIAN_POINT('',(-17.1205319132628,-32.5,14.3570024293247));
#12478=CARTESIAN_POINT('',(-1.99465004584008,69.8088101806059,14.3570024293247));
#12479=CARTESIAN_POINT('Origin',(-1.99465004584008,69.8088101806059,14.3570024293247));
#12480=CARTESIAN_POINT('',(-1.99465004584007,-32.5,16.4607176925141));
#12481=CARTESIAN_POINT('',(-1.99465004584006,-32.5,7.17850121466235));
#12482=CARTESIAN_POINT('',(-1.99465004584008,69.8088101806059,16.4607176925141));
#12483=CARTESIAN_POINT('Origin',(-1.99465004584008,69.8088101806059,16.4607176925141));
#12484=CARTESIAN_POINT('',(-1.75549873439419,-32.5,16.4607176925141));
#12485=CARTESIAN_POINT('',(-17.24732502292,-32.5,16.4607176925141));
#12486=CARTESIAN_POINT('',(-1.7554987343942,69.8088101806059,16.4607176925141));
#12487=CARTESIAN_POINT('Origin',(-1.7554987343942,69.8088101806059,16.4607176925141));
#12488=CARTESIAN_POINT('',(-1.75549873439419,-32.5,8.23035884625706));
#12489=CARTESIAN_POINT('Origin',(8.65122955322332,69.8088101806059,16.5603815782353));
#12490=CARTESIAN_POINT('',(8.65122955322334,-32.5,16.5603815782353));
#12491=CARTESIAN_POINT('',(8.65122955322334,-32.5,16.8236911034738));
#12492=CARTESIAN_POINT('',(8.65122955322334,-32.5,8.28019078911763));
#12493=CARTESIAN_POINT('',(8.65122955322333,-32.499,16.5603815782353));
#12494=CARTESIAN_POINT('',(8.65122955322332,69.8088101806059,16.5603815782353));
#12495=CARTESIAN_POINT('',(8.65122955322333,-32.499,16.8236911034738));
#12496=CARTESIAN_POINT('',(8.65122955322334,-32.499,8.28019078911763));
#12497=CARTESIAN_POINT('',(8.65122955322332,69.8088101806059,16.8236911034738));
#12498=CARTESIAN_POINT('Origin',(8.70263703176602,69.8088101806059,16.5603815782353));
#12499=CARTESIAN_POINT('',(8.70263703176604,-32.5,16.5603815782353));
#12500=CARTESIAN_POINT('',(-11.898681484117,-32.5,16.5603815782353));
#12501=CARTESIAN_POINT('',(8.70263703176603,-32.499,16.5603815782353));
#12502=CARTESIAN_POINT('',(8.70263703176602,69.8088101806059,16.5603815782353));
#12503=CARTESIAN_POINT('',(-11.898681484117,-32.499,16.5603815782353));
#12504=CARTESIAN_POINT('Origin',(8.70263703176602,69.8088101806059,16.6718994943267));
#12505=CARTESIAN_POINT('',(8.70263703176604,-32.5,16.6718994943267));
#12506=CARTESIAN_POINT('',(8.70263703176604,-32.5,8.33594974716337));
#12507=CARTESIAN_POINT('',(8.70263703176603,-32.499,16.6718994943267));
#12508=CARTESIAN_POINT('',(8.70263703176602,69.8088101806059,16.6718994943267));
#12509=CARTESIAN_POINT('',(8.70263703176604,-32.499,8.33594974716337));
#12510=CARTESIAN_POINT('Origin',(8.75404451030872,69.8088101806059,16.6718994943267));
#12511=CARTESIAN_POINT('',(8.75404451030874,-32.5,16.6718994943267));
#12512=CARTESIAN_POINT('',(-11.8729777448456,-32.5,16.6718994943267));
#12513=CARTESIAN_POINT('',(8.75404451030873,-32.499,16.6718994943267));
#12514=CARTESIAN_POINT('',(8.75404451030872,69.8088101806059,16.6718994943267));
#12515=CARTESIAN_POINT('',(-11.8729777448456,-32.499,16.6718994943267));
#12516=CARTESIAN_POINT('Origin',(8.8122943152424,69.8088101806059,16.5603815782353));
#12517=CARTESIAN_POINT('',(8.81229431524241,-32.5,16.5603815782353));
#12518=CARTESIAN_POINT('',(7.7825659878976,-32.5,18.5317728530488));
#12519=CARTESIAN_POINT('',(8.81229431524241,-32.499,16.5603815782353));
#12520=CARTESIAN_POINT('',(8.8122943152424,69.8088101806059,16.5603815782353));
#12521=CARTESIAN_POINT('',(7.7825659878976,-32.499,18.5317728530488));
#12522=CARTESIAN_POINT('Origin',(8.77946315264711,69.8088101806059,16.7109427690401));
#12523=CARTESIAN_POINT('',(8.70263703176604,-32.5,16.7109427690401));
#12524=CARTESIAN_POINT('',(8.77946315264713,-32.5,16.7109427690401));
#12525=CARTESIAN_POINT('',(-11.8602684236764,-32.5,16.7109427690401));
#12526=CARTESIAN_POINT('',(8.70263703176603,-32.499,16.7109427690401));
#12527=CARTESIAN_POINT('',(8.70263703176602,69.8088101806059,16.7109427690401));
#12528=CARTESIAN_POINT('',(8.77946315264712,-32.499,16.7109427690401));
#12529=CARTESIAN_POINT('',(-11.8602684236764,-32.499,16.7109427690401));
#12530=CARTESIAN_POINT('',(8.77946315264711,69.8088101806059,16.7109427690401));
#12531=CARTESIAN_POINT('Ctrl Pts',(8.77946315264711,69.8088101806059,16.7109427690401));
#12532=CARTESIAN_POINT('Ctrl Pts',(8.77946315264714,-134.808810180606,16.7109427690401));
#12533=CARTESIAN_POINT('Ctrl Pts',(8.80857305001222,69.8088101806059,16.7103125547673));
#12534=CARTESIAN_POINT('Ctrl Pts',(8.80857305001225,-134.808810180606,16.7103125547673));
#12535=CARTESIAN_POINT('Ctrl Pts',(8.82900999857472,69.8088101806059,16.7171248709548));
#12536=CARTESIAN_POINT('Ctrl Pts',(8.82900999857475,-134.808810180606,16.7171248709548));
#12537=CARTESIAN_POINT('Ctrl Pts',(8.82900999857472,69.8088101806059,16.7505862478229));
#12538=CARTESIAN_POINT('Ctrl Pts',(8.82900999857475,-134.808810180606,16.7505862478229));
#12539=CARTESIAN_POINT('Ctrl Pts',(8.82900999857472,69.8088101806059,16.7846778389639));
#12540=CARTESIAN_POINT('Ctrl Pts',(8.82900999857475,-134.808810180606,16.7846778389639));
#12541=CARTESIAN_POINT('Ctrl Pts',(8.79185736667989,69.8088101806059,16.7846778389639));
#12542=CARTESIAN_POINT('Ctrl Pts',(8.79185736667992,-134.808810180606,16.7846778389639));
#12543=CARTESIAN_POINT('Ctrl Pts',(8.76646873454496,69.8088101806059,16.7846778389639));
#12544=CARTESIAN_POINT('Ctrl Pts',(8.76646873454499,-134.808810180606,16.7846778389639));
#12545=CARTESIAN_POINT('',(8.76646873454497,-32.5,16.7846778389639));
#12546=CARTESIAN_POINT('Ctrl Pts',(8.77946315264713,-32.5,16.7109427690401));
#12547=CARTESIAN_POINT('Ctrl Pts',(8.80857305001223,-32.5,16.7103125547673));
#12548=CARTESIAN_POINT('Ctrl Pts',(8.82900999857474,-32.5,16.7171248709548));
#12549=CARTESIAN_POINT('Ctrl Pts',(8.82900999857474,-32.5,16.7505862478229));
#12550=CARTESIAN_POINT('Ctrl Pts',(8.82900999857474,-32.5,16.7846778389639));
#12551=CARTESIAN_POINT('Ctrl Pts',(8.7918573666799,-32.5,16.7846778389639));
#12552=CARTESIAN_POINT('Ctrl Pts',(8.76646873454497,-32.5,16.7846778389639));
#12553=CARTESIAN_POINT('',(8.76646873454497,-32.499,16.7846778389639));
#12554=CARTESIAN_POINT('Ctrl Pts',(8.77946315264712,-32.499,16.7109427690401));
#12555=CARTESIAN_POINT('Ctrl Pts',(8.80857305001223,-32.499,16.7103125547673));
#12556=CARTESIAN_POINT('Ctrl Pts',(8.82900999857473,-32.499,16.7171248709548));
#12557=CARTESIAN_POINT('Ctrl Pts',(8.82900999857473,-32.499,16.7505862478229));
#12558=CARTESIAN_POINT('Ctrl Pts',(8.82900999857473,-32.499,16.7846778389639));
#12559=CARTESIAN_POINT('Ctrl Pts',(8.7918573666799,-32.499,16.7846778389639));
#12560=CARTESIAN_POINT('Ctrl Pts',(8.76646873454497,-32.499,16.7846778389639));
#12561=CARTESIAN_POINT('',(8.76646873454496,69.8088101806059,16.7846778389639));
#12562=CARTESIAN_POINT('Origin',(8.87240475279116,69.8088101806059,16.5603815782353));
#12563=CARTESIAN_POINT('',(8.87240475279118,-32.5,16.5603815782353));
#12564=CARTESIAN_POINT('',(-11.8137976236044,-32.5,16.5603815782353));
#12565=CARTESIAN_POINT('',(8.87240475279117,-32.499,16.5603815782353));
#12566=CARTESIAN_POINT('',(8.87240475279116,69.8088101806059,16.5603815782353));
#12567=CARTESIAN_POINT('',(-11.8137976236044,-32.499,16.5603815782353));
#12568=CARTESIAN_POINT('Origin',(8.80857305001222,69.8088101806059,16.6718994943267));
#12569=CARTESIAN_POINT('',(8.80857305001223,-32.5,16.6718994943267));
#12570=CARTESIAN_POINT('',(7.30548027468673,-32.5,19.2978951469405));
#12571=CARTESIAN_POINT('',(8.80857305001223,-32.499,16.6718994943267));
#12572=CARTESIAN_POINT('',(8.80857305001222,69.8088101806059,16.6718994943267));
#12573=CARTESIAN_POINT('',(7.30548027468673,-32.499,19.2978951469405));
#12574=CARTESIAN_POINT('Ctrl Pts',(8.80857305001222,69.8088101806059,16.6718994943267));
#12575=CARTESIAN_POINT('Ctrl Pts',(8.80857305001225,-134.808810180606,16.6718994943267));
#12576=CARTESIAN_POINT('Ctrl Pts',(8.85505885518598,69.8088101806059,16.6750205554875));
#12577=CARTESIAN_POINT('Ctrl Pts',(8.85505885518601,-134.808810180606,16.6750205554875));
#12578=CARTESIAN_POINT('Ctrl Pts',(8.8804474873209,69.8088101806059,16.6948272897772));
#12579=CARTESIAN_POINT('Ctrl Pts',(8.88044748732093,-134.808810180606,16.6948272897772));
#12580=CARTESIAN_POINT('Ctrl Pts',(8.88044748732091,69.8088101806059,16.7425435132932));
#12581=CARTESIAN_POINT('Ctrl Pts',(8.88044748732094,-134.808810180606,16.7425435132932));
#12582=CARTESIAN_POINT('Ctrl Pts',(8.88044748732092,69.8088101806059,16.7697927780432));
#12583=CARTESIAN_POINT('Ctrl Pts',(8.88044748732094,-134.808810180606,16.7697927780432));
#12584=CARTESIAN_POINT('Ctrl Pts',(8.87300495686055,69.8088101806059,16.7952114203816));
#12585=CARTESIAN_POINT('Ctrl Pts',(8.87300495686058,-134.808810180606,16.7952114203816));
#12586=CARTESIAN_POINT('Ctrl Pts',(8.84947695734072,69.8088101806059,16.8106966853717));
#12587=CARTESIAN_POINT('Ctrl Pts',(8.84947695734075,-134.808810180606,16.8106966853717));
#12588=CARTESIAN_POINT('',(8.84947695734073,-32.5,16.8106966853717));
#12589=CARTESIAN_POINT('Ctrl Pts',(8.84947695734073,-32.5,16.8106966853717));
#12590=CARTESIAN_POINT('Ctrl Pts',(8.87300495686056,-32.5,16.7952114203816));
#12591=CARTESIAN_POINT('Ctrl Pts',(8.88044748732093,-32.5,16.7697927780432));
#12592=CARTESIAN_POINT('Ctrl Pts',(8.88044748732092,-32.5,16.7425435132932));
#12593=CARTESIAN_POINT('Ctrl Pts',(8.88044748732091,-32.5,16.6948272897772));
#12594=CARTESIAN_POINT('Ctrl Pts',(8.85505885518599,-32.5,16.6750205554875));
#12595=CARTESIAN_POINT('Ctrl Pts',(8.80857305001223,-32.5,16.6718994943267));
#12596=CARTESIAN_POINT('',(8.84947695734073,-32.499,16.8106966853717));
#12597=CARTESIAN_POINT('',(8.84947695734072,69.8088101806059,16.8106966853717));
#12598=CARTESIAN_POINT('Ctrl Pts',(8.84947695734073,-32.499,16.8106966853717));
#12599=CARTESIAN_POINT('Ctrl Pts',(8.87300495686056,-32.499,16.7952114203816));
#12600=CARTESIAN_POINT('Ctrl Pts',(8.88044748732093,-32.499,16.7697927780432));
#12601=CARTESIAN_POINT('Ctrl Pts',(8.88044748732092,-32.499,16.7425435132932));
#12602=CARTESIAN_POINT('Ctrl Pts',(8.88044748732091,-32.499,16.6948272897772));
#12603=CARTESIAN_POINT('Ctrl Pts',(8.85505885518599,-32.499,16.6750205554875));
#12604=CARTESIAN_POINT('Ctrl Pts',(8.80857305001223,-32.499,16.6718994943267));
#12605=CARTESIAN_POINT('Ctrl Pts',(8.84947695734072,69.8088101806059,16.8106966853717));
#12606=CARTESIAN_POINT('Ctrl Pts',(8.84947695734075,-134.808810180606,16.8106966853717));
#12607=CARTESIAN_POINT('Ctrl Pts',(8.82964021284759,69.8088101806059,16.8230908994045));
#12608=CARTESIAN_POINT('Ctrl Pts',(8.82964021284761,-134.808810180606,16.8230908994045));
#12609=CARTESIAN_POINT('Ctrl Pts',(8.80053031548246,69.8088101806059,16.8236911034738));
#12610=CARTESIAN_POINT('Ctrl Pts',(8.80053031548249,-134.808810180606,16.8236911034738));
#12611=CARTESIAN_POINT('Ctrl Pts',(8.77823273430489,69.8088101806059,16.8236911034738));
#12612=CARTESIAN_POINT('Ctrl Pts',(8.77823273430491,-134.808810180606,16.8236911034738));
#12613=CARTESIAN_POINT('',(8.7782327343049,-32.5,16.8236911034738));
#12614=CARTESIAN_POINT('Ctrl Pts',(8.7782327343049,-32.5,16.8236911034738));
#12615=CARTESIAN_POINT('Ctrl Pts',(8.80053031548248,-32.5,16.8236911034738));
#12616=CARTESIAN_POINT('Ctrl Pts',(8.8296402128476,-32.5,16.8230908994045));
#12617=CARTESIAN_POINT('Ctrl Pts',(8.84947695734073,-32.5,16.8106966853717));
#12618=CARTESIAN_POINT('',(8.7782327343049,-32.499,16.8236911034738));
#12619=CARTESIAN_POINT('',(8.77823273430489,69.8088101806059,16.8236911034738));
#12620=CARTESIAN_POINT('Ctrl Pts',(8.7782327343049,-32.499,16.8236911034738));
#12621=CARTESIAN_POINT('Ctrl Pts',(8.80053031548248,-32.499,16.8236911034738));
#12622=CARTESIAN_POINT('Ctrl Pts',(8.8296402128476,-32.499,16.8230908994045));
#12623=CARTESIAN_POINT('Ctrl Pts',(8.84947695734073,-32.499,16.8106966853717));
#12624=CARTESIAN_POINT('Origin',(8.65122955322332,69.8088101806059,16.8236911034738));
#12625=CARTESIAN_POINT('',(-11.9243852233883,-32.5,16.8236911034738));
#12626=CARTESIAN_POINT('',(-11.9243852233883,-32.499,16.8236911034738));
#12627=CARTESIAN_POINT('Origin',(8.70263703176602,69.8088101806059,16.7109427690401));
#12628=CARTESIAN_POINT('',(8.70263703176604,-32.5,16.7846778389639));
#12629=CARTESIAN_POINT('',(8.70263703176604,-32.5,8.35547138452007));
#12630=CARTESIAN_POINT('',(8.70263703176603,-32.499,16.7846778389639));
#12631=CARTESIAN_POINT('',(8.70263703176602,69.8088101806059,16.7846778389639));
#12632=CARTESIAN_POINT('',(8.70263703176604,-32.499,8.35547138452007));
#12633=CARTESIAN_POINT('Origin',(8.70263703176602,69.8088101806059,16.7846778389639));
#12634=CARTESIAN_POINT('',(-11.898681484117,-32.5,16.7846778389639));
#12635=CARTESIAN_POINT('',(-11.898681484117,-32.499,16.7846778389639));
#12636=CARTESIAN_POINT('Origin',(-32.5,-32.499,0.));
#12637=CARTESIAN_POINT('Origin',(-32.5,-32.499,0.));
#12638=CARTESIAN_POINT('',(-5.21241908731409,-32.499,17.0888012409206));
#12639=CARTESIAN_POINT('',(-6.18275400118478,-32.499,17.0888012409206));
#12640=CARTESIAN_POINT('',(-18.856209543657,-32.499,17.0888012409206));
#12641=CARTESIAN_POINT('',(-5.29625259070524,-32.499,17.2569784211618));
#12642=CARTESIAN_POINT('',(-4.55832782845474,-32.499,15.7766382143775));
#12643=CARTESIAN_POINT('',(-6.89570640500207,-32.499,17.2569784211618));
#12644=CARTESIAN_POINT('',(-19.697853202501,-32.499,17.2569784211618));
#12645=CARTESIAN_POINT('',(-6.31439375870233,-32.499,16.0561201293427));
#12646=CARTESIAN_POINT('',(-5.65157731213261,-32.499,14.6868937227199));
#12647=CARTESIAN_POINT('',(-7.17357087892318,-32.499,14.3691865719332));
#12648=CARTESIAN_POINT('',(-12.6873410032887,-32.499,3.54328859149906));
#12649=CARTESIAN_POINT('',(-5.55328998341876,-32.499,14.3691865719332));
#12650=CARTESIAN_POINT('',(-19.0266449917094,-32.499,14.3691865719332));
#12651=CARTESIAN_POINT('',(-5.45803759760758,-32.499,14.5503581702766));
#12652=CARTESIAN_POINT('',(-11.3827816361843,-32.499,3.28139794315457));
#12653=CARTESIAN_POINT('',(-6.43296407260905,-32.499,14.5503581702766));
#12654=CARTESIAN_POINT('',(-19.4664820363045,-32.499,14.5503581702766));
#12655=CARTESIAN_POINT('',(-5.68059326653502,-32.499,16.0520687518743));
#12656=CARTESIAN_POINT('',(-11.5854926912411,-32.499,4.26605861197694));
#12657=CARTESIAN_POINT('',(-5.33110588255142,-32.499,15.3305369783073));
#12658=CARTESIAN_POINT('Origin',(-7.1735708789232,69.8088101806059,14.3691865719332));
#12659=CARTESIAN_POINT('',(-7.17357087892318,-32.5,14.3691865719332));
#12660=CARTESIAN_POINT('',(-6.31439375870233,-32.5,16.0561201293427));
#12661=CARTESIAN_POINT('',(-12.6873410032887,-32.5,3.54328859149906));
#12662=CARTESIAN_POINT('',(-7.1735708789232,69.8088101806059,14.3691865719332));
#12663=CARTESIAN_POINT('',(-6.31439375870234,69.8088101806059,16.0561201293427));
#12664=CARTESIAN_POINT('Origin',(-6.31439375870234,69.8088101806059,16.0561201293427));
#12665=CARTESIAN_POINT('',(-6.89570640500206,-32.5,17.2569784211618));
#12666=CARTESIAN_POINT('',(-5.65157731213261,-32.5,14.6868937227199));
#12667=CARTESIAN_POINT('',(-6.89570640500208,69.8088101806059,17.2569784211618));
#12668=CARTESIAN_POINT('Origin',(-6.89570640500208,69.8088101806059,17.2569784211618));
#12669=CARTESIAN_POINT('',(-5.29625259070523,-32.5,17.2569784211618));
#12670=CARTESIAN_POINT('',(-19.697853202501,-32.5,17.2569784211618));
#12671=CARTESIAN_POINT('',(-5.29625259070525,69.8088101806059,17.2569784211618));
#12672=CARTESIAN_POINT('Origin',(-5.29625259070525,69.8088101806059,17.2569784211618));
#12673=CARTESIAN_POINT('',(-5.21241908731409,-32.5,17.0888012409206));
#12674=CARTESIAN_POINT('',(-4.55832782845474,-32.5,15.7766382143775));
#12675=CARTESIAN_POINT('',(-5.2124190873141,69.8088101806059,17.0888012409206));
#12676=CARTESIAN_POINT('Origin',(-5.2124190873141,69.8088101806059,17.0888012409206));
#12677=CARTESIAN_POINT('',(-6.18275400118478,-32.5,17.0888012409206));
#12678=CARTESIAN_POINT('',(-18.856209543657,-32.5,17.0888012409206));
#12679=CARTESIAN_POINT('',(-6.18275400118479,69.8088101806059,17.0888012409206));
#12680=CARTESIAN_POINT('Origin',(-6.18275400118479,69.8088101806059,17.0888012409206));
#12681=CARTESIAN_POINT('',(-5.68059326653501,-32.5,16.0520687518743));
#12682=CARTESIAN_POINT('',(-5.33110588255142,-32.5,15.3305369783073));
#12683=CARTESIAN_POINT('',(-5.68059326653503,69.8088101806059,16.0520687518743));
#12684=CARTESIAN_POINT('Origin',(-5.68059326653503,69.8088101806059,16.0520687518743));
#12685=CARTESIAN_POINT('',(-6.43296407260905,-32.5,14.5503581702766));
#12686=CARTESIAN_POINT('',(-11.5854926912411,-32.5,4.26605861197694));
#12687=CARTESIAN_POINT('',(-6.43296407260907,69.8088101806059,14.5503581702766));
#12688=CARTESIAN_POINT('Origin',(-6.43296407260907,69.8088101806059,14.5503581702766));
#12689=CARTESIAN_POINT('',(-5.45803759760758,-32.5,14.5503581702766));
#12690=CARTESIAN_POINT('',(-19.4664820363045,-32.5,14.5503581702766));
#12691=CARTESIAN_POINT('',(-5.45803759760759,69.8088101806059,14.5503581702766));
#12692=CARTESIAN_POINT('Origin',(-5.45803759760759,69.8088101806059,14.5503581702766));
#12693=CARTESIAN_POINT('',(-5.55328998341876,-32.5,14.3691865719332));
#12694=CARTESIAN_POINT('',(-11.3827816361843,-32.5,3.28139794315457));
#12695=CARTESIAN_POINT('',(-5.55328998341877,69.8088101806059,14.3691865719332));
#12696=CARTESIAN_POINT('Origin',(-5.55328998341877,69.8088101806059,14.3691865719332));
#12697=CARTESIAN_POINT('',(-19.0266449917094,-32.5,14.3691865719332));
#12698=CARTESIAN_POINT('Ctrl Pts',(-4.90615883306322,69.8088101806059,12.2901943967253));
#12699=CARTESIAN_POINT('Ctrl Pts',(-4.90615883306319,-134.808810180606,
12.2901943967253));
#12700=CARTESIAN_POINT('Ctrl Pts',(-4.90615883306322,69.8088101806059,12.448217087163));
#12701=CARTESIAN_POINT('Ctrl Pts',(-4.90615883306319,-134.808810180606,
12.448217087163));
#12702=CARTESIAN_POINT('Ctrl Pts',(-5.01353322528364,69.8088101806059,12.681199258962));
#12703=CARTESIAN_POINT('Ctrl Pts',(-5.01353322528361,-134.808810180606,
12.681199258962));
#12704=CARTESIAN_POINT('Ctrl Pts',(-5.1310372771475,69.8088101806059,12.752106876466));
#12705=CARTESIAN_POINT('Ctrl Pts',(-5.13103727714747,-134.808810180606,
12.752106876466));
#12706=CARTESIAN_POINT('',(-5.13103727714748,-32.5,12.752106876466));
#12707=CARTESIAN_POINT('',(-4.90615883306321,-32.5,12.2901943967253));
#12708=CARTESIAN_POINT('Ctrl Pts',(-5.13103727714748,-32.5,12.752106876466));
#12709=CARTESIAN_POINT('Ctrl Pts',(-5.01353322528363,-32.5,12.681199258962));
#12710=CARTESIAN_POINT('Ctrl Pts',(-4.90615883306321,-32.5,12.448217087163));
#12711=CARTESIAN_POINT('Ctrl Pts',(-4.90615883306321,-32.5,12.2901943967253));
#12712=CARTESIAN_POINT('',(-5.13103727714748,-32.499,12.752106876466));
#12713=CARTESIAN_POINT('',(-5.1310372771475,69.8088101806059,12.752106876466));
#12714=CARTESIAN_POINT('',(-4.90615883306321,-32.499,12.2901943967253));
#12715=CARTESIAN_POINT('Ctrl Pts',(-5.13103727714748,-32.499,12.752106876466));
#12716=CARTESIAN_POINT('Ctrl Pts',(-5.05270124257158,-32.499,12.7048351314633));
#12717=CARTESIAN_POINT('Ctrl Pts',(-4.99563749324689,-32.499,12.6423688969955));
#12718=CARTESIAN_POINT('Ctrl Pts',(-4.95984602917342,-32.499,12.5647081730625));
#12719=CARTESIAN_POINT('Ctrl Pts',(-4.92405456509994,-32.499,12.4870474491295));
#12720=CARTESIAN_POINT('Ctrl Pts',(-4.90615883306321,-32.499,12.3955428570171));
#12721=CARTESIAN_POINT('Ctrl Pts',(-4.90615883306321,-32.499,12.2901943967253));
#12722=CARTESIAN_POINT('',(-4.90615883306322,69.8088101806059,12.2901943967253));
#12723=CARTESIAN_POINT('Ctrl Pts',(-5.1310372771475,69.8088101806059,12.752106876466));
#12724=CARTESIAN_POINT('Ctrl Pts',(-5.13103727714747,-134.808810180606,
12.752106876466));
#12725=CARTESIAN_POINT('Ctrl Pts',(-5.23638573743923,69.8088101806059,12.8189626301127));
#12726=CARTESIAN_POINT('Ctrl Pts',(-5.2363857374392,-134.808810180606,12.8189626301127));
#12727=CARTESIAN_POINT('Ctrl Pts',(-5.46936790923826,69.8088101806059,12.8534034729004));
#12728=CARTESIAN_POINT('Ctrl Pts',(-5.46936790923823,-134.808810180606,
12.8534034729004));
#12729=CARTESIAN_POINT('Ctrl Pts',(-5.70235008103729,69.8088101806059,12.8534034729004));
#12730=CARTESIAN_POINT('Ctrl Pts',(-5.70235008103726,-134.808810180606,
12.8534034729004));
#12731=CARTESIAN_POINT('',(-5.70235008103727,-32.5,12.8534034729004));
#12732=CARTESIAN_POINT('Ctrl Pts',(-5.70235008103727,-32.5,12.8534034729004));
#12733=CARTESIAN_POINT('Ctrl Pts',(-5.46936790923824,-32.5,12.8534034729004));
#12734=CARTESIAN_POINT('Ctrl Pts',(-5.23638573743922,-32.5,12.8189626301127));
#12735=CARTESIAN_POINT('Ctrl Pts',(-5.13103727714748,-32.5,12.752106876466));
#12736=CARTESIAN_POINT('',(-5.70235008103727,-32.499,12.8534034729004));
#12737=CARTESIAN_POINT('',(-5.70235008103729,69.8088101806059,12.8534034729004));
#12738=CARTESIAN_POINT('Ctrl Pts',(-5.70235008103727,-32.499,12.8534034729004));
#12739=CARTESIAN_POINT('Ctrl Pts',(-5.54702863317125,-32.499,12.8534034729004));
#12740=CARTESIAN_POINT('Ctrl Pts',(-5.43053754727174,-32.499,12.8476633324358));
#12741=CARTESIAN_POINT('Ctrl Pts',(-5.35287682333873,-32.499,12.8361830515066));
#12742=CARTESIAN_POINT('Ctrl Pts',(-5.27521609940572,-32.499,12.8247027705773));
#12743=CARTESIAN_POINT('Ctrl Pts',(-5.20126958400864,-32.499,12.7966773788972));
#12744=CARTESIAN_POINT('Ctrl Pts',(-5.13103727714748,-32.499,12.752106876466));
#12745=CARTESIAN_POINT('Origin',(-6.27771474878445,69.8088101806059,12.8534034729004));
#12746=CARTESIAN_POINT('',(-6.27771474878444,-32.5,12.8534034729004));
#12747=CARTESIAN_POINT('',(-19.3888573743922,-32.5,12.8534034729004));
#12748=CARTESIAN_POINT('',(-6.27771474878444,-32.499,12.8534034729004));
#12749=CARTESIAN_POINT('',(-6.27771474878445,69.8088101806059,12.8534034729004));
#12750=CARTESIAN_POINT('',(-19.3888573743922,-32.499,12.8534034729004));
#12751=CARTESIAN_POINT('Origin',(-6.27771474878445,69.8088101806059,10.3534034729004));
#12752=CARTESIAN_POINT('',(-6.27771474878444,-32.5,10.3534034729004));
#12753=CARTESIAN_POINT('',(-6.27771474878444,-32.5,5.1767017364502));
#12754=CARTESIAN_POINT('',(-6.27771474878444,-32.499,10.3534034729004));
#12755=CARTESIAN_POINT('',(-6.27771474878445,69.8088101806059,10.3534034729004));
#12756=CARTESIAN_POINT('',(-6.27771474878444,-32.499,5.1767017364502));
#12757=CARTESIAN_POINT('Origin',(-5.65575364667748,69.8088101806059,10.3534034729004));
#12758=CARTESIAN_POINT('',(-5.65575364667747,-32.5,10.3534034729004));
#12759=CARTESIAN_POINT('',(-19.0778768233387,-32.5,10.3534034729004));
#12760=CARTESIAN_POINT('',(-5.65575364667747,-32.499,10.3534034729004));
#12761=CARTESIAN_POINT('',(-5.65575364667748,69.8088101806059,10.3534034729004));
#12762=CARTESIAN_POINT('',(-19.0778768233387,-32.499,10.3534034729004));
#12763=CARTESIAN_POINT('Ctrl Pts',(-5.10470016207457,69.8088101806059,11.107050150372));
#12764=CARTESIAN_POINT('Ctrl Pts',(-5.10470016207454,-134.808810180606,
11.107050150372));
#12765=CARTESIAN_POINT('Ctrl Pts',(-5.10470016207457,69.8088101806059,11.2488653853801));
#12766=CARTESIAN_POINT('Ctrl Pts',(-5.10470016207454,-134.808810180606,
11.2488653853801));
#12767=CARTESIAN_POINT('Ctrl Pts',(-5.17560777957861,69.8088101806059,11.431199258962));
#12768=CARTESIAN_POINT('Ctrl Pts',(-5.17560777957859,-134.808810180606,
11.431199258962));
#12769=CARTESIAN_POINT('Ctrl Pts',(-5.28095623987035,69.8088101806059,11.49602908068));
#12770=CARTESIAN_POINT('Ctrl Pts',(-5.28095623987032,-134.808810180606,
11.49602908068));
#12771=CARTESIAN_POINT('',(-5.10470016207455,-32.5,11.107050150372));
#12772=CARTESIAN_POINT('',(-5.28095623987034,-32.5,11.49602908068));
#12773=CARTESIAN_POINT('Ctrl Pts',(-5.10470016207455,-32.5,11.107050150372));
#12774=CARTESIAN_POINT('Ctrl Pts',(-5.10470016207455,-32.5,11.2488653853801));
#12775=CARTESIAN_POINT('Ctrl Pts',(-5.1756077795786,-32.5,11.431199258962));
#12776=CARTESIAN_POINT('Ctrl Pts',(-5.28095623987034,-32.5,11.49602908068));
#12777=CARTESIAN_POINT('',(-5.10470016207455,-32.499,11.107050150372));
#12778=CARTESIAN_POINT('',(-5.10470016207457,69.8088101806059,11.107050150372));
#12779=CARTESIAN_POINT('',(-5.28095623987034,-32.499,11.49602908068));
#12780=CARTESIAN_POINT('Ctrl Pts',(-5.10470016207455,-32.499,11.107050150372));
#12781=CARTESIAN_POINT('Ctrl Pts',(-5.10470016207455,-32.499,11.2015936403774));
#12782=CARTESIAN_POINT('Ctrl Pts',(-5.11651809832523,-32.499,11.2792543643104));
#12783=CARTESIAN_POINT('Ctrl Pts',(-5.14015397082658,-32.499,11.3400323221711));
#12784=CARTESIAN_POINT('Ctrl Pts',(-5.16378984332793,-32.499,11.4008102800317));
#12785=CARTESIAN_POINT('Ctrl Pts',(-5.21072393300918,-32.499,11.4528091995346));
#12786=CARTESIAN_POINT('Ctrl Pts',(-5.28095623987034,-32.499,11.49602908068));
#12787=CARTESIAN_POINT('',(-5.28095623987035,69.8088101806059,11.49602908068));
#12788=CARTESIAN_POINT('Ctrl Pts',(-5.28095623987035,69.8088101806059,11.49602908068));
#12789=CARTESIAN_POINT('Ctrl Pts',(-5.28095623987032,-134.808810180606,
11.49602908068));
#12790=CARTESIAN_POINT('Ctrl Pts',(-5.34983792544571,69.8088101806059,11.5365477192537));
#12791=CARTESIAN_POINT('Ctrl Pts',(-5.34983792544569,-134.808810180606,
11.5365477192537));
#12792=CARTESIAN_POINT('Ctrl Pts',(-5.51191247974069,69.8088101806059,11.560858902398));
#12793=CARTESIAN_POINT('Ctrl Pts',(-5.51191247974066,-134.808810180606,
11.560858902398));
#12794=CARTESIAN_POINT('Ctrl Pts',(-5.65980551053486,69.8088101806059,11.560858902398));
#12795=CARTESIAN_POINT('Ctrl Pts',(-5.65980551053483,-134.808810180606,
11.560858902398));
#12796=CARTESIAN_POINT('',(-5.65980551053484,-32.5,11.560858902398));
#12797=CARTESIAN_POINT('Ctrl Pts',(-5.28095623987034,-32.5,11.49602908068));
#12798=CARTESIAN_POINT('Ctrl Pts',(-5.3498379254457,-32.5,11.5365477192537));
#12799=CARTESIAN_POINT('Ctrl Pts',(-5.51191247974068,-32.5,11.560858902398));
#12800=CARTESIAN_POINT('Ctrl Pts',(-5.65980551053484,-32.5,11.560858902398));
#12801=CARTESIAN_POINT('',(-5.65980551053484,-32.499,11.560858902398));
#12802=CARTESIAN_POINT('Ctrl Pts',(-5.28095623987034,-32.499,11.49602908068));
#12803=CARTESIAN_POINT('Ctrl Pts',(-5.32687736358725,-32.499,11.5230415063958));
#12804=CARTESIAN_POINT('Ctrl Pts',(-5.37685035116153,-32.499,11.5405995831111));
#12805=CARTESIAN_POINT('Ctrl Pts',(-5.43087520259319,-32.499,11.5487033108258));
#12806=CARTESIAN_POINT('Ctrl Pts',(-5.48490005402485,-32.499,11.5568070385406));
#12807=CARTESIAN_POINT('Ctrl Pts',(-5.56121015667207,-32.499,11.560858902398));
#12808=CARTESIAN_POINT('Ctrl Pts',(-5.65980551053484,-32.499,11.560858902398));
#12809=CARTESIAN_POINT('',(-5.65980551053486,69.8088101806059,11.560858902398));
#12810=CARTESIAN_POINT('Origin',(-5.98800648298218,69.8088101806059,11.560858902398));
#12811=CARTESIAN_POINT('',(-5.98800648298217,-32.5,11.560858902398));
#12812=CARTESIAN_POINT('',(-19.2440032414911,-32.5,11.560858902398));
#12813=CARTESIAN_POINT('',(-5.98800648298217,-32.499,11.560858902398));
#12814=CARTESIAN_POINT('',(-19.2440032414911,-32.499,11.560858902398));
#12815=CARTESIAN_POINT('',(-5.98800648298218,69.8088101806059,11.560858902398));
#12816=CARTESIAN_POINT('Ctrl Pts',(-5.20599675850892,69.8088101806059,12.2435979623655));
#12817=CARTESIAN_POINT('Ctrl Pts',(-5.2059967585089,-134.808810180606,12.2435979623655));
#12818=CARTESIAN_POINT('Ctrl Pts',(-5.20599675850892,69.8088101806059,12.3327389672278));
#12819=CARTESIAN_POINT('Ctrl Pts',(-5.2059967585089,-134.808810180606,12.3327389672278));
#12820=CARTESIAN_POINT('Ctrl Pts',(-5.25867098865479,69.8088101806059,12.4664504745211));
#12821=CARTESIAN_POINT('Ctrl Pts',(-5.25867098865476,-134.808810180606,
12.4664504745211));
#12822=CARTESIAN_POINT('Ctrl Pts',(-5.31742301458672,69.8088101806059,12.5049431811662));
#12823=CARTESIAN_POINT('Ctrl Pts',(-5.31742301458669,-134.808810180606,
12.5049431811662));
#12824=CARTESIAN_POINT('',(-5.20599675850891,-32.5,12.2435979623655));
#12825=CARTESIAN_POINT('',(-5.3174230145867,-32.5,12.5049431811662));
#12826=CARTESIAN_POINT('Ctrl Pts',(-5.20599675850891,-32.5,12.2435979623655));
#12827=CARTESIAN_POINT('Ctrl Pts',(-5.20599675850891,-32.5,12.3327389672278));
#12828=CARTESIAN_POINT('Ctrl Pts',(-5.25867098865477,-32.5,12.4664504745211));
#12829=CARTESIAN_POINT('Ctrl Pts',(-5.3174230145867,-32.5,12.5049431811662));
#12830=CARTESIAN_POINT('',(-5.20599675850891,-32.499,12.2435979623655));
#12831=CARTESIAN_POINT('',(-5.20599675850892,69.8088101806059,12.2435979623655));
#12832=CARTESIAN_POINT('',(-5.3174230145867,-32.499,12.5049431811662));
#12833=CARTESIAN_POINT('Ctrl Pts',(-5.20599675850891,-32.499,12.2435979623655));
#12834=CARTESIAN_POINT('Ctrl Pts',(-5.20599675850891,-32.499,12.3030252989404));
#12835=CARTESIAN_POINT('Ctrl Pts',(-5.21477579686656,-32.499,12.3550242184433));
#12836=CARTESIAN_POINT('Ctrl Pts',(-5.23233387358184,-32.499,12.3995947208745));
#12837=CARTESIAN_POINT('Ctrl Pts',(-5.24989195029713,-32.499,12.4441652233056));
#12838=CARTESIAN_POINT('Ctrl Pts',(-5.27825499729875,-32.499,12.4792813767362));
#12839=CARTESIAN_POINT('Ctrl Pts',(-5.3174230145867,-32.499,12.5049431811662));
#12840=CARTESIAN_POINT('',(-5.31742301458672,69.8088101806059,12.5049431811662));
#12841=CARTESIAN_POINT('Ctrl Pts',(-5.31742301458672,69.8088101806059,12.5049431811662));
#12842=CARTESIAN_POINT('Ctrl Pts',(-5.31742301458669,-134.808810180606,
12.5049431811662));
#12843=CARTESIAN_POINT('Ctrl Pts',(-5.38630470016208,69.8088101806059,12.5495136835973));
#12844=CARTESIAN_POINT('Ctrl Pts',(-5.38630470016205,-134.808810180606,
12.5495136835973));
#12845=CARTESIAN_POINT('Ctrl Pts',(-5.55850891410049,69.8088101806059,12.5697730028842));
#12846=CARTESIAN_POINT('Ctrl Pts',(-5.55850891410047,-134.808810180606,
12.5697730028842));
#12847=CARTESIAN_POINT('Ctrl Pts',(-5.71045380875204,69.8088101806059,12.5697730028842));
#12848=CARTESIAN_POINT('Ctrl Pts',(-5.71045380875201,-134.808810180606,
12.5697730028842));
#12849=CARTESIAN_POINT('',(-5.71045380875202,-32.5,12.5697730028842));
#12850=CARTESIAN_POINT('Ctrl Pts',(-5.3174230145867,-32.5,12.5049431811662));
#12851=CARTESIAN_POINT('Ctrl Pts',(-5.38630470016207,-32.5,12.5495136835973));
#12852=CARTESIAN_POINT('Ctrl Pts',(-5.55850891410048,-32.5,12.5697730028842));
#12853=CARTESIAN_POINT('Ctrl Pts',(-5.71045380875202,-32.5,12.5697730028842));
#12854=CARTESIAN_POINT('',(-5.71045380875202,-32.499,12.5697730028842));
#12855=CARTESIAN_POINT('Ctrl Pts',(-5.3174230145867,-32.499,12.5049431811662));
#12856=CARTESIAN_POINT('Ctrl Pts',(-5.36334413830361,-32.499,12.5346568494536));
#12857=CARTESIAN_POINT('Ctrl Pts',(-5.41500540248514,-32.499,12.5528902368118));
#12858=CARTESIAN_POINT('Ctrl Pts',(-5.47240680713128,-32.499,12.5596433432407));
#12859=CARTESIAN_POINT('Ctrl Pts',(-5.52980821177741,-32.499,12.5663964496697));
#12860=CARTESIAN_POINT('Ctrl Pts',(-5.60915721231766,-32.499,12.5697730028842));
#12861=CARTESIAN_POINT('Ctrl Pts',(-5.71045380875202,-32.499,12.5697730028842));
#12862=CARTESIAN_POINT('',(-5.71045380875204,69.8088101806059,12.5697730028842));
#12863=CARTESIAN_POINT('Origin',(-5.98800648298218,69.8088101806059,12.5697730028842));
#12864=CARTESIAN_POINT('',(-5.98800648298217,-32.5,12.5697730028842));
#12865=CARTESIAN_POINT('',(-19.2440032414911,-32.5,12.5697730028842));
#12866=CARTESIAN_POINT('',(-5.98800648298217,-32.499,12.5697730028842));
#12867=CARTESIAN_POINT('',(-19.2440032414911,-32.499,12.5697730028842));
#12868=CARTESIAN_POINT('',(-5.98800648298218,69.8088101806059,12.5697730028842));
#12869=CARTESIAN_POINT('Ctrl Pts',(-5.65575364667748,69.8088101806059,10.3534034729004));
#12870=CARTESIAN_POINT('Ctrl Pts',(-5.65575364667745,-134.808810180606,
10.3534034729004));
#12871=CARTESIAN_POINT('Ctrl Pts',(-5.43290113452189,69.8088101806059,10.3534034729004));
#12872=CARTESIAN_POINT('Ctrl Pts',(-5.43290113452186,-134.808810180606,
10.3534034729004));
#12873=CARTESIAN_POINT('Ctrl Pts',(-5.15332252836306,69.8088101806059,10.44659634162));
#12874=CARTESIAN_POINT('Ctrl Pts',(-5.15332252836303,-134.808810180606,
10.44659634162));
#12875=CARTESIAN_POINT('Ctrl Pts',(-5.03176661264182,69.8088101806059,10.5559966657691));
#12876=CARTESIAN_POINT('Ctrl Pts',(-5.0317666126418,-134.808810180606,10.5559966657691));
#12877=CARTESIAN_POINT('',(-5.03176661264181,-32.5,10.5559966657691));
#12878=CARTESIAN_POINT('Ctrl Pts',(-5.03176661264181,-32.5,10.5559966657691));
#12879=CARTESIAN_POINT('Ctrl Pts',(-5.15332252836304,-32.5,10.44659634162));
#12880=CARTESIAN_POINT('Ctrl Pts',(-5.43290113452187,-32.5,10.3534034729004));
#12881=CARTESIAN_POINT('Ctrl Pts',(-5.65575364667747,-32.5,10.3534034729004));
#12882=CARTESIAN_POINT('',(-5.03176661264181,-32.499,10.5559966657691));
#12883=CARTESIAN_POINT('',(-5.03176661264182,69.8088101806059,10.5559966657691));
#12884=CARTESIAN_POINT('Ctrl Pts',(-5.03176661264181,-32.499,10.5559966657691));
#12885=CARTESIAN_POINT('Ctrl Pts',(-5.1128038897893,-32.499,10.4830631163364));
#12886=CARTESIAN_POINT('Ctrl Pts',(-5.19991896272285,-32.499,10.4310641968334));
#12887=CARTESIAN_POINT('Ctrl Pts',(-5.29311183144246,-32.499,10.3999999072602));
#12888=CARTESIAN_POINT('Ctrl Pts',(-5.38630470016207,-32.499,10.368935617687));
#12889=CARTESIAN_POINT('Ctrl Pts',(-5.50718530524041,-32.499,10.3534034729004));
#12890=CARTESIAN_POINT('Ctrl Pts',(-5.65575364667747,-32.499,10.3534034729004));
#12891=CARTESIAN_POINT('Ctrl Pts',(-5.03176661264182,69.8088101806059,10.5559966657691));
#12892=CARTESIAN_POINT('Ctrl Pts',(-5.0317666126418,-134.808810180606,10.5559966657691));
#12893=CARTESIAN_POINT('Ctrl Pts',(-4.92641815235009,69.8088101806059,10.6491895344887));
#12894=CARTESIAN_POINT('Ctrl Pts',(-4.92641815235006,-134.808810180606,
10.6491895344887));
#12895=CARTESIAN_POINT('Ctrl Pts',(-4.80486223662886,69.8088101806059,10.9348459364336));
#12896=CARTESIAN_POINT('Ctrl Pts',(-4.80486223662883,-134.808810180606,
10.9348459364336));
#12897=CARTESIAN_POINT('Ctrl Pts',(-4.80486223662886,69.8088101806059,11.1212316738728));
#12898=CARTESIAN_POINT('Ctrl Pts',(-4.80486223662883,-134.808810180606,
11.1212316738728));
#12899=CARTESIAN_POINT('',(-4.80486223662885,-32.5,11.1212316738728));
#12900=CARTESIAN_POINT('Ctrl Pts',(-4.80486223662885,-32.5,11.1212316738728));
#12901=CARTESIAN_POINT('Ctrl Pts',(-4.80486223662885,-32.5,10.9348459364336));
#12902=CARTESIAN_POINT('Ctrl Pts',(-4.92641815235007,-32.5,10.6491895344887));
#12903=CARTESIAN_POINT('Ctrl Pts',(-5.03176661264181,-32.5,10.5559966657691));
#12904=CARTESIAN_POINT('',(-4.80486223662885,-32.499,11.1212316738728));
#12905=CARTESIAN_POINT('',(-4.80486223662886,69.8088101806059,11.1212316738728));
#12906=CARTESIAN_POINT('Ctrl Pts',(-4.80486223662885,-32.499,11.1212316738728));
#12907=CARTESIAN_POINT('Ctrl Pts',(-4.80486223662885,-32.499,10.99697451558));
#12908=CARTESIAN_POINT('Ctrl Pts',(-4.82512155591572,-32.499,10.8872365361095));
#12909=CARTESIAN_POINT('Ctrl Pts',(-4.86564019448946,-32.499,10.7920177354612));
#12910=CARTESIAN_POINT('Ctrl Pts',(-4.9061588330632,-32.499,10.6967989348129));
#12911=CARTESIAN_POINT('Ctrl Pts',(-4.96153430578065,-32.499,10.6181252449155));
#12912=CARTESIAN_POINT('Ctrl Pts',(-5.03176661264181,-32.499,10.5559966657691));
#12913=CARTESIAN_POINT('Ctrl Pts',(-4.80486223662886,69.8088101806059,11.1212316738728));
#12914=CARTESIAN_POINT('Ctrl Pts',(-4.80486223662883,-134.808810180606,
11.1212316738728));
#12915=CARTESIAN_POINT('Ctrl Pts',(-4.80486223662886,69.8088101806059,11.3602916414579));
#12916=CARTESIAN_POINT('Ctrl Pts',(-4.80486223662883,-134.808810180606,
11.3602916414579));
#12917=CARTESIAN_POINT('Ctrl Pts',(-5.01758508914101,69.8088101806059,11.6824148181192));
#12918=CARTESIAN_POINT('Ctrl Pts',(-5.01758508914099,-134.808810180606,
11.6824148181192));
#12919=CARTESIAN_POINT('Ctrl Pts',(-5.2100486223663,69.8088101806059,11.7431927759798));
#12920=CARTESIAN_POINT('Ctrl Pts',(-5.21004862236627,-134.808810180606,
11.7431927759798));
#12921=CARTESIAN_POINT('',(-5.21004862236628,-32.5,11.7431927759798));
#12922=CARTESIAN_POINT('Ctrl Pts',(-5.21004862236628,-32.5,11.7431927759798));
#12923=CARTESIAN_POINT('Ctrl Pts',(-5.017585089141,-32.5,11.6824148181192));
#12924=CARTESIAN_POINT('Ctrl Pts',(-4.80486223662885,-32.5,11.3602916414579));
#12925=CARTESIAN_POINT('Ctrl Pts',(-4.80486223662885,-32.5,11.1212316738728));
#12926=CARTESIAN_POINT('',(-5.21004862236628,-32.499,11.7431927759798));
#12927=CARTESIAN_POINT('',(-5.2100486223663,69.8088101806059,11.7431927759798));
#12928=CARTESIAN_POINT('Ctrl Pts',(-5.21004862236628,-32.499,11.7431927759798));
#12929=CARTESIAN_POINT('Ctrl Pts',(-5.08173960021609,-32.499,11.7026741374061));
#12930=CARTESIAN_POINT('Ctrl Pts',(-4.98213128038897,-32.499,11.628727622009));
#12931=CARTESIAN_POINT('Ctrl Pts',(-4.91122366288492,-32.499,11.5213532297886));
#12932=CARTESIAN_POINT('Ctrl Pts',(-4.84031604538087,-32.499,11.4139788375681));
#12933=CARTESIAN_POINT('Ctrl Pts',(-4.80486223662885,-32.499,11.2806049855962));
#12934=CARTESIAN_POINT('Ctrl Pts',(-4.80486223662885,-32.499,11.1212316738728));
#12935=CARTESIAN_POINT('Origin',(-5.2100486223663,69.8088101806059,11.7553483675519));
#12936=CARTESIAN_POINT('',(-5.21004862236628,-32.5,11.7553483675519));
#12937=CARTESIAN_POINT('',(-5.21004862236628,-32.5,5.87767418377596));
#12938=CARTESIAN_POINT('',(-5.21004862236628,-32.499,11.7553483675519));
#12939=CARTESIAN_POINT('',(-5.2100486223663,69.8088101806059,11.7553483675519));
#12940=CARTESIAN_POINT('',(-5.21004862236628,-32.499,5.87767418377596));
#12941=CARTESIAN_POINT('Ctrl Pts',(-5.2100486223663,69.8088101806059,11.7553483675519));
#12942=CARTESIAN_POINT('Ctrl Pts',(-5.21004862236627,-134.808810180606,
11.7553483675519));
#12943=CARTESIAN_POINT('Ctrl Pts',(-5.06823338735819,69.8088101806059,11.8343597127707));
#12944=CARTESIAN_POINT('Ctrl Pts',(-5.06823338735817,-134.808810180606,
11.8343597127707));
#12945=CARTESIAN_POINT('Ctrl Pts',(-4.90615883306322,69.8088101806059,12.1139383189296));
#12946=CARTESIAN_POINT('Ctrl Pts',(-4.90615883306319,-134.808810180606,
12.1139383189296));
#12947=CARTESIAN_POINT('Ctrl Pts',(-4.90615883306322,69.8088101806059,12.2901943967253));
#12948=CARTESIAN_POINT('Ctrl Pts',(-4.90615883306319,-134.808810180606,
12.2901943967253));
#12949=CARTESIAN_POINT('Ctrl Pts',(-4.90615883306321,-32.5,12.2901943967253));
#12950=CARTESIAN_POINT('Ctrl Pts',(-4.90615883306321,-32.5,12.1139383189296));
#12951=CARTESIAN_POINT('Ctrl Pts',(-5.06823338735818,-32.5,11.8343597127707));
#12952=CARTESIAN_POINT('Ctrl Pts',(-5.21004862236628,-32.5,11.7553483675519));
#12953=CARTESIAN_POINT('Ctrl Pts',(-4.90615883306321,-32.499,12.2901943967253));
#12954=CARTESIAN_POINT('Ctrl Pts',(-4.90615883306321,-32.499,12.1726903448615));
#12955=CARTESIAN_POINT('Ctrl Pts',(-4.93317125877903,-32.499,12.0673418845698));
#12956=CARTESIAN_POINT('Ctrl Pts',(-4.98719611021069,-32.499,11.9741490158501));
#12957=CARTESIAN_POINT('Ctrl Pts',(-5.04122096164235,-32.499,11.8809561471305));
#12958=CARTESIAN_POINT('Ctrl Pts',(-5.11550513236088,-32.499,11.8080225976978));
#12959=CARTESIAN_POINT('Ctrl Pts',(-5.21004862236628,-32.499,11.7553483675519));
#12960=CARTESIAN_POINT('Ctrl Pts',(-5.26272285251217,69.8088101806059,10.7423824032083));
#12961=CARTESIAN_POINT('Ctrl Pts',(-5.26272285251214,-134.808810180606,
10.7423824032083));
#12962=CARTESIAN_POINT('Ctrl Pts',(-5.17965964343599,69.8088101806059,10.809238156855));
#12963=CARTESIAN_POINT('Ctrl Pts',(-5.17965964343596,-134.808810180606,
10.809238156855));
#12964=CARTESIAN_POINT('Ctrl Pts',(-5.10470016207457,69.8088101806059,10.9753645750074));
#12965=CARTESIAN_POINT('Ctrl Pts',(-5.10470016207454,-134.808810180606,
10.9753645750074));
#12966=CARTESIAN_POINT('Ctrl Pts',(-5.10470016207457,69.8088101806059,11.107050150372));
#12967=CARTESIAN_POINT('Ctrl Pts',(-5.10470016207454,-134.808810180606,
11.107050150372));
#12968=CARTESIAN_POINT('',(-5.26272285251215,-32.5,10.7423824032083));
#12969=CARTESIAN_POINT('Ctrl Pts',(-5.26272285251215,-32.5,10.7423824032083));
#12970=CARTESIAN_POINT('Ctrl Pts',(-5.17965964343598,-32.5,10.809238156855));
#12971=CARTESIAN_POINT('Ctrl Pts',(-5.10470016207455,-32.5,10.9753645750074));
#12972=CARTESIAN_POINT('Ctrl Pts',(-5.10470016207455,-32.5,11.107050150372));
#12973=CARTESIAN_POINT('',(-5.26272285251215,-32.499,10.7423824032083));
#12974=CARTESIAN_POINT('',(-5.26272285251216,69.8088101806059,10.7423824032083));
#12975=CARTESIAN_POINT('Ctrl Pts',(-5.26272285251215,-32.499,10.7423824032083));
#12976=CARTESIAN_POINT('Ctrl Pts',(-5.2073473797947,-32.499,10.7869529056395));
#12977=CARTESIAN_POINT('Ctrl Pts',(-5.16716639654241,-32.499,10.8369258932137));
#12978=CARTESIAN_POINT('Ctrl Pts',(-5.14217990275526,-32.499,10.8923013659312));
#12979=CARTESIAN_POINT('Ctrl Pts',(-5.11719340896812,-32.499,10.9476768386486));
#12980=CARTESIAN_POINT('Ctrl Pts',(-5.10470016207455,-32.499,11.0192597667956));
#12981=CARTESIAN_POINT('Ctrl Pts',(-5.10470016207455,-32.499,11.107050150372));
#12982=CARTESIAN_POINT('Ctrl Pts',(-5.75299837925447,69.8088101806059,10.6370339429166));
#12983=CARTESIAN_POINT('Ctrl Pts',(-5.75299837925444,-134.808810180606,
10.6370339429166));
#12984=CARTESIAN_POINT('Ctrl Pts',(-5.56458670988656,69.8088101806059,10.6370339429166));
#12985=CARTESIAN_POINT('Ctrl Pts',(-5.56458670988653,-134.808810180606,
10.6370339429166));
#12986=CARTESIAN_POINT('Ctrl Pts',(-5.34578606158834,69.8088101806059,10.6775525814903));
#12987=CARTESIAN_POINT('Ctrl Pts',(-5.34578606158831,-134.808810180606,
10.6775525814903));
#12988=CARTESIAN_POINT('Ctrl Pts',(-5.26272285251217,69.8088101806059,10.7423824032083));
#12989=CARTESIAN_POINT('Ctrl Pts',(-5.26272285251214,-134.808810180606,
10.7423824032083));
#12990=CARTESIAN_POINT('',(-5.75299837925445,-32.5,10.6370339429166));
#12991=CARTESIAN_POINT('Ctrl Pts',(-5.75299837925445,-32.5,10.6370339429166));
#12992=CARTESIAN_POINT('Ctrl Pts',(-5.56458670988654,-32.5,10.6370339429166));
#12993=CARTESIAN_POINT('Ctrl Pts',(-5.34578606158833,-32.5,10.6775525814903));
#12994=CARTESIAN_POINT('Ctrl Pts',(-5.26272285251215,-32.5,10.7423824032083));
#12995=CARTESIAN_POINT('',(-5.75299837925445,-32.499,10.6370339429166));
#12996=CARTESIAN_POINT('',(-5.75299837925447,69.8088101806059,10.6370339429166));
#12997=CARTESIAN_POINT('Ctrl Pts',(-5.75299837925445,-32.499,10.6370339429166));
#12998=CARTESIAN_POINT('Ctrl Pts',(-5.62739059967585,-32.499,10.6370339429166));
#12999=CARTESIAN_POINT('Ctrl Pts',(-5.52811993517017,-32.499,10.6437870493456));
#13000=CARTESIAN_POINT('Ctrl Pts',(-5.45518638573744,-32.499,10.6572932622035));
#13001=CARTESIAN_POINT('Ctrl Pts',(-5.3822528363047,-32.499,10.6707994750614));
#13002=CARTESIAN_POINT('Ctrl Pts',(-5.3180983252296,-32.499,10.699162522063));
#13003=CARTESIAN_POINT('Ctrl Pts',(-5.26272285251215,-32.499,10.7423824032083));
#13004=CARTESIAN_POINT('Origin',(-5.75299837925447,69.8088101806059,10.6370339429166));
#13005=CARTESIAN_POINT('',(-5.98800648298217,-32.5,10.6370339429166));
#13006=CARTESIAN_POINT('',(-19.1264991896272,-32.5,10.6370339429166));
#13007=CARTESIAN_POINT('',(-5.98800648298217,-32.499,10.6370339429166));
#13008=CARTESIAN_POINT('',(-5.98800648298218,69.8088101806059,10.6370339429166));
#13009=CARTESIAN_POINT('',(-19.1264991896272,-32.499,10.6370339429166));
#13010=CARTESIAN_POINT('Origin',(-5.98800648298218,69.8088101806059,10.6370339429166));
#13011=CARTESIAN_POINT('',(-5.98800648298217,-32.5,5.3185169714583));
#13012=CARTESIAN_POINT('',(-5.98800648298217,-32.499,5.3185169714583));
#13013=CARTESIAN_POINT('Ctrl Pts',(-5.32755267423016,69.8088101806059,11.9214747857043));
#13014=CARTESIAN_POINT('Ctrl Pts',(-5.32755267423013,-134.808810180606,
11.9214747857043));
#13015=CARTESIAN_POINT('Ctrl Pts',(-5.26069692058348,69.8088101806059,11.9700971519928));
#13016=CARTESIAN_POINT('Ctrl Pts',(-5.26069692058345,-134.808810180606,
11.9700971519928));
#13017=CARTESIAN_POINT('Ctrl Pts',(-5.20599675850892,69.8088101806059,12.1260939105017));
#13018=CARTESIAN_POINT('Ctrl Pts',(-5.2059967585089,-134.808810180606,12.1260939105017));
#13019=CARTESIAN_POINT('Ctrl Pts',(-5.20599675850892,69.8088101806059,12.2435979623655));
#13020=CARTESIAN_POINT('Ctrl Pts',(-5.2059967585089,-134.808810180606,12.2435979623655));
#13021=CARTESIAN_POINT('',(-5.32755267423014,-32.5,11.9214747857043));
#13022=CARTESIAN_POINT('Ctrl Pts',(-5.32755267423014,-32.5,11.9214747857043));
#13023=CARTESIAN_POINT('Ctrl Pts',(-5.26069692058346,-32.5,11.9700971519928));
#13024=CARTESIAN_POINT('Ctrl Pts',(-5.20599675850891,-32.5,12.1260939105017));
#13025=CARTESIAN_POINT('Ctrl Pts',(-5.20599675850891,-32.5,12.2435979623655));
#13026=CARTESIAN_POINT('',(-5.32755267423014,-32.499,11.9214747857043));
#13027=CARTESIAN_POINT('',(-5.32755267423016,69.8088101806059,11.9214747857043));
#13028=CARTESIAN_POINT('Ctrl Pts',(-5.32755267423014,-32.499,11.9214747857043));
#13029=CARTESIAN_POINT('Ctrl Pts',(-5.28298217179902,-32.499,11.9538896965633));
#13030=CARTESIAN_POINT('Ctrl Pts',(-5.25158022690437,-32.499,11.9960966117443));
#13031=CARTESIAN_POINT('Ctrl Pts',(-5.23334683954619,-32.499,12.0480955312472));
#13032=CARTESIAN_POINT('Ctrl Pts',(-5.215113452188,-32.499,12.1000944507502));
#13033=CARTESIAN_POINT('Ctrl Pts',(-5.20599675850891,-32.499,12.1652619277896));
#13034=CARTESIAN_POINT('Ctrl Pts',(-5.20599675850891,-32.499,12.2435979623655));
#13035=CARTESIAN_POINT('Ctrl Pts',(-5.65980551053486,69.8088101806059,11.8384115766281));
#13036=CARTESIAN_POINT('Ctrl Pts',(-5.65980551053483,-134.808810180606,
11.8384115766281));
#13037=CARTESIAN_POINT('Ctrl Pts',(-5.52406807131281,69.8088101806059,11.8384115766281));
#13038=CARTESIAN_POINT('Ctrl Pts',(-5.52406807131279,-134.808810180606,
11.8384115766281));
#13039=CARTESIAN_POINT('Ctrl Pts',(-5.39643435980552,69.8088101806059,11.8708264874871));
#13040=CARTESIAN_POINT('Ctrl Pts',(-5.39643435980549,-134.808810180606,
11.8708264874871));
#13041=CARTESIAN_POINT('Ctrl Pts',(-5.32755267423016,69.8088101806059,11.9214747857043));
#13042=CARTESIAN_POINT('Ctrl Pts',(-5.32755267423013,-134.808810180606,
11.9214747857043));
#13043=CARTESIAN_POINT('',(-5.65980551053484,-32.5,11.8384115766281));
#13044=CARTESIAN_POINT('Ctrl Pts',(-5.65980551053484,-32.5,11.8384115766281));
#13045=CARTESIAN_POINT('Ctrl Pts',(-5.5240680713128,-32.5,11.8384115766281));
#13046=CARTESIAN_POINT('Ctrl Pts',(-5.39643435980551,-32.5,11.8708264874871));
#13047=CARTESIAN_POINT('Ctrl Pts',(-5.32755267423014,-32.5,11.9214747857043));
#13048=CARTESIAN_POINT('',(-5.65980551053484,-32.499,11.8384115766281));
#13049=CARTESIAN_POINT('',(-5.65980551053486,69.8088101806059,11.8384115766281));
#13050=CARTESIAN_POINT('Ctrl Pts',(-5.65980551053484,-32.499,11.8384115766281));
#13051=CARTESIAN_POINT('Ctrl Pts',(-5.56931388438682,-32.499,11.8384115766281));
#13052=CARTESIAN_POINT('Ctrl Pts',(-5.50279578606158,-32.499,11.8438140617713));
#13053=CARTESIAN_POINT('Ctrl Pts',(-5.46025121555915,-32.499,11.8546190320576));
#13054=CARTESIAN_POINT('Ctrl Pts',(-5.41770664505672,-32.499,11.8654240023439));
#13055=CARTESIAN_POINT('Ctrl Pts',(-5.37347379794705,-32.499,11.8877092535595));
#13056=CARTESIAN_POINT('Ctrl Pts',(-5.32755267423014,-32.499,11.9214747857043));
#13057=CARTESIAN_POINT('Origin',(-5.65980551053486,69.8088101806059,11.8384115766281));
#13058=CARTESIAN_POINT('',(-5.98800648298217,-32.5,11.8384115766281));
#13059=CARTESIAN_POINT('',(-19.0799027552674,-32.5,11.8384115766281));
#13060=CARTESIAN_POINT('',(-5.98800648298217,-32.499,11.8384115766281));
#13061=CARTESIAN_POINT('',(-5.98800648298218,69.8088101806059,11.8384115766281));
#13062=CARTESIAN_POINT('',(-19.0799027552674,-32.499,11.8384115766281));
#13063=CARTESIAN_POINT('Origin',(-5.98800648298218,69.8088101806059,11.8384115766281));
#13064=CARTESIAN_POINT('',(-5.98800648298217,-32.5,5.91920578831405));
#13065=CARTESIAN_POINT('',(-5.98800648298217,-32.499,5.91920578831405));
#13066=CARTESIAN_POINT('Origin',(-32.5,-32.499,0.));
#13067=CARTESIAN_POINT('Origin',(-32.5,-32.499,0.));
#13068=CARTESIAN_POINT('',(-7.00907617504051,-32.499,10.3534034729004));
#13069=CARTESIAN_POINT('',(-7.00907617504051,-32.499,12.5069691130949));
#13070=CARTESIAN_POINT('',(-7.00907617504051,-32.499,5.1767017364502));
#13071=CARTESIAN_POINT('',(-6.71936790923824,-32.499,10.3534034729004));
#13072=CARTESIAN_POINT('',(-19.6096839546191,-32.499,10.3534034729004));
#13073=CARTESIAN_POINT('',(-6.71936790923824,-32.499,12.8534034729004));
#13074=CARTESIAN_POINT('',(-6.71936790923825,-32.499,6.4267017364502));
#13075=CARTESIAN_POINT('',(-7.12050243111831,-32.499,12.8534034729004));
#13076=CARTESIAN_POINT('',(-19.8102512155591,-32.499,12.8534034729004));
#13077=CARTESIAN_POINT('',(-7.6431928687196,-32.499,11.4615882378923));
#13078=CARTESIAN_POINT('',(-11.0655357694332,-32.499,2.34860539762));
#13079=CARTESIAN_POINT('',(-8.18614262560777,-32.499,12.8534034729004));
#13080=CARTESIAN_POINT('',(-7.61589002787464,-32.499,11.3915992391591));
#13081=CARTESIAN_POINT('',(-8.57917341977309,-32.499,12.8534034729004));
#13082=CARTESIAN_POINT('',(-20.5395867098865,-32.499,12.8534034729004));
#13083=CARTESIAN_POINT('',(-8.57917341977309,-32.499,10.3534034729004));
#13084=CARTESIAN_POINT('',(-8.57917341977309,-32.499,5.1767017364502));
#13085=CARTESIAN_POINT('',(-8.3097244732577,-32.499,10.3534034729004));
#13086=CARTESIAN_POINT('',(-20.4048622366288,-32.499,10.3534034729004));
#13087=CARTESIAN_POINT('',(-8.3097244732577,-32.499,12.5069691130949));
#13088=CARTESIAN_POINT('',(-8.30972447325769,-32.499,6.25348455654744));
#13089=CARTESIAN_POINT('',(-7.74854132901134,-32.499,11.042220328654));
#13090=CARTESIAN_POINT('',(-7.48807117507763,-32.499,10.3623650171231));
#13091=CARTESIAN_POINT('',(-7.57431118314424,-32.499,11.042220328654));
#13092=CARTESIAN_POINT('',(-20.0371555915721,-32.499,11.042220328654));
#13093=CARTESIAN_POINT('',(-10.761434176643,-32.499,2.78311665732926));
#13094=CARTESIAN_POINT('Origin',(-8.57917341977311,69.8088101806059,12.8534034729004));
#13095=CARTESIAN_POINT('',(-8.57917341977309,-32.5,12.8534034729004));
#13096=CARTESIAN_POINT('',(-8.18614262560777,-32.5,12.8534034729004));
#13097=CARTESIAN_POINT('',(-20.5395867098865,-32.5,12.8534034729004));
#13098=CARTESIAN_POINT('',(-8.57917341977311,69.8088101806059,12.8534034729004));
#13099=CARTESIAN_POINT('',(-8.18614262560779,69.8088101806059,12.8534034729004));
#13100=CARTESIAN_POINT('Origin',(-8.18614262560779,69.8088101806059,12.8534034729004));
#13101=CARTESIAN_POINT('',(-7.6431928687196,-32.5,11.4615882378923));
#13102=CARTESIAN_POINT('',(-7.61589002787465,-32.5,11.3915992391591));
#13103=CARTESIAN_POINT('',(-7.64319286871962,69.8088101806059,11.4615882378923));
#13104=CARTESIAN_POINT('Origin',(-7.64319286871962,69.8088101806059,11.4615882378923));
#13105=CARTESIAN_POINT('',(-7.12050243111831,-32.5,12.8534034729004));
#13106=CARTESIAN_POINT('',(-11.0655357694332,-32.5,2.34860539762));
#13107=CARTESIAN_POINT('',(-7.12050243111832,69.8088101806059,12.8534034729004));
#13108=CARTESIAN_POINT('Origin',(-7.12050243111832,69.8088101806059,12.8534034729004));
#13109=CARTESIAN_POINT('',(-6.71936790923824,-32.5,12.8534034729004));
#13110=CARTESIAN_POINT('',(-19.8102512155591,-32.5,12.8534034729004));
#13111=CARTESIAN_POINT('',(-6.71936790923826,69.8088101806059,12.8534034729004));
#13112=CARTESIAN_POINT('Origin',(-6.71936790923826,69.8088101806059,12.8534034729004));
#13113=CARTESIAN_POINT('',(-6.71936790923824,-32.5,10.3534034729004));
#13114=CARTESIAN_POINT('',(-6.71936790923824,-32.5,6.4267017364502));
#13115=CARTESIAN_POINT('',(-6.71936790923826,69.8088101806059,10.3534034729004));
#13116=CARTESIAN_POINT('Origin',(-6.71936790923826,69.8088101806059,10.3534034729004));
#13117=CARTESIAN_POINT('',(-7.00907617504051,-32.5,10.3534034729004));
#13118=CARTESIAN_POINT('',(-19.6096839546191,-32.5,10.3534034729004));
#13119=CARTESIAN_POINT('',(-7.00907617504053,69.8088101806059,10.3534034729004));
#13120=CARTESIAN_POINT('Origin',(-7.00907617504053,69.8088101806059,10.3534034729004));
#13121=CARTESIAN_POINT('',(-7.00907617504051,-32.5,12.5069691130949));
#13122=CARTESIAN_POINT('',(-7.00907617504051,-32.5,5.1767017364502));
#13123=CARTESIAN_POINT('',(-7.00907617504053,69.8088101806059,12.5069691130949));
#13124=CARTESIAN_POINT('Origin',(-7.00907617504053,69.8088101806059,12.5069691130949));
#13125=CARTESIAN_POINT('',(-7.57431118314424,-32.5,11.042220328654));
#13126=CARTESIAN_POINT('',(-10.761434176643,-32.5,2.78311665732926));
#13127=CARTESIAN_POINT('',(-7.57431118314425,69.8088101806059,11.042220328654));
#13128=CARTESIAN_POINT('Origin',(-7.57431118314425,69.8088101806059,11.042220328654));
#13129=CARTESIAN_POINT('',(-7.74854132901134,-32.5,11.042220328654));
#13130=CARTESIAN_POINT('',(-20.0371555915721,-32.5,11.042220328654));
#13131=CARTESIAN_POINT('',(-7.74854132901135,69.8088101806059,11.042220328654));
#13132=CARTESIAN_POINT('Origin',(-7.74854132901135,69.8088101806059,11.042220328654));
#13133=CARTESIAN_POINT('',(-8.30972447325769,-32.5,12.5069691130949));
#13134=CARTESIAN_POINT('',(-7.48807117507764,-32.5,10.3623650171231));
#13135=CARTESIAN_POINT('',(-8.30972447325771,69.8088101806059,12.5069691130949));
#13136=CARTESIAN_POINT('Origin',(-8.30972447325771,69.8088101806059,12.5069691130949));
#13137=CARTESIAN_POINT('',(-8.30972447325769,-32.5,10.3534034729004));
#13138=CARTESIAN_POINT('',(-8.3097244732577,-32.5,6.25348455654744));
#13139=CARTESIAN_POINT('',(-8.30972447325771,69.8088101806059,10.3534034729004));
#13140=CARTESIAN_POINT('Origin',(-8.30972447325771,69.8088101806059,10.3534034729004));
#13141=CARTESIAN_POINT('',(-8.57917341977309,-32.5,10.3534034729004));
#13142=CARTESIAN_POINT('',(-20.4048622366288,-32.5,10.3534034729004));
#13143=CARTESIAN_POINT('',(-8.57917341977311,69.8088101806059,10.3534034729004));
#13144=CARTESIAN_POINT('Origin',(-8.57917341977311,69.8088101806059,10.3534034729004));
#13145=CARTESIAN_POINT('',(-8.57917341977309,-32.5,5.1767017364502));
#13146=CARTESIAN_POINT('Origin',(-3.14157212317667,69.8088101806059,10.6491895344887));
#13147=CARTESIAN_POINT('',(-3.14157212317665,-32.5,10.6491895344887));
#13148=CARTESIAN_POINT('',(-2.17520259319286,-32.5,10.6491895344887));
#13149=CARTESIAN_POINT('',(-17.8207860615883,-32.5,10.6491895344887));
#13150=CARTESIAN_POINT('',(-3.14157212317665,-32.499,10.6491895344887));
#13151=CARTESIAN_POINT('',(-3.14157212317667,69.8088101806059,10.6491895344887));
#13152=CARTESIAN_POINT('',(-2.17520259319286,-32.499,10.6491895344887));
#13153=CARTESIAN_POINT('',(-17.8207860615883,-32.499,10.6491895344887));
#13154=CARTESIAN_POINT('',(-2.17520259319288,69.8088101806059,10.6491895344887));
#13155=CARTESIAN_POINT('Origin',(-3.14157212317667,69.8088101806059,12.8534034729004));
#13156=CARTESIAN_POINT('',(-3.14157212317665,-32.5,12.8534034729004));
#13157=CARTESIAN_POINT('',(-3.14157212317665,-32.5,6.4267017364502));
#13158=CARTESIAN_POINT('',(-3.14157212317665,-32.499,12.8534034729004));
#13159=CARTESIAN_POINT('',(-3.14157212317667,69.8088101806059,12.8534034729004));
#13160=CARTESIAN_POINT('',(-3.14157212317665,-32.499,6.4267017364502));
#13161=CARTESIAN_POINT('Origin',(-3.43128038897894,69.8088101806059,12.8534034729004));
#13162=CARTESIAN_POINT('',(-3.43128038897893,-32.5,12.8534034729004));
#13163=CARTESIAN_POINT('',(-17.9656401944895,-32.5,12.8534034729004));
#13164=CARTESIAN_POINT('',(-3.43128038897893,-32.499,12.8534034729004));
#13165=CARTESIAN_POINT('',(-3.43128038897894,69.8088101806059,12.8534034729004));
#13166=CARTESIAN_POINT('',(-17.9656401944895,-32.499,12.8534034729004));
#13167=CARTESIAN_POINT('Origin',(-3.43128038897894,69.8088101806059,10.3534034729004));
#13168=CARTESIAN_POINT('',(-3.43128038897893,-32.5,10.3534034729004));
#13169=CARTESIAN_POINT('',(-3.43128038897893,-32.5,5.1767017364502));
#13170=CARTESIAN_POINT('',(-3.43128038897893,-32.499,10.3534034729004));
#13171=CARTESIAN_POINT('',(-3.43128038897894,69.8088101806059,10.3534034729004));
#13172=CARTESIAN_POINT('',(-3.43128038897893,-32.499,5.1767017364502));
#13173=CARTESIAN_POINT('Origin',(-2.17520259319288,69.8088101806059,10.3534034729004));
#13174=CARTESIAN_POINT('',(-2.17520259319286,-32.5,10.3534034729004));
#13175=CARTESIAN_POINT('',(-17.3376012965964,-32.5,10.3534034729004));
#13176=CARTESIAN_POINT('',(-2.17520259319286,-32.499,10.3534034729004));
#13177=CARTESIAN_POINT('',(-2.17520259319288,69.8088101806059,10.3534034729004));
#13178=CARTESIAN_POINT('',(-17.3376012965964,-32.499,10.3534034729004));
#13179=CARTESIAN_POINT('Origin',(-2.17520259319288,69.8088101806059,10.6491895344887));
#13180=CARTESIAN_POINT('',(-2.17520259319286,-32.5,5.32459476724436));
#13181=CARTESIAN_POINT('',(-2.17520259319286,-32.499,5.32459476724436));
#13182=CARTESIAN_POINT('Origin',(-32.5,-32.499,0.));
#13183=CARTESIAN_POINT('Origin',(-32.5,-32.499,0.));
#13184=CARTESIAN_POINT('',(-4.6063209076175,-32.499,11.2954618197399));
#13185=CARTESIAN_POINT('',(-4.6063209076175,-32.499,11.599351609043));
#13186=CARTESIAN_POINT('',(-4.6063209076175,-32.499,5.64773090986997));
#13187=CARTESIAN_POINT('',(-3.7837925445705,-32.499,11.2954618197399));
#13188=CARTESIAN_POINT('',(-18.1418962722852,-32.499,11.2954618197399));
#13189=CARTESIAN_POINT('',(-3.7837925445705,-32.499,11.599351609043));
#13190=CARTESIAN_POINT('',(-3.7837925445705,-32.499,5.79967580452151));
#13191=CARTESIAN_POINT('',(-18.5531604538087,-32.499,11.599351609043));
#13192=CARTESIAN_POINT('Origin',(-3.78379254457051,69.8088101806059,11.2954618197399));
#13193=CARTESIAN_POINT('',(-3.7837925445705,-32.5,11.2954618197399));
#13194=CARTESIAN_POINT('',(-4.6063209076175,-32.5,11.2954618197399));
#13195=CARTESIAN_POINT('',(-18.1418962722852,-32.5,11.2954618197399));
#13196=CARTESIAN_POINT('',(-3.78379254457051,69.8088101806059,11.2954618197399));
#13197=CARTESIAN_POINT('',(-4.60632090761751,69.8088101806059,11.2954618197399));
#13198=CARTESIAN_POINT('Origin',(-4.60632090761751,69.8088101806059,11.2954618197399));
#13199=CARTESIAN_POINT('',(-4.6063209076175,-32.5,11.599351609043));
#13200=CARTESIAN_POINT('',(-4.6063209076175,-32.5,5.64773090986997));
#13201=CARTESIAN_POINT('',(-4.60632090761751,69.8088101806059,11.599351609043));
#13202=CARTESIAN_POINT('Origin',(-4.60632090761751,69.8088101806059,11.599351609043));
#13203=CARTESIAN_POINT('',(-3.7837925445705,-32.5,11.599351609043));
#13204=CARTESIAN_POINT('',(-18.5531604538087,-32.5,11.599351609043));
#13205=CARTESIAN_POINT('',(-3.78379254457051,69.8088101806059,11.599351609043));
#13206=CARTESIAN_POINT('Origin',(-3.78379254457051,69.8088101806059,11.599351609043));
#13207=CARTESIAN_POINT('',(-3.7837925445705,-32.5,5.79967580452151));
#13208=CARTESIAN_POINT('Origin',(1.31750405186385,69.8088101806059,12.8534034729004));
#13209=CARTESIAN_POINT('',(1.31750405186386,-32.5,12.8534034729004));
#13210=CARTESIAN_POINT('',(1.81183144246354,-32.5,12.8534034729004));
#13211=CARTESIAN_POINT('',(-15.5912479740681,-32.5,12.8534034729004));
#13212=CARTESIAN_POINT('',(1.31750405186386,-32.499,12.8534034729004));
#13213=CARTESIAN_POINT('',(1.31750405186385,69.8088101806059,12.8534034729004));
#13214=CARTESIAN_POINT('',(1.81183144246354,-32.499,12.8534034729004));
#13215=CARTESIAN_POINT('',(-15.5912479740681,-32.499,12.8534034729004));
#13216=CARTESIAN_POINT('',(1.81183144246352,69.8088101806059,12.8534034729004));
#13217=CARTESIAN_POINT('Origin',(1.31750405186385,69.8088101806059,10.3534034729004));
#13218=CARTESIAN_POINT('',(1.31750405186386,-32.5,10.3534034729004));
#13219=CARTESIAN_POINT('',(1.31750405186386,-32.5,5.1767017364502));
#13220=CARTESIAN_POINT('',(1.31750405186386,-32.499,10.3534034729004));
#13221=CARTESIAN_POINT('',(1.31750405186385,69.8088101806059,10.3534034729004));
#13222=CARTESIAN_POINT('',(1.31750405186386,-32.499,5.1767017364502));
#13223=CARTESIAN_POINT('Origin',(1.81790923824959,69.8088101806059,10.3534034729004));
#13224=CARTESIAN_POINT('',(1.8179092382496,-32.5,10.3534034729004));
#13225=CARTESIAN_POINT('',(-15.3410453808752,-32.5,10.3534034729004));
#13226=CARTESIAN_POINT('',(1.8179092382496,-32.499,10.3534034729004));
#13227=CARTESIAN_POINT('',(1.81790923824959,69.8088101806059,10.3534034729004));
#13228=CARTESIAN_POINT('',(-15.3410453808752,-32.499,10.3534034729004));
#13229=CARTESIAN_POINT('Ctrl Pts',(2.72957860615882,69.8088101806059,11.6054294048291));
#13230=CARTESIAN_POINT('Ctrl Pts',(2.72957860615885,-134.808810180606,11.6054294048291));
#13231=CARTESIAN_POINT('Ctrl Pts',(2.72957860615882,69.8088101806059,11.8931117387027));
#13232=CARTESIAN_POINT('Ctrl Pts',(2.72957860615885,-134.808810180606,11.8931117387027));
#13233=CARTESIAN_POINT('Ctrl Pts',(2.56345218800647,69.8088101806059,12.3003240563688));
#13234=CARTESIAN_POINT('Ctrl Pts',(2.5634521880065,-134.808810180606,12.3003240563688));
#13235=CARTESIAN_POINT('Ctrl Pts',(2.39935170178281,69.8088101806059,12.415802176304));
#13236=CARTESIAN_POINT('Ctrl Pts',(2.39935170178284,-134.808810180606,12.415802176304));
#13237=CARTESIAN_POINT('',(2.72957860615884,-32.5,11.6054294048291));
#13238=CARTESIAN_POINT('',(2.39935170178283,-32.5,12.415802176304));
#13239=CARTESIAN_POINT('Ctrl Pts',(2.72957860615884,-32.5,11.6054294048291));
#13240=CARTESIAN_POINT('Ctrl Pts',(2.72957860615884,-32.5,11.8931117387027));
#13241=CARTESIAN_POINT('Ctrl Pts',(2.56345218800649,-32.5,12.3003240563688));
#13242=CARTESIAN_POINT('Ctrl Pts',(2.39935170178283,-32.5,12.415802176304));
#13243=CARTESIAN_POINT('',(2.72957860615884,-32.499,11.6054294048291));
#13244=CARTESIAN_POINT('',(2.72957860615882,69.8088101806059,11.6054294048291));
#13245=CARTESIAN_POINT('',(2.39935170178283,-32.499,12.415802176304));
#13246=CARTESIAN_POINT('Ctrl Pts',(2.72957860615884,-32.499,11.6054294048291));
#13247=CARTESIAN_POINT('Ctrl Pts',(2.72957860615884,-32.499,11.7972176274115));
#13248=CARTESIAN_POINT('Ctrl Pts',(2.70189086980011,-32.499,11.9609804583137));
#13249=CARTESIAN_POINT('Ctrl Pts',(2.64651539708266,-32.499,12.0967178975357));
#13250=CARTESIAN_POINT('Ctrl Pts',(2.59113992436521,-32.499,12.2324553367578));
#13251=CARTESIAN_POINT('Ctrl Pts',(2.50875202593193,-32.499,12.3388167630138));
#13252=CARTESIAN_POINT('Ctrl Pts',(2.39935170178283,-32.499,12.415802176304));
#13253=CARTESIAN_POINT('',(2.39935170178281,69.8088101806059,12.415802176304));
#13254=CARTESIAN_POINT('Ctrl Pts',(2.39935170178281,69.8088101806059,12.415802176304));
#13255=CARTESIAN_POINT('Ctrl Pts',(2.39935170178284,-134.808810180606,12.415802176304));
#13256=CARTESIAN_POINT('Ctrl Pts',(2.28589951377633,69.8088101806059,12.4948135215228));
#13257=CARTESIAN_POINT('Ctrl Pts',(2.28589951377636,-134.808810180606,12.4948135215228));
#13258=CARTESIAN_POINT('Ctrl Pts',(2.02252836304699,69.8088101806059,12.5657211390268));
#13259=CARTESIAN_POINT('Ctrl Pts',(2.02252836304702,-134.808810180606,12.5657211390268));
#13260=CARTESIAN_POINT('Ctrl Pts',(1.82803889789302,69.8088101806059,12.5657211390268));
#13261=CARTESIAN_POINT('Ctrl Pts',(1.82803889789305,-134.808810180606,12.5657211390268));
#13262=CARTESIAN_POINT('',(1.82803889789303,-32.5,12.5657211390268));
#13263=CARTESIAN_POINT('Ctrl Pts',(2.39935170178283,-32.5,12.415802176304));
#13264=CARTESIAN_POINT('Ctrl Pts',(2.28589951377634,-32.5,12.4948135215228));
#13265=CARTESIAN_POINT('Ctrl Pts',(2.02252836304701,-32.5,12.5657211390268));
#13266=CARTESIAN_POINT('Ctrl Pts',(1.82803889789303,-32.5,12.5657211390268));
#13267=CARTESIAN_POINT('',(1.82803889789303,-32.499,12.5657211390268));
#13268=CARTESIAN_POINT('Ctrl Pts',(2.39935170178283,-32.499,12.415802176304));
#13269=CARTESIAN_POINT('Ctrl Pts',(2.3237169097785,-32.499,12.4684764064498));
#13270=CARTESIAN_POINT('Ctrl Pts',(2.24200432198812,-32.499,12.5066314577734));
#13271=CARTESIAN_POINT('Ctrl Pts',(2.15421393841168,-32.499,12.5302673302748));
#13272=CARTESIAN_POINT('Ctrl Pts',(2.06642355483523,-32.499,12.5539032027761));
#13273=CARTESIAN_POINT('Ctrl Pts',(1.95769854132902,-32.499,12.5657211390268));
#13274=CARTESIAN_POINT('Ctrl Pts',(1.82803889789303,-32.499,12.5657211390268));
#13275=CARTESIAN_POINT('',(1.82803889789302,69.8088101806059,12.5657211390268));
#13276=CARTESIAN_POINT('Origin',(1.60721231766612,69.8088101806059,12.5657211390268));
#13277=CARTESIAN_POINT('',(1.60721231766613,-32.5,12.5657211390268));
#13278=CARTESIAN_POINT('',(-15.4463938411669,-32.5,12.5657211390268));
#13279=CARTESIAN_POINT('',(1.60721231766613,-32.499,12.5657211390268));
#13280=CARTESIAN_POINT('',(-15.4463938411669,-32.499,12.5657211390268));
#13281=CARTESIAN_POINT('',(1.60721231766612,69.8088101806059,12.5657211390268));
#13282=CARTESIAN_POINT('Ctrl Pts',(1.81790923824959,69.8088101806059,10.3534034729004));
#13283=CARTESIAN_POINT('Ctrl Pts',(1.81790923824961,-134.808810180606,10.3534034729004));
#13284=CARTESIAN_POINT('Ctrl Pts',(2.08128038897892,69.8088101806059,10.3534034729004));
#13285=CARTESIAN_POINT('Ctrl Pts',(2.08128038897895,-134.808810180606,10.3534034729004));
#13286=CARTESIAN_POINT('Ctrl Pts',(2.42163695299837,69.8088101806059,10.4344407500479));
#13287=CARTESIAN_POINT('Ctrl Pts',(2.4216369529984,-134.808810180606,10.4344407500479));
#13288=CARTESIAN_POINT('Ctrl Pts',(2.58573743922204,69.8088101806059,10.5539707338404));
#13289=CARTESIAN_POINT('Ctrl Pts',(2.58573743922206,-134.808810180606,10.5539707338404));
#13290=CARTESIAN_POINT('',(2.58573743922205,-32.5,10.5539707338404));
#13291=CARTESIAN_POINT('Ctrl Pts',(2.58573743922205,-32.5,10.5539707338404));
#13292=CARTESIAN_POINT('Ctrl Pts',(2.42163695299838,-32.5,10.4344407500479));
#13293=CARTESIAN_POINT('Ctrl Pts',(2.08128038897894,-32.5,10.3534034729004));
#13294=CARTESIAN_POINT('Ctrl Pts',(1.8179092382496,-32.5,10.3534034729004));
#13295=CARTESIAN_POINT('',(2.58573743922205,-32.499,10.5539707338404));
#13296=CARTESIAN_POINT('',(2.58573743922204,69.8088101806059,10.5539707338404));
#13297=CARTESIAN_POINT('Ctrl Pts',(2.58573743922205,-32.499,10.5539707338404));
#13298=CARTESIAN_POINT('Ctrl Pts',(2.47633711507294,-32.499,10.4742840779787));
#13299=CARTESIAN_POINT('Ctrl Pts',(2.36491085899514,-32.499,10.42093453719));
#13300=CARTESIAN_POINT('Ctrl Pts',(2.25145867098866,-32.499,10.3939221114741));
#13301=CARTESIAN_POINT('Ctrl Pts',(2.13800648298218,-32.499,10.3669096857583));
#13302=CARTESIAN_POINT('Ctrl Pts',(1.99349000540249,-32.499,10.3534034729004));
#13303=CARTESIAN_POINT('Ctrl Pts',(1.8179092382496,-32.499,10.3534034729004));
#13304=CARTESIAN_POINT('Ctrl Pts',(2.58573743922204,69.8088101806059,10.5539707338404));
#13305=CARTESIAN_POINT('Ctrl Pts',(2.58573743922206,-134.808810180606,10.5539707338404));
#13306=CARTESIAN_POINT('Ctrl Pts',(2.78833063209075,69.8088101806059,10.7079415604207));
#13307=CARTESIAN_POINT('Ctrl Pts',(2.78833063209078,-134.808810180606,10.7079415604207));
#13308=CARTESIAN_POINT('Ctrl Pts',(3.02941653160453,69.8088101806059,11.2589950450236));
#13309=CARTESIAN_POINT('Ctrl Pts',(3.02941653160456,-134.808810180606,11.2589950450236));
#13310=CARTESIAN_POINT('Ctrl Pts',(3.02941653160453,69.8088101806059,11.6013775409717));
#13311=CARTESIAN_POINT('Ctrl Pts',(3.02941653160456,-134.808810180606,11.6013775409717));
#13312=CARTESIAN_POINT('',(3.02941653160454,-32.5,11.6013775409717));
#13313=CARTESIAN_POINT('Ctrl Pts',(3.02941653160454,-32.5,11.6013775409717));
#13314=CARTESIAN_POINT('Ctrl Pts',(3.02941653160454,-32.5,11.2589950450236));
#13315=CARTESIAN_POINT('Ctrl Pts',(2.78833063209077,-32.5,10.7079415604207));
#13316=CARTESIAN_POINT('Ctrl Pts',(2.58573743922205,-32.5,10.5539707338404));
#13317=CARTESIAN_POINT('',(3.02941653160454,-32.499,11.6013775409717));
#13318=CARTESIAN_POINT('',(3.02941653160453,69.8088101806059,11.6013775409717));
#13319=CARTESIAN_POINT('Ctrl Pts',(3.02941653160454,-32.499,11.6013775409717));
#13320=CARTESIAN_POINT('Ctrl Pts',(3.02941653160454,-32.499,11.3731225436729));
#13321=CARTESIAN_POINT('Ctrl Pts',(2.98923554835225,-32.499,11.1671527975897));
#13322=CARTESIAN_POINT('Ctrl Pts',(2.90887358184766,-32.499,10.9834683027221));
#13323=CARTESIAN_POINT('Ctrl Pts',(2.82851161534306,-32.499,10.7997838078545));
#13324=CARTESIAN_POINT('Ctrl Pts',(2.72079956780119,-32.499,10.6566179515606));
#13325=CARTESIAN_POINT('Ctrl Pts',(2.58573743922205,-32.499,10.5539707338404));
#13326=CARTESIAN_POINT('Ctrl Pts',(3.02941653160453,69.8088101806059,11.6013775409717));
#13327=CARTESIAN_POINT('Ctrl Pts',(3.02941653160456,-134.808810180606,11.6013775409717));
#13328=CARTESIAN_POINT('Ctrl Pts',(3.02941653160453,69.8088101806059,11.9660452881354));
#13329=CARTESIAN_POINT('Ctrl Pts',(3.02941653160456,-134.808810180606,11.9660452881354));
#13330=CARTESIAN_POINT('Ctrl Pts',(2.79846029173419,69.8088101806059,12.4948135215228));
#13331=CARTESIAN_POINT('Ctrl Pts',(2.79846029173422,-134.808810180606,12.4948135215228));
#13332=CARTESIAN_POINT('Ctrl Pts',(2.58978930307941,69.8088101806059,12.654862143889));
#13333=CARTESIAN_POINT('Ctrl Pts',(2.58978930307944,-134.808810180606,12.654862143889));
#13334=CARTESIAN_POINT('',(2.58978930307942,-32.5,12.654862143889));
#13335=CARTESIAN_POINT('Ctrl Pts',(2.58978930307942,-32.5,12.654862143889));
#13336=CARTESIAN_POINT('Ctrl Pts',(2.7984602917342,-32.5,12.4948135215228));
#13337=CARTESIAN_POINT('Ctrl Pts',(3.02941653160454,-32.5,11.9660452881354));
#13338=CARTESIAN_POINT('Ctrl Pts',(3.02941653160454,-32.5,11.6013775409717));
#13339=CARTESIAN_POINT('',(2.58978930307942,-32.499,12.654862143889));
#13340=CARTESIAN_POINT('',(2.58978930307941,69.8088101806059,12.654862143889));
#13341=CARTESIAN_POINT('Ctrl Pts',(2.58978930307942,-32.499,12.654862143889));
#13342=CARTESIAN_POINT('Ctrl Pts',(2.72890329551594,-32.499,12.5481630623115));
#13343=CARTESIAN_POINT('Ctrl Pts',(2.83695299837926,-32.499,12.4066854826249));
#13344=CARTESIAN_POINT('Ctrl Pts',(2.91393841166937,-32.499,12.2304294048291));
#13345=CARTESIAN_POINT('Ctrl Pts',(2.99092382495949,-32.499,12.0541733270333));
#13346=CARTESIAN_POINT('Ctrl Pts',(3.02941653160454,-32.499,11.8444893724142));
#13347=CARTESIAN_POINT('Ctrl Pts',(3.02941653160454,-32.499,11.6013775409717));
#13348=CARTESIAN_POINT('Ctrl Pts',(2.58978930307941,69.8088101806059,12.654862143889));
#13349=CARTESIAN_POINT('Ctrl Pts',(2.58978930307944,-134.808810180606,12.654862143889));
#13350=CARTESIAN_POINT('Ctrl Pts',(2.46620745542949,69.8088101806059,12.7480550126087));
#13351=CARTESIAN_POINT('Ctrl Pts',(2.46620745542951,-134.808810180606,12.7480550126087));
#13352=CARTESIAN_POINT('Ctrl Pts',(2.11774716369529,69.8088101806059,12.8534034729004));
#13353=CARTESIAN_POINT('Ctrl Pts',(2.11774716369532,-134.808810180606,12.8534034729004));
#13354=CARTESIAN_POINT('Ctrl Pts',(1.81183144246352,69.8088101806059,12.8534034729004));
#13355=CARTESIAN_POINT('Ctrl Pts',(1.81183144246355,-134.808810180606,12.8534034729004));
#13356=CARTESIAN_POINT('Ctrl Pts',(1.81183144246354,-32.5,12.8534034729004));
#13357=CARTESIAN_POINT('Ctrl Pts',(2.1177471636953,-32.5,12.8534034729004));
#13358=CARTESIAN_POINT('Ctrl Pts',(2.4662074554295,-32.5,12.7480550126087));
#13359=CARTESIAN_POINT('Ctrl Pts',(2.58978930307942,-32.5,12.654862143889));
#13360=CARTESIAN_POINT('Ctrl Pts',(1.81183144246354,-32.499,12.8534034729004));
#13361=CARTESIAN_POINT('Ctrl Pts',(2.01577525661805,-32.499,12.8534034729004));
#13362=CARTESIAN_POINT('Ctrl Pts',(2.17582387898434,-32.499,12.8358453961851));
#13363=CARTESIAN_POINT('Ctrl Pts',(2.2919773095624,-32.499,12.8007292427545));
#13364=CARTESIAN_POINT('Ctrl Pts',(2.40813074014047,-32.499,12.7656130893239));
#13365=CARTESIAN_POINT('Ctrl Pts',(2.50740140464614,-32.499,12.7169907230355));
#13366=CARTESIAN_POINT('Ctrl Pts',(2.58978930307942,-32.499,12.654862143889));
#13367=CARTESIAN_POINT('Ctrl Pts',(2.42771474878443,69.8088101806059,10.8072122249263));
#13368=CARTESIAN_POINT('Ctrl Pts',(2.42771474878446,-134.808810180606,10.8072122249263));
#13369=CARTESIAN_POINT('Ctrl Pts',(2.57763371150729,69.8088101806059,10.9247162767902));
#13370=CARTESIAN_POINT('Ctrl Pts',(2.57763371150731,-134.808810180606,10.9247162767902));
#13371=CARTESIAN_POINT('Ctrl Pts',(2.72957860615882,69.8088101806059,11.3136952070981));
#13372=CARTESIAN_POINT('Ctrl Pts',(2.72957860615885,-134.808810180606,11.3136952070981));
#13373=CARTESIAN_POINT('Ctrl Pts',(2.72957860615882,69.8088101806059,11.6054294048291));
#13374=CARTESIAN_POINT('Ctrl Pts',(2.72957860615885,-134.808810180606,11.6054294048291));
#13375=CARTESIAN_POINT('',(2.42771474878444,-32.5,10.8072122249263));
#13376=CARTESIAN_POINT('Ctrl Pts',(2.42771474878444,-32.5,10.8072122249263));
#13377=CARTESIAN_POINT('Ctrl Pts',(2.5776337115073,-32.5,10.9247162767902));
#13378=CARTESIAN_POINT('Ctrl Pts',(2.72957860615884,-32.5,11.3136952070981));
#13379=CARTESIAN_POINT('Ctrl Pts',(2.72957860615884,-32.5,11.6054294048291));
#13380=CARTESIAN_POINT('',(2.42771474878444,-32.499,10.8072122249263));
#13381=CARTESIAN_POINT('',(2.42771474878443,69.8088101806059,10.8072122249263));
#13382=CARTESIAN_POINT('Ctrl Pts',(2.42771474878444,-32.499,10.8072122249263));
#13383=CARTESIAN_POINT('Ctrl Pts',(2.52766072393301,-32.499,10.8855482595022));
#13384=CARTESIAN_POINT('Ctrl Pts',(2.60295786061589,-32.499,10.9895460985082));
#13385=CARTESIAN_POINT('Ctrl Pts',(2.65360615883307,-32.499,11.1192057419442));
#13386=CARTESIAN_POINT('Ctrl Pts',(2.70425445705025,-32.499,11.2488653853801));
#13387=CARTESIAN_POINT('Ctrl Pts',(2.72957860615884,-32.499,11.4109399396751));
#13388=CARTESIAN_POINT('Ctrl Pts',(2.72957860615884,-32.499,11.6054294048291));
#13389=CARTESIAN_POINT('Ctrl Pts',(1.82803889789302,69.8088101806059,10.641085806774));
#13390=CARTESIAN_POINT('Ctrl Pts',(1.82803889789305,-134.808810180606,10.641085806774));
#13391=CARTESIAN_POINT('Ctrl Pts',(2.0205024311183,69.8088101806059,10.641085806774));
#13392=CARTESIAN_POINT('Ctrl Pts',(2.02050243111833,-134.808810180606,10.641085806774));
#13393=CARTESIAN_POINT('Ctrl Pts',(2.30818476499189,69.8088101806059,10.711993424278));
#13394=CARTESIAN_POINT('Ctrl Pts',(2.30818476499191,-134.808810180606,10.711993424278));
#13395=CARTESIAN_POINT('Ctrl Pts',(2.42771474878443,69.8088101806059,10.8072122249263));
#13396=CARTESIAN_POINT('Ctrl Pts',(2.42771474878446,-134.808810180606,10.8072122249263));
#13397=CARTESIAN_POINT('',(1.82803889789303,-32.5,10.641085806774));
#13398=CARTESIAN_POINT('Ctrl Pts',(1.82803889789303,-32.5,10.641085806774));
#13399=CARTESIAN_POINT('Ctrl Pts',(2.02050243111832,-32.5,10.641085806774));
#13400=CARTESIAN_POINT('Ctrl Pts',(2.3081847649919,-32.5,10.711993424278));
#13401=CARTESIAN_POINT('Ctrl Pts',(2.42771474878444,-32.5,10.8072122249263));
#13402=CARTESIAN_POINT('',(1.82803889789303,-32.499,10.641085806774));
#13403=CARTESIAN_POINT('',(1.82803889789302,69.8088101806059,10.641085806774));
#13404=CARTESIAN_POINT('Ctrl Pts',(1.82803889789303,-32.499,10.641085806774));
#13405=CARTESIAN_POINT('Ctrl Pts',(1.95634792004322,-32.499,10.641085806774));
#13406=CARTESIAN_POINT('Ctrl Pts',(2.06844948676392,-32.499,10.6529037430246));
#13407=CARTESIAN_POINT('Ctrl Pts',(2.16434359805511,-32.499,10.676539615526));
#13408=CARTESIAN_POINT('Ctrl Pts',(2.2602377093463,-32.499,10.7001754880273));
#13409=CARTESIAN_POINT('Ctrl Pts',(2.34802809292275,-32.499,10.7437330244941));
#13410=CARTESIAN_POINT('Ctrl Pts',(2.42771474878444,-32.499,10.8072122249263));
#13411=CARTESIAN_POINT('Origin',(1.82803889789302,69.8088101806059,10.641085806774));
#13412=CARTESIAN_POINT('',(1.60721231766613,-32.5,10.641085806774));
#13413=CARTESIAN_POINT('',(-15.3359805510535,-32.5,10.641085806774));
#13414=CARTESIAN_POINT('',(1.60721231766613,-32.499,10.641085806774));
#13415=CARTESIAN_POINT('',(1.60721231766612,69.8088101806059,10.641085806774));
#13416=CARTESIAN_POINT('',(-15.3359805510535,-32.499,10.641085806774));
#13417=CARTESIAN_POINT('Origin',(1.60721231766612,69.8088101806059,10.641085806774));
#13418=CARTESIAN_POINT('',(1.60721231766613,-32.5,5.32054290338699));
#13419=CARTESIAN_POINT('',(1.60721231766613,-32.499,5.32054290338699));
#13420=CARTESIAN_POINT('Origin',(-32.5,-32.499,0.));
#13421=CARTESIAN_POINT('Origin',(-32.5,-32.499,0.));
#13422=CARTESIAN_POINT('',(-0.838087520259312,-32.499,10.5357373464822));
#13423=CARTESIAN_POINT('',(-1.32228525121555,-32.499,10.3007292427545));
#13424=CARTESIAN_POINT('Ctrl Pts',(-0.838087520259312,-32.499,10.5357373464822));
#13425=CARTESIAN_POINT('Ctrl Pts',(-0.902917341977303,-32.499,10.4587519331921));
#13426=CARTESIAN_POINT('Ctrl Pts',(-0.975513236088594,-32.499,10.4003375625816));
#13427=CARTESIAN_POINT('Ctrl Pts',(-1.05587520259319,-32.499,10.3604942346508));
#13428=CARTESIAN_POINT('Ctrl Pts',(-1.13623716909778,-32.499,10.3206509067199));
#13429=CARTESIAN_POINT('Ctrl Pts',(-1.22504051863857,-32.499,10.3007292427545));
#13430=CARTESIAN_POINT('Ctrl Pts',(-1.32228525121555,-32.499,10.3007292427545));
#13431=CARTESIAN_POINT('',(-0.633468395461905,-32.499,11.1637762443753));
#13432=CARTESIAN_POINT('Ctrl Pts',(-0.633468395461905,-32.499,11.1637762443753));
#13433=CARTESIAN_POINT('Ctrl Pts',(-0.633468395461905,-32.499,11.0354672222251));
#13434=CARTESIAN_POINT('Ctrl Pts',(-0.652039438141538,-32.499,10.9169502043969));
#13435=CARTESIAN_POINT('Ctrl Pts',(-0.689181523500804,-32.499,10.8082251908907));
#13436=CARTESIAN_POINT('Ctrl Pts',(-0.72632360886007,-32.499,10.6995001773845));
#13437=CARTESIAN_POINT('Ctrl Pts',(-0.775958941112906,-32.499,10.608670895915));
#13438=CARTESIAN_POINT('Ctrl Pts',(-0.838087520259312,-32.499,10.5357373464822));
#13439=CARTESIAN_POINT('',(-0.868476499189619,-32.499,11.8019448019117));
#13440=CARTESIAN_POINT('Ctrl Pts',(-0.868476499189619,-32.499,11.8019448019117));
#13441=CARTESIAN_POINT('Ctrl Pts',(-0.790140464613716,-32.499,11.7330631163364));
#13442=CARTESIAN_POINT('Ctrl Pts',(-0.731388438681788,-32.499,11.6452727327599));
#13443=CARTESIAN_POINT('Ctrl Pts',(-0.692220421393834,-32.499,11.5385736511824));
#13444=CARTESIAN_POINT('Ctrl Pts',(-0.653052404105881,-32.499,11.4318745696049));
#13445=CARTESIAN_POINT('Ctrl Pts',(-0.633468395461905,-32.499,11.3069421006692));
#13446=CARTESIAN_POINT('Ctrl Pts',(-0.633468395461905,-32.499,11.1637762443753));
#13447=CARTESIAN_POINT('',(-1.28987034035656,-32.499,11.9498378327059));
#13448=CARTESIAN_POINT('Ctrl Pts',(-1.28987034035656,-32.499,11.9498378327059));
#13449=CARTESIAN_POINT('Ctrl Pts',(-1.20613182063749,-32.499,11.9498378327059));
#13450=CARTESIAN_POINT('Ctrl Pts',(-1.13252296056185,-32.499,11.9400458283839));
#13451=CARTESIAN_POINT('Ctrl Pts',(-1.06904376012965,-32.499,11.9204618197399));
#13452=CARTESIAN_POINT('Ctrl Pts',(-1.00556455969745,-32.499,11.900877811096));
#13453=CARTESIAN_POINT('Ctrl Pts',(-0.938708806050777,-32.499,11.8613721384866));
#13454=CARTESIAN_POINT('Ctrl Pts',(-0.868476499189619,-32.499,11.8019448019117));
#13455=CARTESIAN_POINT('',(-1.7416531604538,-32.499,11.7756076868388));
#13456=CARTESIAN_POINT('Ctrl Pts',(-1.7416531604538,-32.499,11.7756076868388));
#13457=CARTESIAN_POINT('Ctrl Pts',(-1.67277147487844,-32.499,11.8309831595563));
#13458=CARTESIAN_POINT('Ctrl Pts',(-1.60186385737439,-32.499,11.8738653853801));
#13459=CARTESIAN_POINT('Ctrl Pts',(-1.52893030794165,-32.499,11.9042543643104));
#13460=CARTESIAN_POINT('Ctrl Pts',(-1.45599675850891,-32.499,11.9346433432407));
#13461=CARTESIAN_POINT('Ctrl Pts',(-1.37631010264721,-32.499,11.9498378327059));
#13462=CARTESIAN_POINT('Ctrl Pts',(-1.28987034035656,-32.499,11.9498378327059));
#13463=CARTESIAN_POINT('',(-1.10753646677471,-32.499,12.6102916414579));
#13464=CARTESIAN_POINT('Ctrl Pts',(-1.10753646677471,-32.499,12.6102916414579));
#13465=CARTESIAN_POINT('Ctrl Pts',(-1.28716909778498,-32.499,12.6102916414579));
#13466=CARTESIAN_POINT('Ctrl Pts',(-1.43269854132901,-32.499,12.5400593345968));
#13467=CARTESIAN_POINT('Ctrl Pts',(-1.5441247974068,-32.499,12.3995947208745));
#13468=CARTESIAN_POINT('Ctrl Pts',(-1.6555510534846,-32.499,12.2591301071521));
#13469=CARTESIAN_POINT('Ctrl Pts',(-1.72139384116693,-32.499,12.0511344291403));
#13470=CARTESIAN_POINT('Ctrl Pts',(-1.7416531604538,-32.499,11.7756076868388));
#13471=CARTESIAN_POINT('',(-0.834035656401939,-32.499,12.5434358878112));
#13472=CARTESIAN_POINT('Ctrl Pts',(-0.834035656401939,-32.499,12.5434358878112));
#13473=CARTESIAN_POINT('Ctrl Pts',(-0.861048082117767,-32.499,12.5596433432407));
#13474=CARTESIAN_POINT('Ctrl Pts',(-0.899203133441375,-32.499,12.5748378327059));
#13475=CARTESIAN_POINT('Ctrl Pts',(-0.948500810372763,-32.499,12.5890193562067));
#13476=CARTESIAN_POINT('Ctrl Pts',(-0.997798487304152,-32.499,12.6032008797075));
#13477=CARTESIAN_POINT('Ctrl Pts',(-1.05081037277147,-32.499,12.6102916414579));
#13478=CARTESIAN_POINT('Ctrl Pts',(-1.10753646677471,-32.499,12.6102916414579));
#13479=CARTESIAN_POINT('',(-0.821880064829816,-32.499,12.5434358878112));
#13480=CARTESIAN_POINT('',(-16.6609400324149,-32.499,12.5434358878112));
#13481=CARTESIAN_POINT('',(-0.821880064829816,-32.499,12.8655590644725));
#13482=CARTESIAN_POINT('',(-0.821880064829816,-32.499,6.43277953223626));
#13483=CARTESIAN_POINT('',(-1.06904376012965,-32.499,12.8999999072602));
#13484=CARTESIAN_POINT('Ctrl Pts',(-1.06904376012965,-32.499,12.8999999072602));
#13485=CARTESIAN_POINT('Ctrl Pts',(-1.02042139384116,-32.499,12.8999999072602));
#13486=CARTESIAN_POINT('Ctrl Pts',(-0.975175580767145,-32.499,12.8972986646886));
#13487=CARTESIAN_POINT('Ctrl Pts',(-0.93330632090761,-32.499,12.8918961795454));
#13488=CARTESIAN_POINT('Ctrl Pts',(-0.891437061048075,-32.499,12.8864936944023));
#13489=CARTESIAN_POINT('Ctrl Pts',(-0.854294975688811,-32.499,12.8777146560446));
#13490=CARTESIAN_POINT('Ctrl Pts',(-0.821880064829816,-32.499,12.8655590644725));
#13491=CARTESIAN_POINT('',(-1.80445705024311,-32.499,12.4968394534514));
#13492=CARTESIAN_POINT('Ctrl Pts',(-1.80445705024311,-32.499,12.4968394534514));
#13493=CARTESIAN_POINT('Ctrl Pts',(-1.72477039438141,-32.499,12.6237978543158));
#13494=CARTESIAN_POINT('Ctrl Pts',(-1.62279848730415,-32.499,12.7227308635001));
#13495=CARTESIAN_POINT('Ctrl Pts',(-1.49854132901134,-32.499,12.7936384810041));
#13496=CARTESIAN_POINT('Ctrl Pts',(-1.37428417071852,-32.499,12.8645460985082));
#13497=CARTESIAN_POINT('Ctrl Pts',(-1.23111831442463,-32.499,12.8999999072602));
#13498=CARTESIAN_POINT('Ctrl Pts',(-1.06904376012965,-32.499,12.8999999072602));
#13499=CARTESIAN_POINT('',(-2.04149108589951,-32.499,11.4514585782489));
#13500=CARTESIAN_POINT('Ctrl Pts',(-2.04149108589951,-32.499,11.4514585782489));
#13501=CARTESIAN_POINT('Ctrl Pts',(-2.04149108589951,-32.499,11.6689086052613));
#13502=CARTESIAN_POINT('Ctrl Pts',(-2.02190707725553,-32.499,11.8650863470225));
#13503=CARTESIAN_POINT('Ctrl Pts',(-1.98273905996758,-32.499,12.0399918035325));
#13504=CARTESIAN_POINT('Ctrl Pts',(-1.94357104267963,-32.499,12.2148972600425));
#13505=CARTESIAN_POINT('Ctrl Pts',(-1.8841437061048,-32.499,12.3671798100155));
#13506=CARTESIAN_POINT('Ctrl Pts',(-1.80445705024311,-32.499,12.4968394534514));
#13507=CARTESIAN_POINT('',(-1.80243111831442,-32.499,10.5276336187675));
#13508=CARTESIAN_POINT('Ctrl Pts',(-1.80243111831442,-32.499,10.5276336187675));
#13509=CARTESIAN_POINT('Ctrl Pts',(-1.87671528903295,-32.499,10.6181252449155));
#13510=CARTESIAN_POINT('Ctrl Pts',(-1.93512965964343,-32.499,10.7393435053153));
#13511=CARTESIAN_POINT('Ctrl Pts',(-1.97767423014586,-32.499,10.8912883999668));
#13512=CARTESIAN_POINT('Ctrl Pts',(-2.02021880064829,-32.499,11.0432332946184));
#13513=CARTESIAN_POINT('Ctrl Pts',(-2.04149108589951,-32.499,11.2299566873791));
#13514=CARTESIAN_POINT('Ctrl Pts',(-2.04149108589951,-32.499,11.4514585782489));
#13515=CARTESIAN_POINT('Ctrl Pts',(-1.32228525121555,-32.499,10.3007292427545));
#13516=CARTESIAN_POINT('Ctrl Pts',(-1.42088060507833,-32.499,10.3007292427545));
#13517=CARTESIAN_POINT('Ctrl Pts',(-1.51035926526201,-32.499,10.3196379407556));
#13518=CARTESIAN_POINT('Ctrl Pts',(-1.59072123176661,-32.499,10.3574553367578));
#13519=CARTESIAN_POINT('Ctrl Pts',(-1.6710831982712,-32.499,10.3952727327599));
#13520=CARTESIAN_POINT('Ctrl Pts',(-1.7416531604538,-32.499,10.4519988267632));
#13521=CARTESIAN_POINT('Ctrl Pts',(-1.80243111831442,-32.499,10.5276336187675));
#13522=CARTESIAN_POINT('',(-1.32025931928686,-32.499,10.5742300531273));
#13523=CARTESIAN_POINT('',(-0.929254457050237,-32.499,11.1495947208745));
#13524=CARTESIAN_POINT('Ctrl Pts',(-1.32025931928686,-32.499,10.5742300531273));
#13525=CARTESIAN_POINT('Ctrl Pts',(-1.2041058887088,-32.499,10.5742300531273));
#13526=CARTESIAN_POINT('Ctrl Pts',(-1.10990005402485,-32.499,10.6221771087729));
#13527=CARTESIAN_POINT('Ctrl Pts',(-1.037641815235,-32.499,10.7180712200641));
#13528=CARTESIAN_POINT('Ctrl Pts',(-0.965383576445159,-32.499,10.8139653313553));
#13529=CARTESIAN_POINT('Ctrl Pts',(-0.929254457050237,-32.499,10.9578064982921));
#13530=CARTESIAN_POINT('Ctrl Pts',(-0.929254457050237,-32.499,11.1495947208745));
#13531=CARTESIAN_POINT('',(-1.59376012965964,-32.499,10.7160452881354));
#13532=CARTESIAN_POINT('Ctrl Pts',(-1.59376012965964,-32.499,10.7160452881354));
#13533=CARTESIAN_POINT('Ctrl Pts',(-1.5518908698001,-32.499,10.6633710579895));
#13534=CARTESIAN_POINT('Ctrl Pts',(-1.50867098865477,-32.499,10.6265666279517));
#13535=CARTESIAN_POINT('Ctrl Pts',(-1.46410048622365,-32.499,10.6056319980219));
#13536=CARTESIAN_POINT('Ctrl Pts',(-1.41952998379254,-32.499,10.5846973680922));
#13537=CARTESIAN_POINT('Ctrl Pts',(-1.37158292814694,-32.499,10.5742300531273));
#13538=CARTESIAN_POINT('Ctrl Pts',(-1.32025931928686,-32.499,10.5742300531273));
#13539=CARTESIAN_POINT('',(-1.74773095623986,-32.499,11.3764990968874));
#13540=CARTESIAN_POINT('Ctrl Pts',(-1.74773095623986,-32.499,11.3764990968874));
#13541=CARTESIAN_POINT('Ctrl Pts',(-1.74773095623986,-32.499,11.2036195723061));
#13542=CARTESIAN_POINT('Ctrl Pts',(-1.73287412209616,-32.499,11.0641679245481));
#13543=CARTESIAN_POINT('Ctrl Pts',(-1.70316045380874,-32.499,10.9581441536135));
#13544=CARTESIAN_POINT('Ctrl Pts',(-1.67344678552133,-32.499,10.8521203826789));
#13545=CARTESIAN_POINT('Ctrl Pts',(-1.63698001080496,-32.499,10.7714207608528));
#13546=CARTESIAN_POINT('Ctrl Pts',(-1.59376012965964,-32.499,10.7160452881354));
#13547=CARTESIAN_POINT('',(-1.7416531604538,-32.499,11.534521787325));
#13548=CARTESIAN_POINT('Ctrl Pts',(-1.7416531604538,-32.499,11.534521787325));
#13549=CARTESIAN_POINT('Ctrl Pts',(-1.74435440302538,-32.499,11.5102106041808));
#13550=CARTESIAN_POINT('Ctrl Pts',(-1.74604267963262,-32.499,11.4865747316794));
#13551=CARTESIAN_POINT('Ctrl Pts',(-1.74671799027552,-32.499,11.463614169821));
#13552=CARTESIAN_POINT('Ctrl Pts',(-1.74739330091841,-32.499,11.4406536079625));
#13553=CARTESIAN_POINT('Ctrl Pts',(-1.74773095623986,-32.499,11.411615250318));
#13554=CARTESIAN_POINT('Ctrl Pts',(-1.74773095623986,-32.499,11.3764990968874));
#13555=CARTESIAN_POINT('',(-1.35470016207455,-32.499,11.6722851584758));
#13556=CARTESIAN_POINT('Ctrl Pts',(-1.35470016207455,-32.499,11.6722851584758));
#13557=CARTESIAN_POINT('Ctrl Pts',(-1.42223122636412,-32.499,11.6722851584758));
#13558=CARTESIAN_POINT('Ctrl Pts',(-1.48807401404645,-32.499,11.6604672222251));
#13559=CARTESIAN_POINT('Ctrl Pts',(-1.55222852512155,-32.499,11.6368313497237));
#13560=CARTESIAN_POINT('Ctrl Pts',(-1.61638303619664,-32.499,11.6131954772224));
#13561=CARTESIAN_POINT('Ctrl Pts',(-1.67952458130739,-32.499,11.5790922897561));
#13562=CARTESIAN_POINT('Ctrl Pts',(-1.7416531604538,-32.499,11.534521787325));
#13563=CARTESIAN_POINT('',(-1.0771474878444,-32.499,11.5851700855422));
#13564=CARTESIAN_POINT('Ctrl Pts',(-1.0771474878444,-32.499,11.5851700855422));
#13565=CARTESIAN_POINT('Ctrl Pts',(-1.11496488384656,-32.499,11.6202862389728));
#13566=CARTESIAN_POINT('Ctrl Pts',(-1.15818476499189,-32.499,11.6435844561527));
#13567=CARTESIAN_POINT('Ctrl Pts',(-1.20680713128038,-32.499,11.6550647370819));
#13568=CARTESIAN_POINT('Ctrl Pts',(-1.25542949756888,-32.499,11.6665450180111));
#13569=CARTESIAN_POINT('Ctrl Pts',(-1.30472717450026,-32.499,11.6722851584758));
#13570=CARTESIAN_POINT('Ctrl Pts',(-1.35470016207455,-32.499,11.6722851584758));
#13571=CARTESIAN_POINT('Ctrl Pts',(-0.929254457050237,-32.499,11.1495947208745));
#13572=CARTESIAN_POINT('Ctrl Pts',(-0.929254457050237,-32.499,11.2522419385946));
#13573=CARTESIAN_POINT('Ctrl Pts',(-0.940734737979464,-32.499,11.3383440455638));
#13574=CARTESIAN_POINT('Ctrl Pts',(-0.963695299837919,-32.499,11.4079010417821));
#13575=CARTESIAN_POINT('Ctrl Pts',(-0.986655861696374,-32.499,11.4774580380003));
#13576=CARTESIAN_POINT('Ctrl Pts',(-1.02447325769854,-32.499,11.5365477192537));
#13577=CARTESIAN_POINT('Ctrl Pts',(-1.0771474878444,-32.499,11.5851700855422));
#13578=CARTESIAN_POINT('Ctrl Pts',(-1.74165316045381,69.8088101806059,11.534521787325));
#13579=CARTESIAN_POINT('Ctrl Pts',(-1.74165316045379,-134.808810180606,
11.534521787325));
#13580=CARTESIAN_POINT('Ctrl Pts',(-1.74570502431119,69.8088101806059,11.4980550126087));
#13581=CARTESIAN_POINT('Ctrl Pts',(-1.74570502431116,-134.808810180606,
11.4980550126087));
#13582=CARTESIAN_POINT('Ctrl Pts',(-1.74773095623988,69.8088101806059,11.4291733270333));
#13583=CARTESIAN_POINT('Ctrl Pts',(-1.74773095623985,-134.808810180606,
11.4291733270333));
#13584=CARTESIAN_POINT('Ctrl Pts',(-1.74773095623988,69.8088101806059,11.3764990968874));
#13585=CARTESIAN_POINT('Ctrl Pts',(-1.74773095623985,-134.808810180606,
11.3764990968874));
#13586=CARTESIAN_POINT('',(-1.7416531604538,-32.5,11.534521787325));
#13587=CARTESIAN_POINT('',(-1.74773095623986,-32.5,11.3764990968874));
#13588=CARTESIAN_POINT('Ctrl Pts',(-1.7416531604538,-32.5,11.534521787325));
#13589=CARTESIAN_POINT('Ctrl Pts',(-1.74570502431118,-32.5,11.4980550126087));
#13590=CARTESIAN_POINT('Ctrl Pts',(-1.74773095623986,-32.5,11.4291733270333));
#13591=CARTESIAN_POINT('Ctrl Pts',(-1.74773095623986,-32.5,11.3764990968874));
#13592=CARTESIAN_POINT('',(-1.74165316045381,69.8088101806059,11.534521787325));
#13593=CARTESIAN_POINT('',(-1.74773095623988,69.8088101806059,11.3764990968874));
#13594=CARTESIAN_POINT('Ctrl Pts',(-1.74773095623988,69.8088101806059,11.3764990968874));
#13595=CARTESIAN_POINT('Ctrl Pts',(-1.74773095623985,-134.808810180606,
11.3764990968874));
#13596=CARTESIAN_POINT('Ctrl Pts',(-1.74773095623988,69.8088101806059,11.1171798100155));
#13597=CARTESIAN_POINT('Ctrl Pts',(-1.74773095623985,-134.808810180606,
11.1171798100155));
#13598=CARTESIAN_POINT('Ctrl Pts',(-1.65858995137764,69.8088101806059,10.7991084972116));
#13599=CARTESIAN_POINT('Ctrl Pts',(-1.65858995137761,-134.808810180606,
10.7991084972116));
#13600=CARTESIAN_POINT('Ctrl Pts',(-1.59376012965965,69.8088101806059,10.7160452881354));
#13601=CARTESIAN_POINT('Ctrl Pts',(-1.59376012965962,-134.808810180606,
10.7160452881354));
#13602=CARTESIAN_POINT('',(-1.59376012965964,-32.5,10.7160452881354));
#13603=CARTESIAN_POINT('Ctrl Pts',(-1.74773095623986,-32.5,11.3764990968874));
#13604=CARTESIAN_POINT('Ctrl Pts',(-1.74773095623986,-32.5,11.1171798100155));
#13605=CARTESIAN_POINT('Ctrl Pts',(-1.65858995137762,-32.5,10.7991084972116));
#13606=CARTESIAN_POINT('Ctrl Pts',(-1.59376012965964,-32.5,10.7160452881354));
#13607=CARTESIAN_POINT('',(-1.59376012965965,69.8088101806059,10.7160452881354));
#13608=CARTESIAN_POINT('Ctrl Pts',(-1.59376012965965,69.8088101806059,10.7160452881354));
#13609=CARTESIAN_POINT('Ctrl Pts',(-1.59376012965962,-134.808810180606,
10.7160452881354));
#13610=CARTESIAN_POINT('Ctrl Pts',(-1.53095623987035,69.8088101806059,10.6370339429166));
#13611=CARTESIAN_POINT('Ctrl Pts',(-1.53095623987032,-134.808810180606,
10.6370339429166));
#13612=CARTESIAN_POINT('Ctrl Pts',(-1.39724473257699,69.8088101806059,10.5742300531273));
#13613=CARTESIAN_POINT('Ctrl Pts',(-1.39724473257696,-134.808810180606,
10.5742300531273));
#13614=CARTESIAN_POINT('Ctrl Pts',(-1.32025931928688,69.8088101806059,10.5742300531273));
#13615=CARTESIAN_POINT('Ctrl Pts',(-1.32025931928685,-134.808810180606,
10.5742300531273));
#13616=CARTESIAN_POINT('',(-1.32025931928686,-32.5,10.5742300531273));
#13617=CARTESIAN_POINT('Ctrl Pts',(-1.59376012965964,-32.5,10.7160452881354));
#13618=CARTESIAN_POINT('Ctrl Pts',(-1.53095623987033,-32.5,10.6370339429166));
#13619=CARTESIAN_POINT('Ctrl Pts',(-1.39724473257698,-32.5,10.5742300531273));
#13620=CARTESIAN_POINT('Ctrl Pts',(-1.32025931928686,-32.5,10.5742300531273));
#13621=CARTESIAN_POINT('',(-1.32025931928688,69.8088101806059,10.5742300531273));
#13622=CARTESIAN_POINT('Ctrl Pts',(-1.32025931928688,69.8088101806059,10.5742300531273));
#13623=CARTESIAN_POINT('Ctrl Pts',(-1.32025931928685,-134.808810180606,
10.5742300531273));
#13624=CARTESIAN_POINT('Ctrl Pts',(-1.14602917341978,69.8088101806059,10.5742300531273));
#13625=CARTESIAN_POINT('Ctrl Pts',(-1.14602917341975,-134.808810180606,
10.5742300531273));
#13626=CARTESIAN_POINT('Ctrl Pts',(-0.929254457050251,69.8088101806059,
10.8619123870009));
#13627=CARTESIAN_POINT('Ctrl Pts',(-0.929254457050223,-134.808810180606,
10.8619123870009));
#13628=CARTESIAN_POINT('Ctrl Pts',(-0.929254457050251,69.8088101806059,
11.1495947208745));
#13629=CARTESIAN_POINT('Ctrl Pts',(-0.929254457050223,-134.808810180606,
11.1495947208745));
#13630=CARTESIAN_POINT('',(-0.929254457050237,-32.5,11.1495947208745));
#13631=CARTESIAN_POINT('Ctrl Pts',(-1.32025931928686,-32.5,10.5742300531273));
#13632=CARTESIAN_POINT('Ctrl Pts',(-1.14602917341977,-32.5,10.5742300531273));
#13633=CARTESIAN_POINT('Ctrl Pts',(-0.929254457050237,-32.5,10.8619123870009));
#13634=CARTESIAN_POINT('Ctrl Pts',(-0.929254457050237,-32.5,11.1495947208745));
#13635=CARTESIAN_POINT('',(-0.929254457050251,69.8088101806059,11.1495947208745));
#13636=CARTESIAN_POINT('Ctrl Pts',(-1.10753646677472,69.8088101806059,12.6102916414579));
#13637=CARTESIAN_POINT('Ctrl Pts',(-1.1075364667747,-134.808810180606,12.6102916414579));
#13638=CARTESIAN_POINT('Ctrl Pts',(-1.02244732576986,69.8088101806059,12.6102916414579));
#13639=CARTESIAN_POINT('Ctrl Pts',(-1.02244732576983,-134.808810180606,
12.6102916414579));
#13640=CARTESIAN_POINT('Ctrl Pts',(-0.874554294975694,69.8088101806059,
12.5677470709555));
#13641=CARTESIAN_POINT('Ctrl Pts',(-0.874554294975666,-134.808810180606,
12.5677470709555));
#13642=CARTESIAN_POINT('Ctrl Pts',(-0.834035656401953,69.8088101806059,
12.5434358878112));
#13643=CARTESIAN_POINT('Ctrl Pts',(-0.834035656401925,-134.808810180606,
12.5434358878112));
#13644=CARTESIAN_POINT('',(-0.834035656401939,-32.5,12.5434358878112));
#13645=CARTESIAN_POINT('',(-1.10753646677471,-32.5,12.6102916414579));
#13646=CARTESIAN_POINT('Ctrl Pts',(-0.834035656401939,-32.5,12.5434358878112));
#13647=CARTESIAN_POINT('Ctrl Pts',(-0.87455429497568,-32.5,12.5677470709555));
#13648=CARTESIAN_POINT('Ctrl Pts',(-1.02244732576985,-32.5,12.6102916414579));
#13649=CARTESIAN_POINT('Ctrl Pts',(-1.10753646677471,-32.5,12.6102916414579));
#13650=CARTESIAN_POINT('',(-0.834035656401953,69.8088101806059,12.5434358878112));
#13651=CARTESIAN_POINT('',(-1.10753646677472,69.8088101806059,12.6102916414579));
#13652=CARTESIAN_POINT('Ctrl Pts',(-1.74165316045381,69.8088101806059,11.7756076868388));
#13653=CARTESIAN_POINT('Ctrl Pts',(-1.74165316045379,-134.808810180606,
11.7756076868388));
#13654=CARTESIAN_POINT('Ctrl Pts',(-1.71126418152351,69.8088101806059,12.188897800291));
#13655=CARTESIAN_POINT('Ctrl Pts',(-1.71126418152348,-134.808810180606,
12.188897800291));
#13656=CARTESIAN_POINT('Ctrl Pts',(-1.37698541329012,69.8088101806059,12.6102916414579));
#13657=CARTESIAN_POINT('Ctrl Pts',(-1.37698541329009,-134.808810180606,
12.6102916414579));
#13658=CARTESIAN_POINT('Ctrl Pts',(-1.10753646677472,69.8088101806059,12.6102916414579));
#13659=CARTESIAN_POINT('Ctrl Pts',(-1.1075364667747,-134.808810180606,12.6102916414579));
#13660=CARTESIAN_POINT('',(-1.7416531604538,-32.5,11.7756076868388));
#13661=CARTESIAN_POINT('Ctrl Pts',(-1.10753646677471,-32.5,12.6102916414579));
#13662=CARTESIAN_POINT('Ctrl Pts',(-1.37698541329011,-32.5,12.6102916414579));
#13663=CARTESIAN_POINT('Ctrl Pts',(-1.71126418152349,-32.5,12.188897800291));
#13664=CARTESIAN_POINT('Ctrl Pts',(-1.7416531604538,-32.5,11.7756076868388));
#13665=CARTESIAN_POINT('',(-1.74165316045381,69.8088101806059,11.7756076868388));
#13666=CARTESIAN_POINT('Ctrl Pts',(-1.28987034035657,69.8088101806059,11.9498378327059));
#13667=CARTESIAN_POINT('Ctrl Pts',(-1.28987034035654,-134.808810180606,
11.9498378327059));
#13668=CARTESIAN_POINT('Ctrl Pts',(-1.41952998379255,69.8088101806059,11.9498378327059));
#13669=CARTESIAN_POINT('Ctrl Pts',(-1.41952998379252,-134.808810180606,
11.9498378327059));
#13670=CARTESIAN_POINT('Ctrl Pts',(-1.63833063209077,69.8088101806059,11.858670895915));
#13671=CARTESIAN_POINT('Ctrl Pts',(-1.63833063209074,-134.808810180606,
11.858670895915));
#13672=CARTESIAN_POINT('Ctrl Pts',(-1.74165316045381,69.8088101806059,11.7756076868388));
#13673=CARTESIAN_POINT('Ctrl Pts',(-1.74165316045379,-134.808810180606,
11.7756076868388));
#13674=CARTESIAN_POINT('',(-1.28987034035656,-32.5,11.9498378327059));
#13675=CARTESIAN_POINT('Ctrl Pts',(-1.7416531604538,-32.5,11.7756076868388));
#13676=CARTESIAN_POINT('Ctrl Pts',(-1.63833063209076,-32.5,11.858670895915));
#13677=CARTESIAN_POINT('Ctrl Pts',(-1.41952998379254,-32.5,11.9498378327059));
#13678=CARTESIAN_POINT('Ctrl Pts',(-1.28987034035656,-32.5,11.9498378327059));
#13679=CARTESIAN_POINT('',(-1.28987034035657,69.8088101806059,11.9498378327059));
#13680=CARTESIAN_POINT('Ctrl Pts',(-0.868476499189633,69.8088101806059,
11.8019448019117));
#13681=CARTESIAN_POINT('Ctrl Pts',(-0.868476499189605,-134.808810180606,
11.8019448019117));
#13682=CARTESIAN_POINT('Ctrl Pts',(-0.973824959481369,69.8088101806059,
11.891085806774));
#13683=CARTESIAN_POINT('Ctrl Pts',(-0.973824959481341,-134.808810180606,
11.891085806774));
#13684=CARTESIAN_POINT('Ctrl Pts',(-1.16426256077797,69.8088101806059,11.9498378327059));
#13685=CARTESIAN_POINT('Ctrl Pts',(-1.16426256077794,-134.808810180606,
11.9498378327059));
#13686=CARTESIAN_POINT('Ctrl Pts',(-1.28987034035657,69.8088101806059,11.9498378327059));
#13687=CARTESIAN_POINT('Ctrl Pts',(-1.28987034035654,-134.808810180606,
11.9498378327059));
#13688=CARTESIAN_POINT('',(-0.868476499189619,-32.5,11.8019448019117));
#13689=CARTESIAN_POINT('Ctrl Pts',(-1.28987034035656,-32.5,11.9498378327059));
#13690=CARTESIAN_POINT('Ctrl Pts',(-1.16426256077795,-32.5,11.9498378327059));
#13691=CARTESIAN_POINT('Ctrl Pts',(-0.973824959481355,-32.5,11.891085806774));
#13692=CARTESIAN_POINT('Ctrl Pts',(-0.868476499189619,-32.5,11.8019448019117));
#13693=CARTESIAN_POINT('',(-0.868476499189633,69.8088101806059,11.8019448019117));
#13694=CARTESIAN_POINT('Ctrl Pts',(-0.633468395461919,69.8088101806059,
11.1637762443753));
#13695=CARTESIAN_POINT('Ctrl Pts',(-0.633468395461891,-134.808810180606,
11.1637762443753));
#13696=CARTESIAN_POINT('Ctrl Pts',(-0.633468395461919,69.8088101806059,
11.3785250288161));
#13697=CARTESIAN_POINT('Ctrl Pts',(-0.633468395461891,-134.808810180606,
11.3785250288161));
#13698=CARTESIAN_POINT('Ctrl Pts',(-0.750972447325778,69.8088101806059,
11.6986222735487));
#13699=CARTESIAN_POINT('Ctrl Pts',(-0.75097244732575,-134.808810180606,
11.6986222735487));
#13700=CARTESIAN_POINT('Ctrl Pts',(-0.868476499189633,69.8088101806059,
11.8019448019117));
#13701=CARTESIAN_POINT('Ctrl Pts',(-0.868476499189605,-134.808810180606,
11.8019448019117));
#13702=CARTESIAN_POINT('',(-0.633468395461905,-32.5,11.1637762443753));
#13703=CARTESIAN_POINT('Ctrl Pts',(-0.868476499189619,-32.5,11.8019448019117));
#13704=CARTESIAN_POINT('Ctrl Pts',(-0.750972447325764,-32.5,11.6986222735487));
#13705=CARTESIAN_POINT('Ctrl Pts',(-0.633468395461905,-32.5,11.3785250288161));
#13706=CARTESIAN_POINT('Ctrl Pts',(-0.633468395461905,-32.5,11.1637762443753));
#13707=CARTESIAN_POINT('',(-0.633468395461919,69.8088101806059,11.1637762443753));
#13708=CARTESIAN_POINT('Ctrl Pts',(-0.838087520259326,69.8088101806059,
10.5357373464822));
#13709=CARTESIAN_POINT('Ctrl Pts',(-0.838087520259298,-134.808810180606,
10.5357373464822));
#13710=CARTESIAN_POINT('Ctrl Pts',(-0.744894651539717,69.8088101806059,
10.6451376706313));
#13711=CARTESIAN_POINT('Ctrl Pts',(-0.744894651539689,-134.808810180606,
10.6451376706313));
#13712=CARTESIAN_POINT('Ctrl Pts',(-0.633468395461919,69.8088101806059,
10.97131271115));
#13713=CARTESIAN_POINT('Ctrl Pts',(-0.633468395461891,-134.808810180606,
10.97131271115));
#13714=CARTESIAN_POINT('Ctrl Pts',(-0.633468395461919,69.8088101806059,
11.1637762443753));
#13715=CARTESIAN_POINT('Ctrl Pts',(-0.633468395461891,-134.808810180606,
11.1637762443753));
#13716=CARTESIAN_POINT('',(-0.838087520259312,-32.5,10.5357373464822));
#13717=CARTESIAN_POINT('Ctrl Pts',(-0.633468395461905,-32.5,11.1637762443753));
#13718=CARTESIAN_POINT('Ctrl Pts',(-0.633468395461905,-32.5,10.97131271115));
#13719=CARTESIAN_POINT('Ctrl Pts',(-0.744894651539703,-32.5,10.6451376706313));
#13720=CARTESIAN_POINT('Ctrl Pts',(-0.838087520259312,-32.5,10.5357373464822));
#13721=CARTESIAN_POINT('',(-0.838087520259326,69.8088101806059,10.5357373464822));
#13722=CARTESIAN_POINT('Ctrl Pts',(-1.32228525121557,69.8088101806059,10.3007292427545));
#13723=CARTESIAN_POINT('Ctrl Pts',(-1.32228525121554,-134.808810180606,
10.3007292427545));
#13724=CARTESIAN_POINT('Ctrl Pts',(-1.17641815235009,69.8088101806059,10.3007292427545));
#13725=CARTESIAN_POINT('Ctrl Pts',(-1.17641815235006,-134.808810180606,
10.3007292427545));
#13726=CARTESIAN_POINT('Ctrl Pts',(-0.935332252836312,69.8088101806059,
10.4202592265471));
#13727=CARTESIAN_POINT('Ctrl Pts',(-0.935332252836285,-134.808810180606,
10.4202592265471));
#13728=CARTESIAN_POINT('Ctrl Pts',(-0.838087520259326,69.8088101806059,
10.5357373464822));
#13729=CARTESIAN_POINT('Ctrl Pts',(-0.838087520259298,-134.808810180606,
10.5357373464822));
#13730=CARTESIAN_POINT('',(-1.32228525121555,-32.5,10.3007292427545));
#13731=CARTESIAN_POINT('Ctrl Pts',(-0.838087520259312,-32.5,10.5357373464822));
#13732=CARTESIAN_POINT('Ctrl Pts',(-0.935332252836298,-32.5,10.4202592265471));
#13733=CARTESIAN_POINT('Ctrl Pts',(-1.17641815235007,-32.5,10.3007292427545));
#13734=CARTESIAN_POINT('Ctrl Pts',(-1.32228525121555,-32.5,10.3007292427545));
#13735=CARTESIAN_POINT('',(-1.32228525121557,69.8088101806059,10.3007292427545));
#13736=CARTESIAN_POINT('Ctrl Pts',(-1.35470016207456,69.8088101806059,11.6722851584758));
#13737=CARTESIAN_POINT('Ctrl Pts',(-1.35470016207453,-134.808810180606,
11.6722851584758));
#13738=CARTESIAN_POINT('Ctrl Pts',(-1.45599675850892,69.8088101806059,11.6722851584758));
#13739=CARTESIAN_POINT('Ctrl Pts',(-1.45599675850889,-134.808810180606,
11.6722851584758));
#13740=CARTESIAN_POINT('Ctrl Pts',(-1.6484602917342,69.8088101806059,11.6013775409717));
#13741=CARTESIAN_POINT('Ctrl Pts',(-1.64846029173418,-134.808810180606,
11.6013775409717));
#13742=CARTESIAN_POINT('Ctrl Pts',(-1.74165316045381,69.8088101806059,11.534521787325));
#13743=CARTESIAN_POINT('Ctrl Pts',(-1.74165316045379,-134.808810180606,
11.534521787325));
#13744=CARTESIAN_POINT('',(-1.35470016207455,-32.5,11.6722851584758));
#13745=CARTESIAN_POINT('Ctrl Pts',(-1.35470016207455,-32.5,11.6722851584758));
#13746=CARTESIAN_POINT('Ctrl Pts',(-1.45599675850891,-32.5,11.6722851584758));
#13747=CARTESIAN_POINT('Ctrl Pts',(-1.64846029173419,-32.5,11.6013775409717));
#13748=CARTESIAN_POINT('Ctrl Pts',(-1.7416531604538,-32.5,11.534521787325));
#13749=CARTESIAN_POINT('',(-1.35470016207456,69.8088101806059,11.6722851584758));
#13750=CARTESIAN_POINT('Ctrl Pts',(-1.07714748784442,69.8088101806059,11.5851700855422));
#13751=CARTESIAN_POINT('Ctrl Pts',(-1.07714748784439,-134.808810180606,
11.5851700855422));
#13752=CARTESIAN_POINT('Ctrl Pts',(-1.13387358184766,69.8088101806059,11.6378443156881));
#13753=CARTESIAN_POINT('Ctrl Pts',(-1.13387358184763,-134.808810180606,
11.6378443156881));
#13754=CARTESIAN_POINT('Ctrl Pts',(-1.27974068071314,69.8088101806059,11.6722851584758));
#13755=CARTESIAN_POINT('Ctrl Pts',(-1.27974068071311,-134.808810180606,
11.6722851584758));
#13756=CARTESIAN_POINT('Ctrl Pts',(-1.35470016207456,69.8088101806059,11.6722851584758));
#13757=CARTESIAN_POINT('Ctrl Pts',(-1.35470016207453,-134.808810180606,
11.6722851584758));
#13758=CARTESIAN_POINT('',(-1.0771474878444,-32.5,11.5851700855422));
#13759=CARTESIAN_POINT('Ctrl Pts',(-1.0771474878444,-32.5,11.5851700855422));
#13760=CARTESIAN_POINT('Ctrl Pts',(-1.13387358184764,-32.5,11.6378443156881));
#13761=CARTESIAN_POINT('Ctrl Pts',(-1.27974068071312,-32.5,11.6722851584758));
#13762=CARTESIAN_POINT('Ctrl Pts',(-1.35470016207455,-32.5,11.6722851584758));
#13763=CARTESIAN_POINT('',(-1.07714748784442,69.8088101806059,11.5851700855422));
#13764=CARTESIAN_POINT('Ctrl Pts',(-0.929254457050251,69.8088101806059,
11.1495947208745));
#13765=CARTESIAN_POINT('Ctrl Pts',(-0.929254457050223,-134.808810180606,
11.1495947208745));
#13766=CARTESIAN_POINT('Ctrl Pts',(-0.929254457050251,69.8088101806059,
11.3035655474547));
#13767=CARTESIAN_POINT('Ctrl Pts',(-0.929254457050223,-134.808810180606,
11.3035655474547));
#13768=CARTESIAN_POINT('Ctrl Pts',(-0.998136142625615,69.8088101806059,
11.5122365361095));
#13769=CARTESIAN_POINT('Ctrl Pts',(-0.998136142625587,-134.808810180606,
11.5122365361095));
#13770=CARTESIAN_POINT('Ctrl Pts',(-1.07714748784442,69.8088101806059,11.5851700855422));
#13771=CARTESIAN_POINT('Ctrl Pts',(-1.07714748784439,-134.808810180606,
11.5851700855422));
#13772=CARTESIAN_POINT('Ctrl Pts',(-0.929254457050237,-32.5,11.1495947208745));
#13773=CARTESIAN_POINT('Ctrl Pts',(-0.929254457050237,-32.5,11.3035655474547));
#13774=CARTESIAN_POINT('Ctrl Pts',(-0.998136142625601,-32.5,11.5122365361095));
#13775=CARTESIAN_POINT('Ctrl Pts',(-1.0771474878444,-32.5,11.5851700855422));
#13776=CARTESIAN_POINT('Ctrl Pts',(-1.80243111831443,69.8088101806059,10.5276336187675));
#13777=CARTESIAN_POINT('Ctrl Pts',(-1.8024311183144,-134.808810180606,10.5276336187675));
#13778=CARTESIAN_POINT('Ctrl Pts',(-1.71126418152351,69.8088101806059,10.414181430761));
#13779=CARTESIAN_POINT('Ctrl Pts',(-1.71126418152348,-134.808810180606,
10.414181430761));
#13780=CARTESIAN_POINT('Ctrl Pts',(-1.47017828200973,69.8088101806059,10.3007292427545));
#13781=CARTESIAN_POINT('Ctrl Pts',(-1.4701782820097,-134.808810180606,10.3007292427545));
#13782=CARTESIAN_POINT('Ctrl Pts',(-1.32228525121557,69.8088101806059,10.3007292427545));
#13783=CARTESIAN_POINT('Ctrl Pts',(-1.32228525121554,-134.808810180606,
10.3007292427545));
#13784=CARTESIAN_POINT('',(-1.80243111831442,-32.5,10.5276336187675));
#13785=CARTESIAN_POINT('Ctrl Pts',(-1.32228525121555,-32.5,10.3007292427545));
#13786=CARTESIAN_POINT('Ctrl Pts',(-1.47017828200972,-32.5,10.3007292427545));
#13787=CARTESIAN_POINT('Ctrl Pts',(-1.71126418152349,-32.5,10.414181430761));
#13788=CARTESIAN_POINT('Ctrl Pts',(-1.80243111831442,-32.5,10.5276336187675));
#13789=CARTESIAN_POINT('',(-1.80243111831443,69.8088101806059,10.5276336187675));
#13790=CARTESIAN_POINT('Ctrl Pts',(-2.04149108589952,69.8088101806059,11.4514585782489));
#13791=CARTESIAN_POINT('Ctrl Pts',(-2.04149108589949,-134.808810180606,
11.4514585782489));
#13792=CARTESIAN_POINT('Ctrl Pts',(-2.04149108589952,69.8088101806059,11.1192057419442));
#13793=CARTESIAN_POINT('Ctrl Pts',(-2.04149108589949,-134.808810180606,
11.1192057419442));
#13794=CARTESIAN_POINT('Ctrl Pts',(-1.91385737439223,69.8088101806059,10.6633710579895));
#13795=CARTESIAN_POINT('Ctrl Pts',(-1.9138573743922,-134.808810180606,10.6633710579895));
#13796=CARTESIAN_POINT('Ctrl Pts',(-1.80243111831443,69.8088101806059,10.5276336187675));
#13797=CARTESIAN_POINT('Ctrl Pts',(-1.8024311183144,-134.808810180606,10.5276336187675));
#13798=CARTESIAN_POINT('',(-2.04149108589951,-32.5,11.4514585782489));
#13799=CARTESIAN_POINT('Ctrl Pts',(-1.80243111831442,-32.5,10.5276336187675));
#13800=CARTESIAN_POINT('Ctrl Pts',(-1.91385737439221,-32.5,10.6633710579895));
#13801=CARTESIAN_POINT('Ctrl Pts',(-2.04149108589951,-32.5,11.1192057419442));
#13802=CARTESIAN_POINT('Ctrl Pts',(-2.04149108589951,-32.5,11.4514585782489));
#13803=CARTESIAN_POINT('',(-2.04149108589952,69.8088101806059,11.4514585782489));
#13804=CARTESIAN_POINT('Ctrl Pts',(-1.80445705024312,69.8088101806059,12.4968394534514));
#13805=CARTESIAN_POINT('Ctrl Pts',(-1.80445705024309,-134.808810180606,
12.4968394534514));
#13806=CARTESIAN_POINT('Ctrl Pts',(-1.92398703403566,69.8088101806059,12.3023499882975));
#13807=CARTESIAN_POINT('Ctrl Pts',(-1.92398703403564,-134.808810180606,
12.3023499882975));
#13808=CARTESIAN_POINT('Ctrl Pts',(-2.04149108589952,69.8088101806059,11.7776336187675));
#13809=CARTESIAN_POINT('Ctrl Pts',(-2.04149108589949,-134.808810180606,
11.7776336187675));
#13810=CARTESIAN_POINT('Ctrl Pts',(-2.04149108589952,69.8088101806059,11.4514585782489));
#13811=CARTESIAN_POINT('Ctrl Pts',(-2.04149108589949,-134.808810180606,
11.4514585782489));
#13812=CARTESIAN_POINT('',(-1.80445705024311,-32.5,12.4968394534514));
#13813=CARTESIAN_POINT('Ctrl Pts',(-2.04149108589951,-32.5,11.4514585782489));
#13814=CARTESIAN_POINT('Ctrl Pts',(-2.04149108589951,-32.5,11.7776336187675));
#13815=CARTESIAN_POINT('Ctrl Pts',(-1.92398703403565,-32.5,12.3023499882975));
#13816=CARTESIAN_POINT('Ctrl Pts',(-1.80445705024311,-32.5,12.4968394534514));
#13817=CARTESIAN_POINT('',(-1.80445705024312,69.8088101806059,12.4968394534514));
#13818=CARTESIAN_POINT('Ctrl Pts',(-1.06904376012967,69.8088101806059,12.8999999072602));
#13819=CARTESIAN_POINT('Ctrl Pts',(-1.06904376012964,-134.808810180606,
12.8999999072602));
#13820=CARTESIAN_POINT('Ctrl Pts',(-1.31215559157213,69.8088101806059,12.8999999072602));
#13821=CARTESIAN_POINT('Ctrl Pts',(-1.3121555915721,-134.808810180606,12.8999999072602));
#13822=CARTESIAN_POINT('Ctrl Pts',(-1.68492706645057,69.8088101806059,12.687277054748));
#13823=CARTESIAN_POINT('Ctrl Pts',(-1.68492706645054,-134.808810180606,
12.687277054748));
#13824=CARTESIAN_POINT('Ctrl Pts',(-1.80445705024312,69.8088101806059,12.4968394534514));
#13825=CARTESIAN_POINT('Ctrl Pts',(-1.80445705024309,-134.808810180606,
12.4968394534514));
#13826=CARTESIAN_POINT('',(-1.06904376012965,-32.5,12.8999999072602));
#13827=CARTESIAN_POINT('Ctrl Pts',(-1.80445705024311,-32.5,12.4968394534514));
#13828=CARTESIAN_POINT('Ctrl Pts',(-1.68492706645056,-32.5,12.687277054748));
#13829=CARTESIAN_POINT('Ctrl Pts',(-1.31215559157212,-32.5,12.8999999072602));
#13830=CARTESIAN_POINT('Ctrl Pts',(-1.06904376012965,-32.5,12.8999999072602));
#13831=CARTESIAN_POINT('',(-1.06904376012967,69.8088101806059,12.8999999072602));
#13832=CARTESIAN_POINT('Ctrl Pts',(-0.82188006482983,69.8088101806059,12.8655590644725));
#13833=CARTESIAN_POINT('Ctrl Pts',(-0.821880064829802,-134.808810180606,
12.8655590644725));
#13834=CARTESIAN_POINT('Ctrl Pts',(-0.870502431118321,69.8088101806059,
12.8837924518307));
#13835=CARTESIAN_POINT('Ctrl Pts',(-0.870502431118294,-134.808810180606,
12.8837924518307));
#13836=CARTESIAN_POINT('Ctrl Pts',(-0.996110210696926,69.8088101806059,
12.8999999072602));
#13837=CARTESIAN_POINT('Ctrl Pts',(-0.996110210696898,-134.808810180606,
12.8999999072602));
#13838=CARTESIAN_POINT('Ctrl Pts',(-1.06904376012967,69.8088101806059,12.8999999072602));
#13839=CARTESIAN_POINT('Ctrl Pts',(-1.06904376012964,-134.808810180606,
12.8999999072602));
#13840=CARTESIAN_POINT('',(-0.821880064829816,-32.5,12.8655590644725));
#13841=CARTESIAN_POINT('Ctrl Pts',(-1.06904376012965,-32.5,12.8999999072602));
#13842=CARTESIAN_POINT('Ctrl Pts',(-0.996110210696912,-32.5,12.8999999072602));
#13843=CARTESIAN_POINT('Ctrl Pts',(-0.870502431118307,-32.5,12.8837924518307));
#13844=CARTESIAN_POINT('Ctrl Pts',(-0.821880064829816,-32.5,12.8655590644725));
#13845=CARTESIAN_POINT('',(-0.82188006482983,69.8088101806059,12.8655590644725));
#13846=CARTESIAN_POINT('Origin',(-0.82188006482983,69.8088101806059,12.8655590644725));
#13847=CARTESIAN_POINT('',(-0.821880064829816,-32.5,12.5434358878112));
#13848=CARTESIAN_POINT('',(-0.821880064829816,-32.5,6.43277953223626));
#13849=CARTESIAN_POINT('',(-0.82188006482983,69.8088101806059,12.5434358878112));
#13850=CARTESIAN_POINT('Origin',(-0.82188006482983,69.8088101806059,12.5434358878112));
#13851=CARTESIAN_POINT('',(-16.6609400324149,-32.5,12.5434358878112));
#13852=CARTESIAN_POINT('Origin',(4.07682333873581,69.8088101806059,11.599351609043));
#13853=CARTESIAN_POINT('',(4.07682333873582,-32.5,11.599351609043));
#13854=CARTESIAN_POINT('',(4.07682333873582,-32.5,11.2954618197399));
#13855=CARTESIAN_POINT('',(4.07682333873582,-32.5,5.79967580452151));
#13856=CARTESIAN_POINT('',(4.07682333873582,-32.499,11.599351609043));
#13857=CARTESIAN_POINT('',(4.07682333873581,69.8088101806059,11.599351609043));
#13858=CARTESIAN_POINT('',(4.07682333873582,-32.499,11.2954618197399));
#13859=CARTESIAN_POINT('',(4.07682333873582,-32.499,5.79967580452151));
#13860=CARTESIAN_POINT('',(4.07682333873581,69.8088101806059,11.2954618197399));
#13861=CARTESIAN_POINT('Origin',(3.2542949756888,69.8088101806059,11.599351609043));
#13862=CARTESIAN_POINT('',(3.25429497568882,-32.5,11.599351609043));
#13863=CARTESIAN_POINT('',(-14.6228525121556,-32.5,11.599351609043));
#13864=CARTESIAN_POINT('',(3.25429497568882,-32.499,11.599351609043));
#13865=CARTESIAN_POINT('',(3.2542949756888,69.8088101806059,11.599351609043));
#13866=CARTESIAN_POINT('',(-14.6228525121556,-32.499,11.599351609043));
#13867=CARTESIAN_POINT('Origin',(3.2542949756888,69.8088101806059,11.2954618197399));
#13868=CARTESIAN_POINT('',(3.25429497568882,-32.5,11.2954618197399));
#13869=CARTESIAN_POINT('',(3.25429497568882,-32.5,5.64773090986997));
#13870=CARTESIAN_POINT('',(3.25429497568882,-32.499,11.2954618197399));
#13871=CARTESIAN_POINT('',(3.2542949756888,69.8088101806059,11.2954618197399));
#13872=CARTESIAN_POINT('',(3.25429497568882,-32.499,5.64773090986997));
#13873=CARTESIAN_POINT('Origin',(4.07682333873581,69.8088101806059,11.2954618197399));
#13874=CARTESIAN_POINT('',(-14.2115883306321,-32.5,11.2954618197399));
#13875=CARTESIAN_POINT('',(-14.2115883306321,-32.499,11.2954618197399));
#13876=CARTESIAN_POINT('Origin',(-32.5,-32.499,0.));
#13877=CARTESIAN_POINT('Origin',(-32.5,-32.499,0.));
#13878=CARTESIAN_POINT('',(0.748217179902761,-32.499,10.5458670061257));
#13879=CARTESIAN_POINT('',(0.215397082658026,-32.499,10.3007292427545));
#13880=CARTESIAN_POINT('Ctrl Pts',(0.748217179902761,-32.499,10.5458670061257));
#13881=CARTESIAN_POINT('Ctrl Pts',(0.686088600756355,-32.499,10.4702322141214));
#13882=CARTESIAN_POINT('Ctrl Pts',(0.609778498109138,-32.499,10.4104672222251));
#13883=CARTESIAN_POINT('Ctrl Pts',(0.519286871961109,-32.499,10.3665720304369));
#13884=CARTESIAN_POINT('Ctrl Pts',(0.42879524581308,-32.499,10.3226768386486));
#13885=CARTESIAN_POINT('Ctrl Pts',(0.327498649378719,-32.499,10.3007292427545));
#13886=CARTESIAN_POINT('Ctrl Pts',(0.215397082658026,-32.499,10.3007292427545));
#13887=CARTESIAN_POINT('',(0.938654781199357,-32.499,11.1475687889458));
#13888=CARTESIAN_POINT('Ctrl Pts',(0.938654781199357,-32.499,11.1475687889458));
#13889=CARTESIAN_POINT('Ctrl Pts',(0.938654781199357,-32.499,11.0273634945103));
#13890=CARTESIAN_POINT('Ctrl Pts',(0.921772015126964,-32.499,10.9159372384325));
#13891=CARTESIAN_POINT('Ctrl Pts',(0.888006482982178,-32.499,10.8132900207124));
#13892=CARTESIAN_POINT('Ctrl Pts',(0.854240950837391,-32.499,10.7106428029922));
#13893=CARTESIAN_POINT('Ctrl Pts',(0.807644516477586,-32.499,10.62150179813));
#13894=CARTESIAN_POINT('Ctrl Pts',(0.748217179902761,-32.499,10.5458670061257));
#13895=CARTESIAN_POINT('',(0.715802269043766,-32.499,11.7512965036946));
#13896=CARTESIAN_POINT('Ctrl Pts',(0.715802269043766,-32.499,11.7512965036946));
#13897=CARTESIAN_POINT('Ctrl Pts',(0.787385197190713,-32.499,11.6891679245481));
#13898=CARTESIAN_POINT('Ctrl Pts',(0.842423014586715,-32.499,11.6108318899722));
#13899=CARTESIAN_POINT('Ctrl Pts',(0.880915721231772,-32.499,11.5162883999668));
#13900=CARTESIAN_POINT('Ctrl Pts',(0.919408427876829,-32.499,11.4217449099614));
#13901=CARTESIAN_POINT('Ctrl Pts',(0.938654781199357,-32.499,11.2988383729544));
#13902=CARTESIAN_POINT('Ctrl Pts',(0.938654781199357,-32.499,11.1475687889458));
#13903=CARTESIAN_POINT('',(0.211345218800654,-32.499,11.9072932622035));
#13904=CARTESIAN_POINT('Ctrl Pts',(0.211345218800654,-32.499,11.9072932622035));
#13905=CARTESIAN_POINT('Ctrl Pts',(0.322096164235554,-32.499,11.9072932622035));
#13906=CARTESIAN_POINT('Ctrl Pts',(0.415964343598061,-32.499,11.8968259472386));
#13907=CARTESIAN_POINT('Ctrl Pts',(0.492949756888175,-32.499,11.8758913173088));
#13908=CARTESIAN_POINT('Ctrl Pts',(0.569935170178288,-32.499,11.8549566873791));
#13909=CARTESIAN_POINT('Ctrl Pts',(0.644219340896819,-32.499,11.813425082841));
#13910=CARTESIAN_POINT('Ctrl Pts',(0.715802269043766,-32.499,11.7512965036946));
#13911=CARTESIAN_POINT('',(0.0148298217179965,-32.499,11.8931117387027));
#13912=CARTESIAN_POINT('Ctrl Pts',(0.0148298217179965,-32.499,11.8931117387027));
#13913=CARTESIAN_POINT('Ctrl Pts',(0.0499459751485753,-32.499,11.8985142238458));
#13914=CARTESIAN_POINT('Ctrl Pts',(0.0843868179362579,-32.499,11.9022284323818));
#13915=CARTESIAN_POINT('Ctrl Pts',(0.118152350081044,-32.499,11.9042543643104));
#13916=CARTESIAN_POINT('Ctrl Pts',(0.151917882225831,-32.499,11.9062802962391));
#13917=CARTESIAN_POINT('Ctrl Pts',(0.182982171799034,-32.499,11.9072932622035));
#13918=CARTESIAN_POINT('Ctrl Pts',(0.211345218800654,-32.499,11.9072932622035));
#13919=CARTESIAN_POINT('',(0.0148298217179965,-32.499,12.5596433432407));
#13920=CARTESIAN_POINT('',(0.0148298217179965,-32.499,6.27982167162037));
#13921=CARTESIAN_POINT('',(0.926499189627234,-32.499,12.5596433432407));
#13922=CARTESIAN_POINT('',(-15.7867504051864,-32.499,12.5596433432407));
#13923=CARTESIAN_POINT('',(0.926499189627234,-32.499,12.8534034729004));
#13924=CARTESIAN_POINT('',(0.926499189627235,-32.499,6.4267017364502));
#13925=CARTESIAN_POINT('',(-0.264748784440836,-32.499,12.8534034729004));
#13926=CARTESIAN_POINT('',(-16.3823743922204,-32.499,12.8534034729004));
#13927=CARTESIAN_POINT('',(-0.264748784440836,-32.499,11.5649107662553));
#13928=CARTESIAN_POINT('',(-0.264748784440836,-32.499,5.78245538312767));
#13929=CARTESIAN_POINT('',(0.162722852512163,-32.499,11.6256887241159));
#13930=CARTESIAN_POINT('Ctrl Pts',(0.162722852512163,-32.499,11.6256887241159));
#13931=CARTESIAN_POINT('Ctrl Pts',(0.0843868179362565,-32.499,11.6256887241159));
#13932=CARTESIAN_POINT('Ctrl Pts',(0.00537547271745556,-32.499,11.6185979623655));
#13933=CARTESIAN_POINT('Ctrl Pts',(-0.07431118314424,-32.499,11.6044164388647));
#13934=CARTESIAN_POINT('Ctrl Pts',(-0.153997839005936,-32.499,11.5902349153639));
#13935=CARTESIAN_POINT('Ctrl Pts',(-0.217477039438134,-32.499,11.5770663578275));
#13936=CARTESIAN_POINT('Ctrl Pts',(-0.264748784440836,-32.499,11.5649107662553));
#13937=CARTESIAN_POINT('',(0.521312803889797,-32.499,11.5102106041808));
#13938=CARTESIAN_POINT('Ctrl Pts',(0.521312803889797,-32.499,11.5102106041808));
#13939=CARTESIAN_POINT('Ctrl Pts',(0.479443544030259,-32.499,11.5520798640403));
#13940=CARTESIAN_POINT('Ctrl Pts',(0.428119935170183,-32.499,11.5817935323277));
#13941=CARTESIAN_POINT('Ctrl Pts',(0.367341977309568,-32.499,11.599351609043));
#13942=CARTESIAN_POINT('Ctrl Pts',(0.306564019448952,-32.499,11.6169096857583));
#13943=CARTESIAN_POINT('Ctrl Pts',(0.238357644516484,-32.499,11.6256887241159));
#13944=CARTESIAN_POINT('Ctrl Pts',(0.162722852512163,-32.499,11.6256887241159));
#13945=CARTESIAN_POINT('',(0.642868719611025,-32.499,11.1495947208745));
#13946=CARTESIAN_POINT('Ctrl Pts',(0.642868719611025,-32.499,11.1495947208745));
#13947=CARTESIAN_POINT('Ctrl Pts',(0.642868719611025,-32.499,11.2387357257367));
#13948=CARTESIAN_POINT('Ctrl Pts',(0.632401404646141,-32.499,11.3116692751694));
#13949=CARTESIAN_POINT('Ctrl Pts',(0.611466774716374,-32.499,11.3683953691727));
#13950=CARTESIAN_POINT('Ctrl Pts',(0.590532144786606,-32.499,11.4251214631759));
#13951=CARTESIAN_POINT('Ctrl Pts',(0.560480821177748,-32.499,11.4723932081786));
#13952=CARTESIAN_POINT('Ctrl Pts',(0.521312803889797,-32.499,11.5102106041808));
#13953=CARTESIAN_POINT('',(0.531442463533232,-32.499,10.7423824032083));
#13954=CARTESIAN_POINT('Ctrl Pts',(0.531442463533232,-32.499,10.7423824032083));
#13955=CARTESIAN_POINT('Ctrl Pts',(0.5679092382496,-32.499,10.7923553907826));
#13956=CARTESIAN_POINT('Ctrl Pts',(0.595596974608324,-32.499,10.8504321060716));
#13957=CARTESIAN_POINT('Ctrl Pts',(0.614505672609404,-32.499,10.9166125490754));
#13958=CARTESIAN_POINT('Ctrl Pts',(0.633414370610485,-32.499,10.9827929920792));
#13959=CARTESIAN_POINT('Ctrl Pts',(0.642868719611025,-32.499,11.0604537160122));
#13960=CARTESIAN_POINT('Ctrl Pts',(0.642868719611025,-32.499,11.1495947208745));
#13961=CARTESIAN_POINT('',(0.219448946515404,-32.499,10.5904375085568));
#13962=CARTESIAN_POINT('Ctrl Pts',(0.219448946515404,-32.499,10.5904375085568));
#13963=CARTESIAN_POINT('Ctrl Pts',(0.277525661804436,-32.499,10.5904375085568));
#13964=CARTESIAN_POINT('Ctrl Pts',(0.334251755807677,-32.499,10.6025931001289));
#13965=CARTESIAN_POINT('Ctrl Pts',(0.389627228525127,-32.499,10.6269042832732));
#13966=CARTESIAN_POINT('Ctrl Pts',(0.445002701242577,-32.499,10.6512154664174));
#13967=CARTESIAN_POINT('Ctrl Pts',(0.492274446245278,-32.499,10.6897081730625));
#13968=CARTESIAN_POINT('Ctrl Pts',(0.531442463533232,-32.499,10.7423824032083));
#13969=CARTESIAN_POINT('',(-0.0986223662884856,-32.499,10.6633710579895));
#13970=CARTESIAN_POINT('Ctrl Pts',(-0.0986223662884856,-32.499,10.6633710579895));
#13971=CARTESIAN_POINT('Ctrl Pts',(-0.041896272285246,-32.499,10.6404104961311));
#13972=CARTESIAN_POINT('Ctrl Pts',(0.0104403025391727,-32.499,10.6225147640943));
#13973=CARTESIAN_POINT('Ctrl Pts',(0.0583873581847704,-32.499,10.6096838618793));
#13974=CARTESIAN_POINT('Ctrl Pts',(0.106334413830368,-32.499,10.5968529596643));
#13975=CARTESIAN_POINT('Ctrl Pts',(0.160021609940579,-32.499,10.5904375085568));
#13976=CARTESIAN_POINT('Ctrl Pts',(0.219448946515404,-32.499,10.5904375085568));
#13977=CARTESIAN_POINT('',(-0.3336304700162,-32.499,10.7970825652829));
#13978=CARTESIAN_POINT('Ctrl Pts',(-0.3336304700162,-32.499,10.7970825652829));
#13979=CARTESIAN_POINT('Ctrl Pts',(-0.310669908157747,-32.499,10.7781738672818));
#13980=CARTESIAN_POINT('Ctrl Pts',(-0.2785926526202,-32.499,10.7565639267091));
#13981=CARTESIAN_POINT('Ctrl Pts',(-0.23739870340356,-32.499,10.7322527435649));
#13982=CARTESIAN_POINT('Ctrl Pts',(-0.196204754186919,-32.499,10.7079415604207));
#13983=CARTESIAN_POINT('Ctrl Pts',(-0.149945975148561,-32.499,10.6849809985622));
#13984=CARTESIAN_POINT('Ctrl Pts',(-0.0986223662884856,-32.499,10.6633710579895));
#13985=CARTESIAN_POINT('',(-0.353889789303072,-32.499,10.7970825652829));
#13986=CARTESIAN_POINT('',(-16.4269448946515,-32.499,10.7970825652829));
#13987=CARTESIAN_POINT('',(-0.353889789303072,-32.499,10.4425444777626));
#13988=CARTESIAN_POINT('',(-0.353889789303072,-32.499,5.22127223888131));
#13989=CARTESIAN_POINT('Ctrl Pts',(0.215397082658026,-32.499,10.3007292427545));
#13990=CARTESIAN_POINT('Ctrl Pts',(0.111399243652085,-32.499,10.3007292427545));
#13991=CARTESIAN_POINT('Ctrl Pts',(0.00908968125338246,-32.499,10.313897800291));
#13992=CARTESIAN_POINT('Ctrl Pts',(-0.0915316045380821,-32.499,10.3402349153639));
#13993=CARTESIAN_POINT('Ctrl Pts',(-0.192152890329547,-32.499,10.3665720304369));
#13994=CARTESIAN_POINT('Ctrl Pts',(-0.279605618584543,-32.499,10.4006752179031));
#13995=CARTESIAN_POINT('Ctrl Pts',(-0.353889789303072,-32.499,10.4425444777626));
#13996=CARTESIAN_POINT('Origin',(-0.26474878444085,69.8088101806059,11.5649107662553));
#13997=CARTESIAN_POINT('',(-0.264748784440836,-32.5,11.5649107662553));
#13998=CARTESIAN_POINT('',(-0.264748784440836,-32.5,12.8534034729004));
#13999=CARTESIAN_POINT('',(-0.264748784440835,-32.5,5.78245538312767));
#14000=CARTESIAN_POINT('',(-0.26474878444085,69.8088101806059,11.5649107662553));
#14001=CARTESIAN_POINT('',(-0.26474878444085,69.8088101806059,12.8534034729004));
#14002=CARTESIAN_POINT('Origin',(-0.26474878444085,69.8088101806059,12.8534034729004));
#14003=CARTESIAN_POINT('',(0.926499189627235,-32.5,12.8534034729004));
#14004=CARTESIAN_POINT('',(-16.3823743922204,-32.5,12.8534034729004));
#14005=CARTESIAN_POINT('',(0.926499189627221,69.8088101806059,12.8534034729004));
#14006=CARTESIAN_POINT('Origin',(0.926499189627221,69.8088101806059,12.8534034729004));
#14007=CARTESIAN_POINT('',(0.926499189627235,-32.5,12.5596433432407));
#14008=CARTESIAN_POINT('',(0.926499189627235,-32.5,6.4267017364502));
#14009=CARTESIAN_POINT('',(0.926499189627221,69.8088101806059,12.5596433432407));
#14010=CARTESIAN_POINT('Origin',(0.926499189627221,69.8088101806059,12.5596433432407));
#14011=CARTESIAN_POINT('',(0.0148298217179965,-32.5,12.5596433432407));
#14012=CARTESIAN_POINT('',(-15.7867504051864,-32.5,12.5596433432407));
#14013=CARTESIAN_POINT('',(0.0148298217179825,69.8088101806059,12.5596433432407));
#14014=CARTESIAN_POINT('Origin',(0.0148298217179825,69.8088101806059,12.5596433432407));
#14015=CARTESIAN_POINT('',(0.0148298217179965,-32.5,11.8931117387027));
#14016=CARTESIAN_POINT('',(0.0148298217179968,-32.5,6.27982167162037));
#14017=CARTESIAN_POINT('',(0.0148298217179825,69.8088101806059,11.8931117387027));
#14018=CARTESIAN_POINT('Ctrl Pts',(0.21134521880064,69.8088101806059,11.9072932622035));
#14019=CARTESIAN_POINT('Ctrl Pts',(0.211345218800668,-134.808810180606,
11.9072932622035));
#14020=CARTESIAN_POINT('Ctrl Pts',(0.16880064829821,69.8088101806059,11.9072932622035));
#14021=CARTESIAN_POINT('Ctrl Pts',(0.168800648298238,-134.808810180606,
11.9072932622035));
#14022=CARTESIAN_POINT('Ctrl Pts',(0.0675040518638508,69.8088101806059,
11.9012154664174));
#14023=CARTESIAN_POINT('Ctrl Pts',(0.0675040518638787,-134.808810180606,
11.9012154664174));
#14024=CARTESIAN_POINT('Ctrl Pts',(0.0148298217179825,69.8088101806059,
11.8931117387027));
#14025=CARTESIAN_POINT('Ctrl Pts',(0.0148298217180104,-134.808810180606,
11.8931117387027));
#14026=CARTESIAN_POINT('',(0.211345218800654,-32.5,11.9072932622035));
#14027=CARTESIAN_POINT('Ctrl Pts',(0.0148298217179965,-32.5,11.8931117387027));
#14028=CARTESIAN_POINT('Ctrl Pts',(0.0675040518638647,-32.5,11.9012154664174));
#14029=CARTESIAN_POINT('Ctrl Pts',(0.168800648298224,-32.5,11.9072932622035));
#14030=CARTESIAN_POINT('Ctrl Pts',(0.211345218800654,-32.5,11.9072932622035));
#14031=CARTESIAN_POINT('',(0.21134521880064,69.8088101806059,11.9072932622035));
#14032=CARTESIAN_POINT('Ctrl Pts',(0.715802269043752,69.8088101806059,11.7512965036946));
#14033=CARTESIAN_POINT('Ctrl Pts',(0.71580226904378,-134.808810180606,11.7512965036946));
#14034=CARTESIAN_POINT('Ctrl Pts',(0.608427876823331,69.8088101806059,11.8444893724142));
#14035=CARTESIAN_POINT('Ctrl Pts',(0.608427876823359,-134.808810180606,
11.8444893724142));
#14036=CARTESIAN_POINT('Ctrl Pts',(0.37747163695299,69.8088101806059,11.9072932622035));
#14037=CARTESIAN_POINT('Ctrl Pts',(0.377471636953018,-134.808810180606,
11.9072932622035));
#14038=CARTESIAN_POINT('Ctrl Pts',(0.21134521880064,69.8088101806059,11.9072932622035));
#14039=CARTESIAN_POINT('Ctrl Pts',(0.211345218800668,-134.808810180606,
11.9072932622035));
#14040=CARTESIAN_POINT('',(0.715802269043766,-32.5,11.7512965036946));
#14041=CARTESIAN_POINT('Ctrl Pts',(0.211345218800654,-32.5,11.9072932622035));
#14042=CARTESIAN_POINT('Ctrl Pts',(0.377471636953004,-32.5,11.9072932622035));
#14043=CARTESIAN_POINT('Ctrl Pts',(0.608427876823345,-32.5,11.8444893724142));
#14044=CARTESIAN_POINT('Ctrl Pts',(0.715802269043766,-32.5,11.7512965036946));
#14045=CARTESIAN_POINT('',(0.715802269043752,69.8088101806059,11.7512965036946));
#14046=CARTESIAN_POINT('Ctrl Pts',(0.938654781199343,69.8088101806059,11.1475687889458));
#14047=CARTESIAN_POINT('Ctrl Pts',(0.938654781199371,-134.808810180606,
11.1475687889458));
#14048=CARTESIAN_POINT('Ctrl Pts',(0.938654781199343,69.8088101806059,11.3744731649587));
#14049=CARTESIAN_POINT('Ctrl Pts',(0.938654781199371,-134.808810180606,
11.3744731649587));
#14050=CARTESIAN_POINT('Ctrl Pts',(0.823176661264173,69.8088101806059,11.6581036349749));
#14051=CARTESIAN_POINT('Ctrl Pts',(0.823176661264201,-134.808810180606,
11.6581036349749));
#14052=CARTESIAN_POINT('Ctrl Pts',(0.715802269043752,69.8088101806059,11.7512965036946));
#14053=CARTESIAN_POINT('Ctrl Pts',(0.71580226904378,-134.808810180606,11.7512965036946));
#14054=CARTESIAN_POINT('',(0.938654781199357,-32.5,11.1475687889458));
#14055=CARTESIAN_POINT('Ctrl Pts',(0.715802269043766,-32.5,11.7512965036946));
#14056=CARTESIAN_POINT('Ctrl Pts',(0.823176661264187,-32.5,11.6581036349749));
#14057=CARTESIAN_POINT('Ctrl Pts',(0.938654781199357,-32.5,11.3744731649587));
#14058=CARTESIAN_POINT('Ctrl Pts',(0.938654781199357,-32.5,11.1475687889458));
#14059=CARTESIAN_POINT('',(0.938654781199343,69.8088101806059,11.1475687889458));
#14060=CARTESIAN_POINT('Ctrl Pts',(0.748217179902747,69.8088101806059,10.5458670061257));
#14061=CARTESIAN_POINT('Ctrl Pts',(0.748217179902775,-134.808810180606,
10.5458670061257));
#14062=CARTESIAN_POINT('Ctrl Pts',(0.837358184764984,69.8088101806059,10.6593191941322));
#14063=CARTESIAN_POINT('Ctrl Pts',(0.837358184765012,-134.808810180606,
10.6593191941322));
#14064=CARTESIAN_POINT('Ctrl Pts',(0.938654781199343,69.8088101806059,10.9672608472926));
#14065=CARTESIAN_POINT('Ctrl Pts',(0.938654781199371,-134.808810180606,
10.9672608472926));
#14066=CARTESIAN_POINT('Ctrl Pts',(0.938654781199343,69.8088101806059,11.1475687889458));
#14067=CARTESIAN_POINT('Ctrl Pts',(0.938654781199371,-134.808810180606,
11.1475687889458));
#14068=CARTESIAN_POINT('',(0.748217179902761,-32.5,10.5458670061257));
#14069=CARTESIAN_POINT('Ctrl Pts',(0.938654781199357,-32.5,11.1475687889458));
#14070=CARTESIAN_POINT('Ctrl Pts',(0.938654781199357,-32.5,10.9672608472926));
#14071=CARTESIAN_POINT('Ctrl Pts',(0.837358184764998,-32.5,10.6593191941322));
#14072=CARTESIAN_POINT('Ctrl Pts',(0.748217179902761,-32.5,10.5458670061257));
#14073=CARTESIAN_POINT('',(0.748217179902747,69.8088101806059,10.5458670061257));
#14074=CARTESIAN_POINT('Ctrl Pts',(0.215397082658012,69.8088101806059,10.3007292427545));
#14075=CARTESIAN_POINT('Ctrl Pts',(0.21539708265804,-134.808810180606,10.3007292427545));
#14076=CARTESIAN_POINT('Ctrl Pts',(0.383549432739051,69.8088101806059,10.3007292427545));
#14077=CARTESIAN_POINT('Ctrl Pts',(0.383549432739079,-134.808810180606,
10.3007292427545));
#14078=CARTESIAN_POINT('Ctrl Pts',(0.655024311183138,69.8088101806059,10.4324148181192));
#14079=CARTESIAN_POINT('Ctrl Pts',(0.655024311183166,-134.808810180606,
10.4324148181192));
#14080=CARTESIAN_POINT('Ctrl Pts',(0.748217179902747,69.8088101806059,10.5458670061257));
#14081=CARTESIAN_POINT('Ctrl Pts',(0.748217179902775,-134.808810180606,
10.5458670061257));
#14082=CARTESIAN_POINT('',(0.215397082658026,-32.5,10.3007292427545));
#14083=CARTESIAN_POINT('Ctrl Pts',(0.748217179902761,-32.5,10.5458670061257));
#14084=CARTESIAN_POINT('Ctrl Pts',(0.655024311183152,-32.5,10.4324148181192));
#14085=CARTESIAN_POINT('Ctrl Pts',(0.383549432739065,-32.5,10.3007292427545));
#14086=CARTESIAN_POINT('Ctrl Pts',(0.215397082658026,-32.5,10.3007292427545));
#14087=CARTESIAN_POINT('',(0.215397082658012,69.8088101806059,10.3007292427545));
#14088=CARTESIAN_POINT('Ctrl Pts',(-0.353889789303086,69.8088101806059,
10.4425444777626));
#14089=CARTESIAN_POINT('Ctrl Pts',(-0.353889789303058,-134.808810180606,
10.4425444777626));
#14090=CARTESIAN_POINT('Ctrl Pts',(-0.242463533225293,69.8088101806059,
10.3797405879733));
#14091=CARTESIAN_POINT('Ctrl Pts',(-0.242463533225265,-134.808810180606,
10.3797405879733));
#14092=CARTESIAN_POINT('Ctrl Pts',(0.0594003241491008,69.8088101806059,
10.3007292427545));
#14093=CARTESIAN_POINT('Ctrl Pts',(0.0594003241491287,-134.808810180606,
10.3007292427545));
#14094=CARTESIAN_POINT('Ctrl Pts',(0.215397082658012,69.8088101806059,10.3007292427545));
#14095=CARTESIAN_POINT('Ctrl Pts',(0.21539708265804,-134.808810180606,10.3007292427545));
#14096=CARTESIAN_POINT('',(-0.353889789303072,-32.5,10.4425444777626));
#14097=CARTESIAN_POINT('Ctrl Pts',(0.215397082658026,-32.5,10.3007292427545));
#14098=CARTESIAN_POINT('Ctrl Pts',(0.0594003241491147,-32.5,10.3007292427545));
#14099=CARTESIAN_POINT('Ctrl Pts',(-0.242463533225279,-32.5,10.3797405879733));
#14100=CARTESIAN_POINT('Ctrl Pts',(-0.353889789303072,-32.5,10.4425444777626));
#14101=CARTESIAN_POINT('',(-0.353889789303086,69.8088101806059,10.4425444777626));
#14102=CARTESIAN_POINT('Origin',(-0.353889789303086,69.8088101806059,10.4425444777626));
#14103=CARTESIAN_POINT('',(-0.353889789303072,-32.5,10.7970825652829));
#14104=CARTESIAN_POINT('',(-0.353889789303072,-32.5,5.22127223888131));
#14105=CARTESIAN_POINT('',(-0.353889789303086,69.8088101806059,10.7970825652829));
#14106=CARTESIAN_POINT('Origin',(-0.353889789303086,69.8088101806059,10.7970825652829));
#14107=CARTESIAN_POINT('',(-0.3336304700162,-32.5,10.7970825652829));
#14108=CARTESIAN_POINT('',(-16.4269448946515,-32.5,10.7970825652829));
#14109=CARTESIAN_POINT('',(-0.333630470016214,69.8088101806059,10.7970825652829));
#14110=CARTESIAN_POINT('Ctrl Pts',(-0.0986223662884995,69.8088101806059,
10.6633710579895));
#14111=CARTESIAN_POINT('Ctrl Pts',(-0.0986223662884716,-134.808810180606,
10.6633710579895));
#14112=CARTESIAN_POINT('Ctrl Pts',(-0.175607779578613,69.8088101806059,
10.6957859688485));
#14113=CARTESIAN_POINT('Ctrl Pts',(-0.175607779578585,-134.808810180606,
10.6957859688485));
#14114=CARTESIAN_POINT('Ctrl Pts',(-0.299189627228534,69.8088101806059,
10.7687195182813));
#14115=CARTESIAN_POINT('Ctrl Pts',(-0.299189627228506,-134.808810180606,
10.7687195182813));
#14116=CARTESIAN_POINT('Ctrl Pts',(-0.333630470016214,69.8088101806059,
10.7970825652829));
#14117=CARTESIAN_POINT('Ctrl Pts',(-0.333630470016186,-134.808810180606,
10.7970825652829));
#14118=CARTESIAN_POINT('',(-0.0986223662884856,-32.5,10.6633710579895));
#14119=CARTESIAN_POINT('Ctrl Pts',(-0.3336304700162,-32.5,10.7970825652829));
#14120=CARTESIAN_POINT('Ctrl Pts',(-0.29918962722852,-32.5,10.7687195182813));
#14121=CARTESIAN_POINT('Ctrl Pts',(-0.175607779578599,-32.5,10.6957859688485));
#14122=CARTESIAN_POINT('Ctrl Pts',(-0.0986223662884856,-32.5,10.6633710579895));
#14123=CARTESIAN_POINT('',(-0.0986223662884995,69.8088101806059,10.6633710579895));
#14124=CARTESIAN_POINT('Ctrl Pts',(0.21944894651539,69.8088101806059,10.5904375085568));
#14125=CARTESIAN_POINT('Ctrl Pts',(0.219448946515418,-134.808810180606,
10.5904375085568));
#14126=CARTESIAN_POINT('Ctrl Pts',(0.130307941653153,69.8088101806059,10.5904375085568));
#14127=CARTESIAN_POINT('Ctrl Pts',(0.130307941653181,-134.808810180606,
10.5904375085568));
#14128=CARTESIAN_POINT('Ctrl Pts',(-0.0135332252836402,69.8088101806059,
10.6289302152019));
#14129=CARTESIAN_POINT('Ctrl Pts',(-0.0135332252836123,-134.808810180606,
10.6289302152019));
#14130=CARTESIAN_POINT('Ctrl Pts',(-0.0986223662884995,69.8088101806059,
10.6633710579895));
#14131=CARTESIAN_POINT('Ctrl Pts',(-0.0986223662884716,-134.808810180606,
10.6633710579895));
#14132=CARTESIAN_POINT('',(0.219448946515404,-32.5,10.5904375085568));
#14133=CARTESIAN_POINT('Ctrl Pts',(-0.0986223662884856,-32.5,10.6633710579895));
#14134=CARTESIAN_POINT('Ctrl Pts',(-0.0135332252836262,-32.5,10.6289302152019));
#14135=CARTESIAN_POINT('Ctrl Pts',(0.130307941653167,-32.5,10.5904375085568));
#14136=CARTESIAN_POINT('Ctrl Pts',(0.219448946515404,-32.5,10.5904375085568));
#14137=CARTESIAN_POINT('',(0.21944894651539,69.8088101806059,10.5904375085568));
#14138=CARTESIAN_POINT('Ctrl Pts',(0.531442463533218,69.8088101806059,10.7423824032083));
#14139=CARTESIAN_POINT('Ctrl Pts',(0.531442463533246,-134.808810180606,
10.7423824032083));
#14140=CARTESIAN_POINT('Ctrl Pts',(0.472690437601288,69.8088101806059,10.6633710579895));
#14141=CARTESIAN_POINT('Ctrl Pts',(0.472690437601316,-134.808810180606,
10.6633710579895));
#14142=CARTESIAN_POINT('Ctrl Pts',(0.306564019448938,69.8088101806059,10.5904375085568));
#14143=CARTESIAN_POINT('Ctrl Pts',(0.306564019448966,-134.808810180606,
10.5904375085568));
#14144=CARTESIAN_POINT('Ctrl Pts',(0.21944894651539,69.8088101806059,10.5904375085568));
#14145=CARTESIAN_POINT('Ctrl Pts',(0.219448946515418,-134.808810180606,
10.5904375085568));
#14146=CARTESIAN_POINT('',(0.531442463533232,-32.5,10.7423824032083));
#14147=CARTESIAN_POINT('Ctrl Pts',(0.219448946515404,-32.5,10.5904375085568));
#14148=CARTESIAN_POINT('Ctrl Pts',(0.306564019448952,-32.5,10.5904375085568));
#14149=CARTESIAN_POINT('Ctrl Pts',(0.472690437601302,-32.5,10.6633710579895));
#14150=CARTESIAN_POINT('Ctrl Pts',(0.531442463533232,-32.5,10.7423824032083));
#14151=CARTESIAN_POINT('',(0.531442463533218,69.8088101806059,10.7423824032083));
#14152=CARTESIAN_POINT('Ctrl Pts',(0.642868719611011,69.8088101806059,11.1495947208745));
#14153=CARTESIAN_POINT('Ctrl Pts',(0.642868719611039,-134.808810180606,
11.1495947208745));
#14154=CARTESIAN_POINT('Ctrl Pts',(0.642868719611011,69.8088101806059,11.0158832135811));
#14155=CARTESIAN_POINT('Ctrl Pts',(0.642868719611039,-134.808810180606,
11.0158832135811));
#14156=CARTESIAN_POINT('Ctrl Pts',(0.58614262560777,69.8088101806059,10.8173418845698));
#14157=CARTESIAN_POINT('Ctrl Pts',(0.586142625607798,-134.808810180606,
10.8173418845698));
#14158=CARTESIAN_POINT('Ctrl Pts',(0.531442463533218,69.8088101806059,10.7423824032083));
#14159=CARTESIAN_POINT('Ctrl Pts',(0.531442463533246,-134.808810180606,
10.7423824032083));
#14160=CARTESIAN_POINT('',(0.642868719611025,-32.5,11.1495947208745));
#14161=CARTESIAN_POINT('Ctrl Pts',(0.531442463533232,-32.5,10.7423824032083));
#14162=CARTESIAN_POINT('Ctrl Pts',(0.586142625607784,-32.5,10.8173418845698));
#14163=CARTESIAN_POINT('Ctrl Pts',(0.642868719611025,-32.5,11.0158832135811));
#14164=CARTESIAN_POINT('Ctrl Pts',(0.642868719611025,-32.5,11.1495947208745));
#14165=CARTESIAN_POINT('',(0.642868719611011,69.8088101806059,11.1495947208745));
#14166=CARTESIAN_POINT('Ctrl Pts',(0.521312803889783,69.8088101806059,11.5102106041808));
#14167=CARTESIAN_POINT('Ctrl Pts',(0.521312803889811,-134.808810180606,
11.5102106041808));
#14168=CARTESIAN_POINT('Ctrl Pts',(0.580064829821709,69.8088101806059,11.4534845101775));
#14169=CARTESIAN_POINT('Ctrl Pts',(0.580064829821737,-134.808810180606,
11.4534845101775));
#14170=CARTESIAN_POINT('Ctrl Pts',(0.642868719611011,69.8088101806059,11.2833062281678));
#14171=CARTESIAN_POINT('Ctrl Pts',(0.642868719611039,-134.808810180606,
11.2833062281678));
#14172=CARTESIAN_POINT('Ctrl Pts',(0.642868719611011,69.8088101806059,11.1495947208745));
#14173=CARTESIAN_POINT('Ctrl Pts',(0.642868719611039,-134.808810180606,
11.1495947208745));
#14174=CARTESIAN_POINT('',(0.521312803889797,-32.5,11.5102106041808));
#14175=CARTESIAN_POINT('Ctrl Pts',(0.642868719611025,-32.5,11.1495947208745));
#14176=CARTESIAN_POINT('Ctrl Pts',(0.642868719611025,-32.5,11.2833062281678));
#14177=CARTESIAN_POINT('Ctrl Pts',(0.580064829821723,-32.5,11.4534845101775));
#14178=CARTESIAN_POINT('Ctrl Pts',(0.521312803889797,-32.5,11.5102106041808));
#14179=CARTESIAN_POINT('',(0.521312803889783,69.8088101806059,11.5102106041808));
#14180=CARTESIAN_POINT('Ctrl Pts',(0.162722852512149,69.8088101806059,11.6256887241159));
#14181=CARTESIAN_POINT('Ctrl Pts',(0.162722852512177,-134.808810180606,
11.6256887241159));
#14182=CARTESIAN_POINT('Ctrl Pts',(0.276175040518631,69.8088101806059,11.6256887241159));
#14183=CARTESIAN_POINT('Ctrl Pts',(0.276175040518659,-134.808810180606,
11.6256887241159));
#14184=CARTESIAN_POINT('Ctrl Pts',(0.458508914100477,69.8088101806059,11.5730144939701));
#14185=CARTESIAN_POINT('Ctrl Pts',(0.458508914100504,-134.808810180606,
11.5730144939701));
#14186=CARTESIAN_POINT('Ctrl Pts',(0.521312803889783,69.8088101806059,11.5102106041808));
#14187=CARTESIAN_POINT('Ctrl Pts',(0.521312803889811,-134.808810180606,
11.5102106041808));
#14188=CARTESIAN_POINT('',(0.162722852512163,-32.5,11.6256887241159));
#14189=CARTESIAN_POINT('Ctrl Pts',(0.521312803889797,-32.5,11.5102106041808));
#14190=CARTESIAN_POINT('Ctrl Pts',(0.458508914100491,-32.5,11.5730144939701));
#14191=CARTESIAN_POINT('Ctrl Pts',(0.276175040518645,-32.5,11.6256887241159));
#14192=CARTESIAN_POINT('Ctrl Pts',(0.162722852512163,-32.5,11.6256887241159));
#14193=CARTESIAN_POINT('',(0.162722852512149,69.8088101806059,11.6256887241159));
#14194=CARTESIAN_POINT('Ctrl Pts',(-0.26474878444085,69.8088101806059,11.5649107662553));
#14195=CARTESIAN_POINT('Ctrl Pts',(-0.264748784440822,-134.808810180606,
11.5649107662553));
#14196=CARTESIAN_POINT('Ctrl Pts',(-0.193841166936797,69.8088101806059,
11.5831441536135));
#14197=CARTESIAN_POINT('Ctrl Pts',(-0.19384116693677,-134.808810180606,
11.5831441536135));
#14198=CARTESIAN_POINT('Ctrl Pts',(0.0452188006482894,69.8088101806059,
11.6256887241159));
#14199=CARTESIAN_POINT('Ctrl Pts',(0.0452188006483173,-134.808810180606,
11.6256887241159));
#14200=CARTESIAN_POINT('Ctrl Pts',(0.162722852512149,69.8088101806059,11.6256887241159));
#14201=CARTESIAN_POINT('Ctrl Pts',(0.162722852512177,-134.808810180606,
11.6256887241159));
#14202=CARTESIAN_POINT('Ctrl Pts',(0.162722852512163,-32.5,11.6256887241159));
#14203=CARTESIAN_POINT('Ctrl Pts',(0.0452188006483034,-32.5,11.6256887241159));
#14204=CARTESIAN_POINT('Ctrl Pts',(-0.193841166936783,-32.5,11.5831441536135));
#14205=CARTESIAN_POINT('Ctrl Pts',(-0.264748784440836,-32.5,11.5649107662553));
#14206=CARTESIAN_POINT('Origin',(6.56871961102106,69.8088101806059,11.5649107662553));
#14207=CARTESIAN_POINT('',(6.56871961102107,-32.5,11.5649107662553));
#14208=CARTESIAN_POINT('',(7.54116693679093,-32.5,12.8534034729004));
#14209=CARTESIAN_POINT('',(-3.30058887186561,-32.5,-1.51192297356956));
#14210=CARTESIAN_POINT('',(6.56871961102107,-32.499,11.5649107662553));
#14211=CARTESIAN_POINT('',(6.56871961102106,69.8088101806059,11.5649107662553));
#14212=CARTESIAN_POINT('',(7.54116693679093,-32.499,12.8534034729004));
#14213=CARTESIAN_POINT('',(-3.30058887186561,-32.499,-1.51192297356956));
#14214=CARTESIAN_POINT('',(7.54116693679091,69.8088101806059,12.8534034729004));
#14215=CARTESIAN_POINT('Origin',(6.56871961102106,69.8088101806059,11.2123986106638));
#14216=CARTESIAN_POINT('',(6.56871961102107,-32.5,11.2123986106638));
#14217=CARTESIAN_POINT('',(6.56871961102107,-32.5,5.60619930533188));
#14218=CARTESIAN_POINT('',(6.56871961102107,-32.499,11.2123986106638));
#14219=CARTESIAN_POINT('',(6.56871961102106,69.8088101806059,11.2123986106638));
#14220=CARTESIAN_POINT('',(6.56871961102107,-32.499,5.60619930533188));
#14221=CARTESIAN_POINT('Origin',(7.52901134521879,69.8088101806059,11.2123986106638));
#14222=CARTESIAN_POINT('',(7.5290113452188,-32.5,11.2123986106638));
#14223=CARTESIAN_POINT('',(-12.4854943273906,-32.5,11.2123986106638));
#14224=CARTESIAN_POINT('',(7.5290113452188,-32.499,11.2123986106638));
#14225=CARTESIAN_POINT('',(7.52901134521879,69.8088101806059,11.2123986106638));
#14226=CARTESIAN_POINT('',(-12.4854943273906,-32.499,11.2123986106638));
#14227=CARTESIAN_POINT('Origin',(7.52901134521879,69.8088101806059,10.3534034729004));
#14228=CARTESIAN_POINT('',(7.5290113452188,-32.5,10.3534034729004));
#14229=CARTESIAN_POINT('',(7.5290113452188,-32.5,5.1767017364502));
#14230=CARTESIAN_POINT('',(7.5290113452188,-32.499,10.3534034729004));
#14231=CARTESIAN_POINT('',(7.52901134521879,69.8088101806059,10.3534034729004));
#14232=CARTESIAN_POINT('',(7.5290113452188,-32.499,5.1767017364502));
#14233=CARTESIAN_POINT('Origin',(7.80858995137762,69.8088101806059,10.3534034729004));
#14234=CARTESIAN_POINT('',(7.80858995137764,-32.5,10.3534034729004));
#14235=CARTESIAN_POINT('',(-12.3457050243112,-32.5,10.3534034729004));
#14236=CARTESIAN_POINT('',(7.80858995137763,-32.499,10.3534034729004));
#14237=CARTESIAN_POINT('',(7.80858995137762,69.8088101806059,10.3534034729004));
#14238=CARTESIAN_POINT('',(-12.3457050243112,-32.499,10.3534034729004));
#14239=CARTESIAN_POINT('Origin',(7.52901134521879,69.8088101806059,12.4563208148777));
#14240=CARTESIAN_POINT('',(7.5290113452188,-32.5,11.4818475571792));
#14241=CARTESIAN_POINT('',(7.5290113452188,-32.5,12.4563208148777));
#14242=CARTESIAN_POINT('',(7.5290113452188,-32.5,6.22816040743885));
#14243=CARTESIAN_POINT('',(7.5290113452188,-32.499,11.4818475571792));
#14244=CARTESIAN_POINT('',(7.52901134521879,69.8088101806059,11.4818475571792));
#14245=CARTESIAN_POINT('',(7.5290113452188,-32.499,12.4563208148777));
#14246=CARTESIAN_POINT('',(7.5290113452188,-32.499,6.22816040743885));
#14247=CARTESIAN_POINT('',(7.52901134521879,69.8088101806059,12.4563208148777));
#14248=CARTESIAN_POINT('Origin',(7.80858995137762,69.8088101806059,11.2123986106638));
#14249=CARTESIAN_POINT('',(7.80858995137764,-32.5,11.2123986106638));
#14250=CARTESIAN_POINT('',(7.80858995137764,-32.5,5.60619930533188));
#14251=CARTESIAN_POINT('',(7.80858995137763,-32.499,11.2123986106638));
#14252=CARTESIAN_POINT('',(7.80858995137762,69.8088101806059,11.2123986106638));
#14253=CARTESIAN_POINT('',(7.80858995137764,-32.499,5.60619930533188));
#14254=CARTESIAN_POINT('Origin',(8.0658833063209,69.8088101806059,11.2123986106638));
#14255=CARTESIAN_POINT('',(8.06588330632091,-32.5,11.2123986106638));
#14256=CARTESIAN_POINT('',(-12.2170583468395,-32.5,11.2123986106638));
#14257=CARTESIAN_POINT('',(8.06588330632091,-32.499,11.2123986106638));
#14258=CARTESIAN_POINT('',(8.0658833063209,69.8088101806059,11.2123986106638));
#14259=CARTESIAN_POINT('',(-12.2170583468395,-32.499,11.2123986106638));
#14260=CARTESIAN_POINT('Origin',(8.0658833063209,69.8088101806059,11.4818475571792));
#14261=CARTESIAN_POINT('',(8.06588330632091,-32.5,11.4818475571792));
#14262=CARTESIAN_POINT('',(8.06588330632091,-32.5,5.74092377858958));
#14263=CARTESIAN_POINT('',(8.06588330632091,-32.499,11.4818475571792));
#14264=CARTESIAN_POINT('',(8.0658833063209,69.8088101806059,11.4818475571792));
#14265=CARTESIAN_POINT('',(8.06588330632091,-32.499,5.74092377858958));
#14266=CARTESIAN_POINT('Origin',(7.80858995137762,69.8088101806059,11.4818475571792));
#14267=CARTESIAN_POINT('',(7.80858995137764,-32.5,11.4818475571792));
#14268=CARTESIAN_POINT('',(-12.3457050243112,-32.5,11.4818475571792));
#14269=CARTESIAN_POINT('',(7.80858995137763,-32.499,11.4818475571792));
#14270=CARTESIAN_POINT('',(7.80858995137762,69.8088101806059,11.4818475571792));
#14271=CARTESIAN_POINT('',(-12.3457050243112,-32.499,11.4818475571792));
#14272=CARTESIAN_POINT('Origin',(7.80858995137762,69.8088101806059,12.8534034729004));
#14273=CARTESIAN_POINT('',(7.80858995137764,-32.5,12.8534034729004));
#14274=CARTESIAN_POINT('',(7.80858995137764,-32.5,6.4267017364502));
#14275=CARTESIAN_POINT('',(7.80858995137763,-32.499,12.8534034729004));
#14276=CARTESIAN_POINT('',(7.80858995137762,69.8088101806059,12.8534034729004));
#14277=CARTESIAN_POINT('',(7.80858995137764,-32.499,6.4267017364502));
#14278=CARTESIAN_POINT('Origin',(7.54116693679091,69.8088101806059,12.8534034729004));
#14279=CARTESIAN_POINT('',(-12.4794165316045,-32.5,12.8534034729004));
#14280=CARTESIAN_POINT('',(-12.4794165316045,-32.499,12.8534034729004));
#14281=CARTESIAN_POINT('Origin',(7.52901134521879,69.8088101806059,11.4818475571792));
#14282=CARTESIAN_POINT('',(6.79562398703404,-32.5,11.4818475571792));
#14283=CARTESIAN_POINT('',(-12.4854943273906,-32.5,11.4818475571792));
#14284=CARTESIAN_POINT('',(6.79562398703404,-32.499,11.4818475571792));
#14285=CARTESIAN_POINT('',(6.79562398703402,69.8088101806059,11.4818475571792));
#14286=CARTESIAN_POINT('',(-12.4854943273906,-32.499,11.4818475571792));
#14287=CARTESIAN_POINT('Origin',(6.79562398703402,69.8088101806059,11.4818475571792));
#14288=CARTESIAN_POINT('',(-3.06723387931444,-32.5,-1.62322049175348));
#14289=CARTESIAN_POINT('',(-3.06723387931445,-32.499,-1.62322049175348));
#14290=CARTESIAN_POINT('Origin',(-32.5,-32.499,0.));
#14291=CARTESIAN_POINT('Origin',(-32.5,-32.5,0.));
#14292=CARTESIAN_POINT('Origin',(-32.5,-32.5,0.));
#14293=CARTESIAN_POINT('',(-30.5,-32.5,9.2));
#14294=CARTESIAN_POINT('',(-30.5,-32.5,18.));
#14295=CARTESIAN_POINT('',(-30.5,-32.5,0.));
#14296=CARTESIAN_POINT('',(30.5,-32.5,9.2));
#14297=CARTESIAN_POINT('',(-16.25,-32.5,9.2));
#14298=CARTESIAN_POINT('',(30.5,-32.5,18.));
#14299=CARTESIAN_POINT('',(30.5,-32.5,0.));
#14300=CARTESIAN_POINT('',(-16.25,-32.5,18.));
#14301=CARTESIAN_POINT('',(25.3703405699622,-32.5,12.9367906451225));
#14302=CARTESIAN_POINT('',(24.9230147823329,-32.5,12.9367906451225));
#14303=CARTESIAN_POINT('',(25.3703405699622,-32.5,12.9367906451225));
#14304=CARTESIAN_POINT('',(23.5956241299113,-32.5,15.523500634457));
#14305=CARTESIAN_POINT('',(24.9230147823329,-32.5,12.9367906451225));
#14306=CARTESIAN_POINT('',(23.5956241299113,-32.5,12.9367906451225));
#14307=CARTESIAN_POINT('',(23.5956241299113,-32.5,15.523500634457));
#14308=CARTESIAN_POINT('',(23.2236630130239,-32.5,12.9367906451225));
#14309=CARTESIAN_POINT('',(23.5956241299113,-32.5,12.9367906451225));
#14310=CARTESIAN_POINT('',(23.2236630130239,-32.5,15.9367907643318));
#14311=CARTESIAN_POINT('',(23.2236630130239,-32.5,12.9367906451225));
#14312=CARTESIAN_POINT('',(23.7901136027936,-32.5,15.9367907643318));
#14313=CARTESIAN_POINT('',(23.2236630130239,-32.5,15.9367907643318));
#14314=CARTESIAN_POINT('',(24.9983794530748,-32.5,13.5615880767569));
#14315=CARTESIAN_POINT('',(23.7901136027936,-32.5,15.9367907643318));
#14316=CARTESIAN_POINT('',(24.9983794530748,-32.5,15.9367907643318));
#14317=CARTESIAN_POINT('',(24.9983794530748,-32.5,13.5615880767569));
#14318=CARTESIAN_POINT('',(25.3703405699622,-32.5,15.9367907643318));
#14319=CARTESIAN_POINT('',(24.9983794530748,-32.5,15.9367907643318));
#14320=CARTESIAN_POINT('',(25.3703405699622,-32.5,15.9367907643318));
#14321=CARTESIAN_POINT('',(22.4262561742065,-32.5,15.5940030683768));
#14322=CARTESIAN_POINT('',(22.7860616990388,-32.5,14.4367907047272));
#14323=CARTESIAN_POINT('Ctrl Pts',(22.4262561742065,-32.5,15.5940030683768));
#14324=CARTESIAN_POINT('Ctrl Pts',(22.5964344629785,-32.5,15.3946513586724));
#14325=CARTESIAN_POINT('Ctrl Pts',(22.7860616990388,-32.5,14.8111829400256));
#14326=CARTESIAN_POINT('Ctrl Pts',(22.7860616990388,-32.5,14.4367907047272));
#14327=CARTESIAN_POINT('',(22.4262561742066,-32.5,13.2820094594886));
#14328=CARTESIAN_POINT('Ctrl Pts',(22.7860616990388,-32.5,14.4367907047272));
#14329=CARTESIAN_POINT('Ctrl Pts',(22.7860616990388,-32.5,14.0721229430729));
#14330=CARTESIAN_POINT('Ctrl Pts',(22.6012966998006,-32.5,13.4813611691929));
#14331=CARTESIAN_POINT('Ctrl Pts',(22.4262561742065,-32.5,13.2820094594886));
#14332=CARTESIAN_POINT('',(21.4586710466172,-32.5,12.8735815664358));
#14333=CARTESIAN_POINT('Ctrl Pts',(22.4262561742065,-32.5,13.2820094594886));
#14334=CARTESIAN_POINT('Ctrl Pts',(22.2414911749684,-32.5,13.0729332761401));
#14335=CARTESIAN_POINT('Ctrl Pts',(21.7528363743516,-32.5,12.8735815664358));
#14336=CARTESIAN_POINT('Ctrl Pts',(21.4586710466172,-32.5,12.8735815664358));
#14337=CARTESIAN_POINT('',(20.4910859190278,-32.5,13.2820094594886));
#14338=CARTESIAN_POINT('Ctrl Pts',(21.4586710466172,-32.5,12.8735815664358));
#14339=CARTESIAN_POINT('Ctrl Pts',(21.1547812452386,-32.5,12.8735815664358));
#14340=CARTESIAN_POINT('Ctrl Pts',(20.6685575630329,-32.5,13.0802266313732));
#14341=CARTESIAN_POINT('Ctrl Pts',(20.4910859190278,-32.5,13.2820094594886));
#14342=CARTESIAN_POINT('',(20.1337115126066,-32.5,14.4367907047272));
#14343=CARTESIAN_POINT('Ctrl Pts',(20.4910859190278,-32.5,13.2820094594886));
#14344=CARTESIAN_POINT('Ctrl Pts',(20.3184765118447,-32.5,13.4813611691929));
#14345=CARTESIAN_POINT('Ctrl Pts',(20.1337115126066,-32.5,14.0672607062508));
#14346=CARTESIAN_POINT('Ctrl Pts',(20.1337115126066,-32.5,14.4367907047272));
#14347=CARTESIAN_POINT('',(20.4935170374388,-32.5,15.5940030683768));
#14348=CARTESIAN_POINT('Ctrl Pts',(20.1337115126066,-32.5,14.4367907047272));
#14349=CARTESIAN_POINT('Ctrl Pts',(20.1337115126066,-32.5,14.8136140584366));
#14350=CARTESIAN_POINT('Ctrl Pts',(20.3209076302558,-32.5,15.3873580034394));
#14351=CARTESIAN_POINT('Ctrl Pts',(20.4935170374388,-32.5,15.5940030683768));
#14352=CARTESIAN_POINT('',(21.4586710466172,-32.5,15.9999998430186));
#14353=CARTESIAN_POINT('Ctrl Pts',(20.4935170374388,-32.5,15.5940030683768));
#14354=CARTESIAN_POINT('Ctrl Pts',(20.6685575630329,-32.5,15.7933547780811));
#14355=CARTESIAN_POINT('Ctrl Pts',(21.1572123636496,-32.5,15.9999998430186));
#14356=CARTESIAN_POINT('Ctrl Pts',(21.4586710466172,-32.5,15.9999998430186));
#14357=CARTESIAN_POINT('Ctrl Pts',(21.4586710466172,-32.5,15.9999998430186));
#14358=CARTESIAN_POINT('Ctrl Pts',(21.7649919664068,-32.5,15.9999998430186));
#14359=CARTESIAN_POINT('Ctrl Pts',(22.2560778854345,-32.5,15.786061422848));
#14360=CARTESIAN_POINT('Ctrl Pts',(22.4262561742065,-32.5,15.5940030683768));
#14361=CARTESIAN_POINT('',(-20.982171599637,-32.5,15.5818474763216));
#14362=CARTESIAN_POINT('',(-22.3776335675674,-32.5,15.5818474763216));
#14363=CARTESIAN_POINT('',(-20.982171599637,-32.5,15.5818474763216));
#14364=CARTESIAN_POINT('',(-22.3776335675674,-32.5,14.7358182692837));
#14365=CARTESIAN_POINT('',(-22.3776335675674,-32.5,15.5818474763216));
#14366=CARTESIAN_POINT('',(-21.0405184415017,-32.5,14.7358182692837));
#14367=CARTESIAN_POINT('',(-22.3776335675674,-32.5,14.7358182692837));
#14368=CARTESIAN_POINT('',(-21.0405184415017,-32.5,14.3808749812735));
#14369=CARTESIAN_POINT('',(-21.0405184415017,-32.5,14.7358182692837));
#14370=CARTESIAN_POINT('',(-22.3776335675674,-32.5,14.3808749812735));
#14371=CARTESIAN_POINT('',(-21.0405184415017,-32.5,14.3808749812735));
#14372=CARTESIAN_POINT('',(-22.3776335675674,-32.5,12.9367906451225));
#14373=CARTESIAN_POINT('',(-22.3776335675674,-32.5,14.3808749812735));
#14374=CARTESIAN_POINT('',(-22.7763369869761,-32.5,12.9367906451225));
#14375=CARTESIAN_POINT('',(-22.3776335675674,-32.5,12.9367906451225));
#14376=CARTESIAN_POINT('',(-22.7763369869761,-32.5,15.9367907643318));
#14377=CARTESIAN_POINT('',(-22.7763369869761,-32.5,12.9367906451225));
#14378=CARTESIAN_POINT('',(-20.982171599637,-32.5,15.9367907643318));
#14379=CARTESIAN_POINT('',(-22.7763369869761,-32.5,15.9367907643318));
#14380=CARTESIAN_POINT('',(-20.982171599637,-32.5,15.9367907643318));
#14381=CARTESIAN_POINT('',(-23.5737438257935,-32.5,15.5940030683768));
#14382=CARTESIAN_POINT('',(-23.2139383009612,-32.5,14.4367907047272));
#14383=CARTESIAN_POINT('Ctrl Pts',(-23.5737438257935,-32.5,15.5940030683768));
#14384=CARTESIAN_POINT('Ctrl Pts',(-23.4035655370215,-32.5,15.3946513586724));
#14385=CARTESIAN_POINT('Ctrl Pts',(-23.2139383009612,-32.5,14.8111829400256));
#14386=CARTESIAN_POINT('Ctrl Pts',(-23.2139383009612,-32.5,14.4367907047272));
#14387=CARTESIAN_POINT('',(-23.5737438257934,-32.5,13.2820094594886));
#14388=CARTESIAN_POINT('Ctrl Pts',(-23.2139383009612,-32.5,14.4367907047272));
#14389=CARTESIAN_POINT('Ctrl Pts',(-23.2139383009612,-32.5,14.0721229430729));
#14390=CARTESIAN_POINT('Ctrl Pts',(-23.3987033001994,-32.5,13.4813611691929));
#14391=CARTESIAN_POINT('Ctrl Pts',(-23.5737438257935,-32.5,13.2820094594886));
#14392=CARTESIAN_POINT('',(-24.5413289533828,-32.5,12.8735815664358));
#14393=CARTESIAN_POINT('Ctrl Pts',(-23.5737438257935,-32.5,13.2820094594886));
#14394=CARTESIAN_POINT('Ctrl Pts',(-23.7585088250316,-32.5,13.0729332761401));
#14395=CARTESIAN_POINT('Ctrl Pts',(-24.2471636256484,-32.5,12.8735815664358));
#14396=CARTESIAN_POINT('Ctrl Pts',(-24.5413289533828,-32.5,12.8735815664358));
#14397=CARTESIAN_POINT('',(-25.5089140809722,-32.5,13.2820094594886));
#14398=CARTESIAN_POINT('Ctrl Pts',(-24.5413289533828,-32.5,12.8735815664358));
#14399=CARTESIAN_POINT('Ctrl Pts',(-24.8452187547614,-32.5,12.8735815664358));
#14400=CARTESIAN_POINT('Ctrl Pts',(-25.3314424369671,-32.5,13.0802266313732));
#14401=CARTESIAN_POINT('Ctrl Pts',(-25.5089140809722,-32.5,13.2820094594886));
#14402=CARTESIAN_POINT('',(-25.8662884873934,-32.5,14.4367907047272));
#14403=CARTESIAN_POINT('Ctrl Pts',(-25.5089140809722,-32.5,13.2820094594886));
#14404=CARTESIAN_POINT('Ctrl Pts',(-25.6815234881553,-32.5,13.4813611691929));
#14405=CARTESIAN_POINT('Ctrl Pts',(-25.8662884873934,-32.5,14.0672607062508));
#14406=CARTESIAN_POINT('Ctrl Pts',(-25.8662884873934,-32.5,14.4367907047272));
#14407=CARTESIAN_POINT('',(-25.5064829625612,-32.5,15.5940030683768));
#14408=CARTESIAN_POINT('Ctrl Pts',(-25.8662884873934,-32.5,14.4367907047272));
#14409=CARTESIAN_POINT('Ctrl Pts',(-25.8662884873934,-32.5,14.8136140584366));
#14410=CARTESIAN_POINT('Ctrl Pts',(-25.6790923697442,-32.5,15.3873580034394));
#14411=CARTESIAN_POINT('Ctrl Pts',(-25.5064829625612,-32.5,15.5940030683768));
#14412=CARTESIAN_POINT('',(-24.5413289533828,-32.5,15.9999998430186));
#14413=CARTESIAN_POINT('Ctrl Pts',(-25.5064829625612,-32.5,15.5940030683768));
#14414=CARTESIAN_POINT('Ctrl Pts',(-25.3314424369671,-32.5,15.7933547780811));
#14415=CARTESIAN_POINT('Ctrl Pts',(-24.8427876363504,-32.5,15.9999998430186));
#14416=CARTESIAN_POINT('Ctrl Pts',(-24.5413289533828,-32.5,15.9999998430186));
#14417=CARTESIAN_POINT('Ctrl Pts',(-24.5413289533828,-32.5,15.9999998430186));
#14418=CARTESIAN_POINT('Ctrl Pts',(-24.2350080335932,-32.5,15.9999998430186));
#14419=CARTESIAN_POINT('Ctrl Pts',(-23.7439221145655,-32.5,15.786061422848));
#14420=CARTESIAN_POINT('Ctrl Pts',(-23.5737438257935,-32.5,15.5940030683768));
#14421=CARTESIAN_POINT('',(-18.8306318058767,-32.5,15.5818474763216));
#14422=CARTESIAN_POINT('',(-20.2260937738071,-32.5,15.5818474763216));
#14423=CARTESIAN_POINT('',(-18.8306318058767,-32.5,15.5818474763216));
#14424=CARTESIAN_POINT('',(-20.2260937738071,-32.5,14.7358182692837));
#14425=CARTESIAN_POINT('',(-20.2260937738071,-32.5,15.5818474763216));
#14426=CARTESIAN_POINT('',(-18.8889786477414,-32.5,14.7358182692837));
#14427=CARTESIAN_POINT('',(-20.2260937738071,-32.5,14.7358182692837));
#14428=CARTESIAN_POINT('',(-18.8889786477414,-32.5,14.3808749812735));
#14429=CARTESIAN_POINT('',(-18.8889786477414,-32.5,14.7358182692837));
#14430=CARTESIAN_POINT('',(-20.2260937738071,-32.5,14.3808749812735));
#14431=CARTESIAN_POINT('',(-18.8889786477414,-32.5,14.3808749812735));
#14432=CARTESIAN_POINT('',(-20.2260937738071,-32.5,12.9367906451225));
#14433=CARTESIAN_POINT('',(-20.2260937738071,-32.5,14.3808749812735));
#14434=CARTESIAN_POINT('',(-20.6247971932158,-32.5,12.9367906451225));
#14435=CARTESIAN_POINT('',(-20.2260937738071,-32.5,12.9367906451225));
#14436=CARTESIAN_POINT('',(-20.6247971932158,-32.5,15.9367907643318));
#14437=CARTESIAN_POINT('',(-20.6247971932158,-32.5,12.9367906451225));
#14438=CARTESIAN_POINT('',(-18.8306318058767,-32.5,15.9367907643318));
#14439=CARTESIAN_POINT('',(-20.6247971932158,-32.5,15.9367907643318));
#14440=CARTESIAN_POINT('',(-18.8306318058767,-32.5,15.9367907643318));
#14441=CARTESIAN_POINT('Origin',(-32.5,-32.5,0.));
#14442=CARTESIAN_POINT('Origin',(-32.5,-32.5,0.));
#14443=CARTESIAN_POINT('Origin',(-32.5,-32.5,0.));
#14444=CARTESIAN_POINT('Origin',(-32.5,-32.5,0.));
#14445=CARTESIAN_POINT('Origin',(-32.5,-32.5,0.));
#14446=CARTESIAN_POINT('Origin',(-32.5,-32.5,0.));
#14447=CARTESIAN_POINT('Origin',(-32.5,-32.5,0.));
#14448=CARTESIAN_POINT('Origin',(-32.5,-32.5,0.));
#14449=CARTESIAN_POINT('Origin',(-32.5,-32.5,0.));
#14450=CARTESIAN_POINT('Origin',(-32.5,-32.5,0.));
#14451=CARTESIAN_POINT('Origin',(-32.5,-32.5,0.));
#14452=CARTESIAN_POINT('Origin',(-32.5,-32.5,0.));
#14453=CARTESIAN_POINT('Origin',(-32.5,-32.5,0.));
#14454=CARTESIAN_POINT('Origin',(-32.5,-32.5,0.));
#14455=CARTESIAN_POINT('',(21.4611021650282,-32.5,13.2188003808018));
#14456=CARTESIAN_POINT('',(22.3703404507529,-32.5,14.4367907047272));
#14457=CARTESIAN_POINT('Ctrl Pts',(21.4611021650282,-32.5,13.2188003808018));
#14458=CARTESIAN_POINT('Ctrl Pts',(21.8768234133141,-32.5,13.2188003808018));
#14459=CARTESIAN_POINT('Ctrl Pts',(22.3703404507529,-32.5,13.8460289308472));
#14460=CARTESIAN_POINT('Ctrl Pts',(22.3703404507529,-32.5,14.4367907047272));
#14461=CARTESIAN_POINT('',(20.5494327608925,-32.5,14.4367907047272));
#14462=CARTESIAN_POINT('Ctrl Pts',(20.5494327608925,-32.5,14.4367907047272));
#14463=CARTESIAN_POINT('Ctrl Pts',(20.5494327608925,-32.5,13.8460289308472));
#14464=CARTESIAN_POINT('Ctrl Pts',(21.0453809167423,-32.5,13.2188003808018));
#14465=CARTESIAN_POINT('Ctrl Pts',(21.4611021650282,-32.5,13.2188003808018));
#14466=CARTESIAN_POINT('',(20.7949757204064,-32.5,15.3435978720408));
#14467=CARTESIAN_POINT('Ctrl Pts',(20.7949757204064,-32.5,15.3435978720408));
#14468=CARTESIAN_POINT('Ctrl Pts',(20.675850918266,-32.5,15.190437412146));
#14469=CARTESIAN_POINT('Ctrl Pts',(20.5494327608925,-32.5,14.7285249140506));
#14470=CARTESIAN_POINT('Ctrl Pts',(20.5494327608925,-32.5,14.4367907047272));
#14471=CARTESIAN_POINT('',(21.4611021650282,-32.5,15.6547810286525));
#14472=CARTESIAN_POINT('Ctrl Pts',(21.4611021650282,-32.5,15.6547810286525));
#14473=CARTESIAN_POINT('Ctrl Pts',(21.2447326264466,-32.5,15.6547810286525));
#14474=CARTESIAN_POINT('Ctrl Pts',(20.9189627593688,-32.5,15.5040516871687));
#14475=CARTESIAN_POINT('Ctrl Pts',(20.7949757204064,-32.5,15.3435978720408));
#14476=CARTESIAN_POINT('',(22.124797491239,-32.5,15.3435978720408));
#14477=CARTESIAN_POINT('Ctrl Pts',(22.124797491239,-32.5,15.3435978720408));
#14478=CARTESIAN_POINT('Ctrl Pts',(22.0056726890986,-32.5,15.4991894503467));
#14479=CARTESIAN_POINT('Ctrl Pts',(21.6701783483766,-32.5,15.6547810286525));
#14480=CARTESIAN_POINT('Ctrl Pts',(21.4611021650282,-32.5,15.6547810286525));
#14481=CARTESIAN_POINT('Ctrl Pts',(22.3703404507529,-32.5,14.4367907047272));
#14482=CARTESIAN_POINT('Ctrl Pts',(22.3703404507529,-32.5,14.7333871508727));
#14483=CARTESIAN_POINT('Ctrl Pts',(22.2414911749684,-32.5,15.1928685305571));
#14484=CARTESIAN_POINT('Ctrl Pts',(22.124797491239,-32.5,15.3435978720408));
#14485=CARTESIAN_POINT('Origin',(-32.5,-32.5,0.));
#14486=CARTESIAN_POINT('Origin',(-32.5,-32.5,0.));
#14487=CARTESIAN_POINT('',(-23.6296595492471,-32.5,14.4367907047272));
#14488=CARTESIAN_POINT('',(-23.875202508761,-32.5,15.3435978720408));
#14489=CARTESIAN_POINT('Ctrl Pts',(-23.6296595492471,-32.5,14.4367907047272));
#14490=CARTESIAN_POINT('Ctrl Pts',(-23.6296595492471,-32.5,14.7333871508727));
#14491=CARTESIAN_POINT('Ctrl Pts',(-23.7585088250316,-32.5,15.1928685305571));
#14492=CARTESIAN_POINT('Ctrl Pts',(-23.875202508761,-32.5,15.3435978720408));
#14493=CARTESIAN_POINT('',(-24.5388978349718,-32.5,15.6547810286525));
#14494=CARTESIAN_POINT('Ctrl Pts',(-23.875202508761,-32.5,15.3435978720408));
#14495=CARTESIAN_POINT('Ctrl Pts',(-23.9943273109014,-32.5,15.4991894503467));
#14496=CARTESIAN_POINT('Ctrl Pts',(-24.3298216516234,-32.5,15.6547810286525));
#14497=CARTESIAN_POINT('Ctrl Pts',(-24.5388978349718,-32.5,15.6547810286525));
#14498=CARTESIAN_POINT('',(-25.2050242795936,-32.5,15.3435978720408));
#14499=CARTESIAN_POINT('Ctrl Pts',(-24.5388978349718,-32.5,15.6547810286525));
#14500=CARTESIAN_POINT('Ctrl Pts',(-24.7552673735534,-32.5,15.6547810286525));
#14501=CARTESIAN_POINT('Ctrl Pts',(-25.0810372406312,-32.5,15.5040516871687));
#14502=CARTESIAN_POINT('Ctrl Pts',(-25.2050242795936,-32.5,15.3435978720408));
#14503=CARTESIAN_POINT('',(-25.4505672391075,-32.5,14.4367907047272));
#14504=CARTESIAN_POINT('Ctrl Pts',(-25.2050242795936,-32.5,15.3435978720408));
#14505=CARTESIAN_POINT('Ctrl Pts',(-25.324149081734,-32.5,15.190437412146));
#14506=CARTESIAN_POINT('Ctrl Pts',(-25.4505672391075,-32.5,14.7285249140506));
#14507=CARTESIAN_POINT('Ctrl Pts',(-25.4505672391075,-32.5,14.4367907047272));
#14508=CARTESIAN_POINT('',(-24.5388978349718,-32.5,13.2188003808018));
#14509=CARTESIAN_POINT('Ctrl Pts',(-25.4505672391075,-32.5,14.4367907047272));
#14510=CARTESIAN_POINT('Ctrl Pts',(-25.4505672391075,-32.5,13.8460289308472));
#14511=CARTESIAN_POINT('Ctrl Pts',(-24.9546190832577,-32.5,13.2188003808018));
#14512=CARTESIAN_POINT('Ctrl Pts',(-24.5388978349718,-32.5,13.2188003808018));
#14513=CARTESIAN_POINT('Ctrl Pts',(-24.5388978349718,-32.5,13.2188003808018));
#14514=CARTESIAN_POINT('Ctrl Pts',(-24.1231765866859,-32.5,13.2188003808018));
#14515=CARTESIAN_POINT('Ctrl Pts',(-23.6296595492471,-32.5,13.8460289308472));
#14516=CARTESIAN_POINT('Ctrl Pts',(-23.6296595492471,-32.5,14.4367907047272));
#14517=CARTESIAN_POINT('Origin',(-32.5,-32.5,0.));
#14518=CARTESIAN_POINT('Origin',(-32.5,-32.5,0.));
#14519=CARTESIAN_POINT('Origin',(-3.14999999999999,-3.15,3.5));
#14520=CARTESIAN_POINT('',(-2.14999999999999,-3.15,3.5));
#14521=CARTESIAN_POINT('',(-3.14999999999999,-2.15,3.5));
#14522=CARTESIAN_POINT('Origin',(-3.14999999999999,-3.15,3.5));
#14523=CARTESIAN_POINT('',(-3.14999999999999,-2.15,5.7));
#14524=CARTESIAN_POINT('',(-3.14999999999999,-2.15,3.5));
#14525=CARTESIAN_POINT('',(-2.14999999999999,-3.15,5.7));
#14526=CARTESIAN_POINT('Origin',(-3.14999999999999,-3.15,5.7));
#14527=CARTESIAN_POINT('',(-2.14999999999999,-3.15,3.5));
#14528=CARTESIAN_POINT('Origin',(-29.7,-2.14999999999999,3.5));
#14529=CARTESIAN_POINT('',(-29.7,-2.14999999999999,3.5));
#14530=CARTESIAN_POINT('',(-14.85,-2.14999999999999,3.5));
#14531=CARTESIAN_POINT('',(-29.7,-2.14999999999999,5.7));
#14532=CARTESIAN_POINT('',(-29.7,-2.14999999999999,3.5));
#14533=CARTESIAN_POINT('',(29.7,-2.15,5.7));
#14534=CARTESIAN_POINT('Origin',(4.44089209850063E-15,-2.22044604925031E-15,
3.5));
#14535=CARTESIAN_POINT('',(-32.5,-3.5,3.5));
#14536=CARTESIAN_POINT('',(-5.49999999999999,-3.5,3.5));
#14537=CARTESIAN_POINT('',(-16.25,-3.5,3.5));
#14538=CARTESIAN_POINT('',(-32.5,3.5,3.5));
#14539=CARTESIAN_POINT('',(-32.5,16.25,3.5));
#14540=CARTESIAN_POINT('',(-5.49999999999999,3.5,3.5));
#14541=CARTESIAN_POINT('',(-2.24999999999999,3.5,3.5));
#14542=CARTESIAN_POINT('',(-3.49999999999999,5.5,3.5));
#14543=CARTESIAN_POINT('Origin',(-5.49999999999999,5.5,3.5));
#14544=CARTESIAN_POINT('',(-3.49999999999999,32.5,3.5));
#14545=CARTESIAN_POINT('',(-3.49999999999999,16.25,3.5));
#14546=CARTESIAN_POINT('',(3.50000000000001,32.5,3.5));
#14547=CARTESIAN_POINT('',(16.25,32.5,3.5));
#14548=CARTESIAN_POINT('',(3.5,5.49999999999999,3.5));
#14549=CARTESIAN_POINT('',(3.5,2.25,3.5));
#14550=CARTESIAN_POINT('',(5.5,3.5,3.5));
#14551=CARTESIAN_POINT('Origin',(5.5,5.49999999999999,3.5));
#14552=CARTESIAN_POINT('',(32.5,3.49999999999999,3.5));
#14553=CARTESIAN_POINT('',(16.25,3.49999999999999,3.5));
#14554=CARTESIAN_POINT('',(32.5,-3.50000000000001,3.5));
#14555=CARTESIAN_POINT('',(32.5,-16.25,3.5));
#14556=CARTESIAN_POINT('',(5.5,-3.5,3.5));
#14557=CARTESIAN_POINT('',(2.25,-3.5,3.5));
#14558=CARTESIAN_POINT('',(3.5,-5.5,3.5));
#14559=CARTESIAN_POINT('Origin',(5.5,-5.5,3.5));
#14560=CARTESIAN_POINT('',(3.5,-32.5,3.5));
#14561=CARTESIAN_POINT('',(3.5,-16.25,3.5));
#14562=CARTESIAN_POINT('',(-3.50000000000001,-32.5,3.5));
#14563=CARTESIAN_POINT('',(-16.25,-32.5,3.5));
#14564=CARTESIAN_POINT('',(-3.5,-5.5,3.5));
#14565=CARTESIAN_POINT('',(-3.49999999999999,-2.25,3.5));
#14566=CARTESIAN_POINT('Origin',(-5.49999999999999,-5.5,3.5));
#14567=CARTESIAN_POINT('',(-2.15000000000001,-29.7,3.5));
#14568=CARTESIAN_POINT('',(-2.14999999999999,-1.075,3.5));
#14569=CARTESIAN_POINT('',(2.14999999999996,-29.7,3.5));
#14570=CARTESIAN_POINT('Origin',(-2.0004605464072E-14,-29.7,3.5));
#14571=CARTESIAN_POINT('',(2.14999999999998,-3.15,3.5));
#14572=CARTESIAN_POINT('',(2.14999999999997,-14.85,3.5));
#14573=CARTESIAN_POINT('',(3.14999999999998,-2.15,3.5));
#14574=CARTESIAN_POINT('Origin',(3.14999999999998,-3.15,3.5));
#14575=CARTESIAN_POINT('',(29.7,-2.15,3.5));
#14576=CARTESIAN_POINT('',(1.07499999999999,-2.15,3.5));
#14577=CARTESIAN_POINT('',(29.7,2.15,3.5));
#14578=CARTESIAN_POINT('Origin',(29.7,-4.54183124768553E-15,3.5));
#14579=CARTESIAN_POINT('',(3.14999999999998,2.15000000000001,3.5));
#14580=CARTESIAN_POINT('',(14.85,2.15,3.5));
#14581=CARTESIAN_POINT('',(2.14999999999998,3.15000000000001,3.5));
#14582=CARTESIAN_POINT('Origin',(3.14999999999998,3.15000000000001,3.5));
#14583=CARTESIAN_POINT('',(2.15000000000001,29.7,3.5));
#14584=CARTESIAN_POINT('',(2.14999999999998,1.075,3.5));
#14585=CARTESIAN_POINT('',(-2.14999999999996,29.7,3.5));
#14586=CARTESIAN_POINT('Origin',(3.0916208444475E-14,29.7,3.5));
#14587=CARTESIAN_POINT('',(-2.14999999999998,3.15,3.5));
#14588=CARTESIAN_POINT('',(-2.14999999999997,14.85,3.5));
#14589=CARTESIAN_POINT('',(-3.14999999999998,2.15000000000001,3.5));
#14590=CARTESIAN_POINT('Origin',(-3.14999999999998,3.15,3.5));
#14591=CARTESIAN_POINT('',(-29.7,2.15000000000001,3.5));
#14592=CARTESIAN_POINT('',(-1.07499999999999,2.15000000000001,3.5));
#14593=CARTESIAN_POINT('Origin',(-29.7,-9.04630254217885E-16,3.5));
#14594=CARTESIAN_POINT('Origin',(3.14999999999998,-3.15,3.5));
#14595=CARTESIAN_POINT('',(2.14999999999998,-3.15,5.7));
#14596=CARTESIAN_POINT('',(2.14999999999998,-3.14999999999999,3.5));
#14597=CARTESIAN_POINT('',(3.14999999999998,-2.15,5.7));
#14598=CARTESIAN_POINT('Origin',(3.14999999999998,-3.15,5.7));
#14599=CARTESIAN_POINT('',(3.14999999999998,-2.15,3.5));
#14600=CARTESIAN_POINT('Origin',(2.14999999999996,-29.7,3.5));
#14601=CARTESIAN_POINT('',(2.14999999999996,-29.7,5.7));
#14602=CARTESIAN_POINT('',(2.14999999999996,-29.7,3.5));
#14603=CARTESIAN_POINT('',(2.15000000000001,29.7,5.7));
#14604=CARTESIAN_POINT('Origin',(3.14999999999998,3.15000000000001,3.5));
#14605=CARTESIAN_POINT('',(3.14999999999998,2.15000000000001,5.7));
#14606=CARTESIAN_POINT('',(3.14999999999998,2.15000000000001,3.5));
#14607=CARTESIAN_POINT('',(2.14999999999998,3.15000000000001,5.7));
#14608=CARTESIAN_POINT('Origin',(3.14999999999998,3.15000000000001,5.7));
#14609=CARTESIAN_POINT('',(2.14999999999998,3.15000000000001,3.5));
#14610=CARTESIAN_POINT('Origin',(29.7,2.15,3.5));
#14611=CARTESIAN_POINT('',(29.7,2.15,5.7));
#14612=CARTESIAN_POINT('',(29.7,2.15,3.5));
#14613=CARTESIAN_POINT('',(-29.7,2.15000000000001,5.7));
#14614=CARTESIAN_POINT('Origin',(-3.14999999999998,3.15,3.5));
#14615=CARTESIAN_POINT('',(-2.14999999999998,3.15,5.7));
#14616=CARTESIAN_POINT('',(-2.14999999999998,3.15,3.5));
#14617=CARTESIAN_POINT('',(-3.14999999999998,2.15000000000001,5.7));
#14618=CARTESIAN_POINT('Origin',(-3.14999999999998,3.15,5.7));
#14619=CARTESIAN_POINT('',(-3.14999999999998,2.15000000000001,3.5));
#14620=CARTESIAN_POINT('Origin',(-2.14999999999999,2.15000000000001,3.5));
#14621=CARTESIAN_POINT('',(-29.7,2.15000000000001,5.7));
#14622=CARTESIAN_POINT('',(-29.7,2.15000000000001,5.7));
#14623=CARTESIAN_POINT('',(-29.7,2.15000000000001,3.5));
#14624=CARTESIAN_POINT('Origin',(-5.49999999999999,-5.5,2.5));
#14625=CARTESIAN_POINT('',(-4.5,-5.5,2.5));
#14626=CARTESIAN_POINT('Origin',(-3.5,-5.5,2.5));
#14627=CARTESIAN_POINT('',(-5.49999999999999,-4.5,2.5));
#14628=CARTESIAN_POINT('Origin',(-5.49999999999999,-5.5,2.5));
#14629=CARTESIAN_POINT('Origin',(-5.49999999999999,-3.5,2.5));
#14630=CARTESIAN_POINT('Origin',(-5.49999999999999,-5.5,0.));
#14631=CARTESIAN_POINT('',(-4.5,-5.5,1.));
#14632=CARTESIAN_POINT('',(-5.49999999999999,-4.5,1.));
#14633=CARTESIAN_POINT('Origin',(-5.49999999999999,-5.5,1.));
#14634=CARTESIAN_POINT('',(-5.49999999999999,-4.5,0.));
#14635=CARTESIAN_POINT('',(-4.5,-5.5,0.));
#14636=CARTESIAN_POINT('Origin',(-16.25,-3.5,2.5));
#14637=CARTESIAN_POINT('',(-32.5,-4.5,2.5));
#14638=CARTESIAN_POINT('Origin',(-32.5,-3.5,2.5));
#14639=CARTESIAN_POINT('',(-16.25,-4.5,2.5));
#14640=CARTESIAN_POINT('Origin',(-3.49999999999999,-2.25,2.5));
#14641=CARTESIAN_POINT('',(-4.50000000000001,-32.5,2.5));
#14642=CARTESIAN_POINT('Origin',(-3.50000000000001,-32.5,2.5));
#14643=CARTESIAN_POINT('',(-4.49999999999999,-2.25,2.5));
#14644=CARTESIAN_POINT('Origin',(-32.5,-4.5,0.));
#14645=CARTESIAN_POINT('',(-29.,-4.5,1.));
#14646=CARTESIAN_POINT('',(-16.25,-4.5,1.));
#14647=CARTESIAN_POINT('',(-29.,-4.5,0.));
#14648=CARTESIAN_POINT('',(-29.,-4.5,0.));
#14649=CARTESIAN_POINT('',(-32.5,-4.5,0.));
#14650=CARTESIAN_POINT('',(-16.25,-4.5,0.));
#14651=CARTESIAN_POINT('',(-32.5,-4.5,0.));
#14652=CARTESIAN_POINT('Origin',(-4.44089209850063E-15,-4.44089209850063E-15,
1.));
#14653=CARTESIAN_POINT('',(-4.50000000000001,-29.,1.));
#14654=CARTESIAN_POINT('',(-4.49999999999999,-2.25,1.));
#14655=CARTESIAN_POINT('',(-24.,-29.,1.));
#14656=CARTESIAN_POINT('',(29.,-29.,1.));
#14657=CARTESIAN_POINT('',(-29.,-24.,1.));
#14658=CARTESIAN_POINT('Origin',(-24.,-24.,1.));
#14659=CARTESIAN_POINT('',(-29.,-29.,1.));
#14660=CARTESIAN_POINT('Origin',(-4.5,-4.5,0.));
#14661=CARTESIAN_POINT('',(-4.50000000000001,-32.5,0.));
#14662=CARTESIAN_POINT('',(-4.50000000000001,-32.5,0.));
#14663=CARTESIAN_POINT('',(-4.50000000000001,-29.,0.));
#14664=CARTESIAN_POINT('',(-4.49999999999999,-2.25,0.));
#14665=CARTESIAN_POINT('',(-4.50000000000001,-29.,0.));
#14666=CARTESIAN_POINT('Origin',(-5.49999999999999,5.5,2.5));
#14667=CARTESIAN_POINT('',(-5.49999999999999,4.5,2.5));
#14668=CARTESIAN_POINT('Origin',(-5.49999999999999,3.5,2.5));
#14669=CARTESIAN_POINT('',(-4.49999999999999,5.5,2.5));
#14670=CARTESIAN_POINT('Origin',(-5.49999999999999,5.5,2.5));
#14671=CARTESIAN_POINT('Origin',(-3.49999999999999,5.5,2.5));
#14672=CARTESIAN_POINT('Origin',(-5.49999999999999,5.5,0.));
#14673=CARTESIAN_POINT('',(-5.49999999999999,4.5,1.));
#14674=CARTESIAN_POINT('',(-4.49999999999999,5.5,1.));
#14675=CARTESIAN_POINT('Origin',(-5.49999999999999,5.5,1.));
#14676=CARTESIAN_POINT('',(-4.49999999999999,5.5,0.));
#14677=CARTESIAN_POINT('',(-5.49999999999999,4.5,0.));
#14678=CARTESIAN_POINT('Origin',(-3.49999999999999,16.25,2.5));
#14679=CARTESIAN_POINT('',(-4.49999999999998,32.5,2.5));
#14680=CARTESIAN_POINT('Origin',(-3.49999999999998,32.5,2.5));
#14681=CARTESIAN_POINT('',(-4.49999999999999,16.25,2.5));
#14682=CARTESIAN_POINT('Origin',(-2.24999999999999,3.5,2.5));
#14683=CARTESIAN_POINT('',(-32.5,4.5,2.5));
#14684=CARTESIAN_POINT('Origin',(-32.5,3.5,2.5));
#14685=CARTESIAN_POINT('',(-2.24999999999999,4.5,2.5));
#14686=CARTESIAN_POINT('Origin',(-4.49999999999998,32.5,0.));
#14687=CARTESIAN_POINT('',(-4.49999999999998,29.,1.));
#14688=CARTESIAN_POINT('',(-4.49999999999999,16.25,1.));
#14689=CARTESIAN_POINT('',(-4.49999999999998,29.,0.));
#14690=CARTESIAN_POINT('',(-4.49999999999998,29.,0.));
#14691=CARTESIAN_POINT('',(-4.49999999999998,32.5,0.));
#14692=CARTESIAN_POINT('',(-4.49999999999999,16.25,0.));
#14693=CARTESIAN_POINT('',(-4.49999999999998,32.5,0.));
#14694=CARTESIAN_POINT('Origin',(-4.44089209850063E-15,-4.44089209850063E-15,
1.));
#14695=CARTESIAN_POINT('',(-29.,4.5,1.));
#14696=CARTESIAN_POINT('',(-2.25,4.5,1.));
#14697=CARTESIAN_POINT('',(-29.,24.,1.));
#14698=CARTESIAN_POINT('',(-29.,-29.,1.));
#14699=CARTESIAN_POINT('',(-24.,29.,1.));
#14700=CARTESIAN_POINT('Origin',(-24.,24.,1.));
#14701=CARTESIAN_POINT('',(-29.,29.,1.));
#14702=CARTESIAN_POINT('Origin',(-4.49999999999999,4.5,0.));
#14703=CARTESIAN_POINT('',(-32.5,4.5,0.));
#14704=CARTESIAN_POINT('',(-32.5,4.5,0.));
#14705=CARTESIAN_POINT('',(-29.,4.5,0.));
#14706=CARTESIAN_POINT('',(-2.24999999999999,4.5,0.));
#14707=CARTESIAN_POINT('',(-29.,4.5,0.));
#14708=CARTESIAN_POINT('Origin',(5.5,5.49999999999999,2.5));
#14709=CARTESIAN_POINT('',(4.5,5.49999999999999,2.5));
#14710=CARTESIAN_POINT('Origin',(3.5,5.49999999999999,2.5));
#14711=CARTESIAN_POINT('',(5.5,4.49999999999999,2.5));
#14712=CARTESIAN_POINT('Origin',(5.5,5.49999999999999,2.5));
#14713=CARTESIAN_POINT('Origin',(5.5,3.5,2.5));
#14714=CARTESIAN_POINT('Origin',(5.5,5.49999999999999,0.));
#14715=CARTESIAN_POINT('',(4.5,5.49999999999999,1.));
#14716=CARTESIAN_POINT('',(5.5,4.49999999999999,1.));
#14717=CARTESIAN_POINT('Origin',(5.5,5.49999999999999,1.));
#14718=CARTESIAN_POINT('',(5.5,4.49999999999999,0.));
#14719=CARTESIAN_POINT('',(4.5,5.49999999999999,0.));
#14720=CARTESIAN_POINT('Origin',(16.25,3.49999999999999,2.5));
#14721=CARTESIAN_POINT('',(32.5,4.49999999999999,2.5));
#14722=CARTESIAN_POINT('Origin',(32.5,3.49999999999999,2.5));
#14723=CARTESIAN_POINT('',(16.25,4.49999999999999,2.5));
#14724=CARTESIAN_POINT('Origin',(3.5,2.25,2.5));
#14725=CARTESIAN_POINT('',(4.50000000000001,32.5,2.5));
#14726=CARTESIAN_POINT('Origin',(3.50000000000001,32.5,2.5));
#14727=CARTESIAN_POINT('',(4.5,2.24999999999999,2.5));
#14728=CARTESIAN_POINT('Origin',(32.5,4.49999999999999,0.));
#14729=CARTESIAN_POINT('',(29.,4.49999999999999,1.));
#14730=CARTESIAN_POINT('',(16.25,4.49999999999999,1.));
#14731=CARTESIAN_POINT('',(29.,4.49999999999999,0.));
#14732=CARTESIAN_POINT('',(29.,4.49999999999999,0.));
#14733=CARTESIAN_POINT('',(32.5,4.49999999999999,0.));
#14734=CARTESIAN_POINT('',(16.25,4.49999999999999,0.));
#14735=CARTESIAN_POINT('',(32.5,4.49999999999999,0.));
#14736=CARTESIAN_POINT('Origin',(-4.44089209850063E-15,-4.44089209850063E-15,
1.));
#14737=CARTESIAN_POINT('',(4.50000000000001,29.,1.));
#14738=CARTESIAN_POINT('',(4.5,2.24999999999999,1.));
#14739=CARTESIAN_POINT('',(24.,29.,1.));
#14740=CARTESIAN_POINT('',(-29.,29.,1.));
#14741=CARTESIAN_POINT('',(29.,24.,1.));
#14742=CARTESIAN_POINT('Origin',(24.,24.,1.));
#14743=CARTESIAN_POINT('',(29.,29.,1.));
#14744=CARTESIAN_POINT('Origin',(4.5,4.49999999999999,0.));
#14745=CARTESIAN_POINT('',(4.50000000000001,32.5,0.));
#14746=CARTESIAN_POINT('',(4.50000000000001,32.5,0.));
#14747=CARTESIAN_POINT('',(4.50000000000001,29.,0.));
#14748=CARTESIAN_POINT('',(4.5,2.24999999999999,0.));
#14749=CARTESIAN_POINT('',(4.50000000000001,29.,0.));
#14750=CARTESIAN_POINT('Origin',(5.5,-5.5,2.5));
#14751=CARTESIAN_POINT('',(5.5,-4.5,2.5));
#14752=CARTESIAN_POINT('Origin',(5.5,-3.5,2.5));
#14753=CARTESIAN_POINT('',(4.5,-5.5,2.5));
#14754=CARTESIAN_POINT('Origin',(5.5,-5.5,2.5));
#14755=CARTESIAN_POINT('Origin',(3.5,-5.5,2.5));
#14756=CARTESIAN_POINT('Origin',(5.5,-5.5,0.));
#14757=CARTESIAN_POINT('',(5.5,-4.5,1.));
#14758=CARTESIAN_POINT('',(4.5,-5.5,1.));
#14759=CARTESIAN_POINT('Origin',(5.5,-5.5,1.));
#14760=CARTESIAN_POINT('',(4.5,-5.5,0.));
#14761=CARTESIAN_POINT('',(5.5,-4.5,0.));
#14762=CARTESIAN_POINT('Origin',(3.5,-16.25,2.5));
#14763=CARTESIAN_POINT('',(4.5,-32.5,2.5));
#14764=CARTESIAN_POINT('Origin',(3.5,-32.5,2.5));
#14765=CARTESIAN_POINT('',(4.5,-16.25,2.5));
#14766=CARTESIAN_POINT('Origin',(2.25,-3.5,2.5));
#14767=CARTESIAN_POINT('',(32.5,-4.50000000000001,2.5));
#14768=CARTESIAN_POINT('Origin',(32.5,-3.50000000000001,2.5));
#14769=CARTESIAN_POINT('',(2.25,-4.5,2.5));
#14770=CARTESIAN_POINT('Origin',(4.5,-32.5,0.));
#14771=CARTESIAN_POINT('',(4.5,-29.,1.));
#14772=CARTESIAN_POINT('',(4.5,-16.25,1.));
#14773=CARTESIAN_POINT('',(4.5,-29.,0.));
#14774=CARTESIAN_POINT('',(4.5,-29.,0.));
#14775=CARTESIAN_POINT('',(4.5,-32.5,0.));
#14776=CARTESIAN_POINT('',(4.5,-16.25,0.));
#14777=CARTESIAN_POINT('',(4.5,-32.5,0.));
#14778=CARTESIAN_POINT('Origin',(-4.44089209850063E-15,-4.44089209850063E-15,
1.));
#14779=CARTESIAN_POINT('',(29.,-4.50000000000001,1.));
#14780=CARTESIAN_POINT('',(2.25,-4.5,1.));
#14781=CARTESIAN_POINT('',(29.,-24.,1.));
#14782=CARTESIAN_POINT('',(29.,29.,1.));
#14783=CARTESIAN_POINT('',(24.,-29.,1.));
#14784=CARTESIAN_POINT('Origin',(24.,-24.,1.));
#14785=CARTESIAN_POINT('',(29.,-29.,1.));
#14786=CARTESIAN_POINT('Origin',(4.5,-4.5,0.));
#14787=CARTESIAN_POINT('',(32.5,-4.50000000000001,0.));
#14788=CARTESIAN_POINT('',(32.5,-4.50000000000001,0.));
#14789=CARTESIAN_POINT('',(29.,-4.50000000000001,0.));
#14790=CARTESIAN_POINT('',(2.25,-4.5,0.));
#14791=CARTESIAN_POINT('',(29.,-4.50000000000001,0.));
#14792=CARTESIAN_POINT('Origin',(-24.,24.,0.));
#14793=CARTESIAN_POINT('',(-29.,24.,0.));
#14794=CARTESIAN_POINT('',(-29.,24.,0.));
#14795=CARTESIAN_POINT('',(-24.,29.,0.));
#14796=CARTESIAN_POINT('Origin',(-24.,24.,0.));
#14797=CARTESIAN_POINT('',(-24.,29.,0.));
#14798=CARTESIAN_POINT('Origin',(29.,29.,0.));
#14799=CARTESIAN_POINT('',(14.5,29.,0.));
#14800=CARTESIAN_POINT('Origin',(24.,24.,0.));
#14801=CARTESIAN_POINT('',(24.,29.,0.));
#14802=CARTESIAN_POINT('',(24.,29.,0.));
#14803=CARTESIAN_POINT('',(29.,24.,0.));
#14804=CARTESIAN_POINT('Origin',(24.,24.,0.));
#14805=CARTESIAN_POINT('',(29.,24.,0.));
#14806=CARTESIAN_POINT('Origin',(29.,-29.,0.));
#14807=CARTESIAN_POINT('',(29.,-14.5,0.));
#14808=CARTESIAN_POINT('Origin',(24.,-24.,0.));
#14809=CARTESIAN_POINT('',(29.,-24.,0.));
#14810=CARTESIAN_POINT('',(29.,-24.,0.));
#14811=CARTESIAN_POINT('',(24.,-29.,0.));
#14812=CARTESIAN_POINT('Origin',(24.,-24.,0.));
#14813=CARTESIAN_POINT('',(24.,-29.,0.));
#14814=CARTESIAN_POINT('Origin',(-29.,-29.,0.));
#14815=CARTESIAN_POINT('',(-14.5,-29.,0.));
#14816=CARTESIAN_POINT('Origin',(-24.,-24.,0.));
#14817=CARTESIAN_POINT('',(-24.,-29.,0.));
#14818=CARTESIAN_POINT('',(-24.,-29.,0.));
#14819=CARTESIAN_POINT('',(-29.,-24.,0.));
#14820=CARTESIAN_POINT('Origin',(-24.,-24.,0.));
#14821=CARTESIAN_POINT('',(-29.,-24.,0.));
#14822=CARTESIAN_POINT('Origin',(-29.,29.,0.));
#14823=CARTESIAN_POINT('',(-29.,14.5,0.));
#14824=CARTESIAN_POINT('Origin',(17.1462099637856,-39.4335831985603,17.2));
#14825=CARTESIAN_POINT('',(14.6932231034922,-39.4335831985603,18.7));
#14826=CARTESIAN_POINT('Origin',(17.1462099637856,-39.4335831985603,18.7));
#14827=CARTESIAN_POINT('',(13.2897548340286,-39.4335831985603,17.7294117647059));
#14828=CARTESIAN_POINT('Origin',(14.6932231034922,-39.4335831985603,17.2));
#14829=CARTESIAN_POINT('Origin',(17.1462099637856,-39.4335831985603,17.7294117647059));
#14830=CARTESIAN_POINT('Ctrl Pts',(13.1462099637856,-39.4335831985603,11.0775010008008));
#14831=CARTESIAN_POINT('Ctrl Pts',(13.1462099637856,-43.4335831985603,11.0775010008008));
#14832=CARTESIAN_POINT('Ctrl Pts',(17.1462099637856,-43.4335831985603,11.0775010008008));
#14833=CARTESIAN_POINT('Ctrl Pts',(21.1462099637856,-43.4335831985603,11.0775010008008));
#14834=CARTESIAN_POINT('Ctrl Pts',(21.1462099637856,-39.4335831985603,11.0775010008008));
#14835=CARTESIAN_POINT('Ctrl Pts',(21.1462099637856,-35.4335831985603,11.0775010008008));
#14836=CARTESIAN_POINT('Ctrl Pts',(17.1462099637856,-35.4335831985603,11.0775010008008));
#14837=CARTESIAN_POINT('Ctrl Pts',(13.1462099637856,-35.4335831985603,11.0775010008008));
#14838=CARTESIAN_POINT('Ctrl Pts',(13.1462099637856,-39.4335831985603,11.0775010008008));
#14839=CARTESIAN_POINT('Ctrl Pts',(12.0446993903439,-39.4335831985603,14.4287752367188));
#14840=CARTESIAN_POINT('Ctrl Pts',(12.0446993903439,-44.535093772002,14.4287752367188));
#14841=CARTESIAN_POINT('Ctrl Pts',(17.1462099637856,-44.535093772002,14.4287752367188));
#14842=CARTESIAN_POINT('Ctrl Pts',(22.2477205372273,-44.535093772002,14.4287752367188));
#14843=CARTESIAN_POINT('Ctrl Pts',(22.2477205372273,-39.4335831985603,14.4287752367188));
#14844=CARTESIAN_POINT('Ctrl Pts',(22.2477205372273,-34.3320726251186,14.4287752367188));
#14845=CARTESIAN_POINT('Ctrl Pts',(17.1462099637856,-34.3320726251186,14.4287752367188));
#14846=CARTESIAN_POINT('Ctrl Pts',(12.0446993903439,-34.3320726251186,14.4287752367188));
#14847=CARTESIAN_POINT('Ctrl Pts',(12.0446993903439,-39.4335831985603,14.4287752367188));
#14848=CARTESIAN_POINT('Ctrl Pts',(13.2897548340286,-39.4335831985603,17.7294117647059));
#14849=CARTESIAN_POINT('Ctrl Pts',(13.2897548340286,-43.2900383283173,17.7294117647059));
#14850=CARTESIAN_POINT('Ctrl Pts',(17.1462099637856,-43.2900383283173,17.7294117647059));
#14851=CARTESIAN_POINT('Ctrl Pts',(21.0026650935426,-43.2900383283173,17.7294117647059));
#14852=CARTESIAN_POINT('Ctrl Pts',(21.0026650935426,-39.4335831985603,17.7294117647059));
#14853=CARTESIAN_POINT('Ctrl Pts',(21.0026650935426,-35.5771280688033,17.7294117647059));
#14854=CARTESIAN_POINT('Ctrl Pts',(17.1462099637856,-35.5771280688033,17.7294117647059));
#14855=CARTESIAN_POINT('Ctrl Pts',(13.2897548340286,-35.5771280688033,17.7294117647059));
#14856=CARTESIAN_POINT('Ctrl Pts',(13.2897548340286,-39.4335831985603,17.7294117647059));
#14857=CARTESIAN_POINT('',(13.1462099637856,-39.4335831985603,11.0775010008008));
#14858=CARTESIAN_POINT('Origin',(22.6462099637856,-39.4335831985603,14.2));
#14859=CARTESIAN_POINT('',(13.4779696662451,-41.0285794742613,11.0775010008008));
#14860=CARTESIAN_POINT('Origin',(17.1462099637856,-39.4335831985603,11.0775010008008));
#14861=CARTESIAN_POINT('Origin',(17.1462099637856,-39.4335831985603,11.0775010008008));
#14862=CARTESIAN_POINT('Origin',(17.1462099637856,-39.4335831985603,18.7));
#14863=CARTESIAN_POINT('Origin',(-30.5,30.5,0.));
#14864=CARTESIAN_POINT('',(-32.5,30.5,6.2));
#14865=CARTESIAN_POINT('',(-30.5,32.5,6.2));
#14866=CARTESIAN_POINT('Origin',(-30.5,30.5,6.2));
#14867=CARTESIAN_POINT('',(-30.5,32.5,0.));
#14868=CARTESIAN_POINT('',(-30.5,32.5,0.));
#14869=CARTESIAN_POINT('',(-32.5,30.5,0.));
#14870=CARTESIAN_POINT('Origin',(-30.5,30.5,0.));
#14871=CARTESIAN_POINT('',(-32.5,30.5,0.));
#14872=CARTESIAN_POINT('Origin',(-32.5,32.5,0.));
#14873=CARTESIAN_POINT('',(-32.5,32.5,0.));
#14874=CARTESIAN_POINT('',(-32.5,-30.5,0.));
#14875=CARTESIAN_POINT('',(-32.5,32.5,0.));
#14876=CARTESIAN_POINT('',(-32.5,-30.5,6.2));
#14877=CARTESIAN_POINT('',(-32.5,-30.5,0.));
#14878=CARTESIAN_POINT('',(-32.5,16.25,6.2));
#14879=CARTESIAN_POINT('Origin',(4.44089209850063E-15,-4.44089209850063E-15,
0.));
#14880=CARTESIAN_POINT('',(32.5,32.5,0.));
#14881=CARTESIAN_POINT('',(-29.,14.5,0.));
#14882=CARTESIAN_POINT('Origin',(30.5,30.5,0.));
#14883=CARTESIAN_POINT('',(30.5,32.5,6.2));
#14884=CARTESIAN_POINT('',(32.5,30.5,6.2));
#14885=CARTESIAN_POINT('Origin',(30.5,30.5,6.2));
#14886=CARTESIAN_POINT('',(32.5,30.5,0.));
#14887=CARTESIAN_POINT('',(32.5,30.5,0.));
#14888=CARTESIAN_POINT('',(30.5,32.5,0.));
#14889=CARTESIAN_POINT('Origin',(30.5,30.5,0.));
#14890=CARTESIAN_POINT('',(30.5,32.5,0.));
#14891=CARTESIAN_POINT('Origin',(32.5,-32.5,0.));
#14892=CARTESIAN_POINT('',(32.5,-30.5,6.2));
#14893=CARTESIAN_POINT('',(32.5,-16.25,6.2));
#14894=CARTESIAN_POINT('',(32.5,-30.5,0.));
#14895=CARTESIAN_POINT('',(32.5,-30.5,0.));
#14896=CARTESIAN_POINT('',(32.5,-32.5,0.));
#14897=CARTESIAN_POINT('',(32.5,-32.5,0.));
#14898=CARTESIAN_POINT('Origin',(4.44089209850063E-15,-4.44089209850063E-15,
6.2));
#14899=CARTESIAN_POINT('',(-30.5,-32.5,6.2));
#14900=CARTESIAN_POINT('Origin',(-30.5,-30.5,6.2));
#14901=CARTESIAN_POINT('',(9.76963776999846,-32.5,6.2));
#14902=CARTESIAN_POINT('',(-16.25,-32.5,6.2));
#14903=CARTESIAN_POINT('',(6.45472559500603,-24.8762239396009,6.2));
#14904=CARTESIAN_POINT('',(1.39324264873276,-13.235610107651,6.2));
#14905=CARTESIAN_POINT('',(-13.791206190087,-21.686231388199,6.2));
#14906=CARTESIAN_POINT('Origin',(0.,0.,6.2));
#14907=CARTESIAN_POINT('',(-17.7528977244056,-30.7974981378505,6.2));
#14908=CARTESIAN_POINT('',(-13.791206190087,-21.686231388199,6.2));
#14909=CARTESIAN_POINT('',(-19.5870178731759,-32.,6.2));
#14910=CARTESIAN_POINT('Origin',(-19.5870178731759,-30.,6.2));
#14911=CARTESIAN_POINT('',(-30.,-32.,6.2));
#14912=CARTESIAN_POINT('',(32.,-32.,6.2));
#14913=CARTESIAN_POINT('',(-32.,-30.,6.2));
#14914=CARTESIAN_POINT('Origin',(-30.,-30.,6.2));
#14915=CARTESIAN_POINT('',(-32.,30.,6.2));
#14916=CARTESIAN_POINT('',(-32.,-32.,6.2));
#14917=CARTESIAN_POINT('',(-30.,32.,6.2));
#14918=CARTESIAN_POINT('Origin',(-30.,30.,6.2));
#14919=CARTESIAN_POINT('',(30.,32.,6.2));
#14920=CARTESIAN_POINT('',(-32.,32.,6.2));
#14921=CARTESIAN_POINT('',(32.,30.,6.2));
#14922=CARTESIAN_POINT('Origin',(30.,30.,6.2));
#14923=CARTESIAN_POINT('',(32.,-30.,6.2));
#14924=CARTESIAN_POINT('',(32.,32.,6.2));
#14925=CARTESIAN_POINT('',(30.,-32.,6.2));
#14926=CARTESIAN_POINT('Origin',(30.,-30.,6.2));
#14927=CARTESIAN_POINT('',(19.5870178731758,-32.,6.2));
#14928=CARTESIAN_POINT('',(32.,-32.,6.2));
#14929=CARTESIAN_POINT('',(17.7528977244056,-30.7974981378505,6.2));
#14930=CARTESIAN_POINT('Origin',(19.5870178731758,-30.,6.2));
#14931=CARTESIAN_POINT('',(18.4931666024622,-32.5,6.2));
#14932=CARTESIAN_POINT('',(12.2413452794333,-18.1217953235792,6.2));
#14933=CARTESIAN_POINT('',(30.5,-32.5,6.2));
#14934=CARTESIAN_POINT('',(-16.25,-32.5,6.2));
#14935=CARTESIAN_POINT('Origin',(30.5,-30.5,6.2));
#14936=CARTESIAN_POINT('',(16.25,32.5,6.2));
#14937=CARTESIAN_POINT('Origin',(-30.5,-30.5,0.));
#14938=CARTESIAN_POINT('',(-30.5,-32.5,0.));
#14939=CARTESIAN_POINT('Origin',(-30.5,-30.5,0.));
#14940=CARTESIAN_POINT('',(-30.5,-32.5,0.));
#14941=CARTESIAN_POINT('Origin',(-32.5,-32.5,0.));
#14942=CARTESIAN_POINT('',(-32.5,-32.5,0.));
#14943=CARTESIAN_POINT('',(30.5,-32.5,0.));
#14944=CARTESIAN_POINT('',(-32.5,-32.5,0.));
#14945=CARTESIAN_POINT('',(30.5,-32.5,0.));
#14946=CARTESIAN_POINT('',(-16.25,-32.5,6.2));
#14947=CARTESIAN_POINT('Origin',(30.5,-30.5,0.));
#14948=CARTESIAN_POINT('Origin',(30.5,-30.5,0.));
#14949=CARTESIAN_POINT('Origin',(-30.5,30.5,18.));
#14950=CARTESIAN_POINT('',(-30.5,32.5,18.));
#14951=CARTESIAN_POINT('',(-30.5,30.5,20.));
#14952=CARTESIAN_POINT('Origin',(-30.5,30.5,18.));
#14953=CARTESIAN_POINT('',(-32.5,30.5,18.));
#14954=CARTESIAN_POINT('Origin',(-30.5,30.5,18.));
#14955=CARTESIAN_POINT('Origin',(-30.5,30.5,18.));
#14956=CARTESIAN_POINT('Origin',(-30.5,30.5,0.));
#14957=CARTESIAN_POINT('',(-30.5,32.5,9.2));
#14958=CARTESIAN_POINT('',(-32.5,30.5,9.2));
#14959=CARTESIAN_POINT('Origin',(-30.5,30.5,9.2));
#14960=CARTESIAN_POINT('',(-32.5,30.5,0.));
#14961=CARTESIAN_POINT('',(-30.5,32.5,0.));
#14962=CARTESIAN_POINT('Origin',(-30.5,-30.5,18.));
#14963=CARTESIAN_POINT('',(-32.5,-30.5,18.));
#14964=CARTESIAN_POINT('',(-30.5,-30.5,20.));
#14965=CARTESIAN_POINT('Origin',(-30.5,-30.5,18.));
#14966=CARTESIAN_POINT('Origin',(-30.5,-30.5,18.));
#14967=CARTESIAN_POINT('Origin',(-30.5,-30.5,18.));
#14968=CARTESIAN_POINT('Origin',(-30.5,-30.5,0.));
#14969=CARTESIAN_POINT('',(-32.5,-30.5,9.2));
#14970=CARTESIAN_POINT('Origin',(-30.5,-30.5,9.2));
#14971=CARTESIAN_POINT('',(-32.5,-30.5,0.));
#14972=CARTESIAN_POINT('Origin',(30.5,30.5,18.));
#14973=CARTESIAN_POINT('',(32.5,30.5,18.));
#14974=CARTESIAN_POINT('',(30.5,30.5,20.));
#14975=CARTESIAN_POINT('Origin',(30.5,30.5,18.));
#14976=CARTESIAN_POINT('',(30.5,32.5,18.));
#14977=CARTESIAN_POINT('Origin',(30.5,30.5,18.));
#14978=CARTESIAN_POINT('Origin',(30.5,30.5,18.));
#14979=CARTESIAN_POINT('Origin',(30.5,30.5,0.));
#14980=CARTESIAN_POINT('',(32.5,30.5,9.2));
#14981=CARTESIAN_POINT('',(30.5,32.5,9.2));
#14982=CARTESIAN_POINT('Origin',(30.5,30.5,9.2));
#14983=CARTESIAN_POINT('',(30.5,32.5,0.));
#14984=CARTESIAN_POINT('',(32.5,30.5,0.));
#14985=CARTESIAN_POINT('Origin',(16.25,30.5,18.));
#14986=CARTESIAN_POINT('',(16.25,30.5,20.));
#14987=CARTESIAN_POINT('',(16.25,32.5,18.));
#14988=CARTESIAN_POINT('Origin',(30.5,-30.5,18.));
#14989=CARTESIAN_POINT('',(30.5,-30.5,20.));
#14990=CARTESIAN_POINT('Origin',(30.5,-30.5,18.));
#14991=CARTESIAN_POINT('',(32.5,-30.5,18.));
#14992=CARTESIAN_POINT('Origin',(30.5,-30.5,18.));
#14993=CARTESIAN_POINT('Origin',(30.5,-30.5,18.));
#14994=CARTESIAN_POINT('Origin',(30.5,-30.5,0.));
#14995=CARTESIAN_POINT('',(32.5,-30.5,9.2));
#14996=CARTESIAN_POINT('Origin',(30.5,-30.5,9.2));
#14997=CARTESIAN_POINT('',(32.5,-30.5,0.));
#14998=CARTESIAN_POINT('Origin',(30.5,-16.25,18.));
#14999=CARTESIAN_POINT('',(30.5,-16.25,20.));
#15000=CARTESIAN_POINT('',(32.5,-16.25,18.));
#15001=CARTESIAN_POINT('Origin',(-16.25,-30.5,18.));
#15002=CARTESIAN_POINT('',(-16.25,-30.5,20.));
#15003=CARTESIAN_POINT('Origin',(-30.5,16.25,18.));
#15004=CARTESIAN_POINT('',(-30.5,16.25,20.));
#15005=CARTESIAN_POINT('',(-32.5,16.25,18.));
#15006=CARTESIAN_POINT('Origin',(32.5,32.5,0.));
#15007=CARTESIAN_POINT('',(16.25,32.5,9.2));
#15008=CARTESIAN_POINT('Origin',(32.5,-32.5,0.));
#15009=CARTESIAN_POINT('',(32.5,-16.25,9.2));
#15010=CARTESIAN_POINT('Origin',(4.44089209850063E-15,-4.44089209850063E-15,
20.));
#15011=CARTESIAN_POINT('',(-7.5,-9.18485099360515E-16,20.));
#15012=CARTESIAN_POINT('Origin',(0.,0.,20.));
#15013=CARTESIAN_POINT('',(-26.65,-25.,20.));
#15014=CARTESIAN_POINT('Origin',(-25.,-25.,20.));
#15015=CARTESIAN_POINT('',(-1.65,-25.,20.));
#15016=CARTESIAN_POINT('Origin',(0.,-25.,20.));
#15017=CARTESIAN_POINT('',(23.35,-25.,20.));
#15018=CARTESIAN_POINT('Origin',(25.,-25.,20.));
#15019=CARTESIAN_POINT('',(-26.65,-2.02066721859313E-16,20.));
#15020=CARTESIAN_POINT('Origin',(-25.,0.,20.));
#15021=CARTESIAN_POINT('',(23.35,-2.02066721859313E-16,20.));
#15022=CARTESIAN_POINT('Origin',(25.,0.,20.));
#15023=CARTESIAN_POINT('',(-26.65,25.,20.));
#15024=CARTESIAN_POINT('Origin',(-25.,25.,20.));
#15025=CARTESIAN_POINT('',(-1.65,25.,20.));
#15026=CARTESIAN_POINT('Origin',(0.,25.,20.));
#15027=CARTESIAN_POINT('',(23.35,25.,20.));
#15028=CARTESIAN_POINT('Origin',(25.,25.,20.));
#15029=CARTESIAN_POINT('Origin',(-30.,30.,6.2));
#15030=CARTESIAN_POINT('',(-32.,30.,9.2));
#15031=CARTESIAN_POINT('',(-32.,30.,6.2));
#15032=CARTESIAN_POINT('',(-30.,32.,9.2));
#15033=CARTESIAN_POINT('Origin',(-30.,30.,9.2));
#15034=CARTESIAN_POINT('',(-30.,32.,6.2));
#15035=CARTESIAN_POINT('Origin',(-32.,-32.,6.2));
#15036=CARTESIAN_POINT('',(-32.,-30.,9.2));
#15037=CARTESIAN_POINT('',(-32.,-30.,6.2));
#15038=CARTESIAN_POINT('',(-32.,-32.,9.2));
#15039=CARTESIAN_POINT('Origin',(30.,30.,6.2));
#15040=CARTESIAN_POINT('',(30.,32.,9.2));
#15041=CARTESIAN_POINT('',(30.,32.,6.2));
#15042=CARTESIAN_POINT('',(32.,30.,9.2));
#15043=CARTESIAN_POINT('Origin',(30.,30.,9.2));
#15044=CARTESIAN_POINT('',(32.,30.,6.2));
#15045=CARTESIAN_POINT('Origin',(-32.,32.,6.2));
#15046=CARTESIAN_POINT('',(-32.,32.,9.2));
#15047=CARTESIAN_POINT('Origin',(-30.,-30.,6.2));
#15048=CARTESIAN_POINT('',(-30.,-32.,9.2));
#15049=CARTESIAN_POINT('',(-30.,-32.,6.2));
#15050=CARTESIAN_POINT('Origin',(-30.,-30.,9.2));
#15051=CARTESIAN_POINT('Origin',(32.,-32.,6.2));
#15052=CARTESIAN_POINT('',(-19.5870178731759,-32.,9.2));
#15053=CARTESIAN_POINT('',(-19.5870178731759,-32.,6.2));
#15054=CARTESIAN_POINT('',(32.,-32.,9.2));
#15055=CARTESIAN_POINT('Origin',(30.,-30.,6.2));
#15056=CARTESIAN_POINT('',(32.,-30.,9.2));
#15057=CARTESIAN_POINT('',(32.,-30.,6.2));
#15058=CARTESIAN_POINT('',(30.,-32.,9.2));
#15059=CARTESIAN_POINT('Origin',(30.,-30.,9.2));
#15060=CARTESIAN_POINT('',(30.,-32.,6.2));
#15061=CARTESIAN_POINT('Origin',(32.,32.,6.2));
#15062=CARTESIAN_POINT('',(32.,32.,9.2));
#15063=CARTESIAN_POINT('Origin',(25.,25.,11.5042899893023));
#15064=CARTESIAN_POINT('',(23.35,25.,12.));
#15065=CARTESIAN_POINT('Origin',(25.,25.,12.));
#15066=CARTESIAN_POINT('',(25.,25.,11.0085799786045));
#15067=CARTESIAN_POINT('',(24.175,25.,11.5042899893023));
#15068=CARTESIAN_POINT('Origin',(25.,25.,16.));
#15069=CARTESIAN_POINT('',(23.35,25.,16.));
#15070=CARTESIAN_POINT('Origin',(0.,25.,11.5042899893023));
#15071=CARTESIAN_POINT('',(-1.65,25.,12.));
#15072=CARTESIAN_POINT('Origin',(0.,25.,12.));
#15073=CARTESIAN_POINT('',(0.,25.,11.0085799786045));
#15074=CARTESIAN_POINT('',(-0.825,25.,11.5042899893023));
#15075=CARTESIAN_POINT('Origin',(0.,25.,16.));
#15076=CARTESIAN_POINT('',(-1.65,25.,16.));
#15077=CARTESIAN_POINT('Origin',(-25.,25.,11.5042899893023));
#15078=CARTESIAN_POINT('',(-26.65,25.,12.));
#15079=CARTESIAN_POINT('Origin',(-25.,25.,12.));
#15080=CARTESIAN_POINT('',(-25.,25.,11.0085799786045));
#15081=CARTESIAN_POINT('',(-25.825,25.,11.5042899893023));
#15082=CARTESIAN_POINT('Origin',(-25.,25.,16.));
#15083=CARTESIAN_POINT('',(-26.65,25.,16.));
#15084=CARTESIAN_POINT('Origin',(25.,0.,11.5042899893023));
#15085=CARTESIAN_POINT('',(23.35,-2.02066721859313E-16,12.));
#15086=CARTESIAN_POINT('Origin',(25.,0.,12.));
#15087=CARTESIAN_POINT('',(25.,0.,11.0085799786045));
#15088=CARTESIAN_POINT('',(24.175,-1.01033360929657E-16,11.5042899893023));
#15089=CARTESIAN_POINT('Origin',(25.,0.,16.));
#15090=CARTESIAN_POINT('',(23.35,-2.02066721859313E-16,16.));
#15091=CARTESIAN_POINT('Origin',(-25.,0.,11.5042899893023));
#15092=CARTESIAN_POINT('',(-26.65,-2.02066721859313E-16,12.));
#15093=CARTESIAN_POINT('Origin',(-25.,0.,12.));
#15094=CARTESIAN_POINT('',(-25.,0.,11.0085799786045));
#15095=CARTESIAN_POINT('',(-25.825,-1.01033360929657E-16,11.5042899893023));
#15096=CARTESIAN_POINT('Origin',(-25.,0.,16.));
#15097=CARTESIAN_POINT('',(-26.65,-2.02066721859313E-16,16.));
#15098=CARTESIAN_POINT('Origin',(25.,-25.,11.5042899893023));
#15099=CARTESIAN_POINT('',(23.35,-25.,12.));
#15100=CARTESIAN_POINT('Origin',(25.,-25.,12.));
#15101=CARTESIAN_POINT('',(25.,-25.,11.0085799786045));
#15102=CARTESIAN_POINT('',(24.175,-25.,11.5042899893023));
#15103=CARTESIAN_POINT('Origin',(25.,-25.,16.));
#15104=CARTESIAN_POINT('',(23.35,-25.,16.));
#15105=CARTESIAN_POINT('Origin',(0.,-25.,11.5042899893023));
#15106=CARTESIAN_POINT('',(-1.65,-25.,12.));
#15107=CARTESIAN_POINT('Origin',(0.,-25.,12.));
#15108=CARTESIAN_POINT('',(0.,-25.,11.0085799786045));
#15109=CARTESIAN_POINT('',(-0.825,-25.,11.5042899893023));
#15110=CARTESIAN_POINT('Origin',(0.,-25.,16.));
#15111=CARTESIAN_POINT('',(-1.65,-25.,16.));
#15112=CARTESIAN_POINT('Origin',(-25.,-25.,11.5042899893023));
#15113=CARTESIAN_POINT('',(-26.65,-25.,12.));
#15114=CARTESIAN_POINT('Origin',(-25.,-25.,12.));
#15115=CARTESIAN_POINT('',(-25.,-25.,11.0085799786045));
#15116=CARTESIAN_POINT('',(-25.825,-25.,11.5042899893023));
#15117=CARTESIAN_POINT('Origin',(-25.,-25.,16.));
#15118=CARTESIAN_POINT('',(-26.65,-25.,16.));
#15119=CARTESIAN_POINT('Origin',(0.,0.,15.));
#15120=CARTESIAN_POINT('',(-7.5,-9.18485099360515E-16,10.));
#15121=CARTESIAN_POINT('',(-7.5,-9.18485099360515E-16,15.));
#15122=CARTESIAN_POINT('Origin',(0.,0.,10.));
#15123=CARTESIAN_POINT('Origin',(0.,0.,10.));
#15124=CARTESIAN_POINT('Origin',(17.1462099637856,-39.4335831985603,8.65));
#15125=CARTESIAN_POINT('',(13.4779696662451,-41.0285794742613,8.7));
#15126=CARTESIAN_POINT('Origin',(17.1462099637856,-39.4335831985603,8.7));
#15127=CARTESIAN_POINT('',(13.5696756736836,-40.9887045673688,8.6));
#15128=CARTESIAN_POINT('',(13.5238226699643,-41.008642020815,8.65));
#15129=CARTESIAN_POINT('Origin',(17.1462099637856,-39.4335831985603,8.6));
#15130=CARTESIAN_POINT('Origin',(17.1462099637856,-39.4335831985603,9.88875050040041));
#15131=CARTESIAN_POINT('',(13.4779696662451,-41.0285794742613,9.88875050040041));
#15132=CARTESIAN_POINT('Origin',(20.8144502613261,-37.8385869228593,6.2));
#15133=CARTESIAN_POINT('',(17.7528977244056,-30.7974981378505,8.6));
#15134=CARTESIAN_POINT('',(17.7528977244056,-30.7974981378505,6.2));
#15135=CARTESIAN_POINT('',(20.8144502613261,-37.8385869228593,8.6));
#15136=CARTESIAN_POINT('',(20.8144502613261,-37.8385869228593,8.6));
#15137=CARTESIAN_POINT('',(20.8144502613261,-37.8385869228593,6.2));
#15138=CARTESIAN_POINT('',(20.8144502613261,-37.8385869228593,6.2));
#15139=CARTESIAN_POINT('',(20.8144502613261,-37.8385869228593,6.2));
#15140=CARTESIAN_POINT('Origin',(17.1462099637856,-39.4335831985603,6.2));
#15141=CARTESIAN_POINT('',(13.4779696662451,-41.0285794742613,6.2));
#15142=CARTESIAN_POINT('Origin',(17.1462099637856,-39.4335831985603,6.2));
#15143=CARTESIAN_POINT('',(13.4779696662451,-41.0285794742613,8.6));
#15144=CARTESIAN_POINT('Origin',(17.1462099637856,-39.4335831985603,8.6));
#15145=CARTESIAN_POINT('',(13.4779696662451,-41.0285794742613,6.2));
#15146=CARTESIAN_POINT('Origin',(6.45472559500603,-24.8762239396009,6.2));
#15147=CARTESIAN_POINT('',(6.45472559500603,-24.8762239396009,6.2));
#15148=CARTESIAN_POINT('',(6.45472559500603,-24.8762239396009,8.6));
#15149=CARTESIAN_POINT('',(6.45472559500603,-24.8762239396009,8.6));
#15150=CARTESIAN_POINT('',(6.45472559500603,-24.8762239396009,6.2));
#15151=CARTESIAN_POINT('Origin',(13.8004677793958,-32.5599072933796,8.6));
#15152=CARTESIAN_POINT('',(13.791206190087,-21.686231388199,8.6));
#15153=CARTESIAN_POINT('Origin',(0.,0.,8.6));
#15154=CARTESIAN_POINT('',(17.7609140382587,-30.8159343975219,8.6));
#15155=CARTESIAN_POINT('Origin',(13.8004677793958,-32.5599072933796,6.2));
#15156=CARTESIAN_POINT('Origin',(-19.5870178731759,-30.,6.2));
#15157=CARTESIAN_POINT('',(-17.7528977244056,-30.7974981378505,9.2));
#15158=CARTESIAN_POINT('',(-17.7528977244056,-30.7974981378505,6.2));
#15159=CARTESIAN_POINT('Origin',(-19.5870178731759,-30.,9.2));
#15160=CARTESIAN_POINT('Origin',(-13.791206190087,-21.686231388199,6.2));
#15161=CARTESIAN_POINT('',(-13.791206190087,-21.686231388199,9.2));
#15162=CARTESIAN_POINT('',(-13.791206190087,-21.686231388199,6.2));
#15163=CARTESIAN_POINT('',(-13.791206190087,-21.686231388199,9.2));
#15164=CARTESIAN_POINT('Origin',(0.,0.,6.2));
#15165=CARTESIAN_POINT('',(13.791206190087,-21.686231388199,9.2));
#15166=CARTESIAN_POINT('',(13.791206190087,-21.686231388199,6.2));
#15167=CARTESIAN_POINT('Origin',(0.,0.,9.2));
#15168=CARTESIAN_POINT('Origin',(17.7528977244056,-30.7974981378505,6.2));
#15169=CARTESIAN_POINT('',(17.7528977244056,-30.7974981378505,9.2));
#15170=CARTESIAN_POINT('',(17.7528977244056,-30.7974981378505,6.2));
#15171=CARTESIAN_POINT('',(18.4931666024622,-32.5,9.2));
#15172=CARTESIAN_POINT('Origin',(19.5870178731758,-30.,6.2));
#15173=CARTESIAN_POINT('',(19.5870178731759,-32.,9.2));
#15174=CARTESIAN_POINT('',(19.5870178731758,-32.,6.2));
#15175=CARTESIAN_POINT('Origin',(19.5870178731758,-30.,9.2));
#15176=CARTESIAN_POINT('Origin',(32.,-32.,6.2));
#15177=CARTESIAN_POINT('',(32.,-32.,9.2));
#15178=CARTESIAN_POINT('Origin',(-2.14999999999999,-2.14999999999999,3.5));
#15179=CARTESIAN_POINT('',(-2.15000000000001,-29.7,5.7));
#15180=CARTESIAN_POINT('',(-2.15000000000001,-29.7,5.7));
#15181=CARTESIAN_POINT('',(-2.15000000000001,-29.7,3.5));
#15182=CARTESIAN_POINT('Origin',(-29.7,-9.04630254217885E-16,3.5));
#15183=CARTESIAN_POINT('Origin',(-29.7,-9.04630254217885E-16,5.7));
#15184=CARTESIAN_POINT('Origin',(-2.14999999999996,29.7,3.5));
#15185=CARTESIAN_POINT('',(-2.14999999999996,29.7,5.7));
#15186=CARTESIAN_POINT('',(-2.14999999999996,29.7,3.5));
#15187=CARTESIAN_POINT('',(-2.15000000000001,-29.7,5.7));
#15188=CARTESIAN_POINT('Origin',(3.0916208444475E-14,29.7,3.5));
#15189=CARTESIAN_POINT('',(2.15000000000001,29.7,5.7));
#15190=CARTESIAN_POINT('',(2.15000000000001,29.7,3.5));
#15191=CARTESIAN_POINT('Origin',(3.0916208444475E-14,29.7,5.7));
#15192=CARTESIAN_POINT('Origin',(2.14999999999998,2.15000000000001,3.5));
#15193=CARTESIAN_POINT('',(2.15000000000001,29.7,5.7));
#15194=CARTESIAN_POINT('Origin',(29.7,-4.54183124768553E-15,3.5));
#15195=CARTESIAN_POINT('',(29.7,-2.15,5.7));
#15196=CARTESIAN_POINT('',(29.7,-2.15,3.5));
#15197=CARTESIAN_POINT('Origin',(29.7,-4.54183124768553E-15,5.7));
#15198=CARTESIAN_POINT('Origin',(2.14999999999998,-2.15,3.5));
#15199=CARTESIAN_POINT('',(29.7,-2.15,5.7));
#15200=CARTESIAN_POINT('Origin',(-2.0004605464072E-14,-29.7,3.5));
#15201=CARTESIAN_POINT('Origin',(-2.0004605464072E-14,-29.7,5.7));
#15202=CARTESIAN_POINT('Origin',(0.,0.,5.7));
#15203=CARTESIAN_POINT('Origin',(-29.,29.,0.));
#15204=CARTESIAN_POINT('Origin',(-29.,-29.,0.));
#15205=CARTESIAN_POINT('',(-14.5,-29.,0.));
#15206=CARTESIAN_POINT('Origin',(29.,29.,0.));
#15207=CARTESIAN_POINT('',(14.5,29.,0.));
#15208=CARTESIAN_POINT('Origin',(4.44089209850063E-15,-4.44089209850063E-15,
0.));
#15209=CARTESIAN_POINT('',(32.5,32.5,0.));
#15210=CARTESIAN_POINT('Origin',(4.44089209850063E-15,-4.44089209850063E-15,
0.));
#15211=CARTESIAN_POINT('',(29.,-14.5,0.));
#15212=CARTESIAN_POINT('Origin',(4.44089209850063E-15,-4.44089209850063E-15,
0.));
#15213=CARTESIAN_POINT('Origin',(29.,-29.,0.));
#15214=CARTESIAN_POINT('Origin',(4.44089209850063E-15,-4.44089209850063E-15,
9.2));
#15215=CARTESIAN_POINT('',(-32.5,16.25,9.2));
#15216=CARTESIAN_POINT('Origin',(-32.5,-32.5,0.));
#15217=CARTESIAN_POINT('Origin',(32.5,32.5,0.));
#15218=CARTESIAN_POINT('Origin',(-32.5,32.5,0.));
#15219=UNCERTAINTY_MEASURE_WITH_UNIT(LENGTH_MEASURE(0.01),#15223,
'DISTANCE_ACCURACY_VALUE',
'Maximum model space distance between geometric entities at asserted c
onnectivities');
#15220=UNCERTAINTY_MEASURE_WITH_UNIT(LENGTH_MEASURE(0.01),#15223,
'DISTANCE_ACCURACY_VALUE',
'Maximum model space distance between geometric entities at asserted c
onnectivities');
#15221=(
GEOMETRIC_REPRESENTATION_CONTEXT(3)
GLOBAL_UNCERTAINTY_ASSIGNED_CONTEXT((#15219))
GLOBAL_UNIT_ASSIGNED_CONTEXT((#15223,#15225,#15226))
REPRESENTATION_CONTEXT('','3D')
);
#15222=(
GEOMETRIC_REPRESENTATION_CONTEXT(3)
GLOBAL_UNCERTAINTY_ASSIGNED_CONTEXT((#15220))
GLOBAL_UNIT_ASSIGNED_CONTEXT((#15223,#15225,#15226))
REPRESENTATION_CONTEXT('','3D')
);
#15223=(
LENGTH_UNIT()
NAMED_UNIT(*)
SI_UNIT(.MILLI.,.METRE.)
);
#15224=(
LENGTH_UNIT()
NAMED_UNIT(*)
SI_UNIT(.CENTI.,.METRE.)
);
#15225=(
NAMED_UNIT(*)
PLANE_ANGLE_UNIT()
SI_UNIT($,.RADIAN.)
);
#15226=(
NAMED_UNIT(*)
SI_UNIT($,.STERADIAN.)
SOLID_ANGLE_UNIT()
);
#15227=SHAPE_DEFINITION_REPRESENTATION(#15228,#15229);
#15228=PRODUCT_DEFINITION_SHAPE('',$,#15231);
#15229=SHAPE_REPRESENTATION('',(#8277),#15221);
#15230=DESIGN_CONTEXT('part definition',#15235,'design');
#15231=PRODUCT_DEFINITION('MB-L65D-M4','MB-L65D-M4-S01',#15232,#15230);
#15232=PRODUCT_DEFINITION_FORMATION('',$,#15237);
#15233=PRODUCT_RELATED_PRODUCT_CATEGORY('MB-L65D-M4-S01',
'MB-L65D-M4-S01',(#15237));
#15234=APPLICATION_PROTOCOL_DEFINITION('international standard',
'ap203_configuration_controlled_3d_design_of_mechanical_parts_and_asse
mblies_mim_lf',2004,#15235);
#15235=APPLICATION_CONTEXT(
'Configuration Controlled 3D Design of Mechanical Parts and Assemblies');
#15236=MECHANICAL_CONTEXT('part definition',#15235,'mechanical');
#15237=PRODUCT('MB-L65D-M4','MB-L65D-M4-S01',$,(#15236));
#15238=PRESENTATION_STYLE_ASSIGNMENT((#15239));
#15239=SURFACE_STYLE_USAGE(.BOTH.,#15242);
#15240=SURFACE_STYLE_RENDERING_WITH_PROPERTIES($,#15246,(#15241));
#15241=SURFACE_STYLE_TRANSPARENT(0.);
#15242=SURFACE_SIDE_STYLE('',(#15243,#15240));
#15243=SURFACE_STYLE_FILL_AREA(#15244);
#15244=FILL_AREA_STYLE('',(#15245));
#15245=FILL_AREA_STYLE_COLOUR('',#15246);
#15246=COLOUR_RGB('',0.749019607843137,0.749019607843137,0.749019607843137);
ENDSEC;
END-ISO-10303-21;
