ISO-10303-21;
HEADER;
/****************************************************************
 * Generated by software with PDE/Lib inside                    *
 * PDElib Version v51a, created Thu 12/14/2006                  *
 * International Technegroup Inc. (www.iti-oh.com)              *
 ****************************************************************/
FILE_DESCRIPTION((''),'2;1');
FILE_NAME('Y:\\3DDATA\\2_OpticalHard\\01_\X2\56FD518588FD54C1\X0\\\2_Holders\\MHGT\\MHGT-25.4\\MHGT-254.stp','2014-03-11T16:11:37',('usernoto011'),(''),'Autodesk Inventor 2008','Autodesk Inventor 2008','');
FILE_SCHEMA(('AUTOMOTIVE_DESIGN { 1 0 10303 214 1 1 1 1 }'));
ENDSEC;
DATA;
#5=APPLICATION_CONTEXT('automotive design');
#6=APPLICATION_PROTOCOL_DEFINITION('International Standard','automotive_design',2001,#5);
#7=PRODUCT_CONTEXT('',#5,'mechanical');
#8=PRODUCT('MHGT254-M02-13001-TS01','MHGT254-M02-13001-TS01',$,(#7));
#9=PRODUCT_RELATED_PRODUCT_CATEGORY('part',$,(#8));
#10=PRODUCT_DEFINITION_FORMATION('',$,#8);
#11=PRODUCT_DEFINITION_CONTEXT('part definition',#5,'design');
#12=PRODUCT_DEFINITION('',$,#10,#11);
#18=(NAMED_UNIT(*)PLANE_ANGLE_UNIT()SI_UNIT($,.RADIAN.));
#19=DIMENSIONAL_EXPONENTS(0.0,0.0,0.0,0.0,0.0,0.0,0.0);
#20=PLANE_ANGLE_MEASURE_WITH_UNIT(PLANE_ANGLE_MEASURE(0.017453292500000),#18);
#24=(CONVERSION_BASED_UNIT('DEGREE',#20)NAMED_UNIT(#19)PLANE_ANGLE_UNIT());
#28=(NAMED_UNIT(*)SI_UNIT($,.STERADIAN.)SOLID_ANGLE_UNIT());
#32=(LENGTH_UNIT()NAMED_UNIT(*)SI_UNIT(.MILLI.,.METRE.));
#34=UNCERTAINTY_MEASURE_WITH_UNIT(LENGTH_MEASURE(0.010000000000000),#32,'DISTANCE_ACCURACY_VALUE','');
#36=(GEOMETRIC_REPRESENTATION_CONTEXT(3)GLOBAL_UNCERTAINTY_ASSIGNED_CONTEXT((#34))GLOBAL_UNIT_ASSIGNED_CONTEXT((#24,#28,#32))REPRESENTATION_CONTEXT('None','None'));
#37=AXIS2_PLACEMENT_3D('',#38,#39,#40);
#38=CARTESIAN_POINT('',(0.0,0.0,0.0));
#39=DIRECTION('',(0.0,0.0,1.0));
#40=DIRECTION('',(1.0,0.0,0.0));
#41=SHAPE_REPRESENTATION('',(#37,#2440,#5507),#36);
#42=PRODUCT_DEFINITION_SHAPE('','',#12);
#43=SHAPE_DEFINITION_REPRESENTATION(#42,#41);
#44=APPLICATION_CONTEXT('automotive design');
#45=APPLICATION_PROTOCOL_DEFINITION('International Standard','automotive_design',2001,#44);
#46=PRODUCT_CONTEXT('',#44,'mechanical');
#47=PRODUCT('MHGT254-M02-13001-S02','MHGT254-M02-13001-S02',$,(#46));
#48=PRODUCT_RELATED_PRODUCT_CATEGORY('part',$,(#47));
#49=PRODUCT_DEFINITION_FORMATION('',$,#47);
#50=PRODUCT_DEFINITION_CONTEXT('part definition',#44,'design');
#51=PRODUCT_DEFINITION('',$,#49,#50);
#57=(NAMED_UNIT(*)PLANE_ANGLE_UNIT()SI_UNIT($,.RADIAN.));
#58=DIMENSIONAL_EXPONENTS(0.0,0.0,0.0,0.0,0.0,0.0,0.0);
#59=PLANE_ANGLE_MEASURE_WITH_UNIT(PLANE_ANGLE_MEASURE(0.017453292500000),#57);
#63=(CONVERSION_BASED_UNIT('DEGREE',#59)NAMED_UNIT(#58)PLANE_ANGLE_UNIT());
#67=(NAMED_UNIT(*)SI_UNIT($,.STERADIAN.)SOLID_ANGLE_UNIT());
#71=(LENGTH_UNIT()NAMED_UNIT(*)SI_UNIT(.MILLI.,.METRE.));
#73=UNCERTAINTY_MEASURE_WITH_UNIT(LENGTH_MEASURE(0.010000000000000),#71,'DISTANCE_ACCURACY_VALUE','');
#75=(GEOMETRIC_REPRESENTATION_CONTEXT(3)GLOBAL_UNCERTAINTY_ASSIGNED_CONTEXT((#73))GLOBAL_UNIT_ASSIGNED_CONTEXT((#63,#67,#71))REPRESENTATION_CONTEXT('None','None'));
#76=AXIS2_PLACEMENT_3D('',#77,#78,#79);
#77=CARTESIAN_POINT('',(0.0,0.0,0.0));
#78=DIRECTION('',(0.0,0.0,1.0));
#79=DIRECTION('',(1.0,0.0,0.0));
#80=SHAPE_REPRESENTATION('',(#76),#75);
#81=PRODUCT_DEFINITION_SHAPE('','',#51);
#82=SHAPE_DEFINITION_REPRESENTATION(#81,#80);
#88=(NAMED_UNIT(*)PLANE_ANGLE_UNIT()SI_UNIT($,.RADIAN.));
#89=DIMENSIONAL_EXPONENTS(0.0,0.0,0.0,0.0,0.0,0.0,0.0);
#90=PLANE_ANGLE_MEASURE_WITH_UNIT(PLANE_ANGLE_MEASURE(0.017453292500000),#88);
#94=(CONVERSION_BASED_UNIT('DEGREE',#90)NAMED_UNIT(#89)PLANE_ANGLE_UNIT());
#98=(NAMED_UNIT(*)SI_UNIT($,.STERADIAN.)SOLID_ANGLE_UNIT());
#102=(LENGTH_UNIT()NAMED_UNIT(*)SI_UNIT(.MILLI.,.METRE.));
#104=UNCERTAINTY_MEASURE_WITH_UNIT(LENGTH_MEASURE(0.000001000000000),#102,'DISTANCE_ACCURACY_VALUE','');
#106=(GEOMETRIC_REPRESENTATION_CONTEXT(3)GLOBAL_UNCERTAINTY_ASSIGNED_CONTEXT((#104))GLOBAL_UNIT_ASSIGNED_CONTEXT((#94,#98,#102))REPRESENTATION_CONTEXT('','3D'));
#107=CARTESIAN_POINT('',(6.318445E-016,6.297114317029986,37.0));
#108=DIRECTION('',(-0.999323478622881,5.498855E-016,0.036777507706007));
#109=DIRECTION('',(0.0,1.0,0.0));
#110=AXIS2_PLACEMENT_3D('',#107,#108,#109);
#111=SPHERICAL_SURFACE('',#110,2.000000000000001);
#112=CARTESIAN_POINT('',(1.730879038171297,7.297114317029983,36.936299488077438));
#113=VERTEX_POINT('',#112);
#114=CARTESIAN_POINT('',(1.254043E-015,7.297114317029985,37.0));
#115=DIRECTION('',(-6.405539E-016,-1.000000000000000,2.357393E-017));
#116=DIRECTION('',(-0.999323478622881,6.409876E-016,0.036777507706008));
#117=AXIS2_PLACEMENT_3D('',#114,#115,#116);
#118=CIRCLE('',#117,1.732050807568873);
#119=EDGE_CURVE('',#113,#113,#118,.T.);
#120=ORIENTED_EDGE('',*,*,#119,.F.);
#121=EDGE_LOOP('',(#120));
#122=FACE_OUTER_BOUND('',#121,.T.);
#123=ADVANCED_FACE('',(#122),#111,.T.);
#124=CARTESIAN_POINT('',(6.318445E-016,6.297114317029986,37.0));
#125=DIRECTION('',(-0.999323478622881,5.498855E-016,0.036777507706007));
#126=DIRECTION('',(0.0,1.0,0.0));
#127=AXIS2_PLACEMENT_3D('',#124,#125,#126);
#128=SPHERICAL_SURFACE('',#127,2.000000000000001);
#129=ORIENTED_EDGE('',*,*,#119,.T.);
#130=EDGE_LOOP('',(#129));
#131=FACE_OUTER_BOUND('',#130,.T.);
#132=ADVANCED_FACE('',(#131),#128,.T.);
#133=CARTESIAN_POINT('',(1.889546E-015,8.348557158514991,37.0));
#134=DIRECTION('',(-6.044107E-016,-1.0,2.248409E-016));
#135=DIRECTION('',(-0.999323478622880,5.776411E-016,0.036777507706008));
#136=AXIS2_PLACEMENT_3D('',#133,#134,#135);
#137=CONICAL_SURFACE('',#136,1.124999999999999,30.000000000000018);
#138=CARTESIAN_POINT('',(-2.248477826901479,6.400000000000006,37.082749392338521));
#139=VERTEX_POINT('',#138);
#140=CARTESIAN_POINT('',(7.118170E-016,6.400000000000006,37.0));
#141=DIRECTION('',(-5.772503E-016,-1.0,2.124420E-017));
#142=DIRECTION('',(-0.999323478622880,5.776411E-016,0.036777507706008));
#143=AXIS2_PLACEMENT_3D('',#140,#141,#142);
#144=CIRCLE('',#143,2.249999999999998);
#145=EDGE_CURVE('',#139,#139,#144,.T.);
#146=ORIENTED_EDGE('',*,*,#145,.T.);
#147=EDGE_LOOP('',(#146));
#148=FACE_OUTER_BOUND('',#147,.T.);
#149=CARTESIAN_POINT('',(1.254043E-015,7.297114317029985,37.0));
#150=DIRECTION('',(-6.405539E-016,-1.000000000000000,2.357393E-017));
#151=DIRECTION('',(-0.999323478622881,6.409876E-016,0.036777507706008));
#152=AXIS2_PLACEMENT_3D('',#149,#150,#151);
#153=CIRCLE('',#152,1.732050807568873);
#154=EDGE_CURVE('',#113,#113,#153,.T.);
#155=ORIENTED_EDGE('',*,*,#154,.F.);
#156=EDGE_LOOP('',(#155));
#157=FACE_BOUND('',#156,.T.);
#158=ADVANCED_FACE('',(#148,#157),#137,.F.);
#159=CARTESIAN_POINT('',(-1.977172347986167,22.0,36.698687029222384));
#160=DIRECTION('',(0.0,-1.0,0.0));
#161=DIRECTION('',(-0.988586173993088,0.0,-0.150656485388806));
#162=AXIS2_PLACEMENT_3D('',#159,#160,#161);
#163=PLANE('',#162);
#164=CARTESIAN_POINT('',(-3.954344695972344,22.000000000000007,36.397374058444775));
#165=VERTEX_POINT('',#164);
#166=CARTESIAN_POINT('',(1.013248E-014,22.0,37.0));
#167=DIRECTION('',(-5.572051E-016,-1.0,-8.491578E-017));
#168=DIRECTION('',(-0.988586173993088,5.636384E-016,-0.150656485388806));
#169=AXIS2_PLACEMENT_3D('',#166,#167,#168);
#170=CIRCLE('',#169,4.000000000000001);
#171=EDGE_CURVE('',#165,#165,#170,.T.);
#172=ORIENTED_EDGE('',*,*,#171,.T.);
#173=EDGE_LOOP('',(#172));
#174=FACE_OUTER_BOUND('',#173,.T.);
#175=CARTESIAN_POINT('',(2.997970435868651,22.0,36.889667476881975));
#176=VERTEX_POINT('',#175);
#177=CARTESIAN_POINT('',(1.014062E-014,22.0,37.0));
#178=DIRECTION('',(-5.772503E-016,-1.0,2.124420E-017));
#179=DIRECTION('',(-0.999323478622880,5.776411E-016,0.036777507706008));
#180=AXIS2_PLACEMENT_3D('',#177,#178,#179);
#181=CIRCLE('',#180,2.999999999999999);
#182=EDGE_CURVE('',#176,#176,#181,.T.);
#183=ORIENTED_EDGE('',*,*,#182,.F.);
#184=EDGE_LOOP('',(#183));
#185=FACE_BOUND('',#184,.T.);
#186=ADVANCED_FACE('',(#174,#185),#163,.T.);
#187=CARTESIAN_POINT('',(1.360784E-014,27.750000000000004,37.0));
#188=DIRECTION('',(-6.044107E-016,-1.0,2.248409E-016));
#189=DIRECTION('',(0.988586173993088,-5.636384E-016,0.150656485388806));
#190=AXIS2_PLACEMENT_3D('',#187,#188,#189);
#191=CONICAL_SURFACE('',#190,5.750000000000001,45.000000000000021);
#192=CARTESIAN_POINT('',(-5.437223956961973,28.000000000000007,36.171389330361563));
#193=VERTEX_POINT('',#192);
#194=CARTESIAN_POINT('',(1.375895E-014,28.000000000000004,37.0));
#195=DIRECTION('',(-5.572051E-016,-1.0,-8.491578E-017));
#196=DIRECTION('',(0.988586173993088,-5.636384E-016,0.150656485388806));
#197=AXIS2_PLACEMENT_3D('',#194,#195,#196);
#198=CIRCLE('',#197,5.500000000000001);
#199=EDGE_CURVE('',#193,#193,#198,.T.);
#200=ORIENTED_EDGE('',*,*,#199,.T.);
#201=EDGE_LOOP('',(#200));
#202=FACE_OUTER_BOUND('',#201,.T.);
#203=CARTESIAN_POINT('',(-5.931517043958517,27.500000000000004,36.096061087667167));
#204=VERTEX_POINT('',#203);
#205=CARTESIAN_POINT('',(1.345674E-014,27.500000000000004,37.0));
#206=DIRECTION('',(5.572051E-016,1.0,8.491578E-017));
#207=DIRECTION('',(0.988586173993088,-5.636384E-016,0.150656485388806));
#208=AXIS2_PLACEMENT_3D('',#205,#206,#207);
#209=CIRCLE('',#208,6.000000000000001);
#210=EDGE_CURVE('',#204,#204,#209,.T.);
#211=ORIENTED_EDGE('',*,*,#210,.T.);
#212=EDGE_LOOP('',(#211));
#213=FACE_BOUND('',#212,.T.);
#214=ADVANCED_FACE('',(#202,#213),#191,.T.);
#215=CARTESIAN_POINT('',(1.224792E-014,25.500000000000004,37.0));
#216=DIRECTION('',(-6.044107E-016,-1.0,2.248409E-016));
#217=DIRECTION('',(-0.988586173993088,5.636384E-016,-0.150656485388806));
#218=AXIS2_PLACEMENT_3D('',#215,#216,#217);
#219=CYLINDRICAL_SURFACE('',#218,6.000000000000001);
#220=CARTESIAN_POINT('',(-5.931517043958520,23.500000000000007,36.096061087667167));
#221=VERTEX_POINT('',#220);
#222=CARTESIAN_POINT('',(1.103910E-014,23.500000000000007,37.0));
#223=DIRECTION('',(-5.572051E-016,-1.0,-8.491578E-017));
#224=DIRECTION('',(0.988586173993088,-5.636384E-016,0.150656485388806));
#225=AXIS2_PLACEMENT_3D('',#222,#223,#224);
#226=CIRCLE('',#225,6.000000000000001);
#227=EDGE_CURVE('',#221,#221,#226,.T.);
#228=ORIENTED_EDGE('',*,*,#227,.F.);
#229=EDGE_LOOP('',(#228));
#230=FACE_OUTER_BOUND('',#229,.T.);
#231=ORIENTED_EDGE('',*,*,#210,.F.);
#232=EDGE_LOOP('',(#231));
#233=FACE_BOUND('',#232,.T.);
#234=ADVANCED_FACE('',(#230,#233),#219,.T.);
#235=CARTESIAN_POINT('',(-2.965758521979252,28.000000000000004,36.548030543833583));
#236=DIRECTION('',(0.0,1.0,0.0));
#237=DIRECTION('',(0.988586173993088,0.0,0.150656485388806));
#238=AXIS2_PLACEMENT_3D('',#235,#236,#237);
#239=PLANE('',#238);
#240=ORIENTED_EDGE('',*,*,#199,.F.);
#241=EDGE_LOOP('',(#240));
#242=FACE_OUTER_BOUND('',#241,.T.);
#243=CARTESIAN_POINT('',(1.977172347986191,28.000000000000004,37.301312970777609));
#244=VERTEX_POINT('',#243);
#245=CARTESIAN_POINT('',(1.375895E-014,28.000000000000004,37.0));
#246=DIRECTION('',(-5.572051E-016,-1.0,-8.491578E-017));
#247=DIRECTION('',(-0.988586173993088,5.636384E-016,-0.150656485388806));
#248=AXIS2_PLACEMENT_3D('',#245,#246,#247);
#249=CIRCLE('',#248,2.000000000000000);
#250=EDGE_CURVE('',#244,#244,#249,.T.);
#251=ORIENTED_EDGE('',*,*,#250,.T.);
#252=EDGE_LOOP('',(#251));
#253=FACE_BOUND('',#252,.T.);
#254=ADVANCED_FACE('',(#242,#253),#239,.T.);
#255=CARTESIAN_POINT('',(1.088800E-014,23.250000000000000,37.0));
#256=DIRECTION('',(6.044107E-016,1.0,-2.248409E-016));
#257=DIRECTION('',(0.988586173993088,-5.636384E-016,0.150656485388806));
#258=AXIS2_PLACEMENT_3D('',#255,#256,#257);
#259=CONICAL_SURFACE('',#258,5.750000000000001,44.999999999999993);
#260=ORIENTED_EDGE('',*,*,#227,.T.);
#261=EDGE_LOOP('',(#260));
#262=FACE_OUTER_BOUND('',#261,.T.);
#263=CARTESIAN_POINT('',(-5.437223956961976,23.000000000000007,36.171389330361563));
#264=VERTEX_POINT('',#263);
#265=CARTESIAN_POINT('',(1.073689E-014,23.000000000000004,37.0));
#266=DIRECTION('',(5.572051E-016,1.0,8.491578E-017));
#267=DIRECTION('',(0.988586173993088,-5.636384E-016,0.150656485388806));
#268=AXIS2_PLACEMENT_3D('',#265,#266,#267);
#269=CIRCLE('',#268,5.500000000000001);
#270=EDGE_CURVE('',#264,#264,#269,.T.);
#271=ORIENTED_EDGE('',*,*,#270,.T.);
#272=EDGE_LOOP('',(#271));
#273=FACE_BOUND('',#272,.T.);
#274=ADVANCED_FACE('',(#262,#273),#259,.T.);
#275=CARTESIAN_POINT('',(-4.942930869965431,23.000000000000007,36.246717573055975));
#276=DIRECTION('',(0.0,-1.0,0.0));
#277=DIRECTION('',(-0.988586173993088,0.0,-0.150656485388806));
#278=AXIS2_PLACEMENT_3D('',#275,#276,#277);
#279=PLANE('',#278);
#280=ORIENTED_EDGE('',*,*,#270,.F.);
#281=EDGE_LOOP('',(#280));
#282=FACE_OUTER_BOUND('',#281,.T.);
#283=CARTESIAN_POINT('',(-3.954344695972343,23.000000000000007,36.397374058444775));
#284=VERTEX_POINT('',#283);
#285=CARTESIAN_POINT('',(1.073689E-014,23.000000000000004,37.0));
#286=DIRECTION('',(-5.572051E-016,-1.0,-8.491578E-017));
#287=DIRECTION('',(-0.988586173993088,5.636384E-016,-0.150656485388806));
#288=AXIS2_PLACEMENT_3D('',#285,#286,#287);
#289=CIRCLE('',#288,4.000000000000001);
#290=EDGE_CURVE('',#284,#284,#289,.T.);
#291=ORIENTED_EDGE('',*,*,#290,.F.);
#292=EDGE_LOOP('',(#291));
#293=FACE_BOUND('',#292,.T.);
#294=ADVANCED_FACE('',(#282,#293),#279,.T.);
#295=CARTESIAN_POINT('',(1.375895E-014,28.000000000000004,37.0));
#296=DIRECTION('',(-6.044107E-016,-1.0,2.248409E-016));
#297=DIRECTION('',(-0.988586173993088,5.636384E-016,-0.150656485388806));
#298=AXIS2_PLACEMENT_3D('',#295,#296,#297);
#299=CYLINDRICAL_SURFACE('',#298,2.000000000000000);
#300=CARTESIAN_POINT('',(1.977172347986190,27.300000000000001,37.301312970777609));
#301=VERTEX_POINT('',#300);
#302=CARTESIAN_POINT('',(1.333586E-014,27.300000000000004,37.0));
#303=DIRECTION('',(5.572051E-016,1.0,8.491578E-017));
#304=DIRECTION('',(-0.988586173993088,5.636384E-016,-0.150656485388806));
#305=AXIS2_PLACEMENT_3D('',#302,#303,#304);
#306=CIRCLE('',#305,2.000000000000000);
#307=EDGE_CURVE('',#301,#301,#306,.T.);
#308=ORIENTED_EDGE('',*,*,#307,.F.);
#309=EDGE_LOOP('',(#308));
#310=FACE_OUTER_BOUND('',#309,.T.);
#311=ORIENTED_EDGE('',*,*,#250,.F.);
#312=EDGE_LOOP('',(#311));
#313=FACE_BOUND('',#312,.T.);
#314=ADVANCED_FACE('',(#310,#313),#299,.F.);
#315=CARTESIAN_POINT('',(1.043469E-014,22.500000000000000,37.0));
#316=DIRECTION('',(-6.044107E-016,-1.0,2.248409E-016));
#317=DIRECTION('',(-0.988586173993088,5.636384E-016,-0.150656485388806));
#318=AXIS2_PLACEMENT_3D('',#315,#316,#317);
#319=CYLINDRICAL_SURFACE('',#318,4.000000000000001);
#320=ORIENTED_EDGE('',*,*,#171,.F.);
#321=EDGE_LOOP('',(#320));
#322=FACE_OUTER_BOUND('',#321,.T.);
#323=ORIENTED_EDGE('',*,*,#290,.T.);
#324=EDGE_LOOP('',(#323));
#325=FACE_BOUND('',#324,.T.);
#326=ADVANCED_FACE('',(#322,#325),#319,.T.);
#327=CARTESIAN_POINT('',(7.484576E-015,17.605556290350030,37.0));
#328=DIRECTION('',(-6.044107E-016,-1.0,2.248409E-016));
#329=DIRECTION('',(-0.999323478622880,5.776411E-016,0.036777507706008));
#330=AXIS2_PLACEMENT_3D('',#327,#328,#329);
#331=CYLINDRICAL_SURFACE('',#330,2.999999999999999);
#332=ORIENTED_EDGE('',*,*,#182,.T.);
#333=EDGE_LOOP('',(#332));
#334=FACE_OUTER_BOUND('',#333,.T.);
#335=CARTESIAN_POINT('',(2.997970435868649,19.470499999999998,36.889667476881975));
#336=VERTEX_POINT('',#335);
#337=CARTESIAN_POINT('',(8.611768E-015,19.470500000000001,37.0));
#338=DIRECTION('',(-5.772503E-016,-1.0,2.124420E-017));
#339=DIRECTION('',(-0.999323478622880,5.776411E-016,0.036777507706008));
#340=AXIS2_PLACEMENT_3D('',#337,#338,#339);
#341=CIRCLE('',#340,2.999999999999999);
#342=EDGE_CURVE('',#336,#336,#341,.T.);
#343=ORIENTED_EDGE('',*,*,#342,.F.);
#344=EDGE_LOOP('',(#343));
#345=FACE_BOUND('',#344,.T.);
#346=ADVANCED_FACE('',(#334,#345),#331,.T.);
#347=CARTESIAN_POINT('',(7.484576E-015,17.605556290350030,37.0));
#348=DIRECTION('',(-6.044107E-016,-1.0,2.248409E-016));
#349=DIRECTION('',(-0.999323478622880,5.776411E-016,0.036777507706008));
#350=AXIS2_PLACEMENT_3D('',#347,#348,#349);
#351=CYLINDRICAL_SURFACE('',#350,2.999999999999999);
#352=CARTESIAN_POINT('',(-2.997970435868640,7.911112580700053,37.110332523118025));
#353=VERTEX_POINT('',#352);
#354=CARTESIAN_POINT('',(1.625150E-015,7.911112580700051,37.0));
#355=DIRECTION('',(-5.772503E-016,-1.0,2.124420E-017));
#356=DIRECTION('',(-0.999323478622880,5.776411E-016,0.036777507706008));
#357=AXIS2_PLACEMENT_3D('',#354,#355,#356);
#358=CIRCLE('',#357,3.000000000000000);
#359=EDGE_CURVE('',#353,#353,#358,.T.);
#360=ORIENTED_EDGE('',*,*,#359,.F.);
#361=EDGE_LOOP('',(#360));
#362=FACE_OUTER_BOUND('',#361,.T.);
#363=CARTESIAN_POINT('',(2.997970435868643,8.499999999999998,36.889667476881975));
#364=VERTEX_POINT('',#363);
#365=CARTESIAN_POINT('',(1.981080E-015,8.500000000000000,37.0));
#366=DIRECTION('',(5.772503E-016,1.0,-2.124420E-017));
#367=DIRECTION('',(-0.999323478622880,5.776411E-016,0.036777507706008));
#368=AXIS2_PLACEMENT_3D('',#365,#366,#367);
#369=CIRCLE('',#368,2.999999999999999);
#370=EDGE_CURVE('',#364,#364,#369,.T.);
#371=ORIENTED_EDGE('',*,*,#370,.F.);
#372=EDGE_LOOP('',(#371));
#373=FACE_BOUND('',#372,.T.);
#374=ADVANCED_FACE('',(#362,#373),#351,.T.);
#375=CARTESIAN_POINT('',(-1.498985217934307,27.300000000000004,37.055166261559009));
#376=DIRECTION('',(0.0,1.0,0.0));
#377=DIRECTION('',(0.999323478622880,0.0,-0.036777507706008));
#378=AXIS2_PLACEMENT_3D('',#375,#376,#377);
#379=PLANE('',#378);
#380=ORIENTED_EDGE('',*,*,#307,.T.);
#381=EDGE_LOOP('',(#380));
#382=FACE_OUTER_BOUND('',#381,.T.);
#383=ADVANCED_FACE('',(#382),#379,.T.);
#384=CARTESIAN_POINT('',(1.168483E-015,7.155556290350029,37.0));
#385=DIRECTION('',(6.044107E-016,1.0,-2.248409E-016));
#386=DIRECTION('',(-0.999323478622880,5.776411E-016,0.036777507706008));
#387=AXIS2_PLACEMENT_3D('',#384,#385,#386);
#388=CONICAL_SURFACE('',#387,2.725000000000001,19.999999999999972);
#389=CARTESIAN_POINT('',(-2.448342522626057,6.400000000000006,37.090104893879719));
#390=VERTEX_POINT('',#389);
#391=CARTESIAN_POINT('',(7.118170E-016,6.400000000000006,37.0));
#392=DIRECTION('',(-5.772503E-016,-1.000000000000000,2.124420E-017));
#393=DIRECTION('',(-0.999323478622881,5.776411E-016,0.036777507706008));
#394=AXIS2_PLACEMENT_3D('',#391,#392,#393);
#395=CIRCLE('',#394,2.450000000000000);
#396=EDGE_CURVE('',#390,#390,#395,.T.);
#397=ORIENTED_EDGE('',*,*,#396,.F.);
#398=EDGE_LOOP('',(#397));
#399=FACE_OUTER_BOUND('',#398,.T.);
#400=ORIENTED_EDGE('',*,*,#359,.T.);
#401=EDGE_LOOP('',(#400));
#402=FACE_BOUND('',#401,.T.);
#403=ADVANCED_FACE('',(#399,#402),#388,.T.);
#404=CARTESIAN_POINT('',(-2.348410174763767,6.400000000000006,37.086427143109120));
#405=DIRECTION('',(0.0,-1.0,0.0));
#406=DIRECTION('',(-0.999323478622880,0.0,0.036777507706008));
#407=AXIS2_PLACEMENT_3D('',#404,#405,#406);
#408=PLANE('',#407);
#409=ORIENTED_EDGE('',*,*,#396,.T.);
#410=EDGE_LOOP('',(#409));
#411=FACE_OUTER_BOUND('',#410,.T.);
#412=ORIENTED_EDGE('',*,*,#145,.F.);
#413=EDGE_LOOP('',(#412));
#414=FACE_BOUND('',#413,.T.);
#415=ADVANCED_FACE('',(#411,#414),#408,.T.);
#416=CARTESIAN_POINT('',(1.889546E-015,8.348557158514991,37.0));
#417=DIRECTION('',(-6.044107E-016,-1.0,2.248409E-016));
#418=DIRECTION('',(-0.999323478622880,5.776411E-016,0.036777507706008));
#419=AXIS2_PLACEMENT_3D('',#416,#417,#418);
#420=CONICAL_SURFACE('',#419,1.124999999999999,30.000000000000018);
#421=ORIENTED_EDGE('',*,*,#154,.T.);
#422=EDGE_LOOP('',(#421));
#423=FACE_OUTER_BOUND('',#422,.T.);
#424=ADVANCED_FACE('',(#423),#420,.F.);
#425=CARTESIAN_POINT('',(-37.0,6.297114317029955,-9.029949E-015));
#426=DIRECTION('',(-0.644242651148380,-4.324384E-016,0.764821159776131));
#427=DIRECTION('',(0.0,1.0,0.0));
#428=AXIS2_PLACEMENT_3D('',#425,#426,#427);
#429=SPHERICAL_SURFACE('',#428,2.000000000000001);
#430=CARTESIAN_POINT('',(-35.884138995808136,7.297114317029957,-1.324709107436022));
#431=VERTEX_POINT('',#430);
#432=CARTESIAN_POINT('',(-37.0,7.297114317029956,-8.534462E-015));
#433=DIRECTION('',(4.129515E-016,-1.0,-4.902409E-016));
#434=DIRECTION('',(-0.644242651148379,-6.409876E-016,0.764821159776132));
#435=AXIS2_PLACEMENT_3D('',#432,#433,#434);
#436=CIRCLE('',#435,1.732050807568875);
#437=EDGE_CURVE('',#431,#431,#436,.T.);
#438=ORIENTED_EDGE('',*,*,#437,.F.);
#439=EDGE_LOOP('',(#438));
#440=FACE_OUTER_BOUND('',#439,.T.);
#441=ADVANCED_FACE('',(#440),#429,.T.);
#442=CARTESIAN_POINT('',(-37.0,6.297114317029955,-9.029949E-015));
#443=DIRECTION('',(-0.644242651148380,-4.324384E-016,0.764821159776131));
#444=DIRECTION('',(0.0,1.0,0.0));
#445=AXIS2_PLACEMENT_3D('',#442,#443,#444);
#446=SPHERICAL_SURFACE('',#445,2.000000000000001);
#447=ORIENTED_EDGE('',*,*,#437,.T.);
#448=EDGE_LOOP('',(#447));
#449=FACE_OUTER_BOUND('',#448,.T.);
#450=ADVANCED_FACE('',(#449),#446,.T.);
#451=CARTESIAN_POINT('',(-37.0,8.348557158514968,-7.999172E-015));
#452=DIRECTION('',(-2.998507E-017,-1.0,-5.091003E-016));
#453=DIRECTION('',(-0.644242651148380,-4.046828E-016,0.764821159776132));
#454=AXIS2_PLACEMENT_3D('',#451,#452,#453);
#455=CONICAL_SURFACE('',#454,1.124999999999998,30.000000000000018);
#456=CARTESIAN_POINT('',(-38.449545965083857,6.399999999999984,1.720847609496286));
#457=VERTEX_POINT('',#456);
#458=CARTESIAN_POINT('',(-37.0,6.399999999999984,-8.991183E-015));
#459=DIRECTION('',(2.607139E-016,-1.0,-3.095100E-016));
#460=DIRECTION('',(-0.644242651148380,-4.046828E-016,0.764821159776132));
#461=AXIS2_PLACEMENT_3D('',#458,#459,#460);
#462=CIRCLE('',#461,2.249999999999998);
#463=EDGE_CURVE('',#457,#457,#462,.T.);
#464=ORIENTED_EDGE('',*,*,#463,.T.);
#465=EDGE_LOOP('',(#464));
#466=FACE_OUTER_BOUND('',#465,.T.);
#467=CARTESIAN_POINT('',(-37.0,7.297114317029956,-8.534462E-015));
#468=DIRECTION('',(4.129515E-016,-1.0,-4.902409E-016));
#469=DIRECTION('',(-0.644242651148379,-6.409876E-016,0.764821159776132));
#470=AXIS2_PLACEMENT_3D('',#467,#468,#469);
#471=CIRCLE('',#470,1.732050807568875);
#472=EDGE_CURVE('',#431,#431,#471,.T.);
#473=ORIENTED_EDGE('',*,*,#472,.F.);
#474=EDGE_LOOP('',(#473));
#475=FACE_BOUND('',#474,.T.);
#476=ADVANCED_FACE('',(#466,#475),#455,.F.);
#477=CARTESIAN_POINT('',(-38.551686778028220,21.999999999999979,1.261851077937644));
#478=DIRECTION('',(0.0,-1.0,0.0));
#479=DIRECTION('',(-0.775843389014111,0.0,0.630925538968822));
#480=AXIS2_PLACEMENT_3D('',#477,#478,#479);
#481=PLANE('',#480);
#482=CARTESIAN_POINT('',(-40.103373556056439,21.999999999999979,2.523702155875289));
#483=VERTEX_POINT('',#482);
#484=CARTESIAN_POINT('',(-37.0,21.999999999999979,-1.042986E-015));
#485=DIRECTION('',(2.311553E-016,-1.000000000000000,-1.879784E-016));
#486=DIRECTION('',(-0.775843389014111,-2.979407E-016,0.630925538968822));
#487=AXIS2_PLACEMENT_3D('',#484,#485,#486);
#488=CIRCLE('',#487,4.0);
#489=EDGE_CURVE('',#483,#483,#488,.T.);
#490=ORIENTED_EDGE('',*,*,#489,.T.);
#491=EDGE_LOOP('',(#490));
#492=FACE_OUTER_BOUND('',#491,.T.);
#493=CARTESIAN_POINT('',(-35.067272046554862,21.999999999999979,-2.294463479328395));
#494=VERTEX_POINT('',#493);
#495=CARTESIAN_POINT('',(-37.0,21.999999999999979,-1.049218E-015));
#496=DIRECTION('',(2.607139E-016,-1.0,-3.095100E-016));
#497=DIRECTION('',(-0.644242651148380,-4.046828E-016,0.764821159776132));
#498=AXIS2_PLACEMENT_3D('',#495,#496,#497);
#499=CIRCLE('',#498,2.999999999999999);
#500=EDGE_CURVE('',#494,#494,#499,.T.);
#501=ORIENTED_EDGE('',*,*,#500,.F.);
#502=EDGE_LOOP('',(#501));
#503=FACE_BOUND('',#502,.T.);
#504=ADVANCED_FACE('',(#492,#503),#481,.T.);
#505=CARTESIAN_POINT('',(-37.0,27.749999999999982,1.884340E-015));
#506=DIRECTION('',(-2.998507E-017,-1.0,-5.091003E-016));
#507=DIRECTION('',(0.775843389014111,2.979407E-016,-0.630925538968822));
#508=AXIS2_PLACEMENT_3D('',#505,#506,#507);
#509=CONICAL_SURFACE('',#508,5.750000000000001,45.000000000000021);
#510=CARTESIAN_POINT('',(-41.267138639577610,27.999999999999979,3.470090464328525));
#511=VERTEX_POINT('',#510);
#512=CARTESIAN_POINT('',(-37.0,27.999999999999979,2.011615E-015));
#513=DIRECTION('',(2.311553E-016,-1.0,-1.879784E-016));
#514=DIRECTION('',(0.775843389014111,2.979407E-016,-0.630925538968822));
#515=AXIS2_PLACEMENT_3D('',#512,#513,#514);
#516=CIRCLE('',#515,5.500000000000001);
#517=EDGE_CURVE('',#511,#511,#516,.T.);
#518=ORIENTED_EDGE('',*,*,#517,.T.);
#519=EDGE_LOOP('',(#518));
#520=FACE_OUTER_BOUND('',#519,.T.);
#521=CARTESIAN_POINT('',(-41.655060334084666,27.499999999999979,3.785553233812938));
#522=VERTEX_POINT('',#521);
#523=CARTESIAN_POINT('',(-37.0,27.499999999999982,1.757065E-015));
#524=DIRECTION('',(-2.311553E-016,1.000000000000000,1.879784E-016));
#525=DIRECTION('',(0.775843389014111,2.979407E-016,-0.630925538968822));
#526=AXIS2_PLACEMENT_3D('',#523,#524,#525);
#527=CIRCLE('',#526,6.000000000000001);
#528=EDGE_CURVE('',#522,#522,#527,.T.);
#529=ORIENTED_EDGE('',*,*,#528,.T.);
#530=EDGE_LOOP('',(#529));
#531=FACE_BOUND('',#530,.T.);
#532=ADVANCED_FACE('',(#520,#531),#509,.T.);
#533=CARTESIAN_POINT('',(-37.0,25.499999999999979,7.388646E-016));
#534=DIRECTION('',(-2.998507E-017,-1.0,-5.091003E-016));
#535=DIRECTION('',(-0.775843389014111,-2.979407E-016,0.630925538968822));
#536=AXIS2_PLACEMENT_3D('',#533,#534,#535);
#537=CYLINDRICAL_SURFACE('',#536,6.000000000000001);
#538=CARTESIAN_POINT('',(-41.655060334084666,23.499999999999979,3.785553233812935));
#539=VERTEX_POINT('',#538);
#540=CARTESIAN_POINT('',(-37.0,23.499999999999979,-2.793360E-016));
#541=DIRECTION('',(2.311553E-016,-1.000000000000000,-1.879784E-016));
#542=DIRECTION('',(0.775843389014111,2.979407E-016,-0.630925538968822));
#543=AXIS2_PLACEMENT_3D('',#540,#541,#542);
#544=CIRCLE('',#543,6.000000000000001);
#545=EDGE_CURVE('',#539,#539,#544,.T.);
#546=ORIENTED_EDGE('',*,*,#545,.F.);
#547=EDGE_LOOP('',(#546));
#548=FACE_OUTER_BOUND('',#547,.T.);
#549=ORIENTED_EDGE('',*,*,#528,.F.);
#550=EDGE_LOOP('',(#549));
#551=FACE_BOUND('',#550,.T.);
#552=ADVANCED_FACE('',(#548,#551),#537,.T.);
#553=CARTESIAN_POINT('',(-39.327530167042333,27.999999999999979,1.892776616906470));
#554=DIRECTION('',(0.0,1.0,0.0));
#555=DIRECTION('',(0.775843389014111,0.0,-0.630925538968822));
#556=AXIS2_PLACEMENT_3D('',#553,#554,#555);
#557=PLANE('',#556);
#558=ORIENTED_EDGE('',*,*,#517,.F.);
#559=EDGE_LOOP('',(#558));
#560=FACE_OUTER_BOUND('',#559,.T.);
#561=CARTESIAN_POINT('',(-35.448313221971780,27.999999999999979,-1.261851077937643));
#562=VERTEX_POINT('',#561);
#563=CARTESIAN_POINT('',(-37.0,27.999999999999979,2.011615E-015));
#564=DIRECTION('',(2.311553E-016,-1.000000000000000,-1.879784E-016));
#565=DIRECTION('',(-0.775843389014111,-2.979407E-016,0.630925538968822));
#566=AXIS2_PLACEMENT_3D('',#563,#564,#565);
#567=CIRCLE('',#566,2.0);
#568=EDGE_CURVE('',#562,#562,#567,.T.);
#569=ORIENTED_EDGE('',*,*,#568,.T.);
#570=EDGE_LOOP('',(#569));
#571=FACE_BOUND('',#570,.T.);
#572=ADVANCED_FACE('',(#560,#571),#557,.T.);
#573=CARTESIAN_POINT('',(-37.0,23.249999999999979,-4.066111E-016));
#574=DIRECTION('',(2.998507E-017,1.0,5.091003E-016));
#575=DIRECTION('',(0.775843389014111,2.979407E-016,-0.630925538968822));
#576=AXIS2_PLACEMENT_3D('',#573,#574,#575);
#577=CONICAL_SURFACE('',#576,5.750000000000001,44.999999999999993);
#578=ORIENTED_EDGE('',*,*,#545,.T.);
#579=EDGE_LOOP('',(#578));
#580=FACE_OUTER_BOUND('',#579,.T.);
#581=CARTESIAN_POINT('',(-41.267138639577610,22.999999999999979,3.470090464328524));
#582=VERTEX_POINT('',#581);
#583=CARTESIAN_POINT('',(-37.0,22.999999999999979,-5.338862E-016));
#584=DIRECTION('',(-2.311553E-016,1.0,1.879784E-016));
#585=DIRECTION('',(0.775843389014111,2.979407E-016,-0.630925538968822));
#586=AXIS2_PLACEMENT_3D('',#583,#584,#585);
#587=CIRCLE('',#586,5.500000000000001);
#588=EDGE_CURVE('',#582,#582,#587,.T.);
#589=ORIENTED_EDGE('',*,*,#588,.T.);
#590=EDGE_LOOP('',(#589));
#591=FACE_BOUND('',#590,.T.);
#592=ADVANCED_FACE('',(#580,#591),#577,.T.);
#593=CARTESIAN_POINT('',(-40.879216945070560,22.999999999999979,3.154627694844112));
#594=DIRECTION('',(0.0,-1.0,0.0));
#595=DIRECTION('',(-0.775843389014111,0.0,0.630925538968822));
#596=AXIS2_PLACEMENT_3D('',#593,#594,#595);
#597=PLANE('',#596);
#598=ORIENTED_EDGE('',*,*,#588,.F.);
#599=EDGE_LOOP('',(#598));
#600=FACE_OUTER_BOUND('',#599,.T.);
#601=CARTESIAN_POINT('',(-40.103373556056439,22.999999999999979,2.523702155875289));
#602=VERTEX_POINT('',#601);
#603=CARTESIAN_POINT('',(-37.0,22.999999999999979,-5.338862E-016));
#604=DIRECTION('',(2.311553E-016,-1.000000000000000,-1.879784E-016));
#605=DIRECTION('',(-0.775843389014111,-2.979407E-016,0.630925538968822));
#606=AXIS2_PLACEMENT_3D('',#603,#604,#605);
#607=CIRCLE('',#606,4.0);
#608=EDGE_CURVE('',#602,#602,#607,.T.);
#609=ORIENTED_EDGE('',*,*,#608,.F.);
#610=EDGE_LOOP('',(#609));
#611=FACE_BOUND('',#610,.T.);
#612=ADVANCED_FACE('',(#600,#611),#597,.T.);
#613=CARTESIAN_POINT('',(-37.0,27.999999999999979,2.011615E-015));
#614=DIRECTION('',(-2.998507E-017,-1.0,-5.091003E-016));
#615=DIRECTION('',(-0.775843389014111,-2.979407E-016,0.630925538968822));
#616=AXIS2_PLACEMENT_3D('',#613,#614,#615);
#617=CYLINDRICAL_SURFACE('',#616,2.0);
#618=CARTESIAN_POINT('',(-35.448313221971780,27.299999999999983,-1.261851077937643));
#619=VERTEX_POINT('',#618);
#620=CARTESIAN_POINT('',(-37.0,27.299999999999983,1.655245E-015));
#621=DIRECTION('',(-2.311553E-016,1.000000000000000,1.879784E-016));
#622=DIRECTION('',(-0.775843389014111,-2.979407E-016,0.630925538968822));
#623=AXIS2_PLACEMENT_3D('',#620,#621,#622);
#624=CIRCLE('',#623,2.0);
#625=EDGE_CURVE('',#619,#619,#624,.T.);
#626=ORIENTED_EDGE('',*,*,#625,.F.);
#627=EDGE_LOOP('',(#626));
#628=FACE_OUTER_BOUND('',#627,.T.);
#629=ORIENTED_EDGE('',*,*,#568,.F.);
#630=EDGE_LOOP('',(#629));
#631=FACE_BOUND('',#630,.T.);
#632=ADVANCED_FACE('',(#628,#631),#617,.F.);
#633=CARTESIAN_POINT('',(-37.0,22.499999999999982,-7.884363E-016));
#634=DIRECTION('',(-2.998507E-017,-1.0,-5.091003E-016));
#635=DIRECTION('',(-0.775843389014111,-2.979407E-016,0.630925538968822));
#636=AXIS2_PLACEMENT_3D('',#633,#634,#635);
#637=CYLINDRICAL_SURFACE('',#636,4.0);
#638=ORIENTED_EDGE('',*,*,#489,.F.);
#639=EDGE_LOOP('',(#638));
#640=FACE_OUTER_BOUND('',#639,.T.);
#641=ORIENTED_EDGE('',*,*,#608,.T.);
#642=EDGE_LOOP('',(#641));
#643=FACE_BOUND('',#642,.T.);
#644=ADVANCED_FACE('',(#640,#643),#637,.T.);
#645=CARTESIAN_POINT('',(-37.0,17.605556290350005,-3.286431E-015));
#646=DIRECTION('',(-2.998507E-017,-1.0,-5.091003E-016));
#647=DIRECTION('',(-0.644242651148380,-4.046828E-016,0.764821159776132));
#648=AXIS2_PLACEMENT_3D('',#645,#646,#647);
#649=CYLINDRICAL_SURFACE('',#648,2.999999999999999);
#650=ORIENTED_EDGE('',*,*,#500,.T.);
#651=EDGE_LOOP('',(#650));
#652=FACE_OUTER_BOUND('',#651,.T.);
#653=CARTESIAN_POINT('',(-35.067272046554862,19.470500000000001,-2.294463479328396));
#654=VERTEX_POINT('',#653);
#655=CARTESIAN_POINT('',(-37.0,19.470499999999998,-2.336987E-015));
#656=DIRECTION('',(2.607139E-016,-1.0,-3.095100E-016));
#657=DIRECTION('',(-0.644242651148380,-4.046828E-016,0.764821159776132));
#658=AXIS2_PLACEMENT_3D('',#655,#656,#657);
#659=CIRCLE('',#658,2.999999999999999);
#660=EDGE_CURVE('',#654,#654,#659,.T.);
#661=ORIENTED_EDGE('',*,*,#660,.F.);
#662=EDGE_LOOP('',(#661));
#663=FACE_BOUND('',#662,.T.);
#664=ADVANCED_FACE('',(#652,#663),#649,.T.);
#665=CARTESIAN_POINT('',(-37.0,17.605556290350005,-3.286431E-015));
#666=DIRECTION('',(-2.998507E-017,-1.0,-5.091003E-016));
#667=DIRECTION('',(-0.644242651148380,-4.046828E-016,0.764821159776132));
#668=AXIS2_PLACEMENT_3D('',#665,#666,#667);
#669=CYLINDRICAL_SURFACE('',#668,2.999999999999999);
#670=CARTESIAN_POINT('',(-38.932727953445145,7.911112580700026,2.294463479328387));
#671=VERTEX_POINT('',#670);
#672=CARTESIAN_POINT('',(-37.0,7.911112580700028,-8.221875E-015));
#673=DIRECTION('',(2.607139E-016,-1.000000000000000,-3.095100E-016));
#674=DIRECTION('',(-0.644242651148380,-4.046828E-016,0.764821159776132));
#675=AXIS2_PLACEMENT_3D('',#672,#673,#674);
#676=CIRCLE('',#675,3.000000000000000);
#677=EDGE_CURVE('',#671,#671,#676,.T.);
#678=ORIENTED_EDGE('',*,*,#677,.F.);
#679=EDGE_LOOP('',(#678));
#680=FACE_OUTER_BOUND('',#679,.T.);
#681=CARTESIAN_POINT('',(-35.067272046554862,8.500000000000000,-2.294463479328402));
#682=VERTEX_POINT('',#681);
#683=CARTESIAN_POINT('',(-37.0,8.499999999999998,-7.922072E-015));
#684=DIRECTION('',(-2.607139E-016,1.0,3.095100E-016));
#685=DIRECTION('',(-0.644242651148380,-4.046828E-016,0.764821159776132));
#686=AXIS2_PLACEMENT_3D('',#683,#684,#685);
#687=CIRCLE('',#686,2.999999999999999);
#688=EDGE_CURVE('',#682,#682,#687,.T.);
#689=ORIENTED_EDGE('',*,*,#688,.F.);
#690=EDGE_LOOP('',(#689));
#691=FACE_BOUND('',#690,.T.);
#692=ADVANCED_FACE('',(#680,#691),#669,.T.);
#693=CARTESIAN_POINT('',(-37.966363976722576,27.299999999999983,1.147231739664198));
#694=DIRECTION('',(0.0,1.0,0.0));
#695=DIRECTION('',(0.644242651148380,0.0,-0.764821159776132));
#696=AXIS2_PLACEMENT_3D('',#693,#694,#695);
#697=PLANE('',#696);
#698=ORIENTED_EDGE('',*,*,#625,.T.);
#699=EDGE_LOOP('',(#698));
#700=FACE_OUTER_BOUND('',#699,.T.);
#701=ADVANCED_FACE('',(#700),#697,.T.);
#702=CARTESIAN_POINT('',(-37.0,7.155556290350007,-8.606529E-015));
#703=DIRECTION('',(2.998507E-017,1.0,5.091003E-016));
#704=DIRECTION('',(-0.644242651148380,-4.046828E-016,0.764821159776132));
#705=AXIS2_PLACEMENT_3D('',#702,#703,#704);
#706=CONICAL_SURFACE('',#705,2.725000000000001,19.999999999999972);
#707=CARTESIAN_POINT('',(-38.578394495313532,6.399999999999984,1.873811841451514));
#708=VERTEX_POINT('',#707);
#709=CARTESIAN_POINT('',(-37.0,6.399999999999984,-8.991183E-015));
#710=DIRECTION('',(2.607139E-016,-1.000000000000000,-3.095100E-016));
#711=DIRECTION('',(-0.644242651148380,-4.046828E-016,0.764821159776132));
#712=AXIS2_PLACEMENT_3D('',#709,#710,#711);
#713=CIRCLE('',#712,2.449999999999999);
#714=EDGE_CURVE('',#708,#708,#713,.T.);
#715=ORIENTED_EDGE('',*,*,#714,.F.);
#716=EDGE_LOOP('',(#715));
#717=FACE_OUTER_BOUND('',#716,.T.);
#718=ORIENTED_EDGE('',*,*,#677,.T.);
#719=EDGE_LOOP('',(#718));
#720=FACE_BOUND('',#719,.T.);
#721=ADVANCED_FACE('',(#717,#720),#706,.T.);
#722=CARTESIAN_POINT('',(-38.513970230198694,6.399999999999984,1.797329725473900));
#723=DIRECTION('',(0.0,-1.0,0.0));
#724=DIRECTION('',(-0.644242651148380,0.0,0.764821159776132));
#725=AXIS2_PLACEMENT_3D('',#722,#723,#724);
#726=PLANE('',#725);
#727=ORIENTED_EDGE('',*,*,#714,.T.);
#728=EDGE_LOOP('',(#727));
#729=FACE_OUTER_BOUND('',#728,.T.);
#730=ORIENTED_EDGE('',*,*,#463,.F.);
#731=EDGE_LOOP('',(#730));
#732=FACE_BOUND('',#731,.T.);
#733=ADVANCED_FACE('',(#729,#732),#726,.T.);
#734=CARTESIAN_POINT('',(-37.0,8.348557158514968,-7.999172E-015));
#735=DIRECTION('',(-2.998507E-017,-1.0,-5.091003E-016));
#736=DIRECTION('',(-0.644242651148380,-4.046828E-016,0.764821159776132));
#737=AXIS2_PLACEMENT_3D('',#734,#735,#736);
#738=CONICAL_SURFACE('',#737,1.124999999999998,30.000000000000018);
#739=ORIENTED_EDGE('',*,*,#472,.T.);
#740=EDGE_LOOP('',(#739));
#741=FACE_OUTER_BOUND('',#740,.T.);
#742=ADVANCED_FACE('',(#741),#738,.F.);
#743=CARTESIAN_POINT('',(-37.0,8.750000000000000,-7.369966E-016));
#744=DIRECTION('',(-4.542073E-017,1.0,0.0));
#745=DIRECTION('',(0.0,0.0,1.0));
#746=AXIS2_PLACEMENT_3D('',#743,#744,#745);
#747=CONICAL_SURFACE('',#746,4.500000000000001,44.999999999999979);
#748=CARTESIAN_POINT('',(-37.0,8.499999999999998,-4.250000000000001));
#749=VERTEX_POINT('',#748);
#750=CARTESIAN_POINT('',(-37.0,8.499999999999998,-7.369966E-016));
#751=DIRECTION('',(0.0,1.0,0.0));
#752=DIRECTION('',(0.0,0.0,1.0));
#753=AXIS2_PLACEMENT_3D('',#750,#751,#752);
#754=CIRCLE('',#753,4.250000000000000);
#755=EDGE_CURVE('',#749,#749,#754,.T.);
#756=ORIENTED_EDGE('',*,*,#755,.T.);
#757=EDGE_LOOP('',(#756));
#758=FACE_OUTER_BOUND('',#757,.T.);
#759=CARTESIAN_POINT('',(-41.458500000000001,8.708499999999999,5.459907E-016));
#760=VERTEX_POINT('',#759);
#761=CARTESIAN_POINT('',(-37.0,8.708499999999999,0.0));
#762=DIRECTION('',(0.0,1.0,0.0));
#763=DIRECTION('',(1.0,0.0,0.0));
#764=AXIS2_PLACEMENT_3D('',#761,#762,#763);
#765=CIRCLE('',#764,4.458500000000000);
#766=EDGE_CURVE('',#760,#760,#765,.T.);
#767=ORIENTED_EDGE('',*,*,#766,.F.);
#768=EDGE_LOOP('',(#767));
#769=FACE_BOUND('',#768,.T.);
#770=ADVANCED_FACE('',(#758,#769),#747,.T.);
#771=CARTESIAN_POINT('',(-37.0,8.499999999999998,-7.369966E-016));
#772=DIRECTION('',(0.0,1.0,0.0));
#773=DIRECTION('',(1.0,0.0,0.0));
#774=AXIS2_PLACEMENT_3D('',#771,#772,#773);
#775=PLANE('',#774);
#776=ORIENTED_EDGE('',*,*,#755,.F.);
#777=EDGE_LOOP('',(#776));
#778=FACE_OUTER_BOUND('',#777,.T.);
#779=ORIENTED_EDGE('',*,*,#688,.T.);
#780=EDGE_LOOP('',(#779));
#781=FACE_BOUND('',#780,.T.);
#782=ADVANCED_FACE('',(#778,#781),#775,.F.);
#783=CARTESIAN_POINT('',(-37.0,19.449999999999999,-7.369966E-016));
#784=DIRECTION('',(-4.542073E-017,1.0,0.0));
#785=DIRECTION('',(0.0,0.0,1.0));
#786=AXIS2_PLACEMENT_3D('',#783,#784,#785);
#787=CONICAL_SURFACE('',#786,2.979499999999999,44.999999999999979);
#788=ORIENTED_EDGE('',*,*,#660,.T.);
#789=EDGE_LOOP('',(#788));
#790=FACE_OUTER_BOUND('',#789,.T.);
#791=CARTESIAN_POINT('',(-37.0,19.699999999999996,-3.229500000000000));
#792=VERTEX_POINT('',#791);
#793=CARTESIAN_POINT('',(-37.0,19.699999999999996,-7.369966E-016));
#794=DIRECTION('',(0.0,1.0,0.0));
#795=DIRECTION('',(0.0,0.0,1.0));
#796=AXIS2_PLACEMENT_3D('',#793,#794,#795);
#797=CIRCLE('',#796,3.229500000000000);
#798=EDGE_CURVE('',#792,#792,#797,.T.);
#799=ORIENTED_EDGE('',*,*,#798,.T.);
#800=EDGE_LOOP('',(#799));
#801=FACE_BOUND('',#800,.T.);
#802=ADVANCED_FACE('',(#790,#801),#787,.F.);
#803=CARTESIAN_POINT('',(-37.0,19.699999999999996,-7.369966E-016));
#804=DIRECTION('',(0.0,1.0,0.0));
#805=DIRECTION('',(1.0,0.0,0.0));
#806=AXIS2_PLACEMENT_3D('',#803,#804,#805);
#807=PLANE('',#806);
#808=CARTESIAN_POINT('',(-37.0,19.699999999999996,5.499999999999999));
#809=VERTEX_POINT('',#808);
#810=CARTESIAN_POINT('',(-37.0,19.699999999999996,-7.369966E-016));
#811=DIRECTION('',(0.0,-1.0,0.0));
#812=DIRECTION('',(0.0,0.0,-1.0));
#813=AXIS2_PLACEMENT_3D('',#810,#811,#812);
#814=CIRCLE('',#813,5.500000000000000);
#815=EDGE_CURVE('',#809,#809,#814,.T.);
#816=ORIENTED_EDGE('',*,*,#815,.F.);
#817=EDGE_LOOP('',(#816));
#818=FACE_OUTER_BOUND('',#817,.T.);
#819=CARTESIAN_POINT('',(-32.500000000000000,19.699999999999996,0.750000000000000));
#820=VERTEX_POINT('',#819);
#821=CARTESIAN_POINT('',(-32.500000000000000,19.699999999999996,-1.859055E-016));
#822=DIRECTION('',(0.0,-1.0,0.0));
#823=DIRECTION('',(0.0,0.0,-1.0));
#824=AXIS2_PLACEMENT_3D('',#821,#822,#823);
#825=CIRCLE('',#824,0.750000000000000);
#826=EDGE_CURVE('',#820,#820,#825,.T.);
#827=ORIENTED_EDGE('',*,*,#826,.T.);
#828=EDGE_LOOP('',(#827));
#829=FACE_BOUND('',#828,.T.);
#830=CARTESIAN_POINT('',(-41.500000000000000,19.699999999999996,-0.750000000000001));
#831=VERTEX_POINT('',#830);
#832=CARTESIAN_POINT('',(-41.500000000000000,19.699999999999996,-7.369966E-016));
#833=DIRECTION('',(0.0,-1.0,0.0));
#834=DIRECTION('',(0.0,0.0,1.0));
#835=AXIS2_PLACEMENT_3D('',#832,#833,#834);
#836=CIRCLE('',#835,0.750000000000000);
#837=EDGE_CURVE('',#831,#831,#836,.T.);
#838=ORIENTED_EDGE('',*,*,#837,.T.);
#839=EDGE_LOOP('',(#838));
#840=FACE_BOUND('',#839,.T.);
#841=ORIENTED_EDGE('',*,*,#798,.F.);
#842=EDGE_LOOP('',(#841));
#843=FACE_BOUND('',#842,.T.);
#844=ADVANCED_FACE('',(#818,#829,#840,#843),#807,.T.);
#845=CARTESIAN_POINT('',(-37.0,19.449999999999999,-7.369966E-016));
#846=DIRECTION('',(4.542073E-017,-1.0,0.0));
#847=DIRECTION('',(0.0,0.0,-1.0));
#848=AXIS2_PLACEMENT_3D('',#845,#846,#847);
#849=CONICAL_SURFACE('',#848,5.750000000000001,45.000000000000028);
#850=CARTESIAN_POINT('',(-37.0,19.199999999999996,6.0));
#851=VERTEX_POINT('',#850);
#852=CARTESIAN_POINT('',(-37.0,19.199999999999996,-7.369966E-016));
#853=DIRECTION('',(0.0,1.0,0.0));
#854=DIRECTION('',(0.0,0.0,-1.0));
#855=AXIS2_PLACEMENT_3D('',#852,#853,#854);
#856=CIRCLE('',#855,6.000000000000001);
#857=EDGE_CURVE('',#851,#851,#856,.T.);
#858=ORIENTED_EDGE('',*,*,#857,.T.);
#859=EDGE_LOOP('',(#858));
#860=FACE_OUTER_BOUND('',#859,.T.);
#861=ORIENTED_EDGE('',*,*,#815,.T.);
#862=EDGE_LOOP('',(#861));
#863=FACE_BOUND('',#862,.T.);
#864=ADVANCED_FACE('',(#860,#863),#849,.T.);
#865=CARTESIAN_POINT('',(-37.0,19.699999999999996,-7.369966E-016));
#866=DIRECTION('',(4.542073E-017,-1.0,0.0));
#867=DIRECTION('',(0.0,0.0,-1.0));
#868=AXIS2_PLACEMENT_3D('',#865,#866,#867);
#869=CYLINDRICAL_SURFACE('',#868,6.000000000000001);
#870=CARTESIAN_POINT('',(-37.0,18.0,-6.000000000000002));
#871=VERTEX_POINT('',#870);
#872=CARTESIAN_POINT('',(-37.0,18.0,-7.369966E-016));
#873=DIRECTION('',(0.0,-1.0,0.0));
#874=DIRECTION('',(0.0,0.0,-1.0));
#875=AXIS2_PLACEMENT_3D('',#872,#873,#874);
#876=CIRCLE('',#875,6.000000000000001);
#877=EDGE_CURVE('',#871,#871,#876,.T.);
#878=ORIENTED_EDGE('',*,*,#877,.F.);
#879=EDGE_LOOP('',(#878));
#880=FACE_OUTER_BOUND('',#879,.T.);
#881=ORIENTED_EDGE('',*,*,#857,.F.);
#882=EDGE_LOOP('',(#881));
#883=FACE_BOUND('',#882,.T.);
#884=ADVANCED_FACE('',(#880,#883),#869,.T.);
#885=CARTESIAN_POINT('',(-32.500000000000000,19.699999999999996,-1.859055E-016));
#886=DIRECTION('',(4.542073E-017,-1.0,0.0));
#887=DIRECTION('',(0.0,0.0,-1.0));
#888=AXIS2_PLACEMENT_3D('',#885,#886,#887);
#889=CYLINDRICAL_SURFACE('',#888,0.750000000000000);
#890=CARTESIAN_POINT('',(-32.500000000000000,18.500000000000000,0.750000000000000));
#891=VERTEX_POINT('',#890);
#892=CARTESIAN_POINT('',(-32.500000000000000,18.500000000000000,-1.859055E-016));
#893=DIRECTION('',(0.0,1.0,0.0));
#894=DIRECTION('',(0.0,0.0,-1.0));
#895=AXIS2_PLACEMENT_3D('',#892,#893,#894);
#896=CIRCLE('',#895,0.750000000000000);
#897=EDGE_CURVE('',#891,#891,#896,.T.);
#898=ORIENTED_EDGE('',*,*,#897,.F.);
#899=EDGE_LOOP('',(#898));
#900=FACE_OUTER_BOUND('',#899,.T.);
#901=ORIENTED_EDGE('',*,*,#826,.F.);
#902=EDGE_LOOP('',(#901));
#903=FACE_BOUND('',#902,.T.);
#904=ADVANCED_FACE('',(#900,#903),#889,.F.);
#905=CARTESIAN_POINT('',(-32.500000000000000,18.500000000000000,-1.859055E-016));
#906=DIRECTION('',(0.0,-1.0,0.0));
#907=DIRECTION('',(1.0,0.0,0.0));
#908=AXIS2_PLACEMENT_3D('',#905,#906,#907);
#909=PLANE('',#908);
#910=ORIENTED_EDGE('',*,*,#897,.T.);
#911=EDGE_LOOP('',(#910));
#912=FACE_OUTER_BOUND('',#911,.T.);
#913=ADVANCED_FACE('',(#912),#909,.F.);
#914=CARTESIAN_POINT('',(-41.500000000000000,19.699999999999996,-7.369966E-016));
#915=DIRECTION('',(4.542073E-017,-1.0,0.0));
#916=DIRECTION('',(0.0,0.0,1.0));
#917=AXIS2_PLACEMENT_3D('',#914,#915,#916);
#918=CYLINDRICAL_SURFACE('',#917,0.750000000000000);
#919=CARTESIAN_POINT('',(-41.500000000000000,18.499999999999996,-0.750000000000001));
#920=VERTEX_POINT('',#919);
#921=CARTESIAN_POINT('',(-41.500000000000000,18.499999999999996,-7.369966E-016));
#922=DIRECTION('',(0.0,1.0,0.0));
#923=DIRECTION('',(0.0,0.0,1.0));
#924=AXIS2_PLACEMENT_3D('',#921,#922,#923);
#925=CIRCLE('',#924,0.750000000000000);
#926=EDGE_CURVE('',#920,#920,#925,.T.);
#927=ORIENTED_EDGE('',*,*,#926,.F.);
#928=EDGE_LOOP('',(#927));
#929=FACE_OUTER_BOUND('',#928,.T.);
#930=ORIENTED_EDGE('',*,*,#837,.F.);
#931=EDGE_LOOP('',(#930));
#932=FACE_BOUND('',#931,.T.);
#933=ADVANCED_FACE('',(#929,#932),#918,.F.);
#934=CARTESIAN_POINT('',(-41.500000000000000,18.499999999999996,-7.369966E-016));
#935=DIRECTION('',(0.0,-1.0,0.0));
#936=DIRECTION('',(-1.0,0.0,0.0));
#937=AXIS2_PLACEMENT_3D('',#934,#935,#936);
#938=PLANE('',#937);
#939=ORIENTED_EDGE('',*,*,#926,.T.);
#940=EDGE_LOOP('',(#939));
#941=FACE_OUTER_BOUND('',#940,.T.);
#942=ADVANCED_FACE('',(#941),#938,.F.);
#943=CARTESIAN_POINT('',(7.163976E-015,8.750000000000002,37.0));
#944=DIRECTION('',(1.857089E-016,1.0,0.0));
#945=DIRECTION('',(0.0,0.0,-1.0));
#946=AXIS2_PLACEMENT_3D('',#943,#944,#945);
#947=CONICAL_SURFACE('',#946,4.500000000000001,44.999999999999979);
#948=CARTESIAN_POINT('',(7.638007E-015,8.500000000000000,41.250000000000000));
#949=VERTEX_POINT('',#948);
#950=CARTESIAN_POINT('',(7.117549E-015,8.500000000000000,37.0));
#951=DIRECTION('',(0.0,1.0,0.0));
#952=DIRECTION('',(0.0,0.0,-1.0));
#953=AXIS2_PLACEMENT_3D('',#950,#951,#952);
#954=CIRCLE('',#953,4.250000000000000);
#955=EDGE_CURVE('',#949,#949,#954,.T.);
#956=ORIENTED_EDGE('',*,*,#955,.T.);
#957=EDGE_LOOP('',(#956));
#958=FACE_OUTER_BOUND('',#957,.T.);
#959=CARTESIAN_POINT('',(-4.458499999999991,8.708499999999999,37.0));
#960=VERTEX_POINT('',#959);
#961=CARTESIAN_POINT('',(8.881784E-015,8.708499999999999,37.0));
#962=DIRECTION('',(0.0,1.0,0.0));
#963=DIRECTION('',(1.0,0.0,0.0));
#964=AXIS2_PLACEMENT_3D('',#961,#962,#963);
#965=CIRCLE('',#964,4.458500000000000);
#966=EDGE_CURVE('',#960,#960,#965,.T.);
#967=ORIENTED_EDGE('',*,*,#966,.F.);
#968=EDGE_LOOP('',(#967));
#969=FACE_BOUND('',#968,.T.);
#970=ADVANCED_FACE('',(#958,#969),#947,.T.);
#971=CARTESIAN_POINT('',(7.117549E-015,8.500000000000000,37.0));
#972=DIRECTION('',(0.0,1.0,0.0));
#973=DIRECTION('',(-1.0,0.0,0.0));
#974=AXIS2_PLACEMENT_3D('',#971,#972,#973);
#975=PLANE('',#974);
#976=ORIENTED_EDGE('',*,*,#955,.F.);
#977=EDGE_LOOP('',(#976));
#978=FACE_OUTER_BOUND('',#977,.T.);
#979=ORIENTED_EDGE('',*,*,#370,.T.);
#980=EDGE_LOOP('',(#979));
#981=FACE_BOUND('',#980,.T.);
#982=ADVANCED_FACE('',(#978,#981),#975,.F.);
#983=CARTESIAN_POINT('',(9.151062E-015,19.449999999999999,37.0));
#984=DIRECTION('',(1.857089E-016,1.0,0.0));
#985=DIRECTION('',(0.0,0.0,-1.0));
#986=AXIS2_PLACEMENT_3D('',#983,#984,#985);
#987=CONICAL_SURFACE('',#986,2.979499999999999,44.999999999999979);
#988=ORIENTED_EDGE('',*,*,#342,.T.);
#989=EDGE_LOOP('',(#988));
#990=FACE_OUTER_BOUND('',#989,.T.);
#991=CARTESIAN_POINT('',(9.592976E-015,19.699999999999999,40.229500000000002));
#992=VERTEX_POINT('',#991);
#993=CARTESIAN_POINT('',(9.197489E-015,19.699999999999999,37.0));
#994=DIRECTION('',(0.0,1.0,0.0));
#995=DIRECTION('',(0.0,0.0,-1.0));
#996=AXIS2_PLACEMENT_3D('',#993,#994,#995);
#997=CIRCLE('',#996,3.229500000000000);
#998=EDGE_CURVE('',#992,#992,#997,.T.);
#999=ORIENTED_EDGE('',*,*,#998,.T.);
#1000=EDGE_LOOP('',(#999));
#1001=FACE_BOUND('',#1000,.T.);
#1002=ADVANCED_FACE('',(#990,#1001),#987,.F.);
#1003=CARTESIAN_POINT('',(9.197489E-015,19.699999999999999,37.0));
#1004=DIRECTION('',(0.0,1.0,0.0));
#1005=DIRECTION('',(-1.0,0.0,0.0));
#1006=AXIS2_PLACEMENT_3D('',#1003,#1004,#1005);
#1007=PLANE('',#1006);
#1008=CARTESIAN_POINT('',(9.871023E-015,19.699999999999999,31.499999999999993));
#1009=VERTEX_POINT('',#1008);
#1010=CARTESIAN_POINT('',(9.197489E-015,19.699999999999999,37.0));
#1011=DIRECTION('',(0.0,-1.0,0.0));
#1012=DIRECTION('',(0.0,0.0,1.0));
#1013=AXIS2_PLACEMENT_3D('',#1010,#1011,#1012);
#1014=CIRCLE('',#1013,5.500000000000000);
#1015=EDGE_CURVE('',#1009,#1009,#1014,.T.);
#1016=ORIENTED_EDGE('',*,*,#1015,.F.);
#1017=EDGE_LOOP('',(#1016));
#1018=FACE_OUTER_BOUND('',#1017,.T.);
#1019=CARTESIAN_POINT('',(-4.499999999999991,19.699999999999999,36.249999999999993));
#1020=VERTEX_POINT('',#1019);
#1021=CARTESIAN_POINT('',(-4.499999999999991,19.699999999999999,37.0));
#1022=DIRECTION('',(0.0,-1.0,0.0));
#1023=DIRECTION('',(0.0,0.0,1.0));
#1024=AXIS2_PLACEMENT_3D('',#1021,#1022,#1023);
#1025=CIRCLE('',#1024,0.750000000000000);
#1026=EDGE_CURVE('',#1020,#1020,#1025,.T.);
#1027=ORIENTED_EDGE('',*,*,#1026,.T.);
#1028=EDGE_LOOP('',(#1027));
#1029=FACE_BOUND('',#1028,.T.);
#1030=CARTESIAN_POINT('',(4.500000000000010,19.699999999999999,37.750000000000000));
#1031=VERTEX_POINT('',#1030);
#1032=CARTESIAN_POINT('',(4.500000000000010,19.699999999999999,37.0));
#1033=DIRECTION('',(0.0,-1.0,0.0));
#1034=DIRECTION('',(0.0,0.0,-1.0));
#1035=AXIS2_PLACEMENT_3D('',#1032,#1033,#1034);
#1036=CIRCLE('',#1035,0.750000000000000);
#1037=EDGE_CURVE('',#1031,#1031,#1036,.T.);
#1038=ORIENTED_EDGE('',*,*,#1037,.T.);
#1039=EDGE_LOOP('',(#1038));
#1040=FACE_BOUND('',#1039,.T.);
#1041=ORIENTED_EDGE('',*,*,#998,.F.);
#1042=EDGE_LOOP('',(#1041));
#1043=FACE_BOUND('',#1042,.T.);
#1044=ADVANCED_FACE('',(#1018,#1029,#1040,#1043),#1007,.T.);
#1045=CARTESIAN_POINT('',(9.151062E-015,19.449999999999999,37.0));
#1046=DIRECTION('',(-1.857089E-016,-1.0,0.0));
#1047=DIRECTION('',(0.0,0.0,1.0));
#1048=AXIS2_PLACEMENT_3D('',#1045,#1046,#1047);
#1049=CONICAL_SURFACE('',#1048,5.750000000000001,45.000000000000028);
#1050=CARTESIAN_POINT('',(8.369871E-015,19.199999999999999,30.999999999999996));
#1051=VERTEX_POINT('',#1050);
#1052=CARTESIAN_POINT('',(9.104635E-015,19.199999999999999,37.0));
#1053=DIRECTION('',(0.0,1.0,0.0));
#1054=DIRECTION('',(0.0,0.0,1.0));
#1055=AXIS2_PLACEMENT_3D('',#1052,#1053,#1054);
#1056=CIRCLE('',#1055,6.000000000000001);
#1057=EDGE_CURVE('',#1051,#1051,#1056,.T.);
#1058=ORIENTED_EDGE('',*,*,#1057,.T.);
#1059=EDGE_LOOP('',(#1058));
#1060=FACE_OUTER_BOUND('',#1059,.T.);
#1061=ORIENTED_EDGE('',*,*,#1015,.T.);
#1062=EDGE_LOOP('',(#1061));
#1063=FACE_BOUND('',#1062,.T.);
#1064=ADVANCED_FACE('',(#1060,#1063),#1049,.T.);
#1065=CARTESIAN_POINT('',(9.197489E-015,19.699999999999999,37.0));
#1066=DIRECTION('',(-1.857089E-016,-1.0,0.0));
#1067=DIRECTION('',(0.0,0.0,1.0));
#1068=AXIS2_PLACEMENT_3D('',#1065,#1066,#1067);
#1069=CYLINDRICAL_SURFACE('',#1068,6.000000000000001);
#1070=CARTESIAN_POINT('',(8.146996E-015,18.0,43.0));
#1071=VERTEX_POINT('',#1070);
#1072=CARTESIAN_POINT('',(8.881784E-015,18.0,37.0));
#1073=DIRECTION('',(0.0,-1.0,0.0));
#1074=DIRECTION('',(0.0,0.0,1.0));
#1075=AXIS2_PLACEMENT_3D('',#1072,#1073,#1074);
#1076=CIRCLE('',#1075,6.000000000000001);
#1077=EDGE_CURVE('',#1071,#1071,#1076,.T.);
#1078=ORIENTED_EDGE('',*,*,#1077,.F.);
#1079=EDGE_LOOP('',(#1078));
#1080=FACE_OUTER_BOUND('',#1079,.T.);
#1081=ORIENTED_EDGE('',*,*,#1057,.F.);
#1082=EDGE_LOOP('',(#1081));
#1083=FACE_BOUND('',#1082,.T.);
#1084=ADVANCED_FACE('',(#1080,#1083),#1069,.T.);
#1085=CARTESIAN_POINT('',(-4.499999999999991,19.699999999999999,37.0));
#1086=DIRECTION('',(-1.857089E-016,-1.0,0.0));
#1087=DIRECTION('',(0.0,0.0,1.0));
#1088=AXIS2_PLACEMENT_3D('',#1085,#1086,#1087);
#1089=CYLINDRICAL_SURFACE('',#1088,0.750000000000000);
#1090=CARTESIAN_POINT('',(-4.499999999999991,18.500000000000000,36.249999999999993));
#1091=VERTEX_POINT('',#1090);
#1092=CARTESIAN_POINT('',(-4.499999999999991,18.500000000000000,37.0));
#1093=DIRECTION('',(0.0,1.0,0.0));
#1094=DIRECTION('',(0.0,0.0,1.0));
#1095=AXIS2_PLACEMENT_3D('',#1092,#1093,#1094);
#1096=CIRCLE('',#1095,0.750000000000000);
#1097=EDGE_CURVE('',#1091,#1091,#1096,.T.);
#1098=ORIENTED_EDGE('',*,*,#1097,.F.);
#1099=EDGE_LOOP('',(#1098));
#1100=FACE_OUTER_BOUND('',#1099,.T.);
#1101=ORIENTED_EDGE('',*,*,#1026,.F.);
#1102=EDGE_LOOP('',(#1101));
#1103=FACE_BOUND('',#1102,.T.);
#1104=ADVANCED_FACE('',(#1100,#1103),#1089,.F.);
#1105=CARTESIAN_POINT('',(-4.499999999999991,18.500000000000000,37.0));
#1106=DIRECTION('',(0.0,-1.0,0.0));
#1107=DIRECTION('',(-1.0,0.0,0.0));
#1108=AXIS2_PLACEMENT_3D('',#1105,#1106,#1107);
#1109=PLANE('',#1108);
#1110=ORIENTED_EDGE('',*,*,#1097,.T.);
#1111=EDGE_LOOP('',(#1110));
#1112=FACE_OUTER_BOUND('',#1111,.T.);
#1113=ADVANCED_FACE('',(#1112),#1109,.F.);
#1114=CARTESIAN_POINT('',(4.500000000000010,19.699999999999999,37.0));
#1115=DIRECTION('',(-1.857089E-016,-1.0,0.0));
#1116=DIRECTION('',(0.0,0.0,-1.0));
#1117=AXIS2_PLACEMENT_3D('',#1114,#1115,#1116);
#1118=CYLINDRICAL_SURFACE('',#1117,0.750000000000000);
#1119=CARTESIAN_POINT('',(4.500000000000010,18.500000000000000,37.750000000000000));
#1120=VERTEX_POINT('',#1119);
#1121=CARTESIAN_POINT('',(4.500000000000010,18.500000000000000,37.0));
#1122=DIRECTION('',(0.0,1.0,0.0));
#1123=DIRECTION('',(0.0,0.0,-1.0));
#1124=AXIS2_PLACEMENT_3D('',#1121,#1122,#1123);
#1125=CIRCLE('',#1124,0.750000000000000);
#1126=EDGE_CURVE('',#1120,#1120,#1125,.T.);
#1127=ORIENTED_EDGE('',*,*,#1126,.F.);
#1128=EDGE_LOOP('',(#1127));
#1129=FACE_OUTER_BOUND('',#1128,.T.);
#1130=ORIENTED_EDGE('',*,*,#1037,.F.);
#1131=EDGE_LOOP('',(#1130));
#1132=FACE_BOUND('',#1131,.T.);
#1133=ADVANCED_FACE('',(#1129,#1132),#1118,.F.);
#1134=CARTESIAN_POINT('',(4.500000000000010,18.500000000000000,37.0));
#1135=DIRECTION('',(0.0,-1.0,0.0));
#1136=DIRECTION('',(1.0,0.0,0.0));
#1137=AXIS2_PLACEMENT_3D('',#1134,#1135,#1136);
#1138=PLANE('',#1137);
#1139=ORIENTED_EDGE('',*,*,#1126,.T.);
#1140=EDGE_LOOP('',(#1139));
#1141=FACE_OUTER_BOUND('',#1140,.T.);
#1142=ADVANCED_FACE('',(#1141),#1138,.F.);
#1143=CARTESIAN_POINT('',(-14.250000000000005,9.500000000000000,-3.750000000000000));
#1144=CARTESIAN_POINT('',(-6.750000000000005,9.500000000000000,-3.750000000000000));
#1145=CARTESIAN_POINT('',(-14.250000000000005,9.500000000000000,3.750000000000000));
#1146=CARTESIAN_POINT('',(-6.750000000000005,9.500000000000000,3.750000000000000));
#1147=B_SPLINE_SURFACE_WITH_KNOTS('',1,1,((#1143,#1145),(#1144,#1146)),.UNSPECIFIED.,.F.,.F.,.U.,(2,2),(2,2),(0.0,7.500000000000000),(0.0,7.500000000000000),.UNSPECIFIED.);
#1148=CARTESIAN_POINT('',(-6.750000000000005,9.500000000000000,0.0));
#1149=VERTEX_POINT('',#1148);
#1150=CARTESIAN_POINT('',(-10.500000000000005,9.500000000000000,0.0));
#1151=DIRECTION('',(0.0,1.0,0.0));
#1152=DIRECTION('',(1.0,0.0,0.0));
#1153=AXIS2_PLACEMENT_3D('',#1150,#1151,#1152);
#1154=CIRCLE('',#1153,3.750000000000000);
#1155=EDGE_CURVE('',#1149,#1149,#1154,.T.);
#1156=ORIENTED_EDGE('',*,*,#1155,.T.);
#1157=EDGE_LOOP('',(#1156));
#1158=FACE_OUTER_BOUND('',#1157,.T.);
#1159=CARTESIAN_POINT('',(-12.750000000000005,9.499999999999995,2.755364E-016));
#1160=VERTEX_POINT('',#1159);
#1161=CARTESIAN_POINT('',(-10.500000000000005,9.499999999999995,0.0));
#1162=DIRECTION('',(0.0,1.0,0.0));
#1163=DIRECTION('',(1.0,0.0,0.0));
#1164=AXIS2_PLACEMENT_3D('',#1161,#1162,#1163);
#1165=CIRCLE('',#1164,2.250000000000000);
#1166=EDGE_CURVE('',#1160,#1160,#1165,.T.);
#1167=ORIENTED_EDGE('',*,*,#1166,.F.);
#1168=EDGE_LOOP('',(#1167));
#1169=FACE_BOUND('',#1168,.T.);
#1170=ADVANCED_FACE('',(#1158,#1169),#1147,.F.);
#1171=CARTESIAN_POINT('',(-14.250000000000005,18.0,4.592274E-016));
#1172=CARTESIAN_POINT('',(-14.250000000000005,9.500000000000000,4.592274E-016));
#1173=CARTESIAN_POINT('',(-14.250000000000004,18.0,3.749999999999999));
#1174=CARTESIAN_POINT('',(-14.250000000000004,9.500000000000000,3.749999999999999));
#1175=CARTESIAN_POINT('',(-10.500000000000005,18.0,3.750000000000000));
#1176=CARTESIAN_POINT('',(-10.500000000000005,9.500000000000000,3.750000000000000));
#1177=CARTESIAN_POINT('',(-6.750000000000006,18.0,3.749999999999999));
#1178=CARTESIAN_POINT('',(-6.750000000000006,9.500000000000000,3.749999999999999));
#1179=CARTESIAN_POINT('',(-6.750000000000005,18.0,-4.592274E-016));
#1180=CARTESIAN_POINT('',(-6.750000000000005,9.500000000000000,-4.592274E-016));
#1181=CARTESIAN_POINT('',(-6.750000000000006,18.0,-3.749999999999999));
#1182=CARTESIAN_POINT('',(-6.750000000000006,9.500000000000000,-3.749999999999999));
#1183=CARTESIAN_POINT('',(-10.500000000000005,18.0,-3.750000000000000));
#1184=CARTESIAN_POINT('',(-10.500000000000005,9.500000000000000,-3.750000000000000));
#1185=CARTESIAN_POINT('',(-14.250000000000004,18.0,-3.749999999999999));
#1186=CARTESIAN_POINT('',(-14.250000000000004,9.500000000000000,-3.749999999999999));
#1187=CARTESIAN_POINT('',(-14.250000000000005,18.0,4.592274E-016));
#1188=CARTESIAN_POINT('',(-14.250000000000005,9.500000000000000,4.592274E-016));
#1196=(BOUNDED_SURFACE()B_SPLINE_SURFACE(1,2,((#1171,#1173,#1175,#1177,#1179,#1181,#1183,#1185,#1187),(#1172,#1174,#1176,#1178,#1180,#1182,#1184,#1186,#1188)),.UNSPECIFIED.,.F.,.T.,.U.)B_SPLINE_SURFACE_WITH_KNOTS((2,2),(3,2,2,2,3),(-1.133333333333333,1.133333333333333),(0.0,5.890486225480862,11.780972450961723,17.671458676442587,23.561944901923447),.UNSPECIFIED.)GEOMETRIC_REPRESENTATION_ITEM()RATIONAL_B_SPLINE_SURFACE(((1.0,0.707106781186548,1.0,0.707106781186548,1.0,0.707106781186548,1.0,0.707106781186548,1.0),(1.0,0.707106781186548,1.0,0.707106781186548,1.0,0.707106781186548,1.0,0.707106781186548,1.0)))REPRESENTATION_ITEM('')SURFACE());
#1197=CARTESIAN_POINT('',(-6.750000000000005,18.0,0.0));
#1198=VERTEX_POINT('',#1197);
#1199=CARTESIAN_POINT('',(-10.500000000000005,18.0,0.0));
#1200=DIRECTION('',(0.0,-1.0,0.0));
#1201=DIRECTION('',(1.0,0.0,0.0));
#1202=AXIS2_PLACEMENT_3D('',#1199,#1200,#1201);
#1203=CIRCLE('',#1202,3.750000000000000);
#1204=EDGE_CURVE('',#1198,#1198,#1203,.T.);
#1205=ORIENTED_EDGE('',*,*,#1204,.F.);
#1206=EDGE_LOOP('',(#1205));
#1207=FACE_OUTER_BOUND('',#1206,.T.);
#1208=ORIENTED_EDGE('',*,*,#1155,.F.);
#1209=EDGE_LOOP('',(#1208));
#1210=FACE_BOUND('',#1209,.T.);
#1211=ADVANCED_FACE('',(#1207,#1210),#1196,.F.);
#1212=CARTESIAN_POINT('',(-12.750000000000005,9.499999999999993,2.755364E-016));
#1213=CARTESIAN_POINT('',(-12.750000000000005,7.999999999999993,2.755364E-016));
#1214=CARTESIAN_POINT('',(-12.750000000000004,9.499999999999993,2.250000000000000));
#1215=CARTESIAN_POINT('',(-12.750000000000004,7.999999999999993,2.250000000000000));
#1216=CARTESIAN_POINT('',(-10.500000000000005,9.499999999999993,2.250000000000000));
#1217=CARTESIAN_POINT('',(-10.500000000000005,7.999999999999993,2.250000000000000));
#1218=CARTESIAN_POINT('',(-8.250000000000005,9.499999999999993,2.249999999999999));
#1219=CARTESIAN_POINT('',(-8.250000000000005,7.999999999999993,2.249999999999999));
#1220=CARTESIAN_POINT('',(-8.250000000000005,9.499999999999993,-2.755364E-016));
#1221=CARTESIAN_POINT('',(-8.250000000000005,7.999999999999993,-2.755364E-016));
#1222=CARTESIAN_POINT('',(-8.250000000000005,9.499999999999993,-2.250000000000000));
#1223=CARTESIAN_POINT('',(-8.250000000000005,7.999999999999993,-2.250000000000000));
#1224=CARTESIAN_POINT('',(-10.500000000000005,9.499999999999993,-2.250000000000000));
#1225=CARTESIAN_POINT('',(-10.500000000000005,7.999999999999993,-2.250000000000000));
#1226=CARTESIAN_POINT('',(-12.750000000000004,9.499999999999993,-2.249999999999999));
#1227=CARTESIAN_POINT('',(-12.750000000000004,7.999999999999993,-2.249999999999999));
#1228=CARTESIAN_POINT('',(-12.750000000000005,9.499999999999993,2.755364E-016));
#1229=CARTESIAN_POINT('',(-12.750000000000005,7.999999999999993,2.755364E-016));
#1237=(BOUNDED_SURFACE()B_SPLINE_SURFACE(1,2,((#1212,#1214,#1216,#1218,#1220,#1222,#1224,#1226,#1228),(#1213,#1215,#1217,#1219,#1221,#1223,#1225,#1227,#1229)),.UNSPECIFIED.,.F.,.T.,.U.)B_SPLINE_SURFACE_WITH_KNOTS((2,2),(3,2,2,2,3),(-27.961904126857114,-27.295237460190449),(0.0,3.534291735288517,7.068583470577035,10.602875205865551,14.137166941154069),.UNSPECIFIED.)GEOMETRIC_REPRESENTATION_ITEM()RATIONAL_B_SPLINE_SURFACE(((1.0,0.707106781186548,1.0,0.707106781186548,1.0,0.707106781186548,1.0,0.707106781186548,1.0),(1.0,0.707106781186548,1.0,0.707106781186548,1.0,0.707106781186548,1.0,0.707106781186548,1.0)))REPRESENTATION_ITEM('')SURFACE());
#1238=CARTESIAN_POINT('',(-12.750000000000005,7.999999999999998,2.755364E-016));
#1239=VERTEX_POINT('',#1238);
#1240=CARTESIAN_POINT('',(-10.500000000000005,7.999999999999998,0.0));
#1241=DIRECTION('',(0.0,1.0,0.0));
#1242=DIRECTION('',(1.0,0.0,0.0));
#1243=AXIS2_PLACEMENT_3D('',#1240,#1241,#1242);
#1244=CIRCLE('',#1243,2.250000000000000);
#1245=EDGE_CURVE('',#1239,#1239,#1244,.T.);
#1246=ORIENTED_EDGE('',*,*,#1245,.F.);
#1247=EDGE_LOOP('',(#1246));
#1248=FACE_OUTER_BOUND('',#1247,.T.);
#1249=ORIENTED_EDGE('',*,*,#1166,.T.);
#1250=EDGE_LOOP('',(#1249));
#1251=FACE_BOUND('',#1250,.T.);
#1252=ADVANCED_FACE('',(#1248,#1251),#1237,.F.);
#1253=CARTESIAN_POINT('',(-3.750000000000000,9.500000000000000,6.750000000000003));
#1254=CARTESIAN_POINT('',(3.750000000000000,9.500000000000000,6.750000000000003));
#1255=CARTESIAN_POINT('',(-3.750000000000000,9.500000000000000,14.250000000000004));
#1256=CARTESIAN_POINT('',(3.750000000000000,9.500000000000000,14.250000000000004));
#1257=B_SPLINE_SURFACE_WITH_KNOTS('',1,1,((#1253,#1255),(#1254,#1256)),.UNSPECIFIED.,.F.,.F.,.U.,(2,2),(2,2),(0.0,7.500000000000000),(0.0,7.500000000000001),.UNSPECIFIED.);
#1258=CARTESIAN_POINT('',(3.750000000000000,9.500000000000000,10.500000000000004));
#1259=VERTEX_POINT('',#1258);
#1260=CARTESIAN_POINT('',(5.551115E-016,9.500000000000000,10.500000000000004));
#1261=DIRECTION('',(0.0,1.0,0.0));
#1262=DIRECTION('',(1.0,0.0,0.0));
#1263=AXIS2_PLACEMENT_3D('',#1260,#1261,#1262);
#1264=CIRCLE('',#1263,3.750000000000000);
#1265=EDGE_CURVE('',#1259,#1259,#1264,.T.);
#1266=ORIENTED_EDGE('',*,*,#1265,.T.);
#1267=EDGE_LOOP('',(#1266));
#1268=FACE_OUTER_BOUND('',#1267,.T.);
#1269=CARTESIAN_POINT('',(-2.250000000000000,9.499999999999995,10.500000000000004));
#1270=VERTEX_POINT('',#1269);
#1271=CARTESIAN_POINT('',(5.551115E-016,9.499999999999995,10.500000000000004));
#1272=DIRECTION('',(0.0,1.0,0.0));
#1273=DIRECTION('',(1.0,0.0,0.0));
#1274=AXIS2_PLACEMENT_3D('',#1271,#1272,#1273);
#1275=CIRCLE('',#1274,2.250000000000000);
#1276=EDGE_CURVE('',#1270,#1270,#1275,.T.);
#1277=ORIENTED_EDGE('',*,*,#1276,.F.);
#1278=EDGE_LOOP('',(#1277));
#1279=FACE_BOUND('',#1278,.T.);
#1280=ADVANCED_FACE('',(#1268,#1279),#1257,.F.);
#1281=CARTESIAN_POINT('',(-3.750000000000000,18.0,10.500000000000004));
#1282=CARTESIAN_POINT('',(-3.750000000000000,9.500000000000000,10.500000000000004));
#1283=CARTESIAN_POINT('',(-3.749999999999999,18.0,14.250000000000004));
#1284=CARTESIAN_POINT('',(-3.749999999999999,9.500000000000000,14.250000000000004));
#1285=CARTESIAN_POINT('',(5.551115E-016,18.0,14.250000000000004));
#1286=CARTESIAN_POINT('',(5.551115E-016,9.500000000000000,14.250000000000004));
#1287=CARTESIAN_POINT('',(3.749999999999999,18.0,14.250000000000004));
#1288=CARTESIAN_POINT('',(3.749999999999999,9.500000000000000,14.250000000000004));
#1289=CARTESIAN_POINT('',(3.750000000000000,18.0,10.500000000000004));
#1290=CARTESIAN_POINT('',(3.750000000000000,9.500000000000000,10.500000000000004));
#1291=CARTESIAN_POINT('',(3.749999999999999,18.0,6.750000000000005));
#1292=CARTESIAN_POINT('',(3.749999999999999,9.500000000000000,6.750000000000005));
#1293=CARTESIAN_POINT('',(5.551115E-016,18.0,6.750000000000004));
#1294=CARTESIAN_POINT('',(5.551115E-016,9.500000000000000,6.750000000000004));
#1295=CARTESIAN_POINT('',(-3.749999999999999,18.0,6.750000000000005));
#1296=CARTESIAN_POINT('',(-3.749999999999999,9.500000000000000,6.750000000000005));
#1297=CARTESIAN_POINT('',(-3.750000000000000,18.0,10.500000000000004));
#1298=CARTESIAN_POINT('',(-3.750000000000000,9.500000000000000,10.500000000000004));
#1306=(BOUNDED_SURFACE()B_SPLINE_SURFACE(1,2,((#1281,#1283,#1285,#1287,#1289,#1291,#1293,#1295,#1297),(#1282,#1284,#1286,#1288,#1290,#1292,#1294,#1296,#1298)),.UNSPECIFIED.,.F.,.T.,.U.)B_SPLINE_SURFACE_WITH_KNOTS((2,2),(3,2,2,2,3),(-1.133333333333333,1.133333333333333),(0.0,5.890486225480862,11.780972450961723,17.671458676442587,23.561944901923447),.UNSPECIFIED.)GEOMETRIC_REPRESENTATION_ITEM()RATIONAL_B_SPLINE_SURFACE(((1.0,0.707106781186548,1.0,0.707106781186548,1.0,0.707106781186548,1.0,0.707106781186548,1.0),(1.0,0.707106781186548,1.0,0.707106781186548,1.0,0.707106781186548,1.0,0.707106781186548,1.0)))REPRESENTATION_ITEM('')SURFACE());
#1307=CARTESIAN_POINT('',(3.750000000000000,18.0,10.500000000000004));
#1308=VERTEX_POINT('',#1307);
#1309=CARTESIAN_POINT('',(5.551115E-016,18.0,10.500000000000004));
#1310=DIRECTION('',(0.0,-1.0,0.0));
#1311=DIRECTION('',(1.0,0.0,0.0));
#1312=AXIS2_PLACEMENT_3D('',#1309,#1310,#1311);
#1313=CIRCLE('',#1312,3.750000000000000);
#1314=EDGE_CURVE('',#1308,#1308,#1313,.T.);
#1315=ORIENTED_EDGE('',*,*,#1314,.F.);
#1316=EDGE_LOOP('',(#1315));
#1317=FACE_OUTER_BOUND('',#1316,.T.);
#1318=ORIENTED_EDGE('',*,*,#1265,.F.);
#1319=EDGE_LOOP('',(#1318));
#1320=FACE_BOUND('',#1319,.T.);
#1321=ADVANCED_FACE('',(#1317,#1320),#1306,.F.);
#1322=CARTESIAN_POINT('',(-2.250000000000000,9.499999999999993,10.500000000000004));
#1323=CARTESIAN_POINT('',(-2.250000000000000,7.999999999999993,10.500000000000004));
#1324=CARTESIAN_POINT('',(-2.249999999999999,9.499999999999993,12.750000000000004));
#1325=CARTESIAN_POINT('',(-2.249999999999999,7.999999999999993,12.750000000000004));
#1326=CARTESIAN_POINT('',(5.551115E-016,9.499999999999993,12.750000000000004));
#1327=CARTESIAN_POINT('',(5.551115E-016,7.999999999999993,12.750000000000004));
#1328=CARTESIAN_POINT('',(2.250000000000000,9.499999999999993,12.750000000000004));
#1329=CARTESIAN_POINT('',(2.250000000000000,7.999999999999993,12.750000000000004));
#1330=CARTESIAN_POINT('',(2.250000000000000,9.499999999999993,10.500000000000004));
#1331=CARTESIAN_POINT('',(2.250000000000000,7.999999999999993,10.500000000000004));
#1332=CARTESIAN_POINT('',(2.250000000000000,9.499999999999993,8.250000000000004));
#1333=CARTESIAN_POINT('',(2.250000000000000,7.999999999999993,8.250000000000004));
#1334=CARTESIAN_POINT('',(5.551115E-016,9.499999999999993,8.250000000000004));
#1335=CARTESIAN_POINT('',(5.551115E-016,7.999999999999993,8.250000000000004));
#1336=CARTESIAN_POINT('',(-2.249999999999999,9.499999999999993,8.250000000000004));
#1337=CARTESIAN_POINT('',(-2.249999999999999,7.999999999999993,8.250000000000004));
#1338=CARTESIAN_POINT('',(-2.250000000000000,9.499999999999993,10.500000000000004));
#1339=CARTESIAN_POINT('',(-2.250000000000000,7.999999999999993,10.500000000000004));
#1347=(BOUNDED_SURFACE()B_SPLINE_SURFACE(1,2,((#1322,#1324,#1326,#1328,#1330,#1332,#1334,#1336,#1338),(#1323,#1325,#1327,#1329,#1331,#1333,#1335,#1337,#1339)),.UNSPECIFIED.,.F.,.T.,.U.)B_SPLINE_SURFACE_WITH_KNOTS((2,2),(3,2,2,2,3),(-27.961904126857114,-27.295237460190449),(0.0,3.534291735288517,7.068583470577035,10.602875205865551,14.137166941154069),.UNSPECIFIED.)GEOMETRIC_REPRESENTATION_ITEM()RATIONAL_B_SPLINE_SURFACE(((1.0,0.707106781186548,1.0,0.707106781186548,1.0,0.707106781186548,1.0,0.707106781186548,1.0),(1.0,0.707106781186548,1.0,0.707106781186548,1.0,0.707106781186548,1.0,0.707106781186548,1.0)))REPRESENTATION_ITEM('')SURFACE());
#1348=CARTESIAN_POINT('',(-2.250000000000000,7.999999999999998,10.500000000000004));
#1349=VERTEX_POINT('',#1348);
#1350=CARTESIAN_POINT('',(5.551115E-016,7.999999999999998,10.500000000000004));
#1351=DIRECTION('',(0.0,1.0,0.0));
#1352=DIRECTION('',(1.0,0.0,0.0));
#1353=AXIS2_PLACEMENT_3D('',#1350,#1351,#1352);
#1354=CIRCLE('',#1353,2.250000000000000);
#1355=EDGE_CURVE('',#1349,#1349,#1354,.T.);
#1356=ORIENTED_EDGE('',*,*,#1355,.F.);
#1357=EDGE_LOOP('',(#1356));
#1358=FACE_OUTER_BOUND('',#1357,.T.);
#1359=ORIENTED_EDGE('',*,*,#1276,.T.);
#1360=EDGE_LOOP('',(#1359));
#1361=FACE_BOUND('',#1360,.T.);
#1362=ADVANCED_FACE('',(#1358,#1361),#1347,.F.);
#1363=CARTESIAN_POINT('',(-3.499999999999990,0.0,28.449874371066180));
#1364=DIRECTION('',(0.0,1.0,0.0));
#1365=DIRECTION('',(-0.957427107756338,0.0,-0.288675134594813));
#1366=AXIS2_PLACEMENT_3D('',#1363,#1364,#1365);
#1367=CYLINDRICAL_SURFACE('',#1366,3.000000000000000);
#1368=CARTESIAN_POINT('',(-6.499999999999990,18.0,28.449874371066180));
#1369=VERTEX_POINT('',#1368);
#1370=CARTESIAN_POINT('',(-5.999999999999989,18.0,26.791561975888484));
#1371=VERTEX_POINT('',#1370);
#1372=CARTESIAN_POINT('',(-3.499999999999990,18.0,28.449874371066180));
#1373=DIRECTION('',(0.0,-1.0,0.0));
#1374=DIRECTION('',(-0.957427107756338,0.0,-0.288675134594813));
#1375=AXIS2_PLACEMENT_3D('',#1372,#1373,#1374);
#1376=CIRCLE('',#1375,3.000000000000000);
#1377=EDGE_CURVE('',#1369,#1371,#1376,.T.);
#1378=ORIENTED_EDGE('',*,*,#1377,.T.);
#1379=CARTESIAN_POINT('',(-5.999999999999989,8.0,26.791561975888484));
#1380=VERTEX_POINT('',#1379);
#1381=CARTESIAN_POINT('',(-5.999999999999989,18.0,26.791561975888484));
#1382=DIRECTION('',(0.0,-1.0,0.0));
#1383=VECTOR('',#1382,10.0);
#1384=LINE('',#1381,#1383);
#1385=EDGE_CURVE('',#1371,#1380,#1384,.T.);
#1386=ORIENTED_EDGE('',*,*,#1385,.T.);
#1387=CARTESIAN_POINT('',(-6.499999999999991,8.0,28.449874371066180));
#1388=VERTEX_POINT('',#1387);
#1389=CARTESIAN_POINT('',(-3.499999999999990,8.0,28.449874371066180));
#1390=DIRECTION('',(0.0,1.0,0.0));
#1391=DIRECTION('',(-0.957427107756338,0.0,-0.288675134594813));
#1392=AXIS2_PLACEMENT_3D('',#1389,#1390,#1391);
#1393=CIRCLE('',#1392,3.000000000000000);
#1394=EDGE_CURVE('',#1380,#1388,#1393,.T.);
#1395=ORIENTED_EDGE('',*,*,#1394,.T.);
#1396=CARTESIAN_POINT('',(-6.499999999999991,8.0,28.449874371066180));
#1397=DIRECTION('',(0.0,1.0,0.0));
#1398=VECTOR('',#1397,10.0);
#1399=LINE('',#1396,#1398);
#1400=EDGE_CURVE('',#1388,#1369,#1399,.T.);
#1401=ORIENTED_EDGE('',*,*,#1400,.T.);
#1402=EDGE_LOOP('',(#1378,#1386,#1395,#1401));
#1403=FACE_OUTER_BOUND('',#1402,.T.);
#1404=ADVANCED_FACE('',(#1403),#1367,.T.);
#1405=CARTESIAN_POINT('',(-19.257787698340444,8.0,15.895848769878903));
#1406=DIRECTION('',(0.0,1.0,0.0));
#1407=DIRECTION('',(0.0,0.0,1.0));
#1408=AXIS2_PLACEMENT_3D('',#1405,#1406,#1407);
#1409=PLANE('',#1408);
#1410=ORIENTED_EDGE('',*,*,#1394,.F.);
#1411=CARTESIAN_POINT('',(-26.791561975888499,8.0,6.000000000000001));
#1412=VERTEX_POINT('',#1411);
#1413=CARTESIAN_POINT('',(-18.500000000000000,8.0,18.500000000000000));
#1414=DIRECTION('',(0.0,-1.000000000000000,0.0));
#1415=DIRECTION('',(-0.600000000000000,0.0,-0.800000000000000));
#1416=AXIS2_PLACEMENT_3D('',#1413,#1414,#1415);
#1417=CIRCLE('',#1416,15.0);
#1418=EDGE_CURVE('',#1412,#1380,#1417,.T.);
#1419=ORIENTED_EDGE('',*,*,#1418,.F.);
#1420=CARTESIAN_POINT('',(-28.449874371066201,8.0,6.499999999999999));
#1421=VERTEX_POINT('',#1420);
#1422=CARTESIAN_POINT('',(-28.449874371066201,8.0,3.500000000000001));
#1423=DIRECTION('',(0.0,1.000000000000000,0.0));
#1424=DIRECTION('',(0.288675134594813,0.0,0.957427107756338));
#1425=AXIS2_PLACEMENT_3D('',#1422,#1423,#1424);
#1426=CIRCLE('',#1425,3.000000000000000);
#1427=EDGE_CURVE('',#1421,#1412,#1426,.T.);
#1428=ORIENTED_EDGE('',*,*,#1427,.F.);
#1429=CARTESIAN_POINT('',(-40.500000000000000,8.0,6.500000000000000));
#1430=VERTEX_POINT('',#1429);
#1431=CARTESIAN_POINT('',(-40.500000000000000,8.0,6.500000000000000));
#1432=DIRECTION('',(1.0,0.0,0.0));
#1433=VECTOR('',#1432,12.050125628933799);
#1434=LINE('',#1431,#1433);
#1435=EDGE_CURVE('',#1430,#1421,#1434,.T.);
#1436=ORIENTED_EDGE('',*,*,#1435,.F.);
#1437=CARTESIAN_POINT('',(-43.500000000000007,8.0,3.500000000000001));
#1438=VERTEX_POINT('',#1437);
#1439=CARTESIAN_POINT('',(-40.500000000000000,8.0,3.500000000000001));
#1440=DIRECTION('',(0.0,1.000000000000000,0.0));
#1441=DIRECTION('',(-0.707106781186548,0.0,0.707106781186547));
#1442=AXIS2_PLACEMENT_3D('',#1439,#1440,#1441);
#1443=CIRCLE('',#1442,3.000000000000000);
#1444=EDGE_CURVE('',#1438,#1430,#1443,.T.);
#1445=ORIENTED_EDGE('',*,*,#1444,.F.);
#1446=CARTESIAN_POINT('',(-43.500000000000007,8.0,-3.499999999999996));
#1447=VERTEX_POINT('',#1446);
#1448=CARTESIAN_POINT('',(-43.500000000000007,8.0,-3.499999999999996));
#1449=DIRECTION('',(0.0,0.0,1.0));
#1450=VECTOR('',#1449,6.999999999999997);
#1451=LINE('',#1448,#1450);
#1452=EDGE_CURVE('',#1447,#1438,#1451,.T.);
#1453=ORIENTED_EDGE('',*,*,#1452,.F.);
#1454=CARTESIAN_POINT('',(-40.500000000000007,8.0,-6.499999999999999));
#1455=VERTEX_POINT('',#1454);
#1456=CARTESIAN_POINT('',(-40.500000000000007,8.0,-3.499999999999999));
#1457=DIRECTION('',(0.0,1.000000000000000,0.0));
#1458=DIRECTION('',(-0.707106781186548,0.0,-0.707106781186547));
#1459=AXIS2_PLACEMENT_3D('',#1456,#1457,#1458);
#1460=CIRCLE('',#1459,3.000000000000000);
#1461=EDGE_CURVE('',#1455,#1447,#1460,.T.);
#1462=ORIENTED_EDGE('',*,*,#1461,.F.);
#1463=CARTESIAN_POINT('',(3.499999999999996,8.0,-6.499999999999999));
#1464=VERTEX_POINT('',#1463);
#1465=CARTESIAN_POINT('',(3.499999999999996,8.0,-6.499999999999999));
#1466=DIRECTION('',(-1.0,0.0,0.0));
#1467=VECTOR('',#1466,44.0);
#1468=LINE('',#1465,#1467);
#1469=EDGE_CURVE('',#1464,#1455,#1468,.T.);
#1470=ORIENTED_EDGE('',*,*,#1469,.F.);
#1471=CARTESIAN_POINT('',(6.499999999999996,8.0,-3.500000000000001));
#1472=VERTEX_POINT('',#1471);
#1473=CARTESIAN_POINT('',(3.499999999999997,8.0,-3.500000000000000));
#1474=DIRECTION('',(0.0,1.0,0.0));
#1475=DIRECTION('',(0.707106781186547,0.0,-0.707106781186548));
#1476=AXIS2_PLACEMENT_3D('',#1473,#1474,#1475);
#1477=CIRCLE('',#1476,3.000000000000000);
#1478=EDGE_CURVE('',#1472,#1464,#1477,.T.);
#1479=ORIENTED_EDGE('',*,*,#1478,.F.);
#1480=CARTESIAN_POINT('',(6.500000000000009,8.0,40.500000000000000));
#1481=VERTEX_POINT('',#1480);
#1482=CARTESIAN_POINT('',(6.500000000000009,8.0,40.500000000000000));
#1483=DIRECTION('',(0.0,0.0,-1.0));
#1484=VECTOR('',#1483,44.0);
#1485=LINE('',#1482,#1484);
#1486=EDGE_CURVE('',#1481,#1472,#1485,.T.);
#1487=ORIENTED_EDGE('',*,*,#1486,.F.);
#1488=CARTESIAN_POINT('',(3.500000000000009,8.0,43.500000000000000));
#1489=VERTEX_POINT('',#1488);
#1490=CARTESIAN_POINT('',(3.500000000000009,8.0,40.500000000000000));
#1491=DIRECTION('',(0.0,1.000000000000000,0.0));
#1492=DIRECTION('',(0.707106781186549,0.0,0.707106781186546));
#1493=AXIS2_PLACEMENT_3D('',#1490,#1491,#1492);
#1494=CIRCLE('',#1493,3.0);
#1495=EDGE_CURVE('',#1489,#1481,#1494,.T.);
#1496=ORIENTED_EDGE('',*,*,#1495,.F.);
#1497=CARTESIAN_POINT('',(-3.499999999999993,8.0,43.500000000000000));
#1498=VERTEX_POINT('',#1497);
#1499=CARTESIAN_POINT('',(-3.499999999999993,8.0,43.500000000000000));
#1500=DIRECTION('',(1.0,0.0,0.0));
#1501=VECTOR('',#1500,7.000000000000002);
#1502=LINE('',#1499,#1501);
#1503=EDGE_CURVE('',#1498,#1489,#1502,.T.);
#1504=ORIENTED_EDGE('',*,*,#1503,.F.);
#1505=CARTESIAN_POINT('',(-6.499999999999995,8.0,40.500000000000000));
#1506=VERTEX_POINT('',#1505);
#1507=CARTESIAN_POINT('',(-3.499999999999993,8.0,40.500000000000000));
#1508=DIRECTION('',(0.0,1.0,0.0));
#1509=DIRECTION('',(-0.707106781186549,0.0,0.707106781186546));
#1510=AXIS2_PLACEMENT_3D('',#1507,#1508,#1509);
#1511=CIRCLE('',#1510,3.000000000000000);
#1512=EDGE_CURVE('',#1506,#1498,#1511,.T.);
#1513=ORIENTED_EDGE('',*,*,#1512,.F.);
#1514=CARTESIAN_POINT('',(-6.499999999999991,8.0,28.449874371066180));
#1515=DIRECTION('',(0.0,0.0,1.0));
#1516=VECTOR('',#1515,12.050125628933820);
#1517=LINE('',#1514,#1516);
#1518=EDGE_CURVE('',#1388,#1506,#1517,.T.);
#1519=ORIENTED_EDGE('',*,*,#1518,.F.);
#1520=EDGE_LOOP('',(#1410,#1419,#1428,#1436,#1445,#1453,#1462,#1470,#1479,#1487,#1496,#1504,#1513,#1519));
#1521=FACE_OUTER_BOUND('',#1520,.T.);
#1522=ORIENTED_EDGE('',*,*,#1245,.T.);
#1523=EDGE_LOOP('',(#1522));
#1524=FACE_BOUND('',#1523,.T.);
#1525=ORIENTED_EDGE('',*,*,#1355,.T.);
#1526=EDGE_LOOP('',(#1525));
#1527=FACE_BOUND('',#1526,.T.);
#1528=CARTESIAN_POINT('',(-32.541499999999999,8.0,0.0));
#1529=VERTEX_POINT('',#1528);
#1530=CARTESIAN_POINT('',(-37.0,7.999999999999998,0.0));
#1531=DIRECTION('',(0.0,1.0,0.0));
#1532=DIRECTION('',(1.0,0.0,0.0));
#1533=AXIS2_PLACEMENT_3D('',#1530,#1531,#1532);
#1534=CIRCLE('',#1533,4.458500000000000);
#1535=EDGE_CURVE('',#1529,#1529,#1534,.T.);
#1536=ORIENTED_EDGE('',*,*,#1535,.T.);
#1537=EDGE_LOOP('',(#1536));
#1538=FACE_BOUND('',#1537,.T.);
#1539=CARTESIAN_POINT('',(4.458500000000009,8.0,37.0));
#1540=VERTEX_POINT('',#1539);
#1541=CARTESIAN_POINT('',(8.881784E-015,7.999999999999998,37.0));
#1542=DIRECTION('',(0.0,1.0,0.0));
#1543=DIRECTION('',(1.0,0.0,0.0));
#1544=AXIS2_PLACEMENT_3D('',#1541,#1542,#1543);
#1545=CIRCLE('',#1544,4.458500000000000);
#1546=EDGE_CURVE('',#1540,#1540,#1545,.T.);
#1547=ORIENTED_EDGE('',*,*,#1546,.T.);
#1548=EDGE_LOOP('',(#1547));
#1549=FACE_BOUND('',#1548,.T.);
#1550=CARTESIAN_POINT('',(3.040000000000004,8.0,0.0));
#1551=VERTEX_POINT('',#1550);
#1552=CARTESIAN_POINT('',(3.330669E-015,8.0,0.0));
#1553=DIRECTION('',(0.0,1.0,0.0));
#1554=DIRECTION('',(1.0,0.0,0.0));
#1555=AXIS2_PLACEMENT_3D('',#1552,#1553,#1554);
#1556=CIRCLE('',#1555,3.040000000000001);
#1557=EDGE_CURVE('',#1551,#1551,#1556,.T.);
#1558=ORIENTED_EDGE('',*,*,#1557,.T.);
#1559=EDGE_LOOP('',(#1558));
#1560=FACE_BOUND('',#1559,.T.);
#1561=ADVANCED_FACE('',(#1521,#1524,#1527,#1538,#1549,#1560),#1409,.F.);
#1562=CARTESIAN_POINT('',(-18.500000000000000,0.0,18.500000000000000));
#1563=DIRECTION('',(0.0,1.0,0.0));
#1564=DIRECTION('',(-0.600000000000000,0.0,-0.800000000000000));
#1565=AXIS2_PLACEMENT_3D('',#1562,#1563,#1564);
#1566=CYLINDRICAL_SURFACE('',#1565,15.000000000000002);
#1567=ORIENTED_EDGE('',*,*,#1385,.F.);
#1568=CARTESIAN_POINT('',(-26.791561975888499,18.0,6.000000000000001));
#1569=VERTEX_POINT('',#1568);
#1570=CARTESIAN_POINT('',(-18.500000000000000,18.0,18.500000000000000));
#1571=DIRECTION('',(0.0,-1.000000000000000,0.0));
#1572=DIRECTION('',(-0.600000000000000,0.0,-0.800000000000000));
#1573=AXIS2_PLACEMENT_3D('',#1570,#1571,#1572);
#1574=CIRCLE('',#1573,15.0);
#1575=EDGE_CURVE('',#1569,#1371,#1574,.T.);
#1576=ORIENTED_EDGE('',*,*,#1575,.F.);
#1577=CARTESIAN_POINT('',(-26.791561975888499,8.0,6.000000000000001));
#1578=DIRECTION('',(0.0,1.0,0.0));
#1579=VECTOR('',#1578,10.0);
#1580=LINE('',#1577,#1579);
#1581=EDGE_CURVE('',#1412,#1569,#1580,.T.);
#1582=ORIENTED_EDGE('',*,*,#1581,.F.);
#1583=ORIENTED_EDGE('',*,*,#1418,.T.);
#1584=EDGE_LOOP('',(#1567,#1576,#1582,#1583));
#1585=FACE_OUTER_BOUND('',#1584,.T.);
#1586=CARTESIAN_POINT('',(-22.250000000000007,13.0,3.976312451722188));
#1587=VERTEX_POINT('',#1586);
#1588=CARTESIAN_POINT('',(-22.250000000000007,13.0,3.976312451722188));
#1589=CARTESIAN_POINT('',(-22.250000000000007,13.441751672747891,3.976312451722188));
#1590=CARTESIAN_POINT('',(-22.167749558727586,13.909962842026344,3.954303336326818));
#1591=CARTESIAN_POINT('',(-22.000231718006901,14.345688641647277,3.914103458468572));
#1592=CARTESIAN_POINT('',(-21.833558874339971,14.779216543925809,3.874106357688908));
#1593=CARTESIAN_POINT('',(-21.582614025722354,15.180989714455807,3.817057255315905));
#1594=CARTESIAN_POINT('',(-21.285683994648842,15.510471007989796,3.760937455796001));
#1595=CARTESIAN_POINT('',(-21.154786642872693,15.655718117645412,3.736197845885863));
#1596=CARTESIAN_POINT('',(-21.016013483946864,15.787741431275920,3.711693682354706));
#1597=CARTESIAN_POINT('',(-20.861986272362376,15.912648425260370,3.687133267015068));
#1598=CARTESIAN_POINT('',(-20.504299471751022,16.202711347212137,3.630098303555366));
#1599=CARTESIAN_POINT('',(-20.075742227837743,16.435858497196179,3.576074063423114));
#1600=CARTESIAN_POINT('',(-19.622562094422378,16.578037778471053,3.542063834065675));
#1601=CARTESIAN_POINT('',(-19.274215652674197,16.687326873624350,3.515921155898349));
#1602=CARTESIAN_POINT('',(-18.911716430558133,16.743521795910091,3.501619339420691));
#1603=CARTESIAN_POINT('',(-18.563965571920267,16.749454414392702,3.500136387099750));
#1604=CARTESIAN_POINT('',(-18.351711535752781,16.753075461434566,3.499231248815415));
#1605=CARTESIAN_POINT('',(-18.137228872081831,16.738860140546400,3.502817116252505));
#1606=CARTESIAN_POINT('',(-17.920371743310518,16.704933344076125,3.511203147548929));
#1607=CARTESIAN_POINT('',(-17.455204299110282,16.632158972795843,3.529191528965040));
#1608=CARTESIAN_POINT('',(-16.991250600305030,16.465799401076236,3.570395786630615));
#1609=CARTESIAN_POINT('',(-16.583035060047084,16.223002547158671,3.622996087283188));
#1610=CARTESIAN_POINT('',(-16.317894679902540,16.065303381406860,3.657160547807960));
#1611=CARTESIAN_POINT('',(-16.076195885173973,15.876325646484913,3.695609865585663));
#1612=CARTESIAN_POINT('',(-15.867834817226525,15.670993532488433,3.732748852592942));
#1613=CARTESIAN_POINT('',(-15.730165975366921,15.535325988599624,3.757287416248319));
#1614=CARTESIAN_POINT('',(-15.600444280127334,15.386508980084773,3.782412624970517));
#1615=CARTESIAN_POINT('',(-15.481271974009067,15.224810352613643,3.806896818401605));
#1616=CARTESIAN_POINT('',(-15.203505243021551,14.847923300404968,3.863964559991416));
#1617=CARTESIAN_POINT('',(-14.990332441677928,14.404240353382052,3.915848001215585));
#1618=CARTESIAN_POINT('',(-14.870488010667035,13.942943645870855,3.945734552397079));
#1619=CARTESIAN_POINT('',(-14.790260068703375,13.634135926012172,3.965741627181095));
#1620=CARTESIAN_POINT('',(-14.751208912614917,13.318185260594404,3.976000314314836));
#1621=CARTESIAN_POINT('',(-14.750028350485724,13.014581763924037,3.976305131687763));
#1622=CARTESIAN_POINT('',(-14.749274396130064,12.820688386313410,3.976499800295469));
#1623=CARTESIAN_POINT('',(-14.763618070087944,12.622552623885952,3.972768009261144));
#1624=CARTESIAN_POINT('',(-14.794554152675726,12.423657157112844,3.964881456536128));
#1625=CARTESIAN_POINT('',(-14.866354086526448,11.962038226629474,3.946577459500965));
#1626=CARTESIAN_POINT('',(-15.030231679035301,11.501495327027273,3.904766328073801));
#1627=CARTESIAN_POINT('',(-15.269708450153493,11.095343468498793,3.851955198628376));
#1628=CARTESIAN_POINT('',(-15.426001602579541,10.830270768392172,3.817488315407657));
#1629=CARTESIAN_POINT('',(-15.613576689848921,10.588273056357506,3.778871289122821));
#1630=CARTESIAN_POINT('',(-15.817765036786360,10.379291011555406,3.741761094151026));
#1631=CARTESIAN_POINT('',(-15.957355161558811,10.236423751270150,3.716391297959718));
#1632=CARTESIAN_POINT('',(-16.110286779763776,10.102629496558494,3.690618512990661));
#1633=CARTESIAN_POINT('',(-16.277269707085321,9.979740069967589,3.665598426462919));
#1634=CARTESIAN_POINT('',(-16.651971148472906,9.703982266379455,3.609454588071978));
#1635=CARTESIAN_POINT('',(-17.092573732008095,9.492013004403429,3.559118368576989));
#1636=CARTESIAN_POINT('',(-17.550775096607264,9.372125679853417,3.530064392831242));
#1637=CARTESIAN_POINT('',(-17.808552100289969,9.304678924584424,3.513719075266856));
#1638=CARTESIAN_POINT('',(-18.071429916729919,9.265730937036230,3.503929338510367));
#1639=CARTESIAN_POINT('',(-18.327942961717280,9.253949229444778,3.500986819941207));
#1640=CARTESIAN_POINT('',(-18.524311230832513,9.244929986282822,3.498734235561750));
#1641=CARTESIAN_POINT('',(-18.717857639555337,9.251005398544494,3.500266714724548));
#1642=CARTESIAN_POINT('',(-18.916427948043111,9.273193355687926,3.505781522063625));
#1643=CARTESIAN_POINT('',(-19.366078612371393,9.323436666209073,3.518269475587710));
#1644=CARTESIAN_POINT('',(-19.822233532826576,9.460506806393353,3.552687299925468));
#1645=CARTESIAN_POINT('',(-20.232337102845467,9.674115431632510,3.600368858186287));
#1646=CARTESIAN_POINT('',(-20.498235278582758,9.812612503897025,3.631284071524418));
#1647=CARTESIAN_POINT('',(-20.745224583280603,9.982596273567596,3.667345968600347));
#1648=CARTESIAN_POINT('',(-20.962818953118941,10.172099223070553,3.703563847866671));
#1649=CARTESIAN_POINT('',(-21.116512586833444,10.305951017721140,3.729145656228762));
#1650=CARTESIAN_POINT('',(-21.254896206188864,10.447528759169765,3.754547883693282));
#1651=CARTESIAN_POINT('',(-21.385861670572140,10.605359647395330,3.780224104344435));
#1652=CARTESIAN_POINT('',(-21.679300499124427,10.958992654145398,3.837753775582607));
#1653=CARTESIAN_POINT('',(-21.917482552544012,11.384659029930107,3.893704493826474));
#1654=CARTESIAN_POINT('',(-22.064971996072167,11.836610698338140,3.929791536590108));
#1655=CARTESIAN_POINT('',(-22.189673819765122,12.218734299345540,3.960303008710835));
#1656=CARTESIAN_POINT('',(-22.250000000000007,12.619295553472954,3.976312451722188));
#1657=CARTESIAN_POINT('',(-22.250000000000007,13.0,3.976312451722188));
#1658=B_SPLINE_CURVE_WITH_KNOTS('',3,(#1588,#1589,#1590,#1591,#1592,#1593,#1594,#1595,#1596,#1597,#1598,#1599,#1600,#1601,#1602,#1603,#1604,#1605,#1606,#1607,#1608,#1609,#1610,#1611,#1612,#1613,#1614,#1615,#1616,#1617,#1618,#1619,#1620,#1621,#1622,#1623,#1624,#1625,#1626,#1627,#1628,#1629,#1630,#1631,#1632,#1633,#1634,#1635,#1636,#1637,#1638,#1639,#1640,#1641,#1642,#1643,#1644,#1645,#1646,#1647,#1648,#1649,#1650,#1651,#1652,#1653,#1654,#1655,#1656,#1657),.UNSPECIFIED.,.T.,.U.,(4,3,3,3,3,3,3,3,3,3,3,3,3,3,3,3,3,3,3,3,3,3,3,4),(0.0,0.132525501824367,0.264382515694811,0.322509791896386,0.457494767855581,0.561253808902844,0.624584422484690,0.760431188631660,0.848665123074369,0.906963267190753,1.042844542306606,1.133808093653866,1.191901068219727,1.326729766041592,1.414724948712893,1.474881459663172,1.609869699020799,1.685811995492248,1.743948053685582,1.875593702962849,1.960948575598959,2.021237362208781,2.156319316836537,2.270530650794651),.UNSPECIFIED.);
#1659=EDGE_CURVE('',#1587,#1587,#1658,.T.);
#1660=ORIENTED_EDGE('',*,*,#1659,.T.);
#1661=EDGE_LOOP('',(#1660));
#1662=FACE_BOUND('',#1661,.T.);
#1663=CARTESIAN_POINT('',(-3.976312451722186,13.0,14.750000000000007));
#1664=VERTEX_POINT('',#1663);
#1665=CARTESIAN_POINT('',(-3.976312451722184,13.000000000000002,14.750000000000011));
#1666=CARTESIAN_POINT('',(-3.976312451722184,13.441751672747984,14.750000000000011));
#1667=CARTESIAN_POINT('',(-3.954303336326804,13.909962842026530,14.832250441272464));
#1668=CARTESIAN_POINT('',(-3.914103458468544,14.345688641647540,14.999768281993216));
#1669=CARTESIAN_POINT('',(-3.874106357688848,14.779216543926328,15.166441125660281));
#1670=CARTESIAN_POINT('',(-3.817057255315796,15.180989714456530,15.417385974278142));
#1671=CARTESIAN_POINT('',(-3.760937455795859,15.510471007990612,15.714316005351909));
#1672=CARTESIAN_POINT('',(-3.736197845885760,15.655718117645947,15.845213357127884));
#1673=CARTESIAN_POINT('',(-3.711693682354643,15.787741431276229,15.983986516053520));
#1674=CARTESIAN_POINT('',(-3.687133267015045,15.912648425260475,16.138013727637770));
#1675=CARTESIAN_POINT('',(-3.630098303555309,16.202711347212404,16.495700528249358));
#1676=CARTESIAN_POINT('',(-3.576074063423032,16.435858497196534,16.924257772162957));
#1677=CARTESIAN_POINT('',(-3.542063834065599,16.578037778471366,17.377437905578631));
#1678=CARTESIAN_POINT('',(-3.515921155898178,16.687326873625057,17.725784347328400));
#1679=CARTESIAN_POINT('',(-3.501619339420541,16.743521795910688,18.088283569446158));
#1680=CARTESIAN_POINT('',(-3.500136387099726,16.749454414392797,18.436034428085421));
#1681=CARTESIAN_POINT('',(-3.499231248815480,16.753075461434307,18.648288464251003));
#1682=CARTESIAN_POINT('',(-3.502817116252583,16.738860140546091,18.862771127920279));
#1683=CARTESIAN_POINT('',(-3.511203147548940,16.704933344076089,19.079628256689748));
#1684=CARTESIAN_POINT('',(-3.529191528965054,16.632158972795796,19.544795700889853));
#1685=CARTESIAN_POINT('',(-3.570395786630616,16.465799401076236,20.008749399694953));
#1686=CARTESIAN_POINT('',(-3.622996087283173,16.223002547158757,20.416964939952795));
#1687=CARTESIAN_POINT('',(-3.657160547807899,16.065303381407158,20.682105320097008));
#1688=CARTESIAN_POINT('',(-3.695609865585547,15.876325646485503,20.923804114825302));
#1689=CARTESIAN_POINT('',(-3.732748852592782,15.670993532489335,21.132165182772578));
#1690=CARTESIAN_POINT('',(-3.757287416248194,15.535325988600379,21.269834024632427));
#1691=CARTESIAN_POINT('',(-3.782412624970420,15.386508980085402,21.399555719872183));
#1692=CARTESIAN_POINT('',(-3.806896818401541,15.224810352614083,21.518728025990626));
#1693=CARTESIAN_POINT('',(-3.863964559991360,14.847923300405439,21.796494756978202));
#1694=CARTESIAN_POINT('',(-3.915848001215544,14.404240353382527,22.009667558321901));
#1695=CARTESIAN_POINT('',(-3.945734552397053,13.942943645871310,22.129511989332862));
#1696=CARTESIAN_POINT('',(-3.965741627181064,13.634135926012842,22.209739931296507));
#1697=CARTESIAN_POINT('',(-3.976000314314817,13.318185260595291,22.248791087385008));
#1698=CARTESIAN_POINT('',(-3.976305131687766,13.014581763925102,22.249971649514286));
#1699=CARTESIAN_POINT('',(-3.976499800295486,12.820688386314282,22.250725603870002));
#1700=CARTESIAN_POINT('',(-3.972768009261170,12.622552623886682,22.236381929912156));
#1701=CARTESIAN_POINT('',(-3.964881456536154,12.423657157113393,22.205445847324373));
#1702=CARTESIAN_POINT('',(-3.946577459501007,11.962038226630000,22.133645913473718));
#1703=CARTESIAN_POINT('',(-3.904766328073856,11.501495327027749,21.969768320964928));
#1704=CARTESIAN_POINT('',(-3.851955198628434,11.095343468499211,21.730291549846772));
#1705=CARTESIAN_POINT('',(-3.817488315408054,10.830270768395138,21.573998397422272));
#1706=CARTESIAN_POINT('',(-3.778871289123633,10.588273056362556,21.386423310155052));
#1707=CARTESIAN_POINT('',(-3.741761094152169,10.379291011561826,21.182234963219930));
#1708=CARTESIAN_POINT('',(-3.716391297960548,10.236423751274470,21.042644838446098));
#1709=CARTESIAN_POINT('',(-3.690618512991219,10.102629496561269,20.889713220239813));
#1710=CARTESIAN_POINT('',(-3.665598426463181,9.979740069968864,20.722730292916431));
#1711=CARTESIAN_POINT('',(-3.609454588072206,9.703982266380454,20.348028851528916));
#1712=CARTESIAN_POINT('',(-3.559118368577153,9.492013004404116,19.907426267993696));
#1713=CARTESIAN_POINT('',(-3.530064392831348,9.372125679853852,19.449224903394420));
#1714=CARTESIAN_POINT('',(-3.513719075267030,9.304678924585137,19.191447899713250));
#1715=CARTESIAN_POINT('',(-3.503929338510528,9.265730937036871,18.928570083274867));
#1716=CARTESIAN_POINT('',(-3.500986819941278,9.253949229445061,18.672057038288912));
#1717=CARTESIAN_POINT('',(-3.498734235561730,9.244929986282742,18.475688769172844));
#1718=CARTESIAN_POINT('',(-3.500266714724470,9.251005398544185,18.282142360449377));
#1719=CARTESIAN_POINT('',(-3.505781522063515,9.273193355687486,18.083572051960861));
#1720=CARTESIAN_POINT('',(-3.518269475587489,9.323436666208181,17.633921387632299));
#1721=CARTESIAN_POINT('',(-3.552687299925170,9.460506806392109,17.177766467176646));
#1722=CARTESIAN_POINT('',(-3.600368858185971,9.674115431631101,16.767662897157258));
#1723=CARTESIAN_POINT('',(-3.631284071523814,9.812612503894272,16.501764721422024));
#1724=CARTESIAN_POINT('',(-3.667345968599385,9.982596273563001,16.254775416725870));
#1725=CARTESIAN_POINT('',(-3.703563847865409,10.172099223063963,16.037181046888644));
#1726=CARTESIAN_POINT('',(-3.729145656227963,10.305951017716669,15.883487413170878));
#1727=CARTESIAN_POINT('',(-3.754547883692947,10.447528759167673,15.745103793812811));
#1728=CARTESIAN_POINT('',(-3.780224104344566,10.605359647396154,15.614138329427192));
#1729=CARTESIAN_POINT('',(-3.837753775582661,10.958992654145867,15.320699500875371));
#1730=CARTESIAN_POINT('',(-3.893704493826439,11.384659029930001,15.082517447456143));
#1731=CARTESIAN_POINT('',(-3.929791536590046,11.836610698337404,14.935028003928091));
#1732=CARTESIAN_POINT('',(-3.960303008710810,12.218734299345025,14.810326180234977));
#1733=CARTESIAN_POINT('',(-3.976312451722183,12.619295553472707,14.750000000000012));
#1734=CARTESIAN_POINT('',(-3.976312451722183,13.0,14.750000000000012));
#1735=B_SPLINE_CURVE_WITH_KNOTS('',3,(#1665,#1666,#1667,#1668,#1669,#1670,#1671,#1672,#1673,#1674,#1675,#1676,#1677,#1678,#1679,#1680,#1681,#1682,#1683,#1684,#1685,#1686,#1687,#1688,#1689,#1690,#1691,#1692,#1693,#1694,#1695,#1696,#1697,#1698,#1699,#1700,#1701,#1702,#1703,#1704,#1705,#1706,#1707,#1708,#1709,#1710,#1711,#1712,#1713,#1714,#1715,#1716,#1717,#1718,#1719,#1720,#1721,#1722,#1723,#1724,#1725,#1726,#1727,#1728,#1729,#1730,#1731,#1732,#1733,#1734),.UNSPECIFIED.,.T.,.U.,(4,3,3,3,3,3,3,3,3,3,3,3,3,3,3,3,3,3,3,3,3,3,3,4),(0.0,0.132525501824394,0.264382515694920,0.322509791896403,0.457494767855679,0.561253808903408,0.624584422484715,0.760431188631645,0.848665123074241,0.906963267190701,1.042844542306562,1.133808093653760,1.191901068219674,1.326729766041546,1.414724948711991,1.474881459662963,1.609869699020634,1.685811995491638,1.743948053685196,1.875593702962560,1.960948575597969,2.021237362208885,2.156319316836463,2.270530650794650),.UNSPECIFIED.);
#1736=EDGE_CURVE('',#1664,#1664,#1735,.T.);
#1737=ORIENTED_EDGE('',*,*,#1736,.T.);
#1738=EDGE_LOOP('',(#1737));
#1739=FACE_BOUND('',#1738,.T.);
#1740=ADVANCED_FACE('',(#1585,#1662,#1739),#1566,.F.);
#1741=CARTESIAN_POINT('',(-28.449874371066201,0.0,3.500000000000001));
#1742=DIRECTION('',(0.0,1.0,0.0));
#1743=DIRECTION('',(0.288675134594813,0.0,0.957427107756338));
#1744=AXIS2_PLACEMENT_3D('',#1741,#1742,#1743);
#1745=CYLINDRICAL_SURFACE('',#1744,3.0);
#1746=CARTESIAN_POINT('',(-28.449874371066201,18.0,6.499999999999998));
#1747=VERTEX_POINT('',#1746);
#1748=CARTESIAN_POINT('',(-28.449874371066201,18.0,3.500000000000001));
#1749=DIRECTION('',(0.0,-1.000000000000000,0.0));
#1750=DIRECTION('',(0.288675134594813,0.0,0.957427107756338));
#1751=AXIS2_PLACEMENT_3D('',#1748,#1749,#1750);
#1752=CIRCLE('',#1751,3.000000000000000);
#1753=EDGE_CURVE('',#1569,#1747,#1752,.T.);
#1754=ORIENTED_EDGE('',*,*,#1753,.T.);
#1755=CARTESIAN_POINT('',(-28.449874371066201,18.0,6.499999999999998));
#1756=DIRECTION('',(0.0,-1.0,0.0));
#1757=VECTOR('',#1756,10.0);
#1758=LINE('',#1755,#1757);
#1759=EDGE_CURVE('',#1747,#1421,#1758,.T.);
#1760=ORIENTED_EDGE('',*,*,#1759,.T.);
#1761=ORIENTED_EDGE('',*,*,#1427,.T.);
#1762=ORIENTED_EDGE('',*,*,#1581,.T.);
#1763=EDGE_LOOP('',(#1754,#1760,#1761,#1762));
#1764=FACE_OUTER_BOUND('',#1763,.T.);
#1765=ADVANCED_FACE('',(#1764),#1745,.T.);
#1766=CARTESIAN_POINT('',(-3.499999999999993,0.0,40.500000000000000));
#1767=DIRECTION('',(0.0,-1.0,0.0));
#1768=DIRECTION('',(-0.707106781186549,0.0,0.707106781186546));
#1769=AXIS2_PLACEMENT_3D('',#1766,#1767,#1768);
#1770=CYLINDRICAL_SURFACE('',#1769,3.000000000000000);
#1771=ORIENTED_EDGE('',*,*,#1512,.T.);
#1772=CARTESIAN_POINT('',(-3.499999999999996,18.0,43.500000000000000));
#1773=VERTEX_POINT('',#1772);
#1774=CARTESIAN_POINT('',(-3.499999999999993,8.0,43.500000000000000));
#1775=DIRECTION('',(0.0,1.0,0.0));
#1776=VECTOR('',#1775,10.0);
#1777=LINE('',#1774,#1776);
#1778=EDGE_CURVE('',#1498,#1773,#1777,.T.);
#1779=ORIENTED_EDGE('',*,*,#1778,.T.);
#1780=CARTESIAN_POINT('',(-6.499999999999994,18.0,40.500000000000000));
#1781=VERTEX_POINT('',#1780);
#1782=CARTESIAN_POINT('',(-3.499999999999993,18.0,40.500000000000000));
#1783=DIRECTION('',(0.0,-1.0,0.0));
#1784=DIRECTION('',(-0.707106781186549,0.0,0.707106781186546));
#1785=AXIS2_PLACEMENT_3D('',#1782,#1783,#1784);
#1786=CIRCLE('',#1785,3.000000000000000);
#1787=EDGE_CURVE('',#1773,#1781,#1786,.T.);
#1788=ORIENTED_EDGE('',*,*,#1787,.T.);
#1789=CARTESIAN_POINT('',(-6.499999999999994,18.0,40.500000000000000));
#1790=DIRECTION('',(0.0,-1.0,0.0));
#1791=VECTOR('',#1790,10.0);
#1792=LINE('',#1789,#1791);
#1793=EDGE_CURVE('',#1781,#1506,#1792,.T.);
#1794=ORIENTED_EDGE('',*,*,#1793,.T.);
#1795=EDGE_LOOP('',(#1771,#1779,#1788,#1794));
#1796=FACE_OUTER_BOUND('',#1795,.T.);
#1797=ADVANCED_FACE('',(#1796),#1770,.T.);
#1798=CARTESIAN_POINT('',(6.500000000000011,0.0,43.500000000000000));
#1799=DIRECTION('',(0.0,0.0,1.0));
#1800=DIRECTION('',(1.0,0.0,0.0));
#1801=AXIS2_PLACEMENT_3D('',#1798,#1799,#1800);
#1802=PLANE('',#1801);
#1803=ORIENTED_EDGE('',*,*,#1778,.F.);
#1804=ORIENTED_EDGE('',*,*,#1503,.T.);
#1805=CARTESIAN_POINT('',(3.500000000000005,18.0,43.500000000000000));
#1806=VERTEX_POINT('',#1805);
#1807=CARTESIAN_POINT('',(3.500000000000005,18.0,43.500000000000000));
#1808=DIRECTION('',(0.0,-1.0,0.0));
#1809=VECTOR('',#1808,10.0);
#1810=LINE('',#1807,#1809);
#1811=EDGE_CURVE('',#1806,#1489,#1810,.T.);
#1812=ORIENTED_EDGE('',*,*,#1811,.F.);
#1813=CARTESIAN_POINT('',(3.500000000000005,18.0,43.500000000000000));
#1814=DIRECTION('',(-1.0,0.0,0.0));
#1815=VECTOR('',#1814,7.000000000000002);
#1816=LINE('',#1813,#1815);
#1817=EDGE_CURVE('',#1806,#1773,#1816,.T.);
#1818=ORIENTED_EDGE('',*,*,#1817,.T.);
#1819=EDGE_LOOP('',(#1803,#1804,#1812,#1818));
#1820=FACE_OUTER_BOUND('',#1819,.T.);
#1821=ADVANCED_FACE('',(#1820),#1802,.T.);
#1822=CARTESIAN_POINT('',(-40.500000000000000,0.0,3.500000000000001));
#1823=DIRECTION('',(0.0,1.0,0.0));
#1824=DIRECTION('',(-0.707106781186548,0.0,0.707106781186547));
#1825=AXIS2_PLACEMENT_3D('',#1822,#1823,#1824);
#1826=CYLINDRICAL_SURFACE('',#1825,3.000000000000000);
#1827=CARTESIAN_POINT('',(-40.500000000000000,18.0,6.499999999999999));
#1828=VERTEX_POINT('',#1827);
#1829=CARTESIAN_POINT('',(-43.500000000000007,18.0,3.500000000000002));
#1830=VERTEX_POINT('',#1829);
#1831=CARTESIAN_POINT('',(-40.500000000000000,18.0,3.500000000000001));
#1832=DIRECTION('',(0.0,-1.000000000000000,0.0));
#1833=DIRECTION('',(-0.707106781186548,0.0,0.707106781186547));
#1834=AXIS2_PLACEMENT_3D('',#1831,#1832,#1833);
#1835=CIRCLE('',#1834,3.000000000000000);
#1836=EDGE_CURVE('',#1828,#1830,#1835,.T.);
#1837=ORIENTED_EDGE('',*,*,#1836,.T.);
#1838=CARTESIAN_POINT('',(-43.500000000000007,18.0,3.500000000000002));
#1839=DIRECTION('',(0.0,-1.0,0.0));
#1840=VECTOR('',#1839,10.0);
#1841=LINE('',#1838,#1840);
#1842=EDGE_CURVE('',#1830,#1438,#1841,.T.);
#1843=ORIENTED_EDGE('',*,*,#1842,.T.);
#1844=ORIENTED_EDGE('',*,*,#1444,.T.);
#1845=CARTESIAN_POINT('',(-40.500000000000000,8.0,6.500000000000000));
#1846=DIRECTION('',(0.0,1.0,0.0));
#1847=VECTOR('',#1846,10.0);
#1848=LINE('',#1845,#1847);
#1849=EDGE_CURVE('',#1430,#1828,#1848,.T.);
#1850=ORIENTED_EDGE('',*,*,#1849,.T.);
#1851=EDGE_LOOP('',(#1837,#1843,#1844,#1850));
#1852=FACE_OUTER_BOUND('',#1851,.T.);
#1853=ADVANCED_FACE('',(#1852),#1826,.T.);
#1854=CARTESIAN_POINT('',(-43.500000000000000,0.0,43.500000000000000));
#1855=DIRECTION('',(-1.0,0.0,0.0));
#1856=DIRECTION('',(0.0,0.0,1.0));
#1857=AXIS2_PLACEMENT_3D('',#1854,#1855,#1856);
#1858=PLANE('',#1857);
#1859=ORIENTED_EDGE('',*,*,#1842,.F.);
#1860=CARTESIAN_POINT('',(-43.500000000000007,18.0,-3.499999999999998));
#1861=VERTEX_POINT('',#1860);
#1862=CARTESIAN_POINT('',(-43.500000000000007,18.0,3.500000000000002));
#1863=DIRECTION('',(0.0,0.0,-1.0));
#1864=VECTOR('',#1863,7.0);
#1865=LINE('',#1862,#1864);
#1866=EDGE_CURVE('',#1830,#1861,#1865,.T.);
#1867=ORIENTED_EDGE('',*,*,#1866,.T.);
#1868=CARTESIAN_POINT('',(-43.500000000000007,8.0,-3.499999999999996));
#1869=DIRECTION('',(0.0,1.0,0.0));
#1870=VECTOR('',#1869,10.0);
#1871=LINE('',#1868,#1870);
#1872=EDGE_CURVE('',#1447,#1861,#1871,.T.);
#1873=ORIENTED_EDGE('',*,*,#1872,.F.);
#1874=ORIENTED_EDGE('',*,*,#1452,.T.);
#1875=EDGE_LOOP('',(#1859,#1867,#1873,#1874));
#1876=FACE_OUTER_BOUND('',#1875,.T.);
#1877=ADVANCED_FACE('',(#1876),#1858,.T.);
#1878=CARTESIAN_POINT('',(-40.500000000000007,0.0,-3.499999999999999));
#1879=DIRECTION('',(0.0,1.0,0.0));
#1880=DIRECTION('',(-0.707106781186548,0.0,-0.707106781186547));
#1881=AXIS2_PLACEMENT_3D('',#1878,#1879,#1880);
#1882=CYLINDRICAL_SURFACE('',#1881,3.000000000000000);
#1883=CARTESIAN_POINT('',(-40.500000000000007,18.0,-6.500000000000000));
#1884=VERTEX_POINT('',#1883);
#1885=CARTESIAN_POINT('',(-40.500000000000007,18.0,-3.499999999999999));
#1886=DIRECTION('',(0.0,-1.000000000000000,0.0));
#1887=DIRECTION('',(-0.707106781186548,0.0,-0.707106781186547));
#1888=AXIS2_PLACEMENT_3D('',#1885,#1886,#1887);
#1889=CIRCLE('',#1888,3.000000000000000);
#1890=EDGE_CURVE('',#1861,#1884,#1889,.T.);
#1891=ORIENTED_EDGE('',*,*,#1890,.T.);
#1892=CARTESIAN_POINT('',(-40.500000000000007,18.0,-6.500000000000000));
#1893=DIRECTION('',(0.0,-1.0,0.0));
#1894=VECTOR('',#1893,10.0);
#1895=LINE('',#1892,#1894);
#1896=EDGE_CURVE('',#1884,#1455,#1895,.T.);
#1897=ORIENTED_EDGE('',*,*,#1896,.T.);
#1898=ORIENTED_EDGE('',*,*,#1461,.T.);
#1899=ORIENTED_EDGE('',*,*,#1872,.T.);
#1900=EDGE_LOOP('',(#1891,#1897,#1898,#1899));
#1901=FACE_OUTER_BOUND('',#1900,.T.);
#1902=ADVANCED_FACE('',(#1901),#1882,.T.);
#1903=CARTESIAN_POINT('',(3.499999999999997,0.0,-3.500000000000000));
#1904=DIRECTION('',(0.0,1.0,0.0));
#1905=DIRECTION('',(0.707106781186547,0.0,-0.707106781186548));
#1906=AXIS2_PLACEMENT_3D('',#1903,#1904,#1905);
#1907=CYLINDRICAL_SURFACE('',#1906,3.000000000000000);
#1908=CARTESIAN_POINT('',(3.499999999999997,18.0,-6.500000000000000));
#1909=VERTEX_POINT('',#1908);
#1910=CARTESIAN_POINT('',(6.499999999999996,18.0,-3.499999999999996));
#1911=VERTEX_POINT('',#1910);
#1912=CARTESIAN_POINT('',(3.499999999999997,18.0,-3.500000000000000));
#1913=DIRECTION('',(0.0,-1.0,0.0));
#1914=DIRECTION('',(0.707106781186547,0.0,-0.707106781186548));
#1915=AXIS2_PLACEMENT_3D('',#1912,#1913,#1914);
#1916=CIRCLE('',#1915,3.000000000000000);
#1917=EDGE_CURVE('',#1909,#1911,#1916,.T.);
#1918=ORIENTED_EDGE('',*,*,#1917,.T.);
#1919=CARTESIAN_POINT('',(6.499999999999996,18.0,-3.499999999999996));
#1920=DIRECTION('',(0.0,-1.0,0.0));
#1921=VECTOR('',#1920,10.0);
#1922=LINE('',#1919,#1921);
#1923=EDGE_CURVE('',#1911,#1472,#1922,.T.);
#1924=ORIENTED_EDGE('',*,*,#1923,.T.);
#1925=ORIENTED_EDGE('',*,*,#1478,.T.);
#1926=CARTESIAN_POINT('',(3.499999999999996,8.0,-6.499999999999999));
#1927=DIRECTION('',(0.0,1.0,0.0));
#1928=VECTOR('',#1927,10.0);
#1929=LINE('',#1926,#1928);
#1930=EDGE_CURVE('',#1464,#1909,#1929,.T.);
#1931=ORIENTED_EDGE('',*,*,#1930,.T.);
#1932=EDGE_LOOP('',(#1918,#1924,#1925,#1931));
#1933=FACE_OUTER_BOUND('',#1932,.T.);
#1934=ADVANCED_FACE('',(#1933),#1907,.T.);
#1935=CARTESIAN_POINT('',(6.499999999999996,0.0,-6.500000000000000));
#1936=DIRECTION('',(1.0,0.0,0.0));
#1937=DIRECTION('',(0.0,0.0,-1.0));
#1938=AXIS2_PLACEMENT_3D('',#1935,#1936,#1937);
#1939=PLANE('',#1938);
#1940=ORIENTED_EDGE('',*,*,#1923,.F.);
#1941=CARTESIAN_POINT('',(6.500000000000009,18.0,40.500000000000000));
#1942=VERTEX_POINT('',#1941);
#1943=CARTESIAN_POINT('',(6.499999999999996,18.0,-3.499999999999996));
#1944=DIRECTION('',(0.0,0.0,1.0));
#1945=VECTOR('',#1944,44.0);
#1946=LINE('',#1943,#1945);
#1947=EDGE_CURVE('',#1911,#1942,#1946,.T.);
#1948=ORIENTED_EDGE('',*,*,#1947,.T.);
#1949=CARTESIAN_POINT('',(6.500000000000009,8.0,40.500000000000000));
#1950=DIRECTION('',(0.0,1.0,0.0));
#1951=VECTOR('',#1950,10.0);
#1952=LINE('',#1949,#1951);
#1953=EDGE_CURVE('',#1481,#1942,#1952,.T.);
#1954=ORIENTED_EDGE('',*,*,#1953,.F.);
#1955=ORIENTED_EDGE('',*,*,#1486,.T.);
#1956=EDGE_LOOP('',(#1940,#1948,#1954,#1955));
#1957=FACE_OUTER_BOUND('',#1956,.T.);
#1958=CARTESIAN_POINT('',(6.500000000000003,13.0,14.500000000000007));
#1959=VERTEX_POINT('',#1958);
#1960=CARTESIAN_POINT('',(6.500000000000004,13.0,18.500000000000007));
#1961=DIRECTION('',(-1.0,0.0,0.0));
#1962=DIRECTION('',(0.0,0.0,-1.0));
#1963=AXIS2_PLACEMENT_3D('',#1960,#1961,#1962);
#1964=CIRCLE('',#1963,4.0);
#1965=EDGE_CURVE('',#1959,#1959,#1964,.T.);
#1966=ORIENTED_EDGE('',*,*,#1965,.T.);
#1967=EDGE_LOOP('',(#1966));
#1968=FACE_BOUND('',#1967,.T.);
#1969=ADVANCED_FACE('',(#1957,#1968),#1939,.T.);
#1970=CARTESIAN_POINT('',(3.500000000000009,0.0,40.500000000000000));
#1971=DIRECTION('',(0.0,1.0,0.0));
#1972=DIRECTION('',(0.707106781186549,0.0,0.707106781186546));
#1973=AXIS2_PLACEMENT_3D('',#1970,#1971,#1972);
#1974=CYLINDRICAL_SURFACE('',#1973,3.000000000000000);
#1975=CARTESIAN_POINT('',(3.500000000000009,18.0,40.500000000000000));
#1976=DIRECTION('',(0.0,-1.000000000000000,0.0));
#1977=DIRECTION('',(0.707106781186549,0.0,0.707106781186546));
#1978=AXIS2_PLACEMENT_3D('',#1975,#1976,#1977);
#1979=CIRCLE('',#1978,3.0);
#1980=EDGE_CURVE('',#1942,#1806,#1979,.T.);
#1981=ORIENTED_EDGE('',*,*,#1980,.T.);
#1982=ORIENTED_EDGE('',*,*,#1811,.T.);
#1983=ORIENTED_EDGE('',*,*,#1495,.T.);
#1984=ORIENTED_EDGE('',*,*,#1953,.T.);
#1985=EDGE_LOOP('',(#1981,#1982,#1983,#1984));
#1986=FACE_OUTER_BOUND('',#1985,.T.);
#1987=ADVANCED_FACE('',(#1986),#1974,.T.);
#1988=CARTESIAN_POINT('',(3.330669E-015,9.520000000000001,0.0));
#1989=DIRECTION('',(0.0,-1.0,0.0));
#1990=DIRECTION('',(1.0,0.0,0.0));
#1991=AXIS2_PLACEMENT_3D('',#1988,#1989,#1990);
#1992=CONICAL_SURFACE('',#1991,1.520000000000000,44.999999999999993);
#1993=ORIENTED_EDGE('',*,*,#1557,.F.);
#1994=EDGE_LOOP('',(#1993));
#1995=FACE_OUTER_BOUND('',#1994,.T.);
#1996=ADVANCED_FACE('',(#1995),#1992,.F.);
#1997=CARTESIAN_POINT('',(-4.458499999999991,8.0,37.0));
#1998=CARTESIAN_POINT('',(-4.458499999999991,8.708500000000001,37.0));
#1999=CARTESIAN_POINT('',(-4.458499999999990,8.0,32.541499999999999));
#2000=CARTESIAN_POINT('',(-4.458499999999990,8.708500000000001,32.541499999999999));
#2001=CARTESIAN_POINT('',(8.881784E-015,8.0,32.541499999999999));
#2002=CARTESIAN_POINT('',(8.881784E-015,8.708500000000001,32.541499999999999));
#2003=CARTESIAN_POINT('',(4.458500000000008,8.0,32.541499999999999));
#2004=CARTESIAN_POINT('',(4.458500000000008,8.708500000000001,32.541499999999999));
#2005=CARTESIAN_POINT('',(4.458500000000009,8.0,37.0));
#2006=CARTESIAN_POINT('',(4.458500000000009,8.708500000000001,37.0));
#2007=CARTESIAN_POINT('',(4.458500000000008,8.0,41.458500000000001));
#2008=CARTESIAN_POINT('',(4.458500000000008,8.708500000000001,41.458500000000001));
#2009=CARTESIAN_POINT('',(8.881784E-015,8.0,41.458500000000001));
#2010=CARTESIAN_POINT('',(8.881784E-015,8.708500000000001,41.458500000000001));
#2011=CARTESIAN_POINT('',(-4.458499999999990,8.0,41.458500000000001));
#2012=CARTESIAN_POINT('',(-4.458499999999990,8.708500000000001,41.458500000000001));
#2013=CARTESIAN_POINT('',(-4.458499999999991,8.0,37.0));
#2014=CARTESIAN_POINT('',(-4.458499999999991,8.708500000000001,37.0));
#2022=(BOUNDED_SURFACE()B_SPLINE_SURFACE(1,2,((#1997,#1999,#2001,#2003,#2005,#2007,#2009,#2011,#2013),(#1998,#2000,#2002,#2004,#2006,#2008,#2010,#2012,#2014)),.UNSPECIFIED.,.F.,.T.,.U.)B_SPLINE_SURFACE_WITH_KNOTS((2,2),(3,2,2,2,3),(-16.017558435668612,-15.858648488376922),(0.0,7.003395423015046,14.006790846030093,21.010186269045139,28.013581692060185),.UNSPECIFIED.)GEOMETRIC_REPRESENTATION_ITEM()RATIONAL_B_SPLINE_SURFACE(((1.0,0.707106781186548,1.0,0.707106781186548,1.0,0.707106781186548,1.0,0.707106781186548,1.0),(1.0,0.707106781186548,1.0,0.707106781186548,1.0,0.707106781186548,1.0,0.707106781186548,1.0)))REPRESENTATION_ITEM('')SURFACE());
#2023=ORIENTED_EDGE('',*,*,#966,.T.);
#2024=EDGE_LOOP('',(#2023));
#2025=FACE_OUTER_BOUND('',#2024,.T.);
#2026=ORIENTED_EDGE('',*,*,#1546,.F.);
#2027=EDGE_LOOP('',(#2026));
#2028=FACE_BOUND('',#2027,.T.);
#2029=ADVANCED_FACE('',(#2025,#2028),#2022,.F.);
#2030=CARTESIAN_POINT('',(-41.458500000000001,8.0,-5.459907E-016));
#2031=CARTESIAN_POINT('',(-41.458500000000001,8.708500000000001,-5.459907E-016));
#2032=CARTESIAN_POINT('',(-41.458500000000001,8.0,-4.458500000000001));
#2033=CARTESIAN_POINT('',(-41.458500000000001,8.708500000000001,-4.458500000000001));
#2034=CARTESIAN_POINT('',(-37.0,8.0,-4.458500000000001));
#2035=CARTESIAN_POINT('',(-37.0,8.708500000000001,-4.458500000000001));
#2036=CARTESIAN_POINT('',(-32.541499999999999,8.0,-4.458499999999999));
#2037=CARTESIAN_POINT('',(-32.541499999999999,8.708500000000001,-4.458499999999999));
#2038=CARTESIAN_POINT('',(-32.541499999999999,8.0,5.459907E-016));
#2039=CARTESIAN_POINT('',(-32.541499999999999,8.708500000000001,5.459907E-016));
#2040=CARTESIAN_POINT('',(-32.541499999999999,8.0,4.458500000000001));
#2041=CARTESIAN_POINT('',(-32.541499999999999,8.708500000000001,4.458500000000001));
#2042=CARTESIAN_POINT('',(-37.0,8.0,4.458500000000001));
#2043=CARTESIAN_POINT('',(-37.0,8.708500000000001,4.458500000000001));
#2044=CARTESIAN_POINT('',(-41.458500000000001,8.0,4.458499999999999));
#2045=CARTESIAN_POINT('',(-41.458500000000001,8.708500000000001,4.458499999999999));
#2046=CARTESIAN_POINT('',(-41.458500000000001,8.0,-5.459907E-016));
#2047=CARTESIAN_POINT('',(-41.458500000000001,8.708500000000001,-5.459907E-016));
#2055=(BOUNDED_SURFACE()B_SPLINE_SURFACE(1,2,((#2030,#2032,#2034,#2036,#2038,#2040,#2042,#2044,#2046),(#2031,#2033,#2035,#2037,#2039,#2041,#2043,#2045,#2047)),.UNSPECIFIED.,.F.,.T.,.U.)B_SPLINE_SURFACE_WITH_KNOTS((2,2),(3,2,2,2,3),(-16.017558435668612,-15.858648488376922),(0.0,7.003395423015046,14.006790846030093,21.010186269045139,28.013581692060185),.UNSPECIFIED.)GEOMETRIC_REPRESENTATION_ITEM()RATIONAL_B_SPLINE_SURFACE(((1.0,0.707106781186548,1.0,0.707106781186548,1.0,0.707106781186548,1.0,0.707106781186548,1.0),(1.0,0.707106781186548,1.0,0.707106781186548,1.0,0.707106781186548,1.0,0.707106781186548,1.0)))REPRESENTATION_ITEM('')SURFACE());
#2056=ORIENTED_EDGE('',*,*,#766,.T.);
#2057=EDGE_LOOP('',(#2056));
#2058=FACE_OUTER_BOUND('',#2057,.T.);
#2059=ORIENTED_EDGE('',*,*,#1535,.F.);
#2060=EDGE_LOOP('',(#2059));
#2061=FACE_BOUND('',#2060,.T.);
#2062=ADVANCED_FACE('',(#2058,#2061),#2055,.F.);
#2063=CARTESIAN_POINT('',(-43.500000000000007,0.0,-6.500000000000000));
#2064=DIRECTION('',(0.0,0.0,-1.0));
#2065=DIRECTION('',(-1.0,0.0,0.0));
#2066=AXIS2_PLACEMENT_3D('',#2063,#2064,#2065);
#2067=PLANE('',#2066);
#2068=ORIENTED_EDGE('',*,*,#1896,.F.);
#2069=CARTESIAN_POINT('',(-40.500000000000007,18.0,-6.500000000000000));
#2070=DIRECTION('',(1.0,0.0,0.0));
#2071=VECTOR('',#2070,44.000000000000007);
#2072=LINE('',#2069,#2071);
#2073=EDGE_CURVE('',#1884,#1909,#2072,.T.);
#2074=ORIENTED_EDGE('',*,*,#2073,.T.);
#2075=ORIENTED_EDGE('',*,*,#1930,.F.);
#2076=ORIENTED_EDGE('',*,*,#1469,.T.);
#2077=EDGE_LOOP('',(#2068,#2074,#2075,#2076));
#2078=FACE_OUTER_BOUND('',#2077,.T.);
#2079=CARTESIAN_POINT('',(-22.500000000000004,13.0,-6.500000000000000));
#2080=VERTEX_POINT('',#2079);
#2081=CARTESIAN_POINT('',(-18.500000000000007,13.0,-6.500000000000000));
#2082=DIRECTION('',(0.0,0.0,1.0));
#2083=DIRECTION('',(-1.0,0.0,0.0));
#2084=AXIS2_PLACEMENT_3D('',#2081,#2082,#2083);
#2085=CIRCLE('',#2084,4.0);
#2086=EDGE_CURVE('',#2080,#2080,#2085,.T.);
#2087=ORIENTED_EDGE('',*,*,#2086,.T.);
#2088=EDGE_LOOP('',(#2087));
#2089=FACE_BOUND('',#2088,.T.);
#2090=ADVANCED_FACE('',(#2078,#2089),#2067,.T.);
#2091=CARTESIAN_POINT('',(-18.500000000000007,13.0,8.999999999999996));
#2092=DIRECTION('',(0.0,0.0,-1.0));
#2093=DIRECTION('',(-1.0,0.0,0.0));
#2094=AXIS2_PLACEMENT_3D('',#2091,#2092,#2093);
#2095=CYLINDRICAL_SURFACE('',#2094,3.750000000000000);
#2096=ORIENTED_EDGE('',*,*,#1659,.F.);
#2097=EDGE_LOOP('',(#2096));
#2098=FACE_OUTER_BOUND('',#2097,.T.);
#2099=CARTESIAN_POINT('',(-22.250000000000007,13.0,-0.500000000000003));
#2100=VERTEX_POINT('',#2099);
#2101=CARTESIAN_POINT('',(-18.500000000000007,13.0,-0.500000000000003));
#2102=DIRECTION('',(0.0,0.0,-1.0));
#2103=DIRECTION('',(-1.0,0.0,0.0));
#2104=AXIS2_PLACEMENT_3D('',#2101,#2102,#2103);
#2105=CIRCLE('',#2104,3.750000000000000);
#2106=EDGE_CURVE('',#2100,#2100,#2105,.T.);
#2107=ORIENTED_EDGE('',*,*,#2106,.T.);
#2108=EDGE_LOOP('',(#2107));
#2109=FACE_BOUND('',#2108,.T.);
#2110=ADVANCED_FACE('',(#2098,#2109),#2095,.F.);
#2111=CARTESIAN_POINT('',(-18.500000000000007,13.0,-0.500000000000003));
#2112=DIRECTION('',(0.0,0.0,-1.0));
#2113=DIRECTION('',(-1.0,0.0,0.0));
#2114=AXIS2_PLACEMENT_3D('',#2111,#2112,#2113);
#2115=PLANE('',#2114);
#2116=ORIENTED_EDGE('',*,*,#2106,.F.);
#2117=EDGE_LOOP('',(#2116));
#2118=FACE_OUTER_BOUND('',#2117,.T.);
#2119=CARTESIAN_POINT('',(-16.041500000000006,13.0,-0.500000000000007));
#2120=VERTEX_POINT('',#2119);
#2121=CARTESIAN_POINT('',(-18.500000000000007,13.0,-0.500000000000007));
#2122=DIRECTION('',(0.0,0.0,1.0));
#2123=DIRECTION('',(-1.0,0.0,0.0));
#2124=AXIS2_PLACEMENT_3D('',#2121,#2122,#2123);
#2125=CIRCLE('',#2124,2.458500000000000);
#2126=EDGE_CURVE('',#2120,#2120,#2125,.T.);
#2127=ORIENTED_EDGE('',*,*,#2126,.F.);
#2128=EDGE_LOOP('',(#2127));
#2129=FACE_BOUND('',#2128,.T.);
#2130=ADVANCED_FACE('',(#2118,#2129),#2115,.F.);
#2131=CARTESIAN_POINT('',(-14.500000000000007,17.0,-5.500000000000000));
#2132=CARTESIAN_POINT('',(-22.500000000000004,17.0,-5.500000000000000));
#2133=CARTESIAN_POINT('',(-14.500000000000007,9.0,-5.500000000000000));
#2134=CARTESIAN_POINT('',(-22.500000000000007,9.0,-5.500000000000000));
#2135=B_SPLINE_SURFACE_WITH_KNOTS('',1,1,((#2131,#2133),(#2132,#2134)),.UNSPECIFIED.,.F.,.F.,.U.,(2,2),(2,2),(0.0,7.999999999999996),(0.0,8.0),.UNSPECIFIED.);
#2136=CARTESIAN_POINT('',(-22.500000000000004,13.0,-5.500000000000000));
#2137=VERTEX_POINT('',#2136);
#2138=CARTESIAN_POINT('',(-18.500000000000007,13.0,-5.500000000000000));
#2139=DIRECTION('',(0.0,0.0,-1.0));
#2140=DIRECTION('',(-1.0,0.0,0.0));
#2141=AXIS2_PLACEMENT_3D('',#2138,#2139,#2140);
#2142=CIRCLE('',#2141,4.0);
#2143=EDGE_CURVE('',#2137,#2137,#2142,.T.);
#2144=ORIENTED_EDGE('',*,*,#2143,.T.);
#2145=EDGE_LOOP('',(#2144));
#2146=FACE_OUTER_BOUND('',#2145,.T.);
#2147=CARTESIAN_POINT('',(-16.041500000000006,13.0,-5.500000000000004));
#2148=VERTEX_POINT('',#2147);
#2149=CARTESIAN_POINT('',(-18.500000000000007,13.0,-5.500000000000004));
#2150=DIRECTION('',(0.0,0.0,-1.0));
#2151=DIRECTION('',(-1.0,0.0,0.0));
#2152=AXIS2_PLACEMENT_3D('',#2149,#2150,#2151);
#2153=CIRCLE('',#2152,2.458500000000000);
#2154=EDGE_CURVE('',#2148,#2148,#2153,.T.);
#2155=ORIENTED_EDGE('',*,*,#2154,.F.);
#2156=EDGE_LOOP('',(#2155));
#2157=FACE_BOUND('',#2156,.T.);
#2158=ADVANCED_FACE('',(#2146,#2157),#2135,.F.);
#2159=CARTESIAN_POINT('',(-14.500000000000007,13.0,-6.500000000000000));
#2160=CARTESIAN_POINT('',(-14.500000000000007,13.0,-5.500000000000000));
#2161=CARTESIAN_POINT('',(-14.500000000000009,9.0,-6.500000000000001));
#2162=CARTESIAN_POINT('',(-14.500000000000009,9.0,-5.500000000000000));
#2163=CARTESIAN_POINT('',(-18.500000000000007,9.0,-6.500000000000000));
#2164=CARTESIAN_POINT('',(-18.500000000000007,9.0,-5.500000000000000));
#2165=CARTESIAN_POINT('',(-22.500000000000007,9.0,-6.500000000000001));
#2166=CARTESIAN_POINT('',(-22.500000000000007,9.0,-5.500000000000000));
#2167=CARTESIAN_POINT('',(-22.500000000000007,13.0,-6.500000000000000));
#2168=CARTESIAN_POINT('',(-22.500000000000007,13.0,-5.500000000000000));
#2169=CARTESIAN_POINT('',(-22.500000000000007,17.0,-6.500000000000001));
#2170=CARTESIAN_POINT('',(-22.500000000000007,17.0,-5.500000000000000));
#2171=CARTESIAN_POINT('',(-18.500000000000007,17.0,-6.500000000000000));
#2172=CARTESIAN_POINT('',(-18.500000000000007,17.0,-5.500000000000000));
#2173=CARTESIAN_POINT('',(-14.500000000000009,17.0,-6.500000000000001));
#2174=CARTESIAN_POINT('',(-14.500000000000009,17.0,-5.500000000000000));
#2175=CARTESIAN_POINT('',(-14.500000000000007,13.0,-6.500000000000000));
#2176=CARTESIAN_POINT('',(-14.500000000000007,13.0,-5.500000000000000));
#2184=(BOUNDED_SURFACE()B_SPLINE_SURFACE(1,2,((#2159,#2161,#2163,#2165,#2167,#2169,#2171,#2173,#2175),(#2160,#2162,#2164,#2166,#2168,#2170,#2172,#2174,#2176)),.UNSPECIFIED.,.F.,.T.,.U.)B_SPLINE_SURFACE_WITH_KNOTS((2,2),(3,2,2,2,3),(-0.125000000000000,0.125000000000000),(0.0,6.283185307179586,12.566370614359172,18.849555921538759,25.132741228718345),.UNSPECIFIED.)GEOMETRIC_REPRESENTATION_ITEM()RATIONAL_B_SPLINE_SURFACE(((1.0,0.707106781186548,1.0,0.707106781186548,1.0,0.707106781186548,1.0,0.707106781186548,1.0),(1.0,0.707106781186548,1.0,0.707106781186548,1.0,0.707106781186548,1.0,0.707106781186548,1.0)))REPRESENTATION_ITEM('')SURFACE());
#2185=ORIENTED_EDGE('',*,*,#2086,.F.);
#2186=EDGE_LOOP('',(#2185));
#2187=FACE_OUTER_BOUND('',#2186,.T.);
#2188=ORIENTED_EDGE('',*,*,#2143,.F.);
#2189=EDGE_LOOP('',(#2188));
#2190=FACE_BOUND('',#2189,.T.);
#2191=ADVANCED_FACE('',(#2187,#2190),#2184,.F.);
#2192=CARTESIAN_POINT('',(-16.041500000000006,13.0,-5.500000000000000));
#2193=CARTESIAN_POINT('',(-16.041500000000006,13.0,-0.500000000000000));
#2194=CARTESIAN_POINT('',(-16.041500000000006,10.541499999999999,-5.500000000000000));
#2195=CARTESIAN_POINT('',(-16.041500000000006,10.541499999999999,-0.500000000000000));
#2196=CARTESIAN_POINT('',(-18.500000000000007,10.541499999999999,-5.500000000000000));
#2197=CARTESIAN_POINT('',(-18.500000000000007,10.541499999999999,-0.500000000000000));
#2198=CARTESIAN_POINT('',(-20.958500000000008,10.541499999999999,-5.500000000000000));
#2199=CARTESIAN_POINT('',(-20.958500000000008,10.541499999999999,-0.500000000000000));
#2200=CARTESIAN_POINT('',(-20.958500000000008,13.0,-5.500000000000000));
#2201=CARTESIAN_POINT('',(-20.958500000000008,13.0,-0.500000000000000));
#2202=CARTESIAN_POINT('',(-20.958500000000008,15.458500000000001,-5.500000000000000));
#2203=CARTESIAN_POINT('',(-20.958500000000008,15.458500000000001,-0.500000000000000));
#2204=CARTESIAN_POINT('',(-18.500000000000007,15.458500000000001,-5.500000000000000));
#2205=CARTESIAN_POINT('',(-18.500000000000007,15.458500000000001,-0.500000000000000));
#2206=CARTESIAN_POINT('',(-16.041500000000006,15.458500000000001,-5.500000000000000));
#2207=CARTESIAN_POINT('',(-16.041500000000006,15.458500000000001,-0.500000000000000));
#2208=CARTESIAN_POINT('',(-16.041500000000006,13.0,-5.500000000000000));
#2209=CARTESIAN_POINT('',(-16.041500000000006,13.0,-0.500000000000000));
#2217=(BOUNDED_SURFACE()B_SPLINE_SURFACE(1,2,((#2192,#2194,#2196,#2198,#2200,#2202,#2204,#2206,#2208),(#2193,#2195,#2197,#2199,#2201,#2203,#2205,#2207,#2209)),.UNSPECIFIED.,.F.,.T.,.U.)B_SPLINE_SURFACE_WITH_KNOTS((2,2),(3,2,2,2,3),(-29.272216956607199,-27.238456533585033),(0.0,3.861802769425253,7.723605538850507,11.585408308275760,15.447211077701013),.UNSPECIFIED.)GEOMETRIC_REPRESENTATION_ITEM()RATIONAL_B_SPLINE_SURFACE(((1.0,0.707106781186548,1.0,0.707106781186548,1.0,0.707106781186548,1.0,0.707106781186548,1.0),(1.0,0.707106781186548,1.0,0.707106781186548,1.0,0.707106781186548,1.0,0.707106781186548,1.0)))REPRESENTATION_ITEM('')SURFACE());
#2218=ORIENTED_EDGE('',*,*,#2126,.T.);
#2219=EDGE_LOOP('',(#2218));
#2220=FACE_OUTER_BOUND('',#2219,.T.);
#2221=ORIENTED_EDGE('',*,*,#2154,.T.);
#2222=EDGE_LOOP('',(#2221));
#2223=FACE_BOUND('',#2222,.T.);
#2224=ADVANCED_FACE('',(#2220,#2223),#2217,.F.);
#2225=CARTESIAN_POINT('',(-8.999999999999996,13.0,18.500000000000011));
#2226=DIRECTION('',(1.0,0.0,-2.886580E-016));
#2227=DIRECTION('',(0.0,0.0,-1.0));
#2228=AXIS2_PLACEMENT_3D('',#2225,#2226,#2227);
#2229=CYLINDRICAL_SURFACE('',#2228,3.750000000000000);
#2230=ORIENTED_EDGE('',*,*,#1736,.F.);
#2231=EDGE_LOOP('',(#2230));
#2232=FACE_OUTER_BOUND('',#2231,.T.);
#2233=CARTESIAN_POINT('',(0.500000000000003,13.0,14.750000000000005));
#2234=VERTEX_POINT('',#2233);
#2235=CARTESIAN_POINT('',(0.500000000000003,13.0,18.500000000000007));
#2236=DIRECTION('',(1.0,0.0,0.0));
#2237=DIRECTION('',(0.0,0.0,-1.0));
#2238=AXIS2_PLACEMENT_3D('',#2235,#2236,#2237);
#2239=CIRCLE('',#2238,3.750000000000000);
#2240=EDGE_CURVE('',#2234,#2234,#2239,.T.);
#2241=ORIENTED_EDGE('',*,*,#2240,.T.);
#2242=EDGE_LOOP('',(#2241));
#2243=FACE_BOUND('',#2242,.T.);
#2244=ADVANCED_FACE('',(#2232,#2243),#2229,.F.);
#2245=CARTESIAN_POINT('',(0.500000000000003,13.0,18.500000000000007));
#2246=DIRECTION('',(1.0,0.0,0.0));
#2247=DIRECTION('',(0.0,0.0,-1.0));
#2248=AXIS2_PLACEMENT_3D('',#2245,#2246,#2247);
#2249=PLANE('',#2248);
#2250=ORIENTED_EDGE('',*,*,#2240,.F.);
#2251=EDGE_LOOP('',(#2250));
#2252=FACE_OUTER_BOUND('',#2251,.T.);
#2253=CARTESIAN_POINT('',(0.500000000000008,13.0,20.958500000000004));
#2254=VERTEX_POINT('',#2253);
#2255=CARTESIAN_POINT('',(0.500000000000007,13.0,18.500000000000007));
#2256=DIRECTION('',(-1.0,0.0,0.0));
#2257=DIRECTION('',(0.0,0.0,-1.0));
#2258=AXIS2_PLACEMENT_3D('',#2255,#2256,#2257);
#2259=CIRCLE('',#2258,2.458500000000000);
#2260=EDGE_CURVE('',#2254,#2254,#2259,.T.);
#2261=ORIENTED_EDGE('',*,*,#2260,.F.);
#2262=EDGE_LOOP('',(#2261));
#2263=FACE_BOUND('',#2262,.T.);
#2264=ADVANCED_FACE('',(#2252,#2263),#2249,.F.);
#2265=CARTESIAN_POINT('',(5.500000000000004,17.0,22.500000000000004));
#2266=CARTESIAN_POINT('',(5.500000000000002,17.0,14.500000000000009));
#2267=CARTESIAN_POINT('',(5.500000000000004,9.0,22.500000000000004));
#2268=CARTESIAN_POINT('',(5.500000000000003,9.0,14.500000000000011));
#2269=B_SPLINE_SURFACE_WITH_KNOTS('',1,1,((#2265,#2267),(#2266,#2268)),.UNSPECIFIED.,.F.,.F.,.U.,(2,2),(2,2),(0.0,7.999999999999995),(0.0,8.0),.UNSPECIFIED.);
#2270=CARTESIAN_POINT('',(5.500000000000003,13.0,14.500000000000007));
#2271=VERTEX_POINT('',#2270);
#2272=CARTESIAN_POINT('',(5.500000000000004,13.0,18.500000000000007));
#2273=DIRECTION('',(1.0,0.0,0.0));
#2274=DIRECTION('',(0.0,0.0,-1.0));
#2275=AXIS2_PLACEMENT_3D('',#2272,#2273,#2274);
#2276=CIRCLE('',#2275,4.0);
#2277=EDGE_CURVE('',#2271,#2271,#2276,.T.);
#2278=ORIENTED_EDGE('',*,*,#2277,.T.);
#2279=EDGE_LOOP('',(#2278));
#2280=FACE_OUTER_BOUND('',#2279,.T.);
#2281=CARTESIAN_POINT('',(5.500000000000008,13.0,20.958500000000004));
#2282=VERTEX_POINT('',#2281);
#2283=CARTESIAN_POINT('',(5.500000000000007,13.0,18.500000000000007));
#2284=DIRECTION('',(1.0,0.0,0.0));
#2285=DIRECTION('',(0.0,0.0,-1.0));
#2286=AXIS2_PLACEMENT_3D('',#2283,#2284,#2285);
#2287=CIRCLE('',#2286,2.458500000000000);
#2288=EDGE_CURVE('',#2282,#2282,#2287,.T.);
#2289=ORIENTED_EDGE('',*,*,#2288,.F.);
#2290=EDGE_LOOP('',(#2289));
#2291=FACE_BOUND('',#2290,.T.);
#2292=ADVANCED_FACE('',(#2280,#2291),#2269,.F.);
#2293=CARTESIAN_POINT('',(6.500000000000006,13.0,22.500000000000007));
#2294=CARTESIAN_POINT('',(5.500000000000003,13.0,22.500000000000007));
#2295=CARTESIAN_POINT('',(6.500000000000007,9.0,22.500000000000007));
#2296=CARTESIAN_POINT('',(5.500000000000003,9.0,22.500000000000007));
#2297=CARTESIAN_POINT('',(6.500000000000005,9.0,18.500000000000007));
#2298=CARTESIAN_POINT('',(5.500000000000002,9.0,18.500000000000007));
#2299=CARTESIAN_POINT('',(6.500000000000004,9.0,14.500000000000009));
#2300=CARTESIAN_POINT('',(5.500000000000001,9.0,14.500000000000009));
#2301=CARTESIAN_POINT('',(6.500000000000004,13.0,14.500000000000007));
#2302=CARTESIAN_POINT('',(5.500000000000001,13.0,14.500000000000007));
#2303=CARTESIAN_POINT('',(6.500000000000004,17.0,14.500000000000009));
#2304=CARTESIAN_POINT('',(5.500000000000001,17.0,14.500000000000009));
#2305=CARTESIAN_POINT('',(6.500000000000005,17.0,18.500000000000007));
#2306=CARTESIAN_POINT('',(5.500000000000002,17.0,18.500000000000007));
#2307=CARTESIAN_POINT('',(6.500000000000007,17.0,22.500000000000007));
#2308=CARTESIAN_POINT('',(5.500000000000003,17.0,22.500000000000007));
#2309=CARTESIAN_POINT('',(6.500000000000006,13.0,22.500000000000007));
#2310=CARTESIAN_POINT('',(5.500000000000003,13.0,22.500000000000007));
#2318=(BOUNDED_SURFACE()B_SPLINE_SURFACE(1,2,((#2293,#2295,#2297,#2299,#2301,#2303,#2305,#2307,#2309),(#2294,#2296,#2298,#2300,#2302,#2304,#2306,#2308,#2310)),.UNSPECIFIED.,.F.,.T.,.U.)B_SPLINE_SURFACE_WITH_KNOTS((2,2),(3,2,2,2,3),(-0.125000000000000,0.125000000000000),(0.0,6.283185307179586,12.566370614359172,18.849555921538759,25.132741228718345),.UNSPECIFIED.)GEOMETRIC_REPRESENTATION_ITEM()RATIONAL_B_SPLINE_SURFACE(((1.0,0.707106781186548,1.0,0.707106781186548,1.0,0.707106781186548,1.0,0.707106781186548,1.0),(1.0,0.707106781186548,1.0,0.707106781186548,1.0,0.707106781186548,1.0,0.707106781186548,1.0)))REPRESENTATION_ITEM('')SURFACE());
#2319=ORIENTED_EDGE('',*,*,#1965,.F.);
#2320=EDGE_LOOP('',(#2319));
#2321=FACE_OUTER_BOUND('',#2320,.T.);
#2322=ORIENTED_EDGE('',*,*,#2277,.F.);
#2323=EDGE_LOOP('',(#2322));
#2324=FACE_BOUND('',#2323,.T.);
#2325=ADVANCED_FACE('',(#2321,#2324),#2318,.F.);
#2326=CARTESIAN_POINT('',(5.500000000000000,13.0,20.958500000000004));
#2327=CARTESIAN_POINT('',(0.500000000000000,13.0,20.958500000000008));
#2328=CARTESIAN_POINT('',(5.500000000000000,10.541499999999999,20.958500000000004));
#2329=CARTESIAN_POINT('',(0.500000000000000,10.541499999999999,20.958500000000008));
#2330=CARTESIAN_POINT('',(5.500000000000000,10.541499999999999,18.500000000000004));
#2331=CARTESIAN_POINT('',(0.500000000000000,10.541499999999999,18.500000000000007));
#2332=CARTESIAN_POINT('',(5.500000000000000,10.541499999999999,16.041500000000003));
#2333=CARTESIAN_POINT('',(0.500000000000000,10.541499999999999,16.041500000000006));
#2334=CARTESIAN_POINT('',(5.500000000000000,13.0,16.041500000000003));
#2335=CARTESIAN_POINT('',(0.500000000000000,13.0,16.041500000000006));
#2336=CARTESIAN_POINT('',(5.500000000000000,15.458500000000001,16.041500000000003));
#2337=CARTESIAN_POINT('',(0.500000000000000,15.458500000000001,16.041500000000006));
#2338=CARTESIAN_POINT('',(5.500000000000000,15.458500000000001,18.500000000000004));
#2339=CARTESIAN_POINT('',(0.500000000000000,15.458500000000001,18.500000000000007));
#2340=CARTESIAN_POINT('',(5.500000000000000,15.458500000000001,20.958500000000004));
#2341=CARTESIAN_POINT('',(0.500000000000000,15.458500000000001,20.958500000000008));
#2342=CARTESIAN_POINT('',(5.500000000000000,13.0,20.958500000000004));
#2343=CARTESIAN_POINT('',(0.500000000000000,13.0,20.958500000000008));
#2351=(BOUNDED_SURFACE()B_SPLINE_SURFACE(1,2,((#2326,#2328,#2330,#2332,#2334,#2336,#2338,#2340,#2342),(#2327,#2329,#2331,#2333,#2335,#2337,#2339,#2341,#2343)),.UNSPECIFIED.,.F.,.T.,.U.)B_SPLINE_SURFACE_WITH_KNOTS((2,2),(3,2,2,2,3),(-29.272216956607199,-27.238456533585033),(0.0,3.861802769425253,7.723605538850507,11.585408308275760,15.447211077701013),.UNSPECIFIED.)GEOMETRIC_REPRESENTATION_ITEM()RATIONAL_B_SPLINE_SURFACE(((1.0,0.707106781186548,1.0,0.707106781186548,1.0,0.707106781186548,1.0,0.707106781186548,1.0),(1.0,0.707106781186548,1.0,0.707106781186548,1.0,0.707106781186548,1.0,0.707106781186548,1.0)))REPRESENTATION_ITEM('')SURFACE());
#2352=ORIENTED_EDGE('',*,*,#2260,.T.);
#2353=EDGE_LOOP('',(#2352));
#2354=FACE_OUTER_BOUND('',#2353,.T.);
#2355=ORIENTED_EDGE('',*,*,#2288,.T.);
#2356=EDGE_LOOP('',(#2355));
#2357=FACE_BOUND('',#2356,.T.);
#2358=ADVANCED_FACE('',(#2354,#2357),#2351,.F.);
#2359=CARTESIAN_POINT('',(-43.500000000000007,0.0,6.500000000000000));
#2360=DIRECTION('',(0.0,0.0,-1.0));
#2361=DIRECTION('',(-1.0,0.0,0.0));
#2362=AXIS2_PLACEMENT_3D('',#2359,#2360,#2361);
#2363=PLANE('',#2362);
#2364=ORIENTED_EDGE('',*,*,#1759,.F.);
#2365=CARTESIAN_POINT('',(-40.500000000000000,18.0,6.499999999999999));
#2366=DIRECTION('',(1.0,0.0,0.0));
#2367=VECTOR('',#2366,12.050125628933799);
#2368=LINE('',#2365,#2367);
#2369=EDGE_CURVE('',#1828,#1747,#2368,.T.);
#2370=ORIENTED_EDGE('',*,*,#2369,.F.);
#2371=ORIENTED_EDGE('',*,*,#1849,.F.);
#2372=ORIENTED_EDGE('',*,*,#1435,.T.);
#2373=EDGE_LOOP('',(#2364,#2370,#2371,#2372));
#2374=FACE_OUTER_BOUND('',#2373,.T.);
#2375=ADVANCED_FACE('',(#2374),#2363,.F.);
#2376=CARTESIAN_POINT('',(-6.499999999999990,0.0,27.499999999999982));
#2377=DIRECTION('',(1.0,0.0,0.0));
#2378=DIRECTION('',(0.0,0.0,-1.0));
#2379=AXIS2_PLACEMENT_3D('',#2376,#2377,#2378);
#2380=PLANE('',#2379);
#2381=ORIENTED_EDGE('',*,*,#1400,.F.);
#2382=ORIENTED_EDGE('',*,*,#1518,.T.);
#2383=ORIENTED_EDGE('',*,*,#1793,.F.);
#2384=CARTESIAN_POINT('',(-6.499999999999990,18.0,28.449874371066180));
#2385=DIRECTION('',(0.0,0.0,1.0));
#2386=VECTOR('',#2385,12.050125628933820);
#2387=LINE('',#2384,#2386);
#2388=EDGE_CURVE('',#1369,#1781,#2387,.T.);
#2389=ORIENTED_EDGE('',*,*,#2388,.F.);
#2390=EDGE_LOOP('',(#2381,#2382,#2383,#2389));
#2391=FACE_OUTER_BOUND('',#2390,.T.);
#2392=ADVANCED_FACE('',(#2391),#2380,.F.);
#2393=CARTESIAN_POINT('',(-18.500000000000000,18.0,18.500000000000007));
#2394=DIRECTION('',(0.0,1.0,0.0));
#2395=DIRECTION('',(0.0,0.0,1.0));
#2396=AXIS2_PLACEMENT_3D('',#2393,#2394,#2395);
#2397=PLANE('',#2396);
#2398=ORIENTED_EDGE('',*,*,#1377,.F.);
#2399=ORIENTED_EDGE('',*,*,#2388,.T.);
#2400=ORIENTED_EDGE('',*,*,#1787,.F.);
#2401=ORIENTED_EDGE('',*,*,#1817,.F.);
#2402=ORIENTED_EDGE('',*,*,#1980,.F.);
#2403=ORIENTED_EDGE('',*,*,#1947,.F.);
#2404=ORIENTED_EDGE('',*,*,#1917,.F.);
#2405=ORIENTED_EDGE('',*,*,#2073,.F.);
#2406=ORIENTED_EDGE('',*,*,#1890,.F.);
#2407=ORIENTED_EDGE('',*,*,#1866,.F.);
#2408=ORIENTED_EDGE('',*,*,#1836,.F.);
#2409=ORIENTED_EDGE('',*,*,#2369,.T.);
#2410=ORIENTED_EDGE('',*,*,#1753,.F.);
#2411=ORIENTED_EDGE('',*,*,#1575,.T.);
#2412=EDGE_LOOP('',(#2398,#2399,#2400,#2401,#2402,#2403,#2404,#2405,#2406,#2407,#2408,#2409,#2410,#2411));
#2413=FACE_OUTER_BOUND('',#2412,.T.);
#2414=ORIENTED_EDGE('',*,*,#877,.T.);
#2415=EDGE_LOOP('',(#2414));
#2416=FACE_BOUND('',#2415,.T.);
#2417=ORIENTED_EDGE('',*,*,#1077,.T.);
#2418=EDGE_LOOP('',(#2417));
#2419=FACE_BOUND('',#2418,.T.);
#2420=ORIENTED_EDGE('',*,*,#1204,.T.);
#2421=EDGE_LOOP('',(#2420));
#2422=FACE_BOUND('',#2421,.T.);
#2423=ORIENTED_EDGE('',*,*,#1314,.T.);
#2424=EDGE_LOOP('',(#2423));
#2425=FACE_BOUND('',#2424,.T.);
#2426=ADVANCED_FACE('',(#2413,#2416,#2419,#2422,#2425),#2397,.T.);
#2427=CLOSED_SHELL('',(#123,#132,#158,#186,#214,#234,#254,#274,#294,#314,#326,#346,#374,#383,#403,#415,#424,#441,#450,#476,#504,#532,#552,#572,#592,#612,#632,#644,#664,#692,#701,#721,#733,#742,#770,#782,#802,#844,#864,#884,#904,#913,#933,#942,#970,#982,#1002,#1044,#1064,#1084,#1104,#1113,#1133,#1142,#1170,#1211,#1252,#1280,#1321,#1362,#1404,#1561,#1740,#1765,#1797,#1821,#1853,#1877,#1902,#1934,#1969,#1987,#1996,#2029,#2062,#2090,#2110,#2130,#2158,#2191,#2224,#2244,#2264,#2292,#2325,#2358,#2375,#2392,#2426));
#2428=MANIFOLD_SOLID_BREP('',#2427);
#2429=COLOUR_RGB('Default',0.752941012382507,0.752941012382507,0.752941012382507);
#2430=FILL_AREA_STYLE_COLOUR('Default',#2429);
#2431=FILL_AREA_STYLE('Default',(#2430));
#2432=SURFACE_STYLE_FILL_AREA(#2431);
#2433=SURFACE_SIDE_STYLE('Default',(#2432));
#2434=SURFACE_STYLE_USAGE(.BOTH.,#2433);
#2435=PRESENTATION_STYLE_ASSIGNMENT((#2434));
#2436=STYLED_ITEM('',(#2435),#2428);
#2437=MECHANICAL_DESIGN_GEOMETRIC_PRESENTATION_REPRESENTATION('',(#2436,#5501,#5502,#5503,#5504),#36);
#2438=ADVANCED_BREP_SHAPE_REPRESENTATION('ABSR',(#2428),#75);
#2439=SHAPE_REPRESENTATION_RELATIONSHIP('SRR','None',#2438,#80);
#2440=AXIS2_PLACEMENT_3D('',#2441,#2442,#2443);
#2441=CARTESIAN_POINT('',(0.0,0.0,0.0));
#2442=DIRECTION('',(0.0,0.0,1.0));
#2443=DIRECTION('',(1.0,0.0,0.0));
#2444=NEXT_ASSEMBLY_USAGE_OCCURRENCE('MHGT254-M02-13001-S02:1','MHGT254-M02-13001-S02:1','MHGT254-M02-13001-S02:1',#12,#51,'MHGT254-M02-13001-S02:1');
#2445=PRODUCT_DEFINITION_SHAPE('MHGT254-M02-13001-S02:1','MHGT254-M02-13001-S02:1',#2444);
#2446=ITEM_DEFINED_TRANSFORMATION('MHGT254-M02-13001-S02:1','MHGT254-M02-13001-S02:1',#76,#2440);
#2450=(REPRESENTATION_RELATIONSHIP('MHGT254-M02-13001-S02:1','MHGT254-M02-13001-S02:1',#80,#41)REPRESENTATION_RELATIONSHIP_WITH_TRANSFORMATION(#2446)SHAPE_REPRESENTATION_RELATIONSHIP());
#2451=CONTEXT_DEPENDENT_SHAPE_REPRESENTATION(#2450,#2445);
#2452=APPLICATION_CONTEXT('automotive design');
#2453=APPLICATION_PROTOCOL_DEFINITION('International Standard','automotive_design',2001,#2452);
#2454=PRODUCT_CONTEXT('',#2452,'mechanical');
#2455=PRODUCT('MHGT254-M02-13001-S01','MHGT254-M02-13001-S01',$,(#2454));
#2456=PRODUCT_RELATED_PRODUCT_CATEGORY('part',$,(#2455));
#2457=PRODUCT_DEFINITION_FORMATION('',$,#2455);
#2458=PRODUCT_DEFINITION_CONTEXT('part definition',#2452,'design');
#2459=PRODUCT_DEFINITION('',$,#2457,#2458);
#2465=(NAMED_UNIT(*)PLANE_ANGLE_UNIT()SI_UNIT($,.RADIAN.));
#2466=DIMENSIONAL_EXPONENTS(0.0,0.0,0.0,0.0,0.0,0.0,0.0);
#2467=PLANE_ANGLE_MEASURE_WITH_UNIT(PLANE_ANGLE_MEASURE(0.017453292500000),#2465);
#2471=(CONVERSION_BASED_UNIT('DEGREE',#2467)NAMED_UNIT(#2466)PLANE_ANGLE_UNIT());
#2475=(NAMED_UNIT(*)SI_UNIT($,.STERADIAN.)SOLID_ANGLE_UNIT());
#2479=(LENGTH_UNIT()NAMED_UNIT(*)SI_UNIT(.MILLI.,.METRE.));
#2481=UNCERTAINTY_MEASURE_WITH_UNIT(LENGTH_MEASURE(0.010000000000000),#2479,'DISTANCE_ACCURACY_VALUE','');
#2483=(GEOMETRIC_REPRESENTATION_CONTEXT(3)GLOBAL_UNCERTAINTY_ASSIGNED_CONTEXT((#2481))GLOBAL_UNIT_ASSIGNED_CONTEXT((#2471,#2475,#2479))REPRESENTATION_CONTEXT('None','None'));
#2484=AXIS2_PLACEMENT_3D('',#2485,#2486,#2487);
#2485=CARTESIAN_POINT('',(0.0,0.0,0.0));
#2486=DIRECTION('',(0.0,0.0,1.0));
#2487=DIRECTION('',(1.0,0.0,0.0));
#2488=SHAPE_REPRESENTATION('',(#2484),#2483);
#2489=PRODUCT_DEFINITION_SHAPE('','',#2459);
#2490=SHAPE_DEFINITION_REPRESENTATION(#2489,#2488);
#2496=(NAMED_UNIT(*)PLANE_ANGLE_UNIT()SI_UNIT($,.RADIAN.));
#2497=DIMENSIONAL_EXPONENTS(0.0,0.0,0.0,0.0,0.0,0.0,0.0);
#2498=PLANE_ANGLE_MEASURE_WITH_UNIT(PLANE_ANGLE_MEASURE(0.017453292500000),#2496);
#2502=(CONVERSION_BASED_UNIT('DEGREE',#2498)NAMED_UNIT(#2497)PLANE_ANGLE_UNIT());
#2506=(NAMED_UNIT(*)SI_UNIT($,.STERADIAN.)SOLID_ANGLE_UNIT());
#2510=(LENGTH_UNIT()NAMED_UNIT(*)SI_UNIT(.MILLI.,.METRE.));
#2512=UNCERTAINTY_MEASURE_WITH_UNIT(LENGTH_MEASURE(0.000001000000000),#2510,'DISTANCE_ACCURACY_VALUE','');
#2514=(GEOMETRIC_REPRESENTATION_CONTEXT(3)GLOBAL_UNCERTAINTY_ASSIGNED_CONTEXT((#2512))GLOBAL_UNIT_ASSIGNED_CONTEXT((#2502,#2506,#2510))REPRESENTATION_CONTEXT('','3D'));
#2515=CARTESIAN_POINT('',(18.500000000000000,9.302640687119295,-18.500000000000007));
#2516=DIRECTION('',(0.0,0.0,1.0));
#2517=DIRECTION('',(1.0,0.0,0.0));
#2518=AXIS2_PLACEMENT_3D('',#2515,#2516,#2517);
#2519=SPHERICAL_SURFACE('',#2518,3.000000000000000);
#2520=CARTESIAN_POINT('',(18.500000000000000,7.181320343559648,-16.378679656440362));
#2521=VERTEX_POINT('',#2520);
#2522=CARTESIAN_POINT('',(18.500000000000000,7.181320343559648,-18.500000000000007));
#2523=DIRECTION('',(0.0,1.0,0.0));
#2524=DIRECTION('',(0.0,0.0,-1.0));
#2525=AXIS2_PLACEMENT_3D('',#2522,#2523,#2524);
#2526=CIRCLE('',#2525,2.121320343559643);
#2527=EDGE_CURVE('',#2521,#2521,#2526,.T.);
#2528=ORIENTED_EDGE('',*,*,#2527,.F.);
#2529=EDGE_LOOP('',(#2528));
#2530=FACE_OUTER_BOUND('',#2529,.T.);
#2531=ADVANCED_FACE('',(#2530),#2519,.T.);
#2532=CARTESIAN_POINT('',(18.500000000000000,9.302640687119295,-18.500000000000007));
#2533=DIRECTION('',(0.0,0.0,1.0));
#2534=DIRECTION('',(1.0,0.0,0.0));
#2535=AXIS2_PLACEMENT_3D('',#2532,#2533,#2534);
#2536=SPHERICAL_SURFACE('',#2535,3.000000000000000);
#2537=ORIENTED_EDGE('',*,*,#2527,.T.);
#2538=EDGE_LOOP('',(#2537));
#2539=FACE_OUTER_BOUND('',#2538,.T.);
#2540=ADVANCED_FACE('',(#2539),#2536,.T.);
#2541=CARTESIAN_POINT('',(18.500000000000000,6.530000000000005,-18.500000000000007));
#2542=DIRECTION('',(0.0,1.0,0.0));
#2543=DIRECTION('',(0.0,0.0,-1.0));
#2544=AXIS2_PLACEMENT_3D('',#2541,#2542,#2543);
#2545=CONICAL_SURFACE('',#2544,1.469999999999998,45.000000000000057);
#2546=CARTESIAN_POINT('',(18.500000000000000,8.0,-21.440000000000001));
#2547=VERTEX_POINT('',#2546);
#2548=CARTESIAN_POINT('',(18.500000000000000,8.0,-18.500000000000007));
#2549=DIRECTION('',(0.0,-1.0,0.0));
#2550=DIRECTION('',(0.0,0.0,-1.0));
#2551=AXIS2_PLACEMENT_3D('',#2548,#2549,#2550);
#2552=CIRCLE('',#2551,2.939999999999996);
#2553=EDGE_CURVE('',#2547,#2547,#2552,.T.);
#2554=ORIENTED_EDGE('',*,*,#2553,.F.);
#2555=EDGE_LOOP('',(#2554));
#2556=FACE_OUTER_BOUND('',#2555,.T.);
#2557=CARTESIAN_POINT('',(18.500000000000000,7.181320343559648,-18.500000000000007));
#2558=DIRECTION('',(0.0,1.0,0.0));
#2559=DIRECTION('',(0.0,0.0,-1.0));
#2560=AXIS2_PLACEMENT_3D('',#2557,#2558,#2559);
#2561=CIRCLE('',#2560,2.121320343559643);
#2562=EDGE_CURVE('',#2521,#2521,#2561,.T.);
#2563=ORIENTED_EDGE('',*,*,#2562,.F.);
#2564=EDGE_LOOP('',(#2563));
#2565=FACE_BOUND('',#2564,.T.);
#2566=ADVANCED_FACE('',(#2556,#2565),#2545,.F.);
#2567=CARTESIAN_POINT('',(7.999999999999999,3.749999999999998,-18.500000000000007));
#2568=DIRECTION('',(0.0,1.0,0.0));
#2569=DIRECTION('',(-1.0,0.0,0.0));
#2570=AXIS2_PLACEMENT_3D('',#2567,#2568,#2569);
#2571=CONICAL_SURFACE('',#2570,1.250000000000000,44.999999999999979);
#2572=CARTESIAN_POINT('',(9.0,3.499999999999999,-18.500000000000007));
#2573=VERTEX_POINT('',#2572);
#2574=CARTESIAN_POINT('',(7.999999999999999,3.499999999999999,-18.500000000000007));
#2575=DIRECTION('',(0.0,1.0,0.0));
#2576=DIRECTION('',(-1.0,0.0,0.0));
#2577=AXIS2_PLACEMENT_3D('',#2574,#2575,#2576);
#2578=CIRCLE('',#2577,1.000000000000000);
#2579=EDGE_CURVE('',#2573,#2573,#2578,.T.);
#2580=ORIENTED_EDGE('',*,*,#2579,.T.);
#2581=EDGE_LOOP('',(#2580));
#2582=FACE_OUTER_BOUND('',#2581,.T.);
#2583=CARTESIAN_POINT('',(6.770499999999999,3.729499999999997,-18.500000000000007));
#2584=VERTEX_POINT('',#2583);
#2585=CARTESIAN_POINT('',(7.999999999999999,3.729499999999997,-18.500000000000007));
#2586=DIRECTION('',(0.0,1.0,0.0));
#2587=DIRECTION('',(1.0,0.0,0.0));
#2588=AXIS2_PLACEMENT_3D('',#2585,#2586,#2587);
#2589=CIRCLE('',#2588,1.229500000000000);
#2590=EDGE_CURVE('',#2584,#2584,#2589,.T.);
#2591=ORIENTED_EDGE('',*,*,#2590,.F.);
#2592=EDGE_LOOP('',(#2591));
#2593=FACE_BOUND('',#2592,.T.);
#2594=ADVANCED_FACE('',(#2582,#2593),#2571,.T.);
#2595=CARTESIAN_POINT('',(7.999999999999999,3.499999999999999,-18.500000000000007));
#2596=DIRECTION('',(0.0,-1.0,0.0));
#2597=DIRECTION('',(0.0,0.0,-1.0));
#2598=AXIS2_PLACEMENT_3D('',#2595,#2596,#2597);
#2599=PLANE('',#2598);
#2600=ORIENTED_EDGE('',*,*,#2579,.F.);
#2601=EDGE_LOOP('',(#2600));
#2602=FACE_OUTER_BOUND('',#2601,.T.);
#2603=ADVANCED_FACE('',(#2602),#2599,.T.);
#2604=CARTESIAN_POINT('',(7.999999999999999,17.500000000000000,-18.500000000000007));
#2605=DIRECTION('',(0.0,-1.0,0.0));
#2606=DIRECTION('',(0.0,0.0,-1.0));
#2607=AXIS2_PLACEMENT_3D('',#2604,#2605,#2606);
#2608=TOROIDAL_SURFACE('',#2607,2.700000000000001,0.500000000000000);
#2609=CARTESIAN_POINT('',(5.299999999999998,18.0,-18.500000000000007));
#2610=VERTEX_POINT('',#2609);
#2611=CARTESIAN_POINT('',(7.999999999999999,18.0,-18.500000000000007));
#2612=DIRECTION('',(0.0,-1.0,0.0));
#2613=DIRECTION('',(1.0,0.0,0.0));
#2614=AXIS2_PLACEMENT_3D('',#2611,#2612,#2613);
#2615=CIRCLE('',#2614,2.700000000000001);
#2616=EDGE_CURVE('',#2610,#2610,#2615,.T.);
#2617=ORIENTED_EDGE('',*,*,#2616,.T.);
#2618=EDGE_LOOP('',(#2617));
#2619=FACE_OUTER_BOUND('',#2618,.T.);
#2620=CARTESIAN_POINT('',(4.799999999999999,17.500000000000000,-18.500000000000007));
#2621=VERTEX_POINT('',#2620);
#2622=CARTESIAN_POINT('',(7.999999999999999,17.500000000000000,-18.500000000000007));
#2623=DIRECTION('',(0.0,1.0,0.0));
#2624=DIRECTION('',(1.0,0.0,0.0));
#2625=AXIS2_PLACEMENT_3D('',#2622,#2623,#2624);
#2626=CIRCLE('',#2625,3.200000000000001);
#2627=EDGE_CURVE('',#2621,#2621,#2626,.T.);
#2628=ORIENTED_EDGE('',*,*,#2627,.T.);
#2629=EDGE_LOOP('',(#2628));
#2630=FACE_BOUND('',#2629,.T.);
#2631=ADVANCED_FACE('',(#2619,#2630),#2608,.T.);
#2632=CARTESIAN_POINT('',(7.999999999999999,18.0,-18.500000000000007));
#2633=DIRECTION('',(0.0,-1.0,0.0));
#2634=DIRECTION('',(1.0,0.0,0.0));
#2635=AXIS2_PLACEMENT_3D('',#2632,#2633,#2634);
#2636=CYLINDRICAL_SURFACE('',#2635,3.200000000000001);
#2637=CARTESIAN_POINT('',(11.200000000000001,17.0,-18.500000000000007));
#2638=VERTEX_POINT('',#2637);
#2639=CARTESIAN_POINT('',(7.999999999999999,17.0,-18.500000000000007));
#2640=DIRECTION('',(0.0,1.0,0.0));
#2641=DIRECTION('',(1.0,0.0,0.0));
#2642=AXIS2_PLACEMENT_3D('',#2639,#2640,#2641);
#2643=CIRCLE('',#2642,3.200000000000001);
#2644=EDGE_CURVE('',#2638,#2638,#2643,.T.);
#2645=ORIENTED_EDGE('',*,*,#2644,.T.);
#2646=EDGE_LOOP('',(#2645));
#2647=FACE_OUTER_BOUND('',#2646,.T.);
#2648=ORIENTED_EDGE('',*,*,#2627,.F.);
#2649=EDGE_LOOP('',(#2648));
#2650=FACE_BOUND('',#2649,.T.);
#2651=ADVANCED_FACE('',(#2647,#2650),#2636,.T.);
#2652=CARTESIAN_POINT('',(7.999999999999999,18.0,-18.500000000000007));
#2653=DIRECTION('',(0.0,-1.0,0.0));
#2654=DIRECTION('',(0.0,0.0,-1.0));
#2655=AXIS2_PLACEMENT_3D('',#2652,#2653,#2654);
#2656=PLANE('',#2655);
#2657=ORIENTED_EDGE('',*,*,#2616,.F.);
#2658=EDGE_LOOP('',(#2657));
#2659=FACE_OUTER_BOUND('',#2658,.T.);
#2660=CARTESIAN_POINT('',(9.0,18.0,-19.077350269189630));
#2661=VERTEX_POINT('',#2660);
#2662=CARTESIAN_POINT('',(9.0,18.0,-17.922649730810381));
#2663=VERTEX_POINT('',#2662);
#2664=CARTESIAN_POINT('',(9.0,18.0,-19.077350269189630));
#2665=DIRECTION('',(0.0,0.0,1.0));
#2666=VECTOR('',#2665,1.154700538379249);
#2667=LINE('',#2664,#2666);
#2668=EDGE_CURVE('',#2661,#2663,#2667,.T.);
#2669=ORIENTED_EDGE('',*,*,#2668,.T.);
#2670=CARTESIAN_POINT('',(7.999999999999999,18.0,-17.345299461620755));
#2671=VERTEX_POINT('',#2670);
#2672=CARTESIAN_POINT('',(9.0,18.0,-17.922649730810381));
#2673=DIRECTION('',(-0.866025403784439,0.0,0.500000000000000));
#2674=VECTOR('',#2673,1.154700538379253);
#2675=LINE('',#2672,#2674);
#2676=EDGE_CURVE('',#2663,#2671,#2675,.T.);
#2677=ORIENTED_EDGE('',*,*,#2676,.T.);
#2678=CARTESIAN_POINT('',(7.0,18.0,-17.922649730810377));
#2679=VERTEX_POINT('',#2678);
#2680=CARTESIAN_POINT('',(7.999999999999999,18.0,-17.345299461620755));
#2681=DIRECTION('',(-0.866025403784440,0.0,-0.499999999999998));
#2682=VECTOR('',#2681,1.154700538379249);
#2683=LINE('',#2680,#2682);
#2684=EDGE_CURVE('',#2671,#2679,#2683,.T.);
#2685=ORIENTED_EDGE('',*,*,#2684,.T.);
#2686=CARTESIAN_POINT('',(7.0,18.0,-19.077350269189630));
#2687=VERTEX_POINT('',#2686);
#2688=CARTESIAN_POINT('',(7.0,18.0,-17.922649730810377));
#2689=DIRECTION('',(0.0,0.0,-1.0));
#2690=VECTOR('',#2689,1.154700538379252);
#2691=LINE('',#2688,#2690);
#2692=EDGE_CURVE('',#2679,#2687,#2691,.T.);
#2693=ORIENTED_EDGE('',*,*,#2692,.T.);
#2694=CARTESIAN_POINT('',(7.999999999999999,18.0,-19.654700538379256));
#2695=VERTEX_POINT('',#2694);
#2696=CARTESIAN_POINT('',(7.0,18.0,-19.077350269189630));
#2697=DIRECTION('',(0.866025403784438,0.0,-0.500000000000001));
#2698=VECTOR('',#2697,1.154700538379251);
#2699=LINE('',#2696,#2698);
#2700=EDGE_CURVE('',#2687,#2695,#2699,.T.);
#2701=ORIENTED_EDGE('',*,*,#2700,.T.);
#2702=CARTESIAN_POINT('',(7.999999999999999,18.0,-19.654700538379256));
#2703=DIRECTION('',(0.866025403784439,0.0,0.500000000000000));
#2704=VECTOR('',#2703,1.154700538379253);
#2705=LINE('',#2702,#2704);
#2706=EDGE_CURVE('',#2695,#2661,#2705,.T.);
#2707=ORIENTED_EDGE('',*,*,#2706,.T.);
#2708=EDGE_LOOP('',(#2669,#2677,#2685,#2693,#2701,#2707));
#2709=FACE_BOUND('',#2708,.T.);
#2710=ADVANCED_FACE('',(#2659,#2709),#2656,.F.);
#2711=CARTESIAN_POINT('',(7.0,18.0,-18.500000000000007));
#2712=DIRECTION('',(-1.0,0.0,0.0));
#2713=DIRECTION('',(0.0,0.0,1.0));
#2714=AXIS2_PLACEMENT_3D('',#2711,#2712,#2713);
#2715=PLANE('',#2714);
#2716=ORIENTED_EDGE('',*,*,#2692,.F.);
#2717=CARTESIAN_POINT('',(7.0,16.500000000000000,-17.922649730810377));
#2718=VERTEX_POINT('',#2717);
#2719=CARTESIAN_POINT('',(7.0,18.0,-17.922649730810377));
#2720=DIRECTION('',(0.0,-1.0,0.0));
#2721=VECTOR('',#2720,1.500000000000000);
#2722=LINE('',#2719,#2721);
#2723=EDGE_CURVE('',#2679,#2718,#2722,.T.);
#2724=ORIENTED_EDGE('',*,*,#2723,.T.);
#2725=CARTESIAN_POINT('',(7.0,16.500000000000000,-18.500000000000007));
#2726=VERTEX_POINT('',#2725);
#2727=CARTESIAN_POINT('',(7.0,16.500000000000000,-17.922649730810377));
#2728=DIRECTION('',(0.0,0.0,-1.0));
#2729=VECTOR('',#2728,0.577350269189630);
#2730=LINE('',#2727,#2729);
#2731=EDGE_CURVE('',#2718,#2726,#2730,.T.);
#2732=ORIENTED_EDGE('',*,*,#2731,.T.);
#2733=CARTESIAN_POINT('',(7.0,16.500000000000000,-19.077350269189630));
#2734=VERTEX_POINT('',#2733);
#2735=CARTESIAN_POINT('',(7.0,16.500000000000000,-18.500000000000007));
#2736=DIRECTION('',(0.0,0.0,-1.0));
#2737=VECTOR('',#2736,0.577350269189623);
#2738=LINE('',#2735,#2737);
#2739=EDGE_CURVE('',#2726,#2734,#2738,.T.);
#2740=ORIENTED_EDGE('',*,*,#2739,.T.);
#2741=CARTESIAN_POINT('',(7.0,18.0,-19.077350269189630));
#2742=DIRECTION('',(0.0,-1.0,0.0));
#2743=VECTOR('',#2742,1.500000000000000);
#2744=LINE('',#2741,#2743);
#2745=EDGE_CURVE('',#2687,#2734,#2744,.T.);
#2746=ORIENTED_EDGE('',*,*,#2745,.F.);
#2747=EDGE_LOOP('',(#2716,#2724,#2732,#2740,#2746));
#2748=FACE_OUTER_BOUND('',#2747,.T.);
#2749=ADVANCED_FACE('',(#2748),#2715,.F.);
#2750=CARTESIAN_POINT('',(7.999999999999999,18.0,-19.654700538379256));
#2751=DIRECTION('',(-0.500000000000000,0.0,-0.866025403784439));
#2752=DIRECTION('',(-0.866025403784439,0.0,0.500000000000000));
#2753=AXIS2_PLACEMENT_3D('',#2750,#2751,#2752);
#2754=PLANE('',#2753);
#2755=ORIENTED_EDGE('',*,*,#2700,.F.);
#2756=ORIENTED_EDGE('',*,*,#2745,.T.);
#2757=CARTESIAN_POINT('',(7.499999999999999,16.500000000000000,-19.366025403784445));
#2758=VERTEX_POINT('',#2757);
#2759=CARTESIAN_POINT('',(7.0,16.500000000000000,-19.077350269189630));
#2760=DIRECTION('',(0.866025403784437,0.0,-0.500000000000003));
#2761=VECTOR('',#2760,0.577350269189626);
#2762=LINE('',#2759,#2761);
#2763=EDGE_CURVE('',#2734,#2758,#2762,.T.);
#2764=ORIENTED_EDGE('',*,*,#2763,.T.);
#2765=CARTESIAN_POINT('',(7.999999999999999,16.500000000000000,-19.654700538379256));
#2766=VERTEX_POINT('',#2765);
#2767=CARTESIAN_POINT('',(7.499999999999999,16.500000000000000,-19.366025403784445));
#2768=DIRECTION('',(0.866025403784440,0.0,-0.499999999999998));
#2769=VECTOR('',#2768,0.577350269189625);
#2770=LINE('',#2767,#2769);
#2771=EDGE_CURVE('',#2758,#2766,#2770,.T.);
#2772=ORIENTED_EDGE('',*,*,#2771,.T.);
#2773=CARTESIAN_POINT('',(7.999999999999999,18.0,-19.654700538379256));
#2774=DIRECTION('',(0.0,-1.0,0.0));
#2775=VECTOR('',#2774,1.500000000000000);
#2776=LINE('',#2773,#2775);
#2777=EDGE_CURVE('',#2695,#2766,#2776,.T.);
#2778=ORIENTED_EDGE('',*,*,#2777,.F.);
#2779=EDGE_LOOP('',(#2755,#2756,#2764,#2772,#2778));
#2780=FACE_OUTER_BOUND('',#2779,.T.);
#2781=ADVANCED_FACE('',(#2780),#2754,.F.);
#2782=CARTESIAN_POINT('',(7.0,18.0,-17.922649730810377));
#2783=DIRECTION('',(-0.500000000000000,0.0,0.866025403784439));
#2784=DIRECTION('',(0.866025403784439,0.0,0.500000000000000));
#2785=AXIS2_PLACEMENT_3D('',#2782,#2783,#2784);
#2786=PLANE('',#2785);
#2787=ORIENTED_EDGE('',*,*,#2684,.F.);
#2788=CARTESIAN_POINT('',(7.999999999999999,16.500000000000000,-17.345299461620755));
#2789=VERTEX_POINT('',#2788);
#2790=CARTESIAN_POINT('',(7.999999999999999,18.0,-17.345299461620755));
#2791=DIRECTION('',(0.0,-1.0,0.0));
#2792=VECTOR('',#2791,1.500000000000000);
#2793=LINE('',#2790,#2792);
#2794=EDGE_CURVE('',#2671,#2789,#2793,.T.);
#2795=ORIENTED_EDGE('',*,*,#2794,.T.);
#2796=CARTESIAN_POINT('',(7.500000000000000,16.500000000000000,-17.633974596215566));
#2797=VERTEX_POINT('',#2796);
#2798=CARTESIAN_POINT('',(7.999999999999999,16.500000000000000,-17.345299461620755));
#2799=DIRECTION('',(-0.866025403784439,0.0,-0.499999999999999));
#2800=VECTOR('',#2799,0.577350269189624);
#2801=LINE('',#2798,#2800);
#2802=EDGE_CURVE('',#2789,#2797,#2801,.T.);
#2803=ORIENTED_EDGE('',*,*,#2802,.T.);
#2804=CARTESIAN_POINT('',(7.500000000000000,16.500000000000000,-17.633974596215566));
#2805=DIRECTION('',(-0.866025403784440,0.0,-0.499999999999998));
#2806=VECTOR('',#2805,0.577350269189625);
#2807=LINE('',#2804,#2806);
#2808=EDGE_CURVE('',#2797,#2718,#2807,.T.);
#2809=ORIENTED_EDGE('',*,*,#2808,.T.);
#2810=ORIENTED_EDGE('',*,*,#2723,.F.);
#2811=EDGE_LOOP('',(#2787,#2795,#2803,#2809,#2810));
#2812=FACE_OUTER_BOUND('',#2811,.T.);
#2813=ADVANCED_FACE('',(#2812),#2786,.F.);
#2814=CARTESIAN_POINT('',(9.0,18.0,-19.077350269189630));
#2815=DIRECTION('',(0.500000000000000,0.0,-0.866025403784439));
#2816=DIRECTION('',(-0.866025403784439,0.0,-0.500000000000000));
#2817=AXIS2_PLACEMENT_3D('',#2814,#2815,#2816);
#2818=PLANE('',#2817);
#2819=ORIENTED_EDGE('',*,*,#2706,.F.);
#2820=ORIENTED_EDGE('',*,*,#2777,.T.);
#2821=CARTESIAN_POINT('',(8.500000000000000,16.500000000000000,-19.366025403784445));
#2822=VERTEX_POINT('',#2821);
#2823=CARTESIAN_POINT('',(7.999999999999999,16.500000000000000,-19.654700538379256));
#2824=DIRECTION('',(0.866025403784440,0.0,0.499999999999997));
#2825=VECTOR('',#2824,0.577350269189626);
#2826=LINE('',#2823,#2825);
#2827=EDGE_CURVE('',#2766,#2822,#2826,.T.);
#2828=ORIENTED_EDGE('',*,*,#2827,.T.);
#2829=CARTESIAN_POINT('',(9.0,16.500000000000000,-19.077350269189630));
#2830=VERTEX_POINT('',#2829);
#2831=CARTESIAN_POINT('',(8.500000000000000,16.500000000000000,-19.366025403784445));
#2832=DIRECTION('',(0.866025403784437,0.0,0.500000000000003));
#2833=VECTOR('',#2832,0.577350269189627);
#2834=LINE('',#2831,#2833);
#2835=EDGE_CURVE('',#2822,#2830,#2834,.T.);
#2836=ORIENTED_EDGE('',*,*,#2835,.T.);
#2837=CARTESIAN_POINT('',(9.0,18.0,-19.077350269189630));
#2838=DIRECTION('',(0.0,-1.0,0.0));
#2839=VECTOR('',#2838,1.500000000000000);
#2840=LINE('',#2837,#2839);
#2841=EDGE_CURVE('',#2661,#2830,#2840,.T.);
#2842=ORIENTED_EDGE('',*,*,#2841,.F.);
#2843=EDGE_LOOP('',(#2819,#2820,#2828,#2836,#2842));
#2844=FACE_OUTER_BOUND('',#2843,.T.);
#2845=ADVANCED_FACE('',(#2844),#2818,.F.);
#2846=CARTESIAN_POINT('',(7.999999999999999,18.0,-17.345299461620755));
#2847=DIRECTION('',(0.500000000000000,0.0,0.866025403784439));
#2848=DIRECTION('',(0.866025403784439,0.0,-0.500000000000000));
#2849=AXIS2_PLACEMENT_3D('',#2846,#2847,#2848);
#2850=PLANE('',#2849);
#2851=ORIENTED_EDGE('',*,*,#2676,.F.);
#2852=CARTESIAN_POINT('',(9.0,16.500000000000000,-17.922649730810381));
#2853=VERTEX_POINT('',#2852);
#2854=CARTESIAN_POINT('',(9.0,18.0,-17.922649730810381));
#2855=DIRECTION('',(0.0,-1.0,0.0));
#2856=VECTOR('',#2855,1.500000000000000);
#2857=LINE('',#2854,#2856);
#2858=EDGE_CURVE('',#2663,#2853,#2857,.T.);
#2859=ORIENTED_EDGE('',*,*,#2858,.T.);
#2860=CARTESIAN_POINT('',(8.500000000000000,16.500000000000000,-17.633974596215566));
#2861=VERTEX_POINT('',#2860);
#2862=CARTESIAN_POINT('',(9.0,16.500000000000000,-17.922649730810381));
#2863=DIRECTION('',(-0.866025403784437,0.0,0.500000000000003));
#2864=VECTOR('',#2863,0.577350269189627);
#2865=LINE('',#2862,#2864);
#2866=EDGE_CURVE('',#2853,#2861,#2865,.T.);
#2867=ORIENTED_EDGE('',*,*,#2866,.T.);
#2868=CARTESIAN_POINT('',(8.500000000000000,16.500000000000000,-17.633974596215566));
#2869=DIRECTION('',(-0.866025403784440,0.0,0.499999999999997));
#2870=VECTOR('',#2869,0.577350269189626);
#2871=LINE('',#2868,#2870);
#2872=EDGE_CURVE('',#2861,#2789,#2871,.T.);
#2873=ORIENTED_EDGE('',*,*,#2872,.T.);
#2874=ORIENTED_EDGE('',*,*,#2794,.F.);
#2875=EDGE_LOOP('',(#2851,#2859,#2867,#2873,#2874));
#2876=FACE_OUTER_BOUND('',#2875,.T.);
#2877=ADVANCED_FACE('',(#2876),#2850,.F.);
#2878=CARTESIAN_POINT('',(7.999999999999999,16.500000000000000,-18.500000000000007));
#2879=DIRECTION('',(0.0,1.0,0.0));
#2880=DIRECTION('',(0.0,0.0,1.0));
#2881=AXIS2_PLACEMENT_3D('',#2878,#2879,#2880);
#2882=PLANE('',#2881);
#2883=CARTESIAN_POINT('',(9.0,16.500000000000000,-18.500000000000007));
#2884=VERTEX_POINT('',#2883);
#2885=CARTESIAN_POINT('',(7.999999999999999,16.500000000000000,-18.500000000000007));
#2886=DIRECTION('',(0.0,1.0,0.0));
#2887=DIRECTION('',(1.0,0.0,0.0));
#2888=AXIS2_PLACEMENT_3D('',#2885,#2886,#2887);
#2889=CIRCLE('',#2888,1.0);
#2890=EDGE_CURVE('',#2884,#2822,#2889,.T.);
#2891=ORIENTED_EDGE('',*,*,#2890,.F.);
#2892=CARTESIAN_POINT('',(9.0,16.500000000000000,-19.077350269189630));
#2893=DIRECTION('',(0.0,0.0,1.0));
#2894=VECTOR('',#2893,0.577350269189623);
#2895=LINE('',#2892,#2894);
#2896=EDGE_CURVE('',#2830,#2884,#2895,.T.);
#2897=ORIENTED_EDGE('',*,*,#2896,.F.);
#2898=ORIENTED_EDGE('',*,*,#2835,.F.);
#2899=EDGE_LOOP('',(#2891,#2897,#2898));
#2900=FACE_OUTER_BOUND('',#2899,.T.);
#2901=ADVANCED_FACE('',(#2900),#2882,.T.);
#2902=CARTESIAN_POINT('',(7.999999999999999,16.500000000000000,-18.500000000000007));
#2903=DIRECTION('',(0.0,1.0,0.0));
#2904=DIRECTION('',(0.0,0.0,1.0));
#2905=AXIS2_PLACEMENT_3D('',#2902,#2903,#2904);
#2906=PLANE('',#2905);
#2907=CARTESIAN_POINT('',(7.999999999999999,16.500000000000000,-18.500000000000007));
#2908=DIRECTION('',(0.0,1.0,0.0));
#2909=DIRECTION('',(1.0,0.0,0.0));
#2910=AXIS2_PLACEMENT_3D('',#2907,#2908,#2909);
#2911=CIRCLE('',#2910,1.0);
#2912=EDGE_CURVE('',#2822,#2758,#2911,.T.);
#2913=ORIENTED_EDGE('',*,*,#2912,.F.);
#2914=ORIENTED_EDGE('',*,*,#2827,.F.);
#2915=ORIENTED_EDGE('',*,*,#2771,.F.);
#2916=EDGE_LOOP('',(#2913,#2914,#2915));
#2917=FACE_OUTER_BOUND('',#2916,.T.);
#2918=ADVANCED_FACE('',(#2917),#2906,.T.);
#2919=CARTESIAN_POINT('',(7.999999999999999,16.500000000000000,-18.500000000000007));
#2920=DIRECTION('',(0.0,1.0,0.0));
#2921=DIRECTION('',(0.0,0.0,1.0));
#2922=AXIS2_PLACEMENT_3D('',#2919,#2920,#2921);
#2923=PLANE('',#2922);
#2924=CARTESIAN_POINT('',(7.999999999999999,16.500000000000000,-18.500000000000007));
#2925=DIRECTION('',(0.0,1.0,0.0));
#2926=DIRECTION('',(1.0,0.0,0.0));
#2927=AXIS2_PLACEMENT_3D('',#2924,#2925,#2926);
#2928=CIRCLE('',#2927,1.0);
#2929=EDGE_CURVE('',#2758,#2726,#2928,.T.);
#2930=ORIENTED_EDGE('',*,*,#2929,.F.);
#2931=ORIENTED_EDGE('',*,*,#2763,.F.);
#2932=ORIENTED_EDGE('',*,*,#2739,.F.);
#2933=EDGE_LOOP('',(#2930,#2931,#2932));
#2934=FACE_OUTER_BOUND('',#2933,.T.);
#2935=ADVANCED_FACE('',(#2934),#2923,.T.);
#2936=CARTESIAN_POINT('',(7.999999999999999,16.500000000000000,-18.500000000000007));
#2937=DIRECTION('',(0.0,1.0,0.0));
#2938=DIRECTION('',(0.0,0.0,1.0));
#2939=AXIS2_PLACEMENT_3D('',#2936,#2937,#2938);
#2940=PLANE('',#2939);
#2941=CARTESIAN_POINT('',(7.999999999999999,16.500000000000000,-18.500000000000007));
#2942=DIRECTION('',(0.0,1.0,0.0));
#2943=DIRECTION('',(1.0,0.0,0.0));
#2944=AXIS2_PLACEMENT_3D('',#2941,#2942,#2943);
#2945=CIRCLE('',#2944,1.0);
#2946=EDGE_CURVE('',#2726,#2797,#2945,.T.);
#2947=ORIENTED_EDGE('',*,*,#2946,.F.);
#2948=ORIENTED_EDGE('',*,*,#2731,.F.);
#2949=ORIENTED_EDGE('',*,*,#2808,.F.);
#2950=EDGE_LOOP('',(#2947,#2948,#2949));
#2951=FACE_OUTER_BOUND('',#2950,.T.);
#2952=ADVANCED_FACE('',(#2951),#2940,.T.);
#2953=CARTESIAN_POINT('',(7.999999999999999,16.500000000000000,-18.500000000000007));
#2954=DIRECTION('',(0.0,1.0,0.0));
#2955=DIRECTION('',(0.0,0.0,1.0));
#2956=AXIS2_PLACEMENT_3D('',#2953,#2954,#2955);
#2957=PLANE('',#2956);
#2958=CARTESIAN_POINT('',(7.999999999999999,16.500000000000000,-18.500000000000007));
#2959=DIRECTION('',(0.0,1.0,0.0));
#2960=DIRECTION('',(1.0,0.0,0.0));
#2961=AXIS2_PLACEMENT_3D('',#2958,#2959,#2960);
#2962=CIRCLE('',#2961,1.0);
#2963=EDGE_CURVE('',#2797,#2861,#2962,.T.);
#2964=ORIENTED_EDGE('',*,*,#2963,.F.);
#2965=ORIENTED_EDGE('',*,*,#2802,.F.);
#2966=ORIENTED_EDGE('',*,*,#2872,.F.);
#2967=EDGE_LOOP('',(#2964,#2965,#2966));
#2968=FACE_OUTER_BOUND('',#2967,.T.);
#2969=ADVANCED_FACE('',(#2968),#2957,.T.);
#2970=CARTESIAN_POINT('',(7.999999999999999,16.500000000000000,-18.500000000000007));
#2971=DIRECTION('',(0.0,1.0,0.0));
#2972=DIRECTION('',(0.0,0.0,1.0));
#2973=AXIS2_PLACEMENT_3D('',#2970,#2971,#2972);
#2974=PLANE('',#2973);
#2975=CARTESIAN_POINT('',(7.999999999999999,16.500000000000000,-18.500000000000007));
#2976=DIRECTION('',(0.0,1.0,0.0));
#2977=DIRECTION('',(1.0,0.0,0.0));
#2978=AXIS2_PLACEMENT_3D('',#2975,#2976,#2977);
#2979=CIRCLE('',#2978,1.0);
#2980=EDGE_CURVE('',#2861,#2884,#2979,.T.);
#2981=ORIENTED_EDGE('',*,*,#2980,.F.);
#2982=ORIENTED_EDGE('',*,*,#2866,.F.);
#2983=CARTESIAN_POINT('',(9.0,16.500000000000000,-18.500000000000007));
#2984=DIRECTION('',(0.0,0.0,1.0));
#2985=VECTOR('',#2984,0.577350269189626);
#2986=LINE('',#2983,#2985);
#2987=EDGE_CURVE('',#2884,#2853,#2986,.T.);
#2988=ORIENTED_EDGE('',*,*,#2987,.F.);
#2989=EDGE_LOOP('',(#2981,#2982,#2988));
#2990=FACE_OUTER_BOUND('',#2989,.T.);
#2991=ADVANCED_FACE('',(#2990),#2974,.T.);
#2992=CARTESIAN_POINT('',(9.0,18.0,-17.922649730810381));
#2993=DIRECTION('',(1.0,0.0,0.0));
#2994=DIRECTION('',(0.0,0.0,-1.0));
#2995=AXIS2_PLACEMENT_3D('',#2992,#2993,#2994);
#2996=PLANE('',#2995);
#2997=ORIENTED_EDGE('',*,*,#2668,.F.);
#2998=ORIENTED_EDGE('',*,*,#2841,.T.);
#2999=ORIENTED_EDGE('',*,*,#2896,.T.);
#3000=ORIENTED_EDGE('',*,*,#2987,.T.);
#3001=ORIENTED_EDGE('',*,*,#2858,.F.);
#3002=EDGE_LOOP('',(#2997,#2998,#2999,#3000,#3001));
#3003=FACE_OUTER_BOUND('',#3002,.T.);
#3004=ADVANCED_FACE('',(#3003),#2996,.F.);
#3005=CARTESIAN_POINT('',(7.000000000000002,16.0,-18.500000000000007));
#3006=CARTESIAN_POINT('',(7.999999999999999,15.399139380972441,-18.500000000000007));
#3007=CARTESIAN_POINT('',(7.000000000000002,16.0,-17.500000000000011));
#3008=CARTESIAN_POINT('',(7.999999999999999,15.399139380972439,-18.500000000000007));
#3009=CARTESIAN_POINT('',(7.999999999999999,16.0,-17.500000000000011));
#3010=CARTESIAN_POINT('',(7.999999999999999,15.399139380972441,-18.500000000000007));
#3011=CARTESIAN_POINT('',(8.999999999999996,16.0,-17.500000000000011));
#3012=CARTESIAN_POINT('',(7.999999999999999,15.399139380972439,-18.500000000000007));
#3013=CARTESIAN_POINT('',(8.999999999999996,16.0,-18.500000000000007));
#3014=CARTESIAN_POINT('',(7.999999999999999,15.399139380972441,-18.500000000000007));
#3015=CARTESIAN_POINT('',(8.999999999999996,16.0,-19.500000000000004));
#3016=CARTESIAN_POINT('',(7.999999999999999,15.399139380972439,-18.500000000000007));
#3017=CARTESIAN_POINT('',(7.999999999999999,16.0,-19.500000000000004));
#3018=CARTESIAN_POINT('',(7.999999999999999,15.399139380972441,-18.500000000000007));
#3019=CARTESIAN_POINT('',(7.000000000000002,16.0,-19.500000000000004));
#3020=CARTESIAN_POINT('',(7.999999999999999,15.399139380972439,-18.500000000000007));
#3021=CARTESIAN_POINT('',(7.000000000000002,16.0,-18.500000000000007));
#3022=CARTESIAN_POINT('',(7.999999999999999,15.399139380972441,-18.500000000000007));
#3030=(BOUNDED_SURFACE()B_SPLINE_SURFACE(1,2,((#3005,#3007,#3009,#3011,#3013,#3015,#3017,#3019,#3021),(#3006,#3008,#3010,#3012,#3014,#3016,#3018,#3020,#3022)),.UNSPECIFIED.,.F.,.T.,.U.)B_SPLINE_SURFACE_WITH_KNOTS((2,2),(3,2,2,2,3),(-1.166633397215324,1.166633397215330),(0.0,0.785398163397448,1.570796326794897,2.356194490192345,3.141592653589793),.UNSPECIFIED.)GEOMETRIC_REPRESENTATION_ITEM()RATIONAL_B_SPLINE_SURFACE(((1.0,0.707106781186548,1.0,0.707106781186548,1.0,0.707106781186548,1.0,0.707106781186548,1.0),(1.0,0.707106781186548,1.0,0.707106781186548,1.0,0.707106781186548,1.0,0.707106781186548,1.0)))REPRESENTATION_ITEM('')SURFACE());
#3031=CARTESIAN_POINT('',(9.0,16.0,-18.500000000000007));
#3032=VERTEX_POINT('',#3031);
#3033=CARTESIAN_POINT('',(7.999999999999999,16.0,-18.500000000000007));
#3034=DIRECTION('',(0.0,1.0,0.0));
#3035=DIRECTION('',(1.0,0.0,0.0));
#3036=AXIS2_PLACEMENT_3D('',#3033,#3034,#3035);
#3037=CIRCLE('',#3036,1.0);
#3038=EDGE_CURVE('',#3032,#3032,#3037,.T.);
#3039=ORIENTED_EDGE('',*,*,#3038,.T.);
#3040=EDGE_LOOP('',(#3039));
#3041=FACE_OUTER_BOUND('',#3040,.T.);
#3042=ADVANCED_FACE('',(#3041),#3030,.F.);
#3043=CARTESIAN_POINT('',(6.999999999999999,16.500000000000000,-18.500000000000007));
#3044=CARTESIAN_POINT('',(6.999999999999999,16.0,-18.500000000000007));
#3045=CARTESIAN_POINT('',(6.999999999999999,16.500000000000000,-17.500000000000007));
#3046=CARTESIAN_POINT('',(6.999999999999999,16.0,-17.500000000000007));
#3047=CARTESIAN_POINT('',(7.999999999999999,16.500000000000000,-17.500000000000007));
#3048=CARTESIAN_POINT('',(7.999999999999999,16.0,-17.500000000000007));
#3049=CARTESIAN_POINT('',(8.999999999999998,16.500000000000000,-17.500000000000007));
#3050=CARTESIAN_POINT('',(8.999999999999998,16.0,-17.500000000000007));
#3051=CARTESIAN_POINT('',(9.0,16.500000000000000,-18.500000000000007));
#3052=CARTESIAN_POINT('',(9.0,16.0,-18.500000000000007));
#3053=CARTESIAN_POINT('',(8.999999999999998,16.500000000000000,-19.500000000000007));
#3054=CARTESIAN_POINT('',(8.999999999999998,16.0,-19.500000000000007));
#3055=CARTESIAN_POINT('',(7.999999999999999,16.500000000000000,-19.500000000000007));
#3056=CARTESIAN_POINT('',(7.999999999999999,16.0,-19.500000000000007));
#3057=CARTESIAN_POINT('',(6.999999999999999,16.500000000000000,-19.500000000000007));
#3058=CARTESIAN_POINT('',(6.999999999999999,16.0,-19.500000000000007));
#3059=CARTESIAN_POINT('',(6.999999999999999,16.500000000000000,-18.500000000000007));
#3060=CARTESIAN_POINT('',(6.999999999999999,16.0,-18.500000000000007));
#3068=(BOUNDED_SURFACE()B_SPLINE_SURFACE(1,2,((#3043,#3045,#3047,#3049,#3051,#3053,#3055,#3057,#3059),(#3044,#3046,#3048,#3050,#3052,#3054,#3056,#3058,#3060)),.UNSPECIFIED.,.F.,.T.,.U.)B_SPLINE_SURFACE_WITH_KNOTS((2,2),(3,2,2,2,3),(0.500000000000000,1.0),(0.0,1.570796326794897,3.141592653589793,4.712388980384690,6.283185307179586),.UNSPECIFIED.)GEOMETRIC_REPRESENTATION_ITEM()RATIONAL_B_SPLINE_SURFACE(((1.0,0.707106781186548,1.0,0.707106781186548,1.0,0.707106781186548,1.0,0.707106781186548,1.0),(1.0,0.707106781186548,1.0,0.707106781186548,1.0,0.707106781186548,1.0,0.707106781186548,1.0)))REPRESENTATION_ITEM('')SURFACE());
#3069=ORIENTED_EDGE('',*,*,#2890,.T.);
#3070=ORIENTED_EDGE('',*,*,#2912,.T.);
#3071=ORIENTED_EDGE('',*,*,#2929,.T.);
#3072=ORIENTED_EDGE('',*,*,#2946,.T.);
#3073=ORIENTED_EDGE('',*,*,#2963,.T.);
#3074=ORIENTED_EDGE('',*,*,#2980,.T.);
#3075=EDGE_LOOP('',(#3069,#3070,#3071,#3072,#3073,#3074));
#3076=FACE_OUTER_BOUND('',#3075,.T.);
#3077=ORIENTED_EDGE('',*,*,#3038,.F.);
#3078=EDGE_LOOP('',(#3077));
#3079=FACE_BOUND('',#3078,.T.);
#3080=ADVANCED_FACE('',(#3076,#3079),#3068,.F.);
#3081=CARTESIAN_POINT('',(7.999999999999999,3.499999999999999,-18.500000000000007));
#3082=DIRECTION('',(0.0,1.0,0.0));
#3083=DIRECTION('',(-1.0,0.0,0.0));
#3084=AXIS2_PLACEMENT_3D('',#3081,#3082,#3083);
#3085=CYLINDRICAL_SURFACE('',#3084,2.0);
#3086=CARTESIAN_POINT('',(10.0,8.0,-18.500000000000007));
#3087=VERTEX_POINT('',#3086);
#3088=CARTESIAN_POINT('',(7.999999999999999,8.0,-18.500000000000007));
#3089=DIRECTION('',(0.0,-1.0,0.0));
#3090=DIRECTION('',(-1.0,0.0,0.0));
#3091=AXIS2_PLACEMENT_3D('',#3088,#3089,#3090);
#3092=CIRCLE('',#3091,2.0);
#3093=EDGE_CURVE('',#3087,#3087,#3092,.T.);
#3094=ORIENTED_EDGE('',*,*,#3093,.F.);
#3095=EDGE_LOOP('',(#3094));
#3096=FACE_OUTER_BOUND('',#3095,.T.);
#3097=CARTESIAN_POINT('',(10.0,17.0,-18.500000000000007));
#3098=VERTEX_POINT('',#3097);
#3099=CARTESIAN_POINT('',(7.999999999999999,17.0,-18.500000000000007));
#3100=DIRECTION('',(0.0,1.0,0.0));
#3101=DIRECTION('',(-1.0,0.0,0.0));
#3102=AXIS2_PLACEMENT_3D('',#3099,#3100,#3101);
#3103=CIRCLE('',#3102,2.0);
#3104=EDGE_CURVE('',#3098,#3098,#3103,.T.);
#3105=ORIENTED_EDGE('',*,*,#3104,.F.);
#3106=EDGE_LOOP('',(#3105));
#3107=FACE_BOUND('',#3106,.T.);
#3108=ADVANCED_FACE('',(#3096,#3107),#3085,.T.);
#3109=CARTESIAN_POINT('',(7.999999999999999,17.0,-18.500000000000007));
#3110=DIRECTION('',(0.0,1.0,0.0));
#3111=DIRECTION('',(0.0,0.0,1.0));
#3112=AXIS2_PLACEMENT_3D('',#3109,#3110,#3111);
#3113=PLANE('',#3112);
#3114=ORIENTED_EDGE('',*,*,#2644,.F.);
#3115=EDGE_LOOP('',(#3114));
#3116=FACE_OUTER_BOUND('',#3115,.T.);
#3117=ORIENTED_EDGE('',*,*,#3104,.T.);
#3118=EDGE_LOOP('',(#3117));
#3119=FACE_BOUND('',#3118,.T.);
#3120=ADVANCED_FACE('',(#3116,#3119),#3113,.F.);
#3121=CARTESIAN_POINT('',(18.500000000000000,3.749999999999998,-8.000000000000004));
#3122=DIRECTION('',(0.0,1.0,0.0));
#3123=DIRECTION('',(-1.0,0.0,0.0));
#3124=AXIS2_PLACEMENT_3D('',#3121,#3122,#3123);
#3125=CONICAL_SURFACE('',#3124,1.250000000000000,44.999999999999979);
#3126=CARTESIAN_POINT('',(19.500000000000000,3.499999999999999,-8.000000000000004));
#3127=VERTEX_POINT('',#3126);
#3128=CARTESIAN_POINT('',(18.500000000000000,3.499999999999999,-8.000000000000004));
#3129=DIRECTION('',(0.0,1.0,0.0));
#3130=DIRECTION('',(-1.0,0.0,0.0));
#3131=AXIS2_PLACEMENT_3D('',#3128,#3129,#3130);
#3132=CIRCLE('',#3131,1.000000000000000);
#3133=EDGE_CURVE('',#3127,#3127,#3132,.T.);
#3134=ORIENTED_EDGE('',*,*,#3133,.T.);
#3135=EDGE_LOOP('',(#3134));
#3136=FACE_OUTER_BOUND('',#3135,.T.);
#3137=CARTESIAN_POINT('',(17.270500000000002,3.729499999999997,-8.000000000000004));
#3138=VERTEX_POINT('',#3137);
#3139=CARTESIAN_POINT('',(18.500000000000000,3.729499999999997,-8.000000000000004));
#3140=DIRECTION('',(0.0,1.0,0.0));
#3141=DIRECTION('',(1.0,0.0,0.0));
#3142=AXIS2_PLACEMENT_3D('',#3139,#3140,#3141);
#3143=CIRCLE('',#3142,1.229500000000000);
#3144=EDGE_CURVE('',#3138,#3138,#3143,.T.);
#3145=ORIENTED_EDGE('',*,*,#3144,.F.);
#3146=EDGE_LOOP('',(#3145));
#3147=FACE_BOUND('',#3146,.T.);
#3148=ADVANCED_FACE('',(#3136,#3147),#3125,.T.);
#3149=CARTESIAN_POINT('',(18.500000000000000,3.499999999999999,-8.000000000000004));
#3150=DIRECTION('',(0.0,-1.0,0.0));
#3151=DIRECTION('',(0.0,0.0,-1.0));
#3152=AXIS2_PLACEMENT_3D('',#3149,#3150,#3151);
#3153=PLANE('',#3152);
#3154=ORIENTED_EDGE('',*,*,#3133,.F.);
#3155=EDGE_LOOP('',(#3154));
#3156=FACE_OUTER_BOUND('',#3155,.T.);
#3157=ADVANCED_FACE('',(#3156),#3153,.T.);
#3158=CARTESIAN_POINT('',(18.500000000000000,17.500000000000000,-8.000000000000004));
#3159=DIRECTION('',(0.0,-1.0,0.0));
#3160=DIRECTION('',(0.0,0.0,-1.0));
#3161=AXIS2_PLACEMENT_3D('',#3158,#3159,#3160);
#3162=TOROIDAL_SURFACE('',#3161,2.700000000000001,0.500000000000000);
#3163=CARTESIAN_POINT('',(15.800000000000001,18.0,-8.000000000000004));
#3164=VERTEX_POINT('',#3163);
#3165=CARTESIAN_POINT('',(18.500000000000000,18.0,-8.000000000000004));
#3166=DIRECTION('',(0.0,-1.0,0.0));
#3167=DIRECTION('',(1.0,0.0,0.0));
#3168=AXIS2_PLACEMENT_3D('',#3165,#3166,#3167);
#3169=CIRCLE('',#3168,2.700000000000001);
#3170=EDGE_CURVE('',#3164,#3164,#3169,.T.);
#3171=ORIENTED_EDGE('',*,*,#3170,.T.);
#3172=EDGE_LOOP('',(#3171));
#3173=FACE_OUTER_BOUND('',#3172,.T.);
#3174=CARTESIAN_POINT('',(15.300000000000001,17.500000000000000,-8.000000000000004));
#3175=VERTEX_POINT('',#3174);
#3176=CARTESIAN_POINT('',(18.500000000000000,17.500000000000000,-8.000000000000004));
#3177=DIRECTION('',(0.0,1.0,0.0));
#3178=DIRECTION('',(1.0,0.0,0.0));
#3179=AXIS2_PLACEMENT_3D('',#3176,#3177,#3178);
#3180=CIRCLE('',#3179,3.200000000000001);
#3181=EDGE_CURVE('',#3175,#3175,#3180,.T.);
#3182=ORIENTED_EDGE('',*,*,#3181,.T.);
#3183=EDGE_LOOP('',(#3182));
#3184=FACE_BOUND('',#3183,.T.);
#3185=ADVANCED_FACE('',(#3173,#3184),#3162,.T.);
#3186=CARTESIAN_POINT('',(18.500000000000000,18.0,-8.000000000000004));
#3187=DIRECTION('',(0.0,-1.0,0.0));
#3188=DIRECTION('',(1.0,0.0,0.0));
#3189=AXIS2_PLACEMENT_3D('',#3186,#3187,#3188);
#3190=CYLINDRICAL_SURFACE('',#3189,3.200000000000001);
#3191=CARTESIAN_POINT('',(21.699999999999999,17.0,-8.000000000000002));
#3192=VERTEX_POINT('',#3191);
#3193=CARTESIAN_POINT('',(18.500000000000000,17.0,-8.000000000000004));
#3194=DIRECTION('',(0.0,1.0,0.0));
#3195=DIRECTION('',(1.0,0.0,0.0));
#3196=AXIS2_PLACEMENT_3D('',#3193,#3194,#3195);
#3197=CIRCLE('',#3196,3.200000000000001);
#3198=EDGE_CURVE('',#3192,#3192,#3197,.T.);
#3199=ORIENTED_EDGE('',*,*,#3198,.T.);
#3200=EDGE_LOOP('',(#3199));
#3201=FACE_OUTER_BOUND('',#3200,.T.);
#3202=ORIENTED_EDGE('',*,*,#3181,.F.);
#3203=EDGE_LOOP('',(#3202));
#3204=FACE_BOUND('',#3203,.T.);
#3205=ADVANCED_FACE('',(#3201,#3204),#3190,.T.);
#3206=CARTESIAN_POINT('',(18.500000000000000,18.0,-8.000000000000004));
#3207=DIRECTION('',(0.0,-1.0,0.0));
#3208=DIRECTION('',(0.0,0.0,-1.0));
#3209=AXIS2_PLACEMENT_3D('',#3206,#3207,#3208);
#3210=PLANE('',#3209);
#3211=ORIENTED_EDGE('',*,*,#3170,.F.);
#3212=EDGE_LOOP('',(#3211));
#3213=FACE_OUTER_BOUND('',#3212,.T.);
#3214=CARTESIAN_POINT('',(19.500000000000000,18.0,-8.577350269189628));
#3215=VERTEX_POINT('',#3214);
#3216=CARTESIAN_POINT('',(19.500000000000000,18.0,-7.422649730810377));
#3217=VERTEX_POINT('',#3216);
#3218=CARTESIAN_POINT('',(19.500000000000000,18.0,-8.577350269189628));
#3219=DIRECTION('',(0.0,0.0,1.0));
#3220=VECTOR('',#3219,1.154700538379252);
#3221=LINE('',#3218,#3220);
#3222=EDGE_CURVE('',#3215,#3217,#3221,.T.);
#3223=ORIENTED_EDGE('',*,*,#3222,.T.);
#3224=CARTESIAN_POINT('',(18.500000000000000,18.0,-6.845299461620751));
#3225=VERTEX_POINT('',#3224);
#3226=CARTESIAN_POINT('',(19.500000000000000,18.0,-7.422649730810377));
#3227=DIRECTION('',(-0.866025403784439,0.0,0.500000000000000));
#3228=VECTOR('',#3227,1.154700538379251);
#3229=LINE('',#3226,#3228);
#3230=EDGE_CURVE('',#3217,#3225,#3229,.T.);
#3231=ORIENTED_EDGE('',*,*,#3230,.T.);
#3232=CARTESIAN_POINT('',(17.500000000000004,18.0,-7.422649730810377));
#3233=VERTEX_POINT('',#3232);
#3234=CARTESIAN_POINT('',(18.500000000000000,18.0,-6.845299461620751));
#3235=DIRECTION('',(-0.866025403784438,0.0,-0.500000000000001));
#3236=VECTOR('',#3235,1.154700538379248);
#3237=LINE('',#3234,#3236);
#3238=EDGE_CURVE('',#3225,#3233,#3237,.T.);
#3239=ORIENTED_EDGE('',*,*,#3238,.T.);
#3240=CARTESIAN_POINT('',(17.500000000000000,18.0,-8.577350269189628));
#3241=VERTEX_POINT('',#3240);
#3242=CARTESIAN_POINT('',(17.500000000000004,18.0,-7.422649730810377));
#3243=DIRECTION('',(0.0,0.0,-1.0));
#3244=VECTOR('',#3243,1.154700538379252);
#3245=LINE('',#3242,#3244);
#3246=EDGE_CURVE('',#3233,#3241,#3245,.T.);
#3247=ORIENTED_EDGE('',*,*,#3246,.T.);
#3248=CARTESIAN_POINT('',(18.500000000000000,18.0,-9.154700538379254));
#3249=VERTEX_POINT('',#3248);
#3250=CARTESIAN_POINT('',(17.500000000000000,18.0,-8.577350269189628));
#3251=DIRECTION('',(0.866025403784438,0.0,-0.500000000000000));
#3252=VECTOR('',#3251,1.154700538379252);
#3253=LINE('',#3250,#3252);
#3254=EDGE_CURVE('',#3241,#3249,#3253,.T.);
#3255=ORIENTED_EDGE('',*,*,#3254,.T.);
#3256=CARTESIAN_POINT('',(18.500000000000000,18.0,-9.154700538379254));
#3257=DIRECTION('',(0.866025403784438,0.0,0.500000000000000));
#3258=VECTOR('',#3257,1.154700538379252);
#3259=LINE('',#3256,#3258);
#3260=EDGE_CURVE('',#3249,#3215,#3259,.T.);
#3261=ORIENTED_EDGE('',*,*,#3260,.T.);
#3262=EDGE_LOOP('',(#3223,#3231,#3239,#3247,#3255,#3261));
#3263=FACE_BOUND('',#3262,.T.);
#3264=ADVANCED_FACE('',(#3213,#3263),#3210,.F.);
#3265=CARTESIAN_POINT('',(17.500000000000000,18.0,-8.000000000000004));
#3266=DIRECTION('',(-1.0,0.0,0.0));
#3267=DIRECTION('',(0.0,0.0,1.0));
#3268=AXIS2_PLACEMENT_3D('',#3265,#3266,#3267);
#3269=PLANE('',#3268);
#3270=ORIENTED_EDGE('',*,*,#3246,.F.);
#3271=CARTESIAN_POINT('',(17.500000000000004,16.500000000000000,-7.422649730810377));
#3272=VERTEX_POINT('',#3271);
#3273=CARTESIAN_POINT('',(17.500000000000004,18.0,-7.422649730810377));
#3274=DIRECTION('',(0.0,-1.0,0.0));
#3275=VECTOR('',#3274,1.500000000000000);
#3276=LINE('',#3273,#3275);
#3277=EDGE_CURVE('',#3233,#3272,#3276,.T.);
#3278=ORIENTED_EDGE('',*,*,#3277,.T.);
#3279=CARTESIAN_POINT('',(17.500000000000000,16.500000000000000,-8.000000000000004));
#3280=VERTEX_POINT('',#3279);
#3281=CARTESIAN_POINT('',(17.500000000000004,16.500000000000000,-7.422649730810377));
#3282=DIRECTION('',(0.0,0.0,-1.0));
#3283=VECTOR('',#3282,0.577350269189627);
#3284=LINE('',#3281,#3283);
#3285=EDGE_CURVE('',#3272,#3280,#3284,.T.);
#3286=ORIENTED_EDGE('',*,*,#3285,.T.);
#3287=CARTESIAN_POINT('',(17.500000000000000,16.500000000000000,-8.577350269189628));
#3288=VERTEX_POINT('',#3287);
#3289=CARTESIAN_POINT('',(17.500000000000000,16.500000000000000,-8.000000000000004));
#3290=DIRECTION('',(0.0,0.0,-1.0));
#3291=VECTOR('',#3290,0.577350269189624);
#3292=LINE('',#3289,#3291);
#3293=EDGE_CURVE('',#3280,#3288,#3292,.T.);
#3294=ORIENTED_EDGE('',*,*,#3293,.T.);
#3295=CARTESIAN_POINT('',(17.500000000000000,18.0,-8.577350269189628));
#3296=DIRECTION('',(0.0,-1.0,0.0));
#3297=VECTOR('',#3296,1.500000000000000);
#3298=LINE('',#3295,#3297);
#3299=EDGE_CURVE('',#3241,#3288,#3298,.T.);
#3300=ORIENTED_EDGE('',*,*,#3299,.F.);
#3301=EDGE_LOOP('',(#3270,#3278,#3286,#3294,#3300));
#3302=FACE_OUTER_BOUND('',#3301,.T.);
#3303=ADVANCED_FACE('',(#3302),#3269,.F.);
#3304=CARTESIAN_POINT('',(18.500000000000000,18.0,-9.154700538379254));
#3305=DIRECTION('',(-0.500000000000000,0.0,-0.866025403784439));
#3306=DIRECTION('',(-0.866025403784439,0.0,0.500000000000000));
#3307=AXIS2_PLACEMENT_3D('',#3304,#3305,#3306);
#3308=PLANE('',#3307);
#3309=ORIENTED_EDGE('',*,*,#3254,.F.);
#3310=ORIENTED_EDGE('',*,*,#3299,.T.);
#3311=CARTESIAN_POINT('',(18.0,16.500000000000000,-8.866025403784441));
#3312=VERTEX_POINT('',#3311);
#3313=CARTESIAN_POINT('',(17.500000000000000,16.500000000000000,-8.577350269189628));
#3314=DIRECTION('',(0.866025403784438,0.0,-0.500000000000000));
#3315=VECTOR('',#3314,0.577350269189626);
#3316=LINE('',#3313,#3315);
#3317=EDGE_CURVE('',#3288,#3312,#3316,.T.);
#3318=ORIENTED_EDGE('',*,*,#3317,.T.);
#3319=CARTESIAN_POINT('',(18.500000000000000,16.500000000000000,-9.154700538379254));
#3320=VERTEX_POINT('',#3319);
#3321=CARTESIAN_POINT('',(18.0,16.500000000000000,-8.866025403784441));
#3322=DIRECTION('',(0.866025403784438,0.0,-0.500000000000000));
#3323=VECTOR('',#3322,0.577350269189626);
#3324=LINE('',#3321,#3323);
#3325=EDGE_CURVE('',#3312,#3320,#3324,.T.);
#3326=ORIENTED_EDGE('',*,*,#3325,.T.);
#3327=CARTESIAN_POINT('',(18.500000000000000,18.0,-9.154700538379254));
#3328=DIRECTION('',(0.0,-1.0,0.0));
#3329=VECTOR('',#3328,1.500000000000000);
#3330=LINE('',#3327,#3329);
#3331=EDGE_CURVE('',#3249,#3320,#3330,.T.);
#3332=ORIENTED_EDGE('',*,*,#3331,.F.);
#3333=EDGE_LOOP('',(#3309,#3310,#3318,#3326,#3332));
#3334=FACE_OUTER_BOUND('',#3333,.T.);
#3335=ADVANCED_FACE('',(#3334),#3308,.F.);
#3336=CARTESIAN_POINT('',(17.500000000000004,18.0,-7.422649730810377));
#3337=DIRECTION('',(-0.500000000000000,0.0,0.866025403784439));
#3338=DIRECTION('',(0.866025403784439,0.0,0.500000000000000));
#3339=AXIS2_PLACEMENT_3D('',#3336,#3337,#3338);
#3340=PLANE('',#3339);
#3341=ORIENTED_EDGE('',*,*,#3238,.F.);
#3342=CARTESIAN_POINT('',(18.500000000000000,16.500000000000000,-6.845299461620751));
#3343=VERTEX_POINT('',#3342);
#3344=CARTESIAN_POINT('',(18.500000000000000,18.0,-6.845299461620751));
#3345=DIRECTION('',(0.0,-1.0,0.0));
#3346=VECTOR('',#3345,1.500000000000000);
#3347=LINE('',#3344,#3346);
#3348=EDGE_CURVE('',#3225,#3343,#3347,.T.);
#3349=ORIENTED_EDGE('',*,*,#3348,.T.);
#3350=CARTESIAN_POINT('',(18.0,16.500000000000000,-7.133974596215564));
#3351=VERTEX_POINT('',#3350);
#3352=CARTESIAN_POINT('',(18.500000000000000,16.500000000000000,-6.845299461620751));
#3353=DIRECTION('',(-0.866025403784438,0.0,-0.500000000000000));
#3354=VECTOR('',#3353,0.577350269189626);
#3355=LINE('',#3352,#3354);
#3356=EDGE_CURVE('',#3343,#3351,#3355,.T.);
#3357=ORIENTED_EDGE('',*,*,#3356,.T.);
#3358=CARTESIAN_POINT('',(18.0,16.500000000000000,-7.133974596215564));
#3359=DIRECTION('',(-0.866025403784438,0.0,-0.500000000000002));
#3360=VECTOR('',#3359,0.577350269189622);
#3361=LINE('',#3358,#3360);
#3362=EDGE_CURVE('',#3351,#3272,#3361,.T.);
#3363=ORIENTED_EDGE('',*,*,#3362,.T.);
#3364=ORIENTED_EDGE('',*,*,#3277,.F.);
#3365=EDGE_LOOP('',(#3341,#3349,#3357,#3363,#3364));
#3366=FACE_OUTER_BOUND('',#3365,.T.);
#3367=ADVANCED_FACE('',(#3366),#3340,.F.);
#3368=CARTESIAN_POINT('',(19.500000000000000,18.0,-8.577350269189628));
#3369=DIRECTION('',(0.500000000000000,0.0,-0.866025403784439));
#3370=DIRECTION('',(-0.866025403784439,0.0,-0.500000000000000));
#3371=AXIS2_PLACEMENT_3D('',#3368,#3369,#3370);
#3372=PLANE('',#3371);
#3373=ORIENTED_EDGE('',*,*,#3260,.F.);
#3374=ORIENTED_EDGE('',*,*,#3331,.T.);
#3375=CARTESIAN_POINT('',(19.0,16.500000000000000,-8.866025403784441));
#3376=VERTEX_POINT('',#3375);
#3377=CARTESIAN_POINT('',(18.500000000000000,16.500000000000000,-9.154700538379254));
#3378=DIRECTION('',(0.866025403784438,0.0,0.500000000000000));
#3379=VECTOR('',#3378,0.577350269189626);
#3380=LINE('',#3377,#3379);
#3381=EDGE_CURVE('',#3320,#3376,#3380,.T.);
#3382=ORIENTED_EDGE('',*,*,#3381,.T.);
#3383=CARTESIAN_POINT('',(19.500000000000000,16.500000000000000,-8.577350269189628));
#3384=VERTEX_POINT('',#3383);
#3385=CARTESIAN_POINT('',(19.0,16.500000000000000,-8.866025403784441));
#3386=DIRECTION('',(0.866025403784438,0.0,0.500000000000000));
#3387=VECTOR('',#3386,0.577350269189626);
#3388=LINE('',#3385,#3387);
#3389=EDGE_CURVE('',#3376,#3384,#3388,.T.);
#3390=ORIENTED_EDGE('',*,*,#3389,.T.);
#3391=CARTESIAN_POINT('',(19.500000000000000,18.0,-8.577350269189628));
#3392=DIRECTION('',(0.0,-1.0,0.0));
#3393=VECTOR('',#3392,1.500000000000000);
#3394=LINE('',#3391,#3393);
#3395=EDGE_CURVE('',#3215,#3384,#3394,.T.);
#3396=ORIENTED_EDGE('',*,*,#3395,.F.);
#3397=EDGE_LOOP('',(#3373,#3374,#3382,#3390,#3396));
#3398=FACE_OUTER_BOUND('',#3397,.T.);
#3399=ADVANCED_FACE('',(#3398),#3372,.F.);
#3400=CARTESIAN_POINT('',(18.500000000000000,18.0,-6.845299461620751));
#3401=DIRECTION('',(0.500000000000000,0.0,0.866025403784439));
#3402=DIRECTION('',(0.866025403784439,0.0,-0.500000000000000));
#3403=AXIS2_PLACEMENT_3D('',#3400,#3401,#3402);
#3404=PLANE('',#3403);
#3405=ORIENTED_EDGE('',*,*,#3230,.F.);
#3406=CARTESIAN_POINT('',(19.500000000000000,16.500000000000000,-7.422649730810377));
#3407=VERTEX_POINT('',#3406);
#3408=CARTESIAN_POINT('',(19.500000000000000,18.0,-7.422649730810377));
#3409=DIRECTION('',(0.0,-1.0,0.0));
#3410=VECTOR('',#3409,1.500000000000000);
#3411=LINE('',#3408,#3410);
#3412=EDGE_CURVE('',#3217,#3407,#3411,.T.);
#3413=ORIENTED_EDGE('',*,*,#3412,.T.);
#3414=CARTESIAN_POINT('',(19.0,16.500000000000000,-7.133974596215564));
#3415=VERTEX_POINT('',#3414);
#3416=CARTESIAN_POINT('',(19.500000000000000,16.500000000000000,-7.422649730810377));
#3417=DIRECTION('',(-0.866025403784439,0.0,0.499999999999999));
#3418=VECTOR('',#3417,0.577350269189625);
#3419=LINE('',#3416,#3418);
#3420=EDGE_CURVE('',#3407,#3415,#3419,.T.);
#3421=ORIENTED_EDGE('',*,*,#3420,.T.);
#3422=CARTESIAN_POINT('',(19.0,16.500000000000000,-7.133974596215564));
#3423=DIRECTION('',(-0.866025403784438,0.0,0.500000000000000));
#3424=VECTOR('',#3423,0.577350269189626);
#3425=LINE('',#3422,#3424);
#3426=EDGE_CURVE('',#3415,#3343,#3425,.T.);
#3427=ORIENTED_EDGE('',*,*,#3426,.T.);
#3428=ORIENTED_EDGE('',*,*,#3348,.F.);
#3429=EDGE_LOOP('',(#3405,#3413,#3421,#3427,#3428));
#3430=FACE_OUTER_BOUND('',#3429,.T.);
#3431=ADVANCED_FACE('',(#3430),#3404,.F.);
#3432=CARTESIAN_POINT('',(18.500000000000000,16.500000000000000,-8.000000000000004));
#3433=DIRECTION('',(0.0,1.0,0.0));
#3434=DIRECTION('',(0.0,0.0,1.0));
#3435=AXIS2_PLACEMENT_3D('',#3432,#3433,#3434);
#3436=PLANE('',#3435);
#3437=CARTESIAN_POINT('',(19.500000000000000,16.500000000000000,-8.000000000000004));
#3438=VERTEX_POINT('',#3437);
#3439=CARTESIAN_POINT('',(18.500000000000000,16.500000000000000,-8.000000000000004));
#3440=DIRECTION('',(0.0,1.0,0.0));
#3441=DIRECTION('',(1.0,0.0,0.0));
#3442=AXIS2_PLACEMENT_3D('',#3439,#3440,#3441);
#3443=CIRCLE('',#3442,1.0);
#3444=EDGE_CURVE('',#3438,#3376,#3443,.T.);
#3445=ORIENTED_EDGE('',*,*,#3444,.F.);
#3446=CARTESIAN_POINT('',(19.500000000000000,16.500000000000000,-8.577350269189628));
#3447=DIRECTION('',(0.0,0.0,1.0));
#3448=VECTOR('',#3447,0.577350269189624);
#3449=LINE('',#3446,#3448);
#3450=EDGE_CURVE('',#3384,#3438,#3449,.T.);
#3451=ORIENTED_EDGE('',*,*,#3450,.F.);
#3452=ORIENTED_EDGE('',*,*,#3389,.F.);
#3453=EDGE_LOOP('',(#3445,#3451,#3452));
#3454=FACE_OUTER_BOUND('',#3453,.T.);
#3455=ADVANCED_FACE('',(#3454),#3436,.T.);
#3456=CARTESIAN_POINT('',(18.500000000000000,16.500000000000000,-8.000000000000004));
#3457=DIRECTION('',(0.0,1.0,0.0));
#3458=DIRECTION('',(0.0,0.0,1.0));
#3459=AXIS2_PLACEMENT_3D('',#3456,#3457,#3458);
#3460=PLANE('',#3459);
#3461=CARTESIAN_POINT('',(18.500000000000000,16.500000000000000,-8.000000000000004));
#3462=DIRECTION('',(0.0,1.0,0.0));
#3463=DIRECTION('',(1.0,0.0,0.0));
#3464=AXIS2_PLACEMENT_3D('',#3461,#3462,#3463);
#3465=CIRCLE('',#3464,1.0);
#3466=EDGE_CURVE('',#3376,#3312,#3465,.T.);
#3467=ORIENTED_EDGE('',*,*,#3466,.F.);
#3468=ORIENTED_EDGE('',*,*,#3381,.F.);
#3469=ORIENTED_EDGE('',*,*,#3325,.F.);
#3470=EDGE_LOOP('',(#3467,#3468,#3469));
#3471=FACE_OUTER_BOUND('',#3470,.T.);
#3472=ADVANCED_FACE('',(#3471),#3460,.T.);
#3473=CARTESIAN_POINT('',(18.500000000000000,16.500000000000000,-8.000000000000004));
#3474=DIRECTION('',(0.0,1.0,0.0));
#3475=DIRECTION('',(0.0,0.0,1.0));
#3476=AXIS2_PLACEMENT_3D('',#3473,#3474,#3475);
#3477=PLANE('',#3476);
#3478=CARTESIAN_POINT('',(18.500000000000000,16.500000000000000,-8.000000000000004));
#3479=DIRECTION('',(0.0,1.0,0.0));
#3480=DIRECTION('',(1.0,0.0,0.0));
#3481=AXIS2_PLACEMENT_3D('',#3478,#3479,#3480);
#3482=CIRCLE('',#3481,1.0);
#3483=EDGE_CURVE('',#3312,#3280,#3482,.T.);
#3484=ORIENTED_EDGE('',*,*,#3483,.F.);
#3485=ORIENTED_EDGE('',*,*,#3317,.F.);
#3486=ORIENTED_EDGE('',*,*,#3293,.F.);
#3487=EDGE_LOOP('',(#3484,#3485,#3486));
#3488=FACE_OUTER_BOUND('',#3487,.T.);
#3489=ADVANCED_FACE('',(#3488),#3477,.T.);
#3490=CARTESIAN_POINT('',(18.500000000000000,16.500000000000000,-8.000000000000004));
#3491=DIRECTION('',(0.0,1.0,0.0));
#3492=DIRECTION('',(0.0,0.0,1.0));
#3493=AXIS2_PLACEMENT_3D('',#3490,#3491,#3492);
#3494=PLANE('',#3493);
#3495=CARTESIAN_POINT('',(18.500000000000000,16.500000000000000,-8.000000000000004));
#3496=DIRECTION('',(0.0,1.0,0.0));
#3497=DIRECTION('',(1.0,0.0,0.0));
#3498=AXIS2_PLACEMENT_3D('',#3495,#3496,#3497);
#3499=CIRCLE('',#3498,1.0);
#3500=EDGE_CURVE('',#3280,#3351,#3499,.T.);
#3501=ORIENTED_EDGE('',*,*,#3500,.F.);
#3502=ORIENTED_EDGE('',*,*,#3285,.F.);
#3503=ORIENTED_EDGE('',*,*,#3362,.F.);
#3504=EDGE_LOOP('',(#3501,#3502,#3503));
#3505=FACE_OUTER_BOUND('',#3504,.T.);
#3506=ADVANCED_FACE('',(#3505),#3494,.T.);
#3507=CARTESIAN_POINT('',(18.500000000000000,16.500000000000000,-8.000000000000004));
#3508=DIRECTION('',(0.0,1.0,0.0));
#3509=DIRECTION('',(0.0,0.0,1.0));
#3510=AXIS2_PLACEMENT_3D('',#3507,#3508,#3509);
#3511=PLANE('',#3510);
#3512=CARTESIAN_POINT('',(18.500000000000000,16.500000000000000,-8.000000000000004));
#3513=DIRECTION('',(0.0,1.0,0.0));
#3514=DIRECTION('',(1.0,0.0,0.0));
#3515=AXIS2_PLACEMENT_3D('',#3512,#3513,#3514);
#3516=CIRCLE('',#3515,1.0);
#3517=EDGE_CURVE('',#3351,#3415,#3516,.T.);
#3518=ORIENTED_EDGE('',*,*,#3517,.F.);
#3519=ORIENTED_EDGE('',*,*,#3356,.F.);
#3520=ORIENTED_EDGE('',*,*,#3426,.F.);
#3521=EDGE_LOOP('',(#3518,#3519,#3520));
#3522=FACE_OUTER_BOUND('',#3521,.T.);
#3523=ADVANCED_FACE('',(#3522),#3511,.T.);
#3524=CARTESIAN_POINT('',(18.500000000000000,16.500000000000000,-8.000000000000004));
#3525=DIRECTION('',(0.0,1.0,0.0));
#3526=DIRECTION('',(0.0,0.0,1.0));
#3527=AXIS2_PLACEMENT_3D('',#3524,#3525,#3526);
#3528=PLANE('',#3527);
#3529=CARTESIAN_POINT('',(18.500000000000000,16.500000000000000,-8.000000000000004));
#3530=DIRECTION('',(0.0,1.0,0.0));
#3531=DIRECTION('',(1.0,0.0,0.0));
#3532=AXIS2_PLACEMENT_3D('',#3529,#3530,#3531);
#3533=CIRCLE('',#3532,1.0);
#3534=EDGE_CURVE('',#3415,#3438,#3533,.T.);
#3535=ORIENTED_EDGE('',*,*,#3534,.F.);
#3536=ORIENTED_EDGE('',*,*,#3420,.F.);
#3537=CARTESIAN_POINT('',(19.500000000000000,16.500000000000000,-8.000000000000004));
#3538=DIRECTION('',(0.0,0.0,1.0));
#3539=VECTOR('',#3538,0.577350269189627);
#3540=LINE('',#3537,#3539);
#3541=EDGE_CURVE('',#3438,#3407,#3540,.T.);
#3542=ORIENTED_EDGE('',*,*,#3541,.F.);
#3543=EDGE_LOOP('',(#3535,#3536,#3542));
#3544=FACE_OUTER_BOUND('',#3543,.T.);
#3545=ADVANCED_FACE('',(#3544),#3528,.T.);
#3546=CARTESIAN_POINT('',(19.500000000000000,18.0,-7.422649730810377));
#3547=DIRECTION('',(1.0,0.0,0.0));
#3548=DIRECTION('',(0.0,0.0,-1.0));
#3549=AXIS2_PLACEMENT_3D('',#3546,#3547,#3548);
#3550=PLANE('',#3549);
#3551=ORIENTED_EDGE('',*,*,#3222,.F.);
#3552=ORIENTED_EDGE('',*,*,#3395,.T.);
#3553=ORIENTED_EDGE('',*,*,#3450,.T.);
#3554=ORIENTED_EDGE('',*,*,#3541,.T.);
#3555=ORIENTED_EDGE('',*,*,#3412,.F.);
#3556=EDGE_LOOP('',(#3551,#3552,#3553,#3554,#3555));
#3557=FACE_OUTER_BOUND('',#3556,.T.);
#3558=ADVANCED_FACE('',(#3557),#3550,.F.);
#3559=CARTESIAN_POINT('',(17.500000000000004,16.0,-8.000000000000004));
#3560=CARTESIAN_POINT('',(18.500000000000000,15.399139380972441,-8.000000000000004));
#3561=CARTESIAN_POINT('',(17.500000000000004,16.0,-7.000000000000007));
#3562=CARTESIAN_POINT('',(18.500000000000000,15.399139380972439,-8.000000000000004));
#3563=CARTESIAN_POINT('',(18.500000000000000,16.0,-7.000000000000007));
#3564=CARTESIAN_POINT('',(18.500000000000000,15.399139380972441,-8.000000000000004));
#3565=CARTESIAN_POINT('',(19.499999999999996,16.0,-7.000000000000007));
#3566=CARTESIAN_POINT('',(18.500000000000000,15.399139380972439,-8.000000000000004));
#3567=CARTESIAN_POINT('',(19.499999999999996,16.0,-8.000000000000004));
#3568=CARTESIAN_POINT('',(18.500000000000000,15.399139380972441,-8.000000000000004));
#3569=CARTESIAN_POINT('',(19.499999999999996,16.0,-9.0));
#3570=CARTESIAN_POINT('',(18.500000000000000,15.399139380972439,-8.000000000000004));
#3571=CARTESIAN_POINT('',(18.500000000000000,16.0,-9.0));
#3572=CARTESIAN_POINT('',(18.500000000000000,15.399139380972441,-8.000000000000004));
#3573=CARTESIAN_POINT('',(17.500000000000004,16.0,-9.0));
#3574=CARTESIAN_POINT('',(18.500000000000000,15.399139380972439,-8.000000000000004));
#3575=CARTESIAN_POINT('',(17.500000000000004,16.0,-8.000000000000004));
#3576=CARTESIAN_POINT('',(18.500000000000000,15.399139380972441,-8.000000000000004));
#3584=(BOUNDED_SURFACE()B_SPLINE_SURFACE(1,2,((#3559,#3561,#3563,#3565,#3567,#3569,#3571,#3573,#3575),(#3560,#3562,#3564,#3566,#3568,#3570,#3572,#3574,#3576)),.UNSPECIFIED.,.F.,.T.,.U.)B_SPLINE_SURFACE_WITH_KNOTS((2,2),(3,2,2,2,3),(-1.166633397215324,1.166633397215330),(0.0,0.785398163397448,1.570796326794897,2.356194490192345,3.141592653589793),.UNSPECIFIED.)GEOMETRIC_REPRESENTATION_ITEM()RATIONAL_B_SPLINE_SURFACE(((1.0,0.707106781186548,1.0,0.707106781186548,1.0,0.707106781186548,1.0,0.707106781186548,1.0),(1.0,0.707106781186548,1.0,0.707106781186548,1.0,0.707106781186548,1.0,0.707106781186548,1.0)))REPRESENTATION_ITEM('')SURFACE());
#3585=CARTESIAN_POINT('',(19.500000000000000,16.0,-8.000000000000004));
#3586=VERTEX_POINT('',#3585);
#3587=CARTESIAN_POINT('',(18.500000000000000,16.0,-8.000000000000004));
#3588=DIRECTION('',(0.0,1.0,0.0));
#3589=DIRECTION('',(1.0,0.0,0.0));
#3590=AXIS2_PLACEMENT_3D('',#3587,#3588,#3589);
#3591=CIRCLE('',#3590,1.0);
#3592=EDGE_CURVE('',#3586,#3586,#3591,.T.);
#3593=ORIENTED_EDGE('',*,*,#3592,.T.);
#3594=EDGE_LOOP('',(#3593));
#3595=FACE_OUTER_BOUND('',#3594,.T.);
#3596=ADVANCED_FACE('',(#3595),#3584,.F.);
#3597=CARTESIAN_POINT('',(17.500000000000000,16.500000000000000,-8.000000000000004));
#3598=CARTESIAN_POINT('',(17.500000000000000,16.0,-8.000000000000004));
#3599=CARTESIAN_POINT('',(17.500000000000000,16.500000000000000,-7.000000000000004));
#3600=CARTESIAN_POINT('',(17.500000000000000,16.0,-7.000000000000004));
#3601=CARTESIAN_POINT('',(18.500000000000000,16.500000000000000,-7.000000000000004));
#3602=CARTESIAN_POINT('',(18.500000000000000,16.0,-7.000000000000004));
#3603=CARTESIAN_POINT('',(19.500000000000000,16.500000000000000,-7.000000000000004));
#3604=CARTESIAN_POINT('',(19.500000000000000,16.0,-7.000000000000004));
#3605=CARTESIAN_POINT('',(19.500000000000000,16.500000000000000,-8.000000000000004));
#3606=CARTESIAN_POINT('',(19.500000000000000,16.0,-8.000000000000004));
#3607=CARTESIAN_POINT('',(19.500000000000000,16.500000000000000,-9.000000000000004));
#3608=CARTESIAN_POINT('',(19.500000000000000,16.0,-9.000000000000004));
#3609=CARTESIAN_POINT('',(18.500000000000000,16.500000000000000,-9.000000000000004));
#3610=CARTESIAN_POINT('',(18.500000000000000,16.0,-9.000000000000004));
#3611=CARTESIAN_POINT('',(17.500000000000000,16.500000000000000,-9.000000000000004));
#3612=CARTESIAN_POINT('',(17.500000000000000,16.0,-9.000000000000004));
#3613=CARTESIAN_POINT('',(17.500000000000000,16.500000000000000,-8.000000000000004));
#3614=CARTESIAN_POINT('',(17.500000000000000,16.0,-8.000000000000004));
#3622=(BOUNDED_SURFACE()B_SPLINE_SURFACE(1,2,((#3597,#3599,#3601,#3603,#3605,#3607,#3609,#3611,#3613),(#3598,#3600,#3602,#3604,#3606,#3608,#3610,#3612,#3614)),.UNSPECIFIED.,.F.,.T.,.U.)B_SPLINE_SURFACE_WITH_KNOTS((2,2),(3,2,2,2,3),(0.500000000000000,1.0),(0.0,1.570796326794897,3.141592653589793,4.712388980384690,6.283185307179586),.UNSPECIFIED.)GEOMETRIC_REPRESENTATION_ITEM()RATIONAL_B_SPLINE_SURFACE(((1.0,0.707106781186548,1.0,0.707106781186548,1.0,0.707106781186548,1.0,0.707106781186548,1.0),(1.0,0.707106781186548,1.0,0.707106781186548,1.0,0.707106781186548,1.0,0.707106781186548,1.0)))REPRESENTATION_ITEM('')SURFACE());
#3623=ORIENTED_EDGE('',*,*,#3444,.T.);
#3624=ORIENTED_EDGE('',*,*,#3466,.T.);
#3625=ORIENTED_EDGE('',*,*,#3483,.T.);
#3626=ORIENTED_EDGE('',*,*,#3500,.T.);
#3627=ORIENTED_EDGE('',*,*,#3517,.T.);
#3628=ORIENTED_EDGE('',*,*,#3534,.T.);
#3629=EDGE_LOOP('',(#3623,#3624,#3625,#3626,#3627,#3628));
#3630=FACE_OUTER_BOUND('',#3629,.T.);
#3631=ORIENTED_EDGE('',*,*,#3592,.F.);
#3632=EDGE_LOOP('',(#3631));
#3633=FACE_BOUND('',#3632,.T.);
#3634=ADVANCED_FACE('',(#3630,#3633),#3622,.F.);
#3635=CARTESIAN_POINT('',(18.500000000000000,3.499999999999999,-8.000000000000004));
#3636=DIRECTION('',(0.0,1.0,0.0));
#3637=DIRECTION('',(-1.0,0.0,0.0));
#3638=AXIS2_PLACEMENT_3D('',#3635,#3636,#3637);
#3639=CYLINDRICAL_SURFACE('',#3638,2.0);
#3640=CARTESIAN_POINT('',(20.500000000000004,8.0,-8.000000000000002));
#3641=VERTEX_POINT('',#3640);
#3642=CARTESIAN_POINT('',(18.500000000000000,8.0,-8.000000000000004));
#3643=DIRECTION('',(0.0,-1.0,0.0));
#3644=DIRECTION('',(-1.0,0.0,0.0));
#3645=AXIS2_PLACEMENT_3D('',#3642,#3643,#3644);
#3646=CIRCLE('',#3645,2.0);
#3647=EDGE_CURVE('',#3641,#3641,#3646,.T.);
#3648=ORIENTED_EDGE('',*,*,#3647,.F.);
#3649=EDGE_LOOP('',(#3648));
#3650=FACE_OUTER_BOUND('',#3649,.T.);
#3651=CARTESIAN_POINT('',(20.500000000000004,17.0,-8.000000000000004));
#3652=VERTEX_POINT('',#3651);
#3653=CARTESIAN_POINT('',(18.500000000000000,17.0,-8.000000000000004));
#3654=DIRECTION('',(0.0,1.0,0.0));
#3655=DIRECTION('',(-1.0,0.0,0.0));
#3656=AXIS2_PLACEMENT_3D('',#3653,#3654,#3655);
#3657=CIRCLE('',#3656,2.0);
#3658=EDGE_CURVE('',#3652,#3652,#3657,.T.);
#3659=ORIENTED_EDGE('',*,*,#3658,.F.);
#3660=EDGE_LOOP('',(#3659));
#3661=FACE_BOUND('',#3660,.T.);
#3662=ADVANCED_FACE('',(#3650,#3661),#3639,.T.);
#3663=CARTESIAN_POINT('',(18.500000000000000,17.0,-8.000000000000004));
#3664=DIRECTION('',(0.0,1.0,0.0));
#3665=DIRECTION('',(0.0,0.0,1.0));
#3666=AXIS2_PLACEMENT_3D('',#3663,#3664,#3665);
#3667=PLANE('',#3666);
#3668=ORIENTED_EDGE('',*,*,#3198,.F.);
#3669=EDGE_LOOP('',(#3668));
#3670=FACE_OUTER_BOUND('',#3669,.T.);
#3671=ORIENTED_EDGE('',*,*,#3658,.T.);
#3672=EDGE_LOOP('',(#3671));
#3673=FACE_BOUND('',#3672,.T.);
#3674=ADVANCED_FACE('',(#3670,#3673),#3667,.F.);
#3675=CARTESIAN_POINT('',(1.743824E-015,3.500000000000000,13.219999999999995));
#3676=DIRECTION('',(3.715431E-016,7.053705E-016,1.0));
#3677=DIRECTION('',(0.866025403784438,-0.500000000000001,3.091953E-017));
#3678=AXIS2_PLACEMENT_3D('',#3675,#3676,#3677);
#3679=CYLINDRICAL_SURFACE('',#3678,1.0);
#3680=CARTESIAN_POINT('',(-0.866025403784437,4.0,13.219999999999995));
#3681=VERTEX_POINT('',#3680);
#3682=CARTESIAN_POINT('',(1.743824E-015,3.500000000000000,13.219999999999995));
#3683=DIRECTION('',(-2.677710E-017,1.545976E-017,1.000000000000000));
#3684=DIRECTION('',(0.866025403784438,-0.500000000000001,3.091953E-017));
#3685=AXIS2_PLACEMENT_3D('',#3682,#3683,#3684);
#3686=CIRCLE('',#3685,1.0);
#3687=EDGE_CURVE('',#3681,#3681,#3686,.T.);
#3688=ORIENTED_EDGE('',*,*,#3687,.T.);
#3689=EDGE_LOOP('',(#3688));
#3690=FACE_OUTER_BOUND('',#3689,.T.);
#3691=CARTESIAN_POINT('',(0.750221963830173,4.161186059280444,13.479138214477469));
#3692=VERTEX_POINT('',#3691);
#3693=CARTESIAN_POINT('',(0.750221963830173,2.838813940719556,13.479138214477469));
#3694=VERTEX_POINT('',#3693);
#3695=CARTESIAN_POINT('',(0.750221963830172,4.161186059280444,13.479138214477469));
#3696=CARTESIAN_POINT('',(0.690684693126759,4.228740671966642,13.482451940283784));
#3697=CARTESIAN_POINT('',(0.623302215922753,4.287462071028260,13.485827596283718));
#3698=CARTESIAN_POINT('',(0.545573678204664,4.338062862588623,13.488971397465793));
#3699=CARTESIAN_POINT('',(0.411651077216501,4.425245637625526,13.494388018486250));
#3700=CARTESIAN_POINT('',(0.251630023808835,4.480408231409252,13.498554613661739));
#3701=CARTESIAN_POINT('',(0.095767570603830,4.495403723330711,13.499660313223465));
#3702=CARTESIAN_POINT('',(-0.005747100826033,4.505170427267635,13.500380465674558));
#3703=CARTESIAN_POINT('',(-0.105363708287926,4.499869580552033,13.499973189314701));
#3704=CARTESIAN_POINT('',(-0.207222326487053,4.478293875788505,13.498409495470396));
#3705=CARTESIAN_POINT('',(-0.371472262552156,4.443502434567095,13.495887994408498));
#3706=CARTESIAN_POINT('',(-0.530850393944474,4.363067211764115,13.490125766055808));
#3707=CARTESIAN_POINT('',(-0.654379285528783,4.256166483435253,13.484130960157234));
#3708=CARTESIAN_POINT('',(-0.722237241789264,4.197442853245448,13.480837841671038));
#3709=CARTESIAN_POINT('',(-0.780973976354108,4.131311456678756,13.477488537697733));
#3710=CARTESIAN_POINT('',(-0.832039544385140,4.054716320815754,13.474335241360865));
#3711=CARTESIAN_POINT('',(-0.934588600158561,3.900899195843900,13.468002842165324));
#3712=CARTESIAN_POINT('',(-0.993640104130267,3.710846264270287,13.463384175965521));
#3713=CARTESIAN_POINT('',(-0.999465833743874,3.532680991090532,13.462951684054232));
#3714=CARTESIAN_POINT('',(-1.003096028985893,3.421660609114756,13.462682184749818));
#3715=CARTESIAN_POINT('',(-0.988193850699688,3.307579802961790,13.463830297832596));
#3716=CARTESIAN_POINT('',(-0.952879108497337,3.196649699869413,13.466329173334112));
#3717=CARTESIAN_POINT('',(-0.905205213017241,3.046897222274656,13.469702584041583));
#3718=CARTESIAN_POINT('',(-0.819250010103217,2.907565464289763,13.475521449325376));
#3719=CARTESIAN_POINT('',(-0.715238193509849,2.801119232955460,13.481039808803503));
#3720=CARTESIAN_POINT('',(-0.642538367472203,2.726717854786853,13.484896906844982));
#3721=CARTESIAN_POINT('',(-0.554877184673024,2.660847546655870,13.488946062410449));
#3722=CARTESIAN_POINT('',(-0.457185799427812,2.610628792459779,13.492256340019692));
#3723=CARTESIAN_POINT('',(-0.339276163522589,2.550016743526169,13.496251714091535));
#3724=CARTESIAN_POINT('',(-0.207530463017635,2.513403728120533,13.499009900615510));
#3725=CARTESIAN_POINT('',(-0.079715673732289,2.503182358020582,13.499764642813647));
#3726=CARTESIAN_POINT('',(0.020003046343205,2.495207835279637,13.500353478631519));
#3727=CARTESIAN_POINT('',(0.118517025212366,2.501751596635161,13.499851776106075));
#3728=CARTESIAN_POINT('',(0.218724936487910,2.524213444364824,13.498228009711438));
#3729=CARTESIAN_POINT('',(0.367925698403739,2.557657159064034,13.495810364436036));
#3730=CARTESIAN_POINT('',(0.512536108318617,2.628365043893973,13.490770870752685));
#3731=CARTESIAN_POINT('',(0.628994013546505,2.722589856689108,13.485338947572757));
#3732=CARTESIAN_POINT('',(0.673296768052350,2.758434729061261,13.483272542903498));
#3733=CARTESIAN_POINT('',(0.712951300954593,2.796524377134082,13.481212625278134));
#3734=CARTESIAN_POINT('',(0.750221963830172,2.838813940719556,13.479138214477469));
#3735=B_SPLINE_CURVE_WITH_KNOTS('',3,(#3695,#3696,#3697,#3698,#3699,#3700,#3701,#3702,#3703,#3704,#3705,#3706,#3707,#3708,#3709,#3710,#3711,#3712,#3713,#3714,#3715,#3716,#3717,#3718,#3719,#3720,#3721,#3722,#3723,#3724,#3725,#3726,#3727,#3728,#3729,#3730,#3731,#3732,#3733,#3734),.UNSPECIFIED.,.F.,.U.,(4,3,3,3,3,3,3,3,3,3,3,3,3,4),(0.069127697238910,0.095627662975895,0.141285852899211,0.171023458415091,0.218976198115170,0.245318010717912,0.298217216854815,0.331180374976033,0.375679698968272,0.406782829545023,0.444323077260951,0.473611279936715,0.517218836453420,0.533807962517287),.UNSPECIFIED.);
#3736=EDGE_CURVE('',#3692,#3694,#3735,.T.);
#3737=ORIENTED_EDGE('',*,*,#3736,.F.);
#3738=CARTESIAN_POINT('',(0.750221963830172,2.838813940719556,13.479138214477468));
#3739=CARTESIAN_POINT('',(0.848721481986074,2.950577491856230,13.473655927644925));
#3740=CARTESIAN_POINT('',(0.926085329520525,3.092364114351348,13.476695799488628));
#3741=CARTESIAN_POINT('',(0.965982325634621,3.241391905460148,13.478785599843567));
#3742=CARTESIAN_POINT('',(0.992875471456554,3.341846238070756,13.480194259922220));
#3743=CARTESIAN_POINT('',(1.003351746308839,3.442885728551032,13.481089360762628));
#3744=CARTESIAN_POINT('',(0.999088858290285,3.542678486854833,13.480795113638749));
#3745=CARTESIAN_POINT('',(0.991827897196238,3.712655115928315,13.480293923621741));
#3746=CARTESIAN_POINT('',(0.936507965134539,3.892440844264001,13.475189275098549));
#3747=CARTESIAN_POINT('',(0.841222317310498,4.040689386671090,13.476149023727777));
#3748=CARTESIAN_POINT('',(0.813621861436569,4.083631082997037,13.476427024668064));
#3749=CARTESIAN_POINT('',(0.782979743989612,4.124017087223354,13.477314981732844));
#3750=CARTESIAN_POINT('',(0.750221963830172,4.161186059280444,13.479138214477468));
#3751=B_SPLINE_CURVE_WITH_KNOTS('',3,(#3738,#3739,#3740,#3741,#3742,#3743,#3744,#3745,#3746,#3747,#3748,#3749,#3750),.UNSPECIFIED.,.F.,.U.,(4,3,3,3,4),(-0.069161088300030,-0.025315593780832,0.004239094355776,0.054579483259399,0.069161088300030),.UNSPECIFIED.);
#3752=EDGE_CURVE('',#3694,#3692,#3751,.T.);
#3753=ORIENTED_EDGE('',*,*,#3752,.F.);
#3754=EDGE_LOOP('',(#3737,#3753));
#3755=FACE_BOUND('',#3754,.T.);
#3756=ADVANCED_FACE('',(#3690,#3755),#3679,.T.);
#3757=CARTESIAN_POINT('',(1.743824E-015,3.500000000000000,13.219999999999995));
#3758=DIRECTION('',(0.0,0.0,1.0));
#3759=DIRECTION('',(0.500000000000000,0.866025403784438,0.0));
#3760=AXIS2_PLACEMENT_3D('',#3757,#3758,#3759);
#3761=PLANE('',#3760);
#3762=ORIENTED_EDGE('',*,*,#3687,.F.);
#3763=EDGE_LOOP('',(#3762));
#3764=FACE_OUTER_BOUND('',#3763,.T.);
#3765=ADVANCED_FACE('',(#3764),#3761,.F.);
#3766=CARTESIAN_POINT('',(0.861365958471682,0.0,15.476047579585245));
#3767=DIRECTION('',(0.0,1.0,0.0));
#3768=DIRECTION('',(-0.055571997320755,0.0,-0.998454682553886));
#3769=AXIS2_PLACEMENT_3D('',#3766,#3767,#3768);
#3770=CYLINDRICAL_SURFACE('',#3769,2.000000000000004);
#3771=ORIENTED_EDGE('',*,*,#3752,.T.);
#3772=CARTESIAN_POINT('',(0.750221963830173,6.000000000000001,13.479138214477469));
#3773=VERTEX_POINT('',#3772);
#3774=CARTESIAN_POINT('',(0.750221963830173,4.161186059280444,13.479138214477469));
#3775=DIRECTION('',(0.0,1.0,0.0));
#3776=VECTOR('',#3775,1.838813940719557);
#3777=LINE('',#3774,#3776);
#3778=EDGE_CURVE('',#3692,#3773,#3777,.T.);
#3779=ORIENTED_EDGE('',*,*,#3778,.T.);
#3780=CARTESIAN_POINT('',(2.543832827479775,6.000000000000001,14.394703400015150));
#3781=VERTEX_POINT('',#3780);
#3782=CARTESIAN_POINT('',(0.861365958471682,6.000000000000001,15.476047579585245));
#3783=DIRECTION('',(0.0,1.000000000000000,0.0));
#3784=DIRECTION('',(-0.055571997320755,0.0,-0.998454682553886));
#3785=AXIS2_PLACEMENT_3D('',#3782,#3783,#3784);
#3786=CIRCLE('',#3785,2.000000000000004);
#3787=EDGE_CURVE('',#3781,#3773,#3786,.T.);
#3788=ORIENTED_EDGE('',*,*,#3787,.F.);
#3789=CARTESIAN_POINT('',(2.543832827479775,0.500000000000000,14.394703400015150));
#3790=VERTEX_POINT('',#3789);
#3791=CARTESIAN_POINT('',(2.543832827479775,0.500000000000000,14.394703400015150));
#3792=DIRECTION('',(0.0,1.0,0.0));
#3793=VECTOR('',#3792,5.500000000000001);
#3794=LINE('',#3791,#3793);
#3795=EDGE_CURVE('',#3790,#3781,#3794,.T.);
#3796=ORIENTED_EDGE('',*,*,#3795,.F.);
#3797=CARTESIAN_POINT('',(0.750221963830173,0.500000000000000,13.479138214477469));
#3798=VERTEX_POINT('',#3797);
#3799=CARTESIAN_POINT('',(0.861365958471682,0.500000000000000,15.476047579585245));
#3800=DIRECTION('',(0.0,1.000000000000000,0.0));
#3801=DIRECTION('',(-0.055571997320755,0.0,-0.998454682553886));
#3802=AXIS2_PLACEMENT_3D('',#3799,#3800,#3801);
#3803=CIRCLE('',#3802,2.000000000000004);
#3804=EDGE_CURVE('',#3790,#3798,#3803,.T.);
#3805=ORIENTED_EDGE('',*,*,#3804,.T.);
#3806=CARTESIAN_POINT('',(0.750221963830173,0.500000000000000,13.479138214477469));
#3807=DIRECTION('',(0.0,1.0,0.0));
#3808=VECTOR('',#3807,2.338813940719556);
#3809=LINE('',#3806,#3808);
#3810=EDGE_CURVE('',#3798,#3694,#3809,.T.);
#3811=ORIENTED_EDGE('',*,*,#3810,.T.);
#3812=EDGE_LOOP('',(#3771,#3779,#3788,#3796,#3805,#3811));
#3813=FACE_OUTER_BOUND('',#3812,.T.);
#3814=ADVANCED_FACE('',(#3813),#3770,.T.);
#3815=CARTESIAN_POINT('',(2.959574347047770,8.0,-2.221797678069744));
#3816=DIRECTION('',(0.0,1.0,0.0));
#3817=DIRECTION('',(0.0,0.0,1.0));
#3818=AXIS2_PLACEMENT_3D('',#3815,#3816,#3817);
#3819=PLANE('',#3818);
#3820=CARTESIAN_POINT('',(-22.517540966287267,8.0,-12.674454699062379));
#3821=VERTEX_POINT('',#3820);
#3822=CARTESIAN_POINT('',(-23.0,8.0,-15.410615845667724));
#3823=VERTEX_POINT('',#3822);
#3824=CARTESIAN_POINT('',(-14.999999999999998,8.0,-15.410615845667724));
#3825=DIRECTION('',(0.0,-1.0,0.0));
#3826=DIRECTION('',(-0.984807753012208,0.0,0.173648177666930));
#3827=AXIS2_PLACEMENT_3D('',#3824,#3825,#3826);
#3828=CIRCLE('',#3827,7.999999999999999);
#3829=EDGE_CURVE('',#3821,#3823,#3828,.T.);
#3830=ORIENTED_EDGE('',*,*,#3829,.F.);
#3831=CARTESIAN_POINT('',(-11.448981992760107,8.0,17.736161146605351));
#3832=VERTEX_POINT('',#3831);
#3833=CARTESIAN_POINT('',(-11.448981992760107,8.0,17.736161146605351));
#3834=DIRECTION('',(-0.342020143325668,0.0,-0.939692620785908));
#3835=VECTOR('',#3834,32.362301430263358);
#3836=LINE('',#3833,#3835);
#3837=EDGE_CURVE('',#3832,#3821,#3836,.T.);
#3838=ORIENTED_EDGE('',*,*,#3837,.F.);
#3839=CARTESIAN_POINT('',(-3.931441026472839,8.0,23.000000000000007));
#3840=VERTEX_POINT('',#3839);
#3841=CARTESIAN_POINT('',(-3.931441026472840,8.0,15.000000000000004));
#3842=DIRECTION('',(0.0,-1.0,0.0));
#3843=DIRECTION('',(-0.573576436351046,0.0,0.819152044288992));
#3844=AXIS2_PLACEMENT_3D('',#3841,#3842,#3843);
#3845=CIRCLE('',#3844,8.0);
#3846=EDGE_CURVE('',#3840,#3832,#3845,.T.);
#3847=ORIENTED_EDGE('',*,*,#3846,.F.);
#3848=CARTESIAN_POINT('',(21.000000000000011,8.0,23.0));
#3849=VERTEX_POINT('',#3848);
#3850=CARTESIAN_POINT('',(21.000000000000011,8.0,23.0));
#3851=DIRECTION('',(-1.0,0.0,0.0));
#3852=VECTOR('',#3851,24.931441026472850);
#3853=LINE('',#3850,#3852);
#3854=EDGE_CURVE('',#3849,#3840,#3853,.T.);
#3855=ORIENTED_EDGE('',*,*,#3854,.F.);
#3856=CARTESIAN_POINT('',(24.000000000000014,8.0,20.0));
#3857=VERTEX_POINT('',#3856);
#3858=CARTESIAN_POINT('',(21.000000000000011,8.0,20.0));
#3859=DIRECTION('',(0.0,-1.000000000000000,0.0));
#3860=DIRECTION('',(0.707106781186547,0.0,0.707106781186547));
#3861=AXIS2_PLACEMENT_3D('',#3858,#3859,#3860);
#3862=CIRCLE('',#3861,3.0);
#3863=EDGE_CURVE('',#3857,#3849,#3862,.T.);
#3864=ORIENTED_EDGE('',*,*,#3863,.F.);
#3865=CARTESIAN_POINT('',(24.0,8.0,-21.0));
#3866=VERTEX_POINT('',#3865);
#3867=CARTESIAN_POINT('',(24.0,8.0,-21.0));
#3868=DIRECTION('',(0.0,0.0,1.0));
#3869=VECTOR('',#3868,41.0);
#3870=LINE('',#3867,#3869);
#3871=EDGE_CURVE('',#3866,#3857,#3870,.T.);
#3872=ORIENTED_EDGE('',*,*,#3871,.F.);
#3873=CARTESIAN_POINT('',(20.999999999999996,8.0,-24.000000000000004));
#3874=VERTEX_POINT('',#3873);
#3875=CARTESIAN_POINT('',(20.999999999999996,8.0,-21.0));
#3876=DIRECTION('',(0.0,-1.000000000000000,0.0));
#3877=DIRECTION('',(0.707106781186549,0.0,-0.707106781186546));
#3878=AXIS2_PLACEMENT_3D('',#3875,#3876,#3877);
#3879=CIRCLE('',#3878,3.000000000000000);
#3880=EDGE_CURVE('',#3874,#3866,#3879,.T.);
#3881=ORIENTED_EDGE('',*,*,#3880,.F.);
#3882=CARTESIAN_POINT('',(-19.999999999999996,8.0,-24.0));
#3883=VERTEX_POINT('',#3882);
#3884=CARTESIAN_POINT('',(-19.999999999999996,8.0,-24.0));
#3885=DIRECTION('',(1.0,0.0,0.0));
#3886=VECTOR('',#3885,40.999999999999993);
#3887=LINE('',#3884,#3886);
#3888=EDGE_CURVE('',#3883,#3874,#3887,.T.);
#3889=ORIENTED_EDGE('',*,*,#3888,.F.);
#3890=CARTESIAN_POINT('',(-23.0,8.0,-20.999999999999996));
#3891=VERTEX_POINT('',#3890);
#3892=CARTESIAN_POINT('',(-19.999999999999996,8.0,-20.999999999999996));
#3893=DIRECTION('',(0.0,-1.0,0.0));
#3894=DIRECTION('',(-0.707106781186547,0.0,-0.707106781186548));
#3895=AXIS2_PLACEMENT_3D('',#3892,#3893,#3894);
#3896=CIRCLE('',#3895,3.000000000000000);
#3897=EDGE_CURVE('',#3891,#3883,#3896,.T.);
#3898=ORIENTED_EDGE('',*,*,#3897,.F.);
#3899=CARTESIAN_POINT('',(-23.0,8.0,-15.410615845667724));
#3900=DIRECTION('',(0.0,0.0,-1.0));
#3901=VECTOR('',#3900,5.589384154332272);
#3902=LINE('',#3899,#3901);
#3903=EDGE_CURVE('',#3823,#3891,#3902,.T.);
#3904=ORIENTED_EDGE('',*,*,#3903,.F.);
#3905=EDGE_LOOP('',(#3830,#3838,#3847,#3855,#3864,#3872,#3881,#3889,#3898,#3904));
#3906=FACE_OUTER_BOUND('',#3905,.T.);
#3907=ORIENTED_EDGE('',*,*,#3093,.T.);
#3908=EDGE_LOOP('',(#3907));
#3909=FACE_BOUND('',#3908,.T.);
#3910=ORIENTED_EDGE('',*,*,#3647,.T.);
#3911=EDGE_LOOP('',(#3910));
#3912=FACE_BOUND('',#3911,.T.);
#3913=CARTESIAN_POINT('',(-17.249999999999996,8.0,-20.528427124746194));
#3914=VERTEX_POINT('',#3913);
#3915=CARTESIAN_POINT('',(-17.249999999999996,8.0,-16.471572875253809));
#3916=VERTEX_POINT('',#3915);
#3917=CARTESIAN_POINT('',(-17.249999999999996,8.0,-18.500000000000007));
#3918=DIRECTION('',(0.0,-1.0,0.0));
#3919=DIRECTION('',(0.0,0.0,1.0));
#3920=AXIS2_PLACEMENT_3D('',#3917,#3918,#3919);
#3921=CIRCLE('',#3920,2.028427124746197);
#3922=EDGE_CURVE('',#3914,#3916,#3921,.T.);
#3923=ORIENTED_EDGE('',*,*,#3922,.T.);
#3924=CARTESIAN_POINT('',(-19.750000000000000,8.0,-16.471572875253809));
#3925=VERTEX_POINT('',#3924);
#3926=CARTESIAN_POINT('',(-17.249999999999996,8.0,-16.471572875253809));
#3927=DIRECTION('',(-1.0,0.0,0.0));
#3928=VECTOR('',#3927,2.500000000000004);
#3929=LINE('',#3926,#3928);
#3930=EDGE_CURVE('',#3916,#3925,#3929,.T.);
#3931=ORIENTED_EDGE('',*,*,#3930,.T.);
#3932=CARTESIAN_POINT('',(-19.750000000000000,8.0,-20.528427124746194));
#3933=VERTEX_POINT('',#3932);
#3934=CARTESIAN_POINT('',(-19.750000000000000,8.0,-18.500000000000007));
#3935=DIRECTION('',(0.0,-1.0,0.0));
#3936=DIRECTION('',(0.0,0.0,1.0));
#3937=AXIS2_PLACEMENT_3D('',#3934,#3935,#3936);
#3938=CIRCLE('',#3937,2.028427124746197);
#3939=EDGE_CURVE('',#3925,#3933,#3938,.T.);
#3940=ORIENTED_EDGE('',*,*,#3939,.T.);
#3941=CARTESIAN_POINT('',(-19.750000000000000,8.0,-20.528427124746194));
#3942=DIRECTION('',(1.0,0.0,0.0));
#3943=VECTOR('',#3942,2.500000000000004);
#3944=LINE('',#3941,#3943);
#3945=EDGE_CURVE('',#3933,#3914,#3944,.T.);
#3946=ORIENTED_EDGE('',*,*,#3945,.T.);
#3947=EDGE_LOOP('',(#3923,#3931,#3940,#3946));
#3948=FACE_BOUND('',#3947,.T.);
#3949=ORIENTED_EDGE('',*,*,#2553,.T.);
#3950=EDGE_LOOP('',(#3949));
#3951=FACE_BOUND('',#3950,.T.);
#3952=CARTESIAN_POINT('',(21.500000000000007,8.0,18.500000000000000));
#3953=VERTEX_POINT('',#3952);
#3954=CARTESIAN_POINT('',(18.500000000000007,8.0,18.500000000000000));
#3955=DIRECTION('',(0.0,-1.0,0.0));
#3956=DIRECTION('',(1.0,0.0,0.0));
#3957=AXIS2_PLACEMENT_3D('',#3954,#3955,#3956);
#3958=CIRCLE('',#3957,3.000000000000000);
#3959=EDGE_CURVE('',#3953,#3953,#3958,.T.);
#3960=ORIENTED_EDGE('',*,*,#3959,.T.);
#3961=EDGE_LOOP('',(#3960));
#3962=FACE_BOUND('',#3961,.T.);
#3963=CARTESIAN_POINT('',(-11.0,8.0,1.347111E-015));
#3964=VERTEX_POINT('',#3963);
#3965=CARTESIAN_POINT('',(0.0,8.0,0.0));
#3966=DIRECTION('',(0.0,-1.0,0.0));
#3967=DIRECTION('',(1.0,0.0,0.0));
#3968=AXIS2_PLACEMENT_3D('',#3965,#3966,#3967);
#3969=CIRCLE('',#3968,11.0);
#3970=EDGE_CURVE('',#3964,#3964,#3969,.T.);
#3971=ORIENTED_EDGE('',*,*,#3970,.T.);
#3972=EDGE_LOOP('',(#3971));
#3973=FACE_BOUND('',#3972,.T.);
#3974=ADVANCED_FACE('',(#3906,#3909,#3912,#3948,#3951,#3962,#3973),#3819,.T.);
#3975=CARTESIAN_POINT('',(-23.0,0.0,-24.0));
#3976=DIRECTION('',(0.0,0.0,-1.0));
#3977=DIRECTION('',(-1.0,0.0,0.0));
#3978=AXIS2_PLACEMENT_3D('',#3975,#3976,#3977);
#3979=PLANE('',#3978);
#3980=CARTESIAN_POINT('',(-19.999999999999996,0.500000000000000,-24.000000000000004));
#3981=VERTEX_POINT('',#3980);
#3982=CARTESIAN_POINT('',(-19.999999999999996,8.0,-24.0));
#3983=DIRECTION('',(0.0,-1.0,0.0));
#3984=VECTOR('',#3983,7.500000000000000);
#3985=LINE('',#3982,#3984);
#3986=EDGE_CURVE('',#3883,#3981,#3985,.T.);
#3987=ORIENTED_EDGE('',*,*,#3986,.F.);
#3988=ORIENTED_EDGE('',*,*,#3888,.T.);
#3989=CARTESIAN_POINT('',(20.999999999999996,0.500000000000000,-24.000000000000007));
#3990=VERTEX_POINT('',#3989);
#3991=CARTESIAN_POINT('',(20.999999999999996,0.500000000000000,-24.000000000000007));
#3992=DIRECTION('',(0.0,1.0,0.0));
#3993=VECTOR('',#3992,7.500000000000000);
#3994=LINE('',#3991,#3993);
#3995=EDGE_CURVE('',#3990,#3874,#3994,.T.);
#3996=ORIENTED_EDGE('',*,*,#3995,.F.);
#3997=CARTESIAN_POINT('',(20.999999999999996,0.500000000000000,-24.000000000000007));
#3998=DIRECTION('',(-1.0,0.0,0.0));
#3999=VECTOR('',#3998,40.999999999999993);
#4000=LINE('',#3997,#3999);
#4001=EDGE_CURVE('',#3990,#3981,#4000,.T.);
#4002=ORIENTED_EDGE('',*,*,#4001,.T.);
#4003=EDGE_LOOP('',(#3987,#3988,#3996,#4002));
#4004=FACE_OUTER_BOUND('',#4003,.T.);
#4005=ADVANCED_FACE('',(#4004),#3979,.T.);
#4006=CARTESIAN_POINT('',(0.0,0.0,0.0));
#4007=DIRECTION('',(0.0,1.0,0.0));
#4008=DIRECTION('',(1.0,0.0,0.0));
#4009=AXIS2_PLACEMENT_3D('',#4006,#4007,#4008);
#4010=CYLINDRICAL_SURFACE('',#4009,11.0);
#4011=CARTESIAN_POINT('',(11.0,6.000000000000001,1.347111E-015));
#4012=VERTEX_POINT('',#4011);
#4013=CARTESIAN_POINT('',(0.0,6.000000000000001,0.0));
#4014=DIRECTION('',(0.0,-1.0,0.0));
#4015=DIRECTION('',(1.0,0.0,0.0));
#4016=AXIS2_PLACEMENT_3D('',#4013,#4014,#4015);
#4017=CIRCLE('',#4016,11.0);
#4018=EDGE_CURVE('',#4012,#4012,#4017,.T.);
#4019=ORIENTED_EDGE('',*,*,#4018,.T.);
#4020=EDGE_LOOP('',(#4019));
#4021=FACE_OUTER_BOUND('',#4020,.T.);
#4022=ORIENTED_EDGE('',*,*,#3970,.F.);
#4023=EDGE_LOOP('',(#4022));
#4024=FACE_BOUND('',#4023,.T.);
#4025=ADVANCED_FACE('',(#4021,#4024),#4010,.F.);
#4026=CARTESIAN_POINT('',(0.813423071821208,6.000000000000001,1.379049217904119));
#4027=DIRECTION('',(0.0,1.0,0.0));
#4028=DIRECTION('',(0.0,0.0,1.0));
#4029=AXIS2_PLACEMENT_3D('',#4026,#4027,#4028);
#4030=PLANE('',#4029);
#4031=CARTESIAN_POINT('',(-13.483776960405930,6.000000000000001,-0.661633495242097));
#4032=VERTEX_POINT('',#4031);
#4033=CARTESIAN_POINT('',(0.0,6.000000000000001,0.0));
#4034=DIRECTION('',(0.0,-1.0,0.0));
#4035=DIRECTION('',(-0.055571997320754,0.0,-0.998454682553886));
#4036=AXIS2_PLACEMENT_3D('',#4033,#4034,#4035);
#4037=CIRCLE('',#4036,13.500000000000002);
#4038=EDGE_CURVE('',#3773,#4032,#4037,.T.);
#4039=ORIENTED_EDGE('',*,*,#4038,.T.);
#4040=CARTESIAN_POINT('',(-12.062120666553515,6.000000000000001,-3.914929577518751));
#4041=VERTEX_POINT('',#4040);
#4042=CARTESIAN_POINT('',(-8.489785493588874,6.000000000000001,-0.416584052559826));
#4043=DIRECTION('',(0.0,-1.000000000000000,0.0));
#4044=DIRECTION('',(0.998798293363402,0.0,0.049009888536454));
#4045=AXIS2_PLACEMENT_3D('',#4042,#4043,#4044);
#4046=CIRCLE('',#4045,5.000000000000044);
#4047=EDGE_CURVE('',#4032,#4041,#4046,.T.);
#4048=ORIENTED_EDGE('',*,*,#4047,.T.);
#4049=CARTESIAN_POINT('',(-11.491652150488962,6.000000000000001,-5.363148275368763));
#4050=VERTEX_POINT('',#4049);
#4051=CARTESIAN_POINT('',(-13.491054735739352,6.000000000000001,-5.314267787502316));
#4052=DIRECTION('',(0.0,1.000000000000000,0.0));
#4053=DIRECTION('',(0.999701292625194,0.0,-0.024440243933224));
#4054=AXIS2_PLACEMENT_3D('',#4051,#4052,#4053);
#4055=CIRCLE('',#4054,2.0);
#4056=EDGE_CURVE('',#4041,#4050,#4055,.T.);
#4057=ORIENTED_EDGE('',*,*,#4056,.T.);
#4058=CARTESIAN_POINT('',(-10.312643150517697,6.000000000000001,-8.712025668584802));
#4059=VERTEX_POINT('',#4058);
#4060=CARTESIAN_POINT('',(-6.493145687362985,6.000000000000001,-5.485349495034878));
#4061=DIRECTION('',(0.0,-1.000000000000000,0.0));
#4062=DIRECTION('',(0.999701292625194,0.0,-0.024440243933223));
#4063=AXIS2_PLACEMENT_3D('',#4060,#4061,#4062);
#4064=CIRCLE('',#4063,5.000000000000005);
#4065=EDGE_CURVE('',#4050,#4059,#4064,.T.);
#4066=ORIENTED_EDGE('',*,*,#4065,.T.);
#4067=CARTESIAN_POINT('',(10.312643150517696,6.000000000000001,-8.712025668584802));
#4068=VERTEX_POINT('',#4067);
#4069=CARTESIAN_POINT('',(0.0,6.000000000000001,0.0));
#4070=DIRECTION('',(0.0,-1.0,0.0));
#4071=DIRECTION('',(0.763899492630940,0.0,0.645335234709985));
#4072=AXIS2_PLACEMENT_3D('',#4069,#4070,#4071);
#4073=CIRCLE('',#4072,13.500000000000002);
#4074=EDGE_CURVE('',#4059,#4068,#4073,.T.);
#4075=ORIENTED_EDGE('',*,*,#4074,.T.);
#4076=CARTESIAN_POINT('',(11.491652150488969,6.000000000000001,-5.363148275368754));
#4077=VERTEX_POINT('',#4076);
#4078=CARTESIAN_POINT('',(6.493145687363010,6.000000000000001,-5.485349495034876));
#4079=DIRECTION('',(0.0,-1.0,0.0));
#4080=DIRECTION('',(-0.763899492630939,0.0,0.645335234709987));
#4081=AXIS2_PLACEMENT_3D('',#4078,#4079,#4080);
#4082=CIRCLE('',#4081,4.999999999999988);
#4083=EDGE_CURVE('',#4068,#4077,#4082,.T.);
#4084=ORIENTED_EDGE('',*,*,#4083,.T.);
#4085=CARTESIAN_POINT('',(12.062120666553518,6.000000000000001,-3.914929577518746));
#4086=VERTEX_POINT('',#4085);
#4087=CARTESIAN_POINT('',(13.491054735739358,6.000000000000001,-5.314267787502307));
#4088=DIRECTION('',(0.0,1.000000000000000,0.0));
#4089=DIRECTION('',(-0.714467034592920,0.0,0.699669104991780));
#4090=AXIS2_PLACEMENT_3D('',#4087,#4088,#4089);
#4091=CIRCLE('',#4090,2.0);
#4092=EDGE_CURVE('',#4077,#4086,#4091,.T.);
#4093=ORIENTED_EDGE('',*,*,#4092,.T.);
#4094=CARTESIAN_POINT('',(13.483776960405930,6.000000000000001,-0.661633495242099));
#4095=VERTEX_POINT('',#4094);
#4096=CARTESIAN_POINT('',(8.489785493588894,6.000000000000001,-0.416584052559831));
#4097=DIRECTION('',(0.0,-1.0,0.0));
#4098=DIRECTION('',(-0.714467034592921,0.0,0.699669104991779));
#4099=AXIS2_PLACEMENT_3D('',#4096,#4097,#4098);
#4100=CIRCLE('',#4099,5.000000000000025);
#4101=EDGE_CURVE('',#4086,#4095,#4100,.T.);
#4102=ORIENTED_EDGE('',*,*,#4101,.T.);
#4103=CARTESIAN_POINT('',(11.298165132944023,6.000000000000001,7.389280386392711));
#4104=VERTEX_POINT('',#4103);
#4105=CARTESIAN_POINT('',(0.0,6.000000000000001,0.0));
#4106=DIRECTION('',(0.0,-1.0,0.0));
#4107=DIRECTION('',(-0.998798293363402,0.0,0.049009888536452));
#4108=AXIS2_PLACEMENT_3D('',#4105,#4106,#4107);
#4109=CIRCLE('',#4108,13.500000000000002);
#4110=EDGE_CURVE('',#4095,#4104,#4109,.T.);
#4111=ORIENTED_EDGE('',*,*,#4110,.T.);
#4112=CARTESIAN_POINT('',(11.194262410615465,6.000000000000001,9.400375551585851));
#4113=VERTEX_POINT('',#4112);
#4114=CARTESIAN_POINT('',(12.971967374861666,6.000000000000001,8.483988591784229));
#4115=DIRECTION('',(0.0,1.0,0.0));
#4116=DIRECTION('',(-0.888852482123095,0.0,0.458193479900809));
#4117=AXIS2_PLACEMENT_3D('',#4114,#4115,#4116);
#4118=CIRCLE('',#4117,2.000000000000011);
#4119=EDGE_CURVE('',#4104,#4113,#4118,.T.);
#4120=ORIENTED_EDGE('',*,*,#4119,.T.);
#4121=CARTESIAN_POINT('',(6.750000000000003,6.000000000000001,11.691342951089922));
#4122=DIRECTION('',(0.0,-1.000000000000000,0.0));
#4123=DIRECTION('',(-0.888852482123092,0.0,0.458193479900814));
#4124=AXIS2_PLACEMENT_3D('',#4121,#4122,#4123);
#4125=CIRCLE('',#4124,4.999999999999999);
#4126=EDGE_CURVE('',#4113,#3781,#4125,.T.);
#4127=ORIENTED_EDGE('',*,*,#4126,.T.);
#4128=ORIENTED_EDGE('',*,*,#3787,.T.);
#4129=EDGE_LOOP('',(#4039,#4048,#4057,#4066,#4075,#4084,#4093,#4102,#4111,#4120,#4127,#4128));
#4130=FACE_OUTER_BOUND('',#4129,.T.);
#4131=ORIENTED_EDGE('',*,*,#4018,.F.);
#4132=EDGE_LOOP('',(#4131));
#4133=FACE_BOUND('',#4132,.T.);
#4134=ADVANCED_FACE('',(#4130,#4133),#4030,.F.);
#4135=CARTESIAN_POINT('',(6.493145687363010,0.0,-5.485349495034876));
#4136=DIRECTION('',(0.0,1.0,0.0));
#4137=DIRECTION('',(-0.763899492630939,0.0,0.645335234709987));
#4138=AXIS2_PLACEMENT_3D('',#4135,#4136,#4137);
#4139=CYLINDRICAL_SURFACE('',#4138,4.999999999999988);
#4140=CARTESIAN_POINT('',(10.312643150517696,0.500000000000000,-8.712025668584802));
#4141=VERTEX_POINT('',#4140);
#4142=CARTESIAN_POINT('',(11.491652150488969,0.500000000000000,-5.363148275368754));
#4143=VERTEX_POINT('',#4142);
#4144=CARTESIAN_POINT('',(6.493145687363010,0.500000000000000,-5.485349495034876));
#4145=DIRECTION('',(0.0,-1.0,0.0));
#4146=DIRECTION('',(-0.763899492630939,0.0,0.645335234709987));
#4147=AXIS2_PLACEMENT_3D('',#4144,#4145,#4146);
#4148=CIRCLE('',#4147,4.999999999999988);
#4149=EDGE_CURVE('',#4141,#4143,#4148,.T.);
#4150=ORIENTED_EDGE('',*,*,#4149,.T.);
#4151=CARTESIAN_POINT('',(11.491652150488969,0.500000000000000,-5.363148275368754));
#4152=DIRECTION('',(0.0,1.0,0.0));
#4153=VECTOR('',#4152,5.500000000000001);
#4154=LINE('',#4151,#4153);
#4155=EDGE_CURVE('',#4143,#4077,#4154,.T.);
#4156=ORIENTED_EDGE('',*,*,#4155,.T.);
#4157=ORIENTED_EDGE('',*,*,#4083,.F.);
#4158=CARTESIAN_POINT('',(10.312643150517696,0.500000000000000,-8.712025668584802));
#4159=DIRECTION('',(0.0,1.0,0.0));
#4160=VECTOR('',#4159,5.500000000000001);
#4161=LINE('',#4158,#4160);
#4162=EDGE_CURVE('',#4141,#4068,#4161,.T.);
#4163=ORIENTED_EDGE('',*,*,#4162,.F.);
#4164=EDGE_LOOP('',(#4150,#4156,#4157,#4163));
#4165=FACE_OUTER_BOUND('',#4164,.T.);
#4166=ADVANCED_FACE('',(#4165),#4139,.F.);
#4167=CARTESIAN_POINT('',(0.0,0.0,0.0));
#4168=DIRECTION('',(0.0,1.0,0.0));
#4169=DIRECTION('',(0.763899492630940,0.0,0.645335234709985));
#4170=AXIS2_PLACEMENT_3D('',#4167,#4168,#4169);
#4171=CYLINDRICAL_SURFACE('',#4170,13.500000000000002);
#4172=CARTESIAN_POINT('',(-10.312643150517697,0.500000000000000,-8.712025668584802));
#4173=VERTEX_POINT('',#4172);
#4174=CARTESIAN_POINT('',(0.0,0.500000000000000,0.0));
#4175=DIRECTION('',(0.0,-1.0,0.0));
#4176=DIRECTION('',(0.763899492630940,0.0,0.645335234709985));
#4177=AXIS2_PLACEMENT_3D('',#4174,#4175,#4176);
#4178=CIRCLE('',#4177,13.500000000000002);
#4179=EDGE_CURVE('',#4173,#4141,#4178,.T.);
#4180=ORIENTED_EDGE('',*,*,#4179,.T.);
#4181=ORIENTED_EDGE('',*,*,#4162,.T.);
#4182=ORIENTED_EDGE('',*,*,#4074,.F.);
#4183=CARTESIAN_POINT('',(-10.312643150517697,0.500000000000000,-8.712025668584802));
#4184=DIRECTION('',(0.0,1.0,0.0));
#4185=VECTOR('',#4184,5.500000000000001);
#4186=LINE('',#4183,#4185);
#4187=EDGE_CURVE('',#4173,#4059,#4186,.T.);
#4188=ORIENTED_EDGE('',*,*,#4187,.F.);
#4189=EDGE_LOOP('',(#4180,#4181,#4182,#4188));
#4190=FACE_OUTER_BOUND('',#4189,.T.);
#4191=ADVANCED_FACE('',(#4190),#4171,.F.);
#4192=CARTESIAN_POINT('',(-6.493145687362985,0.0,-5.485349495034878));
#4193=DIRECTION('',(0.0,1.0,0.0));
#4194=DIRECTION('',(0.999701292625194,0.0,-0.024440243933223));
#4195=AXIS2_PLACEMENT_3D('',#4192,#4193,#4194);
#4196=CYLINDRICAL_SURFACE('',#4195,5.000000000000005);
#4197=CARTESIAN_POINT('',(-11.491652150488962,0.500000000000000,-5.363148275368763));
#4198=VERTEX_POINT('',#4197);
#4199=CARTESIAN_POINT('',(-6.493145687362985,0.500000000000000,-5.485349495034878));
#4200=DIRECTION('',(0.0,-1.000000000000000,0.0));
#4201=DIRECTION('',(0.999701292625194,0.0,-0.024440243933223));
#4202=AXIS2_PLACEMENT_3D('',#4199,#4200,#4201);
#4203=CIRCLE('',#4202,5.000000000000005);
#4204=EDGE_CURVE('',#4198,#4173,#4203,.T.);
#4205=ORIENTED_EDGE('',*,*,#4204,.T.);
#4206=ORIENTED_EDGE('',*,*,#4187,.T.);
#4207=ORIENTED_EDGE('',*,*,#4065,.F.);
#4208=CARTESIAN_POINT('',(-11.491652150488962,0.500000000000000,-5.363148275368763));
#4209=DIRECTION('',(0.0,1.0,0.0));
#4210=VECTOR('',#4209,5.500000000000001);
#4211=LINE('',#4208,#4210);
#4212=EDGE_CURVE('',#4198,#4050,#4211,.T.);
#4213=ORIENTED_EDGE('',*,*,#4212,.F.);
#4214=EDGE_LOOP('',(#4205,#4206,#4207,#4213));
#4215=FACE_OUTER_BOUND('',#4214,.T.);
#4216=ADVANCED_FACE('',(#4215),#4196,.F.);
#4217=CARTESIAN_POINT('',(-13.491054735739352,0.0,-5.314267787502316));
#4218=DIRECTION('',(0.0,1.0,0.0));
#4219=DIRECTION('',(0.999701292625194,0.0,-0.024440243933224));
#4220=AXIS2_PLACEMENT_3D('',#4217,#4218,#4219);
#4221=CYLINDRICAL_SURFACE('',#4220,2.0);
#4222=CARTESIAN_POINT('',(-12.062120666553515,0.500000000000000,-3.914929577518751));
#4223=VERTEX_POINT('',#4222);
#4224=CARTESIAN_POINT('',(-13.491054735739352,0.500000000000000,-5.314267787502316));
#4225=DIRECTION('',(0.0,1.000000000000000,0.0));
#4226=DIRECTION('',(0.999701292625194,0.0,-0.024440243933224));
#4227=AXIS2_PLACEMENT_3D('',#4224,#4225,#4226);
#4228=CIRCLE('',#4227,2.0);
#4229=EDGE_CURVE('',#4223,#4198,#4228,.T.);
#4230=ORIENTED_EDGE('',*,*,#4229,.T.);
#4231=ORIENTED_EDGE('',*,*,#4212,.T.);
#4232=ORIENTED_EDGE('',*,*,#4056,.F.);
#4233=CARTESIAN_POINT('',(-12.062120666553515,0.500000000000000,-3.914929577518751));
#4234=DIRECTION('',(0.0,1.0,0.0));
#4235=VECTOR('',#4234,5.500000000000001);
#4236=LINE('',#4233,#4235);
#4237=EDGE_CURVE('',#4223,#4041,#4236,.T.);
#4238=ORIENTED_EDGE('',*,*,#4237,.F.);
#4239=EDGE_LOOP('',(#4230,#4231,#4232,#4238));
#4240=FACE_OUTER_BOUND('',#4239,.T.);
#4241=ADVANCED_FACE('',(#4240),#4221,.T.);
#4242=CARTESIAN_POINT('',(-8.489785493588874,0.0,-0.416584052559826));
#4243=DIRECTION('',(0.0,1.0,0.0));
#4244=DIRECTION('',(0.998798293363402,0.0,0.049009888536454));
#4245=AXIS2_PLACEMENT_3D('',#4242,#4243,#4244);
#4246=CYLINDRICAL_SURFACE('',#4245,5.000000000000044);
#4247=CARTESIAN_POINT('',(-13.483776960405930,0.500000000000000,-0.661633495242097));
#4248=VERTEX_POINT('',#4247);
#4249=CARTESIAN_POINT('',(-8.489785493588874,0.500000000000000,-0.416584052559826));
#4250=DIRECTION('',(0.0,-1.000000000000000,0.0));
#4251=DIRECTION('',(0.998798293363402,0.0,0.049009888536454));
#4252=AXIS2_PLACEMENT_3D('',#4249,#4250,#4251);
#4253=CIRCLE('',#4252,5.000000000000044);
#4254=EDGE_CURVE('',#4248,#4223,#4253,.T.);
#4255=ORIENTED_EDGE('',*,*,#4254,.T.);
#4256=ORIENTED_EDGE('',*,*,#4237,.T.);
#4257=ORIENTED_EDGE('',*,*,#4047,.F.);
#4258=CARTESIAN_POINT('',(-13.483776960405930,0.500000000000000,-0.661633495242097));
#4259=DIRECTION('',(0.0,1.0,0.0));
#4260=VECTOR('',#4259,5.500000000000001);
#4261=LINE('',#4258,#4260);
#4262=EDGE_CURVE('',#4248,#4032,#4261,.T.);
#4263=ORIENTED_EDGE('',*,*,#4262,.F.);
#4264=EDGE_LOOP('',(#4255,#4256,#4257,#4263));
#4265=FACE_OUTER_BOUND('',#4264,.T.);
#4266=ADVANCED_FACE('',(#4265),#4246,.F.);
#4267=CARTESIAN_POINT('',(0.0,0.0,0.0));
#4268=DIRECTION('',(0.0,1.0,0.0));
#4269=DIRECTION('',(-0.055571997320754,0.0,-0.998454682553886));
#4270=AXIS2_PLACEMENT_3D('',#4267,#4268,#4269);
#4271=CYLINDRICAL_SURFACE('',#4270,13.500000000000002);
#4272=ORIENTED_EDGE('',*,*,#3736,.T.);
#4273=ORIENTED_EDGE('',*,*,#3810,.F.);
#4274=CARTESIAN_POINT('',(0.0,0.500000000000000,0.0));
#4275=DIRECTION('',(0.0,-1.0,0.0));
#4276=DIRECTION('',(-0.055571997320754,0.0,-0.998454682553886));
#4277=AXIS2_PLACEMENT_3D('',#4274,#4275,#4276);
#4278=CIRCLE('',#4277,13.500000000000002);
#4279=EDGE_CURVE('',#3798,#4248,#4278,.T.);
#4280=ORIENTED_EDGE('',*,*,#4279,.T.);
#4281=ORIENTED_EDGE('',*,*,#4262,.T.);
#4282=ORIENTED_EDGE('',*,*,#4038,.F.);
#4283=ORIENTED_EDGE('',*,*,#3778,.F.);
#4284=EDGE_LOOP('',(#4272,#4273,#4280,#4281,#4282,#4283));
#4285=FACE_OUTER_BOUND('',#4284,.T.);
#4286=ADVANCED_FACE('',(#4285),#4271,.F.);
#4287=CARTESIAN_POINT('',(15.500000000000007,6.800000000000001,15.500000000000000));
#4288=CARTESIAN_POINT('',(21.500000000000007,6.800000000000001,15.500000000000000));
#4289=CARTESIAN_POINT('',(15.500000000000007,6.800000000000001,21.500000000000004));
#4290=CARTESIAN_POINT('',(21.500000000000007,6.800000000000001,21.500000000000000));
#4291=B_SPLINE_SURFACE_WITH_KNOTS('',1,1,((#4287,#4289),(#4288,#4290)),.UNSPECIFIED.,.F.,.F.,.U.,(2,2),(2,2),(0.0,6.0),(0.0,6.000000000000004),.UNSPECIFIED.);
#4292=CARTESIAN_POINT('',(21.500000000000007,6.800000000000001,18.500000000000000));
#4293=VERTEX_POINT('',#4292);
#4294=CARTESIAN_POINT('',(18.500000000000007,6.800000000000001,18.500000000000000));
#4295=DIRECTION('',(0.0,1.0,0.0));
#4296=DIRECTION('',(1.0,0.0,0.0));
#4297=AXIS2_PLACEMENT_3D('',#4294,#4295,#4296);
#4298=CIRCLE('',#4297,3.000000000000000);
#4299=EDGE_CURVE('',#4293,#4293,#4298,.T.);
#4300=ORIENTED_EDGE('',*,*,#4299,.T.);
#4301=EDGE_LOOP('',(#4300));
#4302=FACE_OUTER_BOUND('',#4301,.T.);
#4303=ADVANCED_FACE('',(#4302),#4291,.F.);
#4304=CARTESIAN_POINT('',(15.500000000000007,8.0,18.500000000000000));
#4305=CARTESIAN_POINT('',(15.500000000000007,6.800000000000001,18.500000000000000));
#4306=CARTESIAN_POINT('',(15.500000000000005,8.0,21.500000000000000));
#4307=CARTESIAN_POINT('',(15.500000000000005,6.800000000000002,21.500000000000000));
#4308=CARTESIAN_POINT('',(18.500000000000007,8.0,21.500000000000000));
#4309=CARTESIAN_POINT('',(18.500000000000007,6.800000000000001,21.500000000000000));
#4310=CARTESIAN_POINT('',(21.500000000000007,8.0,21.500000000000000));
#4311=CARTESIAN_POINT('',(21.500000000000007,6.800000000000002,21.500000000000000));
#4312=CARTESIAN_POINT('',(21.500000000000007,8.0,18.500000000000000));
#4313=CARTESIAN_POINT('',(21.500000000000007,6.800000000000001,18.500000000000000));
#4314=CARTESIAN_POINT('',(21.500000000000007,8.0,15.500000000000002));
#4315=CARTESIAN_POINT('',(21.500000000000007,6.800000000000002,15.500000000000002));
#4316=CARTESIAN_POINT('',(18.500000000000007,8.0,15.500000000000000));
#4317=CARTESIAN_POINT('',(18.500000000000007,6.800000000000001,15.500000000000000));
#4318=CARTESIAN_POINT('',(15.500000000000005,8.0,15.500000000000002));
#4319=CARTESIAN_POINT('',(15.500000000000005,6.800000000000002,15.500000000000002));
#4320=CARTESIAN_POINT('',(15.500000000000007,8.0,18.500000000000000));
#4321=CARTESIAN_POINT('',(15.500000000000007,6.800000000000001,18.500000000000000));
#4329=(BOUNDED_SURFACE()B_SPLINE_SURFACE(1,2,((#4304,#4306,#4308,#4310,#4312,#4314,#4316,#4318,#4320),(#4305,#4307,#4309,#4311,#4313,#4315,#4317,#4319,#4321)),.UNSPECIFIED.,.F.,.T.,.U.)B_SPLINE_SURFACE_WITH_KNOTS((2,2),(3,2,2,2,3),(-0.200000000000000,0.200000000000000),(0.0,4.712388980384691,9.424777960769381,14.137166941154071,18.849555921538762),.UNSPECIFIED.)GEOMETRIC_REPRESENTATION_ITEM()RATIONAL_B_SPLINE_SURFACE(((1.0,0.707106781186548,1.0,0.707106781186548,1.0,0.707106781186548,1.0,0.707106781186548,1.0),(1.0,0.707106781186548,1.0,0.707106781186548,1.0,0.707106781186548,1.0,0.707106781186548,1.0)))REPRESENTATION_ITEM('')SURFACE());
#4330=ORIENTED_EDGE('',*,*,#3959,.F.);
#4331=EDGE_LOOP('',(#4330));
#4332=FACE_OUTER_BOUND('',#4331,.T.);
#4333=ORIENTED_EDGE('',*,*,#4299,.F.);
#4334=EDGE_LOOP('',(#4333));
#4335=FACE_BOUND('',#4334,.T.);
#4336=ADVANCED_FACE('',(#4332,#4335),#4329,.F.);
#4337=CARTESIAN_POINT('',(6.750000000000003,0.0,11.691342951089922));
#4338=DIRECTION('',(0.0,1.0,0.0));
#4339=DIRECTION('',(-0.888852482123092,0.0,0.458193479900814));
#4340=AXIS2_PLACEMENT_3D('',#4337,#4338,#4339);
#4341=CYLINDRICAL_SURFACE('',#4340,5.0);
#4342=CARTESIAN_POINT('',(11.194262410615465,0.500000000000000,9.400375551585851));
#4343=VERTEX_POINT('',#4342);
#4344=CARTESIAN_POINT('',(6.750000000000003,0.500000000000000,11.691342951089922));
#4345=DIRECTION('',(0.0,-1.000000000000000,0.0));
#4346=DIRECTION('',(-0.888852482123092,0.0,0.458193479900814));
#4347=AXIS2_PLACEMENT_3D('',#4344,#4345,#4346);
#4348=CIRCLE('',#4347,4.999999999999999);
#4349=EDGE_CURVE('',#4343,#3790,#4348,.T.);
#4350=ORIENTED_EDGE('',*,*,#4349,.T.);
#4351=ORIENTED_EDGE('',*,*,#3795,.T.);
#4352=ORIENTED_EDGE('',*,*,#4126,.F.);
#4353=CARTESIAN_POINT('',(11.194262410615465,0.500000000000000,9.400375551585851));
#4354=DIRECTION('',(0.0,1.0,0.0));
#4355=VECTOR('',#4354,5.500000000000001);
#4356=LINE('',#4353,#4355);
#4357=EDGE_CURVE('',#4343,#4113,#4356,.T.);
#4358=ORIENTED_EDGE('',*,*,#4357,.F.);
#4359=EDGE_LOOP('',(#4350,#4351,#4352,#4358));
#4360=FACE_OUTER_BOUND('',#4359,.T.);
#4361=ADVANCED_FACE('',(#4360),#4341,.F.);
#4362=CARTESIAN_POINT('',(12.971967374861666,0.0,8.483988591784229));
#4363=DIRECTION('',(0.0,1.0,0.0));
#4364=DIRECTION('',(-0.888852482123095,0.0,0.458193479900809));
#4365=AXIS2_PLACEMENT_3D('',#4362,#4363,#4364);
#4366=CYLINDRICAL_SURFACE('',#4365,2.000000000000011);
#4367=CARTESIAN_POINT('',(11.298165132944023,0.500000000000000,7.389280386392711));
#4368=VERTEX_POINT('',#4367);
#4369=CARTESIAN_POINT('',(12.971967374861666,0.500000000000000,8.483988591784229));
#4370=DIRECTION('',(0.0,1.0,0.0));
#4371=DIRECTION('',(-0.888852482123095,0.0,0.458193479900809));
#4372=AXIS2_PLACEMENT_3D('',#4369,#4370,#4371);
#4373=CIRCLE('',#4372,2.000000000000011);
#4374=EDGE_CURVE('',#4368,#4343,#4373,.T.);
#4375=ORIENTED_EDGE('',*,*,#4374,.T.);
#4376=ORIENTED_EDGE('',*,*,#4357,.T.);
#4377=ORIENTED_EDGE('',*,*,#4119,.F.);
#4378=CARTESIAN_POINT('',(11.298165132944023,0.500000000000000,7.389280386392711));
#4379=DIRECTION('',(0.0,1.0,0.0));
#4380=VECTOR('',#4379,5.500000000000001);
#4381=LINE('',#4378,#4380);
#4382=EDGE_CURVE('',#4368,#4104,#4381,.T.);
#4383=ORIENTED_EDGE('',*,*,#4382,.F.);
#4384=EDGE_LOOP('',(#4375,#4376,#4377,#4383));
#4385=FACE_OUTER_BOUND('',#4384,.T.);
#4386=ADVANCED_FACE('',(#4385),#4366,.T.);
#4387=CARTESIAN_POINT('',(0.0,0.0,0.0));
#4388=DIRECTION('',(0.0,1.0,0.0));
#4389=DIRECTION('',(-0.998798293363402,0.0,0.049009888536452));
#4390=AXIS2_PLACEMENT_3D('',#4387,#4388,#4389);
#4391=CYLINDRICAL_SURFACE('',#4390,13.500000000000002);
#4392=CARTESIAN_POINT('',(13.483776960405930,0.500000000000000,-0.661633495242099));
#4393=VERTEX_POINT('',#4392);
#4394=CARTESIAN_POINT('',(0.0,0.500000000000000,0.0));
#4395=DIRECTION('',(0.0,-1.0,0.0));
#4396=DIRECTION('',(-0.998798293363402,0.0,0.049009888536452));
#4397=AXIS2_PLACEMENT_3D('',#4394,#4395,#4396);
#4398=CIRCLE('',#4397,13.500000000000002);
#4399=EDGE_CURVE('',#4393,#4368,#4398,.T.);
#4400=ORIENTED_EDGE('',*,*,#4399,.T.);
#4401=ORIENTED_EDGE('',*,*,#4382,.T.);
#4402=ORIENTED_EDGE('',*,*,#4110,.F.);
#4403=CARTESIAN_POINT('',(13.483776960405930,0.500000000000000,-0.661633495242099));
#4404=DIRECTION('',(0.0,1.0,0.0));
#4405=VECTOR('',#4404,5.500000000000001);
#4406=LINE('',#4403,#4405);
#4407=EDGE_CURVE('',#4393,#4095,#4406,.T.);
#4408=ORIENTED_EDGE('',*,*,#4407,.F.);
#4409=EDGE_LOOP('',(#4400,#4401,#4402,#4408));
#4410=FACE_OUTER_BOUND('',#4409,.T.);
#4411=ADVANCED_FACE('',(#4410),#4391,.F.);
#4412=CARTESIAN_POINT('',(8.489785493588894,0.0,-0.416584052559831));
#4413=DIRECTION('',(0.0,1.0,0.0));
#4414=DIRECTION('',(-0.714467034592921,0.0,0.699669104991779));
#4415=AXIS2_PLACEMENT_3D('',#4412,#4413,#4414);
#4416=CYLINDRICAL_SURFACE('',#4415,5.000000000000025);
#4417=CARTESIAN_POINT('',(12.062120666553518,0.500000000000000,-3.914929577518746));
#4418=VERTEX_POINT('',#4417);
#4419=CARTESIAN_POINT('',(8.489785493588894,0.500000000000000,-0.416584052559831));
#4420=DIRECTION('',(0.0,-1.0,0.0));
#4421=DIRECTION('',(-0.714467034592921,0.0,0.699669104991779));
#4422=AXIS2_PLACEMENT_3D('',#4419,#4420,#4421);
#4423=CIRCLE('',#4422,5.000000000000025);
#4424=EDGE_CURVE('',#4418,#4393,#4423,.T.);
#4425=ORIENTED_EDGE('',*,*,#4424,.T.);
#4426=ORIENTED_EDGE('',*,*,#4407,.T.);
#4427=ORIENTED_EDGE('',*,*,#4101,.F.);
#4428=CARTESIAN_POINT('',(12.062120666553518,0.500000000000000,-3.914929577518746));
#4429=DIRECTION('',(0.0,1.0,0.0));
#4430=VECTOR('',#4429,5.500000000000001);
#4431=LINE('',#4428,#4430);
#4432=EDGE_CURVE('',#4418,#4086,#4431,.T.);
#4433=ORIENTED_EDGE('',*,*,#4432,.F.);
#4434=EDGE_LOOP('',(#4425,#4426,#4427,#4433));
#4435=FACE_OUTER_BOUND('',#4434,.T.);
#4436=ADVANCED_FACE('',(#4435),#4416,.F.);
#4437=CARTESIAN_POINT('',(13.491054735739358,0.0,-5.314267787502307));
#4438=DIRECTION('',(0.0,1.0,0.0));
#4439=DIRECTION('',(-0.714467034592920,0.0,0.699669104991780));
#4440=AXIS2_PLACEMENT_3D('',#4437,#4438,#4439);
#4441=CYLINDRICAL_SURFACE('',#4440,2.0);
#4442=CARTESIAN_POINT('',(13.491054735739358,0.500000000000000,-5.314267787502307));
#4443=DIRECTION('',(0.0,1.000000000000000,0.0));
#4444=DIRECTION('',(-0.714467034592920,0.0,0.699669104991780));
#4445=AXIS2_PLACEMENT_3D('',#4442,#4443,#4444);
#4446=CIRCLE('',#4445,2.0);
#4447=EDGE_CURVE('',#4143,#4418,#4446,.T.);
#4448=ORIENTED_EDGE('',*,*,#4447,.T.);
#4449=ORIENTED_EDGE('',*,*,#4432,.T.);
#4450=ORIENTED_EDGE('',*,*,#4092,.F.);
#4451=ORIENTED_EDGE('',*,*,#4155,.F.);
#4452=EDGE_LOOP('',(#4448,#4449,#4450,#4451));
#4453=FACE_OUTER_BOUND('',#4452,.T.);
#4454=ADVANCED_FACE('',(#4453),#4441,.T.);
#4455=CARTESIAN_POINT('',(21.000000000000011,0.0,20.0));
#4456=DIRECTION('',(0.0,1.0,0.0));
#4457=DIRECTION('',(0.707106781186547,0.0,0.707106781186547));
#4458=AXIS2_PLACEMENT_3D('',#4455,#4456,#4457);
#4459=CYLINDRICAL_SURFACE('',#4458,3.000000000000000);
#4460=ORIENTED_EDGE('',*,*,#3863,.T.);
#4461=CARTESIAN_POINT('',(21.000000000000011,0.500000000000000,22.999999999999993));
#4462=VERTEX_POINT('',#4461);
#4463=CARTESIAN_POINT('',(21.000000000000011,8.0,23.0));
#4464=DIRECTION('',(0.0,-1.0,0.0));
#4465=VECTOR('',#4464,7.500000000000000);
#4466=LINE('',#4463,#4465);
#4467=EDGE_CURVE('',#3849,#4462,#4466,.T.);
#4468=ORIENTED_EDGE('',*,*,#4467,.T.);
#4469=CARTESIAN_POINT('',(24.000000000000014,0.500000000000000,20.0));
#4470=VERTEX_POINT('',#4469);
#4471=CARTESIAN_POINT('',(21.000000000000011,0.500000000000000,20.0));
#4472=DIRECTION('',(0.0,1.000000000000000,0.0));
#4473=DIRECTION('',(0.707106781186547,0.0,0.707106781186547));
#4474=AXIS2_PLACEMENT_3D('',#4471,#4472,#4473);
#4475=CIRCLE('',#4474,3.0);
#4476=EDGE_CURVE('',#4462,#4470,#4475,.T.);
#4477=ORIENTED_EDGE('',*,*,#4476,.T.);
#4478=CARTESIAN_POINT('',(24.000000000000014,0.500000000000000,20.0));
#4479=DIRECTION('',(0.0,1.0,0.0));
#4480=VECTOR('',#4479,7.500000000000000);
#4481=LINE('',#4478,#4480);
#4482=EDGE_CURVE('',#4470,#3857,#4481,.T.);
#4483=ORIENTED_EDGE('',*,*,#4482,.T.);
#4484=EDGE_LOOP('',(#4460,#4468,#4477,#4483));
#4485=FACE_OUTER_BOUND('',#4484,.T.);
#4486=ADVANCED_FACE('',(#4485),#4459,.T.);
#4487=CARTESIAN_POINT('',(24.0,0.0,-24.000000000000004));
#4488=DIRECTION('',(1.0,0.0,0.0));
#4489=DIRECTION('',(0.0,0.0,-1.0));
#4490=AXIS2_PLACEMENT_3D('',#4487,#4488,#4489);
#4491=PLANE('',#4490);
#4492=CARTESIAN_POINT('',(24.0,0.500000000000000,-21.0));
#4493=VERTEX_POINT('',#4492);
#4494=CARTESIAN_POINT('',(24.0,8.0,-21.0));
#4495=DIRECTION('',(0.0,-1.0,0.0));
#4496=VECTOR('',#4495,7.500000000000000);
#4497=LINE('',#4494,#4496);
#4498=EDGE_CURVE('',#3866,#4493,#4497,.T.);
#4499=ORIENTED_EDGE('',*,*,#4498,.F.);
#4500=ORIENTED_EDGE('',*,*,#3871,.T.);
#4501=ORIENTED_EDGE('',*,*,#4482,.F.);
#4502=CARTESIAN_POINT('',(24.000000000000014,0.500000000000000,20.0));
#4503=DIRECTION('',(0.0,0.0,-1.0));
#4504=VECTOR('',#4503,41.0);
#4505=LINE('',#4502,#4504);
#4506=EDGE_CURVE('',#4470,#4493,#4505,.T.);
#4507=ORIENTED_EDGE('',*,*,#4506,.T.);
#4508=EDGE_LOOP('',(#4499,#4500,#4501,#4507));
#4509=FACE_OUTER_BOUND('',#4508,.T.);
#4510=ADVANCED_FACE('',(#4509),#4491,.T.);
#4511=CARTESIAN_POINT('',(20.999999999999996,0.0,-21.0));
#4512=DIRECTION('',(0.0,1.0,0.0));
#4513=DIRECTION('',(0.707106781186549,0.0,-0.707106781186546));
#4514=AXIS2_PLACEMENT_3D('',#4511,#4512,#4513);
#4515=CYLINDRICAL_SURFACE('',#4514,3.000000000000000);
#4516=ORIENTED_EDGE('',*,*,#3880,.T.);
#4517=ORIENTED_EDGE('',*,*,#4498,.T.);
#4518=CARTESIAN_POINT('',(20.999999999999996,0.500000000000000,-21.0));
#4519=DIRECTION('',(0.0,1.000000000000000,0.0));
#4520=DIRECTION('',(0.707106781186549,0.0,-0.707106781186546));
#4521=AXIS2_PLACEMENT_3D('',#4518,#4519,#4520);
#4522=CIRCLE('',#4521,3.000000000000000);
#4523=EDGE_CURVE('',#4493,#3990,#4522,.T.);
#4524=ORIENTED_EDGE('',*,*,#4523,.T.);
#4525=ORIENTED_EDGE('',*,*,#3995,.T.);
#4526=EDGE_LOOP('',(#4516,#4517,#4524,#4525));
#4527=FACE_OUTER_BOUND('',#4526,.T.);
#4528=ADVANCED_FACE('',(#4527),#4515,.T.);
#4529=CARTESIAN_POINT('',(-23.0,0.0,-14.000000000000002));
#4530=DIRECTION('',(-1.0,0.0,0.0));
#4531=DIRECTION('',(0.0,0.0,1.0));
#4532=AXIS2_PLACEMENT_3D('',#4529,#4530,#4531);
#4533=PLANE('',#4532);
#4534=CARTESIAN_POINT('',(-23.0,0.500000000000000,-15.410615845667724));
#4535=VERTEX_POINT('',#4534);
#4536=CARTESIAN_POINT('',(-23.0,8.0,-15.410615845667724));
#4537=DIRECTION('',(0.0,-1.0,0.0));
#4538=VECTOR('',#4537,7.500000000000000);
#4539=LINE('',#4536,#4538);
#4540=EDGE_CURVE('',#3823,#4535,#4539,.T.);
#4541=ORIENTED_EDGE('',*,*,#4540,.F.);
#4542=ORIENTED_EDGE('',*,*,#3903,.T.);
#4543=CARTESIAN_POINT('',(-23.0,0.500000000000000,-20.999999999999996));
#4544=VERTEX_POINT('',#4543);
#4545=CARTESIAN_POINT('',(-23.0,0.500000000000000,-20.999999999999996));
#4546=DIRECTION('',(0.0,1.0,0.0));
#4547=VECTOR('',#4546,7.500000000000000);
#4548=LINE('',#4545,#4547);
#4549=EDGE_CURVE('',#4544,#3891,#4548,.T.);
#4550=ORIENTED_EDGE('',*,*,#4549,.F.);
#4551=CARTESIAN_POINT('',(-23.0,0.500000000000000,-20.999999999999996));
#4552=DIRECTION('',(0.0,0.0,1.0));
#4553=VECTOR('',#4552,5.589384154332272);
#4554=LINE('',#4551,#4553);
#4555=EDGE_CURVE('',#4544,#4535,#4554,.T.);
#4556=ORIENTED_EDGE('',*,*,#4555,.T.);
#4557=EDGE_LOOP('',(#4541,#4542,#4550,#4556));
#4558=FACE_OUTER_BOUND('',#4557,.T.);
#4559=ADVANCED_FACE('',(#4558),#4533,.T.);
#4560=CARTESIAN_POINT('',(-19.999999999999996,0.0,-20.999999999999996));
#4561=DIRECTION('',(0.0,1.0,0.0));
#4562=DIRECTION('',(-0.707106781186547,0.0,-0.707106781186548));
#4563=AXIS2_PLACEMENT_3D('',#4560,#4561,#4562);
#4564=CYLINDRICAL_SURFACE('',#4563,3.000000000000000);
#4565=ORIENTED_EDGE('',*,*,#3897,.T.);
#4566=ORIENTED_EDGE('',*,*,#3986,.T.);
#4567=CARTESIAN_POINT('',(-19.999999999999996,0.500000000000000,-20.999999999999996));
#4568=DIRECTION('',(0.0,1.0,0.0));
#4569=DIRECTION('',(-0.707106781186547,0.0,-0.707106781186548));
#4570=AXIS2_PLACEMENT_3D('',#4567,#4568,#4569);
#4571=CIRCLE('',#4570,3.000000000000000);
#4572=EDGE_CURVE('',#3981,#4544,#4571,.T.);
#4573=ORIENTED_EDGE('',*,*,#4572,.T.);
#4574=ORIENTED_EDGE('',*,*,#4549,.T.);
#4575=EDGE_LOOP('',(#4565,#4566,#4573,#4574));
#4576=FACE_OUTER_BOUND('',#4575,.T.);
#4577=ADVANCED_FACE('',(#4576),#4564,.T.);
#4578=CARTESIAN_POINT('',(24.000000000000014,0.0,23.0));
#4579=DIRECTION('',(0.0,0.0,1.0));
#4580=DIRECTION('',(1.0,0.0,0.0));
#4581=AXIS2_PLACEMENT_3D('',#4578,#4579,#4580);
#4582=PLANE('',#4581);
#4583=CARTESIAN_POINT('',(-3.931441026472837,0.500000000000000,23.000000000000004));
#4584=VERTEX_POINT('',#4583);
#4585=CARTESIAN_POINT('',(-3.931441026472837,0.500000000000000,23.000000000000004));
#4586=DIRECTION('',(0.0,1.0,0.0));
#4587=VECTOR('',#4586,7.500000000000000);
#4588=LINE('',#4585,#4587);
#4589=EDGE_CURVE('',#4584,#3840,#4588,.T.);
#4590=ORIENTED_EDGE('',*,*,#4589,.F.);
#4591=CARTESIAN_POINT('',(-3.931441026472837,0.500000000000000,23.000000000000004));
#4592=DIRECTION('',(1.0,0.0,0.0));
#4593=VECTOR('',#4592,24.931441026472847);
#4594=LINE('',#4591,#4593);
#4595=EDGE_CURVE('',#4584,#4462,#4594,.T.);
#4596=ORIENTED_EDGE('',*,*,#4595,.T.);
#4597=ORIENTED_EDGE('',*,*,#4467,.F.);
#4598=ORIENTED_EDGE('',*,*,#3854,.T.);
#4599=EDGE_LOOP('',(#4590,#4596,#4597,#4598));
#4600=FACE_OUTER_BOUND('',#4599,.T.);
#4601=CARTESIAN_POINT('',(1.621000000000005,3.500000000000000,23.000000000000004));
#4602=VERTEX_POINT('',#4601);
#4603=CARTESIAN_POINT('',(4.440892E-015,3.500000000000000,23.000000000000004));
#4604=DIRECTION('',(0.0,0.0,-1.0));
#4605=DIRECTION('',(1.0,0.0,0.0));
#4606=AXIS2_PLACEMENT_3D('',#4603,#4604,#4605);
#4607=CIRCLE('',#4606,1.621000000000000);
#4608=EDGE_CURVE('',#4602,#4602,#4607,.T.);
#4609=ORIENTED_EDGE('',*,*,#4608,.T.);
#4610=EDGE_LOOP('',(#4609));
#4611=FACE_BOUND('',#4610,.T.);
#4612=ADVANCED_FACE('',(#4600,#4611),#4582,.T.);
#4613=CARTESIAN_POINT('',(-3.931441026472840,0.0,15.000000000000004));
#4614=DIRECTION('',(0.0,1.0,0.0));
#4615=DIRECTION('',(-0.573576436351046,0.0,0.819152044288992));
#4616=AXIS2_PLACEMENT_3D('',#4613,#4614,#4615);
#4617=CYLINDRICAL_SURFACE('',#4616,8.0);
#4618=ORIENTED_EDGE('',*,*,#3846,.T.);
#4619=CARTESIAN_POINT('',(-11.448981992760107,0.500000000000000,17.736161146605355));
#4620=VERTEX_POINT('',#4619);
#4621=CARTESIAN_POINT('',(-11.448981992760107,8.0,17.736161146605351));
#4622=DIRECTION('',(0.0,-1.0,0.0));
#4623=VECTOR('',#4622,7.500000000000000);
#4624=LINE('',#4621,#4623);
#4625=EDGE_CURVE('',#3832,#4620,#4624,.T.);
#4626=ORIENTED_EDGE('',*,*,#4625,.T.);
#4627=CARTESIAN_POINT('',(-3.931441026472840,0.500000000000000,15.000000000000004));
#4628=DIRECTION('',(0.0,1.0,0.0));
#4629=DIRECTION('',(-0.573576436351046,0.0,0.819152044288992));
#4630=AXIS2_PLACEMENT_3D('',#4627,#4628,#4629);
#4631=CIRCLE('',#4630,8.0);
#4632=EDGE_CURVE('',#4620,#4584,#4631,.T.);
#4633=ORIENTED_EDGE('',*,*,#4632,.T.);
#4634=ORIENTED_EDGE('',*,*,#4589,.T.);
#4635=EDGE_LOOP('',(#4618,#4626,#4633,#4634));
#4636=FACE_OUTER_BOUND('',#4635,.T.);
#4637=ADVANCED_FACE('',(#4636),#4617,.T.);
#4638=CARTESIAN_POINT('',(1.019707473252625,0.500000000000000,2.238511827920204));
#4639=DIRECTION('',(0.0,1.0,0.0));
#4640=DIRECTION('',(0.0,0.0,1.0));
#4641=AXIS2_PLACEMENT_3D('',#4638,#4639,#4640);
#4642=PLANE('',#4641);
#4643=CARTESIAN_POINT('',(-22.517540966287267,0.500000000000000,-12.674454699062379));
#4644=VERTEX_POINT('',#4643);
#4645=CARTESIAN_POINT('',(-14.999999999999998,0.500000000000000,-15.410615845667724));
#4646=DIRECTION('',(0.0,1.0,0.0));
#4647=DIRECTION('',(-0.984807753012208,0.0,0.173648177666930));
#4648=AXIS2_PLACEMENT_3D('',#4645,#4646,#4647);
#4649=CIRCLE('',#4648,7.999999999999999);
#4650=EDGE_CURVE('',#4535,#4644,#4649,.T.);
#4651=ORIENTED_EDGE('',*,*,#4650,.F.);
#4652=ORIENTED_EDGE('',*,*,#4555,.F.);
#4653=ORIENTED_EDGE('',*,*,#4572,.F.);
#4654=ORIENTED_EDGE('',*,*,#4001,.F.);
#4655=ORIENTED_EDGE('',*,*,#4523,.F.);
#4656=ORIENTED_EDGE('',*,*,#4506,.F.);
#4657=ORIENTED_EDGE('',*,*,#4476,.F.);
#4658=ORIENTED_EDGE('',*,*,#4595,.F.);
#4659=ORIENTED_EDGE('',*,*,#4632,.F.);
#4660=CARTESIAN_POINT('',(-22.517540966287267,0.500000000000000,-12.674454699062379));
#4661=DIRECTION('',(0.342020143325668,0.0,0.939692620785908));
#4662=VECTOR('',#4661,32.362301430263365);
#4663=LINE('',#4660,#4662);
#4664=EDGE_CURVE('',#4644,#4620,#4663,.T.);
#4665=ORIENTED_EDGE('',*,*,#4664,.F.);
#4666=EDGE_LOOP('',(#4651,#4652,#4653,#4654,#4655,#4656,#4657,#4658,#4659,#4665));
#4667=FACE_OUTER_BOUND('',#4666,.T.);
#4668=CARTESIAN_POINT('',(17.270500000000002,0.500000000000000,-8.000000000000004));
#4669=VERTEX_POINT('',#4668);
#4670=CARTESIAN_POINT('',(18.500000000000000,0.500000000000000,-8.000000000000004));
#4671=DIRECTION('',(0.0,1.0,0.0));
#4672=DIRECTION('',(1.0,0.0,0.0));
#4673=AXIS2_PLACEMENT_3D('',#4670,#4671,#4672);
#4674=CIRCLE('',#4673,1.229500000000000);
#4675=EDGE_CURVE('',#4669,#4669,#4674,.T.);
#4676=ORIENTED_EDGE('',*,*,#4675,.T.);
#4677=EDGE_LOOP('',(#4676));
#4678=FACE_BOUND('',#4677,.T.);
#4679=CARTESIAN_POINT('',(6.770499999999999,0.500000000000000,-18.500000000000007));
#4680=VERTEX_POINT('',#4679);
#4681=CARTESIAN_POINT('',(7.999999999999999,0.500000000000000,-18.500000000000007));
#4682=DIRECTION('',(0.0,1.0,0.0));
#4683=DIRECTION('',(1.0,0.0,0.0));
#4684=AXIS2_PLACEMENT_3D('',#4681,#4682,#4683);
#4685=CIRCLE('',#4684,1.229500000000000);
#4686=EDGE_CURVE('',#4680,#4680,#4685,.T.);
#4687=ORIENTED_EDGE('',*,*,#4686,.T.);
#4688=EDGE_LOOP('',(#4687));
#4689=FACE_BOUND('',#4688,.T.);
#4690=ORIENTED_EDGE('',*,*,#4279,.F.);
#4691=ORIENTED_EDGE('',*,*,#3804,.F.);
#4692=ORIENTED_EDGE('',*,*,#4349,.F.);
#4693=ORIENTED_EDGE('',*,*,#4374,.F.);
#4694=ORIENTED_EDGE('',*,*,#4399,.F.);
#4695=ORIENTED_EDGE('',*,*,#4424,.F.);
#4696=ORIENTED_EDGE('',*,*,#4447,.F.);
#4697=ORIENTED_EDGE('',*,*,#4149,.F.);
#4698=ORIENTED_EDGE('',*,*,#4179,.F.);
#4699=ORIENTED_EDGE('',*,*,#4204,.F.);
#4700=ORIENTED_EDGE('',*,*,#4229,.F.);
#4701=ORIENTED_EDGE('',*,*,#4254,.F.);
#4702=EDGE_LOOP('',(#4690,#4691,#4692,#4693,#4694,#4695,#4696,#4697,#4698,#4699,#4700,#4701));
#4703=FACE_BOUND('',#4702,.T.);
#4704=ADVANCED_FACE('',(#4667,#4678,#4689,#4703),#4642,.F.);
#4705=CARTESIAN_POINT('',(-9.533101332150519,0.0,23.000000000000007));
#4706=DIRECTION('',(-0.939692620785909,0.0,0.342020143325668));
#4707=DIRECTION('',(0.342020143325668,0.0,0.939692620785909));
#4708=AXIS2_PLACEMENT_3D('',#4705,#4706,#4707);
#4709=PLANE('',#4708);
#4710=CARTESIAN_POINT('',(-22.517540966287267,0.500000000000000,-12.674454699062379));
#4711=DIRECTION('',(0.0,1.0,0.0));
#4712=VECTOR('',#4711,7.500000000000000);
#4713=LINE('',#4710,#4712);
#4714=EDGE_CURVE('',#4644,#3821,#4713,.T.);
#4715=ORIENTED_EDGE('',*,*,#4714,.F.);
#4716=ORIENTED_EDGE('',*,*,#4664,.T.);
#4717=ORIENTED_EDGE('',*,*,#4625,.F.);
#4718=ORIENTED_EDGE('',*,*,#3837,.T.);
#4719=EDGE_LOOP('',(#4715,#4716,#4717,#4718));
#4720=FACE_OUTER_BOUND('',#4719,.T.);
#4721=ADVANCED_FACE('',(#4720),#4709,.T.);
#4722=CARTESIAN_POINT('',(-14.999999999999998,0.0,-15.410615845667724));
#4723=DIRECTION('',(0.0,1.0,0.0));
#4724=DIRECTION('',(-0.984807753012208,0.0,0.173648177666930));
#4725=AXIS2_PLACEMENT_3D('',#4722,#4723,#4724);
#4726=CYLINDRICAL_SURFACE('',#4725,7.999999999999999);
#4727=ORIENTED_EDGE('',*,*,#3829,.T.);
#4728=ORIENTED_EDGE('',*,*,#4540,.T.);
#4729=ORIENTED_EDGE('',*,*,#4650,.T.);
#4730=ORIENTED_EDGE('',*,*,#4714,.T.);
#4731=EDGE_LOOP('',(#4727,#4728,#4729,#4730));
#4732=FACE_OUTER_BOUND('',#4731,.T.);
#4733=ADVANCED_FACE('',(#4732),#4726,.T.);
#4734=CARTESIAN_POINT('',(18.500000000000000,6.530000000000005,-18.500000000000007));
#4735=DIRECTION('',(0.0,1.0,0.0));
#4736=DIRECTION('',(0.0,0.0,-1.0));
#4737=AXIS2_PLACEMENT_3D('',#4734,#4735,#4736);
#4738=CONICAL_SURFACE('',#4737,1.469999999999998,45.000000000000057);
#4739=ORIENTED_EDGE('',*,*,#2562,.T.);
#4740=EDGE_LOOP('',(#4739));
#4741=FACE_OUTER_BOUND('',#4740,.T.);
#4742=ADVANCED_FACE('',(#4741),#4738,.F.);
#4743=CARTESIAN_POINT('',(6.770499999999999,3.729499999999997,-18.500000000000007));
#4744=CARTESIAN_POINT('',(6.770499999999999,0.500000000000000,-18.500000000000007));
#4745=CARTESIAN_POINT('',(6.770499999999999,3.729499999999997,-17.270500000000009));
#4746=CARTESIAN_POINT('',(6.770499999999999,0.500000000000000,-17.270500000000009));
#4747=CARTESIAN_POINT('',(7.999999999999999,3.729499999999997,-17.270500000000006));
#4748=CARTESIAN_POINT('',(7.999999999999999,0.500000000000000,-17.270500000000006));
#4749=CARTESIAN_POINT('',(9.229499999999998,3.729499999999997,-17.270500000000009));
#4750=CARTESIAN_POINT('',(9.229499999999998,0.500000000000000,-17.270500000000009));
#4751=CARTESIAN_POINT('',(9.229499999999998,3.729499999999997,-18.500000000000007));
#4752=CARTESIAN_POINT('',(9.229499999999998,0.500000000000000,-18.500000000000007));
#4753=CARTESIAN_POINT('',(9.229499999999998,3.729499999999997,-19.729500000000005));
#4754=CARTESIAN_POINT('',(9.229499999999998,0.500000000000000,-19.729500000000005));
#4755=CARTESIAN_POINT('',(7.999999999999999,3.729499999999997,-19.729500000000009));
#4756=CARTESIAN_POINT('',(7.999999999999999,0.500000000000000,-19.729500000000009));
#4757=CARTESIAN_POINT('',(6.770499999999999,3.729499999999997,-19.729500000000005));
#4758=CARTESIAN_POINT('',(6.770499999999999,0.500000000000000,-19.729500000000005));
#4759=CARTESIAN_POINT('',(6.770499999999999,3.729499999999997,-18.500000000000007));
#4760=CARTESIAN_POINT('',(6.770499999999999,0.500000000000000,-18.500000000000007));
#4768=(BOUNDED_SURFACE()B_SPLINE_SURFACE(1,2,((#4743,#4745,#4747,#4749,#4751,#4753,#4755,#4757,#4759),(#4744,#4746,#4748,#4750,#4752,#4754,#4756,#4758,#4760)),.UNSPECIFIED.,.F.,.T.,.U.)B_SPLINE_SURFACE_WITH_KNOTS((2,2),(3,2,2,2,3),(0.220008133387558,2.846685644570964),(0.0,1.931294083794325,3.862588167588651,5.793882251382976,7.725176335177301),.UNSPECIFIED.)GEOMETRIC_REPRESENTATION_ITEM()RATIONAL_B_SPLINE_SURFACE(((1.0,0.707106781186548,1.0,0.707106781186548,1.0,0.707106781186548,1.0,0.707106781186548,1.0),(1.0,0.707106781186548,1.0,0.707106781186548,1.0,0.707106781186548,1.0,0.707106781186548,1.0)))REPRESENTATION_ITEM('')SURFACE());
#4769=ORIENTED_EDGE('',*,*,#2590,.T.);
#4770=EDGE_LOOP('',(#4769));
#4771=FACE_OUTER_BOUND('',#4770,.T.);
#4772=ORIENTED_EDGE('',*,*,#4686,.F.);
#4773=EDGE_LOOP('',(#4772));
#4774=FACE_BOUND('',#4773,.T.);
#4775=ADVANCED_FACE('',(#4771,#4774),#4768,.F.);
#4776=CARTESIAN_POINT('',(17.270499999999998,3.729499999999997,-8.000000000000004));
#4777=CARTESIAN_POINT('',(17.270499999999998,0.500000000000000,-8.000000000000004));
#4778=CARTESIAN_POINT('',(17.270499999999998,3.729499999999997,-6.770500000000002));
#4779=CARTESIAN_POINT('',(17.270499999999998,0.500000000000000,-6.770500000000002));
#4780=CARTESIAN_POINT('',(18.500000000000000,3.729499999999997,-6.770500000000002));
#4781=CARTESIAN_POINT('',(18.500000000000000,0.500000000000000,-6.770500000000002));
#4782=CARTESIAN_POINT('',(19.729500000000002,3.729499999999997,-6.770500000000002));
#4783=CARTESIAN_POINT('',(19.729500000000002,0.500000000000000,-6.770500000000002));
#4784=CARTESIAN_POINT('',(19.729500000000002,3.729499999999997,-8.000000000000004));
#4785=CARTESIAN_POINT('',(19.729500000000002,0.500000000000000,-8.000000000000004));
#4786=CARTESIAN_POINT('',(19.729500000000002,3.729499999999997,-9.229500000000005));
#4787=CARTESIAN_POINT('',(19.729500000000002,0.500000000000000,-9.229500000000005));
#4788=CARTESIAN_POINT('',(18.500000000000000,3.729499999999997,-9.229500000000005));
#4789=CARTESIAN_POINT('',(18.500000000000000,0.500000000000000,-9.229500000000005));
#4790=CARTESIAN_POINT('',(17.270499999999998,3.729499999999997,-9.229500000000005));
#4791=CARTESIAN_POINT('',(17.270499999999998,0.500000000000000,-9.229500000000005));
#4792=CARTESIAN_POINT('',(17.270499999999998,3.729499999999997,-8.000000000000004));
#4793=CARTESIAN_POINT('',(17.270499999999998,0.500000000000000,-8.000000000000004));
#4801=(BOUNDED_SURFACE()B_SPLINE_SURFACE(1,2,((#4776,#4778,#4780,#4782,#4784,#4786,#4788,#4790,#4792),(#4777,#4779,#4781,#4783,#4785,#4787,#4789,#4791,#4793)),.UNSPECIFIED.,.F.,.T.,.U.)B_SPLINE_SURFACE_WITH_KNOTS((2,2),(3,2,2,2,3),(0.220008133387558,2.846685644570964),(0.0,1.931294083794325,3.862588167588651,5.793882251382976,7.725176335177301),.UNSPECIFIED.)GEOMETRIC_REPRESENTATION_ITEM()RATIONAL_B_SPLINE_SURFACE(((1.0,0.707106781186548,1.0,0.707106781186548,1.0,0.707106781186548,1.0,0.707106781186548,1.0),(1.0,0.707106781186548,1.0,0.707106781186548,1.0,0.707106781186548,1.0,0.707106781186548,1.0)))REPRESENTATION_ITEM('')SURFACE());
#4802=ORIENTED_EDGE('',*,*,#3144,.T.);
#4803=EDGE_LOOP('',(#4802));
#4804=FACE_OUTER_BOUND('',#4803,.T.);
#4805=ORIENTED_EDGE('',*,*,#4675,.F.);
#4806=EDGE_LOOP('',(#4805));
#4807=FACE_BOUND('',#4806,.T.);
#4808=ADVANCED_FACE('',(#4804,#4807),#4801,.F.);
#4809=CARTESIAN_POINT('',(-1.620999999999996,3.500000000000000,23.000000000000004));
#4810=CARTESIAN_POINT('',(-1.620999999999997,3.500000000000000,20.099000000000000));
#4811=CARTESIAN_POINT('',(-1.620999999999995,1.879000000000001,23.000000000000004));
#4812=CARTESIAN_POINT('',(-1.620999999999996,1.879000000000000,20.099000000000000));
#4813=CARTESIAN_POINT('',(4.440892E-015,1.879000000000000,23.000000000000004));
#4814=CARTESIAN_POINT('',(3.672515E-015,1.879000000000000,20.099000000000000));
#4815=CARTESIAN_POINT('',(1.621000000000004,1.879000000000001,23.000000000000004));
#4816=CARTESIAN_POINT('',(1.621000000000004,1.879000000000000,20.099000000000000));
#4817=CARTESIAN_POINT('',(1.621000000000005,3.500000000000000,23.000000000000004));
#4818=CARTESIAN_POINT('',(1.621000000000004,3.500000000000000,20.099000000000000));
#4819=CARTESIAN_POINT('',(1.621000000000004,5.121000000000000,23.000000000000004));
#4820=CARTESIAN_POINT('',(1.621000000000004,5.121000000000000,20.099000000000000));
#4821=CARTESIAN_POINT('',(4.440892E-015,5.121000000000000,23.000000000000004));
#4822=CARTESIAN_POINT('',(3.672515E-015,5.121000000000000,20.099000000000000));
#4823=CARTESIAN_POINT('',(-1.620999999999995,5.121000000000000,23.000000000000004));
#4824=CARTESIAN_POINT('',(-1.620999999999996,5.121000000000000,20.099000000000000));
#4825=CARTESIAN_POINT('',(-1.620999999999996,3.500000000000000,23.000000000000004));
#4826=CARTESIAN_POINT('',(-1.620999999999997,3.500000000000000,20.099000000000000));
#4834=(BOUNDED_SURFACE()B_SPLINE_SURFACE(1,2,((#4809,#4811,#4813,#4815,#4817,#4819,#4821,#4823,#4825),(#4810,#4812,#4814,#4816,#4818,#4820,#4822,#4824,#4826)),.UNSPECIFIED.,.F.,.T.,.U.)B_SPLINE_SURFACE_WITH_KNOTS((2,2),(3,2,2,2,3),(-2.467612584824182,-0.677976557680442),(0.0,2.546260845734528,5.092521691469055,7.638782537203583,10.185043382938110),.UNSPECIFIED.)GEOMETRIC_REPRESENTATION_ITEM()RATIONAL_B_SPLINE_SURFACE(((1.0,0.707106781186548,1.0,0.707106781186548,1.0,0.707106781186548,1.0,0.707106781186548,1.0),(1.0,0.707106781186548,1.0,0.707106781186548,1.0,0.707106781186548,1.0,0.707106781186548,1.0)))REPRESENTATION_ITEM('')SURFACE());
#4835=CARTESIAN_POINT('',(-1.620999999999997,3.500000000000000,20.099000000000000));
#4836=VERTEX_POINT('',#4835);
#4837=CARTESIAN_POINT('',(3.672515E-015,3.500000000000000,20.099000000000000));
#4838=DIRECTION('',(0.0,0.0,-1.0));
#4839=DIRECTION('',(1.0,0.0,0.0));
#4840=AXIS2_PLACEMENT_3D('',#4837,#4838,#4839);
#4841=CIRCLE('',#4840,1.621000000000000);
#4842=EDGE_CURVE('',#4836,#4836,#4841,.T.);
#4843=ORIENTED_EDGE('',*,*,#4842,.T.);
#4844=EDGE_LOOP('',(#4843));
#4845=FACE_OUTER_BOUND('',#4844,.T.);
#4846=ORIENTED_EDGE('',*,*,#4608,.F.);
#4847=EDGE_LOOP('',(#4846));
#4848=FACE_BOUND('',#4847,.T.);
#4849=ADVANCED_FACE('',(#4845,#4848),#4834,.F.);
#4850=CARTESIAN_POINT('',(-18.500000000000000,5.971572875253807,-18.500000000000007));
#4851=DIRECTION('',(0.0,-0.707106781186547,-0.707106781186548));
#4852=DIRECTION('',(-1.0,0.0,0.0));
#4853=AXIS2_PLACEMENT_3D('',#4850,#4851,#4852);
#4854=PLANE('',#4853);
#4855=CARTESIAN_POINT('',(-19.750000000000000,5.971572875253807,-18.500000000000007));
#4856=VERTEX_POINT('',#4855);
#4857=CARTESIAN_POINT('',(-19.750000000000000,5.971572875253807,-18.500000000000007));
#4858=DIRECTION('',(0.0,0.707106781186548,-0.707106781186547));
#4859=VECTOR('',#4858,2.868629150101524);
#4860=LINE('',#4857,#4859);
#4861=EDGE_CURVE('',#4856,#3933,#4860,.T.);
#4862=ORIENTED_EDGE('',*,*,#4861,.F.);
#4863=CARTESIAN_POINT('',(-17.249999999999996,5.971572875253807,-18.500000000000007));
#4864=VERTEX_POINT('',#4863);
#4865=CARTESIAN_POINT('',(-17.249999999999996,5.971572875253807,-18.500000000000007));
#4866=DIRECTION('',(-1.0,0.0,0.0));
#4867=VECTOR('',#4866,2.500000000000004);
#4868=LINE('',#4865,#4867);
#4869=EDGE_CURVE('',#4864,#4856,#4868,.T.);
#4870=ORIENTED_EDGE('',*,*,#4869,.F.);
#4871=CARTESIAN_POINT('',(-17.249999999999996,8.0,-20.528427124746194));
#4872=DIRECTION('',(0.0,-0.707106781186548,0.707106781186547));
#4873=VECTOR('',#4872,2.868629150101524);
#4874=LINE('',#4871,#4873);
#4875=EDGE_CURVE('',#3914,#4864,#4874,.T.);
#4876=ORIENTED_EDGE('',*,*,#4875,.F.);
#4877=ORIENTED_EDGE('',*,*,#3945,.F.);
#4878=EDGE_LOOP('',(#4862,#4870,#4876,#4877));
#4879=FACE_OUTER_BOUND('',#4878,.T.);
#4880=ADVANCED_FACE('',(#4879),#4854,.F.);
#4881=CARTESIAN_POINT('',(-18.500000000000000,8.0,-16.471572875253809));
#4882=DIRECTION('',(0.0,-0.707106781186548,0.707106781186547));
#4883=DIRECTION('',(1.0,0.0,0.0));
#4884=AXIS2_PLACEMENT_3D('',#4881,#4882,#4883);
#4885=PLANE('',#4884);
#4886=CARTESIAN_POINT('',(-19.750000000000000,8.0,-16.471572875253809));
#4887=DIRECTION('',(0.0,-0.707106781186547,-0.707106781186549));
#4888=VECTOR('',#4887,2.868629150101531);
#4889=LINE('',#4886,#4888);
#4890=EDGE_CURVE('',#3925,#4856,#4889,.T.);
#4891=ORIENTED_EDGE('',*,*,#4890,.F.);
#4892=ORIENTED_EDGE('',*,*,#3930,.F.);
#4893=CARTESIAN_POINT('',(-17.249999999999996,5.971572875253807,-18.500000000000007));
#4894=DIRECTION('',(0.0,0.707106781186547,0.707106781186549));
#4895=VECTOR('',#4894,2.868629150101531);
#4896=LINE('',#4893,#4895);
#4897=EDGE_CURVE('',#4864,#3916,#4896,.T.);
#4898=ORIENTED_EDGE('',*,*,#4897,.F.);
#4899=ORIENTED_EDGE('',*,*,#4869,.T.);
#4900=EDGE_LOOP('',(#4891,#4892,#4898,#4899));
#4901=FACE_OUTER_BOUND('',#4900,.T.);
#4902=ADVANCED_FACE('',(#4901),#4885,.F.);
#4903=CARTESIAN_POINT('',(-19.750000000000000,6.985786437626905,-18.500000000000007));
#4904=DIRECTION('',(-6.246527E-029,1.0,1.770648E-044));
#4905=DIRECTION('',(0.0,0.0,1.0));
#4906=AXIS2_PLACEMENT_3D('',#4903,#4904,#4905);
#4907=CONICAL_SURFACE('',#4906,1.014213562373099,45.000000000000071);
#4908=ORIENTED_EDGE('',*,*,#4861,.T.);
#4909=ORIENTED_EDGE('',*,*,#3939,.F.);
#4910=ORIENTED_EDGE('',*,*,#4890,.T.);
#4911=EDGE_LOOP('',(#4908,#4909,#4910));
#4912=FACE_OUTER_BOUND('',#4911,.T.);
#4913=ADVANCED_FACE('',(#4912),#4907,.F.);
#4914=CARTESIAN_POINT('',(-17.249999999999996,6.985786437626905,-18.500000000000007));
#4915=DIRECTION('',(-6.282120E-029,1.0,1.780737E-044));
#4916=DIRECTION('',(0.0,0.0,1.0));
#4917=AXIS2_PLACEMENT_3D('',#4914,#4915,#4916);
#4918=CONICAL_SURFACE('',#4917,1.014213562373099,45.000000000000057);
#4919=ORIENTED_EDGE('',*,*,#4897,.T.);
#4920=ORIENTED_EDGE('',*,*,#3922,.F.);
#4921=ORIENTED_EDGE('',*,*,#4875,.T.);
#4922=EDGE_LOOP('',(#4919,#4920,#4921));
#4923=FACE_OUTER_BOUND('',#4922,.T.);
#4924=ADVANCED_FACE('',(#4923),#4918,.F.);
#4925=CARTESIAN_POINT('',(4.344625E-015,3.500000000000005,20.219999999999999));
#4926=DIRECTION('',(0.0,0.0,1.0));
#4927=DIRECTION('',(0.500000000000000,0.866025403784438,0.0));
#4928=AXIS2_PLACEMENT_3D('',#4925,#4926,#4927);
#4929=PLANE('',#4928);
#4930=CARTESIAN_POINT('',(-1.299038105676653,4.250000000000005,20.219999999999999));
#4931=VERTEX_POINT('',#4930);
#4932=CARTESIAN_POINT('',(4.344625E-015,3.500000000000005,20.219999999999999));
#4933=DIRECTION('',(2.677710E-017,-1.545976E-017,-1.0));
#4934=DIRECTION('',(0.866025403784438,-0.500000000000001,3.091953E-017));
#4935=AXIS2_PLACEMENT_3D('',#4932,#4933,#4934);
#4936=CIRCLE('',#4935,1.500000000000000);
#4937=EDGE_CURVE('',#4931,#4931,#4936,.T.);
#4938=ORIENTED_EDGE('',*,*,#4937,.F.);
#4939=EDGE_LOOP('',(#4938));
#4940=FACE_OUTER_BOUND('',#4939,.T.);
#4941=CARTESIAN_POINT('',(-0.577350269189621,4.500000000000005,20.219999999999999));
#4942=VERTEX_POINT('',#4941);
#4943=CARTESIAN_POINT('',(0.577350269189631,4.500000000000004,20.219999999999999));
#4944=VERTEX_POINT('',#4943);
#4945=CARTESIAN_POINT('',(-0.577350269189621,4.500000000000005,20.219999999999999));
#4946=DIRECTION('',(1.0,0.0,0.0));
#4947=VECTOR('',#4946,1.154700538379252);
#4948=LINE('',#4945,#4947);
#4949=EDGE_CURVE('',#4942,#4944,#4948,.T.);
#4950=ORIENTED_EDGE('',*,*,#4949,.T.);
#4951=CARTESIAN_POINT('',(1.154700538379256,3.500000000000003,20.219999999999999));
#4952=VERTEX_POINT('',#4951);
#4953=CARTESIAN_POINT('',(0.577350269189631,4.500000000000004,20.219999999999999));
#4954=DIRECTION('',(0.500000000000000,-0.866025403784439,0.0));
#4955=VECTOR('',#4954,1.154700538379252);
#4956=LINE('',#4953,#4955);
#4957=EDGE_CURVE('',#4944,#4952,#4956,.T.);
#4958=ORIENTED_EDGE('',*,*,#4957,.T.);
#4959=CARTESIAN_POINT('',(0.577350269189629,2.500000000000004,20.219999999999999));
#4960=VERTEX_POINT('',#4959);
#4961=CARTESIAN_POINT('',(1.154700538379256,3.500000000000003,20.219999999999999));
#4962=DIRECTION('',(-0.500000000000001,-0.866025403784438,0.0));
#4963=VECTOR('',#4962,1.154700538379252);
#4964=LINE('',#4961,#4963);
#4965=EDGE_CURVE('',#4952,#4960,#4964,.T.);
#4966=ORIENTED_EDGE('',*,*,#4965,.T.);
#4967=CARTESIAN_POINT('',(-0.577350269189623,2.500000000000005,20.219999999999999));
#4968=VERTEX_POINT('',#4967);
#4969=CARTESIAN_POINT('',(0.577350269189629,2.500000000000004,20.219999999999999));
#4970=DIRECTION('',(-1.0,0.0,0.0));
#4971=VECTOR('',#4970,1.154700538379252);
#4972=LINE('',#4969,#4971);
#4973=EDGE_CURVE('',#4960,#4968,#4972,.T.);
#4974=ORIENTED_EDGE('',*,*,#4973,.T.);
#4975=CARTESIAN_POINT('',(-1.154700538379248,3.500000000000006,20.219999999999999));
#4976=VERTEX_POINT('',#4975);
#4977=CARTESIAN_POINT('',(-0.577350269189623,2.500000000000005,20.219999999999999));
#4978=DIRECTION('',(-0.499999999999999,0.866025403784439,0.0));
#4979=VECTOR('',#4978,1.154700538379252);
#4980=LINE('',#4977,#4979);
#4981=EDGE_CURVE('',#4968,#4976,#4980,.T.);
#4982=ORIENTED_EDGE('',*,*,#4981,.T.);
#4983=CARTESIAN_POINT('',(-1.154700538379248,3.500000000000006,20.219999999999999));
#4984=DIRECTION('',(0.500000000000001,0.866025403784438,0.0));
#4985=VECTOR('',#4984,1.154700538379252);
#4986=LINE('',#4983,#4985);
#4987=EDGE_CURVE('',#4976,#4942,#4986,.T.);
#4988=ORIENTED_EDGE('',*,*,#4987,.T.);
#4989=EDGE_LOOP('',(#4950,#4958,#4966,#4974,#4982,#4988));
#4990=FACE_BOUND('',#4989,.T.);
#4991=ADVANCED_FACE('',(#4940,#4990),#4929,.T.);
#4992=CARTESIAN_POINT('',(3.480731E-015,3.500000000000003,18.219999999999995));
#4993=DIRECTION('',(0.0,0.0,-1.0));
#4994=DIRECTION('',(-0.500000000000000,-0.866025403784438,0.0));
#4995=AXIS2_PLACEMENT_3D('',#4992,#4993,#4994);
#4996=PLANE('',#4995);
#4997=CARTESIAN_POINT('',(0.577350269189630,4.500000000000003,18.219999999999995));
#4998=VERTEX_POINT('',#4997);
#4999=CARTESIAN_POINT('',(-0.577350269189622,4.500000000000004,18.219999999999995));
#5000=VERTEX_POINT('',#4999);
#5001=CARTESIAN_POINT('',(0.577350269189630,4.500000000000003,18.219999999999995));
#5002=DIRECTION('',(-1.0,0.0,0.0));
#5003=VECTOR('',#5002,1.154700538379252);
#5004=LINE('',#5001,#5003);
#5005=EDGE_CURVE('',#4998,#5000,#5004,.T.);
#5006=ORIENTED_EDGE('',*,*,#5005,.T.);
#5007=CARTESIAN_POINT('',(-1.154700538379248,3.500000000000004,18.219999999999995));
#5008=VERTEX_POINT('',#5007);
#5009=CARTESIAN_POINT('',(-0.577350269189622,4.500000000000004,18.219999999999995));
#5010=DIRECTION('',(-0.500000000000001,-0.866025403784438,0.0));
#5011=VECTOR('',#5010,1.154700538379251);
#5012=LINE('',#5009,#5011);
#5013=EDGE_CURVE('',#5000,#5008,#5012,.T.);
#5014=ORIENTED_EDGE('',*,*,#5013,.T.);
#5015=CARTESIAN_POINT('',(-0.577350269189624,2.500000000000004,18.219999999999999));
#5016=VERTEX_POINT('',#5015);
#5017=CARTESIAN_POINT('',(-1.154700538379248,3.500000000000004,18.219999999999995));
#5018=DIRECTION('',(0.499999999999999,-0.866025403784439,3.076740E-015));
#5019=VECTOR('',#5018,1.154700538379252);
#5020=LINE('',#5017,#5019);
#5021=EDGE_CURVE('',#5008,#5016,#5020,.T.);
#5022=ORIENTED_EDGE('',*,*,#5021,.T.);
#5023=CARTESIAN_POINT('',(0.577350269189628,2.500000000000002,18.219999999999995));
#5024=VERTEX_POINT('',#5023);
#5025=CARTESIAN_POINT('',(-0.577350269189624,2.500000000000004,18.219999999999999));
#5026=DIRECTION('',(1.0,0.0,0.0));
#5027=VECTOR('',#5026,1.154700538379252);
#5028=LINE('',#5025,#5027);
#5029=EDGE_CURVE('',#5016,#5024,#5028,.T.);
#5030=ORIENTED_EDGE('',*,*,#5029,.T.);
#5031=CARTESIAN_POINT('',(1.154700538379256,3.500000000000001,18.219999999999995));
#5032=VERTEX_POINT('',#5031);
#5033=CARTESIAN_POINT('',(0.577350269189628,2.500000000000002,18.219999999999995));
#5034=DIRECTION('',(0.500000000000001,0.866025403784438,0.0));
#5035=VECTOR('',#5034,1.154700538379252);
#5036=LINE('',#5033,#5035);
#5037=EDGE_CURVE('',#5024,#5032,#5036,.T.);
#5038=ORIENTED_EDGE('',*,*,#5037,.T.);
#5039=CARTESIAN_POINT('',(1.154700538379256,3.500000000000001,18.219999999999995));
#5040=DIRECTION('',(-0.499999999999999,0.866025403784439,0.0));
#5041=VECTOR('',#5040,1.154700538379253);
#5042=LINE('',#5039,#5041);
#5043=EDGE_CURVE('',#5032,#4998,#5042,.T.);
#5044=ORIENTED_EDGE('',*,*,#5043,.T.);
#5045=EDGE_LOOP('',(#5006,#5014,#5022,#5030,#5038,#5044));
#5046=FACE_OUTER_BOUND('',#5045,.T.);
#5047=ADVANCED_FACE('',(#5046),#4996,.F.);
#5048=CARTESIAN_POINT('',(1.154700538379256,3.500000000000003,20.219999999999999));
#5049=DIRECTION('',(0.866025403784439,0.499999999999999,-6.744510E-016));
#5050=DIRECTION('',(0.0,0.0,-1.0));
#5051=AXIS2_PLACEMENT_3D('',#5048,#5049,#5050);
#5052=PLANE('',#5051);
#5053=ORIENTED_EDGE('',*,*,#5043,.F.);
#5054=CARTESIAN_POINT('',(1.154700538379256,3.500000000000003,20.219999999999999));
#5055=DIRECTION('',(0.0,0.0,-1.0));
#5056=VECTOR('',#5055,2.000000000000004);
#5057=LINE('',#5054,#5056);
#5058=EDGE_CURVE('',#4952,#5032,#5057,.T.);
#5059=ORIENTED_EDGE('',*,*,#5058,.F.);
#5060=ORIENTED_EDGE('',*,*,#4957,.F.);
#5061=CARTESIAN_POINT('',(0.577350269189631,4.500000000000004,20.219999999999999));
#5062=DIRECTION('',(0.0,0.0,-1.0));
#5063=VECTOR('',#5062,2.000000000000004);
#5064=LINE('',#5061,#5063);
#5065=EDGE_CURVE('',#4944,#4998,#5064,.T.);
#5066=ORIENTED_EDGE('',*,*,#5065,.T.);
#5067=EDGE_LOOP('',(#5053,#5059,#5060,#5066));
#5068=FACE_OUTER_BOUND('',#5067,.T.);
#5069=ADVANCED_FACE('',(#5068),#5052,.F.);
#5070=CARTESIAN_POINT('',(0.577350269189629,2.500000000000004,20.219999999999999));
#5071=DIRECTION('',(0.866025403784438,-0.500000000000001,3.091953E-017));
#5072=DIRECTION('',(-0.500000000000001,-0.866025403784438,7.966403E-016));
#5073=AXIS2_PLACEMENT_3D('',#5070,#5071,#5072);
#5074=PLANE('',#5073);
#5075=ORIENTED_EDGE('',*,*,#5037,.F.);
#5076=CARTESIAN_POINT('',(0.577350269189629,2.500000000000004,20.219999999999999));
#5077=DIRECTION('',(0.0,0.0,-1.0));
#5078=VECTOR('',#5077,2.000000000000004);
#5079=LINE('',#5076,#5078);
#5080=EDGE_CURVE('',#4960,#5024,#5079,.T.);
#5081=ORIENTED_EDGE('',*,*,#5080,.F.);
#5082=ORIENTED_EDGE('',*,*,#4965,.F.);
#5083=ORIENTED_EDGE('',*,*,#5058,.T.);
#5084=EDGE_LOOP('',(#5075,#5081,#5082,#5083));
#5085=FACE_OUTER_BOUND('',#5084,.T.);
#5086=ADVANCED_FACE('',(#5085),#5074,.F.);
#5087=CARTESIAN_POINT('',(-0.577350269189623,2.500000000000005,20.219999999999999));
#5088=DIRECTION('',(0.0,-1.0,0.0));
#5089=DIRECTION('',(0.0,0.0,1.0));
#5090=AXIS2_PLACEMENT_3D('',#5087,#5088,#5089);
#5091=PLANE('',#5090);
#5092=ORIENTED_EDGE('',*,*,#5029,.F.);
#5093=CARTESIAN_POINT('',(-0.577350269189623,2.500000000000005,20.219999999999999));
#5094=DIRECTION('',(0.0,0.0,-1.0));
#5095=VECTOR('',#5094,2.0);
#5096=LINE('',#5093,#5095);
#5097=EDGE_CURVE('',#4968,#5016,#5096,.T.);
#5098=ORIENTED_EDGE('',*,*,#5097,.F.);
#5099=ORIENTED_EDGE('',*,*,#4973,.F.);
#5100=ORIENTED_EDGE('',*,*,#5080,.T.);
#5101=EDGE_LOOP('',(#5092,#5098,#5099,#5100));
#5102=FACE_OUTER_BOUND('',#5101,.T.);
#5103=ADVANCED_FACE('',(#5102),#5091,.F.);
#5104=CARTESIAN_POINT('',(-1.154700538379248,3.500000000000006,20.219999999999999));
#5105=DIRECTION('',(-0.866025403784439,-0.499999999999999,6.744510E-016));
#5106=DIRECTION('',(0.0,0.0,1.0));
#5107=AXIS2_PLACEMENT_3D('',#5104,#5105,#5106);
#5108=PLANE('',#5107);
#5109=ORIENTED_EDGE('',*,*,#5021,.F.);
#5110=CARTESIAN_POINT('',(-1.154700538379248,3.500000000000006,20.219999999999999));
#5111=DIRECTION('',(0.0,0.0,-1.0));
#5112=VECTOR('',#5111,2.000000000000004);
#5113=LINE('',#5110,#5112);
#5114=EDGE_CURVE('',#4976,#5008,#5113,.T.);
#5115=ORIENTED_EDGE('',*,*,#5114,.F.);
#5116=ORIENTED_EDGE('',*,*,#4981,.F.);
#5117=ORIENTED_EDGE('',*,*,#5097,.T.);
#5118=EDGE_LOOP('',(#5109,#5115,#5116,#5117));
#5119=FACE_OUTER_BOUND('',#5118,.T.);
#5120=ADVANCED_FACE('',(#5119),#5108,.F.);
#5121=CARTESIAN_POINT('',(-0.577350269189621,4.500000000000005,20.219999999999999));
#5122=DIRECTION('',(-0.866025403784438,0.500000000000001,-3.091953E-017));
#5123=DIRECTION('',(0.500000000000001,0.866025403784438,-7.966403E-016));
#5124=AXIS2_PLACEMENT_3D('',#5121,#5122,#5123);
#5125=PLANE('',#5124);
#5126=ORIENTED_EDGE('',*,*,#5013,.F.);
#5127=CARTESIAN_POINT('',(-0.577350269189621,4.500000000000005,20.219999999999999));
#5128=DIRECTION('',(0.0,0.0,-1.0));
#5129=VECTOR('',#5128,2.000000000000004);
#5130=LINE('',#5127,#5129);
#5131=EDGE_CURVE('',#4942,#5000,#5130,.T.);
#5132=ORIENTED_EDGE('',*,*,#5131,.F.);
#5133=ORIENTED_EDGE('',*,*,#4987,.F.);
#5134=ORIENTED_EDGE('',*,*,#5114,.T.);
#5135=EDGE_LOOP('',(#5126,#5132,#5133,#5134));
#5136=FACE_OUTER_BOUND('',#5135,.T.);
#5137=ADVANCED_FACE('',(#5136),#5125,.F.);
#5138=CARTESIAN_POINT('',(0.577350269189631,4.500000000000004,20.219999999999999));
#5139=DIRECTION('',(0.0,1.0,0.0));
#5140=DIRECTION('',(0.0,0.0,-1.0));
#5141=AXIS2_PLACEMENT_3D('',#5138,#5139,#5140);
#5142=PLANE('',#5141);
#5143=ORIENTED_EDGE('',*,*,#5005,.F.);
#5144=ORIENTED_EDGE('',*,*,#5065,.F.);
#5145=ORIENTED_EDGE('',*,*,#4949,.F.);
#5146=ORIENTED_EDGE('',*,*,#5131,.T.);
#5147=EDGE_LOOP('',(#5143,#5144,#5145,#5146));
#5148=FACE_OUTER_BOUND('',#5147,.T.);
#5149=ADVANCED_FACE('',(#5148),#5142,.F.);
#5150=CARTESIAN_POINT('',(4.251740E-015,3.500000000000004,19.969999999999999));
#5151=DIRECTION('',(-3.715431E-016,-7.053705E-016,-1.0));
#5152=DIRECTION('',(0.866025403784438,-0.500000000000001,3.091953E-017));
#5153=AXIS2_PLACEMENT_3D('',#5150,#5151,#5152);
#5154=CONICAL_SURFACE('',#5153,1.750000000000000,44.999999999999979);
#5155=ORIENTED_EDGE('',*,*,#4937,.T.);
#5156=EDGE_LOOP('',(#5155));
#5157=FACE_OUTER_BOUND('',#5156,.T.);
#5158=ORIENTED_EDGE('',*,*,#4842,.F.);
#5159=EDGE_LOOP('',(#5158));
#5160=FACE_BOUND('',#5159,.T.);
#5161=ADVANCED_FACE('',(#5157,#5160),#5154,.T.);
#5162=CLOSED_SHELL('',(#2531,#2540,#2566,#2594,#2603,#2631,#2651,#2710,#2749,#2781,#2813,#2845,#2877,#2901,#2918,#2935,#2952,#2969,#2991,#3004,#3042,#3080,#3108,#3120,#3148,#3157,#3185,#3205,#3264,#3303,#3335,#3367,#3399,#3431,#3455,#3472,#3489,#3506,#3523,#3545,#3558,#3596,#3634,#3662,#3674,#3756,#3765,#3814,#3974,#4005,#4025,#4134,#4166,#4191,#4216,#4241,#4266,#4286,#4303,#4336,#4361,#4386,#4411,#4436,#4454,#4486,#4510,#4528,#4559,#4577,#4612,#4637,#4704,#4721,#4733,#4742,#4775,#4808,#4849,#4880,#4902,#4913,#4924,#4991,#5047,#5069,#5086,#5103,#5120,#5137,#5149,#5161));
#5163=MANIFOLD_SOLID_BREP('',#5162);
#5169=(NAMED_UNIT(*)PLANE_ANGLE_UNIT()SI_UNIT($,.RADIAN.));
#5170=DIMENSIONAL_EXPONENTS(0.0,0.0,0.0,0.0,0.0,0.0,0.0);
#5171=PLANE_ANGLE_MEASURE_WITH_UNIT(PLANE_ANGLE_MEASURE(0.017453292500000),#5169);
#5175=(CONVERSION_BASED_UNIT('DEGREE',#5171)NAMED_UNIT(#5170)PLANE_ANGLE_UNIT());
#5179=(NAMED_UNIT(*)SI_UNIT($,.STERADIAN.)SOLID_ANGLE_UNIT());
#5183=(LENGTH_UNIT()NAMED_UNIT(*)SI_UNIT(.MILLI.,.METRE.));
#5185=UNCERTAINTY_MEASURE_WITH_UNIT(LENGTH_MEASURE(0.000001000000000),#5183,'DISTANCE_ACCURACY_VALUE','');
#5187=(GEOMETRIC_REPRESENTATION_CONTEXT(3)GLOBAL_UNCERTAINTY_ASSIGNED_CONTEXT((#5185))GLOBAL_UNIT_ASSIGNED_CONTEXT((#5175,#5179,#5183))REPRESENTATION_CONTEXT('','3D'));
#5188=CARTESIAN_POINT('',(0.500000000000008,4.366025403784448,16.219999999999992));
#5189=CARTESIAN_POINT('',(2.942091E-015,3.500000000000002,16.797350269189621));
#5190=CARTESIAN_POINT('',(1.366025403784454,3.866025403784443,16.219999999999992));
#5191=CARTESIAN_POINT('',(2.942091E-015,3.500000000000002,16.797350269189621));
#5192=CARTESIAN_POINT('',(0.866025403784449,2.999999999999996,16.219999999999992));
#5193=CARTESIAN_POINT('',(3.072964E-015,3.500000000000002,16.797350269189621));
#5194=CARTESIAN_POINT('',(0.366025403784444,2.133974596215550,16.219999999999992));
#5195=CARTESIAN_POINT('',(3.203836E-015,3.500000000000002,16.797350269189621));
#5196=CARTESIAN_POINT('',(-0.500000000000002,2.633974596215555,16.219999999999992));
#5197=CARTESIAN_POINT('',(3.203836E-015,3.500000000000002,16.797350269189621));
#5198=CARTESIAN_POINT('',(-1.366025403784449,3.133974596215561,16.219999999999992));
#5199=CARTESIAN_POINT('',(3.203836E-015,3.500000000000002,16.797350269189621));
#5200=CARTESIAN_POINT('',(-0.866025403784443,4.000000000000007,16.219999999999992));
#5201=CARTESIAN_POINT('',(3.072964E-015,3.500000000000002,16.797350269189621));
#5202=CARTESIAN_POINT('',(-0.366025403784438,4.866025403784454,16.219999999999992));
#5203=CARTESIAN_POINT('',(2.942091E-015,3.500000000000002,16.797350269189621));
#5204=CARTESIAN_POINT('',(0.500000000000008,4.366025403784448,16.219999999999992));
#5205=CARTESIAN_POINT('',(2.942091E-015,3.500000000000002,16.797350269189621));
#5213=(BOUNDED_SURFACE()B_SPLINE_SURFACE(1,2,((#5188,#5190,#5192,#5194,#5196,#5198,#5200,#5202,#5204),(#5189,#5191,#5193,#5195,#5197,#5199,#5201,#5203,#5205)),.UNSPECIFIED.,.F.,.T.,.U.)B_SPLINE_SURFACE_WITH_KNOTS((2,2),(3,2,2,2,3),(-1.154700538379273,1.154700538379251),(0.0,0.785398163397448,1.570796326794897,2.356194490192345,3.141592653589793),.UNSPECIFIED.)GEOMETRIC_REPRESENTATION_ITEM()RATIONAL_B_SPLINE_SURFACE(((1.0,0.707106781186548,1.0,0.707106781186548,1.0,0.707106781186548,1.0,0.707106781186548,1.0),(1.0,0.707106781186548,1.0,0.707106781186548,1.0,0.707106781186548,1.0,0.707106781186548,1.0)))REPRESENTATION_ITEM('')SURFACE());
#5214=CARTESIAN_POINT('',(-0.499999999999998,2.633974596215563,16.219999999999999));
#5215=VERTEX_POINT('',#5214);
#5216=CARTESIAN_POINT('',(-0.866025403784436,4.000000000000003,16.219999999999995));
#5217=VERTEX_POINT('',#5216);
#5218=CARTESIAN_POINT('',(2.858453E-015,3.500000000000002,16.219999999999995));
#5219=DIRECTION('',(-3.983201E-016,-6.899107E-016,-1.000000000000000));
#5220=DIRECTION('',(-0.500000000000001,-0.866025403784438,7.966403E-016));
#5221=AXIS2_PLACEMENT_3D('',#5218,#5219,#5220);
#5222=CIRCLE('',#5221,1.0);
#5223=EDGE_CURVE('',#5215,#5217,#5222,.T.);
#5224=ORIENTED_EDGE('',*,*,#5223,.T.);
#5225=CARTESIAN_POINT('',(2.858453E-015,3.500000000000002,16.219999999999995));
#5226=DIRECTION('',(-3.983201E-016,-6.899107E-016,-1.000000000000000));
#5227=DIRECTION('',(-0.500000000000001,-0.866025403784438,7.966403E-016));
#5228=AXIS2_PLACEMENT_3D('',#5225,#5226,#5227);
#5229=CIRCLE('',#5228,1.0);
#5230=EDGE_CURVE('',#5217,#5215,#5229,.T.);
#5231=ORIENTED_EDGE('',*,*,#5230,.T.);
#5232=EDGE_LOOP('',(#5224,#5231));
#5233=FACE_OUTER_BOUND('',#5232,.T.);
#5234=ADVANCED_FACE('',(#5233),#5213,.F.);
#5235=CARTESIAN_POINT('',(2.858453E-015,3.500000000000002,16.219999999999995));
#5236=DIRECTION('',(0.0,0.0,1.0));
#5237=DIRECTION('',(0.500000000000000,0.866025403784438,0.0));
#5238=AXIS2_PLACEMENT_3D('',#5235,#5236,#5237);
#5239=PLANE('',#5238);
#5240=ORIENTED_EDGE('',*,*,#5230,.F.);
#5241=ORIENTED_EDGE('',*,*,#5223,.F.);
#5242=EDGE_LOOP('',(#5240,#5241));
#5243=FACE_OUTER_BOUND('',#5242,.T.);
#5244=ADVANCED_FACE('',(#5243),#5239,.T.);
#5245=CLOSED_SHELL('',(#5234,#5244));
#5246=MANIFOLD_SOLID_BREP('',#5245);
#5252=(NAMED_UNIT(*)PLANE_ANGLE_UNIT()SI_UNIT($,.RADIAN.));
#5253=DIMENSIONAL_EXPONENTS(0.0,0.0,0.0,0.0,0.0,0.0,0.0);
#5254=PLANE_ANGLE_MEASURE_WITH_UNIT(PLANE_ANGLE_MEASURE(0.017453292500000),#5252);
#5258=(CONVERSION_BASED_UNIT('DEGREE',#5254)NAMED_UNIT(#5253)PLANE_ANGLE_UNIT());
#5262=(NAMED_UNIT(*)SI_UNIT($,.STERADIAN.)SOLID_ANGLE_UNIT());
#5266=(LENGTH_UNIT()NAMED_UNIT(*)SI_UNIT(.MILLI.,.METRE.));
#5268=UNCERTAINTY_MEASURE_WITH_UNIT(LENGTH_MEASURE(0.000001000000000),#5266,'DISTANCE_ACCURACY_VALUE','');
#5270=(GEOMETRIC_REPRESENTATION_CONTEXT(3)GLOBAL_UNCERTAINTY_ASSIGNED_CONTEXT((#5268))GLOBAL_UNIT_ASSIGNED_CONTEXT((#5258,#5262,#5266))REPRESENTATION_CONTEXT('','3D'));
#5271=CARTESIAN_POINT('',(17.270499999999998,8.0,-8.000000000000004));
#5272=CARTESIAN_POINT('',(17.270499999999998,7.000000000000002,-8.000000000000004));
#5273=CARTESIAN_POINT('',(17.270499999999998,8.0,-6.770500000000002));
#5274=CARTESIAN_POINT('',(17.270499999999998,7.000000000000002,-6.770500000000002));
#5275=CARTESIAN_POINT('',(18.500000000000000,8.0,-6.770500000000002));
#5276=CARTESIAN_POINT('',(18.500000000000000,7.000000000000002,-6.770500000000002));
#5277=CARTESIAN_POINT('',(19.729500000000002,8.0,-6.770500000000002));
#5278=CARTESIAN_POINT('',(19.729500000000002,7.000000000000002,-6.770500000000002));
#5279=CARTESIAN_POINT('',(19.729500000000002,8.0,-8.000000000000004));
#5280=CARTESIAN_POINT('',(19.729500000000002,7.000000000000002,-8.000000000000004));
#5281=CARTESIAN_POINT('',(19.729500000000002,8.0,-9.229500000000005));
#5282=CARTESIAN_POINT('',(19.729500000000002,7.000000000000002,-9.229500000000005));
#5283=CARTESIAN_POINT('',(18.500000000000000,8.0,-9.229500000000005));
#5284=CARTESIAN_POINT('',(18.500000000000000,7.000000000000002,-9.229500000000005));
#5285=CARTESIAN_POINT('',(17.270499999999998,8.0,-9.229500000000005));
#5286=CARTESIAN_POINT('',(17.270499999999998,7.000000000000002,-9.229500000000005));
#5287=CARTESIAN_POINT('',(17.270499999999998,8.0,-8.000000000000004));
#5288=CARTESIAN_POINT('',(17.270499999999998,7.000000000000002,-8.000000000000004));
#5296=(BOUNDED_SURFACE()B_SPLINE_SURFACE(1,2,((#5271,#5273,#5275,#5277,#5279,#5281,#5283,#5285,#5287),(#5272,#5274,#5276,#5278,#5280,#5282,#5284,#5286,#5288)),.UNSPECIFIED.,.F.,.T.,.U.)B_SPLINE_SURFACE_WITH_KNOTS((2,2),(3,2,2,2,3),(-3.253355022366816,-2.440016266775113),(0.0,1.931294083794325,3.862588167588651,5.793882251382976,7.725176335177301),.UNSPECIFIED.)GEOMETRIC_REPRESENTATION_ITEM()RATIONAL_B_SPLINE_SURFACE(((1.0,0.707106781186548,1.0,0.707106781186548,1.0,0.707106781186548,1.0,0.707106781186548,1.0),(1.0,0.707106781186548,1.0,0.707106781186548,1.0,0.707106781186548,1.0,0.707106781186548,1.0)))REPRESENTATION_ITEM('')SURFACE());
#5297=CARTESIAN_POINT('',(19.729500000000002,8.0,-8.000000000000004));
#5298=VERTEX_POINT('',#5297);
#5299=CARTESIAN_POINT('',(18.500000000000000,8.0,-8.000000000000004));
#5300=DIRECTION('',(0.0,-1.0,0.0));
#5301=DIRECTION('',(1.0,0.0,0.0));
#5302=AXIS2_PLACEMENT_3D('',#5299,#5300,#5301);
#5303=CIRCLE('',#5302,1.229500000000000);
#5304=EDGE_CURVE('',#5298,#5298,#5303,.T.);
#5305=ORIENTED_EDGE('',*,*,#5304,.F.);
#5306=EDGE_LOOP('',(#5305));
#5307=FACE_OUTER_BOUND('',#5306,.T.);
#5308=CARTESIAN_POINT('',(17.270500000000002,7.000000000000002,-8.000000000000004));
#5309=VERTEX_POINT('',#5308);
#5310=CARTESIAN_POINT('',(18.500000000000000,7.000000000000002,-8.000000000000004));
#5311=DIRECTION('',(0.0,-1.0,0.0));
#5312=DIRECTION('',(1.0,0.0,0.0));
#5313=AXIS2_PLACEMENT_3D('',#5310,#5311,#5312);
#5314=CIRCLE('',#5313,1.229500000000000);
#5315=EDGE_CURVE('',#5309,#5309,#5314,.T.);
#5316=ORIENTED_EDGE('',*,*,#5315,.T.);
#5317=EDGE_LOOP('',(#5316));
#5318=FACE_BOUND('',#5317,.T.);
#5319=ADVANCED_FACE('',(#5307,#5318),#5296,.F.);
#5320=CARTESIAN_POINT('',(18.500000000000000,7.500000000000002,-8.000000000000004));
#5321=DIRECTION('',(0.0,-1.0,0.0));
#5322=DIRECTION('',(0.0,0.0,1.0));
#5323=AXIS2_PLACEMENT_3D('',#5320,#5321,#5322);
#5324=CYLINDRICAL_SURFACE('',#5323,1.150000000000000);
#5325=CARTESIAN_POINT('',(18.500000000000000,8.0,-6.850000000000003));
#5326=VERTEX_POINT('',#5325);
#5327=CARTESIAN_POINT('',(18.500000000000000,8.0,-8.000000000000004));
#5328=DIRECTION('',(0.0,-1.0,0.0));
#5329=DIRECTION('',(0.0,0.0,1.0));
#5330=AXIS2_PLACEMENT_3D('',#5327,#5328,#5329);
#5331=CIRCLE('',#5330,1.150000000000000);
#5332=EDGE_CURVE('',#5326,#5326,#5331,.T.);
#5333=ORIENTED_EDGE('',*,*,#5332,.T.);
#5334=EDGE_LOOP('',(#5333));
#5335=FACE_OUTER_BOUND('',#5334,.T.);
#5336=CARTESIAN_POINT('',(18.500000000000000,7.000000000000002,-6.850000000000003));
#5337=VERTEX_POINT('',#5336);
#5338=CARTESIAN_POINT('',(18.500000000000000,7.000000000000002,-8.000000000000004));
#5339=DIRECTION('',(0.0,-1.0,0.0));
#5340=DIRECTION('',(0.0,0.0,1.0));
#5341=AXIS2_PLACEMENT_3D('',#5338,#5339,#5340);
#5342=CIRCLE('',#5341,1.150000000000000);
#5343=EDGE_CURVE('',#5337,#5337,#5342,.T.);
#5344=ORIENTED_EDGE('',*,*,#5343,.F.);
#5345=EDGE_LOOP('',(#5344));
#5346=FACE_BOUND('',#5345,.T.);
#5347=ADVANCED_FACE('',(#5335,#5346),#5324,.T.);
#5348=CARTESIAN_POINT('',(18.500000000000000,8.0,-8.000000000000004));
#5349=DIRECTION('',(0.0,1.0,0.0));
#5350=DIRECTION('',(0.0,0.0,1.0));
#5351=AXIS2_PLACEMENT_3D('',#5348,#5349,#5350);
#5352=PLANE('',#5351);
#5353=ORIENTED_EDGE('',*,*,#5304,.T.);
#5354=EDGE_LOOP('',(#5353));
#5355=FACE_OUTER_BOUND('',#5354,.T.);
#5356=ORIENTED_EDGE('',*,*,#5332,.F.);
#5357=EDGE_LOOP('',(#5356));
#5358=FACE_BOUND('',#5357,.T.);
#5359=ADVANCED_FACE('',(#5355,#5358),#5352,.F.);
#5360=CARTESIAN_POINT('',(18.500000000000000,7.000000000000002,-6.675000000000003));
#5361=DIRECTION('',(0.0,-1.0,0.0));
#5362=DIRECTION('',(0.0,0.0,-1.0));
#5363=AXIS2_PLACEMENT_3D('',#5360,#5361,#5362);
#5364=PLANE('',#5363);
#5365=ORIENTED_EDGE('',*,*,#5315,.F.);
#5366=EDGE_LOOP('',(#5365));
#5367=FACE_OUTER_BOUND('',#5366,.T.);
#5368=ORIENTED_EDGE('',*,*,#5343,.T.);
#5369=EDGE_LOOP('',(#5368));
#5370=FACE_BOUND('',#5369,.T.);
#5371=ADVANCED_FACE('',(#5367,#5370),#5364,.F.);
#5372=CLOSED_SHELL('',(#5319,#5347,#5359,#5371));
#5373=MANIFOLD_SOLID_BREP('',#5372);
#5379=(NAMED_UNIT(*)PLANE_ANGLE_UNIT()SI_UNIT($,.RADIAN.));
#5380=DIMENSIONAL_EXPONENTS(0.0,0.0,0.0,0.0,0.0,0.0,0.0);
#5381=PLANE_ANGLE_MEASURE_WITH_UNIT(PLANE_ANGLE_MEASURE(0.017453292500000),#5379);
#5385=(CONVERSION_BASED_UNIT('DEGREE',#5381)NAMED_UNIT(#5380)PLANE_ANGLE_UNIT());
#5389=(NAMED_UNIT(*)SI_UNIT($,.STERADIAN.)SOLID_ANGLE_UNIT());
#5393=(LENGTH_UNIT()NAMED_UNIT(*)SI_UNIT(.MILLI.,.METRE.));
#5395=UNCERTAINTY_MEASURE_WITH_UNIT(LENGTH_MEASURE(0.000001000000000),#5393,'DISTANCE_ACCURACY_VALUE','');
#5397=(GEOMETRIC_REPRESENTATION_CONTEXT(3)GLOBAL_UNCERTAINTY_ASSIGNED_CONTEXT((#5395))GLOBAL_UNIT_ASSIGNED_CONTEXT((#5385,#5389,#5393))REPRESENTATION_CONTEXT('','3D'));
#5398=CARTESIAN_POINT('',(6.770499999999999,8.0,-18.500000000000007));
#5399=CARTESIAN_POINT('',(6.770499999999999,7.000000000000002,-18.500000000000007));
#5400=CARTESIAN_POINT('',(6.770499999999999,8.0,-17.270500000000009));
#5401=CARTESIAN_POINT('',(6.770499999999999,7.000000000000002,-17.270500000000009));
#5402=CARTESIAN_POINT('',(7.999999999999999,8.0,-17.270500000000006));
#5403=CARTESIAN_POINT('',(7.999999999999999,7.000000000000002,-17.270500000000006));
#5404=CARTESIAN_POINT('',(9.229499999999998,8.0,-17.270500000000009));
#5405=CARTESIAN_POINT('',(9.229499999999998,7.000000000000002,-17.270500000000009));
#5406=CARTESIAN_POINT('',(9.229499999999998,8.0,-18.500000000000007));
#5407=CARTESIAN_POINT('',(9.229499999999998,7.000000000000002,-18.500000000000007));
#5408=CARTESIAN_POINT('',(9.229499999999998,8.0,-19.729500000000005));
#5409=CARTESIAN_POINT('',(9.229499999999998,7.000000000000002,-19.729500000000005));
#5410=CARTESIAN_POINT('',(7.999999999999999,8.0,-19.729500000000009));
#5411=CARTESIAN_POINT('',(7.999999999999999,7.000000000000002,-19.729500000000009));
#5412=CARTESIAN_POINT('',(6.770499999999999,8.0,-19.729500000000005));
#5413=CARTESIAN_POINT('',(6.770499999999999,7.000000000000002,-19.729500000000005));
#5414=CARTESIAN_POINT('',(6.770499999999999,8.0,-18.500000000000007));
#5415=CARTESIAN_POINT('',(6.770499999999999,7.000000000000002,-18.500000000000007));
#5423=(BOUNDED_SURFACE()B_SPLINE_SURFACE(1,2,((#5398,#5400,#5402,#5404,#5406,#5408,#5410,#5412,#5414),(#5399,#5401,#5403,#5405,#5407,#5409,#5411,#5413,#5415)),.UNSPECIFIED.,.F.,.T.,.U.)B_SPLINE_SURFACE_WITH_KNOTS((2,2),(3,2,2,2,3),(-3.253355022366816,-2.440016266775113),(0.0,1.931294083794325,3.862588167588651,5.793882251382976,7.725176335177301),.UNSPECIFIED.)GEOMETRIC_REPRESENTATION_ITEM()RATIONAL_B_SPLINE_SURFACE(((1.0,0.707106781186548,1.0,0.707106781186548,1.0,0.707106781186548,1.0,0.707106781186548,1.0),(1.0,0.707106781186548,1.0,0.707106781186548,1.0,0.707106781186548,1.0,0.707106781186548,1.0)))REPRESENTATION_ITEM('')SURFACE());
#5424=CARTESIAN_POINT('',(9.229500000000000,8.0,-18.500000000000007));
#5425=VERTEX_POINT('',#5424);
#5426=CARTESIAN_POINT('',(7.999999999999999,8.0,-18.500000000000007));
#5427=DIRECTION('',(0.0,-1.0,0.0));
#5428=DIRECTION('',(1.0,0.0,0.0));
#5429=AXIS2_PLACEMENT_3D('',#5426,#5427,#5428);
#5430=CIRCLE('',#5429,1.229500000000000);
#5431=EDGE_CURVE('',#5425,#5425,#5430,.T.);
#5432=ORIENTED_EDGE('',*,*,#5431,.F.);
#5433=EDGE_LOOP('',(#5432));
#5434=FACE_OUTER_BOUND('',#5433,.T.);
#5435=CARTESIAN_POINT('',(6.770499999999999,7.000000000000002,-18.500000000000007));
#5436=VERTEX_POINT('',#5435);
#5437=CARTESIAN_POINT('',(7.999999999999999,7.000000000000002,-18.500000000000007));
#5438=DIRECTION('',(0.0,-1.0,0.0));
#5439=DIRECTION('',(1.0,0.0,0.0));
#5440=AXIS2_PLACEMENT_3D('',#5437,#5438,#5439);
#5441=CIRCLE('',#5440,1.229500000000000);
#5442=EDGE_CURVE('',#5436,#5436,#5441,.T.);
#5443=ORIENTED_EDGE('',*,*,#5442,.T.);
#5444=EDGE_LOOP('',(#5443));
#5445=FACE_BOUND('',#5444,.T.);
#5446=ADVANCED_FACE('',(#5434,#5445),#5423,.F.);
#5447=CARTESIAN_POINT('',(7.999999999999999,7.500000000000002,-18.500000000000007));
#5448=DIRECTION('',(0.0,-1.0,0.0));
#5449=DIRECTION('',(0.0,0.0,1.0));
#5450=AXIS2_PLACEMENT_3D('',#5447,#5448,#5449);
#5451=CYLINDRICAL_SURFACE('',#5450,1.150000000000000);
#5452=CARTESIAN_POINT('',(7.999999999999999,8.0,-17.350000000000005));
#5453=VERTEX_POINT('',#5452);
#5454=CARTESIAN_POINT('',(7.999999999999999,8.0,-18.500000000000007));
#5455=DIRECTION('',(0.0,-1.0,0.0));
#5456=DIRECTION('',(0.0,0.0,1.0));
#5457=AXIS2_PLACEMENT_3D('',#5454,#5455,#5456);
#5458=CIRCLE('',#5457,1.150000000000000);
#5459=EDGE_CURVE('',#5453,#5453,#5458,.T.);
#5460=ORIENTED_EDGE('',*,*,#5459,.T.);
#5461=EDGE_LOOP('',(#5460));
#5462=FACE_OUTER_BOUND('',#5461,.T.);
#5463=CARTESIAN_POINT('',(7.999999999999999,7.000000000000002,-17.350000000000005));
#5464=VERTEX_POINT('',#5463);
#5465=CARTESIAN_POINT('',(7.999999999999999,7.000000000000002,-18.500000000000007));
#5466=DIRECTION('',(0.0,-1.0,0.0));
#5467=DIRECTION('',(0.0,0.0,1.0));
#5468=AXIS2_PLACEMENT_3D('',#5465,#5466,#5467);
#5469=CIRCLE('',#5468,1.150000000000000);
#5470=EDGE_CURVE('',#5464,#5464,#5469,.T.);
#5471=ORIENTED_EDGE('',*,*,#5470,.F.);
#5472=EDGE_LOOP('',(#5471));
#5473=FACE_BOUND('',#5472,.T.);
#5474=ADVANCED_FACE('',(#5462,#5473),#5451,.T.);
#5475=CARTESIAN_POINT('',(7.999999999999999,8.0,-18.500000000000007));
#5476=DIRECTION('',(0.0,1.0,0.0));
#5477=DIRECTION('',(0.0,0.0,1.0));
#5478=AXIS2_PLACEMENT_3D('',#5475,#5476,#5477);
#5479=PLANE('',#5478);
#5480=ORIENTED_EDGE('',*,*,#5431,.T.);
#5481=EDGE_LOOP('',(#5480));
#5482=FACE_OUTER_BOUND('',#5481,.T.);
#5483=ORIENTED_EDGE('',*,*,#5459,.F.);
#5484=EDGE_LOOP('',(#5483));
#5485=FACE_BOUND('',#5484,.T.);
#5486=ADVANCED_FACE('',(#5482,#5485),#5479,.F.);
#5487=CARTESIAN_POINT('',(7.999999999999999,7.000000000000002,-17.175000000000004));
#5488=DIRECTION('',(0.0,-1.0,0.0));
#5489=DIRECTION('',(0.0,0.0,-1.0));
#5490=AXIS2_PLACEMENT_3D('',#5487,#5488,#5489);
#5491=PLANE('',#5490);
#5492=ORIENTED_EDGE('',*,*,#5442,.F.);
#5493=EDGE_LOOP('',(#5492));
#5494=FACE_OUTER_BOUND('',#5493,.T.);
#5495=ORIENTED_EDGE('',*,*,#5470,.T.);
#5496=EDGE_LOOP('',(#5495));
#5497=FACE_BOUND('',#5496,.T.);
#5498=ADVANCED_FACE('',(#5494,#5497),#5491,.F.);
#5499=CLOSED_SHELL('',(#5446,#5474,#5486,#5498));
#5500=MANIFOLD_SOLID_BREP('',#5499);
#5501=STYLED_ITEM('',(#2435),#5163);
#5502=STYLED_ITEM('',(#2435),#5246);
#5503=STYLED_ITEM('',(#2435),#5373);
#5504=STYLED_ITEM('',(#2435),#5500);
#5505=ADVANCED_BREP_SHAPE_REPRESENTATION('ABSR',(#5163,#5246,#5373,#5500),#2483);
#5506=SHAPE_REPRESENTATION_RELATIONSHIP('SRR','None',#5505,#2488);
#5507=AXIS2_PLACEMENT_3D('',#5508,#5509,#5510);
#5508=CARTESIAN_POINT('',(-18.500618488021988,-2.502885641872756,18.500586020336996));
#5509=DIRECTION('',(-0.000000875408816,0.000064748526162,0.999999997903431));
#5510=DIRECTION('',(0.999999997903435,-0.000064748412527,0.000000879601181));
#5511=NEXT_ASSEMBLY_USAGE_OCCURRENCE('MHGT254-M02-13001-S01:1','MHGT254-M02-13001-S01:1','MHGT254-M02-13001-S01:1',#12,#2459,'MHGT254-M02-13001-S01:1');
#5512=PRODUCT_DEFINITION_SHAPE('MHGT254-M02-13001-S01:1','MHGT254-M02-13001-S01:1',#5511);
#5513=ITEM_DEFINED_TRANSFORMATION('MHGT254-M02-13001-S01:1','MHGT254-M02-13001-S01:1',#2484,#5507);
#5517=(REPRESENTATION_RELATIONSHIP('MHGT254-M02-13001-S01:1','MHGT254-M02-13001-S01:1',#2488,#41)REPRESENTATION_RELATIONSHIP_WITH_TRANSFORMATION(#5513)SHAPE_REPRESENTATION_RELATIONSHIP());
#5518=CONTEXT_DEPENDENT_SHAPE_REPRESENTATION(#5517,#5512);
ENDSEC;
END-ISO-10303-21;
