ISO-10303-21;
HEADER;
/****************************************************************
 * Generated by software with PDE/Lib inside                    *
 * PDElib Version v51a, created Thu 12/14/2006                  *
 * International Technegroup Inc. (www.iti-oh.com)              *
 ****************************************************************/
FILE_DESCRIPTION((''),'2;1');
FILE_NAME('Z:\\3DDATA\\2_OpticalHard\\01_\X2\56FD518588FD54C1\X0\\\3_Bases\\CAA\\CAA-60LS\\CAA-60LS.stp','2010-04-14T14:20:17',('okegawa'),(''),'Autodesk Inventor 2008','Autodesk Inventor 2008','');
FILE_SCHEMA(('AUTOMOTIVE_DESIGN { 1 0 10303 214 1 1 1 1 }'));
ENDSEC;
DATA;
#5=APPLICATION_CONTEXT('automotive design');
#6=APPLICATION_PROTOCOL_DEFINITION('International Standard','automotive_design',2001,#5);
#7=PRODUCT_CONTEXT('',#5,'mechanical');
#8=PRODUCT('CAA-60LS-C1-S03','CAA-60LS-C1-S03',$,(#7));
#9=PRODUCT_RELATED_PRODUCT_CATEGORY('part',$,(#8));
#10=PRODUCT_DEFINITION_FORMATION('',$,#8);
#11=PRODUCT_DEFINITION_CONTEXT('part definition',#5,'design');
#12=PRODUCT_DEFINITION('',$,#10,#11);
#18=(NAMED_UNIT(*)PLANE_ANGLE_UNIT()SI_UNIT($,.RADIAN.));
#19=DIMENSIONAL_EXPONENTS(0.0,0.0,0.0,0.0,0.0,0.0,0.0);
#20=PLANE_ANGLE_MEASURE_WITH_UNIT(PLANE_ANGLE_MEASURE(0.017453292500000),#18);
#24=(CONVERSION_BASED_UNIT('DEGREE',#20)NAMED_UNIT(#19)PLANE_ANGLE_UNIT());
#28=(NAMED_UNIT(*)SI_UNIT($,.STERADIAN.)SOLID_ANGLE_UNIT());
#32=(LENGTH_UNIT()NAMED_UNIT(*)SI_UNIT(.MILLI.,.METRE.));
#34=UNCERTAINTY_MEASURE_WITH_UNIT(LENGTH_MEASURE(0.010000000000000),#32,'DISTANCE_ACCURACY_VALUE','');
#36=(GEOMETRIC_REPRESENTATION_CONTEXT(3)GLOBAL_UNCERTAINTY_ASSIGNED_CONTEXT((#34))GLOBAL_UNIT_ASSIGNED_CONTEXT((#24,#28,#32))REPRESENTATION_CONTEXT('None','None'));
#37=AXIS2_PLACEMENT_3D('',#38,#39,#40);
#38=CARTESIAN_POINT('',(0.0,0.0,0.0));
#39=DIRECTION('',(0.0,0.0,1.0));
#40=DIRECTION('',(1.0,0.0,0.0));
#41=SHAPE_REPRESENTATION('',(#37),#36);
#42=PRODUCT_DEFINITION_SHAPE('','',#12);
#43=SHAPE_DEFINITION_REPRESENTATION(#42,#41);
#49=(NAMED_UNIT(*)PLANE_ANGLE_UNIT()SI_UNIT($,.RADIAN.));
#50=DIMENSIONAL_EXPONENTS(0.0,0.0,0.0,0.0,0.0,0.0,0.0);
#51=PLANE_ANGLE_MEASURE_WITH_UNIT(PLANE_ANGLE_MEASURE(0.017453292500000),#49);
#55=(CONVERSION_BASED_UNIT('DEGREE',#51)NAMED_UNIT(#50)PLANE_ANGLE_UNIT());
#59=(NAMED_UNIT(*)SI_UNIT($,.STERADIAN.)SOLID_ANGLE_UNIT());
#63=(LENGTH_UNIT()NAMED_UNIT(*)SI_UNIT(.MILLI.,.METRE.));
#65=UNCERTAINTY_MEASURE_WITH_UNIT(LENGTH_MEASURE(0.000001000000000),#63,'DISTANCE_ACCURACY_VALUE','');
#67=(GEOMETRIC_REPRESENTATION_CONTEXT(3)GLOBAL_UNCERTAINTY_ASSIGNED_CONTEXT((#65))GLOBAL_UNIT_ASSIGNED_CONTEXT((#55,#59,#63))REPRESENTATION_CONTEXT('','3D'));
#68=CARTESIAN_POINT('',(5.900563E-014,-51.700000000000003,-18.100000000000037));
#69=DIRECTION('',(0.0,0.0,1.0));
#70=DIRECTION('',(0.639098519990206,0.769124880462418,0.0));
#71=AXIS2_PLACEMENT_3D('',#68,#69,#70);
#72=PLANE('',#71);
#73=CARTESIAN_POINT('',(9.496898E-014,-50.500000000000000,-18.100000000000037));
#74=VERTEX_POINT('',#73);
#75=CARTESIAN_POINT('',(9.963213E-014,-52.900000000000006,-18.100000000000037));
#76=VERTEX_POINT('',#75);
#77=CARTESIAN_POINT('',(9.496898E-014,-50.500000000000000,-18.100000000000037));
#78=DIRECTION('',(0.0,-1.0,0.0));
#79=VECTOR('',#78,2.400000000000006);
#80=LINE('',#77,#79);
#81=EDGE_CURVE('',#74,#76,#80,.T.);
#82=ORIENTED_EDGE('',*,*,#81,.F.);
#83=CARTESIAN_POINT('',(5.900563E-014,-51.700000000000003,-18.100000000000037));
#84=DIRECTION('',(-5.778268E-016,-6.953872E-016,-1.000000000000000));
#85=DIRECTION('',(0.639098519990205,0.769124880462418,-9.041278E-016));
#86=AXIS2_PLACEMENT_3D('',#83,#84,#85);
#87=CIRCLE('',#86,1.200000000000000);
#88=EDGE_CURVE('',#76,#74,#87,.T.);
#89=ORIENTED_EDGE('',*,*,#88,.F.);
#90=EDGE_LOOP('',(#82,#89));
#91=FACE_OUTER_BOUND('',#90,.T.);
#92=ADVANCED_FACE('',(#91),#72,.T.);
#93=CARTESIAN_POINT('',(5.280525E-014,-51.700000000000003,-24.100000000000037));
#94=DIRECTION('',(1.033396E-015,3.168351E-016,1.000000000000000));
#95=DIRECTION('',(0.639098519990205,0.769124880462418,-9.041278E-016));
#96=AXIS2_PLACEMENT_3D('',#93,#94,#95);
#97=CYLINDRICAL_SURFACE('',#96,1.500000000000000);
#98=CARTESIAN_POINT('',(-0.958647779985250,-52.853687320693624,-18.400000000000034));
#99=VERTEX_POINT('',#98);
#100=CARTESIAN_POINT('',(5.869561E-014,-51.700000000000003,-18.400000000000034));
#101=DIRECTION('',(5.778268E-016,6.953872E-016,1.000000000000000));
#102=DIRECTION('',(0.639098519990205,0.769124880462418,-9.041278E-016));
#103=AXIS2_PLACEMENT_3D('',#100,#101,#102);
#104=CIRCLE('',#103,1.500000000000000);
#105=EDGE_CURVE('',#99,#99,#104,.T.);
#106=ORIENTED_EDGE('',*,*,#105,.F.);
#107=EDGE_LOOP('',(#106));
#108=FACE_OUTER_BOUND('',#107,.T.);
#109=CARTESIAN_POINT('',(-1.499999999999943,-51.700000000000003,-18.983140648667721));
#110=VERTEX_POINT('',#109);
#111=CARTESIAN_POINT('',(-1.499999999999942,-51.699999999999989,-18.983140648667721));
#112=CARTESIAN_POINT('',(-1.499999999999943,-51.484206883923683,-18.983140648667721));
#113=CARTESIAN_POINT('',(-1.450115237106754,-51.255698908190965,-19.010491010561392));
#114=CARTESIAN_POINT('',(-1.353504670210115,-51.053451387968963,-19.054746200220823));
#115=CARTESIAN_POINT('',(-1.287844923201680,-50.915997262220301,-19.084823495595327));
#116=CARTESIAN_POINT('',(-1.201279093935348,-50.790157493821305,-19.121632253918108));
#117=CARTESIAN_POINT('',(-1.103379544134376,-50.683853562922309,-19.156968037383745));
#118=CARTESIAN_POINT('',(-1.030593923799625,-50.604819516593849,-19.183239219680186));
#119=CARTESIAN_POINT('',(-0.950075412779493,-50.533916634916011,-19.209471534034122));
#120=CARTESIAN_POINT('',(-0.858800483954578,-50.470178171945513,-19.234479498857734));
#121=CARTESIAN_POINT('',(-0.683371093803166,-50.347673560525308,-19.282544526948300));
#122=CARTESIAN_POINT('',(-0.473510183070309,-50.260204063854054,-19.322482446675572));
#123=CARTESIAN_POINT('',(-0.259474832400137,-50.222612843107505,-19.339625412196760));
#124=CARTESIAN_POINT('',(-0.077874556905292,-50.190718223726243,-19.354170520057210));
#125=CARTESIAN_POINT('',(0.101055061187637,-50.192052727482633,-19.353528187861727));
#126=CARTESIAN_POINT('',(0.282458864394262,-50.226834364395792,-19.337702424548198));
#127=CARTESIAN_POINT('',(0.476170132260075,-50.263975785169769,-19.320802951537061));
#128=CARTESIAN_POINT('',(0.665469712460579,-50.341666676507785,-19.285568856979019));
#129=CARTESIAN_POINT('',(0.827855684137070,-50.449138310506704,-19.242794133608207));
#130=CARTESIAN_POINT('',(0.921047579531318,-50.510815345598317,-19.218246092267346));
#131=CARTESIAN_POINT('',(1.004590471506102,-50.581008181338802,-19.191836813247185));
#132=CARTESIAN_POINT('',(1.078609045315581,-50.657597713277866,-19.165795578208641));
#133=CARTESIAN_POINT('',(1.239033051840466,-50.823593880714924,-19.109355160017220));
#134=CARTESIAN_POINT('',(1.370470216109783,-51.042401085317074,-19.047924860068544));
#135=CARTESIAN_POINT('',(1.439623646536407,-51.278711789467842,-19.013757669459402));
#136=CARTESIAN_POINT('',(1.478160095519199,-51.410398320973414,-18.994717656698334));
#137=CARTESIAN_POINT('',(1.498019606501939,-51.547059028538953,-18.984170858281836));
#138=CARTESIAN_POINT('',(1.499855205868939,-51.679158660599242,-18.983215975508617));
#139=CARTESIAN_POINT('',(1.501778825796908,-51.817592727028412,-18.982215304248612));
#140=CARTESIAN_POINT('',(1.484270586026936,-51.959996469664411,-18.991584205018960));
#141=CARTESIAN_POINT('',(1.446081780284174,-52.098556752207664,-19.010557933580849));
#142=CARTESIAN_POINT('',(1.380480657868317,-52.336577027529280,-19.043151199221519));
#143=CARTESIAN_POINT('',(1.251840695831064,-52.558495783611569,-19.104005232567118));
#144=CARTESIAN_POINT('',(1.092418855816946,-52.727920737924727,-19.160901998342293));
#145=CARTESIAN_POINT('',(1.011207330057138,-52.814227978139357,-19.189885939055756));
#146=CARTESIAN_POINT('',(0.919268261197147,-52.891770389584991,-19.219135141926493));
#147=CARTESIAN_POINT('',(0.815196258941472,-52.959148545409924,-19.246101565335749));
#148=CARTESIAN_POINT('',(0.623509616331991,-53.083250053936396,-19.295770093416984));
#149=CARTESIAN_POINT('',(0.394973331896112,-53.164972964971668,-19.333903105675049));
#150=CARTESIAN_POINT('',(0.168047832337079,-53.190556918083580,-19.345652465383033));
#151=CARTESIAN_POINT('',(0.023243767793236,-53.206882365884304,-19.353149882133508));
#152=CARTESIAN_POINT('',(-0.118825959176313,-53.202508015704964,-19.351076802920236));
#153=CARTESIAN_POINT('',(-0.263674059050733,-53.176643487976598,-19.339286339702593));
#154=CARTESIAN_POINT('',(-0.478731788182812,-53.138242110235652,-19.321780896088210));
#155=CARTESIAN_POINT('',(-0.689305814776651,-53.049446643997236,-19.281275465264265));
#156=CARTESIAN_POINT('',(-0.864828790209212,-52.925590128723783,-19.232821597797315));
#157=CARTESIAN_POINT('',(-1.004646661058424,-52.826928661678458,-19.194224277036639));
#158=CARTESIAN_POINT('',(-1.119963845957074,-52.712306947283544,-19.152812503798646));
#159=CARTESIAN_POINT('',(-1.219296251458020,-52.573679947795696,-19.112609608160412));
#160=CARTESIAN_POINT('',(-1.351424075282071,-52.389284093560462,-19.059133392767087));
#161=CARTESIAN_POINT('',(-1.444465154853444,-52.165485496195373,-19.011650249346374));
#162=CARTESIAN_POINT('',(-1.481023089971207,-51.937845762989305,-18.992934601226253));
#163=CARTESIAN_POINT('',(-1.493829466487697,-51.858102743473587,-18.986378442192535));
#164=CARTESIAN_POINT('',(-1.499999999999943,-51.778170763013463,-18.983140648667721));
#165=CARTESIAN_POINT('',(-1.499999999999943,-51.699999999999989,-18.983140648667721));
#166=B_SPLINE_CURVE_WITH_KNOTS('',3,(#111,#112,#113,#114,#115,#116,#117,#118,#119,#120,#121,#122,#123,#124,#125,#126,#127,#128,#129,#130,#131,#132,#133,#134,#135,#136,#137,#138,#139,#140,#141,#142,#143,#144,#145,#146,#147,#148,#149,#150,#151,#152,#153,#154,#155,#156,#157,#158,#159,#160,#161,#162,#163,#164,#165),.UNSPECIFIED.,.T.,.U.,(4,3,3,3,3,3,3,3,3,3,3,3,3,3,3,3,3,3,4),(0.0,0.064737934822891,0.108735983471827,0.141447321480447,0.204318146489761,0.257661480226597,0.314623928795449,0.347314182107504,0.418165336631663,0.457647859549876,0.499023646258779,0.570099397284525,0.606306294562928,0.672994533745190,0.715549152373898,0.778730510322713,0.829059436914772,0.896004876446546,0.919456105350588),.UNSPECIFIED.);
#167=EDGE_CURVE('',#110,#110,#166,.T.);
#168=ORIENTED_EDGE('',*,*,#167,.F.);
#169=EDGE_LOOP('',(#168));
#170=FACE_BOUND('',#169,.T.);
#171=ADVANCED_FACE('',(#108,#170),#97,.T.);
#172=CARTESIAN_POINT('',(5.289474E-014,-51.700000000000003,-24.013397459621594));
#173=DIRECTION('',(1.033396E-015,3.168351E-016,1.000000000000000));
#174=DIRECTION('',(0.639098519990205,0.769124880462418,-9.041278E-016));
#175=AXIS2_PLACEMENT_3D('',#172,#173,#174);
#176=CONICAL_SURFACE('',#175,1.350000000000000,60.000000000000021);
#177=CARTESIAN_POINT('',(-0.766918223988194,-52.622949856554904,-24.100000000000037));
#178=VERTEX_POINT('',#177);
#179=CARTESIAN_POINT('',(5.280525E-014,-51.700000000000003,-24.100000000000037));
#180=DIRECTION('',(5.778268E-016,6.953872E-016,1.000000000000000));
#181=DIRECTION('',(0.639098519990205,0.769124880462418,-9.041278E-016));
#182=AXIS2_PLACEMENT_3D('',#179,#180,#181);
#183=CIRCLE('',#182,1.200000000000000);
#184=EDGE_CURVE('',#178,#178,#183,.T.);
#185=ORIENTED_EDGE('',*,*,#184,.T.);
#186=EDGE_LOOP('',(#185));
#187=FACE_OUTER_BOUND('',#186,.T.);
#188=CARTESIAN_POINT('',(1.229500000000053,-51.700000000000003,-24.082968167058954));
#189=VERTEX_POINT('',#188);
#190=CARTESIAN_POINT('',(5.280525E-014,-51.700000000000003,-24.082968167058954));
#191=DIRECTION('',(0.0,0.0,1.0));
#192=DIRECTION('',(-1.0,0.0,0.0));
#193=AXIS2_PLACEMENT_3D('',#190,#191,#192);
#194=CIRCLE('',#193,1.229500000000000);
#195=EDGE_CURVE('',#189,#189,#194,.T.);
#196=ORIENTED_EDGE('',*,*,#195,.F.);
#197=EDGE_LOOP('',(#196));
#198=FACE_BOUND('',#197,.T.);
#199=ADVANCED_FACE('',(#187,#198),#176,.T.);
#200=CARTESIAN_POINT('',(5.885062E-014,-51.700000000000003,-18.250000000000036));
#201=DIRECTION('',(-1.033396E-015,-3.168351E-016,-1.000000000000000));
#202=DIRECTION('',(0.639098519990205,0.769124880462418,-9.041278E-016));
#203=AXIS2_PLACEMENT_3D('',#200,#201,#202);
#204=CONICAL_SURFACE('',#203,1.350000000000000,44.999999999999964);
#205=ORIENTED_EDGE('',*,*,#88,.T.);
#206=CARTESIAN_POINT('',(5.900563E-014,-51.700000000000003,-18.100000000000037));
#207=DIRECTION('',(-5.778268E-016,-6.953872E-016,-1.000000000000000));
#208=DIRECTION('',(0.639098519990205,0.769124880462418,-9.041278E-016));
#209=AXIS2_PLACEMENT_3D('',#206,#207,#208);
#210=CIRCLE('',#209,1.200000000000000);
#211=EDGE_CURVE('',#74,#76,#210,.T.);
#212=ORIENTED_EDGE('',*,*,#211,.T.);
#213=EDGE_LOOP('',(#205,#212));
#214=FACE_OUTER_BOUND('',#213,.T.);
#215=ORIENTED_EDGE('',*,*,#105,.T.);
#216=EDGE_LOOP('',(#215));
#217=FACE_BOUND('',#216,.T.);
#218=ADVANCED_FACE('',(#214,#217),#204,.T.);
#219=CARTESIAN_POINT('',(5.900563E-014,-51.700000000000003,-18.100000000000037));
#220=DIRECTION('',(0.0,0.0,1.0));
#221=DIRECTION('',(0.639098519990206,0.769124880462418,0.0));
#222=AXIS2_PLACEMENT_3D('',#219,#220,#221);
#223=PLANE('',#222);
#224=ORIENTED_EDGE('',*,*,#81,.T.);
#225=ORIENTED_EDGE('',*,*,#211,.F.);
#226=EDGE_LOOP('',(#224,#225));
#227=FACE_OUTER_BOUND('',#226,.T.);
#228=ADVANCED_FACE('',(#227),#223,.T.);
#229=CARTESIAN_POINT('',(5.280525E-014,-51.700000000000003,-24.100000000000037));
#230=DIRECTION('',(0.0,0.0,1.0));
#231=DIRECTION('',(0.639098519990206,0.769124880462418,0.0));
#232=AXIS2_PLACEMENT_3D('',#229,#230,#231);
#233=PLANE('',#232);
#234=ORIENTED_EDGE('',*,*,#184,.F.);
#235=EDGE_LOOP('',(#234));
#236=FACE_OUTER_BOUND('',#235,.T.);
#237=CARTESIAN_POINT('',(0.853376273059337,-51.847475206660121,-24.100000000000037));
#238=VERTEX_POINT('',#237);
#239=CARTESIAN_POINT('',(0.554405411925723,-51.034692071873835,-24.100000000000037));
#240=VERTEX_POINT('',#239);
#241=CARTESIAN_POINT('',(0.853376273059337,-51.847475206660121,-24.100000000000037));
#242=DIRECTION('',(-0.345221814310694,0.938521123323302,0.0));
#243=VECTOR('',#242,0.866025403784437);
#244=LINE('',#241,#243);
#245=EDGE_CURVE('',#238,#240,#244,.T.);
#246=ORIENTED_EDGE('',*,*,#245,.T.);
#247=CARTESIAN_POINT('',(-0.298970861133561,-50.887216865213709,-24.100000000000037));
#248=VERTEX_POINT('',#247);
#249=CARTESIAN_POINT('',(0.554405411925723,-51.034692071873835,-24.100000000000037));
#250=DIRECTION('',(-0.985394041941634,0.170289700528038,0.0));
#251=VECTOR('',#250,0.866025403784439);
#252=LINE('',#249,#251);
#253=EDGE_CURVE('',#240,#248,#252,.T.);
#254=ORIENTED_EDGE('',*,*,#253,.T.);
#255=CARTESIAN_POINT('',(-0.853376273059231,-51.552524793339877,-24.100000000000037));
#256=VERTEX_POINT('',#255);
#257=CARTESIAN_POINT('',(-0.298970861133561,-50.887216865213709,-24.100000000000037));
#258=DIRECTION('',(-0.640172227630939,-0.768231422795267,0.0));
#259=VECTOR('',#258,0.866025403784442);
#260=LINE('',#257,#259);
#261=EDGE_CURVE('',#248,#256,#260,.T.);
#262=ORIENTED_EDGE('',*,*,#261,.T.);
#263=CARTESIAN_POINT('',(-0.554405411925617,-52.365307928126164,-24.100000000000037));
#264=VERTEX_POINT('',#263);
#265=CARTESIAN_POINT('',(-0.853376273059231,-51.552524793339877,-24.100000000000037));
#266=DIRECTION('',(0.345221814310693,-0.938521123323302,0.0));
#267=VECTOR('',#266,0.866025403784437);
#268=LINE('',#265,#267);
#269=EDGE_CURVE('',#256,#264,#268,.T.);
#270=ORIENTED_EDGE('',*,*,#269,.T.);
#271=CARTESIAN_POINT('',(0.298970861133667,-52.512783134786289,-24.100000000000037));
#272=VERTEX_POINT('',#271);
#273=CARTESIAN_POINT('',(-0.554405411925617,-52.365307928126164,-24.100000000000037));
#274=DIRECTION('',(0.985394041941634,-0.170289700528038,0.0));
#275=VECTOR('',#274,0.866025403784439);
#276=LINE('',#273,#275);
#277=EDGE_CURVE('',#264,#272,#276,.T.);
#278=ORIENTED_EDGE('',*,*,#277,.T.);
#279=CARTESIAN_POINT('',(0.298970861133667,-52.512783134786289,-24.100000000000037));
#280=DIRECTION('',(0.640172227630939,0.768231422795267,0.0));
#281=VECTOR('',#280,0.866025403784442);
#282=LINE('',#279,#281);
#283=EDGE_CURVE('',#272,#238,#282,.T.);
#284=ORIENTED_EDGE('',*,*,#283,.T.);
#285=EDGE_LOOP('',(#246,#254,#262,#270,#278,#284));
#286=FACE_BOUND('',#285,.T.);
#287=ADVANCED_FACE('',(#236,#286),#233,.F.);
#288=CARTESIAN_POINT('',(0.554405411925723,-51.034692071873835,-24.100000000000037));
#289=DIRECTION('',(0.938521123323303,0.345221814310693,-1.079243E-015));
#290=DIRECTION('',(0.0,0.0,-1.0));
#291=AXIS2_PLACEMENT_3D('',#288,#289,#290);
#292=PLANE('',#291);
#293=CARTESIAN_POINT('',(0.554405411925724,-51.034692071873835,-22.900000000000034));
#294=VERTEX_POINT('',#293);
#295=CARTESIAN_POINT('',(0.853376273059339,-51.847475206660121,-22.900000000000034));
#296=VERTEX_POINT('',#295);
#297=CARTESIAN_POINT('',(0.554405411925724,-51.034692071873835,-22.900000000000034));
#298=DIRECTION('',(0.345221814310694,-0.938521123323302,0.0));
#299=VECTOR('',#298,0.866025403784437);
#300=LINE('',#297,#299);
#301=EDGE_CURVE('',#294,#296,#300,.T.);
#302=ORIENTED_EDGE('',*,*,#301,.F.);
#303=CARTESIAN_POINT('',(0.554405411925723,-51.034692071873835,-24.100000000000037));
#304=DIRECTION('',(0.0,0.0,1.0));
#305=VECTOR('',#304,1.200000000000003);
#306=LINE('',#303,#305);
#307=EDGE_CURVE('',#240,#294,#306,.T.);
#308=ORIENTED_EDGE('',*,*,#307,.F.);
#309=ORIENTED_EDGE('',*,*,#245,.F.);
#310=CARTESIAN_POINT('',(0.853376273059337,-51.847475206660121,-24.100000000000037));
#311=DIRECTION('',(0.0,0.0,1.0));
#312=VECTOR('',#311,1.200000000000003);
#313=LINE('',#310,#312);
#314=EDGE_CURVE('',#238,#296,#313,.T.);
#315=ORIENTED_EDGE('',*,*,#314,.T.);
#316=EDGE_LOOP('',(#302,#308,#309,#315));
#317=FACE_OUTER_BOUND('',#316,.T.);
#318=ADVANCED_FACE('',(#317),#292,.F.);
#319=CARTESIAN_POINT('',(0.853376273059337,-51.847475206660121,-24.100000000000037));
#320=DIRECTION('',(0.768231422795265,-0.640172227630942,-5.910585E-016));
#321=DIRECTION('',(0.0,0.0,1.0));
#322=AXIS2_PLACEMENT_3D('',#319,#320,#321);
#323=PLANE('',#322);
#324=CARTESIAN_POINT('',(0.298970861133668,-52.512783134786289,-22.900000000000034));
#325=VERTEX_POINT('',#324);
#326=CARTESIAN_POINT('',(0.853376273059339,-51.847475206660121,-22.900000000000034));
#327=DIRECTION('',(-0.640172227630939,-0.768231422795267,0.0));
#328=VECTOR('',#327,0.866025403784442);
#329=LINE('',#326,#328);
#330=EDGE_CURVE('',#296,#325,#329,.T.);
#331=ORIENTED_EDGE('',*,*,#330,.F.);
#332=ORIENTED_EDGE('',*,*,#314,.F.);
#333=ORIENTED_EDGE('',*,*,#283,.F.);
#334=CARTESIAN_POINT('',(0.298970861133667,-52.512783134786289,-24.100000000000037));
#335=DIRECTION('',(0.0,0.0,1.0));
#336=VECTOR('',#335,1.200000000000003);
#337=LINE('',#334,#336);
#338=EDGE_CURVE('',#272,#325,#337,.T.);
#339=ORIENTED_EDGE('',*,*,#338,.T.);
#340=EDGE_LOOP('',(#331,#332,#333,#339));
#341=FACE_OUTER_BOUND('',#340,.T.);
#342=ADVANCED_FACE('',(#341),#323,.F.);
#343=CARTESIAN_POINT('',(0.298970861133667,-52.512783134786289,-24.100000000000037));
#344=DIRECTION('',(-0.170289700528037,-0.985394041941634,4.881842E-016));
#345=DIRECTION('',(0.0,0.0,1.0));
#346=AXIS2_PLACEMENT_3D('',#343,#344,#345);
#347=PLANE('',#346);
#348=CARTESIAN_POINT('',(-0.554405411925616,-52.365307928126164,-22.900000000000034));
#349=VERTEX_POINT('',#348);
#350=CARTESIAN_POINT('',(0.298970861133668,-52.512783134786289,-22.900000000000034));
#351=DIRECTION('',(-0.985394041941634,0.170289700528038,0.0));
#352=VECTOR('',#351,0.866025403784439);
#353=LINE('',#350,#352);
#354=EDGE_CURVE('',#325,#349,#353,.T.);
#355=ORIENTED_EDGE('',*,*,#354,.F.);
#356=ORIENTED_EDGE('',*,*,#338,.F.);
#357=ORIENTED_EDGE('',*,*,#277,.F.);
#358=CARTESIAN_POINT('',(-0.554405411925617,-52.365307928126164,-24.100000000000037));
#359=DIRECTION('',(0.0,0.0,1.0));
#360=VECTOR('',#359,1.200000000000003);
#361=LINE('',#358,#360);
#362=EDGE_CURVE('',#264,#349,#361,.T.);
#363=ORIENTED_EDGE('',*,*,#362,.T.);
#364=EDGE_LOOP('',(#355,#356,#357,#363));
#365=FACE_OUTER_BOUND('',#364,.T.);
#366=ADVANCED_FACE('',(#365),#347,.F.);
#367=CARTESIAN_POINT('',(-0.554405411925617,-52.365307928126164,-24.100000000000037));
#368=DIRECTION('',(-0.938521123323303,-0.345221814310693,1.079243E-015));
#369=DIRECTION('',(0.0,0.0,1.0));
#370=AXIS2_PLACEMENT_3D('',#367,#368,#369);
#371=PLANE('',#370);
#372=CARTESIAN_POINT('',(-0.853376273059230,-51.552524793339877,-22.900000000000034));
#373=VERTEX_POINT('',#372);
#374=CARTESIAN_POINT('',(-0.554405411925616,-52.365307928126164,-22.900000000000034));
#375=DIRECTION('',(-0.345221814310693,0.938521123323302,0.0));
#376=VECTOR('',#375,0.866025403784437);
#377=LINE('',#374,#376);
#378=EDGE_CURVE('',#349,#373,#377,.T.);
#379=ORIENTED_EDGE('',*,*,#378,.F.);
#380=ORIENTED_EDGE('',*,*,#362,.F.);
#381=ORIENTED_EDGE('',*,*,#269,.F.);
#382=CARTESIAN_POINT('',(-0.853376273059231,-51.552524793339877,-24.100000000000037));
#383=DIRECTION('',(0.0,0.0,1.0));
#384=VECTOR('',#383,1.200000000000003);
#385=LINE('',#382,#384);
#386=EDGE_CURVE('',#256,#373,#385,.T.);
#387=ORIENTED_EDGE('',*,*,#386,.T.);
#388=EDGE_LOOP('',(#379,#380,#381,#387));
#389=FACE_OUTER_BOUND('',#388,.T.);
#390=ADVANCED_FACE('',(#389),#371,.F.);
#391=CARTESIAN_POINT('',(-0.853376273059231,-51.552524793339877,-24.100000000000037));
#392=DIRECTION('',(-0.768231422795265,0.640172227630942,5.910585E-016));
#393=DIRECTION('',(0.0,0.0,-1.0));
#394=AXIS2_PLACEMENT_3D('',#391,#392,#393);
#395=PLANE('',#394);
#396=CARTESIAN_POINT('',(-0.298970861133560,-50.887216865213709,-22.900000000000034));
#397=VERTEX_POINT('',#396);
#398=CARTESIAN_POINT('',(-0.853376273059230,-51.552524793339877,-22.900000000000034));
#399=DIRECTION('',(0.640172227630939,0.768231422795268,0.0));
#400=VECTOR('',#399,0.866025403784442);
#401=LINE('',#398,#400);
#402=EDGE_CURVE('',#373,#397,#401,.T.);
#403=ORIENTED_EDGE('',*,*,#402,.F.);
#404=ORIENTED_EDGE('',*,*,#386,.F.);
#405=ORIENTED_EDGE('',*,*,#261,.F.);
#406=CARTESIAN_POINT('',(-0.298970861133561,-50.887216865213709,-24.100000000000037));
#407=DIRECTION('',(0.0,0.0,1.0));
#408=VECTOR('',#407,1.200000000000003);
#409=LINE('',#406,#408);
#410=EDGE_CURVE('',#248,#397,#409,.T.);
#411=ORIENTED_EDGE('',*,*,#410,.T.);
#412=EDGE_LOOP('',(#403,#404,#405,#411));
#413=FACE_OUTER_BOUND('',#412,.T.);
#414=ADVANCED_FACE('',(#413),#395,.F.);
#415=CARTESIAN_POINT('',(-0.298970861133561,-50.887216865213709,-24.100000000000037));
#416=DIRECTION('',(0.170289700528037,0.985394041941634,-4.881842E-016));
#417=DIRECTION('',(0.0,0.0,-1.0));
#418=AXIS2_PLACEMENT_3D('',#415,#416,#417);
#419=PLANE('',#418);
#420=CARTESIAN_POINT('',(-0.298970861133560,-50.887216865213709,-22.900000000000034));
#421=DIRECTION('',(0.985394041941634,-0.170289700528038,0.0));
#422=VECTOR('',#421,0.866025403784439);
#423=LINE('',#420,#422);
#424=EDGE_CURVE('',#397,#294,#423,.T.);
#425=ORIENTED_EDGE('',*,*,#424,.F.);
#426=ORIENTED_EDGE('',*,*,#410,.F.);
#427=ORIENTED_EDGE('',*,*,#253,.F.);
#428=ORIENTED_EDGE('',*,*,#307,.T.);
#429=EDGE_LOOP('',(#425,#426,#427,#428));
#430=FACE_OUTER_BOUND('',#429,.T.);
#431=ADVANCED_FACE('',(#430),#419,.F.);
#432=CARTESIAN_POINT('',(5.406524E-014,-51.700000000000003,-22.900000000000034));
#433=DIRECTION('',(0.0,0.0,-1.0));
#434=DIRECTION('',(-0.639098519990206,-0.769124880462418,0.0));
#435=AXIS2_PLACEMENT_3D('',#432,#433,#434);
#436=PLANE('',#435);
#437=ORIENTED_EDGE('',*,*,#301,.T.);
#438=ORIENTED_EDGE('',*,*,#330,.T.);
#439=ORIENTED_EDGE('',*,*,#354,.T.);
#440=ORIENTED_EDGE('',*,*,#378,.T.);
#441=ORIENTED_EDGE('',*,*,#402,.T.);
#442=ORIENTED_EDGE('',*,*,#424,.T.);
#443=EDGE_LOOP('',(#437,#438,#439,#440,#441,#442));
#444=FACE_OUTER_BOUND('',#443,.T.);
#445=ADVANCED_FACE('',(#444),#436,.T.);
#446=CARTESIAN_POINT('',(-10.499999999999947,-22.699999999999982,-16.100000000000058));
#447=DIRECTION('',(0.0,0.707106781186558,-0.707106781186537));
#448=DIRECTION('',(-1.0,0.0,0.0));
#449=AXIS2_PLACEMENT_3D('',#446,#447,#448);
#450=PLANE('',#449);
#451=CARTESIAN_POINT('',(-10.499999999999947,-22.629289321881330,-16.029289321881400));
#452=VERTEX_POINT('',#451);
#453=CARTESIAN_POINT('',(10.500000000000057,-22.629289321881330,-16.029289321881400));
#454=VERTEX_POINT('',#453);
#455=CARTESIAN_POINT('',(-10.499999999999947,-22.629289321881330,-16.029289321881400));
#456=DIRECTION('',(1.0,0.0,0.0));
#457=VECTOR('',#456,21.000000000000004);
#458=LINE('',#455,#457);
#459=EDGE_CURVE('',#452,#454,#458,.T.);
#460=ORIENTED_EDGE('',*,*,#459,.T.);
#461=CARTESIAN_POINT('',(10.500000000000053,-22.699999999999982,-16.100000000000058));
#462=VERTEX_POINT('',#461);
#463=CARTESIAN_POINT('',(10.500000000000053,-22.699999999999982,-16.100000000000058));
#464=DIRECTION('',(3.552714E-014,0.707106781186512,0.707106781186583));
#465=VECTOR('',#464,0.100000000000000);
#466=LINE('',#463,#465);
#467=EDGE_CURVE('',#462,#454,#466,.T.);
#468=ORIENTED_EDGE('',*,*,#467,.F.);
#469=CARTESIAN_POINT('',(-10.499999999999947,-22.699999999999982,-16.100000000000058));
#470=VERTEX_POINT('',#469);
#471=CARTESIAN_POINT('',(10.500000000000053,-22.699999999999982,-16.100000000000058));
#472=DIRECTION('',(-1.0,0.0,0.0));
#473=VECTOR('',#472,21.0);
#474=LINE('',#471,#473);
#475=EDGE_CURVE('',#462,#470,#474,.T.);
#476=ORIENTED_EDGE('',*,*,#475,.T.);
#477=CARTESIAN_POINT('',(-10.499999999999947,-22.699999999999982,-16.100000000000058));
#478=DIRECTION('',(0.0,0.707106781186512,0.707106781186583));
#479=VECTOR('',#478,0.100000000000000);
#480=LINE('',#477,#479);
#481=EDGE_CURVE('',#470,#452,#480,.T.);
#482=ORIENTED_EDGE('',*,*,#481,.T.);
#483=EDGE_LOOP('',(#460,#468,#476,#482));
#484=FACE_OUTER_BOUND('',#483,.T.);
#485=ADVANCED_FACE('',(#484),#450,.T.);
#486=CARTESIAN_POINT('',(10.500000000000057,-22.699999999999982,-16.100000000000058));
#487=DIRECTION('',(0.816496580927727,0.408248290463869,-0.408248290463857));
#488=DIRECTION('',(-0.447213595499952,-9.610968E-016,-0.894427190999919));
#489=AXIS2_PLACEMENT_3D('',#486,#487,#488);
#490=PLANE('',#489);
#491=CARTESIAN_POINT('',(11.000000000000053,-23.129289321881327,-15.529289321881404));
#492=VERTEX_POINT('',#491);
#493=CARTESIAN_POINT('',(10.500000000000057,-22.629289321881330,-16.029289321881400));
#494=DIRECTION('',(0.577350269189626,-0.577350269189626,0.577350269189626));
#495=VECTOR('',#494,0.866025403784432);
#496=LINE('',#493,#495);
#497=EDGE_CURVE('',#454,#492,#496,.T.);
#498=ORIENTED_EDGE('',*,*,#497,.T.);
#499=CARTESIAN_POINT('',(11.000000000000053,-23.199999999999982,-15.600000000000058));
#500=VERTEX_POINT('',#499);
#501=CARTESIAN_POINT('',(11.000000000000053,-23.199999999999982,-15.600000000000058));
#502=DIRECTION('',(0.0,0.707106781186548,0.707106781186548));
#503=VECTOR('',#502,0.100000000000000);
#504=LINE('',#501,#503);
#505=EDGE_CURVE('',#500,#492,#504,.T.);
#506=ORIENTED_EDGE('',*,*,#505,.F.);
#507=CARTESIAN_POINT('',(10.500000000000053,-22.699999999999982,-16.100000000000058));
#508=DIRECTION('',(0.577350269189626,-0.577350269189626,0.577350269189626));
#509=VECTOR('',#508,0.866025403784439);
#510=LINE('',#507,#509);
#511=EDGE_CURVE('',#462,#500,#510,.T.);
#512=ORIENTED_EDGE('',*,*,#511,.F.);
#513=ORIENTED_EDGE('',*,*,#467,.T.);
#514=EDGE_LOOP('',(#498,#506,#512,#513));
#515=FACE_OUTER_BOUND('',#514,.T.);
#516=ADVANCED_FACE('',(#515),#490,.T.);
#517=CARTESIAN_POINT('',(11.000000000000053,-26.699999999999982,-12.100000000000053));
#518=DIRECTION('',(0.0,-0.707106781186558,0.707106781186537));
#519=DIRECTION('',(1.0,0.0,0.0));
#520=AXIS2_PLACEMENT_3D('',#517,#518,#519);
#521=PLANE('',#520);
#522=CARTESIAN_POINT('',(11.000000000000053,-26.629289321881330,-12.029289321881398));
#523=VERTEX_POINT('',#522);
#524=CARTESIAN_POINT('',(-10.999999999999947,-26.629289321881330,-12.029289321881398));
#525=VERTEX_POINT('',#524);
#526=CARTESIAN_POINT('',(11.000000000000053,-26.629289321881330,-12.029289321881398));
#527=DIRECTION('',(-1.0,0.0,0.0));
#528=VECTOR('',#527,22.0);
#529=LINE('',#526,#528);
#530=EDGE_CURVE('',#523,#525,#529,.T.);
#531=ORIENTED_EDGE('',*,*,#530,.T.);
#532=CARTESIAN_POINT('',(-10.999999999999947,-26.699999999999982,-12.100000000000053));
#533=VERTEX_POINT('',#532);
#534=CARTESIAN_POINT('',(-10.999999999999947,-26.699999999999982,-12.100000000000053));
#535=DIRECTION('',(0.0,0.707106781186530,0.707106781186565));
#536=VECTOR('',#535,0.099999999999997);
#537=LINE('',#534,#536);
#538=EDGE_CURVE('',#533,#525,#537,.T.);
#539=ORIENTED_EDGE('',*,*,#538,.F.);
#540=CARTESIAN_POINT('',(11.000000000000053,-26.699999999999982,-12.100000000000053));
#541=VERTEX_POINT('',#540);
#542=CARTESIAN_POINT('',(11.000000000000053,-26.699999999999982,-12.100000000000053));
#543=DIRECTION('',(-1.0,0.0,0.0));
#544=VECTOR('',#543,22.0);
#545=LINE('',#542,#544);
#546=EDGE_CURVE('',#541,#533,#545,.T.);
#547=ORIENTED_EDGE('',*,*,#546,.F.);
#548=CARTESIAN_POINT('',(11.000000000000053,-26.699999999999982,-12.100000000000053));
#549=DIRECTION('',(0.0,0.707106781186530,0.707106781186565));
#550=VECTOR('',#549,0.099999999999997);
#551=LINE('',#548,#550);
#552=EDGE_CURVE('',#541,#523,#551,.T.);
#553=ORIENTED_EDGE('',*,*,#552,.T.);
#554=EDGE_LOOP('',(#531,#539,#547,#553));
#555=FACE_OUTER_BOUND('',#554,.T.);
#556=ADVANCED_FACE('',(#555),#521,.T.);
#557=CARTESIAN_POINT('',(-10.999999999999947,-23.199999999999982,-15.600000000000058));
#558=DIRECTION('',(-0.816496580927725,0.408248290463870,-0.408248290463858));
#559=DIRECTION('',(-0.447213595499953,9.610968E-016,0.894427190999918));
#560=AXIS2_PLACEMENT_3D('',#557,#558,#559);
#561=PLANE('',#560);
#562=CARTESIAN_POINT('',(-10.999999999999947,-23.129289321881327,-15.529289321881404));
#563=VERTEX_POINT('',#562);
#564=CARTESIAN_POINT('',(-10.999999999999947,-23.129289321881327,-15.529289321881404));
#565=DIRECTION('',(0.577350269189629,0.577350269189624,-0.577350269189624));
#566=VECTOR('',#565,0.866025403784435);
#567=LINE('',#564,#566);
#568=EDGE_CURVE('',#563,#452,#567,.T.);
#569=ORIENTED_EDGE('',*,*,#568,.T.);
#570=ORIENTED_EDGE('',*,*,#481,.F.);
#571=CARTESIAN_POINT('',(-10.999999999999947,-23.199999999999982,-15.600000000000058));
#572=VERTEX_POINT('',#571);
#573=CARTESIAN_POINT('',(-10.999999999999947,-23.199999999999982,-15.600000000000058));
#574=DIRECTION('',(0.577350269189626,0.577350269189626,-0.577350269189626));
#575=VECTOR('',#574,0.866025403784439);
#576=LINE('',#573,#575);
#577=EDGE_CURVE('',#572,#470,#576,.T.);
#578=ORIENTED_EDGE('',*,*,#577,.F.);
#579=CARTESIAN_POINT('',(-10.999999999999947,-23.199999999999982,-15.600000000000058));
#580=DIRECTION('',(0.0,0.707106781186548,0.707106781186548));
#581=VECTOR('',#580,0.100000000000000);
#582=LINE('',#579,#581);
#583=EDGE_CURVE('',#572,#563,#582,.T.);
#584=ORIENTED_EDGE('',*,*,#583,.T.);
#585=EDGE_LOOP('',(#569,#570,#578,#584));
#586=FACE_OUTER_BOUND('',#585,.T.);
#587=ADVANCED_FACE('',(#586),#561,.T.);
#588=CARTESIAN_POINT('',(5.280525E-014,-24.655716998441463,-14.002861645321264));
#589=DIRECTION('',(-1.031472E-017,0.707106781186548,0.707106781186547));
#590=DIRECTION('',(1.0,0.0,0.0));
#591=AXIS2_PLACEMENT_3D('',#588,#589,#590);
#592=PLANE('',#591);
#593=ORIENTED_EDGE('',*,*,#459,.F.);
#594=ORIENTED_EDGE('',*,*,#568,.F.);
#595=CARTESIAN_POINT('',(-10.999999999999947,-26.629289321881330,-12.029289321881398));
#596=DIRECTION('',(0.0,0.707106781186547,-0.707106781186548));
#597=VECTOR('',#596,4.949747468305839);
#598=LINE('',#595,#597);
#599=EDGE_CURVE('',#525,#563,#598,.T.);
#600=ORIENTED_EDGE('',*,*,#599,.F.);
#601=ORIENTED_EDGE('',*,*,#530,.F.);
#602=CARTESIAN_POINT('',(11.000000000000053,-23.129289321881327,-15.529289321881404));
#603=DIRECTION('',(0.0,-0.707106781186547,0.707106781186548));
#604=VECTOR('',#603,4.949747468305839);
#605=LINE('',#602,#604);
#606=EDGE_CURVE('',#492,#523,#605,.T.);
#607=ORIENTED_EDGE('',*,*,#606,.F.);
#608=ORIENTED_EDGE('',*,*,#497,.F.);
#609=EDGE_LOOP('',(#593,#594,#600,#601,#607,#608));
#610=FACE_OUTER_BOUND('',#609,.T.);
#611=ADVANCED_FACE('',(#610),#592,.T.);
#612=CARTESIAN_POINT('',(1.229500000000053,-51.700000000000003,-27.100000000000033));
#613=CARTESIAN_POINT('',(1.229500000000053,-51.699999999999996,-24.082968167058954));
#614=CARTESIAN_POINT('',(1.229500000000053,-52.929500000000012,-27.100000000000033));
#615=CARTESIAN_POINT('',(1.229500000000053,-52.929499999999997,-24.082968167058954));
#616=CARTESIAN_POINT('',(5.280525E-014,-52.929500000000004,-27.100000000000033));
#617=CARTESIAN_POINT('',(5.280525E-014,-52.929499999999997,-24.082968167058954));
#618=CARTESIAN_POINT('',(-1.229499999999947,-52.929500000000012,-27.100000000000033));
#619=CARTESIAN_POINT('',(-1.229499999999947,-52.929499999999997,-24.082968167058954));
#620=CARTESIAN_POINT('',(-1.229499999999947,-51.700000000000003,-27.100000000000033));
#621=CARTESIAN_POINT('',(-1.229499999999947,-51.699999999999996,-24.082968167058954));
#622=CARTESIAN_POINT('',(-1.229499999999947,-50.470500000000001,-27.100000000000033));
#623=CARTESIAN_POINT('',(-1.229499999999947,-50.470499999999994,-24.082968167058954));
#624=CARTESIAN_POINT('',(5.280525E-014,-50.470500000000001,-27.100000000000033));
#625=CARTESIAN_POINT('',(5.280525E-014,-50.470499999999994,-24.082968167058954));
#626=CARTESIAN_POINT('',(1.229500000000053,-50.470500000000001,-27.100000000000033));
#627=CARTESIAN_POINT('',(1.229500000000053,-50.470499999999994,-24.082968167058954));
#628=CARTESIAN_POINT('',(1.229500000000053,-51.700000000000003,-27.100000000000033));
#629=CARTESIAN_POINT('',(1.229500000000053,-51.699999999999996,-24.082968167058954));
#637=(BOUNDED_SURFACE()B_SPLINE_SURFACE(1,2,((#612,#614,#616,#618,#620,#622,#624,#626,#628),(#613,#615,#617,#619,#621,#623,#625,#627,#629)),.UNSPECIFIED.,.F.,.T.,.U.)B_SPLINE_SURFACE_WITH_KNOTS((2,2),(3,2,2,2,3),(-35.424614461785417,-32.970745545200565),(0.0,1.931294083794325,3.862588167588651,5.793882251382976,7.725176335177301),.UNSPECIFIED.)GEOMETRIC_REPRESENTATION_ITEM()RATIONAL_B_SPLINE_SURFACE(((1.0,0.707106781186548,1.0,0.707106781186548,1.0,0.707106781186548,1.0,0.707106781186548,1.0),(1.0,0.707106781186548,1.0,0.707106781186548,1.0,0.707106781186548,1.0,0.707106781186548,1.0)))REPRESENTATION_ITEM('')SURFACE());
#638=ORIENTED_EDGE('',*,*,#195,.T.);
#639=EDGE_LOOP('',(#638));
#640=FACE_OUTER_BOUND('',#639,.T.);
#641=CARTESIAN_POINT('',(-1.229499999999947,-51.700000000000003,-27.100000000000026));
#642=VERTEX_POINT('',#641);
#643=CARTESIAN_POINT('',(5.280525E-014,-51.700000000000003,-27.100000000000026));
#644=DIRECTION('',(0.0,0.0,1.0));
#645=DIRECTION('',(-1.0,0.0,0.0));
#646=AXIS2_PLACEMENT_3D('',#643,#644,#645);
#647=CIRCLE('',#646,1.229500000000000);
#648=EDGE_CURVE('',#642,#642,#647,.T.);
#649=ORIENTED_EDGE('',*,*,#648,.F.);
#650=EDGE_LOOP('',(#649));
#651=FACE_BOUND('',#650,.T.);
#652=ADVANCED_FACE('',(#640,#651),#637,.F.);
#653=CARTESIAN_POINT('',(-3.249999999999947,-55.700000000000003,-16.100000000000023));
#654=CARTESIAN_POINT('',(-3.249999999999947,-47.700000000000003,-16.100000000000023));
#655=CARTESIAN_POINT('',(-3.249999999999946,-55.700000000000003,-19.350000000000023));
#656=CARTESIAN_POINT('',(-3.249999999999946,-47.699999999999996,-19.350000000000023));
#657=CARTESIAN_POINT('',(5.280525E-014,-55.700000000000003,-19.350000000000023));
#658=CARTESIAN_POINT('',(5.280525E-014,-47.700000000000003,-19.350000000000023));
#659=CARTESIAN_POINT('',(3.250000000000052,-55.700000000000003,-19.350000000000023));
#660=CARTESIAN_POINT('',(3.250000000000052,-47.699999999999996,-19.350000000000023));
#661=CARTESIAN_POINT('',(3.250000000000053,-55.700000000000003,-16.100000000000023));
#662=CARTESIAN_POINT('',(3.250000000000053,-47.700000000000003,-16.100000000000023));
#663=CARTESIAN_POINT('',(3.250000000000052,-55.700000000000003,-12.850000000000021));
#664=CARTESIAN_POINT('',(3.250000000000052,-47.699999999999996,-12.850000000000021));
#665=CARTESIAN_POINT('',(5.280525E-014,-55.700000000000003,-12.850000000000023));
#666=CARTESIAN_POINT('',(5.280525E-014,-47.700000000000003,-12.850000000000023));
#667=CARTESIAN_POINT('',(-3.249999999999946,-55.700000000000003,-12.850000000000021));
#668=CARTESIAN_POINT('',(-3.249999999999946,-47.699999999999996,-12.850000000000021));
#669=CARTESIAN_POINT('',(-3.249999999999947,-55.700000000000003,-16.100000000000023));
#670=CARTESIAN_POINT('',(-3.249999999999947,-47.700000000000003,-16.100000000000023));
#678=(BOUNDED_SURFACE()B_SPLINE_SURFACE(1,2,((#653,#655,#657,#659,#661,#663,#665,#667,#669),(#654,#656,#658,#660,#662,#664,#666,#668,#670)),.UNSPECIFIED.,.F.,.T.,.U.)B_SPLINE_SURFACE_WITH_KNOTS((2,2),(3,2,2,2,3),(-13.401404147927742,-10.939865686389281),(0.0,5.105088062083414,10.210176124166829,15.315264186250241,20.420352248333657),.UNSPECIFIED.)GEOMETRIC_REPRESENTATION_ITEM()RATIONAL_B_SPLINE_SURFACE(((1.0,0.707106781186548,1.0,0.707106781186548,1.0,0.707106781186548,1.0,0.707106781186548,1.0),(1.0,0.707106781186548,1.0,0.707106781186548,1.0,0.707106781186548,1.0,0.707106781186548,1.0)))REPRESENTATION_ITEM('')SURFACE());
#679=CARTESIAN_POINT('',(3.250000000000053,-55.700000000000003,-16.100000000000023));
#680=VERTEX_POINT('',#679);
#681=CARTESIAN_POINT('',(5.280525E-014,-55.700000000000003,-16.100000000000023));
#682=DIRECTION('',(0.0,1.0,0.0));
#683=DIRECTION('',(1.0,0.0,0.0));
#684=AXIS2_PLACEMENT_3D('',#681,#682,#683);
#685=CIRCLE('',#684,3.250000000000000);
#686=EDGE_CURVE('',#680,#680,#685,.T.);
#687=ORIENTED_EDGE('',*,*,#686,.F.);
#688=EDGE_LOOP('',(#687));
#689=FACE_OUTER_BOUND('',#688,.T.);
#690=ORIENTED_EDGE('',*,*,#167,.T.);
#691=EDGE_LOOP('',(#690));
#692=FACE_BOUND('',#691,.T.);
#693=CARTESIAN_POINT('',(-3.249999999999948,-47.700000000000003,-16.100000000000023));
#694=VERTEX_POINT('',#693);
#695=CARTESIAN_POINT('',(5.280525E-014,-47.700000000000003,-16.100000000000023));
#696=DIRECTION('',(0.0,-1.0,0.0));
#697=DIRECTION('',(1.0,0.0,0.0));
#698=AXIS2_PLACEMENT_3D('',#695,#696,#697);
#699=CIRCLE('',#698,3.250000000000000);
#700=EDGE_CURVE('',#694,#694,#699,.T.);
#701=ORIENTED_EDGE('',*,*,#700,.F.);
#702=EDGE_LOOP('',(#701));
#703=FACE_BOUND('',#702,.T.);
#704=ADVANCED_FACE('',(#689,#692,#703),#678,.F.);
#705=CARTESIAN_POINT('',(5.280525E-014,-48.700000000000003,-10.100000000000026));
#706=DIRECTION('',(-1.0,0.0,0.0));
#707=DIRECTION('',(0.0,0.707106781186545,0.707106781186550));
#708=AXIS2_PLACEMENT_3D('',#705,#706,#707);
#709=CYLINDRICAL_SURFACE('',#708,1.000000000000000);
#710=CARTESIAN_POINT('',(-10.999999999999947,-47.833974596215569,-9.600000000000025));
#711=VERTEX_POINT('',#710);
#712=CARTESIAN_POINT('',(-10.499999999999947,-48.700000000000003,-9.100000000000023));
#713=VERTEX_POINT('',#712);
#714=CARTESIAN_POINT('',(-11.499999999999948,-48.700000000000003,-10.100000000000026));
#715=DIRECTION('',(0.707106781186549,8.102787E-016,-0.707106781186546));
#716=DIRECTION('',(0.707106781186546,-9.574749E-016,0.707106781186549));
#717=AXIS2_PLACEMENT_3D('',#714,#715,#716);
#718=ELLIPSE('',#717,1.414213562373092,1.000000000000000);
#719=EDGE_CURVE('',#711,#713,#718,.T.);
#720=ORIENTED_EDGE('',*,*,#719,.T.);
#721=CARTESIAN_POINT('',(10.500000000000053,-48.700000000000003,-9.100000000000023));
#722=VERTEX_POINT('',#721);
#723=CARTESIAN_POINT('',(-10.499999999999947,-48.700000000000003,-9.100000000000023));
#724=DIRECTION('',(1.0,0.0,0.0));
#725=VECTOR('',#724,21.0);
#726=LINE('',#723,#725);
#727=EDGE_CURVE('',#713,#722,#726,.T.);
#728=ORIENTED_EDGE('',*,*,#727,.T.);
#729=CARTESIAN_POINT('',(11.000000000000053,-47.833974596215569,-9.600000000000025));
#730=VERTEX_POINT('',#729);
#731=CARTESIAN_POINT('',(11.500000000000055,-48.700000000000003,-10.100000000000026));
#732=DIRECTION('',(-0.707106781186549,8.102787E-016,-0.707106781186546));
#733=DIRECTION('',(-0.707106781186546,-9.574749E-016,0.707106781186549));
#734=AXIS2_PLACEMENT_3D('',#731,#732,#733);
#735=ELLIPSE('',#734,1.414213562373092,1.000000000000000);
#736=EDGE_CURVE('',#722,#730,#735,.T.);
#737=ORIENTED_EDGE('',*,*,#736,.T.);
#738=CARTESIAN_POINT('',(11.000000000000053,-47.700000000000003,-10.100000000000026));
#739=VERTEX_POINT('',#738);
#740=CARTESIAN_POINT('',(11.000000000000053,-48.700000000000003,-10.100000000000026));
#741=DIRECTION('',(-1.000000000000000,0.0,0.0));
#742=DIRECTION('',(0.0,0.707106781186545,0.707106781186550));
#743=AXIS2_PLACEMENT_3D('',#740,#741,#742);
#744=CIRCLE('',#743,1.000000000000000);
#745=EDGE_CURVE('',#730,#739,#744,.T.);
#746=ORIENTED_EDGE('',*,*,#745,.T.);
#747=CARTESIAN_POINT('',(-10.999999999999947,-47.700000000000003,-10.100000000000026));
#748=VERTEX_POINT('',#747);
#749=CARTESIAN_POINT('',(11.000000000000053,-47.700000000000003,-10.100000000000026));
#750=DIRECTION('',(-1.0,0.0,0.0));
#751=VECTOR('',#750,22.0);
#752=LINE('',#749,#751);
#753=EDGE_CURVE('',#739,#748,#752,.T.);
#754=ORIENTED_EDGE('',*,*,#753,.T.);
#755=CARTESIAN_POINT('',(-10.999999999999947,-48.700000000000003,-10.100000000000026));
#756=DIRECTION('',(1.000000000000000,0.0,0.0));
#757=DIRECTION('',(0.0,0.707106781186545,0.707106781186550));
#758=AXIS2_PLACEMENT_3D('',#755,#756,#757);
#759=CIRCLE('',#758,1.000000000000000);
#760=EDGE_CURVE('',#748,#711,#759,.T.);
#761=ORIENTED_EDGE('',*,*,#760,.T.);
#762=EDGE_LOOP('',(#720,#728,#737,#746,#754,#761));
#763=FACE_OUTER_BOUND('',#762,.T.);
#764=ADVANCED_FACE('',(#763),#709,.T.);
#765=CARTESIAN_POINT('',(10.750000000000055,-48.177647973131208,-9.350000000000025));
#766=DIRECTION('',(0.707106781186549,-8.102787E-016,0.707106781186546));
#767=DIRECTION('',(0.707106781186546,-7.598137E-016,-0.707106781186549));
#768=AXIS2_PLACEMENT_3D('',#765,#766,#767);
#769=PLANE('',#768);
#770=ORIENTED_EDGE('',*,*,#736,.F.);
#771=CARTESIAN_POINT('',(10.500000000000053,-54.700000000000003,-9.100000000000030));
#772=VERTEX_POINT('',#771);
#773=CARTESIAN_POINT('',(10.500000000000053,-48.700000000000003,-9.100000000000023));
#774=DIRECTION('',(0.0,-1.0,0.0));
#775=VECTOR('',#774,6.0);
#776=LINE('',#773,#775);
#777=EDGE_CURVE('',#722,#772,#776,.T.);
#778=ORIENTED_EDGE('',*,*,#777,.T.);
#779=CARTESIAN_POINT('',(11.000000000000053,-54.700000000000003,-9.600000000000033));
#780=VERTEX_POINT('',#779);
#781=CARTESIAN_POINT('',(10.500000000000053,-54.700000000000003,-9.100000000000030));
#782=DIRECTION('',(0.707106781186545,0.0,-0.707106781186550));
#783=VECTOR('',#782,0.707106781186550);
#784=LINE('',#781,#783);
#785=EDGE_CURVE('',#772,#780,#784,.T.);
#786=ORIENTED_EDGE('',*,*,#785,.T.);
#787=CARTESIAN_POINT('',(11.000000000000053,-54.700000000000003,-9.600000000000033));
#788=DIRECTION('',(0.0,1.0,0.0));
#789=VECTOR('',#788,6.866025403784434);
#790=LINE('',#787,#789);
#791=EDGE_CURVE('',#780,#730,#790,.T.);
#792=ORIENTED_EDGE('',*,*,#791,.T.);
#793=EDGE_LOOP('',(#770,#778,#786,#792));
#794=FACE_OUTER_BOUND('',#793,.T.);
#795=ADVANCED_FACE('',(#794),#769,.T.);
#796=CARTESIAN_POINT('',(5.280525E-014,-55.700000000000003,-9.100000000000033));
#797=DIRECTION('',(0.0,0.0,1.0));
#798=DIRECTION('',(1.0,0.0,0.0));
#799=AXIS2_PLACEMENT_3D('',#796,#797,#798);
#800=PLANE('',#799);
#801=ORIENTED_EDGE('',*,*,#727,.F.);
#802=CARTESIAN_POINT('',(-10.499999999999947,-54.700000000000003,-9.100000000000030));
#803=VERTEX_POINT('',#802);
#804=CARTESIAN_POINT('',(-10.499999999999947,-54.700000000000003,-9.100000000000030));
#805=DIRECTION('',(0.0,1.0,0.0));
#806=VECTOR('',#805,6.0);
#807=LINE('',#804,#806);
#808=EDGE_CURVE('',#803,#713,#807,.T.);
#809=ORIENTED_EDGE('',*,*,#808,.F.);
#810=CARTESIAN_POINT('',(10.500000000000053,-54.700000000000003,-9.100000000000030));
#811=DIRECTION('',(-1.0,0.0,0.0));
#812=VECTOR('',#811,21.0);
#813=LINE('',#810,#812);
#814=EDGE_CURVE('',#772,#803,#813,.T.);
#815=ORIENTED_EDGE('',*,*,#814,.F.);
#816=ORIENTED_EDGE('',*,*,#777,.F.);
#817=EDGE_LOOP('',(#801,#809,#815,#816));
#818=FACE_OUTER_BOUND('',#817,.T.);
#819=ADVANCED_FACE('',(#818),#800,.T.);
#820=CARTESIAN_POINT('',(-10.749999999999948,-48.177647973131208,-9.350000000000025));
#821=DIRECTION('',(-0.707106781186549,-8.102787E-016,0.707106781186546));
#822=DIRECTION('',(0.707106781186546,7.598137E-016,0.707106781186549));
#823=AXIS2_PLACEMENT_3D('',#820,#821,#822);
#824=PLANE('',#823);
#825=ORIENTED_EDGE('',*,*,#719,.F.);
#826=CARTESIAN_POINT('',(-10.999999999999947,-54.700000000000003,-9.600000000000030));
#827=VERTEX_POINT('',#826);
#828=CARTESIAN_POINT('',(-10.999999999999947,-47.833974596215569,-9.600000000000025));
#829=DIRECTION('',(0.0,-1.0,0.0));
#830=VECTOR('',#829,6.866025403784434);
#831=LINE('',#828,#830);
#832=EDGE_CURVE('',#711,#827,#831,.T.);
#833=ORIENTED_EDGE('',*,*,#832,.T.);
#834=CARTESIAN_POINT('',(-10.499999999999947,-54.700000000000003,-9.100000000000030));
#835=DIRECTION('',(-0.707106781186547,0.0,-0.707106781186547));
#836=VECTOR('',#835,0.707106781186548);
#837=LINE('',#834,#836);
#838=EDGE_CURVE('',#803,#827,#837,.T.);
#839=ORIENTED_EDGE('',*,*,#838,.F.);
#840=ORIENTED_EDGE('',*,*,#808,.T.);
#841=EDGE_LOOP('',(#825,#833,#839,#840));
#842=FACE_OUTER_BOUND('',#841,.T.);
#843=ADVANCED_FACE('',(#842),#824,.T.);
#844=CARTESIAN_POINT('',(-10.749999999999948,-27.398333827411186,-26.520520203509051));
#845=DIRECTION('',(-0.707106781186548,0.454519477672043,-0.541675220419703));
#846=DIRECTION('',(-0.608120402411343,8.782480E-016,0.793844806099446));
#847=AXIS2_PLACEMENT_3D('',#844,#845,#846);
#848=PLANE('',#847);
#849=CARTESIAN_POINT('',(-10.499999999999947,-26.863547873738980,-26.398133329356984));
#850=VERTEX_POINT('',#849);
#851=CARTESIAN_POINT('',(-10.999999999999947,-27.184941678582252,-26.015111107797498));
#852=VERTEX_POINT('',#851);
#853=CARTESIAN_POINT('',(-10.499999999999947,-26.863547873738980,-26.398133329356984));
#854=DIRECTION('',(-0.707106781186548,-0.454519477672047,0.541675220419698));
#855=VECTOR('',#854,0.707106781186547);
#856=LINE('',#853,#855);
#857=EDGE_CURVE('',#850,#852,#856,.T.);
#858=ORIENTED_EDGE('',*,*,#857,.T.);
#859=CARTESIAN_POINT('',(-10.999999999999947,-23.199999999999989,-22.671348015036159));
#860=VERTEX_POINT('',#859);
#861=CARTESIAN_POINT('',(-10.999999999999947,-27.184941678582252,-26.015111107797498));
#862=DIRECTION('',(0.0,0.766044443118979,0.642787609686538));
#863=VECTOR('',#862,5.201971914785287);
#864=LINE('',#861,#863);
#865=EDGE_CURVE('',#852,#860,#864,.T.);
#866=ORIENTED_EDGE('',*,*,#865,.T.);
#867=CARTESIAN_POINT('',(-10.499999999999947,-22.699999999999992,-22.904501844113661));
#868=VERTEX_POINT('',#867);
#869=CARTESIAN_POINT('',(-10.999999999999947,-23.199999999999989,-22.671348015036159));
#870=DIRECTION('',(0.671542934237820,0.671542934237815,-0.313145613014977));
#871=VECTOR('',#870,0.744554032971078);
#872=LINE('',#869,#871);
#873=EDGE_CURVE('',#860,#868,#872,.T.);
#874=ORIENTED_EDGE('',*,*,#873,.T.);
#875=CARTESIAN_POINT('',(-10.499999999999947,-22.699999999999992,-22.904501844113661));
#876=DIRECTION('',(0.0,-0.766044443118979,-0.642787609686538));
#877=VECTOR('',#876,5.435125743862779);
#878=LINE('',#875,#877);
#879=EDGE_CURVE('',#868,#850,#878,.T.);
#880=ORIENTED_EDGE('',*,*,#879,.T.);
#881=EDGE_LOOP('',(#858,#866,#874,#880));
#882=FACE_OUTER_BOUND('',#881,.T.);
#883=ADVANCED_FACE('',(#882),#848,.T.);
#884=CARTESIAN_POINT('',(-10.749999999999948,-22.949999999999985,-18.018381274451201));
#885=DIRECTION('',(-0.707106781186546,0.707106781186549,-7.598137E-016));
#886=DIRECTION('',(0.0,0.0,1.0));
#887=AXIS2_PLACEMENT_3D('',#884,#885,#886);
#888=PLANE('',#887);
#889=ORIENTED_EDGE('',*,*,#577,.T.);
#890=CARTESIAN_POINT('',(-10.499999999999947,-22.699999999999982,-16.100000000000058));
#891=DIRECTION('',(0.0,0.0,-1.0));
#892=VECTOR('',#891,6.804501844113602);
#893=LINE('',#890,#892);
#894=EDGE_CURVE('',#470,#868,#893,.T.);
#895=ORIENTED_EDGE('',*,*,#894,.T.);
#896=ORIENTED_EDGE('',*,*,#873,.F.);
#897=CARTESIAN_POINT('',(-10.999999999999947,-23.199999999999989,-22.671348015036159));
#898=DIRECTION('',(0.0,0.0,1.0));
#899=VECTOR('',#898,7.071348015036101);
#900=LINE('',#897,#899);
#901=EDGE_CURVE('',#860,#572,#900,.T.);
#902=ORIENTED_EDGE('',*,*,#901,.T.);
#903=EDGE_LOOP('',(#889,#895,#896,#902));
#904=FACE_OUTER_BOUND('',#903,.T.);
#905=ADVANCED_FACE('',(#904),#888,.T.);
#906=CARTESIAN_POINT('',(-10.749999999999948,-28.791910702798592,-24.100000000000051));
#907=DIRECTION('',(1.0,0.0,0.0));
#908=DIRECTION('',(0.0,0.342020143325667,-0.939692620785909));
#909=AXIS2_PLACEMENT_3D('',#906,#907,#908);
#910=CONICAL_SURFACE('',#909,2.750000000000000,44.999999999999901);
#911=CARTESIAN_POINT('',(-10.499999999999947,-28.791910702798596,-27.100000000000051));
#912=VERTEX_POINT('',#911);
#913=CARTESIAN_POINT('',(-10.999999999999947,-28.791910702798596,-26.600000000000051));
#914=VERTEX_POINT('',#913);
#915=CARTESIAN_POINT('',(-10.499999999999947,-28.791910702798596,-27.100000000000051));
#916=DIRECTION('',(-0.707106781186547,0.0,0.707106781186547));
#917=VECTOR('',#916,0.707106781186548);
#918=LINE('',#915,#917);
#919=EDGE_CURVE('',#912,#914,#918,.T.);
#920=ORIENTED_EDGE('',*,*,#919,.T.);
#921=CARTESIAN_POINT('',(-10.999999999999947,-28.791910702798592,-24.100000000000051));
#922=DIRECTION('',(1.0,0.0,0.0));
#923=DIRECTION('',(0.0,0.342020143325667,-0.939692620785909));
#924=AXIS2_PLACEMENT_3D('',#921,#922,#923);
#925=CIRCLE('',#924,2.500000000000001);
#926=EDGE_CURVE('',#914,#852,#925,.T.);
#927=ORIENTED_EDGE('',*,*,#926,.T.);
#928=ORIENTED_EDGE('',*,*,#857,.F.);
#929=CARTESIAN_POINT('',(-10.499999999999947,-28.791910702798592,-24.100000000000051));
#930=DIRECTION('',(-1.0,0.0,0.0));
#931=DIRECTION('',(0.0,0.342020143325667,-0.939692620785909));
#932=AXIS2_PLACEMENT_3D('',#929,#930,#931);
#933=CIRCLE('',#932,3.0);
#934=EDGE_CURVE('',#850,#912,#933,.T.);
#935=ORIENTED_EDGE('',*,*,#934,.T.);
#936=EDGE_LOOP('',(#920,#927,#928,#935));
#937=FACE_OUTER_BOUND('',#936,.T.);
#938=ADVANCED_FACE('',(#937),#910,.T.);
#939=CARTESIAN_POINT('',(-10.749999999999948,-34.177647973131201,-26.850000000000044));
#940=DIRECTION('',(-0.707106781186548,-7.598137E-016,-0.707106781186548));
#941=DIRECTION('',(-0.707106781186548,7.598137E-016,0.707106781186548));
#942=AXIS2_PLACEMENT_3D('',#939,#940,#941);
#943=PLANE('',#942);
#944=CARTESIAN_POINT('',(-10.499999999999947,-54.700000000000003,-27.100000000000023));
#945=VERTEX_POINT('',#944);
#946=CARTESIAN_POINT('',(-10.999999999999947,-54.699999999999996,-26.600000000000023));
#947=VERTEX_POINT('',#946);
#948=CARTESIAN_POINT('',(-10.499999999999947,-54.700000000000003,-27.100000000000023));
#949=DIRECTION('',(-0.707106781186547,1.004859E-014,0.707106781186547));
#950=VECTOR('',#949,0.707106781186548);
#951=LINE('',#948,#950);
#952=EDGE_CURVE('',#945,#947,#951,.T.);
#953=ORIENTED_EDGE('',*,*,#952,.T.);
#954=CARTESIAN_POINT('',(-10.999999999999947,-54.699999999999996,-26.600000000000023));
#955=DIRECTION('',(0.0,1.0,0.0));
#956=VECTOR('',#955,25.908089297201400);
#957=LINE('',#954,#956);
#958=EDGE_CURVE('',#947,#914,#957,.T.);
#959=ORIENTED_EDGE('',*,*,#958,.T.);
#960=ORIENTED_EDGE('',*,*,#919,.F.);
#961=CARTESIAN_POINT('',(-10.499999999999947,-28.791910702798596,-27.100000000000051));
#962=DIRECTION('',(0.0,-1.0,0.0));
#963=VECTOR('',#962,25.908089297201407);
#964=LINE('',#961,#963);
#965=EDGE_CURVE('',#912,#945,#964,.T.);
#966=ORIENTED_EDGE('',*,*,#965,.T.);
#967=EDGE_LOOP('',(#953,#959,#960,#966));
#968=FACE_OUTER_BOUND('',#967,.T.);
#969=ADVANCED_FACE('',(#968),#943,.T.);
#970=CARTESIAN_POINT('',(-10.749999999999948,-54.699999999999996,-26.100000000000023));
#971=DIRECTION('',(1.0,0.0,0.0));
#972=DIRECTION('',(0.0,-0.707106781186549,-0.707106781186547));
#973=AXIS2_PLACEMENT_3D('',#970,#971,#972);
#974=CONICAL_SURFACE('',#973,0.750000000000000,44.999999999999986);
#975=CARTESIAN_POINT('',(-10.499999999999947,-55.700000000000003,-26.100000000000023));
#976=VERTEX_POINT('',#975);
#977=CARTESIAN_POINT('',(-10.999999999999947,-55.200000000000003,-26.100000000000023));
#978=VERTEX_POINT('',#977);
#979=CARTESIAN_POINT('',(-10.499999999999947,-55.700000000000003,-26.100000000000023));
#980=DIRECTION('',(-0.707106781186547,0.707106781186547,0.0));
#981=VECTOR('',#980,0.707106781186548);
#982=LINE('',#979,#981);
#983=EDGE_CURVE('',#976,#978,#982,.T.);
#984=ORIENTED_EDGE('',*,*,#983,.T.);
#985=CARTESIAN_POINT('',(-10.999999999999947,-54.699999999999996,-26.100000000000023));
#986=DIRECTION('',(1.0,0.0,0.0));
#987=DIRECTION('',(0.0,-0.707106781186548,-0.707106781186547));
#988=AXIS2_PLACEMENT_3D('',#985,#986,#987);
#989=CIRCLE('',#988,0.500000000000000);
#990=EDGE_CURVE('',#978,#947,#989,.T.);
#991=ORIENTED_EDGE('',*,*,#990,.T.);
#992=ORIENTED_EDGE('',*,*,#952,.F.);
#993=CARTESIAN_POINT('',(-10.499999999999947,-54.699999999999996,-26.100000000000023));
#994=DIRECTION('',(-1.0,0.0,0.0));
#995=DIRECTION('',(0.0,-0.707106781186548,-0.707106781186547));
#996=AXIS2_PLACEMENT_3D('',#993,#994,#995);
#997=CIRCLE('',#996,1.0);
#998=EDGE_CURVE('',#945,#976,#997,.T.);
#999=ORIENTED_EDGE('',*,*,#998,.T.);
#1000=EDGE_LOOP('',(#984,#991,#992,#999));
#1001=FACE_OUTER_BOUND('',#1000,.T.);
#1002=ADVANCED_FACE('',(#1001),#974,.T.);
#1003=CARTESIAN_POINT('',(-10.749999999999948,-55.450000000000003,-23.518381274451173));
#1004=DIRECTION('',(-0.707106781186548,-0.707106781186547,0.0));
#1005=DIRECTION('',(0.0,0.0,1.0));
#1006=AXIS2_PLACEMENT_3D('',#1003,#1004,#1005);
#1007=PLANE('',#1006);
#1008=CARTESIAN_POINT('',(-10.499999999999947,-55.700000000000003,-10.100000000000032));
#1009=VERTEX_POINT('',#1008);
#1010=CARTESIAN_POINT('',(-10.999999999999947,-55.200000000000003,-10.100000000000032));
#1011=VERTEX_POINT('',#1010);
#1012=CARTESIAN_POINT('',(-10.499999999999947,-55.700000000000003,-10.100000000000032));
#1013=DIRECTION('',(-0.707106781186547,0.707106781186547,0.0));
#1014=VECTOR('',#1013,0.707106781186548);
#1015=LINE('',#1012,#1014);
#1016=EDGE_CURVE('',#1009,#1011,#1015,.T.);
#1017=ORIENTED_EDGE('',*,*,#1016,.T.);
#1018=CARTESIAN_POINT('',(-10.999999999999947,-55.200000000000003,-10.100000000000032));
#1019=DIRECTION('',(0.0,0.0,-1.0));
#1020=VECTOR('',#1019,15.999999999999991);
#1021=LINE('',#1018,#1020);
#1022=EDGE_CURVE('',#1011,#978,#1021,.T.);
#1023=ORIENTED_EDGE('',*,*,#1022,.T.);
#1024=ORIENTED_EDGE('',*,*,#983,.F.);
#1025=CARTESIAN_POINT('',(-10.499999999999947,-55.700000000000003,-26.100000000000023));
#1026=DIRECTION('',(0.0,0.0,1.0));
#1027=VECTOR('',#1026,15.999999999999991);
#1028=LINE('',#1025,#1027);
#1029=EDGE_CURVE('',#976,#1009,#1028,.T.);
#1030=ORIENTED_EDGE('',*,*,#1029,.T.);
#1031=EDGE_LOOP('',(#1017,#1023,#1024,#1030));
#1032=FACE_OUTER_BOUND('',#1031,.T.);
#1033=ADVANCED_FACE('',(#1032),#1007,.T.);
#1034=CARTESIAN_POINT('',(-10.749999999999948,-54.700000000000003,-10.100000000000032));
#1035=DIRECTION('',(1.0,0.0,0.0));
#1036=DIRECTION('',(0.0,-0.707106781186547,0.707106781186548));
#1037=AXIS2_PLACEMENT_3D('',#1034,#1035,#1036);
#1038=CONICAL_SURFACE('',#1037,0.750000000000000,44.999999999999979);
#1039=ORIENTED_EDGE('',*,*,#838,.T.);
#1040=CARTESIAN_POINT('',(-10.999999999999947,-54.700000000000003,-10.100000000000032));
#1041=DIRECTION('',(1.0,0.0,0.0));
#1042=DIRECTION('',(0.0,-0.707106781186547,0.707106781186548));
#1043=AXIS2_PLACEMENT_3D('',#1040,#1041,#1042);
#1044=CIRCLE('',#1043,0.500000000000000);
#1045=EDGE_CURVE('',#827,#1011,#1044,.T.);
#1046=ORIENTED_EDGE('',*,*,#1045,.T.);
#1047=ORIENTED_EDGE('',*,*,#1016,.F.);
#1048=CARTESIAN_POINT('',(-10.499999999999947,-54.700000000000003,-10.100000000000032));
#1049=DIRECTION('',(-1.0,0.0,0.0));
#1050=DIRECTION('',(0.0,-0.707106781186547,0.707106781186548));
#1051=AXIS2_PLACEMENT_3D('',#1048,#1049,#1050);
#1052=CIRCLE('',#1051,1.0);
#1053=EDGE_CURVE('',#1009,#803,#1052,.T.);
#1054=ORIENTED_EDGE('',*,*,#1053,.T.);
#1055=EDGE_LOOP('',(#1039,#1046,#1047,#1054));
#1056=FACE_OUTER_BOUND('',#1055,.T.);
#1057=ADVANCED_FACE('',(#1056),#1038,.T.);
#1058=CARTESIAN_POINT('',(5.280525E-014,-54.700000000000003,-10.100000000000032));
#1059=DIRECTION('',(-1.0,0.0,0.0));
#1060=DIRECTION('',(0.0,-0.707106781186547,0.707106781186548));
#1061=AXIS2_PLACEMENT_3D('',#1058,#1059,#1060);
#1062=CYLINDRICAL_SURFACE('',#1061,1.0);
#1063=ORIENTED_EDGE('',*,*,#1053,.F.);
#1064=CARTESIAN_POINT('',(10.500000000000053,-55.700000000000003,-10.100000000000032));
#1065=VERTEX_POINT('',#1064);
#1066=CARTESIAN_POINT('',(-10.499999999999947,-55.700000000000003,-10.100000000000032));
#1067=DIRECTION('',(1.0,0.0,0.0));
#1068=VECTOR('',#1067,21.0);
#1069=LINE('',#1066,#1068);
#1070=EDGE_CURVE('',#1009,#1065,#1069,.T.);
#1071=ORIENTED_EDGE('',*,*,#1070,.T.);
#1072=CARTESIAN_POINT('',(10.500000000000053,-54.700000000000003,-10.100000000000032));
#1073=DIRECTION('',(1.0,0.0,0.0));
#1074=DIRECTION('',(0.0,-0.707106781186547,0.707106781186548));
#1075=AXIS2_PLACEMENT_3D('',#1072,#1073,#1074);
#1076=CIRCLE('',#1075,1.0);
#1077=EDGE_CURVE('',#772,#1065,#1076,.T.);
#1078=ORIENTED_EDGE('',*,*,#1077,.F.);
#1079=ORIENTED_EDGE('',*,*,#814,.T.);
#1080=EDGE_LOOP('',(#1063,#1071,#1078,#1079));
#1081=FACE_OUTER_BOUND('',#1080,.T.);
#1082=ADVANCED_FACE('',(#1081),#1062,.T.);
#1083=CARTESIAN_POINT('',(5.280525E-014,-55.700000000000003,-27.100000000000023));
#1084=DIRECTION('',(0.0,-1.0,0.0));
#1085=DIRECTION('',(0.0,0.0,-1.0));
#1086=AXIS2_PLACEMENT_3D('',#1083,#1084,#1085);
#1087=PLANE('',#1086);
#1088=ORIENTED_EDGE('',*,*,#1029,.F.);
#1089=CARTESIAN_POINT('',(10.500000000000053,-55.700000000000003,-26.100000000000023));
#1090=VERTEX_POINT('',#1089);
#1091=CARTESIAN_POINT('',(10.500000000000053,-55.700000000000003,-26.100000000000023));
#1092=DIRECTION('',(-1.0,0.0,0.0));
#1093=VECTOR('',#1092,21.0);
#1094=LINE('',#1091,#1093);
#1095=EDGE_CURVE('',#1090,#976,#1094,.T.);
#1096=ORIENTED_EDGE('',*,*,#1095,.F.);
#1097=CARTESIAN_POINT('',(10.500000000000053,-55.700000000000003,-10.100000000000032));
#1098=DIRECTION('',(0.0,0.0,-1.0));
#1099=VECTOR('',#1098,15.999999999999991);
#1100=LINE('',#1097,#1099);
#1101=EDGE_CURVE('',#1065,#1090,#1100,.T.);
#1102=ORIENTED_EDGE('',*,*,#1101,.F.);
#1103=ORIENTED_EDGE('',*,*,#1070,.F.);
#1104=EDGE_LOOP('',(#1088,#1096,#1102,#1103));
#1105=FACE_OUTER_BOUND('',#1104,.T.);
#1106=ORIENTED_EDGE('',*,*,#686,.T.);
#1107=EDGE_LOOP('',(#1106));
#1108=FACE_BOUND('',#1107,.T.);
#1109=ADVANCED_FACE('',(#1105,#1108),#1087,.T.);
#1110=CARTESIAN_POINT('',(5.280525E-014,-54.699999999999996,-26.100000000000023));
#1111=DIRECTION('',(-1.0,0.0,0.0));
#1112=DIRECTION('',(0.0,-0.707106781186548,-0.707106781186547));
#1113=AXIS2_PLACEMENT_3D('',#1110,#1111,#1112);
#1114=CYLINDRICAL_SURFACE('',#1113,1.0);
#1115=ORIENTED_EDGE('',*,*,#998,.F.);
#1116=CARTESIAN_POINT('',(10.500000000000053,-54.700000000000003,-27.100000000000023));
#1117=VERTEX_POINT('',#1116);
#1118=CARTESIAN_POINT('',(-10.499999999999947,-54.700000000000003,-27.100000000000023));
#1119=DIRECTION('',(1.0,0.0,0.0));
#1120=VECTOR('',#1119,21.0);
#1121=LINE('',#1118,#1120);
#1122=EDGE_CURVE('',#945,#1117,#1121,.T.);
#1123=ORIENTED_EDGE('',*,*,#1122,.T.);
#1124=CARTESIAN_POINT('',(10.500000000000053,-54.699999999999996,-26.100000000000023));
#1125=DIRECTION('',(1.0,0.0,0.0));
#1126=DIRECTION('',(0.0,-0.707106781186548,-0.707106781186547));
#1127=AXIS2_PLACEMENT_3D('',#1124,#1125,#1126);
#1128=CIRCLE('',#1127,1.0);
#1129=EDGE_CURVE('',#1090,#1117,#1128,.T.);
#1130=ORIENTED_EDGE('',*,*,#1129,.F.);
#1131=ORIENTED_EDGE('',*,*,#1095,.T.);
#1132=EDGE_LOOP('',(#1115,#1123,#1130,#1131));
#1133=FACE_OUTER_BOUND('',#1132,.T.);
#1134=ADVANCED_FACE('',(#1133),#1114,.T.);
#1135=CARTESIAN_POINT('',(5.280525E-014,-27.699999999999996,-27.100000000000051));
#1136=DIRECTION('',(0.0,0.0,-1.0));
#1137=DIRECTION('',(-1.0,0.0,0.0));
#1138=AXIS2_PLACEMENT_3D('',#1135,#1136,#1137);
#1139=PLANE('',#1138);
#1140=ORIENTED_EDGE('',*,*,#965,.F.);
#1141=CARTESIAN_POINT('',(10.500000000000053,-28.791910702798596,-27.100000000000051));
#1142=VERTEX_POINT('',#1141);
#1143=CARTESIAN_POINT('',(10.500000000000053,-28.791910702798596,-27.100000000000051));
#1144=DIRECTION('',(-1.0,0.0,0.0));
#1145=VECTOR('',#1144,21.0);
#1146=LINE('',#1143,#1145);
#1147=EDGE_CURVE('',#1142,#912,#1146,.T.);
#1148=ORIENTED_EDGE('',*,*,#1147,.F.);
#1149=CARTESIAN_POINT('',(10.500000000000053,-54.700000000000003,-27.100000000000023));
#1150=DIRECTION('',(0.0,1.0,0.0));
#1151=VECTOR('',#1150,25.908089297201407);
#1152=LINE('',#1149,#1151);
#1153=EDGE_CURVE('',#1117,#1142,#1152,.T.);
#1154=ORIENTED_EDGE('',*,*,#1153,.F.);
#1155=ORIENTED_EDGE('',*,*,#1122,.F.);
#1156=EDGE_LOOP('',(#1140,#1148,#1154,#1155));
#1157=FACE_OUTER_BOUND('',#1156,.T.);
#1158=ORIENTED_EDGE('',*,*,#648,.T.);
#1159=EDGE_LOOP('',(#1158));
#1160=FACE_BOUND('',#1159,.T.);
#1161=ADVANCED_FACE('',(#1157,#1160),#1139,.T.);
#1162=CARTESIAN_POINT('',(5.280525E-014,-28.791910702798592,-24.100000000000051));
#1163=DIRECTION('',(-1.0,0.0,0.0));
#1164=DIRECTION('',(0.0,0.342020143325667,-0.939692620785909));
#1165=AXIS2_PLACEMENT_3D('',#1162,#1163,#1164);
#1166=CYLINDRICAL_SURFACE('',#1165,3.0);
#1167=ORIENTED_EDGE('',*,*,#934,.F.);
#1168=CARTESIAN_POINT('',(10.500000000000053,-26.863547873738980,-26.398133329356984));
#1169=VERTEX_POINT('',#1168);
#1170=CARTESIAN_POINT('',(-10.499999999999947,-26.863547873738980,-26.398133329356984));
#1171=DIRECTION('',(1.0,0.0,0.0));
#1172=VECTOR('',#1171,21.0);
#1173=LINE('',#1170,#1172);
#1174=EDGE_CURVE('',#850,#1169,#1173,.T.);
#1175=ORIENTED_EDGE('',*,*,#1174,.T.);
#1176=CARTESIAN_POINT('',(10.500000000000053,-28.791910702798592,-24.100000000000051));
#1177=DIRECTION('',(1.0,0.0,0.0));
#1178=DIRECTION('',(0.0,0.342020143325667,-0.939692620785909));
#1179=AXIS2_PLACEMENT_3D('',#1176,#1177,#1178);
#1180=CIRCLE('',#1179,3.0);
#1181=EDGE_CURVE('',#1142,#1169,#1180,.T.);
#1182=ORIENTED_EDGE('',*,*,#1181,.F.);
#1183=ORIENTED_EDGE('',*,*,#1147,.T.);
#1184=EDGE_LOOP('',(#1167,#1175,#1182,#1183));
#1185=FACE_OUTER_BOUND('',#1184,.T.);
#1186=ADVANCED_FACE('',(#1185),#1166,.T.);
#1187=CARTESIAN_POINT('',(5.280525E-014,-22.699999999999992,-22.904501844113661));
#1188=DIRECTION('',(0.0,0.642787609686538,-0.766044443118979));
#1189=DIRECTION('',(-1.0,0.0,0.0));
#1190=AXIS2_PLACEMENT_3D('',#1187,#1188,#1189);
#1191=PLANE('',#1190);
#1192=ORIENTED_EDGE('',*,*,#879,.F.);
#1193=CARTESIAN_POINT('',(10.500000000000053,-22.699999999999992,-22.904501844113661));
#1194=VERTEX_POINT('',#1193);
#1195=CARTESIAN_POINT('',(-10.499999999999947,-22.699999999999992,-22.904501844113661));
#1196=DIRECTION('',(1.0,0.0,0.0));
#1197=VECTOR('',#1196,21.0);
#1198=LINE('',#1195,#1197);
#1199=EDGE_CURVE('',#868,#1194,#1198,.T.);
#1200=ORIENTED_EDGE('',*,*,#1199,.T.);
#1201=CARTESIAN_POINT('',(10.500000000000053,-26.863547873738980,-26.398133329356984));
#1202=DIRECTION('',(0.0,0.766044443118979,0.642787609686538));
#1203=VECTOR('',#1202,5.435125743862779);
#1204=LINE('',#1201,#1203);
#1205=EDGE_CURVE('',#1169,#1194,#1204,.T.);
#1206=ORIENTED_EDGE('',*,*,#1205,.F.);
#1207=ORIENTED_EDGE('',*,*,#1174,.F.);
#1208=EDGE_LOOP('',(#1192,#1200,#1206,#1207));
#1209=FACE_OUTER_BOUND('',#1208,.T.);
#1210=ADVANCED_FACE('',(#1209),#1191,.T.);
#1211=CARTESIAN_POINT('',(5.280525E-014,-22.699999999999982,-16.100000000000058));
#1212=DIRECTION('',(0.0,1.0,0.0));
#1213=DIRECTION('',(0.0,0.0,1.0));
#1214=AXIS2_PLACEMENT_3D('',#1211,#1212,#1213);
#1215=PLANE('',#1214);
#1216=ORIENTED_EDGE('',*,*,#894,.F.);
#1217=ORIENTED_EDGE('',*,*,#475,.F.);
#1218=CARTESIAN_POINT('',(10.500000000000053,-22.699999999999992,-22.904501844113661));
#1219=DIRECTION('',(0.0,0.0,1.0));
#1220=VECTOR('',#1219,6.804501844113602);
#1221=LINE('',#1218,#1220);
#1222=EDGE_CURVE('',#1194,#462,#1221,.T.);
#1223=ORIENTED_EDGE('',*,*,#1222,.F.);
#1224=ORIENTED_EDGE('',*,*,#1199,.F.);
#1225=EDGE_LOOP('',(#1216,#1217,#1223,#1224));
#1226=FACE_OUTER_BOUND('',#1225,.T.);
#1227=ADVANCED_FACE('',(#1226),#1215,.T.);
#1228=CARTESIAN_POINT('',(10.750000000000055,-22.949999999999985,-18.018381274451201));
#1229=DIRECTION('',(0.707106781186546,0.707106781186549,-7.598137E-016));
#1230=DIRECTION('',(0.0,0.0,-1.0));
#1231=AXIS2_PLACEMENT_3D('',#1228,#1229,#1230);
#1232=PLANE('',#1231);
#1233=ORIENTED_EDGE('',*,*,#511,.T.);
#1234=CARTESIAN_POINT('',(11.000000000000053,-23.199999999999989,-22.671348015036155));
#1235=VERTEX_POINT('',#1234);
#1236=CARTESIAN_POINT('',(11.000000000000053,-23.199999999999982,-15.600000000000058));
#1237=DIRECTION('',(0.0,0.0,-1.0));
#1238=VECTOR('',#1237,7.071348015036097);
#1239=LINE('',#1236,#1238);
#1240=EDGE_CURVE('',#500,#1235,#1239,.T.);
#1241=ORIENTED_EDGE('',*,*,#1240,.T.);
#1242=CARTESIAN_POINT('',(11.000000000000053,-23.199999999999989,-22.671348015036155));
#1243=DIRECTION('',(-0.671542934237819,0.671542934237814,-0.313145613014981));
#1244=VECTOR('',#1243,0.744554032971079);
#1245=LINE('',#1242,#1244);
#1246=EDGE_CURVE('',#1235,#1194,#1245,.T.);
#1247=ORIENTED_EDGE('',*,*,#1246,.T.);
#1248=ORIENTED_EDGE('',*,*,#1222,.T.);
#1249=EDGE_LOOP('',(#1233,#1241,#1247,#1248));
#1250=FACE_OUTER_BOUND('',#1249,.T.);
#1251=ADVANCED_FACE('',(#1250),#1232,.T.);
#1252=CARTESIAN_POINT('',(10.750000000000055,-54.700000000000003,-10.100000000000032));
#1253=DIRECTION('',(-1.0,0.0,0.0));
#1254=DIRECTION('',(0.0,-0.707106781186547,0.707106781186548));
#1255=AXIS2_PLACEMENT_3D('',#1252,#1253,#1254);
#1256=CONICAL_SURFACE('',#1255,0.750000000000000,44.999999999999979);
#1257=CARTESIAN_POINT('',(11.000000000000053,-55.200000000000003,-10.100000000000032));
#1258=VERTEX_POINT('',#1257);
#1259=CARTESIAN_POINT('',(10.500000000000053,-55.700000000000003,-10.100000000000032));
#1260=DIRECTION('',(0.707106781186547,0.707106781186547,0.0));
#1261=VECTOR('',#1260,0.707106781186548);
#1262=LINE('',#1259,#1261);
#1263=EDGE_CURVE('',#1065,#1258,#1262,.T.);
#1264=ORIENTED_EDGE('',*,*,#1263,.T.);
#1265=CARTESIAN_POINT('',(11.000000000000053,-54.700000000000003,-10.100000000000032));
#1266=DIRECTION('',(-1.0,0.0,0.0));
#1267=DIRECTION('',(0.0,-0.707106781186547,0.707106781186548));
#1268=AXIS2_PLACEMENT_3D('',#1265,#1266,#1267);
#1269=CIRCLE('',#1268,0.500000000000000);
#1270=EDGE_CURVE('',#1258,#780,#1269,.T.);
#1271=ORIENTED_EDGE('',*,*,#1270,.T.);
#1272=ORIENTED_EDGE('',*,*,#785,.F.);
#1273=ORIENTED_EDGE('',*,*,#1077,.T.);
#1274=EDGE_LOOP('',(#1264,#1271,#1272,#1273));
#1275=FACE_OUTER_BOUND('',#1274,.T.);
#1276=ADVANCED_FACE('',(#1275),#1256,.T.);
#1277=CARTESIAN_POINT('',(10.750000000000055,-55.450000000000003,-23.518381274451173));
#1278=DIRECTION('',(0.707106781186548,-0.707106781186547,0.0));
#1279=DIRECTION('',(0.0,0.0,-1.0));
#1280=AXIS2_PLACEMENT_3D('',#1277,#1278,#1279);
#1281=PLANE('',#1280);
#1282=CARTESIAN_POINT('',(11.000000000000053,-55.200000000000003,-26.100000000000023));
#1283=VERTEX_POINT('',#1282);
#1284=CARTESIAN_POINT('',(10.500000000000053,-55.700000000000003,-26.100000000000023));
#1285=DIRECTION('',(0.707106781186547,0.707106781186547,0.0));
#1286=VECTOR('',#1285,0.707106781186548);
#1287=LINE('',#1284,#1286);
#1288=EDGE_CURVE('',#1090,#1283,#1287,.T.);
#1289=ORIENTED_EDGE('',*,*,#1288,.T.);
#1290=CARTESIAN_POINT('',(11.000000000000053,-55.200000000000003,-26.100000000000023));
#1291=DIRECTION('',(0.0,0.0,1.0));
#1292=VECTOR('',#1291,15.999999999999991);
#1293=LINE('',#1290,#1292);
#1294=EDGE_CURVE('',#1283,#1258,#1293,.T.);
#1295=ORIENTED_EDGE('',*,*,#1294,.T.);
#1296=ORIENTED_EDGE('',*,*,#1263,.F.);
#1297=ORIENTED_EDGE('',*,*,#1101,.T.);
#1298=EDGE_LOOP('',(#1289,#1295,#1296,#1297));
#1299=FACE_OUTER_BOUND('',#1298,.T.);
#1300=ADVANCED_FACE('',(#1299),#1281,.T.);
#1301=CARTESIAN_POINT('',(10.750000000000055,-54.699999999999996,-26.100000000000023));
#1302=DIRECTION('',(-1.0,0.0,0.0));
#1303=DIRECTION('',(0.0,-0.707106781186549,-0.707106781186547));
#1304=AXIS2_PLACEMENT_3D('',#1301,#1302,#1303);
#1305=CONICAL_SURFACE('',#1304,0.750000000000000,44.999999999999986);
#1306=CARTESIAN_POINT('',(11.000000000000053,-54.699999999999996,-26.600000000000023));
#1307=VERTEX_POINT('',#1306);
#1308=CARTESIAN_POINT('',(10.500000000000053,-54.700000000000003,-27.100000000000023));
#1309=DIRECTION('',(0.707106781186547,1.004859E-014,0.707106781186547));
#1310=VECTOR('',#1309,0.707106781186548);
#1311=LINE('',#1308,#1310);
#1312=EDGE_CURVE('',#1117,#1307,#1311,.T.);
#1313=ORIENTED_EDGE('',*,*,#1312,.T.);
#1314=CARTESIAN_POINT('',(11.000000000000053,-54.699999999999996,-26.100000000000023));
#1315=DIRECTION('',(-1.0,0.0,0.0));
#1316=DIRECTION('',(0.0,-0.707106781186548,-0.707106781186547));
#1317=AXIS2_PLACEMENT_3D('',#1314,#1315,#1316);
#1318=CIRCLE('',#1317,0.500000000000000);
#1319=EDGE_CURVE('',#1307,#1283,#1318,.T.);
#1320=ORIENTED_EDGE('',*,*,#1319,.T.);
#1321=ORIENTED_EDGE('',*,*,#1288,.F.);
#1322=ORIENTED_EDGE('',*,*,#1129,.T.);
#1323=EDGE_LOOP('',(#1313,#1320,#1321,#1322));
#1324=FACE_OUTER_BOUND('',#1323,.T.);
#1325=ADVANCED_FACE('',(#1324),#1305,.T.);
#1326=CARTESIAN_POINT('',(10.750000000000055,-34.177647973131201,-26.850000000000044));
#1327=DIRECTION('',(0.707106781186548,-7.598137E-016,-0.707106781186548));
#1328=DIRECTION('',(-0.707106781186548,-7.598137E-016,-0.707106781186548));
#1329=AXIS2_PLACEMENT_3D('',#1326,#1327,#1328);
#1330=PLANE('',#1329);
#1331=CARTESIAN_POINT('',(11.000000000000053,-28.791910702798596,-26.600000000000051));
#1332=VERTEX_POINT('',#1331);
#1333=CARTESIAN_POINT('',(10.500000000000053,-28.791910702798596,-27.100000000000051));
#1334=DIRECTION('',(0.707106781186547,0.0,0.707106781186547));
#1335=VECTOR('',#1334,0.707106781186548);
#1336=LINE('',#1333,#1335);
#1337=EDGE_CURVE('',#1142,#1332,#1336,.T.);
#1338=ORIENTED_EDGE('',*,*,#1337,.T.);
#1339=CARTESIAN_POINT('',(11.000000000000053,-28.791910702798596,-26.600000000000051));
#1340=DIRECTION('',(0.0,-1.0,0.0));
#1341=VECTOR('',#1340,25.908089297201400);
#1342=LINE('',#1339,#1341);
#1343=EDGE_CURVE('',#1332,#1307,#1342,.T.);
#1344=ORIENTED_EDGE('',*,*,#1343,.T.);
#1345=ORIENTED_EDGE('',*,*,#1312,.F.);
#1346=ORIENTED_EDGE('',*,*,#1153,.T.);
#1347=EDGE_LOOP('',(#1338,#1344,#1345,#1346));
#1348=FACE_OUTER_BOUND('',#1347,.T.);
#1349=ADVANCED_FACE('',(#1348),#1330,.T.);
#1350=CARTESIAN_POINT('',(10.750000000000055,-28.791910702798592,-24.100000000000051));
#1351=DIRECTION('',(-1.0,0.0,0.0));
#1352=DIRECTION('',(0.0,0.342020143325667,-0.939692620785909));
#1353=AXIS2_PLACEMENT_3D('',#1350,#1351,#1352);
#1354=CONICAL_SURFACE('',#1353,2.750000000000000,44.999999999999901);
#1355=CARTESIAN_POINT('',(11.000000000000053,-27.184941678582248,-26.015111107797498));
#1356=VERTEX_POINT('',#1355);
#1357=CARTESIAN_POINT('',(10.500000000000053,-26.863547873738980,-26.398133329356984));
#1358=DIRECTION('',(0.707106781186550,-0.454519477672043,0.541675220419699));
#1359=VECTOR('',#1358,0.707106781186545);
#1360=LINE('',#1357,#1359);
#1361=EDGE_CURVE('',#1169,#1356,#1360,.T.);
#1362=ORIENTED_EDGE('',*,*,#1361,.T.);
#1363=CARTESIAN_POINT('',(11.000000000000053,-28.791910702798592,-24.100000000000051));
#1364=DIRECTION('',(-1.0,0.0,0.0));
#1365=DIRECTION('',(0.0,0.342020143325667,-0.939692620785909));
#1366=AXIS2_PLACEMENT_3D('',#1363,#1364,#1365);
#1367=CIRCLE('',#1366,2.500000000000001);
#1368=EDGE_CURVE('',#1356,#1332,#1367,.T.);
#1369=ORIENTED_EDGE('',*,*,#1368,.T.);
#1370=ORIENTED_EDGE('',*,*,#1337,.F.);
#1371=ORIENTED_EDGE('',*,*,#1181,.T.);
#1372=EDGE_LOOP('',(#1362,#1369,#1370,#1371));
#1373=FACE_OUTER_BOUND('',#1372,.T.);
#1374=ADVANCED_FACE('',(#1373),#1354,.T.);
#1375=CARTESIAN_POINT('',(10.750000000000055,-27.398333827411186,-26.520520203509051));
#1376=DIRECTION('',(0.707106781186549,0.454519477672042,-0.541675220419701));
#1377=DIRECTION('',(-0.608120402411341,-8.530171E-016,-0.793844806099447));
#1378=AXIS2_PLACEMENT_3D('',#1375,#1376,#1377);
#1379=PLANE('',#1378);
#1380=CARTESIAN_POINT('',(11.000000000000053,-23.199999999999989,-22.671348015036155));
#1381=DIRECTION('',(0.0,-0.766044443118978,-0.642787609686539));
#1382=VECTOR('',#1381,5.201971914785286);
#1383=LINE('',#1380,#1382);
#1384=EDGE_CURVE('',#1235,#1356,#1383,.T.);
#1385=ORIENTED_EDGE('',*,*,#1384,.T.);
#1386=ORIENTED_EDGE('',*,*,#1361,.F.);
#1387=ORIENTED_EDGE('',*,*,#1205,.T.);
#1388=ORIENTED_EDGE('',*,*,#1246,.F.);
#1389=EDGE_LOOP('',(#1385,#1386,#1387,#1388));
#1390=FACE_OUTER_BOUND('',#1389,.T.);
#1391=ADVANCED_FACE('',(#1390),#1379,.T.);
#1392=CARTESIAN_POINT('',(-10.999999999999947,-40.655295946262406,-19.936762548902326));
#1393=DIRECTION('',(1.0,0.0,0.0));
#1394=DIRECTION('',(0.0,0.0,-1.0));
#1395=AXIS2_PLACEMENT_3D('',#1392,#1393,#1394);
#1396=PLANE('',#1395);
#1397=ORIENTED_EDGE('',*,*,#760,.F.);
#1398=CARTESIAN_POINT('',(-10.999999999999947,-47.699999999999996,-21.100000000000030));
#1399=VERTEX_POINT('',#1398);
#1400=CARTESIAN_POINT('',(-10.999999999999947,-47.699999999999996,-21.100000000000030));
#1401=DIRECTION('',(0.0,0.0,1.0));
#1402=VECTOR('',#1401,11.000000000000004);
#1403=LINE('',#1400,#1402);
#1404=EDGE_CURVE('',#1399,#748,#1403,.T.);
#1405=ORIENTED_EDGE('',*,*,#1404,.F.);
#1406=CARTESIAN_POINT('',(-10.999999999999947,-46.700000000000003,-22.100000000000030));
#1407=VERTEX_POINT('',#1406);
#1408=CARTESIAN_POINT('',(-10.999999999999947,-46.700000000000003,-21.100000000000033));
#1409=DIRECTION('',(-1.0,0.0,0.0));
#1410=DIRECTION('',(0.0,-1.0,0.0));
#1411=AXIS2_PLACEMENT_3D('',#1408,#1409,#1410);
#1412=CIRCLE('',#1411,1.000000000000000);
#1413=EDGE_CURVE('',#1407,#1399,#1412,.T.);
#1414=ORIENTED_EDGE('',*,*,#1413,.F.);
#1415=CARTESIAN_POINT('',(-10.999999999999947,-31.699999999999996,-22.100000000000044));
#1416=VERTEX_POINT('',#1415);
#1417=CARTESIAN_POINT('',(-10.999999999999947,-31.699999999999996,-22.100000000000044));
#1418=DIRECTION('',(0.0,-1.0,0.0));
#1419=VECTOR('',#1418,15.000000000000007);
#1420=LINE('',#1417,#1419);
#1421=EDGE_CURVE('',#1416,#1407,#1420,.T.);
#1422=ORIENTED_EDGE('',*,*,#1421,.F.);
#1423=CARTESIAN_POINT('',(-10.999999999999947,-30.699999999999989,-21.100000000000048));
#1424=VERTEX_POINT('',#1423);
#1425=CARTESIAN_POINT('',(-10.999999999999947,-31.699999999999996,-21.100000000000048));
#1426=DIRECTION('',(-1.0,0.0,0.0));
#1427=DIRECTION('',(0.0,0.0,-1.0));
#1428=AXIS2_PLACEMENT_3D('',#1425,#1426,#1427);
#1429=CIRCLE('',#1428,1.000000000000005);
#1430=EDGE_CURVE('',#1424,#1416,#1429,.T.);
#1431=ORIENTED_EDGE('',*,*,#1430,.F.);
#1432=CARTESIAN_POINT('',(-10.999999999999947,-30.699999999999985,-13.100000000000051));
#1433=VERTEX_POINT('',#1432);
#1434=CARTESIAN_POINT('',(-10.999999999999947,-30.699999999999985,-13.100000000000051));
#1435=DIRECTION('',(0.0,0.0,-1.0));
#1436=VECTOR('',#1435,7.999999999999996);
#1437=LINE('',#1434,#1436);
#1438=EDGE_CURVE('',#1433,#1424,#1437,.T.);
#1439=ORIENTED_EDGE('',*,*,#1438,.F.);
#1440=CARTESIAN_POINT('',(-10.999999999999947,-29.699999999999982,-12.100000000000053));
#1441=VERTEX_POINT('',#1440);
#1442=CARTESIAN_POINT('',(-10.999999999999947,-29.699999999999985,-13.100000000000055));
#1443=DIRECTION('',(1.0,0.0,0.0));
#1444=DIRECTION('',(0.0,0.0,-1.0));
#1445=AXIS2_PLACEMENT_3D('',#1442,#1443,#1444);
#1446=CIRCLE('',#1445,1.000000000000001);
#1447=EDGE_CURVE('',#1441,#1433,#1446,.T.);
#1448=ORIENTED_EDGE('',*,*,#1447,.F.);
#1449=CARTESIAN_POINT('',(-10.999999999999947,-26.699999999999982,-12.100000000000053));
#1450=DIRECTION('',(0.0,-1.0,0.0));
#1451=VECTOR('',#1450,3.0);
#1452=LINE('',#1449,#1451);
#1453=EDGE_CURVE('',#533,#1441,#1452,.T.);
#1454=ORIENTED_EDGE('',*,*,#1453,.F.);
#1455=ORIENTED_EDGE('',*,*,#538,.T.);
#1456=ORIENTED_EDGE('',*,*,#599,.T.);
#1457=ORIENTED_EDGE('',*,*,#583,.F.);
#1458=ORIENTED_EDGE('',*,*,#901,.F.);
#1459=ORIENTED_EDGE('',*,*,#865,.F.);
#1460=ORIENTED_EDGE('',*,*,#926,.F.);
#1461=ORIENTED_EDGE('',*,*,#958,.F.);
#1462=ORIENTED_EDGE('',*,*,#990,.F.);
#1463=ORIENTED_EDGE('',*,*,#1022,.F.);
#1464=ORIENTED_EDGE('',*,*,#1045,.F.);
#1465=ORIENTED_EDGE('',*,*,#832,.F.);
#1466=EDGE_LOOP('',(#1397,#1405,#1414,#1422,#1431,#1439,#1448,#1454,#1455,#1456,#1457,#1458,#1459,#1460,#1461,#1462,#1463,#1464,#1465));
#1467=FACE_OUTER_BOUND('',#1466,.T.);
#1468=ADVANCED_FACE('',(#1467),#1396,.F.);
#1469=CARTESIAN_POINT('',(5.280525E-014,-30.699999999999989,-21.100000000000048));
#1470=DIRECTION('',(0.0,-1.0,0.0));
#1471=DIRECTION('',(0.0,0.0,-1.0));
#1472=AXIS2_PLACEMENT_3D('',#1469,#1470,#1471);
#1473=PLANE('',#1472);
#1474=CARTESIAN_POINT('',(11.000000000000053,-30.699999999999985,-13.100000000000051));
#1475=VERTEX_POINT('',#1474);
#1476=CARTESIAN_POINT('',(11.000000000000053,-30.699999999999985,-13.100000000000051));
#1477=DIRECTION('',(-1.0,0.0,0.0));
#1478=VECTOR('',#1477,22.0);
#1479=LINE('',#1476,#1478);
#1480=EDGE_CURVE('',#1475,#1433,#1479,.T.);
#1481=ORIENTED_EDGE('',*,*,#1480,.T.);
#1482=ORIENTED_EDGE('',*,*,#1438,.T.);
#1483=CARTESIAN_POINT('',(11.000000000000053,-30.699999999999989,-21.100000000000048));
#1484=VERTEX_POINT('',#1483);
#1485=CARTESIAN_POINT('',(11.000000000000053,-30.699999999999989,-21.100000000000048));
#1486=DIRECTION('',(-1.0,0.0,0.0));
#1487=VECTOR('',#1486,22.0);
#1488=LINE('',#1485,#1487);
#1489=EDGE_CURVE('',#1484,#1424,#1488,.T.);
#1490=ORIENTED_EDGE('',*,*,#1489,.F.);
#1491=CARTESIAN_POINT('',(11.000000000000053,-30.699999999999989,-21.100000000000048));
#1492=DIRECTION('',(0.0,0.0,1.0));
#1493=VECTOR('',#1492,7.999999999999996);
#1494=LINE('',#1491,#1493);
#1495=EDGE_CURVE('',#1484,#1475,#1494,.T.);
#1496=ORIENTED_EDGE('',*,*,#1495,.T.);
#1497=EDGE_LOOP('',(#1481,#1482,#1490,#1496));
#1498=FACE_OUTER_BOUND('',#1497,.T.);
#1499=CARTESIAN_POINT('',(2.250000000000053,-30.699999999999982,-16.100000000000033));
#1500=VERTEX_POINT('',#1499);
#1501=CARTESIAN_POINT('',(5.280525E-014,-30.699999999999985,-16.100000000000033));
#1502=DIRECTION('',(0.0,1.0,0.0));
#1503=DIRECTION('',(1.0,0.0,0.0));
#1504=AXIS2_PLACEMENT_3D('',#1501,#1502,#1503);
#1505=CIRCLE('',#1504,2.250000000000000);
#1506=EDGE_CURVE('',#1500,#1500,#1505,.T.);
#1507=ORIENTED_EDGE('',*,*,#1506,.T.);
#1508=EDGE_LOOP('',(#1507));
#1509=FACE_BOUND('',#1508,.T.);
#1510=ADVANCED_FACE('',(#1498,#1509),#1473,.T.);
#1511=CARTESIAN_POINT('',(-2.249999999999950,-27.699999999999982,-16.100000000000033));
#1512=CARTESIAN_POINT('',(5.284662E-014,-26.348063607187967,-16.100000000000033));
#1513=CARTESIAN_POINT('',(-2.249999999999950,-27.699999999999985,-18.350000000000037));
#1514=CARTESIAN_POINT('',(5.284662E-014,-26.348063607187967,-16.100000000000033));
#1515=CARTESIAN_POINT('',(5.280525E-014,-27.699999999999982,-18.350000000000037));
#1516=CARTESIAN_POINT('',(5.280525E-014,-26.348063607187967,-16.100000000000033));
#1517=CARTESIAN_POINT('',(2.250000000000056,-27.699999999999985,-18.350000000000037));
#1518=CARTESIAN_POINT('',(5.276388E-014,-26.348063607187967,-16.100000000000033));
#1519=CARTESIAN_POINT('',(2.250000000000056,-27.699999999999982,-16.100000000000033));
#1520=CARTESIAN_POINT('',(5.276388E-014,-26.348063607187967,-16.100000000000033));
#1521=CARTESIAN_POINT('',(2.250000000000056,-27.699999999999985,-13.850000000000030));
#1522=CARTESIAN_POINT('',(5.276388E-014,-26.348063607187967,-16.100000000000033));
#1523=CARTESIAN_POINT('',(5.280525E-014,-27.699999999999982,-13.850000000000030));
#1524=CARTESIAN_POINT('',(5.280525E-014,-26.348063607187967,-16.100000000000033));
#1525=CARTESIAN_POINT('',(-2.249999999999950,-27.699999999999985,-13.850000000000030));
#1526=CARTESIAN_POINT('',(5.284662E-014,-26.348063607187967,-16.100000000000033));
#1527=CARTESIAN_POINT('',(-2.249999999999950,-27.699999999999982,-16.100000000000033));
#1528=CARTESIAN_POINT('',(5.284662E-014,-26.348063607187967,-16.100000000000033));
#1536=(BOUNDED_SURFACE()B_SPLINE_SURFACE(1,2,((#1511,#1513,#1515,#1517,#1519,#1521,#1523,#1525,#1527),(#1512,#1514,#1516,#1518,#1520,#1522,#1524,#1526,#1528)),.UNSPECIFIED.,.F.,.T.,.U.)B_SPLINE_SURFACE_WITH_KNOTS((2,2),(3,2,2,2,3),(-1.166633397215334,1.166633397215330),(0.0,1.767145867644259,3.534291735288517,5.301437602932776,7.068583470577035),.UNSPECIFIED.)GEOMETRIC_REPRESENTATION_ITEM()RATIONAL_B_SPLINE_SURFACE(((1.0,0.707106781186548,1.0,0.707106781186548,1.0,0.707106781186548,1.0,0.707106781186548,1.0),(1.0,0.707106781186548,1.0,0.707106781186548,1.0,0.707106781186548,1.0,0.707106781186548,1.0)))REPRESENTATION_ITEM('')SURFACE());
#1537=CARTESIAN_POINT('',(2.250000000000053,-27.699999999999982,-16.100000000000033));
#1538=VERTEX_POINT('',#1537);
#1539=CARTESIAN_POINT('',(5.280525E-014,-27.699999999999982,-16.100000000000033));
#1540=DIRECTION('',(0.0,-1.0,0.0));
#1541=DIRECTION('',(1.0,0.0,0.0));
#1542=AXIS2_PLACEMENT_3D('',#1539,#1540,#1541);
#1543=CIRCLE('',#1542,2.250000000000000);
#1544=EDGE_CURVE('',#1538,#1538,#1543,.T.);
#1545=ORIENTED_EDGE('',*,*,#1544,.T.);
#1546=EDGE_LOOP('',(#1545));
#1547=FACE_OUTER_BOUND('',#1546,.T.);
#1548=ADVANCED_FACE('',(#1547),#1536,.F.);
#1549=CARTESIAN_POINT('',(-2.249999999999947,-30.699999999999985,-16.100000000000033));
#1550=CARTESIAN_POINT('',(-2.249999999999947,-27.699999999999978,-16.100000000000033));
#1551=CARTESIAN_POINT('',(-2.249999999999947,-30.699999999999989,-18.350000000000033));
#1552=CARTESIAN_POINT('',(-2.249999999999947,-27.699999999999978,-18.350000000000033));
#1553=CARTESIAN_POINT('',(5.280525E-014,-30.699999999999985,-18.350000000000033));
#1554=CARTESIAN_POINT('',(5.280525E-014,-27.699999999999978,-18.350000000000033));
#1555=CARTESIAN_POINT('',(2.250000000000052,-30.699999999999989,-18.350000000000033));
#1556=CARTESIAN_POINT('',(2.250000000000052,-27.699999999999978,-18.350000000000033));
#1557=CARTESIAN_POINT('',(2.250000000000053,-30.699999999999985,-16.100000000000033));
#1558=CARTESIAN_POINT('',(2.250000000000053,-27.699999999999978,-16.100000000000033));
#1559=CARTESIAN_POINT('',(2.250000000000052,-30.699999999999989,-13.850000000000035));
#1560=CARTESIAN_POINT('',(2.250000000000052,-27.699999999999978,-13.850000000000035));
#1561=CARTESIAN_POINT('',(5.280525E-014,-30.699999999999985,-13.850000000000033));
#1562=CARTESIAN_POINT('',(5.280525E-014,-27.699999999999978,-13.850000000000033));
#1563=CARTESIAN_POINT('',(-2.249999999999947,-30.699999999999989,-13.850000000000035));
#1564=CARTESIAN_POINT('',(-2.249999999999947,-27.699999999999978,-13.850000000000035));
#1565=CARTESIAN_POINT('',(-2.249999999999947,-30.699999999999985,-16.100000000000033));
#1566=CARTESIAN_POINT('',(-2.249999999999947,-27.699999999999978,-16.100000000000033));
#1574=(BOUNDED_SURFACE()B_SPLINE_SURFACE(1,2,((#1549,#1551,#1553,#1555,#1557,#1559,#1561,#1563,#1565),(#1550,#1552,#1554,#1556,#1558,#1560,#1562,#1564,#1566)),.UNSPECIFIED.,.F.,.T.,.U.)B_SPLINE_SURFACE_WITH_KNOTS((2,2),(3,2,2,2,3),(-0.666666666666668,0.666666666666668),(0.0,3.534291735288517,7.068583470577035,10.602875205865551,14.137166941154069),.UNSPECIFIED.)GEOMETRIC_REPRESENTATION_ITEM()RATIONAL_B_SPLINE_SURFACE(((1.0,0.707106781186548,1.0,0.707106781186548,1.0,0.707106781186548,1.0,0.707106781186548,1.0),(1.0,0.707106781186548,1.0,0.707106781186548,1.0,0.707106781186548,1.0,0.707106781186548,1.0)))REPRESENTATION_ITEM('')SURFACE());
#1575=ORIENTED_EDGE('',*,*,#1506,.F.);
#1576=EDGE_LOOP('',(#1575));
#1577=FACE_OUTER_BOUND('',#1576,.T.);
#1578=ORIENTED_EDGE('',*,*,#1544,.F.);
#1579=EDGE_LOOP('',(#1578));
#1580=FACE_BOUND('',#1579,.T.);
#1581=ADVANCED_FACE('',(#1577,#1580),#1574,.F.);
#1582=CARTESIAN_POINT('',(5.280525E-014,-47.700000000000003,-9.100000000000023));
#1583=DIRECTION('',(0.0,1.0,0.0));
#1584=DIRECTION('',(0.0,0.0,1.0));
#1585=AXIS2_PLACEMENT_3D('',#1582,#1583,#1584);
#1586=PLANE('',#1585);
#1587=ORIENTED_EDGE('',*,*,#753,.F.);
#1588=CARTESIAN_POINT('',(11.000000000000053,-47.699999999999996,-21.100000000000030));
#1589=VERTEX_POINT('',#1588);
#1590=CARTESIAN_POINT('',(11.000000000000053,-47.700000000000003,-10.100000000000026));
#1591=DIRECTION('',(0.0,0.0,-1.0));
#1592=VECTOR('',#1591,11.000000000000004);
#1593=LINE('',#1590,#1592);
#1594=EDGE_CURVE('',#739,#1589,#1593,.T.);
#1595=ORIENTED_EDGE('',*,*,#1594,.T.);
#1596=CARTESIAN_POINT('',(11.000000000000053,-47.699999999999996,-21.100000000000030));
#1597=DIRECTION('',(-1.0,0.0,0.0));
#1598=VECTOR('',#1597,22.0);
#1599=LINE('',#1596,#1598);
#1600=EDGE_CURVE('',#1589,#1399,#1599,.T.);
#1601=ORIENTED_EDGE('',*,*,#1600,.T.);
#1602=ORIENTED_EDGE('',*,*,#1404,.T.);
#1603=EDGE_LOOP('',(#1587,#1595,#1601,#1602));
#1604=FACE_OUTER_BOUND('',#1603,.T.);
#1605=ORIENTED_EDGE('',*,*,#700,.T.);
#1606=EDGE_LOOP('',(#1605));
#1607=FACE_BOUND('',#1606,.T.);
#1608=ADVANCED_FACE('',(#1604,#1607),#1586,.T.);
#1609=CARTESIAN_POINT('',(5.280525E-014,-46.700000000000003,-21.100000000000033));
#1610=DIRECTION('',(1.0,0.0,0.0));
#1611=DIRECTION('',(0.0,-1.0,0.0));
#1612=AXIS2_PLACEMENT_3D('',#1609,#1610,#1611);
#1613=CYLINDRICAL_SURFACE('',#1612,1.000000000000000);
#1614=CARTESIAN_POINT('',(11.000000000000053,-46.700000000000003,-22.100000000000030));
#1615=VERTEX_POINT('',#1614);
#1616=CARTESIAN_POINT('',(11.000000000000053,-46.700000000000003,-21.100000000000033));
#1617=DIRECTION('',(1.0,0.0,0.0));
#1618=DIRECTION('',(0.0,-1.0,0.0));
#1619=AXIS2_PLACEMENT_3D('',#1616,#1617,#1618);
#1620=CIRCLE('',#1619,1.000000000000000);
#1621=EDGE_CURVE('',#1589,#1615,#1620,.T.);
#1622=ORIENTED_EDGE('',*,*,#1621,.T.);
#1623=CARTESIAN_POINT('',(11.000000000000053,-46.700000000000003,-22.100000000000030));
#1624=DIRECTION('',(-1.0,0.0,0.0));
#1625=VECTOR('',#1624,22.0);
#1626=LINE('',#1623,#1625);
#1627=EDGE_CURVE('',#1615,#1407,#1626,.T.);
#1628=ORIENTED_EDGE('',*,*,#1627,.T.);
#1629=ORIENTED_EDGE('',*,*,#1413,.T.);
#1630=ORIENTED_EDGE('',*,*,#1600,.F.);
#1631=EDGE_LOOP('',(#1622,#1628,#1629,#1630));
#1632=FACE_OUTER_BOUND('',#1631,.T.);
#1633=ADVANCED_FACE('',(#1632),#1613,.F.);
#1634=CARTESIAN_POINT('',(5.280525E-014,-46.700000000000003,-22.100000000000030));
#1635=DIRECTION('',(0.0,0.0,1.0));
#1636=DIRECTION('',(1.0,0.0,0.0));
#1637=AXIS2_PLACEMENT_3D('',#1634,#1635,#1636);
#1638=PLANE('',#1637);
#1639=CARTESIAN_POINT('',(11.000000000000053,-31.699999999999996,-22.100000000000044));
#1640=VERTEX_POINT('',#1639);
#1641=CARTESIAN_POINT('',(11.000000000000053,-46.700000000000003,-22.100000000000030));
#1642=DIRECTION('',(0.0,1.0,0.0));
#1643=VECTOR('',#1642,15.000000000000007);
#1644=LINE('',#1641,#1643);
#1645=EDGE_CURVE('',#1615,#1640,#1644,.T.);
#1646=ORIENTED_EDGE('',*,*,#1645,.T.);
#1647=CARTESIAN_POINT('',(11.000000000000053,-31.699999999999996,-22.100000000000044));
#1648=DIRECTION('',(-1.0,0.0,0.0));
#1649=VECTOR('',#1648,22.0);
#1650=LINE('',#1647,#1649);
#1651=EDGE_CURVE('',#1640,#1416,#1650,.T.);
#1652=ORIENTED_EDGE('',*,*,#1651,.T.);
#1653=ORIENTED_EDGE('',*,*,#1421,.T.);
#1654=ORIENTED_EDGE('',*,*,#1627,.F.);
#1655=EDGE_LOOP('',(#1646,#1652,#1653,#1654));
#1656=FACE_OUTER_BOUND('',#1655,.T.);
#1657=ADVANCED_FACE('',(#1656),#1638,.T.);
#1658=CARTESIAN_POINT('',(5.280525E-014,-31.699999999999996,-21.100000000000048));
#1659=DIRECTION('',(1.0,0.0,0.0));
#1660=DIRECTION('',(0.0,0.0,-1.0));
#1661=AXIS2_PLACEMENT_3D('',#1658,#1659,#1660);
#1662=CYLINDRICAL_SURFACE('',#1661,1.000000000000005);
#1663=CARTESIAN_POINT('',(11.000000000000053,-31.699999999999996,-21.100000000000048));
#1664=DIRECTION('',(1.0,0.0,0.0));
#1665=DIRECTION('',(0.0,0.0,-1.0));
#1666=AXIS2_PLACEMENT_3D('',#1663,#1664,#1665);
#1667=CIRCLE('',#1666,1.000000000000005);
#1668=EDGE_CURVE('',#1640,#1484,#1667,.T.);
#1669=ORIENTED_EDGE('',*,*,#1668,.T.);
#1670=ORIENTED_EDGE('',*,*,#1489,.T.);
#1671=ORIENTED_EDGE('',*,*,#1430,.T.);
#1672=ORIENTED_EDGE('',*,*,#1651,.F.);
#1673=EDGE_LOOP('',(#1669,#1670,#1671,#1672));
#1674=FACE_OUTER_BOUND('',#1673,.T.);
#1675=ADVANCED_FACE('',(#1674),#1662,.F.);
#1676=CARTESIAN_POINT('',(5.280525E-014,-29.699999999999985,-13.100000000000055));
#1677=DIRECTION('',(1.0,0.0,0.0));
#1678=DIRECTION('',(0.0,0.0,-1.0));
#1679=AXIS2_PLACEMENT_3D('',#1676,#1677,#1678);
#1680=CYLINDRICAL_SURFACE('',#1679,1.000000000000001);
#1681=ORIENTED_EDGE('',*,*,#1480,.F.);
#1682=CARTESIAN_POINT('',(11.000000000000053,-29.699999999999982,-12.100000000000053));
#1683=VERTEX_POINT('',#1682);
#1684=CARTESIAN_POINT('',(11.000000000000053,-29.699999999999985,-13.100000000000055));
#1685=DIRECTION('',(-1.0,0.0,0.0));
#1686=DIRECTION('',(0.0,0.0,-1.0));
#1687=AXIS2_PLACEMENT_3D('',#1684,#1685,#1686);
#1688=CIRCLE('',#1687,1.000000000000001);
#1689=EDGE_CURVE('',#1475,#1683,#1688,.T.);
#1690=ORIENTED_EDGE('',*,*,#1689,.T.);
#1691=CARTESIAN_POINT('',(11.000000000000053,-29.699999999999982,-12.100000000000053));
#1692=DIRECTION('',(-1.0,0.0,0.0));
#1693=VECTOR('',#1692,22.0);
#1694=LINE('',#1691,#1693);
#1695=EDGE_CURVE('',#1683,#1441,#1694,.T.);
#1696=ORIENTED_EDGE('',*,*,#1695,.T.);
#1697=ORIENTED_EDGE('',*,*,#1447,.T.);
#1698=EDGE_LOOP('',(#1681,#1690,#1696,#1697));
#1699=FACE_OUTER_BOUND('',#1698,.T.);
#1700=ADVANCED_FACE('',(#1699),#1680,.T.);
#1701=CARTESIAN_POINT('',(5.280525E-014,-29.699999999999982,-12.100000000000053));
#1702=DIRECTION('',(0.0,0.0,1.0));
#1703=DIRECTION('',(1.0,0.0,0.0));
#1704=AXIS2_PLACEMENT_3D('',#1701,#1702,#1703);
#1705=PLANE('',#1704);
#1706=CARTESIAN_POINT('',(11.000000000000053,-29.699999999999982,-12.100000000000053));
#1707=DIRECTION('',(0.0,1.0,0.0));
#1708=VECTOR('',#1707,3.0);
#1709=LINE('',#1706,#1708);
#1710=EDGE_CURVE('',#1683,#541,#1709,.T.);
#1711=ORIENTED_EDGE('',*,*,#1710,.T.);
#1712=ORIENTED_EDGE('',*,*,#546,.T.);
#1713=ORIENTED_EDGE('',*,*,#1453,.T.);
#1714=ORIENTED_EDGE('',*,*,#1695,.F.);
#1715=EDGE_LOOP('',(#1711,#1712,#1713,#1714));
#1716=FACE_OUTER_BOUND('',#1715,.T.);
#1717=ADVANCED_FACE('',(#1716),#1705,.T.);
#1718=CARTESIAN_POINT('',(11.000000000000053,-40.655295946262399,-19.936762548902326));
#1719=DIRECTION('',(1.0,0.0,0.0));
#1720=DIRECTION('',(0.0,0.0,-1.0));
#1721=AXIS2_PLACEMENT_3D('',#1718,#1719,#1720);
#1722=PLANE('',#1721);
#1723=ORIENTED_EDGE('',*,*,#745,.F.);
#1724=ORIENTED_EDGE('',*,*,#791,.F.);
#1725=ORIENTED_EDGE('',*,*,#1270,.F.);
#1726=ORIENTED_EDGE('',*,*,#1294,.F.);
#1727=ORIENTED_EDGE('',*,*,#1319,.F.);
#1728=ORIENTED_EDGE('',*,*,#1343,.F.);
#1729=ORIENTED_EDGE('',*,*,#1368,.F.);
#1730=ORIENTED_EDGE('',*,*,#1384,.F.);
#1731=ORIENTED_EDGE('',*,*,#1240,.F.);
#1732=ORIENTED_EDGE('',*,*,#505,.T.);
#1733=ORIENTED_EDGE('',*,*,#606,.T.);
#1734=ORIENTED_EDGE('',*,*,#552,.F.);
#1735=ORIENTED_EDGE('',*,*,#1710,.F.);
#1736=ORIENTED_EDGE('',*,*,#1689,.F.);
#1737=ORIENTED_EDGE('',*,*,#1495,.F.);
#1738=ORIENTED_EDGE('',*,*,#1668,.F.);
#1739=ORIENTED_EDGE('',*,*,#1645,.F.);
#1740=ORIENTED_EDGE('',*,*,#1621,.F.);
#1741=ORIENTED_EDGE('',*,*,#1594,.F.);
#1742=EDGE_LOOP('',(#1723,#1724,#1725,#1726,#1727,#1728,#1729,#1730,#1731,#1732,#1733,#1734,#1735,#1736,#1737,#1738,#1739,#1740,#1741));
#1743=FACE_OUTER_BOUND('',#1742,.T.);
#1744=ADVANCED_FACE('',(#1743),#1722,.T.);
#1745=CARTESIAN_POINT('',(-7.413397459621416,-63.849999999999994,-16.100000000000037));
#1746=DIRECTION('',(1.0,2.703565E-015,-8.964236E-016));
#1747=DIRECTION('',(-1.406945E-015,0.195211843487808,-0.980761100453159));
#1748=AXIS2_PLACEMENT_3D('',#1745,#1746,#1747);
#1749=CONICAL_SURFACE('',#1748,1.350000000000000,60.000000000000021);
#1750=CARTESIAN_POINT('',(-7.499999999999858,-64.084254212185371,-14.923086679456246));
#1751=VERTEX_POINT('',#1750);
#1752=CARTESIAN_POINT('',(-7.499999999999860,-63.849999999999994,-16.100000000000037));
#1753=DIRECTION('',(1.0,2.746524E-016,-1.379877E-015));
#1754=DIRECTION('',(-1.406945E-015,0.195211843487808,-0.980761100453159));
#1755=AXIS2_PLACEMENT_3D('',#1752,#1753,#1754);
#1756=CIRCLE('',#1755,1.200000000000000);
#1757=EDGE_CURVE('',#1751,#1751,#1756,.T.);
#1758=ORIENTED_EDGE('',*,*,#1757,.T.);
#1759=EDGE_LOOP('',(#1758));
#1760=FACE_OUTER_BOUND('',#1759,.T.);
#1761=CARTESIAN_POINT('',(-7.482968167058772,-62.620499999999993,-16.100000000000037));
#1762=VERTEX_POINT('',#1761);
#1763=CARTESIAN_POINT('',(-7.482968167058770,-63.849999999999994,-16.100000000000037));
#1764=DIRECTION('',(1.0,0.0,0.0));
#1765=DIRECTION('',(0.0,-1.0,0.0));
#1766=AXIS2_PLACEMENT_3D('',#1763,#1764,#1765);
#1767=CIRCLE('',#1766,1.229500000000000);
#1768=EDGE_CURVE('',#1762,#1762,#1767,.T.);
#1769=ORIENTED_EDGE('',*,*,#1768,.F.);
#1770=EDGE_LOOP('',(#1769));
#1771=FACE_BOUND('',#1770,.T.);
#1772=ADVANCED_FACE('',(#1760,#1771),#1749,.T.);
#1773=CARTESIAN_POINT('',(-7.499999999999860,-63.849999999999994,-16.100000000000037));
#1774=DIRECTION('',(1.0,0.0,0.0));
#1775=DIRECTION('',(0.0,0.195211843487808,-0.980761100453159));
#1776=AXIS2_PLACEMENT_3D('',#1773,#1774,#1775);
#1777=PLANE('',#1776);
#1778=ORIENTED_EDGE('',*,*,#1757,.F.);
#1779=EDGE_LOOP('',(#1778));
#1780=FACE_OUTER_BOUND('',#1779,.T.);
#1781=CARTESIAN_POINT('',(-7.499999999999859,-64.501838695168786,-16.670180949770078));
#1782=VERTEX_POINT('',#1781);
#1783=CARTESIAN_POINT('',(-7.499999999999861,-63.682128160329590,-16.949599344070919));
#1784=VERTEX_POINT('',#1783);
#1785=CARTESIAN_POINT('',(-7.499999999999859,-64.501838695168786,-16.670180949770078));
#1786=DIRECTION('',(-3.076740E-015,0.946520195893951,-0.322644570332242));
#1787=VECTOR('',#1786,0.866025403784450);
#1788=LINE('',#1785,#1787);
#1789=EDGE_CURVE('',#1782,#1784,#1788,.T.);
#1790=ORIENTED_EDGE('',*,*,#1789,.T.);
#1791=CARTESIAN_POINT('',(-7.499999999999862,-63.030289465160820,-16.379418394300881));
#1792=VERTEX_POINT('',#1791);
#1793=CARTESIAN_POINT('',(-7.499999999999861,-63.682128160329590,-16.949599344070919));
#1794=DIRECTION('',(-1.025580E-015,0.752678492247814,0.658388249673061));
#1795=VECTOR('',#1794,0.866025403784431);
#1796=LINE('',#1793,#1795);
#1797=EDGE_CURVE('',#1784,#1792,#1796,.T.);
#1798=ORIENTED_EDGE('',*,*,#1797,.T.);
#1799=CARTESIAN_POINT('',(-7.499999999999861,-63.198161304831217,-15.529819050229996));
#1800=VERTEX_POINT('',#1799);
#1801=CARTESIAN_POINT('',(-7.499999999999862,-63.030289465160820,-16.379418394300881));
#1802=DIRECTION('',(1.025580E-015,-0.193841703646123,0.981032820005309));
#1803=VECTOR('',#1802,0.866025403784440);
#1804=LINE('',#1801,#1803);
#1805=EDGE_CURVE('',#1792,#1800,#1804,.T.);
#1806=ORIENTED_EDGE('',*,*,#1805,.T.);
#1807=CARTESIAN_POINT('',(-7.499999999999859,-64.017871839670406,-15.250400655929152));
#1808=VERTEX_POINT('',#1807);
#1809=CARTESIAN_POINT('',(-7.499999999999861,-63.198161304831217,-15.529819050229996));
#1810=DIRECTION('',(3.076740E-015,-0.946520195893949,0.322644570332248));
#1811=VECTOR('',#1810,0.866025403784445);
#1812=LINE('',#1809,#1811);
#1813=EDGE_CURVE('',#1800,#1808,#1812,.T.);
#1814=ORIENTED_EDGE('',*,*,#1813,.T.);
#1815=CARTESIAN_POINT('',(-7.499999999999858,-64.669710534839183,-15.820581605699193));
#1816=VERTEX_POINT('',#1815);
#1817=CARTESIAN_POINT('',(-7.499999999999859,-64.017871839670406,-15.250400655929152));
#1818=DIRECTION('',(1.025580E-015,-0.752678492247816,-0.658388249673059));
#1819=VECTOR('',#1818,0.866025403784439);
#1820=LINE('',#1817,#1819);
#1821=EDGE_CURVE('',#1808,#1816,#1820,.T.);
#1822=ORIENTED_EDGE('',*,*,#1821,.T.);
#1823=CARTESIAN_POINT('',(-7.499999999999858,-64.669710534839183,-15.820581605699193));
#1824=DIRECTION('',(-1.025580E-015,0.193841703646123,-0.981032820005309));
#1825=VECTOR('',#1824,0.866025403784440);
#1826=LINE('',#1823,#1825);
#1827=EDGE_CURVE('',#1816,#1782,#1826,.T.);
#1828=ORIENTED_EDGE('',*,*,#1827,.T.);
#1829=EDGE_LOOP('',(#1790,#1798,#1806,#1814,#1822,#1828));
#1830=FACE_BOUND('',#1829,.T.);
#1831=ADVANCED_FACE('',(#1780,#1830),#1777,.F.);
#1832=CARTESIAN_POINT('',(-7.499999999999861,-63.682128160329590,-16.949599344070919));
#1833=DIRECTION('',(2.380737E-017,-0.322644570332250,-0.946520195893948));
#1834=DIRECTION('',(-1.0,0.0,0.0));
#1835=AXIS2_PLACEMENT_3D('',#1832,#1833,#1834);
#1836=PLANE('',#1835);
#1837=CARTESIAN_POINT('',(-6.299999999999861,-63.682128160329590,-16.949599344070919));
#1838=VERTEX_POINT('',#1837);
#1839=CARTESIAN_POINT('',(-6.299999999999859,-64.501838695168772,-16.670180949770078));
#1840=VERTEX_POINT('',#1839);
#1841=CARTESIAN_POINT('',(-6.299999999999861,-63.682128160329590,-16.949599344070919));
#1842=DIRECTION('',(3.076740E-015,-0.946520195893949,0.322644570332247));
#1843=VECTOR('',#1842,0.866025403784437);
#1844=LINE('',#1841,#1843);
#1845=EDGE_CURVE('',#1838,#1840,#1844,.T.);
#1846=ORIENTED_EDGE('',*,*,#1845,.F.);
#1847=CARTESIAN_POINT('',(-7.499999999999861,-63.682128160329590,-16.949599344070919));
#1848=DIRECTION('',(1.0,0.0,0.0));
#1849=VECTOR('',#1848,1.200000000000000);
#1850=LINE('',#1847,#1849);
#1851=EDGE_CURVE('',#1784,#1838,#1850,.T.);
#1852=ORIENTED_EDGE('',*,*,#1851,.F.);
#1853=ORIENTED_EDGE('',*,*,#1789,.F.);
#1854=CARTESIAN_POINT('',(-7.499999999999859,-64.501838695168786,-16.670180949770078));
#1855=DIRECTION('',(1.0,0.0,0.0));
#1856=VECTOR('',#1855,1.200000000000000);
#1857=LINE('',#1854,#1856);
#1858=EDGE_CURVE('',#1782,#1840,#1857,.T.);
#1859=ORIENTED_EDGE('',*,*,#1858,.T.);
#1860=EDGE_LOOP('',(#1846,#1852,#1853,#1859));
#1861=FACE_OUTER_BOUND('',#1860,.T.);
#1862=ADVANCED_FACE('',(#1861),#1836,.F.);
#1863=CARTESIAN_POINT('',(-7.499999999999859,-64.501838695168786,-16.670180949770078));
#1864=DIRECTION('',(2.478521E-015,-0.981032820005307,-0.193841703646131));
#1865=DIRECTION('',(1.0,0.0,0.0));
#1866=AXIS2_PLACEMENT_3D('',#1863,#1864,#1865);
#1867=PLANE('',#1866);
#1868=CARTESIAN_POINT('',(-6.299999999999858,-64.669710534839183,-15.820581605699196));
#1869=VERTEX_POINT('',#1868);
#1870=CARTESIAN_POINT('',(-6.299999999999859,-64.501838695168772,-16.670180949770078));
#1871=DIRECTION('',(1.025580E-015,-0.193841703646139,0.981032820005306));
#1872=VECTOR('',#1871,0.866025403784439);
#1873=LINE('',#1870,#1872);
#1874=EDGE_CURVE('',#1840,#1869,#1873,.T.);
#1875=ORIENTED_EDGE('',*,*,#1874,.F.);
#1876=ORIENTED_EDGE('',*,*,#1858,.F.);
#1877=ORIENTED_EDGE('',*,*,#1827,.F.);
#1878=CARTESIAN_POINT('',(-7.499999999999858,-64.669710534839183,-15.820581605699193));
#1879=DIRECTION('',(1.0,0.0,0.0));
#1880=VECTOR('',#1879,1.200000000000000);
#1881=LINE('',#1878,#1880);
#1882=EDGE_CURVE('',#1816,#1869,#1881,.T.);
#1883=ORIENTED_EDGE('',*,*,#1882,.T.);
#1884=EDGE_LOOP('',(#1875,#1876,#1877,#1883));
#1885=FACE_OUTER_BOUND('',#1884,.T.);
#1886=ADVANCED_FACE('',(#1885),#1867,.F.);
#1887=CARTESIAN_POINT('',(-7.499999999999858,-64.669710534839183,-15.820581605699193));
#1888=DIRECTION('',(2.454714E-015,-0.658388249673058,0.752678492247817));
#1889=DIRECTION('',(1.0,0.0,0.0));
#1890=AXIS2_PLACEMENT_3D('',#1887,#1888,#1889);
#1891=PLANE('',#1890);
#1892=CARTESIAN_POINT('',(-6.299999999999859,-64.017871839670391,-15.250400655929155));
#1893=VERTEX_POINT('',#1892);
#1894=CARTESIAN_POINT('',(-6.299999999999858,-64.669710534839183,-15.820581605699196));
#1895=DIRECTION('',(-1.025580E-015,0.752678492247823,0.658388249673051));
#1896=VECTOR('',#1895,0.866025403784449);
#1897=LINE('',#1894,#1896);
#1898=EDGE_CURVE('',#1869,#1893,#1897,.T.);
#1899=ORIENTED_EDGE('',*,*,#1898,.F.);
#1900=ORIENTED_EDGE('',*,*,#1882,.F.);
#1901=ORIENTED_EDGE('',*,*,#1821,.F.);
#1902=CARTESIAN_POINT('',(-7.499999999999859,-64.017871839670406,-15.250400655929152));
#1903=DIRECTION('',(1.0,0.0,0.0));
#1904=VECTOR('',#1903,1.200000000000000);
#1905=LINE('',#1902,#1904);
#1906=EDGE_CURVE('',#1808,#1893,#1905,.T.);
#1907=ORIENTED_EDGE('',*,*,#1906,.T.);
#1908=EDGE_LOOP('',(#1899,#1900,#1901,#1907));
#1909=FACE_OUTER_BOUND('',#1908,.T.);
#1910=ADVANCED_FACE('',(#1909),#1891,.F.);
#1911=CARTESIAN_POINT('',(-7.499999999999859,-64.017871839670406,-15.250400655929152));
#1912=DIRECTION('',(-2.380737E-017,0.322644570332250,0.946520195893948));
#1913=DIRECTION('',(1.0,0.0,0.0));
#1914=AXIS2_PLACEMENT_3D('',#1911,#1912,#1913);
#1915=PLANE('',#1914);
#1916=CARTESIAN_POINT('',(-6.299999999999861,-63.198161304831217,-15.529819050229998));
#1917=VERTEX_POINT('',#1916);
#1918=CARTESIAN_POINT('',(-6.299999999999859,-64.017871839670391,-15.250400655929155));
#1919=DIRECTION('',(-3.076740E-015,0.946520195893948,-0.322644570332252));
#1920=VECTOR('',#1919,0.866025403784431);
#1921=LINE('',#1918,#1920);
#1922=EDGE_CURVE('',#1893,#1917,#1921,.T.);
#1923=ORIENTED_EDGE('',*,*,#1922,.F.);
#1924=ORIENTED_EDGE('',*,*,#1906,.F.);
#1925=ORIENTED_EDGE('',*,*,#1813,.F.);
#1926=CARTESIAN_POINT('',(-7.499999999999861,-63.198161304831217,-15.529819050229996));
#1927=DIRECTION('',(1.0,0.0,0.0));
#1928=VECTOR('',#1927,1.200000000000000);
#1929=LINE('',#1926,#1928);
#1930=EDGE_CURVE('',#1800,#1917,#1929,.T.);
#1931=ORIENTED_EDGE('',*,*,#1930,.T.);
#1932=EDGE_LOOP('',(#1923,#1924,#1925,#1931));
#1933=FACE_OUTER_BOUND('',#1932,.T.);
#1934=ADVANCED_FACE('',(#1933),#1915,.F.);
#1935=CARTESIAN_POINT('',(-7.499999999999861,-63.198161304831217,-15.529819050229996));
#1936=DIRECTION('',(-2.478521E-015,0.981032820005307,0.193841703646131));
#1937=DIRECTION('',(-1.0,0.0,0.0));
#1938=AXIS2_PLACEMENT_3D('',#1935,#1936,#1937);
#1939=PLANE('',#1938);
#1940=CARTESIAN_POINT('',(-6.299999999999862,-63.030289465160806,-16.379418394300881));
#1941=VERTEX_POINT('',#1940);
#1942=CARTESIAN_POINT('',(-6.299999999999861,-63.198161304831217,-15.529819050229998));
#1943=DIRECTION('',(-1.025580E-015,0.193841703646139,-0.981032820005306));
#1944=VECTOR('',#1943,0.866025403784441);
#1945=LINE('',#1942,#1944);
#1946=EDGE_CURVE('',#1917,#1941,#1945,.T.);
#1947=ORIENTED_EDGE('',*,*,#1946,.F.);
#1948=ORIENTED_EDGE('',*,*,#1930,.F.);
#1949=ORIENTED_EDGE('',*,*,#1805,.F.);
#1950=CARTESIAN_POINT('',(-7.499999999999862,-63.030289465160820,-16.379418394300881));
#1951=DIRECTION('',(1.0,0.0,0.0));
#1952=VECTOR('',#1951,1.200000000000000);
#1953=LINE('',#1950,#1952);
#1954=EDGE_CURVE('',#1792,#1941,#1953,.T.);
#1955=ORIENTED_EDGE('',*,*,#1954,.T.);
#1956=EDGE_LOOP('',(#1947,#1948,#1949,#1955));
#1957=FACE_OUTER_BOUND('',#1956,.T.);
#1958=ADVANCED_FACE('',(#1957),#1939,.F.);
#1959=CARTESIAN_POINT('',(-7.499999999999862,-63.030289465160820,-16.379418394300881));
#1960=DIRECTION('',(-2.454714E-015,0.658388249673058,-0.752678492247817));
#1961=DIRECTION('',(-1.0,0.0,0.0));
#1962=AXIS2_PLACEMENT_3D('',#1959,#1960,#1961);
#1963=PLANE('',#1962);
#1964=CARTESIAN_POINT('',(-6.299999999999862,-63.030289465160806,-16.379418394300881));
#1965=DIRECTION('',(1.025580E-015,-0.752678492247821,-0.658388249673053));
#1966=VECTOR('',#1965,0.866025403784442);
#1967=LINE('',#1964,#1966);
#1968=EDGE_CURVE('',#1941,#1838,#1967,.T.);
#1969=ORIENTED_EDGE('',*,*,#1968,.F.);
#1970=ORIENTED_EDGE('',*,*,#1954,.F.);
#1971=ORIENTED_EDGE('',*,*,#1797,.F.);
#1972=ORIENTED_EDGE('',*,*,#1851,.T.);
#1973=EDGE_LOOP('',(#1969,#1970,#1971,#1972));
#1974=FACE_OUTER_BOUND('',#1973,.T.);
#1975=ADVANCED_FACE('',(#1974),#1963,.F.);
#1976=CARTESIAN_POINT('',(-6.299999999999860,-63.849999999999994,-16.100000000000037));
#1977=DIRECTION('',(-1.0,0.0,0.0));
#1978=DIRECTION('',(0.0,-0.195211843487808,0.980761100453159));
#1979=AXIS2_PLACEMENT_3D('',#1976,#1977,#1978);
#1980=PLANE('',#1979);
#1981=ORIENTED_EDGE('',*,*,#1845,.T.);
#1982=ORIENTED_EDGE('',*,*,#1874,.T.);
#1983=ORIENTED_EDGE('',*,*,#1898,.T.);
#1984=ORIENTED_EDGE('',*,*,#1922,.T.);
#1985=ORIENTED_EDGE('',*,*,#1946,.T.);
#1986=ORIENTED_EDGE('',*,*,#1968,.T.);
#1987=EDGE_LOOP('',(#1981,#1982,#1983,#1984,#1985,#1986));
#1988=FACE_OUTER_BOUND('',#1987,.T.);
#1989=ADVANCED_FACE('',(#1988),#1980,.T.);
#1990=CARTESIAN_POINT('',(20.913664589602039,-63.849999999999945,-16.100000000000037));
#1991=DIRECTION('',(1.0,1.906925E-015,6.123032E-017));
#1992=DIRECTION('',(0.0,-1.0,0.0));
#1993=AXIS2_PLACEMENT_3D('',#1990,#1991,#1992);
#1994=CYLINDRICAL_SURFACE('',#1993,1.229500000000000);
#1995=CARTESIAN_POINT('',(-7.999999999999882,-62.620500000000007,-16.100000000000037));
#1996=VERTEX_POINT('',#1995);
#1997=CARTESIAN_POINT('',(-7.999999999999877,-65.079499999999996,-16.100000000000037));
#1998=VERTEX_POINT('',#1997);
#1999=CARTESIAN_POINT('',(-7.999999999999882,-62.620500000000007,-16.100000000000037));
#2000=CARTESIAN_POINT('',(-7.999999999999882,-62.620500000000007,-15.922271356179323));
#2001=CARTESIAN_POINT('',(-7.993306154676495,-62.662036251328459,-15.731457904110957));
#2002=CARTESIAN_POINT('',(-7.981905049876184,-62.744342514500609,-15.562234461164415));
#2003=CARTESIAN_POINT('',(-7.974476386396529,-62.797971135768712,-15.451972865245731));
#2004=CARTESIAN_POINT('',(-7.965290764186964,-62.868288184726929,-15.350606714146439));
#2005=CARTESIAN_POINT('',(-7.956281100656215,-62.947736622342909,-15.264780838738263));
#2006=CARTESIAN_POINT('',(-7.947732422407722,-63.023120029082392,-15.183346299950486));
#2007=CARTESIAN_POINT('',(-7.938933468137711,-63.109740217281789,-15.111548935604290));
#2008=CARTESIAN_POINT('',(-7.930959183466935,-63.208296158792550,-15.051245295514949));
#2009=CARTESIAN_POINT('',(-7.918243580896796,-63.365451093048819,-14.955086561212568));
#2010=CARTESIAN_POINT('',(-7.908647135186177,-63.549069340413951,-14.894336037019336));
#2011=CARTESIAN_POINT('',(-7.905889628515453,-63.728504863183304,-14.876517600563947));
#2012=CARTESIAN_POINT('',(-7.904105802345680,-63.844581384303304,-14.864990885654782));
#2013=CARTESIAN_POINT('',(-7.904835567125286,-63.958025077915451,-14.869530779846261));
#2014=CARTESIAN_POINT('',(-7.908145509928886,-64.074578841858013,-14.891184632051022));
#2015=CARTESIAN_POINT('',(-7.913466787972214,-64.261958208129926,-14.925996764806111));
#2016=CARTESIAN_POINT('',(-7.926011309411385,-64.446310579957483,-15.008378064790465));
#2017=CARTESIAN_POINT('',(-7.940094822747371,-64.596174272017961,-15.122813116247261));
#2018=CARTESIAN_POINT('',(-7.950243401539606,-64.704166038751680,-15.205275006870483));
#2019=CARTESIAN_POINT('',(-7.960780043022618,-64.794168704562679,-15.300577079210363));
#2020=CARTESIAN_POINT('',(-7.970584551494841,-64.870729318933357,-15.414593618741568));
#2021=CARTESIAN_POINT('',(-7.985197892035642,-64.984840733389404,-15.584532022504876));
#2022=CARTESIAN_POINT('',(-7.996522223363158,-65.056792849747566,-15.790655044068297));
#2023=CARTESIAN_POINT('',(-7.999254555961437,-65.074640233322327,-15.990791259836001));
#2024=CARTESIAN_POINT('',(-7.999756437532552,-65.077918484628341,-16.027552772131290));
#2025=CARTESIAN_POINT('',(-7.999999999999876,-65.079499999999996,-16.064052078189302));
#2026=CARTESIAN_POINT('',(-7.999999999999876,-65.079499999999996,-16.100000000000037));
#2027=B_SPLINE_CURVE_WITH_KNOTS('',3,(#1999,#2000,#2001,#2002,#2003,#2004,#2005,#2006,#2007,#2008,#2009,#2010,#2011,#2012,#2013,#2014,#2015,#2016,#2017,#2018,#2019,#2020,#2021,#2022,#2023,#2024,#2025,#2026),.UNSPECIFIED.,.F.,.U.,(4,3,3,3,3,3,3,3,3,4),(0.185570808690629,0.238889401836842,0.273630410943350,0.306593873770331,0.359156618887707,0.393159365387267,0.447824378983326,0.487215984218695,0.545928049528665,0.556712426071886),.UNSPECIFIED.);
#2028=EDGE_CURVE('',#1996,#1998,#2027,.T.);
#2029=ORIENTED_EDGE('',*,*,#2028,.F.);
#2030=CARTESIAN_POINT('',(-7.999999999999877,-65.079499999999996,-16.100000000000037));
#2031=CARTESIAN_POINT('',(-7.999999999999877,-65.079499999999996,-16.277728643818421));
#2032=CARTESIAN_POINT('',(-7.993306154676684,-65.037963748672681,-16.468542095884146));
#2033=CARTESIAN_POINT('',(-7.981905049876628,-64.955657485502613,-16.637765538829015));
#2034=CARTESIAN_POINT('',(-7.974476386397376,-64.902028864237565,-16.748027134743097));
#2035=CARTESIAN_POINT('',(-7.965290764188338,-64.831711815283867,-16.849393285838779));
#2036=CARTESIAN_POINT('',(-7.956281100657971,-64.752263377672591,-16.935219161245062));
#2037=CARTESIAN_POINT('',(-7.947732422409773,-64.676879970936980,-17.016653700031689));
#2038=CARTESIAN_POINT('',(-7.938933468140151,-64.590259782743658,-17.088451064376184));
#2039=CARTESIAN_POINT('',(-7.930959183469456,-64.491703841238660,-17.148754704466032));
#2040=CARTESIAN_POINT('',(-7.918243580899631,-64.334548906993845,-17.244913438767835));
#2041=CARTESIAN_POINT('',(-7.908647135188462,-64.150930659641404,-17.305663962965866));
#2042=CARTESIAN_POINT('',(-7.905889628516425,-63.971495136880009,-17.323482399429842));
#2043=CARTESIAN_POINT('',(-7.904105802345485,-63.855418615744483,-17.335009114346615));
#2044=CARTESIAN_POINT('',(-7.904835567124599,-63.741974922118672,-17.330469220158228));
#2045=CARTESIAN_POINT('',(-7.908145509928337,-63.625421158161267,-17.308815367952633));
#2046=CARTESIAN_POINT('',(-7.913466787971178,-63.438041791890456,-17.274003235200844));
#2047=CARTESIAN_POINT('',(-7.926011309409842,-63.253689420062621,-17.191621935220503));
#2048=CARTESIAN_POINT('',(-7.940094822745648,-63.103825728000402,-17.077186883766839));
#2049=CARTESIAN_POINT('',(-7.950243401538288,-62.995833961259734,-16.994724993141528));
#2050=CARTESIAN_POINT('',(-7.960780043021837,-62.905831295443612,-16.899422920798241));
#2051=CARTESIAN_POINT('',(-7.970584551494535,-62.829270681069048,-16.785406381262106));
#2052=CARTESIAN_POINT('',(-7.985197892035290,-62.715159266613099,-16.615467977500252));
#2053=CARTESIAN_POINT('',(-7.996522223362880,-62.643207150254277,-16.409344955938476));
#2054=CARTESIAN_POINT('',(-7.999254555961338,-62.625359766678343,-16.209208740171707));
#2055=CARTESIAN_POINT('',(-7.999756437532523,-62.622081515371860,-16.172447227873839));
#2056=CARTESIAN_POINT('',(-7.999999999999882,-62.620500000000007,-16.135947921813262));
#2057=CARTESIAN_POINT('',(-7.999999999999882,-62.620500000000007,-16.100000000000037));
#2058=B_SPLINE_CURVE_WITH_KNOTS('',3,(#2030,#2031,#2032,#2033,#2034,#2035,#2036,#2037,#2038,#2039,#2040,#2041,#2042,#2043,#2044,#2045,#2046,#2047,#2048,#2049,#2050,#2051,#2052,#2053,#2054,#2055,#2056,#2057),.UNSPECIFIED.,.F.,.U.,(4,3,3,3,3,3,3,3,3,4),(0.556712426071886,0.610031019217402,0.644772028322349,0.677735491148110,0.730298236262783,0.764300982766651,0.818965996362352,0.858357601599538,0.917069666909176,0.927854043453144),.UNSPECIFIED.);
#2059=EDGE_CURVE('',#1998,#1996,#2058,.T.);
#2060=ORIENTED_EDGE('',*,*,#2059,.F.);
#2061=EDGE_LOOP('',(#2029,#2060));
#2062=FACE_OUTER_BOUND('',#2061,.T.);
#2063=ORIENTED_EDGE('',*,*,#1768,.T.);
#2064=EDGE_LOOP('',(#2063));
#2065=FACE_BOUND('',#2064,.T.);
#2066=ADVANCED_FACE('',(#2062,#2065),#1994,.F.);
#2067=CARTESIAN_POINT('',(7.885134E-014,-41.350000000000037,-16.100000000000026));
#2068=DIRECTION('',(1.906925E-015,-1.0,-4.727384E-016));
#2069=DIRECTION('',(0.0,0.0,1.0));
#2070=AXIS2_PLACEMENT_3D('',#2067,#2068,#2069);
#2071=CYLINDRICAL_SURFACE('',#2070,3.000000000000000);
#2072=CARTESIAN_POINT('',(9.506020E-014,-49.850000000000037,-13.100000000000030));
#2073=VERTEX_POINT('',#2072);
#2074=CARTESIAN_POINT('',(9.506020E-014,-49.850000000000037,-16.100000000000030));
#2075=DIRECTION('',(0.0,-1.0,0.0));
#2076=DIRECTION('',(0.0,0.0,1.0));
#2077=AXIS2_PLACEMENT_3D('',#2074,#2075,#2076);
#2078=CIRCLE('',#2077,3.0);
#2079=EDGE_CURVE('',#2073,#2073,#2078,.T.);
#2080=ORIENTED_EDGE('',*,*,#2079,.F.);
#2081=EDGE_LOOP('',(#2080));
#2082=FACE_OUTER_BOUND('',#2081,.T.);
#2083=CARTESIAN_POINT('',(8.677908E-014,-45.700000000000003,-19.100000000000030));
#2084=VERTEX_POINT('',#2083);
#2085=CARTESIAN_POINT('',(8.714646E-014,-45.700000000000003,-16.100000000000026));
#2086=DIRECTION('',(0.0,1.0,0.0));
#2087=DIRECTION('',(0.0,0.0,1.0));
#2088=AXIS2_PLACEMENT_3D('',#2085,#2086,#2087);
#2089=CIRCLE('',#2088,3.000000000000000);
#2090=EDGE_CURVE('',#2084,#2084,#2089,.T.);
#2091=ORIENTED_EDGE('',*,*,#2090,.F.);
#2092=EDGE_LOOP('',(#2091));
#2093=FACE_BOUND('',#2092,.T.);
#2094=ADVANCED_FACE('',(#2082,#2093),#2071,.T.);
#2095=CARTESIAN_POINT('',(7.885134E-014,-41.350000000000037,-16.100000000000026));
#2096=DIRECTION('',(1.906925E-015,-1.0,-4.727384E-016));
#2097=DIRECTION('',(0.0,0.0,1.0));
#2098=AXIS2_PLACEMENT_3D('',#2095,#2096,#2097);
#2099=CYLINDRICAL_SURFACE('',#2098,3.000000000000000);
#2100=CARTESIAN_POINT('',(6.396332E-014,-33.350000000000037,-13.100000000000021));
#2101=VERTEX_POINT('',#2100);
#2102=CARTESIAN_POINT('',(6.359594E-014,-33.350000000000037,-16.100000000000023));
#2103=DIRECTION('',(0.0,1.0,0.0));
#2104=DIRECTION('',(0.0,0.0,-1.0));
#2105=AXIS2_PLACEMENT_3D('',#2102,#2103,#2104);
#2106=CIRCLE('',#2105,3.000000000000000);
#2107=EDGE_CURVE('',#2101,#2101,#2106,.T.);
#2108=ORIENTED_EDGE('',*,*,#2107,.F.);
#2109=EDGE_LOOP('',(#2108));
#2110=FACE_OUTER_BOUND('',#2109,.T.);
#2111=CARTESIAN_POINT('',(6.844459E-014,-35.699999999999996,-19.100000000000023));
#2112=VERTEX_POINT('',#2111);
#2113=CARTESIAN_POINT('',(6.807721E-014,-35.699999999999996,-16.100000000000023));
#2114=DIRECTION('',(0.0,-1.0,0.0));
#2115=DIRECTION('',(0.0,0.0,1.0));
#2116=AXIS2_PLACEMENT_3D('',#2113,#2114,#2115);
#2117=CIRCLE('',#2116,3.000000000000000);
#2118=EDGE_CURVE('',#2112,#2112,#2117,.T.);
#2119=ORIENTED_EDGE('',*,*,#2118,.F.);
#2120=EDGE_LOOP('',(#2119));
#2121=FACE_BOUND('',#2120,.T.);
#2122=ADVANCED_FACE('',(#2110,#2121),#2099,.T.);
#2123=CARTESIAN_POINT('',(6.311921E-014,-33.100000000000037,-16.100000000000023));
#2124=DIRECTION('',(1.906925E-015,-1.0,-4.727384E-016));
#2125=DIRECTION('',(0.0,0.0,-1.0));
#2126=AXIS2_PLACEMENT_3D('',#2123,#2124,#2125);
#2127=CONICAL_SURFACE('',#2126,2.750000000000001,44.999999999999943);
#2128=CARTESIAN_POINT('',(6.233633E-014,-32.850000000000044,-13.600000000000019));
#2129=VERTEX_POINT('',#2128);
#2130=CARTESIAN_POINT('',(6.264248E-014,-32.850000000000037,-16.100000000000023));
#2131=DIRECTION('',(0.0,-1.0,0.0));
#2132=DIRECTION('',(0.0,0.0,-1.0));
#2133=AXIS2_PLACEMENT_3D('',#2130,#2131,#2132);
#2134=CIRCLE('',#2133,2.500000000000002);
#2135=EDGE_CURVE('',#2129,#2129,#2134,.T.);
#2136=ORIENTED_EDGE('',*,*,#2135,.T.);
#2137=EDGE_LOOP('',(#2136));
#2138=FACE_OUTER_BOUND('',#2137,.T.);
#2139=ORIENTED_EDGE('',*,*,#2107,.T.);
#2140=EDGE_LOOP('',(#2139));
#2141=FACE_BOUND('',#2140,.T.);
#2142=ADVANCED_FACE('',(#2138,#2141),#2127,.T.);
#2143=CARTESIAN_POINT('',(6.264248E-014,-32.850000000000044,-13.525000000000020));
#2144=DIRECTION('',(0.0,1.0,0.0));
#2145=DIRECTION('',(-1.0,0.0,0.0));
#2146=AXIS2_PLACEMENT_3D('',#2143,#2144,#2145);
#2147=PLANE('',#2146);
#2148=ORIENTED_EDGE('',*,*,#2135,.F.);
#2149=EDGE_LOOP('',(#2148));
#2150=FACE_OUTER_BOUND('',#2149,.T.);
#2151=CARTESIAN_POINT('',(6.264248E-014,-32.850000000000044,-13.950000000000022));
#2152=VERTEX_POINT('',#2151);
#2153=CARTESIAN_POINT('',(6.264248E-014,-32.850000000000037,-16.100000000000023));
#2154=DIRECTION('',(0.0,-1.0,0.0));
#2155=DIRECTION('',(0.0,0.0,1.0));
#2156=AXIS2_PLACEMENT_3D('',#2153,#2154,#2155);
#2157=CIRCLE('',#2156,2.150000000000000);
#2158=EDGE_CURVE('',#2152,#2152,#2157,.T.);
#2159=ORIENTED_EDGE('',*,*,#2158,.T.);
#2160=EDGE_LOOP('',(#2159));
#2161=FACE_BOUND('',#2160,.T.);
#2162=ADVANCED_FACE('',(#2150,#2161),#2147,.T.);
#2163=CARTESIAN_POINT('',(5.263112E-014,-27.600000000000037,-16.100000000000019));
#2164=DIRECTION('',(1.906925E-015,-1.0,-4.727384E-016));
#2165=DIRECTION('',(0.0,0.0,-1.0));
#2166=AXIS2_PLACEMENT_3D('',#2163,#2164,#2165);
#2167=CONICAL_SURFACE('',#2166,1.900000000000000,44.999999999999979);
#2168=CARTESIAN_POINT('',(5.195233E-014,-27.350000000000037,-14.450000000000019));
#2169=VERTEX_POINT('',#2168);
#2170=CARTESIAN_POINT('',(5.215439E-014,-27.350000000000037,-16.100000000000019));
#2171=DIRECTION('',(0.0,-1.0,0.0));
#2172=DIRECTION('',(0.0,0.0,-1.0));
#2173=AXIS2_PLACEMENT_3D('',#2170,#2171,#2172);
#2174=CIRCLE('',#2173,1.650000000000000);
#2175=EDGE_CURVE('',#2169,#2169,#2174,.T.);
#2176=ORIENTED_EDGE('',*,*,#2175,.T.);
#2177=EDGE_LOOP('',(#2176));
#2178=FACE_OUTER_BOUND('',#2177,.T.);
#2179=CARTESIAN_POINT('',(5.337114E-014,-27.850000000000041,-13.950000000000021));
#2180=VERTEX_POINT('',#2179);
#2181=CARTESIAN_POINT('',(5.310785E-014,-27.850000000000037,-16.100000000000019));
#2182=DIRECTION('',(0.0,1.0,0.0));
#2183=DIRECTION('',(0.0,0.0,-1.0));
#2184=AXIS2_PLACEMENT_3D('',#2181,#2182,#2183);
#2185=CIRCLE('',#2184,2.150000000000000);
#2186=EDGE_CURVE('',#2180,#2180,#2185,.T.);
#2187=ORIENTED_EDGE('',*,*,#2186,.T.);
#2188=EDGE_LOOP('',(#2187));
#2189=FACE_BOUND('',#2188,.T.);
#2190=ADVANCED_FACE('',(#2178,#2189),#2167,.T.);
#2191=CARTESIAN_POINT('',(5.739843E-014,-30.100000000000037,-16.100000000000023));
#2192=DIRECTION('',(1.906925E-015,-1.0,-4.727384E-016));
#2193=DIRECTION('',(0.0,0.0,1.0));
#2194=AXIS2_PLACEMENT_3D('',#2191,#2192,#2193);
#2195=CYLINDRICAL_SURFACE('',#2194,2.150000000000000);
#2196=ORIENTED_EDGE('',*,*,#2158,.F.);
#2197=EDGE_LOOP('',(#2196));
#2198=FACE_OUTER_BOUND('',#2197,.T.);
#2199=ORIENTED_EDGE('',*,*,#2186,.F.);
#2200=EDGE_LOOP('',(#2199));
#2201=FACE_BOUND('',#2200,.T.);
#2202=ADVANCED_FACE('',(#2198,#2201),#2195,.T.);
#2203=CARTESIAN_POINT('',(5.215439E-014,-27.350000000000037,-15.025000000000020));
#2204=DIRECTION('',(0.0,1.0,0.0));
#2205=DIRECTION('',(-1.0,0.0,0.0));
#2206=AXIS2_PLACEMENT_3D('',#2203,#2204,#2205);
#2207=PLANE('',#2206);
#2208=ORIENTED_EDGE('',*,*,#2175,.F.);
#2209=EDGE_LOOP('',(#2208));
#2210=FACE_OUTER_BOUND('',#2209,.T.);
#2211=ADVANCED_FACE('',(#2210),#2207,.T.);
#2212=CARTESIAN_POINT('',(9.506020E-014,-49.850000000000037,-13.600000000000030));
#2213=DIRECTION('',(0.0,-1.0,0.0));
#2214=DIRECTION('',(1.0,0.0,0.0));
#2215=AXIS2_PLACEMENT_3D('',#2212,#2213,#2214);
#2216=PLANE('',#2215);
#2217=ORIENTED_EDGE('',*,*,#2079,.T.);
#2218=EDGE_LOOP('',(#2217));
#2219=FACE_OUTER_BOUND('',#2218,.T.);
#2220=CARTESIAN_POINT('',(9.506020E-014,-49.850000000000037,-14.100000000000028));
#2221=VERTEX_POINT('',#2220);
#2222=CARTESIAN_POINT('',(9.506020E-014,-49.850000000000037,-16.100000000000030));
#2223=DIRECTION('',(0.0,-1.0,0.0));
#2224=DIRECTION('',(0.0,0.0,1.0));
#2225=AXIS2_PLACEMENT_3D('',#2222,#2223,#2224);
#2226=CIRCLE('',#2225,2.000000000000001);
#2227=EDGE_CURVE('',#2221,#2221,#2226,.T.);
#2228=ORIENTED_EDGE('',*,*,#2227,.F.);
#2229=EDGE_LOOP('',(#2228));
#2230=FACE_BOUND('',#2229,.T.);
#2231=ADVANCED_FACE('',(#2219,#2230),#2216,.T.);
#2232=CARTESIAN_POINT('',(9.858801E-014,-51.700000000000031,-16.100000000000030));
#2233=DIRECTION('',(1.906925E-015,-1.0,-4.727384E-016));
#2234=DIRECTION('',(0.0,0.0,1.0));
#2235=AXIS2_PLACEMENT_3D('',#2232,#2233,#2234);
#2236=CYLINDRICAL_SURFACE('',#2235,2.000000000000001);
#2237=CARTESIAN_POINT('',(1.021158E-013,-53.550000000000040,-14.100000000000030));
#2238=VERTEX_POINT('',#2237);
#2239=CARTESIAN_POINT('',(1.021158E-013,-53.550000000000040,-16.100000000000033));
#2240=DIRECTION('',(0.0,-1.0,0.0));
#2241=DIRECTION('',(0.0,0.0,1.0));
#2242=AXIS2_PLACEMENT_3D('',#2239,#2240,#2241);
#2243=CIRCLE('',#2242,2.000000000000000);
#2244=EDGE_CURVE('',#2238,#2238,#2243,.T.);
#2245=ORIENTED_EDGE('',*,*,#2244,.F.);
#2246=EDGE_LOOP('',(#2245));
#2247=FACE_OUTER_BOUND('',#2246,.T.);
#2248=CARTESIAN_POINT('',(9.496898E-014,-50.500000000000000,-18.100000000000037));
#2249=DIRECTION('',(0.0,-1.0,0.0));
#2250=VECTOR('',#2249,2.400000000000006);
#2251=LINE('',#2248,#2250);
#2252=EDGE_CURVE('',#74,#76,#2251,.T.);
#2253=ORIENTED_EDGE('',*,*,#2252,.T.);
#2254=ORIENTED_EDGE('',*,*,#2252,.F.);
#2255=EDGE_LOOP('',(#2253,#2254));
#2256=FACE_BOUND('',#2255,.T.);
#2257=ORIENTED_EDGE('',*,*,#2227,.T.);
#2258=EDGE_LOOP('',(#2257));
#2259=FACE_BOUND('',#2258,.T.);
#2260=ADVANCED_FACE('',(#2247,#2256,#2259),#2236,.T.);
#2261=CARTESIAN_POINT('',(1.021158E-013,-53.550000000000040,-13.600000000000030));
#2262=DIRECTION('',(0.0,1.0,0.0));
#2263=DIRECTION('',(-1.0,0.0,0.0));
#2264=AXIS2_PLACEMENT_3D('',#2261,#2262,#2263);
#2265=PLANE('',#2264);
#2266=CARTESIAN_POINT('',(1.021158E-013,-53.550000000000040,-13.100000000000032));
#2267=VERTEX_POINT('',#2266);
#2268=CARTESIAN_POINT('',(1.021158E-013,-53.550000000000040,-16.100000000000033));
#2269=DIRECTION('',(0.0,-1.0,0.0));
#2270=DIRECTION('',(0.0,0.0,1.0));
#2271=AXIS2_PLACEMENT_3D('',#2268,#2269,#2270);
#2272=CIRCLE('',#2271,3.0);
#2273=EDGE_CURVE('',#2267,#2267,#2272,.T.);
#2274=ORIENTED_EDGE('',*,*,#2273,.F.);
#2275=EDGE_LOOP('',(#2274));
#2276=FACE_OUTER_BOUND('',#2275,.T.);
#2277=ORIENTED_EDGE('',*,*,#2244,.T.);
#2278=EDGE_LOOP('',(#2277));
#2279=FACE_BOUND('',#2278,.T.);
#2280=ADVANCED_FACE('',(#2276,#2279),#2265,.T.);
#2281=CARTESIAN_POINT('',(1.052622E-013,-55.200000000000038,-16.100000000000033));
#2282=DIRECTION('',(1.906925E-015,-1.0,-4.727384E-016));
#2283=DIRECTION('',(0.0,0.0,1.0));
#2284=AXIS2_PLACEMENT_3D('',#2281,#2282,#2283);
#2285=CYLINDRICAL_SURFACE('',#2284,3.0);
#2286=CARTESIAN_POINT('',(1.084087E-013,-56.850000000000037,-13.100000000000033));
#2287=VERTEX_POINT('',#2286);
#2288=CARTESIAN_POINT('',(1.084087E-013,-56.849999999999987,-16.100000000000033));
#2289=DIRECTION('',(0.0,-1.0,0.0));
#2290=DIRECTION('',(0.0,0.0,1.0));
#2291=AXIS2_PLACEMENT_3D('',#2288,#2289,#2290);
#2292=CIRCLE('',#2291,3.0);
#2293=EDGE_CURVE('',#2287,#2287,#2292,.T.);
#2294=ORIENTED_EDGE('',*,*,#2293,.F.);
#2295=EDGE_LOOP('',(#2294));
#2296=FACE_OUTER_BOUND('',#2295,.T.);
#2297=ORIENTED_EDGE('',*,*,#2273,.T.);
#2298=EDGE_LOOP('',(#2297));
#2299=FACE_BOUND('',#2298,.T.);
#2300=ADVANCED_FACE('',(#2296,#2299),#2285,.T.);
#2301=CARTESIAN_POINT('',(1.255710E-013,-65.849999999999994,-16.100000000000037));
#2302=DIRECTION('',(-1.906925E-015,1.0,6.564293E-016));
#2303=DIRECTION('',(0.0,0.0,1.0));
#2304=AXIS2_PLACEMENT_3D('',#2301,#2302,#2303);
#2305=CYLINDRICAL_SURFACE('',#2304,8.000000000000002);
#2306=CARTESIAN_POINT('',(1.103418E-013,-57.349999999999994,-8.100000000000033));
#2307=VERTEX_POINT('',#2306);
#2308=CARTESIAN_POINT('',(1.093621E-013,-57.349999999999987,-16.100000000000033));
#2309=DIRECTION('',(0.0,1.0,0.0));
#2310=DIRECTION('',(0.0,0.0,-1.0));
#2311=AXIS2_PLACEMENT_3D('',#2308,#2309,#2310);
#2312=CIRCLE('',#2311,8.000000000000002);
#2313=EDGE_CURVE('',#2307,#2307,#2312,.T.);
#2314=ORIENTED_EDGE('',*,*,#2313,.F.);
#2315=EDGE_LOOP('',(#2314));
#2316=FACE_OUTER_BOUND('',#2315,.T.);
#2317=ORIENTED_EDGE('',*,*,#2028,.T.);
#2318=ORIENTED_EDGE('',*,*,#2059,.T.);
#2319=EDGE_LOOP('',(#2317,#2318));
#2320=FACE_BOUND('',#2319,.T.);
#2321=CARTESIAN_POINT('',(1.408002E-013,-74.349999999999994,-8.100000000000044));
#2322=VERTEX_POINT('',#2321);
#2323=CARTESIAN_POINT('',(1.417799E-013,-74.349999999999994,-16.100000000000044));
#2324=DIRECTION('',(0.0,-1.0,0.0));
#2325=DIRECTION('',(0.0,0.0,-1.0));
#2326=AXIS2_PLACEMENT_3D('',#2323,#2324,#2325);
#2327=CIRCLE('',#2326,8.000000000000002);
#2328=EDGE_CURVE('',#2322,#2322,#2327,.T.);
#2329=ORIENTED_EDGE('',*,*,#2328,.F.);
#2330=EDGE_LOOP('',(#2329));
#2331=FACE_BOUND('',#2330,.T.);
#2332=CARTESIAN_POINT('',(1.194126E-013,-62.620499999999986,-24.100000000000037));
#2333=VERTEX_POINT('',#2332);
#2334=CARTESIAN_POINT('',(1.241017E-013,-65.079499999999982,-24.100000000000041));
#2335=VERTEX_POINT('',#2334);
#2336=CARTESIAN_POINT('',(1.191408E-013,-62.620499999999986,-24.100000000000037));
#2337=CARTESIAN_POINT('',(-0.177728643820432,-62.620499999999986,-24.100000000000037));
#2338=CARTESIAN_POINT('',(-0.368542095888627,-62.662036251328374,-24.093306154676664));
#2339=CARTESIAN_POINT('',(-0.537765538835050,-62.744342514500374,-24.081905049876372));
#2340=CARTESIAN_POINT('',(-0.648027134749945,-62.797971135766574,-24.074476386396981));
#2341=CARTESIAN_POINT('',(-0.749393285846100,-62.868288184721713,-24.065290764187797));
#2342=CARTESIAN_POINT('',(-0.835219161252393,-62.947736622334318,-24.056281100657348));
#2343=CARTESIAN_POINT('',(-0.916653700039623,-63.023120029071748,-24.047732422409009));
#2344=CARTESIAN_POINT('',(-0.988451064384951,-63.109740217267891,-24.038933468139195));
#2345=CARTESIAN_POINT('',(-1.048754704474614,-63.208296158775610,-24.030959183468457));
#2346=CARTESIAN_POINT('',(-1.144913438776755,-63.365451093025797,-24.018243580898478));
#2347=CARTESIAN_POINT('',(-1.205663962972596,-63.549069340384179,-24.008647135187566));
#2348=CARTESIAN_POINT('',(-1.223482399432596,-63.728504863149340,-24.005889628516137));
#2349=CARTESIAN_POINT('',(-1.235009114345834,-63.844581384277603,-24.004105802345737));
#2350=CARTESIAN_POINT('',(-1.230469220156027,-63.958025077897005,-24.004835567125077));
#2351=CARTESIAN_POINT('',(-1.208815367950852,-64.074578841847455,-24.008145509928745));
#2352=CARTESIAN_POINT('',(-1.174003235197640,-64.261958208118358,-24.013466787971797));
#2353=CARTESIAN_POINT('',(-1.091621935215758,-64.446310579945717,-24.026011309410652));
#2354=CARTESIAN_POINT('',(-0.977186883761040,-64.596174272006962,-24.040094822746504));
#2355=CARTESIAN_POINT('',(-0.894724993136502,-64.704166038744930,-24.050243401538989));
#2356=CARTESIAN_POINT('',(-0.799422920794483,-64.794168704559056,-24.060780043022326));
#2357=CARTESIAN_POINT('',(-0.685406381260209,-64.870729318932092,-24.070584551494839));
#2358=CARTESIAN_POINT('',(-0.515467977497875,-64.984840733387941,-24.085197892035598));
#2359=CARTESIAN_POINT('',(-0.309344955935620,-65.056792849746415,-24.096522223363149));
#2360=CARTESIAN_POINT('',(-0.109208740168634,-65.074640233321887,-24.099254555961537));
#2361=CARTESIAN_POINT('',(-0.072447227871750,-65.077918484628185,-24.099756437532694));
#2362=CARTESIAN_POINT('',(-0.035947921812151,-65.079499999999967,-24.100000000000037));
#2363=CARTESIAN_POINT('',(1.248654E-013,-65.079499999999967,-24.100000000000037));
#2364=B_SPLINE_CURVE_WITH_KNOTS('',3,(#2336,#2337,#2338,#2339,#2340,#2341,#2342,#2343,#2344,#2345,#2346,#2347,#2348,#2349,#2350,#2351,#2352,#2353,#2354,#2355,#2356,#2357,#2358,#2359,#2360,#2361,#2362,#2363),.UNSPECIFIED.,.F.,.U.,(4,3,3,3,3,3,3,3,3,4),(0.185570808690629,0.238889401836794,0.273630410942101,0.306593873768444,0.359156618884392,0.393159365386242,0.447824378981991,0.487215984218480,0.545928049528203,0.556712426071886),.UNSPECIFIED.);
#2365=EDGE_CURVE('',#2333,#2335,#2364,.T.);
#2366=ORIENTED_EDGE('',*,*,#2365,.T.);
#2367=CARTESIAN_POINT('',(1.234776E-013,-65.079499999999967,-24.100000000000041));
#2368=CARTESIAN_POINT('',(0.177728643821659,-65.079499999999967,-24.100000000000041));
#2369=CARTESIAN_POINT('',(0.368542095890960,-65.037963748671103,-24.093306154676586));
#2370=CARTESIAN_POINT('',(0.537765538838102,-64.955657485498222,-24.081905049876184));
#2371=CARTESIAN_POINT('',(0.648027134753379,-64.902028864231482,-24.074476386396725));
#2372=CARTESIAN_POINT('',(0.749393285849747,-64.831711815275682,-24.065290764187477));
#2373=CARTESIAN_POINT('',(0.835219161256047,-64.752263377662473,-24.056281100656989));
#2374=CARTESIAN_POINT('',(0.916653700043160,-64.676879970924588,-24.047732422408629));
#2375=CARTESIAN_POINT('',(0.988451064388563,-64.590259782727628,-24.038933468138783));
#2376=CARTESIAN_POINT('',(1.048754704477971,-64.491703841219262,-24.030959183468052));
#2377=CARTESIAN_POINT('',(1.144913438780375,-64.334548906966944,-24.018243580898002));
#2378=CARTESIAN_POINT('',(1.205663962975479,-64.150930659606075,-24.008647135187157));
#2379=CARTESIAN_POINT('',(1.223482399433964,-63.971495136839316,-24.005889628515959));
#2380=CARTESIAN_POINT('',(1.235009114345878,-63.855418615713475,-24.004105802345766));
#2381=CARTESIAN_POINT('',(1.230469220155460,-63.741974922096162,-24.004835567125202));
#2382=CARTESIAN_POINT('',(1.208815367950259,-63.625421158148001,-24.008145509928873));
#2383=CARTESIAN_POINT('',(1.174003235196327,-63.438041791877126,-24.013466787972028));
#2384=CARTESIAN_POINT('',(1.091621935213735,-63.253689420050151,-24.026011309410961));
#2385=CARTESIAN_POINT('',(0.977186883758562,-63.103825727989431,-24.040094822746831));
#2386=CARTESIAN_POINT('',(0.894724993134470,-62.995833961252870,-24.050243401539230));
#2387=CARTESIAN_POINT('',(0.799422920793175,-62.905831295439775,-24.060780043022472));
#2388=CARTESIAN_POINT('',(0.685406381259932,-62.829270681067520,-24.070584551494889));
#2389=CARTESIAN_POINT('',(0.515467977497520,-62.715159266611742,-24.085197892035641));
#2390=CARTESIAN_POINT('',(0.309344955935230,-62.643207150253389,-24.096522223363166));
#2391=CARTESIAN_POINT('',(0.109208740168258,-62.625359766678017,-24.099254555961540));
#2392=CARTESIAN_POINT('',(0.072447227871583,-62.622081515371747,-24.099756437532694));
#2393=CARTESIAN_POINT('',(0.035947921812192,-62.620499999999986,-24.100000000000037));
#2394=CARTESIAN_POINT('',(1.185510E-013,-62.620499999999986,-24.100000000000037));
#2395=B_SPLINE_CURVE_WITH_KNOTS('',3,(#2367,#2368,#2369,#2370,#2371,#2372,#2373,#2374,#2375,#2376,#2377,#2378,#2379,#2380,#2381,#2382,#2383,#2384,#2385,#2386,#2387,#2388,#2389,#2390,#2391,#2392,#2393,#2394),.UNSPECIFIED.,.F.,.U.,(4,3,3,3,3,3,3,3,3,4),(0.556712426071886,0.610031019218347,0.644772028323820,0.677735491150270,0.730298236266754,0.764300982767939,0.818965996363682,0.858357601599797,0.917069666909521,0.927854043453143),.UNSPECIFIED.);
#2396=EDGE_CURVE('',#2335,#2333,#2395,.T.);
#2397=ORIENTED_EDGE('',*,*,#2396,.T.);
#2398=EDGE_LOOP('',(#2366,#2397));
#2399=FACE_BOUND('',#2398,.T.);
#2400=ADVANCED_FACE('',(#2316,#2320,#2331,#2399),#2305,.T.);
#2401=CARTESIAN_POINT('',(1.088854E-013,-57.099999999999994,-16.100000000000033));
#2402=DIRECTION('',(1.906925E-015,-1.0,-6.564293E-016));
#2403=DIRECTION('',(0.0,0.0,-1.0));
#2404=AXIS2_PLACEMENT_3D('',#2401,#2402,#2403);
#2405=CONICAL_SURFACE('',#2404,7.750000000000003,44.999999999999879);
#2406=ORIENTED_EDGE('',*,*,#2313,.T.);
#2407=EDGE_LOOP('',(#2406));
#2408=FACE_OUTER_BOUND('',#2407,.T.);
#2409=CARTESIAN_POINT('',(1.074902E-013,-56.849999999999987,-8.600000000000030));
#2410=VERTEX_POINT('',#2409);
#2411=CARTESIAN_POINT('',(1.084087E-013,-56.849999999999987,-16.100000000000033));
#2412=DIRECTION('',(0.0,-1.0,0.0));
#2413=DIRECTION('',(0.0,0.0,-1.0));
#2414=AXIS2_PLACEMENT_3D('',#2411,#2412,#2413);
#2415=CIRCLE('',#2414,7.500000000000004);
#2416=EDGE_CURVE('',#2410,#2410,#2415,.T.);
#2417=ORIENTED_EDGE('',*,*,#2416,.T.);
#2418=EDGE_LOOP('',(#2417));
#2419=FACE_BOUND('',#2418,.T.);
#2420=ADVANCED_FACE('',(#2408,#2419),#2405,.T.);
#2421=CARTESIAN_POINT('',(1.084087E-013,-56.849999999999987,-12.100000000000033));
#2422=DIRECTION('',(0.0,1.0,0.0));
#2423=DIRECTION('',(-1.0,0.0,0.0));
#2424=AXIS2_PLACEMENT_3D('',#2421,#2422,#2423);
#2425=PLANE('',#2424);
#2426=ORIENTED_EDGE('',*,*,#2416,.F.);
#2427=EDGE_LOOP('',(#2426));
#2428=FACE_OUTER_BOUND('',#2427,.T.);
#2429=ORIENTED_EDGE('',*,*,#2293,.T.);
#2430=EDGE_LOOP('',(#2429));
#2431=FACE_BOUND('',#2430,.T.);
#2432=ADVANCED_FACE('',(#2428,#2431),#2425,.T.);
#2433=CARTESIAN_POINT('',(1.422566E-013,-74.599999999999994,-16.100000000000044));
#2434=DIRECTION('',(-1.906925E-015,1.0,6.564293E-016));
#2435=DIRECTION('',(0.0,0.0,-1.0));
#2436=AXIS2_PLACEMENT_3D('',#2433,#2434,#2435);
#2437=CONICAL_SURFACE('',#2436,7.750000000000002,45.000000000000050);
#2438=CARTESIAN_POINT('',(1.436518E-013,-74.849999999999994,-8.600000000000044));
#2439=VERTEX_POINT('',#2438);
#2440=CARTESIAN_POINT('',(1.427333E-013,-74.849999999999980,-16.100000000000044));
#2441=DIRECTION('',(0.0,1.0,0.0));
#2442=DIRECTION('',(0.0,0.0,-1.0));
#2443=AXIS2_PLACEMENT_3D('',#2440,#2441,#2442);
#2444=CIRCLE('',#2443,7.500000000000001);
#2445=EDGE_CURVE('',#2439,#2439,#2444,.T.);
#2446=ORIENTED_EDGE('',*,*,#2445,.T.);
#2447=EDGE_LOOP('',(#2446));
#2448=FACE_OUTER_BOUND('',#2447,.T.);
#2449=ORIENTED_EDGE('',*,*,#2328,.T.);
#2450=EDGE_LOOP('',(#2449));
#2451=FACE_BOUND('',#2450,.T.);
#2452=ADVANCED_FACE('',(#2448,#2451),#2437,.T.);
#2453=CARTESIAN_POINT('',(1.427333E-013,-74.849999999999980,-12.100000000000044));
#2454=DIRECTION('',(0.0,-1.0,0.0));
#2455=DIRECTION('',(1.0,0.0,0.0));
#2456=AXIS2_PLACEMENT_3D('',#2453,#2454,#2455);
#2457=PLANE('',#2456);
#2458=ORIENTED_EDGE('',*,*,#2445,.F.);
#2459=EDGE_LOOP('',(#2458));
#2460=FACE_OUTER_BOUND('',#2459,.T.);
#2461=ADVANCED_FACE('',(#2460),#2457,.T.);
#2462=CARTESIAN_POINT('',(-2.399999999999998,-18.200000000000003,-7.899999999999999));
#2463=DIRECTION('',(0.0,1.0,0.0));
#2464=DIRECTION('',(0.0,0.0,1.0));
#2465=AXIS2_PLACEMENT_3D('',#2462,#2463,#2464);
#2466=PLANE('',#2465);
#2467=CARTESIAN_POINT('',(-2.399999999999998,-18.200000000000003,-7.999999999999997));
#2468=VERTEX_POINT('',#2467);
#2469=CARTESIAN_POINT('',(-29.500000000000000,-18.199999999999999,-7.999999999999997));
#2470=VERTEX_POINT('',#2469);
#2471=CARTESIAN_POINT('',(-2.399999999999998,-18.200000000000003,-7.999999999999997));
#2472=DIRECTION('',(-1.0,0.0,0.0));
#2473=VECTOR('',#2472,27.100000000000001);
#2474=LINE('',#2471,#2473);
#2475=EDGE_CURVE('',#2468,#2470,#2474,.T.);
#2476=ORIENTED_EDGE('',*,*,#2475,.T.);
#2477=CARTESIAN_POINT('',(-29.500000000000000,-18.199999999999999,-7.899999999999997));
#2478=VERTEX_POINT('',#2477);
#2479=CARTESIAN_POINT('',(-29.500000000000000,-18.199999999999999,-7.899999999999997));
#2480=DIRECTION('',(0.0,0.0,-1.0));
#2481=VECTOR('',#2480,0.100000000000001);
#2482=LINE('',#2479,#2481);
#2483=EDGE_CURVE('',#2478,#2470,#2482,.T.);
#2484=ORIENTED_EDGE('',*,*,#2483,.F.);
#2485=CARTESIAN_POINT('',(-2.399999999999997,-18.200000000000003,-7.900000000000000));
#2486=VERTEX_POINT('',#2485);
#2487=CARTESIAN_POINT('',(-2.399999999999997,-18.200000000000003,-7.900000000000000));
#2488=DIRECTION('',(-1.0,0.0,0.0));
#2489=VECTOR('',#2488,27.100000000000001);
#2490=LINE('',#2487,#2489);
#2491=EDGE_CURVE('',#2486,#2478,#2490,.T.);
#2492=ORIENTED_EDGE('',*,*,#2491,.F.);
#2493=CARTESIAN_POINT('',(-2.399999999999997,-18.200000000000003,-7.900000000000000));
#2494=DIRECTION('',(0.0,0.0,-1.0));
#2495=VECTOR('',#2494,0.099999999999998);
#2496=LINE('',#2493,#2495);
#2497=EDGE_CURVE('',#2486,#2468,#2496,.T.);
#2498=ORIENTED_EDGE('',*,*,#2497,.T.);
#2499=EDGE_LOOP('',(#2476,#2484,#2492,#2498));
#2500=FACE_OUTER_BOUND('',#2499,.T.);
#2501=ADVANCED_FACE('',(#2500),#2466,.T.);
#2502=CARTESIAN_POINT('',(-29.500000000000000,-18.199999999999999,-7.899999999999999));
#2503=DIRECTION('',(-1.0,0.0,0.0));
#2504=DIRECTION('',(0.0,0.0,1.0));
#2505=AXIS2_PLACEMENT_3D('',#2502,#2503,#2504);
#2506=PLANE('',#2505);
#2507=CARTESIAN_POINT('',(-29.500000000000000,-26.200000000000003,-7.999999999999999));
#2508=VERTEX_POINT('',#2507);
#2509=CARTESIAN_POINT('',(-29.500000000000000,-18.199999999999999,-7.999999999999997));
#2510=DIRECTION('',(0.0,-1.0,0.0));
#2511=VECTOR('',#2510,8.000000000000004);
#2512=LINE('',#2509,#2511);
#2513=EDGE_CURVE('',#2470,#2508,#2512,.T.);
#2514=ORIENTED_EDGE('',*,*,#2513,.T.);
#2515=CARTESIAN_POINT('',(-29.500000000000000,-26.200000000000003,-7.899999999999999));
#2516=VERTEX_POINT('',#2515);
#2517=CARTESIAN_POINT('',(-29.500000000000000,-26.200000000000003,-7.899999999999999));
#2518=DIRECTION('',(0.0,0.0,-1.0));
#2519=VECTOR('',#2518,0.100000000000001);
#2520=LINE('',#2517,#2519);
#2521=EDGE_CURVE('',#2516,#2508,#2520,.T.);
#2522=ORIENTED_EDGE('',*,*,#2521,.F.);
#2523=CARTESIAN_POINT('',(-29.500000000000000,-18.199999999999999,-7.899999999999997));
#2524=DIRECTION('',(0.0,-1.0,0.0));
#2525=VECTOR('',#2524,8.000000000000004);
#2526=LINE('',#2523,#2525);
#2527=EDGE_CURVE('',#2478,#2516,#2526,.T.);
#2528=ORIENTED_EDGE('',*,*,#2527,.F.);
#2529=ORIENTED_EDGE('',*,*,#2483,.T.);
#2530=EDGE_LOOP('',(#2514,#2522,#2528,#2529));
#2531=FACE_OUTER_BOUND('',#2530,.T.);
#2532=ADVANCED_FACE('',(#2531),#2506,.T.);
#2533=CARTESIAN_POINT('',(-29.500000000000000,-26.200000000000003,-7.900000000000000));
#2534=DIRECTION('',(0.0,-1.0,0.0));
#2535=DIRECTION('',(0.0,0.0,-1.0));
#2536=AXIS2_PLACEMENT_3D('',#2533,#2534,#2535);
#2537=PLANE('',#2536);
#2538=CARTESIAN_POINT('',(-26.089789429201808,-26.200000000000003,-7.999999999999999));
#2539=VERTEX_POINT('',#2538);
#2540=CARTESIAN_POINT('',(-29.500000000000000,-26.200000000000003,-7.999999999999999));
#2541=DIRECTION('',(1.0,0.0,0.0));
#2542=VECTOR('',#2541,3.410210570798192);
#2543=LINE('',#2540,#2542);
#2544=EDGE_CURVE('',#2508,#2539,#2543,.T.);
#2545=ORIENTED_EDGE('',*,*,#2544,.T.);
#2546=CARTESIAN_POINT('',(-26.089789429201808,-26.200000000000003,-7.899999999999992));
#2547=VERTEX_POINT('',#2546);
#2548=CARTESIAN_POINT('',(-26.089789429201808,-26.200000000000003,-7.899999999999992));
#2549=DIRECTION('',(0.0,0.0,-1.0));
#2550=VECTOR('',#2549,0.100000000000008);
#2551=LINE('',#2548,#2550);
#2552=EDGE_CURVE('',#2547,#2539,#2551,.T.);
#2553=ORIENTED_EDGE('',*,*,#2552,.F.);
#2554=CARTESIAN_POINT('',(-26.089789429201808,-26.200000000000003,-7.899999999999992));
#2555=DIRECTION('',(-1.0,0.0,0.0));
#2556=VECTOR('',#2555,3.410210570798192);
#2557=LINE('',#2554,#2556);
#2558=EDGE_CURVE('',#2547,#2516,#2557,.T.);
#2559=ORIENTED_EDGE('',*,*,#2558,.T.);
#2560=ORIENTED_EDGE('',*,*,#2521,.T.);
#2561=EDGE_LOOP('',(#2545,#2553,#2559,#2560));
#2562=FACE_OUTER_BOUND('',#2561,.T.);
#2563=ADVANCED_FACE('',(#2562),#2537,.T.);
#2564=CARTESIAN_POINT('',(-23.910210570798192,-26.200000000000003,-7.900000000000000));
#2565=DIRECTION('',(0.0,-1.0,0.0));
#2566=DIRECTION('',(0.0,0.0,-1.0));
#2567=AXIS2_PLACEMENT_3D('',#2564,#2565,#2566);
#2568=PLANE('',#2567);
#2569=CARTESIAN_POINT('',(-23.910210570798192,-26.200000000000003,-7.999999999999999));
#2570=VERTEX_POINT('',#2569);
#2571=CARTESIAN_POINT('',(23.910210570798192,-26.200000000000003,-7.999999999999999));
#2572=VERTEX_POINT('',#2571);
#2573=CARTESIAN_POINT('',(-23.910210570798192,-26.200000000000003,-7.999999999999999));
#2574=DIRECTION('',(1.0,0.0,0.0));
#2575=VECTOR('',#2574,47.820421141596384);
#2576=LINE('',#2573,#2575);
#2577=EDGE_CURVE('',#2570,#2572,#2576,.T.);
#2578=ORIENTED_EDGE('',*,*,#2577,.T.);
#2579=CARTESIAN_POINT('',(23.910210570798192,-26.200000000000003,-7.899999999999992));
#2580=VERTEX_POINT('',#2579);
#2581=CARTESIAN_POINT('',(23.910210570798192,-26.200000000000003,-7.899999999999992));
#2582=DIRECTION('',(0.0,0.0,-1.0));
#2583=VECTOR('',#2582,0.100000000000008);
#2584=LINE('',#2581,#2583);
#2585=EDGE_CURVE('',#2580,#2572,#2584,.T.);
#2586=ORIENTED_EDGE('',*,*,#2585,.F.);
#2587=CARTESIAN_POINT('',(-23.910210570798192,-26.200000000000003,-7.899999999999992));
#2588=VERTEX_POINT('',#2587);
#2589=CARTESIAN_POINT('',(23.910210570798192,-26.200000000000003,-7.899999999999992));
#2590=DIRECTION('',(-1.0,0.0,0.0));
#2591=VECTOR('',#2590,47.820421141596384);
#2592=LINE('',#2589,#2591);
#2593=EDGE_CURVE('',#2580,#2588,#2592,.T.);
#2594=ORIENTED_EDGE('',*,*,#2593,.T.);
#2595=CARTESIAN_POINT('',(-23.910210570798192,-26.200000000000003,-7.899999999999992));
#2596=DIRECTION('',(0.0,0.0,-1.0));
#2597=VECTOR('',#2596,0.100000000000008);
#2598=LINE('',#2595,#2597);
#2599=EDGE_CURVE('',#2588,#2570,#2598,.T.);
#2600=ORIENTED_EDGE('',*,*,#2599,.T.);
#2601=EDGE_LOOP('',(#2578,#2586,#2594,#2600));
#2602=FACE_OUTER_BOUND('',#2601,.T.);
#2603=ADVANCED_FACE('',(#2602),#2568,.T.);
#2604=CARTESIAN_POINT('',(26.089789429201808,-26.200000000000003,-7.900000000000000));
#2605=DIRECTION('',(0.0,-1.0,0.0));
#2606=DIRECTION('',(0.0,0.0,-1.0));
#2607=AXIS2_PLACEMENT_3D('',#2604,#2605,#2606);
#2608=PLANE('',#2607);
#2609=CARTESIAN_POINT('',(26.089789429201808,-26.200000000000003,-7.999999999999999));
#2610=VERTEX_POINT('',#2609);
#2611=CARTESIAN_POINT('',(29.500000000000000,-26.200000000000003,-7.999999999999999));
#2612=VERTEX_POINT('',#2611);
#2613=CARTESIAN_POINT('',(26.089789429201808,-26.200000000000003,-7.999999999999999));
#2614=DIRECTION('',(1.0,0.0,0.0));
#2615=VECTOR('',#2614,3.410210570798192);
#2616=LINE('',#2613,#2615);
#2617=EDGE_CURVE('',#2610,#2612,#2616,.T.);
#2618=ORIENTED_EDGE('',*,*,#2617,.T.);
#2619=CARTESIAN_POINT('',(29.500000000000000,-26.200000000000003,-7.899999999999999));
#2620=VERTEX_POINT('',#2619);
#2621=CARTESIAN_POINT('',(29.500000000000000,-26.200000000000003,-7.899999999999999));
#2622=DIRECTION('',(0.0,0.0,-1.0));
#2623=VECTOR('',#2622,0.100000000000001);
#2624=LINE('',#2621,#2623);
#2625=EDGE_CURVE('',#2620,#2612,#2624,.T.);
#2626=ORIENTED_EDGE('',*,*,#2625,.F.);
#2627=CARTESIAN_POINT('',(26.089789429201808,-26.200000000000003,-7.899999999999992));
#2628=VERTEX_POINT('',#2627);
#2629=CARTESIAN_POINT('',(29.500000000000000,-26.200000000000003,-7.899999999999999));
#2630=DIRECTION('',(-1.0,0.0,0.0));
#2631=VECTOR('',#2630,3.410210570798192);
#2632=LINE('',#2629,#2631);
#2633=EDGE_CURVE('',#2620,#2628,#2632,.T.);
#2634=ORIENTED_EDGE('',*,*,#2633,.T.);
#2635=CARTESIAN_POINT('',(26.089789429201808,-26.200000000000003,-7.899999999999992));
#2636=DIRECTION('',(0.0,0.0,-1.0));
#2637=VECTOR('',#2636,0.100000000000008);
#2638=LINE('',#2635,#2637);
#2639=EDGE_CURVE('',#2628,#2610,#2638,.T.);
#2640=ORIENTED_EDGE('',*,*,#2639,.T.);
#2641=EDGE_LOOP('',(#2618,#2626,#2634,#2640));
#2642=FACE_OUTER_BOUND('',#2641,.T.);
#2643=ADVANCED_FACE('',(#2642),#2608,.T.);
#2644=CARTESIAN_POINT('',(29.500000000000000,-26.200000000000003,-7.900000000000000));
#2645=DIRECTION('',(1.0,0.0,0.0));
#2646=DIRECTION('',(0.0,0.0,-1.0));
#2647=AXIS2_PLACEMENT_3D('',#2644,#2645,#2646);
#2648=PLANE('',#2647);
#2649=CARTESIAN_POINT('',(29.500000000000000,-18.199999999999999,-7.999999999999997));
#2650=VERTEX_POINT('',#2649);
#2651=CARTESIAN_POINT('',(29.500000000000000,-26.200000000000003,-7.999999999999999));
#2652=DIRECTION('',(0.0,1.0,0.0));
#2653=VECTOR('',#2652,8.000000000000004);
#2654=LINE('',#2651,#2653);
#2655=EDGE_CURVE('',#2612,#2650,#2654,.T.);
#2656=ORIENTED_EDGE('',*,*,#2655,.T.);
#2657=CARTESIAN_POINT('',(29.500000000000000,-18.199999999999999,-7.899999999999997));
#2658=VERTEX_POINT('',#2657);
#2659=CARTESIAN_POINT('',(29.500000000000000,-18.199999999999999,-7.899999999999997));
#2660=DIRECTION('',(0.0,0.0,-1.0));
#2661=VECTOR('',#2660,0.100000000000001);
#2662=LINE('',#2659,#2661);
#2663=EDGE_CURVE('',#2658,#2650,#2662,.T.);
#2664=ORIENTED_EDGE('',*,*,#2663,.F.);
#2665=CARTESIAN_POINT('',(29.500000000000000,-26.200000000000003,-7.899999999999999));
#2666=DIRECTION('',(0.0,1.0,0.0));
#2667=VECTOR('',#2666,8.000000000000004);
#2668=LINE('',#2665,#2667);
#2669=EDGE_CURVE('',#2620,#2658,#2668,.T.);
#2670=ORIENTED_EDGE('',*,*,#2669,.F.);
#2671=ORIENTED_EDGE('',*,*,#2625,.T.);
#2672=EDGE_LOOP('',(#2656,#2664,#2670,#2671));
#2673=FACE_OUTER_BOUND('',#2672,.T.);
#2674=ADVANCED_FACE('',(#2673),#2648,.T.);
#2675=CARTESIAN_POINT('',(29.500000000000000,-18.199999999999999,-7.899999999999999));
#2676=DIRECTION('',(0.0,1.0,0.0));
#2677=DIRECTION('',(0.0,0.0,1.0));
#2678=AXIS2_PLACEMENT_3D('',#2675,#2676,#2677);
#2679=PLANE('',#2678);
#2680=CARTESIAN_POINT('',(2.399999999999998,-18.200000000000003,-7.999999999999997));
#2681=VERTEX_POINT('',#2680);
#2682=CARTESIAN_POINT('',(29.500000000000000,-18.199999999999999,-7.999999999999997));
#2683=DIRECTION('',(-1.0,0.0,0.0));
#2684=VECTOR('',#2683,27.100000000000001);
#2685=LINE('',#2682,#2684);
#2686=EDGE_CURVE('',#2650,#2681,#2685,.T.);
#2687=ORIENTED_EDGE('',*,*,#2686,.T.);
#2688=CARTESIAN_POINT('',(2.399999999999997,-18.200000000000003,-7.900000000000000));
#2689=VERTEX_POINT('',#2688);
#2690=CARTESIAN_POINT('',(2.399999999999997,-18.200000000000003,-7.900000000000000));
#2691=DIRECTION('',(0.0,0.0,-1.0));
#2692=VECTOR('',#2691,0.099999999999998);
#2693=LINE('',#2690,#2692);
#2694=EDGE_CURVE('',#2689,#2681,#2693,.T.);
#2695=ORIENTED_EDGE('',*,*,#2694,.F.);
#2696=CARTESIAN_POINT('',(29.500000000000000,-18.199999999999999,-7.899999999999997));
#2697=DIRECTION('',(-1.0,0.0,0.0));
#2698=VECTOR('',#2697,27.100000000000001);
#2699=LINE('',#2696,#2698);
#2700=EDGE_CURVE('',#2658,#2689,#2699,.T.);
#2701=ORIENTED_EDGE('',*,*,#2700,.F.);
#2702=ORIENTED_EDGE('',*,*,#2663,.T.);
#2703=EDGE_LOOP('',(#2687,#2695,#2701,#2702));
#2704=FACE_OUTER_BOUND('',#2703,.T.);
#2705=ADVANCED_FACE('',(#2704),#2679,.T.);
#2706=CARTESIAN_POINT('',(5.551115E-016,-22.355773282729356,-7.999999999999998));
#2707=DIRECTION('',(0.0,0.0,1.0));
#2708=DIRECTION('',(1.0,0.0,0.0));
#2709=AXIS2_PLACEMENT_3D('',#2706,#2707,#2708);
#2710=PLANE('',#2709);
#2711=ORIENTED_EDGE('',*,*,#2475,.F.);
#2712=CARTESIAN_POINT('',(0.0,-15.0,-7.999999999999998));
#2713=DIRECTION('',(-6.661338E-017,8.881784E-017,-1.000000000000000));
#2714=DIRECTION('',(-0.599999999999999,0.800000000000001,1.110223E-016));
#2715=AXIS2_PLACEMENT_3D('',#2712,#2713,#2714);
#2716=CIRCLE('',#2715,4.000000000000000);
#2717=EDGE_CURVE('',#2681,#2468,#2716,.T.);
#2718=ORIENTED_EDGE('',*,*,#2717,.F.);
#2719=ORIENTED_EDGE('',*,*,#2686,.F.);
#2720=ORIENTED_EDGE('',*,*,#2655,.F.);
#2721=ORIENTED_EDGE('',*,*,#2617,.F.);
#2722=CARTESIAN_POINT('',(25.0,-25.0,-7.999999999999999));
#2723=DIRECTION('',(6.906819E-017,7.605306E-017,-1.0));
#2724=DIRECTION('',(0.672294527576685,0.740283775447255,1.027350E-016));
#2725=AXIS2_PLACEMENT_3D('',#2722,#2723,#2724);
#2726=CIRCLE('',#2725,1.621000000000000);
#2727=EDGE_CURVE('',#2572,#2610,#2726,.T.);
#2728=ORIENTED_EDGE('',*,*,#2727,.F.);
#2729=ORIENTED_EDGE('',*,*,#2577,.F.);
#2730=CARTESIAN_POINT('',(-25.0,-25.0,-7.999999999999999));
#2731=DIRECTION('',(6.906819E-017,7.605306E-017,-1.0));
#2732=DIRECTION('',(0.672294527576685,0.740283775447255,1.027350E-016));
#2733=AXIS2_PLACEMENT_3D('',#2730,#2731,#2732);
#2734=CIRCLE('',#2733,1.621000000000000);
#2735=EDGE_CURVE('',#2539,#2570,#2734,.T.);
#2736=ORIENTED_EDGE('',*,*,#2735,.F.);
#2737=ORIENTED_EDGE('',*,*,#2544,.F.);
#2738=ORIENTED_EDGE('',*,*,#2513,.F.);
#2739=EDGE_LOOP('',(#2711,#2718,#2719,#2720,#2721,#2728,#2729,#2736,#2737,#2738));
#2740=FACE_OUTER_BOUND('',#2739,.T.);
#2741=ADVANCED_FACE('',(#2740),#2710,.F.);
#2742=CARTESIAN_POINT('',(2.260530911091454,18.300000000000011,-7.899999999999992));
#2743=DIRECTION('',(0.0,-1.0,0.0));
#2744=DIRECTION('',(0.0,0.0,-1.0));
#2745=AXIS2_PLACEMENT_3D('',#2742,#2743,#2744);
#2746=PLANE('',#2745);
#2747=CARTESIAN_POINT('',(2.260530911091454,18.300000000000011,-7.999999999999990));
#2748=VERTEX_POINT('',#2747);
#2749=CARTESIAN_POINT('',(29.500000000000000,18.300000000000001,-7.999999999999990));
#2750=VERTEX_POINT('',#2749);
#2751=CARTESIAN_POINT('',(2.260530911091454,18.300000000000011,-7.999999999999990));
#2752=DIRECTION('',(1.0,0.0,0.0));
#2753=VECTOR('',#2752,27.239469088908546);
#2754=LINE('',#2751,#2753);
#2755=EDGE_CURVE('',#2748,#2750,#2754,.T.);
#2756=ORIENTED_EDGE('',*,*,#2755,.T.);
#2757=CARTESIAN_POINT('',(29.500000000000000,18.300000000000004,-7.899999999999992));
#2758=VERTEX_POINT('',#2757);
#2759=CARTESIAN_POINT('',(29.500000000000000,18.300000000000004,-7.899999999999992));
#2760=DIRECTION('',(0.0,0.0,-1.0));
#2761=VECTOR('',#2760,0.099999999999999);
#2762=LINE('',#2759,#2761);
#2763=EDGE_CURVE('',#2758,#2750,#2762,.T.);
#2764=ORIENTED_EDGE('',*,*,#2763,.F.);
#2765=CARTESIAN_POINT('',(2.260530911091456,18.300000000000004,-7.899999999999993));
#2766=VERTEX_POINT('',#2765);
#2767=CARTESIAN_POINT('',(29.500000000000000,18.300000000000004,-7.899999999999992));
#2768=DIRECTION('',(-1.0,0.0,0.0));
#2769=VECTOR('',#2768,27.239469088908542);
#2770=LINE('',#2767,#2769);
#2771=EDGE_CURVE('',#2758,#2766,#2770,.T.);
#2772=ORIENTED_EDGE('',*,*,#2771,.T.);
#2773=CARTESIAN_POINT('',(2.260530911091456,18.300000000000004,-7.899999999999993));
#2774=DIRECTION('',(0.0,0.0,-1.0));
#2775=VECTOR('',#2774,0.099999999999997);
#2776=LINE('',#2773,#2775);
#2777=EDGE_CURVE('',#2766,#2748,#2776,.T.);
#2778=ORIENTED_EDGE('',*,*,#2777,.T.);
#2779=EDGE_LOOP('',(#2756,#2764,#2772,#2778));
#2780=FACE_OUTER_BOUND('',#2779,.T.);
#2781=ADVANCED_FACE('',(#2780),#2746,.T.);
#2782=CARTESIAN_POINT('',(29.500000000000000,18.300000000000001,-7.899999999999992));
#2783=DIRECTION('',(1.0,0.0,0.0));
#2784=DIRECTION('',(0.0,0.0,-1.0));
#2785=AXIS2_PLACEMENT_3D('',#2782,#2783,#2784);
#2786=PLANE('',#2785);
#2787=CARTESIAN_POINT('',(29.500000000000000,24.300000000000004,-7.999999999999989));
#2788=VERTEX_POINT('',#2787);
#2789=CARTESIAN_POINT('',(29.500000000000000,18.300000000000001,-7.999999999999990));
#2790=DIRECTION('',(0.0,1.0,0.0));
#2791=VECTOR('',#2790,6.000000000000004);
#2792=LINE('',#2789,#2791);
#2793=EDGE_CURVE('',#2750,#2788,#2792,.T.);
#2794=ORIENTED_EDGE('',*,*,#2793,.T.);
#2795=CARTESIAN_POINT('',(29.500000000000000,24.300000000000004,-7.899999999999991));
#2796=VERTEX_POINT('',#2795);
#2797=CARTESIAN_POINT('',(29.500000000000000,24.300000000000004,-7.899999999999991));
#2798=DIRECTION('',(0.0,0.0,-1.0));
#2799=VECTOR('',#2798,0.099999999999999);
#2800=LINE('',#2797,#2799);
#2801=EDGE_CURVE('',#2796,#2788,#2800,.T.);
#2802=ORIENTED_EDGE('',*,*,#2801,.F.);
#2803=CARTESIAN_POINT('',(29.500000000000000,18.300000000000004,-7.899999999999992));
#2804=DIRECTION('',(0.0,1.0,0.0));
#2805=VECTOR('',#2804,6.0);
#2806=LINE('',#2803,#2805);
#2807=EDGE_CURVE('',#2758,#2796,#2806,.T.);
#2808=ORIENTED_EDGE('',*,*,#2807,.F.);
#2809=ORIENTED_EDGE('',*,*,#2763,.T.);
#2810=EDGE_LOOP('',(#2794,#2802,#2808,#2809));
#2811=FACE_OUTER_BOUND('',#2810,.T.);
#2812=ADVANCED_FACE('',(#2811),#2786,.T.);
#2813=CARTESIAN_POINT('',(29.500000000000000,24.300000000000004,-7.899999999999992));
#2814=DIRECTION('',(0.0,1.0,0.0));
#2815=DIRECTION('',(0.0,0.0,1.0));
#2816=AXIS2_PLACEMENT_3D('',#2813,#2814,#2815);
#2817=PLANE('',#2816);
#2818=CARTESIAN_POINT('',(-29.500000000000000,24.300000000000004,-7.999999999999990));
#2819=VERTEX_POINT('',#2818);
#2820=CARTESIAN_POINT('',(29.500000000000000,24.300000000000004,-7.999999999999989));
#2821=DIRECTION('',(-1.0,0.0,0.0));
#2822=VECTOR('',#2821,59.0);
#2823=LINE('',#2820,#2822);
#2824=EDGE_CURVE('',#2788,#2819,#2823,.T.);
#2825=ORIENTED_EDGE('',*,*,#2824,.T.);
#2826=CARTESIAN_POINT('',(-29.500000000000000,24.300000000000004,-7.899999999999991));
#2827=VERTEX_POINT('',#2826);
#2828=CARTESIAN_POINT('',(-29.500000000000000,24.300000000000004,-7.899999999999991));
#2829=DIRECTION('',(0.0,0.0,-1.0));
#2830=VECTOR('',#2829,0.100000000000000);
#2831=LINE('',#2828,#2830);
#2832=EDGE_CURVE('',#2827,#2819,#2831,.T.);
#2833=ORIENTED_EDGE('',*,*,#2832,.F.);
#2834=CARTESIAN_POINT('',(29.500000000000000,24.300000000000004,-7.899999999999991));
#2835=DIRECTION('',(-1.0,0.0,0.0));
#2836=VECTOR('',#2835,59.0);
#2837=LINE('',#2834,#2836);
#2838=EDGE_CURVE('',#2796,#2827,#2837,.T.);
#2839=ORIENTED_EDGE('',*,*,#2838,.F.);
#2840=ORIENTED_EDGE('',*,*,#2801,.T.);
#2841=EDGE_LOOP('',(#2825,#2833,#2839,#2840));
#2842=FACE_OUTER_BOUND('',#2841,.T.);
#2843=ADVANCED_FACE('',(#2842),#2817,.T.);
#2844=CARTESIAN_POINT('',(-29.500000000000000,24.300000000000004,-7.899999999999992));
#2845=DIRECTION('',(-1.0,0.0,0.0));
#2846=DIRECTION('',(0.0,0.0,1.0));
#2847=AXIS2_PLACEMENT_3D('',#2844,#2845,#2846);
#2848=PLANE('',#2847);
#2849=CARTESIAN_POINT('',(-29.500000000000000,18.300000000000001,-7.999999999999991));
#2850=VERTEX_POINT('',#2849);
#2851=CARTESIAN_POINT('',(-29.500000000000000,24.300000000000004,-7.999999999999990));
#2852=DIRECTION('',(0.0,-1.0,0.0));
#2853=VECTOR('',#2852,6.000000000000004);
#2854=LINE('',#2851,#2853);
#2855=EDGE_CURVE('',#2819,#2850,#2854,.T.);
#2856=ORIENTED_EDGE('',*,*,#2855,.T.);
#2857=CARTESIAN_POINT('',(-29.500000000000000,18.300000000000004,-7.899999999999992));
#2858=VERTEX_POINT('',#2857);
#2859=CARTESIAN_POINT('',(-29.500000000000000,18.300000000000004,-7.899999999999992));
#2860=DIRECTION('',(0.0,0.0,-1.0));
#2861=VECTOR('',#2860,0.100000000000000);
#2862=LINE('',#2859,#2861);
#2863=EDGE_CURVE('',#2858,#2850,#2862,.T.);
#2864=ORIENTED_EDGE('',*,*,#2863,.F.);
#2865=CARTESIAN_POINT('',(-29.500000000000000,24.300000000000004,-7.899999999999991));
#2866=DIRECTION('',(0.0,-1.0,0.0));
#2867=VECTOR('',#2866,6.0);
#2868=LINE('',#2865,#2867);
#2869=EDGE_CURVE('',#2827,#2858,#2868,.T.);
#2870=ORIENTED_EDGE('',*,*,#2869,.F.);
#2871=ORIENTED_EDGE('',*,*,#2832,.T.);
#2872=EDGE_LOOP('',(#2856,#2864,#2870,#2871));
#2873=FACE_OUTER_BOUND('',#2872,.T.);
#2874=ADVANCED_FACE('',(#2873),#2848,.T.);
#2875=CARTESIAN_POINT('',(-29.500000000000000,18.300000000000001,-7.899999999999992));
#2876=DIRECTION('',(0.0,-1.0,0.0));
#2877=DIRECTION('',(0.0,0.0,-1.0));
#2878=AXIS2_PLACEMENT_3D('',#2875,#2876,#2877);
#2879=PLANE('',#2878);
#2880=CARTESIAN_POINT('',(-2.260530911091454,18.300000000000011,-7.999999999999990));
#2881=VERTEX_POINT('',#2880);
#2882=CARTESIAN_POINT('',(-29.500000000000000,18.300000000000001,-7.999999999999991));
#2883=DIRECTION('',(1.0,0.0,0.0));
#2884=VECTOR('',#2883,27.239469088908546);
#2885=LINE('',#2882,#2884);
#2886=EDGE_CURVE('',#2850,#2881,#2885,.T.);
#2887=ORIENTED_EDGE('',*,*,#2886,.T.);
#2888=CARTESIAN_POINT('',(-2.260530911091456,18.300000000000004,-7.899999999999993));
#2889=VERTEX_POINT('',#2888);
#2890=CARTESIAN_POINT('',(-2.260530911091456,18.300000000000004,-7.899999999999993));
#2891=DIRECTION('',(0.0,0.0,-1.0));
#2892=VECTOR('',#2891,0.099999999999997);
#2893=LINE('',#2890,#2892);
#2894=EDGE_CURVE('',#2889,#2881,#2893,.T.);
#2895=ORIENTED_EDGE('',*,*,#2894,.F.);
#2896=CARTESIAN_POINT('',(-2.260530911091456,18.300000000000004,-7.899999999999993));
#2897=DIRECTION('',(-1.0,0.0,0.0));
#2898=VECTOR('',#2897,27.239469088908542);
#2899=LINE('',#2896,#2898);
#2900=EDGE_CURVE('',#2889,#2858,#2899,.T.);
#2901=ORIENTED_EDGE('',*,*,#2900,.T.);
#2902=ORIENTED_EDGE('',*,*,#2863,.T.);
#2903=EDGE_LOOP('',(#2887,#2895,#2901,#2902));
#2904=FACE_OUTER_BOUND('',#2903,.T.);
#2905=ADVANCED_FACE('',(#2904),#2879,.T.);
#2906=CARTESIAN_POINT('',(0.0,21.308866190846381,-7.999999999999990));
#2907=DIRECTION('',(0.0,0.0,1.0));
#2908=DIRECTION('',(1.0,0.0,0.0));
#2909=AXIS2_PLACEMENT_3D('',#2906,#2907,#2908);
#2910=PLANE('',#2909);
#2911=ORIENTED_EDGE('',*,*,#2755,.F.);
#2912=CARTESIAN_POINT('',(0.0,15.0,-7.999999999999994));
#2913=DIRECTION('',(-6.470303E-017,9.445569E-017,-1.0));
#2914=DIRECTION('',(0.565132727772863,-0.825000000000002,-1.144917E-016));
#2915=AXIS2_PLACEMENT_3D('',#2912,#2913,#2914);
#2916=CIRCLE('',#2915,4.0);
#2917=EDGE_CURVE('',#2881,#2748,#2916,.T.);
#2918=ORIENTED_EDGE('',*,*,#2917,.F.);
#2919=ORIENTED_EDGE('',*,*,#2886,.F.);
#2920=ORIENTED_EDGE('',*,*,#2855,.F.);
#2921=ORIENTED_EDGE('',*,*,#2824,.F.);
#2922=ORIENTED_EDGE('',*,*,#2793,.F.);
#2923=EDGE_LOOP('',(#2911,#2918,#2919,#2920,#2921,#2922));
#2924=FACE_OUTER_BOUND('',#2923,.T.);
#2925=ADVANCED_FACE('',(#2924),#2910,.F.);
#2926=CARTESIAN_POINT('',(29.500000000000000,22.906557556223888,-15.893442443776156));
#2927=DIRECTION('',(0.0,-0.707106781186536,-0.707106781186559));
#2928=DIRECTION('',(-1.0,0.0,0.0));
#2929=AXIS2_PLACEMENT_3D('',#2926,#2927,#2928);
#2930=PLANE('',#2929);
#2931=CARTESIAN_POINT('',(29.500000000000000,22.835846878105237,-15.822731765657503));
#2932=VERTEX_POINT('',#2931);
#2933=CARTESIAN_POINT('',(-29.500000000000007,22.835846878105237,-15.822731765657503));
#2934=VERTEX_POINT('',#2933);
#2935=CARTESIAN_POINT('',(29.500000000000000,22.835846878105237,-15.822731765657503));
#2936=DIRECTION('',(-1.0,0.0,0.0));
#2937=VECTOR('',#2936,59.000000000000007);
#2938=LINE('',#2935,#2937);
#2939=EDGE_CURVE('',#2932,#2934,#2938,.T.);
#2940=ORIENTED_EDGE('',*,*,#2939,.T.);
#2941=CARTESIAN_POINT('',(-29.500000000000007,22.906557556223888,-15.893442443776156));
#2942=VERTEX_POINT('',#2941);
#2943=CARTESIAN_POINT('',(-29.500000000000007,22.906557556223888,-15.893442443776156));
#2944=DIRECTION('',(0.0,-0.707106781186539,0.707106781186556));
#2945=VECTOR('',#2944,0.099999999999996);
#2946=LINE('',#2943,#2945);
#2947=EDGE_CURVE('',#2942,#2934,#2946,.T.);
#2948=ORIENTED_EDGE('',*,*,#2947,.F.);
#2949=CARTESIAN_POINT('',(29.500000000000000,22.906557556223888,-15.893442443776156));
#2950=VERTEX_POINT('',#2949);
#2951=CARTESIAN_POINT('',(29.500000000000000,22.906557556223888,-15.893442443776156));
#2952=DIRECTION('',(-1.0,0.0,0.0));
#2953=VECTOR('',#2952,59.000000000000007);
#2954=LINE('',#2951,#2953);
#2955=EDGE_CURVE('',#2950,#2942,#2954,.T.);
#2956=ORIENTED_EDGE('',*,*,#2955,.F.);
#2957=CARTESIAN_POINT('',(29.500000000000000,22.906557556223888,-15.893442443776156));
#2958=DIRECTION('',(0.0,-0.707106781186539,0.707106781186556));
#2959=VECTOR('',#2958,0.099999999999996);
#2960=LINE('',#2957,#2959);
#2961=EDGE_CURVE('',#2950,#2932,#2960,.T.);
#2962=ORIENTED_EDGE('',*,*,#2961,.T.);
#2963=EDGE_LOOP('',(#2940,#2948,#2956,#2962));
#2964=FACE_OUTER_BOUND('',#2963,.T.);
#2965=ADVANCED_FACE('',(#2964),#2930,.T.);
#2966=CARTESIAN_POINT('',(-29.500000000000007,22.906557556223888,-15.893442443776156));
#2967=DIRECTION('',(-1.0,0.0,0.0));
#2968=DIRECTION('',(0.0,0.0,1.0));
#2969=AXIS2_PLACEMENT_3D('',#2966,#2967,#2968);
#2970=PLANE('',#2969);
#2971=CARTESIAN_POINT('',(-29.500000000000000,26.229289321881343,-12.429289321881338));
#2972=VERTEX_POINT('',#2971);
#2973=CARTESIAN_POINT('',(-29.500000000000007,22.835846878105237,-15.822731765657503));
#2974=DIRECTION('',(1.480590E-015,0.707106781186541,0.707106781186554));
#2975=VECTOR('',#2974,4.799052327120710);
#2976=LINE('',#2973,#2975);
#2977=EDGE_CURVE('',#2934,#2972,#2976,.T.);
#2978=ORIENTED_EDGE('',*,*,#2977,.T.);
#2979=CARTESIAN_POINT('',(-29.500000000000000,26.299999999999997,-12.499999999999991));
#2980=VERTEX_POINT('',#2979);
#2981=CARTESIAN_POINT('',(-29.500000000000000,26.299999999999997,-12.499999999999991));
#2982=DIRECTION('',(0.0,-0.707106781186556,0.707106781186539));
#2983=VECTOR('',#2982,0.099999999999999);
#2984=LINE('',#2981,#2983);
#2985=EDGE_CURVE('',#2980,#2972,#2984,.T.);
#2986=ORIENTED_EDGE('',*,*,#2985,.F.);
#2987=CARTESIAN_POINT('',(-29.500000000000007,22.906557556223888,-15.893442443776156));
#2988=DIRECTION('',(1.480590E-015,0.707106781186542,0.707106781186553));
#2989=VECTOR('',#2988,4.799052327120712);
#2990=LINE('',#2987,#2989);
#2991=EDGE_CURVE('',#2942,#2980,#2990,.T.);
#2992=ORIENTED_EDGE('',*,*,#2991,.F.);
#2993=ORIENTED_EDGE('',*,*,#2947,.T.);
#2994=EDGE_LOOP('',(#2978,#2986,#2992,#2993));
#2995=FACE_OUTER_BOUND('',#2994,.T.);
#2996=ADVANCED_FACE('',(#2995),#2970,.T.);
#2997=CARTESIAN_POINT('',(-29.500000000000000,26.299999999999997,-12.499999999999991));
#2998=DIRECTION('',(0.0,0.707106781186536,0.707106781186559));
#2999=DIRECTION('',(1.0,0.0,0.0));
#3000=AXIS2_PLACEMENT_3D('',#2997,#2998,#2999);
#3001=PLANE('',#3000);
#3002=CARTESIAN_POINT('',(29.500000000000000,26.229289321881343,-12.429289321881338));
#3003=VERTEX_POINT('',#3002);
#3004=CARTESIAN_POINT('',(-29.500000000000000,26.229289321881343,-12.429289321881338));
#3005=DIRECTION('',(1.0,0.0,0.0));
#3006=VECTOR('',#3005,59.0);
#3007=LINE('',#3004,#3006);
#3008=EDGE_CURVE('',#2972,#3003,#3007,.T.);
#3009=ORIENTED_EDGE('',*,*,#3008,.T.);
#3010=CARTESIAN_POINT('',(29.500000000000007,26.299999999999997,-12.499999999999991));
#3011=VERTEX_POINT('',#3010);
#3012=CARTESIAN_POINT('',(29.500000000000007,26.299999999999997,-12.499999999999991));
#3013=DIRECTION('',(-7.105427E-014,-0.707106781186556,0.707106781186539));
#3014=VECTOR('',#3013,0.099999999999999);
#3015=LINE('',#3012,#3014);
#3016=EDGE_CURVE('',#3011,#3003,#3015,.T.);
#3017=ORIENTED_EDGE('',*,*,#3016,.F.);
#3018=CARTESIAN_POINT('',(29.500000000000007,26.299999999999997,-12.499999999999991));
#3019=DIRECTION('',(-1.0,0.0,0.0));
#3020=VECTOR('',#3019,59.000000000000007);
#3021=LINE('',#3018,#3020);
#3022=EDGE_CURVE('',#3011,#2980,#3021,.T.);
#3023=ORIENTED_EDGE('',*,*,#3022,.T.);
#3024=ORIENTED_EDGE('',*,*,#2985,.T.);
#3025=EDGE_LOOP('',(#3009,#3017,#3023,#3024));
#3026=FACE_OUTER_BOUND('',#3025,.T.);
#3027=ADVANCED_FACE('',(#3026),#3001,.T.);
#3028=CARTESIAN_POINT('',(29.500000000000000,26.299999999999997,-12.499999999999991));
#3029=DIRECTION('',(1.0,0.0,0.0));
#3030=DIRECTION('',(0.0,0.0,-1.0));
#3031=AXIS2_PLACEMENT_3D('',#3028,#3029,#3030);
#3032=PLANE('',#3031);
#3033=CARTESIAN_POINT('',(29.500000000000000,26.229289321881343,-12.429289321881338));
#3034=DIRECTION('',(0.0,-0.707106781186541,-0.707106781186554));
#3035=VECTOR('',#3034,4.799052327120710);
#3036=LINE('',#3033,#3035);
#3037=EDGE_CURVE('',#3003,#2932,#3036,.T.);
#3038=ORIENTED_EDGE('',*,*,#3037,.T.);
#3039=ORIENTED_EDGE('',*,*,#2961,.F.);
#3040=CARTESIAN_POINT('',(29.500000000000007,26.299999999999997,-12.499999999999991));
#3041=DIRECTION('',(-1.480590E-015,-0.707106781186542,-0.707106781186553));
#3042=VECTOR('',#3041,4.799052327120712);
#3043=LINE('',#3040,#3042);
#3044=EDGE_CURVE('',#3011,#2950,#3043,.T.);
#3045=ORIENTED_EDGE('',*,*,#3044,.F.);
#3046=ORIENTED_EDGE('',*,*,#3016,.T.);
#3047=EDGE_LOOP('',(#3038,#3039,#3045,#3046));
#3048=FACE_OUTER_BOUND('',#3047,.T.);
#3049=ADVANCED_FACE('',(#3048),#3032,.T.);
#3050=CARTESIAN_POINT('',(-8.828975E-015,24.532568099993291,-14.126010543769418));
#3051=DIRECTION('',(-1.683009E-019,0.707106781186553,-0.707106781186542));
#3052=DIRECTION('',(-1.0,0.0,0.0));
#3053=AXIS2_PLACEMENT_3D('',#3050,#3051,#3052);
#3054=PLANE('',#3053);
#3055=ORIENTED_EDGE('',*,*,#2939,.F.);
#3056=ORIENTED_EDGE('',*,*,#3037,.F.);
#3057=ORIENTED_EDGE('',*,*,#3008,.F.);
#3058=ORIENTED_EDGE('',*,*,#2977,.F.);
#3059=EDGE_LOOP('',(#3055,#3056,#3057,#3058));
#3060=FACE_OUTER_BOUND('',#3059,.T.);
#3061=ADVANCED_FACE('',(#3060),#3054,.F.);
#3062=CARTESIAN_POINT('',(4.0,19.0,-2.899999999999993));
#3063=CARTESIAN_POINT('',(-4.0,19.0,-2.899999999999993));
#3064=CARTESIAN_POINT('',(4.0,11.0,-2.899999999999994));
#3065=CARTESIAN_POINT('',(-4.0,11.0,-2.899999999999994));
#3066=B_SPLINE_SURFACE_WITH_KNOTS('',1,1,((#3062,#3064),(#3063,#3065)),.UNSPECIFIED.,.F.,.F.,.U.,(2,2),(2,2),(0.0,8.0),(0.0,8.0),.UNSPECIFIED.);
#3067=CARTESIAN_POINT('',(-4.0,15.0,-2.899999999999994));
#3068=VERTEX_POINT('',#3067);
#3069=CARTESIAN_POINT('',(0.0,15.0,-2.899999999999994));
#3070=DIRECTION('',(0.0,0.0,-1.0));
#3071=DIRECTION('',(-1.0,0.0,0.0));
#3072=AXIS2_PLACEMENT_3D('',#3069,#3070,#3071);
#3073=CIRCLE('',#3072,4.0);
#3074=EDGE_CURVE('',#3068,#3068,#3073,.T.);
#3075=ORIENTED_EDGE('',*,*,#3074,.T.);
#3076=EDGE_LOOP('',(#3075));
#3077=FACE_OUTER_BOUND('',#3076,.T.);
#3078=CARTESIAN_POINT('',(2.250000000000000,15.0,-2.899999999999994));
#3079=VERTEX_POINT('',#3078);
#3080=CARTESIAN_POINT('',(0.0,15.0,-2.899999999999994));
#3081=DIRECTION('',(0.0,0.0,-1.0));
#3082=DIRECTION('',(-1.0,0.0,0.0));
#3083=AXIS2_PLACEMENT_3D('',#3080,#3081,#3082);
#3084=CIRCLE('',#3083,2.250000000000000);
#3085=EDGE_CURVE('',#3079,#3079,#3084,.T.);
#3086=ORIENTED_EDGE('',*,*,#3085,.F.);
#3087=EDGE_LOOP('',(#3086));
#3088=FACE_BOUND('',#3087,.T.);
#3089=ADVANCED_FACE('',(#3077,#3088),#3066,.F.);
#3090=CARTESIAN_POINT('',(4.0,15.0,-7.999999999999995));
#3091=CARTESIAN_POINT('',(4.0,15.0,-2.899999999999993));
#3092=CARTESIAN_POINT('',(4.000000000000000,11.0,-7.999999999999995));
#3093=CARTESIAN_POINT('',(4.000000000000000,11.0,-2.899999999999993));
#3094=CARTESIAN_POINT('',(0.0,11.0,-7.999999999999996));
#3095=CARTESIAN_POINT('',(0.0,11.0,-2.899999999999993));
#3096=CARTESIAN_POINT('',(-4.000000000000000,11.0,-7.999999999999995));
#3097=CARTESIAN_POINT('',(-4.000000000000000,11.0,-2.899999999999993));
#3098=CARTESIAN_POINT('',(-4.0,15.0,-7.999999999999995));
#3099=CARTESIAN_POINT('',(-4.0,15.0,-2.899999999999993));
#3100=CARTESIAN_POINT('',(-4.000000000000000,19.0,-7.999999999999994));
#3101=CARTESIAN_POINT('',(-4.000000000000000,19.0,-2.899999999999992));
#3102=CARTESIAN_POINT('',(0.0,19.0,-7.999999999999994));
#3103=CARTESIAN_POINT('',(0.0,19.0,-2.899999999999992));
#3104=CARTESIAN_POINT('',(4.000000000000000,19.0,-7.999999999999994));
#3105=CARTESIAN_POINT('',(4.000000000000000,19.0,-2.899999999999992));
#3106=CARTESIAN_POINT('',(4.0,15.0,-7.999999999999995));
#3107=CARTESIAN_POINT('',(4.0,15.0,-2.899999999999993));
#3115=(BOUNDED_SURFACE()B_SPLINE_SURFACE(1,2,((#3090,#3092,#3094,#3096,#3098,#3100,#3102,#3104,#3106),(#3091,#3093,#3095,#3097,#3099,#3101,#3103,#3105,#3107)),.UNSPECIFIED.,.F.,.T.,.U.)B_SPLINE_SURFACE_WITH_KNOTS((2,2),(3,2,2,2,3),(-0.650000000000000,0.625000000000000),(0.0,6.283185307179586,12.566370614359172,18.849555921538759,25.132741228718345),.UNSPECIFIED.)GEOMETRIC_REPRESENTATION_ITEM()RATIONAL_B_SPLINE_SURFACE(((1.0,0.707106781186548,1.0,0.707106781186548,1.0,0.707106781186548,1.0,0.707106781186548,1.0),(1.0,0.707106781186548,1.0,0.707106781186548,1.0,0.707106781186548,1.0,0.707106781186548,1.0)))REPRESENTATION_ITEM('')SURFACE());
#3116=CARTESIAN_POINT('',(2.856571371417147,17.799999999999994,-7.399999999999992));
#3117=VERTEX_POINT('',#3116);
#3118=CARTESIAN_POINT('',(0.0,15.0,-4.600000000000047));
#3119=DIRECTION('',(0.0,0.707106781186541,0.707106781186554));
#3120=DIRECTION('',(0.0,0.707106781186554,-0.707106781186541));
#3121=AXIS2_PLACEMENT_3D('',#3118,#3119,#3120);
#3122=ELLIPSE('',#3121,5.656854249492332,4.000000000000001);
#3123=EDGE_CURVE('',#3117,#2766,#3122,.T.);
#3124=ORIENTED_EDGE('',*,*,#3123,.F.);
#3125=CARTESIAN_POINT('',(-2.856571371417147,17.799999999999994,-7.399999999999992));
#3126=VERTEX_POINT('',#3125);
#3127=CARTESIAN_POINT('',(0.0,15.0,-7.399999999999992));
#3128=DIRECTION('',(0.0,0.0,1.0));
#3129=DIRECTION('',(-1.0,0.0,0.0));
#3130=AXIS2_PLACEMENT_3D('',#3127,#3128,#3129);
#3131=CIRCLE('',#3130,4.0);
#3132=EDGE_CURVE('',#3126,#3117,#3131,.T.);
#3133=ORIENTED_EDGE('',*,*,#3132,.F.);
#3134=CARTESIAN_POINT('',(0.0,15.0,-4.600000000000047));
#3135=DIRECTION('',(0.0,0.707106781186541,0.707106781186554));
#3136=DIRECTION('',(0.0,0.707106781186554,-0.707106781186541));
#3137=AXIS2_PLACEMENT_3D('',#3134,#3135,#3136);
#3138=ELLIPSE('',#3137,5.656854249492332,4.000000000000001);
#3139=EDGE_CURVE('',#2889,#3126,#3138,.T.);
#3140=ORIENTED_EDGE('',*,*,#3139,.F.);
#3141=ORIENTED_EDGE('',*,*,#2894,.T.);
#3142=ORIENTED_EDGE('',*,*,#2917,.T.);
#3143=ORIENTED_EDGE('',*,*,#2777,.F.);
#3144=EDGE_LOOP('',(#3124,#3133,#3140,#3141,#3142,#3143));
#3145=FACE_OUTER_BOUND('',#3144,.T.);
#3146=ORIENTED_EDGE('',*,*,#3074,.F.);
#3147=EDGE_LOOP('',(#3146));
#3148=FACE_BOUND('',#3147,.T.);
#3149=ADVANCED_FACE('',(#3145,#3148),#3115,.F.);
#3150=CARTESIAN_POINT('',(2.250000000000000,15.0,-2.899999999999994));
#3151=CARTESIAN_POINT('',(2.250000000000000,15.0,1.065814E-014));
#3152=CARTESIAN_POINT('',(2.250000000000000,12.749999999999998,-2.899999999999995));
#3153=CARTESIAN_POINT('',(2.250000000000000,12.749999999999998,1.034589E-014));
#3154=CARTESIAN_POINT('',(0.0,12.750000000000000,-2.899999999999995));
#3155=CARTESIAN_POINT('',(0.0,12.750000000000000,1.034589E-014));
#3156=CARTESIAN_POINT('',(-2.250000000000000,12.749999999999998,-2.899999999999995));
#3157=CARTESIAN_POINT('',(-2.250000000000000,12.749999999999998,1.034589E-014));
#3158=CARTESIAN_POINT('',(-2.250000000000000,15.0,-2.899999999999994));
#3159=CARTESIAN_POINT('',(-2.250000000000000,15.0,1.065814E-014));
#3160=CARTESIAN_POINT('',(-2.250000000000000,17.250000000000000,-2.899999999999993));
#3161=CARTESIAN_POINT('',(-2.250000000000000,17.250000000000000,1.097039E-014));
#3162=CARTESIAN_POINT('',(0.0,17.250000000000000,-2.899999999999994));
#3163=CARTESIAN_POINT('',(0.0,17.250000000000000,1.097039E-014));
#3164=CARTESIAN_POINT('',(2.250000000000000,17.250000000000000,-2.899999999999993));
#3165=CARTESIAN_POINT('',(2.250000000000000,17.250000000000000,1.097039E-014));
#3166=CARTESIAN_POINT('',(2.250000000000000,15.0,-2.899999999999994));
#3167=CARTESIAN_POINT('',(2.250000000000000,15.0,1.065814E-014));
#3175=(BOUNDED_SURFACE()B_SPLINE_SURFACE(1,2,((#3150,#3152,#3154,#3156,#3158,#3160,#3162,#3164,#3166),(#3151,#3153,#3155,#3157,#3159,#3161,#3163,#3165,#3167)),.UNSPECIFIED.,.F.,.T.,.U.)B_SPLINE_SURFACE_WITH_KNOTS((2,2),(3,2,2,2,3),(0.444444444444444,1.733333333333335),(0.0,3.534291735288517,7.068583470577035,10.602875205865551,14.137166941154069),.UNSPECIFIED.)GEOMETRIC_REPRESENTATION_ITEM()RATIONAL_B_SPLINE_SURFACE(((1.0,0.707106781186548,1.0,0.707106781186548,1.0,0.707106781186548,1.0,0.707106781186548,1.0),(1.0,0.707106781186548,1.0,0.707106781186548,1.0,0.707106781186548,1.0,0.707106781186548,1.0)))REPRESENTATION_ITEM('')SURFACE());
#3176=CARTESIAN_POINT('',(2.250000000000000,15.0,9.992007E-015));
#3177=VERTEX_POINT('',#3176);
#3178=CARTESIAN_POINT('',(0.0,15.0,9.992007E-015));
#3179=DIRECTION('',(0.0,0.0,-1.0));
#3180=DIRECTION('',(-1.0,0.0,0.0));
#3181=AXIS2_PLACEMENT_3D('',#3178,#3179,#3180);
#3182=CIRCLE('',#3181,2.250000000000000);
#3183=EDGE_CURVE('',#3177,#3177,#3182,.T.);
#3184=ORIENTED_EDGE('',*,*,#3183,.F.);
#3185=EDGE_LOOP('',(#3184));
#3186=FACE_OUTER_BOUND('',#3185,.T.);
#3187=ORIENTED_EDGE('',*,*,#3085,.T.);
#3188=EDGE_LOOP('',(#3187));
#3189=FACE_BOUND('',#3188,.T.);
#3190=ADVANCED_FACE('',(#3186,#3189),#3175,.F.);
#3191=CARTESIAN_POINT('',(4.0,-15.0,-7.999999999999998));
#3192=CARTESIAN_POINT('',(4.0,-15.0,-2.899999999999997));
#3193=CARTESIAN_POINT('',(4.000000000000000,-19.0,-7.999999999999999));
#3194=CARTESIAN_POINT('',(4.000000000000000,-19.0,-2.899999999999997));
#3195=CARTESIAN_POINT('',(0.0,-19.0,-7.999999999999999));
#3196=CARTESIAN_POINT('',(0.0,-19.0,-2.899999999999997));
#3197=CARTESIAN_POINT('',(-4.000000000000000,-19.0,-7.999999999999999));
#3198=CARTESIAN_POINT('',(-4.000000000000000,-19.0,-2.899999999999997));
#3199=CARTESIAN_POINT('',(-4.0,-15.0,-7.999999999999998));
#3200=CARTESIAN_POINT('',(-4.0,-15.0,-2.899999999999997));
#3201=CARTESIAN_POINT('',(-4.000000000000000,-11.0,-7.999999999999997));
#3202=CARTESIAN_POINT('',(-4.000000000000000,-11.0,-2.899999999999997));
#3203=CARTESIAN_POINT('',(0.0,-11.0,-7.999999999999997));
#3204=CARTESIAN_POINT('',(0.0,-11.0,-2.899999999999996));
#3205=CARTESIAN_POINT('',(4.000000000000000,-11.0,-7.999999999999997));
#3206=CARTESIAN_POINT('',(4.000000000000000,-11.0,-2.899999999999997));
#3207=CARTESIAN_POINT('',(4.0,-15.0,-7.999999999999998));
#3208=CARTESIAN_POINT('',(4.0,-15.0,-2.899999999999997));
#3216=(BOUNDED_SURFACE()B_SPLINE_SURFACE(1,2,((#3191,#3193,#3195,#3197,#3199,#3201,#3203,#3205,#3207),(#3192,#3194,#3196,#3198,#3200,#3202,#3204,#3206,#3208)),.UNSPECIFIED.,.F.,.T.,.U.)B_SPLINE_SURFACE_WITH_KNOTS((2,2),(3,2,2,2,3),(-0.650000000000000,0.625000000000000),(0.0,6.283185307179586,12.566370614359172,18.849555921538759,25.132741228718345),.UNSPECIFIED.)GEOMETRIC_REPRESENTATION_ITEM()RATIONAL_B_SPLINE_SURFACE(((1.0,0.707106781186548,1.0,0.707106781186548,1.0,0.707106781186548,1.0,0.707106781186548,1.0),(1.0,0.707106781186548,1.0,0.707106781186548,1.0,0.707106781186548,1.0,0.707106781186548,1.0)))REPRESENTATION_ITEM('')SURFACE());
#3217=CARTESIAN_POINT('',(-4.0,-15.0,-2.899999999999998));
#3218=VERTEX_POINT('',#3217);
#3219=CARTESIAN_POINT('',(0.0,-15.0,-2.899999999999998));
#3220=DIRECTION('',(0.0,0.0,-1.0));
#3221=DIRECTION('',(-1.0,0.0,0.0));
#3222=AXIS2_PLACEMENT_3D('',#3219,#3220,#3221);
#3223=CIRCLE('',#3222,4.0);
#3224=EDGE_CURVE('',#3218,#3218,#3223,.T.);
#3225=ORIENTED_EDGE('',*,*,#3224,.F.);
#3226=EDGE_LOOP('',(#3225));
#3227=FACE_OUTER_BOUND('',#3226,.T.);
#3228=CARTESIAN_POINT('',(2.951270912674739,-17.700000000000003,-7.399999999999994));
#3229=VERTEX_POINT('',#3228);
#3230=CARTESIAN_POINT('',(0.0,-15.0,-4.699999999999968));
#3231=DIRECTION('',(0.0,-0.707106781186551,0.707106781186544));
#3232=DIRECTION('',(0.0,0.707106781186544,0.707106781186551));
#3233=AXIS2_PLACEMENT_3D('',#3230,#3231,#3232);
#3234=ELLIPSE('',#3233,5.656854249492404,4.0);
#3235=EDGE_CURVE('',#2689,#3229,#3234,.T.);
#3236=ORIENTED_EDGE('',*,*,#3235,.F.);
#3237=ORIENTED_EDGE('',*,*,#2694,.T.);
#3238=ORIENTED_EDGE('',*,*,#2717,.T.);
#3239=ORIENTED_EDGE('',*,*,#2497,.F.);
#3240=CARTESIAN_POINT('',(-2.951270912674739,-17.700000000000003,-7.399999999999994));
#3241=VERTEX_POINT('',#3240);
#3242=CARTESIAN_POINT('',(0.0,-15.0,-4.699999999999968));
#3243=DIRECTION('',(0.0,-0.707106781186551,0.707106781186544));
#3244=DIRECTION('',(0.0,0.707106781186544,0.707106781186551));
#3245=AXIS2_PLACEMENT_3D('',#3242,#3243,#3244);
#3246=ELLIPSE('',#3245,5.656854249492404,4.0);
#3247=EDGE_CURVE('',#3241,#2486,#3246,.T.);
#3248=ORIENTED_EDGE('',*,*,#3247,.F.);
#3249=CARTESIAN_POINT('',(0.0,-15.0,-7.399999999999995));
#3250=DIRECTION('',(0.0,0.0,1.0));
#3251=DIRECTION('',(-1.0,0.0,0.0));
#3252=AXIS2_PLACEMENT_3D('',#3249,#3250,#3251);
#3253=CIRCLE('',#3252,4.0);
#3254=EDGE_CURVE('',#3229,#3241,#3253,.T.);
#3255=ORIENTED_EDGE('',*,*,#3254,.F.);
#3256=EDGE_LOOP('',(#3236,#3237,#3238,#3239,#3248,#3255));
#3257=FACE_BOUND('',#3256,.T.);
#3258=ADVANCED_FACE('',(#3227,#3257),#3216,.F.);
#3259=CARTESIAN_POINT('',(4.0,-11.0,-2.899999999999998));
#3260=CARTESIAN_POINT('',(-4.0,-11.0,-2.899999999999998));
#3261=CARTESIAN_POINT('',(4.0,-19.0,-2.899999999999999));
#3262=CARTESIAN_POINT('',(-4.0,-19.0,-2.899999999999999));
#3263=B_SPLINE_SURFACE_WITH_KNOTS('',1,1,((#3259,#3261),(#3260,#3262)),.UNSPECIFIED.,.F.,.F.,.U.,(2,2),(2,2),(0.0,8.0),(0.0,8.0),.UNSPECIFIED.);
#3264=ORIENTED_EDGE('',*,*,#3224,.T.);
#3265=EDGE_LOOP('',(#3264));
#3266=FACE_OUTER_BOUND('',#3265,.T.);
#3267=CARTESIAN_POINT('',(2.250000000000000,-15.0,-2.899999999999998));
#3268=VERTEX_POINT('',#3267);
#3269=CARTESIAN_POINT('',(0.0,-15.0,-2.899999999999998));
#3270=DIRECTION('',(0.0,0.0,-1.0));
#3271=DIRECTION('',(-1.0,0.0,0.0));
#3272=AXIS2_PLACEMENT_3D('',#3269,#3270,#3271);
#3273=CIRCLE('',#3272,2.250000000000000);
#3274=EDGE_CURVE('',#3268,#3268,#3273,.T.);
#3275=ORIENTED_EDGE('',*,*,#3274,.F.);
#3276=EDGE_LOOP('',(#3275));
#3277=FACE_BOUND('',#3276,.T.);
#3278=ADVANCED_FACE('',(#3266,#3277),#3263,.F.);
#3279=CARTESIAN_POINT('',(2.250000000000000,-15.0,-2.899999999999999));
#3280=CARTESIAN_POINT('',(2.250000000000000,-15.0,5.773160E-015));
#3281=CARTESIAN_POINT('',(2.250000000000000,-17.250000000000000,-2.900000000000000));
#3282=CARTESIAN_POINT('',(2.250000000000000,-17.250000000000000,5.460910E-015));
#3283=CARTESIAN_POINT('',(0.0,-17.250000000000000,-2.900000000000000));
#3284=CARTESIAN_POINT('',(0.0,-17.250000000000000,5.460910E-015));
#3285=CARTESIAN_POINT('',(-2.250000000000000,-17.250000000000000,-2.900000000000000));
#3286=CARTESIAN_POINT('',(-2.250000000000000,-17.250000000000000,5.460910E-015));
#3287=CARTESIAN_POINT('',(-2.250000000000000,-15.0,-2.899999999999999));
#3288=CARTESIAN_POINT('',(-2.250000000000000,-15.0,5.773160E-015));
#3289=CARTESIAN_POINT('',(-2.250000000000000,-12.749999999999998,-2.899999999999999));
#3290=CARTESIAN_POINT('',(-2.250000000000000,-12.749999999999998,6.085410E-015));
#3291=CARTESIAN_POINT('',(0.0,-12.750000000000000,-2.899999999999999));
#3292=CARTESIAN_POINT('',(0.0,-12.750000000000000,6.085410E-015));
#3293=CARTESIAN_POINT('',(2.250000000000000,-12.749999999999998,-2.899999999999999));
#3294=CARTESIAN_POINT('',(2.250000000000000,-12.749999999999998,6.085410E-015));
#3295=CARTESIAN_POINT('',(2.250000000000000,-15.0,-2.899999999999999));
#3296=CARTESIAN_POINT('',(2.250000000000000,-15.0,5.773160E-015));
#3304=(BOUNDED_SURFACE()B_SPLINE_SURFACE(1,2,((#3279,#3281,#3283,#3285,#3287,#3289,#3291,#3293,#3295),(#3280,#3282,#3284,#3286,#3288,#3290,#3292,#3294,#3296)),.UNSPECIFIED.,.F.,.T.,.U.)B_SPLINE_SURFACE_WITH_KNOTS((2,2),(3,2,2,2,3),(0.444444444444444,1.733333333333335),(0.0,3.534291735288517,7.068583470577035,10.602875205865551,14.137166941154069),.UNSPECIFIED.)GEOMETRIC_REPRESENTATION_ITEM()RATIONAL_B_SPLINE_SURFACE(((1.0,0.707106781186548,1.0,0.707106781186548,1.0,0.707106781186548,1.0,0.707106781186548,1.0),(1.0,0.707106781186548,1.0,0.707106781186548,1.0,0.707106781186548,1.0,0.707106781186548,1.0)))REPRESENTATION_ITEM('')SURFACE());
#3305=CARTESIAN_POINT('',(2.250000000000000,-15.0,5.551115E-015));
#3306=VERTEX_POINT('',#3305);
#3307=CARTESIAN_POINT('',(0.0,-15.0,5.551115E-015));
#3308=DIRECTION('',(0.0,0.0,-1.0));
#3309=DIRECTION('',(-1.0,0.0,0.0));
#3310=AXIS2_PLACEMENT_3D('',#3307,#3308,#3309);
#3311=CIRCLE('',#3310,2.250000000000000);
#3312=EDGE_CURVE('',#3306,#3306,#3311,.T.);
#3313=ORIENTED_EDGE('',*,*,#3312,.F.);
#3314=EDGE_LOOP('',(#3313));
#3315=FACE_OUTER_BOUND('',#3314,.T.);
#3316=ORIENTED_EDGE('',*,*,#3274,.T.);
#3317=EDGE_LOOP('',(#3316));
#3318=FACE_BOUND('',#3317,.T.);
#3319=ADVANCED_FACE('',(#3315,#3318),#3304,.F.);
#3320=CARTESIAN_POINT('',(0.0,18.300000000000004,-7.899999999999992));
#3321=DIRECTION('',(0.0,-0.707106781186541,-0.707106781186554));
#3322=DIRECTION('',(-1.0,0.0,0.0));
#3323=AXIS2_PLACEMENT_3D('',#3320,#3321,#3322);
#3324=PLANE('',#3323);
#3325=ORIENTED_EDGE('',*,*,#3139,.T.);
#3326=CARTESIAN_POINT('',(-29.500000000000000,17.799999999999994,-7.399999999999992));
#3327=VERTEX_POINT('',#3326);
#3328=CARTESIAN_POINT('',(-2.856571371417147,17.799999999999994,-7.399999999999992));
#3329=DIRECTION('',(-1.0,0.0,0.0));
#3330=VECTOR('',#3329,26.643428628582853);
#3331=LINE('',#3328,#3330);
#3332=EDGE_CURVE('',#3126,#3327,#3331,.T.);
#3333=ORIENTED_EDGE('',*,*,#3332,.T.);
#3334=CARTESIAN_POINT('',(-30.0,17.299999999999983,-6.899999999999992));
#3335=VERTEX_POINT('',#3334);
#3336=CARTESIAN_POINT('',(-29.500000000000000,17.799999999999994,-7.399999999999992));
#3337=DIRECTION('',(-0.577350269189622,-0.577350269189634,0.577350269189622));
#3338=VECTOR('',#3337,0.866025403784445);
#3339=LINE('',#3336,#3338);
#3340=EDGE_CURVE('',#3335,#3327,#3339,.F.);
#3341=ORIENTED_EDGE('',*,*,#3340,.F.);
#3342=CARTESIAN_POINT('',(-30.0,17.799999999999994,-7.399999999999992));
#3343=VERTEX_POINT('',#3342);
#3344=CARTESIAN_POINT('',(-30.0,17.299999999999983,-6.899999999999992));
#3345=DIRECTION('',(0.0,0.707106781186555,-0.707106781186540));
#3346=VECTOR('',#3345,0.707106781186555);
#3347=LINE('',#3344,#3346);
#3348=EDGE_CURVE('',#3335,#3343,#3347,.T.);
#3349=ORIENTED_EDGE('',*,*,#3348,.T.);
#3350=CARTESIAN_POINT('',(-29.500000000000000,18.300000000000004,-7.899999999999992));
#3351=DIRECTION('',(-0.577350269189622,-0.577350269189634,0.577350269189622));
#3352=VECTOR('',#3351,0.866025403784445);
#3353=LINE('',#3350,#3352);
#3354=EDGE_CURVE('',#2858,#3343,#3353,.T.);
#3355=ORIENTED_EDGE('',*,*,#3354,.F.);
#3356=ORIENTED_EDGE('',*,*,#2900,.F.);
#3357=EDGE_LOOP('',(#3325,#3333,#3341,#3349,#3355,#3356));
#3358=FACE_OUTER_BOUND('',#3357,.T.);
#3359=ADVANCED_FACE('',(#3358),#3324,.T.);
#3360=CARTESIAN_POINT('',(0.0,18.300000000000004,-7.899999999999992));
#3361=DIRECTION('',(0.0,-0.707106781186541,-0.707106781186554));
#3362=DIRECTION('',(-1.0,0.0,0.0));
#3363=AXIS2_PLACEMENT_3D('',#3360,#3361,#3362);
#3364=PLANE('',#3363);
#3365=ORIENTED_EDGE('',*,*,#3123,.T.);
#3366=ORIENTED_EDGE('',*,*,#2771,.F.);
#3367=CARTESIAN_POINT('',(30.0,17.799999999999994,-7.399999999999992));
#3368=VERTEX_POINT('',#3367);
#3369=CARTESIAN_POINT('',(30.0,17.799999999999994,-7.399999999999992));
#3370=DIRECTION('',(-0.577350269189622,0.577350269189634,-0.577350269189622));
#3371=VECTOR('',#3370,0.866025403784445);
#3372=LINE('',#3369,#3371);
#3373=EDGE_CURVE('',#3368,#2758,#3372,.T.);
#3374=ORIENTED_EDGE('',*,*,#3373,.F.);
#3375=CARTESIAN_POINT('',(30.0,17.299999999999983,-6.899999999999991));
#3376=VERTEX_POINT('',#3375);
#3377=CARTESIAN_POINT('',(30.0,17.799999999999994,-7.399999999999992));
#3378=DIRECTION('',(0.0,-0.707106781186554,0.707106781186541));
#3379=VECTOR('',#3378,0.707106781186556);
#3380=LINE('',#3377,#3379);
#3381=EDGE_CURVE('',#3368,#3376,#3380,.T.);
#3382=ORIENTED_EDGE('',*,*,#3381,.T.);
#3383=CARTESIAN_POINT('',(29.500000000000000,17.799999999999994,-7.399999999999992));
#3384=VERTEX_POINT('',#3383);
#3385=CARTESIAN_POINT('',(30.0,17.299999999999983,-6.899999999999991));
#3386=DIRECTION('',(-0.577350269189621,0.577350269189634,-0.577350269189622));
#3387=VECTOR('',#3386,0.866025403784445);
#3388=LINE('',#3385,#3387);
#3389=EDGE_CURVE('',#3376,#3384,#3388,.T.);
#3390=ORIENTED_EDGE('',*,*,#3389,.T.);
#3391=CARTESIAN_POINT('',(29.500000000000000,17.799999999999994,-7.399999999999992));
#3392=DIRECTION('',(-1.0,0.0,0.0));
#3393=VECTOR('',#3392,26.643428628582853);
#3394=LINE('',#3391,#3393);
#3395=EDGE_CURVE('',#3384,#3117,#3394,.T.);
#3396=ORIENTED_EDGE('',*,*,#3395,.T.);
#3397=EDGE_LOOP('',(#3365,#3366,#3374,#3382,#3390,#3396));
#3398=FACE_OUTER_BOUND('',#3397,.T.);
#3399=ADVANCED_FACE('',(#3398),#3364,.T.);
#3400=CARTESIAN_POINT('',(0.0,-17.700000000000003,-7.399999999999994));
#3401=DIRECTION('',(0.0,0.707106781186551,-0.707106781186544));
#3402=DIRECTION('',(-1.0,0.0,0.0));
#3403=AXIS2_PLACEMENT_3D('',#3400,#3401,#3402);
#3404=PLANE('',#3403);
#3405=ORIENTED_EDGE('',*,*,#3247,.T.);
#3406=ORIENTED_EDGE('',*,*,#2491,.T.);
#3407=CARTESIAN_POINT('',(-30.000000000000004,-17.700000000000003,-7.399999999999998));
#3408=VERTEX_POINT('',#3407);
#3409=CARTESIAN_POINT('',(-30.000000000000004,-17.700000000000003,-7.399999999999998));
#3410=DIRECTION('',(0.577350269189630,-0.577350269189622,-0.577350269189625));
#3411=VECTOR('',#3410,0.866025403784438);
#3412=LINE('',#3409,#3411);
#3413=EDGE_CURVE('',#3408,#2478,#3412,.T.);
#3414=ORIENTED_EDGE('',*,*,#3413,.F.);
#3415=CARTESIAN_POINT('',(-30.0,-17.200000000000010,-6.899999999999995));
#3416=VERTEX_POINT('',#3415);
#3417=CARTESIAN_POINT('',(-30.000000000000004,-17.700000000000003,-7.399999999999998));
#3418=DIRECTION('',(5.024296E-015,0.707106781186541,0.707106781186554));
#3419=VECTOR('',#3418,0.707106781186544);
#3420=LINE('',#3417,#3419);
#3421=EDGE_CURVE('',#3408,#3416,#3420,.T.);
#3422=ORIENTED_EDGE('',*,*,#3421,.T.);
#3423=CARTESIAN_POINT('',(-29.500000000000000,-17.700000000000003,-7.399999999999994));
#3424=VERTEX_POINT('',#3423);
#3425=CARTESIAN_POINT('',(-30.0,-17.200000000000010,-6.899999999999995));
#3426=DIRECTION('',(0.577350269189629,-0.577350269189621,-0.577350269189628));
#3427=VECTOR('',#3426,0.866025403784434);
#3428=LINE('',#3425,#3427);
#3429=EDGE_CURVE('',#3424,#3416,#3428,.F.);
#3430=ORIENTED_EDGE('',*,*,#3429,.F.);
#3431=CARTESIAN_POINT('',(-2.951270912674739,-17.700000000000003,-7.399999999999994));
#3432=DIRECTION('',(-1.0,0.0,0.0));
#3433=VECTOR('',#3432,26.548729087325260);
#3434=LINE('',#3431,#3433);
#3435=EDGE_CURVE('',#3241,#3424,#3434,.T.);
#3436=ORIENTED_EDGE('',*,*,#3435,.F.);
#3437=EDGE_LOOP('',(#3405,#3406,#3414,#3422,#3430,#3436));
#3438=FACE_OUTER_BOUND('',#3437,.T.);
#3439=ADVANCED_FACE('',(#3438),#3404,.T.);
#3440=CARTESIAN_POINT('',(0.0,-17.700000000000003,-7.399999999999994));
#3441=DIRECTION('',(0.0,0.707106781186551,-0.707106781186544));
#3442=DIRECTION('',(-1.0,0.0,0.0));
#3443=AXIS2_PLACEMENT_3D('',#3440,#3441,#3442);
#3444=PLANE('',#3443);
#3445=ORIENTED_EDGE('',*,*,#3235,.T.);
#3446=CARTESIAN_POINT('',(29.500000000000000,-17.700000000000003,-7.399999999999994));
#3447=VERTEX_POINT('',#3446);
#3448=CARTESIAN_POINT('',(29.500000000000000,-17.700000000000003,-7.399999999999994));
#3449=DIRECTION('',(-1.0,0.0,0.0));
#3450=VECTOR('',#3449,26.548729087325260);
#3451=LINE('',#3448,#3450);
#3452=EDGE_CURVE('',#3447,#3229,#3451,.T.);
#3453=ORIENTED_EDGE('',*,*,#3452,.F.);
#3454=CARTESIAN_POINT('',(30.0,-17.200000000000010,-6.899999999999994));
#3455=VERTEX_POINT('',#3454);
#3456=CARTESIAN_POINT('',(29.500000000000000,-17.700000000000003,-7.399999999999994));
#3457=DIRECTION('',(0.577350269189629,0.577350269189620,0.577350269189629));
#3458=VECTOR('',#3457,0.866025403784435);
#3459=LINE('',#3456,#3458);
#3460=EDGE_CURVE('',#3455,#3447,#3459,.F.);
#3461=ORIENTED_EDGE('',*,*,#3460,.F.);
#3462=CARTESIAN_POINT('',(30.0,-17.700000000000003,-7.399999999999997));
#3463=VERTEX_POINT('',#3462);
#3464=CARTESIAN_POINT('',(30.0,-17.200000000000010,-6.899999999999994));
#3465=DIRECTION('',(0.0,-0.707106781186541,-0.707106781186554));
#3466=VECTOR('',#3465,0.707106781186544);
#3467=LINE('',#3464,#3466);
#3468=EDGE_CURVE('',#3455,#3463,#3467,.T.);
#3469=ORIENTED_EDGE('',*,*,#3468,.T.);
#3470=CARTESIAN_POINT('',(29.500000000000000,-18.199999999999999,-7.899999999999997));
#3471=DIRECTION('',(0.577350269189627,0.577350269189623,0.577350269189627));
#3472=VECTOR('',#3471,0.866025403784437);
#3473=LINE('',#3470,#3472);
#3474=EDGE_CURVE('',#2658,#3463,#3473,.T.);
#3475=ORIENTED_EDGE('',*,*,#3474,.F.);
#3476=ORIENTED_EDGE('',*,*,#2700,.T.);
#3477=EDGE_LOOP('',(#3445,#3453,#3461,#3469,#3475,#3476));
#3478=FACE_OUTER_BOUND('',#3477,.T.);
#3479=ADVANCED_FACE('',(#3478),#3444,.T.);
#3480=CARTESIAN_POINT('',(0.0,34.049999999999997,-0.250000000000000));
#3481=DIRECTION('',(0.0,0.707106781186546,0.707106781186549));
#3482=DIRECTION('',(1.0,0.0,0.0));
#3483=AXIS2_PLACEMENT_3D('',#3480,#3481,#3482);
#3484=PLANE('',#3483);
#3485=CARTESIAN_POINT('',(29.500000000000000,34.299999999999997,-0.500000000000000));
#3486=VERTEX_POINT('',#3485);
#3487=CARTESIAN_POINT('',(-29.500000000000000,34.299999999999997,-0.500000000000000));
#3488=VERTEX_POINT('',#3487);
#3489=CARTESIAN_POINT('',(29.500000000000000,34.299999999999997,-0.500000000000000));
#3490=DIRECTION('',(-1.0,0.0,0.0));
#3491=VECTOR('',#3490,59.0);
#3492=LINE('',#3489,#3491);
#3493=EDGE_CURVE('',#3486,#3488,#3492,.T.);
#3494=ORIENTED_EDGE('',*,*,#3493,.T.);
#3495=CARTESIAN_POINT('',(-29.292893218813461,33.799999999999997,0.0));
#3496=VERTEX_POINT('',#3495);
#3497=CARTESIAN_POINT('',(-29.292893218813461,33.799999999999997,0.0));
#3498=DIRECTION('',(-0.281084637714810,0.678598344545849,-0.678598344545849));
#3499=VECTOR('',#3498,0.736812879103948);
#3500=LINE('',#3497,#3499);
#3501=EDGE_CURVE('',#3496,#3488,#3500,.T.);
#3502=ORIENTED_EDGE('',*,*,#3501,.F.);
#3503=CARTESIAN_POINT('',(29.292893218813461,33.799999999999997,0.0));
#3504=VERTEX_POINT('',#3503);
#3505=CARTESIAN_POINT('',(-29.292893218813461,33.799999999999997,0.0));
#3506=DIRECTION('',(1.0,0.0,0.0));
#3507=VECTOR('',#3506,58.585786437626922);
#3508=LINE('',#3505,#3507);
#3509=EDGE_CURVE('',#3496,#3504,#3508,.T.);
#3510=ORIENTED_EDGE('',*,*,#3509,.T.);
#3511=CARTESIAN_POINT('',(29.292893218813461,33.799999999999997,0.0));
#3512=DIRECTION('',(0.281084637714810,0.678598344545849,-0.678598344545849));
#3513=VECTOR('',#3512,0.736812879103948);
#3514=LINE('',#3511,#3513);
#3515=EDGE_CURVE('',#3504,#3486,#3514,.T.);
#3516=ORIENTED_EDGE('',*,*,#3515,.T.);
#3517=EDGE_LOOP('',(#3494,#3502,#3510,#3516));
#3518=FACE_OUTER_BOUND('',#3517,.T.);
#3519=ADVANCED_FACE('',(#3518),#3484,.T.);
#3520=CARTESIAN_POINT('',(44.573223304703369,18.873223304703362,-0.250000000000000));
#3521=DIRECTION('',(0.500000000000002,0.500000000000002,0.707106781186545));
#3522=DIRECTION('',(0.816496580927724,-5.551115E-017,-0.577350269189629));
#3523=AXIS2_PLACEMENT_3D('',#3520,#3521,#3522);
#3524=PLANE('',#3523);
#3525=CARTESIAN_POINT('',(29.500000000000000,33.592893218813472,0.0));
#3526=VERTEX_POINT('',#3525);
#3527=CARTESIAN_POINT('',(29.292893218813461,33.799999999999997,0.0));
#3528=DIRECTION('',(0.707106781186572,-0.707106781186523,0.0));
#3529=VECTOR('',#3528,0.292893218813430);
#3530=LINE('',#3527,#3529);
#3531=EDGE_CURVE('',#3504,#3526,#3530,.T.);
#3532=ORIENTED_EDGE('',*,*,#3531,.T.);
#3533=CARTESIAN_POINT('',(30.0,33.799999999999997,-0.500000000000000));
#3534=VERTEX_POINT('',#3533);
#3535=CARTESIAN_POINT('',(29.500000000000000,33.592893218813472,0.0));
#3536=DIRECTION('',(0.678598344545853,0.281084637714792,-0.678598344545853));
#3537=VECTOR('',#3536,0.736812879103944);
#3538=LINE('',#3535,#3537);
#3539=EDGE_CURVE('',#3526,#3534,#3538,.T.);
#3540=ORIENTED_EDGE('',*,*,#3539,.T.);
#3541=CARTESIAN_POINT('',(30.0,33.799999999999997,-0.500000000000000));
#3542=DIRECTION('',(-0.707106781186547,0.707106781186547,7.850462E-016));
#3543=VECTOR('',#3542,0.707106781186548);
#3544=LINE('',#3541,#3543);
#3545=EDGE_CURVE('',#3534,#3486,#3544,.T.);
#3546=ORIENTED_EDGE('',*,*,#3545,.T.);
#3547=ORIENTED_EDGE('',*,*,#3515,.F.);
#3548=EDGE_LOOP('',(#3532,#3540,#3546,#3547));
#3549=FACE_OUTER_BOUND('',#3548,.T.);
#3550=ADVANCED_FACE('',(#3549),#3524,.T.);
#3551=CARTESIAN_POINT('',(29.750000000000000,-33.315377041682055,-0.250000000000000));
#3552=DIRECTION('',(0.707106781186549,0.0,0.707106781186546));
#3553=DIRECTION('',(0.707106781186546,0.0,-0.707106781186549));
#3554=AXIS2_PLACEMENT_3D('',#3551,#3552,#3553);
#3555=PLANE('',#3554);
#3556=CARTESIAN_POINT('',(30.0,-55.200000000000003,-0.500000000000000));
#3557=VERTEX_POINT('',#3556);
#3558=CARTESIAN_POINT('',(30.0,-55.200000000000003,-0.500000000000000));
#3559=DIRECTION('',(0.0,1.0,0.0));
#3560=VECTOR('',#3559,89.0);
#3561=LINE('',#3558,#3560);
#3562=EDGE_CURVE('',#3557,#3534,#3561,.T.);
#3563=ORIENTED_EDGE('',*,*,#3562,.T.);
#3564=ORIENTED_EDGE('',*,*,#3539,.F.);
#3565=CARTESIAN_POINT('',(29.500000000000000,-54.992893218813450,0.0));
#3566=VERTEX_POINT('',#3565);
#3567=CARTESIAN_POINT('',(29.500000000000000,33.592893218813472,0.0));
#3568=DIRECTION('',(0.0,-1.0,0.0));
#3569=VECTOR('',#3568,88.585786437626922);
#3570=LINE('',#3567,#3569);
#3571=EDGE_CURVE('',#3526,#3566,#3570,.T.);
#3572=ORIENTED_EDGE('',*,*,#3571,.T.);
#3573=CARTESIAN_POINT('',(29.500000000000000,-54.992893218813450,0.0));
#3574=DIRECTION('',(0.678598344545845,-0.281084637714827,-0.678598344545846));
#3575=VECTOR('',#3574,0.736812879103952);
#3576=LINE('',#3573,#3575);
#3577=EDGE_CURVE('',#3566,#3557,#3576,.T.);
#3578=ORIENTED_EDGE('',*,*,#3577,.T.);
#3579=EDGE_LOOP('',(#3563,#3564,#3572,#3578));
#3580=FACE_OUTER_BOUND('',#3579,.T.);
#3581=ADVANCED_FACE('',(#3580),#3555,.T.);
#3582=CARTESIAN_POINT('',(22.073223304703365,-62.773223304703365,-0.250000000000000));
#3583=DIRECTION('',(0.500000000000000,-0.500000000000000,0.707106781186547));
#3584=DIRECTION('',(0.816496580927726,0.0,-0.577350269189627));
#3585=AXIS2_PLACEMENT_3D('',#3582,#3583,#3584);
#3586=PLANE('',#3585);
#3587=CARTESIAN_POINT('',(29.292893218813450,-55.200000000000003,0.0));
#3588=VERTEX_POINT('',#3587);
#3589=CARTESIAN_POINT('',(29.500000000000000,-54.992893218813450,0.0));
#3590=DIRECTION('',(-0.707106781186541,-0.707106781186554,0.0));
#3591=VECTOR('',#3590,0.292893218813458);
#3592=LINE('',#3589,#3591);
#3593=EDGE_CURVE('',#3566,#3588,#3592,.T.);
#3594=ORIENTED_EDGE('',*,*,#3593,.T.);
#3595=CARTESIAN_POINT('',(29.500000000000000,-55.700000000000003,-0.500000000000000));
#3596=VERTEX_POINT('',#3595);
#3597=CARTESIAN_POINT('',(29.292893218813450,-55.200000000000003,0.0));
#3598=DIRECTION('',(0.281084637714823,-0.678598344545846,-0.678598344545847));
#3599=VECTOR('',#3598,0.736812879103951);
#3600=LINE('',#3597,#3599);
#3601=EDGE_CURVE('',#3588,#3596,#3600,.T.);
#3602=ORIENTED_EDGE('',*,*,#3601,.T.);
#3603=CARTESIAN_POINT('',(29.500000000000000,-55.700000000000003,-0.500000000000000));
#3604=DIRECTION('',(0.707106781186547,0.707106781186547,0.0));
#3605=VECTOR('',#3604,0.707106781186548);
#3606=LINE('',#3603,#3605);
#3607=EDGE_CURVE('',#3596,#3557,#3606,.T.);
#3608=ORIENTED_EDGE('',*,*,#3607,.T.);
#3609=ORIENTED_EDGE('',*,*,#3577,.F.);
#3610=EDGE_LOOP('',(#3594,#3602,#3608,#3609));
#3611=FACE_OUTER_BOUND('',#3610,.T.);
#3612=ADVANCED_FACE('',(#3611),#3586,.T.);
#3613=CARTESIAN_POINT('',(0.0,-55.450000000000003,-0.250000000000000));
#3614=DIRECTION('',(0.0,-0.707106781186549,0.707106781186546));
#3615=DIRECTION('',(1.0,0.0,0.0));
#3616=AXIS2_PLACEMENT_3D('',#3613,#3614,#3615);
#3617=PLANE('',#3616);
#3618=CARTESIAN_POINT('',(-29.500000000000000,-55.700000000000003,-0.500000000000000));
#3619=VERTEX_POINT('',#3618);
#3620=CARTESIAN_POINT('',(-29.500000000000000,-55.700000000000003,-0.500000000000000));
#3621=DIRECTION('',(1.0,0.0,0.0));
#3622=VECTOR('',#3621,59.0);
#3623=LINE('',#3620,#3622);
#3624=EDGE_CURVE('',#3619,#3596,#3623,.T.);
#3625=ORIENTED_EDGE('',*,*,#3624,.T.);
#3626=ORIENTED_EDGE('',*,*,#3601,.F.);
#3627=CARTESIAN_POINT('',(-29.292893218813450,-55.200000000000003,0.0));
#3628=VERTEX_POINT('',#3627);
#3629=CARTESIAN_POINT('',(29.292893218813450,-55.200000000000003,0.0));
#3630=DIRECTION('',(-1.0,0.0,0.0));
#3631=VECTOR('',#3630,58.585786437626901);
#3632=LINE('',#3629,#3631);
#3633=EDGE_CURVE('',#3588,#3628,#3632,.T.);
#3634=ORIENTED_EDGE('',*,*,#3633,.T.);
#3635=CARTESIAN_POINT('',(-29.292893218813450,-55.200000000000003,0.0));
#3636=DIRECTION('',(-0.281084637714823,-0.678598344545846,-0.678598344545847));
#3637=VECTOR('',#3636,0.736812879103951);
#3638=LINE('',#3635,#3637);
#3639=EDGE_CURVE('',#3628,#3619,#3638,.T.);
#3640=ORIENTED_EDGE('',*,*,#3639,.T.);
#3641=EDGE_LOOP('',(#3625,#3626,#3634,#3640));
#3642=FACE_OUTER_BOUND('',#3641,.T.);
#3643=ADVANCED_FACE('',(#3642),#3617,.T.);
#3644=CARTESIAN_POINT('',(-22.073223304703365,-62.773223304703365,-0.250000000000000));
#3645=DIRECTION('',(-0.500000000000001,-0.500000000000001,0.707106781186547));
#3646=DIRECTION('',(0.816496580927725,2.775558E-017,0.577350269189627));
#3647=AXIS2_PLACEMENT_3D('',#3644,#3645,#3646);
#3648=PLANE('',#3647);
#3649=CARTESIAN_POINT('',(-29.500000000000000,-54.992893218813457,0.0));
#3650=VERTEX_POINT('',#3649);
#3651=CARTESIAN_POINT('',(-29.292893218813450,-55.200000000000003,0.0));
#3652=DIRECTION('',(-0.707106781186554,0.707106781186541,0.0));
#3653=VECTOR('',#3652,0.292893218813453);
#3654=LINE('',#3651,#3653);
#3655=EDGE_CURVE('',#3628,#3650,#3654,.T.);
#3656=ORIENTED_EDGE('',*,*,#3655,.T.);
#3657=CARTESIAN_POINT('',(-30.0,-55.200000000000003,-0.500000000000000));
#3658=VERTEX_POINT('',#3657);
#3659=CARTESIAN_POINT('',(-29.500000000000000,-54.992893218813457,0.0));
#3660=DIRECTION('',(-0.678598344545847,-0.281084637714818,-0.678598344545848));
#3661=VECTOR('',#3660,0.736812879103950);
#3662=LINE('',#3659,#3661);
#3663=EDGE_CURVE('',#3650,#3658,#3662,.T.);
#3664=ORIENTED_EDGE('',*,*,#3663,.T.);
#3665=CARTESIAN_POINT('',(-30.0,-55.200000000000003,-0.500000000000000));
#3666=DIRECTION('',(0.707106781186547,-0.707106781186547,0.0));
#3667=VECTOR('',#3666,0.707106781186548);
#3668=LINE('',#3665,#3667);
#3669=EDGE_CURVE('',#3658,#3619,#3668,.T.);
#3670=ORIENTED_EDGE('',*,*,#3669,.T.);
#3671=ORIENTED_EDGE('',*,*,#3639,.F.);
#3672=EDGE_LOOP('',(#3656,#3664,#3670,#3671));
#3673=FACE_OUTER_BOUND('',#3672,.T.);
#3674=ADVANCED_FACE('',(#3673),#3648,.T.);
#3675=CARTESIAN_POINT('',(-29.750000000000000,-33.315377041682055,-0.250000000000000));
#3676=DIRECTION('',(-0.707106781186549,0.0,0.707106781186546));
#3677=DIRECTION('',(0.707106781186546,0.0,0.707106781186549));
#3678=AXIS2_PLACEMENT_3D('',#3675,#3676,#3677);
#3679=PLANE('',#3678);
#3680=CARTESIAN_POINT('',(-30.0,33.799999999999997,-0.500000000000000));
#3681=VERTEX_POINT('',#3680);
#3682=CARTESIAN_POINT('',(-30.0,33.799999999999997,-0.500000000000000));
#3683=DIRECTION('',(0.0,-1.0,0.0));
#3684=VECTOR('',#3683,89.0);
#3685=LINE('',#3682,#3684);
#3686=EDGE_CURVE('',#3681,#3658,#3685,.T.);
#3687=ORIENTED_EDGE('',*,*,#3686,.T.);
#3688=ORIENTED_EDGE('',*,*,#3663,.F.);
#3689=CARTESIAN_POINT('',(-29.500000000000000,33.592893218813458,0.0));
#3690=VERTEX_POINT('',#3689);
#3691=CARTESIAN_POINT('',(-29.500000000000000,-54.992893218813457,0.0));
#3692=DIRECTION('',(0.0,1.0,0.0));
#3693=VECTOR('',#3692,88.585786437626922);
#3694=LINE('',#3691,#3693);
#3695=EDGE_CURVE('',#3650,#3690,#3694,.T.);
#3696=ORIENTED_EDGE('',*,*,#3695,.T.);
#3697=CARTESIAN_POINT('',(-29.500000000000000,33.592893218813458,0.0));
#3698=DIRECTION('',(-0.678598344545849,0.281084637714810,-0.678598344545850));
#3699=VECTOR('',#3698,0.736812879103948);
#3700=LINE('',#3697,#3699);
#3701=EDGE_CURVE('',#3690,#3681,#3700,.T.);
#3702=ORIENTED_EDGE('',*,*,#3701,.T.);
#3703=EDGE_LOOP('',(#3687,#3688,#3696,#3702));
#3704=FACE_OUTER_BOUND('',#3703,.T.);
#3705=ADVANCED_FACE('',(#3704),#3679,.T.);
#3706=CARTESIAN_POINT('',(-44.573223304703369,18.873223304703362,-0.250000000000000));
#3707=DIRECTION('',(-0.500000000000002,0.500000000000002,0.707106781186545));
#3708=DIRECTION('',(0.816496580927724,0.0,0.577350269189629));
#3709=AXIS2_PLACEMENT_3D('',#3706,#3707,#3708);
#3710=PLANE('',#3709);
#3711=CARTESIAN_POINT('',(-29.500000000000000,33.592893218813458,0.0));
#3712=DIRECTION('',(0.707106781186547,0.707106781186547,0.0));
#3713=VECTOR('',#3712,0.292893218813440);
#3714=LINE('',#3711,#3713);
#3715=EDGE_CURVE('',#3690,#3496,#3714,.T.);
#3716=ORIENTED_EDGE('',*,*,#3715,.T.);
#3717=ORIENTED_EDGE('',*,*,#3501,.T.);
#3718=CARTESIAN_POINT('',(-29.500000000000000,34.299999999999997,-0.500000000000000));
#3719=DIRECTION('',(-0.707106781186547,-0.707106781186547,-7.850462E-016));
#3720=VECTOR('',#3719,0.707106781186548);
#3721=LINE('',#3718,#3720);
#3722=EDGE_CURVE('',#3488,#3681,#3721,.T.);
#3723=ORIENTED_EDGE('',*,*,#3722,.T.);
#3724=ORIENTED_EDGE('',*,*,#3701,.F.);
#3725=EDGE_LOOP('',(#3716,#3717,#3723,#3724));
#3726=FACE_OUTER_BOUND('',#3725,.T.);
#3727=ADVANCED_FACE('',(#3726),#3710,.T.);
#3728=CARTESIAN_POINT('',(-29.750000000000000,-55.450000000000003,-7.296363321702133));
#3729=DIRECTION('',(-0.707106781186548,-0.707106781186548,0.0));
#3730=DIRECTION('',(0.0,0.0,1.0));
#3731=AXIS2_PLACEMENT_3D('',#3728,#3729,#3730);
#3732=PLANE('',#3731);
#3733=ORIENTED_EDGE('',*,*,#3669,.F.);
#3734=CARTESIAN_POINT('',(-30.0,-55.200000000000017,-6.899999999999996));
#3735=VERTEX_POINT('',#3734);
#3736=CARTESIAN_POINT('',(-30.0,-55.200000000000003,-0.500000000000000));
#3737=DIRECTION('',(0.0,0.0,-1.0));
#3738=VECTOR('',#3737,6.399999999999995);
#3739=LINE('',#3736,#3738);
#3740=EDGE_CURVE('',#3658,#3735,#3739,.T.);
#3741=ORIENTED_EDGE('',*,*,#3740,.T.);
#3742=CARTESIAN_POINT('',(-29.500000000000000,-55.700000000000003,-6.899999999999996));
#3743=VERTEX_POINT('',#3742);
#3744=CARTESIAN_POINT('',(-29.500000000000000,-55.700000000000003,-6.899999999999996));
#3745=DIRECTION('',(-0.707106781186558,0.707106781186537,0.0));
#3746=VECTOR('',#3745,0.707106781186537);
#3747=LINE('',#3744,#3746);
#3748=EDGE_CURVE('',#3743,#3735,#3747,.T.);
#3749=ORIENTED_EDGE('',*,*,#3748,.F.);
#3750=CARTESIAN_POINT('',(-29.500000000000000,-55.700000000000003,-6.899999999999996));
#3751=DIRECTION('',(0.0,0.0,1.0));
#3752=VECTOR('',#3751,6.399999999999995);
#3753=LINE('',#3750,#3752);
#3754=EDGE_CURVE('',#3743,#3619,#3753,.T.);
#3755=ORIENTED_EDGE('',*,*,#3754,.T.);
#3756=EDGE_LOOP('',(#3733,#3741,#3749,#3755));
#3757=FACE_OUTER_BOUND('',#3756,.T.);
#3758=ADVANCED_FACE('',(#3757),#3732,.T.);
#3759=CARTESIAN_POINT('',(-30.0,-10.930754083364111,-6.692726643404269));
#3760=DIRECTION('',(1.0,0.0,0.0));
#3761=DIRECTION('',(0.0,0.0,-1.0));
#3762=AXIS2_PLACEMENT_3D('',#3759,#3760,#3761);
#3763=PLANE('',#3762);
#3764=ORIENTED_EDGE('',*,*,#3686,.F.);
#3765=CARTESIAN_POINT('',(-30.0,33.799999999999969,-11.334413891763715));
#3766=VERTEX_POINT('',#3765);
#3767=CARTESIAN_POINT('',(-30.0,33.799999999999969,-11.334413891763715));
#3768=DIRECTION('',(0.0,0.0,1.0));
#3769=VECTOR('',#3768,10.834413891763715);
#3770=LINE('',#3767,#3769);
#3771=EDGE_CURVE('',#3766,#3681,#3770,.T.);
#3772=ORIENTED_EDGE('',*,*,#3771,.F.);
#3773=CARTESIAN_POINT('',(-30.0,32.550000000000011,-13.499477401224812));
#3774=VERTEX_POINT('',#3773);
#3775=CARTESIAN_POINT('',(-30.0,31.299999999999997,-11.334413891763715));
#3776=DIRECTION('',(1.0,0.0,0.0));
#3777=DIRECTION('',(0.0,0.500000000000001,-0.866025403784438));
#3778=AXIS2_PLACEMENT_3D('',#3775,#3776,#3777);
#3779=CIRCLE('',#3778,2.499999999999977);
#3780=EDGE_CURVE('',#3774,#3766,#3779,.T.);
#3781=ORIENTED_EDGE('',*,*,#3780,.F.);
#3782=CARTESIAN_POINT('',(-30.0,26.026980515339446,-17.265544456622766));
#3783=VERTEX_POINT('',#3782);
#3784=CARTESIAN_POINT('',(-30.0,26.026980515339446,-17.265544456622766));
#3785=DIRECTION('',(0.0,0.866025403784438,0.500000000000000));
#3786=VECTOR('',#3785,7.532134110795904);
#3787=LINE('',#3784,#3786);
#3788=EDGE_CURVE('',#3783,#3774,#3787,.T.);
#3789=ORIENTED_EDGE('',*,*,#3788,.F.);
#3790=CARTESIAN_POINT('',(-30.0,23.432373497826884,-16.074733283359702));
#3791=VERTEX_POINT('',#3790);
#3792=CARTESIAN_POINT('',(-30.0,25.151980515339439,-15.749999999999996));
#3793=DIRECTION('',(1.0,0.0,0.0));
#3794=DIRECTION('',(0.0,-0.997965759606940,-0.063752197233850));
#3795=AXIS2_PLACEMENT_3D('',#3792,#3793,#3794);
#3796=CIRCLE('',#3795,1.750000000000002);
#3797=EDGE_CURVE('',#3791,#3783,#3796,.T.);
#3798=ORIENTED_EDGE('',*,*,#3797,.F.);
#3799=CARTESIAN_POINT('',(-30.0,26.799999999999997,-12.707106781186539));
#3800=VERTEX_POINT('',#3799);
#3801=CARTESIAN_POINT('',(-30.0,26.799999999999997,-12.707106781186539));
#3802=DIRECTION('',(0.0,-0.707106781186542,-0.707106781186553));
#3803=VECTOR('',#3802,4.762543072380320);
#3804=LINE('',#3801,#3803);
#3805=EDGE_CURVE('',#3800,#3791,#3804,.T.);
#3806=ORIENTED_EDGE('',*,*,#3805,.F.);
#3807=CARTESIAN_POINT('',(-30.0,26.799999999999997,-6.899999999999992));
#3808=VERTEX_POINT('',#3807);
#3809=CARTESIAN_POINT('',(-30.0,26.799999999999997,-6.899999999999992));
#3810=DIRECTION('',(0.0,0.0,-1.0));
#3811=VECTOR('',#3810,5.807106781186548);
#3812=LINE('',#3809,#3811);
#3813=EDGE_CURVE('',#3808,#3800,#3812,.T.);
#3814=ORIENTED_EDGE('',*,*,#3813,.F.);
#3815=CARTESIAN_POINT('',(-30.0,25.300000000000011,-6.899999999999986));
#3816=VERTEX_POINT('',#3815);
#3817=CARTESIAN_POINT('',(-30.0,25.300000000000011,-6.899999999999986));
#3818=DIRECTION('',(0.0,1.0,0.0));
#3819=VECTOR('',#3818,1.499999999999986);
#3820=LINE('',#3817,#3819);
#3821=EDGE_CURVE('',#3816,#3808,#3820,.T.);
#3822=ORIENTED_EDGE('',*,*,#3821,.F.);
#3823=CARTESIAN_POINT('',(-29.999999999999996,24.800000000000011,-7.399999999999990));
#3824=VERTEX_POINT('',#3823);
#3825=CARTESIAN_POINT('',(-29.999999999999996,24.800000000000011,-7.399999999999990));
#3826=DIRECTION('',(-5.024296E-015,0.707106781186545,0.707106781186550));
#3827=VECTOR('',#3826,0.707106781186550);
#3828=LINE('',#3825,#3827);
#3829=EDGE_CURVE('',#3824,#3816,#3828,.T.);
#3830=ORIENTED_EDGE('',*,*,#3829,.F.);
#3831=CARTESIAN_POINT('',(-30.0,17.799999999999994,-7.399999999999992));
#3832=DIRECTION('',(0.0,1.0,0.0));
#3833=VECTOR('',#3832,7.000000000000018);
#3834=LINE('',#3831,#3833);
#3835=EDGE_CURVE('',#3343,#3824,#3834,.T.);
#3836=ORIENTED_EDGE('',*,*,#3835,.F.);
#3837=ORIENTED_EDGE('',*,*,#3348,.F.);
#3838=CARTESIAN_POINT('',(-30.0,-17.200000000000010,-6.899999999999995));
#3839=DIRECTION('',(0.0,1.0,0.0));
#3840=VECTOR('',#3839,34.499999999999993);
#3841=LINE('',#3838,#3840);
#3842=EDGE_CURVE('',#3416,#3335,#3841,.T.);
#3843=ORIENTED_EDGE('',*,*,#3842,.F.);
#3844=ORIENTED_EDGE('',*,*,#3421,.F.);
#3845=CARTESIAN_POINT('',(-30.0,-26.699999999999999,-7.399999999999999));
#3846=VERTEX_POINT('',#3845);
#3847=CARTESIAN_POINT('',(-30.0,-26.699999999999999,-7.399999999999999));
#3848=DIRECTION('',(0.0,1.0,0.0));
#3849=VECTOR('',#3848,8.999999999999996);
#3850=LINE('',#3847,#3849);
#3851=EDGE_CURVE('',#3846,#3408,#3850,.T.);
#3852=ORIENTED_EDGE('',*,*,#3851,.F.);
#3853=CARTESIAN_POINT('',(-30.0,-27.200000000000003,-6.899999999999996));
#3854=VERTEX_POINT('',#3853);
#3855=CARTESIAN_POINT('',(-30.0,-27.200000000000003,-6.899999999999996));
#3856=DIRECTION('',(0.0,0.707106781186548,-0.707106781186547));
#3857=VECTOR('',#3856,0.707106781186552);
#3858=LINE('',#3855,#3857);
#3859=EDGE_CURVE('',#3854,#3846,#3858,.T.);
#3860=ORIENTED_EDGE('',*,*,#3859,.F.);
#3861=CARTESIAN_POINT('',(-30.0,-34.699999999999996,-6.899999999999997));
#3862=VERTEX_POINT('',#3861);
#3863=CARTESIAN_POINT('',(-30.0,-34.699999999999996,-6.899999999999997));
#3864=DIRECTION('',(0.0,1.0,0.0));
#3865=VECTOR('',#3864,7.499999999999993);
#3866=LINE('',#3863,#3865);
#3867=EDGE_CURVE('',#3862,#3854,#3866,.T.);
#3868=ORIENTED_EDGE('',*,*,#3867,.F.);
#3869=CARTESIAN_POINT('',(-30.0,-36.200000000000003,-8.399999999999997));
#3870=VERTEX_POINT('',#3869);
#3871=CARTESIAN_POINT('',(-30.0,-34.700000000000003,-8.399999999999997));
#3872=DIRECTION('',(-1.0,0.0,0.0));
#3873=DIRECTION('',(0.0,-0.707106781186550,0.707106781186545));
#3874=AXIS2_PLACEMENT_3D('',#3871,#3872,#3873);
#3875=CIRCLE('',#3874,1.499999999999999);
#3876=EDGE_CURVE('',#3870,#3862,#3875,.T.);
#3877=ORIENTED_EDGE('',*,*,#3876,.F.);
#3878=CARTESIAN_POINT('',(-30.0,-36.200000000000003,-19.899999999999995));
#3879=VERTEX_POINT('',#3878);
#3880=CARTESIAN_POINT('',(-30.0,-36.200000000000003,-19.899999999999995));
#3881=DIRECTION('',(0.0,0.0,1.0));
#3882=VECTOR('',#3881,11.499999999999998);
#3883=LINE('',#3880,#3882);
#3884=EDGE_CURVE('',#3879,#3870,#3883,.T.);
#3885=ORIENTED_EDGE('',*,*,#3884,.F.);
#3886=CARTESIAN_POINT('',(-30.0,-37.700000000000003,-21.399999999999999));
#3887=VERTEX_POINT('',#3886);
#3888=CARTESIAN_POINT('',(-30.0,-37.700000000000003,-19.899999999999991));
#3889=DIRECTION('',(1.0,0.0,0.0));
#3890=DIRECTION('',(0.0,0.707106781186549,-0.707106781186546));
#3891=AXIS2_PLACEMENT_3D('',#3888,#3889,#3890);
#3892=CIRCLE('',#3891,1.500000000000001);
#3893=EDGE_CURVE('',#3887,#3879,#3892,.T.);
#3894=ORIENTED_EDGE('',*,*,#3893,.F.);
#3895=CARTESIAN_POINT('',(-30.0,-43.700000000000003,-21.399999999999999));
#3896=VERTEX_POINT('',#3895);
#3897=CARTESIAN_POINT('',(-30.0,-43.700000000000003,-21.399999999999999));
#3898=DIRECTION('',(0.0,1.0,0.0));
#3899=VECTOR('',#3898,6.0);
#3900=LINE('',#3897,#3899);
#3901=EDGE_CURVE('',#3896,#3887,#3900,.T.);
#3902=ORIENTED_EDGE('',*,*,#3901,.F.);
#3903=CARTESIAN_POINT('',(-30.0,-45.199999999999996,-19.899999999999995));
#3904=VERTEX_POINT('',#3903);
#3905=CARTESIAN_POINT('',(-30.0,-43.700000000000003,-19.899999999999995));
#3906=DIRECTION('',(1.000000000000000,0.0,0.0));
#3907=DIRECTION('',(0.0,-0.707106781186550,-0.707106781186545));
#3908=AXIS2_PLACEMENT_3D('',#3905,#3906,#3907);
#3909=CIRCLE('',#3908,1.500000000000001);
#3910=EDGE_CURVE('',#3904,#3896,#3909,.T.);
#3911=ORIENTED_EDGE('',*,*,#3910,.F.);
#3912=CARTESIAN_POINT('',(-30.0,-45.200000000000003,-8.899999999999993));
#3913=VERTEX_POINT('',#3912);
#3914=CARTESIAN_POINT('',(-30.0,-45.200000000000003,-8.899999999999993));
#3915=DIRECTION('',(0.0,0.0,-1.0));
#3916=VECTOR('',#3915,11.000000000000002);
#3917=LINE('',#3914,#3916);
#3918=EDGE_CURVE('',#3913,#3904,#3917,.T.);
#3919=ORIENTED_EDGE('',*,*,#3918,.F.);
#3920=CARTESIAN_POINT('',(-30.0,-46.700000000000003,-7.399999999999993));
#3921=VERTEX_POINT('',#3920);
#3922=CARTESIAN_POINT('',(-30.0,-46.700000000000003,-8.899999999999993));
#3923=DIRECTION('',(-1.000000000000000,0.0,0.0));
#3924=DIRECTION('',(0.0,0.707106781186547,0.707106781186548));
#3925=AXIS2_PLACEMENT_3D('',#3922,#3923,#3924);
#3926=CIRCLE('',#3925,1.500000000000000);
#3927=EDGE_CURVE('',#3921,#3913,#3926,.T.);
#3928=ORIENTED_EDGE('',*,*,#3927,.F.);
#3929=CARTESIAN_POINT('',(-30.0,-54.700000000000003,-7.399999999999995));
#3930=VERTEX_POINT('',#3929);
#3931=CARTESIAN_POINT('',(-30.0,-54.700000000000003,-7.399999999999995));
#3932=DIRECTION('',(0.0,1.0,0.0));
#3933=VECTOR('',#3932,8.0);
#3934=LINE('',#3931,#3933);
#3935=EDGE_CURVE('',#3930,#3921,#3934,.T.);
#3936=ORIENTED_EDGE('',*,*,#3935,.F.);
#3937=CARTESIAN_POINT('',(-30.0,-54.700000000000003,-6.899999999999996));
#3938=DIRECTION('',(1.0,0.0,0.0));
#3939=DIRECTION('',(0.0,-0.707106781186547,-0.707106781186548));
#3940=AXIS2_PLACEMENT_3D('',#3937,#3938,#3939);
#3941=CIRCLE('',#3940,0.500000000000001);
#3942=EDGE_CURVE('',#3735,#3930,#3941,.T.);
#3943=ORIENTED_EDGE('',*,*,#3942,.F.);
#3944=ORIENTED_EDGE('',*,*,#3740,.F.);
#3945=EDGE_LOOP('',(#3764,#3772,#3781,#3789,#3798,#3806,#3814,#3822,#3830,#3836,#3837,#3843,#3844,#3852,#3860,#3868,#3877,#3885,#3894,#3902,#3911,#3919,#3928,#3936,#3943,#3944));
#3946=FACE_OUTER_BOUND('',#3945,.T.);
#3947=ADVANCED_FACE('',(#3946),#3763,.F.);
#3948=CARTESIAN_POINT('',(-29.750000000000000,34.049999999999997,-3.346363321702135));
#3949=DIRECTION('',(-0.707106781186548,0.707106781186548,0.0));
#3950=DIRECTION('',(0.0,0.0,1.0));
#3951=AXIS2_PLACEMENT_3D('',#3948,#3949,#3950);
#3952=PLANE('',#3951);
#3953=ORIENTED_EDGE('',*,*,#3722,.F.);
#3954=CARTESIAN_POINT('',(-29.500000000000000,34.299999999999997,-11.334413891763715));
#3955=VERTEX_POINT('',#3954);
#3956=CARTESIAN_POINT('',(-29.500000000000000,34.299999999999997,-0.500000000000000));
#3957=DIRECTION('',(0.0,0.0,-1.0));
#3958=VECTOR('',#3957,10.834413891763715);
#3959=LINE('',#3956,#3958);
#3960=EDGE_CURVE('',#3488,#3955,#3959,.T.);
#3961=ORIENTED_EDGE('',*,*,#3960,.T.);
#3962=CARTESIAN_POINT('',(-30.0,33.799999999999969,-11.334413891763715));
#3963=DIRECTION('',(0.707106781186527,0.707106781186568,0.0));
#3964=VECTOR('',#3963,0.707106781186568);
#3965=LINE('',#3962,#3964);
#3966=EDGE_CURVE('',#3766,#3955,#3965,.T.);
#3967=ORIENTED_EDGE('',*,*,#3966,.F.);
#3968=ORIENTED_EDGE('',*,*,#3771,.T.);
#3969=EDGE_LOOP('',(#3953,#3961,#3967,#3968));
#3970=FACE_OUTER_BOUND('',#3969,.T.);
#3971=ADVANCED_FACE('',(#3970),#3952,.T.);
#3972=CARTESIAN_POINT('',(0.0,34.299999999999997,0.0));
#3973=DIRECTION('',(0.0,1.0,0.0));
#3974=DIRECTION('',(0.0,0.0,1.0));
#3975=AXIS2_PLACEMENT_3D('',#3972,#3973,#3974);
#3976=PLANE('',#3975);
#3977=ORIENTED_EDGE('',*,*,#3493,.F.);
#3978=CARTESIAN_POINT('',(29.500000000000000,34.299999999999997,-11.334413891763715));
#3979=VERTEX_POINT('',#3978);
#3980=CARTESIAN_POINT('',(29.500000000000000,34.299999999999997,-11.334413891763715));
#3981=DIRECTION('',(0.0,0.0,1.0));
#3982=VECTOR('',#3981,10.834413891763715);
#3983=LINE('',#3980,#3982);
#3984=EDGE_CURVE('',#3979,#3486,#3983,.T.);
#3985=ORIENTED_EDGE('',*,*,#3984,.F.);
#3986=CARTESIAN_POINT('',(29.500000000000000,34.299999999999997,-11.334413891763715));
#3987=DIRECTION('',(-1.0,0.0,0.0));
#3988=VECTOR('',#3987,59.0);
#3989=LINE('',#3986,#3988);
#3990=EDGE_CURVE('',#3979,#3955,#3989,.T.);
#3991=ORIENTED_EDGE('',*,*,#3990,.T.);
#3992=ORIENTED_EDGE('',*,*,#3960,.F.);
#3993=EDGE_LOOP('',(#3977,#3985,#3991,#3992));
#3994=FACE_OUTER_BOUND('',#3993,.T.);
#3995=ADVANCED_FACE('',(#3994),#3976,.T.);
#3996=CARTESIAN_POINT('',(0.0,-55.700000000000003,0.0));
#3997=DIRECTION('',(0.0,0.0,1.0));
#3998=DIRECTION('',(1.0,0.0,0.0));
#3999=AXIS2_PLACEMENT_3D('',#3996,#3997,#3998);
#4000=PLANE('',#3999);
#4001=ORIENTED_EDGE('',*,*,#3509,.F.);
#4002=ORIENTED_EDGE('',*,*,#3715,.F.);
#4003=ORIENTED_EDGE('',*,*,#3695,.F.);
#4004=ORIENTED_EDGE('',*,*,#3655,.F.);
#4005=ORIENTED_EDGE('',*,*,#3633,.F.);
#4006=ORIENTED_EDGE('',*,*,#3593,.F.);
#4007=ORIENTED_EDGE('',*,*,#3571,.F.);
#4008=ORIENTED_EDGE('',*,*,#3531,.F.);
#4009=EDGE_LOOP('',(#4001,#4002,#4003,#4004,#4005,#4006,#4007,#4008));
#4010=FACE_OUTER_BOUND('',#4009,.T.);
#4011=ORIENTED_EDGE('',*,*,#3183,.T.);
#4012=EDGE_LOOP('',(#4011));
#4013=FACE_BOUND('',#4012,.T.);
#4014=ORIENTED_EDGE('',*,*,#3312,.T.);
#4015=EDGE_LOOP('',(#4014));
#4016=FACE_BOUND('',#4015,.T.);
#4017=CARTESIAN_POINT('',(-23.229500000000002,-50.0,0.0));
#4018=VERTEX_POINT('',#4017);
#4019=CARTESIAN_POINT('',(-22.0,-50.0,0.0));
#4020=DIRECTION('',(0.0,0.0,-1.0));
#4021=DIRECTION('',(-1.0,0.0,0.0));
#4022=AXIS2_PLACEMENT_3D('',#4019,#4020,#4021);
#4023=CIRCLE('',#4022,1.229500000000000);
#4024=EDGE_CURVE('',#4018,#4018,#4023,.T.);
#4025=ORIENTED_EDGE('',*,*,#4024,.T.);
#4026=EDGE_LOOP('',(#4025));
#4027=FACE_BOUND('',#4026,.T.);
#4028=CARTESIAN_POINT('',(-23.229500000000002,15.999999999999996,0.0));
#4029=VERTEX_POINT('',#4028);
#4030=CARTESIAN_POINT('',(-22.0,15.999999999999996,0.0));
#4031=DIRECTION('',(0.0,0.0,-1.0));
#4032=DIRECTION('',(-1.0,0.0,0.0));
#4033=AXIS2_PLACEMENT_3D('',#4030,#4031,#4032);
#4034=CIRCLE('',#4033,1.229500000000000);
#4035=EDGE_CURVE('',#4029,#4029,#4034,.T.);
#4036=ORIENTED_EDGE('',*,*,#4035,.T.);
#4037=EDGE_LOOP('',(#4036));
#4038=FACE_BOUND('',#4037,.T.);
#4039=CARTESIAN_POINT('',(23.229500000000002,-50.0,0.0));
#4040=VERTEX_POINT('',#4039);
#4041=CARTESIAN_POINT('',(22.0,-50.0,0.0));
#4042=DIRECTION('',(0.0,0.0,-1.0));
#4043=DIRECTION('',(1.0,0.0,0.0));
#4044=AXIS2_PLACEMENT_3D('',#4041,#4042,#4043);
#4045=CIRCLE('',#4044,1.229500000000000);
#4046=EDGE_CURVE('',#4040,#4040,#4045,.T.);
#4047=ORIENTED_EDGE('',*,*,#4046,.T.);
#4048=EDGE_LOOP('',(#4047));
#4049=FACE_BOUND('',#4048,.T.);
#4050=CARTESIAN_POINT('',(23.229500000000002,15.999999999999996,0.0));
#4051=VERTEX_POINT('',#4050);
#4052=CARTESIAN_POINT('',(22.0,15.999999999999996,0.0));
#4053=DIRECTION('',(0.0,0.0,-1.0));
#4054=DIRECTION('',(1.0,0.0,0.0));
#4055=AXIS2_PLACEMENT_3D('',#4052,#4053,#4054);
#4056=CIRCLE('',#4055,1.229500000000000);
#4057=EDGE_CURVE('',#4051,#4051,#4056,.T.);
#4058=ORIENTED_EDGE('',*,*,#4057,.T.);
#4059=EDGE_LOOP('',(#4058));
#4060=FACE_BOUND('',#4059,.T.);
#4061=CARTESIAN_POINT('',(26.621000000000002,25.0,0.0));
#4062=VERTEX_POINT('',#4061);
#4063=CARTESIAN_POINT('',(25.0,25.0,0.0));
#4064=DIRECTION('',(0.0,0.0,-1.0));
#4065=DIRECTION('',(1.0,0.0,0.0));
#4066=AXIS2_PLACEMENT_3D('',#4063,#4064,#4065);
#4067=CIRCLE('',#4066,1.621000000000000);
#4068=EDGE_CURVE('',#4062,#4062,#4067,.T.);
#4069=ORIENTED_EDGE('',*,*,#4068,.T.);
#4070=EDGE_LOOP('',(#4069));
#4071=FACE_BOUND('',#4070,.T.);
#4072=CARTESIAN_POINT('',(1.621000000000000,25.0,0.0));
#4073=VERTEX_POINT('',#4072);
#4074=CARTESIAN_POINT('',(0.0,25.0,0.0));
#4075=DIRECTION('',(0.0,0.0,-1.0));
#4076=DIRECTION('',(1.0,0.0,0.0));
#4077=AXIS2_PLACEMENT_3D('',#4074,#4075,#4076);
#4078=CIRCLE('',#4077,1.621000000000000);
#4079=EDGE_CURVE('',#4073,#4073,#4078,.T.);
#4080=ORIENTED_EDGE('',*,*,#4079,.T.);
#4081=EDGE_LOOP('',(#4080));
#4082=FACE_BOUND('',#4081,.T.);
#4083=CARTESIAN_POINT('',(-23.378999999999998,25.0,0.0));
#4084=VERTEX_POINT('',#4083);
#4085=CARTESIAN_POINT('',(-25.0,25.0,0.0));
#4086=DIRECTION('',(0.0,0.0,-1.0));
#4087=DIRECTION('',(1.0,0.0,0.0));
#4088=AXIS2_PLACEMENT_3D('',#4085,#4086,#4087);
#4089=CIRCLE('',#4088,1.621000000000000);
#4090=EDGE_CURVE('',#4084,#4084,#4089,.T.);
#4091=ORIENTED_EDGE('',*,*,#4090,.T.);
#4092=EDGE_LOOP('',(#4091));
#4093=FACE_BOUND('',#4092,.T.);
#4094=CARTESIAN_POINT('',(26.621000000000002,-25.0,0.0));
#4095=VERTEX_POINT('',#4094);
#4096=CARTESIAN_POINT('',(25.0,-25.0,0.0));
#4097=DIRECTION('',(0.0,0.0,-1.0));
#4098=DIRECTION('',(1.0,0.0,0.0));
#4099=AXIS2_PLACEMENT_3D('',#4096,#4097,#4098);
#4100=CIRCLE('',#4099,1.621000000000000);
#4101=EDGE_CURVE('',#4095,#4095,#4100,.T.);
#4102=ORIENTED_EDGE('',*,*,#4101,.T.);
#4103=EDGE_LOOP('',(#4102));
#4104=FACE_BOUND('',#4103,.T.);
#4105=CARTESIAN_POINT('',(-23.378999999999998,-25.0,0.0));
#4106=VERTEX_POINT('',#4105);
#4107=CARTESIAN_POINT('',(-25.0,-25.0,0.0));
#4108=DIRECTION('',(0.0,0.0,-1.0));
#4109=DIRECTION('',(1.0,0.0,0.0));
#4110=AXIS2_PLACEMENT_3D('',#4107,#4108,#4109);
#4111=CIRCLE('',#4110,1.621000000000000);
#4112=EDGE_CURVE('',#4106,#4106,#4111,.T.);
#4113=ORIENTED_EDGE('',*,*,#4112,.T.);
#4114=EDGE_LOOP('',(#4113));
#4115=FACE_BOUND('',#4114,.T.);
#4116=CARTESIAN_POINT('',(-26.621000000000002,-7.700917E-015,0.0));
#4117=VERTEX_POINT('',#4116);
#4118=CARTESIAN_POINT('',(-25.0,-7.502408E-015,0.0));
#4119=DIRECTION('',(0.0,0.0,-1.0));
#4120=DIRECTION('',(-1.0,0.0,0.0));
#4121=AXIS2_PLACEMENT_3D('',#4118,#4119,#4120);
#4122=CIRCLE('',#4121,1.621000000000000);
#4123=EDGE_CURVE('',#4117,#4117,#4122,.T.);
#4124=ORIENTED_EDGE('',*,*,#4123,.T.);
#4125=EDGE_LOOP('',(#4124));
#4126=FACE_BOUND('',#4125,.T.);
#4127=CARTESIAN_POINT('',(6.070904E-015,-26.621000000000002,0.0));
#4128=VERTEX_POINT('',#4127);
#4129=CARTESIAN_POINT('',(5.971650E-015,-25.0,0.0));
#4130=DIRECTION('',(0.0,0.0,-1.0));
#4131=DIRECTION('',(0.0,-1.0,0.0));
#4132=AXIS2_PLACEMENT_3D('',#4129,#4130,#4131);
#4133=CIRCLE('',#4132,1.621000000000000);
#4134=EDGE_CURVE('',#4128,#4128,#4133,.T.);
#4135=ORIENTED_EDGE('',*,*,#4134,.T.);
#4136=EDGE_LOOP('',(#4135));
#4137=FACE_BOUND('',#4136,.T.);
#4138=CARTESIAN_POINT('',(26.621000000000002,4.440892E-015,0.0));
#4139=VERTEX_POINT('',#4138);
#4140=CARTESIAN_POINT('',(25.0,4.440892E-015,0.0));
#4141=DIRECTION('',(0.0,0.0,-1.0));
#4142=DIRECTION('',(1.0,0.0,0.0));
#4143=AXIS2_PLACEMENT_3D('',#4140,#4141,#4142);
#4144=CIRCLE('',#4143,1.621000000000000);
#4145=EDGE_CURVE('',#4139,#4139,#4144,.T.);
#4146=ORIENTED_EDGE('',*,*,#4145,.T.);
#4147=EDGE_LOOP('',(#4146));
#4148=FACE_BOUND('',#4147,.T.);
#4149=CARTESIAN_POINT('',(7.458500000000000,0.0,0.0));
#4150=VERTEX_POINT('',#4149);
#4151=CARTESIAN_POINT('',(0.0,0.0,0.0));
#4152=DIRECTION('',(0.0,0.0,-1.0));
#4153=DIRECTION('',(1.0,0.0,0.0));
#4154=AXIS2_PLACEMENT_3D('',#4151,#4152,#4153);
#4155=CIRCLE('',#4154,7.458500000000000);
#4156=EDGE_CURVE('',#4150,#4150,#4155,.T.);
#4157=ORIENTED_EDGE('',*,*,#4156,.T.);
#4158=EDGE_LOOP('',(#4157));
#4159=FACE_BOUND('',#4158,.T.);
#4160=ADVANCED_FACE('',(#4010,#4013,#4016,#4027,#4038,#4049,#4060,#4071,#4082,#4093,#4104,#4115,#4126,#4137,#4148,#4159),#4000,.T.);
#4161=CARTESIAN_POINT('',(29.750000000000000,-14.565377041682055,-7.649999999999997));
#4162=DIRECTION('',(0.707106781186549,9.813078E-017,-0.707106781186546));
#4163=DIRECTION('',(-0.707106781186546,0.0,-0.707106781186549));
#4164=AXIS2_PLACEMENT_3D('',#4161,#4162,#4163);
#4165=PLANE('',#4164);
#4166=CARTESIAN_POINT('',(30.0,-26.700000000000003,-7.399999999999999));
#4167=VERTEX_POINT('',#4166);
#4168=CARTESIAN_POINT('',(30.0,-26.700000000000003,-7.399999999999999));
#4169=DIRECTION('',(-0.577350269189626,0.577350269189626,-0.577350269189626));
#4170=VECTOR('',#4169,0.866025403784439);
#4171=LINE('',#4168,#4170);
#4172=EDGE_CURVE('',#4167,#2620,#4171,.T.);
#4173=ORIENTED_EDGE('',*,*,#4172,.T.);
#4174=ORIENTED_EDGE('',*,*,#2669,.T.);
#4175=ORIENTED_EDGE('',*,*,#3474,.T.);
#4176=CARTESIAN_POINT('',(30.0,-17.700000000000003,-7.399999999999997));
#4177=DIRECTION('',(0.0,-1.0,0.0));
#4178=VECTOR('',#4177,9.0);
#4179=LINE('',#4176,#4178);
#4180=EDGE_CURVE('',#3463,#4167,#4179,.T.);
#4181=ORIENTED_EDGE('',*,*,#4180,.T.);
#4182=EDGE_LOOP('',(#4173,#4174,#4175,#4181));
#4183=FACE_OUTER_BOUND('',#4182,.T.);
#4184=ADVANCED_FACE('',(#4183),#4165,.T.);
#4185=CARTESIAN_POINT('',(30.0,-10.930754083364111,-6.692726643404265));
#4186=DIRECTION('',(1.0,0.0,0.0));
#4187=DIRECTION('',(0.0,0.0,-1.0));
#4188=AXIS2_PLACEMENT_3D('',#4185,#4186,#4187);
#4189=PLANE('',#4188);
#4190=ORIENTED_EDGE('',*,*,#3562,.F.);
#4191=CARTESIAN_POINT('',(30.0,-55.200000000000017,-6.899999999999996));
#4192=VERTEX_POINT('',#4191);
#4193=CARTESIAN_POINT('',(30.0,-55.200000000000017,-6.899999999999996));
#4194=DIRECTION('',(0.0,0.0,1.0));
#4195=VECTOR('',#4194,6.399999999999995);
#4196=LINE('',#4193,#4195);
#4197=EDGE_CURVE('',#4192,#3557,#4196,.T.);
#4198=ORIENTED_EDGE('',*,*,#4197,.F.);
#4199=CARTESIAN_POINT('',(30.0,-54.700000000000003,-7.399999999999998));
#4200=VERTEX_POINT('',#4199);
#4201=CARTESIAN_POINT('',(30.0,-54.700000000000003,-6.899999999999996));
#4202=DIRECTION('',(-1.0,0.0,0.0));
#4203=DIRECTION('',(0.0,-0.707106781186547,-0.707106781186548));
#4204=AXIS2_PLACEMENT_3D('',#4201,#4202,#4203);
#4205=CIRCLE('',#4204,0.500000000000001);
#4206=EDGE_CURVE('',#4200,#4192,#4205,.T.);
#4207=ORIENTED_EDGE('',*,*,#4206,.F.);
#4208=CARTESIAN_POINT('',(30.0,-46.700000000000003,-7.399999999999993));
#4209=VERTEX_POINT('',#4208);
#4210=CARTESIAN_POINT('',(30.0,-46.700000000000003,-7.399999999999993));
#4211=DIRECTION('',(0.0,-1.0,0.0));
#4212=VECTOR('',#4211,8.0);
#4213=LINE('',#4210,#4212);
#4214=EDGE_CURVE('',#4209,#4200,#4213,.T.);
#4215=ORIENTED_EDGE('',*,*,#4214,.F.);
#4216=CARTESIAN_POINT('',(30.0,-45.199999999999996,-8.899999999999993));
#4217=VERTEX_POINT('',#4216);
#4218=CARTESIAN_POINT('',(30.0,-46.700000000000003,-8.899999999999993));
#4219=DIRECTION('',(1.000000000000000,0.0,0.0));
#4220=DIRECTION('',(0.0,0.707106781186547,0.707106781186548));
#4221=AXIS2_PLACEMENT_3D('',#4218,#4219,#4220);
#4222=CIRCLE('',#4221,1.500000000000000);
#4223=EDGE_CURVE('',#4217,#4209,#4222,.T.);
#4224=ORIENTED_EDGE('',*,*,#4223,.F.);
#4225=CARTESIAN_POINT('',(30.0,-45.200000000000003,-19.899999999999995));
#4226=VERTEX_POINT('',#4225);
#4227=CARTESIAN_POINT('',(30.0,-45.200000000000003,-19.899999999999995));
#4228=DIRECTION('',(0.0,0.0,1.0));
#4229=VECTOR('',#4228,11.000000000000002);
#4230=LINE('',#4227,#4229);
#4231=EDGE_CURVE('',#4226,#4217,#4230,.T.);
#4232=ORIENTED_EDGE('',*,*,#4231,.F.);
#4233=CARTESIAN_POINT('',(30.0,-43.700000000000003,-21.399999999999999));
#4234=VERTEX_POINT('',#4233);
#4235=CARTESIAN_POINT('',(30.0,-43.700000000000003,-19.899999999999995));
#4236=DIRECTION('',(-1.000000000000000,0.0,0.0));
#4237=DIRECTION('',(0.0,-0.707106781186550,-0.707106781186545));
#4238=AXIS2_PLACEMENT_3D('',#4235,#4236,#4237);
#4239=CIRCLE('',#4238,1.500000000000001);
#4240=EDGE_CURVE('',#4234,#4226,#4239,.T.);
#4241=ORIENTED_EDGE('',*,*,#4240,.F.);
#4242=CARTESIAN_POINT('',(30.0,-37.700000000000003,-21.399999999999991));
#4243=VERTEX_POINT('',#4242);
#4244=CARTESIAN_POINT('',(30.0,-37.700000000000003,-21.399999999999991));
#4245=DIRECTION('',(0.0,-1.0,0.0));
#4246=VECTOR('',#4245,6.0);
#4247=LINE('',#4244,#4246);
#4248=EDGE_CURVE('',#4243,#4234,#4247,.T.);
#4249=ORIENTED_EDGE('',*,*,#4248,.F.);
#4250=CARTESIAN_POINT('',(30.0,-36.200000000000003,-19.899999999999995));
#4251=VERTEX_POINT('',#4250);
#4252=CARTESIAN_POINT('',(30.0,-37.700000000000003,-19.899999999999991));
#4253=DIRECTION('',(-1.0,0.0,0.0));
#4254=DIRECTION('',(0.0,0.707106781186549,-0.707106781186546));
#4255=AXIS2_PLACEMENT_3D('',#4252,#4253,#4254);
#4256=CIRCLE('',#4255,1.500000000000001);
#4257=EDGE_CURVE('',#4251,#4243,#4256,.T.);
#4258=ORIENTED_EDGE('',*,*,#4257,.F.);
#4259=CARTESIAN_POINT('',(30.0,-36.200000000000003,-8.399999999999997));
#4260=VERTEX_POINT('',#4259);
#4261=CARTESIAN_POINT('',(30.0,-36.200000000000003,-8.399999999999997));
#4262=DIRECTION('',(0.0,0.0,-1.0));
#4263=VECTOR('',#4262,11.499999999999998);
#4264=LINE('',#4261,#4263);
#4265=EDGE_CURVE('',#4260,#4251,#4264,.T.);
#4266=ORIENTED_EDGE('',*,*,#4265,.F.);
#4267=CARTESIAN_POINT('',(30.0,-34.699999999999996,-6.899999999999997));
#4268=VERTEX_POINT('',#4267);
#4269=CARTESIAN_POINT('',(30.0,-34.700000000000003,-8.399999999999997));
#4270=DIRECTION('',(1.0,0.0,0.0));
#4271=DIRECTION('',(0.0,-0.707106781186550,0.707106781186545));
#4272=AXIS2_PLACEMENT_3D('',#4269,#4270,#4271);
#4273=CIRCLE('',#4272,1.499999999999999);
#4274=EDGE_CURVE('',#4268,#4260,#4273,.T.);
#4275=ORIENTED_EDGE('',*,*,#4274,.F.);
#4276=CARTESIAN_POINT('',(30.0,-27.200000000000006,-6.899999999999995));
#4277=VERTEX_POINT('',#4276);
#4278=CARTESIAN_POINT('',(30.0,-27.200000000000006,-6.899999999999995));
#4279=DIRECTION('',(0.0,-1.0,0.0));
#4280=VECTOR('',#4279,7.499999999999989);
#4281=LINE('',#4278,#4280);
#4282=EDGE_CURVE('',#4277,#4268,#4281,.T.);
#4283=ORIENTED_EDGE('',*,*,#4282,.F.);
#4284=CARTESIAN_POINT('',(30.0,-26.700000000000003,-7.399999999999999));
#4285=DIRECTION('',(0.0,-0.707106781186547,0.707106781186547));
#4286=VECTOR('',#4285,0.707106781186553);
#4287=LINE('',#4284,#4286);
#4288=EDGE_CURVE('',#4167,#4277,#4287,.T.);
#4289=ORIENTED_EDGE('',*,*,#4288,.F.);
#4290=ORIENTED_EDGE('',*,*,#4180,.F.);
#4291=ORIENTED_EDGE('',*,*,#3468,.F.);
#4292=CARTESIAN_POINT('',(30.0,17.299999999999983,-6.899999999999991));
#4293=DIRECTION('',(0.0,-1.0,0.0));
#4294=VECTOR('',#4293,34.499999999999993);
#4295=LINE('',#4292,#4294);
#4296=EDGE_CURVE('',#3376,#3455,#4295,.T.);
#4297=ORIENTED_EDGE('',*,*,#4296,.F.);
#4298=ORIENTED_EDGE('',*,*,#3381,.F.);
#4299=CARTESIAN_POINT('',(30.0,24.800000000000008,-7.399999999999989));
#4300=VERTEX_POINT('',#4299);
#4301=CARTESIAN_POINT('',(30.0,24.800000000000008,-7.399999999999989));
#4302=DIRECTION('',(0.0,-1.0,0.0));
#4303=VECTOR('',#4302,7.000000000000014);
#4304=LINE('',#4301,#4303);
#4305=EDGE_CURVE('',#4300,#3368,#4304,.T.);
#4306=ORIENTED_EDGE('',*,*,#4305,.F.);
#4307=CARTESIAN_POINT('',(30.0,25.300000000000011,-6.899999999999986));
#4308=VERTEX_POINT('',#4307);
#4309=CARTESIAN_POINT('',(30.0,25.300000000000011,-6.899999999999986));
#4310=DIRECTION('',(0.0,-0.707106781186548,-0.707106781186547));
#4311=VECTOR('',#4310,0.707106781186552);
#4312=LINE('',#4309,#4311);
#4313=EDGE_CURVE('',#4308,#4300,#4312,.T.);
#4314=ORIENTED_EDGE('',*,*,#4313,.F.);
#4315=CARTESIAN_POINT('',(30.0,26.799999999999997,-6.899999999999992));
#4316=VERTEX_POINT('',#4315);
#4317=CARTESIAN_POINT('',(30.0,26.799999999999997,-6.899999999999992));
#4318=DIRECTION('',(0.0,-1.0,0.0));
#4319=VECTOR('',#4318,1.499999999999986);
#4320=LINE('',#4317,#4319);
#4321=EDGE_CURVE('',#4316,#4308,#4320,.T.);
#4322=ORIENTED_EDGE('',*,*,#4321,.F.);
#4323=CARTESIAN_POINT('',(30.0,26.799999999999997,-12.707106781186543));
#4324=VERTEX_POINT('',#4323);
#4325=CARTESIAN_POINT('',(30.0,26.799999999999997,-12.707106781186543));
#4326=DIRECTION('',(0.0,0.0,1.0));
#4327=VECTOR('',#4326,5.807106781186551);
#4328=LINE('',#4325,#4327);
#4329=EDGE_CURVE('',#4324,#4316,#4328,.T.);
#4330=ORIENTED_EDGE('',*,*,#4329,.F.);
#4331=CARTESIAN_POINT('',(30.0,23.432373497826884,-16.074733283359706));
#4332=VERTEX_POINT('',#4331);
#4333=CARTESIAN_POINT('',(30.0,23.432373497826884,-16.074733283359706));
#4334=DIRECTION('',(0.0,0.707106781186542,0.707106781186553));
#4335=VECTOR('',#4334,4.762543072380320);
#4336=LINE('',#4333,#4335);
#4337=EDGE_CURVE('',#4332,#4324,#4336,.T.);
#4338=ORIENTED_EDGE('',*,*,#4337,.F.);
#4339=CARTESIAN_POINT('',(30.0,26.026980515339446,-17.265544456622766));
#4340=VERTEX_POINT('',#4339);
#4341=CARTESIAN_POINT('',(30.0,25.151980515339439,-15.749999999999996));
#4342=DIRECTION('',(-1.0,0.0,0.0));
#4343=DIRECTION('',(0.0,-0.997965759606940,-0.063752197233850));
#4344=AXIS2_PLACEMENT_3D('',#4341,#4342,#4343);
#4345=CIRCLE('',#4344,1.750000000000002);
#4346=EDGE_CURVE('',#4340,#4332,#4345,.T.);
#4347=ORIENTED_EDGE('',*,*,#4346,.F.);
#4348=CARTESIAN_POINT('',(30.0,32.550000000000011,-13.499477401224809));
#4349=VERTEX_POINT('',#4348);
#4350=CARTESIAN_POINT('',(30.0,32.550000000000011,-13.499477401224809));
#4351=DIRECTION('',(0.0,-0.866025403784438,-0.500000000000001));
#4352=VECTOR('',#4351,7.532134110795906);
#4353=LINE('',#4350,#4352);
#4354=EDGE_CURVE('',#4349,#4340,#4353,.T.);
#4355=ORIENTED_EDGE('',*,*,#4354,.F.);
#4356=CARTESIAN_POINT('',(30.0,33.799999999999969,-11.334413891763715));
#4357=VERTEX_POINT('',#4356);
#4358=CARTESIAN_POINT('',(30.0,31.299999999999997,-11.334413891763715));
#4359=DIRECTION('',(-1.0,0.0,0.0));
#4360=DIRECTION('',(0.0,0.500000000000001,-0.866025403784438));
#4361=AXIS2_PLACEMENT_3D('',#4358,#4359,#4360);
#4362=CIRCLE('',#4361,2.499999999999977);
#4363=EDGE_CURVE('',#4357,#4349,#4362,.T.);
#4364=ORIENTED_EDGE('',*,*,#4363,.F.);
#4365=CARTESIAN_POINT('',(30.0,33.799999999999997,-0.500000000000000));
#4366=DIRECTION('',(0.0,0.0,-1.0));
#4367=VECTOR('',#4366,10.834413891763715);
#4368=LINE('',#4365,#4367);
#4369=EDGE_CURVE('',#3534,#4357,#4368,.T.);
#4370=ORIENTED_EDGE('',*,*,#4369,.F.);
#4371=EDGE_LOOP('',(#4190,#4198,#4207,#4215,#4224,#4232,#4241,#4249,#4258,#4266,#4275,#4283,#4289,#4290,#4291,#4297,#4298,#4306,#4314,#4322,#4330,#4338,#4347,#4355,#4364,#4370));
#4372=FACE_OUTER_BOUND('',#4371,.T.);
#4373=ADVANCED_FACE('',(#4372),#4189,.T.);
#4374=CARTESIAN_POINT('',(-29.750000000000000,-14.565377041682055,-7.649999999999997));
#4375=DIRECTION('',(-0.707106781186549,9.813078E-017,-0.707106781186546));
#4376=DIRECTION('',(-0.707106781186546,0.0,0.707106781186549));
#4377=AXIS2_PLACEMENT_3D('',#4374,#4375,#4376);
#4378=PLANE('',#4377);
#4379=ORIENTED_EDGE('',*,*,#3413,.T.);
#4380=ORIENTED_EDGE('',*,*,#2527,.T.);
#4381=CARTESIAN_POINT('',(-29.500000000000000,-26.200000000000003,-7.899999999999999));
#4382=DIRECTION('',(-0.577350269189627,-0.577350269189623,0.577350269189627));
#4383=VECTOR('',#4382,0.866025403784437);
#4384=LINE('',#4381,#4383);
#4385=EDGE_CURVE('',#2516,#3846,#4384,.T.);
#4386=ORIENTED_EDGE('',*,*,#4385,.T.);
#4387=ORIENTED_EDGE('',*,*,#3851,.T.);
#4388=EDGE_LOOP('',(#4379,#4380,#4386,#4387));
#4389=FACE_OUTER_BOUND('',#4388,.T.);
#4390=ADVANCED_FACE('',(#4389),#4378,.T.);
#4391=CARTESIAN_POINT('',(-29.750000000000000,3.434622958317941,-7.149999999999992));
#4392=DIRECTION('',(-0.707106781186548,6.634193E-017,-0.707106781186547));
#4393=DIRECTION('',(-0.707106781186547,0.0,0.707106781186548));
#4394=AXIS2_PLACEMENT_3D('',#4391,#4392,#4393);
#4395=PLANE('',#4394);
#4396=ORIENTED_EDGE('',*,*,#3340,.T.);
#4397=CARTESIAN_POINT('',(-29.500000000000000,17.799999999999994,-7.399999999999992));
#4398=DIRECTION('',(0.0,-1.0,0.0));
#4399=VECTOR('',#4398,35.500000000000000);
#4400=LINE('',#4397,#4399);
#4401=EDGE_CURVE('',#3327,#3424,#4400,.T.);
#4402=ORIENTED_EDGE('',*,*,#4401,.T.);
#4403=ORIENTED_EDGE('',*,*,#3429,.T.);
#4404=ORIENTED_EDGE('',*,*,#3842,.T.);
#4405=EDGE_LOOP('',(#4396,#4402,#4403,#4404));
#4406=FACE_OUTER_BOUND('',#4405,.T.);
#4407=ADVANCED_FACE('',(#4406),#4395,.T.);
#4408=CARTESIAN_POINT('',(29.750000000000000,3.434622958317941,-7.149999999999992));
#4409=DIRECTION('',(0.707106781186549,6.634193E-017,-0.707106781186546));
#4410=DIRECTION('',(-0.707106781186546,0.0,-0.707106781186549));
#4411=AXIS2_PLACEMENT_3D('',#4408,#4409,#4410);
#4412=PLANE('',#4411);
#4413=ORIENTED_EDGE('',*,*,#3389,.F.);
#4414=ORIENTED_EDGE('',*,*,#4296,.T.);
#4415=ORIENTED_EDGE('',*,*,#3460,.T.);
#4416=CARTESIAN_POINT('',(29.500000000000000,-17.700000000000003,-7.399999999999994));
#4417=DIRECTION('',(0.0,1.0,0.0));
#4418=VECTOR('',#4417,35.500000000000000);
#4419=LINE('',#4416,#4418);
#4420=EDGE_CURVE('',#3447,#3384,#4419,.T.);
#4421=ORIENTED_EDGE('',*,*,#4420,.T.);
#4422=EDGE_LOOP('',(#4413,#4414,#4415,#4421));
#4423=FACE_OUTER_BOUND('',#4422,.T.);
#4424=ADVANCED_FACE('',(#4423),#4412,.T.);
#4425=CARTESIAN_POINT('',(-29.750000000000000,6.684622958317947,-7.649999999999993));
#4426=DIRECTION('',(-0.707106781186549,1.308410E-016,-0.707106781186546));
#4427=DIRECTION('',(-0.707106781186546,0.0,0.707106781186549));
#4428=AXIS2_PLACEMENT_3D('',#4425,#4426,#4427);
#4429=PLANE('',#4428);
#4430=CARTESIAN_POINT('',(-29.999999999999996,24.800000000000011,-7.399999999999990));
#4431=DIRECTION('',(0.577350269189620,-0.577350269189632,-0.577350269189625));
#4432=VECTOR('',#4431,0.866025403784441);
#4433=LINE('',#4430,#4432);
#4434=EDGE_CURVE('',#3824,#2827,#4433,.T.);
#4435=ORIENTED_EDGE('',*,*,#4434,.T.);
#4436=ORIENTED_EDGE('',*,*,#2869,.T.);
#4437=ORIENTED_EDGE('',*,*,#3354,.T.);
#4438=ORIENTED_EDGE('',*,*,#3835,.T.);
#4439=EDGE_LOOP('',(#4435,#4436,#4437,#4438));
#4440=FACE_OUTER_BOUND('',#4439,.T.);
#4441=ADVANCED_FACE('',(#4440),#4429,.T.);
#4442=CARTESIAN_POINT('',(29.750000000000000,6.684622958317947,-7.649999999999992));
#4443=DIRECTION('',(0.707106781186550,1.308410E-016,-0.707106781186545));
#4444=DIRECTION('',(-0.707106781186545,0.0,-0.707106781186550));
#4445=AXIS2_PLACEMENT_3D('',#4442,#4443,#4444);
#4446=PLANE('',#4445);
#4447=ORIENTED_EDGE('',*,*,#3373,.T.);
#4448=ORIENTED_EDGE('',*,*,#2807,.T.);
#4449=CARTESIAN_POINT('',(29.500000000000000,24.300000000000004,-7.899999999999991));
#4450=DIRECTION('',(0.577350269189624,0.577350269189628,0.577350269189626));
#4451=VECTOR('',#4450,0.866025403784442);
#4452=LINE('',#4449,#4451);
#4453=EDGE_CURVE('',#2796,#4300,#4452,.T.);
#4454=ORIENTED_EDGE('',*,*,#4453,.T.);
#4455=ORIENTED_EDGE('',*,*,#4305,.T.);
#4456=EDGE_LOOP('',(#4447,#4448,#4454,#4455));
#4457=FACE_OUTER_BOUND('',#4456,.T.);
#4458=ADVANCED_FACE('',(#4457),#4446,.T.);
#4459=CARTESIAN_POINT('',(29.750000000000000,-54.700000000000003,-6.899999999999996));
#4460=DIRECTION('',(-1.0,0.0,0.0));
#4461=DIRECTION('',(0.0,-0.707106781186547,-0.707106781186548));
#4462=AXIS2_PLACEMENT_3D('',#4459,#4460,#4461);
#4463=CONICAL_SURFACE('',#4462,0.750000000000000,45.000000000000057);
#4464=CARTESIAN_POINT('',(29.500000000000000,-54.700000000000003,-7.899999999999996));
#4465=VERTEX_POINT('',#4464);
#4466=CARTESIAN_POINT('',(29.500000000000000,-54.700000000000003,-7.899999999999996));
#4467=DIRECTION('',(0.707106781186549,0.0,0.707106781186546));
#4468=VECTOR('',#4467,0.707106781186546);
#4469=LINE('',#4466,#4468);
#4470=EDGE_CURVE('',#4465,#4200,#4469,.T.);
#4471=ORIENTED_EDGE('',*,*,#4470,.T.);
#4472=ORIENTED_EDGE('',*,*,#4206,.T.);
#4473=CARTESIAN_POINT('',(29.500000000000000,-55.700000000000003,-6.899999999999996));
#4474=VERTEX_POINT('',#4473);
#4475=CARTESIAN_POINT('',(30.0,-55.200000000000017,-6.899999999999996));
#4476=DIRECTION('',(-0.707106781186558,-0.707106781186537,0.0));
#4477=VECTOR('',#4476,0.707106781186537);
#4478=LINE('',#4475,#4477);
#4479=EDGE_CURVE('',#4192,#4474,#4478,.T.);
#4480=ORIENTED_EDGE('',*,*,#4479,.T.);
#4481=CARTESIAN_POINT('',(29.500000000000000,-54.700000000000003,-6.899999999999996));
#4482=DIRECTION('',(1.000000000000000,0.0,0.0));
#4483=DIRECTION('',(0.0,-0.707106781186547,-0.707106781186548));
#4484=AXIS2_PLACEMENT_3D('',#4481,#4482,#4483);
#4485=CIRCLE('',#4484,1.000000000000000);
#4486=EDGE_CURVE('',#4474,#4465,#4485,.T.);
#4487=ORIENTED_EDGE('',*,*,#4486,.T.);
#4488=EDGE_LOOP('',(#4471,#4472,#4480,#4487));
#4489=FACE_OUTER_BOUND('',#4488,.T.);
#4490=ADVANCED_FACE('',(#4489),#4463,.T.);
#4491=CARTESIAN_POINT('',(29.750000000000000,-28.315377041682055,-7.649999999999989));
#4492=DIRECTION('',(0.707106781186549,1.570092E-016,-0.707106781186546));
#4493=DIRECTION('',(-0.707106781186546,0.0,-0.707106781186549));
#4494=AXIS2_PLACEMENT_3D('',#4491,#4492,#4493);
#4495=PLANE('',#4494);
#4496=CARTESIAN_POINT('',(29.500000000000000,-46.700000000000003,-7.899999999999993));
#4497=VERTEX_POINT('',#4496);
#4498=CARTESIAN_POINT('',(29.500000000000000,-46.700000000000003,-7.899999999999993));
#4499=DIRECTION('',(0.707106781186547,0.0,0.707106781186547));
#4500=VECTOR('',#4499,0.707106781186548);
#4501=LINE('',#4498,#4500);
#4502=EDGE_CURVE('',#4497,#4209,#4501,.T.);
#4503=ORIENTED_EDGE('',*,*,#4502,.T.);
#4504=ORIENTED_EDGE('',*,*,#4214,.T.);
#4505=ORIENTED_EDGE('',*,*,#4470,.F.);
#4506=CARTESIAN_POINT('',(29.500000000000000,-54.700000000000003,-7.899999999999996));
#4507=DIRECTION('',(0.0,1.0,0.0));
#4508=VECTOR('',#4507,8.0);
#4509=LINE('',#4506,#4508);
#4510=EDGE_CURVE('',#4465,#4497,#4509,.T.);
#4511=ORIENTED_EDGE('',*,*,#4510,.T.);
#4512=EDGE_LOOP('',(#4503,#4504,#4505,#4511));
#4513=FACE_OUTER_BOUND('',#4512,.T.);
#4514=ADVANCED_FACE('',(#4513),#4495,.T.);
#4515=CARTESIAN_POINT('',(29.750000000000000,-55.450000000000003,-7.296363321702131));
#4516=DIRECTION('',(0.707106781186548,-0.707106781186548,0.0));
#4517=DIRECTION('',(0.0,0.0,-1.0));
#4518=AXIS2_PLACEMENT_3D('',#4515,#4516,#4517);
#4519=PLANE('',#4518);
#4520=ORIENTED_EDGE('',*,*,#3607,.F.);
#4521=CARTESIAN_POINT('',(29.500000000000000,-55.700000000000003,-0.500000000000000));
#4522=DIRECTION('',(0.0,0.0,-1.0));
#4523=VECTOR('',#4522,6.399999999999995);
#4524=LINE('',#4521,#4523);
#4525=EDGE_CURVE('',#3596,#4474,#4524,.T.);
#4526=ORIENTED_EDGE('',*,*,#4525,.T.);
#4527=ORIENTED_EDGE('',*,*,#4479,.F.);
#4528=ORIENTED_EDGE('',*,*,#4197,.T.);
#4529=EDGE_LOOP('',(#4520,#4526,#4527,#4528));
#4530=FACE_OUTER_BOUND('',#4529,.T.);
#4531=ADVANCED_FACE('',(#4530),#4519,.T.);
#4532=CARTESIAN_POINT('',(29.750000000000000,-46.700000000000003,-8.899999999999993));
#4533=DIRECTION('',(1.0,0.0,0.0));
#4534=DIRECTION('',(0.0,0.707106781186547,0.707106781186548));
#4535=AXIS2_PLACEMENT_3D('',#4532,#4533,#4534);
#4536=CONICAL_SURFACE('',#4535,1.250000000000000,45.000000000000092);
#4537=CARTESIAN_POINT('',(29.500000000000000,-45.700000000000003,-8.899999999999993));
#4538=VERTEX_POINT('',#4537);
#4539=CARTESIAN_POINT('',(29.500000000000000,-45.700000000000003,-8.899999999999993));
#4540=DIRECTION('',(0.707106781186542,0.707106781186553,0.0));
#4541=VECTOR('',#4540,0.707106781186553);
#4542=LINE('',#4539,#4541);
#4543=EDGE_CURVE('',#4538,#4217,#4542,.T.);
#4544=ORIENTED_EDGE('',*,*,#4543,.T.);
#4545=ORIENTED_EDGE('',*,*,#4223,.T.);
#4546=ORIENTED_EDGE('',*,*,#4502,.F.);
#4547=CARTESIAN_POINT('',(29.500000000000000,-46.700000000000003,-8.899999999999993));
#4548=DIRECTION('',(-1.000000000000000,0.0,0.0));
#4549=DIRECTION('',(0.0,0.707106781186547,0.707106781186548));
#4550=AXIS2_PLACEMENT_3D('',#4547,#4548,#4549);
#4551=CIRCLE('',#4550,1.000000000000000);
#4552=EDGE_CURVE('',#4497,#4538,#4551,.T.);
#4553=ORIENTED_EDGE('',*,*,#4552,.T.);
#4554=EDGE_LOOP('',(#4544,#4545,#4546,#4553));
#4555=FACE_OUTER_BOUND('',#4554,.T.);
#4556=ADVANCED_FACE('',(#4555),#4536,.F.);
#4557=CARTESIAN_POINT('',(29.750000000000000,-45.450000000000003,-14.296363321702131));
#4558=DIRECTION('',(0.707106781186548,-0.707106781186548,0.0));
#4559=DIRECTION('',(0.0,0.0,-1.0));
#4560=AXIS2_PLACEMENT_3D('',#4557,#4558,#4559);
#4561=PLANE('',#4560);
#4562=CARTESIAN_POINT('',(29.500000000000000,-45.700000000000003,-19.899999999999995));
#4563=VERTEX_POINT('',#4562);
#4564=CARTESIAN_POINT('',(29.500000000000000,-45.700000000000003,-19.899999999999995));
#4565=DIRECTION('',(0.707106781186547,0.707106781186547,0.0));
#4566=VECTOR('',#4565,0.707106781186548);
#4567=LINE('',#4564,#4566);
#4568=EDGE_CURVE('',#4563,#4226,#4567,.T.);
#4569=ORIENTED_EDGE('',*,*,#4568,.T.);
#4570=ORIENTED_EDGE('',*,*,#4231,.T.);
#4571=ORIENTED_EDGE('',*,*,#4543,.F.);
#4572=CARTESIAN_POINT('',(29.500000000000000,-45.700000000000003,-8.899999999999993));
#4573=DIRECTION('',(0.0,0.0,-1.0));
#4574=VECTOR('',#4573,11.000000000000002);
#4575=LINE('',#4572,#4574);
#4576=EDGE_CURVE('',#4538,#4563,#4575,.T.);
#4577=ORIENTED_EDGE('',*,*,#4576,.T.);
#4578=EDGE_LOOP('',(#4569,#4570,#4571,#4577));
#4579=FACE_OUTER_BOUND('',#4578,.T.);
#4580=ADVANCED_FACE('',(#4579),#4561,.T.);
#4581=CARTESIAN_POINT('',(29.750000000000000,-43.700000000000003,-19.899999999999995));
#4582=DIRECTION('',(-1.0,0.0,0.0));
#4583=DIRECTION('',(0.0,-0.707106781186550,-0.707106781186545));
#4584=AXIS2_PLACEMENT_3D('',#4581,#4582,#4583);
#4585=CONICAL_SURFACE('',#4584,1.750000000000001,45.000000000000050);
#4586=CARTESIAN_POINT('',(29.500000000000000,-43.700000000000003,-21.899999999999995));
#4587=VERTEX_POINT('',#4586);
#4588=CARTESIAN_POINT('',(29.500000000000000,-43.700000000000003,-21.899999999999995));
#4589=DIRECTION('',(0.707106781186550,0.0,0.707106781186545));
#4590=VECTOR('',#4589,0.707106781186545);
#4591=LINE('',#4588,#4590);
#4592=EDGE_CURVE('',#4587,#4234,#4591,.T.);
#4593=ORIENTED_EDGE('',*,*,#4592,.T.);
#4594=ORIENTED_EDGE('',*,*,#4240,.T.);
#4595=ORIENTED_EDGE('',*,*,#4568,.F.);
#4596=CARTESIAN_POINT('',(29.500000000000000,-43.700000000000003,-19.899999999999995));
#4597=DIRECTION('',(1.0,0.0,0.0));
#4598=DIRECTION('',(0.0,-0.707106781186550,-0.707106781186545));
#4599=AXIS2_PLACEMENT_3D('',#4596,#4597,#4598);
#4600=CIRCLE('',#4599,2.0);
#4601=EDGE_CURVE('',#4563,#4587,#4600,.T.);
#4602=ORIENTED_EDGE('',*,*,#4601,.T.);
#4603=EDGE_LOOP('',(#4593,#4594,#4595,#4602));
#4604=FACE_OUTER_BOUND('',#4603,.T.);
#4605=ADVANCED_FACE('',(#4604),#4585,.T.);
#4606=CARTESIAN_POINT('',(29.750000000000000,-23.315377041682051,-21.649999999999988));
#4607=DIRECTION('',(0.707106781186548,3.140185E-016,-0.707106781186548));
#4608=DIRECTION('',(-0.707106781186548,0.0,-0.707106781186548));
#4609=AXIS2_PLACEMENT_3D('',#4606,#4607,#4608);
#4610=PLANE('',#4609);
#4611=CARTESIAN_POINT('',(29.500000000000000,-37.700000000000003,-21.899999999999991));
#4612=VERTEX_POINT('',#4611);
#4613=CARTESIAN_POINT('',(29.500000000000000,-37.700000000000003,-21.899999999999991));
#4614=DIRECTION('',(0.707106781186547,0.0,0.707106781186547));
#4615=VECTOR('',#4614,0.707106781186548);
#4616=LINE('',#4613,#4615);
#4617=EDGE_CURVE('',#4612,#4243,#4616,.T.);
#4618=ORIENTED_EDGE('',*,*,#4617,.T.);
#4619=ORIENTED_EDGE('',*,*,#4248,.T.);
#4620=ORIENTED_EDGE('',*,*,#4592,.F.);
#4621=CARTESIAN_POINT('',(29.500000000000000,-43.700000000000003,-21.899999999999995));
#4622=DIRECTION('',(0.0,1.0,0.0));
#4623=VECTOR('',#4622,6.0);
#4624=LINE('',#4621,#4623);
#4625=EDGE_CURVE('',#4587,#4612,#4624,.T.);
#4626=ORIENTED_EDGE('',*,*,#4625,.T.);
#4627=EDGE_LOOP('',(#4618,#4619,#4620,#4626));
#4628=FACE_OUTER_BOUND('',#4627,.T.);
#4629=ADVANCED_FACE('',(#4628),#4610,.T.);
#4630=CARTESIAN_POINT('',(29.750000000000000,-37.700000000000003,-19.899999999999991));
#4631=DIRECTION('',(-1.0,0.0,0.0));
#4632=DIRECTION('',(0.0,0.707106781186549,-0.707106781186546));
#4633=AXIS2_PLACEMENT_3D('',#4630,#4631,#4632);
#4634=CONICAL_SURFACE('',#4633,1.750000000000000,45.000000000000050);
#4635=CARTESIAN_POINT('',(29.500000000000000,-35.700000000000003,-19.899999999999991));
#4636=VERTEX_POINT('',#4635);
#4637=CARTESIAN_POINT('',(29.500000000000000,-35.700000000000003,-19.899999999999991));
#4638=DIRECTION('',(0.707106781186547,-0.707106781186547,-5.024296E-015));
#4639=VECTOR('',#4638,0.707106781186548);
#4640=LINE('',#4637,#4639);
#4641=EDGE_CURVE('',#4636,#4251,#4640,.T.);
#4642=ORIENTED_EDGE('',*,*,#4641,.T.);
#4643=ORIENTED_EDGE('',*,*,#4257,.T.);
#4644=ORIENTED_EDGE('',*,*,#4617,.F.);
#4645=CARTESIAN_POINT('',(29.500000000000000,-37.700000000000003,-19.899999999999991));
#4646=DIRECTION('',(1.0,0.0,0.0));
#4647=DIRECTION('',(0.0,0.707106781186549,-0.707106781186546));
#4648=AXIS2_PLACEMENT_3D('',#4645,#4646,#4647);
#4649=CIRCLE('',#4648,2.000000000000000);
#4650=EDGE_CURVE('',#4612,#4636,#4649,.T.);
#4651=ORIENTED_EDGE('',*,*,#4650,.T.);
#4652=EDGE_LOOP('',(#4642,#4643,#4644,#4651));
#4653=FACE_OUTER_BOUND('',#4652,.T.);
#4654=ADVANCED_FACE('',(#4653),#4634,.T.);
#4655=CARTESIAN_POINT('',(29.750000000000000,-35.950000000000003,-7.046363321702131));
#4656=DIRECTION('',(0.707106781186548,0.707106781186548,0.0));
#4657=DIRECTION('',(0.0,0.0,-1.0));
#4658=AXIS2_PLACEMENT_3D('',#4655,#4656,#4657);
#4659=PLANE('',#4658);
#4660=CARTESIAN_POINT('',(29.500000000000000,-35.700000000000003,-8.399999999999997));
#4661=VERTEX_POINT('',#4660);
#4662=CARTESIAN_POINT('',(29.500000000000000,-35.700000000000003,-8.399999999999997));
#4663=DIRECTION('',(0.707106781186547,-0.707106781186547,0.0));
#4664=VECTOR('',#4663,0.707106781186548);
#4665=LINE('',#4662,#4664);
#4666=EDGE_CURVE('',#4661,#4260,#4665,.T.);
#4667=ORIENTED_EDGE('',*,*,#4666,.T.);
#4668=ORIENTED_EDGE('',*,*,#4265,.T.);
#4669=ORIENTED_EDGE('',*,*,#4641,.F.);
#4670=CARTESIAN_POINT('',(29.500000000000000,-35.700000000000003,-19.899999999999991));
#4671=DIRECTION('',(0.0,0.0,1.0));
#4672=VECTOR('',#4671,11.499999999999995);
#4673=LINE('',#4670,#4672);
#4674=EDGE_CURVE('',#4636,#4661,#4673,.T.);
#4675=ORIENTED_EDGE('',*,*,#4674,.T.);
#4676=EDGE_LOOP('',(#4667,#4668,#4669,#4675));
#4677=FACE_OUTER_BOUND('',#4676,.T.);
#4678=ADVANCED_FACE('',(#4677),#4659,.T.);
#4679=CARTESIAN_POINT('',(29.750000000000000,-34.700000000000003,-8.399999999999997));
#4680=DIRECTION('',(1.0,0.0,0.0));
#4681=DIRECTION('',(0.0,-0.707106781186550,0.707106781186545));
#4682=AXIS2_PLACEMENT_3D('',#4679,#4680,#4681);
#4683=CONICAL_SURFACE('',#4682,1.250000000000000,45.000000000000050);
#4684=CARTESIAN_POINT('',(29.500000000000000,-34.700000000000003,-7.399999999999998));
#4685=VERTEX_POINT('',#4684);
#4686=CARTESIAN_POINT('',(29.500000000000000,-34.700000000000003,-7.399999999999998));
#4687=DIRECTION('',(0.707106781186547,1.004859E-014,0.707106781186548));
#4688=VECTOR('',#4687,0.707106781186548);
#4689=LINE('',#4686,#4688);
#4690=EDGE_CURVE('',#4685,#4268,#4689,.T.);
#4691=ORIENTED_EDGE('',*,*,#4690,.T.);
#4692=ORIENTED_EDGE('',*,*,#4274,.T.);
#4693=ORIENTED_EDGE('',*,*,#4666,.F.);
#4694=CARTESIAN_POINT('',(29.500000000000000,-34.700000000000003,-8.399999999999997));
#4695=DIRECTION('',(-1.0,0.0,0.0));
#4696=DIRECTION('',(0.0,-0.707106781186550,0.707106781186545));
#4697=AXIS2_PLACEMENT_3D('',#4694,#4695,#4696);
#4698=CIRCLE('',#4697,1.0);
#4699=EDGE_CURVE('',#4661,#4685,#4698,.T.);
#4700=ORIENTED_EDGE('',*,*,#4699,.T.);
#4701=EDGE_LOOP('',(#4691,#4692,#4693,#4700));
#4702=FACE_OUTER_BOUND('',#4701,.T.);
#4703=ADVANCED_FACE('',(#4702),#4683,.F.);
#4704=CARTESIAN_POINT('',(29.750000000000000,-18.815377041682058,-7.149999999999993));
#4705=DIRECTION('',(0.707106781186549,1.744547E-016,-0.707106781186546));
#4706=DIRECTION('',(-0.707106781186546,0.0,-0.707106781186549));
#4707=AXIS2_PLACEMENT_3D('',#4704,#4705,#4706);
#4708=PLANE('',#4707);
#4709=CARTESIAN_POINT('',(29.500000000000000,-26.700000000000003,-7.399999999999995));
#4710=VERTEX_POINT('',#4709);
#4711=CARTESIAN_POINT('',(30.0,-27.200000000000006,-6.899999999999995));
#4712=DIRECTION('',(-0.577350269189624,0.577350269189629,-0.577350269189624));
#4713=VECTOR('',#4712,0.866025403784441);
#4714=LINE('',#4711,#4713);
#4715=EDGE_CURVE('',#4710,#4277,#4714,.F.);
#4716=ORIENTED_EDGE('',*,*,#4715,.T.);
#4717=ORIENTED_EDGE('',*,*,#4282,.T.);
#4718=ORIENTED_EDGE('',*,*,#4690,.F.);
#4719=CARTESIAN_POINT('',(29.500000000000000,-34.700000000000003,-7.399999999999998));
#4720=DIRECTION('',(0.0,1.0,0.0));
#4721=VECTOR('',#4720,8.0);
#4722=LINE('',#4719,#4721);
#4723=EDGE_CURVE('',#4685,#4710,#4722,.T.);
#4724=ORIENTED_EDGE('',*,*,#4723,.T.);
#4725=EDGE_LOOP('',(#4716,#4717,#4718,#4724));
#4726=FACE_OUTER_BOUND('',#4725,.T.);
#4727=ADVANCED_FACE('',(#4726),#4708,.T.);
#4728=CARTESIAN_POINT('',(0.0,-26.700000000000003,-7.399999999999995));
#4729=DIRECTION('',(0.0,0.0,-1.0));
#4730=DIRECTION('',(-1.0,0.0,0.0));
#4731=AXIS2_PLACEMENT_3D('',#4728,#4729,#4730);
#4732=PLANE('',#4731);
#4733=ORIENTED_EDGE('',*,*,#4723,.F.);
#4734=CARTESIAN_POINT('',(-29.500000000000000,-34.700000000000003,-7.399999999999998));
#4735=VERTEX_POINT('',#4734);
#4736=CARTESIAN_POINT('',(-29.500000000000000,-34.700000000000003,-7.399999999999998));
#4737=DIRECTION('',(1.0,0.0,0.0));
#4738=VECTOR('',#4737,59.0);
#4739=LINE('',#4736,#4738);
#4740=EDGE_CURVE('',#4735,#4685,#4739,.T.);
#4741=ORIENTED_EDGE('',*,*,#4740,.F.);
#4742=CARTESIAN_POINT('',(-29.500000000000000,-26.700000000000003,-7.399999999999995));
#4743=VERTEX_POINT('',#4742);
#4744=CARTESIAN_POINT('',(-29.500000000000000,-26.700000000000003,-7.399999999999995));
#4745=DIRECTION('',(0.0,-1.0,0.0));
#4746=VECTOR('',#4745,8.0);
#4747=LINE('',#4744,#4746);
#4748=EDGE_CURVE('',#4743,#4735,#4747,.T.);
#4749=ORIENTED_EDGE('',*,*,#4748,.F.);
#4750=CARTESIAN_POINT('',(29.500000000000000,-26.700000000000003,-7.399999999999995));
#4751=DIRECTION('',(-1.0,0.0,0.0));
#4752=VECTOR('',#4751,59.0);
#4753=LINE('',#4750,#4752);
#4754=EDGE_CURVE('',#4710,#4743,#4753,.T.);
#4755=ORIENTED_EDGE('',*,*,#4754,.F.);
#4756=EDGE_LOOP('',(#4733,#4741,#4749,#4755));
#4757=FACE_OUTER_BOUND('',#4756,.T.);
#4758=ADVANCED_FACE('',(#4757),#4732,.T.);
#4759=CARTESIAN_POINT('',(0.0,-34.700000000000003,-8.399999999999997));
#4760=DIRECTION('',(-1.0,0.0,0.0));
#4761=DIRECTION('',(0.0,-0.707106781186550,0.707106781186545));
#4762=AXIS2_PLACEMENT_3D('',#4759,#4760,#4761);
#4763=CYLINDRICAL_SURFACE('',#4762,1.0);
#4764=ORIENTED_EDGE('',*,*,#4699,.F.);
#4765=CARTESIAN_POINT('',(-29.500000000000000,-35.700000000000003,-8.399999999999997));
#4766=VERTEX_POINT('',#4765);
#4767=CARTESIAN_POINT('',(29.500000000000000,-35.700000000000003,-8.399999999999997));
#4768=DIRECTION('',(-1.0,0.0,0.0));
#4769=VECTOR('',#4768,59.0);
#4770=LINE('',#4767,#4769);
#4771=EDGE_CURVE('',#4661,#4766,#4770,.T.);
#4772=ORIENTED_EDGE('',*,*,#4771,.T.);
#4773=CARTESIAN_POINT('',(-29.500000000000000,-34.700000000000003,-8.399999999999997));
#4774=DIRECTION('',(1.0,0.0,0.0));
#4775=DIRECTION('',(0.0,-0.707106781186550,0.707106781186545));
#4776=AXIS2_PLACEMENT_3D('',#4773,#4774,#4775);
#4777=CIRCLE('',#4776,1.0);
#4778=EDGE_CURVE('',#4735,#4766,#4777,.T.);
#4779=ORIENTED_EDGE('',*,*,#4778,.F.);
#4780=ORIENTED_EDGE('',*,*,#4740,.T.);
#4781=EDGE_LOOP('',(#4764,#4772,#4779,#4780));
#4782=FACE_OUTER_BOUND('',#4781,.T.);
#4783=ADVANCED_FACE('',(#4782),#4763,.F.);
#4784=CARTESIAN_POINT('',(0.0,-35.700000000000003,-7.399999999999998));
#4785=DIRECTION('',(0.0,1.0,0.0));
#4786=DIRECTION('',(0.0,0.0,1.0));
#4787=AXIS2_PLACEMENT_3D('',#4784,#4785,#4786);
#4788=PLANE('',#4787);
#4789=ORIENTED_EDGE('',*,*,#4674,.F.);
#4790=CARTESIAN_POINT('',(-29.500000000000000,-35.700000000000003,-19.899999999999991));
#4791=VERTEX_POINT('',#4790);
#4792=CARTESIAN_POINT('',(-29.500000000000000,-35.700000000000003,-19.899999999999991));
#4793=DIRECTION('',(1.0,0.0,0.0));
#4794=VECTOR('',#4793,59.0);
#4795=LINE('',#4792,#4794);
#4796=EDGE_CURVE('',#4791,#4636,#4795,.T.);
#4797=ORIENTED_EDGE('',*,*,#4796,.F.);
#4798=CARTESIAN_POINT('',(-29.500000000000000,-35.700000000000003,-8.399999999999997));
#4799=DIRECTION('',(0.0,0.0,-1.0));
#4800=VECTOR('',#4799,11.499999999999995);
#4801=LINE('',#4798,#4800);
#4802=EDGE_CURVE('',#4766,#4791,#4801,.T.);
#4803=ORIENTED_EDGE('',*,*,#4802,.F.);
#4804=ORIENTED_EDGE('',*,*,#4771,.F.);
#4805=EDGE_LOOP('',(#4789,#4797,#4803,#4804));
#4806=FACE_OUTER_BOUND('',#4805,.T.);
#4807=ORIENTED_EDGE('',*,*,#2118,.T.);
#4808=EDGE_LOOP('',(#4807));
#4809=FACE_BOUND('',#4808,.T.);
#4810=ADVANCED_FACE('',(#4806,#4809),#4788,.T.);
#4811=CARTESIAN_POINT('',(0.0,-37.700000000000003,-19.899999999999991));
#4812=DIRECTION('',(-1.0,0.0,0.0));
#4813=DIRECTION('',(0.0,0.707106781186549,-0.707106781186546));
#4814=AXIS2_PLACEMENT_3D('',#4811,#4812,#4813);
#4815=CYLINDRICAL_SURFACE('',#4814,2.000000000000000);
#4816=ORIENTED_EDGE('',*,*,#4650,.F.);
#4817=CARTESIAN_POINT('',(-29.500000000000000,-37.700000000000003,-21.899999999999991));
#4818=VERTEX_POINT('',#4817);
#4819=CARTESIAN_POINT('',(29.500000000000000,-37.700000000000003,-21.899999999999991));
#4820=DIRECTION('',(-1.0,0.0,0.0));
#4821=VECTOR('',#4820,59.0);
#4822=LINE('',#4819,#4821);
#4823=EDGE_CURVE('',#4612,#4818,#4822,.T.);
#4824=ORIENTED_EDGE('',*,*,#4823,.T.);
#4825=CARTESIAN_POINT('',(-29.500000000000000,-37.700000000000003,-19.899999999999991));
#4826=DIRECTION('',(-1.0,0.0,0.0));
#4827=DIRECTION('',(0.0,0.707106781186549,-0.707106781186546));
#4828=AXIS2_PLACEMENT_3D('',#4825,#4826,#4827);
#4829=CIRCLE('',#4828,2.000000000000000);
#4830=EDGE_CURVE('',#4791,#4818,#4829,.T.);
#4831=ORIENTED_EDGE('',*,*,#4830,.F.);
#4832=ORIENTED_EDGE('',*,*,#4796,.T.);
#4833=EDGE_LOOP('',(#4816,#4824,#4831,#4832));
#4834=FACE_OUTER_BOUND('',#4833,.T.);
#4835=ADVANCED_FACE('',(#4834),#4815,.T.);
#4836=CARTESIAN_POINT('',(0.0,-35.700000000000003,-21.899999999999991));
#4837=DIRECTION('',(0.0,0.0,-1.0));
#4838=DIRECTION('',(-1.0,0.0,0.0));
#4839=AXIS2_PLACEMENT_3D('',#4836,#4837,#4838);
#4840=PLANE('',#4839);
#4841=ORIENTED_EDGE('',*,*,#4625,.F.);
#4842=CARTESIAN_POINT('',(-29.500000000000000,-43.700000000000003,-21.899999999999995));
#4843=VERTEX_POINT('',#4842);
#4844=CARTESIAN_POINT('',(-29.500000000000000,-43.700000000000003,-21.899999999999995));
#4845=DIRECTION('',(1.0,0.0,0.0));
#4846=VECTOR('',#4845,59.0);
#4847=LINE('',#4844,#4846);
#4848=EDGE_CURVE('',#4843,#4587,#4847,.T.);
#4849=ORIENTED_EDGE('',*,*,#4848,.F.);
#4850=CARTESIAN_POINT('',(-29.500000000000000,-37.700000000000003,-21.899999999999991));
#4851=DIRECTION('',(0.0,-1.0,0.0));
#4852=VECTOR('',#4851,6.0);
#4853=LINE('',#4850,#4852);
#4854=EDGE_CURVE('',#4818,#4843,#4853,.T.);
#4855=ORIENTED_EDGE('',*,*,#4854,.F.);
#4856=ORIENTED_EDGE('',*,*,#4823,.F.);
#4857=EDGE_LOOP('',(#4841,#4849,#4855,#4856));
#4858=FACE_OUTER_BOUND('',#4857,.T.);
#4859=ADVANCED_FACE('',(#4858),#4840,.T.);
#4860=CARTESIAN_POINT('',(0.0,-43.700000000000003,-19.899999999999995));
#4861=DIRECTION('',(-1.0,0.0,0.0));
#4862=DIRECTION('',(0.0,-0.707106781186550,-0.707106781186545));
#4863=AXIS2_PLACEMENT_3D('',#4860,#4861,#4862);
#4864=CYLINDRICAL_SURFACE('',#4863,2.0);
#4865=ORIENTED_EDGE('',*,*,#4601,.F.);
#4866=CARTESIAN_POINT('',(-29.500000000000000,-45.700000000000003,-19.899999999999995));
#4867=VERTEX_POINT('',#4866);
#4868=CARTESIAN_POINT('',(29.500000000000000,-45.700000000000003,-19.899999999999995));
#4869=DIRECTION('',(-1.0,0.0,0.0));
#4870=VECTOR('',#4869,59.0);
#4871=LINE('',#4868,#4870);
#4872=EDGE_CURVE('',#4563,#4867,#4871,.T.);
#4873=ORIENTED_EDGE('',*,*,#4872,.T.);
#4874=CARTESIAN_POINT('',(-29.500000000000000,-43.700000000000003,-19.899999999999995));
#4875=DIRECTION('',(-1.0,0.0,0.0));
#4876=DIRECTION('',(0.0,-0.707106781186550,-0.707106781186545));
#4877=AXIS2_PLACEMENT_3D('',#4874,#4875,#4876);
#4878=CIRCLE('',#4877,2.0);
#4879=EDGE_CURVE('',#4843,#4867,#4878,.T.);
#4880=ORIENTED_EDGE('',*,*,#4879,.F.);
#4881=ORIENTED_EDGE('',*,*,#4848,.T.);
#4882=EDGE_LOOP('',(#4865,#4873,#4880,#4881));
#4883=FACE_OUTER_BOUND('',#4882,.T.);
#4884=ADVANCED_FACE('',(#4883),#4864,.T.);
#4885=CARTESIAN_POINT('',(0.0,-45.700000000000003,-21.899999999999995));
#4886=DIRECTION('',(0.0,-1.0,0.0));
#4887=DIRECTION('',(0.0,0.0,-1.0));
#4888=AXIS2_PLACEMENT_3D('',#4885,#4886,#4887);
#4889=PLANE('',#4888);
#4890=ORIENTED_EDGE('',*,*,#4576,.F.);
#4891=CARTESIAN_POINT('',(-29.500000000000000,-45.700000000000003,-8.899999999999993));
#4892=VERTEX_POINT('',#4891);
#4893=CARTESIAN_POINT('',(-29.500000000000000,-45.700000000000003,-8.899999999999993));
#4894=DIRECTION('',(1.0,0.0,0.0));
#4895=VECTOR('',#4894,59.0);
#4896=LINE('',#4893,#4895);
#4897=EDGE_CURVE('',#4892,#4538,#4896,.T.);
#4898=ORIENTED_EDGE('',*,*,#4897,.F.);
#4899=CARTESIAN_POINT('',(-29.500000000000000,-45.700000000000003,-19.899999999999995));
#4900=DIRECTION('',(0.0,0.0,1.0));
#4901=VECTOR('',#4900,11.000000000000002);
#4902=LINE('',#4899,#4901);
#4903=EDGE_CURVE('',#4867,#4892,#4902,.T.);
#4904=ORIENTED_EDGE('',*,*,#4903,.F.);
#4905=ORIENTED_EDGE('',*,*,#4872,.F.);
#4906=EDGE_LOOP('',(#4890,#4898,#4904,#4905));
#4907=FACE_OUTER_BOUND('',#4906,.T.);
#4908=ORIENTED_EDGE('',*,*,#2090,.T.);
#4909=EDGE_LOOP('',(#4908));
#4910=FACE_BOUND('',#4909,.T.);
#4911=ADVANCED_FACE('',(#4907,#4910),#4889,.T.);
#4912=CARTESIAN_POINT('',(0.0,-46.700000000000003,-8.899999999999993));
#4913=DIRECTION('',(-1.0,0.0,0.0));
#4914=DIRECTION('',(0.0,0.707106781186547,0.707106781186548));
#4915=AXIS2_PLACEMENT_3D('',#4912,#4913,#4914);
#4916=CYLINDRICAL_SURFACE('',#4915,1.000000000000000);
#4917=ORIENTED_EDGE('',*,*,#4552,.F.);
#4918=CARTESIAN_POINT('',(-29.500000000000000,-46.700000000000003,-7.899999999999993));
#4919=VERTEX_POINT('',#4918);
#4920=CARTESIAN_POINT('',(29.500000000000000,-46.700000000000003,-7.899999999999993));
#4921=DIRECTION('',(-1.0,0.0,0.0));
#4922=VECTOR('',#4921,59.0);
#4923=LINE('',#4920,#4922);
#4924=EDGE_CURVE('',#4497,#4919,#4923,.T.);
#4925=ORIENTED_EDGE('',*,*,#4924,.T.);
#4926=CARTESIAN_POINT('',(-29.500000000000000,-46.700000000000003,-8.899999999999993));
#4927=DIRECTION('',(1.000000000000000,0.0,0.0));
#4928=DIRECTION('',(0.0,0.707106781186547,0.707106781186548));
#4929=AXIS2_PLACEMENT_3D('',#4926,#4927,#4928);
#4930=CIRCLE('',#4929,1.000000000000000);
#4931=EDGE_CURVE('',#4892,#4919,#4930,.T.);
#4932=ORIENTED_EDGE('',*,*,#4931,.F.);
#4933=ORIENTED_EDGE('',*,*,#4897,.T.);
#4934=EDGE_LOOP('',(#4917,#4925,#4932,#4933));
#4935=FACE_OUTER_BOUND('',#4934,.T.);
#4936=ADVANCED_FACE('',(#4935),#4916,.F.);
#4937=CARTESIAN_POINT('',(0.0,-45.700000000000003,-7.899999999999993));
#4938=DIRECTION('',(0.0,0.0,-1.0));
#4939=DIRECTION('',(-1.0,0.0,0.0));
#4940=AXIS2_PLACEMENT_3D('',#4937,#4938,#4939);
#4941=PLANE('',#4940);
#4942=ORIENTED_EDGE('',*,*,#4510,.F.);
#4943=CARTESIAN_POINT('',(-29.500000000000000,-54.700000000000003,-7.899999999999996));
#4944=VERTEX_POINT('',#4943);
#4945=CARTESIAN_POINT('',(-29.500000000000000,-54.700000000000003,-7.899999999999996));
#4946=DIRECTION('',(1.0,0.0,0.0));
#4947=VECTOR('',#4946,59.0);
#4948=LINE('',#4945,#4947);
#4949=EDGE_CURVE('',#4944,#4465,#4948,.T.);
#4950=ORIENTED_EDGE('',*,*,#4949,.F.);
#4951=CARTESIAN_POINT('',(-29.500000000000000,-46.700000000000003,-7.899999999999993));
#4952=DIRECTION('',(0.0,-1.0,0.0));
#4953=VECTOR('',#4952,8.0);
#4954=LINE('',#4951,#4953);
#4955=EDGE_CURVE('',#4919,#4944,#4954,.T.);
#4956=ORIENTED_EDGE('',*,*,#4955,.F.);
#4957=ORIENTED_EDGE('',*,*,#4924,.F.);
#4958=EDGE_LOOP('',(#4942,#4950,#4956,#4957));
#4959=FACE_OUTER_BOUND('',#4958,.T.);
#4960=CARTESIAN_POINT('',(20.770500000000002,-50.0,-7.899999999999992));
#4961=VERTEX_POINT('',#4960);
#4962=CARTESIAN_POINT('',(22.0,-50.0,-7.899999999999992));
#4963=DIRECTION('',(0.0,0.0,1.0));
#4964=DIRECTION('',(1.0,0.0,0.0));
#4965=AXIS2_PLACEMENT_3D('',#4962,#4963,#4964);
#4966=CIRCLE('',#4965,1.229500000000000);
#4967=EDGE_CURVE('',#4961,#4961,#4966,.T.);
#4968=ORIENTED_EDGE('',*,*,#4967,.T.);
#4969=EDGE_LOOP('',(#4968));
#4970=FACE_BOUND('',#4969,.T.);
#4971=CARTESIAN_POINT('',(-20.770500000000002,-50.0,-7.899999999999992));
#4972=VERTEX_POINT('',#4971);
#4973=CARTESIAN_POINT('',(-22.0,-50.0,-7.899999999999992));
#4974=DIRECTION('',(0.0,0.0,1.0));
#4975=DIRECTION('',(-1.0,0.0,0.0));
#4976=AXIS2_PLACEMENT_3D('',#4973,#4974,#4975);
#4977=CIRCLE('',#4976,1.229500000000000);
#4978=EDGE_CURVE('',#4972,#4972,#4977,.T.);
#4979=ORIENTED_EDGE('',*,*,#4978,.T.);
#4980=EDGE_LOOP('',(#4979));
#4981=FACE_BOUND('',#4980,.T.);
#4982=ADVANCED_FACE('',(#4959,#4970,#4981),#4941,.T.);
#4983=CARTESIAN_POINT('',(0.0,-54.700000000000003,-6.899999999999996));
#4984=DIRECTION('',(-1.0,0.0,0.0));
#4985=DIRECTION('',(0.0,-0.707106781186547,-0.707106781186548));
#4986=AXIS2_PLACEMENT_3D('',#4983,#4984,#4985);
#4987=CYLINDRICAL_SURFACE('',#4986,1.000000000000000);
#4988=ORIENTED_EDGE('',*,*,#4486,.F.);
#4989=CARTESIAN_POINT('',(29.500000000000000,-55.700000000000003,-6.899999999999996));
#4990=DIRECTION('',(-1.0,0.0,0.0));
#4991=VECTOR('',#4990,59.0);
#4992=LINE('',#4989,#4991);
#4993=EDGE_CURVE('',#4474,#3743,#4992,.T.);
#4994=ORIENTED_EDGE('',*,*,#4993,.T.);
#4995=CARTESIAN_POINT('',(-29.500000000000000,-54.700000000000003,-6.899999999999996));
#4996=DIRECTION('',(-1.000000000000000,0.0,0.0));
#4997=DIRECTION('',(0.0,-0.707106781186547,-0.707106781186548));
#4998=AXIS2_PLACEMENT_3D('',#4995,#4996,#4997);
#4999=CIRCLE('',#4998,1.000000000000000);
#5000=EDGE_CURVE('',#4944,#3743,#4999,.T.);
#5001=ORIENTED_EDGE('',*,*,#5000,.F.);
#5002=ORIENTED_EDGE('',*,*,#4949,.T.);
#5003=EDGE_LOOP('',(#4988,#4994,#5001,#5002));
#5004=FACE_OUTER_BOUND('',#5003,.T.);
#5005=ADVANCED_FACE('',(#5004),#4987,.T.);
#5006=CARTESIAN_POINT('',(0.0,-55.700000000000003,-7.899999999999996));
#5007=DIRECTION('',(0.0,-1.0,0.0));
#5008=DIRECTION('',(0.0,0.0,-1.0));
#5009=AXIS2_PLACEMENT_3D('',#5006,#5007,#5008);
#5010=PLANE('',#5009);
#5011=ORIENTED_EDGE('',*,*,#3624,.F.);
#5012=ORIENTED_EDGE('',*,*,#3754,.F.);
#5013=ORIENTED_EDGE('',*,*,#4993,.F.);
#5014=ORIENTED_EDGE('',*,*,#4525,.F.);
#5015=EDGE_LOOP('',(#5011,#5012,#5013,#5014));
#5016=FACE_OUTER_BOUND('',#5015,.T.);
#5017=ADVANCED_FACE('',(#5016),#5010,.T.);
#5018=CARTESIAN_POINT('',(29.750000000000000,25.151980515339439,-15.749999999999996));
#5019=DIRECTION('',(-1.0,0.0,0.0));
#5020=DIRECTION('',(0.0,-0.997965759606940,-0.063752197233850));
#5021=AXIS2_PLACEMENT_3D('',#5018,#5019,#5020);
#5022=CONICAL_SURFACE('',#5021,2.000000000000002,45.000000000000142);
#5023=CARTESIAN_POINT('',(29.500000000000000,26.276980515339442,-17.698557158514983));
#5024=VERTEX_POINT('',#5023);
#5025=CARTESIAN_POINT('',(29.500000000000000,26.276980515339442,-17.698557158514983));
#5026=DIRECTION('',(0.707106781186550,-0.353553390593270,0.612372435695794));
#5027=VECTOR('',#5026,0.707106781186545);
#5028=LINE('',#5025,#5027);
#5029=EDGE_CURVE('',#5024,#4340,#5028,.T.);
#5030=ORIENTED_EDGE('',*,*,#5029,.T.);
#5031=ORIENTED_EDGE('',*,*,#4346,.T.);
#5032=CARTESIAN_POINT('',(30.0,23.432373497826880,-16.074733283359702));
#5033=CARTESIAN_POINT('',(29.835800747154114,23.254929497601264,-16.019964473279138));
#5034=CARTESIAN_POINT('',(29.666918022283099,23.077946972905227,-15.958110758012065));
#5035=CARTESIAN_POINT('',(29.500000000000021,22.906557556223845,-15.893442443776223));
#5036=B_SPLINE_CURVE_WITH_KNOTS('',3,(#5032,#5033,#5034,#5035),.UNSPECIFIED.,.F.,.U.,(4,4),(-0.074347934915132,0.0),.UNSPECIFIED.);
#5037=EDGE_CURVE('',#4332,#2950,#5036,.T.);
#5038=ORIENTED_EDGE('',*,*,#5037,.T.);
#5039=CARTESIAN_POINT('',(29.500000000000000,25.151980515339439,-15.749999999999996));
#5040=DIRECTION('',(1.0,0.0,0.0));
#5041=DIRECTION('',(0.0,-0.997965759606940,-0.063752197233850));
#5042=AXIS2_PLACEMENT_3D('',#5039,#5040,#5041);
#5043=CIRCLE('',#5042,2.250000000000002);
#5044=EDGE_CURVE('',#2950,#5024,#5043,.T.);
#5045=ORIENTED_EDGE('',*,*,#5044,.T.);
#5046=EDGE_LOOP('',(#5030,#5031,#5038,#5045));
#5047=FACE_OUTER_BOUND('',#5046,.T.);
#5048=ADVANCED_FACE('',(#5047),#5022,.T.);
#5049=CARTESIAN_POINT('',(29.750000000000007,17.843421987113864,-22.278999310417682));
#5050=DIRECTION('',(0.707106781186554,0.353553390593271,-0.612372435695789));
#5051=DIRECTION('',(-0.654653670707971,0.0,-0.755928946018460));
#5052=AXIS2_PLACEMENT_3D('',#5049,#5050,#5051);
#5053=PLANE('',#5052);
#5054=CARTESIAN_POINT('',(29.500000000000007,32.800000000000004,-13.932490103117029));
#5055=VERTEX_POINT('',#5054);
#5056=CARTESIAN_POINT('',(29.500000000000007,32.800000000000004,-13.932490103117029));
#5057=DIRECTION('',(0.707106781186544,-0.353553390593267,0.612372435695802));
#5058=VECTOR('',#5057,0.707106781186541);
#5059=LINE('',#5056,#5058);
#5060=EDGE_CURVE('',#5055,#4349,#5059,.T.);
#5061=ORIENTED_EDGE('',*,*,#5060,.T.);
#5062=ORIENTED_EDGE('',*,*,#4354,.T.);
#5063=ORIENTED_EDGE('',*,*,#5029,.F.);
#5064=CARTESIAN_POINT('',(29.500000000000000,26.276980515339442,-17.698557158514983));
#5065=DIRECTION('',(9.433485E-016,0.866025403784438,0.500000000000000));
#5066=VECTOR('',#5065,7.532134110795901);
#5067=LINE('',#5064,#5066);
#5068=EDGE_CURVE('',#5024,#5055,#5067,.T.);
#5069=ORIENTED_EDGE('',*,*,#5068,.T.);
#5070=EDGE_LOOP('',(#5061,#5062,#5063,#5069));
#5071=FACE_OUTER_BOUND('',#5070,.T.);
#5072=ADVANCED_FACE('',(#5071),#5053,.T.);
#5073=CARTESIAN_POINT('',(29.750000000000007,16.924185291716633,-22.229368098876783));
#5074=DIRECTION('',(0.707106781186555,-0.499999999999999,0.499999999999991));
#5075=DIRECTION('',(0.577350269189615,0.0,-0.816496580927734));
#5076=AXIS2_PLACEMENT_3D('',#5073,#5074,#5075);
#5077=PLANE('',#5076);
#5078=ORIENTED_EDGE('',*,*,#4337,.T.);
#5079=CARTESIAN_POINT('',(30.0,26.799999999999997,-12.707106781186543));
#5080=DIRECTION('',(-0.678598344545841,-0.678598344545850,0.281084637714827));
#5081=VECTOR('',#5080,0.736812879103947);
#5082=LINE('',#5079,#5081);
#5083=EDGE_CURVE('',#4324,#3011,#5082,.T.);
#5084=ORIENTED_EDGE('',*,*,#5083,.T.);
#5085=ORIENTED_EDGE('',*,*,#3044,.T.);
#5086=ORIENTED_EDGE('',*,*,#5037,.F.);
#5087=EDGE_LOOP('',(#5078,#5084,#5085,#5086));
#5088=FACE_OUTER_BOUND('',#5087,.T.);
#5089=ADVANCED_FACE('',(#5088),#5077,.T.);
#5090=CARTESIAN_POINT('',(29.750000000000000,31.299999999999997,-11.334413891763715));
#5091=DIRECTION('',(-1.0,0.0,0.0));
#5092=DIRECTION('',(0.0,0.500000000000001,-0.866025403784438));
#5093=AXIS2_PLACEMENT_3D('',#5090,#5091,#5092);
#5094=CONICAL_SURFACE('',#5093,2.749999999999977,45.000000000000249);
#5095=CARTESIAN_POINT('',(29.500000000000000,34.299999999999997,-11.334413891763715));
#5096=DIRECTION('',(0.707106781186527,-0.707106781186568,0.0));
#5097=VECTOR('',#5096,0.707106781186568);
#5098=LINE('',#5095,#5097);
#5099=EDGE_CURVE('',#3979,#4357,#5098,.T.);
#5100=ORIENTED_EDGE('',*,*,#5099,.T.);
#5101=ORIENTED_EDGE('',*,*,#4363,.T.);
#5102=ORIENTED_EDGE('',*,*,#5060,.F.);
#5103=CARTESIAN_POINT('',(29.500000000000000,31.299999999999997,-11.334413891763715));
#5104=DIRECTION('',(1.0,0.0,0.0));
#5105=DIRECTION('',(0.0,0.500000000000001,-0.866025403784438));
#5106=AXIS2_PLACEMENT_3D('',#5103,#5104,#5105);
#5107=CIRCLE('',#5106,2.999999999999979);
#5108=EDGE_CURVE('',#5055,#3979,#5107,.T.);
#5109=ORIENTED_EDGE('',*,*,#5108,.T.);
#5110=EDGE_LOOP('',(#5100,#5101,#5102,#5109));
#5111=FACE_OUTER_BOUND('',#5110,.T.);
#5112=ADVANCED_FACE('',(#5111),#5094,.T.);
#5113=CARTESIAN_POINT('',(29.750000000000000,26.549999999999997,-9.596363321702128));
#5114=DIRECTION('',(0.707106781186548,-0.707106781186548,0.0));
#5115=DIRECTION('',(0.0,0.0,-1.0));
#5116=AXIS2_PLACEMENT_3D('',#5113,#5114,#5115);
#5117=PLANE('',#5116);
#5118=ORIENTED_EDGE('',*,*,#4329,.T.);
#5119=CARTESIAN_POINT('',(29.500000000000000,26.299999999999997,-7.399999999999990));
#5120=VERTEX_POINT('',#5119);
#5121=CARTESIAN_POINT('',(30.0,26.799999999999997,-6.899999999999992));
#5122=DIRECTION('',(-0.577350269189627,-0.577350269189627,-0.577350269189624));
#5123=VECTOR('',#5122,0.866025403784438);
#5124=LINE('',#5121,#5123);
#5125=EDGE_CURVE('',#4316,#5120,#5124,.T.);
#5126=ORIENTED_EDGE('',*,*,#5125,.T.);
#5127=CARTESIAN_POINT('',(29.500000000000000,26.299999999999997,-7.399999999999990));
#5128=DIRECTION('',(0.0,0.0,-1.0));
#5129=VECTOR('',#5128,5.100000000000001);
#5130=LINE('',#5127,#5129);
#5131=EDGE_CURVE('',#5120,#3011,#5130,.T.);
#5132=ORIENTED_EDGE('',*,*,#5131,.T.);
#5133=ORIENTED_EDGE('',*,*,#5083,.F.);
#5134=EDGE_LOOP('',(#5118,#5126,#5132,#5133));
#5135=FACE_OUTER_BOUND('',#5134,.T.);
#5136=ADVANCED_FACE('',(#5135),#5117,.T.);
#5137=CARTESIAN_POINT('',(29.750000000000000,34.049999999999997,-3.346363321702133));
#5138=DIRECTION('',(0.707106781186548,0.707106781186548,0.0));
#5139=DIRECTION('',(0.0,0.0,-1.0));
#5140=AXIS2_PLACEMENT_3D('',#5137,#5138,#5139);
#5141=PLANE('',#5140);
#5142=ORIENTED_EDGE('',*,*,#3545,.F.);
#5143=ORIENTED_EDGE('',*,*,#4369,.T.);
#5144=ORIENTED_EDGE('',*,*,#5099,.F.);
#5145=ORIENTED_EDGE('',*,*,#3984,.T.);
#5146=EDGE_LOOP('',(#5142,#5143,#5144,#5145));
#5147=FACE_OUTER_BOUND('',#5146,.T.);
#5148=ADVANCED_FACE('',(#5147),#5141,.T.);
#5149=CARTESIAN_POINT('',(29.750000000000000,7.684622958317942,-7.149999999999920));
#5150=DIRECTION('',(0.707106781186549,-2.616821E-015,-0.707106781186546));
#5151=DIRECTION('',(-0.707106781186546,0.0,-0.707106781186549));
#5152=AXIS2_PLACEMENT_3D('',#5149,#5150,#5151);
#5153=PLANE('',#5152);
#5154=CARTESIAN_POINT('',(29.500000000000000,24.800000000000011,-7.399999999999984));
#5155=VERTEX_POINT('',#5154);
#5156=CARTESIAN_POINT('',(29.500000000000000,24.800000000000011,-7.399999999999984));
#5157=DIRECTION('',(0.577350269189627,0.577350269189627,0.577350269189624));
#5158=VECTOR('',#5157,0.866025403784438);
#5159=LINE('',#5156,#5158);
#5160=EDGE_CURVE('',#4308,#5155,#5159,.F.);
#5161=ORIENTED_EDGE('',*,*,#5160,.T.);
#5162=CARTESIAN_POINT('',(29.500000000000000,24.800000000000011,-7.399999999999984));
#5163=DIRECTION('',(0.0,1.0,0.0));
#5164=VECTOR('',#5163,1.499999999999986);
#5165=LINE('',#5162,#5164);
#5166=EDGE_CURVE('',#5155,#5120,#5165,.T.);
#5167=ORIENTED_EDGE('',*,*,#5166,.T.);
#5168=ORIENTED_EDGE('',*,*,#5125,.F.);
#5169=ORIENTED_EDGE('',*,*,#4321,.T.);
#5170=EDGE_LOOP('',(#5161,#5167,#5168,#5169));
#5171=FACE_OUTER_BOUND('',#5170,.T.);
#5172=ADVANCED_FACE('',(#5171),#5153,.T.);
#5173=CARTESIAN_POINT('',(0.0,31.299999999999997,-11.334413891763715));
#5174=DIRECTION('',(1.0,0.0,0.0));
#5175=DIRECTION('',(0.0,-0.500000000000001,0.866025403784438));
#5176=AXIS2_PLACEMENT_3D('',#5173,#5174,#5175);
#5177=CYLINDRICAL_SURFACE('',#5176,2.999999999999979);
#5178=ORIENTED_EDGE('',*,*,#5108,.F.);
#5179=CARTESIAN_POINT('',(-29.500000000000007,32.800000000000004,-13.932490103117029));
#5180=VERTEX_POINT('',#5179);
#5181=CARTESIAN_POINT('',(29.500000000000007,32.800000000000004,-13.932490103117029));
#5182=DIRECTION('',(-1.0,0.0,0.0));
#5183=VECTOR('',#5182,59.000000000000014);
#5184=LINE('',#5181,#5183);
#5185=EDGE_CURVE('',#5055,#5180,#5184,.T.);
#5186=ORIENTED_EDGE('',*,*,#5185,.T.);
#5187=CARTESIAN_POINT('',(-29.500000000000000,31.299999999999997,-11.334413891763715));
#5188=DIRECTION('',(-1.0,0.0,0.0));
#5189=DIRECTION('',(0.0,0.500000000000001,-0.866025403784438));
#5190=AXIS2_PLACEMENT_3D('',#5187,#5188,#5189);
#5191=CIRCLE('',#5190,2.999999999999979);
#5192=EDGE_CURVE('',#3955,#5180,#5191,.T.);
#5193=ORIENTED_EDGE('',*,*,#5192,.F.);
#5194=ORIENTED_EDGE('',*,*,#3990,.F.);
#5195=EDGE_LOOP('',(#5178,#5186,#5193,#5194));
#5196=FACE_OUTER_BOUND('',#5195,.T.);
#5197=ADVANCED_FACE('',(#5196),#5177,.T.);
#5198=CARTESIAN_POINT('',(0.0,32.800000000000004,-13.932490103117029));
#5199=DIRECTION('',(0.0,0.500000000000000,-0.866025403784438));
#5200=DIRECTION('',(-1.0,0.0,0.0));
#5201=AXIS2_PLACEMENT_3D('',#5198,#5199,#5200);
#5202=PLANE('',#5201);
#5203=ORIENTED_EDGE('',*,*,#5068,.F.);
#5204=CARTESIAN_POINT('',(-29.500000000000000,26.276980515339442,-17.698557158514983));
#5205=VERTEX_POINT('',#5204);
#5206=CARTESIAN_POINT('',(29.500000000000000,26.276980515339442,-17.698557158514983));
#5207=DIRECTION('',(-1.0,0.0,0.0));
#5208=VECTOR('',#5207,59.0);
#5209=LINE('',#5206,#5208);
#5210=EDGE_CURVE('',#5024,#5205,#5209,.T.);
#5211=ORIENTED_EDGE('',*,*,#5210,.T.);
#5212=CARTESIAN_POINT('',(-29.500000000000007,32.800000000000004,-13.932490103117029));
#5213=DIRECTION('',(9.433485E-016,-0.866025403784438,-0.500000000000000));
#5214=VECTOR('',#5213,7.532134110795901);
#5215=LINE('',#5212,#5214);
#5216=EDGE_CURVE('',#5180,#5205,#5215,.T.);
#5217=ORIENTED_EDGE('',*,*,#5216,.F.);
#5218=ORIENTED_EDGE('',*,*,#5185,.F.);
#5219=EDGE_LOOP('',(#5203,#5211,#5217,#5218));
#5220=FACE_OUTER_BOUND('',#5219,.T.);
#5221=ADVANCED_FACE('',(#5220),#5202,.T.);
#5222=CARTESIAN_POINT('',(0.0,25.151980515339439,-15.749999999999996));
#5223=DIRECTION('',(1.0,0.0,0.0));
#5224=DIRECTION('',(0.0,0.997965759606940,0.063752197233850));
#5225=AXIS2_PLACEMENT_3D('',#5222,#5223,#5224);
#5226=CYLINDRICAL_SURFACE('',#5225,2.250000000000002);
#5227=ORIENTED_EDGE('',*,*,#5044,.F.);
#5228=ORIENTED_EDGE('',*,*,#2955,.T.);
#5229=CARTESIAN_POINT('',(-29.500000000000000,25.151980515339439,-15.749999999999996));
#5230=DIRECTION('',(-1.0,0.0,0.0));
#5231=DIRECTION('',(0.0,-0.997965759606940,-0.063752197233850));
#5232=AXIS2_PLACEMENT_3D('',#5229,#5230,#5231);
#5233=CIRCLE('',#5232,2.250000000000002);
#5234=EDGE_CURVE('',#5205,#2942,#5233,.T.);
#5235=ORIENTED_EDGE('',*,*,#5234,.F.);
#5236=ORIENTED_EDGE('',*,*,#5210,.F.);
#5237=EDGE_LOOP('',(#5227,#5228,#5235,#5236));
#5238=FACE_OUTER_BOUND('',#5237,.T.);
#5239=ADVANCED_FACE('',(#5238),#5226,.T.);
#5240=CARTESIAN_POINT('',(0.0,26.299999999999997,-12.499999999999991));
#5241=DIRECTION('',(0.0,-1.0,0.0));
#5242=DIRECTION('',(0.0,0.0,-1.0));
#5243=AXIS2_PLACEMENT_3D('',#5240,#5241,#5242);
#5244=PLANE('',#5243);
#5245=ORIENTED_EDGE('',*,*,#5131,.F.);
#5246=CARTESIAN_POINT('',(-29.500000000000000,26.299999999999997,-7.399999999999990));
#5247=VERTEX_POINT('',#5246);
#5248=CARTESIAN_POINT('',(29.500000000000000,26.299999999999997,-7.399999999999990));
#5249=DIRECTION('',(-1.0,0.0,0.0));
#5250=VECTOR('',#5249,59.0);
#5251=LINE('',#5248,#5250);
#5252=EDGE_CURVE('',#5120,#5247,#5251,.T.);
#5253=ORIENTED_EDGE('',*,*,#5252,.T.);
#5254=CARTESIAN_POINT('',(-29.500000000000000,26.299999999999997,-12.499999999999991));
#5255=DIRECTION('',(0.0,0.0,1.0));
#5256=VECTOR('',#5255,5.100000000000001);
#5257=LINE('',#5254,#5256);
#5258=EDGE_CURVE('',#2980,#5247,#5257,.T.);
#5259=ORIENTED_EDGE('',*,*,#5258,.F.);
#5260=ORIENTED_EDGE('',*,*,#3022,.F.);
#5261=EDGE_LOOP('',(#5245,#5253,#5259,#5260));
#5262=FACE_OUTER_BOUND('',#5261,.T.);
#5263=ADVANCED_FACE('',(#5262),#5244,.T.);
#5264=CARTESIAN_POINT('',(0.0,26.299999999999997,-7.399999999999990));
#5265=DIRECTION('',(0.0,0.0,-1.0));
#5266=DIRECTION('',(-1.0,0.0,0.0));
#5267=AXIS2_PLACEMENT_3D('',#5264,#5265,#5266);
#5268=PLANE('',#5267);
#5269=ORIENTED_EDGE('',*,*,#5166,.F.);
#5270=CARTESIAN_POINT('',(-29.500000000000000,24.800000000000011,-7.399999999999984));
#5271=VERTEX_POINT('',#5270);
#5272=CARTESIAN_POINT('',(29.500000000000000,24.800000000000011,-7.399999999999984));
#5273=DIRECTION('',(-1.0,0.0,0.0));
#5274=VECTOR('',#5273,59.0);
#5275=LINE('',#5272,#5274);
#5276=EDGE_CURVE('',#5155,#5271,#5275,.T.);
#5277=ORIENTED_EDGE('',*,*,#5276,.T.);
#5278=CARTESIAN_POINT('',(-29.500000000000000,26.299999999999997,-7.399999999999990));
#5279=DIRECTION('',(0.0,-1.0,0.0));
#5280=VECTOR('',#5279,1.499999999999986);
#5281=LINE('',#5278,#5280);
#5282=EDGE_CURVE('',#5247,#5271,#5281,.T.);
#5283=ORIENTED_EDGE('',*,*,#5282,.F.);
#5284=ORIENTED_EDGE('',*,*,#5252,.F.);
#5285=EDGE_LOOP('',(#5269,#5277,#5283,#5284));
#5286=FACE_OUTER_BOUND('',#5285,.T.);
#5287=ADVANCED_FACE('',(#5286),#5268,.T.);
#5288=CARTESIAN_POINT('',(-29.750000000000000,-37.700000000000003,-19.899999999999991));
#5289=DIRECTION('',(1.0,0.0,0.0));
#5290=DIRECTION('',(0.0,0.707106781186549,-0.707106781186546));
#5291=AXIS2_PLACEMENT_3D('',#5288,#5289,#5290);
#5292=CONICAL_SURFACE('',#5291,1.750000000000000,45.000000000000050);
#5293=CARTESIAN_POINT('',(-29.500000000000000,-37.700000000000003,-21.899999999999991));
#5294=DIRECTION('',(-0.707106781186553,0.0,0.707106781186543));
#5295=VECTOR('',#5294,0.707106781186542);
#5296=LINE('',#5293,#5295);
#5297=EDGE_CURVE('',#4818,#3887,#5296,.T.);
#5298=ORIENTED_EDGE('',*,*,#5297,.T.);
#5299=ORIENTED_EDGE('',*,*,#3893,.T.);
#5300=CARTESIAN_POINT('',(-30.0,-36.200000000000003,-19.899999999999995));
#5301=DIRECTION('',(0.707106781186547,0.707106781186547,5.024296E-015));
#5302=VECTOR('',#5301,0.707106781186548);
#5303=LINE('',#5300,#5302);
#5304=EDGE_CURVE('',#3879,#4791,#5303,.T.);
#5305=ORIENTED_EDGE('',*,*,#5304,.T.);
#5306=ORIENTED_EDGE('',*,*,#4830,.T.);
#5307=EDGE_LOOP('',(#5298,#5299,#5305,#5306));
#5308=FACE_OUTER_BOUND('',#5307,.T.);
#5309=ADVANCED_FACE('',(#5308),#5292,.T.);
#5310=CARTESIAN_POINT('',(-29.750000000000000,-23.315377041682051,-21.649999999999988));
#5311=DIRECTION('',(-0.707106781186548,3.140185E-016,-0.707106781186548));
#5312=DIRECTION('',(-0.707106781186548,0.0,0.707106781186548));
#5313=AXIS2_PLACEMENT_3D('',#5310,#5311,#5312);
#5314=PLANE('',#5313);
#5315=CARTESIAN_POINT('',(-29.500000000000000,-43.700000000000003,-21.899999999999995));
#5316=DIRECTION('',(-0.707106781186550,0.0,0.707106781186545));
#5317=VECTOR('',#5316,0.707106781186545);
#5318=LINE('',#5315,#5317);
#5319=EDGE_CURVE('',#4843,#3896,#5318,.T.);
#5320=ORIENTED_EDGE('',*,*,#5319,.T.);
#5321=ORIENTED_EDGE('',*,*,#3901,.T.);
#5322=ORIENTED_EDGE('',*,*,#5297,.F.);
#5323=ORIENTED_EDGE('',*,*,#4854,.T.);
#5324=EDGE_LOOP('',(#5320,#5321,#5322,#5323));
#5325=FACE_OUTER_BOUND('',#5324,.T.);
#5326=ADVANCED_FACE('',(#5325),#5314,.T.);
#5327=CARTESIAN_POINT('',(-29.750000000000000,-35.950000000000003,-7.046363321702134));
#5328=DIRECTION('',(-0.707106781186548,0.707106781186548,0.0));
#5329=DIRECTION('',(0.0,0.0,1.0));
#5330=AXIS2_PLACEMENT_3D('',#5327,#5328,#5329);
#5331=PLANE('',#5330);
#5332=CARTESIAN_POINT('',(-30.0,-36.200000000000003,-8.399999999999997));
#5333=DIRECTION('',(0.707106781186547,0.707106781186547,0.0));
#5334=VECTOR('',#5333,0.707106781186548);
#5335=LINE('',#5332,#5334);
#5336=EDGE_CURVE('',#3870,#4766,#5335,.T.);
#5337=ORIENTED_EDGE('',*,*,#5336,.T.);
#5338=ORIENTED_EDGE('',*,*,#4802,.T.);
#5339=ORIENTED_EDGE('',*,*,#5304,.F.);
#5340=ORIENTED_EDGE('',*,*,#3884,.T.);
#5341=EDGE_LOOP('',(#5337,#5338,#5339,#5340));
#5342=FACE_OUTER_BOUND('',#5341,.T.);
#5343=ADVANCED_FACE('',(#5342),#5331,.T.);
#5344=CARTESIAN_POINT('',(-29.750000000000000,-43.700000000000003,-19.899999999999995));
#5345=DIRECTION('',(1.0,0.0,0.0));
#5346=DIRECTION('',(0.0,-0.707106781186550,-0.707106781186545));
#5347=AXIS2_PLACEMENT_3D('',#5344,#5345,#5346);
#5348=CONICAL_SURFACE('',#5347,1.750000000000001,45.000000000000050);
#5349=CARTESIAN_POINT('',(-29.500000000000000,-45.700000000000003,-19.899999999999995));
#5350=DIRECTION('',(-0.707106781186542,0.707106781186553,0.0));
#5351=VECTOR('',#5350,0.707106781186553);
#5352=LINE('',#5349,#5351);
#5353=EDGE_CURVE('',#4867,#3904,#5352,.T.);
#5354=ORIENTED_EDGE('',*,*,#5353,.T.);
#5355=ORIENTED_EDGE('',*,*,#3910,.T.);
#5356=ORIENTED_EDGE('',*,*,#5319,.F.);
#5357=ORIENTED_EDGE('',*,*,#4879,.T.);
#5358=EDGE_LOOP('',(#5354,#5355,#5356,#5357));
#5359=FACE_OUTER_BOUND('',#5358,.T.);
#5360=ADVANCED_FACE('',(#5359),#5348,.T.);
#5361=CARTESIAN_POINT('',(-29.750000000000000,-34.700000000000003,-8.399999999999997));
#5362=DIRECTION('',(-1.0,0.0,0.0));
#5363=DIRECTION('',(0.0,-0.707106781186550,0.707106781186545));
#5364=AXIS2_PLACEMENT_3D('',#5361,#5362,#5363);
#5365=CONICAL_SURFACE('',#5364,1.250000000000000,45.000000000000050);
#5366=CARTESIAN_POINT('',(-30.0,-34.699999999999996,-6.899999999999997));
#5367=DIRECTION('',(0.707106781186547,-1.004859E-014,-0.707106781186548));
#5368=VECTOR('',#5367,0.707106781186548);
#5369=LINE('',#5366,#5368);
#5370=EDGE_CURVE('',#3862,#4735,#5369,.T.);
#5371=ORIENTED_EDGE('',*,*,#5370,.T.);
#5372=ORIENTED_EDGE('',*,*,#4778,.T.);
#5373=ORIENTED_EDGE('',*,*,#5336,.F.);
#5374=ORIENTED_EDGE('',*,*,#3876,.T.);
#5375=EDGE_LOOP('',(#5371,#5372,#5373,#5374));
#5376=FACE_OUTER_BOUND('',#5375,.T.);
#5377=ADVANCED_FACE('',(#5376),#5365,.F.);
#5378=CARTESIAN_POINT('',(-29.750000000000000,-45.450000000000003,-14.296363321702133));
#5379=DIRECTION('',(-0.707106781186548,-0.707106781186548,0.0));
#5380=DIRECTION('',(0.0,0.0,1.0));
#5381=AXIS2_PLACEMENT_3D('',#5378,#5379,#5380);
#5382=PLANE('',#5381);
#5383=CARTESIAN_POINT('',(-29.500000000000000,-45.700000000000003,-8.899999999999993));
#5384=DIRECTION('',(-0.707106781186547,0.707106781186547,0.0));
#5385=VECTOR('',#5384,0.707106781186548);
#5386=LINE('',#5383,#5385);
#5387=EDGE_CURVE('',#4892,#3913,#5386,.T.);
#5388=ORIENTED_EDGE('',*,*,#5387,.T.);
#5389=ORIENTED_EDGE('',*,*,#3918,.T.);
#5390=ORIENTED_EDGE('',*,*,#5353,.F.);
#5391=ORIENTED_EDGE('',*,*,#4903,.T.);
#5392=EDGE_LOOP('',(#5388,#5389,#5390,#5391));
#5393=FACE_OUTER_BOUND('',#5392,.T.);
#5394=ADVANCED_FACE('',(#5393),#5382,.T.);
#5395=CARTESIAN_POINT('',(-29.750000000000000,-18.815377041682058,-7.149999999999994));
#5396=DIRECTION('',(-0.707106781186548,1.744547E-016,-0.707106781186547));
#5397=DIRECTION('',(-0.707106781186547,0.0,0.707106781186548));
#5398=AXIS2_PLACEMENT_3D('',#5395,#5396,#5397);
#5399=PLANE('',#5398);
#5400=CARTESIAN_POINT('',(-29.500000000000000,-26.700000000000003,-7.399999999999995));
#5401=DIRECTION('',(-0.577350269189626,-0.577350269189626,0.577350269189625));
#5402=VECTOR('',#5401,0.866025403784438);
#5403=LINE('',#5400,#5402);
#5404=EDGE_CURVE('',#3854,#4743,#5403,.F.);
#5405=ORIENTED_EDGE('',*,*,#5404,.T.);
#5406=ORIENTED_EDGE('',*,*,#4748,.T.);
#5407=ORIENTED_EDGE('',*,*,#5370,.F.);
#5408=ORIENTED_EDGE('',*,*,#3867,.T.);
#5409=EDGE_LOOP('',(#5405,#5406,#5407,#5408));
#5410=FACE_OUTER_BOUND('',#5409,.T.);
#5411=ADVANCED_FACE('',(#5410),#5399,.T.);
#5412=CARTESIAN_POINT('',(-29.750000000000000,-46.700000000000003,-8.899999999999993));
#5413=DIRECTION('',(-1.0,0.0,0.0));
#5414=DIRECTION('',(0.0,0.707106781186547,0.707106781186548));
#5415=AXIS2_PLACEMENT_3D('',#5412,#5413,#5414);
#5416=CONICAL_SURFACE('',#5415,1.250000000000000,45.000000000000092);
#5417=CARTESIAN_POINT('',(-29.500000000000000,-46.700000000000003,-7.899999999999993));
#5418=DIRECTION('',(-0.707106781186547,0.0,0.707106781186547));
#5419=VECTOR('',#5418,0.707106781186548);
#5420=LINE('',#5417,#5419);
#5421=EDGE_CURVE('',#4919,#3921,#5420,.T.);
#5422=ORIENTED_EDGE('',*,*,#5421,.T.);
#5423=ORIENTED_EDGE('',*,*,#3927,.T.);
#5424=ORIENTED_EDGE('',*,*,#5387,.F.);
#5425=ORIENTED_EDGE('',*,*,#4931,.T.);
#5426=EDGE_LOOP('',(#5422,#5423,#5424,#5425));
#5427=FACE_OUTER_BOUND('',#5426,.T.);
#5428=ADVANCED_FACE('',(#5427),#5416,.F.);
#5429=CARTESIAN_POINT('',(-29.750000000000000,-28.315377041682055,-7.649999999999990));
#5430=DIRECTION('',(-0.707106781186548,1.570092E-016,-0.707106781186547));
#5431=DIRECTION('',(-0.707106781186547,0.0,0.707106781186548));
#5432=AXIS2_PLACEMENT_3D('',#5429,#5430,#5431);
#5433=PLANE('',#5432);
#5434=CARTESIAN_POINT('',(-29.500000000000000,-54.700000000000003,-7.899999999999996));
#5435=DIRECTION('',(-0.707106781186547,0.0,0.707106781186548));
#5436=VECTOR('',#5435,0.707106781186548);
#5437=LINE('',#5434,#5436);
#5438=EDGE_CURVE('',#4944,#3930,#5437,.T.);
#5439=ORIENTED_EDGE('',*,*,#5438,.T.);
#5440=ORIENTED_EDGE('',*,*,#3935,.T.);
#5441=ORIENTED_EDGE('',*,*,#5421,.F.);
#5442=ORIENTED_EDGE('',*,*,#4955,.T.);
#5443=EDGE_LOOP('',(#5439,#5440,#5441,#5442));
#5444=FACE_OUTER_BOUND('',#5443,.T.);
#5445=ADVANCED_FACE('',(#5444),#5433,.T.);
#5446=CARTESIAN_POINT('',(-29.750000000000000,-54.700000000000003,-6.899999999999996));
#5447=DIRECTION('',(1.0,0.0,0.0));
#5448=DIRECTION('',(0.0,-0.707106781186547,-0.707106781186548));
#5449=AXIS2_PLACEMENT_3D('',#5446,#5447,#5448);
#5450=CONICAL_SURFACE('',#5449,0.750000000000000,45.000000000000057);
#5451=ORIENTED_EDGE('',*,*,#3748,.T.);
#5452=ORIENTED_EDGE('',*,*,#3942,.T.);
#5453=ORIENTED_EDGE('',*,*,#5438,.F.);
#5454=ORIENTED_EDGE('',*,*,#5000,.T.);
#5455=EDGE_LOOP('',(#5451,#5452,#5453,#5454));
#5456=FACE_OUTER_BOUND('',#5455,.T.);
#5457=ADVANCED_FACE('',(#5456),#5450,.T.);
#5458=CARTESIAN_POINT('',(-29.750000000000000,7.684622958317942,-7.149999999999920));
#5459=DIRECTION('',(-0.707106781186549,-2.616821E-015,-0.707106781186546));
#5460=DIRECTION('',(-0.707106781186546,0.0,0.707106781186549));
#5461=AXIS2_PLACEMENT_3D('',#5458,#5459,#5460);
#5462=PLANE('',#5461);
#5463=CARTESIAN_POINT('',(-30.0,25.300000000000011,-6.899999999999986));
#5464=DIRECTION('',(0.577350269189627,-0.577350269189627,-0.577350269189624));
#5465=VECTOR('',#5464,0.866025403784438);
#5466=LINE('',#5463,#5465);
#5467=EDGE_CURVE('',#5271,#3816,#5466,.F.);
#5468=ORIENTED_EDGE('',*,*,#5467,.T.);
#5469=ORIENTED_EDGE('',*,*,#3821,.T.);
#5470=CARTESIAN_POINT('',(-30.0,26.799999999999997,-6.899999999999992));
#5471=DIRECTION('',(0.577350269189627,-0.577350269189627,-0.577350269189624));
#5472=VECTOR('',#5471,0.866025403784438);
#5473=LINE('',#5470,#5472);
#5474=EDGE_CURVE('',#3808,#5247,#5473,.T.);
#5475=ORIENTED_EDGE('',*,*,#5474,.T.);
#5476=ORIENTED_EDGE('',*,*,#5282,.T.);
#5477=EDGE_LOOP('',(#5468,#5469,#5475,#5476));
#5478=FACE_OUTER_BOUND('',#5477,.T.);
#5479=ADVANCED_FACE('',(#5478),#5462,.T.);
#5480=CARTESIAN_POINT('',(-29.750000000000000,26.549999999999997,-9.596363321702130));
#5481=DIRECTION('',(-0.707106781186548,-0.707106781186548,0.0));
#5482=DIRECTION('',(0.0,0.0,1.0));
#5483=AXIS2_PLACEMENT_3D('',#5480,#5481,#5482);
#5484=PLANE('',#5483);
#5485=ORIENTED_EDGE('',*,*,#3813,.T.);
#5486=CARTESIAN_POINT('',(-30.0,26.799999999999997,-12.707106781186539));
#5487=DIRECTION('',(0.678598344545847,-0.678598344545847,0.281084637714821));
#5488=VECTOR('',#5487,0.736812879103950);
#5489=LINE('',#5486,#5488);
#5490=EDGE_CURVE('',#3800,#2980,#5489,.T.);
#5491=ORIENTED_EDGE('',*,*,#5490,.T.);
#5492=ORIENTED_EDGE('',*,*,#5258,.T.);
#5493=ORIENTED_EDGE('',*,*,#5474,.F.);
#5494=EDGE_LOOP('',(#5485,#5491,#5492,#5493));
#5495=FACE_OUTER_BOUND('',#5494,.T.);
#5496=ADVANCED_FACE('',(#5495),#5484,.T.);
#5497=CARTESIAN_POINT('',(-29.750000000000007,16.924185291716633,-22.229368098876780));
#5498=DIRECTION('',(-0.707106781186554,-0.500000000000000,0.499999999999992));
#5499=DIRECTION('',(0.577350269189616,0.0,0.816496580927733));
#5500=AXIS2_PLACEMENT_3D('',#5497,#5498,#5499);
#5501=PLANE('',#5500);
#5502=ORIENTED_EDGE('',*,*,#3805,.T.);
#5503=CARTESIAN_POINT('',(-30.0,23.432373497826884,-16.074733283359702));
#5504=CARTESIAN_POINT('',(-29.835800747154082,23.254929497601228,-16.019964473279124));
#5505=CARTESIAN_POINT('',(-29.666918022282992,23.077946972905114,-15.958110758012019));
#5506=CARTESIAN_POINT('',(-29.500000000000028,22.906557556223849,-15.893442443776220));
#5507=B_SPLINE_CURVE_WITH_KNOTS('',3,(#5503,#5504,#5505,#5506),.UNSPECIFIED.,.F.,.U.,(4,4),(-0.074347934915080,0.0),.UNSPECIFIED.);
#5508=EDGE_CURVE('',#3791,#2942,#5507,.T.);
#5509=ORIENTED_EDGE('',*,*,#5508,.T.);
#5510=ORIENTED_EDGE('',*,*,#2991,.T.);
#5511=ORIENTED_EDGE('',*,*,#5490,.F.);
#5512=EDGE_LOOP('',(#5502,#5509,#5510,#5511));
#5513=FACE_OUTER_BOUND('',#5512,.T.);
#5514=ADVANCED_FACE('',(#5513),#5501,.T.);
#5515=CARTESIAN_POINT('',(-29.750000000000000,25.151980515339439,-15.749999999999996));
#5516=DIRECTION('',(1.0,0.0,0.0));
#5517=DIRECTION('',(0.0,-0.997965759606940,-0.063752197233850));
#5518=AXIS2_PLACEMENT_3D('',#5515,#5516,#5517);
#5519=CONICAL_SURFACE('',#5518,2.000000000000002,45.000000000000142);
#5520=CARTESIAN_POINT('',(-30.0,26.026980515339446,-17.265544456622766));
#5521=DIRECTION('',(0.707106781186550,0.353553390593270,-0.612372435695794));
#5522=VECTOR('',#5521,0.707106781186545);
#5523=LINE('',#5520,#5522);
#5524=EDGE_CURVE('',#3783,#5205,#5523,.T.);
#5525=ORIENTED_EDGE('',*,*,#5524,.T.);
#5526=ORIENTED_EDGE('',*,*,#5234,.T.);
#5527=ORIENTED_EDGE('',*,*,#5508,.F.);
#5528=ORIENTED_EDGE('',*,*,#3797,.T.);
#5529=EDGE_LOOP('',(#5525,#5526,#5527,#5528));
#5530=FACE_OUTER_BOUND('',#5529,.T.);
#5531=ADVANCED_FACE('',(#5530),#5519,.T.);
#5532=CARTESIAN_POINT('',(-29.750000000000007,17.843421987113864,-22.278999310417682));
#5533=DIRECTION('',(-0.707106781186550,0.353553390593273,-0.612372435695792));
#5534=DIRECTION('',(-0.654653670707974,0.0,0.755928946018457));
#5535=AXIS2_PLACEMENT_3D('',#5532,#5533,#5534);
#5536=PLANE('',#5535);
#5537=CARTESIAN_POINT('',(-30.0,32.550000000000011,-13.499477401224812));
#5538=DIRECTION('',(0.707106781186546,0.353553390593268,-0.612372435695799));
#5539=VECTOR('',#5538,0.707106781186539);
#5540=LINE('',#5537,#5539);
#5541=EDGE_CURVE('',#3774,#5180,#5540,.T.);
#5542=ORIENTED_EDGE('',*,*,#5541,.T.);
#5543=ORIENTED_EDGE('',*,*,#5216,.T.);
#5544=ORIENTED_EDGE('',*,*,#5524,.F.);
#5545=ORIENTED_EDGE('',*,*,#3788,.T.);
#5546=EDGE_LOOP('',(#5542,#5543,#5544,#5545));
#5547=FACE_OUTER_BOUND('',#5546,.T.);
#5548=ADVANCED_FACE('',(#5547),#5536,.T.);
#5549=CARTESIAN_POINT('',(-29.750000000000000,31.299999999999997,-11.334413891763715));
#5550=DIRECTION('',(1.0,0.0,0.0));
#5551=DIRECTION('',(0.0,0.500000000000001,-0.866025403784438));
#5552=AXIS2_PLACEMENT_3D('',#5549,#5550,#5551);
#5553=CONICAL_SURFACE('',#5552,2.749999999999977,45.000000000000249);
#5554=ORIENTED_EDGE('',*,*,#3966,.T.);
#5555=ORIENTED_EDGE('',*,*,#5192,.T.);
#5556=ORIENTED_EDGE('',*,*,#5541,.F.);
#5557=ORIENTED_EDGE('',*,*,#3780,.T.);
#5558=EDGE_LOOP('',(#5554,#5555,#5556,#5557));
#5559=FACE_OUTER_BOUND('',#5558,.T.);
#5560=ADVANCED_FACE('',(#5559),#5553,.T.);
#5561=CARTESIAN_POINT('',(-22.0,-50.0,-110.361270380509850));
#5562=DIRECTION('',(0.0,0.0,-1.0));
#5563=DIRECTION('',(-1.0,0.0,0.0));
#5564=AXIS2_PLACEMENT_3D('',#5561,#5562,#5563);
#5565=CYLINDRICAL_SURFACE('',#5564,1.229500000000000);
#5566=ORIENTED_EDGE('',*,*,#4978,.F.);
#5567=EDGE_LOOP('',(#5566));
#5568=FACE_OUTER_BOUND('',#5567,.T.);
#5569=ORIENTED_EDGE('',*,*,#4024,.F.);
#5570=EDGE_LOOP('',(#5569));
#5571=FACE_BOUND('',#5570,.T.);
#5572=ADVANCED_FACE('',(#5568,#5571),#5565,.F.);
#5573=CARTESIAN_POINT('',(-22.0,15.999999999999996,-110.361270380509850));
#5574=DIRECTION('',(0.0,0.0,-1.0));
#5575=DIRECTION('',(-1.0,0.0,0.0));
#5576=AXIS2_PLACEMENT_3D('',#5573,#5574,#5575);
#5577=CYLINDRICAL_SURFACE('',#5576,1.229500000000000);
#5578=CARTESIAN_POINT('',(-20.770500000000002,15.999999999999996,-7.399999999999984));
#5579=VERTEX_POINT('',#5578);
#5580=CARTESIAN_POINT('',(-22.0,15.999999999999996,-7.399999999999984));
#5581=DIRECTION('',(0.0,0.0,1.0));
#5582=DIRECTION('',(-1.0,0.0,0.0));
#5583=AXIS2_PLACEMENT_3D('',#5580,#5581,#5582);
#5584=CIRCLE('',#5583,1.229500000000000);
#5585=EDGE_CURVE('',#5579,#5579,#5584,.T.);
#5586=ORIENTED_EDGE('',*,*,#5585,.F.);
#5587=EDGE_LOOP('',(#5586));
#5588=FACE_OUTER_BOUND('',#5587,.T.);
#5589=ORIENTED_EDGE('',*,*,#4035,.F.);
#5590=EDGE_LOOP('',(#5589));
#5591=FACE_BOUND('',#5590,.T.);
#5592=ADVANCED_FACE('',(#5588,#5591),#5577,.F.);
#5593=CARTESIAN_POINT('',(20.770499999999998,-50.0,0.0));
#5594=CARTESIAN_POINT('',(20.770499999999998,-50.0,-7.899999999999992));
#5595=CARTESIAN_POINT('',(20.770499999999998,-51.229499999999994,0.0));
#5596=CARTESIAN_POINT('',(20.770499999999998,-51.229499999999994,-7.899999999999992));
#5597=CARTESIAN_POINT('',(22.0,-51.229500000000002,0.0));
#5598=CARTESIAN_POINT('',(22.0,-51.229500000000002,-7.899999999999992));
#5599=CARTESIAN_POINT('',(23.229499999999998,-51.229499999999994,0.0));
#5600=CARTESIAN_POINT('',(23.229499999999998,-51.229499999999994,-7.899999999999992));
#5601=CARTESIAN_POINT('',(23.229500000000002,-50.0,0.0));
#5602=CARTESIAN_POINT('',(23.229500000000002,-50.0,-7.899999999999992));
#5603=CARTESIAN_POINT('',(23.229499999999998,-48.770499999999998,0.0));
#5604=CARTESIAN_POINT('',(23.229499999999998,-48.770499999999998,-7.899999999999992));
#5605=CARTESIAN_POINT('',(22.0,-48.770499999999998,0.0));
#5606=CARTESIAN_POINT('',(22.0,-48.770499999999998,-7.899999999999992));
#5607=CARTESIAN_POINT('',(20.770499999999998,-48.770499999999998,0.0));
#5608=CARTESIAN_POINT('',(20.770499999999998,-48.770499999999998,-7.899999999999992));
#5609=CARTESIAN_POINT('',(20.770499999999998,-50.0,0.0));
#5610=CARTESIAN_POINT('',(20.770499999999998,-50.0,-7.899999999999992));
#5618=(BOUNDED_SURFACE()B_SPLINE_SURFACE(1,2,((#5593,#5595,#5597,#5599,#5601,#5603,#5605,#5607,#5609),(#5594,#5596,#5598,#5600,#5602,#5604,#5606,#5608,#5610)),.UNSPECIFIED.,.F.,.T.,.U.)B_SPLINE_SURFACE_WITH_KNOTS((2,2),(3,2,2,2,3),(-89.761098316803455,-83.335722147628999),(0.0,1.931294083794325,3.862588167588651,5.793882251382976,7.725176335177301),.UNSPECIFIED.)GEOMETRIC_REPRESENTATION_ITEM()RATIONAL_B_SPLINE_SURFACE(((1.0,0.707106781186548,1.0,0.707106781186548,1.0,0.707106781186548,1.0,0.707106781186548,1.0),(1.0,0.707106781186548,1.0,0.707106781186548,1.0,0.707106781186548,1.0,0.707106781186548,1.0)))REPRESENTATION_ITEM('')SURFACE());
#5619=ORIENTED_EDGE('',*,*,#4967,.F.);
#5620=EDGE_LOOP('',(#5619));
#5621=FACE_OUTER_BOUND('',#5620,.T.);
#5622=ORIENTED_EDGE('',*,*,#4046,.F.);
#5623=EDGE_LOOP('',(#5622));
#5624=FACE_BOUND('',#5623,.T.);
#5625=ADVANCED_FACE('',(#5621,#5624),#5618,.F.);
#5626=CARTESIAN_POINT('',(20.770499999999998,15.999999999999996,0.0));
#5627=CARTESIAN_POINT('',(20.770499999999998,15.999999999999996,-7.399999999999992));
#5628=CARTESIAN_POINT('',(20.770499999999998,14.770499999999997,0.0));
#5629=CARTESIAN_POINT('',(20.770499999999998,14.770499999999997,-7.399999999999992));
#5630=CARTESIAN_POINT('',(22.0,14.770499999999995,0.0));
#5631=CARTESIAN_POINT('',(22.0,14.770499999999995,-7.399999999999992));
#5632=CARTESIAN_POINT('',(23.229499999999998,14.770499999999997,0.0));
#5633=CARTESIAN_POINT('',(23.229499999999998,14.770499999999997,-7.399999999999992));
#5634=CARTESIAN_POINT('',(23.229500000000002,15.999999999999996,0.0));
#5635=CARTESIAN_POINT('',(23.229500000000002,15.999999999999996,-7.399999999999992));
#5636=CARTESIAN_POINT('',(23.229499999999998,17.229499999999998,0.0));
#5637=CARTESIAN_POINT('',(23.229499999999998,17.229499999999998,-7.399999999999992));
#5638=CARTESIAN_POINT('',(22.0,17.229499999999998,0.0));
#5639=CARTESIAN_POINT('',(22.0,17.229499999999998,-7.399999999999992));
#5640=CARTESIAN_POINT('',(20.770499999999998,17.229499999999998,0.0));
#5641=CARTESIAN_POINT('',(20.770499999999998,17.229499999999998,-7.399999999999992));
#5642=CARTESIAN_POINT('',(20.770499999999998,15.999999999999996,0.0));
#5643=CARTESIAN_POINT('',(20.770499999999998,15.999999999999996,-7.399999999999992));
#5651=(BOUNDED_SURFACE()B_SPLINE_SURFACE(1,2,((#5626,#5628,#5630,#5632,#5634,#5636,#5638,#5640,#5642),(#5627,#5629,#5631,#5633,#5635,#5637,#5639,#5641,#5643)),.UNSPECIFIED.,.F.,.T.,.U.)B_SPLINE_SURFACE_WITH_KNOTS((2,2),(3,2,2,2,3),(-89.761098316803455,-83.742391525424850),(0.0,1.931294083794325,3.862588167588651,5.793882251382976,7.725176335177301),.UNSPECIFIED.)GEOMETRIC_REPRESENTATION_ITEM()RATIONAL_B_SPLINE_SURFACE(((1.0,0.707106781186548,1.0,0.707106781186548,1.0,0.707106781186548,1.0,0.707106781186548,1.0),(1.0,0.707106781186548,1.0,0.707106781186548,1.0,0.707106781186548,1.0,0.707106781186548,1.0)))REPRESENTATION_ITEM('')SURFACE());
#5652=CARTESIAN_POINT('',(20.770500000000002,15.999999999999996,-7.399999999999984));
#5653=VERTEX_POINT('',#5652);
#5654=CARTESIAN_POINT('',(22.0,15.999999999999996,-7.399999999999984));
#5655=DIRECTION('',(0.0,0.0,1.0));
#5656=DIRECTION('',(1.0,0.0,0.0));
#5657=AXIS2_PLACEMENT_3D('',#5654,#5655,#5656);
#5658=CIRCLE('',#5657,1.229500000000000);
#5659=EDGE_CURVE('',#5653,#5653,#5658,.T.);
#5660=ORIENTED_EDGE('',*,*,#5659,.F.);
#5661=EDGE_LOOP('',(#5660));
#5662=FACE_OUTER_BOUND('',#5661,.T.);
#5663=ORIENTED_EDGE('',*,*,#4057,.F.);
#5664=EDGE_LOOP('',(#5663));
#5665=FACE_BOUND('',#5664,.T.);
#5666=ADVANCED_FACE('',(#5662,#5665),#5651,.F.);
#5667=CARTESIAN_POINT('',(23.378999999999998,25.0,-6.000000000000001));
#5668=CARTESIAN_POINT('',(25.0,25.0,-6.973995063443677));
#5669=CARTESIAN_POINT('',(23.378999999999998,23.378999999999998,-6.0));
#5670=CARTESIAN_POINT('',(25.0,25.0,-6.973995063443677));
#5671=CARTESIAN_POINT('',(25.0,23.378999999999998,-6.000000000000001));
#5672=CARTESIAN_POINT('',(25.0,25.0,-6.973995063443677));
#5673=CARTESIAN_POINT('',(26.621000000000002,23.378999999999998,-6.0));
#5674=CARTESIAN_POINT('',(25.0,25.0,-6.973995063443677));
#5675=CARTESIAN_POINT('',(26.621000000000002,25.0,-6.000000000000001));
#5676=CARTESIAN_POINT('',(25.0,25.0,-6.973995063443677));
#5677=CARTESIAN_POINT('',(26.621000000000002,26.621000000000002,-6.0));
#5678=CARTESIAN_POINT('',(25.0,25.0,-6.973995063443677));
#5679=CARTESIAN_POINT('',(25.0,26.621000000000002,-6.000000000000001));
#5680=CARTESIAN_POINT('',(25.0,25.0,-6.973995063443677));
#5681=CARTESIAN_POINT('',(23.378999999999998,26.621000000000002,-6.0));
#5682=CARTESIAN_POINT('',(25.0,25.0,-6.973995063443677));
#5683=CARTESIAN_POINT('',(23.378999999999998,25.0,-6.000000000000001));
#5684=CARTESIAN_POINT('',(25.0,25.0,-6.973995063443677));
#5692=(BOUNDED_SURFACE()B_SPLINE_SURFACE(1,2,((#5667,#5669,#5671,#5673,#5675,#5677,#5679,#5681,#5683),(#5668,#5670,#5672,#5674,#5676,#5678,#5680,#5682,#5684)),.UNSPECIFIED.,.F.,.T.,.U.)B_SPLINE_SURFACE_WITH_KNOTS((2,2),(3,2,2,2,3),(-1.166633397215331,1.166633397215330),(0.0,1.273130422867264,2.546260845734528,3.819391268601792,5.092521691469055),.UNSPECIFIED.)GEOMETRIC_REPRESENTATION_ITEM()RATIONAL_B_SPLINE_SURFACE(((1.0,0.707106781186548,1.0,0.707106781186548,1.0,0.707106781186548,1.0,0.707106781186548,1.0),(1.0,0.707106781186548,1.0,0.707106781186548,1.0,0.707106781186548,1.0,0.707106781186548,1.0)))REPRESENTATION_ITEM('')SURFACE());
#5693=CARTESIAN_POINT('',(26.621000000000002,25.0,-6.000000000000001));
#5694=VERTEX_POINT('',#5693);
#5695=CARTESIAN_POINT('',(25.0,25.0,-6.000000000000001));
#5696=DIRECTION('',(0.0,0.0,1.0));
#5697=DIRECTION('',(1.0,0.0,0.0));
#5698=AXIS2_PLACEMENT_3D('',#5695,#5696,#5697);
#5699=CIRCLE('',#5698,1.621000000000000);
#5700=EDGE_CURVE('',#5694,#5694,#5699,.T.);
#5701=ORIENTED_EDGE('',*,*,#5700,.T.);
#5702=EDGE_LOOP('',(#5701));
#5703=FACE_OUTER_BOUND('',#5702,.T.);
#5704=ADVANCED_FACE('',(#5703),#5692,.F.);
#5705=CARTESIAN_POINT('',(23.379000000000001,25.0,0.0));
#5706=CARTESIAN_POINT('',(23.379000000000001,25.0,-6.000000000000001));
#5707=CARTESIAN_POINT('',(23.379000000000001,23.379000000000001,0.0));
#5708=CARTESIAN_POINT('',(23.379000000000001,23.379000000000001,-6.0));
#5709=CARTESIAN_POINT('',(25.0,23.379000000000001,0.0));
#5710=CARTESIAN_POINT('',(25.0,23.379000000000001,-6.000000000000001));
#5711=CARTESIAN_POINT('',(26.621000000000002,23.379000000000001,0.0));
#5712=CARTESIAN_POINT('',(26.621000000000002,23.379000000000001,-6.0));
#5713=CARTESIAN_POINT('',(26.620999999999999,25.0,0.0));
#5714=CARTESIAN_POINT('',(26.620999999999999,25.0,-6.000000000000001));
#5715=CARTESIAN_POINT('',(26.621000000000002,26.621000000000002,0.0));
#5716=CARTESIAN_POINT('',(26.621000000000002,26.621000000000002,-6.0));
#5717=CARTESIAN_POINT('',(25.0,26.620999999999999,0.0));
#5718=CARTESIAN_POINT('',(25.0,26.620999999999999,-6.000000000000001));
#5719=CARTESIAN_POINT('',(23.379000000000001,26.621000000000002,0.0));
#5720=CARTESIAN_POINT('',(23.379000000000001,26.621000000000002,-6.0));
#5721=CARTESIAN_POINT('',(23.379000000000001,25.0,0.0));
#5722=CARTESIAN_POINT('',(23.379000000000001,25.0,-6.000000000000001));
#5730=(BOUNDED_SURFACE()B_SPLINE_SURFACE(1,2,((#5705,#5707,#5709,#5711,#5713,#5715,#5717,#5719,#5721),(#5706,#5708,#5710,#5712,#5714,#5716,#5718,#5720,#5722)),.UNSPECIFIED.,.F.,.T.,.U.)B_SPLINE_SURFACE_WITH_KNOTS((2,2),(3,2,2,2,3),(-1.850709438618137,1.850709438618137),(0.0,2.546260845734528,5.092521691469055,7.638782537203583,10.185043382938110),.UNSPECIFIED.)GEOMETRIC_REPRESENTATION_ITEM()RATIONAL_B_SPLINE_SURFACE(((1.0,0.707106781186548,1.0,0.707106781186548,1.0,0.707106781186548,1.0,0.707106781186548,1.0),(1.0,0.707106781186548,1.0,0.707106781186548,1.0,0.707106781186548,1.0,0.707106781186548,1.0)))REPRESENTATION_ITEM('')SURFACE());
#5731=ORIENTED_EDGE('',*,*,#4068,.F.);
#5732=EDGE_LOOP('',(#5731));
#5733=FACE_OUTER_BOUND('',#5732,.T.);
#5734=ORIENTED_EDGE('',*,*,#5700,.F.);
#5735=EDGE_LOOP('',(#5734));
#5736=FACE_BOUND('',#5735,.T.);
#5737=ADVANCED_FACE('',(#5733,#5736),#5730,.F.);
#5738=CARTESIAN_POINT('',(-1.621000000000000,25.0,-6.000000000000001));
#5739=CARTESIAN_POINT('',(0.0,25.0,-6.973995063443677));
#5740=CARTESIAN_POINT('',(-1.621000000000000,23.379000000000001,-6.0));
#5741=CARTESIAN_POINT('',(0.0,25.0,-6.973995063443677));
#5742=CARTESIAN_POINT('',(0.0,23.378999999999998,-6.000000000000001));
#5743=CARTESIAN_POINT('',(0.0,25.0,-6.973995063443677));
#5744=CARTESIAN_POINT('',(1.621000000000000,23.379000000000001,-6.0));
#5745=CARTESIAN_POINT('',(0.0,25.0,-6.973995063443677));
#5746=CARTESIAN_POINT('',(1.621000000000000,25.0,-6.000000000000001));
#5747=CARTESIAN_POINT('',(0.0,25.0,-6.973995063443677));
#5748=CARTESIAN_POINT('',(1.621000000000000,26.621000000000002,-6.0));
#5749=CARTESIAN_POINT('',(0.0,25.0,-6.973995063443677));
#5750=CARTESIAN_POINT('',(0.0,26.621000000000002,-6.000000000000001));
#5751=CARTESIAN_POINT('',(0.0,25.0,-6.973995063443677));
#5752=CARTESIAN_POINT('',(-1.621000000000000,26.621000000000002,-6.0));
#5753=CARTESIAN_POINT('',(0.0,25.0,-6.973995063443677));
#5754=CARTESIAN_POINT('',(-1.621000000000000,25.0,-6.000000000000001));
#5755=CARTESIAN_POINT('',(0.0,25.0,-6.973995063443677));
#5763=(BOUNDED_SURFACE()B_SPLINE_SURFACE(1,2,((#5738,#5740,#5742,#5744,#5746,#5748,#5750,#5752,#5754),(#5739,#5741,#5743,#5745,#5747,#5749,#5751,#5753,#5755)),.UNSPECIFIED.,.F.,.T.,.U.)B_SPLINE_SURFACE_WITH_KNOTS((2,2),(3,2,2,2,3),(-1.166633397215331,1.166633397215330),(0.0,1.273130422867264,2.546260845734528,3.819391268601792,5.092521691469055),.UNSPECIFIED.)GEOMETRIC_REPRESENTATION_ITEM()RATIONAL_B_SPLINE_SURFACE(((1.0,0.707106781186548,1.0,0.707106781186548,1.0,0.707106781186548,1.0,0.707106781186548,1.0),(1.0,0.707106781186548,1.0,0.707106781186548,1.0,0.707106781186548,1.0,0.707106781186548,1.0)))REPRESENTATION_ITEM('')SURFACE());
#5764=CARTESIAN_POINT('',(1.621000000000000,25.0,-6.000000000000001));
#5765=VERTEX_POINT('',#5764);
#5766=CARTESIAN_POINT('',(0.0,25.0,-6.000000000000001));
#5767=DIRECTION('',(0.0,0.0,1.0));
#5768=DIRECTION('',(1.0,0.0,0.0));
#5769=AXIS2_PLACEMENT_3D('',#5766,#5767,#5768);
#5770=CIRCLE('',#5769,1.621000000000000);
#5771=EDGE_CURVE('',#5765,#5765,#5770,.T.);
#5772=ORIENTED_EDGE('',*,*,#5771,.T.);
#5773=EDGE_LOOP('',(#5772));
#5774=FACE_OUTER_BOUND('',#5773,.T.);
#5775=ADVANCED_FACE('',(#5774),#5763,.F.);
#5776=CARTESIAN_POINT('',(-1.621000000000000,25.0,0.0));
#5777=CARTESIAN_POINT('',(-1.621000000000000,25.0,-6.000000000000001));
#5778=CARTESIAN_POINT('',(-1.621000000000000,23.379000000000001,0.0));
#5779=CARTESIAN_POINT('',(-1.621000000000000,23.379000000000001,-6.0));
#5780=CARTESIAN_POINT('',(0.0,23.379000000000001,0.0));
#5781=CARTESIAN_POINT('',(0.0,23.379000000000001,-6.000000000000001));
#5782=CARTESIAN_POINT('',(1.621000000000000,23.379000000000001,0.0));
#5783=CARTESIAN_POINT('',(1.621000000000000,23.379000000000001,-6.0));
#5784=CARTESIAN_POINT('',(1.621000000000000,25.0,0.0));
#5785=CARTESIAN_POINT('',(1.621000000000000,25.0,-6.000000000000001));
#5786=CARTESIAN_POINT('',(1.621000000000000,26.621000000000002,0.0));
#5787=CARTESIAN_POINT('',(1.621000000000000,26.621000000000002,-6.0));
#5788=CARTESIAN_POINT('',(0.0,26.620999999999999,0.0));
#5789=CARTESIAN_POINT('',(0.0,26.620999999999999,-6.000000000000001));
#5790=CARTESIAN_POINT('',(-1.621000000000000,26.621000000000002,0.0));
#5791=CARTESIAN_POINT('',(-1.621000000000000,26.621000000000002,-6.0));
#5792=CARTESIAN_POINT('',(-1.621000000000000,25.0,0.0));
#5793=CARTESIAN_POINT('',(-1.621000000000000,25.0,-6.000000000000001));
#5801=(BOUNDED_SURFACE()B_SPLINE_SURFACE(1,2,((#5776,#5778,#5780,#5782,#5784,#5786,#5788,#5790,#5792),(#5777,#5779,#5781,#5783,#5785,#5787,#5789,#5791,#5793)),.UNSPECIFIED.,.F.,.T.,.U.)B_SPLINE_SURFACE_WITH_KNOTS((2,2),(3,2,2,2,3),(-1.850709438618137,1.850709438618137),(0.0,2.546260845734528,5.092521691469055,7.638782537203583,10.185043382938110),.UNSPECIFIED.)GEOMETRIC_REPRESENTATION_ITEM()RATIONAL_B_SPLINE_SURFACE(((1.0,0.707106781186548,1.0,0.707106781186548,1.0,0.707106781186548,1.0,0.707106781186548,1.0),(1.0,0.707106781186548,1.0,0.707106781186548,1.0,0.707106781186548,1.0,0.707106781186548,1.0)))REPRESENTATION_ITEM('')SURFACE());
#5802=ORIENTED_EDGE('',*,*,#4079,.F.);
#5803=EDGE_LOOP('',(#5802));
#5804=FACE_OUTER_BOUND('',#5803,.T.);
#5805=ORIENTED_EDGE('',*,*,#5771,.F.);
#5806=EDGE_LOOP('',(#5805));
#5807=FACE_BOUND('',#5806,.T.);
#5808=ADVANCED_FACE('',(#5804,#5807),#5801,.F.);
#5809=CARTESIAN_POINT('',(-26.621000000000002,25.0,-6.000000000000001));
#5810=CARTESIAN_POINT('',(-25.0,25.0,-6.973995063443677));
#5811=CARTESIAN_POINT('',(-26.621000000000002,23.378999999999998,-6.0));
#5812=CARTESIAN_POINT('',(-25.0,25.0,-6.973995063443677));
#5813=CARTESIAN_POINT('',(-25.0,23.378999999999998,-6.000000000000001));
#5814=CARTESIAN_POINT('',(-25.0,25.0,-6.973995063443677));
#5815=CARTESIAN_POINT('',(-23.378999999999998,23.378999999999998,-6.0));
#5816=CARTESIAN_POINT('',(-25.0,25.0,-6.973995063443677));
#5817=CARTESIAN_POINT('',(-23.378999999999998,25.0,-6.000000000000001));
#5818=CARTESIAN_POINT('',(-25.0,25.0,-6.973995063443677));
#5819=CARTESIAN_POINT('',(-23.378999999999998,26.621000000000002,-6.0));
#5820=CARTESIAN_POINT('',(-25.0,25.0,-6.973995063443677));
#5821=CARTESIAN_POINT('',(-25.0,26.621000000000002,-6.000000000000001));
#5822=CARTESIAN_POINT('',(-25.0,25.0,-6.973995063443677));
#5823=CARTESIAN_POINT('',(-26.621000000000002,26.621000000000002,-6.0));
#5824=CARTESIAN_POINT('',(-25.0,25.0,-6.973995063443677));
#5825=CARTESIAN_POINT('',(-26.621000000000002,25.0,-6.000000000000001));
#5826=CARTESIAN_POINT('',(-25.0,25.0,-6.973995063443677));
#5834=(BOUNDED_SURFACE()B_SPLINE_SURFACE(1,2,((#5809,#5811,#5813,#5815,#5817,#5819,#5821,#5823,#5825),(#5810,#5812,#5814,#5816,#5818,#5820,#5822,#5824,#5826)),.UNSPECIFIED.,.F.,.T.,.U.)B_SPLINE_SURFACE_WITH_KNOTS((2,2),(3,2,2,2,3),(-1.166633397215331,1.166633397215330),(0.0,1.273130422867264,2.546260845734528,3.819391268601792,5.092521691469055),.UNSPECIFIED.)GEOMETRIC_REPRESENTATION_ITEM()RATIONAL_B_SPLINE_SURFACE(((1.0,0.707106781186548,1.0,0.707106781186548,1.0,0.707106781186548,1.0,0.707106781186548,1.0),(1.0,0.707106781186548,1.0,0.707106781186548,1.0,0.707106781186548,1.0,0.707106781186548,1.0)))REPRESENTATION_ITEM('')SURFACE());
#5835=CARTESIAN_POINT('',(-23.378999999999998,25.0,-6.000000000000001));
#5836=VERTEX_POINT('',#5835);
#5837=CARTESIAN_POINT('',(-25.0,25.0,-6.000000000000001));
#5838=DIRECTION('',(0.0,0.0,1.0));
#5839=DIRECTION('',(1.0,0.0,0.0));
#5840=AXIS2_PLACEMENT_3D('',#5837,#5838,#5839);
#5841=CIRCLE('',#5840,1.621000000000000);
#5842=EDGE_CURVE('',#5836,#5836,#5841,.T.);
#5843=ORIENTED_EDGE('',*,*,#5842,.T.);
#5844=EDGE_LOOP('',(#5843));
#5845=FACE_OUTER_BOUND('',#5844,.T.);
#5846=ADVANCED_FACE('',(#5845),#5834,.F.);
#5847=CARTESIAN_POINT('',(-26.620999999999999,25.0,0.0));
#5848=CARTESIAN_POINT('',(-26.620999999999999,25.0,-6.000000000000001));
#5849=CARTESIAN_POINT('',(-26.621000000000002,23.379000000000001,0.0));
#5850=CARTESIAN_POINT('',(-26.621000000000002,23.379000000000001,-6.0));
#5851=CARTESIAN_POINT('',(-25.0,23.379000000000001,0.0));
#5852=CARTESIAN_POINT('',(-25.0,23.379000000000001,-6.000000000000001));
#5853=CARTESIAN_POINT('',(-23.379000000000001,23.379000000000001,0.0));
#5854=CARTESIAN_POINT('',(-23.379000000000001,23.379000000000001,-6.0));
#5855=CARTESIAN_POINT('',(-23.379000000000001,25.0,0.0));
#5856=CARTESIAN_POINT('',(-23.379000000000001,25.0,-6.000000000000001));
#5857=CARTESIAN_POINT('',(-23.379000000000001,26.621000000000002,0.0));
#5858=CARTESIAN_POINT('',(-23.379000000000001,26.621000000000002,-6.0));
#5859=CARTESIAN_POINT('',(-25.0,26.620999999999999,0.0));
#5860=CARTESIAN_POINT('',(-25.0,26.620999999999999,-6.000000000000001));
#5861=CARTESIAN_POINT('',(-26.621000000000002,26.621000000000002,0.0));
#5862=CARTESIAN_POINT('',(-26.621000000000002,26.621000000000002,-6.0));
#5863=CARTESIAN_POINT('',(-26.620999999999999,25.0,0.0));
#5864=CARTESIAN_POINT('',(-26.620999999999999,25.0,-6.000000000000001));
#5872=(BOUNDED_SURFACE()B_SPLINE_SURFACE(1,2,((#5847,#5849,#5851,#5853,#5855,#5857,#5859,#5861,#5863),(#5848,#5850,#5852,#5854,#5856,#5858,#5860,#5862,#5864)),.UNSPECIFIED.,.F.,.T.,.U.)B_SPLINE_SURFACE_WITH_KNOTS((2,2),(3,2,2,2,3),(-1.850709438618137,1.850709438618137),(0.0,2.546260845734528,5.092521691469055,7.638782537203583,10.185043382938110),.UNSPECIFIED.)GEOMETRIC_REPRESENTATION_ITEM()RATIONAL_B_SPLINE_SURFACE(((1.0,0.707106781186548,1.0,0.707106781186548,1.0,0.707106781186548,1.0,0.707106781186548,1.0),(1.0,0.707106781186548,1.0,0.707106781186548,1.0,0.707106781186548,1.0,0.707106781186548,1.0)))REPRESENTATION_ITEM('')SURFACE());
#5873=ORIENTED_EDGE('',*,*,#4090,.F.);
#5874=EDGE_LOOP('',(#5873));
#5875=FACE_OUTER_BOUND('',#5874,.T.);
#5876=ORIENTED_EDGE('',*,*,#5842,.F.);
#5877=EDGE_LOOP('',(#5876));
#5878=FACE_BOUND('',#5877,.T.);
#5879=ADVANCED_FACE('',(#5875,#5878),#5872,.F.);
#5880=CARTESIAN_POINT('',(23.379000000000001,-25.0,1.421085E-014));
#5881=CARTESIAN_POINT('',(23.379000000000001,-25.0,-8.0));
#5882=CARTESIAN_POINT('',(23.379000000000001,-26.621000000000002,1.421085E-014));
#5883=CARTESIAN_POINT('',(23.379000000000001,-26.621000000000002,-8.0));
#5884=CARTESIAN_POINT('',(25.0,-26.620999999999999,1.421085E-014));
#5885=CARTESIAN_POINT('',(25.0,-26.620999999999999,-8.0));
#5886=CARTESIAN_POINT('',(26.621000000000002,-26.621000000000002,1.421085E-014));
#5887=CARTESIAN_POINT('',(26.621000000000002,-26.621000000000002,-8.0));
#5888=CARTESIAN_POINT('',(26.620999999999999,-25.0,1.421085E-014));
#5889=CARTESIAN_POINT('',(26.620999999999999,-25.0,-8.0));
#5890=CARTESIAN_POINT('',(26.621000000000002,-23.379000000000001,1.421085E-014));
#5891=CARTESIAN_POINT('',(26.621000000000002,-23.379000000000001,-8.0));
#5892=CARTESIAN_POINT('',(25.0,-23.379000000000001,1.421085E-014));
#5893=CARTESIAN_POINT('',(25.0,-23.379000000000001,-8.0));
#5894=CARTESIAN_POINT('',(23.379000000000001,-23.379000000000001,1.421085E-014));
#5895=CARTESIAN_POINT('',(23.379000000000001,-23.379000000000001,-8.0));
#5896=CARTESIAN_POINT('',(23.379000000000001,-25.0,1.421085E-014));
#5897=CARTESIAN_POINT('',(23.379000000000001,-25.0,-8.0));
#5905=(BOUNDED_SURFACE()B_SPLINE_SURFACE(1,2,((#5880,#5882,#5884,#5886,#5888,#5890,#5892,#5894,#5896),(#5881,#5883,#5885,#5887,#5889,#5891,#5893,#5895,#5897)),.UNSPECIFIED.,.F.,.T.,.U.)B_SPLINE_SURFACE_WITH_KNOTS((2,2),(3,2,2,2,3),(-68.082214917032601,-63.146989747384232),(0.0,2.546260845734528,5.092521691469055,7.638782537203583,10.185043382938110),.UNSPECIFIED.)GEOMETRIC_REPRESENTATION_ITEM()RATIONAL_B_SPLINE_SURFACE(((1.0,0.707106781186548,1.0,0.707106781186548,1.0,0.707106781186548,1.0,0.707106781186548,1.0),(1.0,0.707106781186548,1.0,0.707106781186548,1.0,0.707106781186548,1.0,0.707106781186548,1.0)))REPRESENTATION_ITEM('')SURFACE());
#5906=CARTESIAN_POINT('',(25.0,-25.0,-9.100000000000001));
#5907=DIRECTION('',(0.0,0.707106781186548,0.707106781186548));
#5908=DIRECTION('',(0.0,0.707106781186548,-0.707106781186548));
#5909=AXIS2_PLACEMENT_3D('',#5906,#5907,#5908);
#5910=ELLIPSE('',#5909,2.292440184606787,1.621000000000001);
#5911=EDGE_CURVE('',#2580,#2628,#5910,.T.);
#5912=ORIENTED_EDGE('',*,*,#5911,.F.);
#5913=ORIENTED_EDGE('',*,*,#2585,.T.);
#5914=ORIENTED_EDGE('',*,*,#2727,.T.);
#5915=ORIENTED_EDGE('',*,*,#2639,.F.);
#5916=EDGE_LOOP('',(#5912,#5913,#5914,#5915));
#5917=FACE_OUTER_BOUND('',#5916,.T.);
#5918=ORIENTED_EDGE('',*,*,#4101,.F.);
#5919=EDGE_LOOP('',(#5918));
#5920=FACE_BOUND('',#5919,.T.);
#5921=ADVANCED_FACE('',(#5917,#5920),#5905,.F.);
#5922=CARTESIAN_POINT('',(-26.620999999999999,-25.0,1.421085E-014));
#5923=CARTESIAN_POINT('',(-26.620999999999999,-25.0,-8.0));
#5924=CARTESIAN_POINT('',(-26.621000000000002,-26.621000000000002,1.421085E-014));
#5925=CARTESIAN_POINT('',(-26.621000000000002,-26.621000000000002,-8.0));
#5926=CARTESIAN_POINT('',(-25.0,-26.620999999999999,1.421085E-014));
#5927=CARTESIAN_POINT('',(-25.0,-26.620999999999999,-8.0));
#5928=CARTESIAN_POINT('',(-23.379000000000001,-26.621000000000002,1.421085E-014));
#5929=CARTESIAN_POINT('',(-23.379000000000001,-26.621000000000002,-8.0));
#5930=CARTESIAN_POINT('',(-23.379000000000001,-25.0,1.421085E-014));
#5931=CARTESIAN_POINT('',(-23.379000000000001,-25.0,-8.0));
#5932=CARTESIAN_POINT('',(-23.379000000000001,-23.379000000000001,1.421085E-014));
#5933=CARTESIAN_POINT('',(-23.379000000000001,-23.379000000000001,-8.0));
#5934=CARTESIAN_POINT('',(-25.0,-23.379000000000001,1.421085E-014));
#5935=CARTESIAN_POINT('',(-25.0,-23.379000000000001,-8.0));
#5936=CARTESIAN_POINT('',(-26.621000000000002,-23.379000000000001,1.421085E-014));
#5937=CARTESIAN_POINT('',(-26.621000000000002,-23.379000000000001,-8.0));
#5938=CARTESIAN_POINT('',(-26.620999999999999,-25.0,1.421085E-014));
#5939=CARTESIAN_POINT('',(-26.620999999999999,-25.0,-8.0));
#5947=(BOUNDED_SURFACE()B_SPLINE_SURFACE(1,2,((#5922,#5924,#5926,#5928,#5930,#5932,#5934,#5936,#5938),(#5923,#5925,#5927,#5929,#5931,#5933,#5935,#5937,#5939)),.UNSPECIFIED.,.F.,.T.,.U.)B_SPLINE_SURFACE_WITH_KNOTS((2,2),(3,2,2,2,3),(-68.082214917032601,-63.146989747384232),(0.0,2.546260845734528,5.092521691469055,7.638782537203583,10.185043382938110),.UNSPECIFIED.)GEOMETRIC_REPRESENTATION_ITEM()RATIONAL_B_SPLINE_SURFACE(((1.0,0.707106781186548,1.0,0.707106781186548,1.0,0.707106781186548,1.0,0.707106781186548,1.0),(1.0,0.707106781186548,1.0,0.707106781186548,1.0,0.707106781186548,1.0,0.707106781186548,1.0)))REPRESENTATION_ITEM('')SURFACE());
#5948=CARTESIAN_POINT('',(-25.0,-25.0,-9.100000000000001));
#5949=DIRECTION('',(0.0,0.707106781186548,0.707106781186548));
#5950=DIRECTION('',(0.0,0.707106781186548,-0.707106781186548));
#5951=AXIS2_PLACEMENT_3D('',#5948,#5949,#5950);
#5952=ELLIPSE('',#5951,2.292440184606787,1.621000000000001);
#5953=EDGE_CURVE('',#2547,#2588,#5952,.T.);
#5954=ORIENTED_EDGE('',*,*,#5953,.F.);
#5955=ORIENTED_EDGE('',*,*,#2552,.T.);
#5956=ORIENTED_EDGE('',*,*,#2735,.T.);
#5957=ORIENTED_EDGE('',*,*,#2599,.F.);
#5958=EDGE_LOOP('',(#5954,#5955,#5956,#5957));
#5959=FACE_OUTER_BOUND('',#5958,.T.);
#5960=ORIENTED_EDGE('',*,*,#4112,.F.);
#5961=EDGE_LOOP('',(#5960));
#5962=FACE_BOUND('',#5961,.T.);
#5963=ADVANCED_FACE('',(#5959,#5962),#5947,.F.);
#5964=CARTESIAN_POINT('',(0.0,-26.200000000000003,-7.899999999999999));
#5965=DIRECTION('',(0.0,-0.707106781186548,-0.707106781186548));
#5966=DIRECTION('',(-1.0,0.0,0.0));
#5967=AXIS2_PLACEMENT_3D('',#5964,#5965,#5966);
#5968=PLANE('',#5967);
#5969=ORIENTED_EDGE('',*,*,#4172,.F.);
#5970=ORIENTED_EDGE('',*,*,#4288,.T.);
#5971=ORIENTED_EDGE('',*,*,#4715,.F.);
#5972=ORIENTED_EDGE('',*,*,#4754,.T.);
#5973=ORIENTED_EDGE('',*,*,#5404,.F.);
#5974=ORIENTED_EDGE('',*,*,#3859,.T.);
#5975=ORIENTED_EDGE('',*,*,#4385,.F.);
#5976=ORIENTED_EDGE('',*,*,#2558,.F.);
#5977=ORIENTED_EDGE('',*,*,#5953,.T.);
#5978=ORIENTED_EDGE('',*,*,#2593,.F.);
#5979=ORIENTED_EDGE('',*,*,#5911,.T.);
#5980=ORIENTED_EDGE('',*,*,#2633,.F.);
#5981=EDGE_LOOP('',(#5969,#5970,#5971,#5972,#5973,#5974,#5975,#5976,#5977,#5978,#5979,#5980));
#5982=FACE_OUTER_BOUND('',#5981,.T.);
#5983=ADVANCED_FACE('',(#5982),#5968,.T.);
#5984=CARTESIAN_POINT('',(-23.379000000000001,-7.105391E-015,1.421085E-014));
#5985=CARTESIAN_POINT('',(-23.379000000000001,-7.105391E-015,-7.399999999999992));
#5986=CARTESIAN_POINT('',(-23.379000000000001,1.620999999999991,1.421085E-014));
#5987=CARTESIAN_POINT('',(-23.379000000000001,1.620999999999991,-7.399999999999992));
#5988=CARTESIAN_POINT('',(-25.0,1.620999999999991,1.421085E-014));
#5989=CARTESIAN_POINT('',(-25.0,1.620999999999991,-7.399999999999992));
#5990=CARTESIAN_POINT('',(-26.621000000000002,1.620999999999990,1.421085E-014));
#5991=CARTESIAN_POINT('',(-26.621000000000002,1.620999999999990,-7.399999999999992));
#5992=CARTESIAN_POINT('',(-26.620999999999999,-7.899425E-015,1.421085E-014));
#5993=CARTESIAN_POINT('',(-26.620999999999999,-7.899425E-015,-7.399999999999992));
#5994=CARTESIAN_POINT('',(-26.621000000000002,-1.621000000000006,1.421085E-014));
#5995=CARTESIAN_POINT('',(-26.621000000000002,-1.621000000000006,-7.399999999999992));
#5996=CARTESIAN_POINT('',(-25.0,-1.621000000000006,1.421085E-014));
#5997=CARTESIAN_POINT('',(-25.0,-1.621000000000006,-7.399999999999992));
#5998=CARTESIAN_POINT('',(-23.379000000000001,-1.621000000000005,1.421085E-014));
#5999=CARTESIAN_POINT('',(-23.379000000000001,-1.621000000000005,-7.399999999999992));
#6000=CARTESIAN_POINT('',(-23.379000000000001,-7.105391E-015,1.421085E-014));
#6001=CARTESIAN_POINT('',(-23.379000000000001,-7.105391E-015,-7.399999999999992));
#6009=(BOUNDED_SURFACE()B_SPLINE_SURFACE(1,2,((#5984,#5986,#5988,#5990,#5992,#5994,#5996,#5998,#6000),(#5985,#5987,#5989,#5991,#5993,#5995,#5997,#5999,#6001)),.UNSPECIFIED.,.F.,.T.,.U.)B_SPLINE_SURFACE_WITH_KNOTS((2,2),(3,2,2,2,3),(-68.082214917032601,-63.517131635107866),(0.0,2.546260845734528,5.092521691469055,7.638782537203583,10.185043382938110),.UNSPECIFIED.)GEOMETRIC_REPRESENTATION_ITEM()RATIONAL_B_SPLINE_SURFACE(((1.0,0.707106781186548,1.0,0.707106781186548,1.0,0.707106781186548,1.0,0.707106781186548,1.0),(1.0,0.707106781186548,1.0,0.707106781186548,1.0,0.707106781186548,1.0,0.707106781186548,1.0)))REPRESENTATION_ITEM('')SURFACE());
#6010=CARTESIAN_POINT('',(-23.378999999999998,-7.105391E-015,-7.399999999999984));
#6011=VERTEX_POINT('',#6010);
#6012=CARTESIAN_POINT('',(-25.0,-7.502408E-015,-7.399999999999984));
#6013=DIRECTION('',(0.0,0.0,1.0));
#6014=DIRECTION('',(-1.0,0.0,0.0));
#6015=AXIS2_PLACEMENT_3D('',#6012,#6013,#6014);
#6016=CIRCLE('',#6015,1.621000000000000);
#6017=EDGE_CURVE('',#6011,#6011,#6016,.T.);
#6018=ORIENTED_EDGE('',*,*,#6017,.F.);
#6019=EDGE_LOOP('',(#6018));
#6020=FACE_OUTER_BOUND('',#6019,.T.);
#6021=ORIENTED_EDGE('',*,*,#4123,.F.);
#6022=EDGE_LOOP('',(#6021));
#6023=FACE_BOUND('',#6022,.T.);
#6024=ADVANCED_FACE('',(#6020,#6023),#6009,.F.);
#6025=CARTESIAN_POINT('',(5.673887E-015,-23.379000000000001,1.421085E-014));
#6026=CARTESIAN_POINT('',(5.673887E-015,-23.379000000000001,-7.399999999999992));
#6027=CARTESIAN_POINT('',(-1.620999999999992,-23.379000000000001,1.421085E-014));
#6028=CARTESIAN_POINT('',(-1.620999999999992,-23.379000000000001,-7.399999999999992));
#6029=CARTESIAN_POINT('',(-1.620999999999993,-25.0,1.421085E-014));
#6030=CARTESIAN_POINT('',(-1.620999999999993,-25.0,-7.399999999999992));
#6031=CARTESIAN_POINT('',(-1.620999999999992,-26.621000000000002,1.421085E-014));
#6032=CARTESIAN_POINT('',(-1.620999999999992,-26.621000000000002,-7.399999999999992));
#6033=CARTESIAN_POINT('',(6.269413E-015,-26.620999999999999,1.421085E-014));
#6034=CARTESIAN_POINT('',(6.269413E-015,-26.620999999999999,-7.399999999999992));
#6035=CARTESIAN_POINT('',(1.621000000000004,-26.621000000000002,1.421085E-014));
#6036=CARTESIAN_POINT('',(1.621000000000004,-26.621000000000002,-7.399999999999992));
#6037=CARTESIAN_POINT('',(1.621000000000005,-25.0,1.421085E-014));
#6038=CARTESIAN_POINT('',(1.621000000000005,-25.0,-7.399999999999992));
#6039=CARTESIAN_POINT('',(1.621000000000004,-23.379000000000001,1.421085E-014));
#6040=CARTESIAN_POINT('',(1.621000000000004,-23.379000000000001,-7.399999999999992));
#6041=CARTESIAN_POINT('',(5.673887E-015,-23.379000000000001,1.421085E-014));
#6042=CARTESIAN_POINT('',(5.673887E-015,-23.379000000000001,-7.399999999999992));
#6050=(BOUNDED_SURFACE()B_SPLINE_SURFACE(1,2,((#6025,#6027,#6029,#6031,#6033,#6035,#6037,#6039,#6041),(#6026,#6028,#6030,#6032,#6034,#6036,#6038,#6040,#6042)),.UNSPECIFIED.,.F.,.T.,.U.)B_SPLINE_SURFACE_WITH_KNOTS((2,2),(3,2,2,2,3),(-68.082214917032601,-63.517131635107866),(0.0,2.546260845734528,5.092521691469055,7.638782537203583,10.185043382938110),.UNSPECIFIED.)GEOMETRIC_REPRESENTATION_ITEM()RATIONAL_B_SPLINE_SURFACE(((1.0,0.707106781186548,1.0,0.707106781186548,1.0,0.707106781186548,1.0,0.707106781186548,1.0),(1.0,0.707106781186548,1.0,0.707106781186548,1.0,0.707106781186548,1.0,0.707106781186548,1.0)))REPRESENTATION_ITEM('')SURFACE());
#6051=CARTESIAN_POINT('',(5.673887E-015,-23.378999999999998,-7.399999999999984));
#6052=VERTEX_POINT('',#6051);
#6053=CARTESIAN_POINT('',(5.971650E-015,-25.0,-7.399999999999984));
#6054=DIRECTION('',(0.0,0.0,1.0));
#6055=DIRECTION('',(0.0,-1.0,0.0));
#6056=AXIS2_PLACEMENT_3D('',#6053,#6054,#6055);
#6057=CIRCLE('',#6056,1.621000000000000);
#6058=EDGE_CURVE('',#6052,#6052,#6057,.T.);
#6059=ORIENTED_EDGE('',*,*,#6058,.F.);
#6060=EDGE_LOOP('',(#6059));
#6061=FACE_OUTER_BOUND('',#6060,.T.);
#6062=ORIENTED_EDGE('',*,*,#4134,.F.);
#6063=EDGE_LOOP('',(#6062));
#6064=FACE_BOUND('',#6063,.T.);
#6065=ADVANCED_FACE('',(#6061,#6064),#6050,.F.);
#6066=CARTESIAN_POINT('',(17.799999999999994,1.089900E-015,-7.399999999999992));
#6067=DIRECTION('',(0.0,0.0,-1.0));
#6068=DIRECTION('',(0.0,1.0,0.0));
#6069=AXIS2_PLACEMENT_3D('',#6066,#6067,#6068);
#6070=PLANE('',#6069);
#6071=ORIENTED_EDGE('',*,*,#6058,.T.);
#6072=EDGE_LOOP('',(#6071));
#6073=FACE_OUTER_BOUND('',#6072,.T.);
#6074=ADVANCED_FACE('',(#6073),#6070,.F.);
#6075=CARTESIAN_POINT('',(23.379000000000001,4.242383E-015,1.421085E-014));
#6076=CARTESIAN_POINT('',(23.379000000000001,4.242383E-015,-7.399999999999992));
#6077=CARTESIAN_POINT('',(23.379000000000001,-1.620999999999994,1.421085E-014));
#6078=CARTESIAN_POINT('',(23.379000000000001,-1.620999999999994,-7.399999999999992));
#6079=CARTESIAN_POINT('',(25.0,-1.620999999999994,1.421085E-014));
#6080=CARTESIAN_POINT('',(25.0,-1.620999999999994,-7.399999999999992));
#6081=CARTESIAN_POINT('',(26.621000000000002,-1.620999999999993,1.421085E-014));
#6082=CARTESIAN_POINT('',(26.621000000000002,-1.620999999999993,-7.399999999999992));
#6083=CARTESIAN_POINT('',(26.620999999999999,4.639401E-015,1.421085E-014));
#6084=CARTESIAN_POINT('',(26.620999999999999,4.639401E-015,-7.399999999999992));
#6085=CARTESIAN_POINT('',(26.621000000000002,1.621000000000003,1.421085E-014));
#6086=CARTESIAN_POINT('',(26.621000000000002,1.621000000000003,-7.399999999999992));
#6087=CARTESIAN_POINT('',(25.0,1.621000000000003,1.421085E-014));
#6088=CARTESIAN_POINT('',(25.0,1.621000000000003,-7.399999999999992));
#6089=CARTESIAN_POINT('',(23.379000000000001,1.621000000000002,1.421085E-014));
#6090=CARTESIAN_POINT('',(23.379000000000001,1.621000000000002,-7.399999999999992));
#6091=CARTESIAN_POINT('',(23.379000000000001,4.242383E-015,1.421085E-014));
#6092=CARTESIAN_POINT('',(23.379000000000001,4.242383E-015,-7.399999999999992));
#6100=(BOUNDED_SURFACE()B_SPLINE_SURFACE(1,2,((#6075,#6077,#6079,#6081,#6083,#6085,#6087,#6089,#6091),(#6076,#6078,#6080,#6082,#6084,#6086,#6088,#6090,#6092)),.UNSPECIFIED.,.F.,.T.,.U.)B_SPLINE_SURFACE_WITH_KNOTS((2,2),(3,2,2,2,3),(-68.082214917032601,-63.517131635107866),(0.0,2.546260845734528,5.092521691469055,7.638782537203583,10.185043382938110),.UNSPECIFIED.)GEOMETRIC_REPRESENTATION_ITEM()RATIONAL_B_SPLINE_SURFACE(((1.0,0.707106781186548,1.0,0.707106781186548,1.0,0.707106781186548,1.0,0.707106781186548,1.0),(1.0,0.707106781186548,1.0,0.707106781186548,1.0,0.707106781186548,1.0,0.707106781186548,1.0)))REPRESENTATION_ITEM('')SURFACE());
#6101=CARTESIAN_POINT('',(23.378999999999998,4.242383E-015,-7.399999999999984));
#6102=VERTEX_POINT('',#6101);
#6103=CARTESIAN_POINT('',(25.0,4.440892E-015,-7.399999999999984));
#6104=DIRECTION('',(0.0,0.0,1.0));
#6105=DIRECTION('',(1.0,0.0,0.0));
#6106=AXIS2_PLACEMENT_3D('',#6103,#6104,#6105);
#6107=CIRCLE('',#6106,1.621000000000000);
#6108=EDGE_CURVE('',#6102,#6102,#6107,.T.);
#6109=ORIENTED_EDGE('',*,*,#6108,.F.);
#6110=EDGE_LOOP('',(#6109));
#6111=FACE_OUTER_BOUND('',#6110,.T.);
#6112=ORIENTED_EDGE('',*,*,#4145,.F.);
#6113=EDGE_LOOP('',(#6112));
#6114=FACE_BOUND('',#6113,.T.);
#6115=ADVANCED_FACE('',(#6111,#6114),#6100,.F.);
#6116=CARTESIAN_POINT('',(-7.458500000000000,-9.133726E-016,0.0));
#6117=CARTESIAN_POINT('',(-7.458500000000000,-9.133726E-016,-7.399999999999992));
#6118=CARTESIAN_POINT('',(-7.458499999999998,-7.458499999999999,0.0));
#6119=CARTESIAN_POINT('',(-7.458499999999998,-7.458499999999999,-7.399999999999992));
#6120=CARTESIAN_POINT('',(9.133726E-016,-7.458500000000000,0.0));
#6121=CARTESIAN_POINT('',(9.133726E-016,-7.458500000000000,-7.399999999999992));
#6122=CARTESIAN_POINT('',(7.458499999999999,-7.458499999999998,0.0));
#6123=CARTESIAN_POINT('',(7.458499999999999,-7.458499999999998,-7.399999999999992));
#6124=CARTESIAN_POINT('',(7.458500000000000,9.133726E-016,0.0));
#6125=CARTESIAN_POINT('',(7.458500000000000,9.133726E-016,-7.399999999999992));
#6126=CARTESIAN_POINT('',(7.458499999999998,7.458499999999999,0.0));
#6127=CARTESIAN_POINT('',(7.458499999999998,7.458499999999999,-7.399999999999992));
#6128=CARTESIAN_POINT('',(-9.133726E-016,7.458500000000000,0.0));
#6129=CARTESIAN_POINT('',(-9.133726E-016,7.458500000000000,-7.399999999999992));
#6130=CARTESIAN_POINT('',(-7.458499999999999,7.458499999999998,0.0));
#6131=CARTESIAN_POINT('',(-7.458499999999999,7.458499999999998,-7.399999999999992));
#6132=CARTESIAN_POINT('',(-7.458500000000000,-9.133726E-016,0.0));
#6133=CARTESIAN_POINT('',(-7.458500000000000,-9.133726E-016,-7.399999999999992));
#6141=(BOUNDED_SURFACE()B_SPLINE_SURFACE(1,2,((#6116,#6118,#6120,#6122,#6124,#6126,#6128,#6130,#6132),(#6117,#6119,#6121,#6123,#6125,#6127,#6129,#6131,#6133)),.UNSPECIFIED.,.F.,.T.,.U.)B_SPLINE_SURFACE_WITH_KNOTS((2,2),(3,2,2,2,3),(-14.796711185963646,-13.804554586111129),(0.0,11.715784403399736,23.431568806799472,35.147353210199206,46.863137613598944),.UNSPECIFIED.)GEOMETRIC_REPRESENTATION_ITEM()RATIONAL_B_SPLINE_SURFACE(((1.0,0.707106781186548,1.0,0.707106781186548,1.0,0.707106781186548,1.0,0.707106781186548,1.0),(1.0,0.707106781186548,1.0,0.707106781186548,1.0,0.707106781186548,1.0,0.707106781186548,1.0)))REPRESENTATION_ITEM('')SURFACE());
#6142=CARTESIAN_POINT('',(-7.458500000000000,-9.133726E-016,-7.399999999999984));
#6143=VERTEX_POINT('',#6142);
#6144=CARTESIAN_POINT('',(0.0,0.0,-7.399999999999984));
#6145=DIRECTION('',(0.0,0.0,1.0));
#6146=DIRECTION('',(1.0,0.0,0.0));
#6147=AXIS2_PLACEMENT_3D('',#6144,#6145,#6146);
#6148=CIRCLE('',#6147,7.458500000000000);
#6149=EDGE_CURVE('',#6143,#6143,#6148,.T.);
#6150=ORIENTED_EDGE('',*,*,#6149,.F.);
#6151=EDGE_LOOP('',(#6150));
#6152=FACE_OUTER_BOUND('',#6151,.T.);
#6153=ORIENTED_EDGE('',*,*,#4156,.F.);
#6154=EDGE_LOOP('',(#6153));
#6155=FACE_BOUND('',#6154,.T.);
#6156=ADVANCED_FACE('',(#6152,#6155),#6141,.F.);
#6157=CARTESIAN_POINT('',(0.0,24.800000000000011,-7.399999999999984));
#6158=DIRECTION('',(0.0,0.707106781186547,-0.707106781186548));
#6159=DIRECTION('',(-1.0,0.0,0.0));
#6160=AXIS2_PLACEMENT_3D('',#6157,#6158,#6159);
#6161=PLANE('',#6160);
#6162=ORIENTED_EDGE('',*,*,#4434,.F.);
#6163=ORIENTED_EDGE('',*,*,#3829,.T.);
#6164=ORIENTED_EDGE('',*,*,#5467,.F.);
#6165=ORIENTED_EDGE('',*,*,#5276,.F.);
#6166=ORIENTED_EDGE('',*,*,#5160,.F.);
#6167=ORIENTED_EDGE('',*,*,#4313,.T.);
#6168=ORIENTED_EDGE('',*,*,#4453,.F.);
#6169=ORIENTED_EDGE('',*,*,#2838,.T.);
#6170=EDGE_LOOP('',(#6162,#6163,#6164,#6165,#6166,#6167,#6168,#6169));
#6171=FACE_OUTER_BOUND('',#6170,.T.);
#6172=ADVANCED_FACE('',(#6171),#6161,.T.);
#6173=CARTESIAN_POINT('',(0.0,17.799999999999994,-7.399999999999992));
#6174=DIRECTION('',(0.0,0.0,-1.0));
#6175=DIRECTION('',(-1.0,0.0,0.0));
#6176=AXIS2_PLACEMENT_3D('',#6173,#6174,#6175);
#6177=PLANE('',#6176);
#6178=ORIENTED_EDGE('',*,*,#3132,.T.);
#6179=ORIENTED_EDGE('',*,*,#3395,.F.);
#6180=ORIENTED_EDGE('',*,*,#4420,.F.);
#6181=ORIENTED_EDGE('',*,*,#3452,.T.);
#6182=ORIENTED_EDGE('',*,*,#3254,.T.);
#6183=ORIENTED_EDGE('',*,*,#3435,.T.);
#6184=ORIENTED_EDGE('',*,*,#4401,.F.);
#6185=ORIENTED_EDGE('',*,*,#3332,.F.);
#6186=EDGE_LOOP('',(#6178,#6179,#6180,#6181,#6182,#6183,#6184,#6185));
#6187=FACE_OUTER_BOUND('',#6186,.T.);
#6188=ORIENTED_EDGE('',*,*,#5585,.T.);
#6189=EDGE_LOOP('',(#6188));
#6190=FACE_BOUND('',#6189,.T.);
#6191=ORIENTED_EDGE('',*,*,#5659,.T.);
#6192=EDGE_LOOP('',(#6191));
#6193=FACE_BOUND('',#6192,.T.);
#6194=ORIENTED_EDGE('',*,*,#6017,.T.);
#6195=EDGE_LOOP('',(#6194));
#6196=FACE_BOUND('',#6195,.T.);
#6197=ORIENTED_EDGE('',*,*,#6108,.T.);
#6198=EDGE_LOOP('',(#6197));
#6199=FACE_BOUND('',#6198,.T.);
#6200=ORIENTED_EDGE('',*,*,#6149,.T.);
#6201=EDGE_LOOP('',(#6200));
#6202=FACE_BOUND('',#6201,.T.);
#6203=ADVANCED_FACE('',(#6187,#6190,#6193,#6196,#6199,#6202),#6177,.T.);
#6204=CARTESIAN_POINT('',(1.217571E-013,-63.849999999999994,4.813664589601883));
#6205=DIRECTION('',(3.300826E-030,-6.564293E-016,1.0));
#6206=DIRECTION('',(0.0,-1.0,0.0));
#6207=AXIS2_PLACEMENT_3D('',#6204,#6205,#6206);
#6208=CYLINDRICAL_SURFACE('',#6207,1.229500000000000);
#6209=ORIENTED_EDGE('',*,*,#2365,.F.);
#6210=ORIENTED_EDGE('',*,*,#2396,.F.);
#6211=EDGE_LOOP('',(#6209,#6210));
#6212=FACE_OUTER_BOUND('',#6211,.T.);
#6213=CARTESIAN_POINT('',(1.192620E-013,-62.620499999999979,-23.582968167058944));
#6214=VERTEX_POINT('',#6213);
#6215=CARTESIAN_POINT('',(1.217571E-013,-63.849999999999980,-23.582968167058944));
#6216=DIRECTION('',(0.0,0.0,1.0));
#6217=DIRECTION('',(0.0,-1.0,0.0));
#6218=AXIS2_PLACEMENT_3D('',#6215,#6216,#6217);
#6219=CIRCLE('',#6218,1.229500000000000);
#6220=EDGE_CURVE('',#6214,#6214,#6219,.T.);
#6221=ORIENTED_EDGE('',*,*,#6220,.T.);
#6222=EDGE_LOOP('',(#6221));
#6223=FACE_BOUND('',#6222,.T.);
#6224=ADVANCED_FACE('',(#6212,#6223),#6208,.F.);
#6225=CARTESIAN_POINT('',(1.233841E-013,-63.850000000000016,-22.400000000000034));
#6226=DIRECTION('',(0.0,0.0,-1.0));
#6227=DIRECTION('',(-0.824964547984711,0.565184478350549,0.0));
#6228=AXIS2_PLACEMENT_3D('',#6225,#6226,#6227);
#6229=PLANE('',#6228);
#6230=CARTESIAN_POINT('',(0.713755864194378,-64.340461584966988,-22.400000000000034));
#6231=VERTEX_POINT('',#6230);
#6232=CARTESIAN_POINT('',(-0.067874260064527,-64.713361502975843,-22.400000000000034));
#6233=VERTEX_POINT('',#6232);
#6234=CARTESIAN_POINT('',(0.713755864194378,-64.340461584966988,-22.400000000000034));
#6235=DIRECTION('',(-0.902548725295197,-0.430587736086403,0.0));
#6236=VECTOR('',#6235,0.866025403784439);
#6237=LINE('',#6234,#6236);
#6238=EDGE_CURVE('',#6231,#6233,#6237,.T.);
#6239=ORIENTED_EDGE('',*,*,#6238,.T.);
#6240=CARTESIAN_POINT('',(-0.781630124258781,-64.222899918008864,-22.400000000000034));
#6241=VERTEX_POINT('',#6240);
#6242=CARTESIAN_POINT('',(-0.067874260064527,-64.713361502975843,-22.400000000000034));
#6243=DIRECTION('',(-0.824174280656449,0.566336256215709,0.0));
#6244=VECTOR('',#6243,0.866025403784443);
#6245=LINE('',#6242,#6244);
#6246=EDGE_CURVE('',#6233,#6241,#6245,.T.);
#6247=ORIENTED_EDGE('',*,*,#6246,.T.);
#6248=CARTESIAN_POINT('',(-0.713755864194131,-63.359538415033043,-22.400000000000034));
#6249=VERTEX_POINT('',#6248);
#6250=CARTESIAN_POINT('',(-0.781630124258781,-64.222899918008864,-22.400000000000034));
#6251=DIRECTION('',(0.078374444638745,0.996923992302105,0.0));
#6252=VECTOR('',#6251,0.866025403784434);
#6253=LINE('',#6250,#6252);
#6254=EDGE_CURVE('',#6241,#6249,#6253,.T.);
#6255=ORIENTED_EDGE('',*,*,#6254,.T.);
#6256=CARTESIAN_POINT('',(0.067874260064774,-62.986638497024188,-22.400000000000034));
#6257=VERTEX_POINT('',#6256);
#6258=CARTESIAN_POINT('',(-0.713755864194131,-63.359538415033043,-22.400000000000034));
#6259=DIRECTION('',(0.902548725295198,0.430587736086403,0.0));
#6260=VECTOR('',#6259,0.866025403784439);
#6261=LINE('',#6258,#6260);
#6262=EDGE_CURVE('',#6249,#6257,#6261,.T.);
#6263=ORIENTED_EDGE('',*,*,#6262,.T.);
#6264=CARTESIAN_POINT('',(0.781630124259028,-63.477100081991161,-22.400000000000034));
#6265=VERTEX_POINT('',#6264);
#6266=CARTESIAN_POINT('',(0.067874260064774,-62.986638497024188,-22.400000000000034));
#6267=DIRECTION('',(0.824174280656452,-0.566336256215704,0.0));
#6268=VECTOR('',#6267,0.866025403784439);
#6269=LINE('',#6266,#6268);
#6270=EDGE_CURVE('',#6257,#6265,#6269,.T.);
#6271=ORIENTED_EDGE('',*,*,#6270,.T.);
#6272=CARTESIAN_POINT('',(0.781630124259028,-63.477100081991161,-22.400000000000034));
#6273=DIRECTION('',(-0.078374444638745,-0.996923992302105,0.0));
#6274=VECTOR('',#6273,0.866025403784441);
#6275=LINE('',#6272,#6274);
#6276=EDGE_CURVE('',#6265,#6231,#6275,.T.);
#6277=ORIENTED_EDGE('',*,*,#6276,.T.);
#6278=EDGE_LOOP('',(#6239,#6247,#6255,#6263,#6271,#6277));
#6279=FACE_OUTER_BOUND('',#6278,.T.);
#6280=ADVANCED_FACE('',(#6279),#6229,.T.);
#6281=CARTESIAN_POINT('',(0.781630124259028,-63.477100081991161,-23.600000000000033));
#6282=DIRECTION('',(0.996923992302105,-0.078374444638745,1.276975E-016));
#6283=DIRECTION('',(0.0,0.0,-1.0));
#6284=AXIS2_PLACEMENT_3D('',#6281,#6282,#6283);
#6285=PLANE('',#6284);
#6286=ORIENTED_EDGE('',*,*,#6276,.F.);
#6287=CARTESIAN_POINT('',(0.781630124259028,-63.477100081991161,-23.600000000000033));
#6288=VERTEX_POINT('',#6287);
#6289=CARTESIAN_POINT('',(0.781630124259028,-63.477100081991161,-23.600000000000033));
#6290=DIRECTION('',(0.0,0.0,1.0));
#6291=VECTOR('',#6290,1.199999999999999);
#6292=LINE('',#6289,#6291);
#6293=EDGE_CURVE('',#6288,#6265,#6292,.T.);
#6294=ORIENTED_EDGE('',*,*,#6293,.F.);
#6295=CARTESIAN_POINT('',(0.713755864194378,-64.340461584966988,-23.600000000000033));
#6296=VERTEX_POINT('',#6295);
#6297=CARTESIAN_POINT('',(0.713755864194378,-64.340461584966988,-23.600000000000033));
#6298=DIRECTION('',(0.078374444638745,0.996923992302105,0.0));
#6299=VECTOR('',#6298,0.866025403784441);
#6300=LINE('',#6297,#6299);
#6301=EDGE_CURVE('',#6296,#6288,#6300,.T.);
#6302=ORIENTED_EDGE('',*,*,#6301,.F.);
#6303=CARTESIAN_POINT('',(0.713755864194378,-64.340461584966988,-23.600000000000033));
#6304=DIRECTION('',(0.0,0.0,1.0));
#6305=VECTOR('',#6304,1.199999999999999);
#6306=LINE('',#6303,#6305);
#6307=EDGE_CURVE('',#6296,#6231,#6306,.T.);
#6308=ORIENTED_EDGE('',*,*,#6307,.T.);
#6309=EDGE_LOOP('',(#6286,#6294,#6302,#6308));
#6310=FACE_OUTER_BOUND('',#6309,.T.);
#6311=ADVANCED_FACE('',(#6310),#6285,.F.);
#6312=CARTESIAN_POINT('',(0.067874260064774,-62.986638497024188,-23.600000000000033));
#6313=DIRECTION('',(0.566336256215703,0.824174280656453,1.029057E-015));
#6314=DIRECTION('',(0.0,0.0,-1.0));
#6315=AXIS2_PLACEMENT_3D('',#6312,#6313,#6314);
#6316=PLANE('',#6315);
#6317=ORIENTED_EDGE('',*,*,#6270,.F.);
#6318=CARTESIAN_POINT('',(0.067874260064774,-62.986638497024188,-23.600000000000033));
#6319=VERTEX_POINT('',#6318);
#6320=CARTESIAN_POINT('',(0.067874260064774,-62.986638497024188,-23.600000000000033));
#6321=DIRECTION('',(0.0,0.0,1.0));
#6322=VECTOR('',#6321,1.199999999999999);
#6323=LINE('',#6320,#6322);
#6324=EDGE_CURVE('',#6319,#6257,#6323,.T.);
#6325=ORIENTED_EDGE('',*,*,#6324,.F.);
#6326=CARTESIAN_POINT('',(0.781630124259028,-63.477100081991161,-23.600000000000033));
#6327=DIRECTION('',(-0.824174280656452,0.566336256215704,0.0));
#6328=VECTOR('',#6327,0.866025403784439);
#6329=LINE('',#6326,#6328);
#6330=EDGE_CURVE('',#6288,#6319,#6329,.T.);
#6331=ORIENTED_EDGE('',*,*,#6330,.F.);
#6332=ORIENTED_EDGE('',*,*,#6293,.T.);
#6333=EDGE_LOOP('',(#6317,#6325,#6331,#6332));
#6334=FACE_OUTER_BOUND('',#6333,.T.);
#6335=ADVANCED_FACE('',(#6334),#6316,.F.);
#6336=CARTESIAN_POINT('',(-0.713755864194131,-63.359538415033043,-23.600000000000033));
#6337=DIRECTION('',(-0.430587736086403,0.902548725295198,9.013594E-016));
#6338=DIRECTION('',(0.0,0.0,1.0));
#6339=AXIS2_PLACEMENT_3D('',#6336,#6337,#6338);
#6340=PLANE('',#6339);
#6341=ORIENTED_EDGE('',*,*,#6262,.F.);
#6342=CARTESIAN_POINT('',(-0.713755864194131,-63.359538415033043,-23.600000000000033));
#6343=VERTEX_POINT('',#6342);
#6344=CARTESIAN_POINT('',(-0.713755864194131,-63.359538415033043,-23.600000000000033));
#6345=DIRECTION('',(0.0,0.0,1.0));
#6346=VECTOR('',#6345,1.199999999999999);
#6347=LINE('',#6344,#6346);
#6348=EDGE_CURVE('',#6343,#6249,#6347,.T.);
#6349=ORIENTED_EDGE('',*,*,#6348,.F.);
#6350=CARTESIAN_POINT('',(0.067874260064774,-62.986638497024188,-23.600000000000033));
#6351=DIRECTION('',(-0.902548725295198,-0.430587736086403,0.0));
#6352=VECTOR('',#6351,0.866025403784439);
#6353=LINE('',#6350,#6352);
#6354=EDGE_CURVE('',#6319,#6343,#6353,.T.);
#6355=ORIENTED_EDGE('',*,*,#6354,.F.);
#6356=ORIENTED_EDGE('',*,*,#6324,.T.);
#6357=EDGE_LOOP('',(#6341,#6349,#6355,#6356));
#6358=FACE_OUTER_BOUND('',#6357,.T.);
#6359=ADVANCED_FACE('',(#6358),#6340,.F.);
#6360=CARTESIAN_POINT('',(-0.781630124258780,-64.222899918008864,-23.600000000000033));
#6361=DIRECTION('',(-0.996923992302105,0.078374444638744,-1.276975E-016));
#6362=DIRECTION('',(0.0,0.0,1.0));
#6363=AXIS2_PLACEMENT_3D('',#6360,#6361,#6362);
#6364=PLANE('',#6363);
#6365=ORIENTED_EDGE('',*,*,#6254,.F.);
#6366=CARTESIAN_POINT('',(-0.781630124258780,-64.222899918008864,-23.600000000000033));
#6367=VERTEX_POINT('',#6366);
#6368=CARTESIAN_POINT('',(-0.781630124258780,-64.222899918008864,-23.600000000000033));
#6369=DIRECTION('',(0.0,0.0,1.0));
#6370=VECTOR('',#6369,1.199999999999999);
#6371=LINE('',#6368,#6370);
#6372=EDGE_CURVE('',#6367,#6241,#6371,.T.);
#6373=ORIENTED_EDGE('',*,*,#6372,.F.);
#6374=CARTESIAN_POINT('',(-0.713755864194131,-63.359538415033043,-23.600000000000033));
#6375=DIRECTION('',(-0.078374444638745,-0.996923992302105,0.0));
#6376=VECTOR('',#6375,0.866025403784434);
#6377=LINE('',#6374,#6376);
#6378=EDGE_CURVE('',#6343,#6367,#6377,.T.);
#6379=ORIENTED_EDGE('',*,*,#6378,.F.);
#6380=ORIENTED_EDGE('',*,*,#6348,.T.);
#6381=EDGE_LOOP('',(#6365,#6373,#6379,#6380));
#6382=FACE_OUTER_BOUND('',#6381,.T.);
#6383=ADVANCED_FACE('',(#6382),#6364,.F.);
#6384=CARTESIAN_POINT('',(-0.067874260064526,-64.713361502975843,-23.600000000000033));
#6385=DIRECTION('',(-0.566336256215703,-0.824174280656453,-1.029057E-015));
#6386=DIRECTION('',(0.0,0.0,1.0));
#6387=AXIS2_PLACEMENT_3D('',#6384,#6385,#6386);
#6388=PLANE('',#6387);
#6389=ORIENTED_EDGE('',*,*,#6246,.F.);
#6390=CARTESIAN_POINT('',(-0.067874260064526,-64.713361502975843,-23.600000000000033));
#6391=VERTEX_POINT('',#6390);
#6392=CARTESIAN_POINT('',(-0.067874260064526,-64.713361502975843,-23.600000000000033));
#6393=DIRECTION('',(0.0,0.0,1.0));
#6394=VECTOR('',#6393,1.199999999999999);
#6395=LINE('',#6392,#6394);
#6396=EDGE_CURVE('',#6391,#6233,#6395,.T.);
#6397=ORIENTED_EDGE('',*,*,#6396,.F.);
#6398=CARTESIAN_POINT('',(-0.781630124258780,-64.222899918008864,-23.600000000000033));
#6399=DIRECTION('',(0.824174280656449,-0.566336256215709,0.0));
#6400=VECTOR('',#6399,0.866025403784443);
#6401=LINE('',#6398,#6400);
#6402=EDGE_CURVE('',#6367,#6391,#6401,.T.);
#6403=ORIENTED_EDGE('',*,*,#6402,.F.);
#6404=ORIENTED_EDGE('',*,*,#6372,.T.);
#6405=EDGE_LOOP('',(#6389,#6397,#6403,#6404));
#6406=FACE_OUTER_BOUND('',#6405,.T.);
#6407=ADVANCED_FACE('',(#6406),#6388,.F.);
#6408=CARTESIAN_POINT('',(0.713755864194378,-64.340461584966988,-23.600000000000033));
#6409=DIRECTION('',(0.430587736086403,-0.902548725295198,-9.013594E-016));
#6410=DIRECTION('',(0.0,0.0,-1.0));
#6411=AXIS2_PLACEMENT_3D('',#6408,#6409,#6410);
#6412=PLANE('',#6411);
#6413=ORIENTED_EDGE('',*,*,#6238,.F.);
#6414=ORIENTED_EDGE('',*,*,#6307,.F.);
#6415=CARTESIAN_POINT('',(-0.067874260064526,-64.713361502975843,-23.600000000000033));
#6416=DIRECTION('',(0.902548725295197,0.430587736086403,0.0));
#6417=VECTOR('',#6416,0.866025403784439);
#6418=LINE('',#6415,#6417);
#6419=EDGE_CURVE('',#6391,#6296,#6418,.T.);
#6420=ORIENTED_EDGE('',*,*,#6419,.F.);
#6421=ORIENTED_EDGE('',*,*,#6396,.T.);
#6422=EDGE_LOOP('',(#6413,#6414,#6420,#6421));
#6423=FACE_OUTER_BOUND('',#6422,.T.);
#6424=ADVANCED_FACE('',(#6423),#6412,.F.);
#6425=CARTESIAN_POINT('',(1.235889E-013,-63.850000000000016,-23.600000000000033));
#6426=DIRECTION('',(0.0,0.0,1.0));
#6427=DIRECTION('',(0.824964547984711,-0.565184478350549,0.0));
#6428=AXIS2_PLACEMENT_3D('',#6425,#6426,#6427);
#6429=PLANE('',#6428);
#6430=CARTESIAN_POINT('',(-0.989957457581529,-63.171778625979357,-23.600000000000033));
#6431=VERTEX_POINT('',#6430);
#6432=CARTESIAN_POINT('',(1.235889E-013,-63.850000000000016,-23.600000000000033));
#6433=DIRECTION('',(3.673040E-016,-2.516405E-016,1.0));
#6434=DIRECTION('',(0.824964547984711,-0.565184478350549,-4.452361E-016));
#6435=AXIS2_PLACEMENT_3D('',#6432,#6433,#6434);
#6436=CIRCLE('',#6435,1.200000000000000);
#6437=EDGE_CURVE('',#6431,#6431,#6436,.T.);
#6438=ORIENTED_EDGE('',*,*,#6437,.F.);
#6439=EDGE_LOOP('',(#6438));
#6440=FACE_OUTER_BOUND('',#6439,.T.);
#6441=ORIENTED_EDGE('',*,*,#6419,.T.);
#6442=ORIENTED_EDGE('',*,*,#6301,.T.);
#6443=ORIENTED_EDGE('',*,*,#6330,.T.);
#6444=ORIENTED_EDGE('',*,*,#6354,.T.);
#6445=ORIENTED_EDGE('',*,*,#6378,.T.);
#6446=ORIENTED_EDGE('',*,*,#6402,.T.);
#6447=EDGE_LOOP('',(#6441,#6442,#6443,#6444,#6445,#6446));
#6448=FACE_BOUND('',#6447,.T.);
#6449=ADVANCED_FACE('',(#6440,#6448),#6429,.F.);
#6450=CARTESIAN_POINT('',(1.235703E-013,-63.850000000000016,-23.513397459621590));
#6451=DIRECTION('',(-2.146551E-016,-1.101090E-015,1.0));
#6452=DIRECTION('',(0.824964547984711,-0.565184478350549,-4.452361E-016));
#6453=AXIS2_PLACEMENT_3D('',#6450,#6451,#6452);
#6454=CONICAL_SURFACE('',#6453,1.350000000000000,60.000000000000021);
#6455=ORIENTED_EDGE('',*,*,#6437,.T.);
#6456=EDGE_LOOP('',(#6455));
#6457=FACE_OUTER_BOUND('',#6456,.T.);
#6458=ORIENTED_EDGE('',*,*,#6220,.F.);
#6459=EDGE_LOOP('',(#6458));
#6460=FACE_BOUND('',#6459,.T.);
#6461=ADVANCED_FACE('',(#6457,#6460),#6454,.T.);
#6462=CLOSED_SHELL('',(#92,#171,#199,#218,#228,#287,#318,#342,#366,#390,#414,#431,#445,#485,#516,#556,#587,#611,#652,#704,#764,#795,#819,#843,#883,#905,#938,#969,#1002,#1033,#1057,#1082,#1109,#1134,#1161,#1186,#1210,#1227,#1251,#1276,#1300,#1325,#1349,#1374,#1391,#1468,#1510,#1548,#1581,#1608,#1633,#1657,#1675,#1700,#1717,#1744,#1772,#1831,#1862,#1886,#1910,#1934,#1958,#1975,#1989,#2066,#2094,#2122,#2142,#2162,#2190,#2202,#2211,#2231,#2260,#2280,#2300,#2400,#2420,#2432,#2452,#2461,#2501,#2532,#2563,#2603,#2643,#2674,#2705,#2741,#2781,#2812,#2843,#2874,#2905,#2925,#2965,#2996,#3027,#3049,#3061,#3089,#3149,#3190,#3258,#3278,#3319,#3359,#3399,#3439,#3479,#3519,#3550,#3581,#3612,#3643,#3674,#3705,#3727,#3758,#3947,#3971,#3995,#4160,#4184,#4373,#4390,#4407,#4424,#4441,#4458,#4490,#4514,#4531,#4556,#4580,#4605,#4629,#4654,#4678,#4703,#4727,#4758,#4783,#4810,#4835,#4859,#4884,#4911,#4936,#4982,#5005,#5017,#5048,#5072,#5089,#5112,#5136,#5148,#5172,#5197,#5221,#5239,#5263,#5287,#5309,#5326,#5343,#5360,#5377,#5394,#5411,#5428,#5445,#5457,#5479,#5496,#5514,#5531,#5548,#5560,#5572,#5592,#5625,#5666,#5704,#5737,#5775,#5808,#5846,#5879,#5921,#5963,#5983,#6024,#6065,#6074,#6115,#6156,#6172,#6203,#6224,#6280,#6311,#6335,#6359,#6383,#6407,#6424,#6449,#6461));
#6463=CARTESIAN_POINT('',(1.225157E-013,-63.850000000000023,-18.600000000000033));
#6464=DIRECTION('',(0.0,0.0,1.0));
#6465=DIRECTION('',(0.824964547984711,-0.565184478350549,0.0));
#6466=AXIS2_PLACEMENT_3D('',#6463,#6464,#6465);
#6467=PLANE('',#6466);
#6468=CARTESIAN_POINT('',(1.208073E-013,-62.650000000000020,-18.600000000000033));
#6469=VERTEX_POINT('',#6468);
#6470=CARTESIAN_POINT('',(1.254927E-013,-65.050000000000026,-18.600000000000037));
#6471=VERTEX_POINT('',#6470);
#6472=CARTESIAN_POINT('',(1.208073E-013,-62.650000000000020,-18.600000000000033));
#6473=DIRECTION('',(0.0,-1.0,0.0));
#6474=VECTOR('',#6473,2.400000000000006);
#6475=LINE('',#6472,#6474);
#6476=EDGE_CURVE('',#6469,#6471,#6475,.T.);
#6477=ORIENTED_EDGE('',*,*,#6476,.F.);
#6478=CARTESIAN_POINT('',(1.225157E-013,-63.850000000000023,-18.600000000000033));
#6479=DIRECTION('',(-3.673040E-016,2.516405E-016,-1.0));
#6480=DIRECTION('',(0.824964547984711,-0.565184478350549,-4.452361E-016));
#6481=AXIS2_PLACEMENT_3D('',#6478,#6479,#6480);
#6482=CIRCLE('',#6481,1.200000000000000);
#6483=EDGE_CURVE('',#6471,#6469,#6482,.T.);
#6484=ORIENTED_EDGE('',*,*,#6483,.F.);
#6485=EDGE_LOOP('',(#6477,#6484));
#6486=FACE_OUTER_BOUND('',#6485,.T.);
#6487=ADVANCED_FACE('',(#6486),#6467,.T.);
#6488=CARTESIAN_POINT('',(1.225479E-013,-63.850000000000023,-18.750000000000036));
#6489=DIRECTION('',(2.146551E-016,1.101090E-015,-1.0));
#6490=DIRECTION('',(0.824964547984711,-0.565184478350549,-4.452361E-016));
#6491=AXIS2_PLACEMENT_3D('',#6488,#6489,#6490);
#6492=CONICAL_SURFACE('',#6491,1.350000000000000,44.999999999999964);
#6493=ORIENTED_EDGE('',*,*,#6483,.T.);
#6494=CARTESIAN_POINT('',(1.225157E-013,-63.850000000000023,-18.600000000000033));
#6495=DIRECTION('',(-3.673040E-016,2.516405E-016,-1.0));
#6496=DIRECTION('',(0.824964547984711,-0.565184478350549,-4.452361E-016));
#6497=AXIS2_PLACEMENT_3D('',#6494,#6495,#6496);
#6498=CIRCLE('',#6497,1.200000000000000);
#6499=EDGE_CURVE('',#6469,#6471,#6498,.T.);
#6500=ORIENTED_EDGE('',*,*,#6499,.T.);
#6501=EDGE_LOOP('',(#6493,#6500));
#6502=FACE_OUTER_BOUND('',#6501,.T.);
#6503=CARTESIAN_POINT('',(1.195631E-013,-62.620499999999979,-18.629500000000036));
#6504=VERTEX_POINT('',#6503);
#6505=CARTESIAN_POINT('',(1.217571E-013,-63.849999999999980,-18.629500000000036));
#6506=DIRECTION('',(0.0,0.0,-1.0));
#6507=DIRECTION('',(0.0,-1.0,0.0));
#6508=AXIS2_PLACEMENT_3D('',#6505,#6506,#6507);
#6509=CIRCLE('',#6508,1.229500000000000);
#6510=EDGE_CURVE('',#6504,#6504,#6509,.T.);
#6511=ORIENTED_EDGE('',*,*,#6510,.F.);
#6512=EDGE_LOOP('',(#6511));
#6513=FACE_BOUND('',#6512,.T.);
#6514=ADVANCED_FACE('',(#6502,#6513),#6492,.T.);
#6515=CARTESIAN_POINT('',(1.225157E-013,-63.850000000000023,-18.600000000000033));
#6516=DIRECTION('',(0.0,0.0,1.0));
#6517=DIRECTION('',(0.824964547984711,-0.565184478350549,0.0));
#6518=AXIS2_PLACEMENT_3D('',#6515,#6516,#6517);
#6519=PLANE('',#6518);
#6520=ORIENTED_EDGE('',*,*,#6476,.T.);
#6521=ORIENTED_EDGE('',*,*,#6499,.F.);
#6522=EDGE_LOOP('',(#6520,#6521));
#6523=FACE_OUTER_BOUND('',#6522,.T.);
#6524=ADVANCED_FACE('',(#6523),#6519,.T.);
#6525=CARTESIAN_POINT('',(1.217571E-013,-63.849999999999994,4.813664589601883));
#6526=DIRECTION('',(3.300826E-030,-6.564293E-016,1.0));
#6527=DIRECTION('',(0.0,-1.0,0.0));
#6528=AXIS2_PLACEMENT_3D('',#6525,#6526,#6527);
#6529=CYLINDRICAL_SURFACE('',#6528,1.229500000000000);
#6530=ORIENTED_EDGE('',*,*,#6510,.T.);
#6531=EDGE_LOOP('',(#6530));
#6532=FACE_OUTER_BOUND('',#6531,.T.);
#6533=CARTESIAN_POINT('',(1.229500000000122,-63.849999999999980,-18.276770486293895));
#6534=VERTEX_POINT('',#6533);
#6535=CARTESIAN_POINT('',(1.229500000000121,-63.849999999999980,-18.276770486293895));
#6536=CARTESIAN_POINT('',(1.229500000000121,-64.037830451036413,-18.276770486293895));
#6537=CARTESIAN_POINT('',(1.183139688986239,-64.236643320175560,-18.304500494446852));
#6538=CARTESIAN_POINT('',(1.094863625246371,-64.409413882659891,-18.347503869209756));
#6539=CARTESIAN_POINT('',(1.038875809886800,-64.518991110530479,-18.374778137047059));
#6540=CARTESIAN_POINT('',(0.966694772635878,-64.618529978384061,-18.407141228761446));
#6541=CARTESIAN_POINT('',(0.886261444377909,-64.702180087897730,-18.437635697068639));
#6542=CARTESIAN_POINT('',(0.811035568018918,-64.780414483166197,-18.466155878344150));
#6543=CARTESIAN_POINT('',(0.723423377959232,-64.850751197726140,-18.495221060587372));
#6544=CARTESIAN_POINT('',(0.624556522259406,-64.909055900556410,-18.520729053509207));
#6545=CARTESIAN_POINT('',(0.450686313039598,-65.011592294657760,-18.565588172722652));
#6546=CARTESIAN_POINT('',(0.244110232029326,-65.071172974196116,-18.595906856417454));
#6547=CARTESIAN_POINT('',(0.046303725059178,-65.078627777256230,-18.599571156227771));
#6548=CARTESIAN_POINT('',(-0.090437629487964,-65.083781196544280,-18.602104244381465));
#6549=CARTESIAN_POINT('',(-0.230108299803972,-65.066020767608705,-18.593124748535882));
#6550=CARTESIAN_POINT('',(-0.365103464484288,-65.024039909978114,-18.573196203341272));
#6551=CARTESIAN_POINT('',(-0.515964601500080,-64.977125045063900,-18.550925457613086));
#6552=CARTESIAN_POINT('',(-0.657572402125594,-64.899861280586947,-18.515137814952169));
#6553=CARTESIAN_POINT('',(-0.775139516873622,-64.804373605764894,-18.476795895608397));
#6554=CARTESIAN_POINT('',(-0.863819166648981,-64.732348247489909,-18.447874985314662));
#6555=CARTESIAN_POINT('',(-0.939115555105335,-64.651959156349534,-18.418049723229512));
#6556=CARTESIAN_POINT('',(-1.005719041679350,-64.557247806078820,-18.388783346934240));
#6557=CARTESIAN_POINT('',(-1.118633558087163,-64.396681342305712,-18.339167344884295));
#6558=CARTESIAN_POINT('',(-1.195155841601703,-64.200388365981169,-18.295998035183491));
#6559=CARTESIAN_POINT('',(-1.219918919660100,-64.003192948450746,-18.282154400920156));
#6560=CARTESIAN_POINT('',(-1.236876434006873,-63.868155449719602,-18.272674415189854));
#6561=CARTESIAN_POINT('',(-1.231765956170105,-63.734740899619709,-18.275721889952337));
#6562=CARTESIAN_POINT('',(-1.203870008100715,-63.600265633932182,-18.291049292826489));
#6563=CARTESIAN_POINT('',(-1.161534984499948,-63.396185330497438,-18.314310232400999));
#6564=CARTESIAN_POINT('',(-1.063142134413993,-63.201004319053446,-18.367008240634853));
#6565=CARTESIAN_POINT('',(-0.933271197566324,-63.049578160097482,-18.419268175910901));
#6566=CARTESIAN_POINT('',(-0.864691554328251,-62.969616066882644,-18.446864555854475));
#6567=CARTESIAN_POINT('',(-0.788352329648210,-62.900329683065458,-18.474255439426553));
#6568=CARTESIAN_POINT('',(-0.699379532143978,-62.838793532448527,-18.500180882770735));
#6569=CARTESIAN_POINT('',(-0.538796457734140,-62.727729650783530,-18.546972570954406));
#6570=CARTESIAN_POINT('',(-0.342911319006183,-62.652953626945106,-18.584114717290493));
#6571=CARTESIAN_POINT('',(-0.147256461974251,-62.629350261374356,-18.595659338613142));
#6572=CARTESIAN_POINT('',(-0.016394101498579,-62.613563318077290,-18.603380876529439));
#6573=CARTESIAN_POINT('',(0.112474321806506,-62.618434381735277,-18.600910505824043));
#6574=CARTESIAN_POINT('',(0.243016537346712,-62.644755953104877,-18.588160558038059));
#6575=CARTESIAN_POINT('',(0.428957666284165,-62.682247753558990,-18.569999845234086));
#6576=CARTESIAN_POINT('',(0.608589001897653,-62.765992322228797,-18.529570461331883));
#6577=CARTESIAN_POINT('',(0.753794500443696,-62.878679197638050,-18.483651369454268));
#6578=CARTESIAN_POINT('',(0.855897892723398,-62.957916639469744,-18.451362681367012));
#6579=CARTESIAN_POINT('',(0.941039175357333,-63.048028573452569,-18.417531138330727));
#6580=CARTESIAN_POINT('',(1.014751607992457,-63.155774226870690,-18.384793026529351));
#6581=CARTESIAN_POINT('',(1.124602561685756,-63.316343649981121,-18.336004610858680));
#6582=CARTESIAN_POINT('',(1.198072560301718,-63.511147151033036,-18.294382693149576));
#6583=CARTESIAN_POINT('',(1.221048271488944,-63.706085550780443,-18.281522660596110));
#6584=CARTESIAN_POINT('',(1.226741703038424,-63.754391713157005,-18.278335916365624));
#6585=CARTESIAN_POINT('',(1.229500000000123,-63.802570605547643,-18.276770486293895));
#6586=CARTESIAN_POINT('',(1.229500000000123,-63.849999999999973,-18.276770486293895));
#6587=B_SPLINE_CURVE_WITH_KNOTS('',3,(#6535,#6536,#6537,#6538,#6539,#6540,#6541,#6542,#6543,#6544,#6545,#6546,#6547,#6548,#6549,#6550,#6551,#6552,#6553,#6554,#6555,#6556,#6557,#6558,#6559,#6560,#6561,#6562,#6563,#6564,#6565,#6566,#6567,#6568,#6569,#6570,#6571,#6572,#6573,#6574,#6575,#6576,#6577,#6578,#6579,#6580,#6581,#6582,#6583,#6584,#6585,#6586),.UNSPECIFIED.,.T.,.U.,(4,3,3,3,3,3,3,3,3,3,3,3,3,3,3,3,3,4),(0.0,0.056349135310928,0.092087758554897,0.125512575252384,0.184294457524138,0.224929694088339,0.270340787185624,0.304593901591079,0.362664042472598,0.402429908605851,0.462778776372190,0.494646597777773,0.552163421791412,0.590633140722336,0.645428464505694,0.683958606238389,0.741378673165574,0.755607491501272),.UNSPECIFIED.);
#6588=EDGE_CURVE('',#6534,#6534,#6587,.T.);
#6589=ORIENTED_EDGE('',*,*,#6588,.F.);
#6590=EDGE_LOOP('',(#6589));
#6591=FACE_BOUND('',#6590,.T.);
#6592=ADVANCED_FACE('',(#6532,#6591),#6529,.F.);
#6593=CARTESIAN_POINT('',(1.208037E-013,-63.350000000000044,-16.100000000000037));
#6594=DIRECTION('',(1.906925E-015,-1.0,-4.727384E-016));
#6595=DIRECTION('',(0.0,0.0,1.0));
#6596=AXIS2_PLACEMENT_3D('',#6593,#6594,#6595);
#6597=CYLINDRICAL_SURFACE('',#6596,2.500000000000000);
#6598=ORIENTED_EDGE('',*,*,#6588,.T.);
#6599=EDGE_LOOP('',(#6598));
#6600=FACE_OUTER_BOUND('',#6599,.T.);
#6601=CARTESIAN_POINT('',(1.208073E-013,-62.650000000000020,-18.600000000000033));
#6602=DIRECTION('',(0.0,-1.0,0.0));
#6603=VECTOR('',#6602,2.400000000000006);
#6604=LINE('',#6601,#6603);
#6605=EDGE_CURVE('',#6469,#6471,#6604,.T.);
#6606=ORIENTED_EDGE('',*,*,#6605,.T.);
#6607=ORIENTED_EDGE('',*,*,#6605,.F.);
#6608=EDGE_LOOP('',(#6606,#6607));
#6609=FACE_BOUND('',#6608,.T.);
#6610=ADVANCED_FACE('',(#6600,#6609),#6597,.T.);
#6611=CLOSED_SHELL('',(#6487,#6514,#6524,#6592,#6610));
#6612=ORIENTED_CLOSED_SHELL('',*,#6611,.F.);
#6613=CARTESIAN_POINT('',(-2.499999999999860,-63.849999999999980,-16.100000000000041));
#6614=DIRECTION('',(1.0,0.0,0.0));
#6615=DIRECTION('',(0.0,0.195211843487808,-0.980761100453159));
#6616=AXIS2_PLACEMENT_3D('',#6613,#6614,#6615);
#6617=PLANE('',#6616);
#6618=CARTESIAN_POINT('',(-2.499999999999863,-62.649999999999977,-16.100000000000033));
#6619=VERTEX_POINT('',#6618);
#6620=CARTESIAN_POINT('',(-2.499999999999857,-65.049999999999983,-16.100000000000033));
#6621=VERTEX_POINT('',#6620);
#6622=CARTESIAN_POINT('',(-2.499999999999863,-62.649999999999977,-16.100000000000033));
#6623=DIRECTION('',(0.0,-1.0,0.0));
#6624=VECTOR('',#6623,2.400000000000006);
#6625=LINE('',#6622,#6624);
#6626=EDGE_CURVE('',#6619,#6621,#6625,.T.);
#6627=ORIENTED_EDGE('',*,*,#6626,.F.);
#6628=CARTESIAN_POINT('',(-2.499999999999860,-63.849999999999980,-16.100000000000041));
#6629=DIRECTION('',(-1.0,-2.746524E-016,1.379877E-015));
#6630=DIRECTION('',(-1.406945E-015,0.195211843487808,-0.980761100453159));
#6631=AXIS2_PLACEMENT_3D('',#6628,#6629,#6630);
#6632=CIRCLE('',#6631,1.200000000000000);
#6633=EDGE_CURVE('',#6621,#6619,#6632,.T.);
#6634=ORIENTED_EDGE('',*,*,#6633,.F.);
#6635=EDGE_LOOP('',(#6627,#6634));
#6636=FACE_OUTER_BOUND('',#6635,.T.);
#6637=ADVANCED_FACE('',(#6636),#6617,.T.);
#6638=CARTESIAN_POINT('',(-2.649999999999860,-63.849999999999987,-16.100000000000041));
#6639=DIRECTION('',(-1.0,-2.703565E-015,8.964236E-016));
#6640=DIRECTION('',(-1.406945E-015,0.195211843487808,-0.980761100453159));
#6641=AXIS2_PLACEMENT_3D('',#6638,#6639,#6640);
#6642=CONICAL_SURFACE('',#6641,1.350000000000000,44.999999999999964);
#6643=ORIENTED_EDGE('',*,*,#6633,.T.);
#6644=CARTESIAN_POINT('',(-2.499999999999860,-63.849999999999980,-16.100000000000041));
#6645=DIRECTION('',(-1.0,-2.746524E-016,1.379877E-015));
#6646=DIRECTION('',(-1.406945E-015,0.195211843487808,-0.980761100453159));
#6647=AXIS2_PLACEMENT_3D('',#6644,#6645,#6646);
#6648=CIRCLE('',#6647,1.200000000000000);
#6649=EDGE_CURVE('',#6619,#6621,#6648,.T.);
#6650=ORIENTED_EDGE('',*,*,#6649,.T.);
#6651=EDGE_LOOP('',(#6643,#6650));
#6652=FACE_OUTER_BOUND('',#6651,.T.);
#6653=CARTESIAN_POINT('',(-2.529499999999858,-62.620499999999986,-16.100000000000037));
#6654=VERTEX_POINT('',#6653);
#6655=CARTESIAN_POINT('',(-2.529499999999856,-63.849999999999987,-16.100000000000037));
#6656=DIRECTION('',(-1.0,0.0,0.0));
#6657=DIRECTION('',(0.0,-1.0,0.0));
#6658=AXIS2_PLACEMENT_3D('',#6655,#6656,#6657);
#6659=CIRCLE('',#6658,1.229500000000000);
#6660=EDGE_CURVE('',#6654,#6654,#6659,.T.);
#6661=ORIENTED_EDGE('',*,*,#6660,.F.);
#6662=EDGE_LOOP('',(#6661));
#6663=FACE_BOUND('',#6662,.T.);
#6664=ADVANCED_FACE('',(#6652,#6663),#6642,.T.);
#6665=CARTESIAN_POINT('',(-2.499999999999860,-63.849999999999980,-16.100000000000041));
#6666=DIRECTION('',(1.0,0.0,0.0));
#6667=DIRECTION('',(0.0,0.195211843487808,-0.980761100453159));
#6668=AXIS2_PLACEMENT_3D('',#6665,#6666,#6667);
#6669=PLANE('',#6668);
#6670=ORIENTED_EDGE('',*,*,#6626,.T.);
#6671=ORIENTED_EDGE('',*,*,#6649,.F.);
#6672=EDGE_LOOP('',(#6670,#6671));
#6673=FACE_OUTER_BOUND('',#6672,.T.);
#6674=ADVANCED_FACE('',(#6673),#6669,.T.);
#6675=CARTESIAN_POINT('',(1.208037E-013,-63.350000000000044,-16.100000000000037));
#6676=DIRECTION('',(1.906925E-015,-1.0,-4.727384E-016));
#6677=DIRECTION('',(0.0,0.0,1.0));
#6678=AXIS2_PLACEMENT_3D('',#6675,#6676,#6677);
#6679=CYLINDRICAL_SURFACE('',#6678,2.500000000000000);
#6680=CARTESIAN_POINT('',(-2.176770486293736,-63.849999999999994,-17.329500000000039));
#6681=VERTEX_POINT('',#6680);
#6682=CARTESIAN_POINT('',(-2.176770486293736,-63.849999999999987,-17.329500000000039));
#6683=CARTESIAN_POINT('',(-2.176770486293736,-64.037830451042240,-17.329500000000039));
#6684=CARTESIAN_POINT('',(-2.204500494448574,-64.236643320187810,-17.283139688983109));
#6685=CARTESIAN_POINT('',(-2.247503869213599,-64.409413882676006,-17.194863625238064));
#6686=CARTESIAN_POINT('',(-2.274778137051652,-64.518991110546665,-17.138875809876428));
#6687=CARTESIAN_POINT('',(-2.307141228766535,-64.618529978399692,-17.066694772623404));
#6688=CARTESIAN_POINT('',(-2.337635697073805,-64.702180087912339,-16.986261444363770));
#6689=CARTESIAN_POINT('',(-2.366155878347565,-64.780414483174837,-16.911035568008032));
#6690=CARTESIAN_POINT('',(-2.395221060589244,-64.850751197730858,-16.823423377951638));
#6691=CARTESIAN_POINT('',(-2.420729053509624,-64.909055900557746,-16.724556522257071));
#6692=CARTESIAN_POINT('',(-2.465588172723083,-65.011592294659025,-16.550686313036540));
#6693=CARTESIAN_POINT('',(-2.495906856417692,-65.071172974196941,-16.344110232025493));
#6694=CARTESIAN_POINT('',(-2.499571156227687,-65.078627777256401,-16.146303725054956));
#6695=CARTESIAN_POINT('',(-2.502104244381127,-65.083781196543939,-16.009562370509283));
#6696=CARTESIAN_POINT('',(-2.493124748535516,-65.066020767608308,-15.869891700194566));
#6697=CARTESIAN_POINT('',(-2.473196203341104,-65.024039909978129,-15.734896535515608));
#6698=CARTESIAN_POINT('',(-2.450925457613072,-64.977125045064227,-15.584035398500854));
#6699=CARTESIAN_POINT('',(-2.415137814952502,-64.899861280588013,-15.442427597876240));
#6700=CARTESIAN_POINT('',(-2.376795895609018,-64.804373605766855,-15.324860483128695));
#6701=CARTESIAN_POINT('',(-2.347874985315031,-64.732348247491373,-15.236180833352257));
#6702=CARTESIAN_POINT('',(-2.318049723229590,-64.651959156350316,-15.160884444895117));
#6703=CARTESIAN_POINT('',(-2.288783346934042,-64.557247806078692,-15.094280958320482));
#6704=CARTESIAN_POINT('',(-2.239167344884166,-64.396681342305783,-14.981366441912837));
#6705=CARTESIAN_POINT('',(-2.195998035183419,-64.200388365981567,-14.904844158398378));
#6706=CARTESIAN_POINT('',(-2.182154400920043,-64.003192948451414,-14.880081080339902));
#6707=CARTESIAN_POINT('',(-2.172674415189738,-63.868155449720824,-14.863123565993122));
#6708=CARTESIAN_POINT('',(-2.175721889952113,-63.734740899621528,-14.868234043829707));
#6709=CARTESIAN_POINT('',(-2.191049292826064,-63.600265633934512,-14.896129991898716));
#6710=CARTESIAN_POINT('',(-2.214310232400407,-63.396185330499328,-14.938465015499158));
#6711=CARTESIAN_POINT('',(-2.267008240634276,-63.201004319054810,-15.036857865585018));
#6712=CARTESIAN_POINT('',(-2.319268175910425,-63.049578160098406,-15.166728802432811));
#6713=CARTESIAN_POINT('',(-2.346864555854028,-62.969616066883404,-15.235308445670888));
#6714=CARTESIAN_POINT('',(-2.374255439426126,-62.900329683066111,-15.311647670350908));
#6715=CARTESIAN_POINT('',(-2.400180882770345,-62.838793532449067,-15.400620467855157));
#6716=CARTESIAN_POINT('',(-2.446972570954030,-62.727729650783992,-15.561203542264849));
#6717=CARTESIAN_POINT('',(-2.484114717290187,-62.652953626945418,-15.757088680992691));
#6718=CARTESIAN_POINT('',(-2.495659338612920,-62.629350261374498,-15.952743538024588));
#6719=CARTESIAN_POINT('',(-2.503380876529286,-62.613563318077290,-16.083605898500458));
#6720=CARTESIAN_POINT('',(-2.500910505823928,-62.618434381735206,-16.212474321805736));
#6721=CARTESIAN_POINT('',(-2.488160558037949,-62.644755953104792,-16.343016537346141));
#6722=CARTESIAN_POINT('',(-2.469999845233994,-62.682247753558869,-16.528957666283809));
#6723=CARTESIAN_POINT('',(-2.429570461331751,-62.765992322228740,-16.708589001897511));
#6724=CARTESIAN_POINT('',(-2.383651369454078,-62.878679197638135,-16.853794500443712));
#6725=CARTESIAN_POINT('',(-2.351362681366858,-62.957916639469744,-16.955897892723279));
#6726=CARTESIAN_POINT('',(-2.317531138330627,-63.048028573452413,-17.041039175357096));
#6727=CARTESIAN_POINT('',(-2.284793026529286,-63.155774226870378,-17.114751607992158));
#6728=CARTESIAN_POINT('',(-2.236004610858617,-63.316343649980737,-17.224602561685476));
#6729=CARTESIAN_POINT('',(-2.194382693149499,-63.511147151032525,-17.298072560301481));
#6730=CARTESIAN_POINT('',(-2.181522660595987,-63.706085550779896,-17.321048271488792));
#6731=CARTESIAN_POINT('',(-2.178335916365474,-63.754391713156650,-17.326741703038316));
#6732=CARTESIAN_POINT('',(-2.176770486293737,-63.802570605547480,-17.329500000000039));
#6733=CARTESIAN_POINT('',(-2.176770486293737,-63.849999999999994,-17.329500000000039));
#6734=B_SPLINE_CURVE_WITH_KNOTS('',3,(#6682,#6683,#6684,#6685,#6686,#6687,#6688,#6689,#6690,#6691,#6692,#6693,#6694,#6695,#6696,#6697,#6698,#6699,#6700,#6701,#6702,#6703,#6704,#6705,#6706,#6707,#6708,#6709,#6710,#6711,#6712,#6713,#6714,#6715,#6716,#6717,#6718,#6719,#6720,#6721,#6722,#6723,#6724,#6725,#6726,#6727,#6728,#6729,#6730,#6731,#6732,#6733),.UNSPECIFIED.,.T.,.U.,(4,3,3,3,3,3,3,3,3,3,3,3,3,3,3,3,3,4),(0.0,0.056349135312678,0.092087758556979,0.125512575252637,0.184294457524548,0.224929694088341,0.270340787185314,0.304593901591092,0.362664042472532,0.402429908605621,0.462778776372068,0.494646597777679,0.552163421791306,0.590633140722287,0.645428464505707,0.683958606238351,0.741378673165519,0.755607491501272),.UNSPECIFIED.);
#6735=EDGE_CURVE('',#6681,#6681,#6734,.T.);
#6736=ORIENTED_EDGE('',*,*,#6735,.T.);
#6737=EDGE_LOOP('',(#6736));
#6738=FACE_OUTER_BOUND('',#6737,.T.);
#6739=CARTESIAN_POINT('',(-2.499999999999863,-62.649999999999977,-16.100000000000033));
#6740=DIRECTION('',(0.0,-1.0,0.0));
#6741=VECTOR('',#6740,2.400000000000006);
#6742=LINE('',#6739,#6741);
#6743=EDGE_CURVE('',#6619,#6621,#6742,.T.);
#6744=ORIENTED_EDGE('',*,*,#6743,.T.);
#6745=ORIENTED_EDGE('',*,*,#6743,.F.);
#6746=EDGE_LOOP('',(#6744,#6745));
#6747=FACE_BOUND('',#6746,.T.);
#6748=ADVANCED_FACE('',(#6738,#6747),#6679,.T.);
#6749=CARTESIAN_POINT('',(20.913664589602039,-63.849999999999945,-16.100000000000037));
#6750=DIRECTION('',(1.0,1.906925E-015,6.123032E-017));
#6751=DIRECTION('',(0.0,-1.0,0.0));
#6752=AXIS2_PLACEMENT_3D('',#6749,#6750,#6751);
#6753=CYLINDRICAL_SURFACE('',#6752,1.229500000000000);
#6754=ORIENTED_EDGE('',*,*,#6660,.T.);
#6755=EDGE_LOOP('',(#6754));
#6756=FACE_OUTER_BOUND('',#6755,.T.);
#6757=ORIENTED_EDGE('',*,*,#6735,.F.);
#6758=EDGE_LOOP('',(#6757));
#6759=FACE_BOUND('',#6758,.T.);
#6760=ADVANCED_FACE('',(#6756,#6759),#6753,.F.);
#6761=CLOSED_SHELL('',(#6637,#6664,#6674,#6748,#6760));
#6762=ORIENTED_CLOSED_SHELL('',*,#6761,.F.);
#6763=CARTESIAN_POINT('',(2.500000000000136,-70.849999999999980,-16.100000000000044));
#6764=CARTESIAN_POINT('',(1.370015E-013,-72.352151547568880,-16.100000000000044));
#6765=CARTESIAN_POINT('',(2.500000000000135,-70.849999999999980,-18.600000000000044));
#6766=CARTESIAN_POINT('',(1.370015E-013,-72.352151547568880,-16.100000000000044));
#6767=CARTESIAN_POINT('',(1.351056E-013,-70.849999999999980,-18.600000000000044));
#6768=CARTESIAN_POINT('',(1.379701E-013,-72.352151547568880,-16.100000000000044));
#6769=CARTESIAN_POINT('',(-2.499999999999865,-70.849999999999980,-18.600000000000044));
#6770=CARTESIAN_POINT('',(1.389387E-013,-72.352151547568880,-16.100000000000044));
#6771=CARTESIAN_POINT('',(-2.499999999999866,-70.849999999999980,-16.100000000000044));
#6772=CARTESIAN_POINT('',(1.389387E-013,-72.352151547568880,-16.100000000000044));
#6773=CARTESIAN_POINT('',(-2.499999999999865,-70.849999999999980,-13.600000000000046));
#6774=CARTESIAN_POINT('',(1.389387E-013,-72.352151547568880,-16.100000000000044));
#6775=CARTESIAN_POINT('',(1.351056E-013,-70.849999999999980,-13.600000000000044));
#6776=CARTESIAN_POINT('',(1.379701E-013,-72.352151547568880,-16.100000000000044));
#6777=CARTESIAN_POINT('',(2.500000000000135,-70.849999999999980,-13.600000000000046));
#6778=CARTESIAN_POINT('',(1.370015E-013,-72.352151547568880,-16.100000000000044));
#6779=CARTESIAN_POINT('',(2.500000000000136,-70.849999999999980,-16.100000000000044));
#6780=CARTESIAN_POINT('',(1.370015E-013,-72.352151547568880,-16.100000000000044));
#6788=(BOUNDED_SURFACE()B_SPLINE_SURFACE(1,2,((#6763,#6765,#6767,#6769,#6771,#6773,#6775,#6777,#6779),(#6764,#6766,#6768,#6770,#6772,#6774,#6776,#6778,#6780)),.UNSPECIFIED.,.F.,.T.,.U.)B_SPLINE_SURFACE_WITH_KNOTS((2,2),(3,2,2,2,3),(-1.166633397215330,1.166633397215330),(0.0,1.963495408493621,3.926990816987241,5.890486225480862,7.853981633974483),.UNSPECIFIED.)GEOMETRIC_REPRESENTATION_ITEM()RATIONAL_B_SPLINE_SURFACE(((1.0,0.707106781186548,1.0,0.707106781186548,1.0,0.707106781186548,1.0,0.707106781186548,1.0),(1.0,0.707106781186548,1.0,0.707106781186548,1.0,0.707106781186548,1.0,0.707106781186548,1.0)))REPRESENTATION_ITEM('')SURFACE());
#6789=CARTESIAN_POINT('',(-2.499999999999865,-70.849999999999994,-16.100000000000044));
#6790=VERTEX_POINT('',#6789);
#6791=CARTESIAN_POINT('',(1.351056E-013,-70.849999999999994,-16.100000000000044));
#6792=DIRECTION('',(0.0,1.0,0.0));
#6793=DIRECTION('',(-1.0,0.0,0.0));
#6794=AXIS2_PLACEMENT_3D('',#6791,#6792,#6793);
#6795=CIRCLE('',#6794,2.500000000000000);
#6796=EDGE_CURVE('',#6790,#6790,#6795,.T.);
#6797=ORIENTED_EDGE('',*,*,#6796,.T.);
#6798=EDGE_LOOP('',(#6797));
#6799=FACE_OUTER_BOUND('',#6798,.T.);
#6800=ADVANCED_FACE('',(#6799),#6788,.F.);
#6801=CARTESIAN_POINT('',(2.500000000000131,-68.850000000000037,-16.100000000000041));
#6802=CARTESIAN_POINT('',(2.500000000000135,-70.849999999999994,-16.100000000000041));
#6803=CARTESIAN_POINT('',(2.500000000000131,-68.850000000000037,-18.600000000000041));
#6804=CARTESIAN_POINT('',(2.500000000000135,-70.849999999999994,-18.600000000000041));
#6805=CARTESIAN_POINT('',(1.312918E-013,-68.850000000000037,-18.600000000000041));
#6806=CARTESIAN_POINT('',(1.351056E-013,-70.849999999999994,-18.600000000000041));
#6807=CARTESIAN_POINT('',(-2.499999999999868,-68.850000000000037,-18.600000000000041));
#6808=CARTESIAN_POINT('',(-2.499999999999865,-70.849999999999994,-18.600000000000041));
#6809=CARTESIAN_POINT('',(-2.499999999999868,-68.850000000000037,-16.100000000000041));
#6810=CARTESIAN_POINT('',(-2.499999999999865,-70.849999999999994,-16.100000000000041));
#6811=CARTESIAN_POINT('',(-2.499999999999868,-68.850000000000037,-13.600000000000041));
#6812=CARTESIAN_POINT('',(-2.499999999999865,-70.849999999999994,-13.600000000000041));
#6813=CARTESIAN_POINT('',(1.312918E-013,-68.850000000000037,-13.600000000000041));
#6814=CARTESIAN_POINT('',(1.351056E-013,-70.849999999999994,-13.600000000000041));
#6815=CARTESIAN_POINT('',(2.500000000000131,-68.850000000000037,-13.600000000000041));
#6816=CARTESIAN_POINT('',(2.500000000000135,-70.849999999999994,-13.600000000000041));
#6817=CARTESIAN_POINT('',(2.500000000000131,-68.850000000000037,-16.100000000000041));
#6818=CARTESIAN_POINT('',(2.500000000000135,-70.849999999999994,-16.100000000000041));
#6826=(BOUNDED_SURFACE()B_SPLINE_SURFACE(1,2,((#6801,#6803,#6805,#6807,#6809,#6811,#6813,#6815,#6817),(#6802,#6804,#6806,#6808,#6810,#6812,#6814,#6816,#6818)),.UNSPECIFIED.,.F.,.T.,.U.)B_SPLINE_SURFACE_WITH_KNOTS((2,2),(3,2,2,2,3),(2.000000000000023,2.800000000000006),(0.0,3.926990816987241,7.853981633974483,11.780972450961723,15.707963267948966),.UNSPECIFIED.)GEOMETRIC_REPRESENTATION_ITEM()RATIONAL_B_SPLINE_SURFACE(((1.0,0.707106781186548,1.0,0.707106781186548,1.0,0.707106781186548,1.0,0.707106781186548,1.0),(1.0,0.707106781186548,1.0,0.707106781186548,1.0,0.707106781186548,1.0,0.707106781186548,1.0)))REPRESENTATION_ITEM('')SURFACE());
#6827=CARTESIAN_POINT('',(1.309856E-013,-68.850000000000037,-13.600000000000039));
#6828=VERTEX_POINT('',#6827);
#6829=CARTESIAN_POINT('',(1.312918E-013,-68.850000000000037,-16.100000000000041));
#6830=DIRECTION('',(0.0,1.0,0.0));
#6831=DIRECTION('',(-1.0,0.0,0.0));
#6832=AXIS2_PLACEMENT_3D('',#6829,#6830,#6831);
#6833=CIRCLE('',#6832,2.500000000000000);
#6834=EDGE_CURVE('',#6828,#6828,#6833,.T.);
#6835=ORIENTED_EDGE('',*,*,#6834,.T.);
#6836=EDGE_LOOP('',(#6835));
#6837=FACE_OUTER_BOUND('',#6836,.T.);
#6838=ORIENTED_EDGE('',*,*,#6796,.F.);
#6839=EDGE_LOOP('',(#6838));
#6840=FACE_BOUND('',#6839,.T.);
#6841=ADVANCED_FACE('',(#6837,#6840),#6826,.F.);
#6842=CARTESIAN_POINT('',(1.331987E-013,-69.850000000000037,-14.850000000000039));
#6843=DIRECTION('',(0.0,-1.0,0.0));
#6844=DIRECTION('',(1.0,0.0,0.0));
#6845=AXIS2_PLACEMENT_3D('',#6842,#6843,#6844);
#6846=PLANE('',#6845);
#6847=CARTESIAN_POINT('',(1.333824E-013,-69.850000000000037,-14.600000000000041));
#6848=VERTEX_POINT('',#6847);
#6849=CARTESIAN_POINT('',(1.331987E-013,-69.850000000000037,-16.100000000000037));
#6850=DIRECTION('',(0.0,1.0,0.0));
#6851=DIRECTION('',(0.0,0.0,-1.0));
#6852=AXIS2_PLACEMENT_3D('',#6849,#6850,#6851);
#6853=CIRCLE('',#6852,1.500000000000000);
#6854=EDGE_CURVE('',#6848,#6848,#6853,.T.);
#6855=ORIENTED_EDGE('',*,*,#6854,.F.);
#6856=EDGE_LOOP('',(#6855));
#6857=FACE_OUTER_BOUND('',#6856,.T.);
#6858=ADVANCED_FACE('',(#6857),#6846,.T.);
#6859=CARTESIAN_POINT('',(1.322452E-013,-69.350000000000037,-16.100000000000037));
#6860=DIRECTION('',(-1.906925E-015,1.0,4.727384E-016));
#6861=DIRECTION('',(0.0,0.0,-1.0));
#6862=AXIS2_PLACEMENT_3D('',#6859,#6860,#6861);
#6863=CONICAL_SURFACE('',#6862,2.000000000000000,45.000000000000135);
#6864=ORIENTED_EDGE('',*,*,#6834,.F.);
#6865=EDGE_LOOP('',(#6864));
#6866=FACE_OUTER_BOUND('',#6865,.T.);
#6867=ORIENTED_EDGE('',*,*,#6854,.T.);
#6868=EDGE_LOOP('',(#6867));
#6869=FACE_BOUND('',#6868,.T.);
#6870=ADVANCED_FACE('',(#6866,#6869),#6863,.T.);
#6871=CLOSED_SHELL('',(#6800,#6841,#6858,#6870));
#6872=ORIENTED_CLOSED_SHELL('',*,#6871,.F.);
#6873=BREP_WITH_VOIDS('',#6462,(#6612,#6762,#6872));
#6874=COLOUR_RGB('Default',0.752941012382507,0.752941012382507,0.752941012382507);
#6875=FILL_AREA_STYLE_COLOUR('Default',#6874);
#6876=FILL_AREA_STYLE('Default',(#6875));
#6877=SURFACE_STYLE_FILL_AREA(#6876);
#6878=SURFACE_SIDE_STYLE('Default',(#6877));
#6879=SURFACE_STYLE_USAGE(.BOTH.,#6878);
#6880=PRESENTATION_STYLE_ASSIGNMENT((#6879));
#6881=STYLED_ITEM('',(#6880),#6873);
#6882=MECHANICAL_DESIGN_GEOMETRIC_PRESENTATION_REPRESENTATION('',(#6881),#36);
#6883=ADVANCED_BREP_SHAPE_REPRESENTATION('ABSR',(#6873),#36);
#6884=SHAPE_REPRESENTATION_RELATIONSHIP('SRR','None',#6883,#41);
ENDSEC;
END-ISO-10303-21;
