  0
SECTION
  2
HEADER
  9
$ACADVER
  1
AC1015
  9
$ACADMAINTVER
 70
    20
  9
$DWGCODEPAGE
  3
ANSI_932
  9
$INSBASE
 10
0.0
 20
0.0
 30
0.0
  9
$EXTMIN
 10
21.46281712439713
 20
12.99946791562183
 30
-0.0015258207003583
  9
$EXTMAX
 10
72.89737085380739
 20
101.2238780500179
 30
0.0000000349246037
  9
$LIMMIN
 10
0.0
 20
0.0
  9
$LIMMAX
 10
1189.0
 20
841.0
  9
$ORTHOMODE
 70
     1
  9
$REGENMODE
 70
     1
  9
$FILLMODE
 70
     1
  9
$QTEXTMODE
 70
     0
  9
$MIRRTEXT
 70
     0
  9
$LTSCALE
 40
1.0
  9
$ATTMODE
 70
     1
  9
$TEXTSIZE
 40
3.5
  9
$TRACEWID
 40
1.0
  9
$TEXTSTYLE
  7
PROFI_STYLE
  9
$CLAYER
  8
0
  9
$CELTYPE
  6
ByLayer
  9
$CECOLOR
 62
   256
  9
$CELTSCALE
 40
1.0
  9
$DISPSILH
 70
     0
  9
$DIMSCALE
 40
1.0
  9
$DIMASZ
 40
2.5
  9
$DIMEXO
 40
1.0
  9
$DIMDLI
 40
10.0
  9
$DIMRND
 40
0.0
  9
$DIMDLE
 40
0.0
  9
$DIMEXE
 40
1.0
  9
$DIMTP
 40
0.0
  9
$DIMTM
 40
0.0
  9
$DIMTXT
 40
3.5
  9
$DIMCEN
 40
4.0
  9
$DIMTSZ
 40
0.0
  9
$DIMTOL
 70
     0
  9
$DIMLIM
 70
     0
  9
$DIMTIH
 70
     0
  9
$DIMTOH
 70
     0
  9
$DIMSE1
 70
     0
  9
$DIMSE2
 70
     0
  9
$DIMTAD
 70
     3
  9
$DIMZIN
 70
     9
  9
$DIMBLK
  1

  9
$DIMASO
 70
     1
  9
$DIMSHO
 70
     1
  9
$DIMPOST
  1

  9
$DIMAPOST
  1

  9
$DIMALT
 70
     0
  9
$DIMALTD
 70
     2
  9
$DIMALTF
 40
0.03937
  9
$DIMLFAC
 40
1.0
  9
$DIMTOFL
 70
     1
  9
$DIMTVP
 40
0.0
  9
$DIMTIX
 70
     0
  9
$DIMSOXD
 70
     0
  9
$DIMSAH
 70
     1
  9
$DIMBLK1
  1
Open
  9
$DIMBLK2
  1
Open
  9
$DIMSTYLE
  2
PROFI_JIS
  9
$DIMCLRD
 70
   256
  9
$DIMCLRE
 70
   256
  9
$DIMCLRT
 70
   256
  9
$DIMTFAC
 40
0.5
  9
$DIMGAP
 40
1.0
  9
$DIMJUST
 70
     0
  9
$DIMSD1
 70
     0
  9
$DIMSD2
 70
     0
  9
$DIMTOLJ
 70
     1
  9
$DIMTZIN
 70
     8
  9
$DIMALTZ
 70
     0
  9
$DIMALTTZ
 70
     0
  9
$DIMUPT
 70
     0
  9
$DIMDEC
 70
     2
  9
$DIMTDEC
 70
     2
  9
$DIMALTU
 70
     2
  9
$DIMALTTD
 70
     3
  9
$DIMTXSTY
  7
PROFI_STYLE
  9
$DIMAUNIT
 70
     0
  9
$DIMADEC
 70
     2
  9
$DIMALTRND
 40
0.0
  9
$DIMAZIN
 70
     2
  9
$DIMDSEP
 70
    46
  9
$DIMATFIT
 70
     0
  9
$DIMFRAC
 70
     0
  9
$DIMLDRBLK
  1
Open
  9
$DIMLUNIT
 70
     2
  9
$DIMLWD
 70
    -2
  9
$DIMLWE
 70
    -2
  9
$DIMTMOVE
 70
     0
  9
$LUNITS
 70
     2
  9
$LUPREC
 70
     2
  9
$SKETCHINC
 40
1.0
  9
$FILLETRAD
 40
10.0
  9
$AUNITS
 70
     0
  9
$AUPREC
 70
     0
  9
$MENU
  1
.
  9
$ELEVATION
 40
0.0
  9
$PELEVATION
 40
0.0
  9
$THICKNESS
 40
0.0
  9
$LIMCHECK
 70
     0
  9
$CHAMFERA
 40
10.0
  9
$CHAMFERB
 40
10.0
  9
$CHAMFERC
 40
20.0
  9
$CHAMFERD
 40
0.0
  9
$SKPOLY
 70
     0
  9
$TDCREATE
 40
2452597.701646771
  9
$TDUCREATE
 40
2452597.326646771
  9
$TDUPDATE
 40
2457235.576679653
  9
$TDUUPDATE
 40
2457235.201679653
  9
$TDINDWG
 40
0.7144414931
  9
$TDUSRTIMER
 40
0.7144411921
  9
$USRTIMER
 70
     1
  9
$ANGBASE
 50
0.0
  9
$ANGDIR
 70
     0
  9
$PDMODE
 70
     1
  9
$PDSIZE
 40
0.0
  9
$PLINEWID
 40
0.0
  9
$SPLFRAME
 70
     0
  9
$SPLINETYPE
 70
     6
  9
$SPLINESEGS
 70
     8
  9
$HANDSEED
  5
15490
  9
$SURFTAB1
 70
     6
  9
$SURFTAB2
 70
     6
  9
$SURFTYPE
 70
     6
  9
$SURFU
 70
     6
  9
$SURFV
 70
     6
  9
$UCSBASE
  2

  9
$UCSNAME
  2

  9
$UCSORG
 10
0.0
 20
0.0
 30
0.0
  9
$UCSXDIR
 10
1.0
 20
0.0
 30
0.0
  9
$UCSYDIR
 10
0.0
 20
1.0
 30
0.0
  9
$UCSORTHOREF
  2

  9
$UCSORTHOVIEW
 70
     0
  9
$UCSORGTOP
 10
0.0
 20
0.0
 30
0.0
  9
$UCSORGBOTTOM
 10
0.0
 20
0.0
 30
0.0
  9
$UCSORGLEFT
 10
0.0
 20
0.0
 30
0.0
  9
$UCSORGRIGHT
 10
0.0
 20
0.0
 30
0.0
  9
$UCSORGFRONT
 10
0.0
 20
0.0
 30
0.0
  9
$UCSORGBACK
 10
0.0
 20
0.0
 30
0.0
  9
$PUCSBASE
  2

  9
$PUCSNAME
  2

  9
$PUCSORG
 10
0.0
 20
0.0
 30
0.0
  9
$PUCSXDIR
 10
1.0
 20
0.0
 30
0.0
  9
$PUCSYDIR
 10
0.0
 20
1.0
 30
0.0
  9
$PUCSORTHOREF
  2

  9
$PUCSORTHOVIEW
 70
     0
  9
$PUCSORGTOP
 10
0.0
 20
0.0
 30
0.0
  9
$PUCSORGBOTTOM
 10
0.0
 20
0.0
 30
0.0
  9
$PUCSORGLEFT
 10
0.0
 20
0.0
 30
0.0
  9
$PUCSORGRIGHT
 10
0.0
 20
0.0
 30
0.0
  9
$PUCSORGFRONT
 10
0.0
 20
0.0
 30
0.0
  9
$PUCSORGBACK
 10
0.0
 20
0.0
 30
0.0
  9
$USERI1
 70
     6
  9
$USERI2
 70
 21500
  9
$USERI3
 70
     0
  9
$USERI4
 70
     0
  9
$USERI5
 70
     0
  9
$USERR1
 40
1.0
  9
$USERR2
 40
1.0
  9
$USERR3
 40
0.0
  9
$USERR4
 40
0.0
  9
$USERR5
 40
0.0
  9
$WORLDVIEW
 70
     1
  9
$SHADEDGE
 70
     2
  9
$SHADEDIF
 70
    70
  9
$TILEMODE
 70
     1
  9
$MAXACTVP
 70
    64
  9
$PINSBASE
 10
0.0
 20
0.0
 30
0.0
  9
$PLIMCHECK
 70
     0
  9
$PEXTMIN
 10
1.000000000000000E+20
 20
1.000000000000000E+20
 30
1.000000000000000E+20
  9
$PEXTMAX
 10
-1.000000000000000E+20
 20
-1.000000000000000E+20
 30
-1.000000000000000E+20
  9
$PLIMMIN
 10
0.0
 20
0.0
  9
$PLIMMAX
 10
420.0
 20
297.0
  9
$UNITMODE
 70
     0
  9
$VISRETAIN
 70
     1
  9
$PLINEGEN
 70
     0
  9
$PSLTSCALE
 70
     1
  9
$TREEDEPTH
 70
  3020
  9
$CMLSTYLE
  2
Standard
  9
$CMLJUST
 70
     0
  9
$CMLSCALE
 40
20.0
  9
$PROXYGRAPHICS
 70
     1
  9
$MEASUREMENT
 70
     0
  9
$CELWEIGHT
370
    -1
  9
$ENDCAPS
280
     0
  9
$JOINSTYLE
280
     0
  9
$LWDISPLAY
290
     0
  9
$INSUNITS
 70
     4
  9
$HYPERLINKBASE
  1

  9
$STYLESHEET
  1
PEN1.CTB
  9
$XEDIT
290
     1
  9
$CEPSNTYPE
380
     0
  9
$PSTYLEMODE
290
     1
  9
$FINGERPRINTGUID
  2
{CEB71109-B549-4C12-A0E8-CE08F02F4AFF}
  9
$VERSIONGUID
  2
{98EBA93A-F31D-4341-8413-0FBD891B25E1}
  9
$EXTNAMES
290
     1
  9
$PSVPSCALE
 40
0.0
  9
$OLESTARTUP
290
     0
  0
ENDSEC
  0
SECTION
  2
CLASSES
  0
CLASS
  1
ACDBDICTIONARYWDFLT
  2
AcDbDictionaryWithDefault
  3
ObjectDBX Classes
 90
        0
280
     0
281
     0
  0
CLASS
  1
ACDBPLACEHOLDER
  2
AcDbPlaceHolder
  3
ObjectDBX Classes
 90
        0
280
     0
281
     0
  0
CLASS
  1
LAYOUT
  2
AcDbLayout
  3
ObjectDBX Classes
 90
        0
280
     0
281
     0
  0
CLASS
  1
MATERIAL
  2
AcDbMaterial
  3
ObjectDBX Classes
 90
     1153
280
     0
281
     0
  0
CLASS
  1
VISUALSTYLE
  2
AcDbVisualStyle
  3
ObjectDBX Classes
 90
     4095
280
     0
281
     0
  0
CLASS
  1
TABLESTYLE
  2
AcDbTableStyle
  3
ObjectDBX Classes
 90
     4095
280
     0
281
     0
  0
CLASS
  1
SCALE
  2
AcDbScale
  3
ObjectDBX Classes
 90
     1153
280
     0
281
     0
  0
CLASS
  1
MLEADERSTYLE
  2
AcDbMLeaderStyle
  3
ACDB_MLEADERSTYLE_CLASS
 90
     4095
280
     0
281
     0
  0
CLASS
  1
ACDBSECTIONVIEWSTYLE
  2
AcDbSectionViewStyle
  3
ObjectDBX Classes
 90
     1025
280
     0
281
     0
  0
CLASS
  1
ACDBDETAILVIEWSTYLE
  2
AcDbDetailViewStyle
  3
ObjectDBX Classes
 90
     1025
280
     0
281
     0
  0
CLASS
  1
AMGSETTINGSOBJ
  2
AmgSettingsObj
  3
"AcadM|Product Description: AutoCAD Mechanical|Company: Autodesk, Inc."
 90
     1024
280
     0
281
     0
  0
CLASS
  1
ACME_DOCUMENT
  2
AcMeDbDoc
  3
AcMeServices
 90
     1024
280
     0
281
     0
  0
CLASS
  1
ACMESCOPE
  2
AcMeScope
  3
AcMeServices
 90
     1024
280
     0
281
     0
  0
CLASS
  1
ACMECOMMANDHISTORY
  2
AcMeCommandHistory
  3
AcMeServices
 90
     1024
280
     0
281
     0
  0
CLASS
  1
ACIMSYSVARMAN
  2
AcImSysVarManager
  3
AcMeServices
 90
     1024
280
     0
281
     0
  0
CLASS
  1
ACIMINTSYSVAR
  2
AcImIntSysVar
  3
AcMeServices
 90
     1024
280
     0
281
     0
  0
CLASS
  1
ACMESTATEMGR
  2
AcMeStateMgr
  3
AcMeServices
 90
     1024
280
     0
281
     0
  0
CLASS
  1
ACDBENTITYCACHE
  2
AcMeEntityCache
  3
AcMeServices
 90
     1024
280
     0
281
     0
  0
CLASS
  1
ACGREFMASTER
  2
AcGrefMaster
  3
AcAttribServices
 90
     1024
280
     0
281
     0
  0
CLASS
  1
ACME_DATABASE
  2
AcMeDbDatabase
  3
AcMeServices
 90
     1024
280
     0
281
     0
  0
CLASS
  1
ACRFINSADJUSTERMGR
  2
AcRfInsAdjusterMgr
  3
AcMeServices
 90
     1024
280
     0
281
     0
  0
CLASS
  1
ACGREFACADMASTER
  2
AcGrefacadMaster
  3
AcGrefServices
 90
     1024
280
     0
281
     0
  0
CLASS
  1
AMDTMENUSTATEMGR
  2
AmdtMenuStateMgr
  3
McadcomServices
 90
     1024
280
     0
281
     0
  0
CLASS
  1
AMDTMCOMMENUSTATE
  2
AmdtMcomMenuState
  3
McadcomServices
 90
     1024
280
     0
281
     0
  0
CLASS
  1
AMIMASTER
  2
AmiMaster
  3
AmiServices
 90
     1024
280
     0
281
     0
  0
CLASS
  1
MAPIAMMOUDLE
  2
MApiAmModule
  3
MApiAmServices
 90
     1024
280
     0
281
     0
  0
CLASS
  1
ACIMSTRSYSVAR
  2
AcImStrSysVar
  3
AcMeServices
 90
     1024
280
     0
281
     0
  0
CLASS
  1
AMDTAMMENUSTATE
  2
AmdtAmMenuState
  3
DesignerAssemblies
 90
     1024
280
     0
281
     0
  0
CLASS
  1
ACAMPROJECT
  2
AcAmProject
  3
DesignerAssemblies
 90
     1024
280
     0
281
     0
  0
CLASS
  1
ACAMGRCOMPDEF
  2
AcAmGrCompDef
  3
DesignerAssemblies
 90
     1024
280
     0
281
     0
  0
CLASS
  1
ACAMCOMPDEF
  2
AcAmCompDef
  3
DesignerAssemblies
 90
     1024
280
     0
281
     0
  0
CLASS
  1
ACAMCOMPDEFMGR
  2
AcAmCompDefMgr
  3
DesignerAssemblies
 90
     1024
280
     0
281
     0
  0
CLASS
  1
AMCONTEXTMGR
  2
AcAmContextMgr
  3
DesignerAssemblies
 90
     1024
280
     0
281
     0
  0
CLASS
  1
ACAMCONTEXTMODELER
  2
AcAmContextModeler
  3
DesignerAssemblies
 90
     1024
280
     0
281
     0
  0
CLASS
  1
ACMDATADICTIONARY
  2
AcmDataDictionary
  3
"AcmSymBB|Product Description: AutoCAD Mechanical|Company: Autodesk, Inc."
 90
     1024
280
     0
281
     0
  0
CLASS
  1
ACAMGRCOMPDEFSET
  2
AcAmGrCompDefSet
  3
DesignerAssemblies
 90
     1024
280
     0
281
     0
  0
CLASS
  1
AMDTBROWSERDBTAB
  2
AmdtBrowserDbTab
  3
McadcomServices
 90
     1024
280
     0
281
     0
  0
CLASS
  1
CBROWSERAPPOBJECT
  2
CBrowserAppObject
  3
McadcomServices
 90
     1024
280
     0
281
     0
  0
CLASS
  1
DM_PLACEHOLDER
  2
AcDmSelsetPlaceholder
  3
McadcomServices
 90
     1024
280
     0
281
     0
  0
CLASS
  1
EXACXREFPANELOBJECT
  2
ExAcXREFPanelObject
  3
EXAC_ESW
 90
     1025
280
     0
281
     0
  0
CLASS
  1
NPOCOLLECTION
  2
AcDbImpNonPersistentObjectsCollection
  3
ObjectDBX Classes
 90
     1153
280
     0
281
     0
  0
CLASS
  1
ACMSTANDARDANSI
  2
AcmStandardANSI
  3
"Amdt_StdImp|Product Description: AutoCAD Mechanical|Company: Autodesk, Inc."
 90
     1024
280
     0
281
     0
  0
CLASS
  1
ACMSURFSTANDARDANSI
  2
AcmSurfTextStdANSI
  3
"Amdt_StdImp|Product Description: AutoCAD Mechanical|Company: Autodesk, Inc."
 90
     1024
280
     0
281
     0
  0
CLASS
  1
ACMFCFSTANDARDANSI
  2
AcmFCFStdANSI
  3
"Amdt_StdImp|Product Description: AutoCAD Mechanical|Company: Autodesk, Inc."
 90
     1024
280
     0
281
     0
  0
CLASS
  1
ACMWELDSTANDARDANSI
  2
AcmWeldingStdANSI
  3
"Amdt_StdImp|Product Description: AutoCAD Mechanical|Company: Autodesk, Inc."
 90
     1024
280
     0
281
     0
  0
CLASS
  1
ACMIDSTANDARDANSI
  2
AcmIdStdANSI
  3
"Amdt_StdImp|Product Description: AutoCAD Mechanical|Company: Autodesk, Inc."
 90
     1024
280
     0
281
     0
  0
CLASS
  1
ACMDATUMSTANDARDANSI
  2
AcmDatumStdANSI
  3
"Amdt_StdImp|Product Description: AutoCAD Mechanical|Company: Autodesk, Inc."
 90
     1024
280
     0
281
     0
  0
CLASS
  1
ACMBOMSTANDARDANSI
  2
AcmBOMStdANSI
  3
"Amdt_StdImp|Product Description: AutoCAD Mechanical|Company: Autodesk, Inc."
 90
     1024
280
     0
281
     0
  0
CLASS
  1
ACMDETAILSTANDARDANSI
  2
AmdtDetailSymStdANSI
  3
"Amdt_StdImp|Product Description: AutoCAD Mechanical|Company: Autodesk, Inc."
 90
     1024
280
     0
281
     0
  0
CLASS
  1
ACMSECTIONSTANDARDANSI
  2
AmdtSectionSymStdANSI
  3
"Amdt_StdImp|Product Description: AutoCAD Mechanical|Company: Autodesk, Inc."
 90
     1024
280
     0
281
     0
  0
CLASS
  1
ACMCENTERLINESTANDARDANSI
  2
AmdtCenterLineStdANSI
  3
"Amdt_StdImp|Product Description: AutoCAD Mechanical|Company: Autodesk, Inc."
 90
     1024
280
     0
281
     0
  0
CLASS
  1
ACMTHREADLINESTANDARDANSI
  2
AmdtThreadLineStdANSI
  3
"Amdt_StdImp|Product Description: AutoCAD Mechanical|Company: Autodesk, Inc."
 90
     1024
280
     0
281
     0
  0
CLASS
  1
ACMNOTESTANDARDANSI
  2
AmdtNoteStdANSI
  3
"Amdt_StdImp|Product Description: AutoCAD Mechanical|Company: Autodesk, Inc."
 90
     1024
280
     0
281
     0
  0
CLASS
  1
ACMTAPERSTANDARDANSI
  2
AcmTaperStdANSI
  3
"Amdt_StdImp|Product Description: AutoCAD Mechanical|Company: Autodesk, Inc."
 90
     1024
280
     0
281
     0
  0
CLASS
  1
ACMANOOTATIONVIEWSTANDARDANSI
  2
AmdtAnViewStdANSI
  3
"Amdt_StdImp|Product Description: AutoCAD Mechanical|Company: Autodesk, Inc."
 90
     1024
280
     0
281
     0
  0
CLASS
  1
ACAMGLAYSTD
  2
AcAmgLayStd
  3
"AmgLay|Product Description: AutoCAD Mechanical|Company: Autodesk, Inc."
 90
     1024
280
     0
281
     0
  0
CLASS
  1
ACAMGDIMSTD
  2
AcAmgDimStd
  3
"AmgDim|Product Description: AutoCAD Mechanical|Company: Autodesk, Inc."
 90
     1024
280
     0
281
     0
  0
CLASS
  1
AMGOBJPROPCFG
  2
AmgObjPropCfg
  3
"AmgLay|Product Description: AutoCAD Mechanical|Company: Autodesk, Inc."
 90
     1024
280
     0
281
     0
  0
CLASS
  1
ACAMGHOLECHARTSTDANSI
  2
AcAmgHoleChartStdANSI
  3
AmgDim|Product Description: AutoCAD Mechanical|Company: Autodesk, Inc.
 90
     1024
280
     0
281
     0
  0
CLASS
  1
ACAMGTITLESTD
  2
AcAmgTitleStd
  3
"AmgTitle|Product Description: AutoCAD Mechanical|Company: Autodesk, Inc."
 90
     1024
280
     0
281
     0
  0
CLASS
  1
ACMSECTIONSTANDARDCUSTOM
  2
AmdtSectionSymStdCustom
  3
"Amdt_StdImp|Product Description: AutoCAD Mechanical|Company: Autodesk, Inc."
 90
     1024
280
     0
281
     0
  0
CLASS
  1
ACMDETAILTANDARDCUSTOM
  2
AmdtDetailSymStdCustom
  3
"Amdt_StdImp|Product Description: AutoCAD Mechanical|Company: Autodesk, Inc."
 90
     1024
280
     0
281
     0
  0
CLASS
  1
FIELD
  2
AcDbField
  3
ObjectDBX Classes
 90
     1152
280
     0
281
     0
  0
CLASS
  1
FIELDLIST
  2
AcDbFieldList
  3
ObjectDBX Classes
 90
     1152
280
     0
281
     0
  0
CLASS
  1
AMDTNOTETEMPLATEDB
  2
AmdtNoteTemplateDB
  3
AcmSymBB|Product Description: AutoCAD Mechanical|Company: Autodesk, Inc.
 90
     1024
280
     0
281
     0
  0
CLASS
  1
DICTIONARYVAR
  2
AcDbDictionaryVar
  3
ObjectDBX Classes
 90
        0
280
     0
281
     0
  0
CLASS
  1
CELLSTYLEMAP
  2
AcDbCellStyleMap
  3
ObjectDBX Classes
 90
     1152
280
     0
281
     0
  0
CLASS
  1
ACAMGFILTERDAT
  2
AcAmgFilterDat
  3
"AcadM|Product Description: AutoCAD Mechanical|Company: Autodesk, Inc."
 90
    33792
280
     0
281
     0
  0
CLASS
  1
CAMSSTRUCTBTNSTATE
  2
StructBtnState
  3
DesignerAssemblies
 90
    33792
280
     0
281
     0
  0
CLASS
  1
SORTENTSTABLE
  2
AcDbSortentsTable
  3
ObjectDBX Classes
 90
        0
280
     0
281
     0
  0
CLASS
  1
ACMSTANDARDISO
  2
AcmStandardISO
  3
"Amdt_StdImp|Product Description: AutoCAD Mechanical|Company: Autodesk, Inc."
 90
     1024
280
     0
281
     0
  0
CLASS
  1
AMDTEDGESTANDARDISO13715
  2
AmdtEdgeStdISO13715
  3
"Amdt_StdImp|Product Description: AutoCAD Mechanical|Company: Autodesk, Inc."
 90
     1024
280
     0
281
     0
  0
CLASS
  1
ACMSURFSTANDARDISO2002
  2
AcmSurfTextStdISO2002
  3
"Amdt_StdImp|Product Description: AutoCAD Mechanical|Company: Autodesk, Inc."
 90
     1024
280
     0
281
     0
  0
CLASS
  1
ACMFCFSTANDARDISO2012
  2
AcmFCFStdISO2012
  3
"Amdt_StdImp|Product Description: AutoCAD Mechanical|Company: Autodesk, Inc."
 90
     1024
280
     0
281
     0
  0
CLASS
  1
ACMWELDSTANDARDISO
  2
AcmWeldingStdISO
  3
"Amdt_StdImp|Product Description: AutoCAD Mechanical|Company: Autodesk, Inc."
 90
     1024
280
     0
281
     0
  0
CLASS
  1
ACMIDSTANDARDISO2012
  2
AcmIdStdISO2012
  3
"Amdt_StdImp|Product Description: AutoCAD Mechanical|Company: Autodesk, Inc."
 90
     1024
280
     0
281
     0
  0
CLASS
  1
ACMDATUMSTANDARDISO2012
  2
AcmDatumStdISO2012
  3
"Amdt_StdImp|Product Description: AutoCAD Mechanical|Company: Autodesk, Inc."
 90
     1024
280
     0
281
     0
  0
CLASS
  1
ACMBOMSTANDARDISO
  2
AcmBOMStdISO
  3
"Amdt_StdImp|Product Description: AutoCAD Mechanical|Company: Autodesk, Inc."
 90
     1024
280
     0
281
     0
  0
CLASS
  1
ACMDETAILSTANDARDISO
  2
AmdtDetailSymStdISO
  3
"Amdt_StdImp|Product Description: AutoCAD Mechanical|Company: Autodesk, Inc."
 90
     1024
280
     0
281
     0
  0
CLASS
  1
ACMSECTIONSTANDARDISO2001
  2
AmdtSectionSymStdISO2001
  3
"Amdt_StdImp|Product Description: AutoCAD Mechanical|Company: Autodesk, Inc."
 90
     1024
280
     0
281
     0
  0
CLASS
  1
ACMCENTERLINESTANDARDISO
  2
AmdtCenterLineStdISO
  3
"Amdt_StdImp|Product Description: AutoCAD Mechanical|Company: Autodesk, Inc."
 90
     1024
280
     0
281
     0
  0
CLASS
  1
ACMTHREADLINESTANDARDISO
  2
AmdtThreadLineStdISO
  3
"Amdt_StdImp|Product Description: AutoCAD Mechanical|Company: Autodesk, Inc."
 90
     1024
280
     0
281
     0
  0
CLASS
  1
ACMNOTESTANDARDISO
  2
AmdtNoteStdISO
  3
"Amdt_StdImp|Product Description: AutoCAD Mechanical|Company: Autodesk, Inc."
 90
     1024
280
     0
281
     0
  0
CLASS
  1
ACMTAPERSTANDARDISO
  2
AcmTaperStdISO
  3
"Amdt_StdImp|Product Description: AutoCAD Mechanical|Company: Autodesk, Inc."
 90
     1024
280
     0
281
     0
  0
CLASS
  1
ACMANOOTATIONVIEWSTANDARDISO
  2
AmdtAnViewStdISO
  3
"Amdt_StdImp|Product Description: AutoCAD Mechanical|Company: Autodesk, Inc."
 90
     1024
280
     0
281
     0
  0
CLASS
  1
ACAMGHOLECHARTSTDISO
  2
AcAmgHoleChartStdISO
  3
AmgDim|Product Description: AutoCAD Mechanical|Company: Autodesk, Inc.
 90
     1024
280
     0
281
     0
  0
ENDSEC
  0
SECTION
  2
TABLES
  0
TABLE
  2
VPORT
  5
8
330
0
100
AcDbSymbolTable
 70
     1
  0
VPORT
  5
14160
330
8
100
AcDbSymbolTableRecord
100
AcDbViewportTableRecord
  2
*Active
 70
     0
 10
0.0
 20
0.0
 11
1.0
 21
1.0
 12
47.18009398910226
 22
57.11167298281986
 13
0.0
 23
0.0
 14
1.0
 24
1.0
 15
100.0
 25
100.0
 16
0.0
 26
0.0
 36
1.0
 17
0.0
 27
0.0
 37
0.0
 40
88.94855029965786
 41
2.17945205479452
 42
50.0
 43
0.0
 44
0.0
 50
0.0
 51
0.0
 71
     0
 72
   100
 73
     1
 74
     3
 75
     0
 76
     0
 77
     0
 78
     0
281
     0
 65
     0
110
0.0
120
0.0
130
0.0
111
1.0
121
0.0
131
0.0
112
0.0
122
1.0
132
0.0
 79
     0
146
0.0
1001
ACAD_NAV_VCDISPLAY
1070
     3
  0
ENDTAB
  0
TABLE
  2
LTYPE
  5
5
330
0
100
AcDbSymbolTable
 70
    23
  0
LTYPE
  5
14
330
5
100
AcDbSymbolTableRecord
100
AcDbLinetypeTableRecord
  2
ByBlock
 70
     0
  3

 72
    65
 73
     0
 40
0.0
  0
LTYPE
  5
15
330
5
100
AcDbSymbolTableRecord
100
AcDbLinetypeTableRecord
  2
ByLayer
 70
     0
  3

 72
    65
 73
     0
 40
0.0
  0
LTYPE
  5
16
330
5
100
AcDbSymbolTableRecord
100
AcDbLinetypeTableRecord
  2
Continuous
 70
     0
  3
Solid line
 72
    65
 73
     0
 40
0.0
  0
LTYPE
  5
6F7
330
5
100
AcDbSymbolTableRecord
100
AcDbLinetypeTableRecord
  2
JIS_DASHDOT
 70
     0
  3
-- . -- . --
 72
    65
 73
     4
 40
7.7
 49
3.0
 74
     0
 49
-2.0
 74
     0
 49
0.7
 74
     0
 49
-2.0
 74
     0
  0
LTYPE
  5
13851
330
5
100
AcDbSymbolTableRecord
100
AcDbLinetypeTableRecord
  2
JIS_HIDDEN
 70
     0
  3
-- -- --
 72
    65
 73
     2
 40
5.0
 49
3.0
 74
     0
 49
-2.0
 74
     0
  0
LTYPE
  5
141C0
330
5
100
AcDbSymbolTableRecord
100
AcDbLinetypeTableRecord
  2
HIDDEN
 70
     0
  3
Hidden __ __ __ __ __ __ __ __ __ __ __ __ __ _
 72
    65
 73
     2
 40
0.375
 49
0.25
 74
     0
 49
-0.125
 74
     0
  0
LTYPE
  5
141C1
330
5
100
AcDbSymbolTableRecord
100
AcDbLinetypeTableRecord
  2
PHANTOM2
 70
     0
  3
Phantom (.5x) ___ _ _ ___ _ _ ___ _ _ ___ _ _
 72
    65
 73
     6
 40
1.25
 49
0.625
 74
     0
 49
-0.125
 74
     0
 49
0.125
 74
     0
 49
-0.125
 74
     0
 49
0.125
 74
     0
 49
-0.125
 74
     0
  0
LTYPE
  5
141C2
330
5
100
AcDbSymbolTableRecord
100
AcDbLinetypeTableRecord
  2
CENTER
 70
     0
  3
Center ____ _ ____ _ ____ _ ____ _ ____ _ ____
 72
    65
 73
     4
 40
2.0
 49
1.25
 74
     0
 49
-0.25
 74
     0
 49
0.25
 74
     0
 49
-0.25
 74
     0
  0
LTYPE
  5
141FE
330
5
100
AcDbSymbolTableRecord
100
AcDbLinetypeTableRecord
  2
AM_ISO02W050
 70
     0
  3
__ __ __ __ __ __ __ __ __ __ __ __ __ __ __
 72
    65
 73
     2
 40
7.5
 49
6.0
 74
     0
 49
-1.5
 74
     0
  0
LTYPE
  5
141FF
330
5
100
AcDbSymbolTableRecord
100
AcDbLinetypeTableRecord
  2
AM_ISO08W050
 70
     0
  3
____ . ____ . ____ . ____ . ____ . ____ . ____
 72
    65
 73
     4
 40
18.0
 49
12.0
 74
     0
 49
-1.5
 74
     0
 49
3.0
 74
     0
 49
-1.5
 74
     0
  0
LTYPE
  5
14200
330
5
100
AcDbSymbolTableRecord
100
AcDbLinetypeTableRecord
  2
AM_ISO09W050
 70
     0
  3
_____ . . _____ . . _____ . . ____ .. ____
 72
    65
 73
     6
 40
22.5
 49
12.0
 74
     0
 49
-1.5
 74
     0
 49
3.0
 74
     0
 49
-1.5
 74
     0
 49
3.0
 74
     0
 49
-1.5
 74
     0
  0
LTYPE
  5
14201
330
5
100
AcDbSymbolTableRecord
100
AcDbLinetypeTableRecord
  2
Amconstr
 70
     0
  3
_______________________
 72
    65
 73
     2
 40
9999.0
 49
9999.0
 74
     0
 49
0.0
 74
     0
  0
LTYPE
  5
14202
330
5
100
AcDbSymbolTableRecord
100
AcDbLinetypeTableRecord
  2
AM_ISO08W050x2
 70
     0
  3
__ . __ . __ . __ . __ . __
 72
    65
 73
     4
 40
9.0
 49
6.0
 74
     0
 49
-0.75
 74
     0
 49
1.5
 74
     0
 49
-0.75
 74
     0
  0
LTYPE
  5
14203
330
5
100
AcDbSymbolTableRecord
100
AcDbLinetypeTableRecord
  2
AM_ISO02W050x2
 70
     0
  3
 _ _ _ _ _ _ _ _ _ _ _ _
 72
    65
 73
     2
 40
3.75
 49
3.0
 74
     0
 49
-0.75
 74
     0
  0
LTYPE
  5
14206
330
5
100
AcDbSymbolTableRecord
100
AcDbLinetypeTableRecord
  2
Amzigzag
 70
     0
  3
/\/-/\/-/\/-/\/-/\/-/\/
 72
    65
 73
     2
 40
11.0001
 49
0.0001
 74
     4
 75
   136
340
14205
 46
0.04
 50
0.0
 44
0.0
 45
0.0
 49
-11.0
 74
     0
  0
LTYPE
  5
14207
330
5
100
AcDbSymbolTableRecord
100
AcDbLinetypeTableRecord
  2
CENTER2
 70
     0
  3
Center (.5x) ___ _ ___ _ ___ _ ___ _ ___ _ ___
 72
    65
 73
     4
 40
1.125
 49
0.75
 74
     0
 49
-0.125
 74
     0
 49
0.125
 74
     0
 49
-0.125
 74
     0
  0
LTYPE
  5
14208
330
5
100
AcDbSymbolTableRecord
100
AcDbLinetypeTableRecord
  2
HIDDEN2
 70
     0
  3
Hidden (.5x) _ _ _ _ _ _ _ _ _ _ _ _ _ _ _ _ _
 72
    65
 73
     2
 40
0.1875
 49
0.125
 74
     0
 49
-0.0625
 74
     0
  0
LTYPE
  5
14209
330
5
100
AcDbSymbolTableRecord
100
AcDbLinetypeTableRecord
  2
Amzigzag2
 70
     0
  3
/\/-/\/-/\/-/\/-/\/-/\/
 72
    65
 73
     2
 40
0.4401
 49
0.0001
 74
     4
 75
   136
340
14205
 46
0.0016
 50
0.0
 44
0.0
 45
0.0
 49
-0.4400000000000003
 74
     0
  0
LTYPE
  5
14219
330
5
100
AcDbSymbolTableRecord
100
AcDbLinetypeTableRecord
  2
ACANSTGB
 70
     0
  3
__ . . __ . .
 72
    65
 73
     6
 40
0.35433070866
 49
0.15748031496
 74
     0
 49
-0.03937007874
 74
     0
 49
0.03937007874
 74
     0
 49
-0.03937007874
 74
     0
 49
0.03937007874
 74
     0
 49
-0.03937007874
 74
     0
  0
LTYPE
  5
1421A
330
5
100
AcDbSymbolTableRecord
100
AcDbLinetypeTableRecord
  2
ACANSTGL
 70
     0
  3
_ _ _ _ _
 72
    65
 73
     2
 40
0.11811023622
 49
0.07874015748
 74
     0
 49
-0.03937007874
 74
     0
  0
LTYPE
  5
14BF8
330
5
100
AcDbSymbolTableRecord
100
AcDbLinetypeTableRecord
  2
ACISOWELD
 70
     0
  3
_ _ _ _ _
 72
    65
 73
     2
 40
2.0
 49
2.0
 74
     0
 49
-1.0
 74
     0
  0
LTYPE
  5
14BF9
330
5
100
AcDbSymbolTableRecord
100
AcDbLinetypeTableRecord
  2
ACISOTGL
 70
     0
  3
_ _ _ _ _
 72
    65
 73
     2
 40
3.0
 49
2.0
 74
     0
 49
-1.0
 74
     0
  0
LTYPE
  5
14BFA
330
5
100
AcDbSymbolTableRecord
100
AcDbLinetypeTableRecord
  2
ACISOTGB
 70
     0
  3
__ . . __ . .
 72
    65
 73
     6
 40
9.0
 49
4.0
 74
     0
 49
-1.0
 74
     0
 49
1.0
 74
     0
 49
-1.0
 74
     0
 49
1.0
 74
     0
 49
-1.0
 74
     0
  0
ENDTAB
  0
TABLE
  2
LAYER
  5
2
102
{ACAD_XDICTIONARY
360
6A9
102
}
330
0
100
AcDbSymbolTable
 70
    14
  0
LAYER
  5
10
102
{ACAD_XDICTIONARY
360
14640
102
}
330
2
100
AcDbSymbolTableRecord
100
AcDbLayerTableRecord
  2
0
 70
     0
 62
     7
  6
Continuous
370
    -3
390
F
1001
PROFI
1002
{
1070
  1000
1000
[General]
1000
$Default=JIS
1000
$isMCAD=0
1000
[Drawing]
1000
$PRTextHeight1=3.5
1000
$PRTextHeight2=5
1000
$PRTextHeight3=7
1000
$zigzag1=0.35
1000
$zigzag2=3.0
1000
$zigzag3=1.3
1000
$hpspace0=1
1000
$hpspace1=3
1000
$hpspace2=5
1000
[Drawing.ANSI]
1000
$PRTextHeight1=0.13779
1000
$PRTextHeight2=0.19685
1000
$PRTextHeight3=0.27559
1000
$hpspace0=0.03125
1000
$hpspace1=0.09375
1000
$hpspace2=0.1875
1000
$zigzag1=0.35
1000
$zigzag2=0.125
1000
$zigzag3=1.3
1000
[Drawing.JIS]
1000
$PRTextHeight1=3.15
1000
$PRTextHeight2=4.5
1000
$PRTextHeight3=6.3
1000
$zigzag1=0.35
1000
$zigzag2=3
1000
$zigzag3=1.3
1000
$hpspace0=1
1000
$hpspace1=3
1000
$hpspace2=5
1000
[Modelling]
1000
$pinDraw=1
1000
[Layers]
1000
$LayerSystem=1
1000
$Layer0=外形線,7,
1000
$Layer2=ハッチング,3,
1000
$Layer3=構築線,9,INCONTINUOUS
1000
$Layer5=寸法線,2,
1000
$Layer6=太線,1,
1000
$Layer8=文字,4,
1000
$Layer9=要目表,4,
1000
$Layer10=部品情報,4,,0
1000
$Layer12=部品表,4,
1000
$Layer14=細線,8,
1000
$Layer15=隠線情報,9,,0
1000
$Layer18=ｽｹｯﾁ構築線,7,INCONTINUOUS
1000
$Layer19=文字1,7,
1000
$Layer20=文字2,7,
1000
$Layer21=文字3,3,
1000
$Layer22=軌跡,2,
1000
$Layer23=速度,3,
1000
$Layer24=加速度,4,
1000
$Layer25=PROF_FRM1,1,
1000
$Layer26=PROF_FRM2,7,
1000
$Layer27=PROF_FRM3,244,
1000
$Layer28=PROF_TTBL1,1,
1000
$Layer29=PROF_TTBL2,7,
1000
$Layer30=PROF_TTBL3,7,
1000
$Layer31=PROF_TTBL4,3,
1000
$Layer32=PROF_DIMA,1
1000
$Layer33=PROF_DIMB,2
1000
$Layer34=PROF_HIDEB,9
1000
$Layer35=部品表文字,7,
1000
$Layer36=部品表罫線,4
1000
$Layer37=部品表タイトル仕切線,4
1000
$Layer38=部品表外枠,1
1000
$Layer39=履歴,9
1000
$Layer40=ﾊｲﾄﾞﾛﾘｯｸ記号,7
1000
$Layer41=L1,5,
1000
$Layer42=L2,4,
1000
$Layer43=L3,2,
1000
[Layers.DIN]
1000
$Layer1=ねじ,8,
1000
$Layer4=軸線,6,DIN_DASHDOT
1000
$Layer7=隠れ線,7,DIN_HIDDEN
1000
$Layer11=想像線,6,DIN_DASHDOT2
1000
$Layer13=太い軸線,1,DIN_DASHDOT
1000
$Layer16=DIMHIDDEN,2,DIN_HIDDEN
1000
$Layer17=ｽｹｯﾁ軸線,3,DIN_DASHDOT
1000
[Layers.ISO]
1000
$Layer1=ねじ,8,
1000
$Layer4=軸線,6,ISO_DASHDOT
1000
$Layer7=隠れ線,7,ISO_HIDDEN
1000
$Layer11=想像線,6,ISO_DASHDOT2
1000
$Layer13=太い軸線,1,ISO_DASHDOT
1000
$Layer16=DIMHIDDEN,2,ISO_HIDDEN
1000
$Layer17=ｽｹｯﾁ軸線,3,ISO_DASHDOT
1000
[Layers.BS]
1000
$Layer1=ねじ,8,
1000
$Layer4=軸線,6,BS_DASHDOT
1000
$Layer7=隠れ線,7,BS_HIDDEN
1000
$Layer11=想像線,6,BS_DASHDOT2
1000
$Layer13=太い軸線,1,BS_DASHDOT
1000
$Layer16=DIMHIDDEN,2,BS_HIDDEN
1000
$Layer17=ｽｹｯﾁ軸線,3,BS_DASHDOT
1000
[Layers.JIS]
1000
$Layer1=ねじ,8,,,,
1000
$Layer4=軸線,6,JIS_DASHDOT,,,
1000
$Layer7=隠れ線,3,JIS_HIDDEN,,,
1000
$Layer11=想像線,3,JIS_DASHDOT2,,,
1000
$Layer13=太い軸線,1,JIS_DASHDOT,,,
1000
$Layer16=DIMHIDDEN,2,JIS_HIDDEN,,,
1000
$Layer17=ｽｹｯﾁ軸線,3,JIS_DASHDOT,,,
1000
$Layer0=外形線,7,,,,
1000
$Layer2=ハッチング,3,,,,
1000
$Layer3=構築線,8,INCONTINUOUS,0,,
1000
$Layer5=寸法線,3,,,,
1000
$Layer6=太線,1,,,,
1000
$Layer8=文字,3,,,,
1000
$Layer9=要目表,4,,,,
1000
$Layer10=部品情報,4,,0,,
1000
$Layer12=部品表,4,,,,
1000
$Layer14=細線,3,,,,
1000
$Layer15=隠線情報,9,,0,,
1000
$Layer18=ｽｹｯﾁ構築線,7,INCONTINUOUS,,,
1000
$Layer19=文字1,7,,,,
1000
$Layer20=文字2,7,,,,
1000
$Layer21=文字3,3,,,,
1000
$Layer22=軌跡,2,,,,
1000
$Layer23=速度,3,,,,
1000
$Layer24=加速度,4,,,,
1000
$Layer25=PROF_FRM1,1,,,,
1000
$Layer26=PROF_FRM2,7,,,,
1000
$Layer27=PROF_FRM3,244,,,,
1000
$Layer28=PROF_TTBL1,1,,,,
1000
$Layer29=PROF_TTBL2,7,,,,
1000
$Layer30=PROF_TTBL3,7,,,,
1000
$Layer31=PROF_TTBL4,3,,,,
1000
$Layer32=PROF_DIMA,1,,,,
1000
$Layer33=PROF_DIMB,2,,,,
1000
$Layer34=PROF_HIDEB,9,,,,
1000
$Layer35=部品表文字,7,,,,
1000
$Layer36=部品表罫線,4,,,,
1000
$Layer37=部品表タイトル仕切線,4,,,,
1000
$Layer38=部品表外枠,1,,,,
1000
$Layer39=履歴,9,,,,
1000
$Layer40=ﾊｲﾄﾞﾛﾘｯｸ記号,7,,,,
1000
$Layer41=L1,5,,,,
1000
$Layer42=L2,4,,,,
1000
$Layer43=L3,2,,,,
1000
[Layers.ANSI]
1000
$Layer1=ねじ,8,ANSI_HIDDEN
1000
$Layer4=軸線,6,ANSI_DASHDOT
1000
$Layer7=隠れ線,7,ANSI_HIDDEN
1000
$Layer11=想像線,6,ANSI_DASHDOT2
1000
$Layer13=太い軸線,1,ANSI_DASHDOT
1000
$Layer16=DIMHIDDEN,2,ANSI_HIDDEN
1000
$Layer17=ｽｹｯﾁ軸線,3,ANSI_DASHDOT
1000
[Layers.ANSI_M]
1000
$Layer1=ねじ,8,ISO_HIDDEN
1000
$Layer4=軸線,6,ISO_DASHDOT
1000
$Layer7=隠れ線,7,ISO_HIDDEN
1000
$Layer11=想像線,6,ISO_DASHDOT2
1000
$Layer13=太い軸線,1,ISO_DASHDOT
1000
$Layer16=DIMHIDDEN,2,ISO_HIDDEN
1000
$Layer17=ｽｹｯﾁ軸線,3,ISO_DASHDOT
1000
[Layers.CSN]
1000
$Layer1=ねじ,8,
1000
$Layer4=軸線,6,CSN_DASHDOT
1000
$Layer7=隠れ線,7,CSN_CARKOVANA
1000
$Layer11=想像線,6,CSN_DASHDOT2
1000
$Layer13=太い軸線,1,CSN_DASHDOT
1000
$Layer16=DIMHIDDEN,2,CSN_CARKOVANA
1000
$Layer17=ｽｹｯﾁ軸線,3,CSN_DASHDOT
1000
[Layers.NF]
1000
$Layer1=ねじ,8,
1000
$Layer4=軸線,6,ISO_DASHDOT
1000
$Layer7=隠れ線,7,ISO_HIDDEN
1000
$Layer11=想像線,6,ISO_DASHDOT2
1000
$Layer13=太い軸線,1,ISO_DASHDOT
1000
$Layer16=DIMHIDDEN,2,ISO_HIDDEN
1000
$Layer17=ｽｹｯﾁ軸線,3,ISO_DASHDOT
1000
[BomVariables]
1000
$CONVBOM=1
1000
[BallonVariables]
1000
$BallonTypeActual=circle
1000
$poscale=8
1000
$BallInfoFormat=BOM1,BOM2,BOM3
1000
[BallonVariables.ANSI]
1000
$BallonTypeActual=circle
1000
$poscale=0.32
1000
[BallonVariables.CSN]
1000
$BallonTypeActual=flag
1000
$poscale=8
1000
[BallonsDWG]
1000
$Ballon0=ballflag
1000
$Ballon1=ballcirc
1000
$Ballon2=ballsimp
1000
[BallonsType]
1000
$flag=ballflag,P-DOT,layer6,layer5,0
1000
$circle=ballcirc,OPEN90,layer6,layer5,1.4
1000
$simple=ballsimp,OPEN90,layer6,layer5,1.4
1000
[DrawingData]
1000
$BlockEditName=
1000
$BlockEditId=
1000
$BomName=
1000
$UTDrawingName=PROFDN005QOS2C
1000
[BallonVariables.JIS]
1000
$poscale=3
1000
$BallonTypeActual=circle
1000
[BallonsType.JIS]
1000
$flag=ballflag,P-DOT,layer6,layer5,
1000
$circle=ballcirc,P-DOT,layer6,layer5,
1000
$simple=ballsimp,P-DOT,layer6,layer5,
1000
$風船=ballflag,P-DOT,layer5,layer5,
1002
}
  0
LAYER
  5
6FA
102
{ACAD_XDICTIONARY
360
14642
102
}
330
2
100
AcDbSymbolTableRecord
100
AcDbLayerTableRecord
  2
外形線
 70
     0
 62
     7
  6
Continuous
370
    -3
390
F
  0
LAYER
  5
6FC
102
{ACAD_XDICTIONARY
360
14644
102
}
330
2
100
AcDbSymbolTableRecord
100
AcDbLayerTableRecord
  2
軸線
 70
     0
 62
     6
  6
JIS_DASHDOT
370
    -3
390
F
  0
LAYER
  5
700
330
2
100
AcDbSymbolTableRecord
100
AcDbLayerTableRecord
  2
Defpoints
 70
     0
 62
     7
  6
Continuous
290
     0
370
    -3
390
F
  0
LAYER
  5
ED1A
102
{ACAD_XDICTIONARY
360
14646
102
}
330
2
100
AcDbSymbolTableRecord
100
AcDbLayerTableRecord
  2
細線
 70
     0
 62
     3
  6
Continuous
370
    -3
390
F
  0
LAYER
  5
12089
102
{ACAD_XDICTIONARY
360
14648
102
}
330
2
100
AcDbSymbolTableRecord
100
AcDbLayerTableRecord
  2
寸法線
 70
     0
 62
     3
  6
Continuous
370
    -3
390
F
  0
LAYER
  5
13852
102
{ACAD_XDICTIONARY
360
1464A
102
}
330
2
100
AcDbSymbolTableRecord
100
AcDbLayerTableRecord
  2
隠れ線
 70
     0
 62
     3
  6
JIS_HIDDEN
370
    -3
390
F
  0
LAYER
  5
142F1
102
{ACAD_XDICTIONARY
360
1464C
102
}
330
2
100
AcDbSymbolTableRecord
100
AcDbLayerTableRecord
  2
AM_5
 70
     0
 62
     3
  6
Continuous
370
    15
390
F
1001
AcAecLayerStandard
1000

1000

  0
LAYER
  5
14BFB
330
2
100
AcDbSymbolTableRecord
100
AcDbLayerTableRecord
  2
PROF_FRM1
 70
     0
 62
     1
  6
Continuous
370
    70
390
F
  0
LAYER
  5
14BFC
330
2
100
AcDbSymbolTableRecord
100
AcDbLayerTableRecord
  2
PROF_FRM2
 70
     0
 62
     7
  6
Continuous
370
    50
390
F
  0
LAYER
  5
14BFD
330
2
100
AcDbSymbolTableRecord
100
AcDbLayerTableRecord
  2
PROF_FRM3
 70
     0
 62
   110
  6
Continuous
370
    -3
390
F
  0
LAYER
  5
14BFE
330
2
100
AcDbSymbolTableRecord
100
AcDbLayerTableRecord
  2
PROF_TTBL1
 70
     0
 62
   110
  6
Continuous
370
    -3
390
F
  0
LAYER
  5
14BFF
330
2
100
AcDbSymbolTableRecord
100
AcDbLayerTableRecord
  2
PROF_TTBL2
 70
     0
 62
     5
  6
Continuous
370
    -3
390
F
  0
LAYER
  5
14C00
102
{ACAD_XDICTIONARY
360
14C01
102
}
330
2
100
AcDbSymbolTableRecord
100
AcDbLayerTableRecord
  2
Visible (ISO)
 70
     0
 62
     7
  6
Continuous
370
    35
390
F
  0
ENDTAB
  0
TABLE
  2
STYLE
  5
3
330
0
100
AcDbSymbolTable
 70
     7
  0
STYLE
  5
11
330
3
100
AcDbSymbolTableRecord
100
AcDbTextStyleTableRecord
  2
Standard
 70
     0
 40
0.0
 41
1.0
 50
0.0
 71
     0
 42
2.5
  3
txt
  4

  0
STYLE
  5
4E
330
3
100
AcDbSymbolTableRecord
100
AcDbTextStyleTableRecord
  2
PROFI_STYLE
 70
     0
 40
0.0
 41
1.0
 50
0.0
 71
     0
 42
3.5
  3
MS Gothic.ttf
  4

1001
ACAD
1000
MS Gothic
1071
    32817
  0
STYLE
  5
14205
330
3
100
AcDbSymbolTableRecord
100
AcDbTextStyleTableRecord
  2

 70
     1
 40
0.0
 41
1.0
 50
0.0
 71
     0
 42
3.5
  3
genltshp.shx
  4

  0
STYLE
  5
14217
330
3
100
AcDbSymbolTableRecord
100
AcDbTextStyleTableRecord
  2
ACANSTS
 70
     0
 40
0.0
 41
1.0
 50
0.0
 71
     0
 42
3.5
  3
romans.shx
  4
extfont.shx
  0
STYLE
  5
14218
330
3
100
AcDbSymbolTableRecord
100
AcDbTextStyleTableRecord
  2
ACANSGDT
 70
     0
 40
0.0
 41
1.0
 50
0.0
 71
     0
 42
3.5
  3
amgdt.shx
  4

  0
STYLE
  5
14C02
330
3
100
AcDbSymbolTableRecord
100
AcDbTextStyleTableRecord
  2
FRMSTR
 70
     0
 40
0.0
 41
1.0
 50
0.0
 71
     0
 42
3.5
  3

  4

1001
ACAD
1000
MS Gothic
1071
    32817
  0
STYLE
  5
14C03
330
3
100
AcDbSymbolTableRecord
100
AcDbTextStyleTableRecord
  2
ACISOGDT
 70
     0
 40
0.0
 41
1.0
 50
0.0
 71
     0
 42
3.5
  3
amgdt.shx
  4

  0
ENDTAB
  0
TABLE
  2
VIEW
  5
6
330
0
100
AcDbSymbolTable
 70
     1
  0
VIEW
  5
12E3C
330
6
100
AcDbSymbolTableRecord
100
AcDbViewTableRecord
  2
OLE1
 70
     0
 40
437.2972888105977
 10
175.7594414281111
 20
123.8167596812387
 41
418.3079524478546
 11
0.0
 21
0.0
 31
1.0
 12
0.0
 22
0.0
 32
0.0
 42
50.0
 43
0.0
 44
0.0
 50
0.0
 71
     0
281
     0
 72
     0
  0
ENDTAB
  0
TABLE
  2
UCS
  5
7
330
0
100
AcDbSymbolTable
 70
     0
  0
ENDTAB
  0
TABLE
  2
APPID
  5
9
330
0
100
AcDbSymbolTable
 70
    22
  0
APPID
  5
12
330
9
100
AcDbSymbolTableRecord
100
AcDbRegAppTableRecord
  2
ACAD
 70
     0
  0
APPID
  5
33
330
9
100
AcDbSymbolTableRecord
100
AcDbRegAppTableRecord
  2
PROFI
 70
     0
  0
APPID
  5
6219
330
9
100
AcDbSymbolTableRecord
100
AcDbRegAppTableRecord
  2
GENIUS_GENODEF_13
 70
     0
  0
APPID
  5
621A
330
9
100
AcDbSymbolTableRecord
100
AcDbRegAppTableRecord
  2
ACAD_DSTYLE_DIMARC_LENGTH_SYMBOL
 70
     0
  0
APPID
  5
621B
330
9
100
AcDbSymbolTableRecord
100
AcDbRegAppTableRecord
  2
GENIUS_GENOBJ-N-FIL_13
 70
     0
  0
APPID
  5
F20B
330
9
100
AcDbSymbolTableRecord
100
AcDbRegAppTableRecord
  2
ACAD_PSEXT
 70
     0
  0
APPID
  5
F868
330
9
100
AcDbSymbolTableRecord
100
AcDbRegAppTableRecord
  2
GENIUS_GENDTOL_13
 70
     0
  0
APPID
  5
10525
330
9
100
AcDbSymbolTableRecord
100
AcDbRegAppTableRecord
  2
ACAD_DSTYLE_DIMINSPECT
 70
     0
  0
APPID
  5
141B9
330
9
100
AcDbSymbolTableRecord
100
AcDbRegAppTableRecord
  2
MCAD_NO_VIS
 70
     0
  0
APPID
  5
141BA
330
9
100
AcDbSymbolTableRecord
100
AcDbRegAppTableRecord
  2
ACAD_TEMP_GRAPHIC
 70
     0
  0
APPID
  5
141C7
330
9
100
AcDbSymbolTableRecord
100
AcDbRegAppTableRecord
  2
ACATTRIBSERVICES
 70
     0
  0
APPID
  5
141DF
330
9
100
AcDbSymbolTableRecord
100
AcDbRegAppTableRecord
  2
DESIGNERASSEMBLIES
 70
     0
  0
APPID
  5
141FB
330
9
100
AcDbSymbolTableRecord
100
AcDbRegAppTableRecord
  2
ACAD_DSTYLE_DIMJAG
 70
     0
  0
APPID
  5
141FC
330
9
100
AcDbSymbolTableRecord
100
AcDbRegAppTableRecord
  2
ACAD_DSTYLE_DIMBREAK
 70
     0
  0
APPID
  5
14236
330
9
100
AcDbSymbolTableRecord
100
AcDbRegAppTableRecord
  2
ACAD_NAV_VCDISPLAY
 70
     0
  0
APPID
  5
1429B
330
9
100
AcDbSymbolTableRecord
100
AcDbRegAppTableRecord
  2
ACAD_EXEMPT_FROM_CAD_STANDARDS
 70
     0
  0
APPID
  5
142F2
330
9
100
AcDbSymbolTableRecord
100
AcDbRegAppTableRecord
  2
AcAecLayerStandard
 70
     0
  0
APPID
  5
14520
330
9
100
AcDbSymbolTableRecord
100
AcDbRegAppTableRecord
  2
ACAD_DSTYLE_DIMRADIAL_EXTENSION
 70
     0
  0
APPID
  5
14696
330
9
100
AcDbSymbolTableRecord
100
AcDbRegAppTableRecord
  2
ACAD_MLEADERVER
 70
     0
  0
APPID
  5
1469B
330
9
100
AcDbSymbolTableRecord
100
AcDbRegAppTableRecord
  2
ACAD_DSTYLE_DIM_LINETYPE
 70
     0
  0
APPID
  5
1469C
330
9
100
AcDbSymbolTableRecord
100
AcDbRegAppTableRecord
  2
ACAD_DSTYLE_DIM_EXT1_LINETYPE
 70
     0
  0
APPID
  5
1469D
330
9
100
AcDbSymbolTableRecord
100
AcDbRegAppTableRecord
  2
ACAD_DSTYLE_DIM_EXT2_LINETYPE
 70
     0
  0
ENDTAB
  0
TABLE
  2
DIMSTYLE
  5
A
330
0
100
AcDbSymbolTable
 70
    17
100
AcDbDimStyleTable
 71
     1
340
55
  0
DIMSTYLE
105
2B
330
A
100
AcDbSymbolTableRecord
100
AcDbDimStyleTableRecord
  2
STANDARD
 70
     0
 41
3.0
 42
0.0
 43
8.0
 44
1.0
 46
1.0
 73
     0
 74
     0
 77
     1
 78
     8
140
3.5
141
0.0
143
0.039
144
-1.0
146
0.6
147
1.5
172
     1
176
   256
177
   256
178
   256
271
     2
272
     2
275
     1
279
     2
284
     8
285
     8
286
     8
340
11
  0
DIMSTYLE
105
55
330
A
100
AcDbSymbolTableRecord
100
AcDbDimStyleTableRecord
  2
PROFI_JIS
 70
     0
 40
0.0
 41
2.5
 42
1.0
 43
10.0
 44
1.0
 73
     0
 74
     0
 77
     3
 78
     9
 79
     2
140
3.5
141
4.0
143
0.03937
144
-1.0
146
0.5
147
1.0
172
     1
173
     1
176
   256
177
   256
178
   256
179
     2
271
     2
272
     2
274
     3
284
     8
289
     0
340
4E
341
4F
343
4F
344
4F
  0
DIMSTYLE
105
141FA
102
{ACAD_REACTORS
330
151E9
102
}
330
A
100
AcDbSymbolTableRecord
100
AcDbDimStyleTableRecord
  2
AM_ANSI
 70
     0
  4
mm
 41
0.12
 42
0.05
 43
0.5
 44
0.1
 47
0.1
 48
0.1
 78
     7
 79
     2
140
0.12
141
0.0
146
0.71
147
0.06
176
   256
177
   256
178
     2
274
     4
284
     7
340
11
371
    -1
372
    -1
1001
ACAD_DSTYLE_DIMJAG
1070
   388
1040
1.5
1001
ACAD_DSTYLE_DIMBREAK
1070
   391
1040
0.125
1001
ACAD_DSTYLE_DIMARC_LENGTH_SYMBOL
1070
   379
1070
     1
1001
ACAD_DSTYLE_DIM_LINETYPE
1070
   380
1005
14
1001
ACAD_DSTYLE_DIM_EXT1_LINETYPE
1070
   381
1005
14
1001
ACAD_DSTYLE_DIM_EXT2_LINETYPE
1070
   382
1005
14
  0
DIMSTYLE
105
1420A
330
A
100
AcDbSymbolTableRecord
100
AcDbDimStyleTableRecord
  2
AM_ANSI$3
 70
     0
  4
mm
 41
0.12
 42
0.05
 43
0.5
 44
0.1
 47
0.1
 48
0.1
 78
     7
 79
     2
140
0.12
141
0.0
146
0.71
147
0.06
176
   256
177
   256
178
     2
274
     4
284
     7
288
     1
289
     0
340
11
371
    -1
372
    -1
1001
ACAD_DSTYLE_DIMBREAK
1070
   391
1040
0.125
1001
ACAD_DSTYLE_DIMJAG
1070
   388
1040
1.5
1001
ACAD_DSTYLE_DIMARC_LENGTH_SYMBOL
1070
   379
1070
     1
1001
ACAD_DSTYLE_DIM_LINETYPE
1070
   380
1005
14
1001
ACAD_DSTYLE_DIM_EXT1_LINETYPE
1070
   381
1005
14
1001
ACAD_DSTYLE_DIM_EXT2_LINETYPE
1070
   382
1005
14
  0
DIMSTYLE
105
1420B
330
A
100
AcDbSymbolTableRecord
100
AcDbDimStyleTableRecord
  2
AM_ANSI$4
 70
     0
  4
mm
 41
0.12
 42
0.05
 43
0.5
 44
0.1
 47
0.1
 48
0.1
 78
     7
 79
     2
140
0.12
141
0.0
146
0.71
147
0.06
176
   256
177
   256
178
     2
274
     4
284
     7
288
     1
289
     0
340
11
371
    -1
372
    -1
1001
ACAD_DSTYLE_DIMBREAK
1070
   391
1040
0.125
1001
ACAD_DSTYLE_DIMJAG
1070
   388
1040
1.5
1001
ACAD_DSTYLE_DIMARC_LENGTH_SYMBOL
1070
   379
1070
     1
1001
ACAD_DSTYLE_DIM_LINETYPE
1070
   380
1005
14
1001
ACAD_DSTYLE_DIM_EXT1_LINETYPE
1070
   381
1005
14
1001
ACAD_DSTYLE_DIM_EXT2_LINETYPE
1070
   382
1005
14
  0
DIMSTYLE
105
1420C
330
A
100
AcDbSymbolTableRecord
100
AcDbDimStyleTableRecord
  2
AM_ANSI$7
 70
     0
  4
mm
 41
0.12
 42
0.05
 43
0.5
 44
0.1
 47
0.1
 48
0.1
 78
     7
 79
     2
140
0.12
141
0.0
146
0.71
147
0.06
176
   256
177
   256
178
     2
274
     4
284
     7
340
11
371
    -1
372
    -1
1001
ACAD_DSTYLE_DIMBREAK
1070
   391
1040
0.125
1001
ACAD_DSTYLE_DIMJAG
1070
   388
1040
1.5
1001
ACAD_DSTYLE_DIMARC_LENGTH_SYMBOL
1070
   379
1070
     1
1001
ACAD_DSTYLE_DIM_LINETYPE
1070
   380
1005
14
1001
ACAD_DSTYLE_DIM_EXT1_LINETYPE
1070
   381
1005
14
1001
ACAD_DSTYLE_DIM_EXT2_LINETYPE
1070
   382
1005
14
  0
DIMSTYLE
105
1420D
330
A
100
AcDbSymbolTableRecord
100
AcDbDimStyleTableRecord
  2
AM_ANSI$SF
 70
     0
  4
mm
 41
0.12
 42
0.05
 43
0.5
 44
0.1
 47
0.1
 48
0.1
 75
     1
 76
     1
 78
     7
 79
     2
140
0.12
141
0.0
146
0.71
147
0.06
176
   256
177
   256
178
     2
274
     4
284
     7
340
11
371
    -1
372
    -1
1001
ACAD_DSTYLE_DIMBREAK
1070
   391
1040
0.125
1001
ACAD_DSTYLE_DIMJAG
1070
   388
1040
1.5
1001
ACAD_DSTYLE_DIMARC_LENGTH_SYMBOL
1070
   379
1070
     1
1001
ACAD_DSTYLE_DIM_LINETYPE
1070
   380
1005
14
1001
ACAD_DSTYLE_DIM_EXT1_LINETYPE
1070
   381
1005
14
1001
ACAD_DSTYLE_DIM_EXT2_LINETYPE
1070
   382
1005
14
  0
DIMSTYLE
105
14212
330
A
100
AcDbSymbolTableRecord
100
AcDbDimStyleTableRecord
  2
AM_ANSI$SH
 70
     0
  4
mm
 41
0.12
 42
0.05
 43
0.5
 44
0.1
 47
0.1
 48
0.1
 75
     1
 76
     1
 78
     7
 79
     2
140
0.12
141
0.0
146
0.71
147
0.06
173
     1
176
   256
177
   256
178
     2
274
     4
284
     7
340
11
343
1420E
371
    -1
372
    -1
1001
ACAD_DSTYLE_DIMBREAK
1070
   391
1040
0.125
1001
ACAD_DSTYLE_DIMJAG
1070
   388
1040
1.5
1001
ACAD_DSTYLE_DIMARC_LENGTH_SYMBOL
1070
   379
1070
     1
1001
ACAD_DSTYLE_DIM_LINETYPE
1070
   380
1005
14
1001
ACAD_DSTYLE_DIM_EXT1_LINETYPE
1070
   381
1005
14
1001
ACAD_DSTYLE_DIM_EXT2_LINETYPE
1070
   382
1005
14
  0
DIMSTYLE
105
142F7
330
A
100
AcDbSymbolTableRecord
100
AcDbDimStyleTableRecord
  2
PROFI_JIS$0
 70
     0
 40
0.0
 41
2.5
 42
1.0
 43
10.0
 44
1.0
 73
     0
 74
     0
 77
     3
 78
     9
 79
     2
140
3.5
141
4.0
143
0.03937
144
-1.0
146
0.5
147
1.0
172
     1
173
     1
176
   256
177
   256
178
   256
179
     2
271
     2
272
     2
274
     3
284
     8
289
     0
340
4E
341
4F
343
4F
344
4F
1001
ACAD_DSTYLE_DIMBREAK
1070
   391
1040
0.125
1001
ACAD_DSTYLE_DIMJAG
1070
   388
1040
1.5
  0
DIMSTYLE
105
14C04
330
A
100
AcDbSymbolTableRecord
100
AcDbDimStyleTableRecord
  2
AM_ISO
 70
     0
  4
"
 41
3.5
 42
1.0
 43
10.0
 44
1.0
 47
0.1
 48
0.1
 73
     0
 74
     0
 77
     1
 78
     8
 79
     2
140
3.5
141
0.0
143
0.0393701
146
0.71
147
1.5
172
     1
176
   256
177
   256
178
     2
271
     2
272
     3
274
     4
283
     0
284
     8
340
11
371
    -1
372
    -1
1001
ACAD_DSTYLE_DIMJAG
1070
   388
1040
1.5
1001
ACAD_DSTYLE_DIMBREAK
1070
   391
1040
3.75
1001
ACAD_DSTYLE_DIMARC_LENGTH_SYMBOL
1070
   379
1070
     1
1001
ACAD_DSTYLE_DIM_LINETYPE
1070
   380
1005
14
1001
ACAD_DSTYLE_DIM_EXT1_LINETYPE
1070
   381
1005
14
1001
ACAD_DSTYLE_DIM_EXT2_LINETYPE
1070
   382
1005
14
  0
DIMSTYLE
105
14C05
330
A
100
AcDbSymbolTableRecord
100
AcDbDimStyleTableRecord
  2
AM_ISO$3
 70
     0
  4
"
 41
3.5
 42
1.0
 43
10.0
 44
1.0
 47
0.1
 48
0.1
 73
     0
 77
     1
 78
     8
 79
     2
140
3.5
141
0.0
143
0.0393701
146
0.71
147
1.5
176
   256
177
   256
178
     2
271
     2
272
     3
274
     4
283
     0
284
     8
288
     1
289
     0
340
11
371
    -1
372
    -1
1001
ACAD_DSTYLE_DIMBREAK
1070
   391
1040
3.75
1001
ACAD_DSTYLE_DIMJAG
1070
   388
1040
1.5
1001
ACAD_DSTYLE_DIMARC_LENGTH_SYMBOL
1070
   379
1070
     1
1001
ACAD_DSTYLE_DIM_LINETYPE
1070
   380
1005
14
1001
ACAD_DSTYLE_DIM_EXT1_LINETYPE
1070
   381
1005
14
1001
ACAD_DSTYLE_DIM_EXT2_LINETYPE
1070
   382
1005
14
  0
DIMSTYLE
105
14C06
330
A
100
AcDbSymbolTableRecord
100
AcDbDimStyleTableRecord
  2
AM_ISO$4
 70
     0
  4
"
 41
3.5
 42
1.0
 43
10.0
 44
1.0
 47
0.1
 48
0.1
 73
     0
 77
     1
 78
     8
 79
     2
140
3.5
141
0.0
143
0.0393701
146
0.71
147
1.5
176
   256
177
   256
178
     2
271
     2
272
     3
274
     4
283
     0
284
     8
288
     1
289
     0
340
11
371
    -1
372
    -1
1001
ACAD_DSTYLE_DIMBREAK
1070
   391
1040
3.75
1001
ACAD_DSTYLE_DIMJAG
1070
   388
1040
1.5
1001
ACAD_DSTYLE_DIMARC_LENGTH_SYMBOL
1070
   379
1070
     1
1001
ACAD_DSTYLE_DIM_LINETYPE
1070
   380
1005
14
1001
ACAD_DSTYLE_DIM_EXT1_LINETYPE
1070
   381
1005
14
1001
ACAD_DSTYLE_DIM_EXT2_LINETYPE
1070
   382
1005
14
  0
DIMSTYLE
105
14C07
330
A
100
AcDbSymbolTableRecord
100
AcDbDimStyleTableRecord
  2
AM_ISO$6
 70
     0
  4
"
 41
3.5
 42
1.0
 43
10.0
 44
1.0
 47
0.1
 48
0.1
 73
     0
 74
     0
 78
     8
 79
     2
140
3.5
141
0.0
143
0.0393701
146
0.71
147
1.5
172
     1
176
   256
177
   256
178
     2
271
     2
272
     3
274
     4
283
     0
284
     8
340
11
371
    -1
372
    -1
1001
ACAD_DSTYLE_DIMBREAK
1070
   391
1040
3.75
1001
ACAD_DSTYLE_DIMJAG
1070
   388
1040
1.5
1001
ACAD_DSTYLE_DIMARC_LENGTH_SYMBOL
1070
   379
1070
     1
1001
ACAD_DSTYLE_DIM_LINETYPE
1070
   380
1005
14
1001
ACAD_DSTYLE_DIM_EXT1_LINETYPE
1070
   381
1005
14
1001
ACAD_DSTYLE_DIM_EXT2_LINETYPE
1070
   382
1005
14
  0
DIMSTYLE
105
14C08
330
A
100
AcDbSymbolTableRecord
100
AcDbDimStyleTableRecord
  2
AM_ISO$7
 70
     0
  4
"
 41
3.5
 42
1.0
 43
10.0
 44
1.0
 47
0.1
 48
0.1
 73
     0
 74
     0
 77
     1
 78
     8
 79
     2
140
3.5
141
0.0
143
0.0393701
146
0.71
147
1.5
172
     1
176
   256
177
   256
178
     2
271
     2
272
     3
274
     4
283
     0
284
     8
340
11
371
    -1
372
    -1
1001
ACAD_DSTYLE_DIMBREAK
1070
   391
1040
3.75
1001
ACAD_DSTYLE_DIMJAG
1070
   388
1040
1.5
1001
ACAD_DSTYLE_DIMARC_LENGTH_SYMBOL
1070
   379
1070
     1
1001
ACAD_DSTYLE_DIM_LINETYPE
1070
   380
1005
14
1001
ACAD_DSTYLE_DIM_EXT1_LINETYPE
1070
   381
1005
14
1001
ACAD_DSTYLE_DIM_EXT2_LINETYPE
1070
   382
1005
14
  0
DIMSTYLE
105
14C09
330
A
100
AcDbSymbolTableRecord
100
AcDbDimStyleTableRecord
  2
AM_ISO$SF
 70
     0
  4
"
 41
3.5
 42
1.0
 43
10.0
 44
1.0
 47
0.1
 48
0.1
 73
     0
 74
     0
 75
     1
 76
     1
 77
     1
 78
     8
 79
     2
140
3.5
141
0.0
143
0.0393701
146
0.71
147
1.5
172
     1
176
   256
177
   256
178
     2
271
     2
272
     3
274
     4
283
     0
284
     8
340
11
371
    -1
372
    -1
1001
ACAD_DSTYLE_DIMBREAK
1070
   391
1040
3.75
1001
ACAD_DSTYLE_DIMJAG
1070
   388
1040
1.5
1001
ACAD_DSTYLE_DIMARC_LENGTH_SYMBOL
1070
   379
1070
     1
1001
ACAD_DSTYLE_DIM_LINETYPE
1070
   380
1005
14
1001
ACAD_DSTYLE_DIM_EXT1_LINETYPE
1070
   381
1005
14
1001
ACAD_DSTYLE_DIM_EXT2_LINETYPE
1070
   382
1005
14
  0
DIMSTYLE
105
14C0A
330
A
100
AcDbSymbolTableRecord
100
AcDbDimStyleTableRecord
  2
AM_ISO$SH
 70
     0
  4
"
 41
3.5
 42
1.0
 43
10.0
 44
1.0
 47
0.1
 48
0.1
 73
     0
 74
     0
 75
     1
 76
     1
 77
     1
 78
     8
 79
     2
140
3.5
141
0.0
143
0.0393701
144
2.0
146
0.71
147
1.5
172
     1
173
     1
176
   256
177
   256
178
     2
271
     2
272
     3
274
     4
283
     0
284
     8
340
11
343
1420E
371
    -1
372
    -1
1001
ACAD_DSTYLE_DIMBREAK
1070
   391
1040
3.75
1001
ACAD_DSTYLE_DIMJAG
1070
   388
1040
1.5
1001
ACAD_DSTYLE_DIMARC_LENGTH_SYMBOL
1070
   379
1070
     1
1001
ACAD_DSTYLE_DIM_LINETYPE
1070
   380
1005
14
1001
ACAD_DSTYLE_DIM_EXT1_LINETYPE
1070
   381
1005
14
1001
ACAD_DSTYLE_DIM_EXT2_LINETYPE
1070
   382
1005
14
  0
ENDTAB
  0
TABLE
  2
BLOCK_RECORD
  5
1
330
0
100
AcDbSymbolTable
 70
    53
  0
BLOCK_RECORD
  5
1F
102
{ACAD_XDICTIONARY
360
14438
102
}
330
1
100
AcDbSymbolTableRecord
100
AcDbBlockTableRecord
  2
*Model_Space
340
22
  0
BLOCK_RECORD
  5
1B
330
1
100
AcDbSymbolTableRecord
100
AcDbBlockTableRecord
  2
*Paper_Space
340
1E
  0
BLOCK_RECORD
  5
23
330
1
100
AcDbSymbolTableRecord
100
AcDbBlockTableRecord
  2
*Paper_Space0
340
26
  0
BLOCK_RECORD
  5
4F
330
1
100
AcDbSymbolTableRecord
100
AcDbBlockTableRecord
  2
_Open
340
0
102
{BLKREFS
331
1539B
331
1539C
331
14E98
331
14E99
331
14EA4
331
14EA5
331
14EAD
331
14EAE
331
14EB7
331
14EB8
331
14EDA
331
14EDB
331
14F25
331
14F26
331
14F2E
331
14F2F
331
14B88
331
14B89
331
14B95
331
14B96
331
14BA2
331
14BA3
331
14BAE
331
14BAF
331
14BBC
331
14BC9
331
14BCA
331
14BD8
331
14BD9
331
14BE4
331
14BE5
331
15327
331
15328
331
15333
331
15334
331
15373
331
15374
331
14E41
331
14E4B
331
14E4C
331
14E55
331
14E56
331
14E5F
331
14E60
331
14E6A
331
14E6B
331
14E74
331
14E75
331
14E7E
331
14E7F
331
14E87
331
14E88
331
14E8E
331
1530A
331
1530B
331
15314
331
15315
331
1531E
331
1531F
331
14BF1
331
14BF2
331
14789
331
1478A
331
14319
331
1431A
331
1433E
331
1433F
331
14363
331
14364
331
143A7
331
143A8
331
143BD
331
143BE
331
14464
331
14465
331
15243
331
15244
331
15252
331
15253
331
1521D
331
1521E
331
1522A
331
1522B
331
15237
331
15238
102
}
  0
BLOCK_RECORD
  5
1420E
330
1
100
AcDbSymbolTableRecord
100
AcDbBlockTableRecord
  2
GENAXEH
340
0
  0
BLOCK_RECORD
  5
1421C
330
1
100
AcDbSymbolTableRecord
100
AcDbBlockTableRecord
  2
_ACMFILLEDHALF
340
0
  0
BLOCK_RECORD
  5
142FB
330
1
100
AcDbSymbolTableRecord
100
AcDbBlockTableRecord
  2
*D4
340
0
  0
BLOCK_RECORD
  5
14320
330
1
100
AcDbSymbolTableRecord
100
AcDbBlockTableRecord
  2
*D5
340
0
  0
BLOCK_RECORD
  5
14345
330
1
100
AcDbSymbolTableRecord
100
AcDbBlockTableRecord
  2
*D6
340
0
  0
BLOCK_RECORD
  5
1436A
330
1
100
AcDbSymbolTableRecord
100
AcDbBlockTableRecord
  2
*D7
340
0
  0
BLOCK_RECORD
  5
1438F
330
1
100
AcDbSymbolTableRecord
100
AcDbBlockTableRecord
  2
*D8
340
0
  0
BLOCK_RECORD
  5
14446
330
1
100
AcDbSymbolTableRecord
100
AcDbBlockTableRecord
  2
*D9
340
0
  0
BLOCK_RECORD
  5
14771
330
1
100
AcDbSymbolTableRecord
100
AcDbBlockTableRecord
  2
*D10
340
0
  0
BLOCK_RECORD
  5
14884
330
1
100
AcDbSymbolTableRecord
100
AcDbBlockTableRecord
  2
A4KUMI
340
0
310
2800000020000000200000000100080000000000000400000000000000000000000000000000000000000000000080000080000000808000800000008000800080800000C0C0C000C0DCC000F0CAA6000020400000206000002080000020A0000020C0000020E00000400000004020000040400000406000004080000040A0
310
000040C0000040E00000600000006020000060400000606000006080000060A0000060C0000060E00000800000008020000080400000806000008080000080A0000080C0000080E00000A0000000A0200000A0400000A0600000A0800000A0A00000A0C00000A0E00000C0000000C0200000C0400000C0600000C0800000C0
310
A00000C0C00000C0E00000E0000000E0200000E0400000E0600000E0800000E0A00000E0C00000E0E00040000000400020004000400040006000400080004000A0004000C0004000E00040200000402020004020400040206000402080004020A0004020C0004020E000404000004040200040404000404060004040800040
310
40A0004040C0004040E00040600000406020004060400040606000406080004060A0004060C0004060E00040800000408020004080400040806000408080004080A0004080C0004080E00040A0000040A0200040A0400040A0600040A0800040A0A00040A0C00040A0E00040C0000040C0200040C0400040C0600040C08000
310
40C0A00040C0C00040C0E00040E0000040E0200040E0400040E0600040E0800040E0A00040E0C00040E0E00080000000800020008000400080006000800080008000A0008000C0008000E00080200000802020008020400080206000802080008020A0008020C0008020E00080400000804020008040400080406000804080
310
008040A0008040C0008040E00080600000806020008060400080606000806080008060A0008060C0008060E00080800000808020008080400080806000808080008080A0008080C0008080E00080A0000080A0200080A0400080A0600080A0800080A0A00080A0C00080A0E00080C0000080C0200080C0400080C0600080C0
310
800080C0A00080C0C00080C0E00080E0000080E0200080E0400080E0600080E0800080E0A00080E0C00080E0E000C0000000C0002000C0004000C0006000C0008000C000A000C000C000C000E000C0200000C0202000C0204000C0206000C0208000C020A000C020C000C020E000C0400000C0402000C0404000C0406000C0
310
408000C040A000C040C000C040E000C0600000C0602000C0604000C0606000C0608000C060A000C060C000C060E000C0800000C0802000C0804000C0806000C0808000C080A000C080C000C080E000C0A00000C0A02000C0A04000C0A06000C0A08000C0A0A000C0A0C000C0A0E000C0C00000C0C02000C0C04000C0C06000
310
C0C08000C0C0A000F0FBFF00A4A0A000808080000000FF0000FF000000FFFF00FF000000FF00FF00FFFF0000FFFFFF0000000000000000000000000000000000000000000000000000000000000000000000000000000000000000000000000000000000000000000000000000000000000000000000000000000000000000
310
00000000000000000000000000000000000000000000000000000000000000000000000000000000000000000000000000000000000000000000000000000000000000000000000000000000000000000000B8B8B8000000000000000000000000000000000000000000000000B8B8B80000B8FFF9F9F9F9FFFFFFFFFFFFF9
310
FFFFFFF9F9F9FFF9F9F9F9FFF9F9F9F9B80000B8FFFCB8B8B8FFB8B8B8B8B800FFFFFFFFFFFFB8B8FFFFFFB8FFFFFFF9B8000000FFFCB8B8B8FFB8B8B8B8B8B8FFFFFFB8FFB8FFFFFFFFFFB8FFFFFFF900000000F90000000000000000000000000000000000000000000000000000F900000000F900000000000000000000
310
00000000000000000000000000000000F900000000F90000000000000000000000000000000000000000000000000000F900000000F90000000000000000000000000000000000000000000000000000F900000000F90000000000000000000000000000000000000000000000000000F900000000F9000000000000000000
310
0000000000000000000000000000000000F900000000F90000000000000000000000000000000000000000000000000000F900000000F90000000000000000000000000000000000000000000000000000F900000000F90000000000000000000000000000000000000000000000000000F900000000F90000000000000000
310
000000000000000000000000000000000000F900000000F90000000000000000000000000000000000000000000000000000F900000000F90000000000000000000000000000000000000000000000000000F900000000F90000000000000000000000000000000000000000000000000000F900000000F900000000000000
310
00000000000000000000000000000000000000F900000000F90000000000000000000000000000000000000000000000000000F9000000B8FFB8FFFFB8B8FFFFB8FFB8FFFF0000000000000000000000000000F9B80000B8F9B8FFF9F9F9F9F9B8FFB8FFFFF9F9F9F9F9F9F9F9F9F9F9F9F9F9F9B80000B8B8B80000000000
310
00000000000000000000000000000000000000B8B8B8000000000000000000000000000000000000000000000000000000000000000000000000000000000000000000000000000000000000000000000000000000000000000000000000000000000000000000000000000000000000000000000000000000000000000000
310
0000000000000000000000000000000000000000000000000000000000000000000000000000000000000000000000000000000000000000
1001
ACAD
1000
DesignCenter Data
1002
{
1070
     1
1070
     4
1002
}
  0
BLOCK_RECORD
  5
14B81
330
1
100
AcDbSymbolTableRecord
100
AcDbBlockTableRecord
  2
*D12
340
0
  0
BLOCK_RECORD
  5
14B8F
330
1
100
AcDbSymbolTableRecord
100
AcDbBlockTableRecord
  2
*D13
340
0
  0
BLOCK_RECORD
  5
14B9B
330
1
100
AcDbSymbolTableRecord
100
AcDbBlockTableRecord
  2
*D14
340
0
  0
BLOCK_RECORD
  5
14BA9
330
1
100
AcDbSymbolTableRecord
100
AcDbBlockTableRecord
  2
*D15
340
0
  0
BLOCK_RECORD
  5
14BB5
330
1
100
AcDbSymbolTableRecord
100
AcDbBlockTableRecord
  2
P-HLFARW
340
0
  0
BLOCK_RECORD
  5
14BB9
330
1
100
AcDbSymbolTableRecord
100
AcDbBlockTableRecord
  2
*D17
340
0
  0
BLOCK_RECORD
  5
14BC2
330
1
100
AcDbSymbolTableRecord
100
AcDbBlockTableRecord
  2
*D18
340
0
  0
BLOCK_RECORD
  5
14BD0
330
1
100
AcDbSymbolTableRecord
100
AcDbBlockTableRecord
  2
*D19
340
0
  0
BLOCK_RECORD
  5
14BDE
330
1
100
AcDbSymbolTableRecord
100
AcDbBlockTableRecord
  2
*D20
340
0
  0
BLOCK_RECORD
  5
14BEA
330
1
100
AcDbSymbolTableRecord
100
AcDbBlockTableRecord
  2
*D21
340
0
  0
BLOCK_RECORD
  5
14D0A
330
1
100
AcDbSymbolTableRecord
100
AcDbBlockTableRecord
  2
*D22
340
0
  0
BLOCK_RECORD
  5
14D18
330
1
100
AcDbSymbolTableRecord
100
AcDbBlockTableRecord
  2
*D23
340
0
  0
BLOCK_RECORD
  5
14D24
330
1
100
AcDbSymbolTableRecord
100
AcDbBlockTableRecord
  2
*D24
340
0
  0
BLOCK_RECORD
  5
14D32
330
1
100
AcDbSymbolTableRecord
100
AcDbBlockTableRecord
  2
*D25
340
0
  0
BLOCK_RECORD
  5
14D3E
330
1
100
AcDbSymbolTableRecord
100
AcDbBlockTableRecord
  2
*D26
340
0
  0
BLOCK_RECORD
  5
14D47
330
1
100
AcDbSymbolTableRecord
100
AcDbBlockTableRecord
  2
*D27
340
0
  0
BLOCK_RECORD
  5
14D55
330
1
100
AcDbSymbolTableRecord
100
AcDbBlockTableRecord
  2
*D28
340
0
  0
BLOCK_RECORD
  5
14D63
330
1
100
AcDbSymbolTableRecord
100
AcDbBlockTableRecord
  2
*D29
340
0
  0
BLOCK_RECORD
  5
14D6F
330
1
100
AcDbSymbolTableRecord
100
AcDbBlockTableRecord
  2
*D30
340
0
  0
BLOCK_RECORD
  5
14E0F
330
1
100
AcDbSymbolTableRecord
100
AcDbBlockTableRecord
  2
*D31
340
0
  0
BLOCK_RECORD
  5
14E18
330
1
100
AcDbSymbolTableRecord
100
AcDbBlockTableRecord
  2
*D32
340
0
  0
BLOCK_RECORD
  5
14E26
330
1
100
AcDbSymbolTableRecord
100
AcDbBlockTableRecord
  2
*D33
340
0
  0
BLOCK_RECORD
  5
14E32
330
1
100
AcDbSymbolTableRecord
100
AcDbBlockTableRecord
  2
*D34
340
0
  0
BLOCK_RECORD
  5
14EC2
330
1
100
AcDbSymbolTableRecord
100
AcDbBlockTableRecord
  2
*D35
340
0
  0
BLOCK_RECORD
  5
14EE8
330
1
100
AcDbSymbolTableRecord
100
AcDbBlockTableRecord
  2
*D36
340
0
  0
BLOCK_RECORD
  5
14F07
330
1
100
AcDbSymbolTableRecord
100
AcDbBlockTableRecord
  2
*D37
340
0
  0
BLOCK_RECORD
  5
15216
330
1
100
AcDbSymbolTableRecord
100
AcDbBlockTableRecord
  2
*D39
340
0
  0
BLOCK_RECORD
  5
15224
330
1
100
AcDbSymbolTableRecord
100
AcDbBlockTableRecord
  2
*D40
340
0
  0
BLOCK_RECORD
  5
15230
330
1
100
AcDbSymbolTableRecord
100
AcDbBlockTableRecord
  2
*D41
340
0
  0
BLOCK_RECORD
  5
1523E
330
1
100
AcDbSymbolTableRecord
100
AcDbBlockTableRecord
  2
*D42
340
0
  0
BLOCK_RECORD
  5
1524A
330
1
100
AcDbSymbolTableRecord
100
AcDbBlockTableRecord
  2
*D43
340
0
  0
BLOCK_RECORD
  5
152C3
330
1
100
AcDbSymbolTableRecord
100
AcDbBlockTableRecord
  2
*D45
340
0
  0
BLOCK_RECORD
  5
152D1
330
1
100
AcDbSymbolTableRecord
100
AcDbBlockTableRecord
  2
*D46
340
0
  0
BLOCK_RECORD
  5
152DD
330
1
100
AcDbSymbolTableRecord
100
AcDbBlockTableRecord
  2
*D47
340
0
  0
BLOCK_RECORD
  5
152EB
330
1
100
AcDbSymbolTableRecord
100
AcDbBlockTableRecord
  2
*D48
340
0
  0
BLOCK_RECORD
  5
152F7
330
1
100
AcDbSymbolTableRecord
100
AcDbBlockTableRecord
  2
*D49
340
0
  0
BLOCK_RECORD
  5
1535B
330
1
100
AcDbSymbolTableRecord
100
AcDbBlockTableRecord
  2
*D51
340
0
  0
BLOCK_RECORD
  5
1537D
330
1
100
AcDbSymbolTableRecord
100
AcDbBlockTableRecord
  2
*D52
340
0
  0
ENDTAB
  0
ENDSEC
  0
SECTION
  2
BLOCKS
  0
BLOCK
  5
20
330
1F
100
AcDbEntity
  8
0
100
AcDbBlockBegin
  2
*Model_Space
 70
     0
 10
0.0
 20
0.0
 30
0.0
  3
*Model_Space
  1

  0
ENDBLK
  5
21
330
1F
100
AcDbEntity
  8
0
100
AcDbBlockEnd
  0
BLOCK
  5
1C
330
1B
100
AcDbEntity
 67
     1
  8
0
100
AcDbBlockBegin
  2
*Paper_Space
 70
     0
 10
0.0
 20
0.0
 30
0.0
  3
*Paper_Space
  1

  0
ENDBLK
  5
1D
330
1B
100
AcDbEntity
 67
     1
  8
0
100
AcDbBlockEnd
  0
BLOCK
  5
24
330
23
100
AcDbEntity
 67
     1
  8
0
100
AcDbBlockBegin
  2
*Paper_Space0
 70
     0
 10
0.0
 20
0.0
 30
0.0
  3
*Paper_Space0
  1

  0
ENDBLK
  5
25
330
23
100
AcDbEntity
 67
     1
  8
0
100
AcDbBlockEnd
  0
BLOCK
  5
53
330
4F
100
AcDbEntity
  8
0
100
AcDbBlockBegin
  2
_Open
 70
     0
 10
0.0
 20
0.0
 30
0.0
  3
_Open
  1

  0
LINE
  5
50
330
4F
100
AcDbEntity
  8
0
  6
ByBlock
 62
     0
370
    -2
100
AcDbLine
 10
-1.0
 20
0.1666666666666666
 30
0.0
 11
0.0
 21
0.0
 31
0.0
  0
LINE
  5
51
330
4F
100
AcDbEntity
  8
0
  6
ByBlock
 62
     0
370
    -2
100
AcDbLine
 10
-1.0
 20
-0.1666666666666666
 30
0.0
 11
0.0
 21
0.0
 31
0.0
  0
LINE
  5
52
330
4F
100
AcDbEntity
  8
0
  6
ByBlock
 62
     0
370
    -2
100
AcDbLine
 10
0.0
 20
0.0
 30
0.0
 11
-1.0
 21
0.0
 31
0.0
  0
ENDBLK
  5
54
330
4F
100
AcDbEntity
  8
0
100
AcDbBlockEnd
  0
BLOCK
  5
14210
330
1420E
100
AcDbEntity
  8
0
100
AcDbBlockBegin
  2
GENAXEH
 70
     0
 10
0.0
 20
0.0
 30
0.0
  3
GENAXEH
  1

  0
LINE
  5
1420F
330
1420E
100
AcDbEntity
  8
0
100
AcDbLine
 10
-1.0
 20
0.0
 30
0.0
 11
1.0
 21
0.0
 31
0.0
  0
ENDBLK
  5
14211
330
1420E
100
AcDbEntity
  8
0
100
AcDbBlockEnd
  0
BLOCK
  5
1421D
330
1421C
100
AcDbEntity
  8
0
100
AcDbBlockBegin
  2
_ACMFILLEDHALF
 70
     0
 10
0.0
 20
0.0
 30
0.0
  3
_ACMFILLEDHALF
  1

  0
TRACE
  5
1421F
330
1421C
100
AcDbEntity
  8
0
 62
     0
100
AcDbTrace
 10
-0.8
 20
0.0
 30
0.0
 11
-1.0
 21
0.166666666
 31
0.0
 12
0.0
 22
0.0
 32
0.0
 13
0.0
 23
0.0
 33
0.0
  0
LINE
  5
14220
330
1421C
100
AcDbEntity
  8
0
 62
     0
100
AcDbLine
 10
-1.0
 20
0.0
 30
0.0
 11
-0.8
 21
0.0
 31
0.0
  0
ENDBLK
  5
1421E
330
1421C
100
AcDbEntity
  8
0
100
AcDbBlockEnd
  0
BLOCK
  5
142FC
330
142FB
100
AcDbEntity
  8
0
100
AcDbBlockBegin
  2
*D4
 70
     1
 10
0.0
 20
0.0
 30
0.0
  3
*D4
  1

  0
LINE
  5
14314
330
142FB
100
AcDbEntity
  8
AM_5
370
    -2
100
AcDbLine
 10
88.25680774207649
 20
73.42781425105862
 30
0.0
 11
88.25680774207649
 21
81.44805362706518
 31
0.0
  0
LINE
  5
14315
330
142FB
100
AcDbEntity
  8
AM_5
370
    -2
100
AcDbLine
 10
94.25680774207632
 20
73.42781425105872
 30
0.0
 11
94.25680774207632
 21
81.44805362706518
 31
0.0
  0
LINE
  5
14316
330
142FB
100
AcDbEntity
  8
AM_5
370
    -2
100
AcDbLine
 10
85.75680774207649
 20
80.44805362706517
 30
0.0
 11
83.25680774207649
 21
80.44805362706517
 31
0.0
  0
LINE
  5
14317
330
142FB
100
AcDbEntity
  8
AM_5
370
    -2
100
AcDbLine
 10
96.75680774207632
 20
80.44805362706517
 30
0.0
 11
103.0334574882692
 21
80.44805362706517
 31
0.0
  0
LINE
  5
14318
330
142FB
100
AcDbEntity
  8
AM_5
370
    -2
100
AcDbLine
 10
88.25680774207649
 20
80.44805362706517
 30
0.0
 11
94.25680774207632
 21
80.44805362706517
 31
0.0
  0
INSERT
  5
14319
330
142FB
100
AcDbEntity
  8
AM_5
370
    -2
100
AcDbBlockReference
  2
_Open
 10
88.25680774207649
 20
80.44805362706517
 30
0.0
 41
2.5
 42
2.5
 43
2.5
  0
INSERT
  5
1431A
330
142FB
100
AcDbEntity
  8
AM_5
370
    -2
100
AcDbBlockReference
  2
_Open
 10
94.25680774207632
 20
80.44805362706517
 30
0.0
 41
2.5
 42
2.5
 43
2.5
 50
180.0
  0
MTEXT
  5
1431B
330
142FB
100
AcDbEntity
  8
AM_5
100
AcDbMText
 10
101.1451326151727
 20
83.19805362706517
 30
0.0
 40
3.5
 41
0.0
 71
     5
 72
     1
  1
\A1;6
  7
PROFI_STYLE
 73
     1
 44
1.0
1001
ACAD
1000
MTEXTBEGIN
1070
    73
1070
     1
1070
    44
1040
1.0
1070
    74
1070
     0
1000
MTEXTEND
  0
POINT
  5
1431C
330
142FB
100
AcDbEntity
  8
Defpoints
 62
     0
100
AcDbPoint
 10
88.25680774207649
 20
72.42781425105865
 30
0.0
  0
POINT
  5
1431D
330
142FB
100
AcDbEntity
  8
Defpoints
 62
     0
100
AcDbPoint
 10
94.25680774207632
 20
72.42781425105872
 30
0.0
  0
POINT
  5
1431E
330
142FB
100
AcDbEntity
  8
Defpoints
 62
     0
100
AcDbPoint
 10
94.25680774207632
 20
80.44805362706517
 30
0.0
  0
ENDBLK
  5
142FD
330
142FB
100
AcDbEntity
  8
0
100
AcDbBlockEnd
  0
BLOCK
  5
14321
330
14320
100
AcDbEntity
  8
0
100
AcDbBlockBegin
  2
*D5
 70
     1
 10
0.0
 20
0.0
 30
0.0
  3
*D5
  1

  0
LINE
  5
14339
330
14320
100
AcDbEntity
  8
AM_5
370
    -2
100
AcDbLine
 10
245.9978345123425
 20
33.57531857780168
 30
0.0
 11
237.0696214386053
 21
33.57531857780169
 31
0.0
  0
LINE
  5
1433A
330
14320
100
AcDbEntity
  8
AM_5
370
    -2
100
AcDbLine
 10
245.9978345123425
 20
27.57531857780168
 30
0.0
 11
237.0696214386053
 21
27.57531857780168
 31
0.0
  0
LINE
  5
1433B
330
14320
100
AcDbEntity
  8
AM_5
370
    -2
100
AcDbLine
 10
238.0696214386053
 20
36.07531857780169
 30
0.0
 11
238.0696214386053
 21
38.57531857780169
 31
0.0
  0
LINE
  5
1433C
330
14320
100
AcDbEntity
  8
AM_5
370
    -2
100
AcDbLine
 10
238.0696214386053
 20
25.07531857780168
 30
0.0
 11
238.0696214386053
 21
18.79866883160879
 31
0.0
  0
LINE
  5
1433D
330
14320
100
AcDbEntity
  8
AM_5
370
    -2
100
AcDbLine
 10
238.0696214386053
 20
33.57531857780169
 30
0.0
 11
238.0696214386053
 21
27.57531857780168
 31
0.0
  0
INSERT
  5
1433E
330
14320
100
AcDbEntity
  8
AM_5
370
    -2
100
AcDbBlockReference
  2
_Open
 10
238.0696214386053
 20
33.57531857780169
 30
0.0
 41
2.5
 42
2.5
 43
2.5
 50
270.0
  0
INSERT
  5
1433F
330
14320
100
AcDbEntity
  8
AM_5
370
    -2
100
AcDbBlockReference
  2
_Open
 10
238.0696214386053
 20
27.57531857780168
 30
0.0
 41
2.5
 42
2.5
 43
2.5
 50
90.0
  0
MTEXT
  5
14340
330
14320
100
AcDbEntity
  8
AM_5
100
AcDbMText
 10
235.3196214386053
 20
20.68699370470527
 30
0.0
 40
3.5
 41
0.0
 71
     5
 72
     1
  1
\A1;6
  7
PROFI_STYLE
 11
0.0000000000000001
 21
1.0
 31
0.0
 73
     1
 44
1.0
1001
ACAD
1000
MTEXTBEGIN
1070
    73
1070
     1
1070
    44
1040
1.0
1070
    74
1070
     0
1000
MTEXTEND
  0
POINT
  5
14341
330
14320
100
AcDbEntity
  8
Defpoints
 62
     0
100
AcDbPoint
 10
246.9978345123425
 20
33.57531857780168
 30
0.0
  0
POINT
  5
14342
330
14320
100
AcDbEntity
  8
Defpoints
 62
     0
100
AcDbPoint
 10
246.9978345123425
 20
27.57531857780168
 30
0.0
  0
POINT
  5
14343
330
14320
100
AcDbEntity
  8
Defpoints
 62
     0
100
AcDbPoint
 10
238.0696214386053
 20
27.57531857780168
 30
0.0
  0
ENDBLK
  5
14322
330
14320
100
AcDbEntity
  8
0
100
AcDbBlockEnd
  0
BLOCK
  5
14346
330
14345
100
AcDbEntity
  8
0
100
AcDbBlockBegin
  2
*D6
 70
     1
 10
0.0
 20
0.0
 30
0.0
  3
*D6
  1

  0
LINE
  5
1435E
330
14345
100
AcDbEntity
  8
AM_5
370
    -2
100
AcDbLine
 10
256.9978345123425
 20
32.57531857780168
 30
0.0
 11
270.4378764994481
 21
32.57531857780168
 31
0.0
  0
LINE
  5
1435F
330
14345
100
AcDbEntity
  8
AM_5
370
    -2
100
AcDbLine
 10
256.9978345123425
 20
28.57531857780168
 30
0.0
 11
270.4378764994481
 21
28.57531857780168
 31
0.0
  0
LINE
  5
14360
330
14345
100
AcDbEntity
  8
AM_5
370
    -2
100
AcDbLine
 10
269.4378764994481
 20
35.07531857780168
 30
0.0
 11
269.4378764994481
 21
37.57531857780168
 31
0.0
  0
LINE
  5
14361
330
14345
100
AcDbEntity
  8
AM_5
370
    -2
100
AcDbLine
 10
269.4378764994481
 20
26.07531857780168
 30
0.0
 11
269.4378764994481
 21
19.60323735952756
 31
0.0
  0
LINE
  5
14362
330
14345
100
AcDbEntity
  8
AM_5
370
    -2
100
AcDbLine
 10
269.4378764994481
 20
32.57531857780168
 30
0.0
 11
269.4378764994481
 21
28.57531857780168
 31
0.0
  0
INSERT
  5
14363
330
14345
100
AcDbEntity
  8
AM_5
370
    -2
100
AcDbBlockReference
  2
_Open
 10
269.4378764994481
 20
32.57531857780168
 30
0.0
 41
2.5
 42
2.5
 43
2.5
 50
270.0
  0
INSERT
  5
14364
330
14345
100
AcDbEntity
  8
AM_5
370
    -2
100
AcDbBlockReference
  2
_Open
 10
269.4378764994481
 20
28.57531857780168
 30
0.0
 41
2.5
 42
2.5
 43
2.5
 50
90.0
  0
MTEXT
  5
14365
330
14345
100
AcDbEntity
  8
AM_5
100
AcDbMText
 10
266.6878764994481
 20
21.58927796866466
 30
0.0
 40
3.5
 41
0.0
 71
     5
 72
     1
  1
\A1;4
  7
PROFI_STYLE
 11
0.0000000000000001
 21
1.0
 31
0.0
 73
     1
 44
1.0
1001
ACAD
1000
MTEXTBEGIN
1070
    73
1070
     1
1070
    44
1040
1.0
1070
    74
1070
     0
1000
MTEXTEND
  0
POINT
  5
14366
330
14345
100
AcDbEntity
  8
Defpoints
 62
     0
100
AcDbPoint
 10
255.9978345123425
 20
32.57531857780168
 30
0.0
  0
POINT
  5
14367
330
14345
100
AcDbEntity
  8
Defpoints
 62
     0
100
AcDbPoint
 10
255.9978345123425
 20
28.57531857780168
 30
0.0
  0
POINT
  5
14368
330
14345
100
AcDbEntity
  8
Defpoints
 62
     0
100
AcDbPoint
 10
269.4378764994481
 20
28.57531857780168
 30
0.0
  0
ENDBLK
  5
14347
330
14345
100
AcDbEntity
  8
0
100
AcDbBlockEnd
  0
BLOCK
  5
1436B
330
1436A
100
AcDbEntity
  8
0
100
AcDbBlockBegin
  2
*D7
 70
     1
 10
0.0
 20
0.0
 30
0.0
  3
*D7
  1

  0
LINE
  5
143B8
330
1436A
100
AcDbEntity
  8
AM_5
370
    -2
100
AcDbLine
 10
56.87175086452498
 20
96.58793740509338
 30
0.0
 11
56.87175086452498
 21
104.5321431751736
 31
0.0
  0
LINE
  5
143B9
330
1436A
100
AcDbEntity
  8
AM_5
370
    -2
100
AcDbLine
 10
52.8717508645251
 20
96.58793740509329
 30
0.0
 11
52.8717508645251
 21
104.5321431751736
 31
0.0
  0
LINE
  5
143BA
330
1436A
100
AcDbEntity
  8
AM_5
370
    -2
100
AcDbLine
 10
59.37175086452498
 20
103.5321431751736
 30
0.0
 11
61.87175086452498
 21
103.5321431751736
 31
0.0
  0
LINE
  5
143BB
330
1436A
100
AcDbEntity
  8
AM_5
370
    -2
100
AcDbLine
 10
50.3717508645251
 20
103.5321431751736
 30
0.0
 11
43.89966964625097
 21
103.5321431751736
 31
0.0
  0
LINE
  5
143BC
330
1436A
100
AcDbEntity
  8
AM_5
370
    -2
100
AcDbLine
 10
56.87175086452498
 20
103.5321431751736
 30
0.0
 11
52.8717508645251
 21
103.5321431751736
 31
0.0
  0
INSERT
  5
143BD
330
1436A
100
AcDbEntity
  8
AM_5
370
    -2
100
AcDbBlockReference
  2
_Open
 10
56.87175086452498
 20
103.5321431751736
 30
0.0
 41
2.5
 42
2.5
 43
2.5
 50
180.0
  0
INSERT
  5
143BE
330
1436A
100
AcDbEntity
  8
AM_5
370
    -2
100
AcDbBlockReference
  2
_Open
 10
52.8717508645251
 20
103.5321431751736
 30
0.0
 41
2.5
 42
2.5
 43
2.5
  0
MTEXT
  5
143BF
330
1436A
100
AcDbEntity
  8
AM_5
100
AcDbMText
 10
45.88571025538803
 20
106.2821431751736
 30
0.0
 40
3.5
 41
0.0
 71
     5
 72
     1
  1
\A1;4
  7
PROFI_STYLE
 73
     1
 44
1.0
1001
ACAD
1000
MTEXTBEGIN
1070
    73
1070
     1
1070
    44
1040
1.0
1070
    74
1070
     0
1000
MTEXTEND
  0
POINT
  5
143C0
330
1436A
100
AcDbEntity
  8
Defpoints
 62
     0
100
AcDbPoint
 10
56.87175086452498
 20
95.58793740509337
 30
0.0
  0
POINT
  5
143C1
330
1436A
100
AcDbEntity
  8
Defpoints
 62
     0
100
AcDbPoint
 10
52.8717508645251
 20
95.58793740509328
 30
0.0
  0
POINT
  5
143C2
330
1436A
100
AcDbEntity
  8
Defpoints
 62
     0
100
AcDbPoint
 10
52.8717508645251
 20
103.5321431751736
 30
0.0
  0
ENDBLK
  5
1436C
330
1436A
100
AcDbEntity
  8
0
100
AcDbBlockEnd
  0
BLOCK
  5
14390
330
1438F
100
AcDbEntity
  8
0
100
AcDbBlockBegin
  2
*D8
 70
     1
 10
0.0
 20
0.0
 30
0.0
  3
*D8
  1

  0
LINE
  5
143A4
330
1438F
100
AcDbEntity
  8
AM_5
370
    -2
100
AcDbLine
 10
102.6506135658915
 20
79.3593334225958
 30
0.0
 11
129.3950894354835
 21
79.3593334225958
 31
0.0
  0
LINE
  5
143A5
330
1438F
100
AcDbEntity
  8
AM_5
370
    -2
100
AcDbLine
 10
102.6506135658915
 20
50.25927696957694
 30
0.0
 11
129.3950894354834
 21
50.25927696957694
 31
0.0
  0
LINE
  5
143A6
330
1438F
100
AcDbEntity
  8
AM_5
370
    -2
100
AcDbLine
 10
128.3950894354835
 20
76.8593334225958
 30
0.0
 11
128.3950894354834
 21
52.75927696957694
 31
0.0
  0
INSERT
  5
143A7
330
1438F
100
AcDbEntity
  8
AM_5
370
    -2
100
AcDbBlockReference
  2
_Open
 10
128.3950894354835
 20
79.3593334225958
 30
0.0
 41
2.5
 42
2.5
 43
2.5
 50
90.0
  0
INSERT
  5
143A8
330
1438F
100
AcDbEntity
  8
AM_5
370
    -2
100
AcDbBlockReference
  2
_Open
 10
128.3950894354834
 20
50.25927696957694
 30
0.0
 41
2.5
 42
2.5
 43
2.5
 50
270.0
  0
MTEXT
  5
143A9
330
1438F
100
AcDbEntity
  8
AM_5
100
AcDbMText
 10
125.6450894354834
 20
64.80930519608638
 30
0.0
 40
3.5
 41
0.0
 71
     5
 72
     1
  1
\A1;29.1
  7
PROFI_STYLE
 11
0.0000000000000001
 21
1.0
 31
0.0
 73
     1
 44
1.0
1001
ACAD
1000
MTEXTBEGIN
1070
    73
1070
     1
1070
    44
1040
1.0
1070
    74
1070
     0
1000
MTEXTEND
  0
POINT
  5
143AA
330
1438F
100
AcDbEntity
  8
Defpoints
 62
     0
100
AcDbPoint
 10
101.6506135658915
 20
79.3593334225958
 30
0.0
  0
POINT
  5
143AB
330
1438F
100
AcDbEntity
  8
Defpoints
 62
     0
100
AcDbPoint
 10
101.6506135658915
 20
50.25927696957694
 30
0.0
  0
POINT
  5
143AC
330
1438F
100
AcDbEntity
  8
Defpoints
 62
     0
100
AcDbPoint
 10
128.3950894354834
 20
50.25927696957694
 30
0.0
  0
ENDBLK
  5
14391
330
1438F
100
AcDbEntity
  8
0
100
AcDbBlockEnd
  0
BLOCK
  5
14447
330
14446
100
AcDbEntity
  8
0
100
AcDbBlockBegin
  2
*D9
 70
     1
 10
0.0
 20
0.0
 30
0.0
  3
*D9
  1

  0
LINE
  5
1445F
330
14446
100
AcDbEntity
  8
AM_5
370
    -2
100
AcDbLine
 10
93.00660777207303
 20
97.23793740509336
 30
0.0
 11
93.00660777207303
 21
110.1126783413709
 31
0.0
  0
LINE
  5
14460
330
14446
100
AcDbEntity
  8
AM_5
370
    -2
100
AcDbLine
 10
98.30660777207286
 20
97.23793740509336
 30
0.0
 11
98.30660777207286
 21
110.1126783413709
 31
0.0
  0
LINE
  5
14461
330
14446
100
AcDbEntity
  8
AM_5
370
    -2
100
AcDbLine
 10
90.50660777207303
 20
109.1126783413709
 30
0.0
 11
88.00660777207303
 21
109.1126783413709
 31
0.0
  0
LINE
  5
14462
330
14446
100
AcDbEntity
  8
AM_5
370
    -2
100
AcDbLine
 10
100.8066077720728
 20
109.1126783413709
 30
0.0
 11
111.6670138634434
 21
109.1126783413709
 31
0.0
  0
LINE
  5
14463
330
14446
100
AcDbEntity
  8
AM_5
370
    -2
100
AcDbLine
 10
93.00660777207303
 20
109.1126783413709
 30
0.0
 11
98.30660777207286
 21
109.1126783413709
 31
0.0
  0
INSERT
  5
14464
330
14446
100
AcDbEntity
  8
AM_5
370
    -2
100
AcDbBlockReference
  2
_Open
 10
93.00660777207303
 20
109.1126783413709
 30
0.0
 41
2.5
 42
2.5
 43
2.5
  0
INSERT
  5
14465
330
14446
100
AcDbEntity
  8
AM_5
370
    -2
100
AcDbBlockReference
  2
_Open
 10
98.30660777207286
 20
109.1126783413709
 30
0.0
 41
2.5
 42
2.5
 43
2.5
 50
180.0
  0
MTEXT
  5
14466
330
14446
100
AcDbEntity
  8
AM_5
100
AcDbMText
 10
107.4868108177581
 20
111.8626783413709
 30
0.0
 40
3.5
 41
0.0
 71
     5
 72
     1
  1
\A1;5.3
  7
PROFI_STYLE
 73
     1
 44
1.0
1001
ACAD
1000
MTEXTBEGIN
1070
    73
1070
     1
1070
    44
1040
1.0
1070
    74
1070
     0
1000
MTEXTEND
  0
POINT
  5
14467
330
14446
100
AcDbEntity
  8
Defpoints
 62
     0
100
AcDbPoint
 10
93.00660777207303
 20
96.23793740509334
 30
0.0
  0
POINT
  5
14468
330
14446
100
AcDbEntity
  8
Defpoints
 62
     0
100
AcDbPoint
 10
98.30660777207286
 20
96.23793740509334
 30
0.0
  0
POINT
  5
14469
330
14446
100
AcDbEntity
  8
Defpoints
 62
     0
100
AcDbPoint
 10
98.30660777207286
 20
109.1126783413709
 30
0.0
  0
ENDBLK
  5
14448
330
14446
100
AcDbEntity
  8
0
100
AcDbBlockEnd
  0
BLOCK
  5
14772
330
14771
100
AcDbEntity
  8
0
100
AcDbBlockBegin
  2
*D10
 70
     1
 10
0.0
 20
0.0
 30
0.0
  3
*D10
  1

  0
LINE
  5
14786
330
14771
100
AcDbEntity
  8
AM_5
  6
ByBlock
370
    -2
100
AcDbLine
 10
70.97553358710221
 20
101.0624084826991
 30
0.0
 11
139.8874657106073
 21
101.0624084826991
 31
0.0
  0
LINE
  5
14787
330
14771
100
AcDbEntity
  8
AM_5
  6
ByBlock
370
    -2
100
AcDbLine
 10
116.5262247038255
 20
88.36240848269907
 30
0.0
 11
139.8874657106073
 21
88.36240848269907
 31
0.0
  0
LINE
  5
14788
330
14771
100
AcDbEntity
  8
AM_5
  6
ByBlock
370
    -2
100
AcDbLine
 10
138.8874657106073
 20
98.56240848269907
 30
0.0
 11
138.8874657106073
 21
90.86240848269907
 31
0.0
  0
INSERT
  5
14789
330
14771
100
AcDbEntity
  8
AM_5
370
    -2
100
AcDbBlockReference
  2
_Open
 10
138.8874657106073
 20
101.0624084826991
 30
0.0
 41
2.5
 42
2.5
 43
2.5
 50
90.0
  0
INSERT
  5
1478A
330
14771
100
AcDbEntity
  8
AM_5
370
    -2
100
AcDbBlockReference
  2
_Open
 10
138.8874657106073
 20
88.36240848269907
 30
0.0
 41
2.5
 42
2.5
 43
2.5
 50
270.0
  0
MTEXT
  5
1478B
330
14771
100
AcDbEntity
  8
AM_5
100
AcDbMText
 10
136.1374657106073
 20
94.71240848269907
 30
0.0
 40
3.5
 41
0.0
 71
     5
 72
     1
  1
\A1;12.7
  7
PROFI_STYLE
 11
0.0000000000000001
 21
1.0
 31
0.0
 73
     1
 44
1.0
1001
ACAD
1000
MTEXTBEGIN
1070
    73
1070
     1
1070
    44
1040
1.0
1070
    74
1070
     0
1000
MTEXTEND
  0
POINT
  5
1478C
330
14771
100
AcDbEntity
  8
Defpoints
 62
     0
100
AcDbPoint
 10
69.97553358710222
 20
101.0624084826991
 30
0.0
  0
POINT
  5
1478D
330
14771
100
AcDbEntity
  8
Defpoints
 62
     0
100
AcDbPoint
 10
115.5262247038255
 20
88.36240848269907
 30
0.0
  0
POINT
  5
1478E
330
14771
100
AcDbEntity
  8
Defpoints
 62
     0
100
AcDbPoint
 10
138.8874657106073
 20
88.36240848269907
 30
0.0
  0
ENDBLK
  5
14773
330
14771
100
AcDbEntity
  8
0
100
AcDbBlockEnd
  0
BLOCK
  5
14885
330
14884
100
AcDbEntity
  8
0
100
AcDbBlockBegin
  2
A4KUMI
 70
     0
 10
0.0
 20
0.0
 30
0.0
  3
A4KUMI
  1

  4
A4組図
  0
LINE
  5
14886
330
14884
100
AcDbEntity
  8
PROF_FRM1
100
AcDbLine
 10
10.0
 20
200.0
 30
0.0
 11
10.0
 21
10.0
 31
0.0
  0
TEXT
  5
14887
330
14884
100
AcDbEntity
  8
PROF_TTBL1
100
AcDbText
 10
117.2715244801047
 20
195.0685279187817
 30
0.0
 40
3.0
  1
担　当
 41
0.8086021505376422
  7
FRMSTR
 72
     4
 11
122.0
 21
196.5
 31
0.0
100
AcDbText
  0
LINE
  5
14888
330
14884
100
AcDbEntity
  8
PROF_FRM1
100
AcDbLine
 10
10.0
 20
200.0
 30
0.0
 11
282.0000000000001
 21
200.0
 31
0.0
  0
LINE
  5
14889
330
14884
100
AcDbEntity
  8
PROF_FRM2
100
AcDbLine
 10
10.0
 20
193.0
 30
0.0
 11
128.0
 21
193.0
 31
0.0
  0
TEXT
  5
1488A
330
14884
100
AcDbEntity
  8
PROF_TTBL1
100
AcDbText
 10
106.2410245217791
 20
193.8451776649746
 30
0.0
 40
2.5
  1
所の数
 41
0.7713730929265
  7
FRMSTR
 72
     4
 11
109.9999999999996
 21
195.0
 31
0.0
100
AcDbText
  0
LINE
  5
1488B
330
14884
100
AcDbEntity
  8
PROF_FRM2
100
AcDbLine
 10
104.0
 20
200.0
 30
0.0
 11
104.0
 21
193.0
 31
0.0
  0
LINE
  5
1488C
330
14884
100
AcDbEntity
  8
PROF_FRM2
100
AcDbLine
 10
115.9999999999998
 20
200.0
 30
0.0
 11
115.9999999999998
 21
193.0
 31
0.0
  0
LINE
  5
1488D
330
14884
100
AcDbEntity
  8
PROF_FRM2
100
AcDbLine
 10
26.0
 20
200.0
 30
0.0
 11
26.0
 21
193.0
 31
0.0
  0
LINE
  5
1488E
330
14884
100
AcDbEntity
  8
PROF_FRM2
100
AcDbLine
 10
34.5
 20
193.9438469999998
 30
0.0
 11
31.5
 21
199.1399999999998
 31
0.0
  0
LINE
  5
1488F
330
14884
100
AcDbEntity
  8
PROF_FRM2
100
AcDbLine
 10
31.5
 20
199.1399999999998
 30
0.0
 11
28.5
 21
193.9438469999998
 31
0.0
  0
TEXT
  5
14890
330
14884
100
AcDbEntity
  8
PROF_TTBL1
100
AcDbText
 10
50.37803709798097
 20
195.0971038819797
 30
0.0
 40
3.0
  1
記　　　　　　　　　事
 41
1.005550114267057
  7
FRMSTR
 72
     4
 11
71.93866492876295
 21
196.52096175
 31
0.0
100
AcDbText
  0
TEXT
  5
14891
330
14884
100
AcDbEntity
  8
PROF_TTBL1
100
AcDbText
 10
13.27152448010475
 20
195.1065989847716
 30
0.0
 40
3.0
  1
変　更
 41
0.8086021505376422
  7
FRMSTR
 72
     4
 11
18.0
 21
196.5
 31
0.0
100
AcDbText
  0
LINE
  5
14892
330
14884
100
AcDbEntity
  8
PROF_FRM3
100
AcDbLine
 10
0.0
 20
189.9999999999998
 30
0.0
 11
0.0
 21
210.0
 31
0.0
  0
LINE
  5
14893
330
14884
100
AcDbEntity
  8
PROF_FRM2
100
AcDbLine
 10
28.5
 20
193.9438469999998
 30
0.0
 11
34.5
 21
193.9438469999998
 31
0.0
  0
LINE
  5
14894
330
14884
100
AcDbEntity
  8
PROF_FRM3
100
AcDbLine
 10
20.0
 20
210.0
 30
0.0
 11
0.0
 21
210.0
 31
0.0
  0
TEXT
  5
14895
330
14884
100
AcDbEntity
  8
PROF_TTBL1
100
AcDbText
 10
106.4710659898473
 20
196.8388324873096
 30
0.0
 40
2.5
  1
変更箇
 41
0.7241666666666751
  7
FRMSTR
 72
     4
 11
109.9999999999996
 21
198.0
 31
0.0
100
AcDbText
  0
LINE
  5
14896
330
14884
100
AcDbEntity
  8
PROF_FRM2
100
AcDbLine
 10
128.0
 20
193.0
 30
0.0
 11
128.0
 21
200.0
 31
0.0
  0
LINE
  5
14897
330
14884
100
AcDbEntity
  8
PROF_FRM2
100
AcDbLine
 10
128.0
 20
200.0
 30
0.0
 11
128.0
 21
193.0
 31
0.0
  0
LINE
  5
14898
330
14884
100
AcDbEntity
  8
PROF_FRM2
100
AcDbLine
 10
10.0
 20
30.0
 30
0.0
 11
282.0000000000001
 21
30.0
 31
0.0
  0
LINE
  5
14899
330
14884
100
AcDbEntity
  8
PROF_FRM1
100
AcDbLine
 10
282.0000000000001
 20
10.0
 30
0.0
 11
10.0
 21
10.0
 31
0.0
  0
LINE
  5
1489A
330
14884
100
AcDbEntity
  8
PROF_TTBL2
100
AcDbLine
 10
16.92765951087716
 20
17.84862032505418
 30
0.0
 11
16.87254752826578
 21
17.82913861979716
 31
0.0
  0
LINE
  5
1489B
330
14884
100
AcDbEntity
  8
PROF_TTBL2
100
AcDbLine
 10
12.26308466369596
 20
17.80804485611002
 30
0.0
 11
12.23612584814458
 21
17.83249042380345
 31
0.0
  0
LINE
  5
1489C
330
14884
100
AcDbEntity
  8
PROF_TTBL2
100
AcDbLine
 10
12.71217218202798
 20
16.17617286764078
 30
0.0
 11
17.59149585243608
 21
21.44086095777749
 31
0.0
  0
LINE
  5
1489D
330
14884
100
AcDbEntity
  8
PROF_TTBL2
100
AcDbLine
 10
12.71217218202798
 20
16.17617286764078
 30
0.0
 11
17.64872847595751
 21
20.75138331940502
 31
0.0
  0
LINE
  5
1489E
330
14884
100
AcDbEntity
  8
PROF_TTBL2
100
AcDbLine
 10
12.89635566500385
 20
16.37490298983044
 30
0.0
 11
21.10427528876454
 21
24.58282261359113
 31
0.0
  0
LINE
  5
1489F
330
14884
100
AcDbEntity
  8
PROF_TTBL2
100
AcDbLine
 10
14.44548168715454
 20
17.78260765574384
 30
0.0
 11
21.12742259460464
 21
24.46454856319397
 31
0.0
  0
LINE
  5
148A0
330
14884
100
AcDbEntity
  8
PROF_FRM2
100
AcDbLine
 10
10.0
 20
30.0
 30
0.0
 11
10.0
 21
10.0
 31
0.0
  0
TEXT
  5
148A1
330
14884
100
AcDbEntity
  8
PROF_TTBL1
100
AcDbText
 10
22.45707821300294
 20
18.41959898477158
 30
0.0
 40
4.2
  1
シグマ光機株式会社
 41
0.7372097887810872
  7
FRMSTR
 72
     4
 11
40.56324999999996
 21
20.41300000000001
 31
0.0
100
AcDbText
  0
LINE
  5
148A2
330
14884
100
AcDbEntity
  8
PROF_FRM3
100
AcDbLine
 10
0.0
 20
0.0
 30
0.0
 11
0.0
 21
20.0
 31
0.0
  0
LINE
  5
148A3
330
14884
100
AcDbEntity
  8
PROF_TTBL2
100
AcDbLine
 10
16.59547796613947
 20
17.73613713596193
 30
0.0
 11
16.53977042445518
 21
17.71843016332604
 31
0.0
  0
LINE
  5
148A4
330
14884
100
AcDbEntity
  8
PROF_FRM3
100
AcDbLine
 10
20.0
 20
0.0
 30
0.0
 11
0.0
 21
0.0
 31
0.0
  0
LINE
  5
148A5
330
14884
100
AcDbEntity
  8
PROF_TTBL2
100
AcDbLine
 10
16.48396770977217
 20
17.70102545054118
 30
0.0
 11
16.42807096008408
 21
17.68392515016557
 31
0.0
  0
LINE
  5
148A6
330
14884
100
AcDbEntity
  8
PROF_TTBL2
100
AcDbLine
 10
16.42807096008408
 20
17.68392515016557
 30
0.0
 11
16.37208130646723
 21
17.6671315357658
 31
0.0
  0
LINE
  5
148A7
330
14884
100
AcDbEntity
  8
PROF_TTBL2
100
AcDbLine
 10
16.37208130646723
 20
17.6671315357658
 30
0.0
 11
16.3159998750454
 21
17.65064700553915
 31
0.0
  0
LINE
  5
148A8
330
14884
100
AcDbEntity
  8
PROF_TTBL2
100
AcDbLine
 10
16.3159998750454
 20
17.65064700553915
 30
0.0
 11
16.25982778901453
 21
17.63447408618657
 31
0.0
  0
LINE
  5
148A9
330
14884
100
AcDbEntity
  8
PROF_TTBL2
100
AcDbLine
 10
16.25982778901453
 20
17.63447408618657
 30
0.0
 11
16.20356617073974
 21
17.61861543704924
 31
0.0
  0
LINE
  5
148AA
330
14884
100
AcDbEntity
  8
PROF_TTBL2
100
AcDbLine
 10
16.20356617073974
 20
17.61861543704924
 30
0.0
 11
16.14721614393317
 21
17.60307385452546
 31
0.0
  0
LINE
  5
148AB
330
14884
100
AcDbEntity
  8
PROF_TTBL2
100
AcDbLine
 10
16.14721614393317
 20
17.60307385452546
 30
0.0
 11
16.09077883592368
 21
17.5878522767835
 31
0.0
  0
LINE
  5
148AC
330
14884
100
AcDbEntity
  8
PROF_TTBL2
100
AcDbLine
 10
16.09077883592368
 20
17.5878522767835
 30
0.0
 11
16.03425538003165
 21
17.57295378878978
 31
0.0
  0
LINE
  5
148AD
330
14884
100
AcDbEntity
  8
PROF_TTBL2
100
AcDbLine
 10
16.03425538003165
 20
17.57295378878978
 30
0.0
 11
15.97764691806054
 21
17.55838162767065
 31
0.0
  0
LINE
  5
148AE
330
14884
100
AcDbEntity
  8
PROF_TTBL2
100
AcDbLine
 10
15.97764691806054
 20
17.55838162767065
 30
0.0
 11
15.92095460291915
 21
17.54413918843073
 31
0.0
  0
LINE
  5
148AF
330
14884
100
AcDbEntity
  8
PROF_TTBL2
100
AcDbLine
 10
15.92095460291915
 20
17.54413918843073
 30
0.0
 11
15.86417960139067
 21
17.53023003004983
 31
0.0
  0
LINE
  5
148B0
330
14884
100
AcDbEntity
  8
PROF_TTBL2
100
AcDbLine
 10
15.86417960139067
 20
17.53023003004983
 30
0.0
 11
15.80732309706513
 21
17.51665788198408
 31
0.0
  0
LINE
  5
148B1
330
14884
100
AcDbEntity
  8
PROF_TTBL2
100
AcDbLine
 10
15.80732309706513
 20
17.51665788198408
 30
0.0
 11
15.75038629345306
 21
17.50342665109849
 31
0.0
  0
LINE
  5
148B2
330
14884
100
AcDbEntity
  8
PROF_TTBL2
100
AcDbLine
 10
15.75038629345306
 20
17.50342665109849
 30
0.0
 11
15.69337041729994
 21
17.49054042906073
 31
0.0
  0
LINE
  5
148B3
330
14884
100
AcDbEntity
  8
PROF_TTBL2
100
AcDbLine
 10
15.69337041729994
 20
17.49054042906073
 30
0.0
 11
15.63627672212606
 21
17.47800350022765
 31
0.0
  0
LINE
  5
148B4
330
14884
100
AcDbEntity
  8
PROF_TTBL2
100
AcDbLine
 10
15.63627672212606
 20
17.47800350022765
 30
0.0
 11
15.57910649201295
 21
17.46582035006071
 31
0.0
  0
LINE
  5
148B5
330
14884
100
AcDbEntity
  8
PROF_TTBL2
100
AcDbLine
 10
15.57910649201295
 20
17.46582035006071
 30
0.0
 11
15.52186104566556
 21
17.4539956741068
 31
0.0
  0
LINE
  5
148B6
330
14884
100
AcDbEntity
  8
PROF_TTBL2
100
AcDbLine
 10
15.52186104566556
 20
17.4539956741068
 30
0.0
 11
15.46454174077905
 21
17.44253438758732
 31
0.0
  0
LINE
  5
148B7
330
14884
100
AcDbEntity
  8
PROF_TTBL2
100
AcDbLine
 10
15.46454174077905
 20
17.44253438758732
 30
0.0
 11
15.40714997874442
 21
17.43144163563874
 31
0.0
  0
LINE
  5
148B8
330
14884
100
AcDbEntity
  8
PROF_TTBL2
100
AcDbLine
 10
15.40714997874442
 20
17.43144163563874
 30
0.0
 11
15.34968720972756
 21
17.42072280425553
 31
0.0
  0
LINE
  5
148B9
330
14884
100
AcDbEntity
  8
PROF_TTBL2
100
AcDbLine
 10
15.34968720972756
 20
17.42072280425553
 30
0.0
 11
15.29215493816565
 21
17.41038353198672
 31
0.0
  0
LINE
  5
148BA
330
14884
100
AcDbEntity
  8
PROF_TTBL2
100
AcDbLine
 10
15.29215493816565
 20
17.41038353198672
 30
0.0
 11
15.23455472872376
 21
17.400429722446
 31
0.0
  0
LINE
  5
148BB
330
14884
100
AcDbEntity
  8
PROF_TTBL2
100
AcDbLine
 10
15.23455472872376
 20
17.400429722446
 30
0.0
 11
15.17688821276425
 21
17.39086755769693
 31
0.0
  0
LINE
  5
148BC
330
14884
100
AcDbEntity
  8
PROF_TTBL2
100
AcDbLine
 10
15.17688821276425
 20
17.39086755769693
 30
0.0
 11
15.11915709538476
 21
17.38170351258406
 31
0.0
  0
LINE
  5
148BD
330
14884
100
AcDbEntity
  8
PROF_TTBL2
100
AcDbLine
 10
15.11915709538476
 20
17.38170351258406
 30
0.0
 11
15.06136316309095
 21
17.37294437008324
 31
0.0
  0
LINE
  5
148BE
330
14884
100
AcDbEntity
  8
PROF_TTBL2
100
AcDbLine
 10
15.06136316309095
 20
17.37294437008324
 30
0.0
 11
15.00350829223146
 21
17.36459723776397
 31
0.0
  0
LINE
  5
148BF
330
14884
100
AcDbEntity
  8
PROF_TTBL2
100
AcDbLine
 10
15.00350829223146
 20
17.36459723776397
 30
0.0
 11
14.94559445788978
 21
17.35666956539654
 31
0.0
  0
LINE
  5
148C0
330
14884
100
AcDbEntity
  8
PROF_TTBL2
100
AcDbLine
 10
14.94559445788978
 20
17.35666956539654
 30
0.0
 11
14.88762374438016
 21
17.34916916395389
 31
0.0
  0
LINE
  5
148C1
330
14884
100
AcDbEntity
  8
PROF_TTBL2
100
AcDbLine
 10
14.88762374438016
 20
17.34916916395389
 30
0.0
 11
14.82959835590577
 21
17.34210422589365
 31
0.0
  0
LINE
  5
148C2
330
14884
100
AcDbEntity
  8
PROF_TTBL2
100
AcDbLine
 10
14.82959835590577
 20
17.34210422589365
 30
0.0
 11
14.77152062877098
 21
17.33548334702232
 31
0.0
  0
LINE
  5
148C3
330
14884
100
AcDbEntity
  8
PROF_TTBL2
100
AcDbLine
 10
14.77152062877098
 20
17.33548334702232
 30
0.0
 11
14.71339304471007
 21
17.32931554998623
 31
0.0
  0
LINE
  5
148C4
330
14884
100
AcDbEntity
  8
PROF_TTBL2
100
AcDbLine
 10
14.71339304471007
 20
17.32931554998623
 30
0.0
 11
14.65521824558459
 21
17.3236103095449
 31
0.0
  0
LINE
  5
148C5
330
14884
100
AcDbEntity
  8
PROF_TTBL2
100
AcDbLine
 10
14.65521824558459
 20
17.3236103095449
 30
0.0
 11
14.59699904961865
 21
17.31837757978087
 31
0.0
  0
LINE
  5
148C6
330
14884
100
AcDbEntity
  8
PROF_TTBL2
100
AcDbLine
 10
14.59699904961865
 20
17.31837757978087
 30
0.0
 11
14.53873846936022
 21
17.31362782341136
 31
0.0
  0
LINE
  5
148C7
330
14884
100
AcDbEntity
  8
PROF_TTBL2
100
AcDbLine
 10
14.53873846936022
 20
17.31362782341136
 30
0.0
 11
14.48043973158519
 21
17.3093720433859
 31
0.0
  0
LINE
  5
148C8
330
14884
100
AcDbEntity
  8
PROF_TTBL2
100
AcDbLine
 10
14.48043973158519
 20
17.3093720433859
 30
0.0
 11
14.42210629939057
 21
17.30562181696825
 31
0.0
  0
LINE
  5
148C9
330
14884
100
AcDbEntity
  8
PROF_TTBL2
100
AcDbLine
 10
13.21882271380178
 20
17.36907506114653
 30
0.0
 11
12.93114494453658
 21
17.44754783756297
 31
0.0
  0
LINE
  5
148CA
330
14884
100
AcDbEntity
  8
PROF_TTBL2
100
AcDbLine
 10
12.93114494453658
 20
17.44754783756297
 30
0.0
 11
12.89665181624639
 21
17.4591519492215
 31
0.0
  0
LINE
  5
148CB
330
14884
100
AcDbEntity
  8
PROF_TTBL2
100
AcDbLine
 10
12.89665181624639
 20
17.4591519492215
 30
0.0
 11
12.86231855534095
 21
17.47122079800845
 31
0.0
  0
LINE
  5
148CC
330
14884
100
AcDbEntity
  8
PROF_TTBL2
100
AcDbLine
 10
12.86231855534095
 20
17.47122079800845
 30
0.0
 11
12.82815694676378
 21
17.48376723494055
 31
0.0
  0
LINE
  5
148CD
330
14884
100
AcDbEntity
  8
PROF_TTBL2
100
AcDbLine
 10
12.82815694676378
 20
17.48376723494055
 30
0.0
 11
12.79417966664164
 21
17.49680454704366
 31
0.0
  0
LINE
  5
148CE
330
14884
100
AcDbEntity
  8
PROF_TTBL2
100
AcDbLine
 10
12.79417966664164
 20
17.49680454704366
 30
0.0
 11
12.76040035121428
 21
17.51034645539403
 31
0.0
  0
LINE
  5
148CF
330
14884
100
AcDbEntity
  8
PROF_TTBL2
100
AcDbLine
 10
12.76040035121428
 20
17.51034645539403
 30
0.0
 11
12.72683367534176
 21
17.52440710683498
 31
0.0
  0
LINE
  5
148D0
330
14884
100
AcDbEntity
  8
PROF_TTBL2
100
AcDbLine
 10
12.72683367534176
 20
17.52440710683498
 30
0.0
 11
12.69349543538931
 21
17.53900106013554
 31
0.0
  0
LINE
  5
148D1
330
14884
100
AcDbEntity
  8
PROF_TTBL2
100
AcDbLine
 10
12.69349543538931
 20
17.53900106013554
 30
0.0
 11
12.66040263785686
 21
17.55414326480916
 31
0.0
  0
LINE
  5
148D2
330
14884
100
AcDbEntity
  8
PROF_TTBL2
100
AcDbLine
 10
12.66040263785686
 20
17.55414326480916
 30
0.0
 11
12.62757359260149
 21
17.56984903155881
 31
0.0
  0
LINE
  5
148D3
330
14884
100
AcDbEntity
  8
PROF_TTBL2
100
AcDbLine
 10
12.62757359260149
 20
17.56984903155881
 30
0.0
 11
12.59502801098739
 21
17.58613399239846
 31
0.0
  0
LINE
  5
148D4
330
14884
100
AcDbEntity
  8
PROF_TTBL2
100
AcDbLine
 10
12.59502801098739
 20
17.58613399239846
 30
0.0
 11
12.56278710800939
 21
17.60301404870858
 31
0.0
  0
LINE
  5
148D5
330
14884
100
AcDbEntity
  8
PROF_TTBL2
100
AcDbLine
 10
12.56278710800939
 20
17.60301404870858
 30
0.0
 11
12.53087370745674
 21
17.6205053051093
 31
0.0
  0
LINE
  5
148D6
330
14884
100
AcDbEntity
  8
PROF_TTBL2
100
AcDbLine
 10
12.53087370745674
 20
17.6205053051093
 30
0.0
 11
12.49931234871985
 21
17.63862398683164
 31
0.0
  0
LINE
  5
148D7
330
14884
100
AcDbEntity
  8
PROF_TTBL2
100
AcDbLine
 10
12.49931234871985
 20
17.63862398683164
 30
0.0
 11
12.46812939333745
 21
17.65738633806364
 31
0.0
  0
LINE
  5
148D8
330
14884
100
AcDbEntity
  8
PROF_TTBL2
100
AcDbLine
 10
12.46812939333745
 20
17.65738633806364
 30
0.0
 11
12.43738178882955
 21
17.67735511434432
 31
0.0
  0
LINE
  5
148D9
330
14884
100
AcDbEntity
  8
PROF_TTBL2
100
AcDbLine
 10
12.43738178882955
 20
17.67735511434432
 30
0.0
 11
12.40702253436177
 21
17.69707167991794
 31
0.0
  0
LINE
  5
148DA
330
14884
100
AcDbEntity
  8
PROF_TTBL2
100
AcDbLine
 10
12.40702253436177
 20
17.69707167991794
 30
0.0
 11
12.37714402780699
 21
17.71769537019531
 31
0.0
  0
LINE
  5
148DB
330
14884
100
AcDbEntity
  8
PROF_TTBL2
100
AcDbLine
 10
12.37714402780699
 20
17.71769537019531
 30
0.0
 11
12.34777821995635
 21
17.73919036925775
 31
0.0
  0
LINE
  5
148DC
330
14884
100
AcDbEntity
  8
PROF_TTBL2
100
AcDbLine
 10
12.34777821995635
 20
17.73919036925775
 30
0.0
 11
12.31895328361707
 21
17.76140531161489
 31
0.0
  0
LINE
  5
148DD
330
14884
100
AcDbEntity
  8
PROF_TTBL2
100
AcDbLine
 10
12.31895328361707
 20
17.76140531161489
 30
0.0
 11
12.29070831745275
 21
17.78435301588695
 31
0.0
  0
LINE
  5
148DE
330
14884
100
AcDbEntity
  8
PROF_TTBL2
100
AcDbLine
 10
16.53977042445518
 20
17.71843016332604
 30
0.0
 11
16.48396770977217
 21
17.70102545054118
 31
0.0
  0
LINE
  5
148DF
330
14884
100
AcDbEntity
  8
PROF_TTBL2
100
AcDbLine
 10
12.29070831745275
 20
17.78435301588695
 30
0.0
 11
12.26308466369596
 21
17.80804485611002
 31
0.0
  0
LINE
  5
148E0
330
14884
100
AcDbEntity
  8
PROF_TTBL2
100
AcDbLine
 10
16.87254752826578
 20
17.82913861979716
 30
0.0
 11
16.817333295085
 21
17.80994862572959
 31
0.0
  0
LINE
  5
148E1
330
14884
100
AcDbEntity
  8
PROF_TTBL2
100
AcDbLine
 10
16.76201802968188
 20
17.79105183297366
 30
0.0
 11
16.706602932532
 21
17.77244983550394
 31
0.0
  0
LINE
  5
148E2
330
14884
100
AcDbEntity
  8
PROF_TTBL2
100
AcDbLine
 10
16.706602932532
 20
17.77244983550394
 30
0.0
 11
16.65108918800387
 21
17.75414433351284
 31
0.0
  0
LINE
  5
148E3
330
14884
100
AcDbEntity
  8
PROF_TTBL2
100
AcDbLine
 10
16.65108918800387
 20
17.75414433351284
 30
0.0
 11
16.59547796613947
 21
17.73613713596193
 31
0.0
  0
LINE
  5
148E4
330
14884
100
AcDbEntity
  8
PROF_TTBL2
100
AcDbLine
 10
16.817333295085
 20
17.80994862572959
 30
0.0
 11
16.76201802968188
 21
17.79105183297366
 31
0.0
  0
LINE
  5
148E5
330
14884
100
AcDbEntity
  8
PROF_TTBL2
100
AcDbLine
 10
17.59149585243608
 20
21.44086095777749
 30
0.0
 11
16.56884883801239
 21
21.26000134166326
 31
0.0
  0
LINE
  5
148E6
330
14884
100
AcDbEntity
  8
PROF_TTBL2
100
AcDbLine
 10
17.28304868845589
 20
22.73127860656919
 30
0.0
 11
15.30355168271745
 21
21.72137850347809
 31
0.0
  0
LINE
  5
148E7
330
14884
100
AcDbEntity
  8
PROF_TTBL2
100
AcDbLine
 10
15.94398350898558
 20
23.24090745221931
 30
0.0
 11
16.61411996842395
 21
23.91104391165771
 31
0.0
  0
LINE
  5
148E8
330
14884
100
AcDbEntity
  8
PROF_TTBL2
100
AcDbLine
 10
16.0124131974876
 20
23.16791578448388
 30
0.0
 11
16.78052945706315
 21
23.93603204405951
 31
0.0
  0
LINE
  5
148E9
330
14884
100
AcDbEntity
  8
PROF_TTBL2
100
AcDbLine
 10
16.08084288598945
 20
23.09492411674852
 30
0.0
 11
16.94021754858823
 21
23.95429877934736
 31
0.0
  0
LINE
  5
148EA
330
14884
100
AcDbEntity
  8
PROF_TTBL2
100
AcDbLine
 10
16.14927257449141
 20
23.02193244901315
 30
0.0
 11
17.09400508522026
 21
23.9666649597421
 31
0.0
  0
LINE
  5
148EB
330
14884
100
AcDbEntity
  8
PROF_TTBL2
100
AcDbLine
 10
16.21770226299338
 20
22.9489407812778
 30
0.0
 11
17.24254172120726
 21
23.97378023949173
 31
0.0
  0
LINE
  5
148EC
330
14884
100
AcDbEntity
  8
PROF_TTBL2
100
AcDbLine
 10
16.28613195149523
 20
22.87594911354244
 30
0.0
 11
17.38635208662737
 21
23.97616924867457
 31
0.0
  0
LINE
  5
148ED
330
14884
100
AcDbEntity
  8
PROF_TTBL2
100
AcDbLine
 10
16.34113324846202
 20
22.78952905427178
 30
0.0
 11
17.52586702348907
 21
23.9742628292989
 31
0.0
  0
LINE
  5
148EE
330
14884
100
AcDbEntity
  8
PROF_TTBL2
100
AcDbLine
 10
16.35091614015368
 20
22.65789058972623
 30
0.0
 11
17.66144540747871
 21
23.96841985705123
 31
0.0
  0
LINE
  5
148EF
330
14884
100
AcDbEntity
  8
PROF_TTBL2
100
AcDbLine
 10
15.8185853907475
 20
21.98413848408279
 30
0.0
 11
17.09748853404568
 21
23.26304162738097
 31
0.0
  0
LINE
  5
148F0
330
14884
100
AcDbEntity
  8
PROF_TTBL2
100
AcDbLine
 10
16.10730655977659
 20
22.13143829687447
 30
0.0
 11
17.14925234306628
 21
23.17338408016419
 31
0.0
  0
LINE
  5
148F1
330
14884
100
AcDbEntity
  8
PROF_TTBL2
100
AcDbLine
 10
16.39602772880556
 20
22.27873810966616
 30
0.0
 11
17.20101615208671
 21
23.08372653294733
 31
0.0
  0
LINE
  5
148F2
330
14884
100
AcDbEntity
  8
PROF_TTBL2
100
AcDbLine
 10
15.99734539609005
 20
21.17294899576421
 30
0.0
 11
16.64388942824666
 21
21.81949302792088
 31
0.0
  0
LINE
  5
148F3
330
14884
100
AcDbEntity
  8
PROF_TTBL2
100
AcDbLine
 10
16.16104753819922
 20
21.19522978163598
 30
0.0
 11
16.78985451395254
 21
21.82403675738947
 31
0.0
  0
LINE
  5
148F4
330
14884
100
AcDbEntity
  8
PROF_TTBL2
100
AcDbLine
 10
16.32716905189136
 20
21.219929939091
 30
0.0
 11
16.93581959965848
 21
21.82858048685801
 31
0.0
  0
LINE
  5
148F5
330
14884
100
AcDbEntity
  8
PROF_TTBL2
100
AcDbLine
 10
16.49603699516148
 20
21.24737652612373
 30
0.0
 11
17.08178468536425
 21
21.83312421632655
 31
0.0
  0
ELLIPSE
  5
148F6
330
14884
100
AcDbEntity
  8
PROF_TTBL2
100
AcDbEllipse
 10
15.58070645669334
 20
21.43843503398545
 30
0.0
 11
2.148534274665363
 21
0.2222621663446739
 31
0.0
210
0.0
220
0.0
230
1.0
 40
0.1444444444444435
 41
0.0
 42
6.283185307179584
  0
ELLIPSE
  5
148F7
330
14884
100
AcDbEntity
  8
PROF_TTBL2
100
AcDbEllipse
 10
15.2131657613429
 20
21.93270481777131
 30
0.0
 11
1.784167934577283
 21
0.7093269917507747
 31
0.0
210
0.0
220
0.0
230
0.9999999999999998
 40
0.0750000000000019
 41
0.0
 42
6.283185307179584
  0
ELLIPSE
  5
148F8
330
14884
100
AcDbEntity
  8
PROF_TTBL2
100
AcDbEllipse
 10
15.58070645669334
 20
21.43843503398545
 30
0.0
 11
2.148534274665363
 21
0.2222621663446739
 31
0.0
210
0.0
220
0.0
230
1.0
 40
0.1444444444444435
 41
0.0
 42
6.283185307179584
  0
ARC
  5
148F9
330
14884
100
AcDbEntity
  8
PROF_TTBL2
100
AcDbCircle
 10
17.39217218202799
 20
19.29617286764073
 30
0.0
 40
4.679999999999997
100
AcDbArc
 50
69.30416635020958
 51
111.3229823052774
  0
LINE
  5
148FA
330
14884
100
AcDbEntity
  8
PROF_TTBL2
100
AcDbLine
 10
17.98098855018486
 20
21.86111542449168
 30
0.0
 11
16.51139704350907
 21
21.8153686885285
 31
0.0
  0
LINE
  5
148FB
330
14884
100
AcDbEntity
  8
PROF_TTBL2
100
AcDbLine
 10
16.47759220716216
 20
20.23898224446338
 30
0.0
 11
20.67581882117315
 21
24.4372088584744
 31
0.0
  0
LINE
  5
148FC
330
14884
100
AcDbEntity
  8
PROF_TTBL2
100
AcDbLine
 10
14.68697393608317
 20
18.30694261714694
 30
0.0
 11
20.96075151636006
 21
24.58072019742394
 31
0.0
  0
LINE
  5
148FD
330
14884
100
AcDbEntity
  8
PROF_TTBL2
100
AcDbLine
 10
16.37752131447098
 20
19.57322592682288
 30
0.0
 11
21.01702771855065
 21
24.21273233090256
 31
0.0
  0
ARC
  5
148FE
330
14884
100
AcDbEntity
  8
PROF_TTBL2
100
AcDbCircle
 10
15.71658855834357
 20
23.58873428479486
 30
0.0
 40
0.0719999999999979
100
AcDbArc
 50
111.3229823052744
 51
223.1523897340082
  0
ARC
  5
148FF
330
14884
100
AcDbEntity
  8
PROF_TTBL2
100
AcDbCircle
 10
16.11591286131238
 20
22.70660874787929
 30
0.0
 40
0.2400000000000034
100
AcDbArc
 50
291.7647431074446
 51
43.15238973400361
  0
LINE
  5
14900
330
14884
100
AcDbEntity
  8
PROF_TTBL2
100
AcDbLine
 10
16.20490400273206
 20
22.48371734663464
 30
0.0
 11
15.1597710199905
 21
22.06643980003502
 31
0.0
  0
LINE
  5
14901
330
14884
100
AcDbEntity
  8
PROF_TTBL2
100
AcDbLine
 10
15.66406187964548
 20
23.53949052351544
 30
0.0
 11
16.29100179030604
 21
22.87075461881082
 31
0.0
  0
LINE
  5
14902
330
14884
100
AcDbEntity
  8
PROF_TTBL2
100
AcDbLine
 10
15.670264754978
 20
23.53287412316081
 30
0.0
 11
15.85333500177091
 21
23.71594436995377
 31
0.0
  0
LINE
  5
14903
330
14884
100
AcDbEntity
  8
PROF_TTBL2
100
AcDbLine
 10
15.73869444347985
 20
23.45988245542542
 30
0.0
 11
16.06195835356174
 21
23.78314636550734
 31
0.0
  0
LINE
  5
14904
330
14884
100
AcDbEntity
  8
PROF_TTBL2
100
AcDbLine
 10
15.80712413198176
 20
23.38689078769002
 30
0.0
 11
16.25652894600989
 21
23.83629560171812
 31
0.0
  0
LINE
  5
14905
330
14884
100
AcDbEntity
  8
PROF_TTBL2
100
AcDbLine
 10
15.87555382048367
 20
23.31389911995466
 30
0.0
 11
16.43992616114047
 21
23.87827146061141
 31
0.0
  0
LINE
  5
14906
330
14884
100
AcDbEntity
  8
PROF_TTBL2
100
AcDbLine
 10
13.78715830093767
 20
21.08408224417132
 30
0.0
 11
14.49310125880072
 21
21.79002520203443
 31
0.0
  0
LINE
  5
14907
330
14884
100
AcDbEntity
  8
PROF_TTBL2
100
AcDbLine
 10
13.91604077972198
 20
21.07154336671829
 30
0.0
 11
14.73942200025237
 21
21.89492458724868
 31
0.0
  0
LINE
  5
14908
330
14884
100
AcDbEntity
  8
PROF_TTBL2
100
AcDbLine
 10
14.04926849874249
 20
21.06334972950156
 30
0.0
 11
14.98015958792836
 21
21.99424081868738
 31
0.0
  0
LINE
  5
14909
330
14884
100
AcDbEntity
  8
PROF_TTBL2
100
AcDbLine
 10
14.18595101825809
 20
21.05861089277988
 30
0.0
 11
15.21638250541008
 21
22.08904237993186
 31
0.0
  0
LINE
  5
1490A
330
14884
100
AcDbEntity
  8
PROF_TTBL2
100
AcDbLine
 10
14.32552860764428
 20
21.05676712592878
 30
0.0
 11
15.45179358152637
 21
22.18303209981087
 31
0.0
  0
LINE
  5
1490B
330
14884
100
AcDbEntity
  8
PROF_TTBL2
100
AcDbLine
 10
14.46762759512955
 20
21.05744475717671
 30
0.0
 11
15.68720465764278
 21
22.27702181968987
 31
0.0
  0
LINE
  5
1490C
330
14884
100
AcDbEntity
  8
PROF_TTBL2
100
AcDbLine
 10
14.61198957304566
 20
21.06038537885558
 30
0.0
 11
15.92261573375907
 21
22.37101153956888
 31
0.0
  0
LINE
  5
1490D
330
14884
100
AcDbEntity
  8
PROF_TTBL2
100
AcDbLine
 10
14.75843323550725
 20
21.06540768507983
 30
0.0
 11
15.42893813405089
 21
21.73591258362341
 31
0.0
  0
LINE
  5
1490E
330
14884
100
AcDbEntity
  8
PROF_TTBL2
100
AcDbLine
 10
15.52986422171858
 20
21.83683867129111
 30
0.0
 11
16.15802680987525
 21
22.46500125944788
 31
0.0
  0
LINE
  5
1490F
330
14884
100
AcDbEntity
  8
PROF_TTBL2
100
AcDbLine
 10
14.90683244991538
 20
21.07238554325067
 30
0.0
 11
15.587164499663
 21
21.75271759299818
 31
0.0
  0
LINE
  5
14910
330
14884
100
AcDbEntity
  8
PROF_TTBL2
100
AcDbLine
 10
15.05710321537014
 20
21.08123495246809
 30
0.0
 11
15.74351931422848
 21
21.76765105132642
 31
0.0
  0
LINE
  5
14911
330
14884
100
AcDbEntity
  8
PROF_TTBL2
100
AcDbLine
 10
15.20919593910679
 20
21.09190631996739
 30
0.0
 11
15.8980521705119
 21
21.78076255137256
 31
0.0
  0
LINE
  5
14912
330
14884
100
AcDbEntity
  8
PROF_TTBL2
100
AcDbLine
 10
15.36309122603278
 20
21.1043802506561
 30
0.0
 11
16.05078246360619
 21
21.79207148822945
 31
0.0
  0
LINE
  5
14913
330
14884
100
AcDbEntity
  8
PROF_TTBL2
100
AcDbLine
 10
15.51879830123999
 20
21.11866596962607
 30
0.0
 11
16.20170096841911
 21
21.8015686368052
 31
0.0
  0
LINE
  5
14914
330
14884
100
AcDbEntity
  8
PROF_TTBL2
100
AcDbLine
 10
15.67635575551025
 20
21.13480206765905
 30
0.0
 11
16.35076909416921
 21
21.80921540631789
 31
0.0
  0
LINE
  5
14915
330
14884
100
AcDbEntity
  8
PROF_TTBL2
100
AcDbLine
 10
15.83583475893948
 20
21.15285971485093
 30
0.0
 11
16.49791567076016
 21
21.81494062667155
 31
0.0
  0
ARC
  5
14916
330
14884
100
AcDbEntity
  8
PROF_TTBL2
100
AcDbCircle
 10
16.15525258453999
 20
16.55152409696649
 30
0.0
 40
4.919629595403876
100
AcDbArc
 50
134.135819569473
 51
134.3499470911304
  0
ARC
  5
14917
330
14884
100
AcDbEntity
  8
PROF_TTBL2
100
AcDbCircle
 10
16.01562506814104
 20
16.6954283882801
 30
0.0
 40
4.719119524848291
100
AcDbArc
 50
133.9171903341719
 51
134.1358195591452
  0
ARC
  5
14918
330
14884
100
AcDbEntity
  8
PROF_TTBL2
100
AcDbCircle
 10
16.22426768479118
 20
16.47874678486157
 30
0.0
 40
5.019922880452321
100
AcDbArc
 50
133.7073825710664
 51
133.9171903341719
  0
ARC
  5
14919
330
14884
100
AcDbEntity
  8
PROF_TTBL2
100
AcDbCircle
 10
16.08556886273055
 20
16.62384937685089
 30
0.0
 40
4.819193895392823
100
AcDbArc
 50
133.4932499361779
 51
133.7073825834918
  0
ARC
  5
1491A
330
14884
100
AcDbEntity
  8
PROF_TTBL2
100
AcDbCircle
 10
16.29278987806372
 20
16.40543246072678
 30
0.0
 40
5.120269464718683
100
AcDbArc
 50
133.2875940335246
 51
133.4932499361779
  0
ARC
  5
1491B
330
14884
100
AcDbEntity
  8
PROF_TTBL2
100
AcDbCircle
 10
16.15506079292652
 20
16.55165043292197
 30
0.0
 40
4.919398868847528
100
AcDbArc
 50
133.0777814184727
 51
133.2875940249238
  0
ARC
  5
1491C
330
14884
100
AcDbEntity
  8
PROF_TTBL2
100
AcDbCircle
 10
12.89448762261975
 20
20.03868433408774
 30
0.0
 40
0.1454337635284963
100
AcDbArc
 50
132.8761171421808
 51
133.0777814184681
  0
ARC
  5
1491D
330
14884
100
AcDbEntity
  8
PROF_TTBL2
100
AcDbCircle
 10
499.0088551824872
 20
-503.5201501915958
 30
0.0
 40
714.5829968563589
100
AcDbArc
 50
132.873240605835
 51
132.8761175738323
  0
ARC
  5
1491E
330
14884
100
AcDbEntity
  8
PROF_TTBL2
100
AcDbCircle
 10
14.00792954153166
 20
18.89208147187287
 30
0.0
 40
1.743297019018649
100
AcDbArc
 50
132.4726331371873
 51
132.873240605835
  0
ARC
  5
1491F
330
14884
100
AcDbEntity
  8
PROF_TTBL2
100
AcDbCircle
 10
160.9482644019724
 20
-140.4803149928808
 30
0.0
 40
218.5174145870323
100
AcDbArc
 50
132.4724956146953
 51
132.6742378381086
  0
LINE
  5
14920
330
14884
100
AcDbEntity
  8
PROF_TTBL2
100
AcDbLine
 10
13.45561179273136
 20
21.17679980467693
 30
0.0
 11
13.69141088356775
 21
21.41259889551338
 31
0.0
  0
LINE
  5
14921
330
14884
100
AcDbEntity
  8
PROF_TTBL2
100
AcDbLine
 10
13.55037387388864
 20
21.13014052959692
 30
0.0
 11
13.97587708392649
 21
21.55564373963477
 31
0.0
  0
LINE
  5
14922
330
14884
100
AcDbEntity
  8
PROF_TTBL2
100
AcDbLine
 10
13.66418385214245
 20
21.10252915161345
 30
0.0
 11
14.23968465069577
 21
21.67802995016671
 31
0.0
  0
ARC
  5
14923
330
14884
100
AcDbEntity
  8
PROF_TTBL2
100
AcDbCircle
 10
15.10894010365291
 20
17.60510570569169
 30
0.0
 40
3.445015780581333
100
AcDbArc
 50
148.3016201009083
 51
148.7033172166021
  0
ARC
  5
14924
330
14884
100
AcDbEntity
  8
PROF_TTBL2
100
AcDbCircle
 10
12.93064952103895
 20
18.95036030284723
 30
0.0
 40
0.8848087980363048
100
AcDbArc
 50
147.5089870449785
 51
148.3016200982221
  0
ARC
  5
14925
330
14884
100
AcDbEntity
  8
PROF_TTBL2
100
AcDbCircle
 10
171.3504589960077
 20
-81.93925876230821
 30
0.0
 40
188.7026760769446
100
AcDbArc
 50
147.4982256489547
 51
147.5089870449785
  0
ARC
  5
14926
330
14884
100
AcDbEntity
  8
PROF_TTBL2
100
AcDbCircle
 10
12.31777541387867
 20
19.38265838777033
 30
0.0
 40
0.1356446470018665
100
AcDbArc
 50
147.0968444477182
 51
147.4982258091811
  0
ARC
  5
14927
330
14884
100
AcDbEntity
  8
PROF_TTBL2
100
AcDbCircle
 10
14.56526764419248
 20
17.92851486781427
 30
0.0
 40
2.812537379621367
100
AcDbArc
 50
146.720286080975
 51
147.0968444477227
  0
ARC
  5
14928
330
14884
100
AcDbEntity
  8
PROF_TTBL2
100
AcDbCircle
 10
14.42100775193591
 20
18.02320280721789
 30
0.0
 40
2.639978049585602
100
AcDbArc
 50
146.3316157975125
 51
146.7202860892585
  0
ARC
  5
14929
330
14884
100
AcDbEntity
  8
PROF_TTBL2
100
AcDbCircle
 10
14.00578245907064
 20
18.29979274622905
 30
0.0
 40
2.141065193269834
100
AcDbArc
 50
145.9665790038873
 51
146.3316157975125
  0
ARC
  5
1492A
330
14884
100
AcDbEntity
  8
PROF_TTBL2
100
AcDbCircle
 10
17.16756138975608
 20
16.16446150679894
 30
0.0
 40
5.95636144764019
100
AcDbArc
 50
145.7477219244386
 51
145.9665790012244
  0
ARC
  5
1492B
330
14884
100
AcDbEntity
  8
PROF_TTBL2
100
AcDbCircle
 10
13.08616740011126
 20
18.94362127345516
 30
0.0
 40
1.018598198221569
100
AcDbArc
 50
144.7241683917529
 51
145.7477219244386
  0
ARC
  5
1492C
330
14884
100
AcDbEntity
  8
PROF_TTBL2
100
AcDbCircle
 10
10.24328671667399
 20
20.93898093331853
 30
0.0
 40
2.454656619674431
100
AcDbArc
 50
325.0235777133504
 51
325.4483126027052
  0
ARC
  5
1492D
330
14884
100
AcDbEntity
  8
PROF_TTBL2
100
AcDbCircle
 10
11.99515949543604
 20
19.73262378933191
 30
0.0
 40
0.3276033077390656
100
AcDbArc
 50
325.4483126027079
 51
328.5489391159158
  0
ARC
  5
1492E
330
14884
100
AcDbEntity
  8
PROF_TTBL2
100
AcDbCircle
 10
12.43403121048737
 20
19.46873891425264
 30
0.0
 40
0.1845199709566312
100
AcDbArc
 50
144.2454210927703
 51
149.7518306257068
  0
ARC
  5
1492F
330
14884
100
AcDbEntity
  8
PROF_TTBL2
100
AcDbCircle
 10
12.44368940105556
 20
19.46178484001177
 30
0.0
 40
0.1964212227226922
100
AcDbArc
 50
138.7864560684566
 51
144.2454210927703
  0
ARC
  5
14930
330
14884
100
AcDbEntity
  8
PROF_TTBL2
100
AcDbCircle
 10
12.01926113405318
 20
19.82309613887378
 30
0.0
 40
0.3610002287300689
100
AcDbArc
 50
320.031215101541
 51
323.0006620595428
  0
ARC
  5
14931
330
14884
100
AcDbEntity
  8
PROF_TTBL2
100
AcDbCircle
 10
9.874706151342023
 20
21.43909538001355
 30
0.0
 40
3.046250612071558
100
AcDbArc
 50
323.0006620595428
 51
323.3429118353353
  0
ARC
  5
14932
330
14884
100
AcDbEntity
  8
PROF_TTBL2
100
AcDbCircle
 10
13.21205133644258
 20
18.96261132415816
 30
0.0
 40
1.109581196379695
100
AcDbArc
 50
142.7019751276368
 51
143.6415987672446
  0
ARC
  5
14933
330
14884
100
AcDbEntity
  8
PROF_TTBL2
100
AcDbCircle
 10
18.30195156216461
 20
15.08542371147689
 30
0.0
 40
7.507992568879517
100
AcDbArc
 50
142.523030628021
 51
142.7019751276368
  0
ARC
  5
14934
330
14884
100
AcDbEntity
  8
PROF_TTBL2
100
AcDbCircle
 10
14.15927981436289
 20
18.26156272148762
 30
0.0
 40
2.287878755853338
100
AcDbArc
 50
142.1988670378371
 51
142.5230305806744
  0
ARC
  5
14935
330
14884
100
AcDbEntity
  8
PROF_TTBL2
100
AcDbCircle
 10
15.07705931309777
 20
17.54963090078899
 30
0.0
 40
3.449414861887659
100
AcDbArc
 50
141.8924111540963
 51
142.1988670378371
  0
ARC
  5
14936
330
14884
100
AcDbEntity
  8
PROF_TTBL2
100
AcDbCircle
 10
14.93007439179336
 20
17.66491324303762
 30
0.0
 40
3.26261393703662
100
AcDbArc
 50
141.5773043088661
 51
141.8924111739835
  0
ARC
  5
14937
330
14884
100
AcDbEntity
  8
PROF_TTBL2
100
AcDbCircle
 10
15.15043388259749
 20
17.4901162965383
 30
0.0
 40
3.54388298562344
100
AcDbArc
 50
141.2790948875097
 51
141.5773043088661
  0
ARC
  5
14938
330
14884
100
AcDbEntity
  8
PROF_TTBL2
100
AcDbCircle
 10
15.00345303986749
 20
17.60795823082082
 30
0.0
 40
3.355494850102451
100
AcDbArc
 50
140.9726285506772
 51
141.2790948937864
  0
ARC
  5
14939
330
14884
100
AcDbEntity
  8
PROF_TTBL2
100
AcDbCircle
 10
15.22374199447557
 20
17.42939743929247
 30
0.0
 40
3.639063501038258
100
AcDbArc
 50
140.6822931741429
 51
140.9726285506772
  0
ARC
  5
1493A
330
14884
100
AcDbEntity
  8
PROF_TTBL2
100
AcDbCircle
 10
15.07684982064006
 20
17.54970311761115
 30
0.0
 40
3.449193105847736
100
AcDbArc
 50
140.3840736710059
 51
140.6822931756613
  0
ARC
  5
1493B
330
14884
100
AcDbEntity
  8
PROF_TTBL2
100
AcDbCircle
 10
15.29694476450589
 20
17.36752167260482
 30
0.0
 40
3.734906009336281
100
AcDbArc
 50
140.1012600110138
 51
140.3840736710059
  0
ARC
  5
1493C
330
14884
100
AcDbEntity
  8
PROF_TTBL2
100
AcDbCircle
 10
15.15022183150643
 20
17.49019560512857
 30
0.0
 40
3.543656139300233
100
AcDbArc
 50
139.8109149494949
 51
140.1012600206207
  0
ARC
  5
1493D
330
14884
100
AcDbEntity
  8
PROF_TTBL2
100
AcDbCircle
 10
15.37000535132659
 20
17.30453588864384
 30
0.0
 40
3.83136141542446
100
AcDbArc
 50
139.5352896410992
 51
139.8109149494949
  0
ARC
  5
1493E
330
14884
100
AcDbEntity
  8
PROF_TTBL2
100
AcDbCircle
 10
15.22352839513064
 20
17.42948308084533
 30
0.0
 40
3.638832717471488
100
AcDbArc
 50
139.25246669275
 51
139.5352896310059
  0
ARC
  5
1493F
330
14884
100
AcDbEntity
  8
PROF_TTBL2
100
AcDbCircle
 10
15.44288811440418
 20
17.2404871090128
 30
0.0
 40
3.928380923835701
100
AcDbArc
 50
138.9837141898015
 51
139.25246669275
  0
ARC
  5
14940
330
14884
100
AcDbEntity
  8
PROF_TTBL2
100
AcDbCircle
 10
15.29673026217915
 20
17.36761314707149
 30
0.0
 40
3.734671999623296
100
AcDbArc
 50
138.7080799930838
 51
138.9837141927032
  0
ARC
  5
14941
330
14884
100
AcDbEntity
  8
PROF_TTBL2
100
AcDbCircle
 10
15.51555959768859
 20
17.17542154914303
 30
0.0
 40
4.025917408846793
100
AcDbArc
 50
138.4459015796825
 51
138.7080799930838
  0
ARC
  5
14942
330
14884
100
AcDbEntity
  8
PROF_TTBL2
100
AcDbCircle
 10
15.36979051522058
 20
17.3046327111831
 30
0.0
 40
3.831124827367615
100
AcDbArc
 50
138.1771405955855
 51
138.4459015839324
  0
ARC
  5
14943
330
14884
100
AcDbEntity
  8
PROF_TTBL2
100
AcDbCircle
 10
15.58798759758286
 20
17.10938529998282
 30
0.0
 40
4.123924278070439
100
AcDbArc
 50
137.9212533712454
 51
138.1771405955855
  0
ARC
  5
14944
330
14884
100
AcDbEntity
  8
PROF_TTBL2
100
AcDbCircle
 10
15.44267367088264
 20
17.24058863071093
 30
0.0
 40
3.928142636216018
100
AcDbArc
 50
137.6590668726448
 51
137.9212533798052
  0
ARC
  5
14945
330
14884
100
AcDbEntity
  8
PROF_TTBL2
100
AcDbCircle
 10
15.66014151042935
 20
17.04242393812376
 30
0.0
 40
4.222356005431765
100
AcDbArc
 50
137.4092028295448
 51
137.6590668726448
  0
ARC
  5
14946
330
14884
100
AcDbEntity
  8
PROF_TTBL2
100
AcDbCircle
 10
15.51534599224607
 20
17.17552732751949
 30
0.0
 40
4.02567795796687
100
AcDbArc
 50
137.153307906535
 51
137.4092028410468
  0
ARC
  5
14947
330
14884
100
AcDbEntity
  8
PROF_TTBL2
100
AcDbCircle
 10
15.7319921171026
 20
16.97458262484076
 30
0.0
 40
4.321167918794643
100
AcDbArc
 50
136.9092130503185
 51
137.153307906535
  0
ARC
  5
14948
330
14884
100
AcDbEntity
  8
PROF_TTBL2
100
AcDbCircle
 10
15.58777530743987
 20
17.10949483932762
 30
0.0
 40
4.123684264263393
100
AcDbArc
 50
136.6593416845653
 51
136.9092130627659
  0
ARC
  5
14949
330
14884
100
AcDbEntity
  8
PROF_TTBL2
100
AcDbCircle
 10
15.80351146824938
 20
16.90590613224173
 30
0.0
 40
4.420316111396672
100
AcDbArc
 50
136.420775194254
 51
136.6593416845653
  0
ARC
  5
1494A
330
14884
100
AcDbEntity
  8
PROF_TTBL2
100
AcDbCircle
 10
15.65993086093925
 20
17.0425368593261
 30
0.0
 40
4.222115843033696
100
AcDbArc
 50
136.1766733788529
 51
136.4207752158579
  0
ARC
  5
1494B
330
14884
100
AcDbEntity
  8
PROF_TTBL2
100
AcDbCircle
 10
15.874673354435
 20
16.8364383196104
 30
0.0
 40
4.519758156197863
100
AcDbArc
 50
135.9434068633325
 51
136.1766733788529
  0
ARC
  5
1494C
330
14884
100
AcDbEntity
  8
PROF_TTBL2
100
AcDbCircle
 10
15.73178370556138
 20
16.97469826428221
 30
0.0
 40
4.320928419850716
100
AcDbArc
 50
135.7048337472765
 51
135.9434068498515
  0
ARC
  5
1494D
330
14884
100
AcDbEntity
  8
PROF_TTBL2
100
AcDbCircle
 10
15.94545163444496
 20
16.76622365538236
 30
0.0
 40
4.619450858520535
100
AcDbArc
 50
135.4766504271652
 51
135.7048337472765
  0
ARC
  5
1494E
330
14884
100
AcDbEntity
  8
PROF_TTBL2
100
AcDbCircle
 10
15.80330518139823
 20
16.90602450354202
 30
0.0
 40
4.420077110850645
100
AcDbArc
 50
135.2433776185627
 51
135.4766504497995
  0
ARC
  5
1494F
330
14884
100
AcDbEntity
  8
PROF_TTBL2
100
AcDbCircle
 10
16.01582301348378
 20
16.69530448693444
 30
0.0
 40
4.719354163685355
100
AcDbArc
 50
135.0200717570331
 51
135.2433776185627
  0
ARC
  5
14950
330
14884
100
AcDbEntity
  8
PROF_TTBL2
100
AcDbCircle
 10
15.87446950626105
 20
16.83655899181633
 30
0.0
 40
4.519520109646534
100
AcDbArc
 50
134.7918824697792
 51
135.0200717606764
  0
ARC
  5
14951
330
14884
100
AcDbEntity
  8
PROF_TTBL2
100
AcDbCircle
 10
16.08576394231926
 20
16.62372396822115
 30
0.0
 40
4.819426905131228
100
AcDbArc
 50
134.5732586286241
 51
134.7918824697792
  0
LINE
  5
14952
330
14884
100
AcDbEntity
  8
PROF_TTBL2
100
AcDbLine
 10
12.23612584814458
 20
17.83249042380345
 30
0.0
 11
12.20987746394985
 21
17.85769715987049
 31
0.0
  0
LINE
  5
14953
330
14884
100
AcDbEntity
  8
PROF_TTBL2
100
AcDbLine
 10
12.20987746394985
 20
17.85769715987049
 30
0.0
 11
12.18448769668549
 21
17.88559068120844
 31
0.0
  0
LINE
  5
14954
330
14884
100
AcDbEntity
  8
PROF_TTBL2
100
AcDbLine
 10
12.18448769668549
 20
17.88559068120844
 30
0.0
 11
12.15970353118257
 21
17.91041076822358
 31
0.0
  0
LINE
  5
14955
330
14884
100
AcDbEntity
  8
PROF_TTBL2
100
AcDbLine
 10
12.15970353118257
 20
17.91041076822358
 30
0.0
 11
12.1358774773941
 21
17.93791815292684
 31
0.0
  0
LINE
  5
14956
330
14884
100
AcDbEntity
  8
PROF_TTBL2
100
AcDbLine
 10
12.1358774773941
 20
17.93791815292684
 30
0.0
 11
12.11296006702525
 21
17.96618690722573
 31
0.0
  0
LINE
  5
14957
330
14884
100
AcDbEntity
  8
PROF_TTBL2
100
AcDbLine
 10
12.11296006702525
 20
17.96618690722573
 30
0.0
 11
12.09100285934448
 21
17.99520766529769
 31
0.0
  0
LINE
  5
14958
330
14884
100
AcDbEntity
  8
PROF_TTBL2
100
AcDbLine
 10
12.09100285934448
 20
17.99520766529769
 30
0.0
 11
12.07005711340929
 21
18.02496657166227
 31
0.0
  0
LINE
  5
14959
330
14884
100
AcDbEntity
  8
PROF_TTBL2
100
AcDbLine
 10
12.07005711340929
 20
18.02496657166227
 30
0.0
 11
12.05017308299807
 21
18.05544502107755
 31
0.0
  0
LINE
  5
1495A
330
14884
100
AcDbEntity
  8
PROF_TTBL2
100
AcDbLine
 10
12.05017308299807
 20
18.05544502107755
 30
0.0
 11
12.03139924238018
 21
18.08661949322265
 31
0.0
  0
LINE
  5
1495B
330
14884
100
AcDbEntity
  8
PROF_TTBL2
100
AcDbLine
 10
12.03139924238018
 20
18.08661949322265
 30
0.0
 11
12.01378146539883
 21
18.11846150394211
 31
0.0
  0
LINE
  5
1495C
330
14884
100
AcDbEntity
  8
PROF_TTBL2
100
AcDbLine
 10
12.01378146539883
 20
18.11846150394211
 30
0.0
 11
11.99723151189488
 21
18.15094454244814
 31
0.0
  0
LINE
  5
1495D
330
14884
100
AcDbEntity
  8
PROF_TTBL2
100
AcDbLine
 10
11.99723151189488
 20
18.15094454244814
 30
0.0
 11
11.98217958502647
 21
18.1840100451169
 31
0.0
  0
LINE
  5
1495E
330
14884
100
AcDbEntity
  8
PROF_TTBL2
100
AcDbLine
 10
11.98217958502647
 20
18.1840100451169
 30
0.0
 11
11.96826681317259
 21
18.21763629161364
 31
0.0
  0
LINE
  5
1495F
330
14884
100
AcDbEntity
  8
PROF_TTBL2
100
AcDbLine
 10
11.96826681317259
 20
18.21763629161364
 30
0.0
 11
11.95565133707685
 21
18.25177041222764
 31
0.0
  0
LINE
  5
14960
330
14884
100
AcDbEntity
  8
PROF_TTBL2
100
AcDbLine
 10
11.95565133707685
 20
18.25177041222764
 30
0.0
 11
11.94435439639625
 21
18.28636329387603
 31
0.0
  0
LINE
  5
14961
330
14884
100
AcDbEntity
  8
PROF_TTBL2
100
AcDbLine
 10
11.94435439639625
 20
18.28636329387603
 30
0.0
 11
11.93439062967627
 21
18.32136347583241
 31
0.0
  0
LINE
  5
14962
330
14884
100
AcDbEntity
  8
PROF_TTBL2
100
AcDbLine
 10
11.93439062967627
 20
18.32136347583241
 30
0.0
 11
11.92576787870388
 21
18.35671796240944
 31
0.0
  0
LINE
  5
14963
330
14884
100
AcDbEntity
  8
PROF_TTBL2
100
AcDbLine
 10
11.92576787870388
 20
18.35671796240944
 30
0.0
 11
11.91848718030985
 21
18.39237306304875
 31
0.0
  0
LINE
  5
14964
330
14884
100
AcDbEntity
  8
PROF_TTBL2
100
AcDbLine
 10
11.91848718030985
 20
18.39237306304875
 30
0.0
 11
11.91254294097598
 21
18.42827522087572
 31
0.0
  0
LINE
  5
14965
330
14884
100
AcDbEntity
  8
PROF_TTBL2
100
AcDbLine
 10
11.91254294097598
 20
18.42827522087572
 30
0.0
 11
11.90792327809907
 21
18.46437179422946
 31
0.0
  0
LINE
  5
14966
330
14884
100
AcDbEntity
  8
PROF_TTBL2
100
AcDbLine
 10
11.90792327809907
 20
18.46437179422946
 30
0.0
 11
11.90461050285136
 21
18.5006117591111
 31
0.0
  0
LINE
  5
14967
330
14884
100
AcDbEntity
  8
PROF_TTBL2
100
AcDbLine
 10
11.90461050285136
 20
18.5006117591111
 30
0.0
 11
11.90258171267134
 21
18.53694631166246
 31
0.0
  0
LINE
  5
14968
330
14884
100
AcDbEntity
  8
PROF_TTBL2
100
AcDbLine
 10
11.90258171267134
 20
18.53694631166246
 30
0.0
 11
11.90180945895906
 21
18.57332935526301
 31
0.0
  0
LINE
  5
14969
330
14884
100
AcDbEntity
  8
PROF_TTBL2
100
AcDbLine
 10
11.90180945895906
 20
18.57332935526301
 30
0.0
 11
11.90226245535518
 21
18.60971786724388
 31
0.0
  0
LINE
  5
1496A
330
14884
100
AcDbEntity
  8
PROF_TTBL2
100
AcDbLine
 10
11.90226245535518
 20
18.60971786724388
 30
0.0
 11
11.90390629483312
 21
18.64607214731751
 31
0.0
  0
LINE
  5
1496B
330
14884
100
AcDbEntity
  8
PROF_TTBL2
100
AcDbLine
 10
11.90390629483312
 20
18.64607214731751
 30
0.0
 11
11.90581117613436
 21
18.68240277619418
 31
0.0
  0
LINE
  5
1496C
330
14884
100
AcDbEntity
  8
PROF_TTBL2
100
AcDbLine
 10
11.90581117613436
 20
18.68240277619418
 30
0.0
 11
11.91061742417906
 21
18.71853655581685
 31
0.0
  0
LINE
  5
1496D
330
14884
100
AcDbEntity
  8
PROF_TTBL2
100
AcDbLine
 10
11.91061742417906
 20
18.71853655581685
 30
0.0
 11
11.91560637056386
 21
18.75458466996013
 31
0.0
  0
LINE
  5
1496E
330
14884
100
AcDbEntity
  8
PROF_TTBL2
100
AcDbLine
 10
11.91560637056386
 20
18.75458466996013
 30
0.0
 11
11.92163061496398
 21
18.79047437542999
 31
0.0
  0
LINE
  5
1496F
330
14884
100
AcDbEntity
  8
PROF_TTBL2
100
AcDbLine
 10
11.92163061496398
 20
18.79047437542999
 30
0.0
 11
11.92864963189236
 21
18.82618294502947
 31
0.0
  0
LINE
  5
14970
330
14884
100
AcDbEntity
  8
PROF_TTBL2
100
AcDbLine
 10
11.92864963189236
 20
18.82618294502947
 30
0.0
 11
11.93662314074089
 21
18.86169065486922
 31
0.0
  0
LINE
  5
14971
330
14884
100
AcDbEntity
  8
PROF_TTBL2
100
AcDbLine
 10
11.93662314074089
 20
18.86169065486922
 30
0.0
 11
11.94551143500075
 21
18.89698056783925
 31
0.0
  0
LINE
  5
14972
330
14884
100
AcDbEntity
  8
PROF_TTBL2
100
AcDbLine
 10
11.94551143500075
 20
18.89698056783925
 30
0.0
 11
11.95527564783697
 21
18.93203830555739
 31
0.0
  0
LINE
  5
14973
330
14884
100
AcDbEntity
  8
PROF_TTBL2
100
AcDbLine
 10
11.95527564783697
 20
18.93203830555739
 30
0.0
 11
11.96587795985834
 21
18.96685181677207
 31
0.0
  0
LINE
  5
14974
330
14884
100
AcDbEntity
  8
PROF_TTBL2
100
AcDbLine
 10
11.96587795985834
 20
18.96685181677207
 30
0.0
 11
11.97728175576878
 21
19.00141114906409
 31
0.0
  0
LINE
  5
14975
330
14884
100
AcDbEntity
  8
PROF_TTBL2
100
AcDbLine
 10
11.97728175576878
 20
19.00141114906409
 30
0.0
 11
11.98945173675559
 21
19.03570822880453
 31
0.0
  0
LINE
  5
14976
330
14884
100
AcDbEntity
  8
PROF_TTBL2
100
AcDbLine
 10
11.98945173675559
 20
19.03570822880453
 30
0.0
 11
12.00235399529174
 21
19.0697366528168
 31
0.0
  0
LINE
  5
14977
330
14884
100
AcDbEntity
  8
PROF_TTBL2
100
AcDbLine
 10
12.00235399529174
 20
19.0697366528168
 30
0.0
 11
12.01595605860666
 21
19.10349149394602
 31
0.0
  0
LINE
  5
14978
330
14884
100
AcDbEntity
  8
PROF_TTBL2
100
AcDbLine
 10
12.01595605860666
 20
19.10349149394602
 30
0.0
 11
12.03022690650624
 21
19.13696912174992
 31
0.0
  0
LINE
  5
14979
330
14884
100
AcDbEntity
  8
PROF_TTBL2
100
AcDbLine
 10
12.03022690650624
 20
19.13696912174992
 30
0.0
 11
12.04513696858077
 21
19.17016703876333
 31
0.0
  0
LINE
  5
1497A
330
14884
100
AcDbEntity
  8
PROF_TTBL2
100
AcDbLine
 10
12.04513696858077
 20
19.17016703876333
 30
0.0
 11
12.06065810518111
 21
19.20308373222417
 31
0.0
  0
LINE
  5
1497B
330
14884
100
AcDbEntity
  8
PROF_TTBL2
100
AcDbLine
 10
12.06065810518111
 20
19.20308373222417
 30
0.0
 11
12.07676357590401
 21
19.23571854074879
 31
0.0
  0
LINE
  5
1497C
330
14884
100
AcDbEntity
  8
PROF_TTBL2
100
AcDbLine
 10
12.07676357590401
 20
19.23571854074879
 30
0.0
 11
12.09342799873701
 21
19.26807153517398
 31
0.0
  0
LINE
  5
1497D
330
14884
100
AcDbEntity
  8
PROF_TTBL2
100
AcDbLine
 10
12.09342799873701
 20
19.26807153517398
 30
0.0
 11
12.11062730247374
 21
19.30014341261812
 31
0.0
  0
LINE
  5
1497E
330
14884
100
AcDbEntity
  8
PROF_TTBL2
100
AcDbLine
 10
12.11062730247374
 20
19.30014341261812
 30
0.0
 11
12.12833867453997
 21
19.33193540272458
 31
0.0
  0
LINE
  5
1497F
330
14884
100
AcDbEntity
  8
PROF_TTBL2
100
AcDbLine
 10
12.12833867453997
 20
19.33193540272458
 30
0.0
 11
12.14654050595947
 21
19.36344918501993
 31
0.0
  0
LINE
  5
14980
330
14884
100
AcDbEntity
  8
PROF_TTBL2
100
AcDbLine
 10
12.14654050595947
 20
19.36344918501993
 30
0.0
 11
12.16521233483717
 21
19.39468681633127
 31
0.0
  0
ARC
  5
14981
330
14884
100
AcDbEntity
  8
PROF_TTBL2
100
AcDbCircle
 10
15.94525082278727
 20
16.76634592862291
 30
0.0
 40
4.619214616923366
100
AcDbArc
 50
134.3499470911304
 51
134.5732586278503
  0
LINE
  5
14982
330
14884
100
AcDbEntity
  8
PROF_TTBL2
100
AcDbLine
 10
18.90101454683757
 20
21.67245509047762
 30
0.0
 11
19.12529588524648
 21
21.89673642888641
 31
0.0
  0
LINE
  5
14983
330
14884
100
AcDbEntity
  8
PROF_TTBL2
100
AcDbLine
 10
19.07282054918715
 20
21.7028397365899
 30
0.0
 11
19.27126097095225
 21
21.901280158355
 31
0.0
  0
LINE
  5
14984
330
14884
100
AcDbEntity
  8
PROF_TTBL2
100
AcDbLine
 10
17.81287621906614
 20
20.3014740502316
 30
0.0
 11
18.36576109150757
 21
20.85435892267292
 31
0.0
  0
LINE
  5
14985
330
14884
100
AcDbEntity
  8
PROF_TTBL2
100
AcDbLine
 10
18.94779760872046
 20
21.43639543988592
 30
0.0
 11
19.18554128249979
 21
21.67413911366514
 31
0.0
  0
LINE
  5
14986
330
14884
100
AcDbEntity
  8
PROF_TTBL2
100
AcDbLine
 10
19.24462655153678
 20
21.73322438270224
 30
0.0
 11
19.41722605665819
 21
21.90582388782354
 31
0.0
  0
LINE
  5
14987
330
14884
100
AcDbEntity
  8
PROF_TTBL2
100
AcDbLine
 10
17.88898478477022
 20
20.2361612596984
 30
0.0
 11
18.33479031963196
 21
20.68196679456014
 31
0.0
  0
LINE
  5
14988
330
14884
100
AcDbEntity
  8
PROF_TTBL2
100
AcDbLine
 10
19.23387904638786
 20
21.58105552131599
 30
0.0
 11
19.37982476506476
 21
21.72700123999288
 31
0.0
  0
LINE
  5
14989
330
14884
100
AcDbEntity
  8
PROF_TTBL2
100
AcDbLine
 10
19.41643255388646
 20
21.76360902881453
 30
0.0
 11
19.56319114236396
 21
21.91036761729208
 31
0.0
  0
LINE
  5
1498A
330
14884
100
AcDbEntity
  8
PROF_TTBL2
100
AcDbLine
 10
17.97129578891457
 20
20.1770509076054
 30
0.0
 11
18.35079556576294
 21
20.55655068445378
 31
0.0
  0
LINE
  5
1498B
330
14884
100
AcDbEntity
  8
PROF_TTBL2
100
AcDbLine
 10
19.47298446604873
 20
21.67873958473955
 30
0.0
 11
19.56790580918965
 21
21.77366092788054
 31
0.0
  0
LINE
  5
1498C
330
14884
100
AcDbEntity
  8
PROF_TTBL2
100
AcDbLine
 10
19.58823855623609
 20
21.79399367492681
 30
0.0
 11
19.70915622806989
 21
21.91491134676067
 31
0.0
  0
LINE
  5
1498D
330
14884
100
AcDbEntity
  8
PROF_TTBL2
100
AcDbLine
 10
18.05864546167299
 20
20.12297922412654
 30
0.0
 11
18.38913606173036
 21
20.45346982418391
 31
0.0
  0
LINE
  5
1498E
330
14884
100
AcDbEntity
  8
PROF_TTBL2
100
AcDbLine
 10
19.68975463587298
 20
21.75408839832653
 30
0.0
 11
19.75094818470052
 21
21.815281947154
 31
0.0
  0
LINE
  5
1498F
330
14884
100
AcDbEntity
  8
PROF_TTBL2
100
AcDbLine
 10
19.76004455858566
 20
21.82437832103914
 30
0.0
 11
19.85512131377566
 21
21.91945507622921
 31
0.0
  0
LINE
  5
14990
330
14884
100
AcDbEntity
  8
PROF_TTBL2
100
AcDbLine
 10
18.15022058777754
 20
20.07313299399379
 30
0.0
 11
18.44152449652323
 21
20.36443690273949
 31
0.0
  0
LINE
  5
14991
330
14884
100
AcDbEntity
  8
PROF_TTBL2
100
AcDbLine
 10
19.89247686687212
 20
21.81538927308827
 30
0.0
 11
19.92976510686497
 21
21.85267751308117
 31
0.0
  0
LINE
  5
14992
330
14884
100
AcDbEntity
  8
PROF_TTBL2
100
AcDbLine
 10
19.93185056093528
 20
21.85476296715148
 30
0.0
 11
20.00108639948155
 21
21.92399880569773
 31
0.0
  0
LINE
  5
14993
330
14884
100
AcDbEntity
  8
PROF_TTBL2
100
AcDbLine
 10
20.08516815793137
 20
21.86665920791023
 30
0.0
 11
20.10365656328491
 21
21.88514761326377
 31
0.0
  0
LINE
  5
14994
330
14884
100
AcDbEntity
  8
PROF_TTBL2
100
AcDbLine
 10
20.10495149223419
 20
21.8864425422131
 30
0.0
 11
20.14705148518749
 21
21.92854253516634
 31
0.0
  0
LINE
  5
14995
330
14884
100
AcDbEntity
  8
PROF_TTBL2
100
AcDbLine
 10
20.27014304893987
 20
21.91021274268138
 30
0.0
 11
20.27546256563448
 21
21.91553225937604
 31
0.0
  0
LINE
  5
14996
330
14884
100
AcDbEntity
  8
PROF_TTBL2
100
AcDbLine
 10
20.27695806820639
 20
21.91702776194802
 30
0.0
 11
20.29301657089325
 21
21.93308626463488
 31
0.0
  0
LINE
  5
14997
330
14884
100
AcDbEntity
  8
PROF_TTBL2
100
AcDbLine
 10
18.33509780928409
 20
20.66318845842761
 30
0.0
 11
18.33748603114474
 21
20.62945363075493
 31
0.0
  0
LINE
  5
14998
330
14884
100
AcDbEntity
  8
PROF_TTBL2
100
AcDbLine
 10
18.33748603114474
 20
20.62945363075493
 30
0.0
 11
18.34227944496245
 21
20.59555358244318
 31
0.0
  0
LINE
  5
14999
330
14884
100
AcDbEntity
  8
PROF_TTBL2
100
AcDbLine
 10
18.34227944496245
 20
20.59555358244318
 30
0.0
 11
18.35079556576294
 21
20.55655068445378
 31
0.0
  0
LINE
  5
1499A
330
14884
100
AcDbEntity
  8
PROF_TTBL2
100
AcDbLine
 10
18.35079556576294
 20
20.55655068445378
 30
0.0
 11
18.35873141750573
 21
20.52912302508338
 31
0.0
  0
LINE
  5
1499B
330
14884
100
AcDbEntity
  8
PROF_TTBL2
100
AcDbLine
 10
18.35873141750573
 20
20.52912302508338
 30
0.0
 11
18.37015868895446
 21
20.49684765496778
 31
0.0
  0
LINE
  5
1499C
330
14884
100
AcDbEntity
  8
PROF_TTBL2
100
AcDbLine
 10
18.37015868895446
 20
20.49684765496778
 30
0.0
 11
18.38353125965858
 21
20.46532788613097
 31
0.0
  0
LINE
  5
1499D
330
14884
100
AcDbEntity
  8
PROF_TTBL2
100
AcDbLine
 10
18.38353125965858
 20
20.46532788613097
 30
0.0
 11
18.39869471981114
 21
20.43462885823891
 31
0.0
  0
LINE
  5
1499E
330
14884
100
AcDbEntity
  8
PROF_TTBL2
100
AcDbLine
 10
18.39869471981114
 20
20.43462885823891
 30
0.0
 11
18.41592064835253
 21
20.40479267479787
 31
0.0
  0
LINE
  5
1499F
330
14884
100
AcDbEntity
  8
PROF_TTBL2
100
AcDbLine
 10
18.41592064835253
 20
20.40479267479787
 30
0.0
 11
18.43377665668055
 21
20.37584167100038
 31
0.0
  0
LINE
  5
149A0
330
14884
100
AcDbEntity
  8
PROF_TTBL2
100
AcDbLine
 10
18.43377665668055
 20
20.37584167100038
 30
0.0
 11
18.45340121995155
 21
20.34778208629512
 31
0.0
  0
LINE
  5
149A1
330
14884
100
AcDbEntity
  8
PROF_TTBL2
100
AcDbLine
 10
18.45340121995155
 20
20.34778208629512
 30
0.0
 11
18.47423487693697
 21
20.32060765430378
 31
0.0
  0
LINE
  5
149A2
330
14884
100
AcDbEntity
  8
PROF_TTBL2
100
AcDbLine
 10
18.47423487693697
 20
20.32060765430378
 30
0.0
 11
18.49615679315968
 21
20.2943028207303
 31
0.0
  0
LINE
  5
149A3
330
14884
100
AcDbEntity
  8
PROF_TTBL2
100
AcDbLine
 10
18.49615679315968
 20
20.2943028207303
 30
0.0
 11
18.51905783654387
 21
20.26884545910854
 31
0.0
  0
LINE
  5
149A4
330
14884
100
AcDbEntity
  8
PROF_TTBL2
100
AcDbLine
 10
18.51905783654387
 20
20.26884545910854
 30
0.0
 11
18.54284019157756
 21
20.24420906195842
 31
0.0
  0
LINE
  5
149A5
330
14884
100
AcDbEntity
  8
PROF_TTBL2
100
AcDbLine
 10
18.54284019157756
 20
20.24420906195842
 30
0.0
 11
18.56741663669748
 21
20.22036444662779
 31
0.0
  0
LINE
  5
149A6
330
14884
100
AcDbEntity
  8
PROF_TTBL2
100
AcDbLine
 10
18.56741663669748
 20
20.22036444662779
 30
0.0
 11
18.59270964965508
 21
20.19728104398205
 31
0.0
  0
LINE
  5
149A7
330
14884
100
AcDbEntity
  8
PROF_TTBL2
100
AcDbLine
 10
18.59270964965508
 20
20.19728104398205
 30
0.0
 11
18.61865045247435
 21
20.17492784515332
 31
0.0
  0
LINE
  5
149A8
330
14884
100
AcDbEntity
  8
PROF_TTBL2
100
AcDbLine
 10
18.61865045247435
 20
20.17492784515332
 30
0.0
 11
18.64517806617357
 21
20.15327407805045
 31
0.0
  0
LINE
  5
149A9
330
14884
100
AcDbEntity
  8
PROF_TTBL2
100
AcDbLine
 10
18.64517806617357
 20
20.15327407805045
 30
0.0
 11
18.67223841696687
 21
20.13228967527982
 31
0.0
  0
LINE
  5
149AA
330
14884
100
AcDbEntity
  8
PROF_TTBL2
100
AcDbLine
 10
18.67223841696687
 20
20.13228967527982
 30
0.0
 11
18.69978351503294
 21
20.11194558497214
 31
0.0
  0
LINE
  5
149AB
330
14884
100
AcDbEntity
  8
PROF_TTBL2
100
AcDbLine
 10
18.69978351503294
 20
20.11194558497214
 30
0.0
 11
18.7277707147935
 21
20.09221396497338
 31
0.0
  0
LINE
  5
149AC
330
14884
100
AcDbEntity
  8
PROF_TTBL2
100
AcDbLine
 10
18.7277707147935
 20
20.09221396497338
 30
0.0
 11
18.75616205726015
 21
20.07306829216389
 31
0.0
  0
LINE
  5
149AD
330
14884
100
AcDbEntity
  8
PROF_TTBL2
100
AcDbLine
 10
20.3921721820264
 20
21.93617286764043
 30
0.0
 11
20.35863542767435
 21
21.92924833973029
 31
0.0
  0
LINE
  5
149AE
330
14884
100
AcDbEntity
  8
PROF_TTBL2
100
AcDbLine
 10
20.35863542767435
 20
21.92924833973029
 30
0.0
 11
20.32513022273445
 21
21.92217273569764
 31
0.0
  0
LINE
  5
149AF
330
14884
100
AcDbEntity
  8
PROF_TTBL2
100
AcDbLine
 10
20.32513022273445
 20
21.92217273569764
 30
0.0
 11
20.29165765699724
 21
21.9149443042009
 31
0.0
  0
LINE
  5
149B0
330
14884
100
AcDbEntity
  8
PROF_TTBL2
100
AcDbLine
 10
20.29165765699724
 20
21.9149443042009
 30
0.0
 11
20.25821886338349
 21
21.90756122177373
 31
0.0
  0
LINE
  5
149B1
330
14884
100
AcDbEntity
  8
PROF_TTBL2
100
AcDbLine
 10
20.25821886338349
 20
21.90756122177373
 30
0.0
 11
20.22481502054705
 21
21.900021589775
 31
0.0
  0
LINE
  5
149B2
330
14884
100
AcDbEntity
  8
PROF_TTBL2
100
AcDbLine
 10
20.22481502054705
 20
21.900021589775
 30
0.0
 11
20.19144735566237
 21
21.89232343115003
 31
0.0
  0
LINE
  5
149B3
330
14884
100
AcDbEntity
  8
PROF_TTBL2
100
AcDbLine
 10
20.19144735566237
 20
21.89232343115003
 30
0.0
 11
20.15811714741357
 21
21.88446468699027
 31
0.0
  0
LINE
  5
149B4
330
14884
100
AcDbEntity
  8
PROF_TTBL2
100
AcDbLine
 10
20.15811714741357
 20
21.88446468699027
 30
0.0
 11
20.12482572920146
 21
21.87644321287773
 31
0.0
  0
LINE
  5
149B5
330
14884
100
AcDbEntity
  8
PROF_TTBL2
100
AcDbLine
 10
20.12482572920146
 20
21.87644321287773
 30
0.0
 11
20.091574492591
 21
21.86825677499746
 31
0.0
  0
LINE
  5
149B6
330
14884
100
AcDbEntity
  8
PROF_TTBL2
100
AcDbLine
 10
20.091574492591
 20
21.86825677499746
 30
0.0
 11
20.05836489101858
 21
21.85990304600267
 31
0.0
  0
LINE
  5
149B7
330
14884
100
AcDbEntity
  8
PROF_TTBL2
100
AcDbLine
 10
20.05836489101858
 20
21.85990304600267
 30
0.0
 11
20.02519844378446
 21
21.85137960061319
 31
0.0
  0
LINE
  5
149B8
330
14884
100
AcDbEntity
  8
PROF_TTBL2
100
AcDbLine
 10
20.02519844378446
 20
21.85137960061319
 30
0.0
 11
19.99207674035619
 21
21.84268391092854
 31
0.0
  0
LINE
  5
149B9
330
14884
100
AcDbEntity
  8
PROF_TTBL2
100
AcDbLine
 10
19.99207674035619
 20
21.84268391092854
 30
0.0
 11
19.95900144501303
 21
21.83381334143314
 31
0.0
  0
LINE
  5
149BA
330
14884
100
AcDbEntity
  8
PROF_TTBL2
100
AcDbLine
 10
19.95900144501303
 20
21.83381334143314
 30
0.0
 11
19.92597430186458
 21
21.82476514367113
 31
0.0
  0
LINE
  5
149BB
330
14884
100
AcDbEntity
  8
PROF_TTBL2
100
AcDbLine
 10
19.92597430186458
 20
21.82476514367113
 30
0.0
 11
19.89299714027817
 21
21.81553645056533
 31
0.0
  0
LINE
  5
149BC
330
14884
100
AcDbEntity
  8
PROF_TTBL2
100
AcDbLine
 10
19.89299714027817
 20
21.81553645056533
 30
0.0
 11
19.86007188065775
 21
21.80612427032366
 31
0.0
  0
LINE
  5
149BD
330
14884
100
AcDbEntity
  8
PROF_TTBL2
100
AcDbLine
 10
19.86007188065775
 20
21.80612427032366
 30
0.0
 11
19.82720054114128
 21
21.79652548005316
 31
0.0
  0
LINE
  5
149BE
330
14884
100
AcDbEntity
  8
PROF_TTBL2
100
AcDbLine
 10
19.82720054114128
 20
21.79652548005316
 30
0.0
 11
19.79438524410289
 21
21.78673681871714
 31
0.0
  0
LINE
  5
149BF
330
14884
100
AcDbEntity
  8
PROF_TTBL2
100
AcDbLine
 10
19.79438524410289
 20
21.78673681871714
 30
0.0
 11
19.7616282239174
 21
21.77675487979752
 31
0.0
  0
LINE
  5
149C0
330
14884
100
AcDbEntity
  8
PROF_TTBL2
100
AcDbLine
 10
19.7616282239174
 20
21.77675487979752
 30
0.0
 11
19.72893183509096
 21
21.76657610335263
 31
0.0
  0
LINE
  5
149C1
330
14884
100
AcDbEntity
  8
PROF_TTBL2
100
AcDbLine
 10
19.72893183509096
 20
21.76657610335263
 30
0.0
 11
19.69629856118257
 21
21.75619676752786
 31
0.0
  0
LINE
  5
149C2
330
14884
100
AcDbEntity
  8
PROF_TTBL2
100
AcDbLine
 10
19.69629856118257
 20
21.75619676752786
 30
0.0
 11
19.6637310245394
 21
21.74561297945723
 31
0.0
  0
LINE
  5
149C3
330
14884
100
AcDbEntity
  8
PROF_TTBL2
100
AcDbLine
 10
19.6637310245394
 20
21.74561297945723
 30
0.0
 11
19.63123199693638
 21
21.73482066550701
 31
0.0
  0
LINE
  5
149C4
330
14884
100
AcDbEntity
  8
PROF_TTBL2
100
AcDbLine
 10
19.63123199693638
 20
21.73482066550701
 30
0.0
 11
19.59880441122078
 21
21.72381556080586
 31
0.0
  0
LINE
  5
149C5
330
14884
100
AcDbEntity
  8
PROF_TTBL2
100
AcDbLine
 10
19.59880441122078
 20
21.72381556080586
 30
0.0
 11
19.56645137407394
 21
21.71259319800276
 31
0.0
  0
LINE
  5
149C6
330
14884
100
AcDbEntity
  8
PROF_TTBL2
100
AcDbLine
 10
19.56645137407394
 20
21.71259319800276
 30
0.0
 11
19.53417618001975
 21
21.70114889518777
 31
0.0
  0
LINE
  5
149C7
330
14884
100
AcDbEntity
  8
PROF_TTBL2
100
AcDbLine
 10
19.53417618001975
 20
21.70114889518777
 30
0.0
 11
19.50198232682384
 21
21.68947774290614
 31
0.0
  0
LINE
  5
149C8
330
14884
100
AcDbEntity
  8
PROF_TTBL2
100
AcDbLine
 10
19.50198232682384
 20
21.68947774290614
 30
0.0
 11
19.46987353244975
 21
21.67757459018849
 31
0.0
  0
LINE
  5
149C9
330
14884
100
AcDbEntity
  8
PROF_TTBL2
100
AcDbLine
 10
19.46987353244975
 20
21.67757459018849
 30
0.0
 11
19.43785375375767
 21
21.66543402951589
 31
0.0
  0
LINE
  5
149CA
330
14884
100
AcDbEntity
  8
PROF_TTBL2
100
AcDbLine
 10
19.43785375375767
 20
21.66543402951589
 30
0.0
 11
19.40592720716057
 21
21.65305038062905
 31
0.0
  0
LINE
  5
149CB
330
14884
100
AcDbEntity
  8
PROF_TTBL2
100
AcDbLine
 10
19.40592720716057
 20
21.65305038062905
 30
0.0
 11
19.37409839147915
 21
21.6404176730868
 31
0.0
  0
LINE
  5
149CC
330
14884
100
AcDbEntity
  8
PROF_TTBL2
100
AcDbLine
 10
19.37409839147915
 20
21.6404176730868
 30
0.0
 11
19.3423721132761
 21
21.6275296274685
 31
0.0
  0
LINE
  5
149CD
330
14884
100
AcDbEntity
  8
PROF_TTBL2
100
AcDbLine
 10
19.3423721132761
 20
21.6275296274685
 30
0.0
 11
19.31075351498395
 21
21.61437963511173
 31
0.0
  0
LINE
  5
149CE
330
14884
100
AcDbEntity
  8
PROF_TTBL2
100
AcDbLine
 10
19.31075351498395
 20
21.61437963511173
 30
0.0
 11
19.27924810619606
 21
21.60096073626465
 31
0.0
  0
LINE
  5
149CF
330
14884
100
AcDbEntity
  8
PROF_TTBL2
100
AcDbLine
 10
19.27924810619606
 20
21.60096073626465
 30
0.0
 11
19.24786179853617
 21
21.58726559653127
 31
0.0
  0
LINE
  5
149D0
330
14884
100
AcDbEntity
  8
PROF_TTBL2
100
AcDbLine
 10
19.24786179853617
 20
21.58726559653127
 30
0.0
 11
19.2166009445907
 21
21.57328648147705
 31
0.0
  0
LINE
  5
149D1
330
14884
100
AcDbEntity
  8
PROF_TTBL2
100
AcDbLine
 10
19.2166009445907
 20
21.57328648147705
 30
0.0
 11
19.18547238146055
 21
21.559015229262
 31
0.0
  0
LINE
  5
149D2
330
14884
100
AcDbEntity
  8
PROF_TTBL2
100
AcDbLine
 10
19.18547238146055
 20
21.559015229262
 30
0.0
 11
19.15448347957488
 21
21.54444322116432
 31
0.0
  0
LINE
  5
149D3
330
14884
100
AcDbEntity
  8
PROF_TTBL2
100
AcDbLine
 10
19.15448347957488
 20
21.54444322116432
 30
0.0
 11
19.12364219750918
 21
21.52956134986158
 31
0.0
  0
LINE
  5
149D4
330
14884
100
AcDbEntity
  8
PROF_TTBL2
100
AcDbLine
 10
19.12364219750918
 20
21.52956134986158
 30
0.0
 11
19.09295714367152
 21
21.51435998534145
 31
0.0
  0
LINE
  5
149D5
330
14884
100
AcDbEntity
  8
PROF_TTBL2
100
AcDbLine
 10
19.09295714367152
 20
21.51435998534145
 30
0.0
 11
19.06243764585548
 21
21.49882893833034
 31
0.0
  0
LINE
  5
149D6
330
14884
100
AcDbEntity
  8
PROF_TTBL2
100
AcDbLine
 10
19.06243764585548
 20
21.49882893833034
 30
0.0
 11
19.03209382981953
 21
21.48295742115288
 31
0.0
  0
LINE
  5
149D7
330
14884
100
AcDbEntity
  8
PROF_TTBL2
100
AcDbLine
 10
19.03209382981953
 20
21.48295742115288
 30
0.0
 11
19.00193670824774
 21
21.4667340059737
 31
0.0
  0
LINE
  5
149D8
330
14884
100
AcDbEntity
  8
PROF_TTBL2
100
AcDbLine
 10
19.00193670824774
 20
21.4667340059737
 30
0.0
 11
18.97320644444642
 21
21.45014658043407
 31
0.0
  0
LINE
  5
149D9
330
14884
100
AcDbEntity
  8
PROF_TTBL2
100
AcDbLine
 10
18.97320644444642
 20
21.45014658043407
 30
0.0
 11
18.94223165309137
 21
21.43318230078125
 31
0.0
  0
LINE
  5
149DA
330
14884
100
AcDbEntity
  8
PROF_TTBL2
100
AcDbLine
 10
18.94223165309137
 20
21.43318230078125
 30
0.0
 11
18.91271115870915
 21
21.41582754271325
 31
0.0
  0
LINE
  5
149DB
330
14884
100
AcDbEntity
  8
PROF_TTBL2
100
AcDbLine
 10
18.91271115870915
 20
21.41582754271325
 30
0.0
 11
18.88343251677457
 21
21.39806785033488
 31
0.0
  0
LINE
  5
149DC
330
14884
100
AcDbEntity
  8
PROF_TTBL2
100
AcDbLine
 10
18.88343251677457
 20
21.39806785033488
 30
0.0
 11
18.85441299789147
 21
21.37988788386604
 31
0.0
  0
LINE
  5
149DD
330
14884
100
AcDbEntity
  8
PROF_TTBL2
100
AcDbLine
 10
18.85441299789147
 20
21.37988788386604
 30
0.0
 11
18.82567161982905
 21
21.36127136707585
 31
0.0
  0
LINE
  5
149DE
330
14884
100
AcDbEntity
  8
PROF_TTBL2
100
AcDbLine
 10
18.82567161982905
 20
21.36127136707585
 30
0.0
 11
18.79722937062837
 21
21.34220103578377
 31
0.0
  0
LINE
  5
149DF
330
14884
100
AcDbEntity
  8
PROF_TTBL2
100
AcDbLine
 10
18.79722937062837
 20
21.34220103578377
 30
0.0
 11
18.76910946511856
 21
21.32265858998272
 31
0.0
  0
LINE
  5
149E0
330
14884
100
AcDbEntity
  8
PROF_TTBL2
100
AcDbLine
 10
18.76910946511856
 20
21.32265858998272
 30
0.0
 11
18.74133763816945
 21
21.30262465138304
 31
0.0
  0
LINE
  5
149E1
330
14884
100
AcDbEntity
  8
PROF_TTBL2
100
AcDbLine
 10
18.74133763816945
 20
21.30262465138304
 30
0.0
 11
18.71394248229018
 21
21.28207873178098
 31
0.0
  0
LINE
  5
149E2
330
14884
100
AcDbEntity
  8
PROF_TTBL2
100
AcDbLine
 10
18.71394248229018
 20
21.28207873178098
 30
0.0
 11
18.68695583430849
 21
21.26099921691314
 31
0.0
  0
LINE
  5
149E3
330
14884
100
AcDbEntity
  8
PROF_TTBL2
100
AcDbLine
 10
18.68695583430849
 20
21.26099921691314
 30
0.0
 11
18.66041321819466
 21
21.23936337378154
 31
0.0
  0
LINE
  5
149E4
330
14884
100
AcDbEntity
  8
PROF_TTBL2
100
AcDbLine
 10
18.66041321819466
 20
21.23936337378154
 30
0.0
 11
18.63435435060966
 21
21.21714739174552
 31
0.0
  0
LINE
  5
149E5
330
14884
100
AcDbEntity
  8
PROF_TTBL2
100
AcDbLine
 10
18.63435435060966
 20
21.21714739174552
 30
0.0
 11
18.60882371541947
 21
21.19432647127826
 31
0.0
  0
LINE
  5
149E6
330
14884
100
AcDbEntity
  8
PROF_TTBL2
100
AcDbLine
 10
18.60882371541947
 20
21.19432647127826
 30
0.0
 11
18.58387121209199
 21
21.170874978872
 31
0.0
  0
LINE
  5
149E7
330
14884
100
AcDbEntity
  8
PROF_TTBL2
100
AcDbLine
 10
18.58387121209199
 20
21.170874978872
 30
0.0
 11
18.55955288010625
 21
21.14676669239095
 31
0.0
  0
LINE
  5
149E8
330
14884
100
AcDbEntity
  8
PROF_TTBL2
100
AcDbLine
 10
18.55955288010625
 20
21.14676669239095
 30
0.0
 11
18.53593169642863
 21
21.12197516835562
 31
0.0
  0
LINE
  5
149E9
330
14884
100
AcDbEntity
  8
PROF_TTBL2
100
AcDbLine
 10
18.53593169642863
 20
21.12197516835562
 30
0.0
 11
18.51307843459147
 21
21.09647427117158
 31
0.0
  0
LINE
  5
149EA
330
14884
100
AcDbEntity
  8
PROF_TTBL2
100
AcDbLine
 10
18.51307843459147
 20
21.09647427117158
 30
0.0
 11
18.49107256037586
 21
21.07023891382362
 31
0.0
  0
LINE
  5
149EB
330
14884
100
AcDbEntity
  8
PROF_TTBL2
100
AcDbLine
 10
18.49107256037586
 20
21.07023891382362
 30
0.0
 11
18.47000311856675
 21
21.04324606902707
 31
0.0
  0
LINE
  5
149EC
330
14884
100
AcDbEntity
  8
PROF_TTBL2
100
AcDbLine
 10
18.47000311856675
 20
21.04324606902707
 30
0.0
 11
18.44996953546024
 21
21.01547611712283
 31
0.0
  0
LINE
  5
149ED
330
14884
100
AcDbEntity
  8
PROF_TTBL2
100
AcDbLine
 10
18.44996953546024
 20
21.01547611712283
 30
0.0
 11
18.43108222076648
 21
20.98691459822538
 31
0.0
  0
LINE
  5
149EE
330
14884
100
AcDbEntity
  8
PROF_TTBL2
100
AcDbLine
 10
18.43108222076648
 20
20.98691459822538
 30
0.0
 11
18.41346279962999
 21
20.95755442491747
 31
0.0
  0
LINE
  5
149EF
330
14884
100
AcDbEntity
  8
PROF_TTBL2
100
AcDbLine
 10
18.41346279962999
 20
20.95755442491747
 30
0.0
 11
18.39724374353147
 21
20.92739857882804
 31
0.0
  0
LINE
  5
149F0
330
14884
100
AcDbEntity
  8
PROF_TTBL2
100
AcDbLine
 10
18.39724374353147
 20
20.92739857882804
 30
0.0
 11
18.38256710748777
 21
20.89646324809592
 31
0.0
  0
LINE
  5
149F1
330
14884
100
AcDbEntity
  8
PROF_TTBL2
100
AcDbLine
 10
18.38256710748777
 20
20.89646324809592
 30
0.0
 11
18.36958204070145
 21
20.86478125198118
 31
0.0
  0
LINE
  5
149F2
330
14884
100
AcDbEntity
  8
PROF_TTBL2
100
AcDbLine
 10
18.36958204070145
 20
20.86478125198118
 30
0.0
 11
18.35844075284177
 21
20.83240544033884
 31
0.0
  0
LINE
  5
149F3
330
14884
100
AcDbEntity
  8
PROF_TTBL2
100
AcDbLine
 10
18.35844075284177
 20
20.83240544033884
 30
0.0
 11
18.34929273367407
 21
20.79941156526842
 31
0.0
  0
LINE
  5
149F4
330
14884
100
AcDbEntity
  8
PROF_TTBL2
100
AcDbLine
 10
18.34929273367407
 20
20.79941156526842
 30
0.0
 11
18.34227728114546
 21
20.76589994860364
 31
0.0
  0
LINE
  5
149F5
330
14884
100
AcDbEntity
  8
PROF_TTBL2
100
AcDbLine
 10
18.34227728114546
 20
20.76589994860364
 30
0.0
 11
18.33751479875024
 21
20.73199519781019
 31
0.0
  0
LINE
  5
149F6
330
14884
100
AcDbEntity
  8
PROF_TTBL2
100
AcDbLine
 10
18.33751479875024
 20
20.73199519781019
 30
0.0
 11
18.33509780928409
 21
20.69784335666543
 31
0.0
  0
LINE
  5
149F7
330
14884
100
AcDbEntity
  8
PROF_TTBL2
100
AcDbLine
 10
18.33509780928409
 20
20.69784335666543
 30
0.0
 11
18.33509780928409
 21
20.66318845842761
 31
0.0
  0
LINE
  5
149F8
330
14884
100
AcDbEntity
  8
PROF_TTBL2
100
AcDbLine
 10
20.96332851331897
 20
20.70976812088758
 30
0.0
 11
20.94585355372078
 21
20.67784549379183
 31
0.0
  0
LINE
  5
149F9
330
14884
100
AcDbEntity
  8
PROF_TTBL2
100
AcDbLine
 10
20.94585355372078
 20
20.67784549379183
 30
0.0
 11
20.92793270193755
 21
20.64617101172143
 31
0.0
  0
LINE
  5
149FA
330
14884
100
AcDbEntity
  8
PROF_TTBL2
100
AcDbLine
 10
20.92793270193755
 20
20.64617101172143
 30
0.0
 11
20.90958344254596
 21
20.61474274861393
 31
0.0
  0
LINE
  5
149FB
330
14884
100
AcDbEntity
  8
PROF_TTBL2
100
AcDbLine
 10
20.90958344254596
 20
20.61474274861393
 30
0.0
 11
20.89082234575897
 21
20.5835585621113
 31
0.0
  0
LINE
  5
149FC
330
14884
100
AcDbEntity
  8
PROF_TTBL2
100
AcDbLine
 10
20.89082234575897
 20
20.5835585621113
 30
0.0
 11
20.87166511743174
 21
20.55261613251252
 31
0.0
  0
LINE
  5
149FD
330
14884
100
AcDbEntity
  8
PROF_TTBL2
100
AcDbLine
 10
20.87166511743174
 20
20.55261613251252
 30
0.0
 11
20.85393865368899
 21
20.52191299667152
 31
0.0
  0
LINE
  5
149FE
330
14884
100
AcDbEntity
  8
PROF_TTBL2
100
AcDbLine
 10
20.85393865368899
 20
20.52191299667152
 30
0.0
 11
20.8322210547264
 21
20.49144657743659
 31
0.0
  0
LINE
  5
149FF
330
14884
100
AcDbEntity
  8
PROF_TTBL2
100
AcDbLine
 10
20.8322210547264
 20
20.49144657743659
 30
0.0
 11
20.81196173349474
 21
20.46121420916386
 31
0.0
  0
LINE
  5
14A00
330
14884
100
AcDbEntity
  8
PROF_TTBL2
100
AcDbLine
 10
20.81196173349474
 20
20.46121420916386
 30
0.0
 11
20.79136139286174
 21
20.43121315978129
 31
0.0
  0
LINE
  5
14A01
330
14884
100
AcDbEntity
  8
PROF_TTBL2
100
AcDbLine
 10
20.79136139286174
 20
20.43121315978129
 30
0.0
 11
20.77043209759585
 21
20.40144064982592
 31
0.0
  0
LINE
  5
14A02
330
14884
100
AcDbEntity
  8
PROF_TTBL2
100
AcDbLine
 10
20.77043209759585
 20
20.40144064982592
 30
0.0
 11
20.74918530538599
 21
20.37189386882988
 31
0.0
  0
LINE
  5
14A03
330
14884
100
AcDbEntity
  8
PROF_TTBL2
100
AcDbLine
 10
20.74918530538599
 20
20.37189386882988
 30
0.0
 11
20.72763190221293
 21
20.34256998938644
 31
0.0
  0
LINE
  5
14A04
330
14884
100
AcDbEntity
  8
PROF_TTBL2
100
AcDbLine
 10
20.72763190221293
 20
20.34256998938644
 30
0.0
 11
20.70578223567128
 21
20.31346617918848
 31
0.0
  0
LINE
  5
14A05
330
14884
100
AcDbEntity
  8
PROF_TTBL2
100
AcDbLine
 10
20.70578223567128
 20
20.31346617918848
 30
0.0
 11
20.68364614632002
 21
20.2845796112964
 31
0.0
  0
LINE
  5
14A06
330
14884
100
AcDbEntity
  8
PROF_TTBL2
100
AcDbLine
 10
20.68364614632002
 20
20.2845796112964
 30
0.0
 11
20.66123299714416
 21
20.25590747286281
 31
0.0
  0
LINE
  5
14A07
330
14884
100
AcDbEntity
  8
PROF_TTBL2
100
AcDbLine
 10
20.66123299714416
 20
20.25590747286281
 30
0.0
 11
20.6385517012203
 21
20.2274469725113
 31
0.0
  0
LINE
  5
14A08
330
14884
100
AcDbEntity
  8
PROF_TTBL2
100
AcDbLine
 10
20.6385517012203
 20
20.2274469725113
 30
0.0
 11
20.61561074767598
 21
20.19919534654417
 31
0.0
  0
LINE
  5
14A09
330
14884
100
AcDbEntity
  8
PROF_TTBL2
100
AcDbLine
 10
20.61561074767598
 20
20.19919534654417
 30
0.0
 11
20.59241822597573
 21
20.17114986405727
 31
0.0
  0
LINE
  5
14A0A
330
14884
100
AcDbEntity
  8
PROF_TTBL2
100
AcDbLine
 10
20.59241822597573
 20
20.17114986405727
 30
0.0
 11
20.56898184902917
 21
20.14330783158254
 31
0.0
  0
LINE
  5
14A0B
330
14884
100
AcDbEntity
  8
PROF_TTBL2
100
AcDbLine
 10
20.56898184902917
 20
20.14330783158254
 30
0.0
 11
20.54530897409859
 21
20.11566659603704
 31
0.0
  0
LINE
  5
14A0C
330
14884
100
AcDbEntity
  8
PROF_TTBL2
100
AcDbLine
 10
20.54530897409859
 20
20.11566659603704
 30
0.0
 11
20.52140662323813
 21
20.08822354806193
 31
0.0
  0
LINE
  5
14A0D
330
14884
100
AcDbEntity
  8
PROF_TTBL2
100
AcDbLine
 10
20.0613161193009
 20
22.62345464621231
 30
0.0
 11
20.09649453411026
 21
22.61413200883777
 31
0.0
  0
LINE
  5
14A0E
330
14884
100
AcDbEntity
  8
PROF_TTBL2
100
AcDbLine
 10
20.09649453411026
 20
22.61413200883777
 30
0.0
 11
20.13154793766466
 21
22.60434987175654
 31
0.0
  0
LINE
  5
14A0F
330
14884
100
AcDbEntity
  8
PROF_TTBL2
100
AcDbLine
 10
20.13154793766466
 20
22.60434987175654
 30
0.0
 11
20.16646602672039
 21
22.59409526439515
 31
0.0
  0
LINE
  5
14A10
330
14884
100
AcDbEntity
  8
PROF_TTBL2
100
AcDbLine
 10
20.16646602672039
 20
22.59409526439515
 30
0.0
 11
20.2012377053777
 21
22.58335473630629
 31
0.0
  0
LINE
  5
14A11
330
14884
100
AcDbEntity
  8
PROF_TTBL2
100
AcDbLine
 10
20.2012377053777
 20
22.58335473630629
 30
0.0
 11
20.23585101060518
 21
22.57211435496936
 31
0.0
  0
LINE
  5
14A12
330
14884
100
AcDbEntity
  8
PROF_TTBL2
100
AcDbLine
 10
20.23585101060518
 20
22.57211435496936
 30
0.0
 11
20.27029304330255
 21
22.56035970413734
 31
0.0
  0
LINE
  5
14A13
330
14884
100
AcDbEntity
  8
PROF_TTBL2
100
AcDbLine
 10
20.27029304330255
 20
22.56035970413734
 30
0.0
 11
20.30454988946701
 21
22.5480758879982
 31
0.0
  0
LINE
  5
14A14
330
14884
100
AcDbEntity
  8
PROF_TTBL2
100
AcDbLine
 10
20.30454988946701
 20
22.5480758879982
 30
0.0
 11
20.33860653669728
 21
22.53524754065722
 31
0.0
  0
LINE
  5
14A15
330
14884
100
AcDbEntity
  8
PROF_TTBL2
100
AcDbLine
 10
20.33860653669728
 20
22.53524754065722
 30
0.0
 11
20.37244678457671
 21
22.52185884264866
 31
0.0
  0
LINE
  5
14A16
330
14884
100
AcDbEntity
  8
PROF_TTBL2
100
AcDbLine
 10
20.37244678457671
 20
22.52185884264866
 30
0.0
 11
20.40605315003108
 21
22.50789354556928
 31
0.0
  0
LINE
  5
14A17
330
14884
100
AcDbEntity
  8
PROF_TTBL2
100
AcDbLine
 10
20.40605315003108
 20
22.50789354556928
 30
0.0
 11
20.43940676722576
 21
22.49333500676266
 31
0.0
  0
LINE
  5
14A18
330
14884
100
AcDbEntity
  8
PROF_TTBL2
100
AcDbLine
 10
20.43940676722576
 20
22.49333500676266
 30
0.0
 11
20.47248728286149
 21
22.47816623584543
 31
0.0
  0
LINE
  5
14A19
330
14884
100
AcDbEntity
  8
PROF_TTBL2
100
AcDbLine
 10
20.47248728286149
 20
22.47816623584543
 30
0.0
 11
20.50527274769336
 21
22.46236995523702
 31
0.0
  0
LINE
  5
14A1A
330
14884
100
AcDbEntity
  8
PROF_TTBL2
100
AcDbLine
 10
20.50527274769336
 20
22.46236995523702
 30
0.0
 11
20.53773950554398
 21
22.44592867708269
 31
0.0
  0
LINE
  5
14A1B
330
14884
100
AcDbEntity
  8
PROF_TTBL2
100
AcDbLine
 10
20.53773950554398
 20
22.44592867708269
 30
0.0
 11
20.56986208157917
 21
22.4288247991891
 31
0.0
  0
LINE
  5
14A1C
330
14884
100
AcDbEntity
  8
PROF_TTBL2
100
AcDbLine
 10
20.56986208157917
 20
22.4288247991891
 30
0.0
 11
20.60161307222267
 21
22.41049335619408
 31
0.0
  0
LINE
  5
14A1D
330
14884
100
AcDbEntity
  8
PROF_TTBL2
100
AcDbLine
 10
20.60161307222267
 20
22.41049335619408
 30
0.0
 11
20.63296303980468
 21
22.39239344397156
 31
0.0
  0
LINE
  5
14A1E
330
14884
100
AcDbEntity
  8
PROF_TTBL2
100
AcDbLine
 10
20.63296303980468
 20
22.39239344397156
 30
0.0
 11
20.66388041589039
 21
22.37336247945114
 31
0.0
  0
LINE
  5
14A1F
330
14884
100
AcDbEntity
  8
PROF_TTBL2
100
AcDbLine
 10
20.66388041589039
 20
22.37336247945114
 30
0.0
 11
20.69433141819808
 21
22.35343455648171
 31
0.0
  0
LINE
  5
14A20
330
14884
100
AcDbEntity
  8
PROF_TTBL2
100
AcDbLine
 10
20.69433141819808
 20
22.35343455648171
 30
0.0
 11
20.72427998708263
 21
22.33275935779687
 31
0.0
  0
LINE
  5
14A21
330
14884
100
AcDbEntity
  8
PROF_TTBL2
100
AcDbLine
 10
20.72427998708263
 20
22.33275935779687
 30
0.0
 11
20.75368774869502
 21
22.31132203515773
 31
0.0
  0
LINE
  5
14A22
330
14884
100
AcDbEntity
  8
PROF_TTBL2
100
AcDbLine
 10
20.75368774869502
 20
22.31132203515773
 30
0.0
 11
20.78251401305567
 21
22.28910906545445
 31
0.0
  0
LINE
  5
14A23
330
14884
100
AcDbEntity
  8
PROF_TTBL2
100
AcDbLine
 10
20.78251401305567
 20
22.28910906545445
 30
0.0
 11
20.81071581628339
 21
22.26610859131813
 31
0.0
  0
LINE
  5
14A24
330
14884
100
AcDbEntity
  8
PROF_TTBL2
100
AcDbLine
 10
20.81071581628339
 20
22.26610859131813
 30
0.0
 11
20.83824801737268
 21
22.24231079479909
 31
0.0
  0
LINE
  5
14A25
330
14884
100
AcDbEntity
  8
PROF_TTBL2
100
AcDbLine
 10
20.83824801737268
 20
22.24231079479909
 30
0.0
 11
20.8650634591404
 21
22.2157849414259
 31
0.0
  0
LINE
  5
14A26
330
14884
100
AcDbEntity
  8
PROF_TTBL2
100
AcDbLine
 10
20.8650634591404
 20
22.2157849414259
 30
0.0
 11
20.89111320512877
 21
22.1922965972302
 31
0.0
  0
LINE
  5
14A27
330
14884
100
AcDbEntity
  8
PROF_TTBL2
100
AcDbLine
 10
20.89111320512877
 20
22.1922965972302
 30
0.0
 11
20.91634686032045
 21
22.16607447492845
 31
0.0
  0
LINE
  5
14A28
330
14884
100
AcDbEntity
  8
PROF_TTBL2
100
AcDbLine
 10
20.91634686032045
 20
22.16607447492845
 30
0.0
 11
20.94071298373847
 21
22.13904445093288
 31
0.0
  0
LINE
  5
14A29
330
14884
100
AcDbEntity
  8
PROF_TTBL2
100
AcDbLine
 10
20.94071298373847
 20
22.13904445093288
 30
0.0
 11
20.96415959644577
 21
22.11121317858033
 31
0.0
  0
LINE
  5
14A2A
330
14884
100
AcDbEntity
  8
PROF_TTBL2
100
AcDbLine
 10
20.96415959644577
 20
22.11121317858033
 30
0.0
 11
20.98663478422616
 21
22.08259181042586
 31
0.0
  0
LINE
  5
14A2B
330
14884
100
AcDbEntity
  8
PROF_TTBL2
100
AcDbLine
 10
20.98663478422616
 20
22.08259181042586
 30
0.0
 11
21.00808738806676
 21
22.05319629490708
 31
0.0
  0
LINE
  5
14A2C
330
14884
100
AcDbEntity
  8
PROF_TTBL2
100
AcDbLine
 10
21.00808738806676
 20
22.05319629490708
 30
0.0
 11
21.02846776866954
 21
22.0230475819734
 31
0.0
  0
LINE
  5
14A2D
330
14884
100
AcDbEntity
  8
PROF_TTBL2
100
AcDbLine
 10
21.02846776866954
 20
22.0230475819734
 30
0.0
 11
21.04772862368946
 21
21.99217171475771
 31
0.0
  0
LINE
  5
14A2E
330
14884
100
AcDbEntity
  8
PROF_TTBL2
100
AcDbLine
 10
21.04772862368946
 20
21.99217171475771
 30
0.0
 11
21.06595668414286
 21
21.96059978792902
 31
0.0
  0
LINE
  5
14A2F
330
14884
100
AcDbEntity
  8
PROF_TTBL2
100
AcDbLine
 10
21.06595668414286
 20
21.96059978792902
 30
0.0
 11
21.082719270604
 21
21.92836775938098
 31
0.0
  0
LINE
  5
14A30
330
14884
100
AcDbEntity
  8
PROF_TTBL2
100
AcDbLine
 10
21.082719270604
 20
21.92836775938098
 30
0.0
 11
21.09837362514758
 21
21.89551611013865
 31
0.0
  0
LINE
  5
14A31
330
14884
100
AcDbEntity
  8
PROF_TTBL2
100
AcDbLine
 10
21.09837362514758
 20
21.89551611013865
 30
0.0
 11
21.11275905570198
 21
21.86208935715575
 31
0.0
  0
LINE
  5
14A32
330
14884
100
AcDbEntity
  8
PROF_TTBL2
100
AcDbLine
 10
21.11275905570198
 20
21.86208935715575
 30
0.0
 11
21.12585178018838
 21
21.82813543403921
 31
0.0
  0
LINE
  5
14A33
330
14884
100
AcDbEntity
  8
PROF_TTBL2
100
AcDbLine
 10
21.12585178018838
 20
21.82813543403921
 30
0.0
 11
21.13763448566265
 21
21.7937049644529
 31
0.0
  0
LINE
  5
14A34
330
14884
100
AcDbEntity
  8
PROF_TTBL2
100
AcDbLine
 10
21.13763448566265
 20
21.7937049644529
 30
0.0
 11
21.1480965662455
 21
21.75885046079355
 31
0.0
  0
LINE
  5
14A35
330
14884
100
AcDbEntity
  8
PROF_TTBL2
100
AcDbLine
 10
21.1480965662455
 20
21.75885046079355
 30
0.0
 11
21.15723417529517
 21
21.72362548568276
 31
0.0
  0
ARC
  5
14A36
330
14884
100
AcDbEntity
  8
PROF_TTBL2
100
AcDbCircle
 10
19.01077542038427
 20
23.58062423937814
 30
0.0
 40
0.1000000000000019
100
AcDbArc
 50
313.1744558104859
 51
69.30416635021988
  0
ARC
  5
14A37
330
14884
100
AcDbEntity
  8
PROF_TTBL2
100
AcDbCircle
 10
18.14711047678849
 20
23.33223251987243
 30
0.0
 40
0.0720000000000012
100
AcDbArc
 50
344.9611116336246
 51
69.75344281622762
  0
LINE
  5
14A38
330
14884
100
AcDbEntity
  8
PROF_TTBL2
100
AcDbLine
 10
18.87617311445746
 20
21.88898151633697
 30
0.0
 11
19.49358178380367
 21
22.46119713159811
 31
0.0
  0
LINE
  5
14A39
330
14884
100
AcDbEntity
  8
PROF_TTBL2
100
AcDbLine
 10
17.98098855018486
 20
21.86111542449168
 30
0.0
 11
18.99719644598536
 21
22.95758246941642
 31
0.0
  0
LINE
  5
14A3A
330
14884
100
AcDbEntity
  8
PROF_TTBL2
100
AcDbLine
 10
20.39217218202787
 20
21.93617286764072
 30
0.0
 11
18.58159289617339
 21
21.61596396861165
 31
0.0
  0
LINE
  5
14A3B
330
14884
100
AcDbEntity
  8
PROF_TTBL2
100
AcDbLine
 10
20.39217218202787
 20
21.93617286764072
 30
0.0
 11
18.87617311445746
 21
21.88898151633697
 31
0.0
  0
LINE
  5
14A3C
330
14884
100
AcDbEntity
  8
PROF_TTBL2
100
AcDbLine
 10
18.27419174657404
 20
21.33106395556802
 30
0.0
 11
18.58159289617339
 21
21.61596396861165
 31
0.0
  0
ELLIPSE
  5
14A3D
330
14884
100
AcDbEntity
  8
PROF_TTBL2
100
AcDbEllipse
 10
19.58482153466508
 20
23.04882222027782
 30
0.0
 11
1.527350647362933
 21
1.527350647362936
 31
0.0
210
0.0
220
0.0
230
1.0
 40
0.1666666666666607
 41
0.0
 42
6.283185307179584
  0
LINE
  5
14A3E
330
14884
100
AcDbEntity
  8
PROF_TTBL2
100
AcDbLine
 10
17.87697728101341
 20
23.47684494939949
 30
0.0
 11
18.28947853652215
 21
23.88934620490818
 31
0.0
  0
LINE
  5
14A3F
330
14884
100
AcDbEntity
  8
PROF_TTBL2
100
AcDbLine
 10
17.99495672183917
 20
23.45340303398799
 30
0.0
 11
18.40648641347206
 21
23.8649327256208
 31
0.0
  0
LINE
  5
14A40
330
14884
100
AcDbEntity
  8
PROF_TTBL2
100
AcDbLine
 10
18.10558119520965
 20
23.42260615112115
 30
0.0
 11
18.52097596095023
 21
23.83800091686174
 31
0.0
  0
LINE
  5
14A41
330
14884
100
AcDbEntity
  8
PROF_TTBL2
100
AcDbLine
 10
18.20255845275664
 20
23.3781620524308
 30
0.0
 11
18.63306215669023
 21
23.80866575636451
 31
0.0
  0
LINE
  5
14A42
330
14884
100
AcDbEntity
  8
PROF_TTBL2
100
AcDbLine
 10
18.1898825633595
 20
23.22406480679629
 30
0.0
 11
18.74284731514739
 21
23.77702955858421
 31
0.0
  0
LINE
  5
14A43
330
14884
100
AcDbEntity
  8
PROF_TTBL2
100
AcDbLine
 10
18.08699086100039
 20
22.97975174820001
 30
0.0
 11
18.85042279203348
 21
23.74318367923302
 31
0.0
  0
LINE
  5
14A44
330
14884
100
AcDbEntity
  8
PROF_TTBL2
100
AcDbLine
 10
17.82782872941351
 20
22.57916826037569
 30
0.0
 11
18.95587039239426
 21
23.70720992335648
 31
0.0
  0
LINE
  5
14A45
330
14884
100
AcDbEntity
  8
PROF_TTBL2
100
AcDbLine
 10
18.20078209249538
 20
22.8107002672203
 30
0.0
 11
19.05855380676769
 21
23.66847198149256
 31
0.0
  0
LINE
  5
14A46
330
14884
100
AcDbEntity
  8
PROF_TTBL2
100
AcDbLine
 10
18.74869254872356
 20
23.21718936721123
 30
0.0
 11
19.11076615472717
 21
23.57926297321481
 31
0.0
  0
LINE
  5
14A47
330
14884
100
AcDbEntity
  8
PROF_TTBL2
100
AcDbLine
 10
18.26821047824108
 20
22.17102187177954
 30
0.0
 11
20.13988791258629
 21
24.04269930612474
 31
0.0
  0
LINE
  5
14A48
330
14884
100
AcDbEntity
  8
PROF_TTBL2
100
AcDbLine
 10
18.30956094178771
 20
21.36384419790232
 30
0.0
 11
20.69631394153526
 21
23.7505971976499
 31
0.0
  0
LINE
  5
14A49
330
14884
100
AcDbEntity
  8
PROF_TTBL2
100
AcDbLine
 10
18.72920854448796
 20
21.64207044436528
 30
0.0
 11
18.97933079954048
 21
21.89219269941787
 31
0.0
  0
LINE
  5
14A4A
330
14884
100
AcDbEntity
  8
PROF_TTBL2
100
AcDbLine
 10
21.15723417529517
 20
21.72362548568276
 30
0.0
 11
21.16505009442477
 21
21.68808381540617
 31
0.0
  0
LINE
  5
14A4B
330
14884
100
AcDbEntity
  8
PROF_TTBL2
100
AcDbLine
 10
21.16505009442477
 20
21.68808381540617
 30
0.0
 11
21.17155343362503
 21
21.65227864158691
 31
0.0
  0
LINE
  5
14A4C
330
14884
100
AcDbEntity
  8
PROF_TTBL2
100
AcDbLine
 10
21.17155343362503
 20
21.65227864158691
 30
0.0
 11
21.17675918584808
 21
21.61626184441871
 31
0.0
  0
LINE
  5
14A4D
330
14884
100
AcDbEntity
  8
PROF_TTBL2
100
AcDbLine
 10
21.17675918584808
 20
21.61626184441871
 30
0.0
 11
21.180687666874
 21
21.58008335999034
 31
0.0
  0
LINE
  5
14A4E
330
14884
100
AcDbEntity
  8
PROF_TTBL2
100
AcDbLine
 10
21.180687666874
 20
21.58008335999034
 30
0.0
 11
21.1833638740361
 21
21.54379065889685
 31
0.0
  0
LINE
  5
14A4F
330
14884
100
AcDbEntity
  8
PROF_TTBL2
100
AcDbLine
 10
21.1833638740361
 20
21.54379065889685
 30
0.0
 11
21.18481679811446
 21
21.50742834294288
 31
0.0
  0
LINE
  5
14A50
330
14884
100
AcDbEntity
  8
PROF_TTBL2
100
AcDbLine
 10
21.18481679811446
 20
21.50742834294288
 30
0.0
 11
21.18507872023576
 21
21.4710378595069
 31
0.0
  0
LINE
  5
14A51
330
14884
100
AcDbEntity
  8
PROF_TTBL2
100
AcDbLine
 10
21.18507872023576
 20
21.4710378595069
 30
0.0
 11
21.18507872023576
 21
21.43465732669955
 31
0.0
  0
LINE
  5
14A52
330
14884
100
AcDbEntity
  8
PROF_TTBL2
100
AcDbLine
 10
21.18507872023576
 20
21.43465732669955
 30
0.0
 11
21.18217102634878
 21
21.39832145783219
 31
0.0
  0
LINE
  5
14A53
330
14884
100
AcDbEntity
  8
PROF_TTBL2
100
AcDbLine
 10
21.18217102634878
 20
21.39832145783219
 30
0.0
 11
21.17907639929609
 21
21.36206157086712
 31
0.0
  0
LINE
  5
14A54
330
14884
100
AcDbEntity
  8
PROF_TTBL2
100
AcDbLine
 10
21.17907639929609
 20
21.36206157086712
 30
0.0
 11
21.17493960010449
 21
21.32590566717556
 31
0.0
  0
LINE
  5
14A55
330
14884
100
AcDbEntity
  8
PROF_TTBL2
100
AcDbLine
 10
21.17493960010449
 20
21.32590566717556
 30
0.0
 11
21.16979990867741
 21
21.28987856468978
 31
0.0
  0
LINE
  5
14A56
330
14884
100
AcDbEntity
  8
PROF_TTBL2
100
AcDbLine
 10
21.16979990867741
 20
21.28987856468978
 30
0.0
 11
21.16369651762846
 21
21.25400206933244
 31
0.0
  0
LINE
  5
14A57
330
14884
100
AcDbEntity
  8
PROF_TTBL2
100
AcDbLine
 10
21.16369651762846
 20
21.25400206933244
 30
0.0
 11
21.15666819217443
 21
21.21829517400965
 31
0.0
  0
LINE
  5
14A58
330
14884
100
AcDbEntity
  8
PROF_TTBL2
100
AcDbLine
 10
21.15666819217443
 20
21.21829517400965
 30
0.0
 11
21.14875299298506
 21
21.18277427244425
 31
0.0
  0
LINE
  5
14A59
330
14884
100
AcDbEntity
  8
PROF_TTBL2
100
AcDbLine
 10
21.14875299298506
 20
21.18277427244425
 30
0.0
 11
21.13998805657178
 21
21.14745337957669
 31
0.0
  0
LINE
  5
14A5A
330
14884
100
AcDbEntity
  8
PROF_TTBL2
100
AcDbLine
 10
21.13998805657178
 20
21.14745337957669
 30
0.0
 11
21.13040942689679
 21
21.11234435134764
 31
0.0
  0
LINE
  5
14A5B
330
14884
100
AcDbEntity
  8
PROF_TTBL2
100
AcDbLine
 10
21.13040942689679
 20
21.11234435134764
 30
0.0
 11
21.12005193161814
 21
21.07745709855385
 31
0.0
  0
LINE
  5
14A5C
330
14884
100
AcDbEntity
  8
PROF_TTBL2
100
AcDbLine
 10
21.12005193161814
 20
21.07745709855385
 30
0.0
 11
21.10894909648175
 21
21.0427997909835
 31
0.0
  0
LINE
  5
14A5D
330
14884
100
AcDbEntity
  8
PROF_TTBL2
100
AcDbLine
 10
21.10894909648175
 20
21.0427997909835
 30
0.0
 11
21.09713309172911
 21
21.00837904930404
 31
0.0
  0
LINE
  5
14A5E
330
14884
100
AcDbEntity
  8
PROF_TTBL2
100
AcDbLine
 10
21.09713309172911
 20
21.00837904930404
 30
0.0
 11
21.08463470491358
 21
20.97420012319219
 31
0.0
  0
LINE
  5
14A5F
330
14884
100
AcDbEntity
  8
PROF_TTBL2
100
AcDbLine
 10
21.08463470491358
 20
20.97420012319219
 30
0.0
 11
21.0714833351156
 21
20.94026705499123
 31
0.0
  0
LINE
  5
14A60
330
14884
100
AcDbEntity
  8
PROF_TTBL2
100
AcDbLine
 10
21.0714833351156
 20
20.94026705499123
 30
0.0
 11
21.05770700417644
 21
20.90658282877751
 31
0.0
  0
LINE
  5
14A61
330
14884
100
AcDbEntity
  8
PROF_TTBL2
100
AcDbLine
 10
21.05770700417644
 20
20.90658282877751
 30
0.0
 11
21.04333238118897
 21
20.87314950515252
 31
0.0
  0
LINE
  5
14A62
330
14884
100
AcDbEntity
  8
PROF_TTBL2
100
AcDbLine
 10
21.04333238118897
 20
20.87314950515252
 30
0.0
 11
21.02838481705759
 21
20.83996834237649
 31
0.0
  0
LINE
  5
14A63
330
14884
100
AcDbEntity
  8
PROF_TTBL2
100
AcDbLine
 10
21.02838481705759
 20
20.83996834237649
 30
0.0
 11
21.01288838647087
 21
20.80703990465326
 31
0.0
  0
LINE
  5
14A64
330
14884
100
AcDbEntity
  8
PROF_TTBL2
100
AcDbLine
 10
21.01288838647087
 20
20.80703990465326
 30
0.0
 11
20.99686593509449
 21
20.77436415849053
 31
0.0
  0
LINE
  5
14A65
330
14884
100
AcDbEntity
  8
PROF_TTBL2
100
AcDbLine
 10
20.99686593509449
 20
20.77436415849053
 30
0.0
 11
20.98033913020305
 21
20.7419405581096
 31
0.0
  0
LINE
  5
14A66
330
14884
100
AcDbEntity
  8
PROF_TTBL2
100
AcDbLine
 10
20.98033913020305
 20
20.7419405581096
 30
0.0
 11
20.96332851331897
 21
20.70976812088758
 31
0.0
  0
LINE
  5
14A67
330
14884
100
AcDbEntity
  8
PROF_TTBL2
100
AcDbLine
 10
18.65487586669695
 20
19.87068149172671
 30
0.0
 11
18.8181373813054
 21
20.03394300633499
 31
0.0
  0
LINE
  5
14A68
330
14884
100
AcDbEntity
  8
PROF_TTBL2
100
AcDbLine
 10
18.76309846825154
 20
19.83748273704395
 30
0.0
 11
18.90817351962112
 21
19.98255778841354
 31
0.0
  0
LINE
  5
14A69
330
14884
100
AcDbEntity
  8
PROF_TTBL2
100
AcDbLine
 10
18.87330204348916
 20
19.80626495604434
 30
0.0
 11
19.00173684742298
 21
19.93469975997806
 31
0.0
  0
LINE
  5
14A6A
330
14884
100
AcDbEntity
  8
PROF_TTBL2
100
AcDbLine
 10
18.98535586188813
 20
19.77689741820603
 30
0.0
 11
19.09849700564308
 21
19.89003856196086
 31
0.0
  0
LINE
  5
14A6B
330
14884
100
AcDbEntity
  8
PROF_TTBL2
100
AcDbLine
 10
19.09914895128127
 20
19.74926915136182
 30
0.0
 11
19.19818951236459
 21
19.84830971244503
 31
0.0
  0
LINE
  5
14A6C
330
14884
100
AcDbEntity
  8
PROF_TTBL2
100
AcDbLine
 10
19.21458645505674
 20
19.72328529889995
 30
0.0
 11
19.30059970611756
 21
19.80929854996077
 31
0.0
  0
LINE
  5
14A6D
330
14884
100
AcDbEntity
  8
PROF_TTBL2
100
AcDbLine
 10
19.33158684094206
 20
19.69886432854798
 30
0.0
 11
19.40555153265114
 21
19.77282902025712
 31
0.0
  0
LINE
  5
14A6E
330
14884
100
AcDbEntity
  8
PROF_TTBL2
100
AcDbLine
 10
19.45007973211335
 20
19.67593586348198
 30
0.0
 11
19.51289951164102
 21
19.73875564300964
 31
0.0
  0
LINE
  5
14A6F
330
14884
100
AcDbEntity
  8
PROF_TTBL2
100
AcDbLine
 10
18.98040256201005
 20
18.83046580401314
 30
0.0
 11
18.93064760435265
 21
18.79978504831672
 31
0.0
  0
LINE
  5
14A70
330
14884
100
AcDbEntity
  8
PROF_TTBL2
100
AcDbLine
 10
18.93064760435265
 20
18.79978504831672
 30
0.0
 11
18.88070548798458
 21
18.76940989671089
 31
0.0
  0
LINE
  5
14A71
330
14884
100
AcDbEntity
  8
PROF_TTBL2
100
AcDbLine
 10
18.88070548798458
 20
18.76940989671089
 30
0.0
 11
18.83058011057409
 21
18.73933812276766
 31
0.0
  0
LINE
  5
14A72
330
14884
100
AcDbEntity
  8
PROF_TTBL2
100
AcDbLine
 10
18.83058011057409
 20
18.73933812276766
 30
0.0
 11
18.78027521563166
 21
18.70956762048615
 31
0.0
  0
LINE
  5
14A73
330
14884
100
AcDbEntity
  8
PROF_TTBL2
100
AcDbLine
 10
18.78027521563166
 20
18.70956762048615
 30
0.0
 11
18.72979440060106
 21
18.6800964010527
 31
0.0
  0
LINE
  5
14A74
330
14884
100
AcDbEntity
  8
PROF_TTBL2
100
AcDbLine
 10
18.72979440060106
 20
18.6800964010527
 30
0.0
 11
18.67926387726214
 21
18.6509225898007
 31
0.0
  0
LINE
  5
14A75
330
14884
100
AcDbEntity
  8
PROF_TTBL2
100
AcDbLine
 10
18.67926387726214
 20
18.6509225898007
 30
0.0
 11
18.62831871473639
 21
18.62150938650256
 31
0.0
  0
LINE
  5
14A76
330
14884
100
AcDbEntity
  8
PROF_TTBL2
100
AcDbLine
 10
18.62831871473639
 20
18.62150938650256
 30
0.0
 11
18.57733037437765
 21
18.5920712544709
 31
0.0
  0
LINE
  5
14A77
330
14884
100
AcDbEntity
  8
PROF_TTBL2
100
AcDbLine
 10
18.57733037437765
 20
18.5920712544709
 30
0.0
 11
18.52617918783414
 21
18.56516851216207
 31
0.0
  0
LINE
  5
14A78
330
14884
100
AcDbEntity
  8
PROF_TTBL2
100
AcDbLine
 10
18.52617918783414
 20
18.56516851216207
 30
0.0
 11
18.47768048683462
 21
18.53716777408465
 31
0.0
  0
LINE
  5
14A79
330
14884
100
AcDbEntity
  8
PROF_TTBL2
100
AcDbLine
 10
18.47768048683462
 20
18.53716777408465
 30
0.0
 11
18.42340005704466
 21
18.50945668973332
 31
0.0
  0
LINE
  5
14A7A
330
14884
100
AcDbEntity
  8
PROF_TTBL2
100
AcDbLine
 10
18.42340005704466
 20
18.50945668973332
 30
0.0
 11
18.371777741068
 21
18.48203401577103
 31
0.0
  0
LINE
  5
14A7B
330
14884
100
AcDbEntity
  8
PROF_TTBL2
100
AcDbLine
 10
18.371777741068
 20
18.48203401577103
 30
0.0
 11
18.3200038456265
 21
18.45489860673478
 31
0.0
  0
LINE
  5
14A7C
330
14884
100
AcDbEntity
  8
PROF_TTBL2
100
AcDbLine
 10
18.3200038456265
 20
18.45489860673478
 30
0.0
 11
18.26808094510914
 21
18.42804941335305
 31
0.0
  0
LINE
  5
14A7D
330
14884
100
AcDbEntity
  8
PROF_TTBL2
100
AcDbLine
 10
18.26808094510914
 20
18.42804941335305
 30
0.0
 11
18.216011526209
 21
18.4014854810083
 31
0.0
  0
LINE
  5
14A7E
330
14884
100
AcDbEntity
  8
PROF_TTBL2
100
AcDbLine
 10
18.216011526209
 20
18.4014854810083
 30
0.0
 11
18.16379799209744
 21
18.37520594834091
 31
0.0
  0
LINE
  5
14A7F
330
14884
100
AcDbEntity
  8
PROF_TTBL2
100
AcDbLine
 10
18.16379799209744
 20
18.37520594834091
 30
0.0
 11
18.11144266638149
 21
18.34921004599056
 31
0.0
  0
LINE
  5
14A80
330
14884
100
AcDbEntity
  8
PROF_TTBL2
100
AcDbLine
 10
18.11144266638149
 20
18.34921004599056
 30
0.0
 11
18.05894779685377
 21
18.32349709547128
 31
0.0
  0
LINE
  5
14A81
330
14884
100
AcDbEntity
  8
PROF_TTBL2
100
AcDbLine
 10
18.05894779685377
 20
18.32349709547128
 30
0.0
 11
18.00631555905505
 21
18.29806650817863
 31
0.0
  0
LINE
  5
14A82
330
14884
100
AcDbEntity
  8
PROF_TTBL2
100
AcDbLine
 10
18.00631555905505
 20
18.29806650817863
 30
0.0
 11
17.95354805965956
 21
18.27291778452439
 31
0.0
  0
LINE
  5
14A83
330
14884
100
AcDbEntity
  8
PROF_TTBL2
100
AcDbLine
 10
17.95354805965956
 20
18.27291778452439
 30
0.0
 11
17.90064733969728
 21
18.24805051319839
 31
0.0
  0
LINE
  5
14A84
330
14884
100
AcDbEntity
  8
PROF_TTBL2
100
AcDbLine
 10
17.90064733969728
 20
18.24805051319839
 30
0.0
 11
17.84761537762398
 21
18.22346437055421
 31
0.0
  0
LINE
  5
14A85
330
14884
100
AcDbEntity
  8
PROF_TTBL2
100
AcDbLine
 10
17.84761537762398
 20
18.22346437055421
 30
0.0
 11
17.79445409225115
 21
18.19915912011834
 31
0.0
  0
LINE
  5
14A86
330
14884
100
AcDbEntity
  8
PROF_TTBL2
100
AcDbLine
 10
18.78492369082727
 20
20.05646275528153
 30
0.0
 11
18.81402536394318
 21
20.03643553862781
 31
0.0
  0
LINE
  5
14A87
330
14884
100
AcDbEntity
  8
PROF_TTBL2
100
AcDbLine
 10
18.81402536394318
 20
20.03643553862781
 30
0.0
 11
18.84343998284384
 21
20.01945300048731
 31
0.0
  0
LINE
  5
14A88
330
14884
100
AcDbEntity
  8
PROF_TTBL2
100
AcDbLine
 10
18.84343998284384
 20
20.01945300048731
 30
0.0
 11
18.87314322685625
 21
20.00186239701179
 31
0.0
  0
LINE
  5
14A89
330
14884
100
AcDbEntity
  8
PROF_TTBL2
100
AcDbLine
 10
18.87314322685625
 20
20.00186239701179
 30
0.0
 11
18.90311321524285
 21
19.98529612613038
 31
0.0
  0
LINE
  5
14A8A
330
14884
100
AcDbEntity
  8
PROF_TTBL2
100
AcDbLine
 10
18.90311321524285
 20
19.98529612613038
 30
0.0
 11
18.93333021440855
 21
19.96918474444436
 31
0.0
  0
LINE
  5
14A8B
330
14884
100
AcDbEntity
  8
PROF_TTBL2
100
AcDbLine
 10
18.93333021440855
 20
19.96918474444436
 30
0.0
 11
18.96047847549437
 21
19.95351068859844
 31
0.0
  0
LINE
  5
14A8C
330
14884
100
AcDbEntity
  8
PROF_TTBL2
100
AcDbLine
 10
18.96047847549437
 20
19.95351068859844
 30
0.0
 11
18.99443557920818
 21
19.93825745145352
 31
0.0
  0
LINE
  5
14A8D
330
14884
100
AcDbEntity
  8
PROF_TTBL2
100
AcDbLine
 10
18.99443557920818
 20
19.93825745145352
 30
0.0
 11
19.02529311481748
 21
19.9234095158456
 31
0.0
  0
LINE
  5
14A8E
330
14884
100
AcDbEntity
  8
PROF_TTBL2
100
AcDbLine
 10
19.02529311481748
 20
19.9234095158456
 30
0.0
 11
19.05633564449556
 21
19.90895229064153
 31
0.0
  0
LINE
  5
14A8F
330
14884
100
AcDbEntity
  8
PROF_TTBL2
100
AcDbLine
 10
19.05633564449556
 20
19.90895229064153
 30
0.0
 11
19.0875509930637
 21
19.89487204934886
 31
0.0
  0
LINE
  5
14A90
330
14884
100
AcDbEntity
  8
PROF_TTBL2
100
AcDbLine
 10
19.0875509930637
 20
19.89487204934886
 30
0.0
 11
19.11892803415241
 21
19.88115587200002
 31
0.0
  0
LINE
  5
14A91
330
14884
100
AcDbEntity
  8
PROF_TTBL2
100
AcDbLine
 10
19.11892803415241
 20
19.88115587200002
 30
0.0
 11
19.15045657907
 21
19.86779159039116
 31
0.0
  0
LINE
  5
14A92
330
14884
100
AcDbEntity
  8
PROF_TTBL2
100
AcDbLine
 10
19.15045657907
 20
19.86779159039116
 30
0.0
 11
19.18212727923406
 21
19.85476773678749
 31
0.0
  0
LINE
  5
14A93
330
14884
100
AcDbEntity
  8
PROF_TTBL2
100
AcDbLine
 10
19.18212727923406
 20
19.85476773678749
 30
0.0
 11
19.21393154034177
 21
19.84207349606197
 31
0.0
  0
LINE
  5
14A94
330
14884
100
AcDbEntity
  8
PROF_TTBL2
100
AcDbLine
 10
19.21393154034177
 20
19.84207349606197
 30
0.0
 11
19.24586144671065
 21
19.82969866116815
 31
0.0
  0
LINE
  5
14A95
330
14884
100
AcDbEntity
  8
PROF_TTBL2
100
AcDbLine
 10
19.24586144671065
 20
19.82969866116815
 30
0.0
 11
19.27790969444673
 21
19.81763359180621
 31
0.0
  0
LINE
  5
14A96
330
14884
100
AcDbEntity
  8
PROF_TTBL2
100
AcDbLine
 10
19.27790969444673
 20
19.81763359180621
 30
0.0
 11
19.31006953223186
 21
19.80586917613402
 31
0.0
  0
LINE
  5
14A97
330
14884
100
AcDbEntity
  8
PROF_TTBL2
100
AcDbLine
 10
19.31006953223186
 20
19.80586917613402
 30
0.0
 11
19.34233470907878
 21
19.79439679521823
 31
0.0
  0
LINE
  5
14A98
330
14884
100
AcDbEntity
  8
PROF_TTBL2
100
AcDbLine
 10
19.34233470907878
 20
19.79439679521823
 30
0.0
 11
19.37469942747037
 21
19.78320829030985
 31
0.0
  0
LINE
  5
14A99
330
14884
100
AcDbEntity
  8
PROF_TTBL2
100
AcDbLine
 10
19.37469942747037
 20
19.78320829030985
 30
0.0
 11
19.40555153265114
 21
19.77282902025706
 31
0.0
  0
LINE
  5
14A9A
330
14884
100
AcDbEntity
  8
PROF_TTBL2
100
AcDbLine
 10
19.40555153265114
 20
19.77282902025706
 30
0.0
 11
19.43970632079265
 21
19.76165239488557
 31
0.0
  0
LINE
  5
14A9B
330
14884
100
AcDbEntity
  8
PROF_TTBL2
100
AcDbLine
 10
19.43970632079265
 20
19.76165239488557
 30
0.0
 11
19.47233881622048
 21
19.7512707259271
 31
0.0
  0
LINE
  5
14A9C
330
14884
100
AcDbEntity
  8
PROF_TTBL2
100
AcDbLine
 10
19.47233881622048
 20
19.7512707259271
 30
0.0
 11
19.50505143104368
 21
19.74114432629386
 31
0.0
  0
LINE
  5
14A9D
330
14884
100
AcDbEntity
  8
PROF_TTBL2
100
AcDbLine
 10
19.50505143104368
 20
19.74114432629386
 30
0.0
 11
19.53784009387646
 21
19.73126692626635
 31
0.0
  0
LINE
  5
14A9E
330
14884
100
AcDbEntity
  8
PROF_TTBL2
100
AcDbLine
 10
19.53784009387646
 20
19.73126692626635
 30
0.0
 11
19.57070099481188
 21
19.72163256530024
 31
0.0
  0
LINE
  5
14A9F
330
14884
100
AcDbEntity
  8
PROF_TTBL2
100
AcDbLine
 10
19.57070099481188
 20
19.72163256530024
 30
0.0
 11
19.60363056383727
 21
19.71223557303238
 31
0.0
  0
LINE
  5
14AA0
330
14884
100
AcDbEntity
  8
PROF_TTBL2
100
AcDbLine
 10
19.60363056383727
 20
19.71223557303238
 30
0.0
 11
19.63662545135929
 21
19.70307055168911
 31
0.0
  0
LINE
  5
14AA1
330
14884
100
AcDbEntity
  8
PROF_TTBL2
100
AcDbLine
 10
19.63662545135929
 20
19.70307055168911
 30
0.0
 11
19.66968251059847
 21
19.69413235978294
 31
0.0
  0
LINE
  5
14AA2
330
14884
100
AcDbEntity
  8
PROF_TTBL2
100
AcDbLine
 10
19.66968251059847
 20
19.69413235978294
 30
0.0
 11
19.7027987816499
 21
19.68541609699451
 31
0.0
  0
LINE
  5
14AA3
330
14884
100
AcDbEntity
  8
PROF_TTBL2
100
AcDbLine
 10
19.7027987816499
 20
19.68541609699451
 30
0.0
 11
19.73432111004155
 21
19.67733452893554
 31
0.0
  0
LINE
  5
14AA4
330
14884
100
AcDbEntity
  8
PROF_TTBL2
100
AcDbLine
 10
19.73432111004155
 20
19.67733452893554
 30
0.0
 11
19.7691979685265
 21
19.66863088016401
 31
0.0
  0
LINE
  5
14AA5
330
14884
100
AcDbEntity
  8
PROF_TTBL2
100
AcDbLine
 10
19.7691979685265
 20
19.66863088016401
 30
0.0
 11
19.80247577528973
 21
19.66055320999475
 31
0.0
  0
LINE
  5
14AA6
330
14884
100
AcDbEntity
  8
PROF_TTBL2
100
AcDbLine
 10
19.80247577528973
 20
19.66055320999475
 30
0.0
 11
19.83580255290877
 21
19.65268001332754
 31
0.0
  0
LINE
  5
14AA7
330
14884
100
AcDbEntity
  8
PROF_TTBL2
100
AcDbLine
 10
19.83580255290877
 20
19.65268001332754
 30
0.0
 11
19.86917608349756
 21
19.64500740412967
 31
0.0
  0
LINE
  5
14AA8
330
14884
100
AcDbEntity
  8
PROF_TTBL2
100
AcDbLine
 10
19.86917608349756
 20
19.64500740412967
 30
0.0
 11
19.90259426661362
 21
19.63753166688934
 31
0.0
  0
LINE
  5
14AA9
330
14884
100
AcDbEntity
  8
PROF_TTBL2
100
AcDbLine
 10
19.90259426661362
 20
19.63753166688934
 30
0.0
 11
19.93605511095074
 21
19.63024924752471
 31
0.0
  0
LINE
  5
14AAA
330
14884
100
AcDbEntity
  8
PROF_TTBL2
100
AcDbLine
 10
19.93605511095074
 20
19.63024924752471
 30
0.0
 11
19.96955672669457
 21
19.62315674491179
 31
0.0
  0
LINE
  5
14AAB
330
14884
100
AcDbEntity
  8
PROF_TTBL2
100
AcDbLine
 10
19.96955672669457
 20
19.62315674491179
 30
0.0
 11
20.00309731852758
 21
19.61625090297252
 31
0.0
  0
LINE
  5
14AAC
330
14884
100
AcDbEntity
  8
PROF_TTBL2
100
AcDbLine
 10
20.00309731852758
 20
19.61625090297252
 30
0.0
 11
20.03667517975719
 21
19.60952860317502
 31
0.0
  0
LINE
  5
14AAD
330
14884
100
AcDbEntity
  8
PROF_TTBL2
100
AcDbLine
 10
20.03667517975719
 20
19.60952860317502
 30
0.0
 11
20.07028868499748
 21
19.60298685791173
 31
0.0
  0
LINE
  5
14AAE
330
14884
100
AcDbEntity
  8
PROF_TTBL2
100
AcDbLine
 10
20.07028868499748
 20
19.60298685791173
 30
0.0
 11
20.10393628627241
 21
19.59662280372589
 31
0.0
  0
LINE
  5
14AAF
330
14884
100
AcDbEntity
  8
PROF_TTBL2
100
AcDbLine
 10
20.10393628627241
 20
19.59662280372589
 30
0.0
 11
20.13761650720266
 21
19.59043369542729
 31
0.0
  0
LINE
  5
14AB0
330
14884
100
AcDbEntity
  8
PROF_TTBL2
100
AcDbLine
 10
20.13761650720266
 20
19.59043369542729
 30
0.0
 11
20.17132793853107
 21
19.5844169003974
 31
0.0
  0
LINE
  5
14AB1
330
14884
100
AcDbEntity
  8
PROF_TTBL2
100
AcDbLine
 10
20.17132793853107
 20
19.5844169003974
 30
0.0
 11
20.20506923383811
 21
19.5785698932828
 31
0.0
  0
LINE
  5
14AB2
330
14884
100
AcDbEntity
  8
PROF_TTBL2
100
AcDbLine
 10
20.20506923383811
 20
19.5785698932828
 30
0.0
 11
20.23883910557526
 21
19.57289025101937
 31
0.0
  0
LINE
  5
14AB3
330
14884
100
AcDbEntity
  8
PROF_TTBL2
100
AcDbLine
 10
20.23883910557526
 20
19.57289025101937
 30
0.0
 11
20.27263632139073
 21
19.56737564816296
 31
0.0
  0
LINE
  5
14AB4
330
14884
100
AcDbEntity
  8
PROF_TTBL2
100
AcDbLine
 10
20.27263632139073
 20
19.56737564816296
 30
0.0
 11
20.30645970071873
 21
19.56202385250577
 31
0.0
  0
LINE
  5
14AB5
330
14884
100
AcDbEntity
  8
PROF_TTBL2
100
AcDbLine
 10
20.30645970071873
 20
19.56202385250577
 30
0.0
 11
20.34030811161255
 21
19.5568327209583
 31
0.0
  0
LINE
  5
14AB6
330
14884
100
AcDbEntity
  8
PROF_TTBL2
100
AcDbLine
 10
20.34030811161255
 20
19.5568327209583
 30
0.0
 11
20.37418046779913
 21
19.55180019567848
 31
0.0
  0
LINE
  5
14AB7
330
14884
100
AcDbEntity
  8
PROF_TTBL2
100
AcDbLine
 10
20.37418046779913
 20
19.55180019567848
 30
0.0
 11
20.40807572195876
 21
19.54692430099453
 31
0.0
  0
LINE
  5
14AB8
330
14884
100
AcDbEntity
  8
PROF_TTBL2
100
AcDbLine
 10
20.40807572195876
 20
19.54692430099453
 30
0.0
 11
20.44703003062176
 21
19.54151531209203
 31
0.0
  0
LINE
  5
14AB9
330
14884
100
AcDbEntity
  8
PROF_TTBL2
100
AcDbLine
 10
20.44703003062176
 20
19.54151531209203
 30
0.0
 11
20.47593097411396
 21
19.53763488279491
 31
0.0
  0
LINE
  5
14ABA
330
14884
100
AcDbEntity
  8
PROF_TTBL2
100
AcDbLine
 10
19.70102607581668
 20
19.32927858924239
 30
0.0
 11
19.65468373152958
 21
19.29365211778031
 31
0.0
  0
LINE
  5
14ABB
330
14884
100
AcDbEntity
  8
PROF_TTBL2
100
AcDbLine
 10
19.65468373152958
 20
19.29365211778031
 30
0.0
 11
19.60806957968157
 21
19.2583820195848
 31
0.0
  0
LINE
  5
14ABC
330
14884
100
AcDbEntity
  8
PROF_TTBL2
100
AcDbLine
 10
19.60806957968157
 20
19.2583820195848
 30
0.0
 11
19.56119132086394
 21
19.22346370887305
 31
0.0
  0
LINE
  5
14ABD
330
14884
100
AcDbEntity
  8
PROF_TTBL2
100
AcDbLine
 10
19.56119132086394
 20
19.22346370887305
 30
0.0
 11
19.51405627731975
 21
19.18889279918209
 31
0.0
  0
LINE
  5
14ABE
330
14884
100
AcDbEntity
  8
PROF_TTBL2
100
AcDbLine
 10
19.51405627731975
 20
19.18889279918209
 30
0.0
 11
19.46667141707138
 21
19.15466509602055
 31
0.0
  0
LINE
  5
14ABF
330
14884
100
AcDbEntity
  8
PROF_TTBL2
100
AcDbLine
 10
19.46667141707138
 20
19.15466509602055
 30
0.0
 11
19.41904337618967
 21
19.12077658985128
 31
0.0
  0
LINE
  5
14AC0
330
14884
100
AcDbEntity
  8
PROF_TTBL2
100
AcDbLine
 10
19.41904337618967
 20
19.12077658985128
 30
0.0
 11
19.37117847936906
 21
19.08722344940105
 31
0.0
  0
LINE
  5
14AC1
330
14884
100
AcDbEntity
  8
PROF_TTBL2
100
AcDbLine
 10
19.37117847936906
 20
19.08722344940105
 30
0.0
 11
19.32308275889425
 21
19.05400201524708
 31
0.0
  0
LINE
  5
14AC2
330
14884
100
AcDbEntity
  8
PROF_TTBL2
100
AcDbLine
 10
19.32308275889425
 20
19.05400201524708
 30
0.0
 11
19.27476197253514
 21
19.02110879394831
 31
0.0
  0
LINE
  5
14AC3
330
14884
100
AcDbEntity
  8
PROF_TTBL2
100
AcDbLine
 10
19.27476197253514
 20
19.02110879394831
 30
0.0
 11
19.22622161944939
 21
18.98854045199635
 31
0.0
  0
LINE
  5
14AC4
330
14884
100
AcDbEntity
  8
PROF_TTBL2
100
AcDbLine
 10
19.22622161944939
 20
18.98854045199635
 30
0.0
 11
19.17746695564824
 21
18.95629381057216
 31
0.0
  0
LINE
  5
14AC5
330
14884
100
AcDbEntity
  8
PROF_TTBL2
100
AcDbLine
 10
19.17746695564824
 20
18.95629381057216
 30
0.0
 11
19.12850300799471
 21
18.92436584031884
 31
0.0
  0
LINE
  5
14AC6
330
14884
100
AcDbEntity
  8
PROF_TTBL2
100
AcDbLine
 10
19.12850300799471
 20
18.92436584031884
 30
0.0
 11
19.07933458729638
 21
18.89275365644744
 31
0.0
  0
LINE
  5
14AC7
330
14884
100
AcDbEntity
  8
PROF_TTBL2
100
AcDbLine
 10
19.07933458729638
 20
18.89275365644744
 30
0.0
 11
19.02996630049307
 21
18.86145451410754
 31
0.0
  0
LINE
  5
14AC8
330
14884
100
AcDbEntity
  8
PROF_TTBL2
100
AcDbLine
 10
19.02996630049307
 20
18.86145451410754
 30
0.0
 11
18.9804025620109
 21
18.83046580401367
 31
0.0
  0
LINE
  5
14AC9
330
14884
100
AcDbEntity
  8
PROF_TTBL2
100
AcDbLine
 10
20.49728150196187
 20
20.06097612416795
 30
0.0
 11
20.47294001685372
 21
20.03392180853353
 31
0.0
  0
LINE
  5
14ACA
330
14884
100
AcDbEntity
  8
PROF_TTBL2
100
AcDbLine
 10
20.47294001685372
 20
20.03392180853353
 30
0.0
 11
20.44838829207173
 21
20.00705813437162
 31
0.0
  0
LINE
  5
14ACB
330
14884
100
AcDbEntity
  8
PROF_TTBL2
100
AcDbLine
 10
20.44838829207173
 20
20.00705813437162
 30
0.0
 11
20.42363218481807
 21
19.98038268492638
 31
0.0
  0
LINE
  5
14ACC
330
14884
100
AcDbEntity
  8
PROF_TTBL2
100
AcDbLine
 10
20.42363218481807
 20
19.98038268492638
 30
0.0
 11
20.39867729984212
 21
19.95389309415054
 31
0.0
  0
LINE
  5
14ACD
330
14884
100
AcDbEntity
  8
PROF_TTBL2
100
AcDbLine
 10
20.39867729984212
 20
19.95389309415054
 30
0.0
 11
20.37352900304046
 21
19.92758704710962
 31
0.0
  0
LINE
  5
14ACE
330
14884
100
AcDbEntity
  8
PROF_TTBL2
100
AcDbLine
 10
20.37352900304046
 20
19.92758704710962
 30
0.0
 11
20.34819243421458
 21
19.90146228015243
 31
0.0
  0
LINE
  5
14ACF
330
14884
100
AcDbEntity
  8
PROF_TTBL2
100
AcDbLine
 10
20.34819243421458
 20
19.90146228015243
 30
0.0
 11
20.3226725190409
 21
19.87551658088278
 31
0.0
  0
LINE
  5
14AD0
330
14884
100
AcDbEntity
  8
PROF_TTBL2
100
AcDbLine
 10
18.24542625067749
 20
20.0269173006564
 30
0.0
 11
18.50394387125589
 21
20.28543492123481
 31
0.0
  0
LINE
  5
14AD1
330
14884
100
AcDbEntity
  8
PROF_TTBL2
100
AcDbLine
 10
18.3438117229744
 20
19.98388141671597
 30
0.0
 11
18.57407964603931
 21
20.21414933978087
 31
0.0
  0
LINE
  5
14AD2
330
14884
100
AcDbEntity
  8
PROF_TTBL2
100
AcDbLine
 10
18.44502598623739
 20
19.94367432374167
 30
0.0
 11
18.65045240577109
 21
20.14910074327548
 31
0.0
  0
LINE
  5
14AD3
330
14884
100
AcDbEntity
  8
PROF_TTBL2
100
AcDbLine
 10
18.54878955938568
 20
19.90601654065267
 30
0.0
 11
18.73204838044489
 21
20.08927536171182
 31
0.0
  0
LINE
  5
14AD4
330
14884
100
AcDbEntity
  8
PROF_TTBL2
100
AcDbLine
 10
18.75616205726015
 20
20.07306829216389
 30
0.0
 11
18.78492369082727
 21
20.05646275528153
 31
0.0
  0
LINE
  5
14AD5
330
14884
100
AcDbEntity
  8
PROF_TTBL2
100
AcDbLine
 10
20.52140662323813
 20
20.08822354806193
 30
0.0
 11
20.49728150196187
 21
20.06097612416795
 31
0.0
  0
ARC
  5
14AD6
330
14884
100
AcDbEntity
  8
PROF_TTBL2
100
AcDbCircle
 10
17.17793058800379
 20
23.32371190286045
 30
0.0
 40
0.099999999999999
100
AcDbArc
 50
108.1270038803627
 51
210.0000000000033
  0
ARC
  5
14AD7
330
14884
100
AcDbEntity
  8
PROF_TTBL2
100
AcDbCircle
 10
17.23760334490498
 20
22.82035565607992
 30
0.0
 40
0.1000000000000038
100
AcDbArc
 50
297.0297728222396
 51
30.00000000000337
  0
LINE
  5
14AD8
330
14884
100
AcDbEntity
  8
PROF_TTBL2
100
AcDbLine
 10
17.09132804762544
 20
23.27371190286044
 30
0.0
 11
17.32420588528339
 21
22.87035565607993
 31
0.0
  0
LINE
  5
14AD9
330
14884
100
AcDbEntity
  8
PROF_TTBL2
100
AcDbLine
 10
16.68474889783453
 20
22.42603792245785
 30
0.0
 11
17.25277996110719
 21
22.9940689857305
 31
0.0
  0
LINE
  5
14ADA
330
14884
100
AcDbEntity
  8
PROF_TTBL2
100
AcDbLine
 10
16.97347006686345
 20
22.57333773524953
 30
0.0
 11
17.30454377012768
 21
22.90441143851376
 31
0.0
  0
LINE
  5
14ADB
330
14884
100
AcDbEntity
  8
PROF_TTBL2
100
AcDbLine
 10
17.26219123589248
 20
22.72063754804125
 30
0.0
 11
17.33347584399211
 21
22.7919221561408
 31
0.0
  0
LINE
  5
14ADC
330
14884
100
AcDbEntity
  8
PROF_TTBL2
100
AcDbLine
 10
16.66753651629267
 20
21.27745469101762
 30
0.0
 11
17.22774977107019
 21
21.83766794579514
 31
0.0
  0
LINE
  5
14ADD
330
14884
100
AcDbEntity
  8
PROF_TTBL2
100
AcDbLine
 10
16.83934251864229
 20
21.3078393371299
 30
0.0
 11
17.37371485677607
 21
21.84221167526368
 31
0.0
  0
LINE
  5
14ADE
330
14884
100
AcDbEntity
  8
PROF_TTBL2
100
AcDbLine
 10
17.01114852099186
 20
21.33822398324224
 30
0.0
 11
17.5196799424819
 21
21.84675540473227
 31
0.0
  0
LINE
  5
14ADF
330
14884
100
AcDbEntity
  8
PROF_TTBL2
100
AcDbLine
 10
17.18295452334149
 20
21.36860862935452
 30
0.0
 11
17.66564502818766
 21
21.85129913420081
 31
0.0
  0
LINE
  5
14AE0
330
14884
100
AcDbEntity
  8
PROF_TTBL2
100
AcDbLine
 10
17.74116534554571
 20
18.17513461222017
 30
0.0
 11
17.68775094530843
 21
18.15139078374352
 31
0.0
  0
LINE
  5
14AE1
330
14884
100
AcDbEntity
  8
PROF_TTBL2
100
AcDbLine
 10
17.68775094530843
 20
18.15139078374352
 30
0.0
 11
17.634212647742
 21
18.12792765799787
 31
0.0
  0
LINE
  5
14AE2
330
14884
100
AcDbEntity
  8
PROF_TTBL2
100
AcDbLine
 10
17.634212647742
 20
18.12792765799787
 30
0.0
 11
17.5805521599151
 21
18.10474534470984
 31
0.0
  0
LINE
  5
14AE3
330
14884
100
AcDbEntity
  8
PROF_TTBL2
100
AcDbLine
 10
17.5805521599151
 20
18.10474534470984
 30
0.0
 11
17.52677114213327
 21
18.08184404013507
 31
0.0
  0
LINE
  5
14AE4
330
14884
100
AcDbEntity
  8
PROF_TTBL2
100
AcDbLine
 10
17.52677114213327
 20
18.08184404013507
 30
0.0
 11
17.47287121022185
 21
18.05922402729009
 31
0.0
  0
LINE
  5
14AE5
330
14884
100
AcDbEntity
  8
PROF_TTBL2
100
AcDbLine
 10
17.47287121022185
 20
18.05922402729009
 30
0.0
 11
17.41885393773014
 21
18.03688567630632
 31
0.0
  0
LINE
  5
14AE6
330
14884
100
AcDbEntity
  8
PROF_TTBL2
100
AcDbLine
 10
17.41885393773014
 20
18.03688567630632
 30
0.0
 11
17.3647208580204
 21
18.01482944488918
 31
0.0
  0
LINE
  5
14AE7
330
14884
100
AcDbEntity
  8
PROF_TTBL2
100
AcDbLine
 10
17.3647208580204
 20
18.01482944488918
 30
0.0
 11
17.31047346654975
 21
17.9930558790059
 31
0.0
  0
LINE
  5
14AE8
330
14884
100
AcDbEntity
  8
PROF_TTBL2
100
AcDbLine
 10
17.31047346654975
 20
17.9930558790059
 30
0.0
 11
17.25611322244674
 21
17.97156561343808
 31
0.0
  0
LINE
  5
14AE9
330
14884
100
AcDbEntity
  8
PROF_TTBL2
100
AcDbLine
 10
17.25611322244674
 20
17.97156561343808
 30
0.0
 11
17.20164155089787
 21
17.95035937281159
 31
0.0
  0
LINE
  5
14AEA
330
14884
100
AcDbEntity
  8
PROF_TTBL2
100
AcDbLine
 10
17.20164155089787
 20
17.95035937281159
 30
0.0
 11
17.14705984486465
 21
17.92943797250501
 31
0.0
  0
LINE
  5
14AEB
330
14884
100
AcDbEntity
  8
PROF_TTBL2
100
AcDbLine
 10
17.14705984486465
 20
17.92943797250501
 30
0.0
 11
17.09236946691066
 21
17.90880231975546
 31
0.0
  0
LINE
  5
14AEC
330
14884
100
AcDbEntity
  8
PROF_TTBL2
100
AcDbLine
 10
17.09236946691066
 20
17.90880231975546
 30
0.0
 11
17.03757175111076
 21
17.88845341494698
 31
0.0
  0
LINE
  5
14AED
330
14884
100
AcDbEntity
  8
PROF_TTBL2
100
AcDbLine
 10
17.03757175111076
 20
17.88845341494698
 30
0.0
 11
16.98266800494445
 21
17.86839235304211
 31
0.0
  0
LINE
  5
14AEE
330
14884
100
AcDbEntity
  8
PROF_TTBL2
100
AcDbLine
 10
16.98266800494445
 20
17.86839235304211
 30
0.0
 11
16.92765951087716
 21
17.84862032505418
 31
0.0
  0
LINE
  5
14AEF
330
14884
100
AcDbEntity
  8
PROF_TTBL2
100
AcDbLine
 10
17.74474296607905
 20
20.37476215348181
 30
0.0
 11
18.98328248721765
 21
21.6133016746204
 31
0.0
  0
LINE
  5
14AF0
330
14884
100
AcDbEntity
  8
PROF_TTBL2
100
AcDbLine
 10
17.79445409225115
 20
18.19915912011834
 30
0.0
 11
17.74116534554571
 21
18.17513461222017
 31
0.0
  0
ARC
  5
14AF1
330
14884
100
AcDbEntity
  8
PROF_TTBL2
100
AcDbCircle
 10
16.61253382919227
 20
23.74453764068968
 30
0.0
 40
1.660999999999938
100
AcDbArc
 50
313.3234222251224
 51
344.9611116336246
  0
ARC
  5
14AF2
330
14884
100
AcDbEntity
  8
PROF_TTBL2
100
AcDbCircle
 10
17.632172182028
 20
21.93617286764077
 30
0.0
 40
1.559999999999965
100
AcDbArc
 50
69.75344281622037
 51
108.1270038803658
  0
ARC
  5
14AF3
330
14884
100
AcDbEntity
  8
PROF_TTBL2
100
AcDbCircle
 10
14.44017218202816
 20
28.45217286764051
 30
0.0
 40
6.779999999999687
100
AcDbArc
 50
299.2417479772623
 51
313.1744558104906
  0
LINE
  5
14AF4
330
14884
100
AcDbEntity
  8
PROF_TTBL2
100
AcDbLine
 10
17.29338893279179
 20
23.458942026127
 30
0.0
 11
17.79338981091177
 21
23.958942904247
 31
0.0
  0
LINE
  5
14AF5
330
14884
100
AcDbEntity
  8
PROF_TTBL2
100
AcDbLine
 10
17.46282171434415
 20
23.48695345144211
 30
0.0
 11
17.92195800909451
 21
23.94608974619242
 31
0.0
  0
LINE
  5
14AF6
330
14884
100
AcDbEntity
  8
PROF_TTBL2
100
AcDbLine
 10
17.6133489200854
 20
23.49605930094603
 30
0.0
 11
18.04737160502037
 21
23.93008198588105
 31
0.0
  0
LINE
  5
14AF7
330
14884
100
AcDbEntity
  8
PROF_TTBL2
100
AcDbLine
 10
17.75039751109216
 20
23.49168653571561
 30
0.0
 11
18.16982260896855
 21
23.91111163359192
 31
0.0
  0
LINE
  5
14AF8
330
14884
100
AcDbEntity
  8
PROF_TTBL2
100
AcDbLine
 10
17.35476052569117
 20
21.39899327546686
 30
0.0
 11
17.81161011389366
 21
21.85584286366935
 31
0.0
  0
LINE
  5
14AF9
330
14884
100
AcDbEntity
  8
PROF_TTBL2
100
AcDbLine
 10
17.52656652804074
 20
21.42937792157914
 30
0.0
 11
17.95757519959948
 21
21.86038659313794
 31
0.0
  0
LINE
  5
14AFA
330
14884
100
AcDbEntity
  8
PROF_TTBL2
100
AcDbLine
 10
17.63737797160939
 20
20.69166122772395
 30
0.0
 11
18.27947133688008
 21
21.33375459299469
 31
0.0
  0
LINE
  5
14AFB
330
14884
100
AcDbEntity
  8
PROF_TTBL2
100
AcDbLine
 10
17.64696157959724
 20
20.55982347947457
 30
0.0
 11
18.54027977716123
 21
21.45314167703861
 31
0.0
  0
LINE
  5
14AFC
330
14884
100
AcDbEntity
  8
PROF_TTBL2
100
AcDbLine
 10
17.68754132112315
 20
20.45898186476324
 30
0.0
 11
18.77009208390444
 21
21.54153262754448
 31
0.0
  0
ARC
  5
14AFD
330
14884
100
AcDbEntity
  8
PROF_TTBL2
100
AcDbCircle
 10
21.26422707743887
 20
29.6788375175974
 30
0.0
 40
10.17846490310133
100
AcDbArc
 50
263.2073548572423
 51
265.4951554559484
  0
ARC
  5
14AFE
330
14884
100
AcDbEntity
  8
PROF_TTBL2
100
AcDbCircle
 10
21.08458220989916
 20
28.17064374842064
 30
0.0
 40
8.659609833051257
100
AcDbArc
 50
260.7269920536284
 51
263.2073548572455
  0
ARC
  5
14AFF
330
14884
100
AcDbEntity
  8
PROF_TTBL2
100
AcDbCircle
 10
441.9556558595868
 20
2605.89106152719
 30
0.0
 40
2620.512402941537
100
AcDbArc
 50
260.7255496495813
 51
260.7269920536284
  0
ARC
  5
14B00
330
14884
100
AcDbEntity
  8
PROF_TTBL2
100
AcDbCircle
 10
19.63178198854535
 20
19.6820337380812
 30
0.0
 40
0.0478277451205892
100
AcDbArc
 50
260.3879198314002
 51
260.7255495889201
  0
ARC
  5
14B01
330
14884
100
AcDbEntity
  8
PROF_TTBL2
100
AcDbCircle
 10
28.56366471664159
 20
72.42286798561966
 30
0.0
 40
53.53964138230052
100
AcDbArc
 50
260.3326107402756
 51
260.387919831374
  0
ARC
  5
14B02
330
14884
100
AcDbEntity
  8
PROF_TTBL2
100
AcDbCircle
 10
20.28730030783538
 20
23.83765464662758
 30
0.0
 40
4.254540560422038
100
AcDbArc
 50
260.1364066278164
 51
260.3326107428987
  0
ARC
  5
14B03
330
14884
100
AcDbEntity
  8
PROF_TTBL2
100
AcDbCircle
 10
21.07765918983858
 20
28.38325854102658
 30
0.0
 40
8.868343972698804
100
AcDbArc
 50
259.9261732670535
 51
260.1364066278164
  0
ARC
  5
14B04
330
14884
100
AcDbEntity
  8
PROF_TTBL2
100
AcDbCircle
 10
21.19140980313886
 20
29.02354482554486
 30
0.0
 40
9.51865599639852
100
AcDbArc
 50
259.723248496566
 51
259.9261732678872
  0
ARC
  5
14B05
330
14884
100
AcDbEntity
  8
PROF_TTBL2
100
AcDbCircle
 10
21.01700457799176
 20
28.06163637439155
 30
0.0
 40
8.541064542385777
100
AcDbArc
 50
259.5051374923316
 51
259.723248496566
  0
ARC
  5
14B06
330
14884
100
AcDbEntity
  8
PROF_TTBL2
100
AcDbCircle
 10
21.13645080892899
 20
28.70643322229182
 30
0.0
 40
9.196831556764491
100
AcDbArc
 50
259.2949463307579
 51
259.5051374895029
  0
ARC
  5
14B07
330
14884
100
AcDbEntity
  8
PROF_TTBL2
100
AcDbCircle
 10
20.95346008004765
 20
27.73845015177698
 30
0.0
 40
8.21170373172869
100
AcDbArc
 50
259.0682830505224
 51
259.2949463307579
  0
ARC
  5
14B08
330
14884
100
AcDbEntity
  8
PROF_TTBL2
100
AcDbCircle
 10
21.07871934478458
 20
28.38697867718136
 30
0.0
 40
8.872218025037744
100
AcDbArc
 50
258.8502202026098
 51
259.0682830515239
  0
ARC
  5
14B09
330
14884
100
AcDbEntity
  8
PROF_TTBL2
100
AcDbCircle
 10
20.88697482192975
 20
27.41412348049206
 30
0.0
 40
7.880646950545292
100
AcDbArc
 50
258.6142512422919
 51
258.8502202026098
  0
ARC
  5
14B0A
330
14884
100
AcDbEntity
  8
PROF_TTBL2
100
AcDbCircle
 10
21.01816064543828
 20
28.0655689001413
 30
0.0
 40
8.545169978793047
100
AcDbArc
 50
258.3876431391809
 51
258.6142512436542
  0
ARC
  5
14B0B
330
14884
100
AcDbEntity
  8
PROF_TTBL2
100
AcDbCircle
 10
20.81750087268244
 20
27.08909991575345
 30
0.0
 40
7.548296856538303
100
AcDbArc
 50
258.1415240544093
 51
258.3876431391809
  0
ARC
  5
14B0C
330
14884
100
AcDbEntity
  8
PROF_TTBL2
100
AcDbCircle
 10
20.9547223124689
 20
27.74260924533161
 30
0.0
 40
8.216057417954424
100
AcDbArc
 50
257.9056185818915
 51
258.1415240552844
  0
ARC
  5
14B0D
330
14884
100
AcDbEntity
  8
PROF_TTBL2
100
AcDbCircle
 10
20.74499375590886
 20
26.7638446591128
 30
0.0
 40
7.215074809377832
100
AcDbArc
 50
257.6483992492355
 51
257.9056185818915
  0
ARC
  5
14B0E
330
14884
100
AcDbEntity
  8
PROF_TTBL2
100
AcDbCircle
 10
20.88835472044547
 20
27.41852412345656
 30
0.0
 40
7.885266996131976
100
AcDbArc
 50
257.4023535428448
 51
257.6483992509693
  0
ARC
  5
14B0F
330
14884
100
AcDbEntity
  8
PROF_TTBL2
100
AcDbCircle
 10
20.66941299400849
 20
26.43884611759159
 30
0.0
 40
6.881422150176811
100
AcDbArc
 50
257.1329605956258
 51
257.4023535428448
  0
ARC
  5
14B10
330
14884
100
AcDbEntity
  8
PROF_TTBL2
100
AcDbCircle
 10
20.81901145230637
 20
27.09375833320285
 30
0.0
 40
7.553203147885102
100
AcDbArc
 50
256.8758264799486
 51
257.1329605971663
  0
ARC
  5
14B11
330
14884
100
AcDbEntity
  8
PROF_TTBL2
100
AcDbCircle
 10
20.59072272848027
 20
26.11461752603236
 30
0.0
 40
6.547801505906797
100
AcDbArc
 50
256.5930420951616
 51
256.8758264799486
  0
ARC
  5
14B12
330
14884
100
AcDbEntity
  8
PROF_TTBL2
100
AcDbCircle
 10
20.74664975688705
 20
26.76877829165238
 30
0.0
 40
7.220289086063002
100
AcDbArc
 50
256.3237486107555
 51
256.5930420933099
  0
ARC
  5
14B13
330
14884
100
AcDbEntity
  8
PROF_TTBL2
100
AcDbCircle
 10
20.50889246145794
 20
25.79169878069473
 30
0.0
 40
6.214698263579514
100
AcDbArc
 50
256.0261847464875
 51
256.3237486107555
  0
ARC
  5
14B14
330
14884
100
AcDbEntity
  8
PROF_TTBL2
100
AcDbCircle
 10
20.67123110298064
 20
26.44407348007493
 30
0.0
 40
6.886967988409427
100
AcDbArc
 50
255.7435170784129
 51
256.026184745098
  0
ARC
  5
14B15
330
14884
100
AcDbEntity
  8
PROF_TTBL2
100
AcDbCircle
 10
20.42389802686625
 20
25.47065882691282
 30
0.0
 40
5.882622561013586
100
AcDbArc
 50
255.4295839875294
 51
255.7435170784129
  0
ARC
  5
14B16
330
14884
100
AcDbEntity
  8
PROF_TTBL2
100
AcDbCircle
 10
20.59272189673265
 20
26.12015828741135
 30
0.0
 40
6.553704559151316
100
AcDbArc
 50
255.1321578696195
 51
255.4295839875965
  0
ARC
  5
14B17
330
14884
100
AcDbEntity
  8
PROF_TTBL2
100
AcDbCircle
 10
20.33572266998516
 20
25.15209794359643
 30
0.0
 40
5.552111112779074
100
AcDbArc
 50
254.8000253430869
 51
255.1321578696195
  0
ARC
  5
14B18
330
14884
100
AcDbEntity
  8
PROF_TTBL2
100
AcDbCircle
 10
20.51109426840537
 20
25.79757378748735
 30
0.0
 40
6.220986484264017
100
AcDbArc
 50
254.4862558002786
 51
254.8000253462866
  0
ARC
  5
14B19
330
14884
100
AcDbEntity
  8
PROF_TTBL2
100
AcDbCircle
 10
20.24435838857766
 20
24.8366504464152
 30
0.0
 40
5.223729397548297
100
AcDbArc
 50
254.1338051368834
 51
254.4862558002786
  0
ARC
  5
14B1A
330
14884
100
AcDbEntity
  8
PROF_TTBL2
100
AcDbCircle
 10
20.42632707679888
 20
25.4768899507342
 30
0.0
 40
5.889326292360449
100
AcDbArc
 50
253.8018680512508
 51
254.1338051412032
  0
ARC
  5
14B1B
330
14884
100
AcDbEntity
  8
PROF_TTBL2
100
AcDbCircle
 10
20.14980760973355
 20
24.52498786184938
 30
0.0
 40
4.898074254536898
100
AcDbArc
 50
253.4266320228375
 51
253.8018680512508
  0
ARC
  5
14B1C
330
14884
100
AcDbEntity
  8
PROF_TTBL2
100
AcDbCircle
 10
20.33840697160309
 20
25.15870759985062
 30
0.0
 40
5.559262900560078
100
AcDbArc
 50
253.0744164816161
 51
253.4266320224366
  0
ARC
  5
14B1D
330
14884
100
AcDbEntity
  8
PROF_TTBL2
100
AcDbCircle
 10
20.05208521884708
 20
24.21782237252637
 30
0.0
 40
4.5757766743737
100
AcDbArc
 50
252.6735037820536
 51
253.0744164816161
  0
ARC
  5
14B1E
330
14884
100
AcDbEntity
  8
PROF_TTBL2
100
AcDbCircle
 10
20.24732980214918
 20
24.84366106106946
 30
0.0
 40
5.231363824481251
100
AcDbArc
 50
252.2985526724867
 51
252.673503788079
  0
ARC
  5
14B1F
330
14884
100
AcDbEntity
  8
PROF_TTBL2
100
AcDbCircle
 10
19.95122120867307
 20
23.91591113105745
 30
0.0
 40
4.257505399571503
100
AcDbArc
 50
251.868551954221
 51
252.2985526724867
  0
ARC
  5
14B20
330
14884
100
AcDbEntity
  8
PROF_TTBL2
100
AcDbCircle
 10
20.15310243786916
 20
24.5324214290992
 30
0.0
 40
4.906227973784288
100
AcDbArc
 50
251.467987144289
 51
251.8685519490394
  0
ARC
  5
14B21
330
14884
100
AcDbEntity
  8
PROF_TTBL2
100
AcDbCircle
 10
19.847263717205
 20
23.62006024696325
 30
0.0
 40
3.943970082298845
100
AcDbArc
 50
251.0048439907071
 51
251.467987144289
  0
ARC
  5
14B22
330
14884
100
AcDbEntity
  8
PROF_TTBL2
100
AcDbCircle
 10
20.05574453963578
 20
24.22569884894403
 30
0.0
 40
4.584487349459291
100
AcDbArc
 50
250.5752714627227
 51
251.0048439909966
  0
ARC
  5
14B23
330
14884
100
AcDbEntity
  8
PROF_TTBL2
100
AcDbCircle
 10
19.74028334470085
 20
23.33113074728377
 30
0.0
 40
3.635926410975186
100
AcDbArc
 50
250.0741292990638
 51
250.5752714627227
  0
ARC
  5
14B24
330
14884
100
AcDbEntity
  8
PROF_TTBL2
100
AcDbCircle
 10
19.95529125151449
 20
23.9242466362098
 30
0.0
 40
4.266810598198872
100
AcDbArc
 50
249.6115176128054
 51
250.074129298354
  0
ARC
  5
14B25
330
14884
100
AcDbEntity
  8
PROF_TTBL2
100
AcDbCircle
 10
19.63037825863125
 20
23.05004408257882
 30
0.0
 40
3.334180683538616
100
AcDbArc
 50
249.066509780795
 51
249.6115176128054
  0
ARC
  5
14B26
330
14884
100
AcDbEntity
  8
PROF_TTBL2
100
AcDbCircle
 10
19.85179598429738
 20
23.62886437145772
 30
0.0
 40
3.953905409571881
100
AcDbArc
 50
248.5660330208589
 51
249.0665097798363
  0
ARC
  5
14B27
330
14884
100
AcDbEntity
  8
PROF_TTBL2
100
AcDbCircle
 10
19.51768108438511
 20
22.77778916230093
 30
0.0
 40
3.039595955401831
100
AcDbArc
 50
247.9700083318232
 51
248.566033020862
  0
ARC
  5
14B28
330
14884
100
AcDbEntity
  8
PROF_TTBL2
100
AcDbCircle
 10
19.74533402253814
 20
23.34040187345615
 30
0.0
 40
3.64652175235164
100
AcDbArc
 50
247.4258410183178
 51
247.9700083282072
  0
ARC
  5
14B29
330
14884
100
AcDbEntity
  8
PROF_TTBL2
100
AcDbCircle
 10
19.40236785512274
 20
22.51543004956658
 30
0.0
 40
2.753098950872252
100
AcDbArc
 50
246.7699976217442
 51
247.4258410183178
  0
ARC
  5
14B2A
330
14884
100
AcDbEntity
  8
PROF_TTBL2
100
AcDbCircle
 10
19.63600664647606
 20
23.05976281389732
 30
0.0
 40
3.345454623714993
100
AcDbArc
 50
246.1750440624462
 51
246.7699976244551
  0
ARC
  5
14B2B
330
14884
100
AcDbEntity
  8
PROF_TTBL2
100
AcDbCircle
 10
19.2846700053351
 20
22.26411478829686
 30
0.0
 40
2.4756884390135
100
AcDbArc
 50
245.4484359472912
 51
246.1750440624462
  0
ARC
  5
14B2C
330
14884
100
AcDbEntity
  8
PROF_TTBL2
100
AcDbCircle
 10
19.52394596916508
 20
22.78790825109755
 30
0.0
 40
3.051546562633868
100
AcDbArc
 50
244.7939690460569
 51
245.4484359487515
  0
ARC
  5
14B2D
330
14884
100
AcDbEntity
  8
PROF_TTBL2
100
AcDbCircle
 10
19.16489045885475
 20
22.02508488082037
 30
0.0
 40
2.208444935470639
100
AcDbArc
 50
243.9828341312014
 51
244.793969046054
  0
ARC
  5
14B2E
330
14884
100
AcDbEntity
  8
PROF_TTBL2
100
AcDbCircle
 10
19.40932010077267
 20
22.52585907094436
 30
0.0
 40
2.765688723540518
100
AcDbArc
 50
243.2580077282902
 51
243.9828341284368
  0
ARC
  5
14B2F
330
14884
100
AcDbEntity
  8
PROF_TTBL2
100
AcDbCircle
 10
19.04342574117436
 20
21.79968547169357
 30
0.0
 40
1.952542501367215
100
AcDbArc
 50
242.344845168863
 51
243.2580077282902
  0
ARC
  5
14B30
330
14884
100
AcDbEntity
  8
PROF_TTBL2
100
AcDbCircle
 10
19.29233832075641
 20
22.27469704889443
 30
0.0
 40
2.488819920944981
100
AcDbArc
 50
241.5360275213699
 51
242.3448451663034
  0
ARC
  5
14B31
330
14884
100
AcDbEntity
  8
PROF_TTBL2
100
AcDbCircle
 10
18.92079667930164
 20
21.58937517198438
 30
0.0
 40
1.709262824699738
100
AcDbArc
 50
240.4983230158888
 51
241.5360275213699
  0
ARC
  5
14B32
330
14884
100
AcDbEntity
  8
PROF_TTBL2
100
AcDbCircle
 10
19.17325493633245
 20
22.0355631590499
 30
0.0
 40
2.221921474626369
100
AcDbArc
 50
239.5881742116846
 51
240.4983230165145
  0
ARC
  5
14B33
330
14884
100
AcDbEntity
  8
PROF_TTBL2
100
AcDbCircle
 10
18.79769161717996
 20
21.39573358631128
 30
0.0
 40
1.480011986316835
100
AcDbArc
 50
238.3966378562847
 51
239.5881742116846
  0
ARC
  5
14B34
330
14884
100
AcDbEntity
  8
PROF_TTBL2
100
AcDbCircle
 10
19.0523694821569
 20
21.80965212161152
 30
0.0
 40
1.96600516402032
100
AcDbArc
 50
237.3628161329672
 51
238.3966378533135
  0
ARC
  5
14B35
330
14884
100
AcDbEntity
  8
PROF_TTBL2
100
AcDbCircle
 10
18.67502786800327
 20
21.22046227158318
 30
0.0
 40
1.266339977557199
100
AcDbArc
 50
235.9789699501695
 51
237.3628161329672
  0
ARC
  5
14B36
330
14884
100
AcDbEntity
  8
PROF_TTBL2
100
AcDbCircle
 10
18.93001936132435
 20
21.59820356049266
 30
0.0
 40
1.722091162978729
100
AcDbArc
 50
234.7922940683442
 51
235.9789699507746
  0
ARC
  5
14B37
330
14884
100
AcDbEntity
  8
PROF_TTBL2
100
AcDbCircle
 10
18.55403926424242
 20
21.06536995247882
 30
0.0
 40
1.069961814435878
100
AcDbArc
 50
233.1652702175684
 51
234.7922940683442
  0
ARC
  5
14B38
330
14884
100
AcDbEntity
  8
PROF_TTBL2
100
AcDbCircle
 10
18.80656067342317
 20
21.40249606292365
 30
0.0
 40
1.491175627645193
100
AcDbArc
 50
231.7870788093738
 51
233.1652702176753
  0
ARC
  5
14B39
330
14884
100
AcDbEntity
  8
PROF_TTBL2
100
AcDbCircle
 10
18.43639862622518
 20
20.93232222820779
 30
0.0
 40
0.8927749457963509
100
AcDbArc
 50
229.8496982788825
 51
231.7870788093738
  0
ARC
  5
14B3A
330
14884
100
AcDbEntity
  8
PROF_TTBL2
100
AcDbCircle
 10
18.68234099076699
 20
21.22386829587714
 30
0.0
 40
1.274202207865869
100
AcDbArc
 50
228.2280354655586
 51
229.8496982771537
  0
ARC
  5
14B3B
330
14884
100
AcDbEntity
  8
PROF_TTBL2
100
AcDbCircle
 10
18.32437914969744
 20
20.8231152911112
 30
0.0
 40
0.7368572065019345
100
AcDbArc
 50
225.8929935432564
 51
228.2280354655586
  0
ARC
  5
14B3C
330
14884
100
AcDbEntity
  8
PROF_TTBL2
100
AcDbCircle
 10
18.55770983543617
 20
21.06383497126671
 30
0.0
 40
1.072102151760558
100
AcDbArc
 50
223.957200758325
 51
225.8929935423811
  0
ARC
  5
14B3D
330
14884
100
AcDbEntity
  8
PROF_TTBL2
100
AcDbCircle
 10
18.22103536508507
 20
20.73919788569395
 30
0.0
 40
0.6044068061397427
100
AcDbArc
 50
221.1163505980354
 51
223.957200758325
  0
ARC
  5
14B3E
330
14884
100
AcDbEntity
  8
PROF_TTBL2
100
AcDbCircle
 10
18.43324753956272
 20
20.92442903651726
 30
0.0
 40
0.8860885169977144
100
AcDbArc
 50
218.770176142189
 51
221.1163505986239
  0
ARC
  5
14B3F
330
14884
100
AcDbEntity
  8
PROF_TTBL2
100
AcDbCircle
 10
18.13032832516108
 20
20.68113523348614
 30
0.0
 40
0.4975631960119535
100
AcDbArc
 50
215.3050122412513
 51
218.770176142189
  0
ARC
  5
14B40
330
14884
100
AcDbEntity
  8
PROF_TTBL2
100
AcDbCircle
 10
18.31065350437812
 20
20.80883626188267
 30
0.0
 40
0.7185263669550092
100
AcDbArc
 50
212.4216036278564
 51
215.3050122415973
  0
ARC
  5
14B41
330
14884
100
AcDbEntity
  8
PROF_TTBL2
100
AcDbCircle
 10
18.05707064457237
 20
20.64777353091477
 30
0.0
 40
0.4181175287126555
100
AcDbArc
 50
208.2416070307641
 51
212.4216036278564
  0
ARC
  5
14B42
330
14884
100
AcDbEntity
  8
PROF_TTBL2
100
AcDbCircle
 10
18.19469232468475
 20
20.72169434929446
 30
0.0
 40
0.5743353709295219
100
AcDbArc
 50
204.6753213750995
 51
208.2416070312931
  0
ARC
  5
14B43
330
14884
100
AcDbEntity
  8
PROF_TTBL2
100
AcDbCircle
 10
18.00670041795244
 20
20.63532581603601
 30
0.0
 40
0.3674526009024729
100
AcDbArc
 50
199.8029136943846
 51
204.6753213750995
  0
ARC
  5
14B44
330
14884
100
AcDbEntity
  8
PROF_TTBL2
100
AcDbCircle
 10
18.09490805626774
 20
20.66708758707392
 30
0.0
 40
0.4612043878540704
100
AcDbArc
 50
195.4540985243688
 51
199.8029136934708
  0
ARC
  5
14B45
330
14884
100
AcDbEntity
  8
PROF_TTBL2
100
AcDbCircle
 10
17.98514573968498
 20
20.63674247866401
 30
0.0
 40
0.3473246629421232
100
AcDbArc
 50
190.1337558681636
 51
195.4540985243688
  0
ARC
  5
14B46
330
14884
100
AcDbEntity
  8
PROF_TTBL2
100
AcDbCircle
 10
18.02334879182126
 20
20.64357070265583
 30
0.0
 40
0.3861331392766804
100
AcDbArc
 50
185.0880354432486
 51
190.1337558682728
  0
ARC
  5
14B47
330
14884
100
AcDbEntity
  8
PROF_TTBL2
100
AcDbCircle
 10
17.79954942844869
 20
20.62364424693981
 30
0.0
 40
0.1614484297760828
100
AcDbArc
 50
179.793415789691
 51
185.0880354432486
  0
ARC
  5
14B48
330
14884
100
AcDbEntity
  8
PROF_TTBL2
100
AcDbCircle
 10
19.54594397095866
 20
20.61734746375737
 30
0.0
 40
1.907854324059315
100
AcDbArc
 50
178.2537104808332
 51
179.7934157896845
  0
ARC
  5
14B49
330
14884
100
AcDbEntity
  8
PROF_TTBL2
100
AcDbCircle
 10
17.80267937870939
 20
20.67049601504913
 30
0.0
 40
0.1637797249969106
100
AcDbArc
 50
169.6429900195437
 51
178.2537104808332
  0
ARC
  5
14B4A
330
14884
100
AcDbEntity
  8
PROF_TTBL2
100
AcDbCircle
 10
18.10468683153806
 20
20.61530147740609
 30
0.0
 40
0.4707893967496652
100
AcDbArc
 50
164.5673658225498
 51
169.6429900196165
  0
LINE
  5
14B4B
330
14884
100
AcDbEntity
  8
PROF_TTBL2
100
AcDbLine
 10
20.44935156564838
 20
19.53367667695425
 30
0.0
 11
20.47825250914058
 21
19.52979624765714
 31
0.0
  0
LINE
  5
14B4C
330
14884
100
AcDbEntity
  8
PROF_FRM2
100
AcDbLine
 10
61.00000000000004
 20
25.0
 30
0.0
 11
156.0
 21
25.0
 31
0.0
  0
LINE
  5
14B4D
330
14884
100
AcDbEntity
  8
PROF_FRM2
100
AcDbLine
 10
111.0
 20
10.0
 30
0.0
 11
111.0
 21
30.0
 31
0.0
  0
LINE
  5
14B4E
330
14884
100
AcDbEntity
  8
PROF_FRM2
100
AcDbLine
 10
71.00000000000004
 20
10.0
 30
0.0
 11
71.00000000000004
 21
25.0
 31
0.0
  0
LINE
  5
14B4F
330
14884
100
AcDbEntity
  8
PROF_FRM2
100
AcDbLine
 10
81.00000000000006
 20
25.0
 30
0.0
 11
81.00000000000006
 21
10.0
 31
0.0
  0
LINE
  5
14B50
330
14884
100
AcDbEntity
  8
PROF_FRM2
100
AcDbLine
 10
91.00000000000006
 20
10.0
 30
0.0
 11
91.00000000000006
 21
25.0
 31
0.0
  0
LINE
  5
14B51
330
14884
100
AcDbEntity
  8
PROF_FRM2
100
AcDbLine
 10
101.0
 20
25.0
 30
0.0
 11
101.0
 21
10.0
 31
0.0
  0
LINE
  5
14B52
330
14884
100
AcDbEntity
  8
PROF_FRM2
100
AcDbLine
 10
61.00000000000004
 20
30.0
 30
0.0
 11
61.00000000000004
 21
10.0
 31
0.0
  0
TEXT
  5
14B53
330
14884
100
AcDbEntity
  8
PROF_TTBL1
100
AcDbText
 10
62.24898246462909
 20
12.7111675126903
 30
0.0
 40
2.2
  1
\U+00B10.2
 41
1.049645531914884
  7
FRMSTR
 72
     4
 11
66.00000000000004
 21
13.79999999999995
 31
0.0
100
AcDbText
  0
LINE
  5
14B54
330
14884
100
AcDbEntity
  8
PROF_FRM2
100
AcDbLine
 10
111.0
 20
17.5999999999999
 30
0.0
 11
61.00000000000004
 21
17.5999999999999
 31
0.0
  0
TEXT
  5
14B55
330
14884
100
AcDbEntity
  8
PROF_TTBL1
100
AcDbText
 10
92.22647597152315
 20
12.7111675126903
 30
0.0
 40
2.2
  1
\U+00B10.8
 41
1.049645390070899
  7
FRMSTR
 72
     4
 11
95.97749299999987
 21
13.79999999999995
 31
0.0
100
AcDbText
  0
TEXT
  5
14B56
330
14884
100
AcDbEntity
  8
PROF_TTBL1
100
AcDbText
 10
72.97560858472464
 20
12.7111675126903
 30
0.0
 40
2.2
  1
\U+00B10.3
 41
1.028901734104054
  7
FRMSTR
 72
     4
 11
76.65249600000004
 21
13.79999999999995
 31
0.0
100
AcDbText
  0
TEXT
  5
14B57
330
14884
100
AcDbEntity
  8
PROF_TTBL1
100
AcDbText
 10
82.37398246462914
 20
12.7111675126903
 30
0.0
 40
2.2
  1
\U+00B10.5
 41
1.049645531914884
  7
FRMSTR
 72
     4
 11
86.12500000000011
 21
13.79999999999995
 31
0.0
100
AcDbText
  0
TEXT
  5
14B58
330
14884
100
AcDbEntity
  8
PROF_TTBL1
100
AcDbText
 10
102.2339829715232
 20
12.7111675126903
 30
0.0
 40
2.2
  1
\U+00B11.2
 41
1.049645390070899
  7
FRMSTR
 72
     4
 11
105.9849999999999
 21
13.79999999999995
 31
0.0
100
AcDbText
  0
TEXT
  5
14B59
330
14884
100
AcDbEntity
  8
PROF_TTBL1
100
AcDbText
 10
63.51124002900658
 20
20.57994923857868
 30
0.0
 40
1.5
  1
30以下
 41
0.8511904761904711
  7
FRMSTR
 72
     4
 11
66.00000000000004
 21
21.25
 31
0.0
100
AcDbText
  0
TEXT
  5
14B5A
330
14884
100
AcDbEntity
  8
PROF_TTBL1
100
AcDbText
 10
92.56598942893408
 20
19.48636423857837
 30
0.0
 40
1.5
  1
1000以下
 41
0.8808594824218916
  7
FRMSTR
 72
     4
 11
96.00000000000013
 21
20.15641499999969
 31
0.0
100
AcDbText
  0
TEXT
  5
14B5B
330
14884
100
AcDbEntity
  8
PROF_TTBL1
100
AcDbText
 10
91.53073872172525
 20
22.35209427918785
 30
0.0
 40
1.5
  1
315をこえ
 41
1.019032953495544
  7
FRMSTR
 72
     4
 11
96.00000000000013
 21
23.05640900000003
 31
0.0
100
AcDbText
  0
TEXT
  5
14B5C
330
14884
100
AcDbEntity
  8
PROF_TTBL1
100
AcDbText
 10
77.84650625813198
 20
26.09137055837563
 30
0.0
 40
3.0
  1
許　容　差
 41
0.8365824308062553
  7
FRMSTR
 72
     4
 11
86.00000000000006
 21
27.5
 31
0.0
100
AcDbText
  0
TEXT
  5
14B5D
330
14884
100
AcDbEntity
  8
PROF_TTBL1
100
AcDbText
 10
72.97344544759617
 20
19.48636423857837
 30
0.0
 40
1.5
  1
120以下
 41
0.9012605042017016
  7
FRMSTR
 72
     4
 11
76.04779599999995
 21
20.15641499999969
 31
0.0
100
AcDbText
  0
TEXT
  5
14B5E
330
14884
100
AcDbEntity
  8
PROF_TTBL1
100
AcDbText
 10
72.24110317574183
 20
22.35209427918785
 30
0.0
 40
1.5
  1
30をこえ
 41
0.9764563624724599
  7
FRMSTR
 72
     4
 11
76.04779599999995
 21
23.05640900000003
 31
0.0
100
AcDbText
  0
TEXT
  5
14B5F
330
14884
100
AcDbEntity
  8
PROF_TTBL1
100
AcDbText
 10
82.92564944759638
 20
19.48636423857837
 30
0.0
 40
1.5
  1
315以下
 41
0.9012605042016755
  7
FRMSTR
 72
     4
 11
86.00000000000006
 21
20.15641499999969
 31
0.0
100
AcDbText
  0
TEXT
  5
14B60
330
14884
100
AcDbEntity
  8
PROF_TTBL1
100
AcDbText
 10
81.5307387217253
 20
22.35209427918785
 30
0.0
 40
1.5
  1
120をこえ
 41
1.019032953495518
  7
FRMSTR
 72
     4
 11
86.00000000000006
 21
23.05640900000003
 31
0.0
100
AcDbText
  0
TEXT
  5
14B61
330
14884
100
AcDbEntity
  8
PROF_TTBL1
100
AcDbText
 10
102.5509898477156
 20
19.48636423857837
 30
0.0
 40
1.5
  1
2000以下
 41
0.8808593750000049
  7
FRMSTR
 72
     4
 11
105.9849999999999
 21
20.15641499999969
 31
0.0
100
AcDbText
  0
TEXT
  5
14B62
330
14884
100
AcDbEntity
  8
PROF_TTBL1
100
AcDbText
 10
101.2483934924138
 20
22.35209427918785
 30
0.0
 40
1.5
  1
1000をこえ
 41
0.9750692520775759
  7
FRMSTR
 72
     4
 11
106.0
 21
23.05640900000003
 31
0.0
100
AcDbText
  0
TEXT
  5
14B63
330
14884
100
AcDbEntity
  8
PROF_TTBL1
100
AcDbText
 10
113.7715244801047
 20
26.13705583756345
 30
0.0
 40
3.0
  1
承　認
 41
0.8086021505376422
  7
FRMSTR
 72
     4
 11
118.5
 21
27.5
 31
0.0
100
AcDbText
  0
TEXT
  5
14B64
330
14884
100
AcDbEntity
  8
PROF_TTBL1
100
AcDbText
 10
128.7715244801045
 20
26.09137055837563
 30
0.0
 40
3.0
  1
検　図
 41
0.8086021505376422
  7
FRMSTR
 72
     4
 11
133.4999999999998
 21
27.5
 31
0.0
100
AcDbText
  0
TEXT
  5
14B65
330
14884
100
AcDbEntity
  8
PROF_TTBL1
100
AcDbText
 10
142.871573604061
 20
26.14467005076142
 30
0.0
 40
3.0
  1
設計製図
 41
0.7218749999999951
  7
FRMSTR
 72
     4
 11
148.5000000000001
 21
27.5
 31
0.0
100
AcDbText
  0
LINE
  5
14B66
330
14884
100
AcDbEntity
  8
PROF_FRM2
100
AcDbLine
 10
126.0
 20
10.0
 30
0.0
 11
126.0
 21
30.0
 31
0.0
  0
LINE
  5
14B67
330
14884
100
AcDbEntity
  8
PROF_FRM2
100
AcDbLine
 10
141.0
 20
10.0
 30
0.0
 11
141.0
 21
30.0
 31
0.0
  0
LINE
  5
14B68
330
14884
100
AcDbEntity
  8
PROF_FRM2
100
AcDbLine
 10
186.0000000000001
 20
20.0
 30
0.0
 11
186.0000000000001
 21
30.0
 31
0.0
  0
LINE
  5
14B69
330
14884
100
AcDbEntity
  8
PROF_FRM2
100
AcDbLine
 10
181.0
 20
20.0
 30
0.0
 11
181.0
 21
30.0
 31
0.0
  0
TEXT
  5
14B6A
330
14884
100
AcDbEntity
  8
PROF_TTBL1
100
AcDbText
 10
182.3832487309642
 20
21.5951766649745
 30
0.0
 40
2.5
  1
数
 41
0.6875
  7
FRMSTR
 72
     4
 11
183.4999999999998
 21
22.74999899999988
 31
0.0
100
AcDbText
  0
TEXT
  5
14B6B
330
14884
100
AcDbEntity
  8
PROF_TTBL1
100
AcDbText
 10
182.3832487309642
 20
26.05710759898488
 30
0.0
 40
2.5
  1
個
 41
0.6875
  7
FRMSTR
 72
     4
 11
183.4999999999998
 21
27.25000100000011
 31
0.0
100
AcDbText
  0
LINE
  5
14B6C
330
14884
100
AcDbEntity
  8
PROF_FRM2
100
AcDbLine
 10
156.0
 20
10.0
 30
0.0
 11
156.0
 21
30.0
 31
0.0
  0
LINE
  5
14B6D
330
14884
100
AcDbEntity
  8
PROF_FRM2
100
AcDbLine
 10
161.2999999999999
 20
30.0
 30
0.0
 11
161.2999999999999
 21
20.0
 31
0.0
  0
LINE
  5
14B6E
330
14884
100
AcDbEntity
  8
PROF_FRM2
100
AcDbLine
 10
166.5
 20
20.0
 30
0.0
 11
166.5
 21
30.0
 31
0.0
  0
TEXT
  5
14B6F
330
14884
100
AcDbEntity
  8
PROF_TTBL1
100
AcDbText
 10
157.5332487309642
 20
26.82933219796951
 30
0.0
 40
2.5
  1
三
 41
0.6875
  7
FRMSTR
 72
     4
 11
158.6499999999998
 21
27.96511899999996
 31
0.0
100
AcDbText
  0
TEXT
  5
14B70
330
14884
100
AcDbEntity
  8
PROF_TTBL1
100
AcDbText
 10
157.5332487309642
 20
23.81979695431472
 30
0.0
 40
2.5
  1
角
 41
0.6875
  7
FRMSTR
 72
     4
 11
158.6499999999998
 21
25.0
 31
0.0
100
AcDbText
  0
TEXT
  5
14B71
330
14884
100
AcDbEntity
  8
PROF_TTBL1
100
AcDbText
 10
157.5332487309642
 20
21.12931819796949
 30
0.0
 40
2.5
  1
法
 41
0.6875
  7
FRMSTR
 72
     4
 11
158.6499999999998
 21
22.26510499999994
 31
0.0
100
AcDbText
  0
TEXT
  5
14B72
330
14884
100
AcDbEntity
  8
PROF_TTBL1
100
AcDbText
 10
162.7832487309642
 20
21.58883148730953
 30
0.0
 40
2.5
  1
度
 41
0.6875
  7
FRMSTR
 72
     4
 11
163.8999999999998
 21
22.74999899999988
 31
0.0
100
AcDbText
  0
TEXT
  5
14B73
330
14884
100
AcDbEntity
  8
PROF_TTBL1
100
AcDbText
 10
162.7832487309642
 20
26.1776659746194
 30
0.0
 40
2.5
  1
尺
 41
0.6875
  7
FRMSTR
 72
     4
 11
163.8999999999998
 21
27.25000100000011
 31
0.0
100
AcDbText
  0
TEXT
  5
14B74
330
14884
100
AcDbEntity
  8
PROF_TTBL1
100
AcDbText
 10
157.400008
 20
15.25228172727241
 30
0.0
 40
2.799999999999998
  1
コード
 41
0.9687265449087016
  7
FRMSTR
100
AcDbText
  0
LINE
  5
14B75
330
14884
100
AcDbEntity
  8
PROF_FRM2
100
AcDbLine
 10
156.0
 20
20.0
 30
0.0
 11
282.0000000000001
 21
20.0
 31
0.0
  0
LINE
  5
14B76
330
14884
100
AcDbEntity
  8
PROF_FRM2
100
AcDbLine
 10
196.0
 20
10.0
 30
0.0
 11
196.0
 21
30.0
 31
0.0
  0
TEXT
  5
14B77
330
14884
100
AcDbEntity
  8
PROF_TTBL1
100
AcDbText
 10
197.400008
 20
15.23637263636328
 30
0.0
 40
2.799999999999998
  1
品　番
 41
0.8110599078341181
  7
FRMSTR
100
AcDbText
  0
LINE
  5
14B78
330
14884
100
AcDbEntity
  8
PROF_FRM2
100
AcDbLine
 10
239.4375000000001
 20
10.0
 30
0.0
 11
239.4375000000001
 21
30.0
 31
0.0
  0
LINE
  5
14B79
330
14884
100
AcDbEntity
  8
PROF_FRM1
100
AcDbLine
 10
282.0000000000001
 20
200.0
 30
0.0
 11
282.0000000000001
 21
10.0
 31
0.0
  0
LINE
  5
14B7A
330
14884
100
AcDbEntity
  8
PROF_FRM3
100
AcDbLine
 10
292.0
 20
0.0
 30
0.0
 11
292.0
 21
20.0
 31
0.0
  0
LINE
  5
14B7B
330
14884
100
AcDbEntity
  8
PROF_FRM3
100
AcDbLine
 10
292.0
 20
0.0
 30
0.0
 11
272.0
 21
0.0
 31
0.0
  0
LINE
  5
14B7C
330
14884
100
AcDbEntity
  8
PROF_FRM3
100
AcDbLine
 10
292.0
 20
189.9999999999998
 30
0.0
 11
292.0
 21
210.0
 31
0.0
  0
LINE
  5
14B7D
330
14884
100
AcDbEntity
  8
PROF_FRM3
100
AcDbLine
 10
292.0
 20
210.0
 30
0.0
 11
272.0
 21
210.0
 31
0.0
  0
TEXT
  5
14B7E
330
14884
100
AcDbEntity
  8
PROF_TTBL1
100
AcDbText
 10
240.837508
 20
15.23637263636328
 30
0.0
 40
2.799999999999998
  1
品　名
 41
0.8110599078341181
  7
FRMSTR
100
AcDbText
  0
TEXT
  5
14B7F
330
14884
100
AcDbEntity
  8
PROF_TTBL1
100
AcDbText
 10
240.837508
 20
25.27614736363625
 30
0.0
 40
2.799999999999998
  1
図　番
 41
0.8110599078341181
  7
FRMSTR
100
AcDbText
  0
ENDBLK
  5
14B80
330
14884
100
AcDbEntity
  8
0
100
AcDbBlockEnd
  0
BLOCK
  5
14B82
330
14B81
100
AcDbEntity
  8
0
100
AcDbBlockBegin
  2
*D12
 70
     1
 10
0.0
 20
0.0
 30
0.0
  3
*D12
  1

  0
LINE
  5
14B83
330
14B81
100
AcDbEntity
  8
寸法線
370
    -2
100
AcDbLine
 10
59.69309959812587
 20
114.4912033285397
 30
0.0
 11
48.93626157759581
 21
114.4912033285397
 31
0.0
  0
LINE
  5
14B84
330
14B81
100
AcDbEntity
  8
寸法線
370
    -2
100
AcDbLine
 10
59.69309959812587
 20
120.4912033285397
 30
0.0
 11
48.93626157759581
 21
120.4912033285397
 31
0.0
  0
LINE
  5
14B85
330
14B81
100
AcDbEntity
  8
寸法線
370
    -2
100
AcDbLine
 10
49.93626157759582
 20
111.9912033285397
 30
0.0
 11
49.93626157759582
 21
109.4912033285397
 31
0.0
  0
LINE
  5
14B86
330
14B81
100
AcDbEntity
  8
寸法線
370
    -2
100
AcDbLine
 10
49.93626157759582
 20
122.9912033285397
 30
0.0
 11
49.93626157759582
 21
137.7957718564585
 31
0.0
  0
LINE
  5
14B87
330
14B81
100
AcDbEntity
  8
寸法線
370
    -2
100
AcDbLine
 10
49.93626157759582
 20
114.4912033285397
 30
0.0
 11
49.93626157759582
 21
120.4912033285397
 31
0.0
  0
INSERT
  5
14B88
330
14B81
100
AcDbEntity
  8
寸法線
370
    -2
100
AcDbBlockReference
  2
_Open
 10
49.93626157759582
 20
114.4912033285397
 30
0.0
 41
2.5
 42
2.5
 43
2.5
 50
90.0
  0
INSERT
  5
14B89
330
14B81
100
AcDbEntity
  8
寸法線
370
    -2
100
AcDbBlockReference
  2
_Open
 10
49.93626157759582
 20
120.4912033285397
 30
0.0
 41
2.5
 42
2.5
 43
2.5
 50
270.0
  0
MTEXT
  5
14B8A
330
14B81
100
AcDbEntity
  8
寸法線
100
AcDbMText
 10
47.17737832886482
 20
131.643487592499
 30
0.0
 40
3.5
 41
0.0
 71
     5
 72
     1
  1
\A1;M6 P1
  7
PROFI_STYLE
 11
0.0000000000000001
 21
1.0
 31
0.0
 73
     1
 44
1.0
1001
ACAD
1000
MTEXTBEGIN
1070
    73
1070
     1
1070
    44
1040
1.0
1070
    74
1070
     0
1000
MTEXTEND
  0
POINT
  5
14B8B
330
14B81
100
AcDbEntity
  8
Defpoints
 62
     0
100
AcDbPoint
 10
60.69309959812587
 20
114.4912033285397
 30
0.0
  0
POINT
  5
14B8C
330
14B81
100
AcDbEntity
  8
Defpoints
 62
     0
100
AcDbPoint
 10
60.69309959812587
 20
120.4912033285397
 30
0.0
  0
POINT
  5
14B8D
330
14B81
100
AcDbEntity
  8
Defpoints
 62
     0
100
AcDbPoint
 10
49.93626157759582
 20
120.4912033285397
 30
0.0
  0
ENDBLK
  5
14B8E
330
14B81
100
AcDbEntity
  8
0
100
AcDbBlockEnd
  0
BLOCK
  5
14B90
330
14B8F
100
AcDbEntity
  8
0
100
AcDbBlockBegin
  2
*D13
 70
     1
 10
0.0
 20
0.0
 30
0.0
  3
*D13
  1

  0
LINE
  5
14B91
330
14B8F
100
AcDbEntity
  8
寸法線
370
    -2
100
AcDbLine
 10
105.1930995981258
 20
111.4912033285397
 30
0.0
 11
121.5822797901411
 21
111.4912033285397
 31
0.0
  0
LINE
  5
14B92
330
14B8F
100
AcDbEntity
  8
寸法線
370
    -2
100
AcDbLine
 10
105.1930995981258
 20
123.4912033285397
 30
0.0
 11
121.5822797901411
 21
123.4912033285397
 31
0.0
  0
LINE
  5
14B93
330
14B8F
100
AcDbEntity
  8
寸法線
370
    -2
100
AcDbLine
 10
120.5822797901411
 20
113.9912033285397
 30
0.0
 11
120.5822797901411
 21
120.9912033285397
 31
0.0
  0
MTEXT
  5
14B94
330
14B8F
100
AcDbEntity
  8
寸法線
100
AcDbMText
 10
117.5314534429761
 20
116.320090228811
 30
0.0
 40
3.5
 41
0.0
 71
     5
 72
     1
  1
\A1;\U+03C612
  7
PROFI_STYLE
 11
0.0000000000000001
 21
1.0
 31
0.0
 73
     1
 44
1.0
1001
ACAD
1000
MTEXTBEGIN
1070
    73
1070
     1
1070
    44
1040
1.0
1070
    74
1070
     0
1000
MTEXTEND
  0
INSERT
  5
14B95
330
14B8F
100
AcDbEntity
  8
寸法線
370
    -2
100
AcDbBlockReference
  2
_Open
 10
120.5822797901411
 20
111.4912033285397
 30
0.0
 41
2.5
 42
2.5
 43
2.5
 50
270.0
  0
INSERT
  5
14B96
330
14B8F
100
AcDbEntity
  8
寸法線
370
    -2
100
AcDbBlockReference
  2
_Open
 10
120.5822797901411
 20
123.4912033285397
 30
0.0
 41
2.5
 42
2.5
 43
2.5
 50
90.0
  0
POINT
  5
14B97
330
14B8F
100
AcDbEntity
  8
Defpoints
 62
     0
100
AcDbPoint
 10
104.1930995981258
 20
111.4912033285397
 30
0.0
  0
POINT
  5
14B98
330
14B8F
100
AcDbEntity
  8
Defpoints
 62
     0
100
AcDbPoint
 10
104.1930995981258
 20
123.4912033285397
 30
0.0
  0
POINT
  5
14B99
330
14B8F
100
AcDbEntity
  8
Defpoints
 62
     0
100
AcDbPoint
 10
120.5822797901411
 20
123.4912033285397
 30
0.0
  0
ENDBLK
  5
14B9A
330
14B8F
100
AcDbEntity
  8
0
100
AcDbBlockEnd
  0
BLOCK
  5
14B9C
330
14B9B
100
AcDbEntity
  8
0
100
AcDbBlockBegin
  2
*D14
 70
     1
 10
0.0
 20
0.0
 30
0.0
  3
*D14
  1

  0
LINE
  5
14B9D
330
14B9B
100
AcDbEntity
  8
寸法線
370
    -2
100
AcDbLine
 10
65.19309959812587
 20
110.6912033285397
 30
0.0
 11
65.19309959812587
 21
95.16110907287714
 31
0.0
  0
LINE
  5
14B9E
330
14B9B
100
AcDbEntity
  8
寸法線
370
    -2
100
AcDbLine
 10
60.19309959812587
 20
113.9912033285397
 30
0.0
 11
60.19309959812587
 21
95.16110907287714
 31
0.0
  0
LINE
  5
14B9F
330
14B9B
100
AcDbEntity
  8
寸法線
370
    -2
100
AcDbLine
 10
67.69309959812587
 20
96.16110907287714
 30
0.0
 11
70.19309959812587
 21
96.16110907287714
 31
0.0
  0
LINE
  5
14BA0
330
14B9B
100
AcDbEntity
  8
寸法線
370
    -2
100
AcDbLine
 10
57.69309959812587
 20
96.16110907287714
 30
0.0
 11
51.38091685700914
 21
96.16110907287714
 31
0.0
  0
LINE
  5
14BA1
330
14B9B
100
AcDbEntity
  8
寸法線
370
    -2
100
AcDbLine
 10
65.19309959812587
 20
96.16110907287714
 30
0.0
 11
60.19309959812587
 21
96.16110907287714
 31
0.0
  0
INSERT
  5
14BA2
330
14B9B
100
AcDbEntity
  8
寸法線
370
    -2
100
AcDbBlockReference
  2
_Open
 10
65.19309959812587
 20
96.16110907287714
 30
0.0
 41
2.5
 42
2.5
 43
2.5
 50
180.0
  0
INSERT
  5
14BA3
330
14B9B
100
AcDbEntity
  8
寸法線
370
    -2
100
AcDbBlockReference
  2
_Open
 10
60.19309959812587
 20
96.16110907287714
 30
0.0
 41
2.5
 42
2.5
 43
2.5
  0
MTEXT
  5
14BA4
330
14B9B
100
AcDbEntity
  8
寸法線
100
AcDbMText
 10
53.28700822756751
 20
98.91110907287714
 30
0.0
 40
3.5
 41
0.0
 71
     5
 72
     1
  1
\A1;5
  7
PROFI_STYLE
 73
     1
 44
1.0
1001
ACAD
1000
MTEXTBEGIN
1070
    73
1070
     1
1070
    44
1040
1.0
1070
    74
1070
     0
1000
MTEXTEND
  0
POINT
  5
14BA5
330
14B9B
100
AcDbEntity
  8
Defpoints
 62
     0
100
AcDbPoint
 10
65.19309959812587
 20
111.6912033285397
 30
0.0
  0
POINT
  5
14BA6
330
14B9B
100
AcDbEntity
  8
Defpoints
 62
     0
100
AcDbPoint
 10
60.19309959812587
 20
114.9912033285397
 30
0.0
  0
POINT
  5
14BA7
330
14B9B
100
AcDbEntity
  8
Defpoints
 62
     0
100
AcDbPoint
 10
60.19309959812587
 20
96.16110907287714
 30
0.0
  0
ENDBLK
  5
14BA8
330
14B9B
100
AcDbEntity
  8
0
100
AcDbBlockEnd
  0
BLOCK
  5
14BAA
330
14BA9
100
AcDbEntity
  8
0
100
AcDbBlockBegin
  2
*D15
 70
     1
 10
0.0
 20
0.0
 30
0.0
  3
*D15
  1

  0
LINE
  5
14BAB
330
14BA9
100
AcDbEntity
  8
寸法線
370
    -2
100
AcDbLine
 10
65.19309959812587
 20
110.6912033285397
 30
0.0
 11
65.19309959812587
 21
95.16110907287714
 31
0.0
  0
LINE
  5
14BAC
330
14BA9
100
AcDbEntity
  8
寸法線
370
    -2
100
AcDbLine
 10
105.1930995981258
 20
111.4912033285397
 30
0.0
 11
105.1930995981258
 21
95.16110907287714
 31
0.0
  0
LINE
  5
14BAD
330
14BA9
100
AcDbEntity
  8
寸法線
370
    -2
100
AcDbLine
 10
67.69309959812587
 20
96.16110907287714
 30
0.0
 11
102.6930995981258
 21
96.16110907287714
 31
0.0
  0
INSERT
  5
14BAE
330
14BA9
100
AcDbEntity
  8
寸法線
370
    -2
100
AcDbBlockReference
  2
_Open
 10
65.19309959812587
 20
96.16110907287714
 30
0.0
 41
2.5
 42
2.5
 43
2.5
 50
180.0
  0
INSERT
  5
14BAF
330
14BA9
100
AcDbEntity
  8
寸法線
370
    -2
100
AcDbBlockReference
  2
_Open
 10
105.1930995981258
 20
96.16110907287714
 30
0.0
 41
2.5
 42
2.5
 43
2.5
  0
MTEXT
  5
14BB0
330
14BA9
100
AcDbEntity
  8
寸法線
100
AcDbMText
 10
85.19309959812586
 20
98.91110907287714
 30
0.0
 40
3.5
 41
0.0
 71
     5
 72
     1
  1
\A1;A
  7
PROFI_STYLE
 73
     1
 44
1.0
1001
ACAD
1000
MTEXTBEGIN
1070
    73
1070
     1
1070
    44
1040
1.0
1070
    74
1070
     0
1000
MTEXTEND
  0
POINT
  5
14BB1
330
14BA9
100
AcDbEntity
  8
Defpoints
 62
     0
100
AcDbPoint
 10
65.19309959812587
 20
111.6912033285397
 30
0.0
  0
POINT
  5
14BB2
330
14BA9
100
AcDbEntity
  8
Defpoints
 62
     0
100
AcDbPoint
 10
105.1930995981258
 20
112.4912033285397
 30
0.0
  0
POINT
  5
14BB3
330
14BA9
100
AcDbEntity
  8
Defpoints
 62
     0
100
AcDbPoint
 10
105.1930995981258
 20
96.16110907287714
 30
0.0
  0
ENDBLK
  5
14BB4
330
14BA9
100
AcDbEntity
  8
0
100
AcDbBlockEnd
  0
BLOCK
  5
14BB6
330
14BB5
100
AcDbEntity
  8
0
100
AcDbBlockBegin
  2
P-HLFARW
 70
     0
 10
0.0
 20
0.0
 30
0.0
  3
P-HLFARW
  1

  0
LINE
  5
14BB7
330
14BB5
100
AcDbEntity
  8
0
100
AcDbLine
 10
-1.0
 20
0.0
 30
0.0
 11
1.0
 21
0.0
 31
0.0
  0
ENDBLK
  5
14BB8
330
14BB5
100
AcDbEntity
  8
0
100
AcDbBlockEnd
  0
BLOCK
  5
14BBA
330
14BB9
100
AcDbEntity
  8
0
100
AcDbBlockBegin
  2
*D17
 70
     1
 10
0.0
 20
0.0
 30
0.0
  3
*D17
  1

  0
LINE
  5
14BBB
330
14BB9
100
AcDbEntity
  8
寸法線
370
    -2
100
AcDbLine
 10
189.0300444203624
 20
124.508970281506
 30
0.0
 11
180.9294452921687
 21
132.6095694096997
 31
0.0
  0
INSERT
  5
14BBC
330
14BB9
100
AcDbEntity
  8
寸法線
370
    -2
100
AcDbBlockReference
  2
_Open
 10
190.7978113733288
 20
122.7412033285397
 30
0.0
 41
2.5
 42
2.5
 43
2.5
 50
315.0000000000002
  0
MTEXT
  5
14BBD
330
14BB9
100
AcDbEntity
  8
寸法線
100
AcDbMText
 10
186.6401401595179
 20
130.7879618388765
 30
0.0
 40
3.5
 41
0.0
 71
     5
 72
     1
  1
\A1;C1.5
  7
PROFI_STYLE
 11
0.7071067811865507
 21
-0.7071067811865444
 31
0.0
 73
     1
 44
1.0
1001
ACAD
1000
MTEXTBEGIN
1070
    73
1070
     1
1070
    44
1040
1.0
1070
    74
1070
     0
1000
MTEXTEND
  0
POINT
  5
14BBE
330
14BB9
100
AcDbEntity
  8
Defpoints
 62
     0
100
AcDbPoint
 10
190.7978113733287
 20
122.7412033285397
 30
0.0
  0
POINT
  5
14BBF
330
14BB9
100
AcDbEntity
  8
Defpoints
 62
     0
100
AcDbPoint
 10
179.1616783392024
 20
134.3773363626661
 30
0.0
  0
POINT
  5
14BC0
330
14BB9
100
AcDbEntity
  8
Defpoints
 62
     0
100
AcDbPoint
 10
179.1616783392023
 20
134.3773363626661
 30
0.0
  0
ENDBLK
  5
14BC1
330
14BB9
100
AcDbEntity
  8
0
100
AcDbBlockEnd
  0
BLOCK
  5
14BC3
330
14BC2
100
AcDbEntity
  8
0
100
AcDbBlockBegin
  2
*D18
 70
     1
 10
0.0
 20
0.0
 30
0.0
  3
*D18
  1

  0
LINE
  5
14BC4
330
14BC2
100
AcDbEntity
  8
寸法線
370
    -2
100
AcDbLine
 10
184.5478113733288
 20
114.3162033285397
 30
0.0
 11
172.4738468439613
 21
114.3162033285397
 31
0.0
  0
LINE
  5
14BC5
330
14BC2
100
AcDbEntity
  8
寸法線
370
    -2
100
AcDbLine
 10
184.5478113733288
 20
120.6662033285397
 30
0.0
 11
172.4738468439613
 21
120.6662033285397
 31
0.0
  0
LINE
  5
14BC6
330
14BC2
100
AcDbEntity
  8
寸法線
370
    -2
100
AcDbLine
 10
173.4738468439613
 20
111.8162033285397
 30
0.0
 11
173.4738468439613
 21
109.3162033285397
 31
0.0
  0
LINE
  5
14BC7
330
14BC2
100
AcDbEntity
  8
寸法線
370
    -2
100
AcDbLine
 10
173.4738468439613
 20
123.1662033285397
 30
0.0
 11
173.4738468439613
 21
149.8210256635651
 31
0.0
  0
LINE
  5
14BC8
330
14BC2
100
AcDbEntity
  8
寸法線
370
    -2
100
AcDbLine
 10
173.4738468439613
 20
114.3162033285397
 30
0.0
 11
173.4738468439613
 21
120.6662033285397
 31
0.0
  0
INSERT
  5
14BC9
330
14BC2
100
AcDbEntity
  8
寸法線
370
    -2
100
AcDbBlockReference
  2
_Open
 10
173.4738468439613
 20
114.3162033285397
 30
0.0
 41
2.5
 42
2.5
 43
2.5
 50
90.0
  0
INSERT
  5
14BCA
330
14BC2
100
AcDbEntity
  8
寸法線
370
    -2
100
AcDbBlockReference
  2
_Open
 10
173.4738468439613
 20
120.6662033285397
 30
0.0
 41
2.5
 42
2.5
 43
2.5
 50
270.0
  0
MTEXT
  5
14BCB
330
14BC2
100
AcDbEntity
  8
寸法線
100
AcDbMText
 10
170.3507503972608
 20
137.7436144960524
 30
0.0
 40
3.5
 41
0.0
 71
     5
 72
     1
  1
\A1;1/4-20 UNC
  7
PROFI_STYLE
 11
0.0000000000000001
 21
1.0
 31
0.0
 73
     1
 44
1.0
1001
ACAD
1000
MTEXTBEGIN
1070
    73
1070
     1
1070
    44
1040
1.0
1070
    74
1070
     0
1000
MTEXTEND
  0
POINT
  5
14BCC
330
14BC2
100
AcDbEntity
  8
Defpoints
 62
     0
100
AcDbPoint
 10
185.5478113733288
 20
114.3162033285397
 30
0.0
  0
POINT
  5
14BCD
330
14BC2
100
AcDbEntity
  8
Defpoints
 62
     0
100
AcDbPoint
 10
185.5478113733288
 20
120.6662033285397
 30
0.0
  0
POINT
  5
14BCE
330
14BC2
100
AcDbEntity
  8
Defpoints
 62
     0
100
AcDbPoint
 10
173.4738468439613
 20
120.6662033285397
 30
0.0
  0
ENDBLK
  5
14BCF
330
14BC2
100
AcDbEntity
  8
0
100
AcDbBlockEnd
  0
BLOCK
  5
14BD1
330
14BD0
100
AcDbEntity
  8
0
100
AcDbBlockBegin
  2
*D19
 70
     1
 10
0.0
 20
0.0
 30
0.0
  3
*D19
  1

  0
LINE
  5
14BD2
330
14BD0
100
AcDbEntity
  8
寸法線
370
    -2
100
AcDbLine
 10
65.19309959812587
 20
110.6912033285397
 30
0.0
 11
65.19309959812587
 21
100.1801412632449
 31
0.0
  0
LINE
  5
14BD3
330
14BD0
100
AcDbEntity
  8
寸法線
370
    -2
100
AcDbLine
 10
70.19309959812587
 20
113.8123473285396
 30
0.0
 11
70.19309959812587
 21
100.1801412632449
 31
0.0
  0
LINE
  5
14BD4
330
14BD0
100
AcDbEntity
  8
寸法線
370
    -2
100
AcDbLine
 10
62.69309959812587
 20
101.1801412632449
 30
0.0
 11
60.19309959812587
 21
101.1801412632449
 31
0.0
  0
LINE
  5
14BD5
330
14BD0
100
AcDbEntity
  8
寸法線
370
    -2
100
AcDbLine
 10
72.69309959812588
 20
101.1801412632449
 30
0.0
 11
75.19309959812588
 21
101.1801412632449
 31
0.0
  0
MTEXT
  5
14BD6
330
14BD0
100
AcDbEntity
  8
寸法線
100
AcDbMText
 10
67.87519367925336
 20
104.2897979999349
 30
0.0
 40
3.5
 41
0.0
 71
     5
 72
     1
  1
\A1;5
  7
PROFI_STYLE
 73
     1
 44
1.0
1001
ACAD
1000
MTEXTBEGIN
1070
    73
1070
     1
1070
    44
1040
1.0
1070
    74
1070
     0
1000
MTEXTEND
  0
LINE
  5
14BD7
330
14BD0
100
AcDbEntity
  8
寸法線
370
    -2
100
AcDbLine
 10
65.19309959812587
 20
101.1801412632449
 30
0.0
 11
70.19309959812587
 21
101.1801412632449
 31
0.0
  0
INSERT
  5
14BD8
330
14BD0
100
AcDbEntity
  8
寸法線
370
    -2
100
AcDbBlockReference
  2
_Open
 10
65.19309959812587
 20
101.1801412632449
 30
0.0
 41
2.5
 42
2.5
 43
2.5
  0
INSERT
  5
14BD9
330
14BD0
100
AcDbEntity
  8
寸法線
370
    -2
100
AcDbBlockReference
  2
_Open
 10
70.19309959812587
 20
101.1801412632449
 30
0.0
 41
2.5
 42
2.5
 43
2.5
 50
180.0
  0
POINT
  5
14BDA
330
14BD0
100
AcDbEntity
  8
Defpoints
 62
     0
100
AcDbPoint
 10
65.19309959812587
 20
111.6912033285397
 30
0.0
  0
POINT
  5
14BDB
330
14BD0
100
AcDbEntity
  8
Defpoints
 62
     0
100
AcDbPoint
 10
70.19309959812587
 20
114.8123473285396
 30
0.0
  0
POINT
  5
14BDC
330
14BD0
100
AcDbEntity
  8
Defpoints
 62
     0
100
AcDbPoint
 10
70.19309959812587
 20
101.1801412632449
 30
0.0
  0
ENDBLK
  5
14BDD
330
14BD0
100
AcDbEntity
  8
0
100
AcDbBlockEnd
  0
BLOCK
  5
14BDF
330
14BDE
100
AcDbEntity
  8
0
100
AcDbBlockBegin
  2
*D20
 70
     1
 10
0.0
 20
0.0
 30
0.0
  3
*D20
  1

  0
LINE
  5
14BE0
330
14BDE
100
AcDbEntity
  8
寸法線
370
    -2
100
AcDbLine
 10
190.0478113733288
 20
110.6912033285397
 30
0.0
 11
190.0478113733288
 21
95.16110907287714
 31
0.0
  0
LINE
  5
14BE1
330
14BDE
100
AcDbEntity
  8
寸法線
370
    -2
100
AcDbLine
 10
205.0478029652647
 20
113.4912033285221
 30
0.0
 11
205.0478029652647
 21
95.16110907287714
 31
0.0
  0
LINE
  5
14BE2
330
14BDE
100
AcDbEntity
  8
寸法線
370
    -2
100
AcDbLine
 10
192.5478113733288
 20
96.16110907287714
 30
0.0
 11
202.5478029652647
 21
96.16110907287714
 31
0.0
  0
MTEXT
  5
14BE3
330
14BDE
100
AcDbEntity
  8
寸法線
100
AcDbMText
 10
197.6668491353018
 20
99.11658690274412
 30
0.0
 40
3.5
 41
0.0
 71
     5
 72
     1
  1
\A1;15
  7
PROFI_STYLE
 73
     1
 44
1.0
1001
ACAD
1000
MTEXTBEGIN
1070
    73
1070
     1
1070
    44
1040
1.0
1070
    74
1070
     0
1000
MTEXTEND
  0
INSERT
  5
14BE4
330
14BDE
100
AcDbEntity
  8
寸法線
370
    -2
100
AcDbBlockReference
  2
_Open
 10
190.0478113733288
 20
96.16110907287714
 30
0.0
 41
2.5
 42
2.5
 43
2.5
 50
180.0
  0
INSERT
  5
14BE5
330
14BDE
100
AcDbEntity
  8
寸法線
370
    -2
100
AcDbBlockReference
  2
_Open
 10
205.0478029652647
 20
96.16110907287714
 30
0.0
 41
2.5
 42
2.5
 43
2.5
  0
POINT
  5
14BE6
330
14BDE
100
AcDbEntity
  8
Defpoints
 62
     0
100
AcDbPoint
 10
190.0478113733288
 20
111.6912033285397
 30
0.0
  0
POINT
  5
14BE7
330
14BDE
100
AcDbEntity
  8
Defpoints
 62
     0
100
AcDbPoint
 10
205.0478029652647
 20
114.4912033285221
 30
0.0
  0
POINT
  5
14BE8
330
14BDE
100
AcDbEntity
  8
Defpoints
 62
     0
100
AcDbPoint
 10
205.0478029652647
 20
96.16110907287714
 30
0.0
  0
ENDBLK
  5
14BE9
330
14BDE
100
AcDbEntity
  8
0
100
AcDbBlockEnd
  0
BLOCK
  5
14BEB
330
14BEA
100
AcDbEntity
  8
0
100
AcDbBlockBegin
  2
*D21
 70
     1
 10
0.0
 20
0.0
 30
0.0
  3
*D21
  1

  0
LINE
  5
14BEC
330
14BEA
100
AcDbEntity
  8
寸法線
370
    -2
100
AcDbLine
 10
190.0478113733288
 20
111.9912033285397
 30
0.0
 11
190.0478113733288
 21
95.16110907287714
 31
0.0
  0
LINE
  5
14BED
330
14BEA
100
AcDbEntity
  8
寸法線
370
    -2
100
AcDbLine
 10
185.0478113733288
 20
113.9912033285397
 30
0.0
 11
185.0478113733288
 21
95.16110907287714
 31
0.0
  0
LINE
  5
14BEE
330
14BEA
100
AcDbEntity
  8
寸法線
370
    -2
100
AcDbLine
 10
192.5478113733288
 20
96.16110907287714
 30
0.0
 11
195.0478113733288
 21
96.16110907287714
 31
0.0
  0
LINE
  5
14BEF
330
14BEA
100
AcDbEntity
  8
寸法線
370
    -2
100
AcDbLine
 10
182.5478113733288
 20
96.16110907287714
 30
0.0
 11
176.235628632212
 21
96.16110907287714
 31
0.0
  0
LINE
  5
14BF0
330
14BEA
100
AcDbEntity
  8
寸法線
370
    -2
100
AcDbLine
 10
190.0478113733288
 20
96.16110907287714
 30
0.0
 11
185.0478113733288
 21
96.16110907287714
 31
0.0
  0
INSERT
  5
14BF1
330
14BEA
100
AcDbEntity
  8
寸法線
370
    -2
100
AcDbBlockReference
  2
_Open
 10
190.0478113733288
 20
96.16110907287714
 30
0.0
 41
2.5
 42
2.5
 43
2.5
 50
180.0
  0
INSERT
  5
14BF2
330
14BEA
100
AcDbEntity
  8
寸法線
370
    -2
100
AcDbBlockReference
  2
_Open
 10
185.0478113733288
 20
96.16110907287714
 30
0.0
 41
2.5
 42
2.5
 43
2.5
  0
MTEXT
  5
14BF3
330
14BEA
100
AcDbEntity
  8
寸法線
100
AcDbMText
 10
178.1417200027704
 20
98.91110907287714
 30
0.0
 40
3.5
 41
0.0
 71
     5
 72
     1
  1
\A1;5
  7
PROFI_STYLE
 73
     1
 44
1.0
1001
ACAD
1000
MTEXTBEGIN
1070
    73
1070
     1
1070
    44
1040
1.0
1070
    74
1070
     0
1000
MTEXTEND
  0
POINT
  5
14BF4
330
14BEA
100
AcDbEntity
  8
Defpoints
 62
     0
100
AcDbPoint
 10
190.0478113733288
 20
112.9912033285397
 30
0.0
  0
POINT
  5
14BF5
330
14BEA
100
AcDbEntity
  8
Defpoints
 62
     0
100
AcDbPoint
 10
185.0478113733288
 20
114.9912033285397
 30
0.0
  0
POINT
  5
14BF6
330
14BEA
100
AcDbEntity
  8
Defpoints
 62
     0
100
AcDbPoint
 10
185.0478113733288
 20
96.16110907287714
 30
0.0
  0
ENDBLK
  5
14BF7
330
14BEA
100
AcDbEntity
  8
0
100
AcDbBlockEnd
  0
BLOCK
  5
14D0B
330
14D0A
100
AcDbEntity
  8
0
100
AcDbBlockBegin
  2
*D22
 70
     1
 10
0.0
 20
0.0
 30
0.0
  3
*D22
  1

  0
LINE
  5
14E65
330
14D0A
100
AcDbEntity
  8
寸法線
370
    -2
100
AcDbLine
 10
409.4829362592419
 20
117.4052350778605
 30
0.0
 11
398.726098238712
 21
117.4052350778605
 31
0.0
  0
LINE
  5
14E66
330
14D0A
100
AcDbEntity
  8
寸法線
370
    -2
100
AcDbLine
 10
409.4829362592419
 20
123.4052350778605
 30
0.0
 11
398.726098238712
 21
123.4052350778605
 31
0.0
  0
LINE
  5
14E67
330
14D0A
100
AcDbEntity
  8
寸法線
370
    -2
100
AcDbLine
 10
399.726098238712
 20
114.9052350778605
 30
0.0
 11
399.726098238712
 21
112.4052350778605
 31
0.0
  0
LINE
  5
14E68
330
14D0A
100
AcDbEntity
  8
寸法線
370
    -2
100
AcDbLine
 10
399.726098238712
 20
125.9052350778605
 30
0.0
 11
399.726098238712
 21
140.7098036057793
 31
0.0
  0
LINE
  5
14E69
330
14D0A
100
AcDbEntity
  8
寸法線
370
    -2
100
AcDbLine
 10
399.726098238712
 20
117.4052350778605
 30
0.0
 11
399.726098238712
 21
123.4052350778605
 31
0.0
  0
INSERT
  5
14E6A
330
14D0A
100
AcDbEntity
  8
寸法線
370
    -2
100
AcDbBlockReference
  2
_Open
 10
399.726098238712
 20
117.4052350778605
 30
0.0
 41
2.5
 42
2.5
 43
2.5
 50
90.0
  0
INSERT
  5
14E6B
330
14D0A
100
AcDbEntity
  8
寸法線
370
    -2
100
AcDbBlockReference
  2
_Open
 10
399.726098238712
 20
123.4052350778605
 30
0.0
 41
2.5
 42
2.5
 43
2.5
 50
270.0
  0
MTEXT
  5
14E6C
330
14D0A
100
AcDbEntity
  8
寸法線
100
AcDbMText
 10
396.967214989981
 20
134.55751934182
 30
0.0
 40
3.5
 41
0.0
 71
     5
 72
     1
  1
\A1;M6 P1
  7
PROFI_STYLE
 11
0.0000000000000001
 21
1.0
 31
0.0
 73
     1
 44
1.0
1001
ACAD
1000
MTEXTBEGIN
1070
    73
1070
     1
1070
    44
1040
1.0
1070
    74
1070
     0
1000
MTEXTEND
  0
POINT
  5
14E6D
330
14D0A
100
AcDbEntity
  8
Defpoints
 62
     0
100
AcDbPoint
 10
410.482936259242
 20
117.4052350778605
 30
0.0
  0
POINT
  5
14E6E
330
14D0A
100
AcDbEntity
  8
Defpoints
 62
     0
100
AcDbPoint
 10
410.482936259242
 20
123.4052350778605
 30
0.0
  0
POINT
  5
14E6F
330
14D0A
100
AcDbEntity
  8
Defpoints
 62
     0
100
AcDbPoint
 10
399.726098238712
 20
123.4052350778605
 30
0.0
  0
ENDBLK
  5
14D0C
330
14D0A
100
AcDbEntity
  8
0
100
AcDbBlockEnd
  0
BLOCK
  5
14D19
330
14D18
100
AcDbEntity
  8
0
100
AcDbBlockBegin
  2
*D23
 70
     1
 10
0.0
 20
0.0
 30
0.0
  3
*D23
  1

  0
LINE
  5
14E70
330
14D18
100
AcDbEntity
  8
寸法線
370
    -2
100
AcDbLine
 10
454.9829362592418
 20
114.4052350778605
 30
0.0
 11
471.3721164512572
 21
114.4052350778605
 31
0.0
  0
LINE
  5
14E71
330
14D18
100
AcDbEntity
  8
寸法線
370
    -2
100
AcDbLine
 10
454.9829362592418
 20
126.4052350778605
 30
0.0
 11
471.3721164512572
 21
126.4052350778605
 31
0.0
  0
LINE
  5
14E72
330
14D18
100
AcDbEntity
  8
寸法線
370
    -2
100
AcDbLine
 10
470.3721164512573
 20
116.9052350778605
 30
0.0
 11
470.3721164512573
 21
123.9052350778605
 31
0.0
  0
MTEXT
  5
14E73
330
14D18
100
AcDbEntity
  8
寸法線
100
AcDbMText
 10
467.3212901040923
 20
119.2341219781318
 30
0.0
 40
3.5
 41
0.0
 71
     5
 72
     1
  1
\A1;\U+03C612
  7
PROFI_STYLE
 11
0.0000000000000001
 21
1.0
 31
0.0
 73
     1
 44
1.0
1001
ACAD
1000
MTEXTBEGIN
1070
    73
1070
     1
1070
    44
1040
1.0
1070
    74
1070
     0
1000
MTEXTEND
  0
INSERT
  5
14E74
330
14D18
100
AcDbEntity
  8
寸法線
370
    -2
100
AcDbBlockReference
  2
_Open
 10
470.3721164512573
 20
114.4052350778605
 30
0.0
 41
2.5
 42
2.5
 43
2.5
 50
270.0
  0
INSERT
  5
14E75
330
14D18
100
AcDbEntity
  8
寸法線
370
    -2
100
AcDbBlockReference
  2
_Open
 10
470.3721164512573
 20
126.4052350778605
 30
0.0
 41
2.5
 42
2.5
 43
2.5
 50
90.0
  0
POINT
  5
14E76
330
14D18
100
AcDbEntity
  8
Defpoints
 62
     0
100
AcDbPoint
 10
453.982936259242
 20
114.4052350778605
 30
0.0
  0
POINT
  5
14E77
330
14D18
100
AcDbEntity
  8
Defpoints
 62
     0
100
AcDbPoint
 10
453.982936259242
 20
126.4052350778605
 30
0.0
  0
POINT
  5
14E78
330
14D18
100
AcDbEntity
  8
Defpoints
 62
     0
100
AcDbPoint
 10
470.3721164512573
 20
126.4052350778605
 30
0.0
  0
ENDBLK
  5
14D1A
330
14D18
100
AcDbEntity
  8
0
100
AcDbBlockEnd
  0
BLOCK
  5
14D25
330
14D24
100
AcDbEntity
  8
0
100
AcDbBlockBegin
  2
*D24
 70
     1
 10
0.0
 20
0.0
 30
0.0
  3
*D24
  1

  0
LINE
  5
14E79
330
14D24
100
AcDbEntity
  8
寸法線
370
    -2
100
AcDbLine
 10
414.982936259242
 20
113.6052350778605
 30
0.0
 11
414.982936259242
 21
98.07514082219796
 31
0.0
  0
LINE
  5
14E7A
330
14D24
100
AcDbEntity
  8
寸法線
370
    -2
100
AcDbLine
 10
409.982936259242
 20
116.9052350778605
 30
0.0
 11
409.982936259242
 21
98.07514082219796
 31
0.0
  0
LINE
  5
14E7B
330
14D24
100
AcDbEntity
  8
寸法線
370
    -2
100
AcDbLine
 10
417.4829362592418
 20
99.07514082219801
 30
0.0
 11
419.982936259242
 21
99.07514082219801
 31
0.0
  0
LINE
  5
14E7C
330
14D24
100
AcDbEntity
  8
寸法線
370
    -2
100
AcDbLine
 10
407.482936259242
 20
99.07514082219801
 30
0.0
 11
401.1707535181251
 21
99.07514082219801
 31
0.0
  0
LINE
  5
14E7D
330
14D24
100
AcDbEntity
  8
寸法線
370
    -2
100
AcDbLine
 10
414.982936259242
 20
99.07514082219801
 30
0.0
 11
409.982936259242
 21
99.07514082219801
 31
0.0
  0
INSERT
  5
14E7E
330
14D24
100
AcDbEntity
  8
寸法線
370
    -2
100
AcDbBlockReference
  2
_Open
 10
414.982936259242
 20
99.07514082219801
 30
0.0
 41
2.5
 42
2.5
 43
2.5
 50
180.0
  0
INSERT
  5
14E7F
330
14D24
100
AcDbEntity
  8
寸法線
370
    -2
100
AcDbBlockReference
  2
_Open
 10
409.982936259242
 20
99.07514082219801
 30
0.0
 41
2.5
 42
2.5
 43
2.5
  0
MTEXT
  5
14E80
330
14D24
100
AcDbEntity
  8
寸法線
100
AcDbMText
 10
403.0768448886836
 20
101.8251408221979
 30
0.0
 40
3.5
 41
0.0
 71
     5
 72
     1
  1
\A1;5
  7
PROFI_STYLE
 73
     1
 44
1.0
1001
ACAD
1000
MTEXTBEGIN
1070
    73
1070
     1
1070
    44
1040
1.0
1070
    74
1070
     0
1000
MTEXTEND
  0
POINT
  5
14E81
330
14D24
100
AcDbEntity
  8
Defpoints
 62
     0
100
AcDbPoint
 10
414.982936259242
 20
114.6052350778605
 30
0.0
  0
POINT
  5
14E82
330
14D24
100
AcDbEntity
  8
Defpoints
 62
     0
100
AcDbPoint
 10
409.982936259242
 20
117.9052350778605
 30
0.0
  0
POINT
  5
14E83
330
14D24
100
AcDbEntity
  8
Defpoints
 62
     0
100
AcDbPoint
 10
409.982936259242
 20
99.07514082219801
 30
0.0
  0
ENDBLK
  5
14D26
330
14D24
100
AcDbEntity
  8
0
100
AcDbBlockEnd
  0
BLOCK
  5
14D33
330
14D32
100
AcDbEntity
  8
0
100
AcDbBlockBegin
  2
*D25
 70
     1
 10
0.0
 20
0.0
 30
0.0
  3
*D25
  1

  0
LINE
  5
14E84
330
14D32
100
AcDbEntity
  8
寸法線
370
    -2
100
AcDbLine
 10
414.982936259242
 20
113.6052350778605
 30
0.0
 11
414.982936259242
 21
98.07514082219796
 31
0.0
  0
LINE
  5
14E85
330
14D32
100
AcDbEntity
  8
寸法線
370
    -2
100
AcDbLine
 10
454.9829362592418
 20
114.4052350778605
 30
0.0
 11
454.9829362592418
 21
98.07514082219796
 31
0.0
  0
LINE
  5
14E86
330
14D32
100
AcDbEntity
  8
寸法線
370
    -2
100
AcDbLine
 10
417.4829362592418
 20
99.07514082219801
 30
0.0
 11
452.4829362592417
 21
99.07514082219801
 31
0.0
  0
INSERT
  5
14E87
330
14D32
100
AcDbEntity
  8
寸法線
370
    -2
100
AcDbBlockReference
  2
_Open
 10
414.982936259242
 20
99.07514082219801
 30
0.0
 41
2.5
 42
2.5
 43
2.5
 50
180.0
  0
INSERT
  5
14E88
330
14D32
100
AcDbEntity
  8
寸法線
370
    -2
100
AcDbBlockReference
  2
_Open
 10
454.9829362592418
 20
99.07514082219801
 30
0.0
 41
2.5
 42
2.5
 43
2.5
  0
MTEXT
  5
14E89
330
14D32
100
AcDbEntity
  8
寸法線
100
AcDbMText
 10
434.982936259242
 20
101.8251408221979
 30
0.0
 40
3.5
 41
0.0
 71
     5
 72
     1
  1
\A1;A
  7
PROFI_STYLE
 73
     1
 44
1.0
1001
ACAD
1000
MTEXTBEGIN
1070
    73
1070
     1
1070
    44
1040
1.0
1070
    74
1070
     0
1000
MTEXTEND
  0
POINT
  5
14E8A
330
14D32
100
AcDbEntity
  8
Defpoints
 62
     0
100
AcDbPoint
 10
414.982936259242
 20
114.6052350778605
 30
0.0
  0
POINT
  5
14E8B
330
14D32
100
AcDbEntity
  8
Defpoints
 62
     0
100
AcDbPoint
 10
454.9829362592418
 20
115.4052350778605
 30
0.0
  0
POINT
  5
14E8C
330
14D32
100
AcDbEntity
  8
Defpoints
 62
     0
100
AcDbPoint
 10
454.9829362592418
 20
99.07514082219801
 30
0.0
  0
ENDBLK
  5
14D34
330
14D32
100
AcDbEntity
  8
0
100
AcDbBlockEnd
  0
BLOCK
  5
14D3F
330
14D3E
100
AcDbEntity
  8
0
100
AcDbBlockBegin
  2
*D26
 70
     1
 10
0.0
 20
0.0
 30
0.0
  3
*D26
  1

  0
LINE
  5
14E8D
330
14D3E
100
AcDbEntity
  8
寸法線
370
    -2
100
AcDbLine
 10
538.8198810814786
 20
127.4230020308269
 30
0.0
 11
530.719281953285
 21
135.5236011590205
 31
0.0
  0
INSERT
  5
14E8E
330
14D3E
100
AcDbEntity
  8
寸法線
370
    -2
100
AcDbBlockReference
  2
_Open
 10
540.587648034445
 20
125.6552350778605
 30
0.0
 41
2.5
 42
2.5
 43
2.5
 50
315.0000000000004
  0
MTEXT
  5
14E8F
330
14D3E
100
AcDbEntity
  8
寸法線
100
AcDbMText
 10
536.4299768206341
 20
133.7019935881973
 30
0.0
 40
3.5
 41
0.0
 71
     5
 72
     1
  1
\A1;C1.5
  7
PROFI_STYLE
 11
0.7071067811865526
 21
-0.7071067811865425
 31
0.0
 73
     1
 44
1.0
1001
ACAD
1000
MTEXTBEGIN
1070
    73
1070
     1
1070
    44
1040
1.0
1070
    74
1070
     0
1000
MTEXTEND
  0
POINT
  5
14E90
330
14D3E
100
AcDbEntity
  8
Defpoints
 62
     0
100
AcDbPoint
 10
540.587648034445
 20
125.6552350778605
 30
0.0
  0
POINT
  5
14E91
330
14D3E
100
AcDbEntity
  8
Defpoints
 62
     0
100
AcDbPoint
 10
528.9515150003185
 20
137.2913681119869
 30
0.0
  0
POINT
  5
14E92
330
14D3E
100
AcDbEntity
  8
Defpoints
 62
     0
100
AcDbPoint
 10
528.9515150003185
 20
137.2913681119869
 30
0.0
  0
ENDBLK
  5
14D40
330
14D3E
100
AcDbEntity
  8
0
100
AcDbBlockEnd
  0
BLOCK
  5
14D48
330
14D47
100
AcDbEntity
  8
0
100
AcDbBlockBegin
  2
*D27
 70
     1
 10
0.0
 20
0.0
 30
0.0
  3
*D27
  1

  0
LINE
  5
14E93
330
14D47
100
AcDbEntity
  8
寸法線
370
    -2
100
AcDbLine
 10
534.337648034445
 20
117.2302350778605
 30
0.0
 11
522.2636835050773
 21
117.2302350778605
 31
0.0
  0
LINE
  5
14E94
330
14D47
100
AcDbEntity
  8
寸法線
370
    -2
100
AcDbLine
 10
534.337648034445
 20
123.5802350778605
 30
0.0
 11
522.2636835050773
 21
123.5802350778605
 31
0.0
  0
LINE
  5
14E95
330
14D47
100
AcDbEntity
  8
寸法線
370
    -2
100
AcDbLine
 10
523.2636835050773
 20
114.7302350778605
 30
0.0
 11
523.2636835050773
 21
112.2302350778605
 31
0.0
  0
LINE
  5
14E96
330
14D47
100
AcDbEntity
  8
寸法線
370
    -2
100
AcDbLine
 10
523.2636835050773
 20
126.0802350778605
 30
0.0
 11
523.2636835050773
 21
152.7350574128859
 31
0.0
  0
LINE
  5
14E97
330
14D47
100
AcDbEntity
  8
寸法線
370
    -2
100
AcDbLine
 10
523.2636835050773
 20
117.2302350778605
 30
0.0
 11
523.2636835050773
 21
123.5802350778605
 31
0.0
  0
INSERT
  5
14E98
330
14D47
100
AcDbEntity
  8
寸法線
370
    -2
100
AcDbBlockReference
  2
_Open
 10
523.2636835050773
 20
117.2302350778605
 30
0.0
 41
2.5
 42
2.5
 43
2.5
 50
90.0
  0
INSERT
  5
14E99
330
14D47
100
AcDbEntity
  8
寸法線
370
    -2
100
AcDbBlockReference
  2
_Open
 10
523.2636835050773
 20
123.5802350778605
 30
0.0
 41
2.5
 42
2.5
 43
2.5
 50
270.0
  0
MTEXT
  5
14E9A
330
14D47
100
AcDbEntity
  8
寸法線
100
AcDbMText
 10
520.1405870583768
 20
140.6576462453733
 30
0.0
 40
3.5
 41
0.0
 71
     5
 72
     1
  1
\A1;1/4-20 UNC
  7
PROFI_STYLE
 11
0.0000000000000001
 21
1.0
 31
0.0
 73
     1
 44
1.0
1001
ACAD
1000
MTEXTBEGIN
1070
    73
1070
     1
1070
    44
1040
1.0
1070
    74
1070
     0
1000
MTEXTEND
  0
POINT
  5
14E9B
330
14D47
100
AcDbEntity
  8
Defpoints
 62
     0
100
AcDbPoint
 10
535.337648034445
 20
117.2302350778605
 30
0.0
  0
POINT
  5
14E9C
330
14D47
100
AcDbEntity
  8
Defpoints
 62
     0
100
AcDbPoint
 10
535.337648034445
 20
123.5802350778605
 30
0.0
  0
POINT
  5
14E9D
330
14D47
100
AcDbEntity
  8
Defpoints
 62
     0
100
AcDbPoint
 10
523.2636835050773
 20
123.5802350778605
 30
0.0
  0
ENDBLK
  5
14D49
330
14D47
100
AcDbEntity
  8
0
100
AcDbBlockEnd
  0
BLOCK
  5
14D56
330
14D55
100
AcDbEntity
  8
0
100
AcDbBlockBegin
  2
*D28
 70
     1
 10
0.0
 20
0.0
 30
0.0
  3
*D28
  1

  0
LINE
  5
14E9E
330
14D55
100
AcDbEntity
  8
寸法線
370
    -2
100
AcDbLine
 10
414.982936259242
 20
113.6052350778605
 30
0.0
 11
414.982936259242
 21
103.0941730125657
 31
0.0
  0
LINE
  5
14E9F
330
14D55
100
AcDbEntity
  8
寸法線
370
    -2
100
AcDbLine
 10
419.982936259242
 20
116.7263790778604
 30
0.0
 11
419.982936259242
 21
103.0941730125657
 31
0.0
  0
LINE
  5
14EA0
330
14D55
100
AcDbEntity
  8
寸法線
370
    -2
100
AcDbLine
 10
412.482936259242
 20
104.0941730125657
 30
0.0
 11
409.982936259242
 21
104.0941730125657
 31
0.0
  0
LINE
  5
14EA1
330
14D55
100
AcDbEntity
  8
寸法線
370
    -2
100
AcDbLine
 10
422.482936259242
 20
104.0941730125657
 30
0.0
 11
424.982936259242
 21
104.0941730125657
 31
0.0
  0
MTEXT
  5
14EA2
330
14D55
100
AcDbEntity
  8
寸法線
100
AcDbMText
 10
417.6650303403693
 20
107.2038297492557
 30
0.0
 40
3.5
 41
0.0
 71
     5
 72
     1
  1
\A1;5
  7
PROFI_STYLE
 73
     1
 44
1.0
1001
ACAD
1000
MTEXTBEGIN
1070
    73
1070
     1
1070
    44
1040
1.0
1070
    74
1070
     0
1000
MTEXTEND
  0
LINE
  5
14EA3
330
14D55
100
AcDbEntity
  8
寸法線
370
    -2
100
AcDbLine
 10
414.982936259242
 20
104.0941730125657
 30
0.0
 11
419.982936259242
 21
104.0941730125657
 31
0.0
  0
INSERT
  5
14EA4
330
14D55
100
AcDbEntity
  8
寸法線
370
    -2
100
AcDbBlockReference
  2
_Open
 10
414.982936259242
 20
104.0941730125657
 30
0.0
 41
2.5
 42
2.5
 43
2.5
  0
INSERT
  5
14EA5
330
14D55
100
AcDbEntity
  8
寸法線
370
    -2
100
AcDbBlockReference
  2
_Open
 10
419.982936259242
 20
104.0941730125657
 30
0.0
 41
2.5
 42
2.5
 43
2.5
 50
180.0
  0
POINT
  5
14EA6
330
14D55
100
AcDbEntity
  8
Defpoints
 62
     0
100
AcDbPoint
 10
414.982936259242
 20
114.6052350778605
 30
0.0
  0
POINT
  5
14EA7
330
14D55
100
AcDbEntity
  8
Defpoints
 62
     0
100
AcDbPoint
 10
419.982936259242
 20
117.7263790778604
 30
0.0
  0
POINT
  5
14EA8
330
14D55
100
AcDbEntity
  8
Defpoints
 62
     0
100
AcDbPoint
 10
419.982936259242
 20
104.0941730125657
 30
0.0
  0
ENDBLK
  5
14D57
330
14D55
100
AcDbEntity
  8
0
100
AcDbBlockEnd
  0
BLOCK
  5
14D64
330
14D63
100
AcDbEntity
  8
0
100
AcDbBlockBegin
  2
*D29
 70
     1
 10
0.0
 20
0.0
 30
0.0
  3
*D29
  1

  0
LINE
  5
14EA9
330
14D63
100
AcDbEntity
  8
寸法線
370
    -2
100
AcDbLine
 10
539.837648034445
 20
113.6052350778605
 30
0.0
 11
539.837648034445
 21
98.07514082219796
 31
0.0
  0
LINE
  5
14EAA
330
14D63
100
AcDbEntity
  8
寸法線
370
    -2
100
AcDbLine
 10
554.8376396263806
 20
116.4052350778429
 30
0.0
 11
554.8376396263806
 21
98.07514082219796
 31
0.0
  0
LINE
  5
14EAB
330
14D63
100
AcDbEntity
  8
寸法線
370
    -2
100
AcDbLine
 10
542.337648034445
 20
99.07514082219801
 30
0.0
 11
552.3376396263808
 21
99.07514082219801
 31
0.0
  0
MTEXT
  5
14EAC
330
14D63
100
AcDbEntity
  8
寸法線
100
AcDbMText
 10
547.4566857964179
 20
102.0306186520649
 30
0.0
 40
3.5
 41
0.0
 71
     5
 72
     1
  1
\A1;15
  7
PROFI_STYLE
 73
     1
 44
1.0
1001
ACAD
1000
MTEXTBEGIN
1070
    73
1070
     1
1070
    44
1040
1.0
1070
    74
1070
     0
1000
MTEXTEND
  0
INSERT
  5
14EAD
330
14D63
100
AcDbEntity
  8
寸法線
370
    -2
100
AcDbBlockReference
  2
_Open
 10
539.837648034445
 20
99.07514082219801
 30
0.0
 41
2.5
 42
2.5
 43
2.5
 50
180.0
  0
INSERT
  5
14EAE
330
14D63
100
AcDbEntity
  8
寸法線
370
    -2
100
AcDbBlockReference
  2
_Open
 10
554.8376396263806
 20
99.07514082219801
 30
0.0
 41
2.5
 42
2.5
 43
2.5
  0
POINT
  5
14EAF
330
14D63
100
AcDbEntity
  8
Defpoints
 62
     0
100
AcDbPoint
 10
539.837648034445
 20
114.6052350778605
 30
0.0
  0
POINT
  5
14EB0
330
14D63
100
AcDbEntity
  8
Defpoints
 62
     0
100
AcDbPoint
 10
554.8376396263806
 20
117.4052350778429
 30
0.0
  0
POINT
  5
14EB1
330
14D63
100
AcDbEntity
  8
Defpoints
 62
     0
100
AcDbPoint
 10
554.8376396263806
 20
99.07514082219801
 30
0.0
  0
ENDBLK
  5
14D65
330
14D63
100
AcDbEntity
  8
0
100
AcDbBlockEnd
  0
BLOCK
  5
14D70
330
14D6F
100
AcDbEntity
  8
0
100
AcDbBlockBegin
  2
*D30
 70
     1
 10
0.0
 20
0.0
 30
0.0
  3
*D30
  1

  0
LINE
  5
14EB2
330
14D6F
100
AcDbEntity
  8
寸法線
370
    -2
100
AcDbLine
 10
539.837648034445
 20
114.9052350778605
 30
0.0
 11
539.837648034445
 21
98.07514082219796
 31
0.0
  0
LINE
  5
14EB3
330
14D6F
100
AcDbEntity
  8
寸法線
370
    -2
100
AcDbLine
 10
534.837648034445
 20
116.9052350778605
 30
0.0
 11
534.837648034445
 21
98.07514082219796
 31
0.0
  0
LINE
  5
14EB4
330
14D6F
100
AcDbEntity
  8
寸法線
370
    -2
100
AcDbLine
 10
542.337648034445
 20
99.07514082219801
 30
0.0
 11
544.837648034445
 21
99.07514082219801
 31
0.0
  0
LINE
  5
14EB5
330
14D6F
100
AcDbEntity
  8
寸法線
370
    -2
100
AcDbLine
 10
532.337648034445
 20
99.07514082219801
 30
0.0
 11
526.0254652933281
 21
99.07514082219801
 31
0.0
  0
LINE
  5
14EB6
330
14D6F
100
AcDbEntity
  8
寸法線
370
    -2
100
AcDbLine
 10
539.837648034445
 20
99.07514082219801
 30
0.0
 11
534.837648034445
 21
99.07514082219801
 31
0.0
  0
INSERT
  5
14EB7
330
14D6F
100
AcDbEntity
  8
寸法線
370
    -2
100
AcDbBlockReference
  2
_Open
 10
539.837648034445
 20
99.07514082219801
 30
0.0
 41
2.5
 42
2.5
 43
2.5
 50
180.0
  0
INSERT
  5
14EB8
330
14D6F
100
AcDbEntity
  8
寸法線
370
    -2
100
AcDbBlockReference
  2
_Open
 10
534.837648034445
 20
99.07514082219801
 30
0.0
 41
2.5
 42
2.5
 43
2.5
  0
MTEXT
  5
14EB9
330
14D6F
100
AcDbEntity
  8
寸法線
100
AcDbMText
 10
527.9315566638866
 20
101.8251408221979
 30
0.0
 40
3.5
 41
0.0
 71
     5
 72
     1
  1
\A1;5
  7
PROFI_STYLE
 73
     1
 44
1.0
1001
ACAD
1000
MTEXTBEGIN
1070
    73
1070
     1
1070
    44
1040
1.0
1070
    74
1070
     0
1000
MTEXTEND
  0
POINT
  5
14EBA
330
14D6F
100
AcDbEntity
  8
Defpoints
 62
     0
100
AcDbPoint
 10
539.837648034445
 20
115.9052350778605
 30
0.0
  0
POINT
  5
14EBB
330
14D6F
100
AcDbEntity
  8
Defpoints
 62
     0
100
AcDbPoint
 10
534.837648034445
 20
117.9052350778605
 30
0.0
  0
POINT
  5
14EBC
330
14D6F
100
AcDbEntity
  8
Defpoints
 62
     0
100
AcDbPoint
 10
534.837648034445
 20
99.07514082219801
 30
0.0
  0
ENDBLK
  5
14D71
330
14D6F
100
AcDbEntity
  8
0
100
AcDbBlockEnd
  0
BLOCK
  5
14E10
330
14E0F
100
AcDbEntity
  8
0
100
AcDbBlockBegin
  2
*D31
 70
     1
 10
0.0
 20
0.0
 30
0.0
  3
*D31
  1

  0
LINE
  5
14E40
330
14E0F
100
AcDbEntity
  8
寸法線
370
    -2
100
AcDbLine
 10
107.9742520459472
 20
127.4230020308269
 30
0.0
 11
99.87365291775354
 21
135.5236011590204
 31
0.0
  0
INSERT
  5
14E41
330
14E0F
100
AcDbEntity
  8
寸法線
370
    -2
100
AcDbBlockReference
  2
_Open
 10
109.7420189989136
 20
125.6552350778605
 30
0.0
 41
2.5
 42
2.5
 43
2.5
 50
315.0000000000004
  0
MTEXT
  5
14E42
330
14E0F
100
AcDbEntity
  8
寸法線
100
AcDbMText
 10
105.5843477851027
 20
133.7019935881973
 30
0.0
 40
3.5
 41
0.0
 71
     5
 72
     1
  1
\A1;C1.5
  7
PROFI_STYLE
 11
0.7071067811865526
 21
-0.7071067811865425
 31
0.0
 73
     1
 44
1.0
1001
ACAD
1000
MTEXTBEGIN
1070
    73
1070
     1
1070
    44
1040
1.0
1070
    74
1070
     0
1000
MTEXTEND
  0
POINT
  5
14E43
330
14E0F
100
AcDbEntity
  8
Defpoints
 62
     0
100
AcDbPoint
 10
109.7420189989136
 20
125.6552350778605
 30
0.0
  0
POINT
  5
14E44
330
14E0F
100
AcDbEntity
  8
Defpoints
 62
     0
100
AcDbPoint
 10
98.10588596478719
 20
137.2913681119869
 30
0.0
  0
POINT
  5
14E45
330
14E0F
100
AcDbEntity
  8
Defpoints
 62
     0
100
AcDbPoint
 10
98.10588596478712
 20
137.2913681119868
 30
0.0
  0
ENDBLK
  5
14E11
330
14E0F
100
AcDbEntity
  8
0
100
AcDbBlockEnd
  0
BLOCK
  5
14E19
330
14E18
100
AcDbEntity
  8
0
100
AcDbBlockBegin
  2
*D32
 70
     1
 10
0.0
 20
0.0
 30
0.0
  3
*D32
  1

  0
LINE
  5
14E46
330
14E18
100
AcDbEntity
  8
寸法線
370
    -2
100
AcDbLine
 10
103.4920189989136
 20
117.2302350778605
 30
0.0
 11
91.41805446954606
 21
117.2302350778605
 31
0.0
  0
LINE
  5
14E47
330
14E18
100
AcDbEntity
  8
寸法線
370
    -2
100
AcDbLine
 10
103.4920189989136
 20
123.5802350778605
 30
0.0
 11
91.41805446954606
 21
123.5802350778605
 31
0.0
  0
LINE
  5
14E48
330
14E18
100
AcDbEntity
  8
寸法線
370
    -2
100
AcDbLine
 10
92.41805446954606
 20
114.7302350778605
 30
0.0
 11
92.41805446954606
 21
112.2302350778605
 31
0.0
  0
LINE
  5
14E49
330
14E18
100
AcDbEntity
  8
寸法線
370
    -2
100
AcDbLine
 10
92.41805446954606
 20
126.0802350778605
 30
0.0
 11
92.41805446954606
 21
152.7350574128859
 31
0.0
  0
LINE
  5
14E4A
330
14E18
100
AcDbEntity
  8
寸法線
370
    -2
100
AcDbLine
 10
92.41805446954606
 20
117.2302350778605
 30
0.0
 11
92.41805446954606
 21
123.5802350778605
 31
0.0
  0
INSERT
  5
14E4B
330
14E18
100
AcDbEntity
  8
寸法線
370
    -2
100
AcDbBlockReference
  2
_Open
 10
92.41805446954606
 20
117.2302350778605
 30
0.0
 41
2.5
 42
2.5
 43
2.5
 50
90.0
  0
INSERT
  5
14E4C
330
14E18
100
AcDbEntity
  8
寸法線
370
    -2
100
AcDbBlockReference
  2
_Open
 10
92.41805446954606
 20
123.5802350778605
 30
0.0
 41
2.5
 42
2.5
 43
2.5
 50
270.0
  0
MTEXT
  5
14E4D
330
14E18
100
AcDbEntity
  8
寸法線
100
AcDbMText
 10
89.29495802284554
 20
140.6576462453732
 30
0.0
 40
3.5
 41
0.0
 71
     5
 72
     1
  1
\A1;1/4-20 UNC
  7
PROFI_STYLE
 11
0.0000000000000001
 21
1.0
 31
0.0
 73
     1
 44
1.0
1001
ACAD
1000
MTEXTBEGIN
1070
    73
1070
     1
1070
    44
1040
1.0
1070
    74
1070
     0
1000
MTEXTEND
  0
POINT
  5
14E4E
330
14E18
100
AcDbEntity
  8
Defpoints
 62
     0
100
AcDbPoint
 10
104.4920189989136
 20
117.2302350778605
 30
0.0
  0
POINT
  5
14E4F
330
14E18
100
AcDbEntity
  8
Defpoints
 62
     0
100
AcDbPoint
 10
104.4920189989136
 20
123.5802350778605
 30
0.0
  0
POINT
  5
14E50
330
14E18
100
AcDbEntity
  8
Defpoints
 62
     0
100
AcDbPoint
 10
92.41805446954606
 20
123.5802350778605
 30
0.0
  0
ENDBLK
  5
14E1A
330
14E18
100
AcDbEntity
  8
0
100
AcDbBlockEnd
  0
BLOCK
  5
14E27
330
14E26
100
AcDbEntity
  8
0
100
AcDbBlockBegin
  2
*D33
 70
     1
 10
0.0
 20
0.0
 30
0.0
  3
*D33
  1

  0
LINE
  5
14E51
330
14E26
100
AcDbEntity
  8
寸法線
370
    -2
100
AcDbLine
 10
108.9920189989136
 20
113.6052350778605
 30
0.0
 11
108.9920189989136
 21
98.07514082219796
 31
0.0
  0
LINE
  5
14E52
330
14E26
100
AcDbEntity
  8
寸法線
370
    -2
100
AcDbLine
 10
123.9920105908495
 20
116.4052350778429
 30
0.0
 11
123.9920105908495
 21
98.07514082219796
 31
0.0
  0
LINE
  5
14E53
330
14E26
100
AcDbEntity
  8
寸法線
370
    -2
100
AcDbLine
 10
111.4920189989136
 20
99.07514082219801
 30
0.0
 11
121.4920105908495
 21
99.07514082219801
 31
0.0
  0
MTEXT
  5
14E54
330
14E26
100
AcDbEntity
  8
寸法線
100
AcDbMText
 10
116.6110567608866
 20
102.0306186520649
 30
0.0
 40
3.5
 41
0.0
 71
     5
 72
     1
  1
\A1;15
  7
PROFI_STYLE
 73
     1
 44
1.0
1001
ACAD
1000
MTEXTBEGIN
1070
    73
1070
     1
1070
    44
1040
1.0
1070
    74
1070
     0
1000
MTEXTEND
  0
INSERT
  5
14E55
330
14E26
100
AcDbEntity
  8
寸法線
370
    -2
100
AcDbBlockReference
  2
_Open
 10
108.9920189989136
 20
99.07514082219801
 30
0.0
 41
2.5
 42
2.5
 43
2.5
 50
180.0
  0
INSERT
  5
14E56
330
14E26
100
AcDbEntity
  8
寸法線
370
    -2
100
AcDbBlockReference
  2
_Open
 10
123.9920105908495
 20
99.07514082219801
 30
0.0
 41
2.5
 42
2.5
 43
2.5
  0
POINT
  5
14E57
330
14E26
100
AcDbEntity
  8
Defpoints
 62
     0
100
AcDbPoint
 10
108.9920189989136
 20
114.6052350778605
 30
0.0
  0
POINT
  5
14E58
330
14E26
100
AcDbEntity
  8
Defpoints
 62
     0
100
AcDbPoint
 10
123.9920105908495
 20
117.4052350778429
 30
0.0
  0
POINT
  5
14E59
330
14E26
100
AcDbEntity
  8
Defpoints
 62
     0
100
AcDbPoint
 10
123.9920105908495
 20
99.07514082219801
 30
0.0
  0
ENDBLK
  5
14E28
330
14E26
100
AcDbEntity
  8
0
100
AcDbBlockEnd
  0
BLOCK
  5
14E33
330
14E32
100
AcDbEntity
  8
0
100
AcDbBlockBegin
  2
*D34
 70
     1
 10
0.0
 20
0.0
 30
0.0
  3
*D34
  1

  0
LINE
  5
14E5A
330
14E32
100
AcDbEntity
  8
寸法線
370
    -2
100
AcDbLine
 10
108.9920189989136
 20
114.9052350778605
 30
0.0
 11
108.9920189989136
 21
98.07514082219796
 31
0.0
  0
LINE
  5
14E5B
330
14E32
100
AcDbEntity
  8
寸法線
370
    -2
100
AcDbLine
 10
103.9920189989136
 20
116.9052350778605
 30
0.0
 11
103.9920189989136
 21
98.07514082219796
 31
0.0
  0
LINE
  5
14E5C
330
14E32
100
AcDbEntity
  8
寸法線
370
    -2
100
AcDbLine
 10
111.4920189989136
 20
99.07514082219801
 30
0.0
 11
113.9920189989136
 21
99.07514082219801
 31
0.0
  0
LINE
  5
14E5D
330
14E32
100
AcDbEntity
  8
寸法線
370
    -2
100
AcDbLine
 10
101.4920189989136
 20
99.07514082219801
 30
0.0
 11
95.17983625779688
 21
99.07514082219801
 31
0.0
  0
LINE
  5
14E5E
330
14E32
100
AcDbEntity
  8
寸法線
370
    -2
100
AcDbLine
 10
108.9920189989136
 20
99.07514082219801
 30
0.0
 11
103.9920189989136
 21
99.07514082219801
 31
0.0
  0
INSERT
  5
14E5F
330
14E32
100
AcDbEntity
  8
寸法線
370
    -2
100
AcDbBlockReference
  2
_Open
 10
108.9920189989136
 20
99.07514082219801
 30
0.0
 41
2.5
 42
2.5
 43
2.5
 50
180.0
  0
INSERT
  5
14E60
330
14E32
100
AcDbEntity
  8
寸法線
370
    -2
100
AcDbBlockReference
  2
_Open
 10
103.9920189989136
 20
99.07514082219801
 30
0.0
 41
2.5
 42
2.5
 43
2.5
  0
MTEXT
  5
14E61
330
14E32
100
AcDbEntity
  8
寸法線
100
AcDbMText
 10
97.08592762835529
 20
101.8251408221979
 30
0.0
 40
3.5
 41
0.0
 71
     5
 72
     1
  1
\A1;5
  7
PROFI_STYLE
 73
     1
 44
1.0
1001
ACAD
1000
MTEXTBEGIN
1070
    73
1070
     1
1070
    44
1040
1.0
1070
    74
1070
     0
1000
MTEXTEND
  0
POINT
  5
14E62
330
14E32
100
AcDbEntity
  8
Defpoints
 62
     0
100
AcDbPoint
 10
108.9920189989136
 20
115.9052350778605
 30
0.0
  0
POINT
  5
14E63
330
14E32
100
AcDbEntity
  8
Defpoints
 62
     0
100
AcDbPoint
 10
103.9920189989136
 20
117.9052350778605
 30
0.0
  0
POINT
  5
14E64
330
14E32
100
AcDbEntity
  8
Defpoints
 62
     0
100
AcDbPoint
 10
103.9920189989136
 20
99.07514082219801
 30
0.0
  0
ENDBLK
  5
14E34
330
14E32
100
AcDbEntity
  8
0
100
AcDbBlockEnd
  0
BLOCK
  5
14EC3
330
14EC2
100
AcDbEntity
  8
0
100
AcDbBlockBegin
  2
*D35
 70
     1
 10
0.0
 20
0.0
 30
0.0
  3
*D35
  1

  0
LINE
  5
14ED7
330
14EC2
100
AcDbEntity
  8
AM_5
  6
ByBlock
370
    -2
100
AcDbLine
 10
108.9920189989136
 20
114.9052350778605
 30
0.0
 11
108.9920189989136
 21
94.88963073500256
 31
0.0
  0
LINE
  5
14ED8
330
14EC2
100
AcDbEntity
  8
AM_5
  6
ByBlock
370
    -2
100
AcDbLine
 10
123.9920105908495
 20
116.4052350778429
 30
0.0
 11
123.9920105908495
 21
94.88963073500256
 31
0.0
  0
LINE
  5
14ED9
330
14EC2
100
AcDbEntity
  8
AM_5
  6
ByBlock
370
    -2
100
AcDbLine
 10
111.4920189989136
 20
95.88963073500258
 30
0.0
 11
121.4920105908495
 21
95.88963073500258
 31
0.0
  0
INSERT
  5
14EDA
330
14EC2
100
AcDbEntity
  8
AM_5
370
    -2
100
AcDbBlockReference
  2
_Open
 10
108.9920189989136
 20
95.88963073500258
 30
0.0
 41
2.5
 42
2.5
 43
2.5
 50
180.0
  0
INSERT
  5
14EDB
330
14EC2
100
AcDbEntity
  8
AM_5
370
    -2
100
AcDbBlockReference
  2
_Open
 10
123.9920105908495
 20
95.88963073500258
 30
0.0
 41
2.5
 42
2.5
 43
2.5
  0
MTEXT
  5
14EDC
330
14EC2
100
AcDbEntity
  8
AM_5
100
AcDbMText
 10
116.4920147948816
 20
98.63963073500258
 30
0.0
 40
3.5
 41
0.0
 71
     5
 72
     1
  1
\A1;15
  7
PROFI_STYLE
 73
     1
 44
1.0
1001
ACAD
1000
MTEXTBEGIN
1070
    73
1070
     1
1070
    44
1040
1.0
1070
    74
1070
     0
1000
MTEXTEND
  0
POINT
  5
14EDD
330
14EC2
100
AcDbEntity
  8
Defpoints
 62
     0
100
AcDbPoint
 10
108.9920189989136
 20
115.9052350778605
 30
0.0
  0
POINT
  5
14EDE
330
14EC2
100
AcDbEntity
  8
Defpoints
 62
     0
100
AcDbPoint
 10
123.9920105908495
 20
117.4052350778429
 30
0.0
  0
POINT
  5
14EDF
330
14EC2
100
AcDbEntity
  8
Defpoints
 62
     0
100
AcDbPoint
 10
123.9920105908495
 20
95.88963073500258
 30
0.0
  0
ENDBLK
  5
14EC4
330
14EC2
100
AcDbEntity
  8
0
100
AcDbBlockEnd
  0
BLOCK
  5
14EE9
330
14EE8
100
AcDbEntity
  8
0
100
AcDbBlockBegin
  2
*D36
 70
     1
 10
0.0
 20
0.0
 30
0.0
  3
*D36
  1

  0
LINE
  5
14F2B
330
14EE8
100
AcDbEntity
  8
AM_5
  6
ByBlock
370
    -2
100
AcDbLine
 10
34.11196181289199
 20
83.11721142312967
 30
0.0
 11
57.33511932523152
 21
83.11721142312967
 31
0.0
  0
LINE
  5
14F2C
330
14EE8
100
AcDbEntity
  8
AM_5
  6
ByBlock
370
    -2
100
AcDbLine
 10
34.61196181289198
 20
53.11721142312965
 30
0.0
 11
57.33511932523152
 21
53.11721142312965
 31
0.0
  0
LINE
  5
14F2D
330
14EE8
100
AcDbEntity
  8
AM_5
  6
ByBlock
370
    -2
100
AcDbLine
 10
56.33511932523152
 20
80.61721142312967
 30
0.0
 11
56.33511932523152
 21
55.61721142312965
 31
0.0
  0
INSERT
  5
14F2E
330
14EE8
100
AcDbEntity
  8
AM_5
370
    -2
100
AcDbBlockReference
  2
_Open
 10
56.33511932523152
 20
83.11721142312967
 30
0.0
 41
2.5
 42
2.5
 43
2.5
 50
90.0
  0
INSERT
  5
14F2F
330
14EE8
100
AcDbEntity
  8
AM_5
370
    -2
100
AcDbBlockReference
  2
_Open
 10
56.33511932523152
 20
53.11721142312965
 30
0.0
 41
2.5
 42
2.5
 43
2.5
 50
270.0
  0
MTEXT
  5
14F30
330
14EE8
100
AcDbEntity
  8
AM_5
100
AcDbMText
 10
53.5851193252315
 20
68.11721142312966
 30
0.0
 40
3.5
 41
0.0
 71
     5
 72
     1
  1
\A1;30
  7
PROFI_STYLE
 11
0.0000000000000001
 21
1.0
 31
0.0
 73
     1
 44
1.0
1001
ACAD
1000
MTEXTBEGIN
1070
    73
1070
     1
1070
    44
1040
1.0
1070
    74
1070
     0
1000
MTEXTEND
  0
POINT
  5
14F31
330
14EE8
100
AcDbEntity
  8
Defpoints
 62
     0
100
AcDbPoint
 10
33.11196181289199
 20
83.11721142312967
 30
0.0
  0
POINT
  5
14F32
330
14EE8
100
AcDbEntity
  8
Defpoints
 62
     0
100
AcDbPoint
 10
33.61196181289198
 20
53.11721142312965
 30
0.0
  0
POINT
  5
14F33
330
14EE8
100
AcDbEntity
  8
Defpoints
 62
     0
100
AcDbPoint
 10
56.33511932523152
 20
53.11721142312965
 30
0.0
  0
ENDBLK
  5
14EEA
330
14EE8
100
AcDbEntity
  8
0
100
AcDbBlockEnd
  0
BLOCK
  5
14F08
330
14F07
100
AcDbEntity
  8
0
100
AcDbBlockBegin
  2
*D37
 70
     1
 10
0.0
 20
0.0
 30
0.0
  3
*D37
  1

  0
LINE
  5
14F20
330
14F07
100
AcDbEntity
  8
AM_5
  6
ByBlock
370
    -2
100
AcDbLine
 10
-3.161381144723917
 20
109.6557220778037
 30
0.0
 11
-3.161381144723917
 21
114.903833993138
 31
0.0
  0
LINE
  5
14F21
330
14F07
100
AcDbEntity
  8
AM_5
  6
ByBlock
370
    -2
100
AcDbLine
 10
-9.463781196028321
 20
109.6557220778037
 30
0.0
 11
-9.463781196028321
 21
114.903833993138
 31
0.0
  0
LINE
  5
14F22
330
14F07
100
AcDbEntity
  8
AM_5
  6
ByBlock
370
    -2
100
AcDbLine
 10
-0.6613811447239182
 20
113.903833993138
 30
0.0
 11
1.838618855276081
 21
113.903833993138
 31
0.0
  0
LINE
  5
14F23
330
14F07
100
AcDbEntity
  8
AM_5
  6
ByBlock
370
    -2
100
AcDbLine
 10
-11.96378119602832
 20
113.903833993138
 30
0.0
 11
-22.7708877950131
 21
113.903833993138
 31
0.0
  0
LINE
  5
14F24
330
14F07
100
AcDbEntity
  8
AM_5
  6
ByBlock
370
    -2
100
AcDbLine
 10
-3.161381144723917
 20
113.903833993138
 30
0.0
 11
-9.463781196028321
 21
113.903833993138
 31
0.0
  0
INSERT
  5
14F25
330
14F07
100
AcDbEntity
  8
AM_5
370
    -2
100
AcDbBlockReference
  2
_Open
 10
-3.161381144723917
 20
113.903833993138
 30
0.0
 41
2.5
 42
2.5
 43
2.5
 50
180.0
  0
INSERT
  5
14F26
330
14F07
100
AcDbEntity
  8
AM_5
370
    -2
100
AcDbBlockReference
  2
_Open
 10
-9.463781196028321
 20
113.903833993138
 30
0.0
 41
2.5
 42
2.5
 43
2.5
  0
MTEXT
  5
14F27
330
14F07
100
AcDbEntity
  8
AM_5
100
AcDbMText
 10
-18.61733449552071
 20
116.653833993138
 30
0.0
 40
3.5
 41
0.0
 71
     5
 72
     1
  1
\A1;6.3
  7
PROFI_STYLE
 73
     1
 44
1.0
1001
ACAD
1000
MTEXTBEGIN
1070
    73
1070
     1
1070
    44
1040
1.0
1070
    74
1070
     0
1000
MTEXTEND
  0
POINT
  5
14F28
330
14F07
100
AcDbEntity
  8
Defpoints
 62
     0
100
AcDbPoint
 10
-3.161381144723917
 20
108.6557220778037
 30
0.0
  0
POINT
  5
14F29
330
14F07
100
AcDbEntity
  8
Defpoints
 62
     0
100
AcDbPoint
 10
-9.463781196028321
 20
108.6557220778037
 30
0.0
  0
POINT
  5
14F2A
330
14F07
100
AcDbEntity
  8
Defpoints
 62
     0
100
AcDbPoint
 10
-9.463781196028321
 20
113.903833993138
 30
0.0
  0
ENDBLK
  5
14F09
330
14F07
100
AcDbEntity
  8
0
100
AcDbBlockEnd
  0
BLOCK
  5
15217
330
15216
100
AcDbEntity
  8
0
100
AcDbBlockBegin
  2
*D39
 70
     1
 10
0.0
 20
0.0
 30
0.0
  3
*D39
  1

  0
LINE
  5
15218
330
15216
100
AcDbEntity
  8
寸法線
370
    -2
100
AcDbLine
 10
59.69309959812587
 20
114.4912033285397
 30
0.0
 11
48.93626157759581
 21
114.4912033285397
 31
0.0
  0
LINE
  5
15219
330
15216
100
AcDbEntity
  8
寸法線
370
    -2
100
AcDbLine
 10
59.69309959812587
 20
120.4912033285397
 30
0.0
 11
48.93626157759581
 21
120.4912033285397
 31
0.0
  0
LINE
  5
1521A
330
15216
100
AcDbEntity
  8
寸法線
370
    -2
100
AcDbLine
 10
49.93626157759582
 20
111.9912033285397
 30
0.0
 11
49.93626157759582
 21
109.4912033285397
 31
0.0
  0
LINE
  5
1521B
330
15216
100
AcDbEntity
  8
寸法線
370
    -2
100
AcDbLine
 10
49.93626157759582
 20
122.9912033285397
 30
0.0
 11
49.93626157759582
 21
137.7957718564585
 31
0.0
  0
LINE
  5
1521C
330
15216
100
AcDbEntity
  8
寸法線
370
    -2
100
AcDbLine
 10
49.93626157759582
 20
114.4912033285397
 30
0.0
 11
49.93626157759582
 21
120.4912033285397
 31
0.0
  0
INSERT
  5
1521D
330
15216
100
AcDbEntity
  8
寸法線
370
    -2
100
AcDbBlockReference
  2
_Open
 10
49.93626157759582
 20
114.4912033285397
 30
0.0
 41
2.5
 42
2.5
 43
2.5
 50
90.0
  0
INSERT
  5
1521E
330
15216
100
AcDbEntity
  8
寸法線
370
    -2
100
AcDbBlockReference
  2
_Open
 10
49.93626157759582
 20
120.4912033285397
 30
0.0
 41
2.5
 42
2.5
 43
2.5
 50
270.0
  0
MTEXT
  5
1521F
330
15216
100
AcDbEntity
  8
寸法線
100
AcDbMText
 10
47.17737832886482
 20
131.643487592499
 30
0.0
 40
3.5
 41
0.0
 71
     5
 72
     1
  1
\A1;M6 P1
  7
PROFI_STYLE
 11
0.0000000000000001
 21
1.0
 31
0.0
 73
     1
 44
1.0
1001
ACAD
1000
MTEXTBEGIN
1070
    73
1070
     1
1070
    44
1040
1.0
1070
    74
1070
     0
1000
MTEXTEND
  0
POINT
  5
15220
330
15216
100
AcDbEntity
  8
Defpoints
 62
     0
100
AcDbPoint
 10
60.69309959812587
 20
114.4912033285397
 30
0.0
  0
POINT
  5
15221
330
15216
100
AcDbEntity
  8
Defpoints
 62
     0
100
AcDbPoint
 10
60.69309959812587
 20
120.4912033285397
 30
0.0
  0
POINT
  5
15222
330
15216
100
AcDbEntity
  8
Defpoints
 62
     0
100
AcDbPoint
 10
49.93626157759582
 20
120.4912033285397
 30
0.0
  0
ENDBLK
  5
15223
330
15216
100
AcDbEntity
  8
0
100
AcDbBlockEnd
  0
BLOCK
  5
15225
330
15224
100
AcDbEntity
  8
0
100
AcDbBlockBegin
  2
*D40
 70
     1
 10
0.0
 20
0.0
 30
0.0
  3
*D40
  1

  0
LINE
  5
15226
330
15224
100
AcDbEntity
  8
寸法線
370
    -2
100
AcDbLine
 10
105.1930995981258
 20
111.4912033285397
 30
0.0
 11
121.5822797901411
 21
111.4912033285397
 31
0.0
  0
LINE
  5
15227
330
15224
100
AcDbEntity
  8
寸法線
370
    -2
100
AcDbLine
 10
105.1930995981258
 20
123.4912033285397
 30
0.0
 11
121.5822797901411
 21
123.4912033285397
 31
0.0
  0
LINE
  5
15228
330
15224
100
AcDbEntity
  8
寸法線
370
    -2
100
AcDbLine
 10
120.5822797901411
 20
113.9912033285397
 30
0.0
 11
120.5822797901411
 21
120.9912033285397
 31
0.0
  0
MTEXT
  5
15229
330
15224
100
AcDbEntity
  8
寸法線
100
AcDbMText
 10
117.5314534429761
 20
116.320090228811
 30
0.0
 40
3.5
 41
0.0
 71
     5
 72
     1
  1
\A1;\U+03C612
  7
PROFI_STYLE
 11
0.0000000000000001
 21
1.0
 31
0.0
 73
     1
 44
1.0
1001
ACAD
1000
MTEXTBEGIN
1070
    73
1070
     1
1070
    44
1040
1.0
1070
    74
1070
     0
1000
MTEXTEND
  0
INSERT
  5
1522A
330
15224
100
AcDbEntity
  8
寸法線
370
    -2
100
AcDbBlockReference
  2
_Open
 10
120.5822797901411
 20
111.4912033285397
 30
0.0
 41
2.5
 42
2.5
 43
2.5
 50
270.0
  0
INSERT
  5
1522B
330
15224
100
AcDbEntity
  8
寸法線
370
    -2
100
AcDbBlockReference
  2
_Open
 10
120.5822797901411
 20
123.4912033285397
 30
0.0
 41
2.5
 42
2.5
 43
2.5
 50
90.0
  0
POINT
  5
1522C
330
15224
100
AcDbEntity
  8
Defpoints
 62
     0
100
AcDbPoint
 10
104.1930995981258
 20
111.4912033285397
 30
0.0
  0
POINT
  5
1522D
330
15224
100
AcDbEntity
  8
Defpoints
 62
     0
100
AcDbPoint
 10
104.1930995981258
 20
123.4912033285397
 30
0.0
  0
POINT
  5
1522E
330
15224
100
AcDbEntity
  8
Defpoints
 62
     0
100
AcDbPoint
 10
120.5822797901411
 20
123.4912033285397
 30
0.0
  0
ENDBLK
  5
1522F
330
15224
100
AcDbEntity
  8
0
100
AcDbBlockEnd
  0
BLOCK
  5
15231
330
15230
100
AcDbEntity
  8
0
100
AcDbBlockBegin
  2
*D41
 70
     1
 10
0.0
 20
0.0
 30
0.0
  3
*D41
  1

  0
LINE
  5
15232
330
15230
100
AcDbEntity
  8
寸法線
370
    -2
100
AcDbLine
 10
65.19309959812587
 20
110.6912033285397
 30
0.0
 11
65.19309959812587
 21
95.16110907287714
 31
0.0
  0
LINE
  5
15233
330
15230
100
AcDbEntity
  8
寸法線
370
    -2
100
AcDbLine
 10
60.19309959812587
 20
113.9912033285397
 30
0.0
 11
60.19309959812587
 21
95.16110907287714
 31
0.0
  0
LINE
  5
15234
330
15230
100
AcDbEntity
  8
寸法線
370
    -2
100
AcDbLine
 10
67.69309959812587
 20
96.16110907287714
 30
0.0
 11
70.19309959812587
 21
96.16110907287714
 31
0.0
  0
LINE
  5
15235
330
15230
100
AcDbEntity
  8
寸法線
370
    -2
100
AcDbLine
 10
57.69309959812587
 20
96.16110907287714
 30
0.0
 11
51.38091685700914
 21
96.16110907287714
 31
0.0
  0
LINE
  5
15236
330
15230
100
AcDbEntity
  8
寸法線
370
    -2
100
AcDbLine
 10
65.19309959812587
 20
96.16110907287714
 30
0.0
 11
60.19309959812587
 21
96.16110907287714
 31
0.0
  0
INSERT
  5
15237
330
15230
100
AcDbEntity
  8
寸法線
370
    -2
100
AcDbBlockReference
  2
_Open
 10
65.19309959812587
 20
96.16110907287714
 30
0.0
 41
2.5
 42
2.5
 43
2.5
 50
180.0
  0
INSERT
  5
15238
330
15230
100
AcDbEntity
  8
寸法線
370
    -2
100
AcDbBlockReference
  2
_Open
 10
60.19309959812587
 20
96.16110907287714
 30
0.0
 41
2.5
 42
2.5
 43
2.5
  0
MTEXT
  5
15239
330
15230
100
AcDbEntity
  8
寸法線
100
AcDbMText
 10
53.28700822756751
 20
98.91110907287714
 30
0.0
 40
3.5
 41
0.0
 71
     5
 72
     1
  1
\A1;5
  7
PROFI_STYLE
 73
     1
 44
1.0
1001
ACAD
1000
MTEXTBEGIN
1070
    73
1070
     1
1070
    44
1040
1.0
1070
    74
1070
     0
1000
MTEXTEND
  0
POINT
  5
1523A
330
15230
100
AcDbEntity
  8
Defpoints
 62
     0
100
AcDbPoint
 10
65.19309959812587
 20
111.6912033285397
 30
0.0
  0
POINT
  5
1523B
330
15230
100
AcDbEntity
  8
Defpoints
 62
     0
100
AcDbPoint
 10
60.19309959812587
 20
114.9912033285397
 30
0.0
  0
POINT
  5
1523C
330
15230
100
AcDbEntity
  8
Defpoints
 62
     0
100
AcDbPoint
 10
60.19309959812587
 20
96.16110907287714
 30
0.0
  0
ENDBLK
  5
1523D
330
15230
100
AcDbEntity
  8
0
100
AcDbBlockEnd
  0
BLOCK
  5
1523F
330
1523E
100
AcDbEntity
  8
0
100
AcDbBlockBegin
  2
*D42
 70
     1
 10
0.0
 20
0.0
 30
0.0
  3
*D42
  1

  0
LINE
  5
15240
330
1523E
100
AcDbEntity
  8
寸法線
370
    -2
100
AcDbLine
 10
65.19309959812587
 20
110.6912033285397
 30
0.0
 11
65.19309959812587
 21
95.16110907287714
 31
0.0
  0
LINE
  5
15241
330
1523E
100
AcDbEntity
  8
寸法線
370
    -2
100
AcDbLine
 10
105.1930995981258
 20
111.4912033285397
 30
0.0
 11
105.1930995981258
 21
95.16110907287714
 31
0.0
  0
LINE
  5
15242
330
1523E
100
AcDbEntity
  8
寸法線
370
    -2
100
AcDbLine
 10
67.69309959812587
 20
96.16110907287714
 30
0.0
 11
102.6930995981258
 21
96.16110907287714
 31
0.0
  0
INSERT
  5
15243
330
1523E
100
AcDbEntity
  8
寸法線
370
    -2
100
AcDbBlockReference
  2
_Open
 10
65.19309959812587
 20
96.16110907287714
 30
0.0
 41
2.5
 42
2.5
 43
2.5
 50
180.0
  0
INSERT
  5
15244
330
1523E
100
AcDbEntity
  8
寸法線
370
    -2
100
AcDbBlockReference
  2
_Open
 10
105.1930995981258
 20
96.16110907287714
 30
0.0
 41
2.5
 42
2.5
 43
2.5
  0
MTEXT
  5
15245
330
1523E
100
AcDbEntity
  8
寸法線
100
AcDbMText
 10
85.19309959812586
 20
98.91110907287714
 30
0.0
 40
3.5
 41
0.0
 71
     5
 72
     1
  1
\A1;A
  7
PROFI_STYLE
 73
     1
 44
1.0
1001
ACAD
1000
MTEXTBEGIN
1070
    73
1070
     1
1070
    44
1040
1.0
1070
    74
1070
     0
1000
MTEXTEND
  0
POINT
  5
15246
330
1523E
100
AcDbEntity
  8
Defpoints
 62
     0
100
AcDbPoint
 10
65.19309959812587
 20
111.6912033285397
 30
0.0
  0
POINT
  5
15247
330
1523E
100
AcDbEntity
  8
Defpoints
 62
     0
100
AcDbPoint
 10
105.1930995981258
 20
112.4912033285397
 30
0.0
  0
POINT
  5
15248
330
1523E
100
AcDbEntity
  8
Defpoints
 62
     0
100
AcDbPoint
 10
105.1930995981258
 20
96.16110907287714
 30
0.0
  0
ENDBLK
  5
15249
330
1523E
100
AcDbEntity
  8
0
100
AcDbBlockEnd
  0
BLOCK
  5
1524B
330
1524A
100
AcDbEntity
  8
0
100
AcDbBlockBegin
  2
*D43
 70
     1
 10
0.0
 20
0.0
 30
0.0
  3
*D43
  1

  0
LINE
  5
1524C
330
1524A
100
AcDbEntity
  8
寸法線
370
    -2
100
AcDbLine
 10
65.19309959812587
 20
110.6912033285397
 30
0.0
 11
65.19309959812587
 21
100.1801412632449
 31
0.0
  0
LINE
  5
1524D
330
1524A
100
AcDbEntity
  8
寸法線
370
    -2
100
AcDbLine
 10
70.19309959812587
 20
113.8123473285396
 30
0.0
 11
70.19309959812587
 21
100.1801412632449
 31
0.0
  0
LINE
  5
1524E
330
1524A
100
AcDbEntity
  8
寸法線
370
    -2
100
AcDbLine
 10
62.69309959812587
 20
101.1801412632449
 30
0.0
 11
60.19309959812587
 21
101.1801412632449
 31
0.0
  0
LINE
  5
1524F
330
1524A
100
AcDbEntity
  8
寸法線
370
    -2
100
AcDbLine
 10
72.69309959812588
 20
101.1801412632449
 30
0.0
 11
75.19309959812588
 21
101.1801412632449
 31
0.0
  0
MTEXT
  5
15250
330
1524A
100
AcDbEntity
  8
寸法線
100
AcDbMText
 10
67.87519367925336
 20
104.2897979999349
 30
0.0
 40
3.5
 41
0.0
 71
     5
 72
     1
  1
\A1;5
  7
PROFI_STYLE
 73
     1
 44
1.0
1001
ACAD
1000
MTEXTBEGIN
1070
    73
1070
     1
1070
    44
1040
1.0
1070
    74
1070
     0
1000
MTEXTEND
  0
LINE
  5
15251
330
1524A
100
AcDbEntity
  8
寸法線
370
    -2
100
AcDbLine
 10
65.19309959812587
 20
101.1801412632449
 30
0.0
 11
70.19309959812587
 21
101.1801412632449
 31
0.0
  0
INSERT
  5
15252
330
1524A
100
AcDbEntity
  8
寸法線
370
    -2
100
AcDbBlockReference
  2
_Open
 10
65.19309959812587
 20
101.1801412632449
 30
0.0
 41
2.5
 42
2.5
 43
2.5
  0
INSERT
  5
15253
330
1524A
100
AcDbEntity
  8
寸法線
370
    -2
100
AcDbBlockReference
  2
_Open
 10
70.19309959812587
 20
101.1801412632449
 30
0.0
 41
2.5
 42
2.5
 43
2.5
 50
180.0
  0
POINT
  5
15254
330
1524A
100
AcDbEntity
  8
Defpoints
 62
     0
100
AcDbPoint
 10
65.19309959812587
 20
111.6912033285397
 30
0.0
  0
POINT
  5
15255
330
1524A
100
AcDbEntity
  8
Defpoints
 62
     0
100
AcDbPoint
 10
70.19309959812587
 20
114.8123473285396
 30
0.0
  0
POINT
  5
15256
330
1524A
100
AcDbEntity
  8
Defpoints
 62
     0
100
AcDbPoint
 10
70.19309959812587
 20
101.1801412632449
 30
0.0
  0
ENDBLK
  5
15257
330
1524A
100
AcDbEntity
  8
0
100
AcDbBlockEnd
  0
BLOCK
  5
152C4
330
152C3
100
AcDbEntity
  8
0
100
AcDbBlockBegin
  2
*D45
 70
     1
 10
0.0
 20
0.0
 30
0.0
  3
*D45
  1

  0
LINE
  5
15305
330
152C3
100
AcDbEntity
  8
寸法線
370
    -2
100
AcDbLine
 10
143.5184069518002
 20
65.54133844655614
 30
0.0
 11
132.7615689312702
 21
65.54133844655614
 31
0.0
  0
LINE
  5
15306
330
152C3
100
AcDbEntity
  8
寸法線
370
    -2
100
AcDbLine
 10
143.5184069518002
 20
71.54133844655614
 30
0.0
 11
132.7615689312702
 21
71.54133844655614
 31
0.0
  0
LINE
  5
15307
330
152C3
100
AcDbEntity
  8
寸法線
370
    -2
100
AcDbLine
 10
133.7615689312701
 20
63.04133844655614
 30
0.0
 11
133.7615689312701
 21
60.54133844655614
 31
0.0
  0
LINE
  5
15308
330
152C3
100
AcDbEntity
  8
寸法線
370
    -2
100
AcDbLine
 10
133.7615689312702
 20
74.04133844655614
 30
0.0
 11
133.7615689312702
 21
88.84590697447491
 31
0.0
  0
LINE
  5
15309
330
152C3
100
AcDbEntity
  8
寸法線
370
    -2
100
AcDbLine
 10
133.7615689312702
 20
65.54133844655614
 30
0.0
 11
133.7615689312702
 21
71.54133844655614
 31
0.0
  0
INSERT
  5
1530A
330
152C3
100
AcDbEntity
  8
寸法線
370
    -2
100
AcDbBlockReference
  2
_Open
 10
133.7615689312702
 20
65.54133844655614
 30
0.0
 41
2.5
 42
2.5
 43
2.5
 50
90.0
  0
INSERT
  5
1530B
330
152C3
100
AcDbEntity
  8
寸法線
370
    -2
100
AcDbBlockReference
  2
_Open
 10
133.7615689312702
 20
71.54133844655614
 30
0.0
 41
2.5
 42
2.5
 43
2.5
 50
270.0
  0
MTEXT
  5
1530C
330
152C3
100
AcDbEntity
  8
寸法線
100
AcDbMText
 10
131.0026856825392
 20
82.69362271051553
 30
0.0
 40
3.5
 41
0.0
 71
     5
 72
     1
  1
\A1;M6 P1
  7
PROFI_STYLE
 11
0.0000000000000001
 21
1.0
 31
0.0
 73
     1
 44
1.0
1001
ACAD
1000
MTEXTBEGIN
1070
    73
1070
     1
1070
    44
1040
1.0
1070
    74
1070
     0
1000
MTEXTEND
  0
POINT
  5
1530D
330
152C3
100
AcDbEntity
  8
Defpoints
 62
     0
100
AcDbPoint
 10
144.5184069518002
 20
65.54133844655614
 30
0.0
  0
POINT
  5
1530E
330
152C3
100
AcDbEntity
  8
Defpoints
 62
     0
100
AcDbPoint
 10
144.5184069518002
 20
71.54133844655614
 30
0.0
  0
POINT
  5
1530F
330
152C3
100
AcDbEntity
  8
Defpoints
 62
     0
100
AcDbPoint
 10
133.7615689312702
 20
71.54133844655614
 30
0.0
  0
ENDBLK
  5
152C5
330
152C3
100
AcDbEntity
  8
0
100
AcDbBlockEnd
  0
BLOCK
  5
152D2
330
152D1
100
AcDbEntity
  8
0
100
AcDbBlockBegin
  2
*D46
 70
     1
 10
0.0
 20
0.0
 30
0.0
  3
*D46
  1

  0
LINE
  5
15310
330
152D1
100
AcDbEntity
  8
寸法線
370
    -2
100
AcDbLine
 10
189.0184069518001
 20
62.54133844655614
 30
0.0
 11
205.4075871438154
 21
62.54133844655614
 31
0.0
  0
LINE
  5
15311
330
152D1
100
AcDbEntity
  8
寸法線
370
    -2
100
AcDbLine
 10
189.0184069518001
 20
74.54133844655614
 30
0.0
 11
205.4075871438155
 21
74.54133844655614
 31
0.0
  0
LINE
  5
15312
330
152D1
100
AcDbEntity
  8
寸法線
370
    -2
100
AcDbLine
 10
204.4075871438154
 20
65.04133844655614
 30
0.0
 11
204.4075871438154
 21
72.04133844655614
 31
0.0
  0
MTEXT
  5
15313
330
152D1
100
AcDbEntity
  8
寸法線
100
AcDbMText
 10
201.3567607966505
 20
67.37022534682743
 30
0.0
 40
3.5
 41
0.0
 71
     5
 72
     1
  1
\A1;\U+03C612
  7
PROFI_STYLE
 11
0.0000000000000001
 21
1.0
 31
0.0
 73
     1
 44
1.0
1001
ACAD
1000
MTEXTBEGIN
1070
    73
1070
     1
1070
    44
1040
1.0
1070
    74
1070
     0
1000
MTEXTEND
  0
INSERT
  5
15314
330
152D1
100
AcDbEntity
  8
寸法線
370
    -2
100
AcDbBlockReference
  2
_Open
 10
204.4075871438154
 20
62.54133844655614
 30
0.0
 41
2.5
 42
2.5
 43
2.5
 50
270.0
  0
INSERT
  5
15315
330
152D1
100
AcDbEntity
  8
寸法線
370
    -2
100
AcDbBlockReference
  2
_Open
 10
204.4075871438154
 20
74.54133844655614
 30
0.0
 41
2.5
 42
2.5
 43
2.5
 50
90.0
  0
POINT
  5
15316
330
152D1
100
AcDbEntity
  8
Defpoints
 62
     0
100
AcDbPoint
 10
188.0184069518001
 20
62.54133844655614
 30
0.0
  0
POINT
  5
15317
330
152D1
100
AcDbEntity
  8
Defpoints
 62
     0
100
AcDbPoint
 10
188.0184069518001
 20
74.54133844655614
 30
0.0
  0
POINT
  5
15318
330
152D1
100
AcDbEntity
  8
Defpoints
 62
     0
100
AcDbPoint
 10
204.4075871438154
 20
74.54133844655614
 30
0.0
  0
ENDBLK
  5
152D3
330
152D1
100
AcDbEntity
  8
0
100
AcDbBlockEnd
  0
BLOCK
  5
152DE
330
152DD
100
AcDbEntity
  8
0
100
AcDbBlockBegin
  2
*D47
 70
     1
 10
0.0
 20
0.0
 30
0.0
  3
*D47
  1

  0
LINE
  5
15319
330
152DD
100
AcDbEntity
  8
寸法線
370
    -2
100
AcDbLine
 10
149.0184069518002
 20
61.74133844655614
 30
0.0
 11
149.0184069518002
 21
46.21124419089357
 31
0.0
  0
LINE
  5
1531A
330
152DD
100
AcDbEntity
  8
寸法線
370
    -2
100
AcDbLine
 10
144.0184069518002
 20
65.04133844655614
 30
0.0
 11
144.0184069518002
 21
46.21124419089357
 31
0.0
  0
LINE
  5
1531B
330
152DD
100
AcDbEntity
  8
寸法線
370
    -2
100
AcDbLine
 10
151.5184069518002
 20
47.21124419089358
 30
0.0
 11
154.0184069518002
 21
47.21124419089358
 31
0.0
  0
LINE
  5
1531C
330
152DD
100
AcDbEntity
  8
寸法線
370
    -2
100
AcDbLine
 10
141.5184069518002
 20
47.21124419089358
 30
0.0
 11
135.2062242106834
 21
47.21124419089358
 31
0.0
  0
LINE
  5
1531D
330
152DD
100
AcDbEntity
  8
寸法線
370
    -2
100
AcDbLine
 10
149.0184069518002
 20
47.21124419089358
 30
0.0
 11
144.0184069518002
 21
47.21124419089358
 31
0.0
  0
INSERT
  5
1531E
330
152DD
100
AcDbEntity
  8
寸法線
370
    -2
100
AcDbBlockReference
  2
_Open
 10
149.0184069518002
 20
47.21124419089358
 30
0.0
 41
2.5
 42
2.5
 43
2.5
 50
180.0
  0
INSERT
  5
1531F
330
152DD
100
AcDbEntity
  8
寸法線
370
    -2
100
AcDbBlockReference
  2
_Open
 10
144.0184069518002
 20
47.21124419089358
 30
0.0
 41
2.5
 42
2.5
 43
2.5
  0
MTEXT
  5
15320
330
152DD
100
AcDbEntity
  8
寸法線
100
AcDbMText
 10
137.1123155812418
 20
49.96124419089358
 30
0.0
 40
3.5
 41
0.0
 71
     5
 72
     1
  1
\A1;5
  7
PROFI_STYLE
 73
     1
 44
1.0
1001
ACAD
1000
MTEXTBEGIN
1070
    73
1070
     1
1070
    44
1040
1.0
1070
    74
1070
     0
1000
MTEXTEND
  0
POINT
  5
15321
330
152DD
100
AcDbEntity
  8
Defpoints
 62
     0
100
AcDbPoint
 10
149.0184069518002
 20
62.74133844655614
 30
0.0
  0
POINT
  5
15322
330
152DD
100
AcDbEntity
  8
Defpoints
 62
     0
100
AcDbPoint
 10
144.0184069518002
 20
66.04133844655613
 30
0.0
  0
POINT
  5
15323
330
152DD
100
AcDbEntity
  8
Defpoints
 62
     0
100
AcDbPoint
 10
144.0184069518002
 20
47.21124419089358
 30
0.0
  0
ENDBLK
  5
152DF
330
152DD
100
AcDbEntity
  8
0
100
AcDbBlockEnd
  0
BLOCK
  5
152EC
330
152EB
100
AcDbEntity
  8
0
100
AcDbBlockBegin
  2
*D48
 70
     1
 10
0.0
 20
0.0
 30
0.0
  3
*D48
  1

  0
LINE
  5
15324
330
152EB
100
AcDbEntity
  8
寸法線
370
    -2
100
AcDbLine
 10
149.0184069518002
 20
61.74133844655614
 30
0.0
 11
149.0184069518002
 21
46.21124419089357
 31
0.0
  0
LINE
  5
15325
330
152EB
100
AcDbEntity
  8
寸法線
370
    -2
100
AcDbLine
 10
189.0184069518001
 20
62.54133844655614
 30
0.0
 11
189.0184069518001
 21
46.21124419089357
 31
0.0
  0
LINE
  5
15326
330
152EB
100
AcDbEntity
  8
寸法線
370
    -2
100
AcDbLine
 10
151.5184069518002
 20
47.21124419089358
 30
0.0
 11
186.5184069518001
 21
47.21124419089358
 31
0.0
  0
INSERT
  5
15327
330
152EB
100
AcDbEntity
  8
寸法線
370
    -2
100
AcDbBlockReference
  2
_Open
 10
149.0184069518002
 20
47.21124419089358
 30
0.0
 41
2.5
 42
2.5
 43
2.5
 50
180.0
  0
INSERT
  5
15328
330
152EB
100
AcDbEntity
  8
寸法線
370
    -2
100
AcDbBlockReference
  2
_Open
 10
189.0184069518001
 20
47.21124419089358
 30
0.0
 41
2.5
 42
2.5
 43
2.5
  0
MTEXT
  5
15329
330
152EB
100
AcDbEntity
  8
寸法線
100
AcDbMText
 10
169.0184069518002
 20
49.96124419089358
 30
0.0
 40
3.5
 41
0.0
 71
     5
 72
     1
  1
\A1;A
  7
PROFI_STYLE
 73
     1
 44
1.0
1001
ACAD
1000
MTEXTBEGIN
1070
    73
1070
     1
1070
    44
1040
1.0
1070
    74
1070
     0
1000
MTEXTEND
  0
POINT
  5
1532A
330
152EB
100
AcDbEntity
  8
Defpoints
 62
     0
100
AcDbPoint
 10
149.0184069518002
 20
62.74133844655614
 30
0.0
  0
POINT
  5
1532B
330
152EB
100
AcDbEntity
  8
Defpoints
 62
     0
100
AcDbPoint
 10
189.0184069518001
 20
63.54133844655613
 30
0.0
  0
POINT
  5
1532C
330
152EB
100
AcDbEntity
  8
Defpoints
 62
     0
100
AcDbPoint
 10
189.0184069518001
 20
47.21124419089358
 30
0.0
  0
ENDBLK
  5
152ED
330
152EB
100
AcDbEntity
  8
0
100
AcDbBlockEnd
  0
BLOCK
  5
152F8
330
152F7
100
AcDbEntity
  8
0
100
AcDbBlockBegin
  2
*D49
 70
     1
 10
0.0
 20
0.0
 30
0.0
  3
*D49
  1

  0
LINE
  5
1532D
330
152F7
100
AcDbEntity
  8
寸法線
370
    -2
100
AcDbLine
 10
149.0184069518002
 20
61.74133844655614
 30
0.0
 11
149.0184069518002
 21
51.23027638126136
 31
0.0
  0
LINE
  5
1532E
330
152F7
100
AcDbEntity
  8
寸法線
370
    -2
100
AcDbLine
 10
154.0184069518002
 20
64.86248244655604
 30
0.0
 11
154.0184069518002
 21
51.23027638126136
 31
0.0
  0
LINE
  5
1532F
330
152F7
100
AcDbEntity
  8
寸法線
370
    -2
100
AcDbLine
 10
146.5184069518002
 20
52.23027638126136
 30
0.0
 11
144.0184069518002
 21
52.23027638126136
 31
0.0
  0
LINE
  5
15330
330
152F7
100
AcDbEntity
  8
寸法線
370
    -2
100
AcDbLine
 10
156.5184069518002
 20
52.23027638126136
 30
0.0
 11
159.0184069518002
 21
52.23027638126136
 31
0.0
  0
MTEXT
  5
15331
330
152F7
100
AcDbEntity
  8
寸法線
100
AcDbMText
 10
151.7005010329277
 20
55.33993311795135
 30
0.0
 40
3.5
 41
0.0
 71
     5
 72
     1
  1
\A1;5
  7
PROFI_STYLE
 73
     1
 44
1.0
1001
ACAD
1000
MTEXTBEGIN
1070
    73
1070
     1
1070
    44
1040
1.0
1070
    74
1070
     0
1000
MTEXTEND
  0
LINE
  5
15332
330
152F7
100
AcDbEntity
  8
寸法線
370
    -2
100
AcDbLine
 10
149.0184069518002
 20
52.23027638126136
 30
0.0
 11
154.0184069518002
 21
52.23027638126136
 31
0.0
  0
INSERT
  5
15333
330
152F7
100
AcDbEntity
  8
寸法線
370
    -2
100
AcDbBlockReference
  2
_Open
 10
149.0184069518002
 20
52.23027638126136
 30
0.0
 41
2.5
 42
2.5
 43
2.5
  0
INSERT
  5
15334
330
152F7
100
AcDbEntity
  8
寸法線
370
    -2
100
AcDbBlockReference
  2
_Open
 10
154.0184069518002
 20
52.23027638126136
 30
0.0
 41
2.5
 42
2.5
 43
2.5
 50
180.0
  0
POINT
  5
15335
330
152F7
100
AcDbEntity
  8
Defpoints
 62
     0
100
AcDbPoint
 10
149.0184069518002
 20
62.74133844655614
 30
0.0
  0
POINT
  5
15336
330
152F7
100
AcDbEntity
  8
Defpoints
 62
     0
100
AcDbPoint
 10
154.0184069518002
 20
65.86248244655604
 30
0.0
  0
POINT
  5
15337
330
152F7
100
AcDbEntity
  8
Defpoints
 62
     0
100
AcDbPoint
 10
154.0184069518002
 20
52.23027638126136
 30
0.0
  0
ENDBLK
  5
152F9
330
152F7
100
AcDbEntity
  8
0
100
AcDbBlockEnd
  0
BLOCK
  5
1535C
330
1535B
100
AcDbEntity
  8
0
100
AcDbBlockBegin
  2
*D51
 70
     1
 10
0.0
 20
0.0
 30
0.0
  3
*D51
  1

  0
LINE
  5
15370
330
1535B
100
AcDbEntity
  8
AM_5
  6
ByBlock
370
    -2
100
AcDbLine
 10
104.259210024313
 20
140.0639737145524
 30
0.0
 11
136.5754914311619
 21
140.0639737145524
 31
0.0
  0
LINE
  5
15371
330
1535B
100
AcDbEntity
  8
AM_5
  6
ByBlock
370
    -2
100
AcDbLine
 10
103.4592100243129
 20
100.0639737145524
 30
0.0
 11
136.5754914311619
 21
100.0639737145524
 31
0.0
  0
LINE
  5
15372
330
1535B
100
AcDbEntity
  8
AM_5
  6
ByBlock
370
    -2
100
AcDbLine
 10
135.5754914311619
 20
137.5639737145524
 30
0.0
 11
135.5754914311619
 21
102.5639737145524
 31
0.0
  0
INSERT
  5
15373
330
1535B
100
AcDbEntity
  8
AM_5
370
    -2
100
AcDbBlockReference
  2
_Open
 10
135.5754914311619
 20
140.0639737145524
 30
0.0
 41
2.5
 42
2.5
 43
2.5
 50
90.0
  0
INSERT
  5
15374
330
1535B
100
AcDbEntity
  8
AM_5
370
    -2
100
AcDbBlockReference
  2
_Open
 10
135.5754914311619
 20
100.0639737145524
 30
0.0
 41
2.5
 42
2.5
 43
2.5
 50
270.0
  0
MTEXT
  5
15375
330
1535B
100
AcDbEntity
  8
AM_5
100
AcDbMText
 10
132.8254914311619
 20
120.0639737145524
 30
0.0
 40
3.5
 41
0.0
 71
     5
 72
     1
  1
\A1;40
  7
PROFI_STYLE
 11
0.0000000000000001
 21
1.0
 31
0.0
 73
     1
 44
1.0
1001
ACAD
1000
MTEXTBEGIN
1070
    73
1070
     1
1070
    44
1040
1.0
1070
    74
1070
     0
1000
MTEXTEND
  0
POINT
  5
15376
330
1535B
100
AcDbEntity
  8
Defpoints
 62
     0
100
AcDbPoint
 10
103.259210024313
 20
140.0639737145524
 30
0.0
  0
POINT
  5
15377
330
1535B
100
AcDbEntity
  8
Defpoints
 62
     0
100
AcDbPoint
 10
102.4592100243129
 20
100.0639737145524
 30
0.0
  0
POINT
  5
15378
330
1535B
100
AcDbEntity
  8
Defpoints
 62
     0
100
AcDbPoint
 10
135.5754914311619
 20
100.0639737145524
 30
0.0
  0
ENDBLK
  5
1535D
330
1535B
100
AcDbEntity
  8
0
100
AcDbBlockEnd
  0
BLOCK
  5
1537E
330
1537D
100
AcDbEntity
  8
0
100
AcDbBlockBegin
  2
*D52
 70
     1
 10
0.0
 20
0.0
 30
0.0
  3
*D52
  1

  0
LINE
  5
15396
330
1537D
100
AcDbEntity
  8
AM_5
  6
ByBlock
370
    -2
100
AcDbLine
 10
25.58339586395337
 20
55.57171593131832
 30
0.0
 11
25.58339586395337
 21
66.2677218376865
 31
0.0
  0
LINE
  5
15397
330
1537D
100
AcDbEntity
  8
AM_5
  6
ByBlock
370
    -2
100
AcDbLine
 10
31.58339586395328
 20
55.57171593131832
 30
0.0
 11
31.58339586395328
 21
66.2677218376865
 31
0.0
  0
LINE
  5
15398
330
1537D
100
AcDbEntity
  8
AM_5
  6
ByBlock
370
    -2
100
AcDbLine
 10
23.08339586395337
 20
65.26772183768651
 30
0.0
 11
20.58339586395337
 21
65.26772183768651
 31
0.0
  0
LINE
  5
15399
330
1537D
100
AcDbEntity
  8
AM_5
  6
ByBlock
370
    -2
100
AcDbLine
 10
34.08339586395328
 20
65.26772183768651
 30
0.0
 11
40.36004561014618
 21
65.26772183768651
 31
0.0
  0
LINE
  5
1539A
330
1537D
100
AcDbEntity
  8
AM_5
  6
ByBlock
370
    -2
100
AcDbLine
 10
25.58339586395337
 20
65.26772183768651
 30
0.0
 11
31.58339586395328
 21
65.26772183768651
 31
0.0
  0
INSERT
  5
1539B
330
1537D
100
AcDbEntity
  8
AM_5
370
    -2
100
AcDbBlockReference
  2
_Open
 10
25.58339586395337
 20
65.26772183768651
 30
0.0
 41
2.5
 42
2.5
 43
2.5
  0
INSERT
  5
1539C
330
1537D
100
AcDbEntity
  8
AM_5
370
    -2
100
AcDbBlockReference
  2
_Open
 10
31.58339586395328
 20
65.26772183768651
 30
0.0
 41
2.5
 42
2.5
 43
2.5
 50
180.0
  0
MTEXT
  5
1539D
330
1537D
100
AcDbEntity
  8
AM_5
100
AcDbMText
 10
38.47172073704973
 20
68.01772183768651
 30
0.0
 40
3.5
 41
0.0
 71
     5
 72
     1
  1
\A1;6
  7
PROFI_STYLE
 73
     1
 44
1.0
1001
ACAD
1000
MTEXTBEGIN
1070
    73
1070
     1
1070
    44
1040
1.0
1070
    74
1070
     0
1000
MTEXTEND
  0
POINT
  5
1539E
330
1537D
100
AcDbEntity
  8
Defpoints
 62
     0
100
AcDbPoint
 10
25.58339586395337
 20
54.57171593131832
 30
0.0
  0
POINT
  5
1539F
330
1537D
100
AcDbEntity
  8
Defpoints
 62
     0
100
AcDbPoint
 10
31.58339586395328
 20
54.57171593131832
 30
0.0
  0
POINT
  5
153A0
330
1537D
100
AcDbEntity
  8
Defpoints
 62
     0
100
AcDbPoint
 10
31.58339586395328
 20
65.26772183768651
 30
0.0
  0
ENDBLK
  5
1537F
330
1537D
100
AcDbEntity
  8
0
100
AcDbBlockEnd
  0
ENDSEC
  0
SECTION
  2
ENTITIES
  0
TEXT
  5
13CF5
330
1F
100
AcDbEntity
  8
寸法線
100
AcDbText
 10
46.15206962524322
 20
14.1072967884203
 30
0.0
 40
6.0
  1
RO-12-40
 41
0.8550168083591803
  7
PROFI_STYLE
 72
     5
 11
72.81817759762294
 21
14.1072967884203
 31
0.0
100
AcDbText
  0
TEXT
  5
144ED
330
1F
100
AcDbEntity
  8
寸法線
100
AcDbText
 10
22.80462331988278
 20
94.51217586599815
 30
0.0
 40
6.0
  1
M6 P1
 41
0.607250238071998
  7
PROFI_STYLE
 72
     5
 11
34.64137922950954
 21
94.51217586599815
 31
0.0
100
AcDbText
  0
LINE
  5
14500
330
1F
100
AcDbEntity
  8
細線
100
AcDbLine
 10
22.28390554893053
 20
93.8265293895065
 30
0.0
 11
34.35729206636143
 21
93.8265293895065
 31
0.0
  0
LINE
  5
1514A
330
1F
100
AcDbEntity
  8
軸線
 48
0.5
100
AcDbLine
 10
28.58339586395337
 20
59.83116162287069
 30
0.0
 11
28.58339586395334
 21
13.67555299829064
 31
0.0
  0
LINE
  5
15160
330
1F
100
AcDbEntity
  8
軸線
 48
0.5
100
AcDbLine
 10
28.58339586395337
 20
83.28378602013994
 30
0.0
 11
28.58339586395337
 21
69.82149177317552
 31
0.0
  0
CIRCLE
  5
15164
330
1F
100
AcDbEntity
  8
外形線
100
AcDbCircle
 10
28.58339586395337
 20
76.55263889665771
 30
0.0
 40
5.999999999999985
  0
LINE
  5
15165
330
1F
100
AcDbEntity
  8
軸線
 48
0.5
100
AcDbLine
 10
35.63666461536016
 20
76.55263889665771
 30
0.0
 11
21.53012711254658
 21
76.55263889665771
 31
0.0
  0
CIRCLE
  5
1537A
330
1F
100
AcDbEntity
  8
0
100
AcDbCircle
 10
28.58339586395337
 20
76.55263889665771
 30
0.0
 40
3.0
  0
CIRCLE
  5
1537B
330
1F
100
AcDbEntity
  8
細線
100
AcDbCircle
 10
28.58339586395337
 20
76.55263889665771
 30
0.0
 40
2.5
  0
LINE
  5
153A1
330
1F
100
AcDbEntity
  8
外形線
100
AcDbLine
 10
22.58339586395337
 20
53.96995086038097
 30
0.0
 11
22.58339586395334
 21
15.16995086038105
 31
0.0
  0
LINE
  5
153A2
330
1F
100
AcDbEntity
  8
外形線
100
AcDbLine
 10
34.58339586395322
 20
15.16995086038105
 30
0.0
 11
34.58339586395337
 21
53.96995086038097
 31
0.0
  0
LINE
  5
153A3
330
1F
100
AcDbEntity
  8
外形線
100
AcDbLine
 10
34.38339586395335
 20
54.16995086038099
 30
0.0
 11
22.78339586395336
 21
54.16995086038099
 31
0.0
  0
LINE
  5
153A4
330
1F
100
AcDbEntity
  8
外形線
100
AcDbLine
 10
34.58339586395337
 20
53.96995086038097
 30
0.0
 11
22.58339586395337
 21
53.96995086038097
 31
0.0
  0
LINE
  5
153A5
330
1F
100
AcDbEntity
  8
外形線
100
AcDbLine
 10
31.08339586395337
 20
59.16995086038099
 30
0.0
 11
31.58339586395337
 21
58.66995086038099
 31
0.0
  0
LINE
  5
153A6
330
1F
100
AcDbEntity
  8
外形線
100
AcDbLine
 10
31.58339586395337
 20
58.66995086038099
 30
0.0
 11
31.58339586395337
 21
55.36995086038098
 31
0.0
  0
LINE
  5
153A7
330
1F
100
AcDbEntity
  8
外形線
100
AcDbLine
 10
31.08339586395337
 20
55.36995086038098
 30
0.0
 11
31.08339586395337
 21
54.16995086038099
 31
0.0
  0
LINE
  5
153A8
330
1F
100
AcDbEntity
  8
細線
100
AcDbLine
 10
31.08339586395337
 20
59.16995086038099
 30
0.0
 11
31.08339586395337
 21
55.36995086038098
 31
0.0
  0
LINE
  5
153A9
330
1F
100
AcDbEntity
  8
外形線
100
AcDbLine
 10
25.58339586395337
 20
55.36995086038098
 30
0.0
 11
25.58339586395337
 21
58.66995086038099
 31
0.0
  0
LINE
  5
153AA
330
1F
100
AcDbEntity
  8
外形線
100
AcDbLine
 10
25.58339586395337
 20
58.66995086038099
 30
0.0
 11
26.08339586395337
 21
59.16995086038099
 31
0.0
  0
LINE
  5
153AB
330
1F
100
AcDbEntity
  8
外形線
100
AcDbLine
 10
22.78339586395336
 20
54.16995086038099
 30
0.0
 11
22.58339586395337
 21
53.96995086038097
 31
0.0
  0
LINE
  5
153AC
330
1F
100
AcDbEntity
  8
外形線
100
AcDbLine
 10
26.08339586395337
 20
54.16995086038099
 30
0.0
 11
26.08339586395337
 21
55.36995086038098
 31
0.0
  0
LINE
  5
153AD
330
1F
100
AcDbEntity
  8
細線
100
AcDbLine
 10
26.08339586395337
 20
55.36995086038098
 30
0.0
 11
26.08339586395337
 21
59.16995086038099
 31
0.0
  0
LINE
  5
153AE
330
1F
100
AcDbEntity
  8
外形線
100
AcDbLine
 10
26.08339586395337
 20
59.16995086038099
 30
0.0
 11
31.08339586395337
 21
59.16995086038099
 31
0.0
  0
LINE
  5
153AF
330
1F
100
AcDbEntity
  8
外形線
100
AcDbLine
 10
31.58339586395337
 20
55.36995086038098
 30
0.0
 11
25.58339586395337
 21
55.36995086038098
 31
0.0
  0
LINE
  5
153B0
330
1F
100
AcDbEntity
  8
外形線
100
AcDbLine
 10
25.58339586395337
 20
58.66995086038099
 30
0.0
 11
31.58339586395337
 21
58.66995086038099
 31
0.0
  0
CIRCLE
  5
153B1
330
1F
100
AcDbEntity
  8
外形線
100
AcDbCircle
 10
28.58339586395334
 20
49.16995086038099
 30
0.0
 40
2.0
  0
LINE
  5
153B2
330
1F
100
AcDbEntity
  8
軸線
 48
0.5
100
AcDbLine
 10
31.41964086395325
 20
49.16995086038099
 30
0.0
 11
25.90453986395323
 21
49.16995086038099
 31
0.0
  0
LINE
  5
153B3
330
1F
100
AcDbEntity
  8
外形線
100
AcDbLine
 10
34.58339586395337
 20
53.96995086038097
 30
0.0
 11
34.38339586395335
 21
54.16995086038099
 31
0.0
  0
LINE
  5
153B4
330
1F
100
AcDbEntity
  8
外形線
100
AcDbLine
 10
23.58339586395334
 20
14.16995086038105
 30
0.0
 11
33.58339586395334
 21
14.16995086038105
 31
0.0
  0
LINE
  5
153B5
330
1F
100
AcDbEntity
  8
外形線
100
AcDbLine
 10
34.58339586395335
 20
15.16995086038105
 30
0.0
 11
22.58339586395334
 21
15.16995086038105
 31
0.0
  0
LINE
  5
153B6
330
1F
100
AcDbEntity
  8
外形線
100
AcDbLine
 10
22.58339586395334
 20
15.16995086038105
 30
0.0
 11
23.58339586395334
 21
14.16995086038105
 31
0.0
  0
LINE
  5
153B7
330
1F
100
AcDbEntity
  8
外形線
100
AcDbLine
 10
33.58339586395334
 20
14.16995086038105
 30
0.0
 11
34.58339586395335
 21
15.16995086038105
 31
0.0
  0
ENDSEC
  0
SECTION
  2
OBJECTS
  0
DICTIONARY
  5
C
330
0
100
AcDbDictionary
281
     1
  3
ACAD_2007HEADERVARS_RT
350
1544C
  3
ACAD_CIP_PREVIOUS_PRODUCT_INFO
350
141B3
  3
ACAD_COLOR
350
14196
  3
ACAD_DETAILVIEWSTYLE
350
141AF
  3
ACAD_FIELDLIST
350
14225
  3
ACAD_GROUP
350
D
  3
ACAD_LAYOUT
350
1A
  3
ACAD_MATERIAL
350
14164
  3
ACAD_MLEADERSTYLE
350
141AB
  3
ACAD_MLINESTYLE
350
17
  3
ACAD_PLOTSETTINGS
350
19
  3
ACAD_PLOTSTYLENAME
350
E
  3
ACAD_SCALELIST
350
14199
  3
ACAD_SECTIONVIEWSTYLE
350
141AD
  3
ACAD_TABLESTYLE
350
14197
  3
ACAD_VISUALSTYLE
350
1417D
  3
ACDB_RECOMPOSE_DATA
350
1544A
  3
AcDbVariableDictionary
350
1464E
  3
AcmDictionary
350
141E0
  3
AMG
350
141B4
  3
AMGSNAPSETTINGS
350
14294
  3
DWGPROPS
350
1544B
  3
PROF_MSBV
350
39C
  0
DICTIONARY
  5
6A9
330
2
100
AcDbDictionary
280
     1
281
     1
  3
ACAD_LAYERFILTERS
360
7D3
  3
ACAD_LAYERSTATES
360
6AA
  0
DICTIONARY
  5
14640
330
10
100
AcDbDictionary
280
     1
281
     1
  3
ADSK_XREC_LAYER_RECONCILED
360
14641
  0
DICTIONARY
  5
14642
330
6FA
100
AcDbDictionary
280
     1
281
     1
  3
ADSK_XREC_LAYER_RECONCILED
360
14643
  0
DICTIONARY
  5
14644
330
6FC
100
AcDbDictionary
280
     1
281
     1
  3
ADSK_XREC_LAYER_RECONCILED
360
14645
  0
DICTIONARY
  5
14646
330
ED1A
100
AcDbDictionary
280
     1
281
     1
  3
ADSK_XREC_LAYER_RECONCILED
360
14647
  0
DICTIONARY
  5
14648
330
12089
100
AcDbDictionary
280
     1
281
     1
  3
ADSK_XREC_LAYER_RECONCILED
360
14649
  0
DICTIONARY
  5
1464A
330
13852
100
AcDbDictionary
280
     1
281
     1
  3
ADSK_XREC_LAYER_RECONCILED
360
1464B
  0
DICTIONARY
  5
1464C
330
142F1
100
AcDbDictionary
280
     1
281
     1
  3
ADSK_XREC_LAYER_RECONCILED
360
1464D
  0
DICTIONARY
  5
14C01
330
14C00
100
AcDbDictionary
280
     1
281
     1
  0
DICTIONARY
  5
14438
330
1F
100
AcDbDictionary
280
     1
281
     1
  3
ACAD_SORTENTS
360
14439
  0
DICTIONARY
  5
1544C
102
{ACAD_REACTORS
330
C
102
}
330
C
100
AcDbDictionary
281
     1
  3
DIMARCSYM
350
1544D
  3
DIMLTEX1
350
1544F
  3
DIMLTEX2
350
15450
  3
DIMLTYPE
350
1544E
  0
XRECORD
  5
141B3
102
{ACAD_REACTORS
330
C
102
}
330
C
100
AcDbXrecord
280
     1
300
AMECH_PP
300
2015
300
PDSP_F_S
  0
DICTIONARY
  5
14196
102
{ACAD_REACTORS
330
C
102
}
330
C
100
AcDbDictionary
281
     1
  0
DICTIONARY
  5
141AF
102
{ACAD_REACTORS
330
C
102
}
330
C
100
AcDbDictionary
281
     1
  3
Imperial24
350
141B0
  3
Metric50
350
14C15
  0
FIELDLIST
  5
14225
102
{ACAD_REACTORS
330
C
102
}
330
C
100
AcDbIdSet
 90
       11
330
1525B
330
1525C
330
1525D
330
15203
330
15204
330
15205
330
15206
330
1520A
330
1520B
330
1520C
330
1520D
100
AcDbFieldList
  0
DICTIONARY
  5
D
102
{ACAD_REACTORS
330
C
102
}
330
C
100
AcDbDictionary
281
     1
  0
DICTIONARY
  5
1A
102
{ACAD_REACTORS
330
C
102
}
330
C
100
AcDbDictionary
281
     1
  3
Model
350
22
  3
ﾚｲｱｳﾄ1
350
1E
  3
ﾚｲｱｳﾄ2
350
26
  0
DICTIONARY
  5
14164
102
{ACAD_REACTORS
330
C
102
}
330
C
100
AcDbDictionary
281
     1
  3
ByBlock
350
1416D
  3
ByLayer
350
14165
  3
Global
350
14175
  0
DICTIONARY
  5
141AB
102
{ACAD_REACTORS
330
C
102
}
330
C
100
AcDbDictionary
281
     1
  3
Standard
350
141AC
  0
DICTIONARY
  5
17
102
{ACAD_REACTORS
330
C
102
}
330
C
100
AcDbDictionary
281
     1
  3
Standard
350
18
  0
DICTIONARY
  5
19
102
{ACAD_REACTORS
330
C
102
}
330
C
100
AcDbDictionary
281
     1
  0
ACDBDICTIONARYWDFLT
  5
E
102
{ACAD_REACTORS
330
C
102
}
330
C
100
AcDbDictionary
281
     1
  3
Normal
350
F
100
AcDbDictionaryWithDefault
340
F
  0
DICTIONARY
  5
14199
102
{ACAD_REACTORS
330
C
102
}
330
C
100
AcDbDictionary
281
     1
  3
A0
350
1419A
  3
A1
350
1419B
  3
A2
350
1419C
  3
A3
350
1419D
  3
A4
350
1419E
  3
A5
350
1419F
  3
A6
350
141A0
  3
A7
350
141A1
  3
A8
350
141A2
  3
A9
350
141A3
  3
B0
350
141A4
  3
B1
350
141A5
  3
B2
350
141A6
  3
B3
350
141A7
  3
B4
350
141A8
  3
B5
350
141A9
  3
B6
350
141AA
  0
DICTIONARY
  5
141AD
102
{ACAD_REACTORS
330
C
102
}
330
C
100
AcDbDictionary
281
     1
  3
Imperial24
350
141AE
  3
Metric50
350
14C11
  0
DICTIONARY
  5
14197
102
{ACAD_REACTORS
330
C
102
}
330
C
100
AcDbDictionary
281
     1
  3
Standard
350
14198
  0
DICTIONARY
  5
1417D
102
{ACAD_REACTORS
330
C
102
}
330
C
100
AcDbDictionary
281
     1
  3
2dWireframe
350
14183
  3
Basic
350
14182
  3
Brighten
350
14189
  3
ColorChange
350
1418D
  3
Conceptual
350
14186
  3
Dim
350
14188
  3
EdgeColorOff
350
14195
  3
Facepattern
350
1418C
  3
Flat
350
1417E
  3
FlatWithEdges
350
1417F
  3
Gouraud
350
14180
  3
GouraudWithEdges
350
14181
  3
Hidden
350
14185
  3
JitterOff
350
14193
  3
Linepattern
350
1418B
  3
OverhangOff
350
14194
  3
Realistic
350
14187
  3
Shaded
350
14192
  3
Shaded with edges
350
14191
  3
Shades of Gray
350
1418E
  3
Sketchy
350
1418F
  3
Thicken
350
1418A
  3
Wireframe
350
14184
  3
X-Ray
350
14190
  0
XRECORD
  5
1544A
102
{ACAD_REACTORS
330
C
102
}
330
C
100
AcDbXrecord
280
     1
 90
        1
330
14198
  0
DICTIONARY
  5
1464E
102
{ACAD_REACTORS
330
C
102
}
330
C
100
AcDbDictionary
281
     1
  3
CANNOSCALE
350
14653
  3
CMLEADERSTYLE
350
14650
  3
CTABLESTYLE
350
1464F
  3
CVIEWDETAILSTYLE
350
14651
  3
CVIEWSECTIONSTYLE
350
14652
  3
DIMASSOC
350
14656
  3
INDEXCTL
350
14655
  3
SORTENTS
350
14654
  3
XCLIPFRAME
350
15448
  0
DICTIONARY
  5
141E0
102
{ACAD_REACTORS
330
C
102
}
330
C
100
AcDbDictionary
281
     1
  3
AcmStdDictionary
350
141E9
  0
DICTIONARY
  5
141B4
102
{ACAD_REACTORS
330
C
102
}
330
C
100
AcDbDictionary
281
     1
  0
DICTIONARY
  5
14294
102
{ACAD_REACTORS
330
C
102
}
330
C
100
AcDbDictionary
281
     1
  0
XRECORD
  5
1544B
102
{ACAD_REACTORS
330
C
102
}
330
C
100
AcDbXrecord
280
     1
  1
DWGPROPS COOKIE
  2

  3

  4

  6

  7

  8
h.mihara
  9

300
=
301
=
302
=
303
=
304
=
305
=
306
=
307
=
308
=
309
=
 40
0.7144396643518518
 41
2452597.701646771
 42
2457235.576679653
  1

 90
        0
  0
DICTIONARY
  5
39C
102
{ACAD_REACTORS
330
C
102
}
330
C
100
AcDbDictionary
281
     1
  3
CMSNameMap
350
39D
  0
DICTIONARY
  5
7D3
102
{ACAD_REACTORS
330
6A9
102
}
330
6A9
100
AcDbDictionary
280
     1
281
     1
  3
中田
360
7D4
  0
DICTIONARY
  5
6AA
102
{ACAD_REACTORS
330
6A9
102
}
330
6A9
100
AcDbDictionary
281
     1
  0
XRECORD
  5
14641
102
{ACAD_REACTORS
330
14640
102
}
330
14640
100
AcDbXrecord
280
     1
290
     1
  0
XRECORD
  5
14643
102
{ACAD_REACTORS
330
14642
102
}
330
14642
100
AcDbXrecord
280
     1
290
     1
  0
XRECORD
  5
14645
102
{ACAD_REACTORS
330
14644
102
}
330
14644
100
AcDbXrecord
280
     1
290
     1
  0
XRECORD
  5
14647
102
{ACAD_REACTORS
330
14646
102
}
330
14646
100
AcDbXrecord
280
     1
290
     1
  0
XRECORD
  5
14649
102
{ACAD_REACTORS
330
14648
102
}
330
14648
100
AcDbXrecord
280
     1
290
     1
  0
XRECORD
  5
1464B
102
{ACAD_REACTORS
330
1464A
102
}
330
1464A
100
AcDbXrecord
280
     1
290
     1
  0
XRECORD
  5
1464D
102
{ACAD_REACTORS
330
1464C
102
}
330
1464C
100
AcDbXrecord
280
     1
290
     1
  0
SORTENTSTABLE
  5
14439
102
{ACAD_REACTORS
330
14438
102
}
330
14438
100
AcDbSortentsTable
330
1F
331
13CF5
  5
13CF5
  0
XRECORD
  5
1544D
102
{ACAD_REACTORS
330
1544C
102
}
330
1544C
100
AcDbXrecord
280
     1
 70
     1
  0
XRECORD
  5
1544F
102
{ACAD_REACTORS
330
1544C
102
}
330
1544C
100
AcDbXrecord
280
     1
340
14
  0
XRECORD
  5
15450
102
{ACAD_REACTORS
330
1544C
102
}
330
1544C
100
AcDbXrecord
280
     1
340
14
  0
XRECORD
  5
1544E
102
{ACAD_REACTORS
330
1544C
102
}
330
1544C
100
AcDbXrecord
280
     1
340
14
  0
ACDBDETAILVIEWSTYLE
  5
141B0
102
{ACAD_XDICTIONARY
360
1548A
102
}
102
{ACAD_REACTORS
330
141AF
330
151FE
330
152A0
102
}
330
141AF
100
AcDbModelDocViewStyle
 70
     0
  3
Imperial24
290
     0
100
AcDbDetailViewStyle
 70
     0
 71
     0
 90
        3
 71
     1
340
11
 40
0.24
340
0
 40
0.24
300

 40
0.36
280
     3
 71
     2
340
16
 90
       25
 71
     3
340
11
 40
0.24
 90
        1
 40
0.75
 90
        1
300
%<\AcVar ViewType \f "%tc1">% %<\AcVar ViewDetailId>%\PSCALE %<\AcVar ViewScale \f "%sn">%
 71
     4
340
16
 90
       25
340
16
 90
       25
280
     0
  0
ACDBDETAILVIEWSTYLE
  5
14C15
102
{ACAD_XDICTIONARY
360
1548E
102
}
102
{ACAD_REACTORS
330
141AF
330
151FF
102
}
330
141AF
100
AcDbModelDocViewStyle
 70
     0
  3
Metric50
290
     0
100
AcDbDetailViewStyle
 70
     0
 71
     0
 90
        3
 71
     1
340
11
 40
5.0
340
0
 40
5.0
300

 40
0.0
280
     1
 71
     2
340
16
 90
       25
 71
     3
340
11
 40
5.0
 90
        0
 40
15.0
 90
        1
300
%<\AcVar ViewDetailId>% (%<\AcVar ViewScale \f "%sn">%)
 71
     4
340
16
 90
       25
340
16
 90
       25
280
     0
  0
LAYOUT
  5
22
102
{ACAD_XDICTIONARY
360
15453
102
}
102
{ACAD_REACTORS
330
1A
102
}
330
1A
100
AcDbPlotSettings
  1

  2
Auto cad A3ECO.pc3
  4
A3
  6

 40
5.873749732971191
 41
5.873747825622557
 42
5.873748779296875
 43
5.873748779296875
 44
296.9259948730469
 45
419.9466552734373
 46
7.589999999999997
 47
6.599999999999997
 48
12.5
 49
11.0
140
407.5
141
281.0
142
1.0
143
1.0
 70
 11956
 72
     1
 73
     1
 74
     4
  7
PEN1.ctb
 75
    16
147
1.0
148
-12.5
149
-11.0
100
AcDbLayout
  1
Model
 70
     1
 71
     0
 10
0.0
 20
0.0
 11
12.0
 21
9.0
 12
0.0
 22
0.0
 32
0.0
 14
0.0
 24
0.0
 34
0.0
 15
0.0
 25
0.0
 35
0.0
146
0.0
 13
0.0
 23
0.0
 33
0.0
 16
1.0
 26
0.0
 36
0.0
 17
0.0
 27
1.0
 37
0.0
 76
     0
330
1F
331
14160
  0
LAYOUT
  5
1E
102
{ACAD_XDICTIONARY
360
15451
102
}
102
{ACAD_REACTORS
330
1A
102
}
330
1A
100
AcDbPlotSettings
  1

  2
\\TECH_SERVER\RICOH SP9II RPDL
  4

  6

 40
0.0
 41
0.0
 42
0.0
 43
0.0
 44
0.0
 45
0.0
 46
0.0
 47
0.0
 48
0.0
 49
0.0
140
0.0
141
0.0
142
1.0
143
1.0
 70
   688
 72
     0
 73
     0
 74
     5
  7
PEN1.ctb
 75
    16
147
1.0
148
0.0
149
0.0
100
AcDbLayout
  1
ﾚｲｱｳﾄ1
 70
     1
 71
     1
 10
0.0
 20
0.0
 11
420.0
 21
297.0
 12
0.0
 22
0.0
 32
0.0
 14
1.000000000000000E+20
 24
1.000000000000000E+20
 34
1.000000000000000E+20
 15
-1.000000000000000E+20
 25
-1.000000000000000E+20
 35
-1.000000000000000E+20
146
0.0
 13
0.0
 23
0.0
 33
0.0
 16
1.0
 26
0.0
 36
0.0
 17
0.0
 27
1.0
 37
0.0
 76
     0
330
1B
  0
LAYOUT
  5
26
102
{ACAD_XDICTIONARY
360
15455
102
}
102
{ACAD_REACTORS
330
1A
102
}
330
1A
100
AcDbPlotSettings
  1

  2
\\TECH_SERVER\RICOH SP9II RPDL
  4

  6

 40
0.0
 41
0.0
 42
0.0
 43
0.0
 44
0.0
 45
0.0
 46
0.0
 47
0.0
 48
0.0
 49
0.0
140
0.0
141
0.0
142
1.0
143
1.0
 70
   688
 72
     0
 73
     0
 74
     5
  7
PEN1.ctb
 75
    16
147
1.0
148
0.0
149
0.0
100
AcDbLayout
  1
ﾚｲｱｳﾄ2
 70
     1
 71
     2
 10
0.0
 20
0.0
 11
12.0
 21
9.0
 12
0.0
 22
0.0
 32
0.0
 14
0.0
 24
0.0
 34
0.0
 15
0.0
 25
0.0
 35
0.0
146
0.0
 13
0.0
 23
0.0
 33
0.0
 16
1.0
 26
0.0
 36
0.0
 17
0.0
 27
1.0
 37
0.0
 76
     0
330
23
  0
MATERIAL
  5
1416D
102
{ACAD_XDICTIONARY
360
1416E
102
}
102
{ACAD_REACTORS
330
14164
102
}
330
14164
100
AcDbMaterial
  1
ByBlock
 72
     0
 43
0.0008202099737533
 43
0.0
 43
0.0
 43
0.0
 43
0.0
 43
0.0008202099737533
 43
0.0
 43
0.0
 43
0.0
 43
0.0
 43
1.0
 43
0.0
 43
0.0
 43
0.0
 43
0.0
 43
1.0
 77
     0
 47
0.0008202099737533
 47
0.0
 47
0.0
 47
0.0
 47
0.0
 47
0.0008202099737533
 47
0.0
 47
0.0
 47
0.0
 47
0.0
 47
1.0
 47
0.0
 47
0.0
 47
0.0
 47
0.0
 47
1.0
171
     0
 49
0.0008202099737533
 49
0.0
 49
0.0
 49
0.0
 49
0.0
 49
0.0008202099737533
 49
0.0
 49
0.0
 49
0.0
 49
0.0
 49
1.0
 49
0.0
 49
0.0
 49
0.0
 49
0.0
 49
1.0
175
     0
142
0.0008202099737533
142
0.0
142
0.0
142
0.0
142
0.0
142
0.0008202099737533
142
0.0
142
0.0
142
0.0
142
0.0
142
1.0
142
0.0
142
0.0
142
0.0
142
0.0
142
1.0
179
     0
144
0.0008202099737533
144
0.0
144
0.0
144
0.0
144
0.0
144
0.0008202099737533
144
0.0
144
0.0
144
0.0
144
0.0
144
1.0
144
0.0
144
0.0
144
0.0
144
0.0
144
1.0
147
0.0008202099737533
147
0.0
147
0.0
147
0.0
147
0.0
147
0.0008202099737533
147
0.0
147
0.0
147
0.0
147
0.0
147
1.0
147
0.0
147
0.0
147
0.0
147
0.0
147
1.0
  0
MATERIAL
  5
14165
102
{ACAD_XDICTIONARY
360
14166
102
}
102
{ACAD_REACTORS
330
14164
102
}
330
14164
100
AcDbMaterial
  1
ByLayer
 72
     0
 43
0.0008202099737533
 43
0.0
 43
0.0
 43
0.0
 43
0.0
 43
0.0008202099737533
 43
0.0
 43
0.0
 43
0.0
 43
0.0
 43
1.0
 43
0.0
 43
0.0
 43
0.0
 43
0.0
 43
1.0
 77
     0
 47
0.0008202099737533
 47
0.0
 47
0.0
 47
0.0
 47
0.0
 47
0.0008202099737533
 47
0.0
 47
0.0
 47
0.0
 47
0.0
 47
1.0
 47
0.0
 47
0.0
 47
0.0
 47
0.0
 47
1.0
171
     0
 49
0.0008202099737533
 49
0.0
 49
0.0
 49
0.0
 49
0.0
 49
0.0008202099737533
 49
0.0
 49
0.0
 49
0.0
 49
0.0
 49
1.0
 49
0.0
 49
0.0
 49
0.0
 49
0.0
 49
1.0
175
     0
142
0.0008202099737533
142
0.0
142
0.0
142
0.0
142
0.0
142
0.0008202099737533
142
0.0
142
0.0
142
0.0
142
0.0
142
1.0
142
0.0
142
0.0
142
0.0
142
0.0
142
1.0
179
     0
144
0.0008202099737533
144
0.0
144
0.0
144
0.0
144
0.0
144
0.0008202099737533
144
0.0
144
0.0
144
0.0
144
0.0
144
1.0
144
0.0
144
0.0
144
0.0
144
0.0
144
1.0
147
0.0008202099737533
147
0.0
147
0.0
147
0.0
147
0.0
147
0.0008202099737533
147
0.0
147
0.0
147
0.0
147
0.0
147
1.0
147
0.0
147
0.0
147
0.0
147
0.0
147
1.0
  0
MATERIAL
  5
14175
102
{ACAD_XDICTIONARY
360
14176
102
}
102
{ACAD_REACTORS
330
14164
102
}
330
14164
100
AcDbMaterial
  1
Global
 72
     0
 43
0.0008202099737533
 43
0.0
 43
0.0
 43
0.0
 43
0.0
 43
0.0008202099737533
 43
0.0
 43
0.0
 43
0.0
 43
0.0
 43
1.0
 43
0.0
 43
0.0
 43
0.0
 43
0.0
 43
1.0
 77
     0
 47
0.0008202099737533
 47
0.0
 47
0.0
 47
0.0
 47
0.0
 47
0.0008202099737533
 47
0.0
 47
0.0
 47
0.0
 47
0.0
 47
1.0
 47
0.0
 47
0.0
 47
0.0
 47
0.0
 47
1.0
171
     0
 49
0.0008202099737533
 49
0.0
 49
0.0
 49
0.0
 49
0.0
 49
0.0008202099737533
 49
0.0
 49
0.0
 49
0.0
 49
0.0
 49
1.0
 49
0.0
 49
0.0
 49
0.0
 49
0.0
 49
1.0
175
     0
142
0.0008202099737533
142
0.0
142
0.0
142
0.0
142
0.0
142
0.0008202099737533
142
0.0
142
0.0
142
0.0
142
0.0
142
1.0
142
0.0
142
0.0
142
0.0
142
0.0
142
1.0
179
     0
144
0.0008202099737533
144
0.0
144
0.0
144
0.0
144
0.0
144
0.0008202099737533
144
0.0
144
0.0
144
0.0
144
0.0
144
1.0
144
0.0
144
0.0
144
0.0
144
0.0
144
1.0
147
0.0008202099737533
147
0.0
147
0.0
147
0.0
147
0.0
147
0.0008202099737533
147
0.0
147
0.0
147
0.0
147
0.0
147
1.0
147
0.0
147
0.0
147
0.0
147
0.0
147
1.0
  0
MLEADERSTYLE
  5
141AC
102
{ACAD_REACTORS
330
141AB
102
}
330
141AB
100
AcDbMLeaderStyle
170
     2
171
     1
172
     0
 90
        2
 40
0.0
 41
0.0
173
     1
 91
-1056964608
340
14
 92
       -2
290
     1
 42
0.09
291
     1
 43
0.36
  3
Standard
 44
0.18
300

342
11
174
     1
178
     6
175
     1
176
     0
 93
-1056964608
 45
0.18
292
     0
297
     0
 46
0.18
 94
-1056964608
 47
1.0
 49
1.0
140
1.0
293
     1
141
0.0
294
     1
177
     0
142
1.0
295
     0
296
     0
143
0.125
1001
ACAD_MLEADERVER
1070
     2
  0
MLINESTYLE
  5
18
102
{ACAD_REACTORS
330
17
102
}
330
17
100
AcDbMlineStyle
  2
STANDARD
 70
     0
  3

 62
   256
 51
90.0
 52
90.0
 71
     2
 49
0.5
 62
   256
  6
BYLAYER
 49
-0.5
 62
   256
  6
BYLAYER
  0
ACDBPLACEHOLDER
  5
F
102
{ACAD_REACTORS
330
E
102
}
330
E
  0
SCALE
  5
1419A
102
{ACAD_REACTORS
330
14199
102
}
330
14199
100
AcDbScale
 70
     0
300
1:1
140
1.0
141
1.0
290
     1
  0
SCALE
  5
1419B
102
{ACAD_REACTORS
330
14199
102
}
330
14199
100
AcDbScale
 70
     0
300
1/128" = 1'-0"
140
0.0078125
141
12.0
290
     0
  0
SCALE
  5
1419C
102
{ACAD_REACTORS
330
14199
102
}
330
14199
100
AcDbScale
 70
     0
300
1/64" = 1'-0"
140
0.015625
141
12.0
290
     0
  0
SCALE
  5
1419D
102
{ACAD_REACTORS
330
14199
102
}
330
14199
100
AcDbScale
 70
     0
300
1/32" = 1'-0"
140
0.03125
141
12.0
290
     0
  0
SCALE
  5
1419E
102
{ACAD_REACTORS
330
14199
102
}
330
14199
100
AcDbScale
 70
     0
300
1/16" = 1'-0"
140
0.0625
141
12.0
290
     0
  0
SCALE
  5
1419F
102
{ACAD_REACTORS
330
14199
102
}
330
14199
100
AcDbScale
 70
     0
300
3/32" = 1'-0"
140
0.09375
141
12.0
290
     0
  0
SCALE
  5
141A0
102
{ACAD_REACTORS
330
14199
102
}
330
14199
100
AcDbScale
 70
     0
300
1/8" = 1'-0"
140
0.125
141
12.0
290
     0
  0
SCALE
  5
141A1
102
{ACAD_REACTORS
330
14199
102
}
330
14199
100
AcDbScale
 70
     0
300
3/16" = 1'-0"
140
0.1875
141
12.0
290
     0
  0
SCALE
  5
141A2
102
{ACAD_REACTORS
330
14199
102
}
330
14199
100
AcDbScale
 70
     0
300
1/4" = 1'-0"
140
0.25
141
12.0
290
     0
  0
SCALE
  5
141A3
102
{ACAD_REACTORS
330
14199
102
}
330
14199
100
AcDbScale
 70
     0
300
3/8" = 1'-0"
140
0.375
141
12.0
290
     0
  0
SCALE
  5
141A4
102
{ACAD_REACTORS
330
14199
102
}
330
14199
100
AcDbScale
 70
     0
300
1/2" = 1'-0"
140
0.5
141
12.0
290
     0
  0
SCALE
  5
141A5
102
{ACAD_REACTORS
330
14199
102
}
330
14199
100
AcDbScale
 70
     0
300
3/4" = 1'-0"
140
0.75
141
12.0
290
     0
  0
SCALE
  5
141A6
102
{ACAD_REACTORS
330
14199
102
}
330
14199
100
AcDbScale
 70
     0
300
1" = 1'-0"
140
1.0
141
12.0
290
     0
  0
SCALE
  5
141A7
102
{ACAD_REACTORS
330
14199
102
}
330
14199
100
AcDbScale
 70
     0
300
1-1/2" = 1'-0"
140
1.5
141
12.0
290
     0
  0
SCALE
  5
141A8
102
{ACAD_REACTORS
330
14199
102
}
330
14199
100
AcDbScale
 70
     0
300
3" = 1'-0"
140
3.0
141
12.0
290
     0
  0
SCALE
  5
141A9
102
{ACAD_REACTORS
330
14199
102
}
330
14199
100
AcDbScale
 70
     0
300
6" = 1'-0"
140
6.0
141
12.0
290
     0
  0
SCALE
  5
141AA
102
{ACAD_REACTORS
330
14199
102
}
330
14199
100
AcDbScale
 70
     0
300
1'-0" = 1'-0"
140
12.0
141
12.0
290
     0
  0
ACDBSECTIONVIEWSTYLE
  5
141AE
102
{ACAD_XDICTIONARY
360
15488
102
}
102
{ACAD_REACTORS
330
141AD
330
151FC
330
1529F
102
}
330
141AD
100
AcDbModelDocViewStyle
 70
     0
  3
Imperial24
290
     0
100
AcDbSectionViewStyle
 70
     0
 71
     0
 90
       78
 71
     1
340
11
 40
0.24
340
0
340
0
 40
0.24
300
I, O, Q, S, X, Z
 40
0.48
 90
        3
 40
0.18
 90
        1
 71
     2
340
16
 90
       25
340
16
 90
       50
 40
0.24
 40
0.0
 40
0.24
 71
     3
340
11
 40
0.24
 90
        1
 40
0.75
 90
        1
300
%<\AcVar ViewType \f "%tc1">% %<\AcVar ViewSectionStartId>%-%<\AcVar ViewSectionEndId>%\PSCALE %<\AcVar ViewScale \f "%sn">%
 71
     4
300
ANSI31
 40
1.0
 90
        0
290
     0
290
     0
 90
        6
 40
0.0
 40
1.570796326794896
 40
0.2617993877991494
 40
1.308996938995747
 40
-0.2617993877991494
 40
1.832595714594044
  0
ACDBSECTIONVIEWSTYLE
  5
14C11
102
{ACAD_XDICTIONARY
360
1548C
102
}
102
{ACAD_REACTORS
330
141AD
330
151FD
102
}
330
141AD
100
AcDbModelDocViewStyle
 70
     0
  3
Metric50
290
     0
100
AcDbSectionViewStyle
 70
     0
 71
     0
 90
      102
 71
     1
340
11
 40
5.0
340
0
340
0
 40
5.0
300
I, O, Q, S, X, Z
 40
10.0
 90
        0
 40
2.5
 90
        0
 71
     2
340
16
 90
       25
340
16
 90
       50
 40
5.0
 40
2.5
 40
5.0
 71
     3
340
11
 40
5.0
 90
        0
 40
15.0
 90
        1
300
%<\AcVar ViewSectionStartId>%-%<\AcVar ViewSectionEndId>% (%<\AcVar ViewScale \f "%sn">%)
 71
     4
300
ANSI31
 40
1.0
 90
        0
290
     0
290
     0
 90
        6
 40
0.0
 40
1.570796326794896
 40
0.2617993877991494
 40
1.308996938995747
 40
-0.2617993877991494
 40
1.832595714594044
  0
TABLESTYLE
  5
14198
102
{ACAD_XDICTIONARY
360
14658
102
}
102
{ACAD_REACTORS
330
14197
102
}
330
14197
100
AcDbTableStyle
  3
Standard
 70
     0
 71
     0
 40
0.06
 41
0.06
280
     0
281
     0
  7
Standard
140
0.18
170
     2
 62
     0
 63
     7
283
     0
274
    -2
284
     1
 64
     0
275
    -2
285
     1
 65
     0
276
    -2
286
     1
 66
     0
277
    -2
287
     1
 67
     0
278
    -2
288
     1
 68
     0
279
    -2
289
     1
 69
     0
  7
Standard
140
0.25
170
     5
 62
     0
 63
     7
283
     0
274
    -2
284
     1
 64
     0
275
    -2
285
     1
 65
     0
276
    -2
286
     1
 66
     0
277
    -2
287
     1
 67
     0
278
    -2
288
     1
 68
     0
279
    -2
289
     1
 69
     0
  7
Standard
140
0.18
170
     5
 62
     0
 63
     7
283
     0
274
    -2
284
     1
 64
     0
275
    -2
285
     1
 65
     0
276
    -2
286
     1
 66
     0
277
    -2
287
     1
 67
     0
278
    -2
288
     1
 68
     0
279
    -2
289
     1
 69
     0
  0
VISUALSTYLE
  5
14183
102
{ACAD_XDICTIONARY
360
15461
102
}
102
{ACAD_REACTORS
330
1417D
102
}
330
1417D
100
AcDbVisualStyle
  2

 70
     4
 71
     0
 72
     2
 73
     0
 90
        0
 40
-0.6
 41
-30.0
 62
     5
 63
     7
 74
     1
 91
        4
 64
     7
 65
   257
 75
     1
175
     1
 42
1.0
 92
        0
 66
   257
 43
1.0
 76
     1
 77
     6
 78
     2
 67
     7
 79
     5
170
     0
171
     0
290
     0
174
     0
 93
        1
 44
0.0
173
     0
291
     0
 45
0.0
1001
ACAD
1000
AcDbSavedByObjectVersion
1070
     0
  0
VISUALSTYLE
  5
14182
102
{ACAD_XDICTIONARY
360
1545F
102
}
102
{ACAD_REACTORS
330
1417D
102
}
330
1417D
100
AcDbVisualStyle
  2

 70
     7
 71
     1
 72
     0
 73
     1
 90
        0
 40
-0.6
 41
-30.0
 62
     5
 63
     7
 74
     0
 91
        4
 64
     7
 65
   257
 75
     1
175
     1
 42
1.0
 92
        8
 66
     7
 43
1.0
 76
     1
 77
     6
 78
     2
 67
     7
 79
     5
170
     0
171
     0
290
     0
174
     0
 93
        1
 44
0.0
173
     0
291
     1
 45
0.0
1001
ACAD
1000
AcDbSavedByObjectVersion
1070
     0
  0
VISUALSTYLE
  5
14189
102
{ACAD_XDICTIONARY
360
1546D
102
}
102
{ACAD_REACTORS
330
1417D
102
}
330
1417D
100
AcDbVisualStyle
  2

 70
    12
 71
     2
 72
     2
 73
     0
 90
        0
 40
-0.6
 41
-30.0
 62
     5
 63
     7
 74
     1
 91
        4
 64
     7
 65
   257
 75
     1
175
     1
 42
1.0
 92
        8
 66
     7
 43
1.0
 76
     1
 77
     6
 78
     2
 67
     7
 79
     5
170
     0
171
     0
290
     0
174
     0
 93
        1
 44
50.0
173
     0
291
     1
 45
0.0
1001
ACAD
1000
AcDbSavedByObjectVersion
1070
     0
  0
VISUALSTYLE
  5
1418D
102
{ACAD_XDICTIONARY
360
15475
102
}
102
{ACAD_REACTORS
330
1417D
102
}
330
1417D
100
AcDbVisualStyle
  2

 70
    16
 71
     2
 72
     2
 73
     3
 90
        0
 40
-0.6
 41
-30.0
 62
     5
 63
     8
 74
     1
 91
        4
 64
     7
 65
   257
 75
     1
175
     1
 42
1.0
 92
        8
 66
     8
 43
1.0
 76
     1
 77
     6
 78
     2
 67
     7
 79
     5
170
     0
171
     0
290
     0
174
     0
 93
        1
 44
0.0
173
     0
291
     1
 45
0.0
1001
ACAD
1000
AcDbSavedByObjectVersion
1070
     0
  0
VISUALSTYLE
  5
14186
102
{ACAD_XDICTIONARY
360
15467
102
}
102
{ACAD_REACTORS
330
1417D
102
}
330
1417D
100
AcDbVisualStyle
  2

 70
     9
 71
     3
 72
     2
 73
     0
 90
        0
 40
-0.6
 41
-30.0
 62
     5
 63
     7
 74
     2
 91
        2
 64
     7
 65
   257
 75
     1
175
     1
 42
179.0
 92
        8
 66
     7
 43
1.0
 76
     1
 77
     6
 78
     2
 67
     7
 79
     3
170
     0
171
     0
290
     0
174
     0
 93
        1
 44
0.0
173
     0
291
     0
 45
0.0
1001
ACAD
1000
AcDbSavedByObjectVersion
1070
     0
  0
VISUALSTYLE
  5
14188
102
{ACAD_XDICTIONARY
360
1546B
102
}
102
{ACAD_REACTORS
330
1417D
102
}
330
1417D
100
AcDbVisualStyle
  2

 70
    11
 71
     2
 72
     2
 73
     0
 90
        0
 40
-0.6
 41
-30.0
 62
     5
 63
     7
 74
     1
 91
        4
 64
     7
 65
   257
 75
     1
175
     1
 42
1.0
 92
        8
 66
     7
 43
1.0
 76
     1
 77
     6
 78
     2
 67
     7
 79
     5
170
     0
171
     0
290
     0
174
     0
 93
        1
 44
-50.0
173
     0
291
     1
 45
0.0
1001
ACAD
1000
AcDbSavedByObjectVersion
1070
     0
  0
VISUALSTYLE
  5
14195
102
{ACAD_XDICTIONARY
360
15485
102
}
102
{ACAD_REACTORS
330
1417D
102
}
330
1417D
100
AcDbVisualStyle
  2

 70
    22
 71
     2
 72
     2
 73
     0
 90
        0
 40
-0.6
 41
-30.0
 62
     5
 63
     7
 74
     1
 91
        4
 64
     7
 65
   257
 75
     1
175
     1
 42
1.0
 92
        8
 66
     7
 43
1.0
 76
     1
 77
     6
 78
     2
 67
     7
 79
     5
170
     0
171
     0
290
     0
174
     0
 93
        1
 44
0.0
173
     0
291
     1
 45
0.0
1001
ACAD
1000
AcDbSavedByObjectVersion
1070
     0
  0
VISUALSTYLE
  5
1418C
102
{ACAD_XDICTIONARY
360
15473
102
}
102
{ACAD_REACTORS
330
1417D
102
}
330
1417D
100
AcDbVisualStyle
  2

 70
    15
 71
     2
 72
     2
 73
     0
 90
        0
 40
-0.6
 41
-30.0
 62
     5
 63
     7
 74
     1
 91
        4
 64
     7
 65
   257
 75
     1
175
     1
 42
1.0
 92
        8
 66
     7
 43
1.0
 76
     1
 77
     6
 78
     2
 67
     7
 79
     5
170
     0
171
     0
290
     0
174
     0
 93
        1
 44
0.0
173
     0
291
     1
 45
0.0
1001
ACAD
1000
AcDbSavedByObjectVersion
1070
     0
  0
VISUALSTYLE
  5
1417E
102
{ACAD_XDICTIONARY
360
15457
102
}
102
{ACAD_REACTORS
330
1417D
102
}
330
1417D
100
AcDbVisualStyle
  2

 70
     0
 71
     2
 72
     1
 73
     1
 90
        2
 40
-0.6
 41
30.0
 62
     5
 63
     7
 74
     0
 91
        0
 64
     7
 65
   257
 75
     1
175
     1
 42
1.0
 92
        8
 66
     7
 43
1.0
 76
     1
 77
     6
 78
     2
 67
     7
 79
     5
170
     0
171
     0
290
     0
174
     0
 93
       13
 44
0.0
173
     0
291
     1
 45
0.0
1001
ACAD
1000
AcDbSavedByObjectVersion
1070
     0
  0
VISUALSTYLE
  5
1417F
102
{ACAD_XDICTIONARY
360
15459
102
}
102
{ACAD_REACTORS
330
1417D
102
}
330
1417D
100
AcDbVisualStyle
  2

 70
     1
 71
     2
 72
     1
 73
     1
 90
        2
 40
-0.6
 41
30.0
 62
     5
 63
     7
 74
     1
 91
        0
 64
     7
 65
   257
 75
     1
175
     1
 42
1.0
 92
        0
 66
   257
 43
1.0
 76
     1
 77
     6
 78
     2
 67
     7
 79
     5
170
     0
171
     0
290
     0
174
     0
 93
       13
 44
0.0
173
     0
291
     1
 45
0.0
1001
ACAD
1000
AcDbSavedByObjectVersion
1070
     0
  0
VISUALSTYLE
  5
14180
102
{ACAD_XDICTIONARY
360
1545B
102
}
102
{ACAD_REACTORS
330
1417D
102
}
330
1417D
100
AcDbVisualStyle
  2

 70
     2
 71
     2
 72
     2
 73
     1
 90
        2
 40
-0.6
 41
30.0
 62
     5
 63
     7
 74
     0
 91
        0
 64
     7
 65
   257
 75
     1
175
     1
 42
1.0
 92
        0
 66
     7
 43
1.0
 76
     1
 77
     6
 78
     2
 67
     7
 79
     5
170
     0
171
     0
290
     0
174
     0
 93
       13
 44
0.0
173
     0
291
     1
 45
0.0
1001
ACAD
1000
AcDbSavedByObjectVersion
1070
     0
  0
VISUALSTYLE
  5
14181
102
{ACAD_XDICTIONARY
360
1545D
102
}
102
{ACAD_REACTORS
330
1417D
102
}
330
1417D
100
AcDbVisualStyle
  2

 70
     3
 71
     2
 72
     2
 73
     1
 90
        2
 40
-0.6
 41
30.0
 62
     5
 63
     7
 74
     1
 91
        0
 64
     7
 65
   257
 75
     1
175
     1
 42
1.0
 92
        0
 66
   257
 43
1.0
 76
     1
 77
     6
 78
     2
 67
     7
 79
     5
170
     0
171
     0
290
     0
174
     0
 93
       13
 44
0.0
173
     0
291
     1
 45
0.0
1001
ACAD
1000
AcDbSavedByObjectVersion
1070
     0
  0
VISUALSTYLE
  5
14185
102
{ACAD_XDICTIONARY
360
15465
102
}
102
{ACAD_REACTORS
330
1417D
102
}
330
1417D
100
AcDbVisualStyle
  2

 70
     6
 71
     1
 72
     2
 73
     2
 90
        0
 40
-0.6
 41
-30.0
 62
     5
 63
     7
 74
     2
 91
        2
 64
     7
 65
   257
 75
     2
175
     1
 42
40.0
 92
        0
 66
   257
 43
1.0
 76
     1
 77
     6
 78
     2
 67
     7
 79
     3
170
     0
171
     0
290
     0
174
     0
 93
        1
 44
0.0
173
     0
291
     0
 45
0.0
1001
ACAD
1000
AcDbSavedByObjectVersion
1070
     0
  0
VISUALSTYLE
  5
14193
102
{ACAD_XDICTIONARY
360
15481
102
}
102
{ACAD_REACTORS
330
1417D
102
}
330
1417D
100
AcDbVisualStyle
  2

 70
    20
 71
     2
 72
     2
 73
     0
 90
        0
 40
-0.6
 41
-30.0
 62
     5
 63
     7
 74
     1
 91
        4
 64
     7
 65
   257
 75
     1
175
     1
 42
1.0
 92
       10
 66
     7
 43
1.0
 76
     1
 77
     6
 78
     2
 67
     7
 79
     5
170
     0
171
     0
290
     0
174
     0
 93
        1
 44
0.0
173
     0
291
     1
 45
0.0
1001
ACAD
1000
AcDbSavedByObjectVersion
1070
     0
  0
VISUALSTYLE
  5
1418B
102
{ACAD_XDICTIONARY
360
15471
102
}
102
{ACAD_REACTORS
330
1417D
102
}
330
1417D
100
AcDbVisualStyle
  2

 70
    14
 71
     2
 72
     2
 73
     0
 90
        0
 40
-0.6
 41
-30.0
 62
     5
 63
     7
 74
     1
 91
        4
 64
     7
 65
   257
 75
     7
175
     7
 42
1.0
 92
        8
 66
     7
 43
1.0
 76
     1
 77
     6
 78
     2
 67
     7
 79
     5
170
     0
171
     0
290
     0
174
     0
 93
        1
 44
0.0
173
     0
291
     1
 45
0.0
1001
ACAD
1000
AcDbSavedByObjectVersion
1070
     0
  0
VISUALSTYLE
  5
14194
102
{ACAD_XDICTIONARY
360
15483
102
}
102
{ACAD_REACTORS
330
1417D
102
}
330
1417D
100
AcDbVisualStyle
  2

 70
    21
 71
     2
 72
     2
 73
     0
 90
        0
 40
-0.6
 41
-30.0
 62
     5
 63
     7
 74
     1
 91
        4
 64
     7
 65
   257
 75
     1
175
     1
 42
1.0
 92
        9
 66
     7
 43
1.0
 76
     1
 77
     6
 78
     2
 67
     7
 79
     5
170
     0
171
     0
290
     0
174
     0
 93
        1
 44
0.0
173
     0
291
     1
 45
0.0
1001
ACAD
1000
AcDbSavedByObjectVersion
1070
     0
  0
VISUALSTYLE
  5
14187
102
{ACAD_XDICTIONARY
360
15469
102
}
102
{ACAD_REACTORS
330
1417D
102
}
330
1417D
100
AcDbVisualStyle
  2

 70
     8
 71
     2
 72
     3
 73
     0
 90
        2
 40
-0.6
 41
30.0
 62
     5
 63
     7
 74
     0
 91
        0
 64
     7
 65
   257
 75
     1
175
     1
 42
1.0
 92
        8
 66
   257
 43
1.0
 76
     1
 77
     6
 78
     2
 67
     7
 79
     3
170
     0
171
     0
290
     0
174
     0
 93
       13
 44
0.0
173
     0
291
     0
 45
0.0
1001
ACAD
1000
AcDbSavedByObjectVersion
1070
     0
  0
VISUALSTYLE
  5
14192
102
{ACAD_XDICTIONARY
360
1547F
102
}
102
{ACAD_REACTORS
330
1417D
102
}
330
1417D
100
AcDbVisualStyle
  2

 70
    27
 71
     2
 72
     2
 73
     1
 90
        2
 40
-0.6
 41
30.0
 62
     5
 63
     7
 74
     0
 91
        4
 64
     7
 65
   257
 75
     1
175
     1
 42
1.0
 92
        8
 66
   257
 43
1.0
 76
     1
 77
     6
 78
     2
 67
     8
 79
     3
170
     0
171
     0
290
     0
174
     0
 93
        5
 44
0.0
173
     0
291
     0
 45
0.0
1001
ACAD
1000
AcDbSavedByObjectVersion
1070
     0
  0
VISUALSTYLE
  5
14191
102
{ACAD_XDICTIONARY
360
1547D
102
}
102
{ACAD_REACTORS
330
1417D
102
}
330
1417D
100
AcDbVisualStyle
  2

 70
    26
 71
     2
 72
     2
 73
     1
 90
        2
 40
-0.6
 41
30.0
 62
     5
 63
     7
 74
     1
 91
       10
 64
     7
 65
   257
 75
     2
175
     1
 42
1.0
 92
        8
 66
   257
 43
1.0
 76
     1
 77
     6
 78
     2
 67
     7
 79
     3
170
     0
171
     0
290
     0
174
     0
 93
        5
 44
0.0
173
     0
291
     0
 45
0.0
1001
ACAD
1000
AcDbSavedByObjectVersion
1070
     0
  0
VISUALSTYLE
  5
1418E
102
{ACAD_XDICTIONARY
360
15477
102
}
102
{ACAD_REACTORS
330
1417D
102
}
330
1417D
100
AcDbVisualStyle
  2

 70
    23
 71
     2
 72
     2
 73
     3
 90
        0
 40
-0.6
 41
-30.0
 62
     5
 63
     7
 74
     2
 91
        2
 64
     7
 65
     7
 75
     1
175
     1
 42
40.0
 92
        8
 66
     7
 43
1.0
 76
     1
 77
     6
 78
     2
 67
     7
 79
     3
170
     0
171
     0
290
     0
174
     0
 93
        1
 44
0.0
173
     0
291
     0
 45
0.0
1001
ACAD
1000
AcDbSavedByObjectVersion
1070
     0
  0
VISUALSTYLE
  5
1418F
102
{ACAD_XDICTIONARY
360
15479
102
}
102
{ACAD_REACTORS
330
1417D
102
}
330
1417D
100
AcDbVisualStyle
  2

 70
    24
 71
     1
 72
     2
 73
     2
 90
        0
 40
-0.6
 41
-30.0
 62
     5
 63
     7
 74
     2
 91
        2
 64
     7
 65
     7
 75
     1
175
     1
 42
40.0
 92
       11
 66
     7
 43
1.0
 76
     1
 77
     6
 78
     2
 67
     7
 79
     6
170
     0
171
     0
290
     0
174
     0
 93
        1
 44
0.0
173
     0
291
     0
 45
0.0
1001
ACAD
1000
AcDbSavedByObjectVersion
1070
     0
  0
VISUALSTYLE
  5
1418A
102
{ACAD_XDICTIONARY
360
1546F
102
}
102
{ACAD_REACTORS
330
1417D
102
}
330
1417D
100
AcDbVisualStyle
  2

 70
    13
 71
     2
 72
     2
 73
     0
 90
        0
 40
-0.6
 41
-30.0
 62
     5
 63
     7
 74
     1
 91
        4
 64
     7
 65
   257
 75
     1
175
     1
 42
1.0
 92
       12
 66
     7
 43
1.0
 76
     1
 77
     6
 78
     2
 67
     7
 79
     5
170
     0
171
     0
290
     0
174
     0
 93
        1
 44
0.0
173
     0
291
     1
 45
0.0
1001
ACAD
1000
AcDbSavedByObjectVersion
1070
     0
  0
VISUALSTYLE
  5
14184
102
{ACAD_XDICTIONARY
360
15463
102
}
102
{ACAD_REACTORS
330
1417D
102
}
330
1417D
100
AcDbVisualStyle
  2

 70
     5
 71
     0
 72
     2
 73
     0
 90
        0
 40
-0.6
 41
-30.0
 62
     5
 63
     7
 74
     1
 91
        4
 64
     7
 65
   257
 75
     1
175
     1
 42
1.0
 92
        0
 66
   257
 43
1.0
 76
     1
 77
     6
 78
     2
 67
     7
 79
     3
170
     0
171
     0
290
     0
174
     0
 93
        1
 44
0.0
173
     0
291
     0
 45
0.0
1001
ACAD
1000
AcDbSavedByObjectVersion
1070
     0
  0
VISUALSTYLE
  5
14190
102
{ACAD_XDICTIONARY
360
1547B
102
}
102
{ACAD_REACTORS
330
1417D
102
}
330
1417D
100
AcDbVisualStyle
  2

 70
    25
 71
     2
 72
     2
 73
     1
 90
        1
 40
0.5
 41
-30.0
 62
     5
 63
     7
 74
     1
 91
        0
 64
     7
 65
   257
 75
     1
175
     1
 42
1.0
 92
        8
 66
     7
 43
1.0
 76
     1
 77
     6
 78
     2
 67
     7
 79
     3
170
     0
171
     0
290
     0
174
     0
 93
       13
 44
0.0
173
     0
291
     0
 45
0.0
1001
ACAD
1000
AcDbSavedByObjectVersion
1070
     0
  0
DICTIONARYVAR
  5
14653
102
{ACAD_REACTORS
330
1464E
102
}
330
1464E
100
DictionaryVariables
280
     0
  1
1:1
  0
DICTIONARYVAR
  5
14650
102
{ACAD_REACTORS
330
1464E
102
}
330
1464E
100
DictionaryVariables
280
     0
  1
STANDARD
  0
DICTIONARYVAR
  5
1464F
102
{ACAD_REACTORS
330
1464E
102
}
330
1464E
100
DictionaryVariables
280
     0
  1
STANDARD
  0
DICTIONARYVAR
  5
14651
102
{ACAD_REACTORS
330
1464E
102
}
330
1464E
100
DictionaryVariables
280
     0
  1
Metric50
  0
DICTIONARYVAR
  5
14652
102
{ACAD_REACTORS
330
1464E
102
}
330
1464E
100
DictionaryVariables
280
     0
  1
Metric50
  0
DICTIONARYVAR
  5
14656
102
{ACAD_REACTORS
330
1464E
102
}
330
1464E
100
DictionaryVariables
280
     0
  1
1
  0
DICTIONARYVAR
  5
14655
102
{ACAD_REACTORS
330
1464E
102
}
330
1464E
100
DictionaryVariables
280
     0
  1
0
  0
DICTIONARYVAR
  5
14654
102
{ACAD_REACTORS
330
1464E
102
}
330
1464E
100
DictionaryVariables
280
     0
  1
127
  0
DICTIONARYVAR
  5
15448
102
{ACAD_REACTORS
330
1464E
102
}
330
1464E
100
DictionaryVariables
280
     0
  1
2
  0
DICTIONARY
  5
141E9
102
{ACAD_REACTORS
330
141E0
102
}
330
141E0
100
AcDbDictionary
281
     1
  0
XRECORD
  5
39D
102
{ACAD_REACTORS
330
39C
102
}
330
39C
100
AcDbXrecord
280
     1
  1
PROFBT00J84A49
  5
381
  0
XRECORD
  5
7D4
102
{ACAD_REACTORS
330
7D3
102
}
330
7D3
100
AcDbXrecord
280
     1
  1
中田
  1
*
  1
*
  1
*
 70
     0
  1
*
  1
*
  0
DICTIONARY
  5
1548A
330
141B0
100
AcDbDictionary
280
     1
281
     1
  3
ACAD_XREC_ROUNDTRIP
360
1548B
  0
DICTIONARY
  5
1548E
330
14C15
100
AcDbDictionary
280
     1
281
     1
  3
ACAD_XREC_ROUNDTRIP
360
1548F
  0
DICTIONARY
  5
15453
330
22
100
AcDbDictionary
280
     1
281
     1
  3
ACAD_XREC_ROUNDTRIP
360
15454
  0
DICTIONARY
  5
15451
330
1E
100
AcDbDictionary
280
     1
281
     1
  3
ACAD_XREC_ROUNDTRIP
360
15452
  0
DICTIONARY
  5
15455
330
26
100
AcDbDictionary
280
     1
281
     1
  3
ACAD_XREC_ROUNDTRIP
360
15456
  0
DICTIONARY
  5
1416E
330
1416D
100
AcDbDictionary
280
     1
281
     1
  3
ACAD_XREC_ROUNDTRIP
360
14663
  3
BUMPTILE
360
14170
  3
DIFFUSETILE
360
1416F
  3
OPACITYTILE
360
14173
  3
REFLECTIONTILE
360
14172
  3
REFRACTIONTILE
360
14174
  3
SPECULARTILE
360
14171
  0
DICTIONARY
  5
14166
330
14165
100
AcDbDictionary
280
     1
281
     1
  3
ACAD_XREC_ROUNDTRIP
360
14662
  3
BUMPTILE
360
14168
  3
DIFFUSETILE
360
14167
  3
OPACITYTILE
360
1416B
  3
REFLECTIONTILE
360
1416A
  3
REFRACTIONTILE
360
1416C
  3
SPECULARTILE
360
14169
  0
DICTIONARY
  5
14176
330
14175
100
AcDbDictionary
280
     1
281
     1
  3
ACAD_XREC_ROUNDTRIP
360
14664
  3
BUMPTILE
360
14178
  3
DIFFUSETILE
360
14177
  3
OPACITYTILE
360
1417B
  3
REFLECTIONTILE
360
1417A
  3
REFRACTIONTILE
360
1417C
  3
SPECULARTILE
360
14179
  0
DICTIONARY
  5
15488
330
141AE
100
AcDbDictionary
280
     1
281
     1
  3
ACAD_XREC_ROUNDTRIP
360
15489
  0
DICTIONARY
  5
1548C
330
14C11
100
AcDbDictionary
280
     1
281
     1
  3
ACAD_XREC_ROUNDTRIP
360
1548D
  0
DICTIONARY
  5
14658
330
14198
100
AcDbDictionary
280
     1
281
     1
  3
ACAD_ROUNDTRIP_2008_TABLESTYLE_CELLSTYLEMAP
360
15449
  3
ACAD_XREC_ROUNDTRIP
360
15487
  0
DICTIONARY
  5
15461
330
14183
100
AcDbDictionary
280
     1
281
     1
  3
ACAD_XREC_ROUNDTRIP
360
15462
  0
DICTIONARY
  5
1545F
330
14182
100
AcDbDictionary
280
     1
281
     1
  3
ACAD_XREC_ROUNDTRIP
360
15460
  0
DICTIONARY
  5
1546D
330
14189
100
AcDbDictionary
280
     1
281
     1
  3
ACAD_XREC_ROUNDTRIP
360
1546E
  0
DICTIONARY
  5
15475
330
1418D
100
AcDbDictionary
280
     1
281
     1
  3
ACAD_XREC_ROUNDTRIP
360
15476
  0
DICTIONARY
  5
15467
330
14186
100
AcDbDictionary
280
     1
281
     1
  3
ACAD_XREC_ROUNDTRIP
360
15468
  0
DICTIONARY
  5
1546B
330
14188
100
AcDbDictionary
280
     1
281
     1
  3
ACAD_XREC_ROUNDTRIP
360
1546C
  0
DICTIONARY
  5
15485
330
14195
100
AcDbDictionary
280
     1
281
     1
  3
ACAD_XREC_ROUNDTRIP
360
15486
  0
DICTIONARY
  5
15473
330
1418C
100
AcDbDictionary
280
     1
281
     1
  3
ACAD_XREC_ROUNDTRIP
360
15474
  0
DICTIONARY
  5
15457
330
1417E
100
AcDbDictionary
280
     1
281
     1
  3
ACAD_XREC_ROUNDTRIP
360
15458
  0
DICTIONARY
  5
15459
330
1417F
100
AcDbDictionary
280
     1
281
     1
  3
ACAD_XREC_ROUNDTRIP
360
1545A
  0
DICTIONARY
  5
1545B
330
14180
100
AcDbDictionary
280
     1
281
     1
  3
ACAD_XREC_ROUNDTRIP
360
1545C
  0
DICTIONARY
  5
1545D
330
14181
100
AcDbDictionary
280
     1
281
     1
  3
ACAD_XREC_ROUNDTRIP
360
1545E
  0
DICTIONARY
  5
15465
330
14185
100
AcDbDictionary
280
     1
281
     1
  3
ACAD_XREC_ROUNDTRIP
360
15466
  0
DICTIONARY
  5
15481
330
14193
100
AcDbDictionary
280
     1
281
     1
  3
ACAD_XREC_ROUNDTRIP
360
15482
  0
DICTIONARY
  5
15471
330
1418B
100
AcDbDictionary
280
     1
281
     1
  3
ACAD_XREC_ROUNDTRIP
360
15472
  0
DICTIONARY
  5
15483
330
14194
100
AcDbDictionary
280
     1
281
     1
  3
ACAD_XREC_ROUNDTRIP
360
15484
  0
DICTIONARY
  5
15469
330
14187
100
AcDbDictionary
280
     1
281
     1
  3
ACAD_XREC_ROUNDTRIP
360
1546A
  0
DICTIONARY
  5
1547F
330
14192
100
AcDbDictionary
280
     1
281
     1
  3
ACAD_XREC_ROUNDTRIP
360
15480
  0
DICTIONARY
  5
1547D
330
14191
100
AcDbDictionary
280
     1
281
     1
  3
ACAD_XREC_ROUNDTRIP
360
1547E
  0
DICTIONARY
  5
15477
330
1418E
100
AcDbDictionary
280
     1
281
     1
  3
ACAD_XREC_ROUNDTRIP
360
15478
  0
DICTIONARY
  5
15479
330
1418F
100
AcDbDictionary
280
     1
281
     1
  3
ACAD_XREC_ROUNDTRIP
360
1547A
  0
DICTIONARY
  5
1546F
330
1418A
100
AcDbDictionary
280
     1
281
     1
  3
ACAD_XREC_ROUNDTRIP
360
15470
  0
DICTIONARY
  5
15463
330
14184
100
AcDbDictionary
280
     1
281
     1
  3
ACAD_XREC_ROUNDTRIP
360
15464
  0
DICTIONARY
  5
1547B
330
14190
100
AcDbDictionary
280
     1
281
     1
  3
ACAD_XREC_ROUNDTRIP
360
1547C
  0
XRECORD
  5
1548B
102
{ACAD_REACTORS
330
1548A
102
}
330
1548A
100
AcDbXrecord
280
     1
102
DISPLAYNAME
  1
Imperial24
102
FLAGS
 90
        0
  0
XRECORD
  5
1548F
102
{ACAD_REACTORS
330
1548E
102
}
330
1548E
100
AcDbXrecord
280
     1
102
DISPLAYNAME
  1
Metric50
102
FLAGS
 90
        0
  0
XRECORD
  5
15454
102
{ACAD_REACTORS
330
15453
102
}
330
15453
100
AcDbXrecord
280
     1
102
SHADEPLOT
 70
     0
102
SHADEPLOTRESLEVEL
 70
     2
102
SHADEPLOTCUSTOMDPI
 70
   300
  0
XRECORD
  5
15452
102
{ACAD_REACTORS
330
15451
102
}
330
15451
100
AcDbXrecord
280
     1
102
SHADEPLOT
 70
     0
102
SHADEPLOTRESLEVEL
 70
     2
102
SHADEPLOTCUSTOMDPI
 70
   300
  0
XRECORD
  5
15456
102
{ACAD_REACTORS
330
15455
102
}
330
15455
100
AcDbXrecord
280
     1
102
SHADEPLOT
 70
     0
102
SHADEPLOTRESLEVEL
 70
     2
102
SHADEPLOTCUSTOMDPI
 70
   300
  0
XRECORD
  5
14663
102
{ACAD_REACTORS
330
1416E
102
}
330
1416E
100
AcDbXrecord
280
     1
102
MATERIAL
148
0.0
149
0.0
149
0.0
 93
        0
 94
      127
282
     0
 72
     0
 77
     0
171
     0
175
     0
179
     0
273
     0
  0
XRECORD
  5
14170
102
{ACAD_REACTORS
330
1416E
102
}
330
1416E
100
AcDbXrecord
280
     1
270
     1
271
     1
  0
XRECORD
  5
1416F
102
{ACAD_REACTORS
330
1416E
102
}
330
1416E
100
AcDbXrecord
280
     1
270
     1
271
     1
  0
XRECORD
  5
14173
102
{ACAD_REACTORS
330
1416E
102
}
330
1416E
100
AcDbXrecord
280
     1
270
     1
271
     1
  0
XRECORD
  5
14172
102
{ACAD_REACTORS
330
1416E
102
}
330
1416E
100
AcDbXrecord
280
     1
270
     1
271
     1
  0
XRECORD
  5
14174
102
{ACAD_REACTORS
330
1416E
102
}
330
1416E
100
AcDbXrecord
280
     1
270
     1
271
     1
  0
XRECORD
  5
14171
102
{ACAD_REACTORS
330
1416E
102
}
330
1416E
100
AcDbXrecord
280
     1
270
     1
271
     1
  0
XRECORD
  5
14662
102
{ACAD_REACTORS
330
14166
102
}
330
14166
100
AcDbXrecord
280
     1
102
MATERIAL
148
0.0
149
0.0
149
0.0
 93
        0
 94
      127
282
     0
 72
     0
 77
     0
171
     0
175
     0
179
     0
273
     0
  0
XRECORD
  5
14168
102
{ACAD_REACTORS
330
14166
102
}
330
14166
100
AcDbXrecord
280
     1
270
     1
271
     1
  0
XRECORD
  5
14167
102
{ACAD_REACTORS
330
14166
102
}
330
14166
100
AcDbXrecord
280
     1
270
     1
271
     1
  0
XRECORD
  5
1416B
102
{ACAD_REACTORS
330
14166
102
}
330
14166
100
AcDbXrecord
280
     1
270
     1
271
     1
  0
XRECORD
  5
1416A
102
{ACAD_REACTORS
330
14166
102
}
330
14166
100
AcDbXrecord
280
     1
270
     1
271
     1
  0
XRECORD
  5
1416C
102
{ACAD_REACTORS
330
14166
102
}
330
14166
100
AcDbXrecord
280
     1
270
     1
271
     1
  0
XRECORD
  5
14169
102
{ACAD_REACTORS
330
14166
102
}
330
14166
100
AcDbXrecord
280
     1
270
     1
271
     1
  0
XRECORD
  5
14664
102
{ACAD_REACTORS
330
14176
102
}
330
14176
100
AcDbXrecord
280
     1
102
MATERIAL
148
0.0
149
0.0
149
0.0
 93
        0
 94
      127
282
     0
 72
     0
 77
     0
171
     0
175
     0
179
     0
273
     0
  0
XRECORD
  5
14178
102
{ACAD_REACTORS
330
14176
102
}
330
14176
100
AcDbXrecord
280
     1
270
     1
271
     1
  0
XRECORD
  5
14177
102
{ACAD_REACTORS
330
14176
102
}
330
14176
100
AcDbXrecord
280
     1
270
     1
271
     1
  0
XRECORD
  5
1417B
102
{ACAD_REACTORS
330
14176
102
}
330
14176
100
AcDbXrecord
280
     1
270
     1
271
     1
  0
XRECORD
  5
1417A
102
{ACAD_REACTORS
330
14176
102
}
330
14176
100
AcDbXrecord
280
     1
270
     1
271
     1
  0
XRECORD
  5
1417C
102
{ACAD_REACTORS
330
14176
102
}
330
14176
100
AcDbXrecord
280
     1
270
     1
271
     1
  0
XRECORD
  5
14179
102
{ACAD_REACTORS
330
14176
102
}
330
14176
100
AcDbXrecord
280
     1
270
     1
271
     1
  0
XRECORD
  5
15489
102
{ACAD_REACTORS
330
15488
102
}
330
15488
100
AcDbXrecord
280
     1
102
DISPLAYNAME
  1
Imperial24
102
FLAGS
 90
        0
  0
XRECORD
  5
1548D
102
{ACAD_REACTORS
330
1548C
102
}
330
1548C
100
AcDbXrecord
280
     1
102
DISPLAYNAME
  1
Metric50
102
FLAGS
 90
        0
  0
CELLSTYLEMAP
  5
15449
102
{ACAD_REACTORS
330
14658
102
}
330
14658
100
AcDbCellStyleMap
 90
        3
300
CELLSTYLE
  1
TABLEFORMAT_BEGIN
 90
        5
170
     1
 91
        0
 92
    32768
 62
   257
 93
        1
300
CONTENTFORMAT
  1
CONTENTFORMAT_BEGIN
 90
        0
 91
        0
 92
      512
 93
        0
300

 40
0.0
140
1.0
 94
        5
 62
     0
340
11
144
0.25
309
CONTENTFORMAT_END
171
     1
301
MARGIN
  1
CELLMARGIN_BEGIN
 40
0.06
 40
0.06
 40
0.06
 40
0.06
 40
0.18
 40
0.18
309
CELLMARGIN_END
 94
        6
 95
        1
302
GRIDFORMAT
  1
GRIDFORMAT_BEGIN
 90
        0
 91
        1
 62
     0
 92
       -2
340
0
 93
        0
 40
0.045
309
GRIDFORMAT_END
 95
        2
302
GRIDFORMAT
  1
GRIDFORMAT_BEGIN
 90
        0
 91
        1
 62
     0
 92
       -2
340
0
 93
        0
 40
0.045
309
GRIDFORMAT_END
 95
        4
302
GRIDFORMAT
  1
GRIDFORMAT_BEGIN
 90
        0
 91
        1
 62
     0
 92
       -2
340
0
 93
        0
 40
0.045
309
GRIDFORMAT_END
 95
        8
302
GRIDFORMAT
  1
GRIDFORMAT_BEGIN
 90
        0
 91
        1
 62
     0
 92
       -2
340
0
 93
        0
 40
0.045
309
GRIDFORMAT_END
 95
       16
302
GRIDFORMAT
  1
GRIDFORMAT_BEGIN
 90
        0
 91
        1
 62
     0
 92
       -2
340
0
 93
        0
 40
0.045
309
GRIDFORMAT_END
 95
       32
302
GRIDFORMAT
  1
GRIDFORMAT_BEGIN
 90
        0
 91
        1
 62
     0
 92
       -2
340
0
 93
        0
 40
0.045
309
GRIDFORMAT_END
309
TABLEFORMAT_END
  1
CELLSTYLE_BEGIN
 90
        1
 91
        1
300
_TITLE
309
CELLSTYLE_END
300
CELLSTYLE
  1
TABLEFORMAT_BEGIN
 90
        5
170
     1
 91
        0
 92
        0
 62
   257
 93
        1
300
CONTENTFORMAT
  1
CONTENTFORMAT_BEGIN
 90
        0
 91
        0
 92
      512
 93
        0
300

 40
0.0
140
1.0
 94
        5
 62
     0
340
11
144
0.18
309
CONTENTFORMAT_END
171
     1
301
MARGIN
  1
CELLMARGIN_BEGIN
 40
0.06
 40
0.06
 40
0.06
 40
0.06
 40
0.18
 40
0.18
309
CELLMARGIN_END
 94
        6
 95
        1
302
GRIDFORMAT
  1
GRIDFORMAT_BEGIN
 90
        0
 91
        1
 62
     0
 92
       -2
340
0
 93
        0
 40
0.045
309
GRIDFORMAT_END
 95
        2
302
GRIDFORMAT
  1
GRIDFORMAT_BEGIN
 90
        0
 91
        1
 62
     0
 92
       -2
340
0
 93
        0
 40
0.045
309
GRIDFORMAT_END
 95
        4
302
GRIDFORMAT
  1
GRIDFORMAT_BEGIN
 90
        0
 91
        1
 62
     0
 92
       -2
340
0
 93
        0
 40
0.045
309
GRIDFORMAT_END
 95
        8
302
GRIDFORMAT
  1
GRIDFORMAT_BEGIN
 90
        0
 91
        1
 62
     0
 92
       -2
340
0
 93
        0
 40
0.045
309
GRIDFORMAT_END
 95
       16
302
GRIDFORMAT
  1
GRIDFORMAT_BEGIN
 90
        0
 91
        1
 62
     0
 92
       -2
340
0
 93
        0
 40
0.045
309
GRIDFORMAT_END
 95
       32
302
GRIDFORMAT
  1
GRIDFORMAT_BEGIN
 90
        0
 91
        1
 62
     0
 92
       -2
340
0
 93
        0
 40
0.045
309
GRIDFORMAT_END
309
TABLEFORMAT_END
  1
CELLSTYLE_BEGIN
 90
        2
 91
        1
300
_HEADER
309
CELLSTYLE_END
300
CELLSTYLE
  1
TABLEFORMAT_BEGIN
 90
        5
170
     1
 91
        0
 92
        0
 62
   257
 93
        1
300
CONTENTFORMAT
  1
CONTENTFORMAT_BEGIN
 90
        0
 91
        0
 92
      512
 93
        0
300

 40
0.0
140
1.0
 94
        2
 62
     0
340
11
144
0.18
309
CONTENTFORMAT_END
171
     1
301
MARGIN
  1
CELLMARGIN_BEGIN
 40
0.06
 40
0.06
 40
0.06
 40
0.06
 40
0.18
 40
0.18
309
CELLMARGIN_END
 94
        6
 95
        1
302
GRIDFORMAT
  1
GRIDFORMAT_BEGIN
 90
        0
 91
        1
 62
     0
 92
       -2
340
0
 93
        0
 40
0.045
309
GRIDFORMAT_END
 95
        2
302
GRIDFORMAT
  1
GRIDFORMAT_BEGIN
 90
        0
 91
        1
 62
     0
 92
       -2
340
0
 93
        0
 40
0.045
309
GRIDFORMAT_END
 95
        4
302
GRIDFORMAT
  1
GRIDFORMAT_BEGIN
 90
        0
 91
        1
 62
     0
 92
       -2
340
0
 93
        0
 40
0.045
309
GRIDFORMAT_END
 95
        8
302
GRIDFORMAT
  1
GRIDFORMAT_BEGIN
 90
        0
 91
        1
 62
     0
 92
       -2
340
0
 93
        0
 40
0.045
309
GRIDFORMAT_END
 95
       16
302
GRIDFORMAT
  1
GRIDFORMAT_BEGIN
 90
        0
 91
        1
 62
     0
 92
       -2
340
0
 93
        0
 40
0.045
309
GRIDFORMAT_END
 95
       32
302
GRIDFORMAT
  1
GRIDFORMAT_BEGIN
 90
        0
 91
        1
 62
     0
 92
       -2
340
0
 93
        0
 40
0.045
309
GRIDFORMAT_END
309
TABLEFORMAT_END
  1
CELLSTYLE_BEGIN
 90
        3
 91
        2
300
_DATA
309
CELLSTYLE_END
  0
XRECORD
  5
15487
102
{ACAD_REACTORS
330
14658
102
}
330
14658
100
AcDbXrecord
280
     1
102
ACAD_ROUNDTRIP_PRE2007_TABLESTYLE
 90
      512
 91
        0
  1

 92
      512
 93
        0
  2

 94
      512
 95
        0
  3

  0
XRECORD
  5
15462
102
{ACAD_REACTORS
330
15461
102
}
330
15461
100
AcDbXrecord
280
     1
102
RTVSPost2010Prop28
280
     1
102
RTVSPost2010PropOp28
 70
     1
102
RTVSPost2010Prop29
280
     1
102
RTVSPost2010PropOp29
 70
     1
102
RTVSPost2010Prop30
280
     0
102
RTVSPost2010PropOp30
 70
     1
102
RTVSPost2010Prop31
280
     0
102
RTVSPost2010PropOp31
 70
     1
102
RTVSPost2010Prop32
280
     0
102
RTVSPost2010PropOp32
 70
     1
102
RTVSPost2010Prop33
280
     0
102
RTVSPost2010PropOp33
 70
     1
102
RTVSPost2010Prop34
280
     0
102
RTVSPost2010PropOp34
 70
     1
102
RTVSPost2010Prop35
280
     0
102
RTVSPost2010PropOp35
 70
     1
102
RTVSPost2010Prop36
280
     0
102
RTVSPost2010PropOp36
 70
     1
102
RTVSPost2010Prop37
 90
       50
102
RTVSPost2010PropOp37
 70
     1
102
RTVSPost2010Prop38
140
0.0
102
RTVSPost2010PropOp38
 70
     1
102
RTVSPost2010Prop39
140
1.0
102
RTVSPost2010PropOp39
 70
     1
102
RTVSPost2010Prop40
 90
        0
102
RTVSPost2010PropOp40
 70
     1
102
RTVSPost2010Prop41ColorIndex
 90
       18
102
RTVSPost2010Prop41ColorRGB
 90
        0
102
RTVSPost2010PropOp41
 70
     1
102
RTVSPost2010Prop42
 90
       50
102
RTVSPost2010PropOp42
 70
     1
102
RTVSPost2010Prop43
 90
        3
102
RTVSPost2010PropOp43
 70
     1
102
RTVSPost2010Prop44ColorIndex
 90
        5
102
RTVSPost2010Prop44ColorRGB
 90
      255
102
RTVSPost2010PropOp44
 70
     1
102
RTVSPost2010Prop45
280
     0
102
RTVSPost2010PropOp45
 70
     1
102
RTVSPost2010Prop46
 90
       50
102
RTVSPost2010PropOp46
 70
     1
102
RTVSPost2010Prop47
 90
       50
102
RTVSPost2010PropOp47
 70
     1
102
RTVSPost2010Prop48
 90
       50
102
RTVSPost2010PropOp48
 70
     1
102
RTVSPost2010Prop49
280
     0
102
RTVSPost2010PropOp49
 70
     1
102
RTVSPost2010Prop50
 90
       50
102
RTVSPost2010PropOp50
 70
     1
102
RTVSPost2010Prop51ColorIndex
 90
      256
102
RTVSPost2010Prop51ColorRGB
 90
-16777216
102
RTVSPost2010PropOp51
 70
     0
102
RTVSPost2010Prop52
140
1.0
102
RTVSPost2010PropOp52
 70
     0
102
RTVSPost2010Prop53
 90
        2
102
RTVSPost2010PropOp53
 70
     1
102
RTVSPost2010Prop54
  1
strokes_ogs.tif
102
RTVSPost2010PropOp54
 70
     1
102
RTVSPost2010Prop55
280
     0
102
RTVSPost2010PropOp55
 70
     1
102
RTVSPost2010Prop56
140
1.0
102
RTVSPost2010PropOp56
 70
     1
102
RTVSPost2010Prop57
140
1.0
102
RTVSPost2010PropOp57
 70
     1
102
RTVSPropertyOp0
 70
     1
102
RTVSPropertyOp1
 70
     1
102
RTVSPropertyOp2
 70
     1
102
RTVSPropertyOp3
 70
     1
102
RTVSPropertyOp4
 70
     1
102
RTVSPropertyOp5
 70
     1
102
RTVSPropertyOp6
 70
     1
102
RTVSPropertyOp7
 70
     1
102
RTVSPropertyOp8
 70
     1
102
RTVSPropertyOp9
 70
     1
102
RTVSPropertyOp10
 70
     1
102
RTVSPropertyOp11
 70
     1
102
RTVSPropertyOp12
 70
     1
102
RTVSPropertyOp13
 70
     1
102
RTVSPropertyOp14
 70
     1
102
RTVSPropertyOp15
 70
     1
102
RTVSPropertyOp16
 70
     1
102
RTVSPropertyOp17
 70
     1
102
RTVSPropertyOp18
 70
     1
102
RTVSPropertyOp19
 70
     1
102
RTVSPropertyOp20
 70
     1
102
RTVSPropertyOp21
 70
     1
102
RTVSPropertyOp22
 70
     1
102
RTVSPropertyOp23
 70
     1
102
RTVSPropertyOp24
 70
     1
102
RTVSPropertyOp25
 70
     1
102
RTVSPropertyOp26
 70
     1
102
RTVSPropertyOp27
 70
     1
102
RTVSPropertyOp28
 70
     1
102
RTVSPropertyOp29
 70
     1
102
RTVSPropertyOp30
 70
     1
102
RTVSPropertyOp31
 70
     1
102
RTVSPropertyOp32
 70
     1
102
RTVSPropertyOp33
 70
     1
102
RTVSPropertyOp34
 70
     1
102
RTVSPropertyOp35
 70
     1
102
RTVSPropertyOp36
 70
     1
102
RTVSPropertyOp37
 70
     1
102
RTVSPropertyOp38
 70
     1
102
RTVSPropertyOp39
 70
     1
102
RTVSPropertyOp40
 70
     1
102
RTVSPropertyOp41
 70
     1
102
RTVSPropertyOp42
 70
     1
102
RTVSPropertyOp43
 70
     1
102
RTVSPropertyOp44
 70
     1
102
RTVSPropertyOp45
 70
     1
102
RTVSPropertyOp46
 70
     1
102
RTVSPropertyOp47
 70
     1
102
RTVSPropertyOp48
 70
     1
102
RTVSPropertyOp49
 70
     1
102
RTVSPropertyOp50
 70
     1
102
RTVSPropertyOp51
 70
     0
102
RTVSPropertyOp52
 70
     0
102
RTVSPropertyOp53
 70
     1
102
RTVSPropertyOp54
 70
     1
102
RTVSPropertyOp55
 70
     1
102
RTVSPropertyOp56
 70
     1
102
RTVSPropertyOp57
 70
     1
102
RTVSPropertyOp58
 70
     1
102
RTVSPropertyOp59
 70
     1
102
RTVSPropertyOp60
 70
     1
102
RTVSPropertyOp61
 70
     1
102
RTVSPropertyOp62
 70
     1
  0
XRECORD
  5
15460
102
{ACAD_REACTORS
330
1545F
102
}
330
1545F
100
AcDbXrecord
280
     1
102
RTVSPost2010Prop28
280
     0
102
RTVSPost2010PropOp28
 70
     1
102
RTVSPost2010Prop29
280
     1
102
RTVSPost2010PropOp29
 70
     1
102
RTVSPost2010Prop30
280
     1
102
RTVSPost2010PropOp30
 70
     1
102
RTVSPost2010Prop31
280
     0
102
RTVSPost2010PropOp31
 70
     1
102
RTVSPost2010Prop32
280
     0
102
RTVSPost2010PropOp32
 70
     1
102
RTVSPost2010Prop33
280
     0
102
RTVSPost2010PropOp33
 70
     1
102
RTVSPost2010Prop34
280
     0
102
RTVSPost2010PropOp34
 70
     1
102
RTVSPost2010Prop35
280
     0
102
RTVSPost2010PropOp35
 70
     1
102
RTVSPost2010Prop36
280
     0
102
RTVSPost2010PropOp36
 70
     1
102
RTVSPost2010Prop37
 90
       50
102
RTVSPost2010PropOp37
 70
     1
102
RTVSPost2010Prop38
140
0.0
102
RTVSPost2010PropOp38
 70
     1
102
RTVSPost2010Prop39
140
1.0
102
RTVSPost2010PropOp39
 70
     1
102
RTVSPost2010Prop40
 90
        0
102
RTVSPost2010PropOp40
 70
     1
102
RTVSPost2010Prop41ColorIndex
 90
       18
102
RTVSPost2010Prop41ColorRGB
 90
        0
102
RTVSPost2010PropOp41
 70
     1
102
RTVSPost2010Prop42
 90
       50
102
RTVSPost2010PropOp42
 70
     1
102
RTVSPost2010Prop43
 90
        3
102
RTVSPost2010PropOp43
 70
     1
102
RTVSPost2010Prop44ColorIndex
 90
        5
102
RTVSPost2010Prop44ColorRGB
 90
      255
102
RTVSPost2010PropOp44
 70
     1
102
RTVSPost2010Prop45
280
     0
102
RTVSPost2010PropOp45
 70
     1
102
RTVSPost2010Prop46
 90
       50
102
RTVSPost2010PropOp46
 70
     1
102
RTVSPost2010Prop47
 90
       50
102
RTVSPost2010PropOp47
 70
     1
102
RTVSPost2010Prop48
 90
       50
102
RTVSPost2010PropOp48
 70
     1
102
RTVSPost2010Prop49
280
     0
102
RTVSPost2010PropOp49
 70
     1
102
RTVSPost2010Prop50
 90
       50
102
RTVSPost2010PropOp50
 70
     1
102
RTVSPost2010Prop51ColorIndex
 90
      256
102
RTVSPost2010Prop51ColorRGB
 90
-16777216
102
RTVSPost2010PropOp51
 70
     0
102
RTVSPost2010Prop52
140
1.0
102
RTVSPost2010PropOp52
 70
     0
102
RTVSPost2010Prop53
 90
        2
102
RTVSPost2010PropOp53
 70
     1
102
RTVSPost2010Prop54
  1
strokes_ogs.tif
102
RTVSPost2010PropOp54
 70
     1
102
RTVSPost2010Prop55
280
     0
102
RTVSPost2010PropOp55
 70
     1
102
RTVSPost2010Prop56
140
1.0
102
RTVSPost2010PropOp56
 70
     1
102
RTVSPost2010Prop57
140
1.0
102
RTVSPost2010PropOp57
 70
     1
102
RTVSPropertyOp0
 70
     1
102
RTVSPropertyOp1
 70
     1
102
RTVSPropertyOp2
 70
     1
102
RTVSPropertyOp3
 70
     1
102
RTVSPropertyOp4
 70
     1
102
RTVSPropertyOp5
 70
     1
102
RTVSPropertyOp6
 70
     1
102
RTVSPropertyOp7
 70
     1
102
RTVSPropertyOp8
 70
     1
102
RTVSPropertyOp9
 70
     1
102
RTVSPropertyOp10
 70
     1
102
RTVSPropertyOp11
 70
     1
102
RTVSPropertyOp12
 70
     1
102
RTVSPropertyOp13
 70
     1
102
RTVSPropertyOp14
 70
     1
102
RTVSPropertyOp15
 70
     1
102
RTVSPropertyOp16
 70
     1
102
RTVSPropertyOp17
 70
     1
102
RTVSPropertyOp18
 70
     1
102
RTVSPropertyOp19
 70
     1
102
RTVSPropertyOp20
 70
     1
102
RTVSPropertyOp21
 70
     1
102
RTVSPropertyOp22
 70
     1
102
RTVSPropertyOp23
 70
     1
102
RTVSPropertyOp24
 70
     1
102
RTVSPropertyOp25
 70
     1
102
RTVSPropertyOp26
 70
     1
102
RTVSPropertyOp27
 70
     1
102
RTVSPropertyOp28
 70
     1
102
RTVSPropertyOp29
 70
     1
102
RTVSPropertyOp30
 70
     1
102
RTVSPropertyOp31
 70
     1
102
RTVSPropertyOp32
 70
     1
102
RTVSPropertyOp33
 70
     1
102
RTVSPropertyOp34
 70
     1
102
RTVSPropertyOp35
 70
     1
102
RTVSPropertyOp36
 70
     1
102
RTVSPropertyOp37
 70
     1
102
RTVSPropertyOp38
 70
     1
102
RTVSPropertyOp39
 70
     1
102
RTVSPropertyOp40
 70
     1
102
RTVSPropertyOp41
 70
     1
102
RTVSPropertyOp42
 70
     1
102
RTVSPropertyOp43
 70
     1
102
RTVSPropertyOp44
 70
     1
102
RTVSPropertyOp45
 70
     1
102
RTVSPropertyOp46
 70
     1
102
RTVSPropertyOp47
 70
     1
102
RTVSPropertyOp48
 70
     1
102
RTVSPropertyOp49
 70
     1
102
RTVSPropertyOp50
 70
     1
102
RTVSPropertyOp51
 70
     0
102
RTVSPropertyOp52
 70
     0
102
RTVSPropertyOp53
 70
     1
102
RTVSPropertyOp54
 70
     1
102
RTVSPropertyOp55
 70
     1
102
RTVSPropertyOp56
 70
     1
102
RTVSPropertyOp57
 70
     1
102
RTVSPropertyOp58
 70
     1
102
RTVSPropertyOp59
 70
     1
102
RTVSPropertyOp60
 70
     1
102
RTVSPropertyOp61
 70
     1
102
RTVSPropertyOp62
 70
     1
  0
XRECORD
  5
1546E
102
{ACAD_REACTORS
330
1546D
102
}
330
1546D
100
AcDbXrecord
280
     1
102
RTVSPost2010Prop28
280
     0
102
RTVSPost2010PropOp28
 70
     1
102
RTVSPost2010Prop29
280
     1
102
RTVSPost2010PropOp29
 70
     1
102
RTVSPost2010Prop30
280
     1
102
RTVSPost2010PropOp30
 70
     1
102
RTVSPost2010Prop31
280
     0
102
RTVSPost2010PropOp31
 70
     1
102
RTVSPost2010Prop32
280
     0
102
RTVSPost2010PropOp32
 70
     1
102
RTVSPost2010Prop33
280
     0
102
RTVSPost2010PropOp33
 70
     1
102
RTVSPost2010Prop34
280
     0
102
RTVSPost2010PropOp34
 70
     1
102
RTVSPost2010Prop35
280
     0
102
RTVSPost2010PropOp35
 70
     1
102
RTVSPost2010Prop36
280
     0
102
RTVSPost2010PropOp36
 70
     1
102
RTVSPost2010Prop37
 90
       50
102
RTVSPost2010PropOp37
 70
     1
102
RTVSPost2010Prop38
140
0.0
102
RTVSPost2010PropOp38
 70
     1
102
RTVSPost2010Prop39
140
1.0
102
RTVSPost2010PropOp39
 70
     1
102
RTVSPost2010Prop40
 90
        0
102
RTVSPost2010PropOp40
 70
     1
102
RTVSPost2010Prop41ColorIndex
 90
       18
102
RTVSPost2010Prop41ColorRGB
 90
        0
102
RTVSPost2010PropOp41
 70
     1
102
RTVSPost2010Prop42
 90
       50
102
RTVSPost2010PropOp42
 70
     1
102
RTVSPost2010Prop43
 90
        3
102
RTVSPost2010PropOp43
 70
     1
102
RTVSPost2010Prop44ColorIndex
 90
        5
102
RTVSPost2010Prop44ColorRGB
 90
      255
102
RTVSPost2010PropOp44
 70
     1
102
RTVSPost2010Prop45
280
     0
102
RTVSPost2010PropOp45
 70
     1
102
RTVSPost2010Prop46
 90
       50
102
RTVSPost2010PropOp46
 70
     1
102
RTVSPost2010Prop47
 90
       50
102
RTVSPost2010PropOp47
 70
     1
102
RTVSPost2010Prop48
 90
       50
102
RTVSPost2010PropOp48
 70
     1
102
RTVSPost2010Prop49
280
     0
102
RTVSPost2010PropOp49
 70
     1
102
RTVSPost2010Prop50
 90
       50
102
RTVSPost2010PropOp50
 70
     1
102
RTVSPost2010Prop51ColorIndex
 90
      256
102
RTVSPost2010Prop51ColorRGB
 90
-16777216
102
RTVSPost2010PropOp51
 70
     0
102
RTVSPost2010Prop52
140
1.0
102
RTVSPost2010PropOp52
 70
     0
102
RTVSPost2010Prop53
 90
        2
102
RTVSPost2010PropOp53
 70
     1
102
RTVSPost2010Prop54
  1
strokes_ogs.tif
102
RTVSPost2010PropOp54
 70
     1
102
RTVSPost2010Prop55
280
     0
102
RTVSPost2010PropOp55
 70
     1
102
RTVSPost2010Prop56
140
1.0
102
RTVSPost2010PropOp56
 70
     1
102
RTVSPost2010Prop57
140
1.0
102
RTVSPost2010PropOp57
 70
     1
102
RTVSPropertyOp0
 70
     1
102
RTVSPropertyOp1
 70
     1
102
RTVSPropertyOp2
 70
     1
102
RTVSPropertyOp3
 70
     1
102
RTVSPropertyOp4
 70
     1
102
RTVSPropertyOp5
 70
     1
102
RTVSPropertyOp6
 70
     1
102
RTVSPropertyOp7
 70
     1
102
RTVSPropertyOp8
 70
     1
102
RTVSPropertyOp9
 70
     1
102
RTVSPropertyOp10
 70
     1
102
RTVSPropertyOp11
 70
     1
102
RTVSPropertyOp12
 70
     1
102
RTVSPropertyOp13
 70
     1
102
RTVSPropertyOp14
 70
     1
102
RTVSPropertyOp15
 70
     1
102
RTVSPropertyOp16
 70
     1
102
RTVSPropertyOp17
 70
     1
102
RTVSPropertyOp18
 70
     1
102
RTVSPropertyOp19
 70
     1
102
RTVSPropertyOp20
 70
     1
102
RTVSPropertyOp21
 70
     1
102
RTVSPropertyOp22
 70
     1
102
RTVSPropertyOp23
 70
     1
102
RTVSPropertyOp24
 70
     1
102
RTVSPropertyOp25
 70
     1
102
RTVSPropertyOp26
 70
     1
102
RTVSPropertyOp27
 70
     1
102
RTVSPropertyOp28
 70
     1
102
RTVSPropertyOp29
 70
     1
102
RTVSPropertyOp30
 70
     1
102
RTVSPropertyOp31
 70
     1
102
RTVSPropertyOp32
 70
     1
102
RTVSPropertyOp33
 70
     1
102
RTVSPropertyOp34
 70
     1
102
RTVSPropertyOp35
 70
     1
102
RTVSPropertyOp36
 70
     1
102
RTVSPropertyOp37
 70
     1
102
RTVSPropertyOp38
 70
     1
102
RTVSPropertyOp39
 70
     1
102
RTVSPropertyOp40
 70
     1
102
RTVSPropertyOp41
 70
     1
102
RTVSPropertyOp42
 70
     1
102
RTVSPropertyOp43
 70
     1
102
RTVSPropertyOp44
 70
     1
102
RTVSPropertyOp45
 70
     1
102
RTVSPropertyOp46
 70
     1
102
RTVSPropertyOp47
 70
     1
102
RTVSPropertyOp48
 70
     1
102
RTVSPropertyOp49
 70
     1
102
RTVSPropertyOp50
 70
     1
102
RTVSPropertyOp51
 70
     0
102
RTVSPropertyOp52
 70
     0
102
RTVSPropertyOp53
 70
     1
102
RTVSPropertyOp54
 70
     1
102
RTVSPropertyOp55
 70
     1
102
RTVSPropertyOp56
 70
     1
102
RTVSPropertyOp57
 70
     1
102
RTVSPropertyOp58
 70
     1
102
RTVSPropertyOp59
 70
     1
102
RTVSPropertyOp60
 70
     1
102
RTVSPropertyOp61
 70
     1
102
RTVSPropertyOp62
 70
     1
  0
XRECORD
  5
15476
102
{ACAD_REACTORS
330
15475
102
}
330
15475
100
AcDbXrecord
280
     1
102
RTVSPost2010Prop28
280
     0
102
RTVSPost2010PropOp28
 70
     1
102
RTVSPost2010Prop29
280
     1
102
RTVSPost2010PropOp29
 70
     1
102
RTVSPost2010Prop30
280
     1
102
RTVSPost2010PropOp30
 70
     1
102
RTVSPost2010Prop31
280
     0
102
RTVSPost2010PropOp31
 70
     1
102
RTVSPost2010Prop32
280
     0
102
RTVSPost2010PropOp32
 70
     1
102
RTVSPost2010Prop33
280
     0
102
RTVSPost2010PropOp33
 70
     1
102
RTVSPost2010Prop34
280
     0
102
RTVSPost2010PropOp34
 70
     1
102
RTVSPost2010Prop35
280
     0
102
RTVSPost2010PropOp35
 70
     1
102
RTVSPost2010Prop36
280
     0
102
RTVSPost2010PropOp36
 70
     1
102
RTVSPost2010Prop37
 90
       50
102
RTVSPost2010PropOp37
 70
     1
102
RTVSPost2010Prop38
140
0.0
102
RTVSPost2010PropOp38
 70
     1
102
RTVSPost2010Prop39
140
1.0
102
RTVSPost2010PropOp39
 70
     1
102
RTVSPost2010Prop40
 90
        0
102
RTVSPost2010PropOp40
 70
     1
102
RTVSPost2010Prop41ColorIndex
 90
       18
102
RTVSPost2010Prop41ColorRGB
 90
        0
102
RTVSPost2010PropOp41
 70
     1
102
RTVSPost2010Prop42
 90
       50
102
RTVSPost2010PropOp42
 70
     1
102
RTVSPost2010Prop43
 90
        3
102
RTVSPost2010PropOp43
 70
     1
102
RTVSPost2010Prop44ColorIndex
 90
        5
102
RTVSPost2010Prop44ColorRGB
 90
      255
102
RTVSPost2010PropOp44
 70
     1
102
RTVSPost2010Prop45
280
     0
102
RTVSPost2010PropOp45
 70
     1
102
RTVSPost2010Prop46
 90
       50
102
RTVSPost2010PropOp46
 70
     1
102
RTVSPost2010Prop47
 90
       50
102
RTVSPost2010PropOp47
 70
     1
102
RTVSPost2010Prop48
 90
       50
102
RTVSPost2010PropOp48
 70
     1
102
RTVSPost2010Prop49
280
     0
102
RTVSPost2010PropOp49
 70
     1
102
RTVSPost2010Prop50
 90
       50
102
RTVSPost2010PropOp50
 70
     1
102
RTVSPost2010Prop51ColorIndex
 90
      256
102
RTVSPost2010Prop51ColorRGB
 90
-16777216
102
RTVSPost2010PropOp51
 70
     0
102
RTVSPost2010Prop52
140
1.0
102
RTVSPost2010PropOp52
 70
     0
102
RTVSPost2010Prop53
 90
        2
102
RTVSPost2010PropOp53
 70
     1
102
RTVSPost2010Prop54
  1
strokes_ogs.tif
102
RTVSPost2010PropOp54
 70
     1
102
RTVSPost2010Prop55
280
     0
102
RTVSPost2010PropOp55
 70
     1
102
RTVSPost2010Prop56
140
1.0
102
RTVSPost2010PropOp56
 70
     1
102
RTVSPost2010Prop57
140
1.0
102
RTVSPost2010PropOp57
 70
     1
102
RTVSPropertyOp0
 70
     1
102
RTVSPropertyOp1
 70
     1
102
RTVSPropertyOp2
 70
     1
102
RTVSPropertyOp3
 70
     1
102
RTVSPropertyOp4
 70
     1
102
RTVSPropertyOp5
 70
     1
102
RTVSPropertyOp6
 70
     1
102
RTVSPropertyOp7
 70
     1
102
RTVSPropertyOp8
 70
     1
102
RTVSPropertyOp9
 70
     1
102
RTVSPropertyOp10
 70
     1
102
RTVSPropertyOp11
 70
     1
102
RTVSPropertyOp12
 70
     1
102
RTVSPropertyOp13
 70
     1
102
RTVSPropertyOp14
 70
     1
102
RTVSPropertyOp15
 70
     1
102
RTVSPropertyOp16
 70
     1
102
RTVSPropertyOp17
 70
     1
102
RTVSPropertyOp18
 70
     1
102
RTVSPropertyOp19
 70
     1
102
RTVSPropertyOp20
 70
     1
102
RTVSPropertyOp21
 70
     1
102
RTVSPropertyOp22
 70
     1
102
RTVSPropertyOp23
 70
     1
102
RTVSPropertyOp24
 70
     1
102
RTVSPropertyOp25
 70
     1
102
RTVSPropertyOp26
 70
     1
102
RTVSPropertyOp27
 70
     1
102
RTVSPropertyOp28
 70
     1
102
RTVSPropertyOp29
 70
     1
102
RTVSPropertyOp30
 70
     1
102
RTVSPropertyOp31
 70
     1
102
RTVSPropertyOp32
 70
     1
102
RTVSPropertyOp33
 70
     1
102
RTVSPropertyOp34
 70
     1
102
RTVSPropertyOp35
 70
     1
102
RTVSPropertyOp36
 70
     1
102
RTVSPropertyOp37
 70
     1
102
RTVSPropertyOp38
 70
     1
102
RTVSPropertyOp39
 70
     1
102
RTVSPropertyOp40
 70
     1
102
RTVSPropertyOp41
 70
     1
102
RTVSPropertyOp42
 70
     1
102
RTVSPropertyOp43
 70
     1
102
RTVSPropertyOp44
 70
     1
102
RTVSPropertyOp45
 70
     1
102
RTVSPropertyOp46
 70
     1
102
RTVSPropertyOp47
 70
     1
102
RTVSPropertyOp48
 70
     1
102
RTVSPropertyOp49
 70
     1
102
RTVSPropertyOp50
 70
     1
102
RTVSPropertyOp51
 70
     0
102
RTVSPropertyOp52
 70
     0
102
RTVSPropertyOp53
 70
     1
102
RTVSPropertyOp54
 70
     1
102
RTVSPropertyOp55
 70
     1
102
RTVSPropertyOp56
 70
     1
102
RTVSPropertyOp57
 70
     1
102
RTVSPropertyOp58
 70
     1
102
RTVSPropertyOp59
 70
     1
102
RTVSPropertyOp60
 70
     1
102
RTVSPropertyOp61
 70
     1
102
RTVSPropertyOp62
 70
     1
  0
XRECORD
  5
15468
102
{ACAD_REACTORS
330
15467
102
}
330
15467
100
AcDbXrecord
280
     1
102
RTVSPost2010Prop28
280
     0
102
RTVSPost2010PropOp28
 70
     1
102
RTVSPost2010Prop29
280
     1
102
RTVSPost2010PropOp29
 70
     1
102
RTVSPost2010Prop30
280
     1
102
RTVSPost2010PropOp30
 70
     1
102
RTVSPost2010Prop31
280
     0
102
RTVSPost2010PropOp31
 70
     1
102
RTVSPost2010Prop32
280
     0
102
RTVSPost2010PropOp32
 70
     1
102
RTVSPost2010Prop33
280
     0
102
RTVSPost2010PropOp33
 70
     1
102
RTVSPost2010Prop34
280
     0
102
RTVSPost2010PropOp34
 70
     1
102
RTVSPost2010Prop35
280
     0
102
RTVSPost2010PropOp35
 70
     1
102
RTVSPost2010Prop36
280
     0
102
RTVSPost2010PropOp36
 70
     1
102
RTVSPost2010Prop37
 90
       50
102
RTVSPost2010PropOp37
 70
     1
102
RTVSPost2010Prop38
140
0.0
102
RTVSPost2010PropOp38
 70
     1
102
RTVSPost2010Prop39
140
1.0
102
RTVSPost2010PropOp39
 70
     1
102
RTVSPost2010Prop40
 90
        0
102
RTVSPost2010PropOp40
 70
     1
102
RTVSPost2010Prop41ColorIndex
 90
       18
102
RTVSPost2010Prop41ColorRGB
 90
        0
102
RTVSPost2010PropOp41
 70
     1
102
RTVSPost2010Prop42
 90
       50
102
RTVSPost2010PropOp42
 70
     1
102
RTVSPost2010Prop43
 90
        3
102
RTVSPost2010PropOp43
 70
     1
102
RTVSPost2010Prop44ColorIndex
 90
        5
102
RTVSPost2010Prop44ColorRGB
 90
      255
102
RTVSPost2010PropOp44
 70
     1
102
RTVSPost2010Prop45
280
     0
102
RTVSPost2010PropOp45
 70
     1
102
RTVSPost2010Prop46
 90
       50
102
RTVSPost2010PropOp46
 70
     1
102
RTVSPost2010Prop47
 90
       50
102
RTVSPost2010PropOp47
 70
     1
102
RTVSPost2010Prop48
 90
       50
102
RTVSPost2010PropOp48
 70
     1
102
RTVSPost2010Prop49
280
     0
102
RTVSPost2010PropOp49
 70
     1
102
RTVSPost2010Prop50
 90
       50
102
RTVSPost2010PropOp50
 70
     1
102
RTVSPost2010Prop51ColorIndex
 90
      256
102
RTVSPost2010Prop51ColorRGB
 90
-16777216
102
RTVSPost2010PropOp51
 70
     0
102
RTVSPost2010Prop52
140
1.0
102
RTVSPost2010PropOp52
 70
     0
102
RTVSPost2010Prop53
 90
        2
102
RTVSPost2010PropOp53
 70
     1
102
RTVSPost2010Prop54
  1
strokes_ogs.tif
102
RTVSPost2010PropOp54
 70
     1
102
RTVSPost2010Prop55
280
     0
102
RTVSPost2010PropOp55
 70
     1
102
RTVSPost2010Prop56
140
1.0
102
RTVSPost2010PropOp56
 70
     1
102
RTVSPost2010Prop57
140
1.0
102
RTVSPost2010PropOp57
 70
     1
102
RTVSPropertyOp0
 70
     1
102
RTVSPropertyOp1
 70
     1
102
RTVSPropertyOp2
 70
     1
102
RTVSPropertyOp3
 70
     1
102
RTVSPropertyOp4
 70
     1
102
RTVSPropertyOp5
 70
     1
102
RTVSPropertyOp6
 70
     1
102
RTVSPropertyOp7
 70
     1
102
RTVSPropertyOp8
 70
     1
102
RTVSPropertyOp9
 70
     1
102
RTVSPropertyOp10
 70
     1
102
RTVSPropertyOp11
 70
     1
102
RTVSPropertyOp12
 70
     1
102
RTVSPropertyOp13
 70
     1
102
RTVSPropertyOp14
 70
     1
102
RTVSPropertyOp15
 70
     1
102
RTVSPropertyOp16
 70
     1
102
RTVSPropertyOp17
 70
     1
102
RTVSPropertyOp18
 70
     1
102
RTVSPropertyOp19
 70
     1
102
RTVSPropertyOp20
 70
     1
102
RTVSPropertyOp21
 70
     1
102
RTVSPropertyOp22
 70
     1
102
RTVSPropertyOp23
 70
     1
102
RTVSPropertyOp24
 70
     1
102
RTVSPropertyOp25
 70
     1
102
RTVSPropertyOp26
 70
     1
102
RTVSPropertyOp27
 70
     1
102
RTVSPropertyOp28
 70
     1
102
RTVSPropertyOp29
 70
     1
102
RTVSPropertyOp30
 70
     1
102
RTVSPropertyOp31
 70
     1
102
RTVSPropertyOp32
 70
     1
102
RTVSPropertyOp33
 70
     1
102
RTVSPropertyOp34
 70
     1
102
RTVSPropertyOp35
 70
     1
102
RTVSPropertyOp36
 70
     1
102
RTVSPropertyOp37
 70
     1
102
RTVSPropertyOp38
 70
     1
102
RTVSPropertyOp39
 70
     1
102
RTVSPropertyOp40
 70
     1
102
RTVSPropertyOp41
 70
     1
102
RTVSPropertyOp42
 70
     1
102
RTVSPropertyOp43
 70
     1
102
RTVSPropertyOp44
 70
     1
102
RTVSPropertyOp45
 70
     1
102
RTVSPropertyOp46
 70
     1
102
RTVSPropertyOp47
 70
     1
102
RTVSPropertyOp48
 70
     1
102
RTVSPropertyOp49
 70
     1
102
RTVSPropertyOp50
 70
     1
102
RTVSPropertyOp51
 70
     0
102
RTVSPropertyOp52
 70
     0
102
RTVSPropertyOp53
 70
     1
102
RTVSPropertyOp54
 70
     1
102
RTVSPropertyOp55
 70
     1
102
RTVSPropertyOp56
 70
     1
102
RTVSPropertyOp57
 70
     1
102
RTVSPropertyOp58
 70
     1
102
RTVSPropertyOp59
 70
     1
102
RTVSPropertyOp60
 70
     1
102
RTVSPropertyOp61
 70
     1
102
RTVSPropertyOp62
 70
     1
  0
XRECORD
  5
1546C
102
{ACAD_REACTORS
330
1546B
102
}
330
1546B
100
AcDbXrecord
280
     1
102
RTVSPost2010Prop28
280
     0
102
RTVSPost2010PropOp28
 70
     1
102
RTVSPost2010Prop29
280
     1
102
RTVSPost2010PropOp29
 70
     1
102
RTVSPost2010Prop30
280
     1
102
RTVSPost2010PropOp30
 70
     1
102
RTVSPost2010Prop31
280
     0
102
RTVSPost2010PropOp31
 70
     1
102
RTVSPost2010Prop32
280
     0
102
RTVSPost2010PropOp32
 70
     1
102
RTVSPost2010Prop33
280
     0
102
RTVSPost2010PropOp33
 70
     1
102
RTVSPost2010Prop34
280
     0
102
RTVSPost2010PropOp34
 70
     1
102
RTVSPost2010Prop35
280
     0
102
RTVSPost2010PropOp35
 70
     1
102
RTVSPost2010Prop36
280
     0
102
RTVSPost2010PropOp36
 70
     1
102
RTVSPost2010Prop37
 90
       50
102
RTVSPost2010PropOp37
 70
     1
102
RTVSPost2010Prop38
140
0.0
102
RTVSPost2010PropOp38
 70
     1
102
RTVSPost2010Prop39
140
1.0
102
RTVSPost2010PropOp39
 70
     1
102
RTVSPost2010Prop40
 90
        0
102
RTVSPost2010PropOp40
 70
     1
102
RTVSPost2010Prop41ColorIndex
 90
       18
102
RTVSPost2010Prop41ColorRGB
 90
        0
102
RTVSPost2010PropOp41
 70
     1
102
RTVSPost2010Prop42
 90
       50
102
RTVSPost2010PropOp42
 70
     1
102
RTVSPost2010Prop43
 90
        3
102
RTVSPost2010PropOp43
 70
     1
102
RTVSPost2010Prop44ColorIndex
 90
        5
102
RTVSPost2010Prop44ColorRGB
 90
      255
102
RTVSPost2010PropOp44
 70
     1
102
RTVSPost2010Prop45
280
     0
102
RTVSPost2010PropOp45
 70
     1
102
RTVSPost2010Prop46
 90
       50
102
RTVSPost2010PropOp46
 70
     1
102
RTVSPost2010Prop47
 90
       50
102
RTVSPost2010PropOp47
 70
     1
102
RTVSPost2010Prop48
 90
       50
102
RTVSPost2010PropOp48
 70
     1
102
RTVSPost2010Prop49
280
     0
102
RTVSPost2010PropOp49
 70
     1
102
RTVSPost2010Prop50
 90
       50
102
RTVSPost2010PropOp50
 70
     1
102
RTVSPost2010Prop51ColorIndex
 90
      256
102
RTVSPost2010Prop51ColorRGB
 90
-16777216
102
RTVSPost2010PropOp51
 70
     0
102
RTVSPost2010Prop52
140
1.0
102
RTVSPost2010PropOp52
 70
     0
102
RTVSPost2010Prop53
 90
        2
102
RTVSPost2010PropOp53
 70
     1
102
RTVSPost2010Prop54
  1
strokes_ogs.tif
102
RTVSPost2010PropOp54
 70
     1
102
RTVSPost2010Prop55
280
     0
102
RTVSPost2010PropOp55
 70
     1
102
RTVSPost2010Prop56
140
1.0
102
RTVSPost2010PropOp56
 70
     1
102
RTVSPost2010Prop57
140
1.0
102
RTVSPost2010PropOp57
 70
     1
102
RTVSPropertyOp0
 70
     1
102
RTVSPropertyOp1
 70
     1
102
RTVSPropertyOp2
 70
     1
102
RTVSPropertyOp3
 70
     1
102
RTVSPropertyOp4
 70
     1
102
RTVSPropertyOp5
 70
     1
102
RTVSPropertyOp6
 70
     1
102
RTVSPropertyOp7
 70
     1
102
RTVSPropertyOp8
 70
     1
102
RTVSPropertyOp9
 70
     1
102
RTVSPropertyOp10
 70
     1
102
RTVSPropertyOp11
 70
     1
102
RTVSPropertyOp12
 70
     1
102
RTVSPropertyOp13
 70
     1
102
RTVSPropertyOp14
 70
     1
102
RTVSPropertyOp15
 70
     1
102
RTVSPropertyOp16
 70
     1
102
RTVSPropertyOp17
 70
     1
102
RTVSPropertyOp18
 70
     1
102
RTVSPropertyOp19
 70
     1
102
RTVSPropertyOp20
 70
     1
102
RTVSPropertyOp21
 70
     1
102
RTVSPropertyOp22
 70
     1
102
RTVSPropertyOp23
 70
     1
102
RTVSPropertyOp24
 70
     1
102
RTVSPropertyOp25
 70
     1
102
RTVSPropertyOp26
 70
     1
102
RTVSPropertyOp27
 70
     1
102
RTVSPropertyOp28
 70
     1
102
RTVSPropertyOp29
 70
     1
102
RTVSPropertyOp30
 70
     1
102
RTVSPropertyOp31
 70
     1
102
RTVSPropertyOp32
 70
     1
102
RTVSPropertyOp33
 70
     1
102
RTVSPropertyOp34
 70
     1
102
RTVSPropertyOp35
 70
     1
102
RTVSPropertyOp36
 70
     1
102
RTVSPropertyOp37
 70
     1
102
RTVSPropertyOp38
 70
     1
102
RTVSPropertyOp39
 70
     1
102
RTVSPropertyOp40
 70
     1
102
RTVSPropertyOp41
 70
     1
102
RTVSPropertyOp42
 70
     1
102
RTVSPropertyOp43
 70
     1
102
RTVSPropertyOp44
 70
     1
102
RTVSPropertyOp45
 70
     1
102
RTVSPropertyOp46
 70
     1
102
RTVSPropertyOp47
 70
     1
102
RTVSPropertyOp48
 70
     1
102
RTVSPropertyOp49
 70
     1
102
RTVSPropertyOp50
 70
     1
102
RTVSPropertyOp51
 70
     0
102
RTVSPropertyOp52
 70
     0
102
RTVSPropertyOp53
 70
     1
102
RTVSPropertyOp54
 70
     1
102
RTVSPropertyOp55
 70
     1
102
RTVSPropertyOp56
 70
     1
102
RTVSPropertyOp57
 70
     1
102
RTVSPropertyOp58
 70
     1
102
RTVSPropertyOp59
 70
     1
102
RTVSPropertyOp60
 70
     1
102
RTVSPropertyOp61
 70
     1
102
RTVSPropertyOp62
 70
     1
  0
XRECORD
  5
15486
102
{ACAD_REACTORS
330
15485
102
}
330
15485
100
AcDbXrecord
280
     1
102
RTVSPost2010Prop28
280
     0
102
RTVSPost2010PropOp28
 70
     1
102
RTVSPost2010Prop29
280
     1
102
RTVSPost2010PropOp29
 70
     1
102
RTVSPost2010Prop30
280
     1
102
RTVSPost2010PropOp30
 70
     1
102
RTVSPost2010Prop31
280
     0
102
RTVSPost2010PropOp31
 70
     1
102
RTVSPost2010Prop32
280
     0
102
RTVSPost2010PropOp32
 70
     1
102
RTVSPost2010Prop33
280
     0
102
RTVSPost2010PropOp33
 70
     1
102
RTVSPost2010Prop34
280
     0
102
RTVSPost2010PropOp34
 70
     1
102
RTVSPost2010Prop35
280
     0
102
RTVSPost2010PropOp35
 70
     1
102
RTVSPost2010Prop36
280
     0
102
RTVSPost2010PropOp36
 70
     1
102
RTVSPost2010Prop37
 90
       50
102
RTVSPost2010PropOp37
 70
     0
102
RTVSPost2010Prop38
140
0.0
102
RTVSPost2010PropOp38
 70
     0
102
RTVSPost2010Prop39
140
1.0
102
RTVSPost2010PropOp39
 70
     0
102
RTVSPost2010Prop40
 90
        0
102
RTVSPost2010PropOp40
 70
     0
102
RTVSPost2010Prop41ColorIndex
 90
       18
102
RTVSPost2010Prop41ColorRGB
 90
        0
102
RTVSPost2010PropOp41
 70
     0
102
RTVSPost2010Prop42
 90
       50
102
RTVSPost2010PropOp42
 70
     0
102
RTVSPost2010Prop43
 90
        3
102
RTVSPost2010PropOp43
 70
     0
102
RTVSPost2010Prop44ColorIndex
 90
        5
102
RTVSPost2010Prop44ColorRGB
 90
      255
102
RTVSPost2010PropOp44
 70
     0
102
RTVSPost2010Prop45
280
     0
102
RTVSPost2010PropOp45
 70
     1
102
RTVSPost2010Prop46
 90
       50
102
RTVSPost2010PropOp46
 70
     0
102
RTVSPost2010Prop47
 90
       50
102
RTVSPost2010PropOp47
 70
     0
102
RTVSPost2010Prop48
 90
       50
102
RTVSPost2010PropOp48
 70
     0
102
RTVSPost2010Prop49
280
     0
102
RTVSPost2010PropOp49
 70
     1
102
RTVSPost2010Prop50
 90
       50
102
RTVSPost2010PropOp50
 70
     0
102
RTVSPost2010Prop51ColorIndex
 90
      256
102
RTVSPost2010Prop51ColorRGB
 90
-16777216
102
RTVSPost2010PropOp51
 70
     0
102
RTVSPost2010Prop52
140
1.0
102
RTVSPost2010PropOp52
 70
     0
102
RTVSPost2010Prop53
 90
        2
102
RTVSPost2010PropOp53
 70
     0
102
RTVSPost2010Prop54
  1
strokes_ogs.tif
102
RTVSPost2010PropOp54
 70
     0
102
RTVSPost2010Prop55
280
     0
102
RTVSPost2010PropOp55
 70
     1
102
RTVSPost2010Prop56
140
1.0
102
RTVSPost2010PropOp56
 70
     0
102
RTVSPost2010Prop57
140
1.0
102
RTVSPost2010PropOp57
 70
     0
102
RTVSPropertyOp0
 70
     0
102
RTVSPropertyOp1
 70
     0
102
RTVSPropertyOp2
 70
     0
102
RTVSPropertyOp3
 70
     0
102
RTVSPropertyOp4
 70
     0
102
RTVSPropertyOp5
 70
     0
102
RTVSPropertyOp6
 70
     0
102
RTVSPropertyOp7
 70
     0
102
RTVSPropertyOp8
 70
     0
102
RTVSPropertyOp9
 70
     0
102
RTVSPropertyOp10
 70
     0
102
RTVSPropertyOp11
 70
     0
102
RTVSPropertyOp12
 70
     0
102
RTVSPropertyOp13
 70
     0
102
RTVSPropertyOp14
 70
     2
102
RTVSPropertyOp15
 70
     0
102
RTVSPropertyOp16
 70
     0
102
RTVSPropertyOp17
 70
     0
102
RTVSPropertyOp18
 70
     0
102
RTVSPropertyOp19
 70
     0
102
RTVSPropertyOp20
 70
     0
102
RTVSPropertyOp21
 70
     0
102
RTVSPropertyOp22
 70
     0
102
RTVSPropertyOp23
 70
     0
102
RTVSPropertyOp24
 70
     0
102
RTVSPropertyOp25
 70
     0
102
RTVSPropertyOp26
 70
     0
102
RTVSPropertyOp27
 70
     0
102
RTVSPropertyOp28
 70
     1
102
RTVSPropertyOp29
 70
     1
102
RTVSPropertyOp30
 70
     1
102
RTVSPropertyOp31
 70
     1
102
RTVSPropertyOp32
 70
     1
102
RTVSPropertyOp33
 70
     1
102
RTVSPropertyOp34
 70
     1
102
RTVSPropertyOp35
 70
     1
102
RTVSPropertyOp36
 70
     1
102
RTVSPropertyOp37
 70
     0
102
RTVSPropertyOp38
 70
     0
102
RTVSPropertyOp39
 70
     0
102
RTVSPropertyOp40
 70
     0
102
RTVSPropertyOp41
 70
     0
102
RTVSPropertyOp42
 70
     0
102
RTVSPropertyOp43
 70
     0
102
RTVSPropertyOp44
 70
     0
102
RTVSPropertyOp45
 70
     1
102
RTVSPropertyOp46
 70
     0
102
RTVSPropertyOp47
 70
     0
102
RTVSPropertyOp48
 70
     0
102
RTVSPropertyOp49
 70
     1
102
RTVSPropertyOp50
 70
     0
102
RTVSPropertyOp51
 70
     0
102
RTVSPropertyOp52
 70
     0
102
RTVSPropertyOp53
 70
     0
102
RTVSPropertyOp54
 70
     0
102
RTVSPropertyOp55
 70
     1
102
RTVSPropertyOp56
 70
     0
102
RTVSPropertyOp57
 70
     0
102
RTVSPropertyOp58
 70
     0
102
RTVSPropertyOp59
 70
     0
102
RTVSPropertyOp60
 70
     0
102
RTVSPropertyOp61
 70
     0
102
RTVSPropertyOp62
 70
     0
  0
XRECORD
  5
15474
102
{ACAD_REACTORS
330
15473
102
}
330
15473
100
AcDbXrecord
280
     1
102
RTVSPost2010Prop28
280
     0
102
RTVSPost2010PropOp28
 70
     1
102
RTVSPost2010Prop29
280
     1
102
RTVSPost2010PropOp29
 70
     1
102
RTVSPost2010Prop30
280
     1
102
RTVSPost2010PropOp30
 70
     1
102
RTVSPost2010Prop31
280
     0
102
RTVSPost2010PropOp31
 70
     1
102
RTVSPost2010Prop32
280
     0
102
RTVSPost2010PropOp32
 70
     1
102
RTVSPost2010Prop33
280
     0
102
RTVSPost2010PropOp33
 70
     1
102
RTVSPost2010Prop34
280
     0
102
RTVSPost2010PropOp34
 70
     1
102
RTVSPost2010Prop35
280
     0
102
RTVSPost2010PropOp35
 70
     1
102
RTVSPost2010Prop36
280
     0
102
RTVSPost2010PropOp36
 70
     1
102
RTVSPost2010Prop37
 90
       50
102
RTVSPost2010PropOp37
 70
     1
102
RTVSPost2010Prop38
140
0.0
102
RTVSPost2010PropOp38
 70
     1
102
RTVSPost2010Prop39
140
1.0
102
RTVSPost2010PropOp39
 70
     1
102
RTVSPost2010Prop40
 90
        0
102
RTVSPost2010PropOp40
 70
     1
102
RTVSPost2010Prop41ColorIndex
 90
       18
102
RTVSPost2010Prop41ColorRGB
 90
        0
102
RTVSPost2010PropOp41
 70
     1
102
RTVSPost2010Prop42
 90
       50
102
RTVSPost2010PropOp42
 70
     1
102
RTVSPost2010Prop43
 90
        3
102
RTVSPost2010PropOp43
 70
     1
102
RTVSPost2010Prop44ColorIndex
 90
        5
102
RTVSPost2010Prop44ColorRGB
 90
      255
102
RTVSPost2010PropOp44
 70
     1
102
RTVSPost2010Prop45
280
     0
102
RTVSPost2010PropOp45
 70
     1
102
RTVSPost2010Prop46
 90
       50
102
RTVSPost2010PropOp46
 70
     1
102
RTVSPost2010Prop47
 90
       50
102
RTVSPost2010PropOp47
 70
     1
102
RTVSPost2010Prop48
 90
       50
102
RTVSPost2010PropOp48
 70
     1
102
RTVSPost2010Prop49
280
     0
102
RTVSPost2010PropOp49
 70
     1
102
RTVSPost2010Prop50
 90
       50
102
RTVSPost2010PropOp50
 70
     1
102
RTVSPost2010Prop51ColorIndex
 90
      256
102
RTVSPost2010Prop51ColorRGB
 90
-16777216
102
RTVSPost2010PropOp51
 70
     0
102
RTVSPost2010Prop52
140
1.0
102
RTVSPost2010PropOp52
 70
     0
102
RTVSPost2010Prop53
 90
        2
102
RTVSPost2010PropOp53
 70
     1
102
RTVSPost2010Prop54
  1
strokes_ogs.tif
102
RTVSPost2010PropOp54
 70
     1
102
RTVSPost2010Prop55
280
     0
102
RTVSPost2010PropOp55
 70
     1
102
RTVSPost2010Prop56
140
1.0
102
RTVSPost2010PropOp56
 70
     1
102
RTVSPost2010Prop57
140
1.0
102
RTVSPost2010PropOp57
 70
     1
102
RTVSPropertyOp0
 70
     1
102
RTVSPropertyOp1
 70
     1
102
RTVSPropertyOp2
 70
     1
102
RTVSPropertyOp3
 70
     1
102
RTVSPropertyOp4
 70
     1
102
RTVSPropertyOp5
 70
     1
102
RTVSPropertyOp6
 70
     1
102
RTVSPropertyOp7
 70
     1
102
RTVSPropertyOp8
 70
     1
102
RTVSPropertyOp9
 70
     1
102
RTVSPropertyOp10
 70
     1
102
RTVSPropertyOp11
 70
     1
102
RTVSPropertyOp12
 70
     1
102
RTVSPropertyOp13
 70
     1
102
RTVSPropertyOp14
 70
     1
102
RTVSPropertyOp15
 70
     1
102
RTVSPropertyOp16
 70
     1
102
RTVSPropertyOp17
 70
     1
102
RTVSPropertyOp18
 70
     1
102
RTVSPropertyOp19
 70
     1
102
RTVSPropertyOp20
 70
     1
102
RTVSPropertyOp21
 70
     1
102
RTVSPropertyOp22
 70
     1
102
RTVSPropertyOp23
 70
     1
102
RTVSPropertyOp24
 70
     1
102
RTVSPropertyOp25
 70
     1
102
RTVSPropertyOp26
 70
     1
102
RTVSPropertyOp27
 70
     1
102
RTVSPropertyOp28
 70
     1
102
RTVSPropertyOp29
 70
     1
102
RTVSPropertyOp30
 70
     1
102
RTVSPropertyOp31
 70
     1
102
RTVSPropertyOp32
 70
     1
102
RTVSPropertyOp33
 70
     1
102
RTVSPropertyOp34
 70
     1
102
RTVSPropertyOp35
 70
     1
102
RTVSPropertyOp36
 70
     1
102
RTVSPropertyOp37
 70
     1
102
RTVSPropertyOp38
 70
     1
102
RTVSPropertyOp39
 70
     1
102
RTVSPropertyOp40
 70
     1
102
RTVSPropertyOp41
 70
     1
102
RTVSPropertyOp42
 70
     1
102
RTVSPropertyOp43
 70
     1
102
RTVSPropertyOp44
 70
     1
102
RTVSPropertyOp45
 70
     1
102
RTVSPropertyOp46
 70
     1
102
RTVSPropertyOp47
 70
     1
102
RTVSPropertyOp48
 70
     1
102
RTVSPropertyOp49
 70
     1
102
RTVSPropertyOp50
 70
     1
102
RTVSPropertyOp51
 70
     0
102
RTVSPropertyOp52
 70
     0
102
RTVSPropertyOp53
 70
     1
102
RTVSPropertyOp54
 70
     1
102
RTVSPropertyOp55
 70
     1
102
RTVSPropertyOp56
 70
     1
102
RTVSPropertyOp57
 70
     1
102
RTVSPropertyOp58
 70
     1
102
RTVSPropertyOp59
 70
     1
102
RTVSPropertyOp60
 70
     1
102
RTVSPropertyOp61
 70
     1
102
RTVSPropertyOp62
 70
     1
  0
XRECORD
  5
15458
102
{ACAD_REACTORS
330
15457
102
}
330
15457
100
AcDbXrecord
280
     1
102
RTVSPost2010Prop28
280
     0
102
RTVSPost2010PropOp28
 70
     1
102
RTVSPost2010Prop29
280
     1
102
RTVSPost2010PropOp29
 70
     1
102
RTVSPost2010Prop30
280
     1
102
RTVSPost2010PropOp30
 70
     1
102
RTVSPost2010Prop31
280
     0
102
RTVSPost2010PropOp31
 70
     1
102
RTVSPost2010Prop32
280
     0
102
RTVSPost2010PropOp32
 70
     1
102
RTVSPost2010Prop33
280
     0
102
RTVSPost2010PropOp33
 70
     1
102
RTVSPost2010Prop34
280
     0
102
RTVSPost2010PropOp34
 70
     1
102
RTVSPost2010Prop35
280
     0
102
RTVSPost2010PropOp35
 70
     1
102
RTVSPost2010Prop36
280
     0
102
RTVSPost2010PropOp36
 70
     1
102
RTVSPost2010Prop37
 90
       50
102
RTVSPost2010PropOp37
 70
     1
102
RTVSPost2010Prop38
140
0.0
102
RTVSPost2010PropOp38
 70
     1
102
RTVSPost2010Prop39
140
1.0
102
RTVSPost2010PropOp39
 70
     1
102
RTVSPost2010Prop40
 90
        0
102
RTVSPost2010PropOp40
 70
     1
102
RTVSPost2010Prop41ColorIndex
 90
       18
102
RTVSPost2010Prop41ColorRGB
 90
        0
102
RTVSPost2010PropOp41
 70
     1
102
RTVSPost2010Prop42
 90
       50
102
RTVSPost2010PropOp42
 70
     1
102
RTVSPost2010Prop43
 90
        3
102
RTVSPost2010PropOp43
 70
     1
102
RTVSPost2010Prop44ColorIndex
 90
        5
102
RTVSPost2010Prop44ColorRGB
 90
      255
102
RTVSPost2010PropOp44
 70
     1
102
RTVSPost2010Prop45
280
     0
102
RTVSPost2010PropOp45
 70
     1
102
RTVSPost2010Prop46
 90
       50
102
RTVSPost2010PropOp46
 70
     1
102
RTVSPost2010Prop47
 90
       50
102
RTVSPost2010PropOp47
 70
     1
102
RTVSPost2010Prop48
 90
       50
102
RTVSPost2010PropOp48
 70
     1
102
RTVSPost2010Prop49
280
     0
102
RTVSPost2010PropOp49
 70
     1
102
RTVSPost2010Prop50
 90
       50
102
RTVSPost2010PropOp50
 70
     1
102
RTVSPost2010Prop51ColorIndex
 90
      256
102
RTVSPost2010Prop51ColorRGB
 90
-16777216
102
RTVSPost2010PropOp51
 70
     0
102
RTVSPost2010Prop52
140
1.0
102
RTVSPost2010PropOp52
 70
     0
102
RTVSPost2010Prop53
 90
        2
102
RTVSPost2010PropOp53
 70
     1
102
RTVSPost2010Prop54
  1
strokes_ogs.tif
102
RTVSPost2010PropOp54
 70
     1
102
RTVSPost2010Prop55
280
     0
102
RTVSPost2010PropOp55
 70
     1
102
RTVSPost2010Prop56
140
1.0
102
RTVSPost2010PropOp56
 70
     1
102
RTVSPost2010Prop57
140
1.0
102
RTVSPost2010PropOp57
 70
     1
102
RTVSPropertyOp0
 70
     1
102
RTVSPropertyOp1
 70
     1
102
RTVSPropertyOp2
 70
     1
102
RTVSPropertyOp3
 70
     1
102
RTVSPropertyOp4
 70
     1
102
RTVSPropertyOp5
 70
     1
102
RTVSPropertyOp6
 70
     1
102
RTVSPropertyOp7
 70
     1
102
RTVSPropertyOp8
 70
     1
102
RTVSPropertyOp9
 70
     1
102
RTVSPropertyOp10
 70
     1
102
RTVSPropertyOp11
 70
     1
102
RTVSPropertyOp12
 70
     1
102
RTVSPropertyOp13
 70
     1
102
RTVSPropertyOp14
 70
     1
102
RTVSPropertyOp15
 70
     1
102
RTVSPropertyOp16
 70
     1
102
RTVSPropertyOp17
 70
     1
102
RTVSPropertyOp18
 70
     1
102
RTVSPropertyOp19
 70
     1
102
RTVSPropertyOp20
 70
     1
102
RTVSPropertyOp21
 70
     1
102
RTVSPropertyOp22
 70
     1
102
RTVSPropertyOp23
 70
     1
102
RTVSPropertyOp24
 70
     1
102
RTVSPropertyOp25
 70
     1
102
RTVSPropertyOp26
 70
     1
102
RTVSPropertyOp27
 70
     1
102
RTVSPropertyOp28
 70
     1
102
RTVSPropertyOp29
 70
     1
102
RTVSPropertyOp30
 70
     1
102
RTVSPropertyOp31
 70
     1
102
RTVSPropertyOp32
 70
     1
102
RTVSPropertyOp33
 70
     1
102
RTVSPropertyOp34
 70
     1
102
RTVSPropertyOp35
 70
     1
102
RTVSPropertyOp36
 70
     1
102
RTVSPropertyOp37
 70
     1
102
RTVSPropertyOp38
 70
     1
102
RTVSPropertyOp39
 70
     1
102
RTVSPropertyOp40
 70
     1
102
RTVSPropertyOp41
 70
     1
102
RTVSPropertyOp42
 70
     1
102
RTVSPropertyOp43
 70
     1
102
RTVSPropertyOp44
 70
     1
102
RTVSPropertyOp45
 70
     1
102
RTVSPropertyOp46
 70
     1
102
RTVSPropertyOp47
 70
     1
102
RTVSPropertyOp48
 70
     1
102
RTVSPropertyOp49
 70
     1
102
RTVSPropertyOp50
 70
     1
102
RTVSPropertyOp51
 70
     0
102
RTVSPropertyOp52
 70
     0
102
RTVSPropertyOp53
 70
     1
102
RTVSPropertyOp54
 70
     1
102
RTVSPropertyOp55
 70
     1
102
RTVSPropertyOp56
 70
     1
102
RTVSPropertyOp57
 70
     1
102
RTVSPropertyOp58
 70
     1
102
RTVSPropertyOp59
 70
     1
102
RTVSPropertyOp60
 70
     1
102
RTVSPropertyOp61
 70
     1
102
RTVSPropertyOp62
 70
     1
  0
XRECORD
  5
1545A
102
{ACAD_REACTORS
330
15459
102
}
330
15459
100
AcDbXrecord
280
     1
102
RTVSPost2010Prop28
280
     0
102
RTVSPost2010PropOp28
 70
     1
102
RTVSPost2010Prop29
280
     1
102
RTVSPost2010PropOp29
 70
     1
102
RTVSPost2010Prop30
280
     1
102
RTVSPost2010PropOp30
 70
     1
102
RTVSPost2010Prop31
280
     0
102
RTVSPost2010PropOp31
 70
     1
102
RTVSPost2010Prop32
280
     0
102
RTVSPost2010PropOp32
 70
     1
102
RTVSPost2010Prop33
280
     0
102
RTVSPost2010PropOp33
 70
     1
102
RTVSPost2010Prop34
280
     0
102
RTVSPost2010PropOp34
 70
     1
102
RTVSPost2010Prop35
280
     0
102
RTVSPost2010PropOp35
 70
     1
102
RTVSPost2010Prop36
280
     0
102
RTVSPost2010PropOp36
 70
     1
102
RTVSPost2010Prop37
 90
       50
102
RTVSPost2010PropOp37
 70
     1
102
RTVSPost2010Prop38
140
0.0
102
RTVSPost2010PropOp38
 70
     1
102
RTVSPost2010Prop39
140
1.0
102
RTVSPost2010PropOp39
 70
     1
102
RTVSPost2010Prop40
 90
        0
102
RTVSPost2010PropOp40
 70
     1
102
RTVSPost2010Prop41ColorIndex
 90
       18
102
RTVSPost2010Prop41ColorRGB
 90
        0
102
RTVSPost2010PropOp41
 70
     1
102
RTVSPost2010Prop42
 90
       50
102
RTVSPost2010PropOp42
 70
     1
102
RTVSPost2010Prop43
 90
        3
102
RTVSPost2010PropOp43
 70
     1
102
RTVSPost2010Prop44ColorIndex
 90
        5
102
RTVSPost2010Prop44ColorRGB
 90
      255
102
RTVSPost2010PropOp44
 70
     1
102
RTVSPost2010Prop45
280
     0
102
RTVSPost2010PropOp45
 70
     1
102
RTVSPost2010Prop46
 90
       50
102
RTVSPost2010PropOp46
 70
     1
102
RTVSPost2010Prop47
 90
       50
102
RTVSPost2010PropOp47
 70
     1
102
RTVSPost2010Prop48
 90
       50
102
RTVSPost2010PropOp48
 70
     1
102
RTVSPost2010Prop49
280
     0
102
RTVSPost2010PropOp49
 70
     1
102
RTVSPost2010Prop50
 90
       50
102
RTVSPost2010PropOp50
 70
     1
102
RTVSPost2010Prop51ColorIndex
 90
      256
102
RTVSPost2010Prop51ColorRGB
 90
-16777216
102
RTVSPost2010PropOp51
 70
     0
102
RTVSPost2010Prop52
140
1.0
102
RTVSPost2010PropOp52
 70
     0
102
RTVSPost2010Prop53
 90
        2
102
RTVSPost2010PropOp53
 70
     1
102
RTVSPost2010Prop54
  1
strokes_ogs.tif
102
RTVSPost2010PropOp54
 70
     1
102
RTVSPost2010Prop55
280
     0
102
RTVSPost2010PropOp55
 70
     1
102
RTVSPost2010Prop56
140
1.0
102
RTVSPost2010PropOp56
 70
     1
102
RTVSPost2010Prop57
140
1.0
102
RTVSPost2010PropOp57
 70
     1
102
RTVSPropertyOp0
 70
     1
102
RTVSPropertyOp1
 70
     1
102
RTVSPropertyOp2
 70
     1
102
RTVSPropertyOp3
 70
     1
102
RTVSPropertyOp4
 70
     1
102
RTVSPropertyOp5
 70
     1
102
RTVSPropertyOp6
 70
     1
102
RTVSPropertyOp7
 70
     1
102
RTVSPropertyOp8
 70
     1
102
RTVSPropertyOp9
 70
     1
102
RTVSPropertyOp10
 70
     1
102
RTVSPropertyOp11
 70
     1
102
RTVSPropertyOp12
 70
     1
102
RTVSPropertyOp13
 70
     1
102
RTVSPropertyOp14
 70
     1
102
RTVSPropertyOp15
 70
     1
102
RTVSPropertyOp16
 70
     1
102
RTVSPropertyOp17
 70
     1
102
RTVSPropertyOp18
 70
     1
102
RTVSPropertyOp19
 70
     1
102
RTVSPropertyOp20
 70
     1
102
RTVSPropertyOp21
 70
     1
102
RTVSPropertyOp22
 70
     1
102
RTVSPropertyOp23
 70
     1
102
RTVSPropertyOp24
 70
     1
102
RTVSPropertyOp25
 70
     1
102
RTVSPropertyOp26
 70
     1
102
RTVSPropertyOp27
 70
     1
102
RTVSPropertyOp28
 70
     1
102
RTVSPropertyOp29
 70
     1
102
RTVSPropertyOp30
 70
     1
102
RTVSPropertyOp31
 70
     1
102
RTVSPropertyOp32
 70
     1
102
RTVSPropertyOp33
 70
     1
102
RTVSPropertyOp34
 70
     1
102
RTVSPropertyOp35
 70
     1
102
RTVSPropertyOp36
 70
     1
102
RTVSPropertyOp37
 70
     1
102
RTVSPropertyOp38
 70
     1
102
RTVSPropertyOp39
 70
     1
102
RTVSPropertyOp40
 70
     1
102
RTVSPropertyOp41
 70
     1
102
RTVSPropertyOp42
 70
     1
102
RTVSPropertyOp43
 70
     1
102
RTVSPropertyOp44
 70
     1
102
RTVSPropertyOp45
 70
     1
102
RTVSPropertyOp46
 70
     1
102
RTVSPropertyOp47
 70
     1
102
RTVSPropertyOp48
 70
     1
102
RTVSPropertyOp49
 70
     1
102
RTVSPropertyOp50
 70
     1
102
RTVSPropertyOp51
 70
     0
102
RTVSPropertyOp52
 70
     0
102
RTVSPropertyOp53
 70
     1
102
RTVSPropertyOp54
 70
     1
102
RTVSPropertyOp55
 70
     1
102
RTVSPropertyOp56
 70
     1
102
RTVSPropertyOp57
 70
     1
102
RTVSPropertyOp58
 70
     1
102
RTVSPropertyOp59
 70
     1
102
RTVSPropertyOp60
 70
     1
102
RTVSPropertyOp61
 70
     1
102
RTVSPropertyOp62
 70
     1
  0
XRECORD
  5
1545C
102
{ACAD_REACTORS
330
1545B
102
}
330
1545B
100
AcDbXrecord
280
     1
102
RTVSPost2010Prop28
280
     0
102
RTVSPost2010PropOp28
 70
     1
102
RTVSPost2010Prop29
280
     1
102
RTVSPost2010PropOp29
 70
     1
102
RTVSPost2010Prop30
280
     1
102
RTVSPost2010PropOp30
 70
     1
102
RTVSPost2010Prop31
280
     0
102
RTVSPost2010PropOp31
 70
     1
102
RTVSPost2010Prop32
280
     0
102
RTVSPost2010PropOp32
 70
     1
102
RTVSPost2010Prop33
280
     0
102
RTVSPost2010PropOp33
 70
     1
102
RTVSPost2010Prop34
280
     0
102
RTVSPost2010PropOp34
 70
     1
102
RTVSPost2010Prop35
280
     0
102
RTVSPost2010PropOp35
 70
     1
102
RTVSPost2010Prop36
280
     0
102
RTVSPost2010PropOp36
 70
     1
102
RTVSPost2010Prop37
 90
       50
102
RTVSPost2010PropOp37
 70
     1
102
RTVSPost2010Prop38
140
0.0
102
RTVSPost2010PropOp38
 70
     1
102
RTVSPost2010Prop39
140
1.0
102
RTVSPost2010PropOp39
 70
     1
102
RTVSPost2010Prop40
 90
        0
102
RTVSPost2010PropOp40
 70
     1
102
RTVSPost2010Prop41ColorIndex
 90
       18
102
RTVSPost2010Prop41ColorRGB
 90
        0
102
RTVSPost2010PropOp41
 70
     1
102
RTVSPost2010Prop42
 90
       50
102
RTVSPost2010PropOp42
 70
     1
102
RTVSPost2010Prop43
 90
        3
102
RTVSPost2010PropOp43
 70
     1
102
RTVSPost2010Prop44ColorIndex
 90
        5
102
RTVSPost2010Prop44ColorRGB
 90
      255
102
RTVSPost2010PropOp44
 70
     1
102
RTVSPost2010Prop45
280
     0
102
RTVSPost2010PropOp45
 70
     1
102
RTVSPost2010Prop46
 90
       50
102
RTVSPost2010PropOp46
 70
     1
102
RTVSPost2010Prop47
 90
       50
102
RTVSPost2010PropOp47
 70
     1
102
RTVSPost2010Prop48
 90
       50
102
RTVSPost2010PropOp48
 70
     1
102
RTVSPost2010Prop49
280
     0
102
RTVSPost2010PropOp49
 70
     1
102
RTVSPost2010Prop50
 90
       50
102
RTVSPost2010PropOp50
 70
     1
102
RTVSPost2010Prop51ColorIndex
 90
      256
102
RTVSPost2010Prop51ColorRGB
 90
-16777216
102
RTVSPost2010PropOp51
 70
     0
102
RTVSPost2010Prop52
140
1.0
102
RTVSPost2010PropOp52
 70
     0
102
RTVSPost2010Prop53
 90
        2
102
RTVSPost2010PropOp53
 70
     1
102
RTVSPost2010Prop54
  1
strokes_ogs.tif
102
RTVSPost2010PropOp54
 70
     1
102
RTVSPost2010Prop55
280
     0
102
RTVSPost2010PropOp55
 70
     1
102
RTVSPost2010Prop56
140
1.0
102
RTVSPost2010PropOp56
 70
     1
102
RTVSPost2010Prop57
140
1.0
102
RTVSPost2010PropOp57
 70
     1
102
RTVSPropertyOp0
 70
     1
102
RTVSPropertyOp1
 70
     1
102
RTVSPropertyOp2
 70
     1
102
RTVSPropertyOp3
 70
     1
102
RTVSPropertyOp4
 70
     1
102
RTVSPropertyOp5
 70
     1
102
RTVSPropertyOp6
 70
     1
102
RTVSPropertyOp7
 70
     1
102
RTVSPropertyOp8
 70
     1
102
RTVSPropertyOp9
 70
     1
102
RTVSPropertyOp10
 70
     1
102
RTVSPropertyOp11
 70
     1
102
RTVSPropertyOp12
 70
     1
102
RTVSPropertyOp13
 70
     1
102
RTVSPropertyOp14
 70
     1
102
RTVSPropertyOp15
 70
     1
102
RTVSPropertyOp16
 70
     1
102
RTVSPropertyOp17
 70
     1
102
RTVSPropertyOp18
 70
     1
102
RTVSPropertyOp19
 70
     1
102
RTVSPropertyOp20
 70
     1
102
RTVSPropertyOp21
 70
     1
102
RTVSPropertyOp22
 70
     1
102
RTVSPropertyOp23
 70
     1
102
RTVSPropertyOp24
 70
     1
102
RTVSPropertyOp25
 70
     1
102
RTVSPropertyOp26
 70
     1
102
RTVSPropertyOp27
 70
     1
102
RTVSPropertyOp28
 70
     1
102
RTVSPropertyOp29
 70
     1
102
RTVSPropertyOp30
 70
     1
102
RTVSPropertyOp31
 70
     1
102
RTVSPropertyOp32
 70
     1
102
RTVSPropertyOp33
 70
     1
102
RTVSPropertyOp34
 70
     1
102
RTVSPropertyOp35
 70
     1
102
RTVSPropertyOp36
 70
     1
102
RTVSPropertyOp37
 70
     1
102
RTVSPropertyOp38
 70
     1
102
RTVSPropertyOp39
 70
     1
102
RTVSPropertyOp40
 70
     1
102
RTVSPropertyOp41
 70
     1
102
RTVSPropertyOp42
 70
     1
102
RTVSPropertyOp43
 70
     1
102
RTVSPropertyOp44
 70
     1
102
RTVSPropertyOp45
 70
     1
102
RTVSPropertyOp46
 70
     1
102
RTVSPropertyOp47
 70
     1
102
RTVSPropertyOp48
 70
     1
102
RTVSPropertyOp49
 70
     1
102
RTVSPropertyOp50
 70
     1
102
RTVSPropertyOp51
 70
     0
102
RTVSPropertyOp52
 70
     0
102
RTVSPropertyOp53
 70
     1
102
RTVSPropertyOp54
 70
     1
102
RTVSPropertyOp55
 70
     1
102
RTVSPropertyOp56
 70
     1
102
RTVSPropertyOp57
 70
     1
102
RTVSPropertyOp58
 70
     1
102
RTVSPropertyOp59
 70
     1
102
RTVSPropertyOp60
 70
     1
102
RTVSPropertyOp61
 70
     1
102
RTVSPropertyOp62
 70
     1
  0
XRECORD
  5
1545E
102
{ACAD_REACTORS
330
1545D
102
}
330
1545D
100
AcDbXrecord
280
     1
102
RTVSPost2010Prop28
280
     0
102
RTVSPost2010PropOp28
 70
     1
102
RTVSPost2010Prop29
280
     1
102
RTVSPost2010PropOp29
 70
     1
102
RTVSPost2010Prop30
280
     1
102
RTVSPost2010PropOp30
 70
     1
102
RTVSPost2010Prop31
280
     0
102
RTVSPost2010PropOp31
 70
     1
102
RTVSPost2010Prop32
280
     0
102
RTVSPost2010PropOp32
 70
     1
102
RTVSPost2010Prop33
280
     0
102
RTVSPost2010PropOp33
 70
     1
102
RTVSPost2010Prop34
280
     0
102
RTVSPost2010PropOp34
 70
     1
102
RTVSPost2010Prop35
280
     0
102
RTVSPost2010PropOp35
 70
     1
102
RTVSPost2010Prop36
280
     0
102
RTVSPost2010PropOp36
 70
     1
102
RTVSPost2010Prop37
 90
       50
102
RTVSPost2010PropOp37
 70
     1
102
RTVSPost2010Prop38
140
0.0
102
RTVSPost2010PropOp38
 70
     1
102
RTVSPost2010Prop39
140
1.0
102
RTVSPost2010PropOp39
 70
     1
102
RTVSPost2010Prop40
 90
        0
102
RTVSPost2010PropOp40
 70
     1
102
RTVSPost2010Prop41ColorIndex
 90
       18
102
RTVSPost2010Prop41ColorRGB
 90
        0
102
RTVSPost2010PropOp41
 70
     1
102
RTVSPost2010Prop42
 90
       50
102
RTVSPost2010PropOp42
 70
     1
102
RTVSPost2010Prop43
 90
        3
102
RTVSPost2010PropOp43
 70
     1
102
RTVSPost2010Prop44ColorIndex
 90
        5
102
RTVSPost2010Prop44ColorRGB
 90
      255
102
RTVSPost2010PropOp44
 70
     1
102
RTVSPost2010Prop45
280
     0
102
RTVSPost2010PropOp45
 70
     1
102
RTVSPost2010Prop46
 90
       50
102
RTVSPost2010PropOp46
 70
     1
102
RTVSPost2010Prop47
 90
       50
102
RTVSPost2010PropOp47
 70
     1
102
RTVSPost2010Prop48
 90
       50
102
RTVSPost2010PropOp48
 70
     1
102
RTVSPost2010Prop49
280
     0
102
RTVSPost2010PropOp49
 70
     1
102
RTVSPost2010Prop50
 90
       50
102
RTVSPost2010PropOp50
 70
     1
102
RTVSPost2010Prop51ColorIndex
 90
      256
102
RTVSPost2010Prop51ColorRGB
 90
-16777216
102
RTVSPost2010PropOp51
 70
     0
102
RTVSPost2010Prop52
140
1.0
102
RTVSPost2010PropOp52
 70
     0
102
RTVSPost2010Prop53
 90
        2
102
RTVSPost2010PropOp53
 70
     1
102
RTVSPost2010Prop54
  1
strokes_ogs.tif
102
RTVSPost2010PropOp54
 70
     1
102
RTVSPost2010Prop55
280
     0
102
RTVSPost2010PropOp55
 70
     1
102
RTVSPost2010Prop56
140
1.0
102
RTVSPost2010PropOp56
 70
     1
102
RTVSPost2010Prop57
140
1.0
102
RTVSPost2010PropOp57
 70
     1
102
RTVSPropertyOp0
 70
     1
102
RTVSPropertyOp1
 70
     1
102
RTVSPropertyOp2
 70
     1
102
RTVSPropertyOp3
 70
     1
102
RTVSPropertyOp4
 70
     1
102
RTVSPropertyOp5
 70
     1
102
RTVSPropertyOp6
 70
     1
102
RTVSPropertyOp7
 70
     1
102
RTVSPropertyOp8
 70
     1
102
RTVSPropertyOp9
 70
     1
102
RTVSPropertyOp10
 70
     1
102
RTVSPropertyOp11
 70
     1
102
RTVSPropertyOp12
 70
     1
102
RTVSPropertyOp13
 70
     1
102
RTVSPropertyOp14
 70
     1
102
RTVSPropertyOp15
 70
     1
102
RTVSPropertyOp16
 70
     1
102
RTVSPropertyOp17
 70
     1
102
RTVSPropertyOp18
 70
     1
102
RTVSPropertyOp19
 70
     1
102
RTVSPropertyOp20
 70
     1
102
RTVSPropertyOp21
 70
     1
102
RTVSPropertyOp22
 70
     1
102
RTVSPropertyOp23
 70
     1
102
RTVSPropertyOp24
 70
     1
102
RTVSPropertyOp25
 70
     1
102
RTVSPropertyOp26
 70
     1
102
RTVSPropertyOp27
 70
     1
102
RTVSPropertyOp28
 70
     1
102
RTVSPropertyOp29
 70
     1
102
RTVSPropertyOp30
 70
     1
102
RTVSPropertyOp31
 70
     1
102
RTVSPropertyOp32
 70
     1
102
RTVSPropertyOp33
 70
     1
102
RTVSPropertyOp34
 70
     1
102
RTVSPropertyOp35
 70
     1
102
RTVSPropertyOp36
 70
     1
102
RTVSPropertyOp37
 70
     1
102
RTVSPropertyOp38
 70
     1
102
RTVSPropertyOp39
 70
     1
102
RTVSPropertyOp40
 70
     1
102
RTVSPropertyOp41
 70
     1
102
RTVSPropertyOp42
 70
     1
102
RTVSPropertyOp43
 70
     1
102
RTVSPropertyOp44
 70
     1
102
RTVSPropertyOp45
 70
     1
102
RTVSPropertyOp46
 70
     1
102
RTVSPropertyOp47
 70
     1
102
RTVSPropertyOp48
 70
     1
102
RTVSPropertyOp49
 70
     1
102
RTVSPropertyOp50
 70
     1
102
RTVSPropertyOp51
 70
     0
102
RTVSPropertyOp52
 70
     0
102
RTVSPropertyOp53
 70
     1
102
RTVSPropertyOp54
 70
     1
102
RTVSPropertyOp55
 70
     1
102
RTVSPropertyOp56
 70
     1
102
RTVSPropertyOp57
 70
     1
102
RTVSPropertyOp58
 70
     1
102
RTVSPropertyOp59
 70
     1
102
RTVSPropertyOp60
 70
     1
102
RTVSPropertyOp61
 70
     1
102
RTVSPropertyOp62
 70
     1
  0
XRECORD
  5
15466
102
{ACAD_REACTORS
330
15465
102
}
330
15465
100
AcDbXrecord
280
     1
102
RTVSPost2010Prop28
280
     0
102
RTVSPost2010PropOp28
 70
     1
102
RTVSPost2010Prop29
280
     1
102
RTVSPost2010PropOp29
 70
     1
102
RTVSPost2010Prop30
280
     1
102
RTVSPost2010PropOp30
 70
     1
102
RTVSPost2010Prop31
280
     0
102
RTVSPost2010PropOp31
 70
     1
102
RTVSPost2010Prop32
280
     0
102
RTVSPost2010PropOp32
 70
     1
102
RTVSPost2010Prop33
280
     0
102
RTVSPost2010PropOp33
 70
     1
102
RTVSPost2010Prop34
280
     0
102
RTVSPost2010PropOp34
 70
     1
102
RTVSPost2010Prop35
280
     0
102
RTVSPost2010PropOp35
 70
     1
102
RTVSPost2010Prop36
280
     0
102
RTVSPost2010PropOp36
 70
     1
102
RTVSPost2010Prop37
 90
       50
102
RTVSPost2010PropOp37
 70
     1
102
RTVSPost2010Prop38
140
0.0
102
RTVSPost2010PropOp38
 70
     1
102
RTVSPost2010Prop39
140
1.0
102
RTVSPost2010PropOp39
 70
     1
102
RTVSPost2010Prop40
 90
        0
102
RTVSPost2010PropOp40
 70
     1
102
RTVSPost2010Prop41ColorIndex
 90
       18
102
RTVSPost2010Prop41ColorRGB
 90
        0
102
RTVSPost2010PropOp41
 70
     1
102
RTVSPost2010Prop42
 90
       50
102
RTVSPost2010PropOp42
 70
     1
102
RTVSPost2010Prop43
 90
        3
102
RTVSPost2010PropOp43
 70
     1
102
RTVSPost2010Prop44ColorIndex
 90
        5
102
RTVSPost2010Prop44ColorRGB
 90
      255
102
RTVSPost2010PropOp44
 70
     1
102
RTVSPost2010Prop45
280
     0
102
RTVSPost2010PropOp45
 70
     1
102
RTVSPost2010Prop46
 90
       50
102
RTVSPost2010PropOp46
 70
     1
102
RTVSPost2010Prop47
 90
       50
102
RTVSPost2010PropOp47
 70
     1
102
RTVSPost2010Prop48
 90
       50
102
RTVSPost2010PropOp48
 70
     1
102
RTVSPost2010Prop49
280
     0
102
RTVSPost2010PropOp49
 70
     1
102
RTVSPost2010Prop50
 90
       50
102
RTVSPost2010PropOp50
 70
     1
102
RTVSPost2010Prop51ColorIndex
 90
      256
102
RTVSPost2010Prop51ColorRGB
 90
-16777216
102
RTVSPost2010PropOp51
 70
     0
102
RTVSPost2010Prop52
140
1.0
102
RTVSPost2010PropOp52
 70
     0
102
RTVSPost2010Prop53
 90
        2
102
RTVSPost2010PropOp53
 70
     1
102
RTVSPost2010Prop54
  1
strokes_ogs.tif
102
RTVSPost2010PropOp54
 70
     1
102
RTVSPost2010Prop55
280
     0
102
RTVSPost2010PropOp55
 70
     1
102
RTVSPost2010Prop56
140
1.0
102
RTVSPost2010PropOp56
 70
     1
102
RTVSPost2010Prop57
140
1.0
102
RTVSPost2010PropOp57
 70
     1
102
RTVSPropertyOp0
 70
     1
102
RTVSPropertyOp1
 70
     1
102
RTVSPropertyOp2
 70
     1
102
RTVSPropertyOp3
 70
     1
102
RTVSPropertyOp4
 70
     1
102
RTVSPropertyOp5
 70
     1
102
RTVSPropertyOp6
 70
     1
102
RTVSPropertyOp7
 70
     1
102
RTVSPropertyOp8
 70
     1
102
RTVSPropertyOp9
 70
     1
102
RTVSPropertyOp10
 70
     1
102
RTVSPropertyOp11
 70
     1
102
RTVSPropertyOp12
 70
     1
102
RTVSPropertyOp13
 70
     1
102
RTVSPropertyOp14
 70
     1
102
RTVSPropertyOp15
 70
     1
102
RTVSPropertyOp16
 70
     1
102
RTVSPropertyOp17
 70
     1
102
RTVSPropertyOp18
 70
     1
102
RTVSPropertyOp19
 70
     1
102
RTVSPropertyOp20
 70
     1
102
RTVSPropertyOp21
 70
     1
102
RTVSPropertyOp22
 70
     1
102
RTVSPropertyOp23
 70
     1
102
RTVSPropertyOp24
 70
     1
102
RTVSPropertyOp25
 70
     1
102
RTVSPropertyOp26
 70
     1
102
RTVSPropertyOp27
 70
     1
102
RTVSPropertyOp28
 70
     1
102
RTVSPropertyOp29
 70
     1
102
RTVSPropertyOp30
 70
     1
102
RTVSPropertyOp31
 70
     1
102
RTVSPropertyOp32
 70
     1
102
RTVSPropertyOp33
 70
     1
102
RTVSPropertyOp34
 70
     1
102
RTVSPropertyOp35
 70
     1
102
RTVSPropertyOp36
 70
     1
102
RTVSPropertyOp37
 70
     1
102
RTVSPropertyOp38
 70
     1
102
RTVSPropertyOp39
 70
     1
102
RTVSPropertyOp40
 70
     1
102
RTVSPropertyOp41
 70
     1
102
RTVSPropertyOp42
 70
     1
102
RTVSPropertyOp43
 70
     1
102
RTVSPropertyOp44
 70
     1
102
RTVSPropertyOp45
 70
     1
102
RTVSPropertyOp46
 70
     1
102
RTVSPropertyOp47
 70
     1
102
RTVSPropertyOp48
 70
     1
102
RTVSPropertyOp49
 70
     1
102
RTVSPropertyOp50
 70
     1
102
RTVSPropertyOp51
 70
     0
102
RTVSPropertyOp52
 70
     0
102
RTVSPropertyOp53
 70
     1
102
RTVSPropertyOp54
 70
     1
102
RTVSPropertyOp55
 70
     1
102
RTVSPropertyOp56
 70
     1
102
RTVSPropertyOp57
 70
     1
102
RTVSPropertyOp58
 70
     1
102
RTVSPropertyOp59
 70
     1
102
RTVSPropertyOp60
 70
     1
102
RTVSPropertyOp61
 70
     1
102
RTVSPropertyOp62
 70
     1
  0
XRECORD
  5
15482
102
{ACAD_REACTORS
330
15481
102
}
330
15481
100
AcDbXrecord
280
     1
102
RTVSPost2010Prop28
280
     0
102
RTVSPost2010PropOp28
 70
     1
102
RTVSPost2010Prop29
280
     1
102
RTVSPost2010PropOp29
 70
     1
102
RTVSPost2010Prop30
280
     1
102
RTVSPost2010PropOp30
 70
     1
102
RTVSPost2010Prop31
280
     0
102
RTVSPost2010PropOp31
 70
     1
102
RTVSPost2010Prop32
280
     0
102
RTVSPost2010PropOp32
 70
     1
102
RTVSPost2010Prop33
280
     0
102
RTVSPost2010PropOp33
 70
     1
102
RTVSPost2010Prop34
280
     0
102
RTVSPost2010PropOp34
 70
     1
102
RTVSPost2010Prop35
280
     0
102
RTVSPost2010PropOp35
 70
     1
102
RTVSPost2010Prop36
280
     0
102
RTVSPost2010PropOp36
 70
     1
102
RTVSPost2010Prop37
 90
       50
102
RTVSPost2010PropOp37
 70
     0
102
RTVSPost2010Prop38
140
0.0
102
RTVSPost2010PropOp38
 70
     0
102
RTVSPost2010Prop39
140
1.0
102
RTVSPost2010PropOp39
 70
     0
102
RTVSPost2010Prop40
 90
        0
102
RTVSPost2010PropOp40
 70
     0
102
RTVSPost2010Prop41ColorIndex
 90
       18
102
RTVSPost2010Prop41ColorRGB
 90
        0
102
RTVSPost2010PropOp41
 70
     0
102
RTVSPost2010Prop42
 90
       50
102
RTVSPost2010PropOp42
 70
     0
102
RTVSPost2010Prop43
 90
        3
102
RTVSPost2010PropOp43
 70
     0
102
RTVSPost2010Prop44ColorIndex
 90
        5
102
RTVSPost2010Prop44ColorRGB
 90
      255
102
RTVSPost2010PropOp44
 70
     0
102
RTVSPost2010Prop45
280
     0
102
RTVSPost2010PropOp45
 70
     1
102
RTVSPost2010Prop46
 90
       50
102
RTVSPost2010PropOp46
 70
     0
102
RTVSPost2010Prop47
 90
       50
102
RTVSPost2010PropOp47
 70
     0
102
RTVSPost2010Prop48
 90
       50
102
RTVSPost2010PropOp48
 70
     0
102
RTVSPost2010Prop49
280
     0
102
RTVSPost2010PropOp49
 70
     1
102
RTVSPost2010Prop50
 90
       50
102
RTVSPost2010PropOp50
 70
     0
102
RTVSPost2010Prop51ColorIndex
 90
      256
102
RTVSPost2010Prop51ColorRGB
 90
-16777216
102
RTVSPost2010PropOp51
 70
     0
102
RTVSPost2010Prop52
140
1.0
102
RTVSPost2010PropOp52
 70
     0
102
RTVSPost2010Prop53
 90
        2
102
RTVSPost2010PropOp53
 70
     0
102
RTVSPost2010Prop54
  1
strokes_ogs.tif
102
RTVSPost2010PropOp54
 70
     0
102
RTVSPost2010Prop55
280
     0
102
RTVSPost2010PropOp55
 70
     1
102
RTVSPost2010Prop56
140
1.0
102
RTVSPost2010PropOp56
 70
     0
102
RTVSPost2010Prop57
140
1.0
102
RTVSPost2010PropOp57
 70
     0
102
RTVSPropertyOp0
 70
     0
102
RTVSPropertyOp1
 70
     0
102
RTVSPropertyOp2
 70
     0
102
RTVSPropertyOp3
 70
     0
102
RTVSPropertyOp4
 70
     0
102
RTVSPropertyOp5
 70
     0
102
RTVSPropertyOp6
 70
     0
102
RTVSPropertyOp7
 70
     0
102
RTVSPropertyOp8
 70
     0
102
RTVSPropertyOp9
 70
     0
102
RTVSPropertyOp10
 70
     0
102
RTVSPropertyOp11
 70
     0
102
RTVSPropertyOp12
 70
     0
102
RTVSPropertyOp13
 70
     0
102
RTVSPropertyOp14
 70
     2
102
RTVSPropertyOp15
 70
     0
102
RTVSPropertyOp16
 70
     0
102
RTVSPropertyOp17
 70
     0
102
RTVSPropertyOp18
 70
     0
102
RTVSPropertyOp19
 70
     0
102
RTVSPropertyOp20
 70
     0
102
RTVSPropertyOp21
 70
     0
102
RTVSPropertyOp22
 70
     0
102
RTVSPropertyOp23
 70
     0
102
RTVSPropertyOp24
 70
     0
102
RTVSPropertyOp25
 70
     0
102
RTVSPropertyOp26
 70
     0
102
RTVSPropertyOp27
 70
     0
102
RTVSPropertyOp28
 70
     1
102
RTVSPropertyOp29
 70
     1
102
RTVSPropertyOp30
 70
     1
102
RTVSPropertyOp31
 70
     1
102
RTVSPropertyOp32
 70
     1
102
RTVSPropertyOp33
 70
     1
102
RTVSPropertyOp34
 70
     1
102
RTVSPropertyOp35
 70
     1
102
RTVSPropertyOp36
 70
     1
102
RTVSPropertyOp37
 70
     0
102
RTVSPropertyOp38
 70
     0
102
RTVSPropertyOp39
 70
     0
102
RTVSPropertyOp40
 70
     0
102
RTVSPropertyOp41
 70
     0
102
RTVSPropertyOp42
 70
     0
102
RTVSPropertyOp43
 70
     0
102
RTVSPropertyOp44
 70
     0
102
RTVSPropertyOp45
 70
     1
102
RTVSPropertyOp46
 70
     0
102
RTVSPropertyOp47
 70
     0
102
RTVSPropertyOp48
 70
     0
102
RTVSPropertyOp49
 70
     1
102
RTVSPropertyOp50
 70
     0
102
RTVSPropertyOp51
 70
     0
102
RTVSPropertyOp52
 70
     0
102
RTVSPropertyOp53
 70
     0
102
RTVSPropertyOp54
 70
     0
102
RTVSPropertyOp55
 70
     1
102
RTVSPropertyOp56
 70
     0
102
RTVSPropertyOp57
 70
     0
102
RTVSPropertyOp58
 70
     0
102
RTVSPropertyOp59
 70
     0
102
RTVSPropertyOp60
 70
     0
102
RTVSPropertyOp61
 70
     0
102
RTVSPropertyOp62
 70
     0
  0
XRECORD
  5
15472
102
{ACAD_REACTORS
330
15471
102
}
330
15471
100
AcDbXrecord
280
     1
102
RTVSPost2010Prop28
280
     0
102
RTVSPost2010PropOp28
 70
     1
102
RTVSPost2010Prop29
280
     1
102
RTVSPost2010PropOp29
 70
     1
102
RTVSPost2010Prop30
280
     1
102
RTVSPost2010PropOp30
 70
     1
102
RTVSPost2010Prop31
280
     0
102
RTVSPost2010PropOp31
 70
     1
102
RTVSPost2010Prop32
280
     0
102
RTVSPost2010PropOp32
 70
     1
102
RTVSPost2010Prop33
280
     0
102
RTVSPost2010PropOp33
 70
     1
102
RTVSPost2010Prop34
280
     0
102
RTVSPost2010PropOp34
 70
     1
102
RTVSPost2010Prop35
280
     0
102
RTVSPost2010PropOp35
 70
     1
102
RTVSPost2010Prop36
280
     0
102
RTVSPost2010PropOp36
 70
     1
102
RTVSPost2010Prop37
 90
       50
102
RTVSPost2010PropOp37
 70
     1
102
RTVSPost2010Prop38
140
0.0
102
RTVSPost2010PropOp38
 70
     1
102
RTVSPost2010Prop39
140
1.0
102
RTVSPost2010PropOp39
 70
     1
102
RTVSPost2010Prop40
 90
        0
102
RTVSPost2010PropOp40
 70
     1
102
RTVSPost2010Prop41ColorIndex
 90
       18
102
RTVSPost2010Prop41ColorRGB
 90
        0
102
RTVSPost2010PropOp41
 70
     1
102
RTVSPost2010Prop42
 90
       50
102
RTVSPost2010PropOp42
 70
     1
102
RTVSPost2010Prop43
 90
        3
102
RTVSPost2010PropOp43
 70
     1
102
RTVSPost2010Prop44ColorIndex
 90
        5
102
RTVSPost2010Prop44ColorRGB
 90
      255
102
RTVSPost2010PropOp44
 70
     1
102
RTVSPost2010Prop45
280
     0
102
RTVSPost2010PropOp45
 70
     1
102
RTVSPost2010Prop46
 90
       50
102
RTVSPost2010PropOp46
 70
     1
102
RTVSPost2010Prop47
 90
       50
102
RTVSPost2010PropOp47
 70
     1
102
RTVSPost2010Prop48
 90
       50
102
RTVSPost2010PropOp48
 70
     1
102
RTVSPost2010Prop49
280
     0
102
RTVSPost2010PropOp49
 70
     1
102
RTVSPost2010Prop50
 90
       50
102
RTVSPost2010PropOp50
 70
     1
102
RTVSPost2010Prop51ColorIndex
 90
      256
102
RTVSPost2010Prop51ColorRGB
 90
-16777216
102
RTVSPost2010PropOp51
 70
     0
102
RTVSPost2010Prop52
140
1.0
102
RTVSPost2010PropOp52
 70
     0
102
RTVSPost2010Prop53
 90
        2
102
RTVSPost2010PropOp53
 70
     1
102
RTVSPost2010Prop54
  1
strokes_ogs.tif
102
RTVSPost2010PropOp54
 70
     1
102
RTVSPost2010Prop55
280
     0
102
RTVSPost2010PropOp55
 70
     1
102
RTVSPost2010Prop56
140
1.0
102
RTVSPost2010PropOp56
 70
     1
102
RTVSPost2010Prop57
140
1.0
102
RTVSPost2010PropOp57
 70
     1
102
RTVSPropertyOp0
 70
     1
102
RTVSPropertyOp1
 70
     1
102
RTVSPropertyOp2
 70
     1
102
RTVSPropertyOp3
 70
     1
102
RTVSPropertyOp4
 70
     1
102
RTVSPropertyOp5
 70
     1
102
RTVSPropertyOp6
 70
     1
102
RTVSPropertyOp7
 70
     1
102
RTVSPropertyOp8
 70
     1
102
RTVSPropertyOp9
 70
     1
102
RTVSPropertyOp10
 70
     1
102
RTVSPropertyOp11
 70
     1
102
RTVSPropertyOp12
 70
     1
102
RTVSPropertyOp13
 70
     1
102
RTVSPropertyOp14
 70
     1
102
RTVSPropertyOp15
 70
     1
102
RTVSPropertyOp16
 70
     1
102
RTVSPropertyOp17
 70
     1
102
RTVSPropertyOp18
 70
     1
102
RTVSPropertyOp19
 70
     1
102
RTVSPropertyOp20
 70
     1
102
RTVSPropertyOp21
 70
     1
102
RTVSPropertyOp22
 70
     1
102
RTVSPropertyOp23
 70
     1
102
RTVSPropertyOp24
 70
     1
102
RTVSPropertyOp25
 70
     1
102
RTVSPropertyOp26
 70
     1
102
RTVSPropertyOp27
 70
     1
102
RTVSPropertyOp28
 70
     1
102
RTVSPropertyOp29
 70
     1
102
RTVSPropertyOp30
 70
     1
102
RTVSPropertyOp31
 70
     1
102
RTVSPropertyOp32
 70
     1
102
RTVSPropertyOp33
 70
     1
102
RTVSPropertyOp34
 70
     1
102
RTVSPropertyOp35
 70
     1
102
RTVSPropertyOp36
 70
     1
102
RTVSPropertyOp37
 70
     1
102
RTVSPropertyOp38
 70
     1
102
RTVSPropertyOp39
 70
     1
102
RTVSPropertyOp40
 70
     1
102
RTVSPropertyOp41
 70
     1
102
RTVSPropertyOp42
 70
     1
102
RTVSPropertyOp43
 70
     1
102
RTVSPropertyOp44
 70
     1
102
RTVSPropertyOp45
 70
     1
102
RTVSPropertyOp46
 70
     1
102
RTVSPropertyOp47
 70
     1
102
RTVSPropertyOp48
 70
     1
102
RTVSPropertyOp49
 70
     1
102
RTVSPropertyOp50
 70
     1
102
RTVSPropertyOp51
 70
     0
102
RTVSPropertyOp52
 70
     0
102
RTVSPropertyOp53
 70
     1
102
RTVSPropertyOp54
 70
     1
102
RTVSPropertyOp55
 70
     1
102
RTVSPropertyOp56
 70
     1
102
RTVSPropertyOp57
 70
     1
102
RTVSPropertyOp58
 70
     1
102
RTVSPropertyOp59
 70
     1
102
RTVSPropertyOp60
 70
     1
102
RTVSPropertyOp61
 70
     1
102
RTVSPropertyOp62
 70
     1
  0
XRECORD
  5
15484
102
{ACAD_REACTORS
330
15483
102
}
330
15483
100
AcDbXrecord
280
     1
102
RTVSPost2010Prop28
280
     0
102
RTVSPost2010PropOp28
 70
     1
102
RTVSPost2010Prop29
280
     1
102
RTVSPost2010PropOp29
 70
     1
102
RTVSPost2010Prop30
280
     1
102
RTVSPost2010PropOp30
 70
     1
102
RTVSPost2010Prop31
280
     0
102
RTVSPost2010PropOp31
 70
     1
102
RTVSPost2010Prop32
280
     0
102
RTVSPost2010PropOp32
 70
     1
102
RTVSPost2010Prop33
280
     0
102
RTVSPost2010PropOp33
 70
     1
102
RTVSPost2010Prop34
280
     0
102
RTVSPost2010PropOp34
 70
     1
102
RTVSPost2010Prop35
280
     0
102
RTVSPost2010PropOp35
 70
     1
102
RTVSPost2010Prop36
280
     0
102
RTVSPost2010PropOp36
 70
     1
102
RTVSPost2010Prop37
 90
       50
102
RTVSPost2010PropOp37
 70
     0
102
RTVSPost2010Prop38
140
0.0
102
RTVSPost2010PropOp38
 70
     0
102
RTVSPost2010Prop39
140
1.0
102
RTVSPost2010PropOp39
 70
     0
102
RTVSPost2010Prop40
 90
        0
102
RTVSPost2010PropOp40
 70
     0
102
RTVSPost2010Prop41ColorIndex
 90
       18
102
RTVSPost2010Prop41ColorRGB
 90
        0
102
RTVSPost2010PropOp41
 70
     0
102
RTVSPost2010Prop42
 90
       50
102
RTVSPost2010PropOp42
 70
     0
102
RTVSPost2010Prop43
 90
        3
102
RTVSPost2010PropOp43
 70
     0
102
RTVSPost2010Prop44ColorIndex
 90
        5
102
RTVSPost2010Prop44ColorRGB
 90
      255
102
RTVSPost2010PropOp44
 70
     0
102
RTVSPost2010Prop45
280
     0
102
RTVSPost2010PropOp45
 70
     1
102
RTVSPost2010Prop46
 90
       50
102
RTVSPost2010PropOp46
 70
     0
102
RTVSPost2010Prop47
 90
       50
102
RTVSPost2010PropOp47
 70
     0
102
RTVSPost2010Prop48
 90
       50
102
RTVSPost2010PropOp48
 70
     0
102
RTVSPost2010Prop49
280
     0
102
RTVSPost2010PropOp49
 70
     1
102
RTVSPost2010Prop50
 90
       50
102
RTVSPost2010PropOp50
 70
     0
102
RTVSPost2010Prop51ColorIndex
 90
      256
102
RTVSPost2010Prop51ColorRGB
 90
-16777216
102
RTVSPost2010PropOp51
 70
     0
102
RTVSPost2010Prop52
140
1.0
102
RTVSPost2010PropOp52
 70
     0
102
RTVSPost2010Prop53
 90
        2
102
RTVSPost2010PropOp53
 70
     0
102
RTVSPost2010Prop54
  1
strokes_ogs.tif
102
RTVSPost2010PropOp54
 70
     0
102
RTVSPost2010Prop55
280
     0
102
RTVSPost2010PropOp55
 70
     1
102
RTVSPost2010Prop56
140
1.0
102
RTVSPost2010PropOp56
 70
     0
102
RTVSPost2010Prop57
140
1.0
102
RTVSPost2010PropOp57
 70
     0
102
RTVSPropertyOp0
 70
     0
102
RTVSPropertyOp1
 70
     0
102
RTVSPropertyOp2
 70
     0
102
RTVSPropertyOp3
 70
     0
102
RTVSPropertyOp4
 70
     0
102
RTVSPropertyOp5
 70
     0
102
RTVSPropertyOp6
 70
     0
102
RTVSPropertyOp7
 70
     0
102
RTVSPropertyOp8
 70
     0
102
RTVSPropertyOp9
 70
     0
102
RTVSPropertyOp10
 70
     0
102
RTVSPropertyOp11
 70
     0
102
RTVSPropertyOp12
 70
     0
102
RTVSPropertyOp13
 70
     0
102
RTVSPropertyOp14
 70
     2
102
RTVSPropertyOp15
 70
     0
102
RTVSPropertyOp16
 70
     0
102
RTVSPropertyOp17
 70
     0
102
RTVSPropertyOp18
 70
     0
102
RTVSPropertyOp19
 70
     0
102
RTVSPropertyOp20
 70
     0
102
RTVSPropertyOp21
 70
     0
102
RTVSPropertyOp22
 70
     0
102
RTVSPropertyOp23
 70
     0
102
RTVSPropertyOp24
 70
     0
102
RTVSPropertyOp25
 70
     0
102
RTVSPropertyOp26
 70
     0
102
RTVSPropertyOp27
 70
     0
102
RTVSPropertyOp28
 70
     1
102
RTVSPropertyOp29
 70
     1
102
RTVSPropertyOp30
 70
     1
102
RTVSPropertyOp31
 70
     1
102
RTVSPropertyOp32
 70
     1
102
RTVSPropertyOp33
 70
     1
102
RTVSPropertyOp34
 70
     1
102
RTVSPropertyOp35
 70
     1
102
RTVSPropertyOp36
 70
     1
102
RTVSPropertyOp37
 70
     0
102
RTVSPropertyOp38
 70
     0
102
RTVSPropertyOp39
 70
     0
102
RTVSPropertyOp40
 70
     0
102
RTVSPropertyOp41
 70
     0
102
RTVSPropertyOp42
 70
     0
102
RTVSPropertyOp43
 70
     0
102
RTVSPropertyOp44
 70
     0
102
RTVSPropertyOp45
 70
     1
102
RTVSPropertyOp46
 70
     0
102
RTVSPropertyOp47
 70
     0
102
RTVSPropertyOp48
 70
     0
102
RTVSPropertyOp49
 70
     1
102
RTVSPropertyOp50
 70
     0
102
RTVSPropertyOp51
 70
     0
102
RTVSPropertyOp52
 70
     0
102
RTVSPropertyOp53
 70
     0
102
RTVSPropertyOp54
 70
     0
102
RTVSPropertyOp55
 70
     1
102
RTVSPropertyOp56
 70
     0
102
RTVSPropertyOp57
 70
     0
102
RTVSPropertyOp58
 70
     0
102
RTVSPropertyOp59
 70
     0
102
RTVSPropertyOp60
 70
     0
102
RTVSPropertyOp61
 70
     0
102
RTVSPropertyOp62
 70
     0
  0
XRECORD
  5
1546A
102
{ACAD_REACTORS
330
15469
102
}
330
15469
100
AcDbXrecord
280
     1
102
RTVSPost2010Prop28
280
     0
102
RTVSPost2010PropOp28
 70
     1
102
RTVSPost2010Prop29
280
     1
102
RTVSPost2010PropOp29
 70
     1
102
RTVSPost2010Prop30
280
     1
102
RTVSPost2010PropOp30
 70
     1
102
RTVSPost2010Prop31
280
     0
102
RTVSPost2010PropOp31
 70
     1
102
RTVSPost2010Prop32
280
     0
102
RTVSPost2010PropOp32
 70
     1
102
RTVSPost2010Prop33
280
     0
102
RTVSPost2010PropOp33
 70
     1
102
RTVSPost2010Prop34
280
     0
102
RTVSPost2010PropOp34
 70
     1
102
RTVSPost2010Prop35
280
     0
102
RTVSPost2010PropOp35
 70
     1
102
RTVSPost2010Prop36
280
     0
102
RTVSPost2010PropOp36
 70
     1
102
RTVSPost2010Prop37
 90
       50
102
RTVSPost2010PropOp37
 70
     1
102
RTVSPost2010Prop38
140
0.0
102
RTVSPost2010PropOp38
 70
     1
102
RTVSPost2010Prop39
140
1.0
102
RTVSPost2010PropOp39
 70
     1
102
RTVSPost2010Prop40
 90
        0
102
RTVSPost2010PropOp40
 70
     1
102
RTVSPost2010Prop41ColorIndex
 90
       18
102
RTVSPost2010Prop41ColorRGB
 90
        0
102
RTVSPost2010PropOp41
 70
     1
102
RTVSPost2010Prop42
 90
       50
102
RTVSPost2010PropOp42
 70
     1
102
RTVSPost2010Prop43
 90
        3
102
RTVSPost2010PropOp43
 70
     1
102
RTVSPost2010Prop44ColorIndex
 90
        5
102
RTVSPost2010Prop44ColorRGB
 90
      255
102
RTVSPost2010PropOp44
 70
     1
102
RTVSPost2010Prop45
280
     0
102
RTVSPost2010PropOp45
 70
     1
102
RTVSPost2010Prop46
 90
       50
102
RTVSPost2010PropOp46
 70
     1
102
RTVSPost2010Prop47
 90
       50
102
RTVSPost2010PropOp47
 70
     1
102
RTVSPost2010Prop48
 90
       50
102
RTVSPost2010PropOp48
 70
     1
102
RTVSPost2010Prop49
280
     0
102
RTVSPost2010PropOp49
 70
     1
102
RTVSPost2010Prop50
 90
       50
102
RTVSPost2010PropOp50
 70
     1
102
RTVSPost2010Prop51ColorIndex
 90
      256
102
RTVSPost2010Prop51ColorRGB
 90
-16777216
102
RTVSPost2010PropOp51
 70
     0
102
RTVSPost2010Prop52
140
1.0
102
RTVSPost2010PropOp52
 70
     0
102
RTVSPost2010Prop53
 90
        2
102
RTVSPost2010PropOp53
 70
     1
102
RTVSPost2010Prop54
  1
strokes_ogs.tif
102
RTVSPost2010PropOp54
 70
     1
102
RTVSPost2010Prop55
280
     0
102
RTVSPost2010PropOp55
 70
     1
102
RTVSPost2010Prop56
140
1.0
102
RTVSPost2010PropOp56
 70
     1
102
RTVSPost2010Prop57
140
1.0
102
RTVSPost2010PropOp57
 70
     1
102
RTVSPropertyOp0
 70
     1
102
RTVSPropertyOp1
 70
     1
102
RTVSPropertyOp2
 70
     1
102
RTVSPropertyOp3
 70
     1
102
RTVSPropertyOp4
 70
     1
102
RTVSPropertyOp5
 70
     1
102
RTVSPropertyOp6
 70
     1
102
RTVSPropertyOp7
 70
     1
102
RTVSPropertyOp8
 70
     1
102
RTVSPropertyOp9
 70
     1
102
RTVSPropertyOp10
 70
     1
102
RTVSPropertyOp11
 70
     1
102
RTVSPropertyOp12
 70
     1
102
RTVSPropertyOp13
 70
     1
102
RTVSPropertyOp14
 70
     1
102
RTVSPropertyOp15
 70
     1
102
RTVSPropertyOp16
 70
     1
102
RTVSPropertyOp17
 70
     1
102
RTVSPropertyOp18
 70
     1
102
RTVSPropertyOp19
 70
     1
102
RTVSPropertyOp20
 70
     1
102
RTVSPropertyOp21
 70
     1
102
RTVSPropertyOp22
 70
     1
102
RTVSPropertyOp23
 70
     1
102
RTVSPropertyOp24
 70
     1
102
RTVSPropertyOp25
 70
     1
102
RTVSPropertyOp26
 70
     1
102
RTVSPropertyOp27
 70
     1
102
RTVSPropertyOp28
 70
     1
102
RTVSPropertyOp29
 70
     1
102
RTVSPropertyOp30
 70
     1
102
RTVSPropertyOp31
 70
     1
102
RTVSPropertyOp32
 70
     1
102
RTVSPropertyOp33
 70
     1
102
RTVSPropertyOp34
 70
     1
102
RTVSPropertyOp35
 70
     1
102
RTVSPropertyOp36
 70
     1
102
RTVSPropertyOp37
 70
     1
102
RTVSPropertyOp38
 70
     1
102
RTVSPropertyOp39
 70
     1
102
RTVSPropertyOp40
 70
     1
102
RTVSPropertyOp41
 70
     1
102
RTVSPropertyOp42
 70
     1
102
RTVSPropertyOp43
 70
     1
102
RTVSPropertyOp44
 70
     1
102
RTVSPropertyOp45
 70
     1
102
RTVSPropertyOp46
 70
     1
102
RTVSPropertyOp47
 70
     1
102
RTVSPropertyOp48
 70
     1
102
RTVSPropertyOp49
 70
     1
102
RTVSPropertyOp50
 70
     1
102
RTVSPropertyOp51
 70
     0
102
RTVSPropertyOp52
 70
     0
102
RTVSPropertyOp53
 70
     1
102
RTVSPropertyOp54
 70
     1
102
RTVSPropertyOp55
 70
     1
102
RTVSPropertyOp56
 70
     1
102
RTVSPropertyOp57
 70
     1
102
RTVSPropertyOp58
 70
     1
102
RTVSPropertyOp59
 70
     1
102
RTVSPropertyOp60
 70
     1
102
RTVSPropertyOp61
 70
     1
102
RTVSPropertyOp62
 70
     1
  0
XRECORD
  5
15480
102
{ACAD_REACTORS
330
1547F
102
}
330
1547F
100
AcDbXrecord
280
     1
102
RTVSPost2010Prop28
280
     0
102
RTVSPost2010PropOp28
 70
     1
102
RTVSPost2010Prop29
280
     1
102
RTVSPost2010PropOp29
 70
     1
102
RTVSPost2010Prop30
280
     1
102
RTVSPost2010PropOp30
 70
     1
102
RTVSPost2010Prop31
280
     0
102
RTVSPost2010PropOp31
 70
     1
102
RTVSPost2010Prop32
280
     0
102
RTVSPost2010PropOp32
 70
     1
102
RTVSPost2010Prop33
280
     0
102
RTVSPost2010PropOp33
 70
     1
102
RTVSPost2010Prop34
280
     0
102
RTVSPost2010PropOp34
 70
     1
102
RTVSPost2010Prop35
280
     0
102
RTVSPost2010PropOp35
 70
     1
102
RTVSPost2010Prop36
280
     0
102
RTVSPost2010PropOp36
 70
     1
102
RTVSPost2010Prop37
 90
       50
102
RTVSPost2010PropOp37
 70
     1
102
RTVSPost2010Prop38
140
0.0
102
RTVSPost2010PropOp38
 70
     1
102
RTVSPost2010Prop39
140
1.0
102
RTVSPost2010PropOp39
 70
     1
102
RTVSPost2010Prop40
 90
        0
102
RTVSPost2010PropOp40
 70
     1
102
RTVSPost2010Prop41ColorIndex
 90
       18
102
RTVSPost2010Prop41ColorRGB
 90
        0
102
RTVSPost2010PropOp41
 70
     1
102
RTVSPost2010Prop42
 90
       50
102
RTVSPost2010PropOp42
 70
     1
102
RTVSPost2010Prop43
 90
        3
102
RTVSPost2010PropOp43
 70
     1
102
RTVSPost2010Prop44ColorIndex
 90
        5
102
RTVSPost2010Prop44ColorRGB
 90
      255
102
RTVSPost2010PropOp44
 70
     1
102
RTVSPost2010Prop45
280
     0
102
RTVSPost2010PropOp45
 70
     1
102
RTVSPost2010Prop46
 90
       50
102
RTVSPost2010PropOp46
 70
     1
102
RTVSPost2010Prop47
 90
       50
102
RTVSPost2010PropOp47
 70
     1
102
RTVSPost2010Prop48
 90
       50
102
RTVSPost2010PropOp48
 70
     1
102
RTVSPost2010Prop49
280
     0
102
RTVSPost2010PropOp49
 70
     1
102
RTVSPost2010Prop50
 90
       50
102
RTVSPost2010PropOp50
 70
     1
102
RTVSPost2010Prop51ColorIndex
 90
      256
102
RTVSPost2010Prop51ColorRGB
 90
-16777216
102
RTVSPost2010PropOp51
 70
     0
102
RTVSPost2010Prop52
140
1.0
102
RTVSPost2010PropOp52
 70
     0
102
RTVSPost2010Prop53
 90
        2
102
RTVSPost2010PropOp53
 70
     1
102
RTVSPost2010Prop54
  1
strokes_ogs.tif
102
RTVSPost2010PropOp54
 70
     1
102
RTVSPost2010Prop55
280
     0
102
RTVSPost2010PropOp55
 70
     1
102
RTVSPost2010Prop56
140
1.0
102
RTVSPost2010PropOp56
 70
     1
102
RTVSPost2010Prop57
140
1.0
102
RTVSPost2010PropOp57
 70
     1
102
RTVSPropertyOp0
 70
     1
102
RTVSPropertyOp1
 70
     1
102
RTVSPropertyOp2
 70
     1
102
RTVSPropertyOp3
 70
     1
102
RTVSPropertyOp4
 70
     1
102
RTVSPropertyOp5
 70
     1
102
RTVSPropertyOp6
 70
     1
102
RTVSPropertyOp7
 70
     1
102
RTVSPropertyOp8
 70
     1
102
RTVSPropertyOp9
 70
     1
102
RTVSPropertyOp10
 70
     1
102
RTVSPropertyOp11
 70
     1
102
RTVSPropertyOp12
 70
     1
102
RTVSPropertyOp13
 70
     1
102
RTVSPropertyOp14
 70
     1
102
RTVSPropertyOp15
 70
     1
102
RTVSPropertyOp16
 70
     1
102
RTVSPropertyOp17
 70
     1
102
RTVSPropertyOp18
 70
     1
102
RTVSPropertyOp19
 70
     1
102
RTVSPropertyOp20
 70
     1
102
RTVSPropertyOp21
 70
     1
102
RTVSPropertyOp22
 70
     1
102
RTVSPropertyOp23
 70
     1
102
RTVSPropertyOp24
 70
     1
102
RTVSPropertyOp25
 70
     1
102
RTVSPropertyOp26
 70
     1
102
RTVSPropertyOp27
 70
     1
102
RTVSPropertyOp28
 70
     1
102
RTVSPropertyOp29
 70
     1
102
RTVSPropertyOp30
 70
     1
102
RTVSPropertyOp31
 70
     1
102
RTVSPropertyOp32
 70
     1
102
RTVSPropertyOp33
 70
     1
102
RTVSPropertyOp34
 70
     1
102
RTVSPropertyOp35
 70
     1
102
RTVSPropertyOp36
 70
     1
102
RTVSPropertyOp37
 70
     1
102
RTVSPropertyOp38
 70
     1
102
RTVSPropertyOp39
 70
     1
102
RTVSPropertyOp40
 70
     1
102
RTVSPropertyOp41
 70
     1
102
RTVSPropertyOp42
 70
     1
102
RTVSPropertyOp43
 70
     1
102
RTVSPropertyOp44
 70
     1
102
RTVSPropertyOp45
 70
     1
102
RTVSPropertyOp46
 70
     1
102
RTVSPropertyOp47
 70
     1
102
RTVSPropertyOp48
 70
     1
102
RTVSPropertyOp49
 70
     1
102
RTVSPropertyOp50
 70
     1
102
RTVSPropertyOp51
 70
     0
102
RTVSPropertyOp52
 70
     0
102
RTVSPropertyOp53
 70
     1
102
RTVSPropertyOp54
 70
     1
102
RTVSPropertyOp55
 70
     1
102
RTVSPropertyOp56
 70
     1
102
RTVSPropertyOp57
 70
     1
102
RTVSPropertyOp58
 70
     1
102
RTVSPropertyOp59
 70
     1
102
RTVSPropertyOp60
 70
     1
102
RTVSPropertyOp61
 70
     1
102
RTVSPropertyOp62
 70
     1
  0
XRECORD
  5
1547E
102
{ACAD_REACTORS
330
1547D
102
}
330
1547D
100
AcDbXrecord
280
     1
102
RTVSPost2010Prop28
280
     0
102
RTVSPost2010PropOp28
 70
     1
102
RTVSPost2010Prop29
280
     1
102
RTVSPost2010PropOp29
 70
     1
102
RTVSPost2010Prop30
280
     1
102
RTVSPost2010PropOp30
 70
     1
102
RTVSPost2010Prop31
280
     0
102
RTVSPost2010PropOp31
 70
     1
102
RTVSPost2010Prop32
280
     0
102
RTVSPost2010PropOp32
 70
     1
102
RTVSPost2010Prop33
280
     0
102
RTVSPost2010PropOp33
 70
     1
102
RTVSPost2010Prop34
280
     0
102
RTVSPost2010PropOp34
 70
     1
102
RTVSPost2010Prop35
280
     0
102
RTVSPost2010PropOp35
 70
     1
102
RTVSPost2010Prop36
280
     0
102
RTVSPost2010PropOp36
 70
     1
102
RTVSPost2010Prop37
 90
       50
102
RTVSPost2010PropOp37
 70
     1
102
RTVSPost2010Prop38
140
0.0
102
RTVSPost2010PropOp38
 70
     1
102
RTVSPost2010Prop39
140
1.0
102
RTVSPost2010PropOp39
 70
     1
102
RTVSPost2010Prop40
 90
        0
102
RTVSPost2010PropOp40
 70
     1
102
RTVSPost2010Prop41ColorIndex
 90
       18
102
RTVSPost2010Prop41ColorRGB
 90
        0
102
RTVSPost2010PropOp41
 70
     1
102
RTVSPost2010Prop42
 90
       50
102
RTVSPost2010PropOp42
 70
     1
102
RTVSPost2010Prop43
 90
        3
102
RTVSPost2010PropOp43
 70
     1
102
RTVSPost2010Prop44ColorIndex
 90
        5
102
RTVSPost2010Prop44ColorRGB
 90
      255
102
RTVSPost2010PropOp44
 70
     1
102
RTVSPost2010Prop45
280
     0
102
RTVSPost2010PropOp45
 70
     1
102
RTVSPost2010Prop46
 90
       50
102
RTVSPost2010PropOp46
 70
     1
102
RTVSPost2010Prop47
 90
       50
102
RTVSPost2010PropOp47
 70
     1
102
RTVSPost2010Prop48
 90
       50
102
RTVSPost2010PropOp48
 70
     1
102
RTVSPost2010Prop49
280
     0
102
RTVSPost2010PropOp49
 70
     1
102
RTVSPost2010Prop50
 90
       50
102
RTVSPost2010PropOp50
 70
     1
102
RTVSPost2010Prop51ColorIndex
 90
      256
102
RTVSPost2010Prop51ColorRGB
 90
-16777216
102
RTVSPost2010PropOp51
 70
     0
102
RTVSPost2010Prop52
140
1.0
102
RTVSPost2010PropOp52
 70
     0
102
RTVSPost2010Prop53
 90
        2
102
RTVSPost2010PropOp53
 70
     1
102
RTVSPost2010Prop54
  1
strokes_ogs.tif
102
RTVSPost2010PropOp54
 70
     1
102
RTVSPost2010Prop55
280
     0
102
RTVSPost2010PropOp55
 70
     1
102
RTVSPost2010Prop56
140
1.0
102
RTVSPost2010PropOp56
 70
     1
102
RTVSPost2010Prop57
140
1.0
102
RTVSPost2010PropOp57
 70
     1
102
RTVSPropertyOp0
 70
     1
102
RTVSPropertyOp1
 70
     1
102
RTVSPropertyOp2
 70
     1
102
RTVSPropertyOp3
 70
     1
102
RTVSPropertyOp4
 70
     1
102
RTVSPropertyOp5
 70
     1
102
RTVSPropertyOp6
 70
     1
102
RTVSPropertyOp7
 70
     1
102
RTVSPropertyOp8
 70
     1
102
RTVSPropertyOp9
 70
     1
102
RTVSPropertyOp10
 70
     1
102
RTVSPropertyOp11
 70
     1
102
RTVSPropertyOp12
 70
     1
102
RTVSPropertyOp13
 70
     1
102
RTVSPropertyOp14
 70
     1
102
RTVSPropertyOp15
 70
     1
102
RTVSPropertyOp16
 70
     1
102
RTVSPropertyOp17
 70
     1
102
RTVSPropertyOp18
 70
     1
102
RTVSPropertyOp19
 70
     1
102
RTVSPropertyOp20
 70
     1
102
RTVSPropertyOp21
 70
     1
102
RTVSPropertyOp22
 70
     1
102
RTVSPropertyOp23
 70
     1
102
RTVSPropertyOp24
 70
     1
102
RTVSPropertyOp25
 70
     1
102
RTVSPropertyOp26
 70
     1
102
RTVSPropertyOp27
 70
     1
102
RTVSPropertyOp28
 70
     1
102
RTVSPropertyOp29
 70
     1
102
RTVSPropertyOp30
 70
     1
102
RTVSPropertyOp31
 70
     1
102
RTVSPropertyOp32
 70
     1
102
RTVSPropertyOp33
 70
     1
102
RTVSPropertyOp34
 70
     1
102
RTVSPropertyOp35
 70
     1
102
RTVSPropertyOp36
 70
     1
102
RTVSPropertyOp37
 70
     1
102
RTVSPropertyOp38
 70
     1
102
RTVSPropertyOp39
 70
     1
102
RTVSPropertyOp40
 70
     1
102
RTVSPropertyOp41
 70
     1
102
RTVSPropertyOp42
 70
     1
102
RTVSPropertyOp43
 70
     1
102
RTVSPropertyOp44
 70
     1
102
RTVSPropertyOp45
 70
     1
102
RTVSPropertyOp46
 70
     1
102
RTVSPropertyOp47
 70
     1
102
RTVSPropertyOp48
 70
     1
102
RTVSPropertyOp49
 70
     1
102
RTVSPropertyOp50
 70
     1
102
RTVSPropertyOp51
 70
     0
102
RTVSPropertyOp52
 70
     0
102
RTVSPropertyOp53
 70
     1
102
RTVSPropertyOp54
 70
     1
102
RTVSPropertyOp55
 70
     1
102
RTVSPropertyOp56
 70
     1
102
RTVSPropertyOp57
 70
     1
102
RTVSPropertyOp58
 70
     1
102
RTVSPropertyOp59
 70
     1
102
RTVSPropertyOp60
 70
     1
102
RTVSPropertyOp61
 70
     1
102
RTVSPropertyOp62
 70
     1
  0
XRECORD
  5
15478
102
{ACAD_REACTORS
330
15477
102
}
330
15477
100
AcDbXrecord
280
     1
102
RTVSPost2010Prop28
280
     0
102
RTVSPost2010PropOp28
 70
     1
102
RTVSPost2010Prop29
280
     1
102
RTVSPost2010PropOp29
 70
     1
102
RTVSPost2010Prop30
280
     1
102
RTVSPost2010PropOp30
 70
     1
102
RTVSPost2010Prop31
280
     0
102
RTVSPost2010PropOp31
 70
     1
102
RTVSPost2010Prop32
280
     0
102
RTVSPost2010PropOp32
 70
     1
102
RTVSPost2010Prop33
280
     0
102
RTVSPost2010PropOp33
 70
     1
102
RTVSPost2010Prop34
280
     0
102
RTVSPost2010PropOp34
 70
     1
102
RTVSPost2010Prop35
280
     0
102
RTVSPost2010PropOp35
 70
     1
102
RTVSPost2010Prop36
280
     0
102
RTVSPost2010PropOp36
 70
     1
102
RTVSPost2010Prop37
 90
       50
102
RTVSPost2010PropOp37
 70
     1
102
RTVSPost2010Prop38
140
0.0
102
RTVSPost2010PropOp38
 70
     1
102
RTVSPost2010Prop39
140
1.0
102
RTVSPost2010PropOp39
 70
     1
102
RTVSPost2010Prop40
 90
        0
102
RTVSPost2010PropOp40
 70
     1
102
RTVSPost2010Prop41ColorIndex
 90
       18
102
RTVSPost2010Prop41ColorRGB
 90
        0
102
RTVSPost2010PropOp41
 70
     1
102
RTVSPost2010Prop42
 90
       50
102
RTVSPost2010PropOp42
 70
     1
102
RTVSPost2010Prop43
 90
        3
102
RTVSPost2010PropOp43
 70
     1
102
RTVSPost2010Prop44ColorIndex
 90
        5
102
RTVSPost2010Prop44ColorRGB
 90
      255
102
RTVSPost2010PropOp44
 70
     1
102
RTVSPost2010Prop45
280
     0
102
RTVSPost2010PropOp45
 70
     1
102
RTVSPost2010Prop46
 90
       50
102
RTVSPost2010PropOp46
 70
     1
102
RTVSPost2010Prop47
 90
       50
102
RTVSPost2010PropOp47
 70
     1
102
RTVSPost2010Prop48
 90
       50
102
RTVSPost2010PropOp48
 70
     1
102
RTVSPost2010Prop49
280
     0
102
RTVSPost2010PropOp49
 70
     1
102
RTVSPost2010Prop50
 90
       50
102
RTVSPost2010PropOp50
 70
     1
102
RTVSPost2010Prop51ColorIndex
 90
      256
102
RTVSPost2010Prop51ColorRGB
 90
-16777216
102
RTVSPost2010PropOp51
 70
     0
102
RTVSPost2010Prop52
140
1.0
102
RTVSPost2010PropOp52
 70
     0
102
RTVSPost2010Prop53
 90
        2
102
RTVSPost2010PropOp53
 70
     1
102
RTVSPost2010Prop54
  1
strokes_ogs.tif
102
RTVSPost2010PropOp54
 70
     1
102
RTVSPost2010Prop55
280
     0
102
RTVSPost2010PropOp55
 70
     1
102
RTVSPost2010Prop56
140
1.0
102
RTVSPost2010PropOp56
 70
     1
102
RTVSPost2010Prop57
140
1.0
102
RTVSPost2010PropOp57
 70
     1
102
RTVSPropertyOp0
 70
     1
102
RTVSPropertyOp1
 70
     1
102
RTVSPropertyOp2
 70
     1
102
RTVSPropertyOp3
 70
     1
102
RTVSPropertyOp4
 70
     1
102
RTVSPropertyOp5
 70
     1
102
RTVSPropertyOp6
 70
     1
102
RTVSPropertyOp7
 70
     1
102
RTVSPropertyOp8
 70
     1
102
RTVSPropertyOp9
 70
     1
102
RTVSPropertyOp10
 70
     1
102
RTVSPropertyOp11
 70
     1
102
RTVSPropertyOp12
 70
     1
102
RTVSPropertyOp13
 70
     1
102
RTVSPropertyOp14
 70
     1
102
RTVSPropertyOp15
 70
     1
102
RTVSPropertyOp16
 70
     1
102
RTVSPropertyOp17
 70
     1
102
RTVSPropertyOp18
 70
     1
102
RTVSPropertyOp19
 70
     1
102
RTVSPropertyOp20
 70
     1
102
RTVSPropertyOp21
 70
     1
102
RTVSPropertyOp22
 70
     1
102
RTVSPropertyOp23
 70
     1
102
RTVSPropertyOp24
 70
     1
102
RTVSPropertyOp25
 70
     1
102
RTVSPropertyOp26
 70
     1
102
RTVSPropertyOp27
 70
     1
102
RTVSPropertyOp28
 70
     1
102
RTVSPropertyOp29
 70
     1
102
RTVSPropertyOp30
 70
     1
102
RTVSPropertyOp31
 70
     1
102
RTVSPropertyOp32
 70
     1
102
RTVSPropertyOp33
 70
     1
102
RTVSPropertyOp34
 70
     1
102
RTVSPropertyOp35
 70
     1
102
RTVSPropertyOp36
 70
     1
102
RTVSPropertyOp37
 70
     1
102
RTVSPropertyOp38
 70
     1
102
RTVSPropertyOp39
 70
     1
102
RTVSPropertyOp40
 70
     1
102
RTVSPropertyOp41
 70
     1
102
RTVSPropertyOp42
 70
     1
102
RTVSPropertyOp43
 70
     1
102
RTVSPropertyOp44
 70
     1
102
RTVSPropertyOp45
 70
     1
102
RTVSPropertyOp46
 70
     1
102
RTVSPropertyOp47
 70
     1
102
RTVSPropertyOp48
 70
     1
102
RTVSPropertyOp49
 70
     1
102
RTVSPropertyOp50
 70
     1
102
RTVSPropertyOp51
 70
     0
102
RTVSPropertyOp52
 70
     0
102
RTVSPropertyOp53
 70
     1
102
RTVSPropertyOp54
 70
     1
102
RTVSPropertyOp55
 70
     1
102
RTVSPropertyOp56
 70
     1
102
RTVSPropertyOp57
 70
     1
102
RTVSPropertyOp58
 70
     1
102
RTVSPropertyOp59
 70
     1
102
RTVSPropertyOp60
 70
     1
102
RTVSPropertyOp61
 70
     1
102
RTVSPropertyOp62
 70
     1
  0
XRECORD
  5
1547A
102
{ACAD_REACTORS
330
15479
102
}
330
15479
100
AcDbXrecord
280
     1
102
RTVSPost2010Prop28
280
     0
102
RTVSPost2010PropOp28
 70
     1
102
RTVSPost2010Prop29
280
     1
102
RTVSPost2010PropOp29
 70
     1
102
RTVSPost2010Prop30
280
     1
102
RTVSPost2010PropOp30
 70
     1
102
RTVSPost2010Prop31
280
     0
102
RTVSPost2010PropOp31
 70
     1
102
RTVSPost2010Prop32
280
     0
102
RTVSPost2010PropOp32
 70
     1
102
RTVSPost2010Prop33
280
     0
102
RTVSPost2010PropOp33
 70
     1
102
RTVSPost2010Prop34
280
     0
102
RTVSPost2010PropOp34
 70
     1
102
RTVSPost2010Prop35
280
     0
102
RTVSPost2010PropOp35
 70
     1
102
RTVSPost2010Prop36
280
     0
102
RTVSPost2010PropOp36
 70
     1
102
RTVSPost2010Prop37
 90
       50
102
RTVSPost2010PropOp37
 70
     1
102
RTVSPost2010Prop38
140
0.0
102
RTVSPost2010PropOp38
 70
     1
102
RTVSPost2010Prop39
140
1.0
102
RTVSPost2010PropOp39
 70
     1
102
RTVSPost2010Prop40
 90
        0
102
RTVSPost2010PropOp40
 70
     1
102
RTVSPost2010Prop41ColorIndex
 90
       18
102
RTVSPost2010Prop41ColorRGB
 90
        0
102
RTVSPost2010PropOp41
 70
     1
102
RTVSPost2010Prop42
 90
       50
102
RTVSPost2010PropOp42
 70
     1
102
RTVSPost2010Prop43
 90
        3
102
RTVSPost2010PropOp43
 70
     1
102
RTVSPost2010Prop44ColorIndex
 90
        5
102
RTVSPost2010Prop44ColorRGB
 90
      255
102
RTVSPost2010PropOp44
 70
     1
102
RTVSPost2010Prop45
280
     0
102
RTVSPost2010PropOp45
 70
     1
102
RTVSPost2010Prop46
 90
       50
102
RTVSPost2010PropOp46
 70
     1
102
RTVSPost2010Prop47
 90
       50
102
RTVSPost2010PropOp47
 70
     1
102
RTVSPost2010Prop48
 90
       50
102
RTVSPost2010PropOp48
 70
     1
102
RTVSPost2010Prop49
280
     0
102
RTVSPost2010PropOp49
 70
     1
102
RTVSPost2010Prop50
 90
       50
102
RTVSPost2010PropOp50
 70
     1
102
RTVSPost2010Prop51ColorIndex
 90
      256
102
RTVSPost2010Prop51ColorRGB
 90
-16777216
102
RTVSPost2010PropOp51
 70
     0
102
RTVSPost2010Prop52
140
1.0
102
RTVSPost2010PropOp52
 70
     0
102
RTVSPost2010Prop53
 90
        2
102
RTVSPost2010PropOp53
 70
     1
102
RTVSPost2010Prop54
  1
strokes_ogs.tif
102
RTVSPost2010PropOp54
 70
     1
102
RTVSPost2010Prop55
280
     0
102
RTVSPost2010PropOp55
 70
     1
102
RTVSPost2010Prop56
140
1.0
102
RTVSPost2010PropOp56
 70
     1
102
RTVSPost2010Prop57
140
1.0
102
RTVSPost2010PropOp57
 70
     1
102
RTVSPropertyOp0
 70
     1
102
RTVSPropertyOp1
 70
     1
102
RTVSPropertyOp2
 70
     1
102
RTVSPropertyOp3
 70
     1
102
RTVSPropertyOp4
 70
     1
102
RTVSPropertyOp5
 70
     1
102
RTVSPropertyOp6
 70
     1
102
RTVSPropertyOp7
 70
     1
102
RTVSPropertyOp8
 70
     1
102
RTVSPropertyOp9
 70
     1
102
RTVSPropertyOp10
 70
     1
102
RTVSPropertyOp11
 70
     1
102
RTVSPropertyOp12
 70
     1
102
RTVSPropertyOp13
 70
     1
102
RTVSPropertyOp14
 70
     1
102
RTVSPropertyOp15
 70
     1
102
RTVSPropertyOp16
 70
     1
102
RTVSPropertyOp17
 70
     1
102
RTVSPropertyOp18
 70
     1
102
RTVSPropertyOp19
 70
     1
102
RTVSPropertyOp20
 70
     1
102
RTVSPropertyOp21
 70
     1
102
RTVSPropertyOp22
 70
     1
102
RTVSPropertyOp23
 70
     1
102
RTVSPropertyOp24
 70
     1
102
RTVSPropertyOp25
 70
     1
102
RTVSPropertyOp26
 70
     1
102
RTVSPropertyOp27
 70
     1
102
RTVSPropertyOp28
 70
     1
102
RTVSPropertyOp29
 70
     1
102
RTVSPropertyOp30
 70
     1
102
RTVSPropertyOp31
 70
     1
102
RTVSPropertyOp32
 70
     1
102
RTVSPropertyOp33
 70
     1
102
RTVSPropertyOp34
 70
     1
102
RTVSPropertyOp35
 70
     1
102
RTVSPropertyOp36
 70
     1
102
RTVSPropertyOp37
 70
     1
102
RTVSPropertyOp38
 70
     1
102
RTVSPropertyOp39
 70
     1
102
RTVSPropertyOp40
 70
     1
102
RTVSPropertyOp41
 70
     1
102
RTVSPropertyOp42
 70
     1
102
RTVSPropertyOp43
 70
     1
102
RTVSPropertyOp44
 70
     1
102
RTVSPropertyOp45
 70
     1
102
RTVSPropertyOp46
 70
     1
102
RTVSPropertyOp47
 70
     1
102
RTVSPropertyOp48
 70
     1
102
RTVSPropertyOp49
 70
     1
102
RTVSPropertyOp50
 70
     1
102
RTVSPropertyOp51
 70
     0
102
RTVSPropertyOp52
 70
     0
102
RTVSPropertyOp53
 70
     1
102
RTVSPropertyOp54
 70
     1
102
RTVSPropertyOp55
 70
     1
102
RTVSPropertyOp56
 70
     1
102
RTVSPropertyOp57
 70
     1
102
RTVSPropertyOp58
 70
     1
102
RTVSPropertyOp59
 70
     1
102
RTVSPropertyOp60
 70
     1
102
RTVSPropertyOp61
 70
     1
102
RTVSPropertyOp62
 70
     1
  0
XRECORD
  5
15470
102
{ACAD_REACTORS
330
1546F
102
}
330
1546F
100
AcDbXrecord
280
     1
102
RTVSPost2010Prop28
280
     0
102
RTVSPost2010PropOp28
 70
     1
102
RTVSPost2010Prop29
280
     1
102
RTVSPost2010PropOp29
 70
     1
102
RTVSPost2010Prop30
280
     1
102
RTVSPost2010PropOp30
 70
     1
102
RTVSPost2010Prop31
280
     0
102
RTVSPost2010PropOp31
 70
     1
102
RTVSPost2010Prop32
280
     0
102
RTVSPost2010PropOp32
 70
     1
102
RTVSPost2010Prop33
280
     0
102
RTVSPost2010PropOp33
 70
     1
102
RTVSPost2010Prop34
280
     0
102
RTVSPost2010PropOp34
 70
     1
102
RTVSPost2010Prop35
280
     0
102
RTVSPost2010PropOp35
 70
     1
102
RTVSPost2010Prop36
280
     0
102
RTVSPost2010PropOp36
 70
     1
102
RTVSPost2010Prop37
 90
       50
102
RTVSPost2010PropOp37
 70
     1
102
RTVSPost2010Prop38
140
0.0
102
RTVSPost2010PropOp38
 70
     1
102
RTVSPost2010Prop39
140
1.0
102
RTVSPost2010PropOp39
 70
     1
102
RTVSPost2010Prop40
 90
        0
102
RTVSPost2010PropOp40
 70
     1
102
RTVSPost2010Prop41ColorIndex
 90
       18
102
RTVSPost2010Prop41ColorRGB
 90
        0
102
RTVSPost2010PropOp41
 70
     1
102
RTVSPost2010Prop42
 90
       50
102
RTVSPost2010PropOp42
 70
     1
102
RTVSPost2010Prop43
 90
        3
102
RTVSPost2010PropOp43
 70
     1
102
RTVSPost2010Prop44ColorIndex
 90
        5
102
RTVSPost2010Prop44ColorRGB
 90
      255
102
RTVSPost2010PropOp44
 70
     1
102
RTVSPost2010Prop45
280
     0
102
RTVSPost2010PropOp45
 70
     1
102
RTVSPost2010Prop46
 90
       50
102
RTVSPost2010PropOp46
 70
     1
102
RTVSPost2010Prop47
 90
       50
102
RTVSPost2010PropOp47
 70
     1
102
RTVSPost2010Prop48
 90
       50
102
RTVSPost2010PropOp48
 70
     1
102
RTVSPost2010Prop49
280
     0
102
RTVSPost2010PropOp49
 70
     1
102
RTVSPost2010Prop50
 90
       50
102
RTVSPost2010PropOp50
 70
     1
102
RTVSPost2010Prop51ColorIndex
 90
      256
102
RTVSPost2010Prop51ColorRGB
 90
-16777216
102
RTVSPost2010PropOp51
 70
     0
102
RTVSPost2010Prop52
140
1.0
102
RTVSPost2010PropOp52
 70
     0
102
RTVSPost2010Prop53
 90
        2
102
RTVSPost2010PropOp53
 70
     1
102
RTVSPost2010Prop54
  1
strokes_ogs.tif
102
RTVSPost2010PropOp54
 70
     1
102
RTVSPost2010Prop55
280
     0
102
RTVSPost2010PropOp55
 70
     1
102
RTVSPost2010Prop56
140
1.0
102
RTVSPost2010PropOp56
 70
     1
102
RTVSPost2010Prop57
140
1.0
102
RTVSPost2010PropOp57
 70
     1
102
RTVSPropertyOp0
 70
     1
102
RTVSPropertyOp1
 70
     1
102
RTVSPropertyOp2
 70
     1
102
RTVSPropertyOp3
 70
     1
102
RTVSPropertyOp4
 70
     1
102
RTVSPropertyOp5
 70
     1
102
RTVSPropertyOp6
 70
     1
102
RTVSPropertyOp7
 70
     1
102
RTVSPropertyOp8
 70
     1
102
RTVSPropertyOp9
 70
     1
102
RTVSPropertyOp10
 70
     1
102
RTVSPropertyOp11
 70
     1
102
RTVSPropertyOp12
 70
     1
102
RTVSPropertyOp13
 70
     1
102
RTVSPropertyOp14
 70
     1
102
RTVSPropertyOp15
 70
     1
102
RTVSPropertyOp16
 70
     1
102
RTVSPropertyOp17
 70
     1
102
RTVSPropertyOp18
 70
     1
102
RTVSPropertyOp19
 70
     1
102
RTVSPropertyOp20
 70
     1
102
RTVSPropertyOp21
 70
     1
102
RTVSPropertyOp22
 70
     1
102
RTVSPropertyOp23
 70
     1
102
RTVSPropertyOp24
 70
     1
102
RTVSPropertyOp25
 70
     1
102
RTVSPropertyOp26
 70
     1
102
RTVSPropertyOp27
 70
     1
102
RTVSPropertyOp28
 70
     1
102
RTVSPropertyOp29
 70
     1
102
RTVSPropertyOp30
 70
     1
102
RTVSPropertyOp31
 70
     1
102
RTVSPropertyOp32
 70
     1
102
RTVSPropertyOp33
 70
     1
102
RTVSPropertyOp34
 70
     1
102
RTVSPropertyOp35
 70
     1
102
RTVSPropertyOp36
 70
     1
102
RTVSPropertyOp37
 70
     1
102
RTVSPropertyOp38
 70
     1
102
RTVSPropertyOp39
 70
     1
102
RTVSPropertyOp40
 70
     1
102
RTVSPropertyOp41
 70
     1
102
RTVSPropertyOp42
 70
     1
102
RTVSPropertyOp43
 70
     1
102
RTVSPropertyOp44
 70
     1
102
RTVSPropertyOp45
 70
     1
102
RTVSPropertyOp46
 70
     1
102
RTVSPropertyOp47
 70
     1
102
RTVSPropertyOp48
 70
     1
102
RTVSPropertyOp49
 70
     1
102
RTVSPropertyOp50
 70
     1
102
RTVSPropertyOp51
 70
     0
102
RTVSPropertyOp52
 70
     0
102
RTVSPropertyOp53
 70
     1
102
RTVSPropertyOp54
 70
     1
102
RTVSPropertyOp55
 70
     1
102
RTVSPropertyOp56
 70
     1
102
RTVSPropertyOp57
 70
     1
102
RTVSPropertyOp58
 70
     1
102
RTVSPropertyOp59
 70
     1
102
RTVSPropertyOp60
 70
     1
102
RTVSPropertyOp61
 70
     1
102
RTVSPropertyOp62
 70
     1
  0
XRECORD
  5
15464
102
{ACAD_REACTORS
330
15463
102
}
330
15463
100
AcDbXrecord
280
     1
102
RTVSPost2010Prop28
280
     0
102
RTVSPost2010PropOp28
 70
     1
102
RTVSPost2010Prop29
280
     1
102
RTVSPost2010PropOp29
 70
     1
102
RTVSPost2010Prop30
280
     1
102
RTVSPost2010PropOp30
 70
     1
102
RTVSPost2010Prop31
280
     0
102
RTVSPost2010PropOp31
 70
     1
102
RTVSPost2010Prop32
280
     0
102
RTVSPost2010PropOp32
 70
     1
102
RTVSPost2010Prop33
280
     0
102
RTVSPost2010PropOp33
 70
     1
102
RTVSPost2010Prop34
280
     0
102
RTVSPost2010PropOp34
 70
     1
102
RTVSPost2010Prop35
280
     0
102
RTVSPost2010PropOp35
 70
     1
102
RTVSPost2010Prop36
280
     0
102
RTVSPost2010PropOp36
 70
     1
102
RTVSPost2010Prop37
 90
       50
102
RTVSPost2010PropOp37
 70
     1
102
RTVSPost2010Prop38
140
0.0
102
RTVSPost2010PropOp38
 70
     1
102
RTVSPost2010Prop39
140
1.0
102
RTVSPost2010PropOp39
 70
     1
102
RTVSPost2010Prop40
 90
        0
102
RTVSPost2010PropOp40
 70
     1
102
RTVSPost2010Prop41ColorIndex
 90
       18
102
RTVSPost2010Prop41ColorRGB
 90
        0
102
RTVSPost2010PropOp41
 70
     1
102
RTVSPost2010Prop42
 90
       50
102
RTVSPost2010PropOp42
 70
     1
102
RTVSPost2010Prop43
 90
        3
102
RTVSPost2010PropOp43
 70
     1
102
RTVSPost2010Prop44ColorIndex
 90
        5
102
RTVSPost2010Prop44ColorRGB
 90
      255
102
RTVSPost2010PropOp44
 70
     1
102
RTVSPost2010Prop45
280
     0
102
RTVSPost2010PropOp45
 70
     1
102
RTVSPost2010Prop46
 90
       50
102
RTVSPost2010PropOp46
 70
     1
102
RTVSPost2010Prop47
 90
       50
102
RTVSPost2010PropOp47
 70
     1
102
RTVSPost2010Prop48
 90
       50
102
RTVSPost2010PropOp48
 70
     1
102
RTVSPost2010Prop49
280
     0
102
RTVSPost2010PropOp49
 70
     1
102
RTVSPost2010Prop50
 90
       50
102
RTVSPost2010PropOp50
 70
     1
102
RTVSPost2010Prop51ColorIndex
 90
      256
102
RTVSPost2010Prop51ColorRGB
 90
-16777216
102
RTVSPost2010PropOp51
 70
     0
102
RTVSPost2010Prop52
140
1.0
102
RTVSPost2010PropOp52
 70
     0
102
RTVSPost2010Prop53
 90
        2
102
RTVSPost2010PropOp53
 70
     1
102
RTVSPost2010Prop54
  1
strokes_ogs.tif
102
RTVSPost2010PropOp54
 70
     1
102
RTVSPost2010Prop55
280
     0
102
RTVSPost2010PropOp55
 70
     1
102
RTVSPost2010Prop56
140
1.0
102
RTVSPost2010PropOp56
 70
     1
102
RTVSPost2010Prop57
140
1.0
102
RTVSPost2010PropOp57
 70
     1
102
RTVSPropertyOp0
 70
     1
102
RTVSPropertyOp1
 70
     1
102
RTVSPropertyOp2
 70
     1
102
RTVSPropertyOp3
 70
     1
102
RTVSPropertyOp4
 70
     1
102
RTVSPropertyOp5
 70
     1
102
RTVSPropertyOp6
 70
     1
102
RTVSPropertyOp7
 70
     1
102
RTVSPropertyOp8
 70
     1
102
RTVSPropertyOp9
 70
     1
102
RTVSPropertyOp10
 70
     1
102
RTVSPropertyOp11
 70
     1
102
RTVSPropertyOp12
 70
     1
102
RTVSPropertyOp13
 70
     1
102
RTVSPropertyOp14
 70
     1
102
RTVSPropertyOp15
 70
     1
102
RTVSPropertyOp16
 70
     1
102
RTVSPropertyOp17
 70
     1
102
RTVSPropertyOp18
 70
     1
102
RTVSPropertyOp19
 70
     1
102
RTVSPropertyOp20
 70
     1
102
RTVSPropertyOp21
 70
     1
102
RTVSPropertyOp22
 70
     1
102
RTVSPropertyOp23
 70
     1
102
RTVSPropertyOp24
 70
     1
102
RTVSPropertyOp25
 70
     1
102
RTVSPropertyOp26
 70
     1
102
RTVSPropertyOp27
 70
     1
102
RTVSPropertyOp28
 70
     1
102
RTVSPropertyOp29
 70
     1
102
RTVSPropertyOp30
 70
     1
102
RTVSPropertyOp31
 70
     1
102
RTVSPropertyOp32
 70
     1
102
RTVSPropertyOp33
 70
     1
102
RTVSPropertyOp34
 70
     1
102
RTVSPropertyOp35
 70
     1
102
RTVSPropertyOp36
 70
     1
102
RTVSPropertyOp37
 70
     1
102
RTVSPropertyOp38
 70
     1
102
RTVSPropertyOp39
 70
     1
102
RTVSPropertyOp40
 70
     1
102
RTVSPropertyOp41
 70
     1
102
RTVSPropertyOp42
 70
     1
102
RTVSPropertyOp43
 70
     1
102
RTVSPropertyOp44
 70
     1
102
RTVSPropertyOp45
 70
     1
102
RTVSPropertyOp46
 70
     1
102
RTVSPropertyOp47
 70
     1
102
RTVSPropertyOp48
 70
     1
102
RTVSPropertyOp49
 70
     1
102
RTVSPropertyOp50
 70
     1
102
RTVSPropertyOp51
 70
     0
102
RTVSPropertyOp52
 70
     0
102
RTVSPropertyOp53
 70
     1
102
RTVSPropertyOp54
 70
     1
102
RTVSPropertyOp55
 70
     1
102
RTVSPropertyOp56
 70
     1
102
RTVSPropertyOp57
 70
     1
102
RTVSPropertyOp58
 70
     1
102
RTVSPropertyOp59
 70
     1
102
RTVSPropertyOp60
 70
     1
102
RTVSPropertyOp61
 70
     1
102
RTVSPropertyOp62
 70
     1
  0
XRECORD
  5
1547C
102
{ACAD_REACTORS
330
1547B
102
}
330
1547B
100
AcDbXrecord
280
     1
102
RTVSPost2010Prop28
280
     0
102
RTVSPost2010PropOp28
 70
     1
102
RTVSPost2010Prop29
280
     1
102
RTVSPost2010PropOp29
 70
     1
102
RTVSPost2010Prop30
280
     1
102
RTVSPost2010PropOp30
 70
     1
102
RTVSPost2010Prop31
280
     0
102
RTVSPost2010PropOp31
 70
     1
102
RTVSPost2010Prop32
280
     0
102
RTVSPost2010PropOp32
 70
     1
102
RTVSPost2010Prop33
280
     0
102
RTVSPost2010PropOp33
 70
     1
102
RTVSPost2010Prop34
280
     0
102
RTVSPost2010PropOp34
 70
     1
102
RTVSPost2010Prop35
280
     0
102
RTVSPost2010PropOp35
 70
     1
102
RTVSPost2010Prop36
280
     0
102
RTVSPost2010PropOp36
 70
     1
102
RTVSPost2010Prop37
 90
       50
102
RTVSPost2010PropOp37
 70
     1
102
RTVSPost2010Prop38
140
0.0
102
RTVSPost2010PropOp38
 70
     1
102
RTVSPost2010Prop39
140
1.0
102
RTVSPost2010PropOp39
 70
     1
102
RTVSPost2010Prop40
 90
        0
102
RTVSPost2010PropOp40
 70
     1
102
RTVSPost2010Prop41ColorIndex
 90
       18
102
RTVSPost2010Prop41ColorRGB
 90
        0
102
RTVSPost2010PropOp41
 70
     1
102
RTVSPost2010Prop42
 90
       50
102
RTVSPost2010PropOp42
 70
     1
102
RTVSPost2010Prop43
 90
        3
102
RTVSPost2010PropOp43
 70
     1
102
RTVSPost2010Prop44ColorIndex
 90
        5
102
RTVSPost2010Prop44ColorRGB
 90
      255
102
RTVSPost2010PropOp44
 70
     1
102
RTVSPost2010Prop45
280
     0
102
RTVSPost2010PropOp45
 70
     1
102
RTVSPost2010Prop46
 90
       50
102
RTVSPost2010PropOp46
 70
     1
102
RTVSPost2010Prop47
 90
       50
102
RTVSPost2010PropOp47
 70
     1
102
RTVSPost2010Prop48
 90
       50
102
RTVSPost2010PropOp48
 70
     1
102
RTVSPost2010Prop49
280
     0
102
RTVSPost2010PropOp49
 70
     1
102
RTVSPost2010Prop50
 90
       50
102
RTVSPost2010PropOp50
 70
     1
102
RTVSPost2010Prop51ColorIndex
 90
      256
102
RTVSPost2010Prop51ColorRGB
 90
-16777216
102
RTVSPost2010PropOp51
 70
     0
102
RTVSPost2010Prop52
140
1.0
102
RTVSPost2010PropOp52
 70
     0
102
RTVSPost2010Prop53
 90
        2
102
RTVSPost2010PropOp53
 70
     1
102
RTVSPost2010Prop54
  1
strokes_ogs.tif
102
RTVSPost2010PropOp54
 70
     1
102
RTVSPost2010Prop55
280
     0
102
RTVSPost2010PropOp55
 70
     1
102
RTVSPost2010Prop56
140
1.0
102
RTVSPost2010PropOp56
 70
     1
102
RTVSPost2010Prop57
140
1.0
102
RTVSPost2010PropOp57
 70
     1
102
RTVSPropertyOp0
 70
     1
102
RTVSPropertyOp1
 70
     1
102
RTVSPropertyOp2
 70
     1
102
RTVSPropertyOp3
 70
     1
102
RTVSPropertyOp4
 70
     1
102
RTVSPropertyOp5
 70
     1
102
RTVSPropertyOp6
 70
     1
102
RTVSPropertyOp7
 70
     1
102
RTVSPropertyOp8
 70
     1
102
RTVSPropertyOp9
 70
     1
102
RTVSPropertyOp10
 70
     1
102
RTVSPropertyOp11
 70
     1
102
RTVSPropertyOp12
 70
     1
102
RTVSPropertyOp13
 70
     1
102
RTVSPropertyOp14
 70
     1
102
RTVSPropertyOp15
 70
     1
102
RTVSPropertyOp16
 70
     1
102
RTVSPropertyOp17
 70
     1
102
RTVSPropertyOp18
 70
     1
102
RTVSPropertyOp19
 70
     1
102
RTVSPropertyOp20
 70
     1
102
RTVSPropertyOp21
 70
     1
102
RTVSPropertyOp22
 70
     1
102
RTVSPropertyOp23
 70
     1
102
RTVSPropertyOp24
 70
     1
102
RTVSPropertyOp25
 70
     1
102
RTVSPropertyOp26
 70
     1
102
RTVSPropertyOp27
 70
     1
102
RTVSPropertyOp28
 70
     1
102
RTVSPropertyOp29
 70
     1
102
RTVSPropertyOp30
 70
     1
102
RTVSPropertyOp31
 70
     1
102
RTVSPropertyOp32
 70
     1
102
RTVSPropertyOp33
 70
     1
102
RTVSPropertyOp34
 70
     1
102
RTVSPropertyOp35
 70
     1
102
RTVSPropertyOp36
 70
     1
102
RTVSPropertyOp37
 70
     1
102
RTVSPropertyOp38
 70
     1
102
RTVSPropertyOp39
 70
     1
102
RTVSPropertyOp40
 70
     1
102
RTVSPropertyOp41
 70
     1
102
RTVSPropertyOp42
 70
     1
102
RTVSPropertyOp43
 70
     1
102
RTVSPropertyOp44
 70
     1
102
RTVSPropertyOp45
 70
     1
102
RTVSPropertyOp46
 70
     1
102
RTVSPropertyOp47
 70
     1
102
RTVSPropertyOp48
 70
     1
102
RTVSPropertyOp49
 70
     1
102
RTVSPropertyOp50
 70
     1
102
RTVSPropertyOp51
 70
     0
102
RTVSPropertyOp52
 70
     0
102
RTVSPropertyOp53
 70
     1
102
RTVSPropertyOp54
 70
     1
102
RTVSPropertyOp55
 70
     1
102
RTVSPropertyOp56
 70
     1
102
RTVSPropertyOp57
 70
     1
102
RTVSPropertyOp58
 70
     1
102
RTVSPropertyOp59
 70
     1
102
RTVSPropertyOp60
 70
     1
102
RTVSPropertyOp61
 70
     1
102
RTVSPropertyOp62
 70
     1
  0
ENDSEC
  0
EOF
