ISO-10303-21;
HEADER;
/****************************************************************
 * Generated by software with PDE/Lib inside                    *
 * PDElib Version v51a, created Tue 12/06/2005                  *
 * International Technegroup Inc. (www.iti-oh.com)              *
 ****************************************************************/
FILE_DESCRIPTION((''),'2;1');
FILE_NAME('S:\\1\X2\898F683C54C156F39762FF83FF9EFF70FF80\X0\\\OpticalHard\\01_\X2\56FD518588FD54C1\X0\\\3_Bases\\OBT\\OBT-SH\\OBT-500SH\\OBT-500SH.stp','2007-11-09T17:48:38',('okegawa'),(''),'Autodesk Inventor 11','Autodesk Inventor 11','');
FILE_SCHEMA(('AUTOMOTIVE_DESIGN { 1 0 10303 214 1 1 1 1 }'));
ENDSEC;
DATA;
#5=APPLICATION_CONTEXT('automotive design');
#6=APPLICATION_PROTOCOL_DEFINITION('Draft International Standard','automotive_design',1998,#5);
#7=PRODUCT_CONTEXT('None',#5,'mechanical');
#8=PRODUCT('OBT-500S-01-S01','OBT-500S-01-S01','None',(#7));
#9=PRODUCT_RELATED_PRODUCT_CATEGORY('part','description',(#8));
#10=PRODUCT_DEFINITION_FORMATION('None','None',#8);
#11=PRODUCT_DEFINITION_CONTEXT('part definition',#5,'design');
#12=PRODUCT_DEFINITION('None','None',#10,#11);
#18=(NAMED_UNIT(*)PLANE_ANGLE_UNIT()SI_UNIT($,.RADIAN.));
#19=DIMENSIONAL_EXPONENTS(0.0,0.0,0.0,0.0,0.0,0.0,0.0);
#20=PLANE_ANGLE_MEASURE_WITH_UNIT(PLANE_ANGLE_MEASURE(0.017453292500000),#18);
#24=(CONVERSION_BASED_UNIT('DEGREE',#20)NAMED_UNIT(#19)PLANE_ANGLE_UNIT());
#28=(NAMED_UNIT(*)SI_UNIT($,.STERADIAN.)SOLID_ANGLE_UNIT());
#32=(LENGTH_UNIT()NAMED_UNIT(*)SI_UNIT(.MILLI.,.METRE.));
#34=UNCERTAINTY_MEASURE_WITH_UNIT(LENGTH_MEASURE(0.010000000000000),#32,'DISTANCE_ACCURACY_VALUE','');
#36=(GEOMETRIC_REPRESENTATION_CONTEXT(3)GLOBAL_UNCERTAINTY_ASSIGNED_CONTEXT((#34))GLOBAL_UNIT_ASSIGNED_CONTEXT((#24,#28,#32))REPRESENTATION_CONTEXT('None','None'));
#37=AXIS2_PLACEMENT_3D('',#38,#39,#40);
#38=CARTESIAN_POINT('',(0.0,0.0,0.0));
#39=DIRECTION('',(0.0,0.0,1.0));
#40=DIRECTION('',(1.0,0.0,0.0));
#41=SHAPE_REPRESENTATION('',(#37),#36);
#42=PRODUCT_DEFINITION_SHAPE('','',#12);
#43=SHAPE_DEFINITION_REPRESENTATION(#42,#41);
#44=CARTESIAN_POINT('',(234.500000000000000,5.499999999999999,9.999999999999998));
#45=CARTESIAN_POINT('',(245.500000000000000,5.499999999999999,9.999999999999998));
#46=CARTESIAN_POINT('',(234.500000000000000,-5.500000000000001,9.999999999999996));
#47=CARTESIAN_POINT('',(245.500000000000000,-5.500000000000001,9.999999999999995));
#48=B_SPLINE_SURFACE_WITH_KNOTS('',1,1,((#44,#46),(#45,#47)),.UNSPECIFIED.,.F.,.F.,.U.,(2,2),(2,2),(0.0,11.0),(0.0,11.0),.UNSPECIFIED.);
#49=CARTESIAN_POINT('',(245.500000000000000,-1.353916E-015,9.999999999999998));
#50=VERTEX_POINT('',#49);
#51=CARTESIAN_POINT('',(240.0,-1.353916E-015,9.999999999999998));
#52=DIRECTION('',(0.0,0.0,1.0));
#53=DIRECTION('',(1.0,0.0,0.0));
#54=AXIS2_PLACEMENT_3D('',#51,#52,#53);
#55=CIRCLE('',#54,5.500000000000000);
#56=EDGE_CURVE('',#50,#50,#55,.T.);
#57=ORIENTED_EDGE('',*,*,#56,.T.);
#58=EDGE_LOOP('',(#57));
#59=FACE_OUTER_BOUND('',#58,.T.);
#60=CARTESIAN_POINT('',(236.750000000000000,-1.751913E-015,9.999999999999998));
#61=VERTEX_POINT('',#60);
#62=CARTESIAN_POINT('',(240.0,-1.353916E-015,9.999999999999998));
#63=DIRECTION('',(0.0,0.0,1.0));
#64=DIRECTION('',(1.0,0.0,0.0));
#65=AXIS2_PLACEMENT_3D('',#62,#63,#64);
#66=CIRCLE('',#65,3.250000000000000);
#67=EDGE_CURVE('',#61,#61,#66,.T.);
#68=ORIENTED_EDGE('',*,*,#67,.F.);
#69=EDGE_LOOP('',(#68));
#70=FACE_BOUND('',#69,.T.);
#71=ADVANCED_FACE('',(#59,#70),#48,.F.);
#72=CARTESIAN_POINT('',(234.500000000000000,-2.893980E-015,20.0));
#73=CARTESIAN_POINT('',(234.500000000000000,-2.027449E-015,9.999999999999998));
#74=CARTESIAN_POINT('',(234.500000000000000,-5.500000000000003,20.0));
#75=CARTESIAN_POINT('',(234.500000000000000,-5.500000000000002,9.999999999999998));
#76=CARTESIAN_POINT('',(240.0,-5.500000000000003,20.0));
#77=CARTESIAN_POINT('',(240.0,-5.500000000000002,9.999999999999998));
#78=CARTESIAN_POINT('',(245.500000000000000,-5.500000000000001,20.0));
#79=CARTESIAN_POINT('',(245.500000000000000,-5.500000000000000,9.999999999999998));
#80=CARTESIAN_POINT('',(245.500000000000000,-1.546913E-015,20.0));
#81=CARTESIAN_POINT('',(245.500000000000000,-6.803821E-016,9.999999999999998));
#82=CARTESIAN_POINT('',(245.500000000000000,5.499999999999997,20.0));
#83=CARTESIAN_POINT('',(245.500000000000000,5.499999999999998,9.999999999999998));
#84=CARTESIAN_POINT('',(240.0,5.499999999999997,20.0));
#85=CARTESIAN_POINT('',(240.0,5.499999999999998,9.999999999999998));
#86=CARTESIAN_POINT('',(234.500000000000000,5.499999999999996,20.0));
#87=CARTESIAN_POINT('',(234.500000000000000,5.499999999999996,9.999999999999998));
#88=CARTESIAN_POINT('',(234.500000000000000,-2.893980E-015,20.0));
#89=CARTESIAN_POINT('',(234.500000000000000,-2.027449E-015,9.999999999999998));
#97=(BOUNDED_SURFACE()B_SPLINE_SURFACE(1,2,((#72,#74,#76,#78,#80,#82,#84,#86,#88),(#73,#75,#77,#79,#81,#83,#85,#87,#89)),.UNSPECIFIED.,.F.,.T.,.U.)B_SPLINE_SURFACE_WITH_KNOTS((2,2),(3,2,2,2,3),(-0.909090909090909,0.909090909090909),(0.0,8.639379797371930,17.278759594743860,25.918139392115794,34.557519189487721),.UNSPECIFIED.)GEOMETRIC_REPRESENTATION_ITEM()RATIONAL_B_SPLINE_SURFACE(((1.0,0.707106781186548,1.0,0.707106781186548,1.0,0.707106781186548,1.0,0.707106781186548,1.0),(1.0,0.707106781186548,1.0,0.707106781186548,1.0,0.707106781186548,1.0,0.707106781186548,1.0)))REPRESENTATION_ITEM('')SURFACE());
#98=CARTESIAN_POINT('',(245.500000000000000,-2.220446E-015,19.999999999999996));
#99=VERTEX_POINT('',#98);
#100=CARTESIAN_POINT('',(240.0,-2.220446E-015,20.0));
#101=DIRECTION('',(0.0,0.0,-1.0));
#102=DIRECTION('',(1.0,0.0,0.0));
#103=AXIS2_PLACEMENT_3D('',#100,#101,#102);
#104=CIRCLE('',#103,5.500000000000000);
#105=EDGE_CURVE('',#99,#99,#104,.T.);
#106=ORIENTED_EDGE('',*,*,#105,.F.);
#107=EDGE_LOOP('',(#106));
#108=FACE_OUTER_BOUND('',#107,.T.);
#109=ORIENTED_EDGE('',*,*,#56,.F.);
#110=EDGE_LOOP('',(#109));
#111=FACE_BOUND('',#110,.T.);
#112=ADVANCED_FACE('',(#108,#111),#97,.F.);
#113=CARTESIAN_POINT('',(236.750000000000000,-1.751913E-015,10.0));
#114=CARTESIAN_POINT('',(236.750000000000000,-8.940476E-016,0.099999999999966));
#115=CARTESIAN_POINT('',(236.750000000000000,-3.250000000000001,10.0));
#116=CARTESIAN_POINT('',(236.750000000000000,-3.250000000000000,0.099999999999966));
#117=CARTESIAN_POINT('',(240.0,-3.250000000000001,10.0));
#118=CARTESIAN_POINT('',(240.0,-3.250000000000000,0.099999999999966));
#119=CARTESIAN_POINT('',(243.250000000000030,-3.250000000000000,10.0));
#120=CARTESIAN_POINT('',(243.250000000000030,-3.249999999999999,0.099999999999966));
#121=CARTESIAN_POINT('',(243.250000000000000,-9.559186E-016,10.0));
#122=CARTESIAN_POINT('',(243.250000000000000,-9.805346E-017,0.099999999999966));
#123=CARTESIAN_POINT('',(243.250000000000030,3.249999999999998,10.0));
#124=CARTESIAN_POINT('',(243.250000000000030,3.249999999999999,0.099999999999966));
#125=CARTESIAN_POINT('',(240.0,3.249999999999999,10.0));
#126=CARTESIAN_POINT('',(240.0,3.250000000000000,0.099999999999966));
#127=CARTESIAN_POINT('',(236.750000000000000,3.249999999999997,10.0));
#128=CARTESIAN_POINT('',(236.750000000000000,3.249999999999998,0.099999999999966));
#129=CARTESIAN_POINT('',(236.750000000000000,-1.751913E-015,10.0));
#130=CARTESIAN_POINT('',(236.750000000000000,-8.940476E-016,0.099999999999966));
#138=(BOUNDED_SURFACE()B_SPLINE_SURFACE(1,2,((#113,#115,#117,#119,#121,#123,#125,#127,#129),(#114,#116,#118,#120,#122,#124,#126,#128,#130)),.UNSPECIFIED.,.F.,.T.,.U.)B_SPLINE_SURFACE_WITH_KNOTS((2,2),(3,2,2,2,3),(-151.727783057677750,-148.681629211523900),(0.0,5.105088062083414,10.210176124166829,15.315264186250241,20.420352248333657),.UNSPECIFIED.)GEOMETRIC_REPRESENTATION_ITEM()RATIONAL_B_SPLINE_SURFACE(((1.0,0.707106781186548,1.0,0.707106781186548,1.0,0.707106781186548,1.0,0.707106781186548,1.0),(1.0,0.707106781186548,1.0,0.707106781186548,1.0,0.707106781186548,1.0,0.707106781186548,1.0)))REPRESENTATION_ITEM('')SURFACE());
#139=CARTESIAN_POINT('',(236.750000000000000,-8.940476E-016,0.099999999999980));
#140=VERTEX_POINT('',#139);
#141=CARTESIAN_POINT('',(240.0,-4.960505E-016,0.099999999999980));
#142=DIRECTION('',(0.0,0.0,1.0));
#143=DIRECTION('',(1.0,0.0,0.0));
#144=AXIS2_PLACEMENT_3D('',#141,#142,#143);
#145=CIRCLE('',#144,3.250000000000000);
#146=EDGE_CURVE('',#140,#140,#145,.T.);
#147=ORIENTED_EDGE('',*,*,#146,.F.);
#148=EDGE_LOOP('',(#147));
#149=FACE_OUTER_BOUND('',#148,.T.);
#150=ORIENTED_EDGE('',*,*,#67,.T.);
#151=EDGE_LOOP('',(#150));
#152=FACE_BOUND('',#151,.T.);
#153=ADVANCED_FACE('',(#149,#152),#138,.F.);
#154=CARTESIAN_POINT('',(-245.500000000000000,5.499999999999999,9.999999999999998));
#155=CARTESIAN_POINT('',(-234.500000000000000,5.499999999999999,9.999999999999998));
#156=CARTESIAN_POINT('',(-245.500000000000000,-5.500000000000001,9.999999999999996));
#157=CARTESIAN_POINT('',(-234.500000000000000,-5.500000000000001,9.999999999999995));
#158=B_SPLINE_SURFACE_WITH_KNOTS('',1,1,((#154,#156),(#155,#157)),.UNSPECIFIED.,.F.,.F.,.U.,(2,2),(2,2),(0.0,11.0),(0.0,11.0),.UNSPECIFIED.);
#159=CARTESIAN_POINT('',(-234.500000000000000,-1.353916E-015,9.999999999999998));
#160=VERTEX_POINT('',#159);
#161=CARTESIAN_POINT('',(-240.0,-1.353916E-015,9.999999999999998));
#162=DIRECTION('',(0.0,0.0,1.0));
#163=DIRECTION('',(1.0,0.0,0.0));
#164=AXIS2_PLACEMENT_3D('',#161,#162,#163);
#165=CIRCLE('',#164,5.500000000000000);
#166=EDGE_CURVE('',#160,#160,#165,.T.);
#167=ORIENTED_EDGE('',*,*,#166,.T.);
#168=EDGE_LOOP('',(#167));
#169=FACE_OUTER_BOUND('',#168,.T.);
#170=CARTESIAN_POINT('',(-243.250000000000000,-1.751913E-015,9.999999999999998));
#171=VERTEX_POINT('',#170);
#172=CARTESIAN_POINT('',(-240.0,-1.353916E-015,9.999999999999998));
#173=DIRECTION('',(0.0,0.0,1.0));
#174=DIRECTION('',(1.0,0.0,0.0));
#175=AXIS2_PLACEMENT_3D('',#172,#173,#174);
#176=CIRCLE('',#175,3.250000000000000);
#177=EDGE_CURVE('',#171,#171,#176,.T.);
#178=ORIENTED_EDGE('',*,*,#177,.F.);
#179=EDGE_LOOP('',(#178));
#180=FACE_BOUND('',#179,.T.);
#181=ADVANCED_FACE('',(#169,#180),#158,.F.);
#182=CARTESIAN_POINT('',(-245.500000000000000,-2.893980E-015,20.0));
#183=CARTESIAN_POINT('',(-245.500000000000000,-2.027449E-015,9.999999999999998));
#184=CARTESIAN_POINT('',(-245.500000000000000,-5.500000000000003,20.0));
#185=CARTESIAN_POINT('',(-245.500000000000000,-5.500000000000002,9.999999999999998));
#186=CARTESIAN_POINT('',(-240.0,-5.500000000000003,20.0));
#187=CARTESIAN_POINT('',(-240.0,-5.500000000000002,9.999999999999998));
#188=CARTESIAN_POINT('',(-234.500000000000000,-5.500000000000001,20.0));
#189=CARTESIAN_POINT('',(-234.500000000000000,-5.500000000000000,9.999999999999998));
#190=CARTESIAN_POINT('',(-234.500000000000000,-1.546913E-015,20.0));
#191=CARTESIAN_POINT('',(-234.500000000000000,-6.803821E-016,9.999999999999998));
#192=CARTESIAN_POINT('',(-234.500000000000000,5.499999999999997,20.0));
#193=CARTESIAN_POINT('',(-234.500000000000000,5.499999999999998,9.999999999999998));
#194=CARTESIAN_POINT('',(-240.0,5.499999999999997,20.0));
#195=CARTESIAN_POINT('',(-240.0,5.499999999999998,9.999999999999998));
#196=CARTESIAN_POINT('',(-245.500000000000000,5.499999999999996,20.0));
#197=CARTESIAN_POINT('',(-245.500000000000000,5.499999999999996,9.999999999999998));
#198=CARTESIAN_POINT('',(-245.500000000000000,-2.893980E-015,20.0));
#199=CARTESIAN_POINT('',(-245.500000000000000,-2.027449E-015,9.999999999999998));
#207=(BOUNDED_SURFACE()B_SPLINE_SURFACE(1,2,((#182,#184,#186,#188,#190,#192,#194,#196,#198),(#183,#185,#187,#189,#191,#193,#195,#197,#199)),.UNSPECIFIED.,.F.,.T.,.U.)B_SPLINE_SURFACE_WITH_KNOTS((2,2),(3,2,2,2,3),(-0.909090909090909,0.909090909090909),(0.0,8.639379797371930,17.278759594743860,25.918139392115794,34.557519189487721),.UNSPECIFIED.)GEOMETRIC_REPRESENTATION_ITEM()RATIONAL_B_SPLINE_SURFACE(((1.0,0.707106781186548,1.0,0.707106781186548,1.0,0.707106781186548,1.0,0.707106781186548,1.0),(1.0,0.707106781186548,1.0,0.707106781186548,1.0,0.707106781186548,1.0,0.707106781186548,1.0)))REPRESENTATION_ITEM('')SURFACE());
#208=CARTESIAN_POINT('',(-234.500000000000000,-2.220446E-015,19.999999999999996));
#209=VERTEX_POINT('',#208);
#210=CARTESIAN_POINT('',(-240.0,-2.220446E-015,20.0));
#211=DIRECTION('',(0.0,0.0,-1.0));
#212=DIRECTION('',(1.0,0.0,0.0));
#213=AXIS2_PLACEMENT_3D('',#210,#211,#212);
#214=CIRCLE('',#213,5.500000000000000);
#215=EDGE_CURVE('',#209,#209,#214,.T.);
#216=ORIENTED_EDGE('',*,*,#215,.F.);
#217=EDGE_LOOP('',(#216));
#218=FACE_OUTER_BOUND('',#217,.T.);
#219=ORIENTED_EDGE('',*,*,#166,.F.);
#220=EDGE_LOOP('',(#219));
#221=FACE_BOUND('',#220,.T.);
#222=ADVANCED_FACE('',(#218,#221),#207,.F.);
#223=CARTESIAN_POINT('',(-243.250000000000000,-1.751913E-015,10.0));
#224=CARTESIAN_POINT('',(-243.250000000000000,-8.940476E-016,0.099999999999966));
#225=CARTESIAN_POINT('',(-243.250000000000030,-3.250000000000001,10.0));
#226=CARTESIAN_POINT('',(-243.250000000000030,-3.250000000000000,0.099999999999966));
#227=CARTESIAN_POINT('',(-240.0,-3.250000000000001,10.0));
#228=CARTESIAN_POINT('',(-240.0,-3.250000000000000,0.099999999999966));
#229=CARTESIAN_POINT('',(-236.750000000000000,-3.250000000000000,10.0));
#230=CARTESIAN_POINT('',(-236.750000000000000,-3.249999999999999,0.099999999999966));
#231=CARTESIAN_POINT('',(-236.750000000000000,-9.559186E-016,10.0));
#232=CARTESIAN_POINT('',(-236.750000000000000,-9.805346E-017,0.099999999999966));
#233=CARTESIAN_POINT('',(-236.750000000000000,3.249999999999998,10.0));
#234=CARTESIAN_POINT('',(-236.750000000000000,3.249999999999999,0.099999999999966));
#235=CARTESIAN_POINT('',(-240.0,3.249999999999999,10.0));
#236=CARTESIAN_POINT('',(-240.0,3.250000000000000,0.099999999999966));
#237=CARTESIAN_POINT('',(-243.250000000000030,3.249999999999997,10.0));
#238=CARTESIAN_POINT('',(-243.250000000000030,3.249999999999998,0.099999999999966));
#239=CARTESIAN_POINT('',(-243.250000000000000,-1.751913E-015,10.0));
#240=CARTESIAN_POINT('',(-243.250000000000000,-8.940476E-016,0.099999999999966));
#248=(BOUNDED_SURFACE()B_SPLINE_SURFACE(1,2,((#223,#225,#227,#229,#231,#233,#235,#237,#239),(#224,#226,#228,#230,#232,#234,#236,#238,#240)),.UNSPECIFIED.,.F.,.T.,.U.)B_SPLINE_SURFACE_WITH_KNOTS((2,2),(3,2,2,2,3),(-151.727783057677750,-148.681629211523900),(0.0,5.105088062083414,10.210176124166829,15.315264186250241,20.420352248333657),.UNSPECIFIED.)GEOMETRIC_REPRESENTATION_ITEM()RATIONAL_B_SPLINE_SURFACE(((1.0,0.707106781186548,1.0,0.707106781186548,1.0,0.707106781186548,1.0,0.707106781186548,1.0),(1.0,0.707106781186548,1.0,0.707106781186548,1.0,0.707106781186548,1.0,0.707106781186548,1.0)))REPRESENTATION_ITEM('')SURFACE());
#249=CARTESIAN_POINT('',(-243.250000000000000,-8.940476E-016,0.099999999999980));
#250=VERTEX_POINT('',#249);
#251=CARTESIAN_POINT('',(-240.0,-4.960505E-016,0.099999999999980));
#252=DIRECTION('',(0.0,0.0,1.0));
#253=DIRECTION('',(1.0,0.0,0.0));
#254=AXIS2_PLACEMENT_3D('',#251,#252,#253);
#255=CIRCLE('',#254,3.250000000000000);
#256=EDGE_CURVE('',#250,#250,#255,.T.);
#257=ORIENTED_EDGE('',*,*,#256,.F.);
#258=EDGE_LOOP('',(#257));
#259=FACE_OUTER_BOUND('',#258,.T.);
#260=ORIENTED_EDGE('',*,*,#177,.T.);
#261=EDGE_LOOP('',(#260));
#262=FACE_BOUND('',#261,.T.);
#263=ADVANCED_FACE('',(#259,#262),#248,.F.);
#264=CARTESIAN_POINT('',(200.0,-3.146589E-016,9.999999999999998));
#265=DIRECTION('',(0.0,0.0,1.0));
#266=DIRECTION('',(1.0,0.0,0.0));
#267=AXIS2_PLACEMENT_3D('',#264,#265,#266);
#268=PLANE('',#267);
#269=CARTESIAN_POINT('',(174.0,5.499999999999999,9.999999999999998));
#270=VERTEX_POINT('',#269);
#271=CARTESIAN_POINT('',(174.0,-5.500000000000004,9.999999999999998));
#272=VERTEX_POINT('',#271);
#273=CARTESIAN_POINT('',(174.0,-1.110223E-015,9.999999999999998));
#274=DIRECTION('',(0.0,0.0,1.0));
#275=DIRECTION('',(0.0,-1.0,0.0));
#276=AXIS2_PLACEMENT_3D('',#273,#274,#275);
#277=CIRCLE('',#276,5.500000000000000);
#278=EDGE_CURVE('',#270,#272,#277,.T.);
#279=ORIENTED_EDGE('',*,*,#278,.T.);
#280=CARTESIAN_POINT('',(226.0,-5.499999999999995,9.999999999999998));
#281=VERTEX_POINT('',#280);
#282=CARTESIAN_POINT('',(174.0,-5.500000000000004,9.999999999999998));
#283=DIRECTION('',(1.0,0.0,0.0));
#284=VECTOR('',#283,52.0);
#285=LINE('',#282,#284);
#286=EDGE_CURVE('',#272,#281,#285,.T.);
#287=ORIENTED_EDGE('',*,*,#286,.T.);
#288=CARTESIAN_POINT('',(226.0,5.499999999999999,9.999999999999998));
#289=VERTEX_POINT('',#288);
#290=CARTESIAN_POINT('',(226.0,-1.110223E-015,9.999999999999998));
#291=DIRECTION('',(0.0,0.0,1.0));
#292=DIRECTION('',(0.0,1.0,0.0));
#293=AXIS2_PLACEMENT_3D('',#290,#291,#292);
#294=CIRCLE('',#293,5.500000000000000);
#295=EDGE_CURVE('',#281,#289,#294,.T.);
#296=ORIENTED_EDGE('',*,*,#295,.T.);
#297=CARTESIAN_POINT('',(226.0,5.499999999999999,9.999999999999998));
#298=DIRECTION('',(-1.0,0.0,0.0));
#299=VECTOR('',#298,52.0);
#300=LINE('',#297,#299);
#301=EDGE_CURVE('',#289,#270,#300,.T.);
#302=ORIENTED_EDGE('',*,*,#301,.T.);
#303=EDGE_LOOP('',(#279,#287,#296,#302));
#304=FACE_OUTER_BOUND('',#303,.T.);
#305=CARTESIAN_POINT('',(174.0,3.249999999999998,9.999999999999998));
#306=VERTEX_POINT('',#305);
#307=CARTESIAN_POINT('',(226.0,3.249999999999998,9.999999999999998));
#308=VERTEX_POINT('',#307);
#309=CARTESIAN_POINT('',(174.0,3.249999999999998,9.999999999999998));
#310=DIRECTION('',(1.0,0.0,0.0));
#311=VECTOR('',#310,52.0);
#312=LINE('',#309,#311);
#313=EDGE_CURVE('',#306,#308,#312,.T.);
#314=ORIENTED_EDGE('',*,*,#313,.T.);
#315=CARTESIAN_POINT('',(226.0,-3.249999999999996,9.999999999999998));
#316=VERTEX_POINT('',#315);
#317=CARTESIAN_POINT('',(226.0,-1.295260E-015,9.999999999999998));
#318=DIRECTION('',(0.0,0.0,-1.0));
#319=DIRECTION('',(0.0,-1.0,0.0));
#320=AXIS2_PLACEMENT_3D('',#317,#318,#319);
#321=CIRCLE('',#320,3.250000000000000);
#322=EDGE_CURVE('',#308,#316,#321,.T.);
#323=ORIENTED_EDGE('',*,*,#322,.T.);
#324=CARTESIAN_POINT('',(174.0,-3.250000000000003,9.999999999999998));
#325=VERTEX_POINT('',#324);
#326=CARTESIAN_POINT('',(226.0,-3.249999999999996,9.999999999999998));
#327=DIRECTION('',(-1.0,0.0,0.0));
#328=VECTOR('',#327,52.0);
#329=LINE('',#326,#328);
#330=EDGE_CURVE('',#316,#325,#329,.T.);
#331=ORIENTED_EDGE('',*,*,#330,.T.);
#332=CARTESIAN_POINT('',(174.0,-1.295260E-015,9.999999999999998));
#333=DIRECTION('',(0.0,0.0,-1.0));
#334=DIRECTION('',(0.0,1.0,0.0));
#335=AXIS2_PLACEMENT_3D('',#332,#333,#334);
#336=CIRCLE('',#335,3.250000000000000);
#337=EDGE_CURVE('',#325,#306,#336,.T.);
#338=ORIENTED_EDGE('',*,*,#337,.T.);
#339=EDGE_LOOP('',(#314,#323,#331,#338));
#340=FACE_BOUND('',#339,.T.);
#341=ADVANCED_FACE('',(#304,#340),#268,.T.);
#342=CARTESIAN_POINT('',(174.0,-2.220446E-015,19.999999999999996));
#343=DIRECTION('',(0.0,1.110223E-016,-1.0));
#344=DIRECTION('',(0.0,-1.0,0.0));
#345=AXIS2_PLACEMENT_3D('',#342,#343,#344);
#346=CYLINDRICAL_SURFACE('',#345,5.500000000000000);
#347=ORIENTED_EDGE('',*,*,#278,.F.);
#348=CARTESIAN_POINT('',(174.0,5.499999999999998,20.0));
#349=VERTEX_POINT('',#348);
#350=CARTESIAN_POINT('',(174.0,5.499999999999998,20.0));
#351=DIRECTION('',(0.0,0.0,-1.0));
#352=VECTOR('',#351,10.000000000000002);
#353=LINE('',#350,#352);
#354=EDGE_CURVE('',#349,#270,#353,.T.);
#355=ORIENTED_EDGE('',*,*,#354,.F.);
#356=CARTESIAN_POINT('',(174.0,-5.500000000000005,19.999999999999996));
#357=VERTEX_POINT('',#356);
#358=CARTESIAN_POINT('',(174.0,-2.220446E-015,20.0));
#359=DIRECTION('',(0.0,0.0,-1.0));
#360=DIRECTION('',(0.0,-1.0,0.0));
#361=AXIS2_PLACEMENT_3D('',#358,#359,#360);
#362=CIRCLE('',#361,5.500000000000000);
#363=EDGE_CURVE('',#357,#349,#362,.T.);
#364=ORIENTED_EDGE('',*,*,#363,.F.);
#365=CARTESIAN_POINT('',(174.0,-5.500000000000005,19.999999999999996));
#366=DIRECTION('',(0.0,0.0,-1.0));
#367=VECTOR('',#366,9.999999999999998);
#368=LINE('',#365,#367);
#369=EDGE_CURVE('',#357,#272,#368,.T.);
#370=ORIENTED_EDGE('',*,*,#369,.T.);
#371=EDGE_LOOP('',(#347,#355,#364,#370));
#372=FACE_OUTER_BOUND('',#371,.T.);
#373=ADVANCED_FACE('',(#372),#346,.F.);
#374=CARTESIAN_POINT('',(174.0,-5.500000000000005,19.999999999999996));
#375=DIRECTION('',(0.0,-1.0,0.0));
#376=DIRECTION('',(0.0,0.0,-1.0));
#377=AXIS2_PLACEMENT_3D('',#374,#375,#376);
#378=PLANE('',#377);
#379=ORIENTED_EDGE('',*,*,#286,.F.);
#380=ORIENTED_EDGE('',*,*,#369,.F.);
#381=CARTESIAN_POINT('',(226.0,-5.499999999999996,19.999999999999996));
#382=VERTEX_POINT('',#381);
#383=CARTESIAN_POINT('',(226.0,-5.499999999999996,19.999999999999996));
#384=DIRECTION('',(-1.0,0.0,0.0));
#385=VECTOR('',#384,52.0);
#386=LINE('',#383,#385);
#387=EDGE_CURVE('',#382,#357,#386,.T.);
#388=ORIENTED_EDGE('',*,*,#387,.F.);
#389=CARTESIAN_POINT('',(226.0,-5.499999999999996,19.999999999999996));
#390=DIRECTION('',(0.0,0.0,-1.0));
#391=VECTOR('',#390,9.999999999999998);
#392=LINE('',#389,#391);
#393=EDGE_CURVE('',#382,#281,#392,.T.);
#394=ORIENTED_EDGE('',*,*,#393,.T.);
#395=EDGE_LOOP('',(#379,#380,#388,#394));
#396=FACE_OUTER_BOUND('',#395,.T.);
#397=ADVANCED_FACE('',(#396),#378,.F.);
#398=CARTESIAN_POINT('',(226.0,-2.220446E-015,19.999999999999996));
#399=DIRECTION('',(0.0,1.110223E-016,-1.0));
#400=DIRECTION('',(0.0,1.0,0.0));
#401=AXIS2_PLACEMENT_3D('',#398,#399,#400);
#402=CYLINDRICAL_SURFACE('',#401,5.500000000000000);
#403=ORIENTED_EDGE('',*,*,#295,.F.);
#404=ORIENTED_EDGE('',*,*,#393,.F.);
#405=CARTESIAN_POINT('',(226.0,5.499999999999998,20.0));
#406=VERTEX_POINT('',#405);
#407=CARTESIAN_POINT('',(226.0,-2.220446E-015,20.0));
#408=DIRECTION('',(0.0,0.0,-1.0));
#409=DIRECTION('',(0.0,1.0,0.0));
#410=AXIS2_PLACEMENT_3D('',#407,#408,#409);
#411=CIRCLE('',#410,5.500000000000000);
#412=EDGE_CURVE('',#406,#382,#411,.T.);
#413=ORIENTED_EDGE('',*,*,#412,.F.);
#414=CARTESIAN_POINT('',(226.0,5.499999999999998,20.0));
#415=DIRECTION('',(0.0,0.0,-1.0));
#416=VECTOR('',#415,10.000000000000002);
#417=LINE('',#414,#416);
#418=EDGE_CURVE('',#406,#289,#417,.T.);
#419=ORIENTED_EDGE('',*,*,#418,.T.);
#420=EDGE_LOOP('',(#403,#404,#413,#419));
#421=FACE_OUTER_BOUND('',#420,.T.);
#422=ADVANCED_FACE('',(#421),#402,.F.);
#423=CARTESIAN_POINT('',(226.0,5.499999999999998,20.0));
#424=DIRECTION('',(0.0,1.0,0.0));
#425=DIRECTION('',(0.0,0.0,1.0));
#426=AXIS2_PLACEMENT_3D('',#423,#424,#425);
#427=PLANE('',#426);
#428=ORIENTED_EDGE('',*,*,#301,.F.);
#429=ORIENTED_EDGE('',*,*,#418,.F.);
#430=CARTESIAN_POINT('',(174.0,5.499999999999998,20.0));
#431=DIRECTION('',(1.0,0.0,0.0));
#432=VECTOR('',#431,52.0);
#433=LINE('',#430,#432);
#434=EDGE_CURVE('',#349,#406,#433,.T.);
#435=ORIENTED_EDGE('',*,*,#434,.F.);
#436=ORIENTED_EDGE('',*,*,#354,.T.);
#437=EDGE_LOOP('',(#428,#429,#435,#436));
#438=FACE_OUTER_BOUND('',#437,.T.);
#439=ADVANCED_FACE('',(#438),#427,.F.);
#440=CARTESIAN_POINT('',(174.0,-3.250000000000004,19.999999999999996));
#441=DIRECTION('',(0.0,-1.0,0.0));
#442=DIRECTION('',(0.0,0.0,-1.0));
#443=AXIS2_PLACEMENT_3D('',#440,#441,#442);
#444=PLANE('',#443);
#445=ORIENTED_EDGE('',*,*,#330,.F.);
#446=CARTESIAN_POINT('',(226.0,-3.249999999999996,0.099999999999998));
#447=VERTEX_POINT('',#446);
#448=CARTESIAN_POINT('',(226.0,-3.249999999999996,9.999999999999998));
#449=DIRECTION('',(0.0,0.0,-1.0));
#450=VECTOR('',#449,9.900000000000000);
#451=LINE('',#448,#450);
#452=EDGE_CURVE('',#316,#447,#451,.T.);
#453=ORIENTED_EDGE('',*,*,#452,.T.);
#454=CARTESIAN_POINT('',(174.0,-3.250000000000002,0.099999999999998));
#455=VERTEX_POINT('',#454);
#456=CARTESIAN_POINT('',(174.0,-3.250000000000002,0.099999999999998));
#457=DIRECTION('',(1.0,0.0,0.0));
#458=VECTOR('',#457,52.0);
#459=LINE('',#456,#458);
#460=EDGE_CURVE('',#455,#447,#459,.T.);
#461=ORIENTED_EDGE('',*,*,#460,.F.);
#462=CARTESIAN_POINT('',(174.0,-3.250000000000003,9.999999999999998));
#463=DIRECTION('',(0.0,0.0,-1.0));
#464=VECTOR('',#463,9.900000000000000);
#465=LINE('',#462,#464);
#466=EDGE_CURVE('',#325,#455,#465,.T.);
#467=ORIENTED_EDGE('',*,*,#466,.F.);
#468=EDGE_LOOP('',(#445,#453,#461,#467));
#469=FACE_OUTER_BOUND('',#468,.T.);
#470=ADVANCED_FACE('',(#469),#444,.F.);
#471=CARTESIAN_POINT('',(174.0,-2.220446E-015,19.999999999999996));
#472=DIRECTION('',(0.0,9.251859E-017,-1.0));
#473=DIRECTION('',(0.0,1.0,0.0));
#474=AXIS2_PLACEMENT_3D('',#471,#472,#473);
#475=CYLINDRICAL_SURFACE('',#474,3.250000000000000);
#476=ORIENTED_EDGE('',*,*,#337,.F.);
#477=ORIENTED_EDGE('',*,*,#466,.T.);
#478=CARTESIAN_POINT('',(174.0,3.249999999999999,0.099999999999998));
#479=VERTEX_POINT('',#478);
#480=CARTESIAN_POINT('',(174.0,-3.793262E-016,0.099999999999998));
#481=DIRECTION('',(0.0,0.0,1.0));
#482=DIRECTION('',(0.0,1.0,0.0));
#483=AXIS2_PLACEMENT_3D('',#480,#481,#482);
#484=CIRCLE('',#483,3.250000000000000);
#485=EDGE_CURVE('',#479,#455,#484,.T.);
#486=ORIENTED_EDGE('',*,*,#485,.F.);
#487=CARTESIAN_POINT('',(174.0,3.249999999999998,9.999999999999998));
#488=DIRECTION('',(0.0,0.0,-1.0));
#489=VECTOR('',#488,9.900000000000000);
#490=LINE('',#487,#489);
#491=EDGE_CURVE('',#306,#479,#490,.T.);
#492=ORIENTED_EDGE('',*,*,#491,.F.);
#493=EDGE_LOOP('',(#476,#477,#486,#492));
#494=FACE_OUTER_BOUND('',#493,.T.);
#495=ADVANCED_FACE('',(#494),#475,.F.);
#496=CARTESIAN_POINT('',(226.0,3.249999999999997,20.0));
#497=DIRECTION('',(0.0,1.0,0.0));
#498=DIRECTION('',(0.0,0.0,1.0));
#499=AXIS2_PLACEMENT_3D('',#496,#497,#498);
#500=PLANE('',#499);
#501=ORIENTED_EDGE('',*,*,#313,.F.);
#502=ORIENTED_EDGE('',*,*,#491,.T.);
#503=CARTESIAN_POINT('',(226.0,3.249999999999999,0.099999999999998));
#504=VERTEX_POINT('',#503);
#505=CARTESIAN_POINT('',(226.0,3.249999999999999,0.099999999999998));
#506=DIRECTION('',(-1.0,0.0,0.0));
#507=VECTOR('',#506,52.0);
#508=LINE('',#505,#507);
#509=EDGE_CURVE('',#504,#479,#508,.T.);
#510=ORIENTED_EDGE('',*,*,#509,.F.);
#511=CARTESIAN_POINT('',(226.0,3.249999999999998,9.999999999999998));
#512=DIRECTION('',(0.0,0.0,-1.0));
#513=VECTOR('',#512,9.900000000000000);
#514=LINE('',#511,#513);
#515=EDGE_CURVE('',#308,#504,#514,.T.);
#516=ORIENTED_EDGE('',*,*,#515,.F.);
#517=EDGE_LOOP('',(#501,#502,#510,#516));
#518=FACE_OUTER_BOUND('',#517,.T.);
#519=ADVANCED_FACE('',(#518),#500,.F.);
#520=CARTESIAN_POINT('',(226.0,-2.220446E-015,19.999999999999996));
#521=DIRECTION('',(0.0,9.251859E-017,-1.0));
#522=DIRECTION('',(0.0,-1.0,0.0));
#523=AXIS2_PLACEMENT_3D('',#520,#521,#522);
#524=CYLINDRICAL_SURFACE('',#523,3.250000000000000);
#525=ORIENTED_EDGE('',*,*,#322,.F.);
#526=ORIENTED_EDGE('',*,*,#515,.T.);
#527=CARTESIAN_POINT('',(226.0,-3.793262E-016,0.099999999999998));
#528=DIRECTION('',(0.0,0.0,1.0));
#529=DIRECTION('',(0.0,-1.0,0.0));
#530=AXIS2_PLACEMENT_3D('',#527,#528,#529);
#531=CIRCLE('',#530,3.250000000000000);
#532=EDGE_CURVE('',#447,#504,#531,.T.);
#533=ORIENTED_EDGE('',*,*,#532,.F.);
#534=ORIENTED_EDGE('',*,*,#452,.F.);
#535=EDGE_LOOP('',(#525,#526,#533,#534));
#536=FACE_OUTER_BOUND('',#535,.T.);
#537=ADVANCED_FACE('',(#536),#524,.F.);
#538=CARTESIAN_POINT('',(0.0,-3.146589E-016,9.999999999999998));
#539=DIRECTION('',(0.0,0.0,1.0));
#540=DIRECTION('',(1.0,0.0,0.0));
#541=AXIS2_PLACEMENT_3D('',#538,#539,#540);
#542=PLANE('',#541);
#543=CARTESIAN_POINT('',(-26.000000000000014,5.499999999999999,9.999999999999998));
#544=VERTEX_POINT('',#543);
#545=CARTESIAN_POINT('',(-26.000000000000014,-5.500000000000004,9.999999999999998));
#546=VERTEX_POINT('',#545);
#547=CARTESIAN_POINT('',(-26.000000000000014,-1.110223E-015,9.999999999999998));
#548=DIRECTION('',(0.0,0.0,1.0));
#549=DIRECTION('',(0.0,-1.0,0.0));
#550=AXIS2_PLACEMENT_3D('',#547,#548,#549);
#551=CIRCLE('',#550,5.500000000000000);
#552=EDGE_CURVE('',#544,#546,#551,.T.);
#553=ORIENTED_EDGE('',*,*,#552,.T.);
#554=CARTESIAN_POINT('',(26.000000000000014,-5.499999999999995,9.999999999999998));
#555=VERTEX_POINT('',#554);
#556=CARTESIAN_POINT('',(-26.000000000000014,-5.500000000000004,9.999999999999998));
#557=DIRECTION('',(1.0,0.0,0.0));
#558=VECTOR('',#557,52.000000000000028);
#559=LINE('',#556,#558);
#560=EDGE_CURVE('',#546,#555,#559,.T.);
#561=ORIENTED_EDGE('',*,*,#560,.T.);
#562=CARTESIAN_POINT('',(26.000000000000014,5.499999999999999,9.999999999999998));
#563=VERTEX_POINT('',#562);
#564=CARTESIAN_POINT('',(26.000000000000014,-1.110223E-015,9.999999999999998));
#565=DIRECTION('',(0.0,0.0,1.0));
#566=DIRECTION('',(0.0,1.0,0.0));
#567=AXIS2_PLACEMENT_3D('',#564,#565,#566);
#568=CIRCLE('',#567,5.500000000000000);
#569=EDGE_CURVE('',#555,#563,#568,.T.);
#570=ORIENTED_EDGE('',*,*,#569,.T.);
#571=CARTESIAN_POINT('',(26.000000000000014,5.499999999999999,9.999999999999998));
#572=DIRECTION('',(-1.0,0.0,0.0));
#573=VECTOR('',#572,52.000000000000028);
#574=LINE('',#571,#573);
#575=EDGE_CURVE('',#563,#544,#574,.T.);
#576=ORIENTED_EDGE('',*,*,#575,.T.);
#577=EDGE_LOOP('',(#553,#561,#570,#576));
#578=FACE_OUTER_BOUND('',#577,.T.);
#579=CARTESIAN_POINT('',(-26.000000000000014,3.249999999999998,9.999999999999998));
#580=VERTEX_POINT('',#579);
#581=CARTESIAN_POINT('',(26.000000000000014,3.249999999999998,9.999999999999998));
#582=VERTEX_POINT('',#581);
#583=CARTESIAN_POINT('',(-26.000000000000014,3.249999999999998,9.999999999999998));
#584=DIRECTION('',(1.0,0.0,0.0));
#585=VECTOR('',#584,52.000000000000028);
#586=LINE('',#583,#585);
#587=EDGE_CURVE('',#580,#582,#586,.T.);
#588=ORIENTED_EDGE('',*,*,#587,.T.);
#589=CARTESIAN_POINT('',(26.000000000000014,-3.249999999999996,9.999999999999998));
#590=VERTEX_POINT('',#589);
#591=CARTESIAN_POINT('',(26.000000000000014,-1.295260E-015,9.999999999999998));
#592=DIRECTION('',(0.0,0.0,-1.0));
#593=DIRECTION('',(0.0,-1.0,0.0));
#594=AXIS2_PLACEMENT_3D('',#591,#592,#593);
#595=CIRCLE('',#594,3.250000000000000);
#596=EDGE_CURVE('',#582,#590,#595,.T.);
#597=ORIENTED_EDGE('',*,*,#596,.T.);
#598=CARTESIAN_POINT('',(-26.000000000000014,-3.250000000000003,9.999999999999998));
#599=VERTEX_POINT('',#598);
#600=CARTESIAN_POINT('',(26.000000000000014,-3.249999999999996,9.999999999999998));
#601=DIRECTION('',(-1.0,0.0,0.0));
#602=VECTOR('',#601,52.000000000000028);
#603=LINE('',#600,#602);
#604=EDGE_CURVE('',#590,#599,#603,.T.);
#605=ORIENTED_EDGE('',*,*,#604,.T.);
#606=CARTESIAN_POINT('',(-26.000000000000014,-1.295260E-015,9.999999999999998));
#607=DIRECTION('',(0.0,0.0,-1.0));
#608=DIRECTION('',(0.0,1.0,0.0));
#609=AXIS2_PLACEMENT_3D('',#606,#607,#608);
#610=CIRCLE('',#609,3.250000000000000);
#611=EDGE_CURVE('',#599,#580,#610,.T.);
#612=ORIENTED_EDGE('',*,*,#611,.T.);
#613=EDGE_LOOP('',(#588,#597,#605,#612));
#614=FACE_BOUND('',#613,.T.);
#615=ADVANCED_FACE('',(#578,#614),#542,.T.);
#616=CARTESIAN_POINT('',(-26.000000000000014,-2.220446E-015,19.999999999999996));
#617=DIRECTION('',(0.0,1.110223E-016,-1.0));
#618=DIRECTION('',(0.0,-1.0,0.0));
#619=AXIS2_PLACEMENT_3D('',#616,#617,#618);
#620=CYLINDRICAL_SURFACE('',#619,5.500000000000000);
#621=ORIENTED_EDGE('',*,*,#552,.F.);
#622=CARTESIAN_POINT('',(-26.000000000000014,5.499999999999998,20.0));
#623=VERTEX_POINT('',#622);
#624=CARTESIAN_POINT('',(-26.000000000000014,5.499999999999998,20.0));
#625=DIRECTION('',(0.0,0.0,-1.0));
#626=VECTOR('',#625,10.000000000000002);
#627=LINE('',#624,#626);
#628=EDGE_CURVE('',#623,#544,#627,.T.);
#629=ORIENTED_EDGE('',*,*,#628,.F.);
#630=CARTESIAN_POINT('',(-26.000000000000014,-5.500000000000005,19.999999999999996));
#631=VERTEX_POINT('',#630);
#632=CARTESIAN_POINT('',(-26.000000000000014,-2.220446E-015,20.0));
#633=DIRECTION('',(0.0,0.0,-1.0));
#634=DIRECTION('',(0.0,-1.0,0.0));
#635=AXIS2_PLACEMENT_3D('',#632,#633,#634);
#636=CIRCLE('',#635,5.500000000000000);
#637=EDGE_CURVE('',#631,#623,#636,.T.);
#638=ORIENTED_EDGE('',*,*,#637,.F.);
#639=CARTESIAN_POINT('',(-26.000000000000014,-5.500000000000005,19.999999999999996));
#640=DIRECTION('',(0.0,0.0,-1.0));
#641=VECTOR('',#640,9.999999999999998);
#642=LINE('',#639,#641);
#643=EDGE_CURVE('',#631,#546,#642,.T.);
#644=ORIENTED_EDGE('',*,*,#643,.T.);
#645=EDGE_LOOP('',(#621,#629,#638,#644));
#646=FACE_OUTER_BOUND('',#645,.T.);
#647=ADVANCED_FACE('',(#646),#620,.F.);
#648=CARTESIAN_POINT('',(-26.000000000000014,-5.500000000000005,19.999999999999996));
#649=DIRECTION('',(0.0,-1.0,0.0));
#650=DIRECTION('',(0.0,0.0,-1.0));
#651=AXIS2_PLACEMENT_3D('',#648,#649,#650);
#652=PLANE('',#651);
#653=ORIENTED_EDGE('',*,*,#560,.F.);
#654=ORIENTED_EDGE('',*,*,#643,.F.);
#655=CARTESIAN_POINT('',(26.000000000000014,-5.499999999999996,19.999999999999996));
#656=VERTEX_POINT('',#655);
#657=CARTESIAN_POINT('',(26.000000000000014,-5.499999999999996,19.999999999999996));
#658=DIRECTION('',(-1.0,0.0,0.0));
#659=VECTOR('',#658,52.000000000000028);
#660=LINE('',#657,#659);
#661=EDGE_CURVE('',#656,#631,#660,.T.);
#662=ORIENTED_EDGE('',*,*,#661,.F.);
#663=CARTESIAN_POINT('',(26.000000000000014,-5.499999999999996,19.999999999999996));
#664=DIRECTION('',(0.0,0.0,-1.0));
#665=VECTOR('',#664,9.999999999999998);
#666=LINE('',#663,#665);
#667=EDGE_CURVE('',#656,#555,#666,.T.);
#668=ORIENTED_EDGE('',*,*,#667,.T.);
#669=EDGE_LOOP('',(#653,#654,#662,#668));
#670=FACE_OUTER_BOUND('',#669,.T.);
#671=ADVANCED_FACE('',(#670),#652,.F.);
#672=CARTESIAN_POINT('',(26.000000000000014,-2.220446E-015,19.999999999999996));
#673=DIRECTION('',(0.0,1.110223E-016,-1.0));
#674=DIRECTION('',(0.0,1.0,0.0));
#675=AXIS2_PLACEMENT_3D('',#672,#673,#674);
#676=CYLINDRICAL_SURFACE('',#675,5.500000000000000);
#677=ORIENTED_EDGE('',*,*,#569,.F.);
#678=ORIENTED_EDGE('',*,*,#667,.F.);
#679=CARTESIAN_POINT('',(26.000000000000014,5.499999999999998,20.0));
#680=VERTEX_POINT('',#679);
#681=CARTESIAN_POINT('',(26.000000000000014,-2.220446E-015,20.0));
#682=DIRECTION('',(0.0,0.0,-1.0));
#683=DIRECTION('',(0.0,1.0,0.0));
#684=AXIS2_PLACEMENT_3D('',#681,#682,#683);
#685=CIRCLE('',#684,5.500000000000000);
#686=EDGE_CURVE('',#680,#656,#685,.T.);
#687=ORIENTED_EDGE('',*,*,#686,.F.);
#688=CARTESIAN_POINT('',(26.000000000000014,5.499999999999998,20.0));
#689=DIRECTION('',(0.0,0.0,-1.0));
#690=VECTOR('',#689,10.000000000000002);
#691=LINE('',#688,#690);
#692=EDGE_CURVE('',#680,#563,#691,.T.);
#693=ORIENTED_EDGE('',*,*,#692,.T.);
#694=EDGE_LOOP('',(#677,#678,#687,#693));
#695=FACE_OUTER_BOUND('',#694,.T.);
#696=ADVANCED_FACE('',(#695),#676,.F.);
#697=CARTESIAN_POINT('',(26.000000000000014,5.499999999999998,20.0));
#698=DIRECTION('',(0.0,1.0,0.0));
#699=DIRECTION('',(0.0,0.0,1.0));
#700=AXIS2_PLACEMENT_3D('',#697,#698,#699);
#701=PLANE('',#700);
#702=ORIENTED_EDGE('',*,*,#575,.F.);
#703=ORIENTED_EDGE('',*,*,#692,.F.);
#704=CARTESIAN_POINT('',(-26.000000000000014,5.499999999999998,20.0));
#705=DIRECTION('',(1.0,0.0,0.0));
#706=VECTOR('',#705,52.000000000000028);
#707=LINE('',#704,#706);
#708=EDGE_CURVE('',#623,#680,#707,.T.);
#709=ORIENTED_EDGE('',*,*,#708,.F.);
#710=ORIENTED_EDGE('',*,*,#628,.T.);
#711=EDGE_LOOP('',(#702,#703,#709,#710));
#712=FACE_OUTER_BOUND('',#711,.T.);
#713=ADVANCED_FACE('',(#712),#701,.F.);
#714=CARTESIAN_POINT('',(-26.000000000000014,-3.250000000000004,19.999999999999996));
#715=DIRECTION('',(0.0,-1.0,0.0));
#716=DIRECTION('',(0.0,0.0,-1.0));
#717=AXIS2_PLACEMENT_3D('',#714,#715,#716);
#718=PLANE('',#717);
#719=ORIENTED_EDGE('',*,*,#604,.F.);
#720=CARTESIAN_POINT('',(26.000000000000014,-3.249999999999996,0.099999999999998));
#721=VERTEX_POINT('',#720);
#722=CARTESIAN_POINT('',(26.000000000000014,-3.249999999999996,9.999999999999998));
#723=DIRECTION('',(0.0,0.0,-1.0));
#724=VECTOR('',#723,9.900000000000000);
#725=LINE('',#722,#724);
#726=EDGE_CURVE('',#590,#721,#725,.T.);
#727=ORIENTED_EDGE('',*,*,#726,.T.);
#728=CARTESIAN_POINT('',(-26.000000000000014,-3.250000000000002,0.099999999999998));
#729=VERTEX_POINT('',#728);
#730=CARTESIAN_POINT('',(-26.000000000000014,-3.250000000000002,0.099999999999998));
#731=DIRECTION('',(1.0,0.0,0.0));
#732=VECTOR('',#731,52.000000000000028);
#733=LINE('',#730,#732);
#734=EDGE_CURVE('',#729,#721,#733,.T.);
#735=ORIENTED_EDGE('',*,*,#734,.F.);
#736=CARTESIAN_POINT('',(-26.000000000000014,-3.250000000000003,9.999999999999998));
#737=DIRECTION('',(0.0,0.0,-1.0));
#738=VECTOR('',#737,9.900000000000000);
#739=LINE('',#736,#738);
#740=EDGE_CURVE('',#599,#729,#739,.T.);
#741=ORIENTED_EDGE('',*,*,#740,.F.);
#742=EDGE_LOOP('',(#719,#727,#735,#741));
#743=FACE_OUTER_BOUND('',#742,.T.);
#744=ADVANCED_FACE('',(#743),#718,.F.);
#745=CARTESIAN_POINT('',(-26.000000000000014,-2.220446E-015,19.999999999999996));
#746=DIRECTION('',(0.0,9.251859E-017,-1.0));
#747=DIRECTION('',(0.0,1.0,0.0));
#748=AXIS2_PLACEMENT_3D('',#745,#746,#747);
#749=CYLINDRICAL_SURFACE('',#748,3.250000000000000);
#750=ORIENTED_EDGE('',*,*,#611,.F.);
#751=ORIENTED_EDGE('',*,*,#740,.T.);
#752=CARTESIAN_POINT('',(-26.000000000000014,3.249999999999999,0.099999999999998));
#753=VERTEX_POINT('',#752);
#754=CARTESIAN_POINT('',(-26.000000000000014,-3.793262E-016,0.099999999999998));
#755=DIRECTION('',(0.0,0.0,1.0));
#756=DIRECTION('',(0.0,1.0,0.0));
#757=AXIS2_PLACEMENT_3D('',#754,#755,#756);
#758=CIRCLE('',#757,3.250000000000000);
#759=EDGE_CURVE('',#753,#729,#758,.T.);
#760=ORIENTED_EDGE('',*,*,#759,.F.);
#761=CARTESIAN_POINT('',(-26.000000000000014,3.249999999999998,9.999999999999998));
#762=DIRECTION('',(0.0,0.0,-1.0));
#763=VECTOR('',#762,9.900000000000000);
#764=LINE('',#761,#763);
#765=EDGE_CURVE('',#580,#753,#764,.T.);
#766=ORIENTED_EDGE('',*,*,#765,.F.);
#767=EDGE_LOOP('',(#750,#751,#760,#766));
#768=FACE_OUTER_BOUND('',#767,.T.);
#769=ADVANCED_FACE('',(#768),#749,.F.);
#770=CARTESIAN_POINT('',(26.000000000000014,3.249999999999997,20.0));
#771=DIRECTION('',(0.0,1.0,0.0));
#772=DIRECTION('',(0.0,0.0,1.0));
#773=AXIS2_PLACEMENT_3D('',#770,#771,#772);
#774=PLANE('',#773);
#775=ORIENTED_EDGE('',*,*,#587,.F.);
#776=ORIENTED_EDGE('',*,*,#765,.T.);
#777=CARTESIAN_POINT('',(26.000000000000014,3.249999999999999,0.099999999999998));
#778=VERTEX_POINT('',#777);
#779=CARTESIAN_POINT('',(26.000000000000014,3.249999999999999,0.099999999999998));
#780=DIRECTION('',(-1.0,0.0,0.0));
#781=VECTOR('',#780,52.000000000000028);
#782=LINE('',#779,#781);
#783=EDGE_CURVE('',#778,#753,#782,.T.);
#784=ORIENTED_EDGE('',*,*,#783,.F.);
#785=CARTESIAN_POINT('',(26.000000000000014,3.249999999999998,9.999999999999998));
#786=DIRECTION('',(0.0,0.0,-1.0));
#787=VECTOR('',#786,9.900000000000000);
#788=LINE('',#785,#787);
#789=EDGE_CURVE('',#582,#778,#788,.T.);
#790=ORIENTED_EDGE('',*,*,#789,.F.);
#791=EDGE_LOOP('',(#775,#776,#784,#790));
#792=FACE_OUTER_BOUND('',#791,.T.);
#793=ADVANCED_FACE('',(#792),#774,.F.);
#794=CARTESIAN_POINT('',(26.000000000000014,-2.220446E-015,19.999999999999996));
#795=DIRECTION('',(0.0,9.251859E-017,-1.0));
#796=DIRECTION('',(0.0,-1.0,0.0));
#797=AXIS2_PLACEMENT_3D('',#794,#795,#796);
#798=CYLINDRICAL_SURFACE('',#797,3.250000000000000);
#799=ORIENTED_EDGE('',*,*,#596,.F.);
#800=ORIENTED_EDGE('',*,*,#789,.T.);
#801=CARTESIAN_POINT('',(26.000000000000014,-3.793262E-016,0.099999999999998));
#802=DIRECTION('',(0.0,0.0,1.0));
#803=DIRECTION('',(0.0,-1.0,0.0));
#804=AXIS2_PLACEMENT_3D('',#801,#802,#803);
#805=CIRCLE('',#804,3.250000000000000);
#806=EDGE_CURVE('',#721,#778,#805,.T.);
#807=ORIENTED_EDGE('',*,*,#806,.F.);
#808=ORIENTED_EDGE('',*,*,#726,.F.);
#809=EDGE_LOOP('',(#799,#800,#807,#808));
#810=FACE_OUTER_BOUND('',#809,.T.);
#811=ADVANCED_FACE('',(#810),#798,.F.);
#812=CARTESIAN_POINT('',(-226.0,-2.220446E-015,19.999999999999996));
#813=DIRECTION('',(0.0,1.110223E-016,-1.0));
#814=DIRECTION('',(0.0,-1.0,0.0));
#815=AXIS2_PLACEMENT_3D('',#812,#813,#814);
#816=CYLINDRICAL_SURFACE('',#815,5.500000000000000);
#817=CARTESIAN_POINT('',(-226.0,5.499999999999999,9.999999999999998));
#818=VERTEX_POINT('',#817);
#819=CARTESIAN_POINT('',(-226.0,-5.500000000000004,9.999999999999998));
#820=VERTEX_POINT('',#819);
#821=CARTESIAN_POINT('',(-226.0,-1.110223E-015,9.999999999999998));
#822=DIRECTION('',(0.0,0.0,1.0));
#823=DIRECTION('',(0.0,-1.0,0.0));
#824=AXIS2_PLACEMENT_3D('',#821,#822,#823);
#825=CIRCLE('',#824,5.500000000000000);
#826=EDGE_CURVE('',#818,#820,#825,.T.);
#827=ORIENTED_EDGE('',*,*,#826,.F.);
#828=CARTESIAN_POINT('',(-226.0,5.499999999999998,20.0));
#829=VERTEX_POINT('',#828);
#830=CARTESIAN_POINT('',(-226.0,5.499999999999998,20.0));
#831=DIRECTION('',(0.0,0.0,-1.0));
#832=VECTOR('',#831,10.000000000000002);
#833=LINE('',#830,#832);
#834=EDGE_CURVE('',#829,#818,#833,.T.);
#835=ORIENTED_EDGE('',*,*,#834,.F.);
#836=CARTESIAN_POINT('',(-226.0,-5.500000000000005,19.999999999999996));
#837=VERTEX_POINT('',#836);
#838=CARTESIAN_POINT('',(-226.0,-2.220446E-015,20.0));
#839=DIRECTION('',(0.0,0.0,-1.0));
#840=DIRECTION('',(0.0,-1.0,0.0));
#841=AXIS2_PLACEMENT_3D('',#838,#839,#840);
#842=CIRCLE('',#841,5.500000000000000);
#843=EDGE_CURVE('',#837,#829,#842,.T.);
#844=ORIENTED_EDGE('',*,*,#843,.F.);
#845=CARTESIAN_POINT('',(-226.0,-5.500000000000005,19.999999999999996));
#846=DIRECTION('',(0.0,0.0,-1.0));
#847=VECTOR('',#846,9.999999999999998);
#848=LINE('',#845,#847);
#849=EDGE_CURVE('',#837,#820,#848,.T.);
#850=ORIENTED_EDGE('',*,*,#849,.T.);
#851=EDGE_LOOP('',(#827,#835,#844,#850));
#852=FACE_OUTER_BOUND('',#851,.T.);
#853=ADVANCED_FACE('',(#852),#816,.F.);
#854=CARTESIAN_POINT('',(-226.0,-5.500000000000005,19.999999999999996));
#855=DIRECTION('',(0.0,-1.0,0.0));
#856=DIRECTION('',(0.0,0.0,-1.0));
#857=AXIS2_PLACEMENT_3D('',#854,#855,#856);
#858=PLANE('',#857);
#859=CARTESIAN_POINT('',(-174.0,-5.499999999999995,9.999999999999998));
#860=VERTEX_POINT('',#859);
#861=CARTESIAN_POINT('',(-226.0,-5.500000000000004,9.999999999999998));
#862=DIRECTION('',(1.0,0.0,0.0));
#863=VECTOR('',#862,52.0);
#864=LINE('',#861,#863);
#865=EDGE_CURVE('',#820,#860,#864,.T.);
#866=ORIENTED_EDGE('',*,*,#865,.F.);
#867=ORIENTED_EDGE('',*,*,#849,.F.);
#868=CARTESIAN_POINT('',(-174.0,-5.499999999999996,19.999999999999996));
#869=VERTEX_POINT('',#868);
#870=CARTESIAN_POINT('',(-174.0,-5.499999999999996,19.999999999999996));
#871=DIRECTION('',(-1.0,0.0,0.0));
#872=VECTOR('',#871,52.0);
#873=LINE('',#870,#872);
#874=EDGE_CURVE('',#869,#837,#873,.T.);
#875=ORIENTED_EDGE('',*,*,#874,.F.);
#876=CARTESIAN_POINT('',(-174.0,-5.499999999999996,19.999999999999996));
#877=DIRECTION('',(0.0,0.0,-1.0));
#878=VECTOR('',#877,9.999999999999998);
#879=LINE('',#876,#878);
#880=EDGE_CURVE('',#869,#860,#879,.T.);
#881=ORIENTED_EDGE('',*,*,#880,.T.);
#882=EDGE_LOOP('',(#866,#867,#875,#881));
#883=FACE_OUTER_BOUND('',#882,.T.);
#884=ADVANCED_FACE('',(#883),#858,.F.);
#885=CARTESIAN_POINT('',(-174.0,-2.220446E-015,19.999999999999996));
#886=DIRECTION('',(0.0,1.110223E-016,-1.0));
#887=DIRECTION('',(0.0,1.0,0.0));
#888=AXIS2_PLACEMENT_3D('',#885,#886,#887);
#889=CYLINDRICAL_SURFACE('',#888,5.500000000000000);
#890=CARTESIAN_POINT('',(-174.0,5.499999999999999,9.999999999999998));
#891=VERTEX_POINT('',#890);
#892=CARTESIAN_POINT('',(-174.0,-1.110223E-015,9.999999999999998));
#893=DIRECTION('',(0.0,0.0,1.0));
#894=DIRECTION('',(0.0,1.0,0.0));
#895=AXIS2_PLACEMENT_3D('',#892,#893,#894);
#896=CIRCLE('',#895,5.500000000000000);
#897=EDGE_CURVE('',#860,#891,#896,.T.);
#898=ORIENTED_EDGE('',*,*,#897,.F.);
#899=ORIENTED_EDGE('',*,*,#880,.F.);
#900=CARTESIAN_POINT('',(-174.0,5.499999999999998,20.0));
#901=VERTEX_POINT('',#900);
#902=CARTESIAN_POINT('',(-174.0,-2.220446E-015,20.0));
#903=DIRECTION('',(0.0,0.0,-1.0));
#904=DIRECTION('',(0.0,1.0,0.0));
#905=AXIS2_PLACEMENT_3D('',#902,#903,#904);
#906=CIRCLE('',#905,5.500000000000000);
#907=EDGE_CURVE('',#901,#869,#906,.T.);
#908=ORIENTED_EDGE('',*,*,#907,.F.);
#909=CARTESIAN_POINT('',(-174.0,5.499999999999998,20.0));
#910=DIRECTION('',(0.0,0.0,-1.0));
#911=VECTOR('',#910,10.000000000000002);
#912=LINE('',#909,#911);
#913=EDGE_CURVE('',#901,#891,#912,.T.);
#914=ORIENTED_EDGE('',*,*,#913,.T.);
#915=EDGE_LOOP('',(#898,#899,#908,#914));
#916=FACE_OUTER_BOUND('',#915,.T.);
#917=ADVANCED_FACE('',(#916),#889,.F.);
#918=CARTESIAN_POINT('',(-174.0,5.499999999999998,20.0));
#919=DIRECTION('',(0.0,1.0,0.0));
#920=DIRECTION('',(0.0,0.0,1.0));
#921=AXIS2_PLACEMENT_3D('',#918,#919,#920);
#922=PLANE('',#921);
#923=CARTESIAN_POINT('',(-174.0,5.499999999999999,9.999999999999998));
#924=DIRECTION('',(-1.0,0.0,0.0));
#925=VECTOR('',#924,52.0);
#926=LINE('',#923,#925);
#927=EDGE_CURVE('',#891,#818,#926,.T.);
#928=ORIENTED_EDGE('',*,*,#927,.F.);
#929=ORIENTED_EDGE('',*,*,#913,.F.);
#930=CARTESIAN_POINT('',(-226.0,5.499999999999998,20.0));
#931=DIRECTION('',(1.0,0.0,0.0));
#932=VECTOR('',#931,52.0);
#933=LINE('',#930,#932);
#934=EDGE_CURVE('',#829,#901,#933,.T.);
#935=ORIENTED_EDGE('',*,*,#934,.F.);
#936=ORIENTED_EDGE('',*,*,#834,.T.);
#937=EDGE_LOOP('',(#928,#929,#935,#936));
#938=FACE_OUTER_BOUND('',#937,.T.);
#939=ADVANCED_FACE('',(#938),#922,.F.);
#940=CARTESIAN_POINT('',(-200.0,-3.146589E-016,9.999999999999998));
#941=DIRECTION('',(0.0,0.0,1.0));
#942=DIRECTION('',(1.0,0.0,0.0));
#943=AXIS2_PLACEMENT_3D('',#940,#941,#942);
#944=PLANE('',#943);
#945=ORIENTED_EDGE('',*,*,#826,.T.);
#946=ORIENTED_EDGE('',*,*,#865,.T.);
#947=ORIENTED_EDGE('',*,*,#897,.T.);
#948=ORIENTED_EDGE('',*,*,#927,.T.);
#949=EDGE_LOOP('',(#945,#946,#947,#948));
#950=FACE_OUTER_BOUND('',#949,.T.);
#951=CARTESIAN_POINT('',(-174.0,3.249999999999998,9.999999999999998));
#952=VERTEX_POINT('',#951);
#953=CARTESIAN_POINT('',(-226.0,3.249999999999998,9.999999999999998));
#954=VERTEX_POINT('',#953);
#955=CARTESIAN_POINT('',(-174.0,3.249999999999998,9.999999999999998));
#956=DIRECTION('',(-1.0,0.0,0.0));
#957=VECTOR('',#956,52.0);
#958=LINE('',#955,#957);
#959=EDGE_CURVE('',#952,#954,#958,.T.);
#960=ORIENTED_EDGE('',*,*,#959,.F.);
#961=CARTESIAN_POINT('',(-174.0,-3.249999999999996,9.999999999999998));
#962=VERTEX_POINT('',#961);
#963=CARTESIAN_POINT('',(-174.0,-1.295260E-015,9.999999999999998));
#964=DIRECTION('',(0.0,0.0,1.0));
#965=DIRECTION('',(0.0,-1.0,0.0));
#966=AXIS2_PLACEMENT_3D('',#963,#964,#965);
#967=CIRCLE('',#966,3.250000000000000);
#968=EDGE_CURVE('',#962,#952,#967,.T.);
#969=ORIENTED_EDGE('',*,*,#968,.F.);
#970=CARTESIAN_POINT('',(-226.0,-3.250000000000003,9.999999999999998));
#971=VERTEX_POINT('',#970);
#972=CARTESIAN_POINT('',(-226.0,-3.250000000000003,9.999999999999998));
#973=DIRECTION('',(1.0,0.0,0.0));
#974=VECTOR('',#973,52.0);
#975=LINE('',#972,#974);
#976=EDGE_CURVE('',#971,#962,#975,.T.);
#977=ORIENTED_EDGE('',*,*,#976,.F.);
#978=CARTESIAN_POINT('',(-226.0,-1.295260E-015,9.999999999999998));
#979=DIRECTION('',(0.0,0.0,1.0));
#980=DIRECTION('',(0.0,1.0,0.0));
#981=AXIS2_PLACEMENT_3D('',#978,#979,#980);
#982=CIRCLE('',#981,3.250000000000000);
#983=EDGE_CURVE('',#954,#971,#982,.T.);
#984=ORIENTED_EDGE('',*,*,#983,.F.);
#985=EDGE_LOOP('',(#960,#969,#977,#984));
#986=FACE_BOUND('',#985,.T.);
#987=ADVANCED_FACE('',(#950,#986),#944,.T.);
#988=CARTESIAN_POINT('',(-226.0,-3.250000000000004,19.999999999999996));
#989=DIRECTION('',(0.0,-1.0,0.0));
#990=DIRECTION('',(0.0,0.0,-1.0));
#991=AXIS2_PLACEMENT_3D('',#988,#989,#990);
#992=PLANE('',#991);
#993=ORIENTED_EDGE('',*,*,#976,.T.);
#994=CARTESIAN_POINT('',(-174.0,-3.249999999999996,0.099999999999998));
#995=VERTEX_POINT('',#994);
#996=CARTESIAN_POINT('',(-174.0,-3.249999999999996,9.999999999999998));
#997=DIRECTION('',(0.0,0.0,-1.0));
#998=VECTOR('',#997,9.900000000000000);
#999=LINE('',#996,#998);
#1000=EDGE_CURVE('',#962,#995,#999,.T.);
#1001=ORIENTED_EDGE('',*,*,#1000,.T.);
#1002=CARTESIAN_POINT('',(-226.0,-3.250000000000002,0.099999999999998));
#1003=VERTEX_POINT('',#1002);
#1004=CARTESIAN_POINT('',(-226.0,-3.250000000000002,0.099999999999998));
#1005=DIRECTION('',(1.0,0.0,0.0));
#1006=VECTOR('',#1005,52.0);
#1007=LINE('',#1004,#1006);
#1008=EDGE_CURVE('',#1003,#995,#1007,.T.);
#1009=ORIENTED_EDGE('',*,*,#1008,.F.);
#1010=CARTESIAN_POINT('',(-226.0,-3.250000000000003,9.999999999999998));
#1011=DIRECTION('',(0.0,0.0,-1.0));
#1012=VECTOR('',#1011,9.900000000000000);
#1013=LINE('',#1010,#1012);
#1014=EDGE_CURVE('',#971,#1003,#1013,.T.);
#1015=ORIENTED_EDGE('',*,*,#1014,.F.);
#1016=EDGE_LOOP('',(#993,#1001,#1009,#1015));
#1017=FACE_OUTER_BOUND('',#1016,.T.);
#1018=ADVANCED_FACE('',(#1017),#992,.F.);
#1019=CARTESIAN_POINT('',(-174.0,-2.220446E-015,19.999999999999996));
#1020=DIRECTION('',(0.0,9.251859E-017,-1.0));
#1021=DIRECTION('',(0.0,-1.0,0.0));
#1022=AXIS2_PLACEMENT_3D('',#1019,#1020,#1021);
#1023=CYLINDRICAL_SURFACE('',#1022,3.250000000000000);
#1024=ORIENTED_EDGE('',*,*,#968,.T.);
#1025=CARTESIAN_POINT('',(-174.0,3.249999999999999,0.099999999999998));
#1026=VERTEX_POINT('',#1025);
#1027=CARTESIAN_POINT('',(-174.0,3.249999999999998,9.999999999999998));
#1028=DIRECTION('',(0.0,0.0,-1.0));
#1029=VECTOR('',#1028,9.900000000000000);
#1030=LINE('',#1027,#1029);
#1031=EDGE_CURVE('',#952,#1026,#1030,.T.);
#1032=ORIENTED_EDGE('',*,*,#1031,.T.);
#1033=CARTESIAN_POINT('',(-174.0,-3.793262E-016,0.099999999999998));
#1034=DIRECTION('',(0.0,0.0,1.0));
#1035=DIRECTION('',(0.0,-1.0,0.0));
#1036=AXIS2_PLACEMENT_3D('',#1033,#1034,#1035);
#1037=CIRCLE('',#1036,3.250000000000000);
#1038=EDGE_CURVE('',#995,#1026,#1037,.T.);
#1039=ORIENTED_EDGE('',*,*,#1038,.F.);
#1040=ORIENTED_EDGE('',*,*,#1000,.F.);
#1041=EDGE_LOOP('',(#1024,#1032,#1039,#1040));
#1042=FACE_OUTER_BOUND('',#1041,.T.);
#1043=ADVANCED_FACE('',(#1042),#1023,.F.);
#1044=CARTESIAN_POINT('',(-174.0,3.249999999999997,20.0));
#1045=DIRECTION('',(0.0,1.0,0.0));
#1046=DIRECTION('',(0.0,0.0,1.0));
#1047=AXIS2_PLACEMENT_3D('',#1044,#1045,#1046);
#1048=PLANE('',#1047);
#1049=ORIENTED_EDGE('',*,*,#959,.T.);
#1050=CARTESIAN_POINT('',(-226.0,3.249999999999999,0.099999999999998));
#1051=VERTEX_POINT('',#1050);
#1052=CARTESIAN_POINT('',(-226.0,3.249999999999998,9.999999999999998));
#1053=DIRECTION('',(0.0,0.0,-1.0));
#1054=VECTOR('',#1053,9.900000000000000);
#1055=LINE('',#1052,#1054);
#1056=EDGE_CURVE('',#954,#1051,#1055,.T.);
#1057=ORIENTED_EDGE('',*,*,#1056,.T.);
#1058=CARTESIAN_POINT('',(-174.0,3.249999999999999,0.099999999999998));
#1059=DIRECTION('',(-1.0,0.0,0.0));
#1060=VECTOR('',#1059,52.0);
#1061=LINE('',#1058,#1060);
#1062=EDGE_CURVE('',#1026,#1051,#1061,.T.);
#1063=ORIENTED_EDGE('',*,*,#1062,.F.);
#1064=ORIENTED_EDGE('',*,*,#1031,.F.);
#1065=EDGE_LOOP('',(#1049,#1057,#1063,#1064));
#1066=FACE_OUTER_BOUND('',#1065,.T.);
#1067=ADVANCED_FACE('',(#1066),#1048,.F.);
#1068=CARTESIAN_POINT('',(-226.0,-2.220446E-015,19.999999999999996));
#1069=DIRECTION('',(0.0,9.251859E-017,-1.0));
#1070=DIRECTION('',(0.0,1.0,0.0));
#1071=AXIS2_PLACEMENT_3D('',#1068,#1069,#1070);
#1072=CYLINDRICAL_SURFACE('',#1071,3.250000000000000);
#1073=ORIENTED_EDGE('',*,*,#983,.T.);
#1074=ORIENTED_EDGE('',*,*,#1014,.T.);
#1075=CARTESIAN_POINT('',(-226.0,-3.793262E-016,0.099999999999998));
#1076=DIRECTION('',(0.0,0.0,1.0));
#1077=DIRECTION('',(0.0,1.0,0.0));
#1078=AXIS2_PLACEMENT_3D('',#1075,#1076,#1077);
#1079=CIRCLE('',#1078,3.250000000000000);
#1080=EDGE_CURVE('',#1051,#1003,#1079,.T.);
#1081=ORIENTED_EDGE('',*,*,#1080,.F.);
#1082=ORIENTED_EDGE('',*,*,#1056,.F.);
#1083=EDGE_LOOP('',(#1073,#1074,#1081,#1082));
#1084=FACE_OUTER_BOUND('',#1083,.T.);
#1085=ADVANCED_FACE('',(#1084),#1072,.F.);
#1086=CARTESIAN_POINT('',(94.500000000000000,5.499999999999999,9.999999999999998));
#1087=CARTESIAN_POINT('',(105.500000000000000,5.499999999999999,9.999999999999998));
#1088=CARTESIAN_POINT('',(94.500000000000000,-5.500000000000001,9.999999999999996));
#1089=CARTESIAN_POINT('',(105.500000000000000,-5.500000000000001,9.999999999999995));
#1090=B_SPLINE_SURFACE_WITH_KNOTS('',1,1,((#1086,#1088),(#1087,#1089)),.UNSPECIFIED.,.F.,.F.,.U.,(2,2),(2,2),(0.0,11.0),(0.0,11.0),.UNSPECIFIED.);
#1091=CARTESIAN_POINT('',(105.500000000000000,-1.353916E-015,9.999999999999998));
#1092=VERTEX_POINT('',#1091);
#1093=CARTESIAN_POINT('',(100.0,-1.353916E-015,9.999999999999998));
#1094=DIRECTION('',(0.0,0.0,1.0));
#1095=DIRECTION('',(1.0,0.0,0.0));
#1096=AXIS2_PLACEMENT_3D('',#1093,#1094,#1095);
#1097=CIRCLE('',#1096,5.500000000000000);
#1098=EDGE_CURVE('',#1092,#1092,#1097,.T.);
#1099=ORIENTED_EDGE('',*,*,#1098,.T.);
#1100=EDGE_LOOP('',(#1099));
#1101=FACE_OUTER_BOUND('',#1100,.T.);
#1102=CARTESIAN_POINT('',(96.750000000000000,-1.751913E-015,9.999999999999998));
#1103=VERTEX_POINT('',#1102);
#1104=CARTESIAN_POINT('',(100.0,-1.353916E-015,9.999999999999998));
#1105=DIRECTION('',(0.0,0.0,1.0));
#1106=DIRECTION('',(1.0,0.0,0.0));
#1107=AXIS2_PLACEMENT_3D('',#1104,#1105,#1106);
#1108=CIRCLE('',#1107,3.250000000000000);
#1109=EDGE_CURVE('',#1103,#1103,#1108,.T.);
#1110=ORIENTED_EDGE('',*,*,#1109,.F.);
#1111=EDGE_LOOP('',(#1110));
#1112=FACE_BOUND('',#1111,.T.);
#1113=ADVANCED_FACE('',(#1101,#1112),#1090,.F.);
#1114=CARTESIAN_POINT('',(94.500000000000000,-2.893980E-015,20.0));
#1115=CARTESIAN_POINT('',(94.500000000000000,-2.027449E-015,9.999999999999998));
#1116=CARTESIAN_POINT('',(94.500000000000000,-5.500000000000003,20.0));
#1117=CARTESIAN_POINT('',(94.500000000000000,-5.500000000000002,9.999999999999998));
#1118=CARTESIAN_POINT('',(100.0,-5.500000000000003,20.0));
#1119=CARTESIAN_POINT('',(100.0,-5.500000000000002,9.999999999999998));
#1120=CARTESIAN_POINT('',(105.500000000000000,-5.500000000000001,20.0));
#1121=CARTESIAN_POINT('',(105.500000000000000,-5.500000000000000,9.999999999999998));
#1122=CARTESIAN_POINT('',(105.500000000000000,-1.546913E-015,20.0));
#1123=CARTESIAN_POINT('',(105.500000000000000,-6.803821E-016,9.999999999999998));
#1124=CARTESIAN_POINT('',(105.500000000000000,5.499999999999997,20.0));
#1125=CARTESIAN_POINT('',(105.500000000000000,5.499999999999998,9.999999999999998));
#1126=CARTESIAN_POINT('',(100.0,5.499999999999997,20.0));
#1127=CARTESIAN_POINT('',(100.0,5.499999999999998,9.999999999999998));
#1128=CARTESIAN_POINT('',(94.500000000000000,5.499999999999996,20.0));
#1129=CARTESIAN_POINT('',(94.500000000000000,5.499999999999996,9.999999999999998));
#1130=CARTESIAN_POINT('',(94.500000000000000,-2.893980E-015,20.0));
#1131=CARTESIAN_POINT('',(94.500000000000000,-2.027449E-015,9.999999999999998));
#1139=(BOUNDED_SURFACE()B_SPLINE_SURFACE(1,2,((#1114,#1116,#1118,#1120,#1122,#1124,#1126,#1128,#1130),(#1115,#1117,#1119,#1121,#1123,#1125,#1127,#1129,#1131)),.UNSPECIFIED.,.F.,.T.,.U.)B_SPLINE_SURFACE_WITH_KNOTS((2,2),(3,2,2,2,3),(-0.909090909090909,0.909090909090909),(0.0,8.639379797371930,17.278759594743860,25.918139392115794,34.557519189487721),.UNSPECIFIED.)GEOMETRIC_REPRESENTATION_ITEM()RATIONAL_B_SPLINE_SURFACE(((1.0,0.707106781186548,1.0,0.707106781186548,1.0,0.707106781186548,1.0,0.707106781186548,1.0),(1.0,0.707106781186548,1.0,0.707106781186548,1.0,0.707106781186548,1.0,0.707106781186548,1.0)))REPRESENTATION_ITEM('')SURFACE());
#1140=CARTESIAN_POINT('',(105.500000000000000,-2.220446E-015,19.999999999999996));
#1141=VERTEX_POINT('',#1140);
#1142=CARTESIAN_POINT('',(100.0,-2.220446E-015,20.0));
#1143=DIRECTION('',(0.0,0.0,-1.0));
#1144=DIRECTION('',(1.0,0.0,0.0));
#1145=AXIS2_PLACEMENT_3D('',#1142,#1143,#1144);
#1146=CIRCLE('',#1145,5.500000000000000);
#1147=EDGE_CURVE('',#1141,#1141,#1146,.T.);
#1148=ORIENTED_EDGE('',*,*,#1147,.F.);
#1149=EDGE_LOOP('',(#1148));
#1150=FACE_OUTER_BOUND('',#1149,.T.);
#1151=ORIENTED_EDGE('',*,*,#1098,.F.);
#1152=EDGE_LOOP('',(#1151));
#1153=FACE_BOUND('',#1152,.T.);
#1154=ADVANCED_FACE('',(#1150,#1153),#1139,.F.);
#1155=CARTESIAN_POINT('',(96.750000000000000,-1.751913E-015,10.0));
#1156=CARTESIAN_POINT('',(96.750000000000000,-8.940476E-016,0.099999999999966));
#1157=CARTESIAN_POINT('',(96.749999999999986,-3.250000000000001,10.0));
#1158=CARTESIAN_POINT('',(96.749999999999986,-3.250000000000000,0.099999999999966));
#1159=CARTESIAN_POINT('',(100.0,-3.250000000000001,10.0));
#1160=CARTESIAN_POINT('',(100.0,-3.250000000000000,0.099999999999966));
#1161=CARTESIAN_POINT('',(103.250000000000000,-3.250000000000000,10.0));
#1162=CARTESIAN_POINT('',(103.250000000000000,-3.249999999999999,0.099999999999966));
#1163=CARTESIAN_POINT('',(103.250000000000000,-9.559186E-016,10.0));
#1164=CARTESIAN_POINT('',(103.250000000000000,-9.805346E-017,0.099999999999966));
#1165=CARTESIAN_POINT('',(103.250000000000000,3.249999999999998,10.0));
#1166=CARTESIAN_POINT('',(103.250000000000000,3.249999999999999,0.099999999999966));
#1167=CARTESIAN_POINT('',(100.0,3.249999999999999,10.0));
#1168=CARTESIAN_POINT('',(100.0,3.250000000000000,0.099999999999966));
#1169=CARTESIAN_POINT('',(96.749999999999986,3.249999999999997,10.0));
#1170=CARTESIAN_POINT('',(96.749999999999986,3.249999999999998,0.099999999999966));
#1171=CARTESIAN_POINT('',(96.750000000000000,-1.751913E-015,10.0));
#1172=CARTESIAN_POINT('',(96.750000000000000,-8.940476E-016,0.099999999999966));
#1180=(BOUNDED_SURFACE()B_SPLINE_SURFACE(1,2,((#1155,#1157,#1159,#1161,#1163,#1165,#1167,#1169,#1171),(#1156,#1158,#1160,#1162,#1164,#1166,#1168,#1170,#1172)),.UNSPECIFIED.,.F.,.T.,.U.)B_SPLINE_SURFACE_WITH_KNOTS((2,2),(3,2,2,2,3),(-151.727783057677750,-148.681629211523900),(0.0,5.105088062083414,10.210176124166829,15.315264186250241,20.420352248333657),.UNSPECIFIED.)GEOMETRIC_REPRESENTATION_ITEM()RATIONAL_B_SPLINE_SURFACE(((1.0,0.707106781186548,1.0,0.707106781186548,1.0,0.707106781186548,1.0,0.707106781186548,1.0),(1.0,0.707106781186548,1.0,0.707106781186548,1.0,0.707106781186548,1.0,0.707106781186548,1.0)))REPRESENTATION_ITEM('')SURFACE());
#1181=CARTESIAN_POINT('',(96.750000000000000,-8.940476E-016,0.099999999999980));
#1182=VERTEX_POINT('',#1181);
#1183=CARTESIAN_POINT('',(100.0,-4.960505E-016,0.099999999999980));
#1184=DIRECTION('',(0.0,0.0,1.0));
#1185=DIRECTION('',(1.0,0.0,0.0));
#1186=AXIS2_PLACEMENT_3D('',#1183,#1184,#1185);
#1187=CIRCLE('',#1186,3.250000000000000);
#1188=EDGE_CURVE('',#1182,#1182,#1187,.T.);
#1189=ORIENTED_EDGE('',*,*,#1188,.F.);
#1190=EDGE_LOOP('',(#1189));
#1191=FACE_OUTER_BOUND('',#1190,.T.);
#1192=ORIENTED_EDGE('',*,*,#1109,.T.);
#1193=EDGE_LOOP('',(#1192));
#1194=FACE_BOUND('',#1193,.T.);
#1195=ADVANCED_FACE('',(#1191,#1194),#1180,.F.);
#1196=CARTESIAN_POINT('',(-105.500000000000000,5.499999999999999,9.999999999999998));
#1197=CARTESIAN_POINT('',(-94.500000000000000,5.499999999999999,9.999999999999998));
#1198=CARTESIAN_POINT('',(-105.500000000000000,-5.500000000000001,9.999999999999996));
#1199=CARTESIAN_POINT('',(-94.500000000000000,-5.500000000000001,9.999999999999995));
#1200=B_SPLINE_SURFACE_WITH_KNOTS('',1,1,((#1196,#1198),(#1197,#1199)),.UNSPECIFIED.,.F.,.F.,.U.,(2,2),(2,2),(0.0,11.0),(0.0,11.0),.UNSPECIFIED.);
#1201=CARTESIAN_POINT('',(-94.500000000000000,-1.353916E-015,9.999999999999998));
#1202=VERTEX_POINT('',#1201);
#1203=CARTESIAN_POINT('',(-100.0,-1.353916E-015,9.999999999999998));
#1204=DIRECTION('',(0.0,0.0,1.0));
#1205=DIRECTION('',(1.0,0.0,0.0));
#1206=AXIS2_PLACEMENT_3D('',#1203,#1204,#1205);
#1207=CIRCLE('',#1206,5.500000000000000);
#1208=EDGE_CURVE('',#1202,#1202,#1207,.T.);
#1209=ORIENTED_EDGE('',*,*,#1208,.T.);
#1210=EDGE_LOOP('',(#1209));
#1211=FACE_OUTER_BOUND('',#1210,.T.);
#1212=CARTESIAN_POINT('',(-103.250000000000000,-1.751913E-015,9.999999999999998));
#1213=VERTEX_POINT('',#1212);
#1214=CARTESIAN_POINT('',(-100.0,-1.353916E-015,9.999999999999998));
#1215=DIRECTION('',(0.0,0.0,1.0));
#1216=DIRECTION('',(1.0,0.0,0.0));
#1217=AXIS2_PLACEMENT_3D('',#1214,#1215,#1216);
#1218=CIRCLE('',#1217,3.250000000000000);
#1219=EDGE_CURVE('',#1213,#1213,#1218,.T.);
#1220=ORIENTED_EDGE('',*,*,#1219,.F.);
#1221=EDGE_LOOP('',(#1220));
#1222=FACE_BOUND('',#1221,.T.);
#1223=ADVANCED_FACE('',(#1211,#1222),#1200,.F.);
#1224=CARTESIAN_POINT('',(-105.500000000000000,-2.893980E-015,20.0));
#1225=CARTESIAN_POINT('',(-105.500000000000000,-2.027449E-015,9.999999999999998));
#1226=CARTESIAN_POINT('',(-105.500000000000000,-5.500000000000003,20.0));
#1227=CARTESIAN_POINT('',(-105.500000000000000,-5.500000000000002,9.999999999999998));
#1228=CARTESIAN_POINT('',(-100.0,-5.500000000000003,20.0));
#1229=CARTESIAN_POINT('',(-100.0,-5.500000000000002,9.999999999999998));
#1230=CARTESIAN_POINT('',(-94.500000000000000,-5.500000000000001,20.0));
#1231=CARTESIAN_POINT('',(-94.500000000000000,-5.500000000000000,9.999999999999998));
#1232=CARTESIAN_POINT('',(-94.500000000000000,-1.546913E-015,20.0));
#1233=CARTESIAN_POINT('',(-94.500000000000000,-6.803821E-016,9.999999999999998));
#1234=CARTESIAN_POINT('',(-94.500000000000000,5.499999999999997,20.0));
#1235=CARTESIAN_POINT('',(-94.500000000000000,5.499999999999998,9.999999999999998));
#1236=CARTESIAN_POINT('',(-100.0,5.499999999999997,20.0));
#1237=CARTESIAN_POINT('',(-100.0,5.499999999999998,9.999999999999998));
#1238=CARTESIAN_POINT('',(-105.500000000000000,5.499999999999996,20.0));
#1239=CARTESIAN_POINT('',(-105.500000000000000,5.499999999999996,9.999999999999998));
#1240=CARTESIAN_POINT('',(-105.500000000000000,-2.893980E-015,20.0));
#1241=CARTESIAN_POINT('',(-105.500000000000000,-2.027449E-015,9.999999999999998));
#1249=(BOUNDED_SURFACE()B_SPLINE_SURFACE(1,2,((#1224,#1226,#1228,#1230,#1232,#1234,#1236,#1238,#1240),(#1225,#1227,#1229,#1231,#1233,#1235,#1237,#1239,#1241)),.UNSPECIFIED.,.F.,.T.,.U.)B_SPLINE_SURFACE_WITH_KNOTS((2,2),(3,2,2,2,3),(-0.909090909090909,0.909090909090909),(0.0,8.639379797371930,17.278759594743860,25.918139392115794,34.557519189487721),.UNSPECIFIED.)GEOMETRIC_REPRESENTATION_ITEM()RATIONAL_B_SPLINE_SURFACE(((1.0,0.707106781186548,1.0,0.707106781186548,1.0,0.707106781186548,1.0,0.707106781186548,1.0),(1.0,0.707106781186548,1.0,0.707106781186548,1.0,0.707106781186548,1.0,0.707106781186548,1.0)))REPRESENTATION_ITEM('')SURFACE());
#1250=CARTESIAN_POINT('',(-94.500000000000000,-2.220446E-015,19.999999999999996));
#1251=VERTEX_POINT('',#1250);
#1252=CARTESIAN_POINT('',(-100.0,-2.220446E-015,20.0));
#1253=DIRECTION('',(0.0,0.0,-1.0));
#1254=DIRECTION('',(1.0,0.0,0.0));
#1255=AXIS2_PLACEMENT_3D('',#1252,#1253,#1254);
#1256=CIRCLE('',#1255,5.500000000000000);
#1257=EDGE_CURVE('',#1251,#1251,#1256,.T.);
#1258=ORIENTED_EDGE('',*,*,#1257,.F.);
#1259=EDGE_LOOP('',(#1258));
#1260=FACE_OUTER_BOUND('',#1259,.T.);
#1261=ORIENTED_EDGE('',*,*,#1208,.F.);
#1262=EDGE_LOOP('',(#1261));
#1263=FACE_BOUND('',#1262,.T.);
#1264=ADVANCED_FACE('',(#1260,#1263),#1249,.F.);
#1265=CARTESIAN_POINT('',(-103.250000000000000,-1.751913E-015,10.0));
#1266=CARTESIAN_POINT('',(-103.250000000000000,-8.940476E-016,0.099999999999966));
#1267=CARTESIAN_POINT('',(-103.250000000000000,-3.250000000000001,10.0));
#1268=CARTESIAN_POINT('',(-103.250000000000000,-3.250000000000000,0.099999999999966));
#1269=CARTESIAN_POINT('',(-100.0,-3.250000000000001,10.0));
#1270=CARTESIAN_POINT('',(-100.0,-3.250000000000000,0.099999999999966));
#1271=CARTESIAN_POINT('',(-96.749999999999986,-3.250000000000000,10.0));
#1272=CARTESIAN_POINT('',(-96.749999999999986,-3.249999999999999,0.099999999999966));
#1273=CARTESIAN_POINT('',(-96.750000000000000,-9.559186E-016,10.0));
#1274=CARTESIAN_POINT('',(-96.750000000000000,-9.805346E-017,0.099999999999966));
#1275=CARTESIAN_POINT('',(-96.749999999999986,3.249999999999998,10.0));
#1276=CARTESIAN_POINT('',(-96.749999999999986,3.249999999999999,0.099999999999966));
#1277=CARTESIAN_POINT('',(-100.0,3.249999999999999,10.0));
#1278=CARTESIAN_POINT('',(-100.0,3.250000000000000,0.099999999999966));
#1279=CARTESIAN_POINT('',(-103.250000000000000,3.249999999999997,10.0));
#1280=CARTESIAN_POINT('',(-103.250000000000000,3.249999999999998,0.099999999999966));
#1281=CARTESIAN_POINT('',(-103.250000000000000,-1.751913E-015,10.0));
#1282=CARTESIAN_POINT('',(-103.250000000000000,-8.940476E-016,0.099999999999966));
#1290=(BOUNDED_SURFACE()B_SPLINE_SURFACE(1,2,((#1265,#1267,#1269,#1271,#1273,#1275,#1277,#1279,#1281),(#1266,#1268,#1270,#1272,#1274,#1276,#1278,#1280,#1282)),.UNSPECIFIED.,.F.,.T.,.U.)B_SPLINE_SURFACE_WITH_KNOTS((2,2),(3,2,2,2,3),(-151.727783057677750,-148.681629211523900),(0.0,5.105088062083414,10.210176124166829,15.315264186250241,20.420352248333657),.UNSPECIFIED.)GEOMETRIC_REPRESENTATION_ITEM()RATIONAL_B_SPLINE_SURFACE(((1.0,0.707106781186548,1.0,0.707106781186548,1.0,0.707106781186548,1.0,0.707106781186548,1.0),(1.0,0.707106781186548,1.0,0.707106781186548,1.0,0.707106781186548,1.0,0.707106781186548,1.0)))REPRESENTATION_ITEM('')SURFACE());
#1291=CARTESIAN_POINT('',(-103.250000000000000,-8.940476E-016,0.099999999999980));
#1292=VERTEX_POINT('',#1291);
#1293=CARTESIAN_POINT('',(-100.0,-4.960505E-016,0.099999999999980));
#1294=DIRECTION('',(0.0,0.0,1.0));
#1295=DIRECTION('',(1.0,0.0,0.0));
#1296=AXIS2_PLACEMENT_3D('',#1293,#1294,#1295);
#1297=CIRCLE('',#1296,3.250000000000000);
#1298=EDGE_CURVE('',#1292,#1292,#1297,.T.);
#1299=ORIENTED_EDGE('',*,*,#1298,.F.);
#1300=EDGE_LOOP('',(#1299));
#1301=FACE_OUTER_BOUND('',#1300,.T.);
#1302=ORIENTED_EDGE('',*,*,#1219,.T.);
#1303=EDGE_LOOP('',(#1302));
#1304=FACE_BOUND('',#1303,.T.);
#1305=ADVANCED_FACE('',(#1301,#1304),#1290,.F.);
#1306=CARTESIAN_POINT('',(-250.0,-1.110223E-015,11.029742394418587));
#1307=DIRECTION('',(1.0,0.0,0.0));
#1308=DIRECTION('',(0.0,0.0,-1.0));
#1309=AXIS2_PLACEMENT_3D('',#1306,#1307,#1308);
#1310=PLANE('',#1309);
#1311=CARTESIAN_POINT('',(-250.0,-13.599999999999998,0.0));
#1312=VERTEX_POINT('',#1311);
#1313=CARTESIAN_POINT('',(-250.0,-13.599999999999998,15.0));
#1314=VERTEX_POINT('',#1313);
#1315=CARTESIAN_POINT('',(-250.0,-13.599999999999998,0.0));
#1316=DIRECTION('',(0.0,0.0,1.0));
#1317=VECTOR('',#1316,15.0);
#1318=LINE('',#1315,#1317);
#1319=EDGE_CURVE('',#1312,#1314,#1318,.T.);
#1320=ORIENTED_EDGE('',*,*,#1319,.F.);
#1321=CARTESIAN_POINT('',(-250.0,-25.0,0.0));
#1322=VERTEX_POINT('',#1321);
#1323=CARTESIAN_POINT('',(-250.0,-25.0,0.0));
#1324=DIRECTION('',(0.0,1.0,0.0));
#1325=VECTOR('',#1324,11.400000000000002);
#1326=LINE('',#1323,#1325);
#1327=EDGE_CURVE('',#1322,#1312,#1326,.T.);
#1328=ORIENTED_EDGE('',*,*,#1327,.F.);
#1329=CARTESIAN_POINT('',(-250.0,-25.0,5.699999999999998));
#1330=VERTEX_POINT('',#1329);
#1331=CARTESIAN_POINT('',(-250.0,-25.0,5.699999999999998));
#1332=DIRECTION('',(0.0,0.0,-1.0));
#1333=VECTOR('',#1332,5.699999999999998);
#1334=LINE('',#1331,#1333);
#1335=EDGE_CURVE('',#1330,#1322,#1334,.T.);
#1336=ORIENTED_EDGE('',*,*,#1335,.F.);
#1337=CARTESIAN_POINT('',(-250.0,-18.599999999999998,5.699999999999998));
#1338=VERTEX_POINT('',#1337);
#1339=CARTESIAN_POINT('',(-250.0,-18.599999999999998,5.699999999999998));
#1340=DIRECTION('',(0.0,-1.0,0.0));
#1341=VECTOR('',#1340,6.400000000000002);
#1342=LINE('',#1339,#1341);
#1343=EDGE_CURVE('',#1338,#1330,#1342,.T.);
#1344=ORIENTED_EDGE('',*,*,#1343,.F.);
#1345=CARTESIAN_POINT('',(-250.0,-18.599999999999998,11.657359312880720));
#1346=VERTEX_POINT('',#1345);
#1347=CARTESIAN_POINT('',(-250.0,-18.599999999999998,11.657359312880720));
#1348=DIRECTION('',(0.0,0.0,-1.0));
#1349=VECTOR('',#1348,5.957359312880722);
#1350=LINE('',#1347,#1349);
#1351=EDGE_CURVE('',#1346,#1338,#1350,.T.);
#1352=ORIENTED_EDGE('',*,*,#1351,.F.);
#1353=CARTESIAN_POINT('',(-250.0,-19.478679656440359,13.778679656440364));
#1354=VERTEX_POINT('',#1353);
#1355=CARTESIAN_POINT('',(-250.0,-21.600000000000037,11.657359312880704));
#1356=DIRECTION('',(-1.0,0.0,0.0));
#1357=DIRECTION('',(0.0,-1.0,0.0));
#1358=AXIS2_PLACEMENT_3D('',#1355,#1356,#1357);
#1359=CIRCLE('',#1358,3.000000000000000);
#1360=EDGE_CURVE('',#1354,#1346,#1359,.T.);
#1361=ORIENTED_EDGE('',*,*,#1360,.F.);
#1362=CARTESIAN_POINT('',(-250.0,-25.0,19.300000000000001));
#1363=VERTEX_POINT('',#1362);
#1364=CARTESIAN_POINT('',(-250.0,-25.0,19.300000000000001));
#1365=DIRECTION('',(0.0,0.707106781186548,-0.707106781186547));
#1366=VECTOR('',#1365,7.808326112068518);
#1367=LINE('',#1364,#1366);
#1368=EDGE_CURVE('',#1363,#1354,#1367,.T.);
#1369=ORIENTED_EDGE('',*,*,#1368,.F.);
#1370=CARTESIAN_POINT('',(-250.0,-25.0,25.0));
#1371=VERTEX_POINT('',#1370);
#1372=CARTESIAN_POINT('',(-250.0,-25.0,25.0));
#1373=DIRECTION('',(0.0,0.0,-1.0));
#1374=VECTOR('',#1373,5.699999999999999);
#1375=LINE('',#1372,#1374);
#1376=EDGE_CURVE('',#1371,#1363,#1375,.T.);
#1377=ORIENTED_EDGE('',*,*,#1376,.F.);
#1378=CARTESIAN_POINT('',(-250.0,-19.386291501015243,25.0));
#1379=VERTEX_POINT('',#1378);
#1380=CARTESIAN_POINT('',(-250.0,-19.386291501015243,25.0));
#1381=DIRECTION('',(0.0,-1.0,0.0));
#1382=VECTOR('',#1381,5.613708498984757);
#1383=LINE('',#1380,#1382);
#1384=EDGE_CURVE('',#1379,#1371,#1383,.T.);
#1385=ORIENTED_EDGE('',*,*,#1384,.F.);
#1386=CARTESIAN_POINT('',(-250.0,-15.499285732506360,21.112994231491122));
#1387=VERTEX_POINT('',#1386);
#1388=CARTESIAN_POINT('',(-250.0,-15.499285732506360,21.112994231491122));
#1389=DIRECTION('',(0.0,-0.707106781186548,0.707106781186547));
#1390=VECTOR('',#1389,5.497056274847715);
#1391=LINE('',#1388,#1390);
#1392=EDGE_CURVE('',#1387,#1379,#1391,.T.);
#1393=ORIENTED_EDGE('',*,*,#1392,.F.);
#1394=CARTESIAN_POINT('',(-250.0,-12.812279963997481,19.999999999999996));
#1395=VERTEX_POINT('',#1394);
#1396=CARTESIAN_POINT('',(-250.0,-12.812279963997495,23.799999999999958));
#1397=DIRECTION('',(-1.0,0.0,0.0));
#1398=DIRECTION('',(0.0,0.707106781186551,0.707106781186544));
#1399=AXIS2_PLACEMENT_3D('',#1396,#1397,#1398);
#1400=CIRCLE('',#1399,3.800000000000000);
#1401=EDGE_CURVE('',#1395,#1387,#1400,.T.);
#1402=ORIENTED_EDGE('',*,*,#1401,.F.);
#1403=CARTESIAN_POINT('',(-250.0,12.812279963997481,20.0));
#1404=VERTEX_POINT('',#1403);
#1405=CARTESIAN_POINT('',(-250.0,12.812279963997481,20.0));
#1406=DIRECTION('',(0.0,-1.0,0.0));
#1407=VECTOR('',#1406,25.624559927994962);
#1408=LINE('',#1405,#1407);
#1409=EDGE_CURVE('',#1404,#1395,#1408,.T.);
#1410=ORIENTED_EDGE('',*,*,#1409,.F.);
#1411=CARTESIAN_POINT('',(-250.0,15.499285732506362,21.112994231491122));
#1412=VERTEX_POINT('',#1411);
#1413=CARTESIAN_POINT('',(-250.0,12.812279963997481,23.800000000000004));
#1414=DIRECTION('',(-1.0,0.0,0.0));
#1415=DIRECTION('',(0.0,0.0,1.0));
#1416=AXIS2_PLACEMENT_3D('',#1413,#1414,#1415);
#1417=CIRCLE('',#1416,3.800000000000003);
#1418=EDGE_CURVE('',#1412,#1404,#1417,.T.);
#1419=ORIENTED_EDGE('',*,*,#1418,.F.);
#1420=CARTESIAN_POINT('',(-250.0,19.386291501015240,25.0));
#1421=VERTEX_POINT('',#1420);
#1422=CARTESIAN_POINT('',(-250.0,19.386291501015240,25.0));
#1423=DIRECTION('',(0.0,-0.707106781186548,-0.707106781186548));
#1424=VECTOR('',#1423,5.497056274847711);
#1425=LINE('',#1422,#1424);
#1426=EDGE_CURVE('',#1421,#1412,#1425,.T.);
#1427=ORIENTED_EDGE('',*,*,#1426,.F.);
#1428=CARTESIAN_POINT('',(-250.0,25.0,25.0));
#1429=VERTEX_POINT('',#1428);
#1430=CARTESIAN_POINT('',(-250.0,25.0,25.0));
#1431=DIRECTION('',(0.0,-1.0,0.0));
#1432=VECTOR('',#1431,5.613708498984760);
#1433=LINE('',#1430,#1432);
#1434=EDGE_CURVE('',#1429,#1421,#1433,.T.);
#1435=ORIENTED_EDGE('',*,*,#1434,.F.);
#1436=CARTESIAN_POINT('',(-250.0,25.0,19.300000000000001));
#1437=VERTEX_POINT('',#1436);
#1438=CARTESIAN_POINT('',(-250.0,25.0,19.300000000000001));
#1439=DIRECTION('',(0.0,0.0,1.0));
#1440=VECTOR('',#1439,5.699999999999999);
#1441=LINE('',#1438,#1440);
#1442=EDGE_CURVE('',#1437,#1429,#1441,.T.);
#1443=ORIENTED_EDGE('',*,*,#1442,.F.);
#1444=CARTESIAN_POINT('',(-250.0,19.478679656440359,13.778679656440353));
#1445=VERTEX_POINT('',#1444);
#1446=CARTESIAN_POINT('',(-250.0,19.478679656440359,13.778679656440353));
#1447=DIRECTION('',(0.0,0.707106781186547,0.707106781186548));
#1448=VECTOR('',#1447,7.808326112068525);
#1449=LINE('',#1446,#1448);
#1450=EDGE_CURVE('',#1445,#1437,#1449,.T.);
#1451=ORIENTED_EDGE('',*,*,#1450,.F.);
#1452=CARTESIAN_POINT('',(-250.0,18.599999999999998,11.657359312880711));
#1453=VERTEX_POINT('',#1452);
#1454=CARTESIAN_POINT('',(-250.0,21.600000000000030,11.657359312880695));
#1455=DIRECTION('',(-1.000000000000000,0.0,0.0));
#1456=DIRECTION('',(0.0,0.707106781186549,-0.707106781186546));
#1457=AXIS2_PLACEMENT_3D('',#1454,#1455,#1456);
#1458=CIRCLE('',#1457,3.0);
#1459=EDGE_CURVE('',#1453,#1445,#1458,.T.);
#1460=ORIENTED_EDGE('',*,*,#1459,.F.);
#1461=CARTESIAN_POINT('',(-250.0,18.599999999999998,5.699999999999998));
#1462=VERTEX_POINT('',#1461);
#1463=CARTESIAN_POINT('',(-250.0,18.599999999999998,5.699999999999998));
#1464=DIRECTION('',(0.0,0.0,1.0));
#1465=VECTOR('',#1464,5.957359312880713);
#1466=LINE('',#1463,#1465);
#1467=EDGE_CURVE('',#1462,#1453,#1466,.T.);
#1468=ORIENTED_EDGE('',*,*,#1467,.F.);
#1469=CARTESIAN_POINT('',(-250.0,25.0,5.699999999999998));
#1470=VERTEX_POINT('',#1469);
#1471=CARTESIAN_POINT('',(-250.0,25.0,5.699999999999998));
#1472=DIRECTION('',(0.0,-1.0,0.0));
#1473=VECTOR('',#1472,6.400000000000002);
#1474=LINE('',#1471,#1473);
#1475=EDGE_CURVE('',#1470,#1462,#1474,.T.);
#1476=ORIENTED_EDGE('',*,*,#1475,.F.);
#1477=CARTESIAN_POINT('',(-250.0,25.0,0.0));
#1478=VERTEX_POINT('',#1477);
#1479=CARTESIAN_POINT('',(-250.0,25.0,0.0));
#1480=DIRECTION('',(0.0,0.0,1.0));
#1481=VECTOR('',#1480,5.699999999999998);
#1482=LINE('',#1479,#1481);
#1483=EDGE_CURVE('',#1478,#1470,#1482,.T.);
#1484=ORIENTED_EDGE('',*,*,#1483,.F.);
#1485=CARTESIAN_POINT('',(-250.0,13.599999999999998,0.0));
#1486=VERTEX_POINT('',#1485);
#1487=CARTESIAN_POINT('',(-250.0,13.599999999999998,0.0));
#1488=DIRECTION('',(0.0,1.0,0.0));
#1489=VECTOR('',#1488,11.400000000000002);
#1490=LINE('',#1487,#1489);
#1491=EDGE_CURVE('',#1486,#1478,#1490,.T.);
#1492=ORIENTED_EDGE('',*,*,#1491,.F.);
#1493=CARTESIAN_POINT('',(-250.0,13.599999999999998,15.0));
#1494=VERTEX_POINT('',#1493);
#1495=CARTESIAN_POINT('',(-250.0,13.599999999999998,15.0));
#1496=DIRECTION('',(0.0,0.0,-1.0));
#1497=VECTOR('',#1496,15.0);
#1498=LINE('',#1495,#1497);
#1499=EDGE_CURVE('',#1494,#1486,#1498,.T.);
#1500=ORIENTED_EDGE('',*,*,#1499,.F.);
#1501=CARTESIAN_POINT('',(-250.0,8.499999999999998,15.0));
#1502=VERTEX_POINT('',#1501);
#1503=CARTESIAN_POINT('',(-250.0,8.499999999999998,15.0));
#1504=DIRECTION('',(0.0,1.0,0.0));
#1505=VECTOR('',#1504,5.100000000000000);
#1506=LINE('',#1503,#1505);
#1507=EDGE_CURVE('',#1502,#1494,#1506,.T.);
#1508=ORIENTED_EDGE('',*,*,#1507,.F.);
#1509=CARTESIAN_POINT('',(-250.0,8.499999999999998,0.099999999999998));
#1510=VERTEX_POINT('',#1509);
#1511=CARTESIAN_POINT('',(-250.0,8.499999999999998,0.099999999999998));
#1512=DIRECTION('',(0.0,0.0,1.0));
#1513=VECTOR('',#1512,14.900000000000002);
#1514=LINE('',#1511,#1513);
#1515=EDGE_CURVE('',#1510,#1502,#1514,.T.);
#1516=ORIENTED_EDGE('',*,*,#1515,.F.);
#1517=CARTESIAN_POINT('',(-250.0,-8.499999999999998,0.099999999999998));
#1518=VERTEX_POINT('',#1517);
#1519=CARTESIAN_POINT('',(-250.0,-8.499999999999998,0.099999999999998));
#1520=DIRECTION('',(0.0,1.0,0.0));
#1521=VECTOR('',#1520,16.999999999999996);
#1522=LINE('',#1519,#1521);
#1523=EDGE_CURVE('',#1518,#1510,#1522,.T.);
#1524=ORIENTED_EDGE('',*,*,#1523,.F.);
#1525=CARTESIAN_POINT('',(-250.0,-8.500000000000000,15.0));
#1526=VERTEX_POINT('',#1525);
#1527=CARTESIAN_POINT('',(-250.0,-8.500000000000000,15.0));
#1528=DIRECTION('',(0.0,0.0,-1.0));
#1529=VECTOR('',#1528,14.900000000000002);
#1530=LINE('',#1527,#1529);
#1531=EDGE_CURVE('',#1526,#1518,#1530,.T.);
#1532=ORIENTED_EDGE('',*,*,#1531,.F.);
#1533=CARTESIAN_POINT('',(-250.0,-13.599999999999998,15.0));
#1534=DIRECTION('',(0.0,1.0,0.0));
#1535=VECTOR('',#1534,5.099999999999998);
#1536=LINE('',#1533,#1535);
#1537=EDGE_CURVE('',#1314,#1526,#1536,.T.);
#1538=ORIENTED_EDGE('',*,*,#1537,.F.);
#1539=EDGE_LOOP('',(#1320,#1328,#1336,#1344,#1352,#1361,#1369,#1377,#1385,#1393,#1402,#1410,#1419,#1427,#1435,#1443,#1451,#1460,#1468,#1476,#1484,#1492,#1500,#1508,#1516,#1524,#1532,#1538));
#1540=FACE_OUTER_BOUND('',#1539,.T.);
#1541=ADVANCED_FACE('',(#1540),#1310,.F.);
#1542=CARTESIAN_POINT('',(0.0,-25.0,0.0));
#1543=DIRECTION('',(0.0,-1.0,0.0));
#1544=DIRECTION('',(0.0,0.0,-1.0));
#1545=AXIS2_PLACEMENT_3D('',#1542,#1543,#1544);
#1546=PLANE('',#1545);
#1547=CARTESIAN_POINT('',(250.0,-25.0,0.0));
#1548=VERTEX_POINT('',#1547);
#1549=CARTESIAN_POINT('',(250.0,-25.0,5.699999999999998));
#1550=VERTEX_POINT('',#1549);
#1551=CARTESIAN_POINT('',(250.0,-25.0,0.0));
#1552=DIRECTION('',(0.0,0.0,1.0));
#1553=VECTOR('',#1552,5.699999999999998);
#1554=LINE('',#1551,#1553);
#1555=EDGE_CURVE('',#1548,#1550,#1554,.T.);
#1556=ORIENTED_EDGE('',*,*,#1555,.T.);
#1557=CARTESIAN_POINT('',(-250.0,-25.0,5.699999999999998));
#1558=DIRECTION('',(1.0,0.0,0.0));
#1559=VECTOR('',#1558,500.0);
#1560=LINE('',#1557,#1559);
#1561=EDGE_CURVE('',#1330,#1550,#1560,.T.);
#1562=ORIENTED_EDGE('',*,*,#1561,.F.);
#1563=ORIENTED_EDGE('',*,*,#1335,.T.);
#1564=CARTESIAN_POINT('',(250.0,-25.0,0.0));
#1565=DIRECTION('',(-1.0,0.0,0.0));
#1566=VECTOR('',#1565,500.0);
#1567=LINE('',#1564,#1566);
#1568=EDGE_CURVE('',#1548,#1322,#1567,.T.);
#1569=ORIENTED_EDGE('',*,*,#1568,.F.);
#1570=EDGE_LOOP('',(#1556,#1562,#1563,#1569));
#1571=FACE_OUTER_BOUND('',#1570,.T.);
#1572=ADVANCED_FACE('',(#1571),#1546,.T.);
#1573=CARTESIAN_POINT('',(0.0,-25.0,5.699999999999998));
#1574=DIRECTION('',(0.0,0.0,1.0));
#1575=DIRECTION('',(1.0,0.0,0.0));
#1576=AXIS2_PLACEMENT_3D('',#1573,#1574,#1575);
#1577=PLANE('',#1576);
#1578=CARTESIAN_POINT('',(250.0,-18.599999999999998,5.699999999999998));
#1579=VERTEX_POINT('',#1578);
#1580=CARTESIAN_POINT('',(250.0,-25.0,5.699999999999998));
#1581=DIRECTION('',(0.0,1.0,0.0));
#1582=VECTOR('',#1581,6.400000000000002);
#1583=LINE('',#1580,#1582);
#1584=EDGE_CURVE('',#1550,#1579,#1583,.T.);
#1585=ORIENTED_EDGE('',*,*,#1584,.T.);
#1586=CARTESIAN_POINT('',(-250.0,-18.599999999999998,5.699999999999998));
#1587=DIRECTION('',(1.0,0.0,0.0));
#1588=VECTOR('',#1587,500.0);
#1589=LINE('',#1586,#1588);
#1590=EDGE_CURVE('',#1338,#1579,#1589,.T.);
#1591=ORIENTED_EDGE('',*,*,#1590,.F.);
#1592=ORIENTED_EDGE('',*,*,#1343,.T.);
#1593=ORIENTED_EDGE('',*,*,#1561,.T.);
#1594=EDGE_LOOP('',(#1585,#1591,#1592,#1593));
#1595=FACE_OUTER_BOUND('',#1594,.T.);
#1596=ADVANCED_FACE('',(#1595),#1577,.T.);
#1597=CARTESIAN_POINT('',(0.0,-18.599999999999998,5.699999999999998));
#1598=DIRECTION('',(0.0,-1.0,0.0));
#1599=DIRECTION('',(0.0,0.0,-1.0));
#1600=AXIS2_PLACEMENT_3D('',#1597,#1598,#1599);
#1601=PLANE('',#1600);
#1602=CARTESIAN_POINT('',(250.0,-18.599999999999998,11.657359312880720));
#1603=VERTEX_POINT('',#1602);
#1604=CARTESIAN_POINT('',(250.0,-18.599999999999998,5.699999999999998));
#1605=DIRECTION('',(0.0,0.0,1.0));
#1606=VECTOR('',#1605,5.957359312880722);
#1607=LINE('',#1604,#1606);
#1608=EDGE_CURVE('',#1579,#1603,#1607,.T.);
#1609=ORIENTED_EDGE('',*,*,#1608,.T.);
#1610=CARTESIAN_POINT('',(-250.0,-18.599999999999998,11.657359312880720));
#1611=DIRECTION('',(1.0,0.0,0.0));
#1612=VECTOR('',#1611,500.0);
#1613=LINE('',#1610,#1612);
#1614=EDGE_CURVE('',#1346,#1603,#1613,.T.);
#1615=ORIENTED_EDGE('',*,*,#1614,.F.);
#1616=ORIENTED_EDGE('',*,*,#1351,.T.);
#1617=ORIENTED_EDGE('',*,*,#1590,.T.);
#1618=EDGE_LOOP('',(#1609,#1615,#1616,#1617));
#1619=FACE_OUTER_BOUND('',#1618,.T.);
#1620=ADVANCED_FACE('',(#1619),#1601,.T.);
#1621=CARTESIAN_POINT('',(0.0,-21.600000000000037,11.657359312880704));
#1622=DIRECTION('',(1.0,0.0,0.0));
#1623=DIRECTION('',(0.0,-1.0,0.0));
#1624=AXIS2_PLACEMENT_3D('',#1621,#1622,#1623);
#1625=CYLINDRICAL_SURFACE('',#1624,3.000000000000000);
#1626=CARTESIAN_POINT('',(250.0,-19.478679656440359,13.778679656440364));
#1627=VERTEX_POINT('',#1626);
#1628=CARTESIAN_POINT('',(250.0,-21.600000000000037,11.657359312880704));
#1629=DIRECTION('',(1.0,0.0,0.0));
#1630=DIRECTION('',(0.0,-1.0,0.0));
#1631=AXIS2_PLACEMENT_3D('',#1628,#1629,#1630);
#1632=CIRCLE('',#1631,3.000000000000000);
#1633=EDGE_CURVE('',#1603,#1627,#1632,.T.);
#1634=ORIENTED_EDGE('',*,*,#1633,.T.);
#1635=CARTESIAN_POINT('',(-250.0,-19.478679656440359,13.778679656440364));
#1636=DIRECTION('',(1.0,0.0,0.0));
#1637=VECTOR('',#1636,500.0);
#1638=LINE('',#1635,#1637);
#1639=EDGE_CURVE('',#1354,#1627,#1638,.T.);
#1640=ORIENTED_EDGE('',*,*,#1639,.F.);
#1641=ORIENTED_EDGE('',*,*,#1360,.T.);
#1642=ORIENTED_EDGE('',*,*,#1614,.T.);
#1643=EDGE_LOOP('',(#1634,#1640,#1641,#1642));
#1644=FACE_OUTER_BOUND('',#1643,.T.);
#1645=ADVANCED_FACE('',(#1644),#1625,.F.);
#1646=CARTESIAN_POINT('',(0.0,-19.478679656440359,13.778679656440364));
#1647=DIRECTION('',(0.0,-0.707106781186547,-0.707106781186548));
#1648=DIRECTION('',(-1.0,0.0,0.0));
#1649=AXIS2_PLACEMENT_3D('',#1646,#1647,#1648);
#1650=PLANE('',#1649);
#1651=CARTESIAN_POINT('',(250.0,-25.0,19.300000000000001));
#1652=VERTEX_POINT('',#1651);
#1653=CARTESIAN_POINT('',(250.0,-19.478679656440359,13.778679656440364));
#1654=DIRECTION('',(0.0,-0.707106781186548,0.707106781186547));
#1655=VECTOR('',#1654,7.808326112068518);
#1656=LINE('',#1653,#1655);
#1657=EDGE_CURVE('',#1627,#1652,#1656,.T.);
#1658=ORIENTED_EDGE('',*,*,#1657,.T.);
#1659=CARTESIAN_POINT('',(-250.0,-25.0,19.300000000000001));
#1660=DIRECTION('',(1.0,0.0,0.0));
#1661=VECTOR('',#1660,500.0);
#1662=LINE('',#1659,#1661);
#1663=EDGE_CURVE('',#1363,#1652,#1662,.T.);
#1664=ORIENTED_EDGE('',*,*,#1663,.F.);
#1665=ORIENTED_EDGE('',*,*,#1368,.T.);
#1666=ORIENTED_EDGE('',*,*,#1639,.T.);
#1667=EDGE_LOOP('',(#1658,#1664,#1665,#1666));
#1668=FACE_OUTER_BOUND('',#1667,.T.);
#1669=ADVANCED_FACE('',(#1668),#1650,.T.);
#1670=CARTESIAN_POINT('',(0.0,-25.0,19.300000000000001));
#1671=DIRECTION('',(0.0,-1.0,0.0));
#1672=DIRECTION('',(0.0,0.0,-1.0));
#1673=AXIS2_PLACEMENT_3D('',#1670,#1671,#1672);
#1674=PLANE('',#1673);
#1675=CARTESIAN_POINT('',(250.0,-25.0,25.0));
#1676=VERTEX_POINT('',#1675);
#1677=CARTESIAN_POINT('',(250.0,-25.0,19.300000000000001));
#1678=DIRECTION('',(0.0,0.0,1.0));
#1679=VECTOR('',#1678,5.699999999999999);
#1680=LINE('',#1677,#1679);
#1681=EDGE_CURVE('',#1652,#1676,#1680,.T.);
#1682=ORIENTED_EDGE('',*,*,#1681,.T.);
#1683=CARTESIAN_POINT('',(-250.0,-25.0,25.0));
#1684=DIRECTION('',(1.0,0.0,0.0));
#1685=VECTOR('',#1684,500.0);
#1686=LINE('',#1683,#1685);
#1687=EDGE_CURVE('',#1371,#1676,#1686,.T.);
#1688=ORIENTED_EDGE('',*,*,#1687,.F.);
#1689=ORIENTED_EDGE('',*,*,#1376,.T.);
#1690=ORIENTED_EDGE('',*,*,#1663,.T.);
#1691=EDGE_LOOP('',(#1682,#1688,#1689,#1690));
#1692=FACE_OUTER_BOUND('',#1691,.T.);
#1693=ADVANCED_FACE('',(#1692),#1674,.T.);
#1694=CARTESIAN_POINT('',(0.0,-25.0,25.0));
#1695=DIRECTION('',(0.0,0.0,1.0));
#1696=DIRECTION('',(1.0,0.0,0.0));
#1697=AXIS2_PLACEMENT_3D('',#1694,#1695,#1696);
#1698=PLANE('',#1697);
#1699=CARTESIAN_POINT('',(250.0,-19.386291501015243,25.0));
#1700=VERTEX_POINT('',#1699);
#1701=CARTESIAN_POINT('',(250.0,-25.0,25.0));
#1702=DIRECTION('',(0.0,1.0,0.0));
#1703=VECTOR('',#1702,5.613708498984757);
#1704=LINE('',#1701,#1703);
#1705=EDGE_CURVE('',#1676,#1700,#1704,.T.);
#1706=ORIENTED_EDGE('',*,*,#1705,.T.);
#1707=CARTESIAN_POINT('',(-250.0,-19.386291501015243,25.0));
#1708=DIRECTION('',(1.0,0.0,0.0));
#1709=VECTOR('',#1708,500.0);
#1710=LINE('',#1707,#1709);
#1711=EDGE_CURVE('',#1379,#1700,#1710,.T.);
#1712=ORIENTED_EDGE('',*,*,#1711,.F.);
#1713=ORIENTED_EDGE('',*,*,#1384,.T.);
#1714=ORIENTED_EDGE('',*,*,#1687,.T.);
#1715=EDGE_LOOP('',(#1706,#1712,#1713,#1714));
#1716=FACE_OUTER_BOUND('',#1715,.T.);
#1717=ADVANCED_FACE('',(#1716),#1698,.T.);
#1718=CARTESIAN_POINT('',(0.0,-19.386291501015243,25.0));
#1719=DIRECTION('',(0.0,0.707106781186547,0.707106781186548));
#1720=DIRECTION('',(1.0,0.0,0.0));
#1721=AXIS2_PLACEMENT_3D('',#1718,#1719,#1720);
#1722=PLANE('',#1721);
#1723=CARTESIAN_POINT('',(250.0,-15.499285732506360,21.112994231491122));
#1724=VERTEX_POINT('',#1723);
#1725=CARTESIAN_POINT('',(250.0,-19.386291501015243,25.0));
#1726=DIRECTION('',(0.0,0.707106781186548,-0.707106781186547));
#1727=VECTOR('',#1726,5.497056274847715);
#1728=LINE('',#1725,#1727);
#1729=EDGE_CURVE('',#1700,#1724,#1728,.T.);
#1730=ORIENTED_EDGE('',*,*,#1729,.T.);
#1731=CARTESIAN_POINT('',(-250.0,-15.499285732506360,21.112994231491122));
#1732=DIRECTION('',(1.0,0.0,0.0));
#1733=VECTOR('',#1732,500.0);
#1734=LINE('',#1731,#1733);
#1735=EDGE_CURVE('',#1387,#1724,#1734,.T.);
#1736=ORIENTED_EDGE('',*,*,#1735,.F.);
#1737=ORIENTED_EDGE('',*,*,#1392,.T.);
#1738=ORIENTED_EDGE('',*,*,#1711,.T.);
#1739=EDGE_LOOP('',(#1730,#1736,#1737,#1738));
#1740=FACE_OUTER_BOUND('',#1739,.T.);
#1741=ADVANCED_FACE('',(#1740),#1722,.T.);
#1742=CARTESIAN_POINT('',(0.0,-12.812279963997495,23.799999999999958));
#1743=DIRECTION('',(1.0,0.0,0.0));
#1744=DIRECTION('',(0.0,0.707106781186551,0.707106781186544));
#1745=AXIS2_PLACEMENT_3D('',#1742,#1743,#1744);
#1746=CYLINDRICAL_SURFACE('',#1745,3.800000000000000);
#1747=CARTESIAN_POINT('',(250.0,-12.812279963997481,19.999999999999996));
#1748=VERTEX_POINT('',#1747);
#1749=CARTESIAN_POINT('',(250.0,-12.812279963997495,23.799999999999958));
#1750=DIRECTION('',(1.0,0.0,0.0));
#1751=DIRECTION('',(0.0,0.707106781186551,0.707106781186544));
#1752=AXIS2_PLACEMENT_3D('',#1749,#1750,#1751);
#1753=CIRCLE('',#1752,3.800000000000000);
#1754=EDGE_CURVE('',#1724,#1748,#1753,.T.);
#1755=ORIENTED_EDGE('',*,*,#1754,.T.);
#1756=CARTESIAN_POINT('',(-250.0,-12.812279963997481,19.999999999999996));
#1757=DIRECTION('',(1.0,0.0,0.0));
#1758=VECTOR('',#1757,500.0);
#1759=LINE('',#1756,#1758);
#1760=EDGE_CURVE('',#1395,#1748,#1759,.T.);
#1761=ORIENTED_EDGE('',*,*,#1760,.F.);
#1762=ORIENTED_EDGE('',*,*,#1401,.T.);
#1763=ORIENTED_EDGE('',*,*,#1735,.T.);
#1764=EDGE_LOOP('',(#1755,#1761,#1762,#1763));
#1765=FACE_OUTER_BOUND('',#1764,.T.);
#1766=ADVANCED_FACE('',(#1765),#1746,.F.);
#1767=CARTESIAN_POINT('',(0.0,-12.812279963997481,19.999999999999996));
#1768=DIRECTION('',(0.0,0.0,1.0));
#1769=DIRECTION('',(1.0,0.0,0.0));
#1770=AXIS2_PLACEMENT_3D('',#1767,#1768,#1769);
#1771=PLANE('',#1770);
#1772=CARTESIAN_POINT('',(250.0,12.812279963997481,20.0));
#1773=VERTEX_POINT('',#1772);
#1774=CARTESIAN_POINT('',(250.0,-12.812279963997481,19.999999999999996));
#1775=DIRECTION('',(0.0,1.0,0.0));
#1776=VECTOR('',#1775,25.624559927994962);
#1777=LINE('',#1774,#1776);
#1778=EDGE_CURVE('',#1748,#1773,#1777,.T.);
#1779=ORIENTED_EDGE('',*,*,#1778,.T.);
#1780=CARTESIAN_POINT('',(-250.0,12.812279963997481,20.0));
#1781=DIRECTION('',(1.0,0.0,0.0));
#1782=VECTOR('',#1781,500.0);
#1783=LINE('',#1780,#1782);
#1784=EDGE_CURVE('',#1404,#1773,#1783,.T.);
#1785=ORIENTED_EDGE('',*,*,#1784,.F.);
#1786=ORIENTED_EDGE('',*,*,#1409,.T.);
#1787=ORIENTED_EDGE('',*,*,#1760,.T.);
#1788=EDGE_LOOP('',(#1779,#1785,#1786,#1787));
#1789=FACE_OUTER_BOUND('',#1788,.T.);
#1790=ORIENTED_EDGE('',*,*,#105,.T.);
#1791=EDGE_LOOP('',(#1790));
#1792=FACE_BOUND('',#1791,.T.);
#1793=ORIENTED_EDGE('',*,*,#215,.T.);
#1794=EDGE_LOOP('',(#1793));
#1795=FACE_BOUND('',#1794,.T.);
#1796=ORIENTED_EDGE('',*,*,#363,.T.);
#1797=ORIENTED_EDGE('',*,*,#434,.T.);
#1798=ORIENTED_EDGE('',*,*,#412,.T.);
#1799=ORIENTED_EDGE('',*,*,#387,.T.);
#1800=EDGE_LOOP('',(#1796,#1797,#1798,#1799));
#1801=FACE_BOUND('',#1800,.T.);
#1802=ORIENTED_EDGE('',*,*,#637,.T.);
#1803=ORIENTED_EDGE('',*,*,#708,.T.);
#1804=ORIENTED_EDGE('',*,*,#686,.T.);
#1805=ORIENTED_EDGE('',*,*,#661,.T.);
#1806=EDGE_LOOP('',(#1802,#1803,#1804,#1805));
#1807=FACE_BOUND('',#1806,.T.);
#1808=ORIENTED_EDGE('',*,*,#843,.T.);
#1809=ORIENTED_EDGE('',*,*,#934,.T.);
#1810=ORIENTED_EDGE('',*,*,#907,.T.);
#1811=ORIENTED_EDGE('',*,*,#874,.T.);
#1812=EDGE_LOOP('',(#1808,#1809,#1810,#1811));
#1813=FACE_BOUND('',#1812,.T.);
#1814=ORIENTED_EDGE('',*,*,#1147,.T.);
#1815=EDGE_LOOP('',(#1814));
#1816=FACE_BOUND('',#1815,.T.);
#1817=ORIENTED_EDGE('',*,*,#1257,.T.);
#1818=EDGE_LOOP('',(#1817));
#1819=FACE_BOUND('',#1818,.T.);
#1820=ADVANCED_FACE('',(#1789,#1792,#1795,#1801,#1807,#1813,#1816,#1819),#1771,.T.);
#1821=CARTESIAN_POINT('',(0.0,12.812279963997481,23.800000000000004));
#1822=DIRECTION('',(1.0,0.0,0.0));
#1823=DIRECTION('',(0.0,0.0,1.0));
#1824=AXIS2_PLACEMENT_3D('',#1821,#1822,#1823);
#1825=CYLINDRICAL_SURFACE('',#1824,3.800000000000003);
#1826=CARTESIAN_POINT('',(250.0,15.499285732506362,21.112994231491122));
#1827=VERTEX_POINT('',#1826);
#1828=CARTESIAN_POINT('',(250.0,12.812279963997481,23.800000000000004));
#1829=DIRECTION('',(1.0,0.0,0.0));
#1830=DIRECTION('',(0.0,0.0,1.0));
#1831=AXIS2_PLACEMENT_3D('',#1828,#1829,#1830);
#1832=CIRCLE('',#1831,3.800000000000003);
#1833=EDGE_CURVE('',#1773,#1827,#1832,.T.);
#1834=ORIENTED_EDGE('',*,*,#1833,.T.);
#1835=CARTESIAN_POINT('',(-250.0,15.499285732506362,21.112994231491122));
#1836=DIRECTION('',(1.0,0.0,0.0));
#1837=VECTOR('',#1836,500.0);
#1838=LINE('',#1835,#1837);
#1839=EDGE_CURVE('',#1412,#1827,#1838,.T.);
#1840=ORIENTED_EDGE('',*,*,#1839,.F.);
#1841=ORIENTED_EDGE('',*,*,#1418,.T.);
#1842=ORIENTED_EDGE('',*,*,#1784,.T.);
#1843=EDGE_LOOP('',(#1834,#1840,#1841,#1842));
#1844=FACE_OUTER_BOUND('',#1843,.T.);
#1845=ADVANCED_FACE('',(#1844),#1825,.F.);
#1846=CARTESIAN_POINT('',(0.0,15.499285732506362,21.112994231491122));
#1847=DIRECTION('',(0.0,-0.707106781186548,0.707106781186547));
#1848=DIRECTION('',(1.0,0.0,0.0));
#1849=AXIS2_PLACEMENT_3D('',#1846,#1847,#1848);
#1850=PLANE('',#1849);
#1851=CARTESIAN_POINT('',(250.0,19.386291501015240,25.0));
#1852=VERTEX_POINT('',#1851);
#1853=CARTESIAN_POINT('',(250.0,15.499285732506362,21.112994231491122));
#1854=DIRECTION('',(0.0,0.707106781186548,0.707106781186548));
#1855=VECTOR('',#1854,5.497056274847711);
#1856=LINE('',#1853,#1855);
#1857=EDGE_CURVE('',#1827,#1852,#1856,.T.);
#1858=ORIENTED_EDGE('',*,*,#1857,.T.);
#1859=CARTESIAN_POINT('',(-250.0,19.386291501015240,25.0));
#1860=DIRECTION('',(1.0,0.0,0.0));
#1861=VECTOR('',#1860,500.0);
#1862=LINE('',#1859,#1861);
#1863=EDGE_CURVE('',#1421,#1852,#1862,.T.);
#1864=ORIENTED_EDGE('',*,*,#1863,.F.);
#1865=ORIENTED_EDGE('',*,*,#1426,.T.);
#1866=ORIENTED_EDGE('',*,*,#1839,.T.);
#1867=EDGE_LOOP('',(#1858,#1864,#1865,#1866));
#1868=FACE_OUTER_BOUND('',#1867,.T.);
#1869=ADVANCED_FACE('',(#1868),#1850,.T.);
#1870=CARTESIAN_POINT('',(0.0,19.386291501015240,25.0));
#1871=DIRECTION('',(0.0,0.0,1.0));
#1872=DIRECTION('',(1.0,0.0,0.0));
#1873=AXIS2_PLACEMENT_3D('',#1870,#1871,#1872);
#1874=PLANE('',#1873);
#1875=CARTESIAN_POINT('',(250.0,25.0,25.0));
#1876=VERTEX_POINT('',#1875);
#1877=CARTESIAN_POINT('',(250.0,19.386291501015240,25.0));
#1878=DIRECTION('',(0.0,1.0,0.0));
#1879=VECTOR('',#1878,5.613708498984760);
#1880=LINE('',#1877,#1879);
#1881=EDGE_CURVE('',#1852,#1876,#1880,.T.);
#1882=ORIENTED_EDGE('',*,*,#1881,.T.);
#1883=CARTESIAN_POINT('',(-250.0,25.0,25.0));
#1884=DIRECTION('',(1.0,0.0,0.0));
#1885=VECTOR('',#1884,500.0);
#1886=LINE('',#1883,#1885);
#1887=EDGE_CURVE('',#1429,#1876,#1886,.T.);
#1888=ORIENTED_EDGE('',*,*,#1887,.F.);
#1889=ORIENTED_EDGE('',*,*,#1434,.T.);
#1890=ORIENTED_EDGE('',*,*,#1863,.T.);
#1891=EDGE_LOOP('',(#1882,#1888,#1889,#1890));
#1892=FACE_OUTER_BOUND('',#1891,.T.);
#1893=ADVANCED_FACE('',(#1892),#1874,.T.);
#1894=CARTESIAN_POINT('',(0.0,25.0,25.0));
#1895=DIRECTION('',(0.0,1.0,0.0));
#1896=DIRECTION('',(0.0,0.0,1.0));
#1897=AXIS2_PLACEMENT_3D('',#1894,#1895,#1896);
#1898=PLANE('',#1897);
#1899=CARTESIAN_POINT('',(250.0,25.0,19.300000000000001));
#1900=VERTEX_POINT('',#1899);
#1901=CARTESIAN_POINT('',(250.0,25.0,25.0));
#1902=DIRECTION('',(0.0,0.0,-1.0));
#1903=VECTOR('',#1902,5.699999999999999);
#1904=LINE('',#1901,#1903);
#1905=EDGE_CURVE('',#1876,#1900,#1904,.T.);
#1906=ORIENTED_EDGE('',*,*,#1905,.T.);
#1907=CARTESIAN_POINT('',(-250.0,25.0,19.300000000000001));
#1908=DIRECTION('',(1.0,0.0,0.0));
#1909=VECTOR('',#1908,500.0);
#1910=LINE('',#1907,#1909);
#1911=EDGE_CURVE('',#1437,#1900,#1910,.T.);
#1912=ORIENTED_EDGE('',*,*,#1911,.F.);
#1913=ORIENTED_EDGE('',*,*,#1442,.T.);
#1914=ORIENTED_EDGE('',*,*,#1887,.T.);
#1915=EDGE_LOOP('',(#1906,#1912,#1913,#1914));
#1916=FACE_OUTER_BOUND('',#1915,.T.);
#1917=ADVANCED_FACE('',(#1916),#1898,.T.);
#1918=CARTESIAN_POINT('',(0.0,25.0,19.300000000000001));
#1919=DIRECTION('',(0.0,0.707106781186548,-0.707106781186547));
#1920=DIRECTION('',(-1.0,0.0,0.0));
#1921=AXIS2_PLACEMENT_3D('',#1918,#1919,#1920);
#1922=PLANE('',#1921);
#1923=CARTESIAN_POINT('',(250.0,19.478679656440359,13.778679656440353));
#1924=VERTEX_POINT('',#1923);
#1925=CARTESIAN_POINT('',(250.0,25.0,19.300000000000001));
#1926=DIRECTION('',(0.0,-0.707106781186547,-0.707106781186548));
#1927=VECTOR('',#1926,7.808326112068525);
#1928=LINE('',#1925,#1927);
#1929=EDGE_CURVE('',#1900,#1924,#1928,.T.);
#1930=ORIENTED_EDGE('',*,*,#1929,.T.);
#1931=CARTESIAN_POINT('',(-250.0,19.478679656440359,13.778679656440353));
#1932=DIRECTION('',(1.0,0.0,0.0));
#1933=VECTOR('',#1932,500.0);
#1934=LINE('',#1931,#1933);
#1935=EDGE_CURVE('',#1445,#1924,#1934,.T.);
#1936=ORIENTED_EDGE('',*,*,#1935,.F.);
#1937=ORIENTED_EDGE('',*,*,#1450,.T.);
#1938=ORIENTED_EDGE('',*,*,#1911,.T.);
#1939=EDGE_LOOP('',(#1930,#1936,#1937,#1938));
#1940=FACE_OUTER_BOUND('',#1939,.T.);
#1941=ADVANCED_FACE('',(#1940),#1922,.T.);
#1942=CARTESIAN_POINT('',(0.0,21.600000000000030,11.657359312880695));
#1943=DIRECTION('',(1.0,0.0,0.0));
#1944=DIRECTION('',(0.0,0.707106781186549,-0.707106781186546));
#1945=AXIS2_PLACEMENT_3D('',#1942,#1943,#1944);
#1946=CYLINDRICAL_SURFACE('',#1945,3.000000000000000);
#1947=CARTESIAN_POINT('',(250.0,18.599999999999998,11.657359312880711));
#1948=VERTEX_POINT('',#1947);
#1949=CARTESIAN_POINT('',(250.0,21.600000000000030,11.657359312880695));
#1950=DIRECTION('',(1.000000000000000,0.0,0.0));
#1951=DIRECTION('',(0.0,0.707106781186549,-0.707106781186546));
#1952=AXIS2_PLACEMENT_3D('',#1949,#1950,#1951);
#1953=CIRCLE('',#1952,3.0);
#1954=EDGE_CURVE('',#1924,#1948,#1953,.T.);
#1955=ORIENTED_EDGE('',*,*,#1954,.T.);
#1956=CARTESIAN_POINT('',(-250.0,18.599999999999998,11.657359312880711));
#1957=DIRECTION('',(1.0,0.0,0.0));
#1958=VECTOR('',#1957,500.0);
#1959=LINE('',#1956,#1958);
#1960=EDGE_CURVE('',#1453,#1948,#1959,.T.);
#1961=ORIENTED_EDGE('',*,*,#1960,.F.);
#1962=ORIENTED_EDGE('',*,*,#1459,.T.);
#1963=ORIENTED_EDGE('',*,*,#1935,.T.);
#1964=EDGE_LOOP('',(#1955,#1961,#1962,#1963));
#1965=FACE_OUTER_BOUND('',#1964,.T.);
#1966=ADVANCED_FACE('',(#1965),#1946,.F.);
#1967=CARTESIAN_POINT('',(0.0,18.599999999999998,11.657359312880711));
#1968=DIRECTION('',(0.0,1.0,0.0));
#1969=DIRECTION('',(0.0,0.0,1.0));
#1970=AXIS2_PLACEMENT_3D('',#1967,#1968,#1969);
#1971=PLANE('',#1970);
#1972=CARTESIAN_POINT('',(250.0,18.599999999999998,5.699999999999998));
#1973=VERTEX_POINT('',#1972);
#1974=CARTESIAN_POINT('',(250.0,18.599999999999998,11.657359312880711));
#1975=DIRECTION('',(0.0,0.0,-1.0));
#1976=VECTOR('',#1975,5.957359312880713);
#1977=LINE('',#1974,#1976);
#1978=EDGE_CURVE('',#1948,#1973,#1977,.T.);
#1979=ORIENTED_EDGE('',*,*,#1978,.T.);
#1980=CARTESIAN_POINT('',(-250.0,18.599999999999998,5.699999999999998));
#1981=DIRECTION('',(1.0,0.0,0.0));
#1982=VECTOR('',#1981,500.0);
#1983=LINE('',#1980,#1982);
#1984=EDGE_CURVE('',#1462,#1973,#1983,.T.);
#1985=ORIENTED_EDGE('',*,*,#1984,.F.);
#1986=ORIENTED_EDGE('',*,*,#1467,.T.);
#1987=ORIENTED_EDGE('',*,*,#1960,.T.);
#1988=EDGE_LOOP('',(#1979,#1985,#1986,#1987));
#1989=FACE_OUTER_BOUND('',#1988,.T.);
#1990=ADVANCED_FACE('',(#1989),#1971,.T.);
#1991=CARTESIAN_POINT('',(0.0,18.599999999999998,5.699999999999998));
#1992=DIRECTION('',(0.0,0.0,1.0));
#1993=DIRECTION('',(1.0,0.0,0.0));
#1994=AXIS2_PLACEMENT_3D('',#1991,#1992,#1993);
#1995=PLANE('',#1994);
#1996=CARTESIAN_POINT('',(250.0,25.0,5.699999999999998));
#1997=VERTEX_POINT('',#1996);
#1998=CARTESIAN_POINT('',(250.0,18.599999999999998,5.699999999999998));
#1999=DIRECTION('',(0.0,1.0,0.0));
#2000=VECTOR('',#1999,6.400000000000002);
#2001=LINE('',#1998,#2000);
#2002=EDGE_CURVE('',#1973,#1997,#2001,.T.);
#2003=ORIENTED_EDGE('',*,*,#2002,.T.);
#2004=CARTESIAN_POINT('',(-250.0,25.0,5.699999999999998));
#2005=DIRECTION('',(1.0,0.0,0.0));
#2006=VECTOR('',#2005,500.0);
#2007=LINE('',#2004,#2006);
#2008=EDGE_CURVE('',#1470,#1997,#2007,.T.);
#2009=ORIENTED_EDGE('',*,*,#2008,.F.);
#2010=ORIENTED_EDGE('',*,*,#1475,.T.);
#2011=ORIENTED_EDGE('',*,*,#1984,.T.);
#2012=EDGE_LOOP('',(#2003,#2009,#2010,#2011));
#2013=FACE_OUTER_BOUND('',#2012,.T.);
#2014=ADVANCED_FACE('',(#2013),#1995,.T.);
#2015=CARTESIAN_POINT('',(0.0,25.0,5.699999999999998));
#2016=DIRECTION('',(0.0,1.0,0.0));
#2017=DIRECTION('',(0.0,0.0,1.0));
#2018=AXIS2_PLACEMENT_3D('',#2015,#2016,#2017);
#2019=PLANE('',#2018);
#2020=CARTESIAN_POINT('',(250.0,25.0,0.0));
#2021=VERTEX_POINT('',#2020);
#2022=CARTESIAN_POINT('',(250.0,25.0,5.699999999999998));
#2023=DIRECTION('',(0.0,0.0,-1.0));
#2024=VECTOR('',#2023,5.699999999999998);
#2025=LINE('',#2022,#2024);
#2026=EDGE_CURVE('',#1997,#2021,#2025,.T.);
#2027=ORIENTED_EDGE('',*,*,#2026,.T.);
#2028=CARTESIAN_POINT('',(-250.0,25.0,0.0));
#2029=DIRECTION('',(1.0,0.0,0.0));
#2030=VECTOR('',#2029,500.0);
#2031=LINE('',#2028,#2030);
#2032=EDGE_CURVE('',#1478,#2021,#2031,.T.);
#2033=ORIENTED_EDGE('',*,*,#2032,.F.);
#2034=ORIENTED_EDGE('',*,*,#1483,.T.);
#2035=ORIENTED_EDGE('',*,*,#2008,.T.);
#2036=EDGE_LOOP('',(#2027,#2033,#2034,#2035));
#2037=FACE_OUTER_BOUND('',#2036,.T.);
#2038=ADVANCED_FACE('',(#2037),#2019,.T.);
#2039=CARTESIAN_POINT('',(0.0,25.0,0.0));
#2040=DIRECTION('',(0.0,0.0,-1.0));
#2041=DIRECTION('',(-1.0,0.0,0.0));
#2042=AXIS2_PLACEMENT_3D('',#2039,#2040,#2041);
#2043=PLANE('',#2042);
#2044=CARTESIAN_POINT('',(250.0,13.599999999999998,0.0));
#2045=VERTEX_POINT('',#2044);
#2046=CARTESIAN_POINT('',(250.0,25.0,0.0));
#2047=DIRECTION('',(0.0,-1.0,0.0));
#2048=VECTOR('',#2047,11.400000000000002);
#2049=LINE('',#2046,#2048);
#2050=EDGE_CURVE('',#2021,#2045,#2049,.T.);
#2051=ORIENTED_EDGE('',*,*,#2050,.T.);
#2052=CARTESIAN_POINT('',(-250.0,13.599999999999998,0.0));
#2053=DIRECTION('',(1.0,0.0,0.0));
#2054=VECTOR('',#2053,500.0);
#2055=LINE('',#2052,#2054);
#2056=EDGE_CURVE('',#1486,#2045,#2055,.T.);
#2057=ORIENTED_EDGE('',*,*,#2056,.F.);
#2058=ORIENTED_EDGE('',*,*,#1491,.T.);
#2059=ORIENTED_EDGE('',*,*,#2032,.T.);
#2060=EDGE_LOOP('',(#2051,#2057,#2058,#2059));
#2061=FACE_OUTER_BOUND('',#2060,.T.);
#2062=ADVANCED_FACE('',(#2061),#2043,.T.);
#2063=CARTESIAN_POINT('',(0.0,13.599999999999998,0.0));
#2064=DIRECTION('',(0.0,-1.0,0.0));
#2065=DIRECTION('',(0.0,0.0,-1.0));
#2066=AXIS2_PLACEMENT_3D('',#2063,#2064,#2065);
#2067=PLANE('',#2066);
#2068=CARTESIAN_POINT('',(250.0,13.599999999999998,15.0));
#2069=VERTEX_POINT('',#2068);
#2070=CARTESIAN_POINT('',(250.0,13.599999999999998,0.0));
#2071=DIRECTION('',(0.0,0.0,1.0));
#2072=VECTOR('',#2071,15.0);
#2073=LINE('',#2070,#2072);
#2074=EDGE_CURVE('',#2045,#2069,#2073,.T.);
#2075=ORIENTED_EDGE('',*,*,#2074,.T.);
#2076=CARTESIAN_POINT('',(-250.0,13.599999999999998,15.0));
#2077=DIRECTION('',(1.0,0.0,0.0));
#2078=VECTOR('',#2077,500.0);
#2079=LINE('',#2076,#2078);
#2080=EDGE_CURVE('',#1494,#2069,#2079,.T.);
#2081=ORIENTED_EDGE('',*,*,#2080,.F.);
#2082=ORIENTED_EDGE('',*,*,#1499,.T.);
#2083=ORIENTED_EDGE('',*,*,#2056,.T.);
#2084=EDGE_LOOP('',(#2075,#2081,#2082,#2083));
#2085=FACE_OUTER_BOUND('',#2084,.T.);
#2086=ADVANCED_FACE('',(#2085),#2067,.T.);
#2087=CARTESIAN_POINT('',(0.0,13.599999999999998,15.0));
#2088=DIRECTION('',(0.0,0.0,-1.0));
#2089=DIRECTION('',(-1.0,0.0,0.0));
#2090=AXIS2_PLACEMENT_3D('',#2087,#2088,#2089);
#2091=PLANE('',#2090);
#2092=CARTESIAN_POINT('',(250.0,8.499999999999998,15.0));
#2093=VERTEX_POINT('',#2092);
#2094=CARTESIAN_POINT('',(250.0,13.599999999999998,15.0));
#2095=DIRECTION('',(0.0,-1.0,0.0));
#2096=VECTOR('',#2095,5.100000000000000);
#2097=LINE('',#2094,#2096);
#2098=EDGE_CURVE('',#2069,#2093,#2097,.T.);
#2099=ORIENTED_EDGE('',*,*,#2098,.T.);
#2100=CARTESIAN_POINT('',(-250.0,8.499999999999998,15.0));
#2101=DIRECTION('',(1.0,0.0,0.0));
#2102=VECTOR('',#2101,500.0);
#2103=LINE('',#2100,#2102);
#2104=EDGE_CURVE('',#1502,#2093,#2103,.T.);
#2105=ORIENTED_EDGE('',*,*,#2104,.F.);
#2106=ORIENTED_EDGE('',*,*,#1507,.T.);
#2107=ORIENTED_EDGE('',*,*,#2080,.T.);
#2108=EDGE_LOOP('',(#2099,#2105,#2106,#2107));
#2109=FACE_OUTER_BOUND('',#2108,.T.);
#2110=ADVANCED_FACE('',(#2109),#2091,.T.);
#2111=CARTESIAN_POINT('',(0.0,8.499999999999998,15.0));
#2112=DIRECTION('',(0.0,1.0,0.0));
#2113=DIRECTION('',(0.0,0.0,1.0));
#2114=AXIS2_PLACEMENT_3D('',#2111,#2112,#2113);
#2115=PLANE('',#2114);
#2116=CARTESIAN_POINT('',(250.0,8.499999999999998,0.099999999999998));
#2117=VERTEX_POINT('',#2116);
#2118=CARTESIAN_POINT('',(250.0,8.499999999999998,15.0));
#2119=DIRECTION('',(0.0,0.0,-1.0));
#2120=VECTOR('',#2119,14.900000000000002);
#2121=LINE('',#2118,#2120);
#2122=EDGE_CURVE('',#2093,#2117,#2121,.T.);
#2123=ORIENTED_EDGE('',*,*,#2122,.T.);
#2124=CARTESIAN_POINT('',(-250.0,8.499999999999998,0.099999999999998));
#2125=DIRECTION('',(1.0,0.0,0.0));
#2126=VECTOR('',#2125,500.0);
#2127=LINE('',#2124,#2126);
#2128=EDGE_CURVE('',#1510,#2117,#2127,.T.);
#2129=ORIENTED_EDGE('',*,*,#2128,.F.);
#2130=ORIENTED_EDGE('',*,*,#1515,.T.);
#2131=ORIENTED_EDGE('',*,*,#2104,.T.);
#2132=EDGE_LOOP('',(#2123,#2129,#2130,#2131));
#2133=FACE_OUTER_BOUND('',#2132,.T.);
#2134=ADVANCED_FACE('',(#2133),#2115,.T.);
#2135=CARTESIAN_POINT('',(0.0,8.499999999999998,0.099999999999998));
#2136=DIRECTION('',(0.0,0.0,-1.0));
#2137=DIRECTION('',(-1.0,0.0,0.0));
#2138=AXIS2_PLACEMENT_3D('',#2135,#2136,#2137);
#2139=PLANE('',#2138);
#2140=CARTESIAN_POINT('',(250.0,-8.499999999999998,0.099999999999998));
#2141=VERTEX_POINT('',#2140);
#2142=CARTESIAN_POINT('',(250.0,8.499999999999998,0.099999999999998));
#2143=DIRECTION('',(0.0,-1.0,0.0));
#2144=VECTOR('',#2143,16.999999999999996);
#2145=LINE('',#2142,#2144);
#2146=EDGE_CURVE('',#2117,#2141,#2145,.T.);
#2147=ORIENTED_EDGE('',*,*,#2146,.T.);
#2148=CARTESIAN_POINT('',(-250.0,-8.499999999999998,0.099999999999998));
#2149=DIRECTION('',(1.0,0.0,0.0));
#2150=VECTOR('',#2149,500.0);
#2151=LINE('',#2148,#2150);
#2152=EDGE_CURVE('',#1518,#2141,#2151,.T.);
#2153=ORIENTED_EDGE('',*,*,#2152,.F.);
#2154=ORIENTED_EDGE('',*,*,#1523,.T.);
#2155=ORIENTED_EDGE('',*,*,#2128,.T.);
#2156=EDGE_LOOP('',(#2147,#2153,#2154,#2155));
#2157=FACE_OUTER_BOUND('',#2156,.T.);
#2158=ORIENTED_EDGE('',*,*,#146,.T.);
#2159=EDGE_LOOP('',(#2158));
#2160=FACE_BOUND('',#2159,.T.);
#2161=ORIENTED_EDGE('',*,*,#256,.T.);
#2162=EDGE_LOOP('',(#2161));
#2163=FACE_BOUND('',#2162,.T.);
#2164=ORIENTED_EDGE('',*,*,#460,.T.);
#2165=ORIENTED_EDGE('',*,*,#532,.T.);
#2166=ORIENTED_EDGE('',*,*,#509,.T.);
#2167=ORIENTED_EDGE('',*,*,#485,.T.);
#2168=EDGE_LOOP('',(#2164,#2165,#2166,#2167));
#2169=FACE_BOUND('',#2168,.T.);
#2170=ORIENTED_EDGE('',*,*,#734,.T.);
#2171=ORIENTED_EDGE('',*,*,#806,.T.);
#2172=ORIENTED_EDGE('',*,*,#783,.T.);
#2173=ORIENTED_EDGE('',*,*,#759,.T.);
#2174=EDGE_LOOP('',(#2170,#2171,#2172,#2173));
#2175=FACE_BOUND('',#2174,.T.);
#2176=ORIENTED_EDGE('',*,*,#1008,.T.);
#2177=ORIENTED_EDGE('',*,*,#1038,.T.);
#2178=ORIENTED_EDGE('',*,*,#1062,.T.);
#2179=ORIENTED_EDGE('',*,*,#1080,.T.);
#2180=EDGE_LOOP('',(#2176,#2177,#2178,#2179));
#2181=FACE_BOUND('',#2180,.T.);
#2182=ORIENTED_EDGE('',*,*,#1188,.T.);
#2183=EDGE_LOOP('',(#2182));
#2184=FACE_BOUND('',#2183,.T.);
#2185=ORIENTED_EDGE('',*,*,#1298,.T.);
#2186=EDGE_LOOP('',(#2185));
#2187=FACE_BOUND('',#2186,.T.);
#2188=ADVANCED_FACE('',(#2157,#2160,#2163,#2169,#2175,#2181,#2184,#2187),#2139,.T.);
#2189=CARTESIAN_POINT('',(0.0,-8.499999999999998,0.099999999999998));
#2190=DIRECTION('',(0.0,-1.0,0.0));
#2191=DIRECTION('',(0.0,0.0,-1.0));
#2192=AXIS2_PLACEMENT_3D('',#2189,#2190,#2191);
#2193=PLANE('',#2192);
#2194=CARTESIAN_POINT('',(250.0,-8.500000000000000,15.0));
#2195=VERTEX_POINT('',#2194);
#2196=CARTESIAN_POINT('',(250.0,-8.499999999999998,0.099999999999998));
#2197=DIRECTION('',(0.0,0.0,1.0));
#2198=VECTOR('',#2197,14.900000000000002);
#2199=LINE('',#2196,#2198);
#2200=EDGE_CURVE('',#2141,#2195,#2199,.T.);
#2201=ORIENTED_EDGE('',*,*,#2200,.T.);
#2202=CARTESIAN_POINT('',(-250.0,-8.500000000000000,15.0));
#2203=DIRECTION('',(1.0,0.0,0.0));
#2204=VECTOR('',#2203,500.0);
#2205=LINE('',#2202,#2204);
#2206=EDGE_CURVE('',#1526,#2195,#2205,.T.);
#2207=ORIENTED_EDGE('',*,*,#2206,.F.);
#2208=ORIENTED_EDGE('',*,*,#1531,.T.);
#2209=ORIENTED_EDGE('',*,*,#2152,.T.);
#2210=EDGE_LOOP('',(#2201,#2207,#2208,#2209));
#2211=FACE_OUTER_BOUND('',#2210,.T.);
#2212=ADVANCED_FACE('',(#2211),#2193,.T.);
#2213=CARTESIAN_POINT('',(0.0,-8.500000000000000,15.0));
#2214=DIRECTION('',(0.0,0.0,-1.0));
#2215=DIRECTION('',(-1.0,0.0,0.0));
#2216=AXIS2_PLACEMENT_3D('',#2213,#2214,#2215);
#2217=PLANE('',#2216);
#2218=CARTESIAN_POINT('',(250.0,-13.599999999999998,15.0));
#2219=VERTEX_POINT('',#2218);
#2220=CARTESIAN_POINT('',(250.0,-8.500000000000000,15.0));
#2221=DIRECTION('',(0.0,-1.0,0.0));
#2222=VECTOR('',#2221,5.099999999999998);
#2223=LINE('',#2220,#2222);
#2224=EDGE_CURVE('',#2195,#2219,#2223,.T.);
#2225=ORIENTED_EDGE('',*,*,#2224,.T.);
#2226=CARTESIAN_POINT('',(-250.0,-13.599999999999998,15.0));
#2227=DIRECTION('',(1.0,0.0,0.0));
#2228=VECTOR('',#2227,500.0);
#2229=LINE('',#2226,#2228);
#2230=EDGE_CURVE('',#1314,#2219,#2229,.T.);
#2231=ORIENTED_EDGE('',*,*,#2230,.F.);
#2232=ORIENTED_EDGE('',*,*,#1537,.T.);
#2233=ORIENTED_EDGE('',*,*,#2206,.T.);
#2234=EDGE_LOOP('',(#2225,#2231,#2232,#2233));
#2235=FACE_OUTER_BOUND('',#2234,.T.);
#2236=ADVANCED_FACE('',(#2235),#2217,.T.);
#2237=CARTESIAN_POINT('',(0.0,-13.599999999999998,15.0));
#2238=DIRECTION('',(0.0,1.0,0.0));
#2239=DIRECTION('',(0.0,0.0,1.0));
#2240=AXIS2_PLACEMENT_3D('',#2237,#2238,#2239);
#2241=PLANE('',#2240);
#2242=CARTESIAN_POINT('',(250.0,-13.599999999999998,0.0));
#2243=VERTEX_POINT('',#2242);
#2244=CARTESIAN_POINT('',(250.0,-13.599999999999998,15.0));
#2245=DIRECTION('',(0.0,0.0,-1.0));
#2246=VECTOR('',#2245,15.0);
#2247=LINE('',#2244,#2246);
#2248=EDGE_CURVE('',#2219,#2243,#2247,.T.);
#2249=ORIENTED_EDGE('',*,*,#2248,.T.);
#2250=CARTESIAN_POINT('',(-250.0,-13.599999999999998,0.0));
#2251=DIRECTION('',(1.0,0.0,0.0));
#2252=VECTOR('',#2251,500.0);
#2253=LINE('',#2250,#2252);
#2254=EDGE_CURVE('',#1312,#2243,#2253,.T.);
#2255=ORIENTED_EDGE('',*,*,#2254,.F.);
#2256=ORIENTED_EDGE('',*,*,#1319,.T.);
#2257=ORIENTED_EDGE('',*,*,#2230,.T.);
#2258=EDGE_LOOP('',(#2249,#2255,#2256,#2257));
#2259=FACE_OUTER_BOUND('',#2258,.T.);
#2260=ADVANCED_FACE('',(#2259),#2241,.T.);
#2261=CARTESIAN_POINT('',(0.0,-13.599999999999998,0.0));
#2262=DIRECTION('',(0.0,0.0,-1.0));
#2263=DIRECTION('',(-1.0,0.0,0.0));
#2264=AXIS2_PLACEMENT_3D('',#2261,#2262,#2263);
#2265=PLANE('',#2264);
#2266=CARTESIAN_POINT('',(250.0,-13.599999999999998,0.0));
#2267=DIRECTION('',(0.0,-1.0,0.0));
#2268=VECTOR('',#2267,11.400000000000002);
#2269=LINE('',#2266,#2268);
#2270=EDGE_CURVE('',#2243,#1548,#2269,.T.);
#2271=ORIENTED_EDGE('',*,*,#2270,.T.);
#2272=ORIENTED_EDGE('',*,*,#1568,.T.);
#2273=ORIENTED_EDGE('',*,*,#1327,.T.);
#2274=ORIENTED_EDGE('',*,*,#2254,.T.);
#2275=EDGE_LOOP('',(#2271,#2272,#2273,#2274));
#2276=FACE_OUTER_BOUND('',#2275,.T.);
#2277=ADVANCED_FACE('',(#2276),#2265,.T.);
#2278=CARTESIAN_POINT('',(250.0,-2.151057E-015,11.029742394418582));
#2279=DIRECTION('',(1.0,0.0,0.0));
#2280=DIRECTION('',(0.0,0.0,-1.0));
#2281=AXIS2_PLACEMENT_3D('',#2278,#2279,#2280);
#2282=PLANE('',#2281);
#2283=ORIENTED_EDGE('',*,*,#1555,.F.);
#2284=ORIENTED_EDGE('',*,*,#2270,.F.);
#2285=ORIENTED_EDGE('',*,*,#2248,.F.);
#2286=ORIENTED_EDGE('',*,*,#2224,.F.);
#2287=ORIENTED_EDGE('',*,*,#2200,.F.);
#2288=ORIENTED_EDGE('',*,*,#2146,.F.);
#2289=ORIENTED_EDGE('',*,*,#2122,.F.);
#2290=ORIENTED_EDGE('',*,*,#2098,.F.);
#2291=ORIENTED_EDGE('',*,*,#2074,.F.);
#2292=ORIENTED_EDGE('',*,*,#2050,.F.);
#2293=ORIENTED_EDGE('',*,*,#2026,.F.);
#2294=ORIENTED_EDGE('',*,*,#2002,.F.);
#2295=ORIENTED_EDGE('',*,*,#1978,.F.);
#2296=ORIENTED_EDGE('',*,*,#1954,.F.);
#2297=ORIENTED_EDGE('',*,*,#1929,.F.);
#2298=ORIENTED_EDGE('',*,*,#1905,.F.);
#2299=ORIENTED_EDGE('',*,*,#1881,.F.);
#2300=ORIENTED_EDGE('',*,*,#1857,.F.);
#2301=ORIENTED_EDGE('',*,*,#1833,.F.);
#2302=ORIENTED_EDGE('',*,*,#1778,.F.);
#2303=ORIENTED_EDGE('',*,*,#1754,.F.);
#2304=ORIENTED_EDGE('',*,*,#1729,.F.);
#2305=ORIENTED_EDGE('',*,*,#1705,.F.);
#2306=ORIENTED_EDGE('',*,*,#1681,.F.);
#2307=ORIENTED_EDGE('',*,*,#1657,.F.);
#2308=ORIENTED_EDGE('',*,*,#1633,.F.);
#2309=ORIENTED_EDGE('',*,*,#1608,.F.);
#2310=ORIENTED_EDGE('',*,*,#1584,.F.);
#2311=EDGE_LOOP('',(#2283,#2284,#2285,#2286,#2287,#2288,#2289,#2290,#2291,#2292,#2293,#2294,#2295,#2296,#2297,#2298,#2299,#2300,#2301,#2302,#2303,#2304,#2305,#2306,#2307,#2308,#2309,#2310));
#2312=FACE_OUTER_BOUND('',#2311,.T.);
#2313=ADVANCED_FACE('',(#2312),#2282,.T.);
#2314=CLOSED_SHELL('',(#71,#112,#153,#181,#222,#263,#341,#373,#397,#422,#439,#470,#495,#519,#537,#615,#647,#671,#696,#713,#744,#769,#793,#811,#853,#884,#917,#939,#987,#1018,#1043,#1067,#1085,#1113,#1154,#1195,#1223,#1264,#1305,#1541,#1572,#1596,#1620,#1645,#1669,#1693,#1717,#1741,#1766,#1820,#1845,#1869,#1893,#1917,#1941,#1966,#1990,#2014,#2038,#2062,#2086,#2110,#2134,#2188,#2212,#2236,#2260,#2277,#2313));
#2315=MANIFOLD_SOLID_BREP('',#2314);
#2316=COLOUR_RGB('Default',0.752941012382507,0.752941012382507,0.752941012382507);
#2317=FILL_AREA_STYLE_COLOUR('Default',#2316);
#2318=FILL_AREA_STYLE('Default',(#2317));
#2319=SURFACE_STYLE_FILL_AREA(#2318);
#2320=SURFACE_SIDE_STYLE('Default',(#2319));
#2321=SURFACE_STYLE_USAGE(.BOTH.,#2320);
#2322=PRESENTATION_STYLE_ASSIGNMENT((#2321));
#2323=STYLED_ITEM('',(#2322),#2315);
#2324=MECHANICAL_DESIGN_GEOMETRIC_PRESENTATION_REPRESENTATION('',(#2323),#36);
#2325=ADVANCED_BREP_SHAPE_REPRESENTATION('ABSR',(#2315),#36);
#2326=SHAPE_REPRESENTATION_RELATIONSHIP('SRR','None',#2325,#41);
ENDSEC;
END-ISO-10303-21;
